ParticipantID,UnityFrame,FrameTimeStamp,CurrentScene,Emo_Valence_Score,Emo_Valence_CI_Upper,Emo_Valence_CI_Lower,Emo_Arousal_Score,Emo_Arousal_CI_Upper,Emo_Arousal_CI_Lower,Emo_Fear_Score,Emo_Fear_CI_Upper,Emo_Fear_CI_Lower,Emo_Stress_Score,Emo_Stress_CI_Upper,Emo_Stress_CI_Lower,Emo_Happy_Score,Emo_Happy_CI_Upper,Emo_Happy_CI_Lower,Emo_Sad_Score,Emo_Sad_CI_Upper,Emo_Sad_CI_Lower,Emo_Bored_Score,Emo_Bored_CI_Upper,Emo_Bored_CI_Lower,Emo_Excited_Score,Emo_Excited_CI_Upper,Emo_Excited_CI_Lower,Emo_Content_Score,Emo_Content_CI_Upper,Emo_Content_CI_Lower,Emo_Calm_Score,Emo_Calm_CI_Upper,Emo_Calm_CI_Lower,Emo_Valence_Score,Emo_Valence_CI_Upper,Emo_Valence_CI_Lower,Emo_Arousal_Score,Emo_Arousal_CI_Upper,Emo_Arousal_CI_Lower,Emo_Fear_Score,Emo_Fear_CI_Upper,Emo_Fear_CI_Lower,Emo_Stress_Score,Emo_Stress_CI_Upper,Emo_Stress_CI_Lower,Emo_Happy_Score,Emo_Happy_CI_Upper,Emo_Happy_CI_Lower,Emo_Sad_Score,Emo_Sad_CI_Upper,Emo_Sad_CI_Lower,Emo_Bored_Score,Emo_Bored_CI_Upper,Emo_Bored_CI_Lower,Emo_Excited_Score,Emo_Excited_CI_Upper,Emo_Excited_CI_Lower,Emo_Content_Score,Emo_Content_CI_Upper,Emo_Content_CI_Lower,Emo_Calm_Score,Emo_Calm_CI_Upper,Emo_Calm_CI_Lower,Vive_Eye_Left_Blink,Vive_Eye_Left_Wide,Vive_Eye_Right_Blink,Vive_Eye_Right_Wide,Vive_Eye_Left_Squeeze,Vive_Eye_Right_Squeeze,Vive_Eye_Left_Down,Vive_Eye_Right_Down,Vive_Eye_Left_Out,Vive_Eye_Right_In,Vive_Eye_Left_In,Vive_Eye_Right_Out,Vive_Eye_Left_Up,Vive_Eye_Right_Up,Vive_Face_Jaw_Right,Vive_Face_Jaw_Left,Vive_Face_Jaw_Forward,Vive_Face_Jaw_Open,Vive_Face_Mouth_Ape_Shape,Vive_Face_Mouth_Upper_Right,Vive_Face_Mouth_Upper_Left,Vive_Face_Lower_Right,Vive_Face_Lower_Left,Vive_Face_Mouth_Upper_Overturn,Vive_Face_Mouth_Lower_Overturn,Vive_Face_Mouth_Pout,Vive_Face_Mouth_Smile_Right,Vive_Face_Mouth_Smile_Left,Vive_Face_Mouth_Sad_Right,Vive_Face_Mouth_Sad_Left,Vive_Face_Mouth_Puff_Right,Vive_Face_Mouth_Puff_left,Vive_Face_Mouth_Suck,Vive_Face_Mouth_Upper_UpRight,Vive_Face_Mouth_Upper_UpLeft,Vive_Face_Mouth_Lower_DownRight,Vive_Face_Mouth_Lower_DownLeft,Vive_Face_Mouth_Upper_Inside,Vive_Face_Mouth_Lower_Inside,Vive_Face_Tongue_Out_1,Vive_Face_Tongue_Left,Vive_Face_Tongue_Right,Vive_Face_Tongue_Up,Vive_Face_Tongue_Down,Vive_Face_Tongue_Roll,Vive_Face_Tongue_Out_2,Vive_Face_Tongue_Up_Right,Vive_Face_Tongue_Up_Left,Vive_Face_Tongue_Down_Right,Vive_Face_Tongue_Down_Left,EyeGaze_Local_Pos.x,EyeGaze_Local_Pos.y,EyeGaze_Local_Pos.z,EyeGaze_Local_Direction.x,EyeGaze_Local_Direction.y,EyeGaze_Local_Direction.z,LeftEyeGaze_Local_Pos.x,LeftEyeGaze_Local_Pos.y,LeftEyeGaze_Local_Pos.z,LeftEyeGaze_Local_Direction.x,LeftEyeGaze_Local_Direction.y,LeftEyeGaze_Local_Direction.z,RightEyeGaze_Local_Pos.x,RightEyeGaze_Local_Pos.y,RightEyeGaze_Local_Pos.z,RightEyeGaze_Local_Direction.x,RightEyeGaze_Local_Direction.y,RightEyeGaze_Local_Direction.z,EyeGaze_World_Pos.x,EyeGaze_World_Pos.y,EyeGaze_World_Pos.z,EyeGaze_World_Direction.x,EyeGaze_World_Direction.y,EyeGaze_World_Direction.z,LeftEyeGaze_World_Pos.x,LeftEyeGaze_World_Pos.y,LeftEyeGaze_World_Pos.z,LeftEyeGaze_World_Direction.x,LeftEyeGaze_World_Direction.y,LeftEyeGaze_World_Direction.z,RightEyeGaze_World_Pos.x,RightEyeGaze_World_Pos.y,RightEyeGaze_World_Pos.z,RightEyeGaze_World_Direction.x,RightEyeGaze_World_Direction.y,RightEyeGaze_World_Direction.z,PupilDilation_Left,PupilDilation_Right,EyeClosed_Left,EyeClosed_Right,CurrentBlink_Duration,CurrentBlink_Interval,GazeValid,Foveal_GrayScaleValue,Parafoveal_GrayScaleValue,Headpoint_GrayScaleValue,Image_GrayScaleValue,HMD_pX,HMD_pY,HMD_pZ,HMD_rX,HMD_rY,HMD_rZ,HMD_arX,HMD_arY,HMD_arZ,HMD_aqX,HMD_aqY,HMD_aqZ,HMD_aqW,
0,729,2026-02-23 14:15:29Z,,6.914824,7.219515,6.610135,0.6404782,0,1.618021,0,0,0,0,0,0,5.478755,4.344649,6.612872,0.592854,0.702737,0.482971,7.389243,6.227495,8.550992,0.604746,0,2.127146,7.1742,6.091973,8.256427,9.810873,10,9.455834,6.914824,7.219515,6.610135,0.6404782,0,1.618021,0,0,0,0,0,0,5.478755,4.344649,6.612872,0.592854,0.702737,0.482971,7.389243,6.227495,8.550992,0.604746,0,2.127146,7.1742,6.091973,8.256427,9.810873,10,9.455834,-1,-1,-1,-1,-1,-1,-1,-1,-1,-1,-1,-1,-1,-1,-1,-1,-1,-1,-1,-1,-1,-1,-1,-1,-1,-1,-1,-1,-1,-1,-1,-1,-1,-1,-1,-1,-1,-1,-1,-1,-1,-1,-1,-1,-1,-1,-1,-1,-1,-1,0,0,0,0,0,0,-1,-1,-1,-1,-1,-1,-1,-1,-1,-1,-1,-1,0,0,0,0,0,0,-1,-1,-1,-1,-1,-1,-1,-1,-1,-1,-1,-1,-1,-1,False,False,0,0,False,54,0,0,0,0,0,0,0,0,0,0,0,0,0,0,0,1,
0,730,2026-02-23 14:15:29Z,,6.914848,7.219519,6.610177,0.6404389,0,1.617999,0,0,0,0,0,0,5.478785,4.344659,6.612922,0.592854,0.702737,0.482971,7.389257,6.227488,8.551026,0.6047209,0,2.127121,7.174241,6.091996,8.256487,9.810955,10,9.455937,6.914848,7.219519,6.610177,0.6404389,0,1.617999,0,0,0,0,0,0,5.478785,4.344659,6.612922,0.592854,0.702737,0.482971,7.389257,6.227488,8.551026,0.6047209,0,2.127121,7.174241,6.091996,8.256487,9.810955,10,9.455937,-1,-1,-1,-1,-1,-1,-1,-1,-1,-1,-1,-1,-1,-1,-1,-1,-1,-1,-1,-1,-1,-1,-1,-1,-1,-1,-1,-1,-1,-1,-1,-1,-1,-1,-1,-1,-1,-1,-1,-1,-1,-1,-1,-1,-1,-1,-1,-1,-1,-1,0,0,0,0,0,0,-1,-1,-1,-1,-1,-1,-1,-1,-1,-1,-1,-1,0,0,0,0,0,0,-1,-1,-1,-1,-1,-1,-1,-1,-1,-1,-1,-1,-1,-1,False,False,0,0,False,54,0,0,0,0,0,0,0,0,0,0,0,0,0,0,0,1,
0,731,2026-02-23 14:15:29Z,,6.914871,7.219523,6.610219,0.6403998,0,1.617977,0,0,0,0,0,0,5.478815,4.344669,6.612971,0.592854,0.702737,0.482971,7.38927,6.227481,8.551061,0.6046958,0,2.127096,7.174282,6.092018,8.256547,9.811037,10,9.45604,6.914871,7.219523,6.610219,0.6403998,0,1.617977,0,0,0,0,0,0,5.478815,4.344669,6.612971,0.592854,0.702737,0.482971,7.38927,6.227481,8.551061,0.6046958,0,2.127096,7.174282,6.092018,8.256547,9.811037,10,9.45604,-1,-1,-1,-1,-1,-1,-1,-1,-1,-1,-1,-1,-1,-1,-1,-1,-1,-1,-1,-1,-1,-1,-1,-1,-1,-1,-1,-1,-1,-1,-1,-1,-1,-1,-1,-1,-1,-1,-1,-1,-1,-1,-1,-1,-1,-1,-1,-1,-1,-1,0,0,0,0,0,0,-1,-1,-1,-1,-1,-1,-1,-1,-1,-1,-1,-1,0,0,0,0,0,0,-1,-1,-1,-1,-1,-1,-1,-1,-1,-1,-1,-1,-1,-1,False,False,0,0,False,54,0,0,0,0,0,0,0,0,0,0,0,0,0,0,0,1,
0,732,2026-02-23 14:15:29Z,,6.914894,7.219527,6.61026,0.6403607,0,1.617956,0,0,0,0,0,0,5.478845,4.344678,6.613021,0.592854,0.702737,0.482971,7.389284,6.227474,8.551094,0.6046708,0,2.127071,7.174323,6.09204,8.256607,9.811119,10,9.456143,6.914894,7.219527,6.61026,0.6403607,0,1.617956,0,0,0,0,0,0,5.478845,4.344678,6.613021,0.592854,0.702737,0.482971,7.389284,6.227474,8.551094,0.6046708,0,2.127071,7.174323,6.09204,8.256607,9.811119,10,9.456143,-1,-1,-1,-1,-1,-1,-1,-1,-1,-1,-1,-1,-1,-1,-1,-1,-1,-1,-1,-1,-1,-1,-1,-1,-1,-1,-1,-1,-1,-1,-1,-1,-1,-1,-1,-1,-1,-1,-1,-1,-1,-1,-1,-1,-1,-1,-1,-1,-1,-1,0,0,0,0,0,0,-1,-1,-1,-1,-1,-1,-1,-1,-1,-1,-1,-1,0,0,0,0,0,0,-1,-1,-1,-1,-1,-1,-1,-1,-1,-1,-1,-1,-1,-1,False,False,0,0,False,54,0,0,0,0,0,0,0,0,0,0,0,0,0,0,0,1,
0,733,2026-02-23 14:15:29Z,,6.914917,7.219532,6.610302,0.6403217,0,1.617934,0,0,0,0,0,0,5.478874,4.344688,6.61307,0.592854,0.702737,0.482971,7.389297,6.227467,8.551128,0.6046458,0,2.127046,7.174364,6.092062,8.256667,9.811201,10,9.456246,6.914917,7.219532,6.610302,0.6403217,0,1.617934,0,0,0,0,0,0,5.478874,4.344688,6.61307,0.592854,0.702737,0.482971,7.389297,6.227467,8.551128,0.6046458,0,2.127046,7.174364,6.092062,8.256667,9.811201,10,9.456246,-1,-1,-1,-1,-1,-1,-1,-1,-1,-1,-1,-1,-1,-1,-1,-1,-1,-1,-1,-1,-1,-1,-1,-1,-1,-1,-1,-1,-1,-1,-1,-1,-1,-1,-1,-1,-1,-1,-1,-1,-1,-1,-1,-1,-1,-1,-1,-1,-1,-1,0,0,0,0,0,0,-1,-1,-1,-1,-1,-1,-1,-1,-1,-1,-1,-1,0,0,0,0,0,0,-1,-1,-1,-1,-1,-1,-1,-1,-1,-1,-1,-1,-1,-1,False,False,0,0,False,54,0,0,0,0,0,0,0,0,0,0,0,0,0,0,0,1,
0,734,2026-02-23 14:15:30Z,,6.91494,7.219535,6.610344,0.6402828,0,1.617913,0,0,0,0,0,0,5.478903,4.344698,6.613119,0.592854,0.702737,0.482971,7.389311,6.22746,8.551162,0.6046209,0,2.127021,7.174405,6.092084,8.256726,9.811283,10,9.456348,6.91494,7.219535,6.610344,0.6402828,0,1.617913,0,0,0,0,0,0,5.478903,4.344698,6.613119,0.592854,0.702737,0.482971,7.389311,6.22746,8.551162,0.6046209,0,2.127021,7.174405,6.092084,8.256726,9.811283,10,9.456348,-1,-1,-1,-1,-1,-1,-1,-1,-1,-1,-1,-1,-1,-1,-1,-1,-1,-1,-1,-1,-1,-1,-1,-1,-1,-1,-1,-1,-1,-1,-1,-1,-1,-1,-1,-1,-1,-1,-1,-1,-1,-1,-1,-1,-1,-1,-1,-1,-1,-1,0,0,0,0,0,0,-1,-1,-1,-1,-1,-1,-1,-1,-1,-1,-1,-1,0,0,0,0,0,0,-1,-1,-1,-1,-1,-1,-1,-1,-1,-1,-1,-1,-1,-1,False,False,0,0,False,54,0,0,0,0,0,0,0,0,0,0,0,0,0,0,0,1,
0,735,2026-02-23 14:15:30Z,,6.914962,7.21954,6.610385,0.640244,0,1.617891,0,0,0,0,0,0,5.478933,4.344707,6.613168,0.592854,0.702737,0.482971,7.389324,6.227453,8.551195,0.604596,0,2.126997,7.174446,6.092107,8.256785,9.811364,10,9.456451,6.914962,7.21954,6.610385,0.640244,0,1.617891,0,0,0,0,0,0,5.478933,4.344707,6.613168,0.592854,0.702737,0.482971,7.389324,6.227453,8.551195,0.604596,0,2.126997,7.174446,6.092107,8.256785,9.811364,10,9.456451,-1,-1,-1,-1,-1,-1,-1,-1,-1,-1,-1,-1,-1,-1,-1,-1,-1,-1,-1,-1,-1,-1,-1,-1,-1,-1,-1,-1,-1,-1,-1,-1,-1,-1,-1,-1,-1,-1,-1,-1,-1,-1,-1,-1,-1,-1,-1,-1,-1,-1,0,0,0,0,0,0,-1,-1,-1,-1,-1,-1,-1,-1,-1,-1,-1,-1,0,0,0,0,0,0,-1,-1,-1,-1,-1,-1,-1,-1,-1,-1,-1,-1,-1,-1,False,False,0,0,False,54,0,0,0,0,0,0,0,0,0,0,0,0,0,0,0,1,
0,736,2026-02-23 14:15:30Z,,6.914985,7.219544,6.610427,0.6402053,0,1.61787,0,0,0,0,0,0,5.478962,4.344718,6.613217,0.592854,0.702737,0.482971,7.389338,6.227446,8.551229,0.6045712,0,2.126972,7.174487,6.092129,8.256845,9.811445,10,9.456553,6.914985,7.219544,6.610427,0.6402053,0,1.61787,0,0,0,0,0,0,5.478962,4.344718,6.613217,0.592854,0.702737,0.482971,7.389338,6.227446,8.551229,0.6045712,0,2.126972,7.174487,6.092129,8.256845,9.811445,10,9.456553,-1,-1,-1,-1,-1,-1,-1,-1,-1,-1,-1,-1,-1,-1,-1,-1,-1,-1,-1,-1,-1,-1,-1,-1,-1,-1,-1,-1,-1,-1,-1,-1,-1,-1,-1,-1,-1,-1,-1,-1,-1,-1,-1,-1,-1,-1,-1,-1,-1,-1,0,0,0,0,0,0,-1,-1,-1,-1,-1,-1,-1,-1,-1,-1,-1,-1,0,0,0,0,0,0,-1,-1,-1,-1,-1,-1,-1,-1,-1,-1,-1,-1,-1,-1,False,False,0,0,False,54,0,0,0,0,0,0,0,0,0,0,0,0,0,0,0,1,
0,737,2026-02-23 14:15:30Z,,6.915008,7.219548,6.610468,0.6401666,0,1.617849,0,0,0,0,0,0,5.478992,4.344727,6.613266,0.592854,0.702737,0.482971,7.389351,6.227439,8.551263,0.6045465,0,2.126947,7.174527,6.092151,8.256905,9.811526,10,9.456655,6.915008,7.219548,6.610468,0.6401666,0,1.617849,0,0,0,0,0,0,5.478992,4.344727,6.613266,0.592854,0.702737,0.482971,7.389351,6.227439,8.551263,0.6045465,0,2.126947,7.174527,6.092151,8.256905,9.811526,10,9.456655,-1,-1,-1,-1,-1,-1,-1,-1,-1,-1,-1,-1,-1,-1,-1,-1,-1,-1,-1,-1,-1,-1,-1,-1,-1,-1,-1,-1,-1,-1,-1,-1,-1,-1,-1,-1,-1,-1,-1,-1,-1,-1,-1,-1,-1,-1,-1,-1,-1,-1,0,0,0,0,0,0,-1,-1,-1,-1,-1,-1,-1,-1,-1,-1,-1,-1,0,0,0,0,0,0,-1,-1,-1,-1,-1,-1,-1,-1,-1,-1,-1,-1,-1,-1,False,False,0,0,False,54,0,0,0,0,0,0,0,0,0,0,0,0,0,0,0,1,
0,738,2026-02-23 14:15:30Z,,6.91503,7.219552,6.610509,0.6401281,0,1.617827,0,0,0,0,0,0,5.479021,4.344737,6.613315,0.592854,0.702737,0.482971,7.389364,6.227433,8.551296,0.6045218,0,2.126922,7.174568,6.092173,8.256964,9.811607,10,9.456757,6.91503,7.219552,6.610509,0.6401281,0,1.617827,0,0,0,0,0,0,5.479021,4.344737,6.613315,0.592854,0.702737,0.482971,7.389364,6.227433,8.551296,0.6045218,0,2.126922,7.174568,6.092173,8.256964,9.811607,10,9.456757,-1,-1,-1,-1,-1,-1,-1,-1,-1,-1,-1,-1,-1,-1,-1,-1,-1,-1,-1,-1,-1,-1,-1,-1,-1,-1,-1,-1,-1,-1,-1,-1,-1,-1,-1,-1,-1,-1,-1,-1,-1,-1,-1,-1,-1,-1,-1,-1,-1,-1,0,0,0,0,0,0,-1,-1,-1,-1,-1,-1,-1,-1,-1,-1,-1,-1,0,0,0,0,0,0,-1,-1,-1,-1,-1,-1,-1,-1,-1,-1,-1,-1,-1,-1,False,False,0,0,False,54,0,0,0,0,0,0,0,0,0,0,0,0,0,0,0,1,
0,739,2026-02-23 14:15:30Z,,6.915053,7.219556,6.61055,0.6400896,0,1.617806,0,0,0,0,0,0,5.47905,4.344746,6.613363,0.592854,0.702737,0.482971,7.389378,6.227426,8.55133,0.6044972,0,2.126898,7.174608,6.092195,8.257022,9.811688,10,9.456858,6.915053,7.219556,6.61055,0.6400896,0,1.617806,0,0,0,0,0,0,5.47905,4.344746,6.613363,0.592854,0.702737,0.482971,7.389378,6.227426,8.55133,0.6044972,0,2.126898,7.174608,6.092195,8.257022,9.811688,10,9.456858,-1,-1,-1,-1,-1,-1,-1,-1,-1,-1,-1,-1,-1,-1,-1,-1,-1,-1,-1,-1,-1,-1,-1,-1,-1,-1,-1,-1,-1,-1,-1,-1,-1,-1,-1,-1,-1,-1,-1,-1,-1,-1,-1,-1,-1,-1,-1,-1,-1,-1,0,0,0,0,0,0,-1,-1,-1,-1,-1,-1,-1,-1,-1,-1,-1,-1,0,0,0,0,0,0,-1,-1,-1,-1,-1,-1,-1,-1,-1,-1,-1,-1,-1,-1,False,False,0,0,False,54,0,0,0,0,0,0,0,0,0,0,0,0,0,0,0,1,
0,740,2026-02-23 14:15:30Z,,6.915076,7.21956,6.610591,0.6400512,0,1.617785,0,0,0,0,0,0,5.479079,4.344756,6.613411,0.592854,0.702737,0.482971,7.38939,6.227419,8.551363,0.6044726,0,2.126873,7.174648,6.092216,8.257081,9.811769,10,9.456959,6.915076,7.21956,6.610591,0.6400512,0,1.617785,0,0,0,0,0,0,5.479079,4.344756,6.613411,0.592854,0.702737,0.482971,7.38939,6.227419,8.551363,0.6044726,0,2.126873,7.174648,6.092216,8.257081,9.811769,10,9.456959,-1,-1,-1,-1,-1,-1,-1,-1,-1,-1,-1,-1,-1,-1,-1,-1,-1,-1,-1,-1,-1,-1,-1,-1,-1,-1,-1,-1,-1,-1,-1,-1,-1,-1,-1,-1,-1,-1,-1,-1,-1,-1,-1,-1,-1,-1,-1,-1,-1,-1,0,0,0,0,0,0,-1,-1,-1,-1,-1,-1,-1,-1,-1,-1,-1,-1,0,0,0,0,0,0,-1,-1,-1,-1,-1,-1,-1,-1,-1,-1,-1,-1,-1,-1,False,False,0,0,False,54,0,0,0,0,0,0,0,0,0,0,0,0,0,0,0,1,
0,741,2026-02-23 14:15:30Z,,6.915099,7.219564,6.610632,0.640013,0,1.617764,0,0,0,0,0,0,5.479107,4.344766,6.61346,0.592854,0.702737,0.482971,7.389404,6.227412,8.551395,0.6044481,0,2.126848,7.174688,6.092238,8.25714,9.81185,10,9.45706,6.915099,7.219564,6.610632,0.640013,0,1.617764,0,0,0,0,0,0,5.479107,4.344766,6.61346,0.592854,0.702737,0.482971,7.389404,6.227412,8.551395,0.6044481,0,2.126848,7.174688,6.092238,8.25714,9.81185,10,9.45706,-1,-1,-1,-1,-1,-1,-1,-1,-1,-1,-1,-1,-1,-1,-1,-1,-1,-1,-1,-1,-1,-1,-1,-1,-1,-1,-1,-1,-1,-1,-1,-1,-1,-1,-1,-1,-1,-1,-1,-1,-1,-1,-1,-1,-1,-1,-1,-1,-1,-1,0,0,0,0,0,0,-1,-1,-1,-1,-1,-1,-1,-1,-1,-1,-1,-1,0,0,0,0,0,0,-1,-1,-1,-1,-1,-1,-1,-1,-1,-1,-1,-1,-1,-1,False,False,0,0,False,54,0,0,0,0,0,0,0,0,0,0,0,0,0,0,0,1,
0,742,2026-02-23 14:15:30Z,,6.915121,7.219568,6.610673,0.6399748,0,1.617743,0,0,0,0,0,0,5.479136,4.344775,6.613508,0.592854,0.702737,0.482971,7.389417,6.227406,8.551429,0.6044236,0,2.126824,7.174728,6.09226,8.257198,9.81193,10,9.45716,6.915121,7.219568,6.610673,0.6399748,0,1.617743,0,0,0,0,0,0,5.479136,4.344775,6.613508,0.592854,0.702737,0.482971,7.389417,6.227406,8.551429,0.6044236,0,2.126824,7.174728,6.09226,8.257198,9.81193,10,9.45716,-1,-1,-1,-1,-1,-1,-1,-1,-1,-1,-1,-1,-1,-1,-1,-1,-1,-1,-1,-1,-1,-1,-1,-1,-1,-1,-1,-1,-1,-1,-1,-1,-1,-1,-1,-1,-1,-1,-1,-1,-1,-1,-1,-1,-1,-1,-1,-1,-1,-1,0,0,0,0,0,0,-1,-1,-1,-1,-1,-1,-1,-1,-1,-1,-1,-1,0,0,0,0,0,0,-1,-1,-1,-1,-1,-1,-1,-1,-1,-1,-1,-1,-1,-1,False,False,0,0,False,54,0,0,0,0,0,0,0,0,0,0,0,0,0,0,0,1,
0,743,2026-02-23 14:15:30Z,,6.915143,7.219573,6.610714,0.6399367,0,1.617722,0,0,0,0,0,0,5.479166,4.344785,6.613556,0.592854,0.702737,0.482971,7.38943,6.227398,8.551462,0.6043992,0,2.1268,7.174768,6.092281,8.257257,9.812009,10,9.45726,6.915143,7.219573,6.610714,0.6399367,0,1.617722,0,0,0,0,0,0,5.479166,4.344785,6.613556,0.592854,0.702737,0.482971,7.38943,6.227398,8.551462,0.6043992,0,2.1268,7.174768,6.092281,8.257257,9.812009,10,9.45726,-1,-1,-1,-1,-1,-1,-1,-1,-1,-1,-1,-1,-1,-1,-1,-1,-1,-1,-1,-1,-1,-1,-1,-1,-1,-1,-1,-1,-1,-1,-1,-1,-1,-1,-1,-1,-1,-1,-1,-1,-1,-1,-1,-1,-1,-1,-1,-1,-1,-1,0,0,0,0,0,0,-1,-1,-1,-1,-1,-1,-1,-1,-1,-1,-1,-1,0,0,0,0,0,0,-1,-1,-1,-1,-1,-1,-1,-1,-1,-1,-1,-1,-1,-1,False,False,0,0,False,54,0,0,0,0,0,0,0,0,0,0,0,0,0,0,0,1,
0,744,2026-02-23 14:15:30Z,,6.915166,7.219576,6.610755,0.6398987,0,1.617701,0,0,0,0,0,0,5.479194,4.344794,6.613605,0.592854,0.702737,0.482971,7.389443,6.227392,8.551496,0.6043749,0,2.126775,7.174809,6.092303,8.257315,9.812089,10,9.45736,6.915166,7.219576,6.610755,0.6398987,0,1.617701,0,0,0,0,0,0,5.479194,4.344794,6.613605,0.592854,0.702737,0.482971,7.389443,6.227392,8.551496,0.6043749,0,2.126775,7.174809,6.092303,8.257315,9.812089,10,9.45736,-1,-1,-1,-1,-1,-1,-1,-1,-1,-1,-1,-1,-1,-1,-1,-1,-1,-1,-1,-1,-1,-1,-1,-1,-1,-1,-1,-1,-1,-1,-1,-1,-1,-1,-1,-1,-1,-1,-1,-1,-1,-1,-1,-1,-1,-1,-1,-1,-1,-1,0,0,0,0,0,0,-1,-1,-1,-1,-1,-1,-1,-1,-1,-1,-1,-1,0,0,0,0,0,0,-1,-1,-1,-1,-1,-1,-1,-1,-1,-1,-1,-1,-1,-1,False,False,0,0,False,54,0,0,0,0,0,0,0,0,0,0,0,0,0,0,0,1,
0,745,2026-02-23 14:15:30Z,,6.915188,7.21958,6.610795,0.6398607,0,1.61768,0,0,0,0,0,0,5.479223,4.344804,6.613652,0.592854,0.702737,0.482971,7.389456,6.227385,8.551528,0.6043506,0,2.126751,7.174849,6.092325,8.257373,9.812169,10,9.45746,6.915188,7.21958,6.610795,0.6398607,0,1.61768,0,0,0,0,0,0,5.479223,4.344804,6.613652,0.592854,0.702737,0.482971,7.389456,6.227385,8.551528,0.6043506,0,2.126751,7.174849,6.092325,8.257373,9.812169,10,9.45746,-1,-1,-1,-1,-1,-1,-1,-1,-1,-1,-1,-1,-1,-1,-1,-1,-1,-1,-1,-1,-1,-1,-1,-1,-1,-1,-1,-1,-1,-1,-1,-1,-1,-1,-1,-1,-1,-1,-1,-1,-1,-1,-1,-1,-1,-1,-1,-1,-1,-1,0,0,0,0,0,0,-1,-1,-1,-1,-1,-1,-1,-1,-1,-1,-1,-1,0,0,0,0,0,0,-1,-1,-1,-1,-1,-1,-1,-1,-1,-1,-1,-1,-1,-1,False,False,0,0,False,54,0,0,0,0,0,0,0,0,0,0,0,0,0,0,0,1,
0,746,2026-02-23 14:15:30Z,,6.91521,7.219584,6.610836,0.6398228,0,1.617659,0,0,0,0,0,0,5.479251,4.344813,6.6137,0.592854,0.702737,0.482971,7.38947,6.227378,8.55156,0.6043264,0,2.126727,7.174888,6.092346,8.257431,9.812248,10,9.457561,6.91521,7.219584,6.610836,0.6398228,0,1.617659,0,0,0,0,0,0,5.479251,4.344813,6.6137,0.592854,0.702737,0.482971,7.38947,6.227378,8.55156,0.6043264,0,2.126727,7.174888,6.092346,8.257431,9.812248,10,9.457561,-1,-1,-1,-1,-1,-1,-1,-1,-1,-1,-1,-1,-1,-1,-1,-1,-1,-1,-1,-1,-1,-1,-1,-1,-1,-1,-1,-1,-1,-1,-1,-1,-1,-1,-1,-1,-1,-1,-1,-1,-1,-1,-1,-1,-1,-1,-1,-1,-1,-1,0,0,0,0,0,0,-1,-1,-1,-1,-1,-1,-1,-1,-1,-1,-1,-1,0,0,0,0,0,0,-1,-1,-1,-1,-1,-1,-1,-1,-1,-1,-1,-1,-1,-1,False,False,0,0,False,54,0,0,0,0,0,0,0,0,0,0,0,0,0,0,0,1,
0,747,2026-02-23 14:15:30Z,,6.915233,7.219588,6.610877,0.6397851,0,1.617638,0,0,0,0,0,0,5.47928,4.344822,6.613748,0.592854,0.702737,0.482971,7.389482,6.227372,8.551594,0.6043022,0,2.126703,7.174928,6.092368,8.257489,9.812327,10,9.45766,6.915233,7.219588,6.610877,0.6397851,0,1.617638,0,0,0,0,0,0,5.47928,4.344822,6.613748,0.592854,0.702737,0.482971,7.389482,6.227372,8.551594,0.6043022,0,2.126703,7.174928,6.092368,8.257489,9.812327,10,9.45766,-1,-1,-1,-1,-1,-1,-1,-1,-1,-1,-1,-1,-1,-1,-1,-1,-1,-1,-1,-1,-1,-1,-1,-1,-1,-1,-1,-1,-1,-1,-1,-1,-1,-1,-1,-1,-1,-1,-1,-1,-1,-1,-1,-1,-1,-1,-1,-1,-1,-1,0,0,0,0,0,0,-1,-1,-1,-1,-1,-1,-1,-1,-1,-1,-1,-1,0,0,0,0,0,0,-1,-1,-1,-1,-1,-1,-1,-1,-1,-1,-1,-1,-1,-1,False,False,0,0,False,54,0,0,0,0,0,0,0,0,0,0,0,0,0,0,0,1,
0,748,2026-02-23 14:15:30Z,,6.915255,7.219593,6.610917,0.6397474,0,1.617617,0,0,0,0,0,0,5.479309,4.344832,6.613795,0.592854,0.702737,0.482971,7.389495,6.227365,8.551626,0.604278,0,2.126678,7.174967,6.092389,8.257546,9.812407,10,9.457759,6.915255,7.219593,6.610917,0.6397474,0,1.617617,0,0,0,0,0,0,5.479309,4.344832,6.613795,0.592854,0.702737,0.482971,7.389495,6.227365,8.551626,0.604278,0,2.126678,7.174967,6.092389,8.257546,9.812407,10,9.457759,-1,-1,-1,-1,-1,-1,-1,-1,-1,-1,-1,-1,-1,-1,-1,-1,-1,-1,-1,-1,-1,-1,-1,-1,-1,-1,-1,-1,-1,-1,-1,-1,-1,-1,-1,-1,-1,-1,-1,-1,-1,-1,-1,-1,-1,-1,-1,-1,-1,-1,0,0,0,0,0,0,-1,-1,-1,-1,-1,-1,-1,-1,-1,-1,-1,-1,0,0,0,0,0,0,-1,-1,-1,-1,-1,-1,-1,-1,-1,-1,-1,-1,-1,-1,False,False,0,0,False,54,0,0,0,0,0,0,0,0,0,0,0,0,0,0,0,1,
0,749,2026-02-23 14:15:30Z,,6.915277,7.219596,6.610957,0.6397098,0,1.617597,0,0,0,0,0,0,5.479337,4.344841,6.613843,0.592854,0.702737,0.482971,7.389508,6.227358,8.551659,0.6042539,0,2.126654,7.175007,6.092411,8.257605,9.812486,10,9.457858,6.915277,7.219596,6.610957,0.6397098,0,1.617597,0,0,0,0,0,0,5.479337,4.344841,6.613843,0.592854,0.702737,0.482971,7.389508,6.227358,8.551659,0.6042539,0,2.126654,7.175007,6.092411,8.257605,9.812486,10,9.457858,-1,-1,-1,-1,-1,-1,-1,-1,-1,-1,-1,-1,-1,-1,-1,-1,-1,-1,-1,-1,-1,-1,-1,-1,-1,-1,-1,-1,-1,-1,-1,-1,-1,-1,-1,-1,-1,-1,-1,-1,-1,-1,-1,-1,-1,-1,-1,-1,-1,-1,0,0,0,0,0,0,-1,-1,-1,-1,-1,-1,-1,-1,-1,-1,-1,-1,0,0,0,0,0,0,-1,-1,-1,-1,-1,-1,-1,-1,-1,-1,-1,-1,-1,-1,False,False,0,0,False,54,0,0,0,0,0,0,0,0,0,0,0,0,0,0,0,1,
0,750,2026-02-23 14:15:30Z,,6.915299,7.219601,6.610997,0.6396723,0,1.617576,0,0,0,0,0,0,5.479365,4.344851,6.61389,0.592854,0.702737,0.482971,7.389522,6.227352,8.551691,0.6042299,0,2.12663,7.175046,6.092432,8.257662,9.812564,10,9.457956,6.915299,7.219601,6.610997,0.6396723,0,1.617576,0,0,0,0,0,0,5.479365,4.344851,6.61389,0.592854,0.702737,0.482971,7.389522,6.227352,8.551691,0.6042299,0,2.12663,7.175046,6.092432,8.257662,9.812564,10,9.457956,-1,-1,-1,-1,-1,-1,-1,-1,-1,-1,-1,-1,-1,-1,-1,-1,-1,-1,-1,-1,-1,-1,-1,-1,-1,-1,-1,-1,-1,-1,-1,-1,-1,-1,-1,-1,-1,-1,-1,-1,-1,-1,-1,-1,-1,-1,-1,-1,-1,-1,0,0,0,0,0,0,-1,-1,-1,-1,-1,-1,-1,-1,-1,-1,-1,-1,0,0,0,0,0,0,-1,-1,-1,-1,-1,-1,-1,-1,-1,-1,-1,-1,-1,-1,False,False,0,0,False,54,0,0,0,0,0,0,0,0,0,0,0,0,0,0,0,1,
0,751,2026-02-23 14:15:30Z,,6.915321,7.219604,6.611037,0.6396349,0,1.617555,0,0,0,0,0,0,5.479393,4.34486,6.613937,0.592854,0.702737,0.482971,7.389534,6.227345,8.551723,0.604206,0,2.126606,7.175086,6.092453,8.257719,9.812642,10,9.458055,6.915321,7.219604,6.611037,0.6396349,0,1.617555,0,0,0,0,0,0,5.479393,4.34486,6.613937,0.592854,0.702737,0.482971,7.389534,6.227345,8.551723,0.604206,0,2.126606,7.175086,6.092453,8.257719,9.812642,10,9.458055,-1,-1,-1,-1,-1,-1,-1,-1,-1,-1,-1,-1,-1,-1,-1,-1,-1,-1,-1,-1,-1,-1,-1,-1,-1,-1,-1,-1,-1,-1,-1,-1,-1,-1,-1,-1,-1,-1,-1,-1,-1,-1,-1,-1,-1,-1,-1,-1,-1,-1,0,0,0,0,0,0,-1,-1,-1,-1,-1,-1,-1,-1,-1,-1,-1,-1,0,0,0,0,0,0,-1,-1,-1,-1,-1,-1,-1,-1,-1,-1,-1,-1,-1,-1,False,False,0,0,False,54,0,0,0,0,0,0,0,0,0,0,0,0,0,0,0,1,
0,752,2026-02-23 14:15:30Z,,6.915343,7.219608,6.611077,0.6395976,0,1.617535,0,0,0,0,0,0,5.479422,4.34487,6.613985,0.592854,0.702737,0.482971,7.389547,6.227338,8.551756,0.6041821,0,2.126582,7.175125,6.092474,8.257776,9.812721,10,9.458154,6.915343,7.219608,6.611077,0.6395976,0,1.617535,0,0,0,0,0,0,5.479422,4.34487,6.613985,0.592854,0.702737,0.482971,7.389547,6.227338,8.551756,0.6041821,0,2.126582,7.175125,6.092474,8.257776,9.812721,10,9.458154,-1,-1,-1,-1,-1,-1,-1,-1,-1,-1,-1,-1,-1,-1,-1,-1,-1,-1,-1,-1,-1,-1,-1,-1,-1,-1,-1,-1,-1,-1,-1,-1,-1,-1,-1,-1,-1,-1,-1,-1,-1,-1,-1,-1,-1,-1,-1,-1,-1,-1,0,0,0,0,0,0,-1,-1,-1,-1,-1,-1,-1,-1,-1,-1,-1,-1,0,0,0,0,0,0,-1,-1,-1,-1,-1,-1,-1,-1,-1,-1,-1,-1,-1,-1,False,False,0,0,False,54,0,0,0,0,0,0,0,0,0,0,0,0,0,0,0,1,
0,753,2026-02-23 14:15:30Z,,6.915365,7.219613,6.611117,0.6395603,0,1.617514,0,0,0,0,0,0,5.47945,4.344879,6.614032,0.592854,0.702737,0.482971,7.38956,6.227332,8.551788,0.6041582,0,2.126559,7.175164,6.092495,8.257833,9.812799,10,9.458252,6.915365,7.219613,6.611117,0.6395603,0,1.617514,0,0,0,0,0,0,5.47945,4.344879,6.614032,0.592854,0.702737,0.482971,7.38956,6.227332,8.551788,0.6041582,0,2.126559,7.175164,6.092495,8.257833,9.812799,10,9.458252,-1,-1,-1,-1,-1,-1,-1,-1,-1,-1,-1,-1,-1,-1,-1,-1,-1,-1,-1,-1,-1,-1,-1,-1,-1,-1,-1,-1,-1,-1,-1,-1,-1,-1,-1,-1,-1,-1,-1,-1,-1,-1,-1,-1,-1,-1,-1,-1,-1,-1,0,0,0,0,0,0,-1,-1,-1,-1,-1,-1,-1,-1,-1,-1,-1,-1,0,0,0,0,0,0,-1,-1,-1,-1,-1,-1,-1,-1,-1,-1,-1,-1,-1,-1,False,False,0,0,False,54,0,0,0,0,0,0,0,0,0,0,0,0,0,0,0,1,
0,754,2026-02-23 14:15:30Z,,6.915387,7.219616,6.611157,0.6395231,0,1.617494,0,0,0,0,0,0,5.479478,4.344888,6.614079,0.592854,0.702737,0.482971,7.389573,6.227325,8.551821,0.6041344,0,2.126535,7.175203,6.092517,8.257891,9.812877,10,9.458349,6.915387,7.219616,6.611157,0.6395231,0,1.617494,0,0,0,0,0,0,5.479478,4.344888,6.614079,0.592854,0.702737,0.482971,7.389573,6.227325,8.551821,0.6041344,0,2.126535,7.175203,6.092517,8.257891,9.812877,10,9.458349,-1,-1,-1,-1,-1,-1,-1,-1,-1,-1,-1,-1,-1,-1,-1,-1,-1,-1,-1,-1,-1,-1,-1,-1,-1,-1,-1,-1,-1,-1,-1,-1,-1,-1,-1,-1,-1,-1,-1,-1,-1,-1,-1,-1,-1,-1,-1,-1,-1,-1,0,0,0,0,0,0,-1,-1,-1,-1,-1,-1,-1,-1,-1,-1,-1,-1,0,0,0,0,0,0,-1,-1,-1,-1,-1,-1,-1,-1,-1,-1,-1,-1,-1,-1,False,False,0,0,False,54,0,0,0,0,0,0,0,0,0,0,0,0,0,0,0,1,
0,755,2026-02-23 14:15:30Z,,6.915409,7.21962,6.611197,0.6394861,0,1.617473,0,0,0,0,0,0,5.479506,4.344897,6.614126,0.592854,0.702737,0.482971,7.389585,6.227319,8.551853,0.6041107,0,2.126511,7.175242,6.092538,8.257947,9.812955,10,9.458447,6.915409,7.21962,6.611197,0.6394861,0,1.617473,0,0,0,0,0,0,5.479506,4.344897,6.614126,0.592854,0.702737,0.482971,7.389585,6.227319,8.551853,0.6041107,0,2.126511,7.175242,6.092538,8.257947,9.812955,10,9.458447,-1,-1,-1,-1,-1,-1,-1,-1,-1,-1,-1,-1,-1,-1,-1,-1,-1,-1,-1,-1,-1,-1,-1,-1,-1,-1,-1,-1,-1,-1,-1,-1,-1,-1,-1,-1,-1,-1,-1,-1,-1,-1,-1,-1,-1,-1,-1,-1,-1,-1,0,0,0,0,0,0,-1,-1,-1,-1,-1,-1,-1,-1,-1,-1,-1,-1,0,0,0,0,0,0,-1,-1,-1,-1,-1,-1,-1,-1,-1,-1,-1,-1,-1,-1,False,False,0,0,False,54,0,0,0,0,0,0,0,0,0,0,0,0,0,0,0,1,
0,756,2026-02-23 14:15:30Z,,6.91543,7.219624,6.611236,0.6394491,0,1.617453,0,0,0,0,0,0,5.479534,4.344907,6.614172,0.592854,0.702737,0.482971,7.389598,6.227312,8.551886,0.604087,0,2.126487,7.175281,6.092559,8.258004,9.813032,10,9.458545,6.91543,7.219624,6.611236,0.6394491,0,1.617453,0,0,0,0,0,0,5.479534,4.344907,6.614172,0.592854,0.702737,0.482971,7.389598,6.227312,8.551886,0.604087,0,2.126487,7.175281,6.092559,8.258004,9.813032,10,9.458545,-1,-1,-1,-1,-1,-1,-1,-1,-1,-1,-1,-1,-1,-1,-1,-1,-1,-1,-1,-1,-1,-1,-1,-1,-1,-1,-1,-1,-1,-1,-1,-1,-1,-1,-1,-1,-1,-1,-1,-1,-1,-1,-1,-1,-1,-1,-1,-1,-1,-1,0,0,0,0,0,0,-1,-1,-1,-1,-1,-1,-1,-1,-1,-1,-1,-1,0,0,0,0,0,0,-1,-1,-1,-1,-1,-1,-1,-1,-1,-1,-1,-1,-1,-1,False,False,0,0,False,54,0,0,0,0,0,0,0,0,0,0,0,0,0,0,0,1,
0,757,2026-02-23 14:15:30Z,,6.915452,7.219628,6.611276,0.6394122,0,1.617433,0,0,0,0,0,0,5.479562,4.344916,6.614219,0.592854,0.702737,0.482971,7.389611,6.227305,8.551917,0.6040633,0,2.126464,7.17532,6.09258,8.25806,9.81311,10,9.458642,6.915452,7.219628,6.611276,0.6394122,0,1.617433,0,0,0,0,0,0,5.479562,4.344916,6.614219,0.592854,0.702737,0.482971,7.389611,6.227305,8.551917,0.6040633,0,2.126464,7.17532,6.09258,8.25806,9.81311,10,9.458642,-1,-1,-1,-1,-1,-1,-1,-1,-1,-1,-1,-1,-1,-1,-1,-1,-1,-1,-1,-1,-1,-1,-1,-1,-1,-1,-1,-1,-1,-1,-1,-1,-1,-1,-1,-1,-1,-1,-1,-1,-1,-1,-1,-1,-1,-1,-1,-1,-1,-1,0,0,0,0,0,0,-1,-1,-1,-1,-1,-1,-1,-1,-1,-1,-1,-1,0,0,0,0,0,0,-1,-1,-1,-1,-1,-1,-1,-1,-1,-1,-1,-1,-1,-1,False,False,0,0,False,54,0,0,0,0,0,0,0,0,0,0,0,0,0,0,0,1,
0,758,2026-02-23 14:15:30Z,,6.915473,7.219632,6.611315,0.6393753,0,1.617412,0,0,0,0,0,0,5.47959,4.344925,6.614265,0.592854,0.702737,0.482971,7.389624,6.227299,8.55195,0.6040397,0,2.12644,7.175358,6.092601,8.258117,9.813188,10,9.458739,6.915473,7.219632,6.611315,0.6393753,0,1.617412,0,0,0,0,0,0,5.47959,4.344925,6.614265,0.592854,0.702737,0.482971,7.389624,6.227299,8.55195,0.6040397,0,2.12644,7.175358,6.092601,8.258117,9.813188,10,9.458739,-1,-1,-1,-1,-1,-1,-1,-1,-1,-1,-1,-1,-1,-1,-1,-1,-1,-1,-1,-1,-1,-1,-1,-1,-1,-1,-1,-1,-1,-1,-1,-1,-1,-1,-1,-1,-1,-1,-1,-1,-1,-1,-1,-1,-1,-1,-1,-1,-1,-1,0,0,0,0,0,0,-1,-1,-1,-1,-1,-1,-1,-1,-1,-1,-1,-1,0,0,0,0,0,0,-1,-1,-1,-1,-1,-1,-1,-1,-1,-1,-1,-1,-1,-1,False,False,0,0,False,54,0,0,0,0,0,0,0,0,0,0,0,0,0,0,0,1,
0,759,2026-02-23 14:15:30Z,,6.915495,7.219636,6.611354,0.6393386,0,1.617392,0,0,0,0,0,0,5.479618,4.344934,6.614312,0.592854,0.702737,0.482971,7.389637,6.227293,8.551981,0.6040162,0,2.126417,7.175397,6.092622,8.258173,9.813265,10,9.458836,6.915495,7.219636,6.611354,0.6393386,0,1.617392,0,0,0,0,0,0,5.479618,4.344934,6.614312,0.592854,0.702737,0.482971,7.389637,6.227293,8.551981,0.6040162,0,2.126417,7.175397,6.092622,8.258173,9.813265,10,9.458836,-1,-1,-1,-1,-1,-1,-1,-1,-1,-1,-1,-1,-1,-1,-1,-1,-1,-1,-1,-1,-1,-1,-1,-1,-1,-1,-1,-1,-1,-1,-1,-1,-1,-1,-1,-1,-1,-1,-1,-1,-1,-1,-1,-1,-1,-1,-1,-1,-1,-1,0,0,0,0,0,0,-1,-1,-1,-1,-1,-1,-1,-1,-1,-1,-1,-1,0,0,0,0,0,0,-1,-1,-1,-1,-1,-1,-1,-1,-1,-1,-1,-1,-1,-1,False,False,0,0,False,54,0,0,0,0,0,0,0,0,0,0,0,0,0,0,0,1,
0,760,2026-02-23 14:15:30Z,,6.915517,7.21964,6.611393,0.6393019,0,1.617372,0,0,0,0,0,0,5.479646,4.344944,6.614358,0.592854,0.702737,0.482971,7.389649,6.227286,8.552013,0.6039927,0,2.126393,7.175436,6.092642,8.258229,9.813341,10,9.458933,6.915517,7.21964,6.611393,0.6393019,0,1.617372,0,0,0,0,0,0,5.479646,4.344944,6.614358,0.592854,0.702737,0.482971,7.389649,6.227286,8.552013,0.6039927,0,2.126393,7.175436,6.092642,8.258229,9.813341,10,9.458933,-1,-1,-1,-1,-1,-1,-1,-1,-1,-1,-1,-1,-1,-1,-1,-1,-1,-1,-1,-1,-1,-1,-1,-1,-1,-1,-1,-1,-1,-1,-1,-1,-1,-1,-1,-1,-1,-1,-1,-1,-1,-1,-1,-1,-1,-1,-1,-1,-1,-1,0,0,0,0,0,0,-1,-1,-1,-1,-1,-1,-1,-1,-1,-1,-1,-1,0,0,0,0,0,0,-1,-1,-1,-1,-1,-1,-1,-1,-1,-1,-1,-1,-1,-1,False,False,0,0,False,54,0,0,0,0,0,0,0,0,0,0,0,0,0,0,0,1,
0,761,2026-02-23 14:15:30Z,,6.915538,7.219644,6.611433,0.6392653,0,1.617352,0,0,0,0,0,0,5.479673,4.344953,6.614405,0.592854,0.702737,0.482971,7.389662,6.22728,8.552045,0.6039693,0,2.12637,7.175474,6.092663,8.258286,9.813418,10,9.459029,6.915538,7.219644,6.611433,0.6392653,0,1.617352,0,0,0,0,0,0,5.479673,4.344953,6.614405,0.592854,0.702737,0.482971,7.389662,6.22728,8.552045,0.6039693,0,2.12637,7.175474,6.092663,8.258286,9.813418,10,9.459029,-1,-1,-1,-1,-1,-1,-1,-1,-1,-1,-1,-1,-1,-1,-1,-1,-1,-1,-1,-1,-1,-1,-1,-1,-1,-1,-1,-1,-1,-1,-1,-1,-1,-1,-1,-1,-1,-1,-1,-1,-1,-1,-1,-1,-1,-1,-1,-1,-1,-1,0,0,0,0,0,0,-1,-1,-1,-1,-1,-1,-1,-1,-1,-1,-1,-1,0,0,0,0,0,0,-1,-1,-1,-1,-1,-1,-1,-1,-1,-1,-1,-1,-1,-1,False,False,0,0,False,54,0,0,0,0,0,0,0,0,0,0,0,0,0,0,0,1,
0,762,2026-02-23 14:15:30Z,,6.91556,7.219648,6.611472,0.6392288,0,1.617331,0,0,0,0,0,0,5.479701,4.344962,6.61445,0.592854,0.702737,0.482971,7.389675,6.227273,8.552076,0.6039459,0,2.126346,7.175512,6.092684,8.258342,9.813495,10,9.459125,6.91556,7.219648,6.611472,0.6392288,0,1.617331,0,0,0,0,0,0,5.479701,4.344962,6.61445,0.592854,0.702737,0.482971,7.389675,6.227273,8.552076,0.6039459,0,2.126346,7.175512,6.092684,8.258342,9.813495,10,9.459125,-1,-1,-1,-1,-1,-1,-1,-1,-1,-1,-1,-1,-1,-1,-1,-1,-1,-1,-1,-1,-1,-1,-1,-1,-1,-1,-1,-1,-1,-1,-1,-1,-1,-1,-1,-1,-1,-1,-1,-1,-1,-1,-1,-1,-1,-1,-1,-1,-1,-1,0,0,0,0,0,0,-1,-1,-1,-1,-1,-1,-1,-1,-1,-1,-1,-1,0,0,0,0,0,0,-1,-1,-1,-1,-1,-1,-1,-1,-1,-1,-1,-1,-1,-1,False,False,0,0,False,54,0,0,0,0,0,0,0,0,0,0,0,0,0,0,0,1,
0,763,2026-02-23 14:15:31Z,,6.915581,7.219652,6.611511,0.6391923,0,1.617311,0,0,0,0,0,0,5.479729,4.344971,6.614497,0.592854,0.702737,0.482971,7.389687,6.227266,8.552108,0.6039225,0,2.126323,7.17555,6.092705,8.258397,9.813571,10,9.459221,6.915581,7.219652,6.611511,0.6391923,0,1.617311,0,0,0,0,0,0,5.479729,4.344971,6.614497,0.592854,0.702737,0.482971,7.389687,6.227266,8.552108,0.6039225,0,2.126323,7.17555,6.092705,8.258397,9.813571,10,9.459221,-1,-1,-1,-1,-1,-1,-1,-1,-1,-1,-1,-1,-1,-1,-1,-1,-1,-1,-1,-1,-1,-1,-1,-1,-1,-1,-1,-1,-1,-1,-1,-1,-1,-1,-1,-1,-1,-1,-1,-1,-1,-1,-1,-1,-1,-1,-1,-1,-1,-1,0,0,0,0,0,0,-1,-1,-1,-1,-1,-1,-1,-1,-1,-1,-1,-1,0,0,0,0,0,0,-1,-1,-1,-1,-1,-1,-1,-1,-1,-1,-1,-1,-1,-1,False,False,0,0,False,54,0,0,0,0,0,0,0,0,0,0,0,0,0,0,0,1,
0,764,2026-02-23 14:15:31Z,,6.915603,7.219656,6.61155,0.639156,0,1.617291,0,0,0,0,0,0,5.479756,4.34498,6.614542,0.592854,0.702737,0.482971,7.389699,6.22726,8.552139,0.6038993,0,2.1263,7.175589,6.092725,8.258453,9.813647,10,9.459316,6.915603,7.219656,6.61155,0.639156,0,1.617291,0,0,0,0,0,0,5.479756,4.34498,6.614542,0.592854,0.702737,0.482971,7.389699,6.22726,8.552139,0.6038993,0,2.1263,7.175589,6.092725,8.258453,9.813647,10,9.459316,-1,-1,-1,-1,-1,-1,-1,-1,-1,-1,-1,-1,-1,-1,-1,-1,-1,-1,-1,-1,-1,-1,-1,-1,-1,-1,-1,-1,-1,-1,-1,-1,-1,-1,-1,-1,-1,-1,-1,-1,-1,-1,-1,-1,-1,-1,-1,-1,-1,-1,0,0,0,0,0,0,-1,-1,-1,-1,-1,-1,-1,-1,-1,-1,-1,-1,0,0,0,0,0,0,-1,-1,-1,-1,-1,-1,-1,-1,-1,-1,-1,-1,-1,-1,False,False,0,0,False,54,0,0,0,0,0,0,0,0,0,0,0,0,0,0,0,1,
0,765,2026-02-23 14:15:31Z,,6.915624,7.219659,6.611588,0.6391197,0,1.617271,0,0,0,0,0,0,5.479784,4.344989,6.614588,0.592854,0.702737,0.482971,7.389712,6.227253,8.552171,0.6038761,0,2.126276,7.175627,6.092746,8.258509,9.813724,10,9.459413,6.915624,7.219659,6.611588,0.6391197,0,1.617271,0,0,0,0,0,0,5.479784,4.344989,6.614588,0.592854,0.702737,0.482971,7.389712,6.227253,8.552171,0.6038761,0,2.126276,7.175627,6.092746,8.258509,9.813724,10,9.459413,-1,-1,-1,-1,-1,-1,-1,-1,-1,-1,-1,-1,-1,-1,-1,-1,-1,-1,-1,-1,-1,-1,-1,-1,-1,-1,-1,-1,-1,-1,-1,-1,-1,-1,-1,-1,-1,-1,-1,-1,-1,-1,-1,-1,-1,-1,-1,-1,-1,-1,0,0,0,0,0,0,-1,-1,-1,-1,-1,-1,-1,-1,-1,-1,-1,-1,0,0,0,0,0,0,-1,-1,-1,-1,-1,-1,-1,-1,-1,-1,-1,-1,-1,-1,False,False,0,0,False,54,0,0,0,0,0,0,0,0,0,0,0,0,0,0,0,1,
0,766,2026-02-23 14:15:31Z,,6.915645,7.219663,6.611627,0.6390835,0,1.617251,0,0,0,0,0,0,5.479811,4.344998,6.614634,0.592854,0.702737,0.482971,7.389725,6.227247,8.552202,0.6038529,0,2.126253,7.175665,6.092767,8.258564,9.8138,10,9.459508,6.915645,7.219663,6.611627,0.6390835,0,1.617251,0,0,0,0,0,0,5.479811,4.344998,6.614634,0.592854,0.702737,0.482971,7.389725,6.227247,8.552202,0.6038529,0,2.126253,7.175665,6.092767,8.258564,9.8138,10,9.459508,-1,-1,-1,-1,-1,-1,-1,-1,-1,-1,-1,-1,-1,-1,-1,-1,-1,-1,-1,-1,-1,-1,-1,-1,-1,-1,-1,-1,-1,-1,-1,-1,-1,-1,-1,-1,-1,-1,-1,-1,-1,-1,-1,-1,-1,-1,-1,-1,-1,-1,0,0,0,0,0,0,-1,-1,-1,-1,-1,-1,-1,-1,-1,-1,-1,-1,0,0,0,0,0,0,-1,-1,-1,-1,-1,-1,-1,-1,-1,-1,-1,-1,-1,-1,False,False,0,0,False,54,0,0,0,0,0,0,0,0,0,0,0,0,0,0,0,1,
0,767,2026-02-23 14:15:31Z,,6.915667,7.219667,6.611666,0.6390474,0,1.617231,0,0,0,0,0,0,5.479838,4.345007,6.61468,0.592854,0.702737,0.482971,7.389737,6.227241,8.552234,0.6038297,0,2.12623,7.175703,6.092787,8.258619,9.813875,10,9.459602,6.915667,7.219667,6.611666,0.6390474,0,1.617231,0,0,0,0,0,0,5.479838,4.345007,6.61468,0.592854,0.702737,0.482971,7.389737,6.227241,8.552234,0.6038297,0,2.12623,7.175703,6.092787,8.258619,9.813875,10,9.459602,-1,-1,-1,-1,-1,-1,-1,-1,-1,-1,-1,-1,-1,-1,-1,-1,-1,-1,-1,-1,-1,-1,-1,-1,-1,-1,-1,-1,-1,-1,-1,-1,-1,-1,-1,-1,-1,-1,-1,-1,-1,-1,-1,-1,-1,-1,-1,-1,-1,-1,0,0,0,0,0,0,-1,-1,-1,-1,-1,-1,-1,-1,-1,-1,-1,-1,0,0,0,0,0,0,-1,-1,-1,-1,-1,-1,-1,-1,-1,-1,-1,-1,-1,-1,False,False,0,0,False,54,0,0,0,0,0,0,0,0,0,0,0,0,0,0,0,1,
0,768,2026-02-23 14:15:31Z,,6.915688,7.219671,6.611704,0.6390114,0,1.617212,0,0,0,0,0,0,5.479866,4.345016,6.614725,0.592854,0.702737,0.482971,7.38975,6.227234,8.552265,0.6038067,0,2.126207,7.175741,6.092808,8.258675,9.813951,10,9.459698,6.915688,7.219671,6.611704,0.6390114,0,1.617212,0,0,0,0,0,0,5.479866,4.345016,6.614725,0.592854,0.702737,0.482971,7.38975,6.227234,8.552265,0.6038067,0,2.126207,7.175741,6.092808,8.258675,9.813951,10,9.459698,-1,-1,-1,-1,-1,-1,-1,-1,-1,-1,-1,-1,-1,-1,-1,-1,-1,-1,-1,-1,-1,-1,-1,-1,-1,-1,-1,-1,-1,-1,-1,-1,-1,-1,-1,-1,-1,-1,-1,-1,-1,-1,-1,-1,-1,-1,-1,-1,-1,-1,0,0,0,0,0,0,-1,-1,-1,-1,-1,-1,-1,-1,-1,-1,-1,-1,0,0,0,0,0,0,-1,-1,-1,-1,-1,-1,-1,-1,-1,-1,-1,-1,-1,-1,False,False,0,0,False,54,0,0,0,0,0,0,0,0,0,0,0,0,0,0,0,1,
0,769,2026-02-23 14:15:31Z,,6.915709,7.219675,6.611743,0.6389754,0,1.617192,0,0,0,0,0,0,5.479893,4.345025,6.614771,0.592854,0.702737,0.482971,7.389762,6.227228,8.552297,0.6037837,0,2.126184,7.175778,6.092828,8.25873,9.814027,10,9.459792,6.915709,7.219675,6.611743,0.6389754,0,1.617192,0,0,0,0,0,0,5.479893,4.345025,6.614771,0.592854,0.702737,0.482971,7.389762,6.227228,8.552297,0.6037837,0,2.126184,7.175778,6.092828,8.25873,9.814027,10,9.459792,-1,-1,-1,-1,-1,-1,-1,-1,-1,-1,-1,-1,-1,-1,-1,-1,-1,-1,-1,-1,-1,-1,-1,-1,-1,-1,-1,-1,-1,-1,-1,-1,-1,-1,-1,-1,-1,-1,-1,-1,-1,-1,-1,-1,-1,-1,-1,-1,-1,-1,0,0,0,0,0,0,-1,-1,-1,-1,-1,-1,-1,-1,-1,-1,-1,-1,0,0,0,0,0,0,-1,-1,-1,-1,-1,-1,-1,-1,-1,-1,-1,-1,-1,-1,False,False,0,0,False,54,0,0,0,0,0,0,0,0,0,0,0,0,0,0,0,1,
0,770,2026-02-23 14:15:31Z,,6.91573,7.219678,6.611782,0.6389396,0,1.617172,0,0,0,0,0,0,5.47992,4.345034,6.614816,0.592854,0.702737,0.482971,7.389774,6.227221,8.552327,0.6037607,0,2.126161,7.175816,6.092849,8.258785,9.814102,10,9.459887,6.91573,7.219678,6.611782,0.6389396,0,1.617172,0,0,0,0,0,0,5.47992,4.345034,6.614816,0.592854,0.702737,0.482971,7.389774,6.227221,8.552327,0.6037607,0,2.126161,7.175816,6.092849,8.258785,9.814102,10,9.459887,-1,-1,-1,-1,-1,-1,-1,-1,-1,-1,-1,-1,-1,-1,-1,-1,-1,-1,-1,-1,-1,-1,-1,-1,-1,-1,-1,-1,-1,-1,-1,-1,-1,-1,-1,-1,-1,-1,-1,-1,-1,-1,-1,-1,-1,-1,-1,-1,-1,-1,0,0,0,0,0,0,-1,-1,-1,-1,-1,-1,-1,-1,-1,-1,-1,-1,0,0,0,0,0,0,-1,-1,-1,-1,-1,-1,-1,-1,-1,-1,-1,-1,-1,-1,False,False,0,0,False,54,0,0,0,0,0,0,0,0,0,0,0,0,0,0,0,1,
0,771,2026-02-23 14:15:31Z,,6.915751,7.219682,6.61182,0.6389037,0,1.617152,0,0,0,0,0,0,5.479947,4.345043,6.614861,0.592854,0.702737,0.482971,7.389787,6.227215,8.552359,0.6037378,0,2.126138,7.175854,6.092869,8.25884,9.814177,10,9.459981,6.915751,7.219682,6.61182,0.6389037,0,1.617152,0,0,0,0,0,0,5.479947,4.345043,6.614861,0.592854,0.702737,0.482971,7.389787,6.227215,8.552359,0.6037378,0,2.126138,7.175854,6.092869,8.25884,9.814177,10,9.459981,-1,-1,-1,-1,-1,-1,-1,-1,-1,-1,-1,-1,-1,-1,-1,-1,-1,-1,-1,-1,-1,-1,-1,-1,-1,-1,-1,-1,-1,-1,-1,-1,-1,-1,-1,-1,-1,-1,-1,-1,-1,-1,-1,-1,-1,-1,-1,-1,-1,-1,0,0,0,0,0,0,-1,-1,-1,-1,-1,-1,-1,-1,-1,-1,-1,-1,0,0,0,0,0,0,-1,-1,-1,-1,-1,-1,-1,-1,-1,-1,-1,-1,-1,-1,False,False,0,0,False,54,0,0,0,0,0,0,0,0,0,0,0,0,0,0,0,1,
0,772,2026-02-23 14:15:31Z,,6.915772,7.219686,6.611858,0.638868,0,1.617133,0,0,0,0,0,0,5.479974,4.345052,6.614906,0.592854,0.702737,0.482971,7.389799,6.227209,8.552389,0.6037149,0,2.126115,7.175891,6.092889,8.258894,9.814252,10,9.460075,6.915772,7.219686,6.611858,0.638868,0,1.617133,0,0,0,0,0,0,5.479974,4.345052,6.614906,0.592854,0.702737,0.482971,7.389799,6.227209,8.552389,0.6037149,0,2.126115,7.175891,6.092889,8.258894,9.814252,10,9.460075,-1,-1,-1,-1,-1,-1,-1,-1,-1,-1,-1,-1,-1,-1,-1,-1,-1,-1,-1,-1,-1,-1,-1,-1,-1,-1,-1,-1,-1,-1,-1,-1,-1,-1,-1,-1,-1,-1,-1,-1,-1,-1,-1,-1,-1,-1,-1,-1,-1,-1,0,0,0,0,0,0,-1,-1,-1,-1,-1,-1,-1,-1,-1,-1,-1,-1,0,0,0,0,0,0,-1,-1,-1,-1,-1,-1,-1,-1,-1,-1,-1,-1,-1,-1,False,False,0,0,False,54,0,0,0,0,0,0,0,0,0,0,0,0,0,0,0,1,
0,773,2026-02-23 14:15:31Z,,6.915793,7.21969,6.611896,0.6388324,0,1.617113,0,0,0,0,0,0,5.480001,4.345061,6.614951,0.592854,0.702737,0.482971,7.389811,6.227202,8.552421,0.6036921,0,2.126092,7.175929,6.092909,8.258949,9.814326,10,9.460169,6.915793,7.21969,6.611896,0.6388324,0,1.617113,0,0,0,0,0,0,5.480001,4.345061,6.614951,0.592854,0.702737,0.482971,7.389811,6.227202,8.552421,0.6036921,0,2.126092,7.175929,6.092909,8.258949,9.814326,10,9.460169,-1,-1,-1,-1,-1,-1,-1,-1,-1,-1,-1,-1,-1,-1,-1,-1,-1,-1,-1,-1,-1,-1,-1,-1,-1,-1,-1,-1,-1,-1,-1,-1,-1,-1,-1,-1,-1,-1,-1,-1,-1,-1,-1,-1,-1,-1,-1,-1,-1,-1,0,0,0,0,0,0,-1,-1,-1,-1,-1,-1,-1,-1,-1,-1,-1,-1,0,0,0,0,0,0,-1,-1,-1,-1,-1,-1,-1,-1,-1,-1,-1,-1,-1,-1,False,False,0,0,False,54,0,0,0,0,0,0,0,0,0,0,0,0,0,0,0,1,
0,774,2026-02-23 14:15:31Z,,6.915814,7.219694,6.611934,0.6387969,0,1.617093,0,0,0,0,0,0,5.480028,4.34507,6.614996,0.592854,0.702737,0.482971,7.389823,6.227196,8.552451,0.6036693,0,2.12607,7.175966,6.09293,8.259004,9.814402,10,9.460262,6.915814,7.219694,6.611934,0.6387969,0,1.617093,0,0,0,0,0,0,5.480028,4.34507,6.614996,0.592854,0.702737,0.482971,7.389823,6.227196,8.552451,0.6036693,0,2.12607,7.175966,6.09293,8.259004,9.814402,10,9.460262,-1,-1,-1,-1,-1,-1,-1,-1,-1,-1,-1,-1,-1,-1,-1,-1,-1,-1,-1,-1,-1,-1,-1,-1,-1,-1,-1,-1,-1,-1,-1,-1,-1,-1,-1,-1,-1,-1,-1,-1,-1,-1,-1,-1,-1,-1,-1,-1,-1,-1,0,0,0,0,0,0,-1,-1,-1,-1,-1,-1,-1,-1,-1,-1,-1,-1,0,0,0,0,0,0,-1,-1,-1,-1,-1,-1,-1,-1,-1,-1,-1,-1,-1,-1,False,False,0,0,False,54,0,0,0,0,0,0,0,0,0,0,0,0,0,0,0,1,
0,775,2026-02-23 14:15:31Z,,6.915835,7.219697,6.611972,0.6387613,0,1.617074,0,0,0,0,0,0,5.480055,4.345079,6.615041,0.592854,0.702737,0.482971,7.389836,6.22719,8.552482,0.6036466,0,2.126047,7.176003,6.09295,8.259058,9.814476,10,9.460356,6.915835,7.219697,6.611972,0.6387613,0,1.617074,0,0,0,0,0,0,5.480055,4.345079,6.615041,0.592854,0.702737,0.482971,7.389836,6.22719,8.552482,0.6036466,0,2.126047,7.176003,6.09295,8.259058,9.814476,10,9.460356,-1,-1,-1,-1,-1,-1,-1,-1,-1,-1,-1,-1,-1,-1,-1,-1,-1,-1,-1,-1,-1,-1,-1,-1,-1,-1,-1,-1,-1,-1,-1,-1,-1,-1,-1,-1,-1,-1,-1,-1,-1,-1,-1,-1,-1,-1,-1,-1,-1,-1,0,0,0,0,0,0,-1,-1,-1,-1,-1,-1,-1,-1,-1,-1,-1,-1,0,0,0,0,0,0,-1,-1,-1,-1,-1,-1,-1,-1,-1,-1,-1,-1,-1,-1,False,False,0,0,False,54,0,0,0,0,0,0,0,0,0,0,0,0,0,0,0,1,
0,776,2026-02-23 14:15:31Z,,6.915856,7.219701,6.61201,0.6387259,0,1.617054,0,0,0,0,0,0,5.480082,4.345088,6.615086,0.592854,0.702737,0.482971,7.389848,6.227184,8.552513,0.6036239,0,2.126024,7.176041,6.09297,8.259112,9.81455,10,9.460449,6.915856,7.219701,6.61201,0.6387259,0,1.617054,0,0,0,0,0,0,5.480082,4.345088,6.615086,0.592854,0.702737,0.482971,7.389848,6.227184,8.552513,0.6036239,0,2.126024,7.176041,6.09297,8.259112,9.81455,10,9.460449,-1,-1,-1,-1,-1,-1,-1,-1,-1,-1,-1,-1,-1,-1,-1,-1,-1,-1,-1,-1,-1,-1,-1,-1,-1,-1,-1,-1,-1,-1,-1,-1,-1,-1,-1,-1,-1,-1,-1,-1,-1,-1,-1,-1,-1,-1,-1,-1,-1,-1,0,0,0,0,0,0,-1,-1,-1,-1,-1,-1,-1,-1,-1,-1,-1,-1,0,0,0,0,0,0,-1,-1,-1,-1,-1,-1,-1,-1,-1,-1,-1,-1,-1,-1,False,False,0,0,False,54,0,0,0,0,0,0,0,0,0,0,0,0,0,0,0,1,
0,777,2026-02-23 14:15:31Z,,6.915876,7.219705,6.612048,0.6386906,0,1.617035,0,0,0,0,0,0,5.480108,4.345097,6.61513,0.592854,0.702737,0.482971,7.38986,6.227178,8.552544,0.6036013,0,2.126002,7.176078,6.09299,8.259167,9.814624,10,9.460543,6.915876,7.219705,6.612048,0.6386906,0,1.617035,0,0,0,0,0,0,5.480108,4.345097,6.61513,0.592854,0.702737,0.482971,7.38986,6.227178,8.552544,0.6036013,0,2.126002,7.176078,6.09299,8.259167,9.814624,10,9.460543,-1,-1,-1,-1,-1,-1,-1,-1,-1,-1,-1,-1,-1,-1,-1,-1,-1,-1,-1,-1,-1,-1,-1,-1,-1,-1,-1,-1,-1,-1,-1,-1,-1,-1,-1,-1,-1,-1,-1,-1,-1,-1,-1,-1,-1,-1,-1,-1,-1,-1,0,0,0,0,0,0,-1,-1,-1,-1,-1,-1,-1,-1,-1,-1,-1,-1,0,0,0,0,0,0,-1,-1,-1,-1,-1,-1,-1,-1,-1,-1,-1,-1,-1,-1,False,False,0,0,False,54,0,0,0,0,0,0,0,0,0,0,0,0,0,0,0,1,
0,778,2026-02-23 14:15:31Z,,6.915897,7.219709,6.612086,0.6386554,0,1.617015,0,0,0,0,0,0,5.480135,4.345105,6.615175,0.592854,0.702737,0.482971,7.389873,6.227171,8.552574,0.6035787,0,2.125979,7.176115,6.09301,8.25922,9.814698,10,9.460635,6.915897,7.219709,6.612086,0.6386554,0,1.617015,0,0,0,0,0,0,5.480135,4.345105,6.615175,0.592854,0.702737,0.482971,7.389873,6.227171,8.552574,0.6035787,0,2.125979,7.176115,6.09301,8.25922,9.814698,10,9.460635,-1,-1,-1,-1,-1,-1,-1,-1,-1,-1,-1,-1,-1,-1,-1,-1,-1,-1,-1,-1,-1,-1,-1,-1,-1,-1,-1,-1,-1,-1,-1,-1,-1,-1,-1,-1,-1,-1,-1,-1,-1,-1,-1,-1,-1,-1,-1,-1,-1,-1,0,0,0,0,0,0,-1,-1,-1,-1,-1,-1,-1,-1,-1,-1,-1,-1,0,0,0,0,0,0,-1,-1,-1,-1,-1,-1,-1,-1,-1,-1,-1,-1,-1,-1,False,False,0,0,False,54,0,0,0,0,0,0,0,0,0,0,0,0,0,0,0,1,
0,779,2026-02-23 14:15:31Z,,6.915918,7.219713,6.612123,0.6386202,0,1.616996,0,0,0,0,0,0,5.480162,4.345114,6.61522,0.592854,0.702737,0.482971,7.389884,6.227165,8.552605,0.6035562,0,2.125957,7.176152,6.09303,8.259274,9.814772,10,9.460728,6.915918,7.219713,6.612123,0.6386202,0,1.616996,0,0,0,0,0,0,5.480162,4.345114,6.61522,0.592854,0.702737,0.482971,7.389884,6.227165,8.552605,0.6035562,0,2.125957,7.176152,6.09303,8.259274,9.814772,10,9.460728,-1,-1,-1,-1,-1,-1,-1,-1,-1,-1,-1,-1,-1,-1,-1,-1,-1,-1,-1,-1,-1,-1,-1,-1,-1,-1,-1,-1,-1,-1,-1,-1,-1,-1,-1,-1,-1,-1,-1,-1,-1,-1,-1,-1,-1,-1,-1,-1,-1,-1,0,0,0,0,0,0,-1,-1,-1,-1,-1,-1,-1,-1,-1,-1,-1,-1,0,0,0,0,0,0,-1,-1,-1,-1,-1,-1,-1,-1,-1,-1,-1,-1,-1,-1,False,False,0,0,False,54,0,0,0,0,0,0,0,0,0,0,0,0,0,0,0,1,
0,780,2026-02-23 14:15:31Z,,6.915938,7.219716,6.612161,0.6385851,0,1.616976,0,0,0,0,0,0,5.480188,4.345123,6.615264,0.592854,0.702737,0.482971,7.389896,6.227159,8.552635,0.6035337,0,2.125934,7.176188,6.09305,8.259328,9.814846,10,9.46082,6.915938,7.219716,6.612161,0.6385851,0,1.616976,0,0,0,0,0,0,5.480188,4.345123,6.615264,0.592854,0.702737,0.482971,7.389896,6.227159,8.552635,0.6035337,0,2.125934,7.176188,6.09305,8.259328,9.814846,10,9.46082,-1,-1,-1,-1,-1,-1,-1,-1,-1,-1,-1,-1,-1,-1,-1,-1,-1,-1,-1,-1,-1,-1,-1,-1,-1,-1,-1,-1,-1,-1,-1,-1,-1,-1,-1,-1,-1,-1,-1,-1,-1,-1,-1,-1,-1,-1,-1,-1,-1,-1,0,0,0,0,0,0,-1,-1,-1,-1,-1,-1,-1,-1,-1,-1,-1,-1,0,0,0,0,0,0,-1,-1,-1,-1,-1,-1,-1,-1,-1,-1,-1,-1,-1,-1,False,False,0,0,False,54,0,0,0,0,0,0,0,0,0,0,0,0,0,0,0,1,
0,781,2026-02-23 14:15:31Z,,6.915959,7.21972,6.612198,0.63855,0,1.616957,0,0,0,0,0,0,5.480215,4.345131,6.615308,0.592854,0.702737,0.482971,7.389909,6.227152,8.552666,0.6035113,0,2.125912,7.176226,6.09307,8.259381,9.814919,10,9.460913,6.915959,7.21972,6.612198,0.63855,0,1.616957,0,0,0,0,0,0,5.480215,4.345131,6.615308,0.592854,0.702737,0.482971,7.389909,6.227152,8.552666,0.6035113,0,2.125912,7.176226,6.09307,8.259381,9.814919,10,9.460913,-1,-1,-1,-1,-1,-1,-1,-1,-1,-1,-1,-1,-1,-1,-1,-1,-1,-1,-1,-1,-1,-1,-1,-1,-1,-1,-1,-1,-1,-1,-1,-1,-1,-1,-1,-1,-1,-1,-1,-1,-1,-1,-1,-1,-1,-1,-1,-1,-1,-1,0,0,0,0,0,0,-1,-1,-1,-1,-1,-1,-1,-1,-1,-1,-1,-1,0,0,0,0,0,0,-1,-1,-1,-1,-1,-1,-1,-1,-1,-1,-1,-1,-1,-1,False,False,0,0,False,54,0,0,0,0,0,0,0,0,0,0,0,0,0,0,0,1,
0,782,2026-02-23 14:15:31Z,,6.91598,7.219724,6.612236,0.6385151,0,1.616938,0,0,0,0,0,0,5.480241,4.34514,6.615352,0.592854,0.702737,0.482971,7.389921,6.227146,8.552695,0.6034889,0,2.125889,7.176262,6.09309,8.259436,9.814993,10,9.461004,6.91598,7.219724,6.612236,0.6385151,0,1.616938,0,0,0,0,0,0,5.480241,4.34514,6.615352,0.592854,0.702737,0.482971,7.389921,6.227146,8.552695,0.6034889,0,2.125889,7.176262,6.09309,8.259436,9.814993,10,9.461004,-1,-1,-1,-1,-1,-1,-1,-1,-1,-1,-1,-1,-1,-1,-1,-1,-1,-1,-1,-1,-1,-1,-1,-1,-1,-1,-1,-1,-1,-1,-1,-1,-1,-1,-1,-1,-1,-1,-1,-1,-1,-1,-1,-1,-1,-1,-1,-1,-1,-1,0,0,0,0,0,0,-1,-1,-1,-1,-1,-1,-1,-1,-1,-1,-1,-1,0,0,0,0,0,0,-1,-1,-1,-1,-1,-1,-1,-1,-1,-1,-1,-1,-1,-1,False,False,0,0,False,54,0,0,0,0,0,0,0,0,0,0,0,0,0,0,0,1,
0,783,2026-02-23 14:15:31Z,,6.916,7.219728,6.612273,0.6384802,0,1.616919,0,0,0,0,0,0,5.480268,4.345149,6.615396,0.592854,0.702737,0.482971,7.389933,6.22714,8.552726,0.6034666,0,2.125867,7.176299,6.09311,8.259489,9.815065,10,9.461097,6.916,7.219728,6.612273,0.6384802,0,1.616919,0,0,0,0,0,0,5.480268,4.345149,6.615396,0.592854,0.702737,0.482971,7.389933,6.22714,8.552726,0.6034666,0,2.125867,7.176299,6.09311,8.259489,9.815065,10,9.461097,-1,-1,-1,-1,-1,-1,-1,-1,-1,-1,-1,-1,-1,-1,-1,-1,-1,-1,-1,-1,-1,-1,-1,-1,-1,-1,-1,-1,-1,-1,-1,-1,-1,-1,-1,-1,-1,-1,-1,-1,-1,-1,-1,-1,-1,-1,-1,-1,-1,-1,0,0,0,0,0,0,-1,-1,-1,-1,-1,-1,-1,-1,-1,-1,-1,-1,0,0,0,0,0,0,-1,-1,-1,-1,-1,-1,-1,-1,-1,-1,-1,-1,-1,-1,False,False,0,0,False,54,0,0,0,0,0,0,0,0,0,0,0,0,0,0,0,1,
0,784,2026-02-23 14:15:31Z,,6.916021,7.219731,6.61231,0.6384454,0,1.616899,0,0,0,0,0,0,5.480294,4.345158,6.61544,0.592854,0.702737,0.482971,7.389945,6.227134,8.552756,0.6034443,0,2.125845,7.176335,6.09313,8.259542,9.815139,10,9.461188,6.916021,7.219731,6.61231,0.6384454,0,1.616899,0,0,0,0,0,0,5.480294,4.345158,6.61544,0.592854,0.702737,0.482971,7.389945,6.227134,8.552756,0.6034443,0,2.125845,7.176335,6.09313,8.259542,9.815139,10,9.461188,-1,-1,-1,-1,-1,-1,-1,-1,-1,-1,-1,-1,-1,-1,-1,-1,-1,-1,-1,-1,-1,-1,-1,-1,-1,-1,-1,-1,-1,-1,-1,-1,-1,-1,-1,-1,-1,-1,-1,-1,-1,-1,-1,-1,-1,-1,-1,-1,-1,-1,0,0,0,0,0,0,-1,-1,-1,-1,-1,-1,-1,-1,-1,-1,-1,-1,0,0,0,0,0,0,-1,-1,-1,-1,-1,-1,-1,-1,-1,-1,-1,-1,-1,-1,False,False,0,0,False,54,0,0,0,0,0,0,0,0,0,0,0,0,0,0,0,1,
0,785,2026-02-23 14:15:31Z,,6.916041,7.219735,6.612348,0.6384107,0,1.61688,0,0,0,0,0,0,5.48032,4.345167,6.615484,0.592854,0.702737,0.482971,7.389957,6.227128,8.552786,0.603422,0,2.125822,7.176372,6.093149,8.259595,9.815211,10,9.46128,6.916041,7.219735,6.612348,0.6384107,0,1.61688,0,0,0,0,0,0,5.48032,4.345167,6.615484,0.592854,0.702737,0.482971,7.389957,6.227128,8.552786,0.603422,0,2.125822,7.176372,6.093149,8.259595,9.815211,10,9.46128,-1,-1,-1,-1,-1,-1,-1,-1,-1,-1,-1,-1,-1,-1,-1,-1,-1,-1,-1,-1,-1,-1,-1,-1,-1,-1,-1,-1,-1,-1,-1,-1,-1,-1,-1,-1,-1,-1,-1,-1,-1,-1,-1,-1,-1,-1,-1,-1,-1,-1,0,0,0,0,0,0,-1,-1,-1,-1,-1,-1,-1,-1,-1,-1,-1,-1,0,0,0,0,0,0,-1,-1,-1,-1,-1,-1,-1,-1,-1,-1,-1,-1,-1,-1,False,False,0,0,False,54,0,0,0,0,0,0,0,0,0,0,0,0,0,0,0,1,
0,786,2026-02-23 14:15:31Z,,6.916061,7.219738,6.612384,0.6383761,0,1.616861,0,0,0,0,0,0,5.480346,4.345175,6.615528,0.592854,0.702737,0.482971,7.389969,6.227121,8.552816,0.6033998,0,2.1258,7.176408,6.093169,8.259648,9.815285,10,9.46137,6.916061,7.219738,6.612384,0.6383761,0,1.616861,0,0,0,0,0,0,5.480346,4.345175,6.615528,0.592854,0.702737,0.482971,7.389969,6.227121,8.552816,0.6033998,0,2.1258,7.176408,6.093169,8.259648,9.815285,10,9.46137,-1,-1,-1,-1,-1,-1,-1,-1,-1,-1,-1,-1,-1,-1,-1,-1,-1,-1,-1,-1,-1,-1,-1,-1,-1,-1,-1,-1,-1,-1,-1,-1,-1,-1,-1,-1,-1,-1,-1,-1,-1,-1,-1,-1,-1,-1,-1,-1,-1,-1,0,0,0,0,0,0,-1,-1,-1,-1,-1,-1,-1,-1,-1,-1,-1,-1,0,0,0,0,0,0,-1,-1,-1,-1,-1,-1,-1,-1,-1,-1,-1,-1,-1,-1,False,False,0,0,False,54,0,0,0,0,0,0,0,0,0,0,0,0,0,0,0,1,
0,787,2026-02-23 14:15:31Z,,6.916082,7.219742,6.612422,0.6383415,0,1.616842,0,0,0,0,0,0,5.480372,4.345184,6.615571,0.592854,0.702737,0.482971,7.389981,6.227116,8.552846,0.6033777,0,2.125778,7.176445,6.093189,8.259702,9.815357,10,9.461462,6.916082,7.219742,6.612422,0.6383415,0,1.616842,0,0,0,0,0,0,5.480372,4.345184,6.615571,0.592854,0.702737,0.482971,7.389981,6.227116,8.552846,0.6033777,0,2.125778,7.176445,6.093189,8.259702,9.815357,10,9.461462,-1,-1,-1,-1,-1,-1,-1,-1,-1,-1,-1,-1,-1,-1,-1,-1,-1,-1,-1,-1,-1,-1,-1,-1,-1,-1,-1,-1,-1,-1,-1,-1,-1,-1,-1,-1,-1,-1,-1,-1,-1,-1,-1,-1,-1,-1,-1,-1,-1,-1,0,0,0,0,0,0,-1,-1,-1,-1,-1,-1,-1,-1,-1,-1,-1,-1,0,0,0,0,0,0,-1,-1,-1,-1,-1,-1,-1,-1,-1,-1,-1,-1,-1,-1,False,False,0,0,False,54,0,0,0,0,0,0,0,0,0,0,0,0,0,0,0,1,
0,788,2026-02-23 14:15:31Z,,6.916102,7.219746,6.612459,0.638307,0,1.616823,0,0,0,0,0,0,5.480399,4.345192,6.615615,0.592854,0.702737,0.482971,7.389993,6.227109,8.552876,0.6033556,0,2.125756,7.176481,6.093208,8.259754,9.81543,10,9.461553,6.916102,7.219746,6.612459,0.638307,0,1.616823,0,0,0,0,0,0,5.480399,4.345192,6.615615,0.592854,0.702737,0.482971,7.389993,6.227109,8.552876,0.6033556,0,2.125756,7.176481,6.093208,8.259754,9.81543,10,9.461553,-1,-1,-1,-1,-1,-1,-1,-1,-1,-1,-1,-1,-1,-1,-1,-1,-1,-1,-1,-1,-1,-1,-1,-1,-1,-1,-1,-1,-1,-1,-1,-1,-1,-1,-1,-1,-1,-1,-1,-1,-1,-1,-1,-1,-1,-1,-1,-1,-1,-1,0,0,0,0,0,0,-1,-1,-1,-1,-1,-1,-1,-1,-1,-1,-1,-1,0,0,0,0,0,0,-1,-1,-1,-1,-1,-1,-1,-1,-1,-1,-1,-1,-1,-1,False,False,0,0,False,54,0,0,0,0,0,0,0,0,0,0,0,0,0,0,0,1,
0,789,2026-02-23 14:15:31Z,,6.916122,7.219749,6.612495,0.6382725,0,1.616804,0,0,0,0,0,0,5.480425,4.345201,6.615659,0.592854,0.702737,0.482971,7.390005,6.227103,8.552906,0.6033335,0,2.125734,7.176517,6.093228,8.259807,9.815501,10,9.461643,6.916122,7.219749,6.612495,0.6382725,0,1.616804,0,0,0,0,0,0,5.480425,4.345201,6.615659,0.592854,0.702737,0.482971,7.390005,6.227103,8.552906,0.6033335,0,2.125734,7.176517,6.093228,8.259807,9.815501,10,9.461643,-1,-1,-1,-1,-1,-1,-1,-1,-1,-1,-1,-1,-1,-1,-1,-1,-1,-1,-1,-1,-1,-1,-1,-1,-1,-1,-1,-1,-1,-1,-1,-1,-1,-1,-1,-1,-1,-1,-1,-1,-1,-1,-1,-1,-1,-1,-1,-1,-1,-1,0,0,0,0,0,0,-1,-1,-1,-1,-1,-1,-1,-1,-1,-1,-1,-1,0,0,0,0,0,0,-1,-1,-1,-1,-1,-1,-1,-1,-1,-1,-1,-1,-1,-1,False,False,0,0,False,54,0,0,0,0,0,0,0,0,0,0,0,0,0,0,0,1,
0,790,2026-02-23 14:15:31Z,,6.916143,7.219753,6.612532,0.6382382,0,1.616785,0,0,0,0,0,0,5.480451,4.34521,6.615702,0.592854,0.702737,0.482971,7.390017,6.227097,8.552936,0.6033115,0,2.125712,7.176553,6.093247,8.25986,9.815574,10,9.461734,6.916143,7.219753,6.612532,0.6382382,0,1.616785,0,0,0,0,0,0,5.480451,4.34521,6.615702,0.592854,0.702737,0.482971,7.390017,6.227097,8.552936,0.6033115,0,2.125712,7.176553,6.093247,8.25986,9.815574,10,9.461734,-1,-1,-1,-1,-1,-1,-1,-1,-1,-1,-1,-1,-1,-1,-1,-1,-1,-1,-1,-1,-1,-1,-1,-1,-1,-1,-1,-1,-1,-1,-1,-1,-1,-1,-1,-1,-1,-1,-1,-1,-1,-1,-1,-1,-1,-1,-1,-1,-1,-1,0,0,0,0,0,0,-1,-1,-1,-1,-1,-1,-1,-1,-1,-1,-1,-1,0,0,0,0,0,0,-1,-1,-1,-1,-1,-1,-1,-1,-1,-1,-1,-1,-1,-1,False,False,0,0,False,54,0,0,0,0,0,0,0,0,0,0,0,0,0,0,0,1,
0,791,2026-02-23 14:15:31Z,,6.916163,7.219757,6.612569,0.6382039,0,1.616766,0,0,0,0,0,0,5.480476,4.345218,6.615745,0.592854,0.702737,0.482971,7.390028,6.227091,8.552966,0.6032896,0,2.12569,7.176589,6.093267,8.259912,9.815646,10,9.461824,6.916163,7.219757,6.612569,0.6382039,0,1.616766,0,0,0,0,0,0,5.480476,4.345218,6.615745,0.592854,0.702737,0.482971,7.390028,6.227091,8.552966,0.6032896,0,2.12569,7.176589,6.093267,8.259912,9.815646,10,9.461824,-1,-1,-1,-1,-1,-1,-1,-1,-1,-1,-1,-1,-1,-1,-1,-1,-1,-1,-1,-1,-1,-1,-1,-1,-1,-1,-1,-1,-1,-1,-1,-1,-1,-1,-1,-1,-1,-1,-1,-1,-1,-1,-1,-1,-1,-1,-1,-1,-1,-1,0,0,0,0,0,0,-1,-1,-1,-1,-1,-1,-1,-1,-1,-1,-1,-1,0,0,0,0,0,0,-1,-1,-1,-1,-1,-1,-1,-1,-1,-1,-1,-1,-1,-1,False,False,0,0,False,54,0,0,0,0,0,0,0,0,0,0,0,0,0,0,0,1,
0,792,2026-02-23 14:15:31Z,,6.916183,7.21976,6.612606,0.6381697,0,1.616747,0,0,0,0,0,0,5.480503,4.345227,6.615788,0.592854,0.702737,0.482971,7.39004,6.227085,8.552996,0.6032677,0,2.125668,7.176625,6.093287,8.259965,9.815718,10,9.461914,6.916183,7.21976,6.612606,0.6381697,0,1.616747,0,0,0,0,0,0,5.480503,4.345227,6.615788,0.592854,0.702737,0.482971,7.39004,6.227085,8.552996,0.6032677,0,2.125668,7.176625,6.093287,8.259965,9.815718,10,9.461914,-1,-1,-1,-1,-1,-1,-1,-1,-1,-1,-1,-1,-1,-1,-1,-1,-1,-1,-1,-1,-1,-1,-1,-1,-1,-1,-1,-1,-1,-1,-1,-1,-1,-1,-1,-1,-1,-1,-1,-1,-1,-1,-1,-1,-1,-1,-1,-1,-1,-1,0,0,0,0,0,0,-1,-1,-1,-1,-1,-1,-1,-1,-1,-1,-1,-1,0,0,0,0,0,0,-1,-1,-1,-1,-1,-1,-1,-1,-1,-1,-1,-1,-1,-1,False,False,0,0,False,54,0,0,0,0,0,0,0,0,0,0,0,0,0,0,0,1,
0,793,2026-02-23 14:15:31Z,,6.916203,7.219764,6.612642,0.6381356,0,1.616729,0,0,0,0,0,0,5.480528,4.345235,6.615832,0.592854,0.702737,0.482971,7.390052,6.227079,8.553025,0.6032459,0,2.125646,7.176661,6.093306,8.260016,9.815789,10,9.462005,6.916203,7.219764,6.612642,0.6381356,0,1.616729,0,0,0,0,0,0,5.480528,4.345235,6.615832,0.592854,0.702737,0.482971,7.390052,6.227079,8.553025,0.6032459,0,2.125646,7.176661,6.093306,8.260016,9.815789,10,9.462005,-1,-1,-1,-1,-1,-1,-1,-1,-1,-1,-1,-1,-1,-1,-1,-1,-1,-1,-1,-1,-1,-1,-1,-1,-1,-1,-1,-1,-1,-1,-1,-1,-1,-1,-1,-1,-1,-1,-1,-1,-1,-1,-1,-1,-1,-1,-1,-1,-1,-1,0,0,0,0,0,0,-1,-1,-1,-1,-1,-1,-1,-1,-1,-1,-1,-1,0,0,0,0,0,0,-1,-1,-1,-1,-1,-1,-1,-1,-1,-1,-1,-1,-1,-1,False,False,0,0,False,54,0,0,0,0,0,0,0,0,0,0,0,0,0,0,0,1,
0,794,2026-02-23 14:15:31Z,,6.916223,7.219768,6.612679,0.6381015,0,1.61671,0,0,0,0,0,0,5.480554,4.345244,6.615875,0.592854,0.702737,0.482971,7.390063,6.227073,8.553055,0.603224,0,2.125624,7.176697,6.093325,8.260069,9.815861,10,9.462094,6.916223,7.219768,6.612679,0.6381015,0,1.61671,0,0,0,0,0,0,5.480554,4.345244,6.615875,0.592854,0.702737,0.482971,7.390063,6.227073,8.553055,0.603224,0,2.125624,7.176697,6.093325,8.260069,9.815861,10,9.462094,-1,-1,-1,-1,-1,-1,-1,-1,-1,-1,-1,-1,-1,-1,-1,-1,-1,-1,-1,-1,-1,-1,-1,-1,-1,-1,-1,-1,-1,-1,-1,-1,-1,-1,-1,-1,-1,-1,-1,-1,-1,-1,-1,-1,-1,-1,-1,-1,-1,-1,0,0,0,0,0,0,-1,-1,-1,-1,-1,-1,-1,-1,-1,-1,-1,-1,0,0,0,0,0,0,-1,-1,-1,-1,-1,-1,-1,-1,-1,-1,-1,-1,-1,-1,False,False,0,0,False,54,0,0,0,0,0,0,0,0,0,0,0,0,0,0,0,1,
0,795,2026-02-23 14:15:31Z,,6.916243,7.219771,6.612715,0.6380675,0,1.616691,0,0,0,0,0,0,5.48058,4.345253,6.615918,0.592854,0.702737,0.482971,7.390075,6.227067,8.553084,0.6032022,0,2.125603,7.176733,6.093345,8.260121,9.815932,10,9.462184,6.916243,7.219771,6.612715,0.6380675,0,1.616691,0,0,0,0,0,0,5.48058,4.345253,6.615918,0.592854,0.702737,0.482971,7.390075,6.227067,8.553084,0.6032022,0,2.125603,7.176733,6.093345,8.260121,9.815932,10,9.462184,-1,-1,-1,-1,-1,-1,-1,-1,-1,-1,-1,-1,-1,-1,-1,-1,-1,-1,-1,-1,-1,-1,-1,-1,-1,-1,-1,-1,-1,-1,-1,-1,-1,-1,-1,-1,-1,-1,-1,-1,-1,-1,-1,-1,-1,-1,-1,-1,-1,-1,0,0,0,0,0,0,-1,-1,-1,-1,-1,-1,-1,-1,-1,-1,-1,-1,0,0,0,0,0,0,-1,-1,-1,-1,-1,-1,-1,-1,-1,-1,-1,-1,-1,-1,False,False,0,0,False,54,0,0,0,0,0,0,0,0,0,0,0,0,0,0,0,1,
0,796,2026-02-23 14:15:31Z,,6.916263,7.219775,6.612751,0.6380336,0,1.616672,0,0,0,0,0,0,5.480606,4.345261,6.615961,0.592854,0.702737,0.482971,7.390087,6.227061,8.553114,0.6031805,0,2.125581,7.176768,6.093364,8.260173,9.816003,10,9.462273,6.916263,7.219775,6.612751,0.6380336,0,1.616672,0,0,0,0,0,0,5.480606,4.345261,6.615961,0.592854,0.702737,0.482971,7.390087,6.227061,8.553114,0.6031805,0,2.125581,7.176768,6.093364,8.260173,9.816003,10,9.462273,-1,-1,-1,-1,-1,-1,-1,-1,-1,-1,-1,-1,-1,-1,-1,-1,-1,-1,-1,-1,-1,-1,-1,-1,-1,-1,-1,-1,-1,-1,-1,-1,-1,-1,-1,-1,-1,-1,-1,-1,-1,-1,-1,-1,-1,-1,-1,-1,-1,-1,0,0,0,0,0,0,-1,-1,-1,-1,-1,-1,-1,-1,-1,-1,-1,-1,0,0,0,0,0,0,-1,-1,-1,-1,-1,-1,-1,-1,-1,-1,-1,-1,-1,-1,False,False,0,0,False,54,0,0,0,0,0,0,0,0,0,0,0,0,0,0,0,1,
0,797,2026-02-23 14:15:31Z,,6.916283,7.219779,6.612787,0.6379997,0,1.616654,0,0,0,0,0,0,5.480631,4.345269,6.616003,0.592854,0.702737,0.482971,7.390099,6.227055,8.553143,0.6031588,0,2.125559,7.176804,6.093383,8.260225,9.816074,10,9.462362,6.916283,7.219779,6.612787,0.6379997,0,1.616654,0,0,0,0,0,0,5.480631,4.345269,6.616003,0.592854,0.702737,0.482971,7.390099,6.227055,8.553143,0.6031588,0,2.125559,7.176804,6.093383,8.260225,9.816074,10,9.462362,-1,-1,-1,-1,-1,-1,-1,-1,-1,-1,-1,-1,-1,-1,-1,-1,-1,-1,-1,-1,-1,-1,-1,-1,-1,-1,-1,-1,-1,-1,-1,-1,-1,-1,-1,-1,-1,-1,-1,-1,-1,-1,-1,-1,-1,-1,-1,-1,-1,-1,0,0,0,0,0,0,-1,-1,-1,-1,-1,-1,-1,-1,-1,-1,-1,-1,0,0,0,0,0,0,-1,-1,-1,-1,-1,-1,-1,-1,-1,-1,-1,-1,-1,-1,False,False,0,0,False,54,0,0,0,0,0,0,0,0,0,0,0,0,0,0,0,1,
0,798,2026-02-23 14:15:31Z,,6.916303,7.219782,6.612823,0.6379659,0,1.616635,0,0,0,0,0,0,5.480657,4.345278,6.616046,0.592854,0.702737,0.482971,7.39011,6.227049,8.553172,0.6031372,0,2.125538,7.176839,6.093402,8.260277,9.816145,10,9.462451,6.916303,7.219782,6.612823,0.6379659,0,1.616635,0,0,0,0,0,0,5.480657,4.345278,6.616046,0.592854,0.702737,0.482971,7.39011,6.227049,8.553172,0.6031372,0,2.125538,7.176839,6.093402,8.260277,9.816145,10,9.462451,-1,-1,-1,-1,-1,-1,-1,-1,-1,-1,-1,-1,-1,-1,-1,-1,-1,-1,-1,-1,-1,-1,-1,-1,-1,-1,-1,-1,-1,-1,-1,-1,-1,-1,-1,-1,-1,-1,-1,-1,-1,-1,-1,-1,-1,-1,-1,-1,-1,-1,0,0,0,0,0,0,-1,-1,-1,-1,-1,-1,-1,-1,-1,-1,-1,-1,0,0,0,0,0,0,-1,-1,-1,-1,-1,-1,-1,-1,-1,-1,-1,-1,-1,-1,False,False,0,0,False,54,0,0,0,0,0,0,0,0,0,0,0,0,0,0,0,1,
0,799,2026-02-23 14:15:31Z,,6.916323,7.219786,6.61286,0.6379322,0,1.616616,0,0,0,0,0,0,5.480682,4.345286,6.616088,0.592854,0.702737,0.482971,7.390122,6.227043,8.553202,0.6031156,0,2.125516,7.176875,6.093421,8.260328,9.816216,10,9.46254,6.916323,7.219786,6.61286,0.6379322,0,1.616616,0,0,0,0,0,0,5.480682,4.345286,6.616088,0.592854,0.702737,0.482971,7.390122,6.227043,8.553202,0.6031156,0,2.125516,7.176875,6.093421,8.260328,9.816216,10,9.46254,-1,-1,-1,-1,-1,-1,-1,-1,-1,-1,-1,-1,-1,-1,-1,-1,-1,-1,-1,-1,-1,-1,-1,-1,-1,-1,-1,-1,-1,-1,-1,-1,-1,-1,-1,-1,-1,-1,-1,-1,-1,-1,-1,-1,-1,-1,-1,-1,-1,-1,0,0,0,0,0,0,-1,-1,-1,-1,-1,-1,-1,-1,-1,-1,-1,-1,0,0,0,0,0,0,-1,-1,-1,-1,-1,-1,-1,-1,-1,-1,-1,-1,-1,-1,False,False,0,0,False,54,0,0,0,0,0,0,0,0,0,0,0,0,0,0,0,1,
0,800,2026-02-23 14:15:31Z,,6.916343,7.21979,6.612895,0.6378986,0,1.616598,0,0,0,0,0,0,5.480708,4.345294,6.616131,0.592854,0.702737,0.482971,7.390133,6.227037,8.55323,0.6030941,0,2.125494,7.17691,6.093441,8.26038,9.816286,10,9.462628,6.916343,7.21979,6.612895,0.6378986,0,1.616598,0,0,0,0,0,0,5.480708,4.345294,6.616131,0.592854,0.702737,0.482971,7.390133,6.227037,8.55323,0.6030941,0,2.125494,7.17691,6.093441,8.26038,9.816286,10,9.462628,-1,-1,-1,-1,-1,-1,-1,-1,-1,-1,-1,-1,-1,-1,-1,-1,-1,-1,-1,-1,-1,-1,-1,-1,-1,-1,-1,-1,-1,-1,-1,-1,-1,-1,-1,-1,-1,-1,-1,-1,-1,-1,-1,-1,-1,-1,-1,-1,-1,-1,0,0,0,0,0,0,-1,-1,-1,-1,-1,-1,-1,-1,-1,-1,-1,-1,0,0,0,0,0,0,-1,-1,-1,-1,-1,-1,-1,-1,-1,-1,-1,-1,-1,-1,False,False,0,0,False,54,0,0,0,0,0,0,0,0,0,0,0,0,0,0,0,1,
0,801,2026-02-23 14:15:31Z,,6.916362,7.219793,6.612932,0.637865,0,1.616579,0,0,0,0,0,0,5.480733,4.345303,6.616173,0.592854,0.702737,0.482971,7.390145,6.227031,8.55326,0.6030726,0,2.125473,7.176945,6.09346,8.260431,9.816357,10,9.462717,6.916362,7.219793,6.612932,0.637865,0,1.616579,0,0,0,0,0,0,5.480733,4.345303,6.616173,0.592854,0.702737,0.482971,7.390145,6.227031,8.55326,0.6030726,0,2.125473,7.176945,6.09346,8.260431,9.816357,10,9.462717,-1,-1,-1,-1,-1,-1,-1,-1,-1,-1,-1,-1,-1,-1,-1,-1,-1,-1,-1,-1,-1,-1,-1,-1,-1,-1,-1,-1,-1,-1,-1,-1,-1,-1,-1,-1,-1,-1,-1,-1,-1,-1,-1,-1,-1,-1,-1,-1,-1,-1,0,0,0,0,0,0,-1,-1,-1,-1,-1,-1,-1,-1,-1,-1,-1,-1,0,0,0,0,0,0,-1,-1,-1,-1,-1,-1,-1,-1,-1,-1,-1,-1,-1,-1,False,False,0,0,False,54,0,0,0,0,0,0,0,0,0,0,0,0,0,0,0,1,
0,802,2026-02-23 14:15:31Z,,6.916382,7.219797,6.612967,0.6378315,0,1.616561,0,0,0,0,0,0,5.480758,4.345312,6.616216,0.592854,0.702737,0.482971,7.390157,6.227025,8.553288,0.6030511,0,2.125452,7.17698,6.093479,8.260483,9.816427,10,9.462805,6.916382,7.219797,6.612967,0.6378315,0,1.616561,0,0,0,0,0,0,5.480758,4.345312,6.616216,0.592854,0.702737,0.482971,7.390157,6.227025,8.553288,0.6030511,0,2.125452,7.17698,6.093479,8.260483,9.816427,10,9.462805,-1,-1,-1,-1,-1,-1,-1,-1,-1,-1,-1,-1,-1,-1,-1,-1,-1,-1,-1,-1,-1,-1,-1,-1,-1,-1,-1,-1,-1,-1,-1,-1,-1,-1,-1,-1,-1,-1,-1,-1,-1,-1,-1,-1,-1,-1,-1,-1,-1,-1,0,0,0,0,0,0,-1,-1,-1,-1,-1,-1,-1,-1,-1,-1,-1,-1,0,0,0,0,0,0,-1,-1,-1,-1,-1,-1,-1,-1,-1,-1,-1,-1,-1,-1,False,False,0,0,False,54,0,0,0,0,0,0,0,0,0,0,0,0,0,0,0,1,
0,803,2026-02-23 14:15:31Z,,6.916402,7.2198,6.613003,0.6377981,0,1.616542,0,0,0,0,0,0,5.480784,4.34532,6.616258,0.592854,0.702737,0.482971,7.390168,6.227019,8.553318,0.6030297,0,2.12543,7.177015,6.093498,8.260534,9.816498,10,9.462893,6.916402,7.2198,6.613003,0.6377981,0,1.616542,0,0,0,0,0,0,5.480784,4.34532,6.616258,0.592854,0.702737,0.482971,7.390168,6.227019,8.553318,0.6030297,0,2.12543,7.177015,6.093498,8.260534,9.816498,10,9.462893,-1,-1,-1,-1,-1,-1,-1,-1,-1,-1,-1,-1,-1,-1,-1,-1,-1,-1,-1,-1,-1,-1,-1,-1,-1,-1,-1,-1,-1,-1,-1,-1,-1,-1,-1,-1,-1,-1,-1,-1,-1,-1,-1,-1,-1,-1,-1,-1,-1,-1,0,0,0,0,0,0,-1,-1,-1,-1,-1,-1,-1,-1,-1,-1,-1,-1,0,0,0,0,0,0,-1,-1,-1,-1,-1,-1,-1,-1,-1,-1,-1,-1,-1,-1,False,False,0,0,False,54,0,0,0,0,0,0,0,0,0,0,0,0,0,0,0,1,
0,804,2026-02-23 14:15:31Z,,6.916421,7.219804,6.613039,0.6377648,0,1.616524,0,0,0,0,0,0,5.480809,4.345328,6.6163,0.592854,0.702737,0.482971,7.39018,6.227013,8.553347,0.6030084,0,2.125409,7.177051,6.093517,8.260585,9.816567,10,9.462981,6.916421,7.219804,6.613039,0.6377648,0,1.616524,0,0,0,0,0,0,5.480809,4.345328,6.6163,0.592854,0.702737,0.482971,7.39018,6.227013,8.553347,0.6030084,0,2.125409,7.177051,6.093517,8.260585,9.816567,10,9.462981,-1,-1,-1,-1,-1,-1,-1,-1,-1,-1,-1,-1,-1,-1,-1,-1,-1,-1,-1,-1,-1,-1,-1,-1,-1,-1,-1,-1,-1,-1,-1,-1,-1,-1,-1,-1,-1,-1,-1,-1,-1,-1,-1,-1,-1,-1,-1,-1,-1,-1,0,0,0,0,0,0,-1,-1,-1,-1,-1,-1,-1,-1,-1,-1,-1,-1,0,0,0,0,0,0,-1,-1,-1,-1,-1,-1,-1,-1,-1,-1,-1,-1,-1,-1,False,False,0,0,False,54,0,0,0,0,0,0,0,0,0,0,0,0,0,0,0,1,
0,805,2026-02-23 14:15:31Z,,6.916441,7.219807,6.613074,0.6377314,0,1.616506,0,0,0,0,0,0,5.480834,4.345336,6.616342,0.592854,0.702737,0.482971,7.390191,6.227007,8.553375,0.6029871,0,2.125387,7.177085,6.093536,8.260636,9.816637,10,9.463069,6.916441,7.219807,6.613074,0.6377314,0,1.616506,0,0,0,0,0,0,5.480834,4.345336,6.616342,0.592854,0.702737,0.482971,7.390191,6.227007,8.553375,0.6029871,0,2.125387,7.177085,6.093536,8.260636,9.816637,10,9.463069,-1,-1,-1,-1,-1,-1,-1,-1,-1,-1,-1,-1,-1,-1,-1,-1,-1,-1,-1,-1,-1,-1,-1,-1,-1,-1,-1,-1,-1,-1,-1,-1,-1,-1,-1,-1,-1,-1,-1,-1,-1,-1,-1,-1,-1,-1,-1,-1,-1,-1,0,0,0,0,0,0,-1,-1,-1,-1,-1,-1,-1,-1,-1,-1,-1,-1,0,0,0,0,0,0,-1,-1,-1,-1,-1,-1,-1,-1,-1,-1,-1,-1,-1,-1,False,False,0,0,False,54,0,0,0,0,0,0,0,0,0,0,0,0,0,0,0,1,
0,806,2026-02-23 14:15:31Z,,6.916461,7.21981,6.61311,0.6376982,0,1.616487,0,0,0,0,0,0,5.480859,4.345345,6.616384,0.592854,0.702737,0.482971,7.390203,6.227001,8.553405,0.6029658,0,2.125366,7.17712,6.093554,8.260687,9.816707,10,9.463157,6.916461,7.21981,6.61311,0.6376982,0,1.616487,0,0,0,0,0,0,5.480859,4.345345,6.616384,0.592854,0.702737,0.482971,7.390203,6.227001,8.553405,0.6029658,0,2.125366,7.17712,6.093554,8.260687,9.816707,10,9.463157,-1,-1,-1,-1,-1,-1,-1,-1,-1,-1,-1,-1,-1,-1,-1,-1,-1,-1,-1,-1,-1,-1,-1,-1,-1,-1,-1,-1,-1,-1,-1,-1,-1,-1,-1,-1,-1,-1,-1,-1,-1,-1,-1,-1,-1,-1,-1,-1,-1,-1,0,0,0,0,0,0,-1,-1,-1,-1,-1,-1,-1,-1,-1,-1,-1,-1,0,0,0,0,0,0,-1,-1,-1,-1,-1,-1,-1,-1,-1,-1,-1,-1,-1,-1,False,False,0,0,False,54,0,0,0,0,0,0,0,0,0,0,0,0,0,0,0,1,
0,807,2026-02-23 14:15:31Z,,6.91648,7.219814,6.613145,0.6376651,0,1.616469,0,0,0,0,0,0,5.480885,4.345353,6.616426,0.592854,0.702737,0.482971,7.390214,6.226995,8.553433,0.6029446,0,2.125345,7.177155,6.093574,8.260738,9.816776,10,9.463243,6.91648,7.219814,6.613145,0.6376651,0,1.616469,0,0,0,0,0,0,5.480885,4.345353,6.616426,0.592854,0.702737,0.482971,7.390214,6.226995,8.553433,0.6029446,0,2.125345,7.177155,6.093574,8.260738,9.816776,10,9.463243,-1,-1,-1,-1,-1,-1,-1,-1,-1,-1,-1,-1,-1,-1,-1,-1,-1,-1,-1,-1,-1,-1,-1,-1,-1,-1,-1,-1,-1,-1,-1,-1,-1,-1,-1,-1,-1,-1,-1,-1,-1,-1,-1,-1,-1,-1,-1,-1,-1,-1,0,0,0,0,0,0,-1,-1,-1,-1,-1,-1,-1,-1,-1,-1,-1,-1,0,0,0,0,0,0,-1,-1,-1,-1,-1,-1,-1,-1,-1,-1,-1,-1,-1,-1,False,False,0,0,False,54,0,0,0,0,0,0,0,0,0,0,0,0,0,0,0,1,
0,808,2026-02-23 14:15:31Z,,6.9165,7.219818,6.613181,0.637632,0,1.616451,0,0,0,0,0,0,5.480909,4.345361,6.616468,0.592854,0.702737,0.482971,7.390225,6.226989,8.553462,0.6029233,0,2.125324,7.17719,6.093592,8.260789,9.816846,10,9.46333,6.9165,7.219818,6.613181,0.637632,0,1.616451,0,0,0,0,0,0,5.480909,4.345361,6.616468,0.592854,0.702737,0.482971,7.390225,6.226989,8.553462,0.6029233,0,2.125324,7.17719,6.093592,8.260789,9.816846,10,9.46333,-1,-1,-1,-1,-1,-1,-1,-1,-1,-1,-1,-1,-1,-1,-1,-1,-1,-1,-1,-1,-1,-1,-1,-1,-1,-1,-1,-1,-1,-1,-1,-1,-1,-1,-1,-1,-1,-1,-1,-1,-1,-1,-1,-1,-1,-1,-1,-1,-1,-1,0,0,0,0,0,0,-1,-1,-1,-1,-1,-1,-1,-1,-1,-1,-1,-1,0,0,0,0,0,0,-1,-1,-1,-1,-1,-1,-1,-1,-1,-1,-1,-1,-1,-1,False,False,0,0,False,54,0,0,0,0,0,0,0,0,0,0,0,0,0,0,0,1,
0,809,2026-02-23 14:15:31Z,,6.916519,7.219821,6.613216,0.637599,0,1.616433,0,0,0,0,0,0,5.480935,4.34537,6.616509,0.592854,0.702737,0.482971,7.390237,6.226984,8.553491,0.6029022,0,2.125303,7.177225,6.093611,8.260839,9.816916,10,9.463418,6.916519,7.219821,6.613216,0.637599,0,1.616433,0,0,0,0,0,0,5.480935,4.34537,6.616509,0.592854,0.702737,0.482971,7.390237,6.226984,8.553491,0.6029022,0,2.125303,7.177225,6.093611,8.260839,9.816916,10,9.463418,-1,-1,-1,-1,-1,-1,-1,-1,-1,-1,-1,-1,-1,-1,-1,-1,-1,-1,-1,-1,-1,-1,-1,-1,-1,-1,-1,-1,-1,-1,-1,-1,-1,-1,-1,-1,-1,-1,-1,-1,-1,-1,-1,-1,-1,-1,-1,-1,-1,-1,0,0,0,0,0,0,-1,-1,-1,-1,-1,-1,-1,-1,-1,-1,-1,-1,0,0,0,0,0,0,-1,-1,-1,-1,-1,-1,-1,-1,-1,-1,-1,-1,-1,-1,False,False,0,0,False,54,0,0,0,0,0,0,0,0,0,0,0,0,0,0,0,1,
0,810,2026-02-23 14:15:31Z,,6.916538,7.219825,6.613252,0.637566,0,1.616414,0,0,0,0,0,0,5.480959,4.345378,6.616551,0.592854,0.702737,0.482971,7.390248,6.226978,8.553519,0.6028811,0,2.125282,7.177259,6.09363,8.26089,9.816984,10,9.463505,6.916538,7.219825,6.613252,0.637566,0,1.616414,0,0,0,0,0,0,5.480959,4.345378,6.616551,0.592854,0.702737,0.482971,7.390248,6.226978,8.553519,0.6028811,0,2.125282,7.177259,6.09363,8.26089,9.816984,10,9.463505,-1,-1,-1,-1,-1,-1,-1,-1,-1,-1,-1,-1,-1,-1,-1,-1,-1,-1,-1,-1,-1,-1,-1,-1,-1,-1,-1,-1,-1,-1,-1,-1,-1,-1,-1,-1,-1,-1,-1,-1,-1,-1,-1,-1,-1,-1,-1,-1,-1,-1,0,0,0,0,0,0,-1,-1,-1,-1,-1,-1,-1,-1,-1,-1,-1,-1,0,0,0,0,0,0,-1,-1,-1,-1,-1,-1,-1,-1,-1,-1,-1,-1,-1,-1,False,False,0,0,False,54,0,0,0,0,0,0,0,0,0,0,0,0,0,0,0,1,
0,811,2026-02-23 14:15:31Z,,6.916558,7.219828,6.613286,0.6375331,0,1.616396,0,0,0,0,0,0,5.480984,4.345386,6.616592,0.592854,0.702737,0.482971,7.39026,6.226972,8.553548,0.6028601,0,2.12526,7.177294,6.093648,8.26094,9.817054,10,9.463591,6.916558,7.219828,6.613286,0.6375331,0,1.616396,0,0,0,0,0,0,5.480984,4.345386,6.616592,0.592854,0.702737,0.482971,7.39026,6.226972,8.553548,0.6028601,0,2.12526,7.177294,6.093648,8.26094,9.817054,10,9.463591,-1,-1,-1,-1,-1,-1,-1,-1,-1,-1,-1,-1,-1,-1,-1,-1,-1,-1,-1,-1,-1,-1,-1,-1,-1,-1,-1,-1,-1,-1,-1,-1,-1,-1,-1,-1,-1,-1,-1,-1,-1,-1,-1,-1,-1,-1,-1,-1,-1,-1,0,0,0,0,0,0,-1,-1,-1,-1,-1,-1,-1,-1,-1,-1,-1,-1,0,0,0,0,0,0,-1,-1,-1,-1,-1,-1,-1,-1,-1,-1,-1,-1,-1,-1,False,False,0,0,False,54,0,0,0,0,0,0,0,0,0,0,0,0,0,0,0,1,
0,812,2026-02-23 14:15:31Z,,6.916577,7.219832,6.613322,0.6375003,0,1.616378,0,0,0,0,0,0,5.481009,4.345394,6.616634,0.592854,0.702737,0.482971,7.390271,6.226966,8.553576,0.6028391,0,2.125239,7.177328,6.093667,8.26099,9.817122,10,9.463677,6.916577,7.219832,6.613322,0.6375003,0,1.616378,0,0,0,0,0,0,5.481009,4.345394,6.616634,0.592854,0.702737,0.482971,7.390271,6.226966,8.553576,0.6028391,0,2.125239,7.177328,6.093667,8.26099,9.817122,10,9.463677,-1,-1,-1,-1,-1,-1,-1,-1,-1,-1,-1,-1,-1,-1,-1,-1,-1,-1,-1,-1,-1,-1,-1,-1,-1,-1,-1,-1,-1,-1,-1,-1,-1,-1,-1,-1,-1,-1,-1,-1,-1,-1,-1,-1,-1,-1,-1,-1,-1,-1,0,0,0,0,0,0,-1,-1,-1,-1,-1,-1,-1,-1,-1,-1,-1,-1,0,0,0,0,0,0,-1,-1,-1,-1,-1,-1,-1,-1,-1,-1,-1,-1,-1,-1,False,False,0,0,False,54,0,0,0,0,0,0,0,0,0,0,0,0,0,0,0,1,
0,813,2026-02-23 14:15:31Z,,6.916596,7.219835,6.613357,0.6374676,0,1.61636,0,0,0,0,0,0,5.481034,4.345403,6.616675,0.592854,0.702737,0.482971,7.390282,6.22696,8.553605,0.6028181,0,2.125218,7.177363,6.093686,8.261041,9.817191,10,9.463763,6.916596,7.219835,6.613357,0.6374676,0,1.61636,0,0,0,0,0,0,5.481034,4.345403,6.616675,0.592854,0.702737,0.482971,7.390282,6.22696,8.553605,0.6028181,0,2.125218,7.177363,6.093686,8.261041,9.817191,10,9.463763,-1,-1,-1,-1,-1,-1,-1,-1,-1,-1,-1,-1,-1,-1,-1,-1,-1,-1,-1,-1,-1,-1,-1,-1,-1,-1,-1,-1,-1,-1,-1,-1,-1,-1,-1,-1,-1,-1,-1,-1,-1,-1,-1,-1,-1,-1,-1,-1,-1,-1,0,0,0,0,0,0,-1,-1,-1,-1,-1,-1,-1,-1,-1,-1,-1,-1,0,0,0,0,0,0,-1,-1,-1,-1,-1,-1,-1,-1,-1,-1,-1,-1,-1,-1,False,False,0,0,False,54,0,0,0,0,0,0,0,0,0,0,0,0,0,0,0,1,
0,814,2026-02-23 14:15:31Z,,6.916615,7.219839,6.613392,0.637435,0,1.616342,0,0,0,0,0,0,5.481059,4.345411,6.616717,0.592854,0.702737,0.482971,7.390294,6.226954,8.553633,0.6027972,0,2.125198,7.177397,6.093704,8.26109,9.81726,10,9.46385,6.916615,7.219839,6.613392,0.637435,0,1.616342,0,0,0,0,0,0,5.481059,4.345411,6.616717,0.592854,0.702737,0.482971,7.390294,6.226954,8.553633,0.6027972,0,2.125198,7.177397,6.093704,8.26109,9.81726,10,9.46385,-1,-1,-1,-1,-1,-1,-1,-1,-1,-1,-1,-1,-1,-1,-1,-1,-1,-1,-1,-1,-1,-1,-1,-1,-1,-1,-1,-1,-1,-1,-1,-1,-1,-1,-1,-1,-1,-1,-1,-1,-1,-1,-1,-1,-1,-1,-1,-1,-1,-1,0,0,0,0,0,0,-1,-1,-1,-1,-1,-1,-1,-1,-1,-1,-1,-1,0,0,0,0,0,0,-1,-1,-1,-1,-1,-1,-1,-1,-1,-1,-1,-1,-1,-1,False,False,0,0,False,54,0,0,0,0,0,0,0,0,0,0,0,0,0,0,0,1,
0,815,2026-02-23 14:15:31Z,,6.916635,7.219842,6.613427,0.6374024,0,1.616324,0,0,0,0,0,0,5.481083,4.345419,6.616758,0.592854,0.702737,0.482971,7.390305,6.226949,8.553661,0.6027763,0,2.125177,7.177431,6.093723,8.261141,9.817327,10,9.463936,6.916635,7.219842,6.613427,0.6374024,0,1.616324,0,0,0,0,0,0,5.481083,4.345419,6.616758,0.592854,0.702737,0.482971,7.390305,6.226949,8.553661,0.6027763,0,2.125177,7.177431,6.093723,8.261141,9.817327,10,9.463936,-1,-1,-1,-1,-1,-1,-1,-1,-1,-1,-1,-1,-1,-1,-1,-1,-1,-1,-1,-1,-1,-1,-1,-1,-1,-1,-1,-1,-1,-1,-1,-1,-1,-1,-1,-1,-1,-1,-1,-1,-1,-1,-1,-1,-1,-1,-1,-1,-1,-1,0,0,0,0,0,0,-1,-1,-1,-1,-1,-1,-1,-1,-1,-1,-1,-1,0,0,0,0,0,0,-1,-1,-1,-1,-1,-1,-1,-1,-1,-1,-1,-1,-1,-1,False,False,0,0,False,54,0,0,0,0,0,0,0,0,0,0,0,0,0,0,0,1,
0,816,2026-02-23 14:15:32Z,LLM_Empathetic,6.916654,7.219846,6.613461,0.6373698,0,1.616306,0,0,0,0,0,0,5.481108,4.345427,6.616799,0.592854,0.702737,0.482971,7.390316,6.226943,8.55369,0.6027554,0,2.125156,7.177465,6.093741,8.26119,9.817396,10,9.464022,6.916654,7.219846,6.613461,0.6373698,0,1.616306,0,0,0,0,0,0,5.481108,4.345427,6.616799,0.592854,0.702737,0.482971,7.390316,6.226943,8.55369,0.6027554,0,2.125156,7.177465,6.093741,8.26119,9.817396,10,9.464022,-1,-1,-1,-1,-1,-1,-1,-1,-1,-1,-1,-1,-1,-1,-1,-1,-1,-1,-1,-1,-1,-1,-1,-1,-1,-1,-1,-1,-1,-1,-1,-1,-1,-1,-1,-1,-1,-1,-1,-1,-1,-1,-1,-1,-1,-1,-1,-1,-1,-1,0,0,0,0,0,0,-1,-1,-1,-1,-1,-1,-1,-1,-1,-1,-1,-1,0,0,0,0,0,0,-1,-1,-1,-1,-1,-1,-1,-1,-1,-1,-1,-1,-1,-1,False,False,0,0,False,54,0,0,0,0,0,0,0,0,0,0,0,0,0,0,0,1,
0,817,2026-02-23 14:15:32Z,LLM_Empathetic,6.916673,7.219849,6.613496,0.6373373,0,1.616288,0,0,0,0,0,0,5.481133,4.345435,6.61684,0.592854,0.702737,0.482971,7.390327,6.226937,8.553718,0.6027347,0,2.125135,7.1775,6.09376,8.26124,9.817465,10,9.464107,6.916673,7.219849,6.613496,0.6373373,0,1.616288,0,0,0,0,0,0,5.481133,4.345435,6.61684,0.592854,0.702737,0.482971,7.390327,6.226937,8.553718,0.6027347,0,2.125135,7.1775,6.09376,8.26124,9.817465,10,9.464107,-1,-1,-1,-1,-1,-1,-1,-1,-1,-1,-1,-1,-1,-1,-1,-1,-1,-1,-1,-1,-1,-1,-1,-1,-1,-1,-1,-1,-1,-1,-1,-1,-1,-1,-1,-1,-1,-1,-1,-1,-1,-1,-1,-1,-1,-1,-1,-1,-1,-1,0,0,0,0,0,0,-1,-1,-1,-1,-1,-1,-1,-1,-1,-1,-1,-1,0,0,0,0,0,0,-1,-1,-1,-1,-1,-1,-1,-1,-1,-1,-1,-1,-1,-1,False,False,0,0,False,180,0,0,0,0,0,0,0,0,0,0,0,0,0,0,0,1,
0,818,2026-02-23 14:15:32Z,LLM_Empathetic,6.916692,7.219852,6.613531,0.6373049,0,1.61627,0,0,0,0,0,0,5.481157,4.345443,6.616881,0.592854,0.702737,0.482971,7.390338,6.226932,8.553746,0.6027139,0,2.125114,7.177534,6.093778,8.26129,9.817533,10,9.464192,6.916692,7.219852,6.613531,0.6373049,0,1.61627,0,0,0,0,0,0,5.481157,4.345443,6.616881,0.592854,0.702737,0.482971,7.390338,6.226932,8.553746,0.6027139,0,2.125114,7.177534,6.093778,8.26129,9.817533,10,9.464192,-1,-1,-1,-1,-1,-1,-1,-1,-1,-1,-1,-1,-1,-1,-1,-1,-1,-1,-1,-1,-1,-1,-1,-1,-1,-1,-1,-1,-1,-1,-1,-1,-1,-1,-1,-1,-1,-1,-1,-1,-1,-1,-1,-1,-1,-1,-1,-1,-1,-1,0,0,0,0,0,0,-1,-1,-1,-1,-1,-1,-1,-1,-1,-1,-1,-1,0,0,0,0,0,0,-1,-1,-1,-1,-1,-1,-1,-1,-1,-1,-1,-1,-1,-1,False,False,0,0,False,209,0,0,0,0,0,0,0,0,0,0,0,0,0,0,0,1,
0,819,2026-02-23 14:15:32Z,LLM_Empathetic,6.916711,7.219856,6.613565,0.6372725,0,1.616253,0,0,0,0,0,0,5.481182,4.345451,6.616922,0.592854,0.702737,0.482971,7.390349,6.226926,8.553774,0.6026932,0,2.125093,7.177567,6.093797,8.261339,9.8176,10,9.464277,6.916711,7.219856,6.613565,0.6372725,0,1.616253,0,0,0,0,0,0,5.481182,4.345451,6.616922,0.592854,0.702737,0.482971,7.390349,6.226926,8.553774,0.6026932,0,2.125093,7.177567,6.093797,8.261339,9.8176,10,9.464277,-1,-1,-1,-1,-1,-1,-1,-1,-1,-1,-1,-1,-1,-1,-1,-1,-1,-1,-1,-1,-1,-1,-1,-1,-1,-1,-1,-1,-1,-1,-1,-1,-1,-1,-1,-1,-1,-1,-1,-1,-1,-1,-1,-1,-1,-1,-1,-1,-1,-1,0,0,0,0,0,0,-1,-1,-1,-1,-1,-1,-1,-1,-1,-1,-1,-1,0,0,0,0,0,0,-1,-1,-1,-1,-1,-1,-1,-1,-1,-1,-1,-1,-1,-1,False,False,0,0,False,207,0,0,0,0,0,0,0,0,0,0,0,0,0,0,0,1,
0,820,2026-02-23 14:15:32Z,LLM_Empathetic,6.91673,7.21986,6.6136,0.6372403,0,1.616235,0,0,0,0,0,0,5.481206,4.345459,6.616962,0.592854,0.702737,0.482971,7.390361,6.22692,8.553802,0.6026725,0,2.125073,7.177601,6.093815,8.261389,9.817668,10,9.464362,6.91673,7.21986,6.6136,0.6372403,0,1.616235,0,0,0,0,0,0,5.481206,4.345459,6.616962,0.592854,0.702737,0.482971,7.390361,6.22692,8.553802,0.6026725,0,2.125073,7.177601,6.093815,8.261389,9.817668,10,9.464362,-1,-1,-1,-1,-1,-1,-1,-1,-1,-1,-1,-1,-1,-1,-1,-1,-1,-1,-1,-1,-1,-1,-1,-1,-1,-1,-1,-1,-1,-1,-1,-1,-1,-1,-1,-1,-1,-1,-1,-1,-1,-1,-1,-1,-1,-1,-1,-1,-1,-1,0,0,0,0,0,0,-1,-1,-1,-1,-1,-1,-1,-1,-1,-1,-1,-1,0,0,0,0,0,0,-1,-1,-1,-1,-1,-1,-1,-1,-1,-1,-1,-1,-1,-1,False,False,0,0,False,209,0,0,0,0,0,0,0,0,0,0,0,0,0,0,0,1,
0,821,2026-02-23 14:15:32Z,LLM_Empathetic,6.916749,7.219863,6.613635,0.6372081,0,1.616217,0,0,0,0,0,0,5.48123,4.345468,6.617003,0.592854,0.702737,0.482971,7.390372,6.226914,8.55383,0.6026519,0,2.125052,7.177635,6.093833,8.261438,9.817736,10,9.464447,6.916749,7.219863,6.613635,0.6372081,0,1.616217,0,0,0,0,0,0,5.48123,4.345468,6.617003,0.592854,0.702737,0.482971,7.390372,6.226914,8.55383,0.6026519,0,2.125052,7.177635,6.093833,8.261438,9.817736,10,9.464447,-1,-1,-1,-1,-1,-1,-1,-1,-1,-1,-1,-1,-1,-1,-1,-1,-1,-1,-1,-1,-1,-1,-1,-1,-1,-1,-1,-1,-1,-1,-1,-1,-1,-1,-1,-1,-1,-1,-1,-1,-1,-1,-1,-1,-1,-1,-1,-1,-1,-1,0,0,0,0,0,0,-1,-1,-1,-1,-1,-1,-1,-1,-1,-1,-1,-1,0,0,0,0,0,0,-1,-1,-1,-1,-1,-1,-1,-1,-1,-1,-1,-1,-1,-1,False,False,0,0,False,207,0,0,0,0,0,0,0,0,0,0,0,0,0,0,0,1,
0,822,2026-02-23 14:15:33Z,LLM_Empathetic,6.916768,7.219866,6.613669,0.6371759,0,1.616199,0,0,0,0,0,0,5.481255,4.345476,6.617044,0.592854,0.702737,0.482971,7.390383,6.226909,8.553858,0.6026313,0,2.125032,7.177669,6.093852,8.261487,9.817803,10,9.464532,6.916768,7.219866,6.613669,0.6371759,0,1.616199,0,0,0,0,0,0,5.481255,4.345476,6.617044,0.592854,0.702737,0.482971,7.390383,6.226909,8.553858,0.6026313,0,2.125032,7.177669,6.093852,8.261487,9.817803,10,9.464532,-1,-1,-1,-1,-1,-1,-1,-1,-1,-1,-1,-1,-1,-1,-1,-1,-1,-1,-1,-1,-1,-1,-1,-1,-1,-1,-1,-1,-1,-1,-1,-1,-1,-1,-1,-1,-1,-1,-1,-1,-1,-1,-1,-1,-1,-1,-1,-1,-1,-1,0,0,0,0,0,0,-1,-1,-1,-1,-1,-1,-1,-1,-1,-1,-1,-1,0,0,0,0,0,0,-1,-1,-1,-1,-1,-1,-1,-1,-1,-1,-1,-1,-1,-1,False,False,0,0,False,209,0,0,0,0,0,0,0,0,0,0,0,0,0,0,0,1,
0,823,2026-02-23 14:15:33Z,LLM_Empathetic,6.916787,7.21987,6.613703,0.6371439,0,1.616182,0,0,0,0,0,0,5.481279,4.345484,6.617085,0.592854,0.702737,0.482971,7.390394,6.226903,8.553885,0.6026108,0,2.125011,7.177703,6.09387,8.261537,9.81787,10,9.464617,6.916787,7.21987,6.613703,0.6371439,0,1.616182,0,0,0,0,0,0,5.481279,4.345484,6.617085,0.592854,0.702737,0.482971,7.390394,6.226903,8.553885,0.6026108,0,2.125011,7.177703,6.09387,8.261537,9.81787,10,9.464617,-1,-1,-1,-1,-1,-1,-1,-1,-1,-1,-1,-1,-1,-1,-1,-1,-1,-1,-1,-1,-1,-1,-1,-1,-1,-1,-1,-1,-1,-1,-1,-1,-1,-1,-1,-1,-1,-1,-1,-1,-1,-1,-1,-1,-1,-1,-1,-1,-1,-1,0,0,0,0,0,0,-1,-1,-1,-1,-1,-1,-1,-1,-1,-1,-1,-1,0,0,0,0,0,0,-1,-1,-1,-1,-1,-1,-1,-1,-1,-1,-1,-1,-1,-1,False,False,0,0,False,209,0,0,0,0,0,0,0,0,0,0,0,0,0,0,0,1,
0,824,2026-02-23 14:15:33Z,LLM_Empathetic,6.916805,7.219873,6.613738,0.6371118,0,1.616164,0,0,0,0,0,0,5.481303,4.345491,6.617125,0.592854,0.702737,0.482971,7.390405,6.226897,8.553913,0.6025903,0,2.124991,7.177736,6.093888,8.261585,9.817938,10,9.464701,6.916805,7.219873,6.613738,0.6371118,0,1.616164,0,0,0,0,0,0,5.481303,4.345491,6.617125,0.592854,0.702737,0.482971,7.390405,6.226897,8.553913,0.6025903,0,2.124991,7.177736,6.093888,8.261585,9.817938,10,9.464701,-1,-1,-1,-1,-1,-1,-1,-1,-1,-1,-1,-1,-1,-1,-1,-1,-1,-1,-1,-1,-1,-1,-1,-1,-1,-1,-1,-1,-1,-1,-1,-1,-1,-1,-1,-1,-1,-1,-1,-1,-1,-1,-1,-1,-1,-1,-1,-1,-1,-1,0,0,0,0,0,0,-1,-1,-1,-1,-1,-1,-1,-1,-1,-1,-1,-1,0,0,0,0,0,0,-1,-1,-1,-1,-1,-1,-1,-1,-1,-1,-1,-1,-1,-1,False,False,0,0,False,207,0,0,0,0,0,0,0,0,0,0,0,0,0,0,0,1,
0,825,2026-02-23 14:15:33Z,LLM_Empathetic,6.916824,7.219877,6.613772,0.6370799,0,1.616146,0,0,0,0,0,0,5.481327,4.3455,6.617165,0.592854,0.702737,0.482971,7.390416,6.226892,8.553941,0.6025698,0,2.12497,7.17777,6.093906,8.261635,9.818005,10,9.464785,6.916824,7.219877,6.613772,0.6370799,0,1.616146,0,0,0,0,0,0,5.481327,4.3455,6.617165,0.592854,0.702737,0.482971,7.390416,6.226892,8.553941,0.6025698,0,2.12497,7.17777,6.093906,8.261635,9.818005,10,9.464785,-1,-1,-1,-1,-1,-1,-1,-1,-1,-1,-1,-1,-1,-1,-1,-1,-1,-1,-1,-1,-1,-1,-1,-1,-1,-1,-1,-1,-1,-1,-1,-1,-1,-1,-1,-1,-1,-1,-1,-1,-1,-1,-1,-1,-1,-1,-1,-1,-1,-1,0,0,0,0,0,0,-1,-1,-1,-1,-1,-1,-1,-1,-1,-1,-1,-1,0,0,0,0,0,0,-1,-1,-1,-1,-1,-1,-1,-1,-1,-1,-1,-1,-1,-1,False,False,0,0,False,207,0,0,0,0,0,0,0,0,0,0,0,0,0,0,0,1,
0,826,2026-02-23 14:15:33Z,LLM_Empathetic,6.916843,7.21988,6.613806,0.637048,0,1.616129,0,0,0,0,0,0,5.481351,4.345508,6.617206,0.592854,0.702737,0.482971,7.390427,6.226886,8.553968,0.6025494,0,2.12495,7.177804,6.093925,8.261683,9.818071,10,9.464869,6.916843,7.21988,6.613806,0.637048,0,1.616129,0,0,0,0,0,0,5.481351,4.345508,6.617206,0.592854,0.702737,0.482971,7.390427,6.226886,8.553968,0.6025494,0,2.12495,7.177804,6.093925,8.261683,9.818071,10,9.464869,-1,-1,-1,-1,-1,-1,-1,-1,-1,-1,-1,-1,-1,-1,-1,-1,-1,-1,-1,-1,-1,-1,-1,-1,-1,-1,-1,-1,-1,-1,-1,-1,-1,-1,-1,-1,-1,-1,-1,-1,-1,-1,-1,-1,-1,-1,-1,-1,-1,-1,0,0,0,0,0,0,-1,-1,-1,-1,-1,-1,-1,-1,-1,-1,-1,-1,0,0,0,0,0,0,-1,-1,-1,-1,-1,-1,-1,-1,-1,-1,-1,-1,-1,-1,False,False,0,0,False,209,0,0,0,0,0,0,0,0,0,0,0,0,0,0,0,1,
0,827,2026-02-23 14:15:33Z,LLM_Empathetic,6.916862,7.219883,6.61384,0.6370162,0,1.616111,0,0,0,0,0,0,5.481375,4.345516,6.617246,0.592854,0.702737,0.482971,7.390438,6.22688,8.553996,0.602529,0,2.124929,7.177837,6.093943,8.261732,9.818138,10,9.464952,6.916862,7.219883,6.61384,0.6370162,0,1.616111,0,0,0,0,0,0,5.481375,4.345516,6.617246,0.592854,0.702737,0.482971,7.390438,6.22688,8.553996,0.602529,0,2.124929,7.177837,6.093943,8.261732,9.818138,10,9.464952,-1,-1,-1,-1,-1,-1,-1,-1,-1,-1,-1,-1,-1,-1,-1,-1,-1,-1,-1,-1,-1,-1,-1,-1,-1,-1,-1,-1,-1,-1,-1,-1,-1,-1,-1,-1,-1,-1,-1,-1,-1,-1,-1,-1,-1,-1,-1,-1,-1,-1,0,0,0,0,0,0,-1,-1,-1,-1,-1,-1,-1,-1,-1,-1,-1,-1,0,0,0,0,0,0,-1,-1,-1,-1,-1,-1,-1,-1,-1,-1,-1,-1,-1,-1,False,False,0,0,False,209,0,0,0,0,0,0,0,0,0,0,0,0,0,0,0,1,
0,828,2026-02-23 14:15:33Z,LLM_Empathetic,6.916881,7.219887,6.613874,0.6369845,0,1.616094,0,0,0,0,0,0,5.4814,4.345523,6.617286,0.592854,0.702737,0.482971,7.390449,6.226874,8.554024,0.6025087,0,2.124909,7.17787,6.093961,8.261781,9.818205,10,9.465036,6.916881,7.219887,6.613874,0.6369845,0,1.616094,0,0,0,0,0,0,5.4814,4.345523,6.617286,0.592854,0.702737,0.482971,7.390449,6.226874,8.554024,0.6025087,0,2.124909,7.17787,6.093961,8.261781,9.818205,10,9.465036,-1,-1,-1,-1,-1,-1,-1,-1,-1,-1,-1,-1,-1,-1,-1,-1,-1,-1,-1,-1,-1,-1,-1,-1,-1,-1,-1,-1,-1,-1,-1,-1,-1,-1,-1,-1,-1,-1,-1,-1,-1,-1,-1,-1,-1,-1,-1,-1,-1,-1,0,0,0,0,0,0,-1,-1,-1,-1,-1,-1,-1,-1,-1,-1,-1,-1,0,0,0,0,0,0,-1,-1,-1,-1,-1,-1,-1,-1,-1,-1,-1,-1,-1,-1,False,False,0,0,False,209,0,0,0,0,0,0,0,0,0,0,0,0,0,0,0,1,
0,829,2026-02-23 14:15:33Z,LLM_Empathetic,6.916899,7.21989,6.613908,0.6369528,0,1.616076,0,0,0,0,0,0,5.481423,4.345531,6.617326,0.592854,0.702737,0.482971,7.39046,6.226869,8.554051,0.6024884,0,2.124889,7.177904,6.093979,8.261829,9.818272,10,9.465119,6.916899,7.21989,6.613908,0.6369528,0,1.616076,0,0,0,0,0,0,5.481423,4.345531,6.617326,0.592854,0.702737,0.482971,7.39046,6.226869,8.554051,0.6024884,0,2.124889,7.177904,6.093979,8.261829,9.818272,10,9.465119,-1,-1,-1,-1,-1,-1,-1,-1,-1,-1,-1,-1,-1,-1,-1,-1,-1,-1,-1,-1,-1,-1,-1,-1,-1,-1,-1,-1,-1,-1,-1,-1,-1,-1,-1,-1,-1,-1,-1,-1,-1,-1,-1,-1,-1,-1,-1,-1,-1,-1,0,0,0,0,0,0,-1,-1,-1,-1,-1,-1,-1,-1,-1,-1,-1,-1,0,0,0,0,0,0,-1,-1,-1,-1,-1,-1,-1,-1,-1,-1,-1,-1,-1,-1,False,False,0,0,False,209,0,0,0,0,0,0,0,0,0,0,0,0,0,0,0,1,
0,830,2026-02-23 14:15:33Z,LLM_Empathetic,6.916918,7.219893,6.613942,0.6369211,0,1.616059,0,0,0,0,0,0,5.481447,4.345539,6.617366,0.592854,0.702737,0.482971,7.390471,6.226863,8.554079,0.6024681,0,2.124869,7.177937,6.093997,8.261878,9.818337,10,9.465203,6.916918,7.219893,6.613942,0.6369211,0,1.616059,0,0,0,0,0,0,5.481447,4.345539,6.617366,0.592854,0.702737,0.482971,7.390471,6.226863,8.554079,0.6024681,0,2.124869,7.177937,6.093997,8.261878,9.818337,10,9.465203,-1,-1,-1,-1,-1,-1,-1,-1,-1,-1,-1,-1,-1,-1,-1,-1,-1,-1,-1,-1,-1,-1,-1,-1,-1,-1,-1,-1,-1,-1,-1,-1,-1,-1,-1,-1,-1,-1,-1,-1,-1,-1,-1,-1,-1,-1,-1,-1,-1,-1,0,0,0,0,0,0,-1,-1,-1,-1,-1,-1,-1,-1,-1,-1,-1,-1,0,0,0,0,0,0,-1,-1,-1,-1,-1,-1,-1,-1,-1,-1,-1,-1,-1,-1,False,False,0,0,False,209,0,0,0,0,0,0,0,0,0,0,0,0,0,0,0,1,
0,831,2026-02-23 14:15:33Z,LLM_Empathetic,6.916936,7.219897,6.613976,0.6368896,0,1.616041,0,0,0,0,0,0,5.481471,4.345547,6.617405,0.592854,0.702737,0.482971,7.390482,6.226858,8.554106,0.6024479,0,2.124848,7.17797,6.094015,8.261927,9.818404,10,9.465286,6.916936,7.219897,6.613976,0.6368896,0,1.616041,0,0,0,0,0,0,5.481471,4.345547,6.617405,0.592854,0.702737,0.482971,7.390482,6.226858,8.554106,0.6024479,0,2.124848,7.17797,6.094015,8.261927,9.818404,10,9.465286,-1,-1,-1,-1,-1,-1,-1,-1,-1,-1,-1,-1,-1,-1,-1,-1,-1,-1,-1,-1,-1,-1,-1,-1,-1,-1,-1,-1,-1,-1,-1,-1,-1,-1,-1,-1,-1,-1,-1,-1,-1,-1,-1,-1,-1,-1,-1,-1,-1,-1,0,0,0,0,0,0,-1,-1,-1,-1,-1,-1,-1,-1,-1,-1,-1,-1,0,0,0,0,0,0,-1,-1,-1,-1,-1,-1,-1,-1,-1,-1,-1,-1,-1,-1,False,False,0,0,False,209,0,0,0,0,0,0,0,0,0,0,0,0,0,0,0,1,
0,832,2026-02-23 14:15:33Z,LLM_Empathetic,6.916955,7.2199,6.614009,0.6368581,0,1.616024,0,0,0,0,0,0,5.481495,4.345555,6.617445,0.592854,0.702737,0.482971,7.390492,6.226852,8.554133,0.6024278,0,2.124828,7.178003,6.094032,8.261974,9.81847,10,9.465369,6.916955,7.2199,6.614009,0.6368581,0,1.616024,0,0,0,0,0,0,5.481495,4.345555,6.617445,0.592854,0.702737,0.482971,7.390492,6.226852,8.554133,0.6024278,0,2.124828,7.178003,6.094032,8.261974,9.81847,10,9.465369,-1,-1,-1,-1,-1,-1,-1,-1,-1,-1,-1,-1,-1,-1,-1,-1,-1,-1,-1,-1,-1,-1,-1,-1,-1,-1,-1,-1,-1,-1,-1,-1,-1,-1,-1,-1,-1,-1,-1,-1,-1,-1,-1,-1,-1,-1,-1,-1,-1,-1,0,0,0,0,0,0,-1,-1,-1,-1,-1,-1,-1,-1,-1,-1,-1,-1,0,0,0,0,0,0,-1,-1,-1,-1,-1,-1,-1,-1,-1,-1,-1,-1,-1,-1,False,False,0,0,False,209,0,0,0,0,0,0,0,0,0,0,0,0,0,0,0,1,
0,833,2026-02-23 14:15:33Z,LLM_Empathetic,6.916973,7.219903,6.614043,0.6368266,0,1.616007,0,0,0,0,0,0,5.481519,4.345563,6.617485,0.592854,0.702737,0.482971,7.390503,6.226847,8.554161,0.6024076,0,2.124808,7.178036,6.09405,8.262023,9.818536,10,9.465452,6.916973,7.219903,6.614043,0.6368266,0,1.616007,0,0,0,0,0,0,5.481519,4.345563,6.617485,0.592854,0.702737,0.482971,7.390503,6.226847,8.554161,0.6024076,0,2.124808,7.178036,6.09405,8.262023,9.818536,10,9.465452,-1,-1,-1,-1,-1,-1,-1,-1,-1,-1,-1,-1,-1,-1,-1,-1,-1,-1,-1,-1,-1,-1,-1,-1,-1,-1,-1,-1,-1,-1,-1,-1,-1,-1,-1,-1,-1,-1,-1,-1,-1,-1,-1,-1,-1,-1,-1,-1,-1,-1,0,0,0,0,0,0,-1,-1,-1,-1,-1,-1,-1,-1,-1,-1,-1,-1,0,0,0,0,0,0,-1,-1,-1,-1,-1,-1,-1,-1,-1,-1,-1,-1,-1,-1,False,False,0,0,False,209,0,0,0,0,0,0,0,0,0,0,0,0,0,0,0,1,
0,834,2026-02-23 14:15:33Z,LLM_Empathetic,6.916992,7.219907,6.614077,0.6367953,0,1.615989,0,0,0,0,0,0,5.481543,4.345571,6.617525,0.592854,0.702737,0.482971,7.390514,6.226841,8.554188,0.6023875,0,2.124788,7.178069,6.094068,8.262071,9.818602,10,9.465534,6.916992,7.219907,6.614077,0.6367953,0,1.615989,0,0,0,0,0,0,5.481543,4.345571,6.617525,0.592854,0.702737,0.482971,7.390514,6.226841,8.554188,0.6023875,0,2.124788,7.178069,6.094068,8.262071,9.818602,10,9.465534,-1,-1,-1,-1,-1,-1,-1,-1,-1,-1,-1,-1,-1,-1,-1,-1,-1,-1,-1,-1,-1,-1,-1,-1,-1,-1,-1,-1,-1,-1,-1,-1,-1,-1,-1,-1,-1,-1,-1,-1,-1,-1,-1,-1,-1,-1,-1,-1,-1,-1,0,0,0,0,0,0,-1,-1,-1,-1,-1,-1,-1,-1,-1,-1,-1,-1,0,0,0,0,0,0,-1,-1,-1,-1,-1,-1,-1,-1,-1,-1,-1,-1,-1,-1,False,False,0,0,False,207,0,0,0,0,0,0,0,0,0,0,0,0,0,0,0,1,
0,835,2026-02-23 14:15:33Z,LLM_Empathetic,6.91701,7.21991,6.61411,0.6367639,0,1.615972,0,0,0,0,0,0,5.481566,4.345579,6.617564,0.592854,0.702737,0.482971,7.390525,6.226835,8.554215,0.6023675,0,2.124768,7.178102,6.094086,8.262119,9.818667,10,9.465617,6.91701,7.21991,6.61411,0.6367639,0,1.615972,0,0,0,0,0,0,5.481566,4.345579,6.617564,0.592854,0.702737,0.482971,7.390525,6.226835,8.554215,0.6023675,0,2.124768,7.178102,6.094086,8.262119,9.818667,10,9.465617,-1,-1,-1,-1,-1,-1,-1,-1,-1,-1,-1,-1,-1,-1,-1,-1,-1,-1,-1,-1,-1,-1,-1,-1,-1,-1,-1,-1,-1,-1,-1,-1,-1,-1,-1,-1,-1,-1,-1,-1,-1,-1,-1,-1,-1,-1,-1,-1,-1,-1,0,0,0,0,0,0,-1,-1,-1,-1,-1,-1,-1,-1,-1,-1,-1,-1,0,0,0,0,0,0,-1,-1,-1,-1,-1,-1,-1,-1,-1,-1,-1,-1,-1,-1,False,False,0,0,False,209,0,0,0,0,0,0,0,0,0,0,0,0,0,0,0,1,
0,836,2026-02-23 14:15:33Z,LLM_Empathetic,6.917028,7.219913,6.614143,0.6367327,0,1.615955,0,0,0,0,0,0,5.48159,4.345586,6.617604,0.592854,0.702737,0.482971,7.390536,6.22683,8.554242,0.6023475,0,2.124748,7.178135,6.094104,8.262167,9.818733,10,9.465699,6.917028,7.219913,6.614143,0.6367327,0,1.615955,0,0,0,0,0,0,5.48159,4.345586,6.617604,0.592854,0.702737,0.482971,7.390536,6.22683,8.554242,0.6023475,0,2.124748,7.178135,6.094104,8.262167,9.818733,10,9.465699,-1,-1,-1,-1,-1,-1,-1,-1,-1,-1,-1,-1,-1,-1,-1,-1,-1,-1,-1,-1,-1,-1,-1,-1,-1,-1,-1,-1,-1,-1,-1,-1,-1,-1,-1,-1,-1,-1,-1,-1,-1,-1,-1,-1,-1,-1,-1,-1,-1,-1,0,0,0,0,0,0,-1,-1,-1,-1,-1,-1,-1,-1,-1,-1,-1,-1,0,0,0,0,0,0,-1,-1,-1,-1,-1,-1,-1,-1,-1,-1,-1,-1,-1,-1,False,False,0,0,False,209,0,0,0,0,0,0,0,0,0,0,0,0,0,0,0,1,
0,837,2026-02-23 14:15:33Z,LLM_Empathetic,6.917047,7.219917,6.614177,0.6367015,0,1.615938,0,0,0,0,0,0,5.481614,4.345594,6.617643,0.592854,0.702737,0.482971,7.390547,6.226824,8.55427,0.6023275,0,2.124728,7.178167,6.094121,8.262215,9.818799,10,9.465781,6.917047,7.219917,6.614177,0.6367015,0,1.615938,0,0,0,0,0,0,5.481614,4.345594,6.617643,0.592854,0.702737,0.482971,7.390547,6.226824,8.55427,0.6023275,0,2.124728,7.178167,6.094121,8.262215,9.818799,10,9.465781,-1,-1,-1,-1,-1,-1,-1,-1,-1,-1,-1,-1,-1,-1,-1,-1,-1,-1,-1,-1,-1,-1,-1,-1,-1,-1,-1,-1,-1,-1,-1,-1,-1,-1,-1,-1,-1,-1,-1,-1,-1,-1,-1,-1,-1,-1,-1,-1,-1,-1,0,0,0,0,0,0,-1,-1,-1,-1,-1,-1,-1,-1,-1,-1,-1,-1,0,0,0,0,0,0,-1,-1,-1,-1,-1,-1,-1,-1,-1,-1,-1,-1,-1,-1,False,False,0,0,False,207,0,0,0,0,0,0,0,0,0,0,0,0,0,0,0,1,
0,838,2026-02-23 14:15:33Z,LLM_Empathetic,6.917065,7.21992,6.61421,0.6366704,0,1.615921,0,0,0,0,0,0,5.481637,4.345602,6.617682,0.592854,0.702737,0.482971,7.390557,6.226819,8.554296,0.6023076,0,2.124708,7.1782,6.094139,8.262262,9.818864,10,9.465863,6.917065,7.21992,6.61421,0.6366704,0,1.615921,0,0,0,0,0,0,5.481637,4.345602,6.617682,0.592854,0.702737,0.482971,7.390557,6.226819,8.554296,0.6023076,0,2.124708,7.1782,6.094139,8.262262,9.818864,10,9.465863,-1,-1,-1,-1,-1,-1,-1,-1,-1,-1,-1,-1,-1,-1,-1,-1,-1,-1,-1,-1,-1,-1,-1,-1,-1,-1,-1,-1,-1,-1,-1,-1,-1,-1,-1,-1,-1,-1,-1,-1,-1,-1,-1,-1,-1,-1,-1,-1,-1,-1,0,0,0,0,0,0,-1,-1,-1,-1,-1,-1,-1,-1,-1,-1,-1,-1,0,0,0,0,0,0,-1,-1,-1,-1,-1,-1,-1,-1,-1,-1,-1,-1,-1,-1,False,False,0,0,False,207,0,0,0,0,0,0,0,0,0,0,0,0,0,0,0,1,
0,839,2026-02-23 14:15:33Z,LLM_Empathetic,6.917083,7.219923,6.614244,0.6366394,0,1.615903,0,0,0,0,0,0,5.48166,4.34561,6.617722,0.592854,0.702737,0.482971,7.390568,6.226813,8.554323,0.6022877,0,2.124688,7.178233,6.094157,8.26231,9.818929,10,9.465945,6.917083,7.219923,6.614244,0.6366394,0,1.615903,0,0,0,0,0,0,5.48166,4.34561,6.617722,0.592854,0.702737,0.482971,7.390568,6.226813,8.554323,0.6022877,0,2.124688,7.178233,6.094157,8.26231,9.818929,10,9.465945,-1,-1,-1,-1,-1,-1,-1,-1,-1,-1,-1,-1,-1,-1,-1,-1,-1,-1,-1,-1,-1,-1,-1,-1,-1,-1,-1,-1,-1,-1,-1,-1,-1,-1,-1,-1,-1,-1,-1,-1,-1,-1,-1,-1,-1,-1,-1,-1,-1,-1,0,0,0,0,0,0,-1,-1,-1,-1,-1,-1,-1,-1,-1,-1,-1,-1,0,0,0,0,0,0,-1,-1,-1,-1,-1,-1,-1,-1,-1,-1,-1,-1,-1,-1,False,False,0,0,False,207,0,0,0,0,0,0,0,0,0,0,0,0,0,0,0,1,
0,840,2026-02-23 14:15:33Z,LLM_Empathetic,6.917102,7.219927,6.614276,0.6366084,0,1.615886,0,0,0,0,0,0,5.481684,4.345618,6.617761,0.592854,0.702737,0.482971,7.390579,6.226808,8.55435,0.6022679,0,2.124668,7.178266,6.094174,8.262358,9.818995,10,9.466027,6.917102,7.219927,6.614276,0.6366084,0,1.615886,0,0,0,0,0,0,5.481684,4.345618,6.617761,0.592854,0.702737,0.482971,7.390579,6.226808,8.55435,0.6022679,0,2.124668,7.178266,6.094174,8.262358,9.818995,10,9.466027,-1,-1,-1,-1,-1,-1,-1,-1,-1,-1,-1,-1,-1,-1,-1,-1,-1,-1,-1,-1,-1,-1,-1,-1,-1,-1,-1,-1,-1,-1,-1,-1,-1,-1,-1,-1,-1,-1,-1,-1,-1,-1,-1,-1,-1,-1,-1,-1,-1,-1,0,0,0,0,0,0,-1,-1,-1,-1,-1,-1,-1,-1,-1,-1,-1,-1,0,0,0,0,0,0,-1,-1,-1,-1,-1,-1,-1,-1,-1,-1,-1,-1,-1,-1,False,False,0,0,False,207,0,0,0,0,0,0,0,0,0,0,0,0,0,0,0,1,
0,841,2026-02-23 14:15:33Z,LLM_Empathetic,6.91712,7.21993,6.61431,0.6365774,0,1.615869,0,0,0,0,0,0,5.481708,4.345625,6.6178,0.592854,0.702737,0.482971,7.39059,6.226802,8.554378,0.602248,0,2.124648,7.178298,6.094192,8.262404,9.819059,10,9.466108,6.91712,7.21993,6.61431,0.6365774,0,1.615869,0,0,0,0,0,0,5.481708,4.345625,6.6178,0.592854,0.702737,0.482971,7.39059,6.226802,8.554378,0.602248,0,2.124648,7.178298,6.094192,8.262404,9.819059,10,9.466108,-1,-1,-1,-1,-1,-1,-1,-1,-1,-1,-1,-1,-1,-1,-1,-1,-1,-1,-1,-1,-1,-1,-1,-1,-1,-1,-1,-1,-1,-1,-1,-1,-1,-1,-1,-1,-1,-1,-1,-1,-1,-1,-1,-1,-1,-1,-1,-1,-1,-1,0,0,0,0,0,0,-1,-1,-1,-1,-1,-1,-1,-1,-1,-1,-1,-1,0,0,0,0,0,0,-1,-1,-1,-1,-1,-1,-1,-1,-1,-1,-1,-1,-1,-1,False,False,0,0,False,207,0,0,0,0,0,0,0,0,0,0,0,0,0,0,0,1,
0,842,2026-02-23 14:15:33Z,LLM_Empathetic,6.917138,7.219934,6.614343,0.6365466,0,1.615852,0,0,0,0,0,0,5.481731,4.345633,6.617839,0.592854,0.702737,0.482971,7.3906,6.226797,8.554404,0.6022282,0,2.124629,7.17833,6.09421,8.262452,9.819124,10,9.466189,6.917138,7.219934,6.614343,0.6365466,0,1.615852,0,0,0,0,0,0,5.481731,4.345633,6.617839,0.592854,0.702737,0.482971,7.3906,6.226797,8.554404,0.6022282,0,2.124629,7.17833,6.09421,8.262452,9.819124,10,9.466189,-1,-1,-1,-1,-1,-1,-1,-1,-1,-1,-1,-1,-1,-1,-1,-1,-1,-1,-1,-1,-1,-1,-1,-1,-1,-1,-1,-1,-1,-1,-1,-1,-1,-1,-1,-1,-1,-1,-1,-1,-1,-1,-1,-1,-1,-1,-1,-1,-1,-1,0,0,0,0,0,0,-1,-1,-1,-1,-1,-1,-1,-1,-1,-1,-1,-1,0,0,0,0,0,0,-1,-1,-1,-1,-1,-1,-1,-1,-1,-1,-1,-1,-1,-1,False,False,0,0,False,207,0,0,0,0,0,0,0,0,0,0,0,0,0,0,0,1,
0,843,2026-02-23 14:15:33Z,LLM_Empathetic,6.917156,7.219937,6.614376,0.6365157,0,1.615835,0,0,0,0,0,0,5.481754,4.345641,6.617878,0.592854,0.702737,0.482971,7.390611,6.226791,8.554431,0.6022085,0,2.124609,7.178363,6.094227,8.262499,9.819189,10,9.46627,6.917156,7.219937,6.614376,0.6365157,0,1.615835,0,0,0,0,0,0,5.481754,4.345641,6.617878,0.592854,0.702737,0.482971,7.390611,6.226791,8.554431,0.6022085,0,2.124609,7.178363,6.094227,8.262499,9.819189,10,9.46627,-1,-1,-1,-1,-1,-1,-1,-1,-1,-1,-1,-1,-1,-1,-1,-1,-1,-1,-1,-1,-1,-1,-1,-1,-1,-1,-1,-1,-1,-1,-1,-1,-1,-1,-1,-1,-1,-1,-1,-1,-1,-1,-1,-1,-1,-1,-1,-1,-1,-1,0,0,0,0,0,0,-1,-1,-1,-1,-1,-1,-1,-1,-1,-1,-1,-1,0,0,0,0,0,0,-1,-1,-1,-1,-1,-1,-1,-1,-1,-1,-1,-1,-1,-1,False,False,0,0,False,207,0,0,0,0,0,0,0,0,0,0,0,0,0,0,0,1,
0,844,2026-02-23 14:15:33Z,LLM_Empathetic,6.917174,7.21994,6.614408,0.636485,0,1.615818,0,0,0,0,0,0,5.481777,4.345648,6.617917,0.592854,0.702737,0.482971,7.390621,6.226786,8.554458,0.6021888,0,2.124589,7.178395,6.094245,8.262547,9.819253,10,9.466352,6.917174,7.21994,6.614408,0.636485,0,1.615818,0,0,0,0,0,0,5.481777,4.345648,6.617917,0.592854,0.702737,0.482971,7.390621,6.226786,8.554458,0.6021888,0,2.124589,7.178395,6.094245,8.262547,9.819253,10,9.466352,-1,-1,-1,-1,-1,-1,-1,-1,-1,-1,-1,-1,-1,-1,-1,-1,-1,-1,-1,-1,-1,-1,-1,-1,-1,-1,-1,-1,-1,-1,-1,-1,-1,-1,-1,-1,-1,-1,-1,-1,-1,-1,-1,-1,-1,-1,-1,-1,-1,-1,0,0,0,0,0,0,-1,-1,-1,-1,-1,-1,-1,-1,-1,-1,-1,-1,0,0,0,0,0,0,-1,-1,-1,-1,-1,-1,-1,-1,-1,-1,-1,-1,-1,-1,False,False,0,0,False,209,0,0,0,0,0,0,0,0,0,0,0,0,0,0,0,1,
0,845,2026-02-23 14:15:33Z,LLM_Empathetic,6.917192,7.219943,6.614441,0.6364543,0,1.615801,0,0,0,0,0,0,5.481801,4.345656,6.617956,0.592854,0.702737,0.482971,7.390632,6.22678,8.554484,0.6021692,0,2.12457,7.178427,6.094262,8.262593,9.819318,10,9.466433,6.917192,7.219943,6.614441,0.6364543,0,1.615801,0,0,0,0,0,0,5.481801,4.345656,6.617956,0.592854,0.702737,0.482971,7.390632,6.22678,8.554484,0.6021692,0,2.12457,7.178427,6.094262,8.262593,9.819318,10,9.466433,-1,-1,-1,-1,-1,-1,-1,-1,-1,-1,-1,-1,-1,-1,-1,-1,-1,-1,-1,-1,-1,-1,-1,-1,-1,-1,-1,-1,-1,-1,-1,-1,-1,-1,-1,-1,-1,-1,-1,-1,-1,-1,-1,-1,-1,-1,-1,-1,-1,-1,0,0,0,0,0,0,-1,-1,-1,-1,-1,-1,-1,-1,-1,-1,-1,-1,0,0,0,0,0,0,-1,-1,-1,-1,-1,-1,-1,-1,-1,-1,-1,-1,-1,-1,False,False,0,0,False,209,0,0,0,0,0,0,0,0,0,0,0,0,0,0,0,1,
0,846,2026-02-23 14:15:33Z,LLM_Empathetic,6.917211,7.219946,6.614474,0.6364236,0,1.615784,0,0,0,0,0,0,5.481824,4.345664,6.617994,0.592854,0.702737,0.482971,7.390643,6.226775,8.55451,0.6021495,0,2.12455,7.17846,6.09428,8.26264,9.819382,10,9.466514,6.917211,7.219946,6.614474,0.6364236,0,1.615784,0,0,0,0,0,0,5.481824,4.345664,6.617994,0.592854,0.702737,0.482971,7.390643,6.226775,8.55451,0.6021495,0,2.12455,7.17846,6.09428,8.26264,9.819382,10,9.466514,-1,-1,-1,-1,-1,-1,-1,-1,-1,-1,-1,-1,-1,-1,-1,-1,-1,-1,-1,-1,-1,-1,-1,-1,-1,-1,-1,-1,-1,-1,-1,-1,-1,-1,-1,-1,-1,-1,-1,-1,-1,-1,-1,-1,-1,-1,-1,-1,-1,-1,0,0,0,0,0,0,-1,-1,-1,-1,-1,-1,-1,-1,-1,-1,-1,-1,0,0,0,0,0,0,-1,-1,-1,-1,-1,-1,-1,-1,-1,-1,-1,-1,-1,-1,False,False,0,0,False,209,0,0,0,0,0,0,0,0,0,0,0,0,0,0,0,1,
0,847,2026-02-23 14:15:33Z,LLM_Empathetic,6.917228,7.21995,6.614507,0.6363931,0,1.615768,0,0,0,0,0,0,5.481847,4.345672,6.618033,0.592854,0.702737,0.482971,7.390653,6.226769,8.554537,0.60213,0,2.12453,7.178492,6.094297,8.262688,9.819446,10,9.466594,6.917228,7.21995,6.614507,0.6363931,0,1.615768,0,0,0,0,0,0,5.481847,4.345672,6.618033,0.592854,0.702737,0.482971,7.390653,6.226769,8.554537,0.60213,0,2.12453,7.178492,6.094297,8.262688,9.819446,10,9.466594,-1,-1,-1,-1,-1,-1,-1,-1,-1,-1,-1,-1,-1,-1,-1,-1,-1,-1,-1,-1,-1,-1,-1,-1,-1,-1,-1,-1,-1,-1,-1,-1,-1,-1,-1,-1,-1,-1,-1,-1,-1,-1,-1,-1,-1,-1,-1,-1,-1,-1,0,0,0,0,0,0,-1,-1,-1,-1,-1,-1,-1,-1,-1,-1,-1,-1,0,0,0,0,0,0,-1,-1,-1,-1,-1,-1,-1,-1,-1,-1,-1,-1,-1,-1,False,False,0,0,False,209,0,0,0,0,0,0,0,0,0,0,0,0,0,0,0,1,
0,848,2026-02-23 14:15:33Z,LLM_Empathetic,6.917246,7.219953,6.61454,0.6363626,0,1.615751,0,0,0,0,0,0,5.48187,4.345679,6.618072,0.592854,0.702737,0.482971,7.390664,6.226764,8.554564,0.6021104,0,2.124511,7.178524,6.094315,8.262734,9.81951,10,9.466674,6.917246,7.219953,6.61454,0.6363626,0,1.615751,0,0,0,0,0,0,5.48187,4.345679,6.618072,0.592854,0.702737,0.482971,7.390664,6.226764,8.554564,0.6021104,0,2.124511,7.178524,6.094315,8.262734,9.81951,10,9.466674,-1,-1,-1,-1,-1,-1,-1,-1,-1,-1,-1,-1,-1,-1,-1,-1,-1,-1,-1,-1,-1,-1,-1,-1,-1,-1,-1,-1,-1,-1,-1,-1,-1,-1,-1,-1,-1,-1,-1,-1,-1,-1,-1,-1,-1,-1,-1,-1,-1,-1,0,0,0,0,0,0,-1,-1,-1,-1,-1,-1,-1,-1,-1,-1,-1,-1,0,0,0,0,0,0,-1,-1,-1,-1,-1,-1,-1,-1,-1,-1,-1,-1,-1,-1,False,False,0,0,False,209,0,0,0,0,0,0,0,0,0,0,0,0,0,0,0,1,
0,849,2026-02-23 14:15:34Z,LLM_Empathetic,6.917264,7.219956,6.614572,0.6363321,0,1.615734,0,0,0,0,0,0,5.481893,4.345687,6.61811,0.592854,0.702737,0.482971,7.390674,6.226758,8.55459,0.602091,0,2.124491,7.178555,6.094332,8.26278,9.819574,10,9.466755,6.917264,7.219956,6.614572,0.6363321,0,1.615734,0,0,0,0,0,0,5.481893,4.345687,6.61811,0.592854,0.702737,0.482971,7.390674,6.226758,8.55459,0.602091,0,2.124491,7.178555,6.094332,8.26278,9.819574,10,9.466755,-1,-1,-1,-1,-1,-1,-1,-1,-1,-1,-1,-1,-1,-1,-1,-1,-1,-1,-1,-1,-1,-1,-1,-1,-1,-1,-1,-1,-1,-1,-1,-1,-1,-1,-1,-1,-1,-1,-1,-1,-1,-1,-1,-1,-1,-1,-1,-1,-1,-1,0,0,0,0,0,0,-1,-1,-1,-1,-1,-1,-1,-1,-1,-1,-1,-1,0,0,0,0,0,0,-1,-1,-1,-1,-1,-1,-1,-1,-1,-1,-1,-1,-1,-1,False,False,0,0,False,209,0,0,0,0,0,0,0,0,0,0,0,0,0,0,0,1,
0,850,2026-02-23 14:15:34Z,LLM_Empathetic,6.917282,7.219959,6.614605,0.6363017,0,1.615717,0,0,0,0,0,0,5.481916,4.345695,6.618148,0.592854,0.702737,0.482971,7.390685,6.226753,8.554616,0.6020715,0,2.124472,7.178587,6.094349,8.262827,9.819637,10,9.466834,6.917282,7.219959,6.614605,0.6363017,0,1.615717,0,0,0,0,0,0,5.481916,4.345695,6.618148,0.592854,0.702737,0.482971,7.390685,6.226753,8.554616,0.6020715,0,2.124472,7.178587,6.094349,8.262827,9.819637,10,9.466834,-1,-1,-1,-1,-1,-1,-1,-1,-1,-1,-1,-1,-1,-1,-1,-1,-1,-1,-1,-1,-1,-1,-1,-1,-1,-1,-1,-1,-1,-1,-1,-1,-1,-1,-1,-1,-1,-1,-1,-1,-1,-1,-1,-1,-1,-1,-1,-1,-1,-1,0,0,0,0,0,0,-1,-1,-1,-1,-1,-1,-1,-1,-1,-1,-1,-1,0,0,0,0,0,0,-1,-1,-1,-1,-1,-1,-1,-1,-1,-1,-1,-1,-1,-1,False,False,0,0,False,209,0,0,0,0,0,0,0,0,0,0,0,0,0,0,0,1,
0,851,2026-02-23 14:15:34Z,LLM_Empathetic,6.9173,7.219963,6.614637,0.6362714,0,1.6157,0,0,0,0,0,0,5.481939,4.345702,6.618186,0.592854,0.702737,0.482971,7.390695,6.226748,8.554643,0.602052,0,2.124452,7.178619,6.094366,8.262874,9.819701,10,9.466914,6.9173,7.219963,6.614637,0.6362714,0,1.6157,0,0,0,0,0,0,5.481939,4.345702,6.618186,0.592854,0.702737,0.482971,7.390695,6.226748,8.554643,0.602052,0,2.124452,7.178619,6.094366,8.262874,9.819701,10,9.466914,-1,-1,-1,-1,-1,-1,-1,-1,-1,-1,-1,-1,-1,-1,-1,-1,-1,-1,-1,-1,-1,-1,-1,-1,-1,-1,-1,-1,-1,-1,-1,-1,-1,-1,-1,-1,-1,-1,-1,-1,-1,-1,-1,-1,-1,-1,-1,-1,-1,-1,0,0,0,0,0,0,-1,-1,-1,-1,-1,-1,-1,-1,-1,-1,-1,-1,0,0,0,0,0,0,-1,-1,-1,-1,-1,-1,-1,-1,-1,-1,-1,-1,-1,-1,False,False,0,0,False,209,0,0,0,0,0,0,0,0,0,0,0,0,0,0,0,1,
0,852,2026-02-23 14:15:34Z,LLM_Empathetic,6.917318,7.219966,6.61467,0.6362411,0,1.615684,0,0,0,0,0,0,5.481962,4.345709,6.618225,0.592854,0.702737,0.482971,7.390706,6.226743,8.554669,0.6020327,0,2.124433,7.178651,6.094383,8.26292,9.819765,10,9.466994,6.917318,7.219966,6.61467,0.6362411,0,1.615684,0,0,0,0,0,0,5.481962,4.345709,6.618225,0.592854,0.702737,0.482971,7.390706,6.226743,8.554669,0.6020327,0,2.124433,7.178651,6.094383,8.26292,9.819765,10,9.466994,-1,-1,-1,-1,-1,-1,-1,-1,-1,-1,-1,-1,-1,-1,-1,-1,-1,-1,-1,-1,-1,-1,-1,-1,-1,-1,-1,-1,-1,-1,-1,-1,-1,-1,-1,-1,-1,-1,-1,-1,-1,-1,-1,-1,-1,-1,-1,-1,-1,-1,0,0,0,0,0,0,-1,-1,-1,-1,-1,-1,-1,-1,-1,-1,-1,-1,0,0,0,0,0,0,-1,-1,-1,-1,-1,-1,-1,-1,-1,-1,-1,-1,-1,-1,False,False,0,0,False,209,0,0,0,0,0,0,0,0,0,0,0,0,0,0,0,1,
0,853,2026-02-23 14:15:34Z,LLM_Empathetic,6.917336,7.219969,6.614702,0.6362109,0,1.615667,0,0,0,0,0,0,5.481985,4.345717,6.618263,0.592854,0.702737,0.482971,7.390716,6.226737,8.554695,0.6020133,0,2.124414,7.178683,6.0944,8.262966,9.819828,10,9.467073,6.917336,7.219969,6.614702,0.6362109,0,1.615667,0,0,0,0,0,0,5.481985,4.345717,6.618263,0.592854,0.702737,0.482971,7.390716,6.226737,8.554695,0.6020133,0,2.124414,7.178683,6.0944,8.262966,9.819828,10,9.467073,-1,-1,-1,-1,-1,-1,-1,-1,-1,-1,-1,-1,-1,-1,-1,-1,-1,-1,-1,-1,-1,-1,-1,-1,-1,-1,-1,-1,-1,-1,-1,-1,-1,-1,-1,-1,-1,-1,-1,-1,-1,-1,-1,-1,-1,-1,-1,-1,-1,-1,0,0,0,0,0,0,-1,-1,-1,-1,-1,-1,-1,-1,-1,-1,-1,-1,0,0,0,0,0,0,-1,-1,-1,-1,-1,-1,-1,-1,-1,-1,-1,-1,-1,-1,False,False,0,0,False,209,0,0,0,0,0,0,0,0,0,0,0,0,0,0,0,1,
0,854,2026-02-23 14:15:34Z,LLM_Empathetic,6.917353,7.219972,6.614734,0.6361807,0,1.61565,0,0,0,0,0,0,5.482008,4.345725,6.618301,0.592854,0.702737,0.482971,7.390727,6.226732,8.554721,0.601994,0,2.124394,7.178715,6.094418,8.263013,9.819892,10,9.467154,6.917353,7.219972,6.614734,0.6361807,0,1.61565,0,0,0,0,0,0,5.482008,4.345725,6.618301,0.592854,0.702737,0.482971,7.390727,6.226732,8.554721,0.601994,0,2.124394,7.178715,6.094418,8.263013,9.819892,10,9.467154,-1,-1,-1,-1,-1,-1,-1,-1,-1,-1,-1,-1,-1,-1,-1,-1,-1,-1,-1,-1,-1,-1,-1,-1,-1,-1,-1,-1,-1,-1,-1,-1,-1,-1,-1,-1,-1,-1,-1,-1,-1,-1,-1,-1,-1,-1,-1,-1,-1,-1,0,0,0,0,0,0,-1,-1,-1,-1,-1,-1,-1,-1,-1,-1,-1,-1,0,0,0,0,0,0,-1,-1,-1,-1,-1,-1,-1,-1,-1,-1,-1,-1,-1,-1,False,False,0,0,False,209,0,0,0,0,0,0,0,0,0,0,0,0,0,0,0,1,
0,855,2026-02-23 14:15:34Z,LLM_Empathetic,6.917371,7.219975,6.614767,0.6361506,0,1.615634,0,0,0,0,0,0,5.48203,4.345732,6.618339,0.592854,0.702737,0.482971,7.390737,6.226727,8.554748,0.6019747,0,2.124375,7.178746,6.094435,8.263059,9.819955,10,9.467233,6.917371,7.219975,6.614767,0.6361506,0,1.615634,0,0,0,0,0,0,5.48203,4.345732,6.618339,0.592854,0.702737,0.482971,7.390737,6.226727,8.554748,0.6019747,0,2.124375,7.178746,6.094435,8.263059,9.819955,10,9.467233,-1,-1,-1,-1,-1,-1,-1,-1,-1,-1,-1,-1,-1,-1,-1,-1,-1,-1,-1,-1,-1,-1,-1,-1,-1,-1,-1,-1,-1,-1,-1,-1,-1,-1,-1,-1,-1,-1,-1,-1,-1,-1,-1,-1,-1,-1,-1,-1,-1,-1,0,0,0,0,0,0,-1,-1,-1,-1,-1,-1,-1,-1,-1,-1,-1,-1,0,0,0,0,0,0,-1,-1,-1,-1,-1,-1,-1,-1,-1,-1,-1,-1,-1,-1,False,False,0,0,False,209,0,0,0,0,0,0,0,0,0,0,0,0,0,0,0,1,
0,856,2026-02-23 14:15:34Z,LLM_Empathetic,6.917389,7.219979,6.614799,0.6361206,0,1.615617,0,0,0,0,0,0,5.482053,4.34574,6.618377,0.592854,0.702737,0.482971,7.390747,6.226721,8.554773,0.6019555,0,2.124356,7.178778,6.094452,8.263104,9.820018,10,9.467312,6.917389,7.219979,6.614799,0.6361206,0,1.615617,0,0,0,0,0,0,5.482053,4.34574,6.618377,0.592854,0.702737,0.482971,7.390747,6.226721,8.554773,0.6019555,0,2.124356,7.178778,6.094452,8.263104,9.820018,10,9.467312,-1,-1,-1,-1,-1,-1,-1,-1,-1,-1,-1,-1,-1,-1,-1,-1,-1,-1,-1,-1,-1,-1,-1,-1,-1,-1,-1,-1,-1,-1,-1,-1,-1,-1,-1,-1,-1,-1,-1,-1,-1,-1,-1,-1,-1,-1,-1,-1,-1,-1,0,0,0,0,0,0,-1,-1,-1,-1,-1,-1,-1,-1,-1,-1,-1,-1,0,0,0,0,0,0,-1,-1,-1,-1,-1,-1,-1,-1,-1,-1,-1,-1,-1,-1,False,False,0,0,False,209,0,0,0,0,0,0,0,0,0,0,0,0,0,0,0,1,
0,857,2026-02-23 14:15:34Z,LLM_Empathetic,6.917407,7.219982,6.61483,0.6360906,0,1.615601,0,0,0,0,0,0,5.482076,4.345747,6.618415,0.592854,0.702737,0.482971,7.390758,6.226716,8.554799,0.6019363,0,2.124337,7.17881,6.094469,8.263151,9.820081,10,9.46739,6.917407,7.219982,6.61483,0.6360906,0,1.615601,0,0,0,0,0,0,5.482076,4.345747,6.618415,0.592854,0.702737,0.482971,7.390758,6.226716,8.554799,0.6019363,0,2.124337,7.17881,6.094469,8.263151,9.820081,10,9.46739,-1,-1,-1,-1,-1,-1,-1,-1,-1,-1,-1,-1,-1,-1,-1,-1,-1,-1,-1,-1,-1,-1,-1,-1,-1,-1,-1,-1,-1,-1,-1,-1,-1,-1,-1,-1,-1,-1,-1,-1,-1,-1,-1,-1,-1,-1,-1,-1,-1,-1,0,0,0,0,0,0,-1,-1,-1,-1,-1,-1,-1,-1,-1,-1,-1,-1,0,0,0,0,0,0,-1,-1,-1,-1,-1,-1,-1,-1,-1,-1,-1,-1,-1,-1,False,False,0,0,False,209,0,0,0,0,0,0,0,0,0,0,0,0,0,0,0,1,
0,858,2026-02-23 14:15:34Z,LLM_Empathetic,6.917424,7.219985,6.614863,0.6360607,0,1.615584,0,0,0,0,0,0,5.482099,4.345755,6.618453,0.592854,0.702737,0.482971,7.390768,6.22671,8.554826,0.6019171,0,2.124317,7.178841,6.094486,8.263197,9.820144,10,9.467469,6.917424,7.219985,6.614863,0.6360607,0,1.615584,0,0,0,0,0,0,5.482099,4.345755,6.618453,0.592854,0.702737,0.482971,7.390768,6.22671,8.554826,0.6019171,0,2.124317,7.178841,6.094486,8.263197,9.820144,10,9.467469,-1,-1,-1,-1,-1,-1,-1,-1,-1,-1,-1,-1,-1,-1,-1,-1,-1,-1,-1,-1,-1,-1,-1,-1,-1,-1,-1,-1,-1,-1,-1,-1,-1,-1,-1,-1,-1,-1,-1,-1,-1,-1,-1,-1,-1,-1,-1,-1,-1,-1,0,0,0,0,0,0,-1,-1,-1,-1,-1,-1,-1,-1,-1,-1,-1,-1,0,0,0,0,0,0,-1,-1,-1,-1,-1,-1,-1,-1,-1,-1,-1,-1,-1,-1,False,False,0,0,False,209,0,0,0,0,0,0,0,0,0,0,0,0,0,0,0,1,
0,859,2026-02-23 14:15:34Z,LLM_Empathetic,6.917441,7.219988,6.614895,0.6360308,0,1.615568,0,0,0,0,0,0,5.482121,4.345762,6.61849,0.592854,0.702737,0.482971,7.390778,6.226705,8.554852,0.601898,0,2.124298,7.178872,6.094503,8.263243,9.820207,10,9.467548,6.917441,7.219988,6.614895,0.6360308,0,1.615568,0,0,0,0,0,0,5.482121,4.345762,6.61849,0.592854,0.702737,0.482971,7.390778,6.226705,8.554852,0.601898,0,2.124298,7.178872,6.094503,8.263243,9.820207,10,9.467548,-1,-1,-1,-1,-1,-1,-1,-1,-1,-1,-1,-1,-1,-1,-1,-1,-1,-1,-1,-1,-1,-1,-1,-1,-1,-1,-1,-1,-1,-1,-1,-1,-1,-1,-1,-1,-1,-1,-1,-1,-1,-1,-1,-1,-1,-1,-1,-1,-1,-1,0,0,0,0,0,0,-1,-1,-1,-1,-1,-1,-1,-1,-1,-1,-1,-1,0,0,0,0,0,0,-1,-1,-1,-1,-1,-1,-1,-1,-1,-1,-1,-1,-1,-1,False,False,0,0,False,207,0,0,0,0,0,0,0,0,0,0,0,0,0,0,0,1,
0,860,2026-02-23 14:15:34Z,LLM_Empathetic,6.917459,7.219991,6.614927,0.636001,0,1.615551,0,0,0,0,0,0,5.482144,4.345769,6.618528,0.592854,0.702737,0.482971,7.390789,6.2267,8.554877,0.6018789,0,2.124279,7.178904,6.09452,8.263288,9.820269,10,9.467627,6.917459,7.219991,6.614927,0.636001,0,1.615551,0,0,0,0,0,0,5.482144,4.345769,6.618528,0.592854,0.702737,0.482971,7.390789,6.2267,8.554877,0.6018789,0,2.124279,7.178904,6.09452,8.263288,9.820269,10,9.467627,-1,-1,-1,-1,-1,-1,-1,-1,-1,-1,-1,-1,-1,-1,-1,-1,-1,-1,-1,-1,-1,-1,-1,-1,-1,-1,-1,-1,-1,-1,-1,-1,-1,-1,-1,-1,-1,-1,-1,-1,-1,-1,-1,-1,-1,-1,-1,-1,-1,-1,0,0,0,0,0,0,-1,-1,-1,-1,-1,-1,-1,-1,-1,-1,-1,-1,0,0,0,0,0,0,-1,-1,-1,-1,-1,-1,-1,-1,-1,-1,-1,-1,-1,-1,False,False,0,0,False,209,0,0,0,0,0,0,0,0,0,0,0,0,0,0,0,1,
0,861,2026-02-23 14:15:34Z,LLM_Empathetic,6.917477,7.219995,6.614958,0.6359712,0,1.615535,0,0,0,0,0,0,5.482166,4.345777,6.618566,0.592854,0.702737,0.482971,7.390799,6.226695,8.554903,0.6018599,0,2.12426,7.178935,6.094537,8.263333,9.820332,10,9.467705,6.917477,7.219995,6.614958,0.6359712,0,1.615535,0,0,0,0,0,0,5.482166,4.345777,6.618566,0.592854,0.702737,0.482971,7.390799,6.226695,8.554903,0.6018599,0,2.12426,7.178935,6.094537,8.263333,9.820332,10,9.467705,-1,-1,-1,-1,-1,-1,-1,-1,-1,-1,-1,-1,-1,-1,-1,-1,-1,-1,-1,-1,-1,-1,-1,-1,-1,-1,-1,-1,-1,-1,-1,-1,-1,-1,-1,-1,-1,-1,-1,-1,-1,-1,-1,-1,-1,-1,-1,-1,-1,-1,0,0,0,0,0,0,-1,-1,-1,-1,-1,-1,-1,-1,-1,-1,-1,-1,0,0,0,0,0,0,-1,-1,-1,-1,-1,-1,-1,-1,-1,-1,-1,-1,-1,-1,False,False,0,0,False,209,0,0,0,0,0,0,0,0,0,0,0,0,0,0,0,1,
0,862,2026-02-23 14:15:34Z,LLM_Empathetic,6.917494,7.219998,6.61499,0.6359416,0,1.615519,0,0,0,0,0,0,5.482189,4.345785,6.618603,0.592854,0.702737,0.482971,7.390809,6.226689,8.554929,0.6018409,0,2.124241,7.178966,6.094554,8.263379,9.820394,10,9.467783,6.917494,7.219998,6.61499,0.6359416,0,1.615519,0,0,0,0,0,0,5.482189,4.345785,6.618603,0.592854,0.702737,0.482971,7.390809,6.226689,8.554929,0.6018409,0,2.124241,7.178966,6.094554,8.263379,9.820394,10,9.467783,-1,-1,-1,-1,-1,-1,-1,-1,-1,-1,-1,-1,-1,-1,-1,-1,-1,-1,-1,-1,-1,-1,-1,-1,-1,-1,-1,-1,-1,-1,-1,-1,-1,-1,-1,-1,-1,-1,-1,-1,-1,-1,-1,-1,-1,-1,-1,-1,-1,-1,0,0,0,0,0,0,-1,-1,-1,-1,-1,-1,-1,-1,-1,-1,-1,-1,0,0,0,0,0,0,-1,-1,-1,-1,-1,-1,-1,-1,-1,-1,-1,-1,-1,-1,False,False,0,0,False,209,0,0,0,0,0,0,0,0,0,0,0,0,0,0,0,1,
0,863,2026-02-23 14:15:34Z,LLM_Empathetic,6.917511,7.220001,6.615022,0.6359119,0,1.615502,0,0,0,0,0,0,5.482211,4.345792,6.61864,0.592854,0.702737,0.482971,7.390819,6.226684,8.554955,0.6018219,0,2.124222,7.178997,6.094571,8.263425,9.820456,10,9.467861,6.917511,7.220001,6.615022,0.6359119,0,1.615502,0,0,0,0,0,0,5.482211,4.345792,6.61864,0.592854,0.702737,0.482971,7.390819,6.226684,8.554955,0.6018219,0,2.124222,7.178997,6.094571,8.263425,9.820456,10,9.467861,-1,-1,-1,-1,-1,-1,-1,-1,-1,-1,-1,-1,-1,-1,-1,-1,-1,-1,-1,-1,-1,-1,-1,-1,-1,-1,-1,-1,-1,-1,-1,-1,-1,-1,-1,-1,-1,-1,-1,-1,-1,-1,-1,-1,-1,-1,-1,-1,-1,-1,0,0,0,0,0,0,-1,-1,-1,-1,-1,-1,-1,-1,-1,-1,-1,-1,0,0,0,0,0,0,-1,-1,-1,-1,-1,-1,-1,-1,-1,-1,-1,-1,-1,-1,False,False,0,0,False,209,0,0,0,0,0,0,0,0,0,0,0,0,0,0,0,1,
0,864,2026-02-23 14:15:34Z,LLM_Empathetic,6.917529,7.220004,6.615054,0.6358824,0,1.615486,0,0,0,0,0,0,5.482234,4.345799,6.618678,0.592854,0.702737,0.482971,7.39083,6.226679,8.55498,0.6018029,0,2.124203,7.179028,6.094587,8.26347,9.820518,10,9.467939,6.917529,7.220004,6.615054,0.6358824,0,1.615486,0,0,0,0,0,0,5.482234,4.345799,6.618678,0.592854,0.702737,0.482971,7.39083,6.226679,8.55498,0.6018029,0,2.124203,7.179028,6.094587,8.26347,9.820518,10,9.467939,-1,-1,-1,-1,-1,-1,-1,-1,-1,-1,-1,-1,-1,-1,-1,-1,-1,-1,-1,-1,-1,-1,-1,-1,-1,-1,-1,-1,-1,-1,-1,-1,-1,-1,-1,-1,-1,-1,-1,-1,-1,-1,-1,-1,-1,-1,-1,-1,-1,-1,0,0,0,0,0,0,-1,-1,-1,-1,-1,-1,-1,-1,-1,-1,-1,-1,0,0,0,0,0,0,-1,-1,-1,-1,-1,-1,-1,-1,-1,-1,-1,-1,-1,-1,False,False,0,0,False,207,0,0,0,0,0,0,0,0,0,0,0,0,0,0,0,1,
0,865,2026-02-23 14:15:34Z,LLM_Empathetic,6.917546,7.220007,6.615085,0.6358528,0,1.61547,0,0,0,0,0,0,5.482256,4.345807,6.618715,0.592854,0.702737,0.482971,7.39084,6.226674,8.555006,0.6017841,0,2.124184,7.179059,6.094604,8.263515,9.82058,10,9.468017,6.917546,7.220007,6.615085,0.6358528,0,1.61547,0,0,0,0,0,0,5.482256,4.345807,6.618715,0.592854,0.702737,0.482971,7.39084,6.226674,8.555006,0.6017841,0,2.124184,7.179059,6.094604,8.263515,9.82058,10,9.468017,-1,-1,-1,-1,-1,-1,-1,-1,-1,-1,-1,-1,-1,-1,-1,-1,-1,-1,-1,-1,-1,-1,-1,-1,-1,-1,-1,-1,-1,-1,-1,-1,-1,-1,-1,-1,-1,-1,-1,-1,-1,-1,-1,-1,-1,-1,-1,-1,-1,-1,0,0,0,0,0,0,-1,-1,-1,-1,-1,-1,-1,-1,-1,-1,-1,-1,0,0,0,0,0,0,-1,-1,-1,-1,-1,-1,-1,-1,-1,-1,-1,-1,-1,-1,False,False,0,0,False,209,0,0,0,0,0,0,0,0,0,0,0,0,0,0,0,1,
0,866,2026-02-23 14:15:34Z,LLM_Empathetic,6.917563,7.22001,6.615117,0.6358234,0,1.615453,0,0,0,0,0,0,5.482278,4.345814,6.618752,0.592854,0.702737,0.482971,7.39085,6.226668,8.555032,0.6017652,0,2.124166,7.17909,6.094621,8.26356,9.820642,10,9.468094,6.917563,7.22001,6.615117,0.6358234,0,1.615453,0,0,0,0,0,0,5.482278,4.345814,6.618752,0.592854,0.702737,0.482971,7.39085,6.226668,8.555032,0.6017652,0,2.124166,7.17909,6.094621,8.26356,9.820642,10,9.468094,-1,-1,-1,-1,-1,-1,-1,-1,-1,-1,-1,-1,-1,-1,-1,-1,-1,-1,-1,-1,-1,-1,-1,-1,-1,-1,-1,-1,-1,-1,-1,-1,-1,-1,-1,-1,-1,-1,-1,-1,-1,-1,-1,-1,-1,-1,-1,-1,-1,-1,0,0,0,0,0,0,-1,-1,-1,-1,-1,-1,-1,-1,-1,-1,-1,-1,0,0,0,0,0,0,-1,-1,-1,-1,-1,-1,-1,-1,-1,-1,-1,-1,-1,-1,False,False,0,0,False,209,0,0,0,0,0,0,0,0,0,0,0,0,0,0,0,1,
0,867,2026-02-23 14:15:35Z,LLM_Empathetic,6.917581,7.220014,6.615148,0.635794,0,1.615437,0,0,0,0,0,0,5.4823,4.345821,6.61879,0.592854,0.702737,0.482971,7.39086,6.226663,8.555057,0.6017463,0,2.124147,7.179121,6.094638,8.263605,9.820704,10,9.468172,6.917581,7.220014,6.615148,0.635794,0,1.615437,0,0,0,0,0,0,5.4823,4.345821,6.61879,0.592854,0.702737,0.482971,7.39086,6.226663,8.555057,0.6017463,0,2.124147,7.179121,6.094638,8.263605,9.820704,10,9.468172,-1,-1,-1,-1,-1,-1,-1,-1,-1,-1,-1,-1,-1,-1,-1,-1,-1,-1,-1,-1,-1,-1,-1,-1,-1,-1,-1,-1,-1,-1,-1,-1,-1,-1,-1,-1,-1,-1,-1,-1,-1,-1,-1,-1,-1,-1,-1,-1,-1,-1,0,0,0,0,0,0,-1,-1,-1,-1,-1,-1,-1,-1,-1,-1,-1,-1,0,0,0,0,0,0,-1,-1,-1,-1,-1,-1,-1,-1,-1,-1,-1,-1,-1,-1,False,False,0,0,False,209,0,0,0,0,0,0,0,0,0,0,0,0,0,0,0,1,
0,868,2026-02-23 14:15:35Z,LLM_Empathetic,6.917598,7.220016,6.61518,0.6357646,0,1.615421,0,0,0,0,0,0,5.482323,4.345829,6.618827,0.592854,0.702737,0.482971,7.39087,6.226658,8.555082,0.6017275,0,2.124128,7.179152,6.094655,8.26365,9.820765,10,9.468249,6.917598,7.220016,6.61518,0.6357646,0,1.615421,0,0,0,0,0,0,5.482323,4.345829,6.618827,0.592854,0.702737,0.482971,7.39087,6.226658,8.555082,0.6017275,0,2.124128,7.179152,6.094655,8.26365,9.820765,10,9.468249,-1,-1,-1,-1,-1,-1,-1,-1,-1,-1,-1,-1,-1,-1,-1,-1,-1,-1,-1,-1,-1,-1,-1,-1,-1,-1,-1,-1,-1,-1,-1,-1,-1,-1,-1,-1,-1,-1,-1,-1,-1,-1,-1,-1,-1,-1,-1,-1,-1,-1,0,0,0,0,0,0,-1,-1,-1,-1,-1,-1,-1,-1,-1,-1,-1,-1,0,0,0,0,0,0,-1,-1,-1,-1,-1,-1,-1,-1,-1,-1,-1,-1,-1,-1,False,False,0,0,False,209,0,0,0,0,0,0,0,0,0,0,0,0,0,0,0,1,
0,869,2026-02-23 14:15:35Z,LLM_Empathetic,6.917615,7.22002,6.615211,0.6357353,0,1.615405,0,0,0,0,0,0,5.482345,4.345836,6.618864,0.592854,0.702737,0.482971,7.39088,6.226653,8.555108,0.6017088,0,2.124109,7.179183,6.094671,8.263695,9.820827,10,9.468327,6.917615,7.22002,6.615211,0.6357353,0,1.615405,0,0,0,0,0,0,5.482345,4.345836,6.618864,0.592854,0.702737,0.482971,7.39088,6.226653,8.555108,0.6017088,0,2.124109,7.179183,6.094671,8.263695,9.820827,10,9.468327,-1,-1,-1,-1,-1,-1,-1,-1,-1,-1,-1,-1,-1,-1,-1,-1,-1,-1,-1,-1,-1,-1,-1,-1,-1,-1,-1,-1,-1,-1,-1,-1,-1,-1,-1,-1,-1,-1,-1,-1,-1,-1,-1,-1,-1,-1,-1,-1,-1,-1,0,0,0,0,0,0,-1,-1,-1,-1,-1,-1,-1,-1,-1,-1,-1,-1,0,0,0,0,0,0,-1,-1,-1,-1,-1,-1,-1,-1,-1,-1,-1,-1,-1,-1,False,False,0,0,False,207,0,0,0,0,0,0,0,0,0,0,0,0,0,0,0,1,
0,870,2026-02-23 14:15:35Z,LLM_Empathetic,6.917633,7.220023,6.615242,0.6357061,0,1.615389,0,0,0,0,0,0,5.482367,4.345843,6.618901,0.592854,0.702737,0.482971,7.39089,6.226647,8.555133,0.6016901,0,2.12409,7.179214,6.094688,8.26374,9.820888,10,9.468403,6.917633,7.220023,6.615242,0.6357061,0,1.615389,0,0,0,0,0,0,5.482367,4.345843,6.618901,0.592854,0.702737,0.482971,7.39089,6.226647,8.555133,0.6016901,0,2.12409,7.179214,6.094688,8.26374,9.820888,10,9.468403,-1,-1,-1,-1,-1,-1,-1,-1,-1,-1,-1,-1,-1,-1,-1,-1,-1,-1,-1,-1,-1,-1,-1,-1,-1,-1,-1,-1,-1,-1,-1,-1,-1,-1,-1,-1,-1,-1,-1,-1,-1,-1,-1,-1,-1,-1,-1,-1,-1,-1,0,0,0,0,0,0,-1,-1,-1,-1,-1,-1,-1,-1,-1,-1,-1,-1,0,0,0,0,0,0,-1,-1,-1,-1,-1,-1,-1,-1,-1,-1,-1,-1,-1,-1,False,False,0,0,False,207,0,0,0,0,0,0,0,0,0,0,0,0,0,0,0,1,
0,871,2026-02-23 14:15:35Z,LLM_Empathetic,6.91765,7.220026,6.615273,0.6356769,0,1.615373,0,0,0,0,0,0,5.482389,4.34585,6.618937,0.592854,0.702737,0.482971,7.3909,6.226643,8.555159,0.6016713,0,2.124072,7.179244,6.094704,8.263784,9.820949,10,9.46848,6.91765,7.220026,6.615273,0.6356769,0,1.615373,0,0,0,0,0,0,5.482389,4.34585,6.618937,0.592854,0.702737,0.482971,7.3909,6.226643,8.555159,0.6016713,0,2.124072,7.179244,6.094704,8.263784,9.820949,10,9.46848,-1,-1,-1,-1,-1,-1,-1,-1,-1,-1,-1,-1,-1,-1,-1,-1,-1,-1,-1,-1,-1,-1,-1,-1,-1,-1,-1,-1,-1,-1,-1,-1,-1,-1,-1,-1,-1,-1,-1,-1,-1,-1,-1,-1,-1,-1,-1,-1,-1,-1,0,0,0,0,0,0,-1,-1,-1,-1,-1,-1,-1,-1,-1,-1,-1,-1,0,0,0,0,0,0,-1,-1,-1,-1,-1,-1,-1,-1,-1,-1,-1,-1,-1,-1,False,False,0,0,False,207,0,0,0,0,0,0,0,0,0,0,0,0,0,0,0,1,
0,872,2026-02-23 14:15:35Z,LLM_Empathetic,6.917667,7.220029,6.615304,0.6356478,0,1.615357,0,0,0,0,0,0,5.482411,4.345858,6.618974,0.592854,0.702737,0.482971,7.39091,6.226637,8.555183,0.6016527,0,2.124053,7.179275,6.094721,8.263829,9.82101,10,9.468556,6.917667,7.220029,6.615304,0.6356478,0,1.615357,0,0,0,0,0,0,5.482411,4.345858,6.618974,0.592854,0.702737,0.482971,7.39091,6.226637,8.555183,0.6016527,0,2.124053,7.179275,6.094721,8.263829,9.82101,10,9.468556,-1,-1,-1,-1,-1,-1,-1,-1,-1,-1,-1,-1,-1,-1,-1,-1,-1,-1,-1,-1,-1,-1,-1,-1,-1,-1,-1,-1,-1,-1,-1,-1,-1,-1,-1,-1,-1,-1,-1,-1,-1,-1,-1,-1,-1,-1,-1,-1,-1,-1,0,0,0,0,0,0,-1,-1,-1,-1,-1,-1,-1,-1,-1,-1,-1,-1,0,0,0,0,0,0,-1,-1,-1,-1,-1,-1,-1,-1,-1,-1,-1,-1,-1,-1,False,False,0,0,False,209,0,0,0,0,0,0,0,0,0,0,0,0,0,0,0,1,
0,873,2026-02-23 14:15:35Z,LLM_Empathetic,6.917684,7.220032,6.615336,0.6356187,0,1.61534,0,0,0,0,0,0,5.482433,4.345865,6.619011,0.592854,0.702737,0.482971,7.39092,6.226632,8.555209,0.6016341,0,2.124034,7.179305,6.094738,8.263874,9.821071,10,9.468634,6.917684,7.220032,6.615336,0.6356187,0,1.61534,0,0,0,0,0,0,5.482433,4.345865,6.619011,0.592854,0.702737,0.482971,7.39092,6.226632,8.555209,0.6016341,0,2.124034,7.179305,6.094738,8.263874,9.821071,10,9.468634,-1,-1,-1,-1,-1,-1,-1,-1,-1,-1,-1,-1,-1,-1,-1,-1,-1,-1,-1,-1,-1,-1,-1,-1,-1,-1,-1,-1,-1,-1,-1,-1,-1,-1,-1,-1,-1,-1,-1,-1,-1,-1,-1,-1,-1,-1,-1,-1,-1,-1,0,0,0,0,0,0,-1,-1,-1,-1,-1,-1,-1,-1,-1,-1,-1,-1,0,0,0,0,0,0,-1,-1,-1,-1,-1,-1,-1,-1,-1,-1,-1,-1,-1,-1,False,False,0,0,False,209,0,0,0,0,0,0,0,0,0,0,0,0,0,0,0,1,
0,874,2026-02-23 14:15:35Z,LLM_Empathetic,6.917701,7.220035,6.615367,0.6355897,0,1.615324,0,0,0,0,0,0,5.482455,4.345872,6.619048,0.592854,0.702737,0.482971,7.39093,6.226627,8.555234,0.6016155,0,2.124016,7.179336,6.094754,8.263918,9.821132,10,9.46871,6.917701,7.220035,6.615367,0.6355897,0,1.615324,0,0,0,0,0,0,5.482455,4.345872,6.619048,0.592854,0.702737,0.482971,7.39093,6.226627,8.555234,0.6016155,0,2.124016,7.179336,6.094754,8.263918,9.821132,10,9.46871,-1,-1,-1,-1,-1,-1,-1,-1,-1,-1,-1,-1,-1,-1,-1,-1,-1,-1,-1,-1,-1,-1,-1,-1,-1,-1,-1,-1,-1,-1,-1,-1,-1,-1,-1,-1,-1,-1,-1,-1,-1,-1,-1,-1,-1,-1,-1,-1,-1,-1,0,0,0,0,0,0,-1,-1,-1,-1,-1,-1,-1,-1,-1,-1,-1,-1,0,0,0,0,0,0,-1,-1,-1,-1,-1,-1,-1,-1,-1,-1,-1,-1,-1,-1,False,False,0,0,False,209,0,0,0,0,0,0,0,0,0,0,0,0,0,0,0,1,
0,875,2026-02-23 14:15:35Z,LLM_Empathetic,6.917718,7.220038,6.615398,0.6355608,0,1.615309,0,0,0,0,0,0,5.482477,4.34588,6.619084,0.592854,0.702737,0.482971,7.39094,6.226622,8.55526,0.601597,0,2.123997,7.179366,6.09477,8.263963,9.821193,10,9.468786,6.917718,7.220038,6.615398,0.6355608,0,1.615309,0,0,0,0,0,0,5.482477,4.34588,6.619084,0.592854,0.702737,0.482971,7.39094,6.226622,8.55526,0.601597,0,2.123997,7.179366,6.09477,8.263963,9.821193,10,9.468786,-1,-1,-1,-1,-1,-1,-1,-1,-1,-1,-1,-1,-1,-1,-1,-1,-1,-1,-1,-1,-1,-1,-1,-1,-1,-1,-1,-1,-1,-1,-1,-1,-1,-1,-1,-1,-1,-1,-1,-1,-1,-1,-1,-1,-1,-1,-1,-1,-1,-1,0,0,0,0,0,0,-1,-1,-1,-1,-1,-1,-1,-1,-1,-1,-1,-1,0,0,0,0,0,0,-1,-1,-1,-1,-1,-1,-1,-1,-1,-1,-1,-1,-1,-1,False,False,0,0,False,209,0,0,0,0,0,0,0,0,0,0,0,0,0,0,0,1,
0,876,2026-02-23 14:15:35Z,LLM_Empathetic,6.917735,7.220041,6.615429,0.6355318,0,1.615293,0,0,0,0,0,0,5.482499,4.345887,6.619121,0.592854,0.702737,0.482971,7.39095,6.226617,8.555285,0.6015785,0,2.123979,7.179397,6.094787,8.264007,9.821254,10,9.468863,6.917735,7.220041,6.615429,0.6355318,0,1.615293,0,0,0,0,0,0,5.482499,4.345887,6.619121,0.592854,0.702737,0.482971,7.39095,6.226617,8.555285,0.6015785,0,2.123979,7.179397,6.094787,8.264007,9.821254,10,9.468863,-1,-1,-1,-1,-1,-1,-1,-1,-1,-1,-1,-1,-1,-1,-1,-1,-1,-1,-1,-1,-1,-1,-1,-1,-1,-1,-1,-1,-1,-1,-1,-1,-1,-1,-1,-1,-1,-1,-1,-1,-1,-1,-1,-1,-1,-1,-1,-1,-1,-1,0,0,0,0,0,0,-1,-1,-1,-1,-1,-1,-1,-1,-1,-1,-1,-1,0,0,0,0,0,0,-1,-1,-1,-1,-1,-1,-1,-1,-1,-1,-1,-1,-1,-1,False,False,0,0,False,209,0,0,0,0,0,0,0,0,0,0,0,0,0,0,0,1,
0,877,2026-02-23 14:15:35Z,LLM_Empathetic,6.917752,7.220045,6.615459,0.635503,0,1.615277,0,0,0,0,0,0,5.482521,4.345894,6.619157,0.592854,0.702737,0.482971,7.39096,6.226612,8.555309,0.60156,0,2.12396,7.179427,6.094803,8.264051,9.821314,10,9.468938,6.917752,7.220045,6.615459,0.635503,0,1.615277,0,0,0,0,0,0,5.482521,4.345894,6.619157,0.592854,0.702737,0.482971,7.39096,6.226612,8.555309,0.60156,0,2.12396,7.179427,6.094803,8.264051,9.821314,10,9.468938,-1,-1,-1,-1,-1,-1,-1,-1,-1,-1,-1,-1,-1,-1,-1,-1,-1,-1,-1,-1,-1,-1,-1,-1,-1,-1,-1,-1,-1,-1,-1,-1,-1,-1,-1,-1,-1,-1,-1,-1,-1,-1,-1,-1,-1,-1,-1,-1,-1,-1,0,0,0,0,0,0,-1,-1,-1,-1,-1,-1,-1,-1,-1,-1,-1,-1,0,0,0,0,0,0,-1,-1,-1,-1,-1,-1,-1,-1,-1,-1,-1,-1,-1,-1,False,False,0,0,False,207,0,0,0,0,0,0,0,0,0,0,0,0,0,0,0,1,
0,878,2026-02-23 14:15:35Z,LLM_Empathetic,6.917769,7.220047,6.61549,0.6354742,0,1.615261,0,0,0,0,0,0,5.482543,4.345901,6.619194,0.592854,0.702737,0.482971,7.39097,6.226606,8.555334,0.6015415,0,2.123942,7.179457,6.09482,8.264095,9.821374,10,9.469014,6.917769,7.220047,6.61549,0.6354742,0,1.615261,0,0,0,0,0,0,5.482543,4.345901,6.619194,0.592854,0.702737,0.482971,7.39097,6.226606,8.555334,0.6015415,0,2.123942,7.179457,6.09482,8.264095,9.821374,10,9.469014,-1,-1,-1,-1,-1,-1,-1,-1,-1,-1,-1,-1,-1,-1,-1,-1,-1,-1,-1,-1,-1,-1,-1,-1,-1,-1,-1,-1,-1,-1,-1,-1,-1,-1,-1,-1,-1,-1,-1,-1,-1,-1,-1,-1,-1,-1,-1,-1,-1,-1,0,0,0,0,0,0,-1,-1,-1,-1,-1,-1,-1,-1,-1,-1,-1,-1,0,0,0,0,0,0,-1,-1,-1,-1,-1,-1,-1,-1,-1,-1,-1,-1,-1,-1,False,False,0,0,False,207,0,0,0,0,0,0,0,0,0,0,0,0,0,0,0,1,
0,879,2026-02-23 14:15:35Z,LLM_Empathetic,6.917786,7.220051,6.615521,0.6354454,0,1.615245,0,0,0,0,0,0,5.482564,4.345909,6.61923,0.592854,0.702737,0.482971,7.39098,6.226601,8.555359,0.6015232,0,2.123924,7.179487,6.094836,8.264139,9.821435,10,9.46909,6.917786,7.220051,6.615521,0.6354454,0,1.615245,0,0,0,0,0,0,5.482564,4.345909,6.61923,0.592854,0.702737,0.482971,7.39098,6.226601,8.555359,0.6015232,0,2.123924,7.179487,6.094836,8.264139,9.821435,10,9.46909,-1,-1,-1,-1,-1,-1,-1,-1,-1,-1,-1,-1,-1,-1,-1,-1,-1,-1,-1,-1,-1,-1,-1,-1,-1,-1,-1,-1,-1,-1,-1,-1,-1,-1,-1,-1,-1,-1,-1,-1,-1,-1,-1,-1,-1,-1,-1,-1,-1,-1,0,0,0,0,0,0,-1,-1,-1,-1,-1,-1,-1,-1,-1,-1,-1,-1,0,0,0,0,0,0,-1,-1,-1,-1,-1,-1,-1,-1,-1,-1,-1,-1,-1,-1,False,False,0,0,False,207,0,0,0,0,0,0,0,0,0,0,0,0,0,0,0,1,
0,880,2026-02-23 14:15:35Z,LLM_Empathetic,6.917803,7.220054,6.615552,0.6354167,0,1.615229,0,0,0,0,0,0,5.482586,4.345916,6.619266,0.592854,0.702737,0.482971,7.39099,6.226596,8.555385,0.6015047,0,2.123905,7.179517,6.094852,8.264183,9.821495,10,9.469166,6.917803,7.220054,6.615552,0.6354167,0,1.615229,0,0,0,0,0,0,5.482586,4.345916,6.619266,0.592854,0.702737,0.482971,7.39099,6.226596,8.555385,0.6015047,0,2.123905,7.179517,6.094852,8.264183,9.821495,10,9.469166,-1,-1,-1,-1,-1,-1,-1,-1,-1,-1,-1,-1,-1,-1,-1,-1,-1,-1,-1,-1,-1,-1,-1,-1,-1,-1,-1,-1,-1,-1,-1,-1,-1,-1,-1,-1,-1,-1,-1,-1,-1,-1,-1,-1,-1,-1,-1,-1,-1,-1,0,0,0,0,0,0,-1,-1,-1,-1,-1,-1,-1,-1,-1,-1,-1,-1,0,0,0,0,0,0,-1,-1,-1,-1,-1,-1,-1,-1,-1,-1,-1,-1,-1,-1,False,False,0,0,False,207,0,0,0,0,0,0,0,0,0,0,0,0,0,0,0,1,
0,881,2026-02-23 14:15:35Z,LLM_Empathetic,6.917819,7.220057,6.615582,0.6353881,0,1.615213,0,0,0,0,0,0,5.482607,4.345923,6.619302,0.592854,0.702737,0.482971,7.391,6.226591,8.555409,0.6014864,0,2.123887,7.179547,6.094869,8.264227,9.821555,10,9.469241,6.917819,7.220057,6.615582,0.6353881,0,1.615213,0,0,0,0,0,0,5.482607,4.345923,6.619302,0.592854,0.702737,0.482971,7.391,6.226591,8.555409,0.6014864,0,2.123887,7.179547,6.094869,8.264227,9.821555,10,9.469241,-1,-1,-1,-1,-1,-1,-1,-1,-1,-1,-1,-1,-1,-1,-1,-1,-1,-1,-1,-1,-1,-1,-1,-1,-1,-1,-1,-1,-1,-1,-1,-1,-1,-1,-1,-1,-1,-1,-1,-1,-1,-1,-1,-1,-1,-1,-1,-1,-1,-1,0,0,0,0,0,0,-1,-1,-1,-1,-1,-1,-1,-1,-1,-1,-1,-1,0,0,0,0,0,0,-1,-1,-1,-1,-1,-1,-1,-1,-1,-1,-1,-1,-1,-1,False,False,0,0,False,209,0,0,0,0,0,0,0,0,0,0,0,0,0,0,0,1,
0,882,2026-02-23 14:15:35Z,LLM_Empathetic,6.917837,7.22006,6.615613,0.6353595,0,1.615198,0,0,0,0,0,0,5.482629,4.34593,6.619339,0.592854,0.702737,0.482971,7.39101,6.226586,8.555434,0.6014681,0,2.123868,7.179577,6.094885,8.264271,9.821615,10,9.469316,6.917837,7.22006,6.615613,0.6353595,0,1.615198,0,0,0,0,0,0,5.482629,4.34593,6.619339,0.592854,0.702737,0.482971,7.39101,6.226586,8.555434,0.6014681,0,2.123868,7.179577,6.094885,8.264271,9.821615,10,9.469316,-1,-1,-1,-1,-1,-1,-1,-1,-1,-1,-1,-1,-1,-1,-1,-1,-1,-1,-1,-1,-1,-1,-1,-1,-1,-1,-1,-1,-1,-1,-1,-1,-1,-1,-1,-1,-1,-1,-1,-1,-1,-1,-1,-1,-1,-1,-1,-1,-1,-1,0,0,0,0,0,0,-1,-1,-1,-1,-1,-1,-1,-1,-1,-1,-1,-1,0,0,0,0,0,0,-1,-1,-1,-1,-1,-1,-1,-1,-1,-1,-1,-1,-1,-1,False,False,0,0,False,207,0,0,0,0,0,0,0,0,0,0,0,0,0,0,0,1,
0,883,2026-02-23 14:15:35Z,LLM_Empathetic,6.917853,7.220063,6.615644,0.635331,0,1.615182,0,0,0,0,0,0,5.482651,4.345937,6.619374,0.592854,0.702737,0.482971,7.39102,6.226581,8.555459,0.6014498,0,2.12385,7.179607,6.094901,8.264315,9.821675,10,9.469391,6.917853,7.220063,6.615644,0.635331,0,1.615182,0,0,0,0,0,0,5.482651,4.345937,6.619374,0.592854,0.702737,0.482971,7.39102,6.226581,8.555459,0.6014498,0,2.12385,7.179607,6.094901,8.264315,9.821675,10,9.469391,-1,-1,-1,-1,-1,-1,-1,-1,-1,-1,-1,-1,-1,-1,-1,-1,-1,-1,-1,-1,-1,-1,-1,-1,-1,-1,-1,-1,-1,-1,-1,-1,-1,-1,-1,-1,-1,-1,-1,-1,-1,-1,-1,-1,-1,-1,-1,-1,-1,-1,0,0,0,0,0,0,-1,-1,-1,-1,-1,-1,-1,-1,-1,-1,-1,-1,0,0,0,0,0,0,-1,-1,-1,-1,-1,-1,-1,-1,-1,-1,-1,-1,-1,-1,False,False,0,0,False,209,0,0,0,0,0,0,0,0,0,0,0,0,0,0,0,1,
0,884,2026-02-23 14:15:35Z,LLM_Empathetic,6.91787,7.220066,6.615674,0.6353025,0,1.615166,0,0,0,0,0,0,5.482672,4.345944,6.619411,0.592854,0.702737,0.482971,7.391029,6.226576,8.555484,0.6014316,0,2.123832,7.179637,6.094917,8.264359,9.821734,10,9.469466,6.91787,7.220066,6.615674,0.6353025,0,1.615166,0,0,0,0,0,0,5.482672,4.345944,6.619411,0.592854,0.702737,0.482971,7.391029,6.226576,8.555484,0.6014316,0,2.123832,7.179637,6.094917,8.264359,9.821734,10,9.469466,-1,-1,-1,-1,-1,-1,-1,-1,-1,-1,-1,-1,-1,-1,-1,-1,-1,-1,-1,-1,-1,-1,-1,-1,-1,-1,-1,-1,-1,-1,-1,-1,-1,-1,-1,-1,-1,-1,-1,-1,-1,-1,-1,-1,-1,-1,-1,-1,-1,-1,0,0,0,0,0,0,-1,-1,-1,-1,-1,-1,-1,-1,-1,-1,-1,-1,0,0,0,0,0,0,-1,-1,-1,-1,-1,-1,-1,-1,-1,-1,-1,-1,-1,-1,False,False,0,0,False,207,0,0,0,0,0,0,0,0,0,0,0,0,0,0,0,1,
0,885,2026-02-23 14:15:35Z,LLM_Empathetic,6.917887,7.220069,6.615705,0.6352741,0,1.61515,0,0,0,0,0,0,5.482694,4.345952,6.619446,0.592854,0.702737,0.482971,7.391039,6.226571,8.555508,0.6014134,0,2.123814,7.179667,6.094934,8.264402,9.821795,10,9.469541,6.917887,7.220069,6.615705,0.6352741,0,1.61515,0,0,0,0,0,0,5.482694,4.345952,6.619446,0.592854,0.702737,0.482971,7.391039,6.226571,8.555508,0.6014134,0,2.123814,7.179667,6.094934,8.264402,9.821795,10,9.469541,-1,-1,-1,-1,-1,-1,-1,-1,-1,-1,-1,-1,-1,-1,-1,-1,-1,-1,-1,-1,-1,-1,-1,-1,-1,-1,-1,-1,-1,-1,-1,-1,-1,-1,-1,-1,-1,-1,-1,-1,-1,-1,-1,-1,-1,-1,-1,-1,-1,-1,0,0,0,0,0,0,-1,-1,-1,-1,-1,-1,-1,-1,-1,-1,-1,-1,0,0,0,0,0,0,-1,-1,-1,-1,-1,-1,-1,-1,-1,-1,-1,-1,-1,-1,False,False,0,0,False,209,0,0,0,0,0,0,0,0,0,0,0,0,0,0,0,1,
0,886,2026-02-23 14:15:35Z,LLM_Empathetic,6.917903,7.220072,6.615735,0.6352457,0,1.615135,0,0,0,0,0,0,5.482715,4.345959,6.619482,0.592854,0.702737,0.482971,7.391049,6.226566,8.555532,0.6013952,0,2.123796,7.179697,6.09495,8.264445,9.821854,10,9.469616,6.917903,7.220072,6.615735,0.6352457,0,1.615135,0,0,0,0,0,0,5.482715,4.345959,6.619482,0.592854,0.702737,0.482971,7.391049,6.226566,8.555532,0.6013952,0,2.123796,7.179697,6.09495,8.264445,9.821854,10,9.469616,-1,-1,-1,-1,-1,-1,-1,-1,-1,-1,-1,-1,-1,-1,-1,-1,-1,-1,-1,-1,-1,-1,-1,-1,-1,-1,-1,-1,-1,-1,-1,-1,-1,-1,-1,-1,-1,-1,-1,-1,-1,-1,-1,-1,-1,-1,-1,-1,-1,-1,0,0,0,0,0,0,-1,-1,-1,-1,-1,-1,-1,-1,-1,-1,-1,-1,0,0,0,0,0,0,-1,-1,-1,-1,-1,-1,-1,-1,-1,-1,-1,-1,-1,-1,False,False,0,0,False,207,0,0,0,0,0,0,0,0,0,0,0,0,0,0,0,1,
0,887,2026-02-23 14:15:35Z,LLM_Empathetic,6.91792,7.220075,6.615765,0.6352174,0,1.615119,0,0,0,0,0,0,5.482737,4.345966,6.619518,0.592854,0.702737,0.482971,7.391059,6.226561,8.555557,0.6013771,0,2.123777,7.179727,6.094965,8.264489,9.821913,10,9.46969,6.91792,7.220075,6.615765,0.6352174,0,1.615119,0,0,0,0,0,0,5.482737,4.345966,6.619518,0.592854,0.702737,0.482971,7.391059,6.226561,8.555557,0.6013771,0,2.123777,7.179727,6.094965,8.264489,9.821913,10,9.46969,-1,-1,-1,-1,-1,-1,-1,-1,-1,-1,-1,-1,-1,-1,-1,-1,-1,-1,-1,-1,-1,-1,-1,-1,-1,-1,-1,-1,-1,-1,-1,-1,-1,-1,-1,-1,-1,-1,-1,-1,-1,-1,-1,-1,-1,-1,-1,-1,-1,-1,0,0,0,0,0,0,-1,-1,-1,-1,-1,-1,-1,-1,-1,-1,-1,-1,0,0,0,0,0,0,-1,-1,-1,-1,-1,-1,-1,-1,-1,-1,-1,-1,-1,-1,False,False,0,0,False,209,0,0,0,0,0,0,0,0,0,0,0,0,0,0,0,1,
0,888,2026-02-23 14:15:35Z,LLM_Empathetic,6.917937,7.220078,6.615796,0.6351892,0,1.615104,0,0,0,0,0,0,5.482758,4.345973,6.619554,0.592854,0.702737,0.482971,7.391068,6.226556,8.555582,0.601359,0,2.12376,7.179757,6.094982,8.264532,9.821973,10,9.469765,6.917937,7.220078,6.615796,0.6351892,0,1.615104,0,0,0,0,0,0,5.482758,4.345973,6.619554,0.592854,0.702737,0.482971,7.391068,6.226556,8.555582,0.601359,0,2.12376,7.179757,6.094982,8.264532,9.821973,10,9.469765,-1,-1,-1,-1,-1,-1,-1,-1,-1,-1,-1,-1,-1,-1,-1,-1,-1,-1,-1,-1,-1,-1,-1,-1,-1,-1,-1,-1,-1,-1,-1,-1,-1,-1,-1,-1,-1,-1,-1,-1,-1,-1,-1,-1,-1,-1,-1,-1,-1,-1,0,0,0,0,0,0,-1,-1,-1,-1,-1,-1,-1,-1,-1,-1,-1,-1,0,0,0,0,0,0,-1,-1,-1,-1,-1,-1,-1,-1,-1,-1,-1,-1,-1,-1,False,False,0,0,False,207,0,0,0,0,0,0,0,0,0,0,0,0,0,0,0,1,
0,889,2026-02-23 14:15:35Z,LLM_Empathetic,6.917953,7.220081,6.615826,0.635161,0,1.615088,0,0,0,0,0,0,5.48278,4.34598,6.619589,0.592854,0.702737,0.482971,7.391078,6.226551,8.555606,0.6013409,0,2.123741,7.179786,6.094998,8.264575,9.822032,10,9.469839,6.917953,7.220081,6.615826,0.635161,0,1.615088,0,0,0,0,0,0,5.48278,4.34598,6.619589,0.592854,0.702737,0.482971,7.391078,6.226551,8.555606,0.6013409,0,2.123741,7.179786,6.094998,8.264575,9.822032,10,9.469839,-1,-1,-1,-1,-1,-1,-1,-1,-1,-1,-1,-1,-1,-1,-1,-1,-1,-1,-1,-1,-1,-1,-1,-1,-1,-1,-1,-1,-1,-1,-1,-1,-1,-1,-1,-1,-1,-1,-1,-1,-1,-1,-1,-1,-1,-1,-1,-1,-1,-1,0,0,0,0,0,0,-1,-1,-1,-1,-1,-1,-1,-1,-1,-1,-1,-1,0,0,0,0,0,0,-1,-1,-1,-1,-1,-1,-1,-1,-1,-1,-1,-1,-1,-1,False,False,0,0,False,207,0,0,0,0,0,0,0,0,0,0,0,0,0,0,0,1,
0,890,2026-02-23 14:15:35Z,LLM_Empathetic,6.91797,7.220084,6.615856,0.6351328,0,1.615072,0,0,0,0,0,0,5.4828,4.345987,6.619625,0.592854,0.702737,0.482971,7.391088,6.226546,8.555631,0.6013229,0,2.123723,7.179816,6.095014,8.264619,9.822091,10,9.469913,6.91797,7.220084,6.615856,0.6351328,0,1.615072,0,0,0,0,0,0,5.4828,4.345987,6.619625,0.592854,0.702737,0.482971,7.391088,6.226546,8.555631,0.6013229,0,2.123723,7.179816,6.095014,8.264619,9.822091,10,9.469913,-1,-1,-1,-1,-1,-1,-1,-1,-1,-1,-1,-1,-1,-1,-1,-1,-1,-1,-1,-1,-1,-1,-1,-1,-1,-1,-1,-1,-1,-1,-1,-1,-1,-1,-1,-1,-1,-1,-1,-1,-1,-1,-1,-1,-1,-1,-1,-1,-1,-1,0,0,0,0,0,0,-1,-1,-1,-1,-1,-1,-1,-1,-1,-1,-1,-1,0,0,0,0,0,0,-1,-1,-1,-1,-1,-1,-1,-1,-1,-1,-1,-1,-1,-1,False,False,0,0,False,207,0,0,0,0,0,0,0,0,0,0,0,0,0,0,0,1,
0,891,2026-02-23 14:15:35Z,LLM_Empathetic,6.917986,7.220087,6.615886,0.6351047,0,1.615057,0,0,0,0,0,0,5.482822,4.345994,6.61966,0.592854,0.702737,0.482971,7.391098,6.226541,8.555655,0.6013049,0,2.123705,7.179845,6.09503,8.264662,9.82215,10,9.469987,6.917986,7.220087,6.615886,0.6351047,0,1.615057,0,0,0,0,0,0,5.482822,4.345994,6.61966,0.592854,0.702737,0.482971,7.391098,6.226541,8.555655,0.6013049,0,2.123705,7.179845,6.09503,8.264662,9.82215,10,9.469987,-1,-1,-1,-1,-1,-1,-1,-1,-1,-1,-1,-1,-1,-1,-1,-1,-1,-1,-1,-1,-1,-1,-1,-1,-1,-1,-1,-1,-1,-1,-1,-1,-1,-1,-1,-1,-1,-1,-1,-1,-1,-1,-1,-1,-1,-1,-1,-1,-1,-1,0,0,0,0,0,0,-1,-1,-1,-1,-1,-1,-1,-1,-1,-1,-1,-1,0,0,0,0,0,0,-1,-1,-1,-1,-1,-1,-1,-1,-1,-1,-1,-1,-1,-1,False,False,0,0,False,207,0,0,0,0,0,0,0,0,0,0,0,0,0,0,0,1,
0,892,2026-02-23 14:15:35Z,LLM_Empathetic,6.918003,7.22009,6.615916,0.6350766,0,1.615042,0,0,0,0,0,0,5.482843,4.346001,6.619696,0.592854,0.702737,0.482971,7.391108,6.226536,8.555679,0.601287,0,2.123687,7.179875,6.095046,8.264705,9.822208,10,9.470061,6.918003,7.22009,6.615916,0.6350766,0,1.615042,0,0,0,0,0,0,5.482843,4.346001,6.619696,0.592854,0.702737,0.482971,7.391108,6.226536,8.555679,0.601287,0,2.123687,7.179875,6.095046,8.264705,9.822208,10,9.470061,-1,-1,-1,-1,-1,-1,-1,-1,-1,-1,-1,-1,-1,-1,-1,-1,-1,-1,-1,-1,-1,-1,-1,-1,-1,-1,-1,-1,-1,-1,-1,-1,-1,-1,-1,-1,-1,-1,-1,-1,-1,-1,-1,-1,-1,-1,-1,-1,-1,-1,0,0,0,0,0,0,-1,-1,-1,-1,-1,-1,-1,-1,-1,-1,-1,-1,0,0,0,0,0,0,-1,-1,-1,-1,-1,-1,-1,-1,-1,-1,-1,-1,-1,-1,False,False,0,0,False,209,0,0,0,0,0,0,0,0,0,0,0,0,0,0,0,1,
0,893,2026-02-23 14:15:35Z,LLM_Empathetic,6.918019,7.220093,6.615946,0.6350487,0,1.615026,0,0,0,0,0,0,5.482864,4.346008,6.619731,0.592854,0.702737,0.482971,7.391117,6.226531,8.555704,0.6012691,0,2.123669,7.179904,6.095062,8.264748,9.822268,10,9.470135,6.918019,7.220093,6.615946,0.6350487,0,1.615026,0,0,0,0,0,0,5.482864,4.346008,6.619731,0.592854,0.702737,0.482971,7.391117,6.226531,8.555704,0.6012691,0,2.123669,7.179904,6.095062,8.264748,9.822268,10,9.470135,-1,-1,-1,-1,-1,-1,-1,-1,-1,-1,-1,-1,-1,-1,-1,-1,-1,-1,-1,-1,-1,-1,-1,-1,-1,-1,-1,-1,-1,-1,-1,-1,-1,-1,-1,-1,-1,-1,-1,-1,-1,-1,-1,-1,-1,-1,-1,-1,-1,-1,0,0,0,0,0,0,-1,-1,-1,-1,-1,-1,-1,-1,-1,-1,-1,-1,0,0,0,0,0,0,-1,-1,-1,-1,-1,-1,-1,-1,-1,-1,-1,-1,-1,-1,False,False,0,0,False,207,0,0,0,0,0,0,0,0,0,0,0,0,0,0,0,1,
0,894,2026-02-23 14:15:36Z,LLM_Empathetic,6.918036,7.220096,6.615976,0.6350207,0,1.615011,0,0,0,0,0,0,5.482885,4.346015,6.619766,0.592854,0.702737,0.482971,7.391127,6.226526,8.555728,0.6012511,0,2.123652,7.179934,6.095078,8.264791,9.822326,10,9.470208,6.918036,7.220096,6.615976,0.6350207,0,1.615011,0,0,0,0,0,0,5.482885,4.346015,6.619766,0.592854,0.702737,0.482971,7.391127,6.226526,8.555728,0.6012511,0,2.123652,7.179934,6.095078,8.264791,9.822326,10,9.470208,-1,-1,-1,-1,-1,-1,-1,-1,-1,-1,-1,-1,-1,-1,-1,-1,-1,-1,-1,-1,-1,-1,-1,-1,-1,-1,-1,-1,-1,-1,-1,-1,-1,-1,-1,-1,-1,-1,-1,-1,-1,-1,-1,-1,-1,-1,-1,-1,-1,-1,0,0,0,0,0,0,-1,-1,-1,-1,-1,-1,-1,-1,-1,-1,-1,-1,0,0,0,0,0,0,-1,-1,-1,-1,-1,-1,-1,-1,-1,-1,-1,-1,-1,-1,False,False,0,0,False,207,0,0,0,0,0,0,0,0,0,0,0,0,0,0,0,1,
0,895,2026-02-23 14:15:36Z,LLM_Empathetic,6.918052,7.220099,6.616005,0.6349928,0,1.614995,0,0,0,0,0,0,5.482907,4.346022,6.619802,0.592854,0.702737,0.482971,7.391136,6.226521,8.555752,0.6012333,0,2.123634,7.179963,6.095093,8.264833,9.822385,10,9.470282,6.918052,7.220099,6.616005,0.6349928,0,1.614995,0,0,0,0,0,0,5.482907,4.346022,6.619802,0.592854,0.702737,0.482971,7.391136,6.226521,8.555752,0.6012333,0,2.123634,7.179963,6.095093,8.264833,9.822385,10,9.470282,-1,-1,-1,-1,-1,-1,-1,-1,-1,-1,-1,-1,-1,-1,-1,-1,-1,-1,-1,-1,-1,-1,-1,-1,-1,-1,-1,-1,-1,-1,-1,-1,-1,-1,-1,-1,-1,-1,-1,-1,-1,-1,-1,-1,-1,-1,-1,-1,-1,-1,0,0,0,0,0,0,-1,-1,-1,-1,-1,-1,-1,-1,-1,-1,-1,-1,0,0,0,0,0,0,-1,-1,-1,-1,-1,-1,-1,-1,-1,-1,-1,-1,-1,-1,False,False,0,0,False,209,0,0,0,0,0,0,0,0,0,0,0,0,0,0,0,1,
0,896,2026-02-23 14:15:36Z,LLM_Empathetic,6.918069,7.220102,6.616035,0.634965,0,1.61498,0,0,0,0,0,0,5.482928,4.346029,6.619837,0.592854,0.702737,0.482971,7.391146,6.226516,8.555777,0.6012155,0,2.123616,7.179992,6.095109,8.264875,9.822443,10,9.470355,6.918069,7.220102,6.616035,0.634965,0,1.61498,0,0,0,0,0,0,5.482928,4.346029,6.619837,0.592854,0.702737,0.482971,7.391146,6.226516,8.555777,0.6012155,0,2.123616,7.179992,6.095109,8.264875,9.822443,10,9.470355,-1,-1,-1,-1,-1,-1,-1,-1,-1,-1,-1,-1,-1,-1,-1,-1,-1,-1,-1,-1,-1,-1,-1,-1,-1,-1,-1,-1,-1,-1,-1,-1,-1,-1,-1,-1,-1,-1,-1,-1,-1,-1,-1,-1,-1,-1,-1,-1,-1,-1,0,0,0,0,0,0,-1,-1,-1,-1,-1,-1,-1,-1,-1,-1,-1,-1,0,0,0,0,0,0,-1,-1,-1,-1,-1,-1,-1,-1,-1,-1,-1,-1,-1,-1,False,False,0,0,False,209,0,0,0,0,0,0,0,0,0,0,0,0,0,0,0,1,
0,897,2026-02-23 14:15:36Z,LLM_Empathetic,6.918085,7.220105,6.616065,0.6349372,0,1.614965,0,0,0,0,0,0,5.482949,4.346036,6.619872,0.592854,0.702737,0.482971,7.391156,6.226511,8.5558,0.6011977,0,2.123598,7.180021,6.095125,8.264918,9.822501,10,9.470428,6.918085,7.220105,6.616065,0.6349372,0,1.614965,0,0,0,0,0,0,5.482949,4.346036,6.619872,0.592854,0.702737,0.482971,7.391156,6.226511,8.5558,0.6011977,0,2.123598,7.180021,6.095125,8.264918,9.822501,10,9.470428,-1,-1,-1,-1,-1,-1,-1,-1,-1,-1,-1,-1,-1,-1,-1,-1,-1,-1,-1,-1,-1,-1,-1,-1,-1,-1,-1,-1,-1,-1,-1,-1,-1,-1,-1,-1,-1,-1,-1,-1,-1,-1,-1,-1,-1,-1,-1,-1,-1,-1,0,0,0,0,0,0,-1,-1,-1,-1,-1,-1,-1,-1,-1,-1,-1,-1,0,0,0,0,0,0,-1,-1,-1,-1,-1,-1,-1,-1,-1,-1,-1,-1,-1,-1,False,False,0,0,False,209,0,0,0,0,0,0,0,0,0,0,0,0,0,0,0,1,
0,898,2026-02-23 14:15:36Z,LLM_Empathetic,6.918101,7.220108,6.616095,0.6349095,0,1.614949,0,0,0,0,0,0,5.48297,4.346043,6.619907,0.592854,0.702737,0.482971,7.391165,6.226506,8.555824,0.6011799,0,2.12358,7.18005,6.095141,8.264961,9.822559,10,9.470502,6.918101,7.220108,6.616095,0.6349095,0,1.614949,0,0,0,0,0,0,5.48297,4.346043,6.619907,0.592854,0.702737,0.482971,7.391165,6.226506,8.555824,0.6011799,0,2.12358,7.18005,6.095141,8.264961,9.822559,10,9.470502,-1,-1,-1,-1,-1,-1,-1,-1,-1,-1,-1,-1,-1,-1,-1,-1,-1,-1,-1,-1,-1,-1,-1,-1,-1,-1,-1,-1,-1,-1,-1,-1,-1,-1,-1,-1,-1,-1,-1,-1,-1,-1,-1,-1,-1,-1,-1,-1,-1,-1,0,0,0,0,0,0,-1,-1,-1,-1,-1,-1,-1,-1,-1,-1,-1,-1,0,0,0,0,0,0,-1,-1,-1,-1,-1,-1,-1,-1,-1,-1,-1,-1,-1,-1,False,False,0,0,False,209,0,0,0,0,0,0,0,0,0,0,0,0,0,0,0,1,
0,899,2026-02-23 14:15:36Z,LLM_Empathetic,6.918118,7.22011,6.616125,0.6348817,0,1.614934,0,0,0,0,0,0,5.482991,4.34605,6.619942,0.592854,0.702737,0.482971,7.391175,6.226501,8.555848,0.6011622,0,2.123563,7.180079,6.095157,8.265003,9.822618,10,9.470574,6.918118,7.22011,6.616125,0.6348817,0,1.614934,0,0,0,0,0,0,5.482991,4.34605,6.619942,0.592854,0.702737,0.482971,7.391175,6.226501,8.555848,0.6011622,0,2.123563,7.180079,6.095157,8.265003,9.822618,10,9.470574,-1,-1,-1,-1,-1,-1,-1,-1,-1,-1,-1,-1,-1,-1,-1,-1,-1,-1,-1,-1,-1,-1,-1,-1,-1,-1,-1,-1,-1,-1,-1,-1,-1,-1,-1,-1,-1,-1,-1,-1,-1,-1,-1,-1,-1,-1,-1,-1,-1,-1,0,0,0,0,0,0,-1,-1,-1,-1,-1,-1,-1,-1,-1,-1,-1,-1,0,0,0,0,0,0,-1,-1,-1,-1,-1,-1,-1,-1,-1,-1,-1,-1,-1,-1,False,False,0,0,False,207,0,0,0,0,0,0,0,0,0,0,0,0,0,0,0,1,
0,900,2026-02-23 14:15:36Z,LLM_Empathetic,6.918134,7.220114,6.616154,0.6348541,0,1.614919,0,0,0,0,0,0,5.483012,4.346056,6.619977,0.592854,0.702737,0.482971,7.391184,6.226496,8.555873,0.6011445,0,2.123545,7.180109,6.095172,8.265045,9.822676,10,9.470647,6.918134,7.220114,6.616154,0.6348541,0,1.614919,0,0,0,0,0,0,5.483012,4.346056,6.619977,0.592854,0.702737,0.482971,7.391184,6.226496,8.555873,0.6011445,0,2.123545,7.180109,6.095172,8.265045,9.822676,10,9.470647,-1,-1,-1,-1,-1,-1,-1,-1,-1,-1,-1,-1,-1,-1,-1,-1,-1,-1,-1,-1,-1,-1,-1,-1,-1,-1,-1,-1,-1,-1,-1,-1,-1,-1,-1,-1,-1,-1,-1,-1,-1,-1,-1,-1,-1,-1,-1,-1,-1,-1,0,0,0,0,0,0,-1,-1,-1,-1,-1,-1,-1,-1,-1,-1,-1,-1,0,0,0,0,0,0,-1,-1,-1,-1,-1,-1,-1,-1,-1,-1,-1,-1,-1,-1,False,False,0,0,False,209,0,0,0,0,0,0,0,0,0,0,0,0,0,0,0,1,
0,901,2026-02-23 14:15:36Z,LLM_Empathetic,6.91815,7.220117,6.616184,0.6348265,0,1.614904,0,0,0,0,0,0,5.483032,4.346064,6.620012,0.592854,0.702737,0.482971,7.391194,6.226491,8.555897,0.6011268,0,2.123527,7.180138,6.095188,8.265088,9.822734,10,9.47072,6.91815,7.220117,6.616184,0.6348265,0,1.614904,0,0,0,0,0,0,5.483032,4.346064,6.620012,0.592854,0.702737,0.482971,7.391194,6.226491,8.555897,0.6011268,0,2.123527,7.180138,6.095188,8.265088,9.822734,10,9.47072,-1,-1,-1,-1,-1,-1,-1,-1,-1,-1,-1,-1,-1,-1,-1,-1,-1,-1,-1,-1,-1,-1,-1,-1,-1,-1,-1,-1,-1,-1,-1,-1,-1,-1,-1,-1,-1,-1,-1,-1,-1,-1,-1,-1,-1,-1,-1,-1,-1,-1,0,0,0,0,0,0,-1,-1,-1,-1,-1,-1,-1,-1,-1,-1,-1,-1,0,0,0,0,0,0,-1,-1,-1,-1,-1,-1,-1,-1,-1,-1,-1,-1,-1,-1,False,False,0,0,False,209,0,0,0,0,0,0,0,0,0,0,0,0,0,0,0,1,
0,902,2026-02-23 14:15:36Z,LLM_Empathetic,6.918166,7.220119,6.616213,0.634799,0,1.614888,0,0,0,0,0,0,5.483053,4.34607,6.620047,0.592854,0.702737,0.482971,7.391203,6.226487,8.555921,0.6011091,0,2.12351,7.180166,6.095204,8.26513,9.822791,10,9.470793,6.918166,7.220119,6.616213,0.634799,0,1.614888,0,0,0,0,0,0,5.483053,4.34607,6.620047,0.592854,0.702737,0.482971,7.391203,6.226487,8.555921,0.6011091,0,2.12351,7.180166,6.095204,8.26513,9.822791,10,9.470793,-1,-1,-1,-1,-1,-1,-1,-1,-1,-1,-1,-1,-1,-1,-1,-1,-1,-1,-1,-1,-1,-1,-1,-1,-1,-1,-1,-1,-1,-1,-1,-1,-1,-1,-1,-1,-1,-1,-1,-1,-1,-1,-1,-1,-1,-1,-1,-1,-1,-1,0,0,0,0,0,0,-1,-1,-1,-1,-1,-1,-1,-1,-1,-1,-1,-1,0,0,0,0,0,0,-1,-1,-1,-1,-1,-1,-1,-1,-1,-1,-1,-1,-1,-1,False,False,0,0,False,209,0,0,0,0,0,0,0,0,0,0,0,0,0,0,0,1,
0,903,2026-02-23 14:15:36Z,LLM_Empathetic,6.918182,7.220122,6.616242,0.6347715,0,1.614873,0,0,0,0,0,0,5.483074,4.346077,6.620081,0.592854,0.702737,0.482971,7.391213,6.226481,8.555944,0.6010916,0,2.123492,7.180195,6.095219,8.265172,9.822849,10,9.470865,6.918182,7.220122,6.616242,0.6347715,0,1.614873,0,0,0,0,0,0,5.483074,4.346077,6.620081,0.592854,0.702737,0.482971,7.391213,6.226481,8.555944,0.6010916,0,2.123492,7.180195,6.095219,8.265172,9.822849,10,9.470865,-1,-1,-1,-1,-1,-1,-1,-1,-1,-1,-1,-1,-1,-1,-1,-1,-1,-1,-1,-1,-1,-1,-1,-1,-1,-1,-1,-1,-1,-1,-1,-1,-1,-1,-1,-1,-1,-1,-1,-1,-1,-1,-1,-1,-1,-1,-1,-1,-1,-1,0,0,0,0,0,0,-1,-1,-1,-1,-1,-1,-1,-1,-1,-1,-1,-1,0,0,0,0,0,0,-1,-1,-1,-1,-1,-1,-1,-1,-1,-1,-1,-1,-1,-1,False,False,0,0,False,207,0,0,0,0,0,0,0,0,0,0,0,0,0,0,0,1,
0,904,2026-02-23 14:15:36Z,LLM_Empathetic,6.918199,7.220125,6.616272,0.634744,0,1.614858,0,0,0,0,0,0,5.483095,4.346084,6.620116,0.592854,0.702737,0.482971,7.391222,6.226477,8.555968,0.601074,0,2.123474,7.180224,6.095235,8.265214,9.822906,10,9.470937,6.918199,7.220125,6.616272,0.634744,0,1.614858,0,0,0,0,0,0,5.483095,4.346084,6.620116,0.592854,0.702737,0.482971,7.391222,6.226477,8.555968,0.601074,0,2.123474,7.180224,6.095235,8.265214,9.822906,10,9.470937,-1,-1,-1,-1,-1,-1,-1,-1,-1,-1,-1,-1,-1,-1,-1,-1,-1,-1,-1,-1,-1,-1,-1,-1,-1,-1,-1,-1,-1,-1,-1,-1,-1,-1,-1,-1,-1,-1,-1,-1,-1,-1,-1,-1,-1,-1,-1,-1,-1,-1,0,0,0,0,0,0,-1,-1,-1,-1,-1,-1,-1,-1,-1,-1,-1,-1,0,0,0,0,0,0,-1,-1,-1,-1,-1,-1,-1,-1,-1,-1,-1,-1,-1,-1,False,False,0,0,False,207,0,0,0,0,0,0,0,0,0,0,0,0,0,0,0,1,
0,905,2026-02-23 14:15:36Z,LLM_Empathetic,6.918215,7.220128,6.616301,0.6347167,0,1.614843,0,0,0,0,0,0,5.483116,4.346091,6.620151,0.592854,0.702737,0.482971,7.391232,6.226472,8.555992,0.6010565,0,2.123457,7.180253,6.095251,8.265256,9.822964,10,9.471009,6.918215,7.220128,6.616301,0.6347167,0,1.614843,0,0,0,0,0,0,5.483116,4.346091,6.620151,0.592854,0.702737,0.482971,7.391232,6.226472,8.555992,0.6010565,0,2.123457,7.180253,6.095251,8.265256,9.822964,10,9.471009,-1,-1,-1,-1,-1,-1,-1,-1,-1,-1,-1,-1,-1,-1,-1,-1,-1,-1,-1,-1,-1,-1,-1,-1,-1,-1,-1,-1,-1,-1,-1,-1,-1,-1,-1,-1,-1,-1,-1,-1,-1,-1,-1,-1,-1,-1,-1,-1,-1,-1,0,0,0,0,0,0,-1,-1,-1,-1,-1,-1,-1,-1,-1,-1,-1,-1,0,0,0,0,0,0,-1,-1,-1,-1,-1,-1,-1,-1,-1,-1,-1,-1,-1,-1,False,False,0,0,False,209,0,0,0,0,0,0,0,0,0,0,0,0,0,0,0,1,
0,906,2026-02-23 14:15:36Z,LLM_Empathetic,6.918231,7.220131,6.616331,0.6346893,0,1.614828,0,0,0,0,0,0,5.483136,4.346098,6.620185,0.592854,0.702737,0.482971,7.391241,6.226467,8.556015,0.6010389,0,2.123439,7.180282,6.095266,8.265298,9.823022,10,9.471081,6.918231,7.220131,6.616331,0.6346893,0,1.614828,0,0,0,0,0,0,5.483136,4.346098,6.620185,0.592854,0.702737,0.482971,7.391241,6.226467,8.556015,0.6010389,0,2.123439,7.180282,6.095266,8.265298,9.823022,10,9.471081,-1,-1,-1,-1,-1,-1,-1,-1,-1,-1,-1,-1,-1,-1,-1,-1,-1,-1,-1,-1,-1,-1,-1,-1,-1,-1,-1,-1,-1,-1,-1,-1,-1,-1,-1,-1,-1,-1,-1,-1,-1,-1,-1,-1,-1,-1,-1,-1,-1,-1,0,0,0,0,0,0,-1,-1,-1,-1,-1,-1,-1,-1,-1,-1,-1,-1,0,0,0,0,0,0,-1,-1,-1,-1,-1,-1,-1,-1,-1,-1,-1,-1,-1,-1,False,False,0,0,False,207,0,0,0,0,0,0,0,0,0,0,0,0,0,0,0,1,
0,907,2026-02-23 14:15:36Z,LLM_Empathetic,6.918247,7.220134,6.61636,0.6346621,0,1.614813,0,0,0,0,0,0,5.483157,4.346105,6.620219,0.592854,0.702737,0.482971,7.391251,6.226462,8.556039,0.6010215,0,2.123422,7.18031,6.095282,8.26534,9.823079,10,9.471153,6.918247,7.220134,6.61636,0.6346621,0,1.614813,0,0,0,0,0,0,5.483157,4.346105,6.620219,0.592854,0.702737,0.482971,7.391251,6.226462,8.556039,0.6010215,0,2.123422,7.18031,6.095282,8.26534,9.823079,10,9.471153,-1,-1,-1,-1,-1,-1,-1,-1,-1,-1,-1,-1,-1,-1,-1,-1,-1,-1,-1,-1,-1,-1,-1,-1,-1,-1,-1,-1,-1,-1,-1,-1,-1,-1,-1,-1,-1,-1,-1,-1,-1,-1,-1,-1,-1,-1,-1,-1,-1,-1,0,0,0,0,0,0,-1,-1,-1,-1,-1,-1,-1,-1,-1,-1,-1,-1,0,0,0,0,0,0,-1,-1,-1,-1,-1,-1,-1,-1,-1,-1,-1,-1,-1,-1,False,False,0,0,False,207,0,0,0,0,0,0,0,0,0,0,0,0,0,0,0,1,
0,908,2026-02-23 14:15:36Z,LLM_Empathetic,6.918263,7.220137,6.616389,0.6346349,0,1.614798,0,0,0,0,0,0,5.483178,4.346111,6.620254,0.592854,0.702737,0.482971,7.39126,6.226458,8.556063,0.6010041,0,2.123405,7.180339,6.095297,8.265382,9.823136,10,9.471225,6.918263,7.220137,6.616389,0.6346349,0,1.614798,0,0,0,0,0,0,5.483178,4.346111,6.620254,0.592854,0.702737,0.482971,7.39126,6.226458,8.556063,0.6010041,0,2.123405,7.180339,6.095297,8.265382,9.823136,10,9.471225,-1,-1,-1,-1,-1,-1,-1,-1,-1,-1,-1,-1,-1,-1,-1,-1,-1,-1,-1,-1,-1,-1,-1,-1,-1,-1,-1,-1,-1,-1,-1,-1,-1,-1,-1,-1,-1,-1,-1,-1,-1,-1,-1,-1,-1,-1,-1,-1,-1,-1,0,0,0,0,0,0,-1,-1,-1,-1,-1,-1,-1,-1,-1,-1,-1,-1,0,0,0,0,0,0,-1,-1,-1,-1,-1,-1,-1,-1,-1,-1,-1,-1,-1,-1,False,False,0,0,False,209,0,0,0,0,0,0,0,0,0,0,0,0,0,0,0,1,
0,909,2026-02-23 14:15:36Z,LLM_Empathetic,6.918279,7.22014,6.616418,0.6346077,0,1.614783,0,0,0,0,0,0,5.483198,4.346118,6.620288,0.592854,0.702737,0.482971,7.391269,6.226452,8.556087,0.6009867,0,2.123387,7.180367,6.095313,8.265423,9.823193,10,9.471296,6.918279,7.22014,6.616418,0.6346077,0,1.614783,0,0,0,0,0,0,5.483198,4.346118,6.620288,0.592854,0.702737,0.482971,7.391269,6.226452,8.556087,0.6009867,0,2.123387,7.180367,6.095313,8.265423,9.823193,10,9.471296,-1,-1,-1,-1,-1,-1,-1,-1,-1,-1,-1,-1,-1,-1,-1,-1,-1,-1,-1,-1,-1,-1,-1,-1,-1,-1,-1,-1,-1,-1,-1,-1,-1,-1,-1,-1,-1,-1,-1,-1,-1,-1,-1,-1,-1,-1,-1,-1,-1,-1,0,0,0,0,0,0,-1,-1,-1,-1,-1,-1,-1,-1,-1,-1,-1,-1,0,0,0,0,0,0,-1,-1,-1,-1,-1,-1,-1,-1,-1,-1,-1,-1,-1,-1,False,False,0,0,False,209,0,0,0,0,0,0,0,0,0,0,0,0,0,0,0,1,
0,910,2026-02-23 14:15:36Z,LLM_Empathetic,6.918295,7.220143,6.616447,0.6345805,0,1.614768,0,0,0,0,0,0,5.483219,4.346125,6.620323,0.592854,0.702737,0.482971,7.391279,6.226448,8.556109,0.6009693,0,2.12337,7.180396,6.095328,8.265465,9.82325,10,9.471368,6.918295,7.220143,6.616447,0.6345805,0,1.614768,0,0,0,0,0,0,5.483219,4.346125,6.620323,0.592854,0.702737,0.482971,7.391279,6.226448,8.556109,0.6009693,0,2.12337,7.180396,6.095328,8.265465,9.82325,10,9.471368,-1,-1,-1,-1,-1,-1,-1,-1,-1,-1,-1,-1,-1,-1,-1,-1,-1,-1,-1,-1,-1,-1,-1,-1,-1,-1,-1,-1,-1,-1,-1,-1,-1,-1,-1,-1,-1,-1,-1,-1,-1,-1,-1,-1,-1,-1,-1,-1,-1,-1,0,0,0,0,0,0,-1,-1,-1,-1,-1,-1,-1,-1,-1,-1,-1,-1,0,0,0,0,0,0,-1,-1,-1,-1,-1,-1,-1,-1,-1,-1,-1,-1,-1,-1,False,False,0,0,False,209,0,0,0,0,0,0,0,0,0,0,0,0,0,0,0,1,
0,911,2026-02-23 14:15:36Z,LLM_Empathetic,6.918311,7.220146,6.616476,0.6345534,0,1.614753,0,0,0,0,0,0,5.483239,4.346132,6.620357,0.592854,0.702737,0.482971,7.391288,6.226443,8.556133,0.6009519,0,2.123352,7.180424,6.095344,8.265507,9.823307,10,9.471439,6.918311,7.220146,6.616476,0.6345534,0,1.614753,0,0,0,0,0,0,5.483239,4.346132,6.620357,0.592854,0.702737,0.482971,7.391288,6.226443,8.556133,0.6009519,0,2.123352,7.180424,6.095344,8.265507,9.823307,10,9.471439,-1,-1,-1,-1,-1,-1,-1,-1,-1,-1,-1,-1,-1,-1,-1,-1,-1,-1,-1,-1,-1,-1,-1,-1,-1,-1,-1,-1,-1,-1,-1,-1,-1,-1,-1,-1,-1,-1,-1,-1,-1,-1,-1,-1,-1,-1,-1,-1,-1,-1,0,0,0,0,0,0,-1,-1,-1,-1,-1,-1,-1,-1,-1,-1,-1,-1,0,0,0,0,0,0,-1,-1,-1,-1,-1,-1,-1,-1,-1,-1,-1,-1,-1,-1,False,False,0,0,False,209,0,0,0,0,0,0,0,0,0,0,0,0,0,0,0,1,
0,912,2026-02-23 14:15:36Z,LLM_Empathetic,6.918327,7.220149,6.616505,0.6345264,0,1.614738,0,0,0,0,0,0,5.48326,4.346138,6.620391,0.592854,0.702737,0.482971,7.391297,6.226438,8.556157,0.6009346,0,2.123335,7.180453,6.095359,8.265548,9.823363,10,9.471511,6.918327,7.220149,6.616505,0.6345264,0,1.614738,0,0,0,0,0,0,5.48326,4.346138,6.620391,0.592854,0.702737,0.482971,7.391297,6.226438,8.556157,0.6009346,0,2.123335,7.180453,6.095359,8.265548,9.823363,10,9.471511,-1,-1,-1,-1,-1,-1,-1,-1,-1,-1,-1,-1,-1,-1,-1,-1,-1,-1,-1,-1,-1,-1,-1,-1,-1,-1,-1,-1,-1,-1,-1,-1,-1,-1,-1,-1,-1,-1,-1,-1,-1,-1,-1,-1,-1,-1,-1,-1,-1,-1,0,0,0,0,0,0,-1,-1,-1,-1,-1,-1,-1,-1,-1,-1,-1,-1,0,0,0,0,0,0,-1,-1,-1,-1,-1,-1,-1,-1,-1,-1,-1,-1,-1,-1,False,False,0,0,False,207,0,0,0,0,0,0,0,0,0,0,0,0,0,0,0,1,
0,913,2026-02-23 14:15:36Z,LLM_Empathetic,6.918343,7.220151,6.616534,0.6344994,0,1.614723,0,0,0,0,0,0,5.48328,4.346146,6.620425,0.592854,0.702737,0.482971,7.391306,6.226433,8.55618,0.6009173,0,2.123318,7.180481,6.095374,8.265589,9.823421,10,9.471581,6.918343,7.220151,6.616534,0.6344994,0,1.614723,0,0,0,0,0,0,5.48328,4.346146,6.620425,0.592854,0.702737,0.482971,7.391306,6.226433,8.55618,0.6009173,0,2.123318,7.180481,6.095374,8.265589,9.823421,10,9.471581,-1,-1,-1,-1,-1,-1,-1,-1,-1,-1,-1,-1,-1,-1,-1,-1,-1,-1,-1,-1,-1,-1,-1,-1,-1,-1,-1,-1,-1,-1,-1,-1,-1,-1,-1,-1,-1,-1,-1,-1,-1,-1,-1,-1,-1,-1,-1,-1,-1,-1,0,0,0,0,0,0,-1,-1,-1,-1,-1,-1,-1,-1,-1,-1,-1,-1,0,0,0,0,0,0,-1,-1,-1,-1,-1,-1,-1,-1,-1,-1,-1,-1,-1,-1,False,False,0,0,False,207,0,0,0,0,0,0,0,0,0,0,0,0,0,0,0,1,
0,914,2026-02-23 14:15:36Z,LLM_Empathetic,6.918358,7.220154,6.616563,0.6344724,0,1.614708,0,0,0,0,0,0,5.4833,4.346152,6.620459,0.592854,0.702737,0.482971,7.391316,6.226429,8.556204,0.6009001,0,2.123301,7.18051,6.095389,8.265631,9.823477,10,9.471652,6.918358,7.220154,6.616563,0.6344724,0,1.614708,0,0,0,0,0,0,5.4833,4.346152,6.620459,0.592854,0.702737,0.482971,7.391316,6.226429,8.556204,0.6009001,0,2.123301,7.18051,6.095389,8.265631,9.823477,10,9.471652,-1,-1,-1,-1,-1,-1,-1,-1,-1,-1,-1,-1,-1,-1,-1,-1,-1,-1,-1,-1,-1,-1,-1,-1,-1,-1,-1,-1,-1,-1,-1,-1,-1,-1,-1,-1,-1,-1,-1,-1,-1,-1,-1,-1,-1,-1,-1,-1,-1,-1,0,0,0,0,0,0,-1,-1,-1,-1,-1,-1,-1,-1,-1,-1,-1,-1,0,0,0,0,0,0,-1,-1,-1,-1,-1,-1,-1,-1,-1,-1,-1,-1,-1,-1,False,False,0,0,False,209,0,0,0,0,0,0,0,0,0,0,0,0,0,0,0,1,
0,915,2026-02-23 14:15:36Z,LLM_Empathetic,6.918375,7.220157,6.616591,0.6344455,0,1.614694,0,0,0,0,0,0,5.483321,4.346159,6.620493,0.592854,0.702737,0.482971,7.391325,6.226424,8.556227,0.6008828,0,2.123283,7.180538,6.095405,8.265672,9.823533,10,9.471724,6.918375,7.220157,6.616591,0.6344455,0,1.614694,0,0,0,0,0,0,5.483321,4.346159,6.620493,0.592854,0.702737,0.482971,7.391325,6.226424,8.556227,0.6008828,0,2.123283,7.180538,6.095405,8.265672,9.823533,10,9.471724,-1,-1,-1,-1,-1,-1,-1,-1,-1,-1,-1,-1,-1,-1,-1,-1,-1,-1,-1,-1,-1,-1,-1,-1,-1,-1,-1,-1,-1,-1,-1,-1,-1,-1,-1,-1,-1,-1,-1,-1,-1,-1,-1,-1,-1,-1,-1,-1,-1,-1,0,0,0,0,0,0,-1,-1,-1,-1,-1,-1,-1,-1,-1,-1,-1,-1,0,0,0,0,0,0,-1,-1,-1,-1,-1,-1,-1,-1,-1,-1,-1,-1,-1,-1,False,False,0,0,False,209,0,0,0,0,0,0,0,0,0,0,0,0,0,0,0,1,
0,916,2026-02-23 14:15:36Z,LLM_Empathetic,6.91839,7.22016,6.61662,0.6344187,0,1.614679,0,0,0,0,0,0,5.483341,4.346166,6.620527,0.592854,0.702737,0.482971,7.391335,6.226419,8.556251,0.6008657,0,2.123266,7.180566,6.09542,8.265713,9.823589,10,9.471794,6.91839,7.22016,6.61662,0.6344187,0,1.614679,0,0,0,0,0,0,5.483341,4.346166,6.620527,0.592854,0.702737,0.482971,7.391335,6.226419,8.556251,0.6008657,0,2.123266,7.180566,6.09542,8.265713,9.823589,10,9.471794,-1,-1,-1,-1,-1,-1,-1,-1,-1,-1,-1,-1,-1,-1,-1,-1,-1,-1,-1,-1,-1,-1,-1,-1,-1,-1,-1,-1,-1,-1,-1,-1,-1,-1,-1,-1,-1,-1,-1,-1,-1,-1,-1,-1,-1,-1,-1,-1,-1,-1,0,0,0,0,0,0,-1,-1,-1,-1,-1,-1,-1,-1,-1,-1,-1,-1,0,0,0,0,0,0,-1,-1,-1,-1,-1,-1,-1,-1,-1,-1,-1,-1,-1,-1,False,False,0,0,False,209,0,0,0,0,0,0,0,0,0,0,0,0,0,0,0,1,
0,917,2026-02-23 14:15:36Z,LLM_Empathetic,6.918406,7.220163,6.616649,0.6343919,0,1.614664,0,0,0,0,0,0,5.483361,4.346172,6.620561,0.592854,0.702737,0.482971,7.391344,6.226414,8.556273,0.6008485,0,2.123249,7.180594,6.095435,8.265754,9.823646,10,9.471865,6.918406,7.220163,6.616649,0.6343919,0,1.614664,0,0,0,0,0,0,5.483361,4.346172,6.620561,0.592854,0.702737,0.482971,7.391344,6.226414,8.556273,0.6008485,0,2.123249,7.180594,6.095435,8.265754,9.823646,10,9.471865,-1,-1,-1,-1,-1,-1,-1,-1,-1,-1,-1,-1,-1,-1,-1,-1,-1,-1,-1,-1,-1,-1,-1,-1,-1,-1,-1,-1,-1,-1,-1,-1,-1,-1,-1,-1,-1,-1,-1,-1,-1,-1,-1,-1,-1,-1,-1,-1,-1,-1,0,0,0,0,0,0,-1,-1,-1,-1,-1,-1,-1,-1,-1,-1,-1,-1,0,0,0,0,0,0,-1,-1,-1,-1,-1,-1,-1,-1,-1,-1,-1,-1,-1,-1,False,False,0,0,False,207,0,0,0,0,0,0,0,0,0,0,0,0,0,0,0,1,
0,918,2026-02-23 14:15:36Z,LLM_Empathetic,6.918422,7.220166,6.616677,0.6343652,0,1.614649,0,0,0,0,0,0,5.483382,4.346179,6.620595,0.592854,0.702737,0.482971,7.391353,6.226409,8.556296,0.6008314,0,2.123232,7.180622,6.09545,8.265795,9.823702,10,9.471935,6.918422,7.220166,6.616677,0.6343652,0,1.614649,0,0,0,0,0,0,5.483382,4.346179,6.620595,0.592854,0.702737,0.482971,7.391353,6.226409,8.556296,0.6008314,0,2.123232,7.180622,6.09545,8.265795,9.823702,10,9.471935,-1,-1,-1,-1,-1,-1,-1,-1,-1,-1,-1,-1,-1,-1,-1,-1,-1,-1,-1,-1,-1,-1,-1,-1,-1,-1,-1,-1,-1,-1,-1,-1,-1,-1,-1,-1,-1,-1,-1,-1,-1,-1,-1,-1,-1,-1,-1,-1,-1,-1,0,0,0,0,0,0,-1,-1,-1,-1,-1,-1,-1,-1,-1,-1,-1,-1,0,0,0,0,0,0,-1,-1,-1,-1,-1,-1,-1,-1,-1,-1,-1,-1,-1,-1,False,False,0,0,False,209,0,0,0,0,0,0,0,0,0,0,0,0,0,0,0,1,
0,919,2026-02-23 14:15:36Z,LLM_Empathetic,6.918437,7.220169,6.616706,0.6343385,0,1.614635,0,0,0,0,0,0,5.483402,4.346186,6.620628,0.592854,0.702737,0.482971,7.391362,6.226405,8.55632,0.6008143,0,2.123215,7.18065,6.095466,8.265836,9.823758,10,9.472005,6.918437,7.220169,6.616706,0.6343385,0,1.614635,0,0,0,0,0,0,5.483402,4.346186,6.620628,0.592854,0.702737,0.482971,7.391362,6.226405,8.55632,0.6008143,0,2.123215,7.18065,6.095466,8.265836,9.823758,10,9.472005,-1,-1,-1,-1,-1,-1,-1,-1,-1,-1,-1,-1,-1,-1,-1,-1,-1,-1,-1,-1,-1,-1,-1,-1,-1,-1,-1,-1,-1,-1,-1,-1,-1,-1,-1,-1,-1,-1,-1,-1,-1,-1,-1,-1,-1,-1,-1,-1,-1,-1,0,0,0,0,0,0,-1,-1,-1,-1,-1,-1,-1,-1,-1,-1,-1,-1,0,0,0,0,0,0,-1,-1,-1,-1,-1,-1,-1,-1,-1,-1,-1,-1,-1,-1,False,False,0,0,False,207,0,0,0,0,0,0,0,0,0,0,0,0,0,0,0,1,
0,920,2026-02-23 14:15:36Z,LLM_Empathetic,6.918453,7.220171,6.616735,0.6343119,0,1.61462,0,0,0,0,0,0,5.483422,4.346192,6.620662,0.592854,0.702737,0.482971,7.391371,6.2264,8.556343,0.6007972,0,2.123198,7.180678,6.095481,8.265877,9.823813,10,9.472075,6.918453,7.220171,6.616735,0.6343119,0,1.61462,0,0,0,0,0,0,5.483422,4.346192,6.620662,0.592854,0.702737,0.482971,7.391371,6.2264,8.556343,0.6007972,0,2.123198,7.180678,6.095481,8.265877,9.823813,10,9.472075,-1,-1,-1,-1,-1,-1,-1,-1,-1,-1,-1,-1,-1,-1,-1,-1,-1,-1,-1,-1,-1,-1,-1,-1,-1,-1,-1,-1,-1,-1,-1,-1,-1,-1,-1,-1,-1,-1,-1,-1,-1,-1,-1,-1,-1,-1,-1,-1,-1,-1,0,0,0,0,0,0,-1,-1,-1,-1,-1,-1,-1,-1,-1,-1,-1,-1,0,0,0,0,0,0,-1,-1,-1,-1,-1,-1,-1,-1,-1,-1,-1,-1,-1,-1,False,False,0,0,False,207,0,0,0,0,0,0,0,0,0,0,0,0,0,0,0,1,
0,921,2026-02-23 14:15:36Z,LLM_Empathetic,6.918468,7.220174,6.616763,0.6342852,0,1.614605,0,0,0,0,0,0,5.483442,4.346199,6.620696,0.592854,0.702737,0.482971,7.39138,6.226395,8.556366,0.6007802,0,2.123181,7.180706,6.095496,8.265918,9.82387,10,9.472146,6.918468,7.220174,6.616763,0.6342852,0,1.614605,0,0,0,0,0,0,5.483442,4.346199,6.620696,0.592854,0.702737,0.482971,7.39138,6.226395,8.556366,0.6007802,0,2.123181,7.180706,6.095496,8.265918,9.82387,10,9.472146,-1,-1,-1,-1,-1,-1,-1,-1,-1,-1,-1,-1,-1,-1,-1,-1,-1,-1,-1,-1,-1,-1,-1,-1,-1,-1,-1,-1,-1,-1,-1,-1,-1,-1,-1,-1,-1,-1,-1,-1,-1,-1,-1,-1,-1,-1,-1,-1,-1,-1,0,0,0,0,0,0,-1,-1,-1,-1,-1,-1,-1,-1,-1,-1,-1,-1,0,0,0,0,0,0,-1,-1,-1,-1,-1,-1,-1,-1,-1,-1,-1,-1,-1,-1,False,False,0,0,False,209,0,0,0,0,0,0,0,0,0,0,0,0,0,0,0,1,
0,922,2026-02-23 14:15:37Z,LLM_Empathetic,6.918484,7.220177,6.616791,0.6342587,0,1.61459,0,0,0,0,0,0,5.483462,4.346206,6.620729,0.592854,0.702737,0.482971,7.39139,6.226391,8.556389,0.6007631,0,2.123163,7.180734,6.095511,8.265958,9.823925,10,9.472216,6.918484,7.220177,6.616791,0.6342587,0,1.61459,0,0,0,0,0,0,5.483462,4.346206,6.620729,0.592854,0.702737,0.482971,7.39139,6.226391,8.556389,0.6007631,0,2.123163,7.180734,6.095511,8.265958,9.823925,10,9.472216,-1,-1,-1,-1,-1,-1,-1,-1,-1,-1,-1,-1,-1,-1,-1,-1,-1,-1,-1,-1,-1,-1,-1,-1,-1,-1,-1,-1,-1,-1,-1,-1,-1,-1,-1,-1,-1,-1,-1,-1,-1,-1,-1,-1,-1,-1,-1,-1,-1,-1,0,0,0,0,0,0,-1,-1,-1,-1,-1,-1,-1,-1,-1,-1,-1,-1,0,0,0,0,0,0,-1,-1,-1,-1,-1,-1,-1,-1,-1,-1,-1,-1,-1,-1,False,False,0,0,False,207,0,0,0,0,0,0,0,0,0,0,0,0,0,0,0,1,
0,923,2026-02-23 14:15:37Z,LLM_Empathetic,6.9185,7.22018,6.61682,0.6342322,0,1.614576,0,0,0,0,0,0,5.483482,4.346212,6.620762,0.592854,0.702737,0.482971,7.391399,6.226386,8.556412,0.6007462,0,2.123147,7.180762,6.095526,8.265999,9.823981,10,9.472285,6.9185,7.22018,6.61682,0.6342322,0,1.614576,0,0,0,0,0,0,5.483482,4.346212,6.620762,0.592854,0.702737,0.482971,7.391399,6.226386,8.556412,0.6007462,0,2.123147,7.180762,6.095526,8.265999,9.823981,10,9.472285,-1,-1,-1,-1,-1,-1,-1,-1,-1,-1,-1,-1,-1,-1,-1,-1,-1,-1,-1,-1,-1,-1,-1,-1,-1,-1,-1,-1,-1,-1,-1,-1,-1,-1,-1,-1,-1,-1,-1,-1,-1,-1,-1,-1,-1,-1,-1,-1,-1,-1,0,0,0,0,0,0,-1,-1,-1,-1,-1,-1,-1,-1,-1,-1,-1,-1,0,0,0,0,0,0,-1,-1,-1,-1,-1,-1,-1,-1,-1,-1,-1,-1,-1,-1,False,False,0,0,False,209,0,0,0,0,0,0,0,0,0,0,0,0,0,0,0,1,
0,924,2026-02-23 14:15:37Z,LLM_Empathetic,6.918516,7.220182,6.616848,0.6342057,0,1.614561,0,0,0,0,0,0,5.483502,4.346219,6.620796,0.592854,0.702737,0.482971,7.391408,6.226381,8.556436,0.6007292,0,2.12313,7.18079,6.095541,8.266039,9.824037,10,9.472355,6.918516,7.220182,6.616848,0.6342057,0,1.614561,0,0,0,0,0,0,5.483502,4.346219,6.620796,0.592854,0.702737,0.482971,7.391408,6.226381,8.556436,0.6007292,0,2.12313,7.18079,6.095541,8.266039,9.824037,10,9.472355,-1,-1,-1,-1,-1,-1,-1,-1,-1,-1,-1,-1,-1,-1,-1,-1,-1,-1,-1,-1,-1,-1,-1,-1,-1,-1,-1,-1,-1,-1,-1,-1,-1,-1,-1,-1,-1,-1,-1,-1,-1,-1,-1,-1,-1,-1,-1,-1,-1,-1,0,0,0,0,0,0,-1,-1,-1,-1,-1,-1,-1,-1,-1,-1,-1,-1,0,0,0,0,0,0,-1,-1,-1,-1,-1,-1,-1,-1,-1,-1,-1,-1,-1,-1,False,False,0,0,False,209,0,0,0,0,0,0,0,0,0,0,0,0,0,0,0,1,
0,925,2026-02-23 14:15:37Z,LLM_Empathetic,6.918531,7.220185,6.616877,0.6341793,0,1.614547,0,0,0,0,0,0,5.483522,4.346226,6.620829,0.592854,0.702737,0.482971,7.391417,6.226377,8.556458,0.6007123,0,2.123113,7.180818,6.095556,8.26608,9.824092,10,9.472425,6.918531,7.220185,6.616877,0.6341793,0,1.614547,0,0,0,0,0,0,5.483522,4.346226,6.620829,0.592854,0.702737,0.482971,7.391417,6.226377,8.556458,0.6007123,0,2.123113,7.180818,6.095556,8.26608,9.824092,10,9.472425,-1,-1,-1,-1,-1,-1,-1,-1,-1,-1,-1,-1,-1,-1,-1,-1,-1,-1,-1,-1,-1,-1,-1,-1,-1,-1,-1,-1,-1,-1,-1,-1,-1,-1,-1,-1,-1,-1,-1,-1,-1,-1,-1,-1,-1,-1,-1,-1,-1,-1,0,0,0,0,0,0,-1,-1,-1,-1,-1,-1,-1,-1,-1,-1,-1,-1,0,0,0,0,0,0,-1,-1,-1,-1,-1,-1,-1,-1,-1,-1,-1,-1,-1,-1,False,False,0,0,False,209,0,0,0,0,0,0,0,0,0,0,0,0,0,0,0,1,
0,926,2026-02-23 14:15:37Z,LLM_Empathetic,6.918547,7.220188,6.616905,0.6341529,0,1.614532,0,0,0,0,0,0,5.483542,4.346232,6.620862,0.592854,0.702737,0.482971,7.391426,6.226372,8.556481,0.6006954,0,2.123096,7.180845,6.095571,8.26612,9.824147,10,9.472494,6.918547,7.220188,6.616905,0.6341529,0,1.614532,0,0,0,0,0,0,5.483542,4.346232,6.620862,0.592854,0.702737,0.482971,7.391426,6.226372,8.556481,0.6006954,0,2.123096,7.180845,6.095571,8.26612,9.824147,10,9.472494,-1,-1,-1,-1,-1,-1,-1,-1,-1,-1,-1,-1,-1,-1,-1,-1,-1,-1,-1,-1,-1,-1,-1,-1,-1,-1,-1,-1,-1,-1,-1,-1,-1,-1,-1,-1,-1,-1,-1,-1,-1,-1,-1,-1,-1,-1,-1,-1,-1,-1,0,0,0,0,0,0,-1,-1,-1,-1,-1,-1,-1,-1,-1,-1,-1,-1,0,0,0,0,0,0,-1,-1,-1,-1,-1,-1,-1,-1,-1,-1,-1,-1,-1,-1,False,False,0,0,False,207,0,0,0,0,0,0,0,0,0,0,0,0,0,0,0,1,
0,927,2026-02-23 14:15:37Z,LLM_Empathetic,6.918562,7.220191,6.616933,0.6341266,0,1.614518,0,0,0,0,0,0,5.483562,4.346239,6.620896,0.592854,0.702737,0.482971,7.391435,6.226367,8.556503,0.6006786,0,2.123079,7.180873,6.095586,8.26616,9.824203,10,9.472564,6.918562,7.220191,6.616933,0.6341266,0,1.614518,0,0,0,0,0,0,5.483562,4.346239,6.620896,0.592854,0.702737,0.482971,7.391435,6.226367,8.556503,0.6006786,0,2.123079,7.180873,6.095586,8.26616,9.824203,10,9.472564,-1,-1,-1,-1,-1,-1,-1,-1,-1,-1,-1,-1,-1,-1,-1,-1,-1,-1,-1,-1,-1,-1,-1,-1,-1,-1,-1,-1,-1,-1,-1,-1,-1,-1,-1,-1,-1,-1,-1,-1,-1,-1,-1,-1,-1,-1,-1,-1,-1,-1,0,0,0,0,0,0,-1,-1,-1,-1,-1,-1,-1,-1,-1,-1,-1,-1,0,0,0,0,0,0,-1,-1,-1,-1,-1,-1,-1,-1,-1,-1,-1,-1,-1,-1,False,False,0,0,False,209,0,0,0,0,0,0,0,0,0,0,0,0,0,0,0,1,
0,928,2026-02-23 14:15:37Z,LLM_Empathetic,6.918578,7.220194,6.616961,0.6341003,0,1.614503,0,0,0,0,0,0,5.483582,4.346245,6.620929,0.592854,0.702737,0.482971,7.391444,6.226363,8.556526,0.6006618,0,2.123062,7.180901,6.095601,8.266201,9.824258,10,9.472632,6.918578,7.220194,6.616961,0.6341003,0,1.614503,0,0,0,0,0,0,5.483582,4.346245,6.620929,0.592854,0.702737,0.482971,7.391444,6.226363,8.556526,0.6006618,0,2.123062,7.180901,6.095601,8.266201,9.824258,10,9.472632,-1,-1,-1,-1,-1,-1,-1,-1,-1,-1,-1,-1,-1,-1,-1,-1,-1,-1,-1,-1,-1,-1,-1,-1,-1,-1,-1,-1,-1,-1,-1,-1,-1,-1,-1,-1,-1,-1,-1,-1,-1,-1,-1,-1,-1,-1,-1,-1,-1,-1,0,0,0,0,0,0,-1,-1,-1,-1,-1,-1,-1,-1,-1,-1,-1,-1,0,0,0,0,0,0,-1,-1,-1,-1,-1,-1,-1,-1,-1,-1,-1,-1,-1,-1,False,False,0,0,False,207,0,0,0,0,0,0,0,0,0,0,0,0,0,0,0,1,
0,929,2026-02-23 14:15:37Z,LLM_Empathetic,6.918593,7.220197,6.616989,0.6340741,0,1.614489,0,0,0,0,0,0,5.483602,4.346252,6.620962,0.592854,0.702737,0.482971,7.391453,6.226358,8.556549,0.6006449,0,2.123045,7.180928,6.095616,8.266241,9.824312,10,9.472702,6.918593,7.220197,6.616989,0.6340741,0,1.614489,0,0,0,0,0,0,5.483602,4.346252,6.620962,0.592854,0.702737,0.482971,7.391453,6.226358,8.556549,0.6006449,0,2.123045,7.180928,6.095616,8.266241,9.824312,10,9.472702,-1,-1,-1,-1,-1,-1,-1,-1,-1,-1,-1,-1,-1,-1,-1,-1,-1,-1,-1,-1,-1,-1,-1,-1,-1,-1,-1,-1,-1,-1,-1,-1,-1,-1,-1,-1,-1,-1,-1,-1,-1,-1,-1,-1,-1,-1,-1,-1,-1,-1,0,0,0,0,0,0,-1,-1,-1,-1,-1,-1,-1,-1,-1,-1,-1,-1,0,0,0,0,0,0,-1,-1,-1,-1,-1,-1,-1,-1,-1,-1,-1,-1,-1,-1,False,False,0,0,False,207,0,0,0,0,0,0,0,0,0,0,0,0,0,0,0,1,
0,930,2026-02-23 14:15:37Z,LLM_Empathetic,6.918608,7.2202,6.617017,0.6340479,0,1.614474,0,0,0,0,0,0,5.483622,4.346258,6.620995,0.592854,0.702737,0.482971,7.391462,6.226353,8.556572,0.6006282,0,2.123029,7.180955,6.095631,8.266281,9.824368,10,9.472771,6.918608,7.2202,6.617017,0.6340479,0,1.614474,0,0,0,0,0,0,5.483622,4.346258,6.620995,0.592854,0.702737,0.482971,7.391462,6.226353,8.556572,0.6006282,0,2.123029,7.180955,6.095631,8.266281,9.824368,10,9.472771,-1,-1,-1,-1,-1,-1,-1,-1,-1,-1,-1,-1,-1,-1,-1,-1,-1,-1,-1,-1,-1,-1,-1,-1,-1,-1,-1,-1,-1,-1,-1,-1,-1,-1,-1,-1,-1,-1,-1,-1,-1,-1,-1,-1,-1,-1,-1,-1,-1,-1,0,0,0,0,0,0,-1,-1,-1,-1,-1,-1,-1,-1,-1,-1,-1,-1,0,0,0,0,0,0,-1,-1,-1,-1,-1,-1,-1,-1,-1,-1,-1,-1,-1,-1,False,False,0,0,False,209,0,0,0,0,0,0,0,0,0,0,0,0,0,0,0,1,
0,931,2026-02-23 14:15:37Z,LLM_Empathetic,6.918623,7.220202,6.617045,0.6340218,0,1.61446,0,0,0,0,0,0,5.483642,4.346265,6.621028,0.592854,0.702737,0.482971,7.391471,6.226348,8.556595,0.6006114,0,2.123012,7.180983,6.095646,8.266321,9.824423,10,9.472839,6.918623,7.220202,6.617045,0.6340218,0,1.61446,0,0,0,0,0,0,5.483642,4.346265,6.621028,0.592854,0.702737,0.482971,7.391471,6.226348,8.556595,0.6006114,0,2.123012,7.180983,6.095646,8.266321,9.824423,10,9.472839,-1,-1,-1,-1,-1,-1,-1,-1,-1,-1,-1,-1,-1,-1,-1,-1,-1,-1,-1,-1,-1,-1,-1,-1,-1,-1,-1,-1,-1,-1,-1,-1,-1,-1,-1,-1,-1,-1,-1,-1,-1,-1,-1,-1,-1,-1,-1,-1,-1,-1,0,0,0,0,0,0,-1,-1,-1,-1,-1,-1,-1,-1,-1,-1,-1,-1,0,0,0,0,0,0,-1,-1,-1,-1,-1,-1,-1,-1,-1,-1,-1,-1,-1,-1,False,False,0,0,False,209,0,0,0,0,0,0,0,0,0,0,0,0,0,0,0,1,
0,932,2026-02-23 14:15:37Z,LLM_Empathetic,6.918639,7.220205,6.617073,0.6339957,0,1.614445,0,0,0,0,0,0,5.483661,4.346272,6.621061,0.592854,0.702737,0.482971,7.39148,6.226344,8.556618,0.6005948,0,2.122995,7.18101,6.095661,8.266361,9.824477,10,9.472908,6.918639,7.220205,6.617073,0.6339957,0,1.614445,0,0,0,0,0,0,5.483661,4.346272,6.621061,0.592854,0.702737,0.482971,7.39148,6.226344,8.556618,0.6005948,0,2.122995,7.18101,6.095661,8.266361,9.824477,10,9.472908,-1,-1,-1,-1,-1,-1,-1,-1,-1,-1,-1,-1,-1,-1,-1,-1,-1,-1,-1,-1,-1,-1,-1,-1,-1,-1,-1,-1,-1,-1,-1,-1,-1,-1,-1,-1,-1,-1,-1,-1,-1,-1,-1,-1,-1,-1,-1,-1,-1,-1,0,0,0,0,0,0,-1,-1,-1,-1,-1,-1,-1,-1,-1,-1,-1,-1,0,0,0,0,0,0,-1,-1,-1,-1,-1,-1,-1,-1,-1,-1,-1,-1,-1,-1,False,False,0,0,False,207,0,0,0,0,0,0,0,0,0,0,0,0,0,0,0,1,
0,933,2026-02-23 14:15:37Z,LLM_Empathetic,6.918654,7.220208,6.617101,0.6339697,0,1.614431,0,0,0,0,0,0,5.483681,4.346278,6.621094,0.592854,0.702737,0.482971,7.39149,6.226339,8.55664,0.6005781,0,2.122978,7.181038,6.095675,8.266401,9.824532,10,9.472977,6.918654,7.220208,6.617101,0.6339697,0,1.614431,0,0,0,0,0,0,5.483681,4.346278,6.621094,0.592854,0.702737,0.482971,7.39149,6.226339,8.55664,0.6005781,0,2.122978,7.181038,6.095675,8.266401,9.824532,10,9.472977,-1,-1,-1,-1,-1,-1,-1,-1,-1,-1,-1,-1,-1,-1,-1,-1,-1,-1,-1,-1,-1,-1,-1,-1,-1,-1,-1,-1,-1,-1,-1,-1,-1,-1,-1,-1,-1,-1,-1,-1,-1,-1,-1,-1,-1,-1,-1,-1,-1,-1,0,0,0,0,0,0,-1,-1,-1,-1,-1,-1,-1,-1,-1,-1,-1,-1,0,0,0,0,0,0,-1,-1,-1,-1,-1,-1,-1,-1,-1,-1,-1,-1,-1,-1,False,False,0,0,False,207,0,0,0,0,0,0,0,0,0,0,0,0,0,0,0,1,
0,934,2026-02-23 14:15:37Z,LLM_Empathetic,6.91867,7.220211,6.617128,0.6339437,0,1.614417,0,0,0,0,0,0,5.483701,4.346284,6.621127,0.592854,0.702737,0.482971,7.391499,6.226335,8.556663,0.6005614,0,2.122962,7.181065,6.09569,8.26644,9.824586,10,9.473045,6.91867,7.220211,6.617128,0.6339437,0,1.614417,0,0,0,0,0,0,5.483701,4.346284,6.621127,0.592854,0.702737,0.482971,7.391499,6.226335,8.556663,0.6005614,0,2.122962,7.181065,6.09569,8.26644,9.824586,10,9.473045,-1,-1,-1,-1,-1,-1,-1,-1,-1,-1,-1,-1,-1,-1,-1,-1,-1,-1,-1,-1,-1,-1,-1,-1,-1,-1,-1,-1,-1,-1,-1,-1,-1,-1,-1,-1,-1,-1,-1,-1,-1,-1,-1,-1,-1,-1,-1,-1,-1,-1,0,0,0,0,0,0,-1,-1,-1,-1,-1,-1,-1,-1,-1,-1,-1,-1,0,0,0,0,0,0,-1,-1,-1,-1,-1,-1,-1,-1,-1,-1,-1,-1,-1,-1,False,False,0,0,False,207,0,0,0,0,0,0,0,0,0,0,0,0,0,0,0,1,
0,935,2026-02-23 14:15:37Z,LLM_Empathetic,6.918685,7.220213,6.617157,0.6339177,0,1.614402,0,0,0,0,0,0,5.48372,4.346291,6.62116,0.592854,0.702737,0.482971,7.391507,6.22633,8.556685,0.6005448,0,2.122945,7.181092,6.095705,8.26648,9.824641,10,9.473113,6.918685,7.220213,6.617157,0.6339177,0,1.614402,0,0,0,0,0,0,5.48372,4.346291,6.62116,0.592854,0.702737,0.482971,7.391507,6.22633,8.556685,0.6005448,0,2.122945,7.181092,6.095705,8.26648,9.824641,10,9.473113,-1,-1,-1,-1,-1,-1,-1,-1,-1,-1,-1,-1,-1,-1,-1,-1,-1,-1,-1,-1,-1,-1,-1,-1,-1,-1,-1,-1,-1,-1,-1,-1,-1,-1,-1,-1,-1,-1,-1,-1,-1,-1,-1,-1,-1,-1,-1,-1,-1,-1,0,0,0,0,0,0,-1,-1,-1,-1,-1,-1,-1,-1,-1,-1,-1,-1,0,0,0,0,0,0,-1,-1,-1,-1,-1,-1,-1,-1,-1,-1,-1,-1,-1,-1,False,False,0,0,False,209,0,0,0,0,0,0,0,0,0,0,0,0,0,0,0,1,
0,936,2026-02-23 14:15:37Z,LLM_Empathetic,6.9187,7.220216,6.617184,0.6338918,0,1.614388,0,0,0,0,0,0,5.48374,4.346297,6.621192,0.592854,0.702737,0.482971,7.391516,6.226326,8.556707,0.6005282,0,2.122929,7.181119,6.09572,8.266521,9.824696,10,9.473182,6.9187,7.220216,6.617184,0.6338918,0,1.614388,0,0,0,0,0,0,5.48374,4.346297,6.621192,0.592854,0.702737,0.482971,7.391516,6.226326,8.556707,0.6005282,0,2.122929,7.181119,6.09572,8.266521,9.824696,10,9.473182,-1,-1,-1,-1,-1,-1,-1,-1,-1,-1,-1,-1,-1,-1,-1,-1,-1,-1,-1,-1,-1,-1,-1,-1,-1,-1,-1,-1,-1,-1,-1,-1,-1,-1,-1,-1,-1,-1,-1,-1,-1,-1,-1,-1,-1,-1,-1,-1,-1,-1,0,0,0,0,0,0,-1,-1,-1,-1,-1,-1,-1,-1,-1,-1,-1,-1,0,0,0,0,0,0,-1,-1,-1,-1,-1,-1,-1,-1,-1,-1,-1,-1,-1,-1,False,False,0,0,False,209,0,0,0,0,0,0,0,0,0,0,0,0,0,0,0,1,
0,937,2026-02-23 14:15:37Z,LLM_Empathetic,6.918715,7.220219,6.617212,0.633866,0,1.614374,0,0,0,0,0,0,5.483759,4.346304,6.621225,0.592854,0.702737,0.482971,7.391525,6.226321,8.55673,0.6005117,0,2.122912,7.181147,6.095735,8.26656,9.824749,10,9.473249,6.918715,7.220219,6.617212,0.633866,0,1.614374,0,0,0,0,0,0,5.483759,4.346304,6.621225,0.592854,0.702737,0.482971,7.391525,6.226321,8.55673,0.6005117,0,2.122912,7.181147,6.095735,8.26656,9.824749,10,9.473249,-1,-1,-1,-1,-1,-1,-1,-1,-1,-1,-1,-1,-1,-1,-1,-1,-1,-1,-1,-1,-1,-1,-1,-1,-1,-1,-1,-1,-1,-1,-1,-1,-1,-1,-1,-1,-1,-1,-1,-1,-1,-1,-1,-1,-1,-1,-1,-1,-1,-1,0,0,0,0,0,0,-1,-1,-1,-1,-1,-1,-1,-1,-1,-1,-1,-1,0,0,0,0,0,0,-1,-1,-1,-1,-1,-1,-1,-1,-1,-1,-1,-1,-1,-1,False,False,0,0,False,209,0,0,0,0,0,0,0,0,0,0,0,0,0,0,0,1,
0,938,2026-02-23 14:15:37Z,LLM_Empathetic,6.918731,7.220222,6.617239,0.6338401,0,1.61436,0,0,0,0,0,0,5.483779,4.346311,6.621258,0.592854,0.702737,0.482971,7.391534,6.226316,8.556752,0.6004952,0,2.122895,7.181174,6.095749,8.2666,9.824803,10,9.473318,6.918731,7.220222,6.617239,0.6338401,0,1.61436,0,0,0,0,0,0,5.483779,4.346311,6.621258,0.592854,0.702737,0.482971,7.391534,6.226316,8.556752,0.6004952,0,2.122895,7.181174,6.095749,8.2666,9.824803,10,9.473318,-1,-1,-1,-1,-1,-1,-1,-1,-1,-1,-1,-1,-1,-1,-1,-1,-1,-1,-1,-1,-1,-1,-1,-1,-1,-1,-1,-1,-1,-1,-1,-1,-1,-1,-1,-1,-1,-1,-1,-1,-1,-1,-1,-1,-1,-1,-1,-1,-1,-1,0,0,0,0,0,0,-1,-1,-1,-1,-1,-1,-1,-1,-1,-1,-1,-1,0,0,0,0,0,0,-1,-1,-1,-1,-1,-1,-1,-1,-1,-1,-1,-1,-1,-1,False,False,0,0,False,209,0,0,0,0,0,0,0,0,0,0,0,0,0,0,0,1,
0,939,2026-02-23 14:15:37Z,LLM_Empathetic,6.918746,7.220224,6.617267,0.6338144,0,1.614345,0,0,0,0,0,0,5.483799,4.346317,6.62129,0.592854,0.702737,0.482971,7.391543,6.226312,8.556775,0.6004786,0,2.122879,7.181201,6.095764,8.266639,9.824858,10,9.473386,6.918746,7.220224,6.617267,0.6338144,0,1.614345,0,0,0,0,0,0,5.483799,4.346317,6.62129,0.592854,0.702737,0.482971,7.391543,6.226312,8.556775,0.6004786,0,2.122879,7.181201,6.095764,8.266639,9.824858,10,9.473386,-1,-1,-1,-1,-1,-1,-1,-1,-1,-1,-1,-1,-1,-1,-1,-1,-1,-1,-1,-1,-1,-1,-1,-1,-1,-1,-1,-1,-1,-1,-1,-1,-1,-1,-1,-1,-1,-1,-1,-1,-1,-1,-1,-1,-1,-1,-1,-1,-1,-1,0,0,0,0,0,0,-1,-1,-1,-1,-1,-1,-1,-1,-1,-1,-1,-1,0,0,0,0,0,0,-1,-1,-1,-1,-1,-1,-1,-1,-1,-1,-1,-1,-1,-1,False,False,0,0,False,209,0,0,0,0,0,0,0,0,0,0,0,0,0,0,0,1,
0,940,2026-02-23 14:15:37Z,LLM_Empathetic,6.918761,7.220227,6.617294,0.6337887,0,1.614331,0,0,0,0,0,0,5.483818,4.346323,6.621323,0.592854,0.702737,0.482971,7.391552,6.226307,8.556797,0.6004622,0,2.122863,7.181228,6.095778,8.266678,9.824912,10,9.473454,6.918761,7.220227,6.617294,0.6337887,0,1.614331,0,0,0,0,0,0,5.483818,4.346323,6.621323,0.592854,0.702737,0.482971,7.391552,6.226307,8.556797,0.6004622,0,2.122863,7.181228,6.095778,8.266678,9.824912,10,9.473454,-1,-1,-1,-1,-1,-1,-1,-1,-1,-1,-1,-1,-1,-1,-1,-1,-1,-1,-1,-1,-1,-1,-1,-1,-1,-1,-1,-1,-1,-1,-1,-1,-1,-1,-1,-1,-1,-1,-1,-1,-1,-1,-1,-1,-1,-1,-1,-1,-1,-1,0,0,0,0,0,0,-1,-1,-1,-1,-1,-1,-1,-1,-1,-1,-1,-1,0,0,0,0,0,0,-1,-1,-1,-1,-1,-1,-1,-1,-1,-1,-1,-1,-1,-1,False,False,0,0,False,209,0,0,0,0,0,0,0,0,0,0,0,0,0,0,0,1,
0,941,2026-02-23 14:15:37Z,LLM_Empathetic,6.918776,7.22023,6.617322,0.633763,0,1.614317,0,0,0,0,0,0,5.483837,4.34633,6.621355,0.592854,0.702737,0.482971,7.391561,6.226303,8.556819,0.6004457,0,2.122846,7.181255,6.095793,8.266718,9.824965,10,9.473521,6.918776,7.22023,6.617322,0.633763,0,1.614317,0,0,0,0,0,0,5.483837,4.34633,6.621355,0.592854,0.702737,0.482971,7.391561,6.226303,8.556819,0.6004457,0,2.122846,7.181255,6.095793,8.266718,9.824965,10,9.473521,-1,-1,-1,-1,-1,-1,-1,-1,-1,-1,-1,-1,-1,-1,-1,-1,-1,-1,-1,-1,-1,-1,-1,-1,-1,-1,-1,-1,-1,-1,-1,-1,-1,-1,-1,-1,-1,-1,-1,-1,-1,-1,-1,-1,-1,-1,-1,-1,-1,-1,0,0,0,0,0,0,-1,-1,-1,-1,-1,-1,-1,-1,-1,-1,-1,-1,0,0,0,0,0,0,-1,-1,-1,-1,-1,-1,-1,-1,-1,-1,-1,-1,-1,-1,False,False,0,0,False,209,0,0,0,0,0,0,0,0,0,0,0,0,0,0,0,1,
0,942,2026-02-23 14:15:37Z,LLM_Empathetic,6.918791,7.220232,6.617349,0.6337374,0,1.614303,0,0,0,0,0,0,5.483857,4.346336,6.621387,0.592854,0.702737,0.482971,7.39157,6.226298,8.556842,0.6004294,0,2.12283,7.181282,6.095808,8.266757,9.825019,10,9.473589,6.918791,7.220232,6.617349,0.6337374,0,1.614303,0,0,0,0,0,0,5.483857,4.346336,6.621387,0.592854,0.702737,0.482971,7.39157,6.226298,8.556842,0.6004294,0,2.12283,7.181282,6.095808,8.266757,9.825019,10,9.473589,-1,-1,-1,-1,-1,-1,-1,-1,-1,-1,-1,-1,-1,-1,-1,-1,-1,-1,-1,-1,-1,-1,-1,-1,-1,-1,-1,-1,-1,-1,-1,-1,-1,-1,-1,-1,-1,-1,-1,-1,-1,-1,-1,-1,-1,-1,-1,-1,-1,-1,0,0,0,0,0,0,-1,-1,-1,-1,-1,-1,-1,-1,-1,-1,-1,-1,0,0,0,0,0,0,-1,-1,-1,-1,-1,-1,-1,-1,-1,-1,-1,-1,-1,-1,False,False,0,0,False,209,0,0,0,0,0,0,0,0,0,0,0,0,0,0,0,1,
0,943,2026-02-23 14:15:37Z,LLM_Empathetic,6.918806,7.220235,6.617377,0.6337118,0,1.614289,0,0,0,0,0,0,5.483876,4.346343,6.62142,0.592854,0.702737,0.482971,7.391579,6.226294,8.556864,0.600413,0,2.122813,7.181309,6.095822,8.266796,9.825073,10,9.473656,6.918806,7.220235,6.617377,0.6337118,0,1.614289,0,0,0,0,0,0,5.483876,4.346343,6.62142,0.592854,0.702737,0.482971,7.391579,6.226294,8.556864,0.600413,0,2.122813,7.181309,6.095822,8.266796,9.825073,10,9.473656,-1,-1,-1,-1,-1,-1,-1,-1,-1,-1,-1,-1,-1,-1,-1,-1,-1,-1,-1,-1,-1,-1,-1,-1,-1,-1,-1,-1,-1,-1,-1,-1,-1,-1,-1,-1,-1,-1,-1,-1,-1,-1,-1,-1,-1,-1,-1,-1,-1,-1,0,0,0,0,0,0,-1,-1,-1,-1,-1,-1,-1,-1,-1,-1,-1,-1,0,0,0,0,0,0,-1,-1,-1,-1,-1,-1,-1,-1,-1,-1,-1,-1,-1,-1,False,False,0,0,False,209,0,0,0,0,0,0,0,0,0,0,0,0,0,0,0,1,
0,944,2026-02-23 14:15:37Z,LLM_Empathetic,6.918821,7.220238,6.617404,0.6336862,0,1.614275,0,0,0,0,0,0,5.483895,4.346349,6.621452,0.592854,0.702737,0.482971,7.391587,6.226289,8.556886,0.6003966,0,2.122797,7.181335,6.095837,8.266835,9.825127,10,9.473723,6.918821,7.220238,6.617404,0.6336862,0,1.614275,0,0,0,0,0,0,5.483895,4.346349,6.621452,0.592854,0.702737,0.482971,7.391587,6.226289,8.556886,0.6003966,0,2.122797,7.181335,6.095837,8.266835,9.825127,10,9.473723,-1,-1,-1,-1,-1,-1,-1,-1,-1,-1,-1,-1,-1,-1,-1,-1,-1,-1,-1,-1,-1,-1,-1,-1,-1,-1,-1,-1,-1,-1,-1,-1,-1,-1,-1,-1,-1,-1,-1,-1,-1,-1,-1,-1,-1,-1,-1,-1,-1,-1,0,0,0,0,0,0,-1,-1,-1,-1,-1,-1,-1,-1,-1,-1,-1,-1,0,0,0,0,0,0,-1,-1,-1,-1,-1,-1,-1,-1,-1,-1,-1,-1,-1,-1,False,False,0,0,False,209,0,0,0,0,0,0,0,0,0,0,0,0,0,0,0,1,
0,945,2026-02-23 14:15:37Z,LLM_Empathetic,6.918836,7.220241,6.617431,0.6336607,0,1.614261,0,0,0,0,0,0,5.483915,4.346355,6.621484,0.592854,0.702737,0.482971,7.391596,6.226285,8.556908,0.6003802,0,2.122781,7.181362,6.095851,8.266874,9.82518,10,9.47379,6.918836,7.220241,6.617431,0.6336607,0,1.614261,0,0,0,0,0,0,5.483915,4.346355,6.621484,0.592854,0.702737,0.482971,7.391596,6.226285,8.556908,0.6003802,0,2.122781,7.181362,6.095851,8.266874,9.82518,10,9.47379,-1,-1,-1,-1,-1,-1,-1,-1,-1,-1,-1,-1,-1,-1,-1,-1,-1,-1,-1,-1,-1,-1,-1,-1,-1,-1,-1,-1,-1,-1,-1,-1,-1,-1,-1,-1,-1,-1,-1,-1,-1,-1,-1,-1,-1,-1,-1,-1,-1,-1,0,0,0,0,0,0,-1,-1,-1,-1,-1,-1,-1,-1,-1,-1,-1,-1,0,0,0,0,0,0,-1,-1,-1,-1,-1,-1,-1,-1,-1,-1,-1,-1,-1,-1,False,False,0,0,False,209,0,0,0,0,0,0,0,0,0,0,0,0,0,0,0,1,
0,946,2026-02-23 14:15:37Z,LLM_Empathetic,6.918851,7.220243,6.617459,0.6336353,0,1.614247,0,0,0,0,0,0,5.483934,4.346362,6.621517,0.592854,0.702737,0.482971,7.391605,6.22628,8.556931,0.600364,0,2.122764,7.181389,6.095866,8.266913,9.825233,10,9.473858,6.918851,7.220243,6.617459,0.6336353,0,1.614247,0,0,0,0,0,0,5.483934,4.346362,6.621517,0.592854,0.702737,0.482971,7.391605,6.22628,8.556931,0.600364,0,2.122764,7.181389,6.095866,8.266913,9.825233,10,9.473858,-1,-1,-1,-1,-1,-1,-1,-1,-1,-1,-1,-1,-1,-1,-1,-1,-1,-1,-1,-1,-1,-1,-1,-1,-1,-1,-1,-1,-1,-1,-1,-1,-1,-1,-1,-1,-1,-1,-1,-1,-1,-1,-1,-1,-1,-1,-1,-1,-1,-1,0,0,0,0,0,0,-1,-1,-1,-1,-1,-1,-1,-1,-1,-1,-1,-1,0,0,0,0,0,0,-1,-1,-1,-1,-1,-1,-1,-1,-1,-1,-1,-1,-1,-1,False,False,0,0,False,209,0,0,0,0,0,0,0,0,0,0,0,0,0,0,0,1,
0,947,2026-02-23 14:15:37Z,LLM_Empathetic,6.918866,7.220246,6.617486,0.6336099,0,1.614233,0,0,0,0,0,0,5.483953,4.346368,6.621549,0.592854,0.702737,0.482971,7.391613,6.226275,8.556952,0.6003477,0,2.122748,7.181416,6.09588,8.266953,9.825287,10,9.473925,6.918866,7.220246,6.617486,0.6336099,0,1.614233,0,0,0,0,0,0,5.483953,4.346368,6.621549,0.592854,0.702737,0.482971,7.391613,6.226275,8.556952,0.6003477,0,2.122748,7.181416,6.09588,8.266953,9.825287,10,9.473925,-1,-1,-1,-1,-1,-1,-1,-1,-1,-1,-1,-1,-1,-1,-1,-1,-1,-1,-1,-1,-1,-1,-1,-1,-1,-1,-1,-1,-1,-1,-1,-1,-1,-1,-1,-1,-1,-1,-1,-1,-1,-1,-1,-1,-1,-1,-1,-1,-1,-1,0,0,0,0,0,0,-1,-1,-1,-1,-1,-1,-1,-1,-1,-1,-1,-1,0,0,0,0,0,0,-1,-1,-1,-1,-1,-1,-1,-1,-1,-1,-1,-1,-1,-1,False,False,0,0,False,209,0,0,0,0,0,0,0,0,0,0,0,0,0,0,0,1,
0,948,2026-02-23 14:15:37Z,LLM_Empathetic,6.918881,7.220249,6.617513,0.6335846,0,1.614219,0,0,0,0,0,0,5.483973,4.346375,6.621581,0.592854,0.702737,0.482971,7.391623,6.226271,8.556974,0.6003314,0,2.122732,7.181442,6.095894,8.266992,9.82534,10,9.473991,6.918881,7.220249,6.617513,0.6335846,0,1.614219,0,0,0,0,0,0,5.483973,4.346375,6.621581,0.592854,0.702737,0.482971,7.391623,6.226271,8.556974,0.6003314,0,2.122732,7.181442,6.095894,8.266992,9.82534,10,9.473991,-1,-1,-1,-1,-1,-1,-1,-1,-1,-1,-1,-1,-1,-1,-1,-1,-1,-1,-1,-1,-1,-1,-1,-1,-1,-1,-1,-1,-1,-1,-1,-1,-1,-1,-1,-1,-1,-1,-1,-1,-1,-1,-1,-1,-1,-1,-1,-1,-1,-1,0,0,0,0,0,0,-1,-1,-1,-1,-1,-1,-1,-1,-1,-1,-1,-1,0,0,0,0,0,0,-1,-1,-1,-1,-1,-1,-1,-1,-1,-1,-1,-1,-1,-1,False,False,0,0,False,209,0,0,0,0,0,0,0,0,0,0,0,0,0,0,0,1,
0,949,2026-02-23 14:15:37Z,LLM_Empathetic,6.918896,7.220252,6.61754,0.6335592,0,1.614205,0,0,0,0,0,0,5.483992,4.346381,6.621613,0.592854,0.702737,0.482971,7.391631,6.226266,8.556996,0.6003152,0,2.122716,7.181469,6.095909,8.26703,9.825393,10,9.474058,6.918896,7.220252,6.61754,0.6335592,0,1.614205,0,0,0,0,0,0,5.483992,4.346381,6.621613,0.592854,0.702737,0.482971,7.391631,6.226266,8.556996,0.6003152,0,2.122716,7.181469,6.095909,8.26703,9.825393,10,9.474058,-1,-1,-1,-1,-1,-1,-1,-1,-1,-1,-1,-1,-1,-1,-1,-1,-1,-1,-1,-1,-1,-1,-1,-1,-1,-1,-1,-1,-1,-1,-1,-1,-1,-1,-1,-1,-1,-1,-1,-1,-1,-1,-1,-1,-1,-1,-1,-1,-1,-1,0,0,0,0,0,0,-1,-1,-1,-1,-1,-1,-1,-1,-1,-1,-1,-1,0,0,0,0,0,0,-1,-1,-1,-1,-1,-1,-1,-1,-1,-1,-1,-1,-1,-1,False,False,0,0,False,207,0,0,0,0,0,0,0,0,0,0,0,0,0,0,0,1,
0,950,2026-02-23 14:15:37Z,LLM_Empathetic,6.918911,7.220254,6.617567,0.633534,0,1.614191,0,0,0,0,0,0,5.484011,4.346387,6.621644,0.592854,0.702737,0.482971,7.39164,6.226262,8.557018,0.6002991,0,2.122699,7.181496,6.095923,8.267069,9.825446,10,9.474124,6.918911,7.220254,6.617567,0.633534,0,1.614191,0,0,0,0,0,0,5.484011,4.346387,6.621644,0.592854,0.702737,0.482971,7.39164,6.226262,8.557018,0.6002991,0,2.122699,7.181496,6.095923,8.267069,9.825446,10,9.474124,-1,-1,-1,-1,-1,-1,-1,-1,-1,-1,-1,-1,-1,-1,-1,-1,-1,-1,-1,-1,-1,-1,-1,-1,-1,-1,-1,-1,-1,-1,-1,-1,-1,-1,-1,-1,-1,-1,-1,-1,-1,-1,-1,-1,-1,-1,-1,-1,-1,-1,0,0,0,0,0,0,-1,-1,-1,-1,-1,-1,-1,-1,-1,-1,-1,-1,0,0,0,0,0,0,-1,-1,-1,-1,-1,-1,-1,-1,-1,-1,-1,-1,-1,-1,False,False,0,0,False,207,0,0,0,0,0,0,0,0,0,0,0,0,0,0,0,1,
0,951,2026-02-23 14:15:37Z,LLM_Empathetic,6.918926,7.220257,6.617594,0.6335087,0,1.614177,0,0,0,0,0,0,5.48403,4.346394,6.621676,0.592854,0.702737,0.482971,7.391648,6.226257,8.55704,0.6002829,0,2.122683,7.181522,6.095938,8.267107,9.8255,10,9.474191,6.918926,7.220257,6.617594,0.6335087,0,1.614177,0,0,0,0,0,0,5.48403,4.346394,6.621676,0.592854,0.702737,0.482971,7.391648,6.226257,8.55704,0.6002829,0,2.122683,7.181522,6.095938,8.267107,9.8255,10,9.474191,-1,-1,-1,-1,-1,-1,-1,-1,-1,-1,-1,-1,-1,-1,-1,-1,-1,-1,-1,-1,-1,-1,-1,-1,-1,-1,-1,-1,-1,-1,-1,-1,-1,-1,-1,-1,-1,-1,-1,-1,-1,-1,-1,-1,-1,-1,-1,-1,-1,-1,0,0,0,0,0,0,-1,-1,-1,-1,-1,-1,-1,-1,-1,-1,-1,-1,0,0,0,0,0,0,-1,-1,-1,-1,-1,-1,-1,-1,-1,-1,-1,-1,-1,-1,False,False,0,0,False,209,0,0,0,0,0,0,0,0,0,0,0,0,0,0,0,1,
0,952,2026-02-23 14:15:37Z,LLM_Empathetic,6.918941,7.22026,6.617621,0.6334835,0,1.614163,0,0,0,0,0,0,5.484049,4.3464,6.621708,0.592854,0.702737,0.482971,7.391657,6.226253,8.557062,0.6002668,0,2.122667,7.181549,6.095952,8.267146,9.825552,10,9.474257,6.918941,7.22026,6.617621,0.6334835,0,1.614163,0,0,0,0,0,0,5.484049,4.3464,6.621708,0.592854,0.702737,0.482971,7.391657,6.226253,8.557062,0.6002668,0,2.122667,7.181549,6.095952,8.267146,9.825552,10,9.474257,-1,-1,-1,-1,-1,-1,-1,-1,-1,-1,-1,-1,-1,-1,-1,-1,-1,-1,-1,-1,-1,-1,-1,-1,-1,-1,-1,-1,-1,-1,-1,-1,-1,-1,-1,-1,-1,-1,-1,-1,-1,-1,-1,-1,-1,-1,-1,-1,-1,-1,0,0,0,0,0,0,-1,-1,-1,-1,-1,-1,-1,-1,-1,-1,-1,-1,0,0,0,0,0,0,-1,-1,-1,-1,-1,-1,-1,-1,-1,-1,-1,-1,-1,-1,False,False,0,0,False,209,0,0,0,0,0,0,0,0,0,0,0,0,0,0,0,1,
0,953,2026-02-23 14:15:37Z,LLM_Empathetic,6.918955,7.220262,6.617648,0.6334584,0,1.614149,0,0,0,0,0,0,5.484068,4.346406,6.62174,0.592854,0.702737,0.482971,7.391666,6.226249,8.557084,0.6002507,0,2.122651,7.181575,6.095966,8.267184,9.825604,10,9.474323,6.918955,7.220262,6.617648,0.6334584,0,1.614149,0,0,0,0,0,0,5.484068,4.346406,6.62174,0.592854,0.702737,0.482971,7.391666,6.226249,8.557084,0.6002507,0,2.122651,7.181575,6.095966,8.267184,9.825604,10,9.474323,-1,-1,-1,-1,-1,-1,-1,-1,-1,-1,-1,-1,-1,-1,-1,-1,-1,-1,-1,-1,-1,-1,-1,-1,-1,-1,-1,-1,-1,-1,-1,-1,-1,-1,-1,-1,-1,-1,-1,-1,-1,-1,-1,-1,-1,-1,-1,-1,-1,-1,0,0,0,0,0,0,-1,-1,-1,-1,-1,-1,-1,-1,-1,-1,-1,-1,0,0,0,0,0,0,-1,-1,-1,-1,-1,-1,-1,-1,-1,-1,-1,-1,-1,-1,False,False,0,0,False,209,0,0,0,0,0,0,0,0,0,0,0,0,0,0,0,1,
0,954,2026-02-23 14:15:37Z,LLM_Empathetic,6.91897,7.220265,6.617675,0.6334333,0,1.614135,0,0,0,0,0,0,5.484087,4.346412,6.621772,0.592854,0.702737,0.482971,7.391675,6.226244,8.557105,0.6002346,0,2.122635,7.181601,6.095981,8.267223,9.825658,10,9.474389,6.91897,7.220265,6.617675,0.6334333,0,1.614135,0,0,0,0,0,0,5.484087,4.346412,6.621772,0.592854,0.702737,0.482971,7.391675,6.226244,8.557105,0.6002346,0,2.122635,7.181601,6.095981,8.267223,9.825658,10,9.474389,-1,-1,-1,-1,-1,-1,-1,-1,-1,-1,-1,-1,-1,-1,-1,-1,-1,-1,-1,-1,-1,-1,-1,-1,-1,-1,-1,-1,-1,-1,-1,-1,-1,-1,-1,-1,-1,-1,-1,-1,-1,-1,-1,-1,-1,-1,-1,-1,-1,-1,0,0,0,0,0,0,-1,-1,-1,-1,-1,-1,-1,-1,-1,-1,-1,-1,0,0,0,0,0,0,-1,-1,-1,-1,-1,-1,-1,-1,-1,-1,-1,-1,-1,-1,False,False,0,0,False,207,0,0,0,0,0,0,0,0,0,0,0,0,0,0,0,1,
0,955,2026-02-23 14:15:38Z,LLM_Empathetic,6.918985,7.220268,6.617702,0.6334082,0,1.614121,0,0,0,0,0,0,5.484106,4.346418,6.621803,0.592854,0.702737,0.482971,7.391683,6.22624,8.557127,0.6002185,0,2.122619,7.181628,6.095995,8.267262,9.82571,10,9.474456,6.918985,7.220268,6.617702,0.6334082,0,1.614121,0,0,0,0,0,0,5.484106,4.346418,6.621803,0.592854,0.702737,0.482971,7.391683,6.22624,8.557127,0.6002185,0,2.122619,7.181628,6.095995,8.267262,9.82571,10,9.474456,-1,-1,-1,-1,-1,-1,-1,-1,-1,-1,-1,-1,-1,-1,-1,-1,-1,-1,-1,-1,-1,-1,-1,-1,-1,-1,-1,-1,-1,-1,-1,-1,-1,-1,-1,-1,-1,-1,-1,-1,-1,-1,-1,-1,-1,-1,-1,-1,-1,-1,0,0,0,0,0,0,-1,-1,-1,-1,-1,-1,-1,-1,-1,-1,-1,-1,0,0,0,0,0,0,-1,-1,-1,-1,-1,-1,-1,-1,-1,-1,-1,-1,-1,-1,False,False,0,0,False,209,0,0,0,0,0,0,0,0,0,0,0,0,0,0,0,1,
0,956,2026-02-23 14:15:38Z,LLM_Empathetic,6.918999,7.22027,6.617728,0.6333832,0,1.614108,0,0,0,0,0,0,5.484125,4.346425,6.621835,0.592854,0.702737,0.482971,7.391692,6.226235,8.557149,0.6002025,0,2.122603,7.181654,6.096009,8.2673,9.825763,10,9.474522,6.918999,7.22027,6.617728,0.6333832,0,1.614108,0,0,0,0,0,0,5.484125,4.346425,6.621835,0.592854,0.702737,0.482971,7.391692,6.226235,8.557149,0.6002025,0,2.122603,7.181654,6.096009,8.2673,9.825763,10,9.474522,-1,-1,-1,-1,-1,-1,-1,-1,-1,-1,-1,-1,-1,-1,-1,-1,-1,-1,-1,-1,-1,-1,-1,-1,-1,-1,-1,-1,-1,-1,-1,-1,-1,-1,-1,-1,-1,-1,-1,-1,-1,-1,-1,-1,-1,-1,-1,-1,-1,-1,0,0,0,0,0,0,-1,-1,-1,-1,-1,-1,-1,-1,-1,-1,-1,-1,0,0,0,0,0,0,-1,-1,-1,-1,-1,-1,-1,-1,-1,-1,-1,-1,-1,-1,False,False,0,0,False,209,0,0,0,0,0,0,0,0,0,0,0,0,0,0,0,1,
0,957,2026-02-23 14:15:38Z,LLM_Empathetic,6.919014,7.220273,6.617755,0.6333582,0,1.614094,0,0,0,0,0,0,5.484144,4.346431,6.621867,0.592854,0.702737,0.482971,7.3917,6.226231,8.557171,0.6001865,0,2.122587,7.18168,6.096023,8.267338,9.825815,10,9.474587,6.919014,7.220273,6.617755,0.6333582,0,1.614094,0,0,0,0,0,0,5.484144,4.346431,6.621867,0.592854,0.702737,0.482971,7.3917,6.226231,8.557171,0.6001865,0,2.122587,7.18168,6.096023,8.267338,9.825815,10,9.474587,-1,-1,-1,-1,-1,-1,-1,-1,-1,-1,-1,-1,-1,-1,-1,-1,-1,-1,-1,-1,-1,-1,-1,-1,-1,-1,-1,-1,-1,-1,-1,-1,-1,-1,-1,-1,-1,-1,-1,-1,-1,-1,-1,-1,-1,-1,-1,-1,-1,-1,0,0,0,0,0,0,-1,-1,-1,-1,-1,-1,-1,-1,-1,-1,-1,-1,0,0,0,0,0,0,-1,-1,-1,-1,-1,-1,-1,-1,-1,-1,-1,-1,-1,-1,False,False,0,0,False,207,0,0,0,0,0,0,0,0,0,0,0,0,0,0,0,1,
0,958,2026-02-23 14:15:38Z,LLM_Empathetic,6.919029,7.220275,6.617782,0.6333333,0,1.61408,0,0,0,0,0,0,5.484162,4.346437,6.621898,0.592854,0.702737,0.482971,7.391709,6.226226,8.557192,0.6001706,0,2.122571,7.181706,6.096037,8.267376,9.825868,10,9.474653,6.919029,7.220275,6.617782,0.6333333,0,1.61408,0,0,0,0,0,0,5.484162,4.346437,6.621898,0.592854,0.702737,0.482971,7.391709,6.226226,8.557192,0.6001706,0,2.122571,7.181706,6.096037,8.267376,9.825868,10,9.474653,-1,-1,-1,-1,-1,-1,-1,-1,-1,-1,-1,-1,-1,-1,-1,-1,-1,-1,-1,-1,-1,-1,-1,-1,-1,-1,-1,-1,-1,-1,-1,-1,-1,-1,-1,-1,-1,-1,-1,-1,-1,-1,-1,-1,-1,-1,-1,-1,-1,-1,0,0,0,0,0,0,-1,-1,-1,-1,-1,-1,-1,-1,-1,-1,-1,-1,0,0,0,0,0,0,-1,-1,-1,-1,-1,-1,-1,-1,-1,-1,-1,-1,-1,-1,False,False,0,0,False,209,0,0,0,0,0,0,0,0,0,0,0,0,0,0,0,1,
0,959,2026-02-23 14:15:38Z,LLM_Empathetic,6.919044,7.220278,6.617808,0.6333084,0,1.614066,0,0,0,0,0,0,5.484181,4.346444,6.62193,0.592854,0.702737,0.482971,7.391717,6.226222,8.557214,0.6001546,0,2.122555,7.181733,6.096052,8.267414,9.825919,10,9.474718,6.919044,7.220278,6.617808,0.6333084,0,1.614066,0,0,0,0,0,0,5.484181,4.346444,6.62193,0.592854,0.702737,0.482971,7.391717,6.226222,8.557214,0.6001546,0,2.122555,7.181733,6.096052,8.267414,9.825919,10,9.474718,-1,-1,-1,-1,-1,-1,-1,-1,-1,-1,-1,-1,-1,-1,-1,-1,-1,-1,-1,-1,-1,-1,-1,-1,-1,-1,-1,-1,-1,-1,-1,-1,-1,-1,-1,-1,-1,-1,-1,-1,-1,-1,-1,-1,-1,-1,-1,-1,-1,-1,0,0,0,0,0,0,-1,-1,-1,-1,-1,-1,-1,-1,-1,-1,-1,-1,0,0,0,0,0,0,-1,-1,-1,-1,-1,-1,-1,-1,-1,-1,-1,-1,-1,-1,False,False,0,0,False,207,0,0,0,0,0,0,0,0,0,0,0,0,0,0,0,1,
0,960,2026-02-23 14:15:38Z,LLM_Empathetic,6.919058,7.220281,6.617835,0.6332836,0,1.614053,0,0,0,0,0,0,5.4842,4.34645,6.621961,0.592854,0.702737,0.482971,7.391726,6.226218,8.557236,0.6001387,0,2.122539,7.181758,6.096066,8.267452,9.825972,10,9.474784,6.919058,7.220281,6.617835,0.6332836,0,1.614053,0,0,0,0,0,0,5.4842,4.34645,6.621961,0.592854,0.702737,0.482971,7.391726,6.226218,8.557236,0.6001387,0,2.122539,7.181758,6.096066,8.267452,9.825972,10,9.474784,-1,-1,-1,-1,-1,-1,-1,-1,-1,-1,-1,-1,-1,-1,-1,-1,-1,-1,-1,-1,-1,-1,-1,-1,-1,-1,-1,-1,-1,-1,-1,-1,-1,-1,-1,-1,-1,-1,-1,-1,-1,-1,-1,-1,-1,-1,-1,-1,-1,-1,0,0,0,0,0,0,-1,-1,-1,-1,-1,-1,-1,-1,-1,-1,-1,-1,0,0,0,0,0,0,-1,-1,-1,-1,-1,-1,-1,-1,-1,-1,-1,-1,-1,-1,False,False,0,0,False,209,0,0,0,0,0,0,0,0,0,0,0,0,0,0,0,1,
0,961,2026-02-23 14:15:38Z,LLM_Empathetic,6.919073,7.220284,6.617862,0.6332588,0,1.614039,0,0,0,0,0,0,5.484219,4.346456,6.621992,0.592854,0.702737,0.482971,7.391735,6.226213,8.557257,0.6001229,0,2.122523,7.181785,6.09608,8.26749,9.826024,10,9.474849,6.919073,7.220284,6.617862,0.6332588,0,1.614039,0,0,0,0,0,0,5.484219,4.346456,6.621992,0.592854,0.702737,0.482971,7.391735,6.226213,8.557257,0.6001229,0,2.122523,7.181785,6.09608,8.26749,9.826024,10,9.474849,-1,-1,-1,-1,-1,-1,-1,-1,-1,-1,-1,-1,-1,-1,-1,-1,-1,-1,-1,-1,-1,-1,-1,-1,-1,-1,-1,-1,-1,-1,-1,-1,-1,-1,-1,-1,-1,-1,-1,-1,-1,-1,-1,-1,-1,-1,-1,-1,-1,-1,0,0,0,0,0,0,-1,-1,-1,-1,-1,-1,-1,-1,-1,-1,-1,-1,0,0,0,0,0,0,-1,-1,-1,-1,-1,-1,-1,-1,-1,-1,-1,-1,-1,-1,False,False,0,0,False,209,0,0,0,0,0,0,0,0,0,0,0,0,0,0,0,1,
0,962,2026-02-23 14:15:38Z,LLM_Empathetic,6.919087,7.220286,6.617888,0.633234,0,1.614025,0,0,0,0,0,0,5.484238,4.346462,6.622024,0.592854,0.702737,0.482971,7.391743,6.226209,8.557279,0.600107,0,2.122507,7.18181,6.096094,8.267529,9.826076,10,9.474915,6.919087,7.220286,6.617888,0.633234,0,1.614025,0,0,0,0,0,0,5.484238,4.346462,6.622024,0.592854,0.702737,0.482971,7.391743,6.226209,8.557279,0.600107,0,2.122507,7.18181,6.096094,8.267529,9.826076,10,9.474915,-1,-1,-1,-1,-1,-1,-1,-1,-1,-1,-1,-1,-1,-1,-1,-1,-1,-1,-1,-1,-1,-1,-1,-1,-1,-1,-1,-1,-1,-1,-1,-1,-1,-1,-1,-1,-1,-1,-1,-1,-1,-1,-1,-1,-1,-1,-1,-1,-1,-1,0,0,0,0,0,0,-1,-1,-1,-1,-1,-1,-1,-1,-1,-1,-1,-1,0,0,0,0,0,0,-1,-1,-1,-1,-1,-1,-1,-1,-1,-1,-1,-1,-1,-1,False,False,0,0,False,207,0,0,0,0,0,0,0,0,0,0,0,0,0,0,0,1,
0,963,2026-02-23 14:15:38Z,LLM_Empathetic,6.919102,7.220289,6.617915,0.6332093,0,1.614012,0,0,0,0,0,0,5.484256,4.346468,6.622055,0.592854,0.702737,0.482971,7.391752,6.226204,8.5573,0.6000912,0,2.122492,7.181837,6.096108,8.267566,9.826127,10,9.474979,6.919102,7.220289,6.617915,0.6332093,0,1.614012,0,0,0,0,0,0,5.484256,4.346468,6.622055,0.592854,0.702737,0.482971,7.391752,6.226204,8.5573,0.6000912,0,2.122492,7.181837,6.096108,8.267566,9.826127,10,9.474979,-1,-1,-1,-1,-1,-1,-1,-1,-1,-1,-1,-1,-1,-1,-1,-1,-1,-1,-1,-1,-1,-1,-1,-1,-1,-1,-1,-1,-1,-1,-1,-1,-1,-1,-1,-1,-1,-1,-1,-1,-1,-1,-1,-1,-1,-1,-1,-1,-1,-1,0,0,0,0,0,0,-1,-1,-1,-1,-1,-1,-1,-1,-1,-1,-1,-1,0,0,0,0,0,0,-1,-1,-1,-1,-1,-1,-1,-1,-1,-1,-1,-1,-1,-1,False,False,0,0,False,207,0,0,0,0,0,0,0,0,0,0,0,0,0,0,0,1,
0,964,2026-02-23 14:15:38Z,LLM_Empathetic,6.919116,7.220292,6.617941,0.6331846,0,1.613998,0,0,0,0,0,0,5.484275,4.346475,6.622086,0.592854,0.702737,0.482971,7.39176,6.2262,8.557322,0.6000754,0,2.122476,7.181862,6.096122,8.267604,9.82618,10,9.475044,6.919116,7.220292,6.617941,0.6331846,0,1.613998,0,0,0,0,0,0,5.484275,4.346475,6.622086,0.592854,0.702737,0.482971,7.39176,6.2262,8.557322,0.6000754,0,2.122476,7.181862,6.096122,8.267604,9.82618,10,9.475044,-1,-1,-1,-1,-1,-1,-1,-1,-1,-1,-1,-1,-1,-1,-1,-1,-1,-1,-1,-1,-1,-1,-1,-1,-1,-1,-1,-1,-1,-1,-1,-1,-1,-1,-1,-1,-1,-1,-1,-1,-1,-1,-1,-1,-1,-1,-1,-1,-1,-1,0,0,0,0,0,0,-1,-1,-1,-1,-1,-1,-1,-1,-1,-1,-1,-1,0,0,0,0,0,0,-1,-1,-1,-1,-1,-1,-1,-1,-1,-1,-1,-1,-1,-1,False,False,0,0,False,207,0,0,0,0,0,0,0,0,0,0,0,0,0,0,0,1,
0,965,2026-02-23 14:15:38Z,LLM_Empathetic,6.919131,7.220294,6.617967,0.63316,0,1.613985,0,0,0,0,0,0,5.484293,4.346481,6.622117,0.592854,0.702737,0.482971,7.391769,6.226196,8.557343,0.6000596,0,2.12246,7.181889,6.096136,8.267642,9.826231,10,9.475109,6.919131,7.220294,6.617967,0.63316,0,1.613985,0,0,0,0,0,0,5.484293,4.346481,6.622117,0.592854,0.702737,0.482971,7.391769,6.226196,8.557343,0.6000596,0,2.12246,7.181889,6.096136,8.267642,9.826231,10,9.475109,-1,-1,-1,-1,-1,-1,-1,-1,-1,-1,-1,-1,-1,-1,-1,-1,-1,-1,-1,-1,-1,-1,-1,-1,-1,-1,-1,-1,-1,-1,-1,-1,-1,-1,-1,-1,-1,-1,-1,-1,-1,-1,-1,-1,-1,-1,-1,-1,-1,-1,0,0,0,0,0,0,-1,-1,-1,-1,-1,-1,-1,-1,-1,-1,-1,-1,0,0,0,0,0,0,-1,-1,-1,-1,-1,-1,-1,-1,-1,-1,-1,-1,-1,-1,False,False,0,0,False,209,0,0,0,0,0,0,0,0,0,0,0,0,0,0,0,1,
0,966,2026-02-23 14:15:38Z,LLM_Empathetic,6.919145,7.220297,6.617994,0.6331354,0,1.613971,0,0,0,0,0,0,5.484312,4.346487,6.622148,0.592854,0.702737,0.482971,7.391778,6.226191,8.557364,0.6000438,0,2.122444,7.181914,6.09615,8.267679,9.826283,10,9.475174,6.919145,7.220297,6.617994,0.6331354,0,1.613971,0,0,0,0,0,0,5.484312,4.346487,6.622148,0.592854,0.702737,0.482971,7.391778,6.226191,8.557364,0.6000438,0,2.122444,7.181914,6.09615,8.267679,9.826283,10,9.475174,-1,-1,-1,-1,-1,-1,-1,-1,-1,-1,-1,-1,-1,-1,-1,-1,-1,-1,-1,-1,-1,-1,-1,-1,-1,-1,-1,-1,-1,-1,-1,-1,-1,-1,-1,-1,-1,-1,-1,-1,-1,-1,-1,-1,-1,-1,-1,-1,-1,-1,0,0,0,0,0,0,-1,-1,-1,-1,-1,-1,-1,-1,-1,-1,-1,-1,0,0,0,0,0,0,-1,-1,-1,-1,-1,-1,-1,-1,-1,-1,-1,-1,-1,-1,False,False,0,0,False,207,0,0,0,0,0,0,0,0,0,0,0,0,0,0,0,1,
0,967,2026-02-23 14:15:38Z,LLM_Empathetic,6.91916,7.220299,6.61802,0.6331109,0,1.613957,0,0,0,0,0,0,5.484331,4.346493,6.622179,0.592854,0.702737,0.482971,7.391786,6.226187,8.557385,0.6000281,0,2.122428,7.18194,6.096164,8.267717,9.826334,10,9.475239,6.91916,7.220299,6.61802,0.6331109,0,1.613957,0,0,0,0,0,0,5.484331,4.346493,6.622179,0.592854,0.702737,0.482971,7.391786,6.226187,8.557385,0.6000281,0,2.122428,7.18194,6.096164,8.267717,9.826334,10,9.475239,-1,-1,-1,-1,-1,-1,-1,-1,-1,-1,-1,-1,-1,-1,-1,-1,-1,-1,-1,-1,-1,-1,-1,-1,-1,-1,-1,-1,-1,-1,-1,-1,-1,-1,-1,-1,-1,-1,-1,-1,-1,-1,-1,-1,-1,-1,-1,-1,-1,-1,0,0,0,0,0,0,-1,-1,-1,-1,-1,-1,-1,-1,-1,-1,-1,-1,0,0,0,0,0,0,-1,-1,-1,-1,-1,-1,-1,-1,-1,-1,-1,-1,-1,-1,False,False,0,0,False,209,0,0,0,0,0,0,0,0,0,0,0,0,0,0,0,1,
0,968,2026-02-23 14:15:38Z,LLM_Empathetic,6.919174,7.220302,6.618046,0.6330864,0,1.613944,0,0,0,0,0,0,5.484349,4.346499,6.62221,0.592854,0.702737,0.482971,7.391794,6.226182,8.557406,0.6000124,0,2.122413,7.181966,6.096178,8.267755,9.826385,10,9.475304,6.919174,7.220302,6.618046,0.6330864,0,1.613944,0,0,0,0,0,0,5.484349,4.346499,6.62221,0.592854,0.702737,0.482971,7.391794,6.226182,8.557406,0.6000124,0,2.122413,7.181966,6.096178,8.267755,9.826385,10,9.475304,-1,-1,-1,-1,-1,-1,-1,-1,-1,-1,-1,-1,-1,-1,-1,-1,-1,-1,-1,-1,-1,-1,-1,-1,-1,-1,-1,-1,-1,-1,-1,-1,-1,-1,-1,-1,-1,-1,-1,-1,-1,-1,-1,-1,-1,-1,-1,-1,-1,-1,0,0,0,0,0,0,-1,-1,-1,-1,-1,-1,-1,-1,-1,-1,-1,-1,0,0,0,0,0,0,-1,-1,-1,-1,-1,-1,-1,-1,-1,-1,-1,-1,-1,-1,False,False,0,0,False,207,0,0,0,0,0,0,0,0,0,0,0,0,0,0,0,1,
0,969,2026-02-23 14:15:38Z,LLM_Empathetic,6.919188,7.220304,6.618073,0.6330619,0,1.61393,0,0,0,0,0,0,5.484368,4.346505,6.622241,0.592854,0.702737,0.482971,7.391803,6.226178,8.557427,0.5999967,0,2.122397,7.181992,6.096192,8.267792,9.826437,10,9.475368,6.919188,7.220304,6.618073,0.6330619,0,1.61393,0,0,0,0,0,0,5.484368,4.346505,6.622241,0.592854,0.702737,0.482971,7.391803,6.226178,8.557427,0.5999967,0,2.122397,7.181992,6.096192,8.267792,9.826437,10,9.475368,-1,-1,-1,-1,-1,-1,-1,-1,-1,-1,-1,-1,-1,-1,-1,-1,-1,-1,-1,-1,-1,-1,-1,-1,-1,-1,-1,-1,-1,-1,-1,-1,-1,-1,-1,-1,-1,-1,-1,-1,-1,-1,-1,-1,-1,-1,-1,-1,-1,-1,0,0,0,0,0,0,-1,-1,-1,-1,-1,-1,-1,-1,-1,-1,-1,-1,0,0,0,0,0,0,-1,-1,-1,-1,-1,-1,-1,-1,-1,-1,-1,-1,-1,-1,False,False,0,0,False,207,0,0,0,0,0,0,0,0,0,0,0,0,0,0,0,1,
0,970,2026-02-23 14:15:38Z,LLM_Empathetic,6.919203,7.220307,6.618098,0.6330374,0,1.613917,0,0,0,0,0,0,5.484386,4.346511,6.622272,0.592854,0.702737,0.482971,7.391811,6.226174,8.557448,0.5999811,0,2.122381,7.182017,6.096206,8.26783,9.826488,10,9.475432,6.919203,7.220307,6.618098,0.6330374,0,1.613917,0,0,0,0,0,0,5.484386,4.346511,6.622272,0.592854,0.702737,0.482971,7.391811,6.226174,8.557448,0.5999811,0,2.122381,7.182017,6.096206,8.26783,9.826488,10,9.475432,-1,-1,-1,-1,-1,-1,-1,-1,-1,-1,-1,-1,-1,-1,-1,-1,-1,-1,-1,-1,-1,-1,-1,-1,-1,-1,-1,-1,-1,-1,-1,-1,-1,-1,-1,-1,-1,-1,-1,-1,-1,-1,-1,-1,-1,-1,-1,-1,-1,-1,0,0,0,0,0,0,-1,-1,-1,-1,-1,-1,-1,-1,-1,-1,-1,-1,0,0,0,0,0,0,-1,-1,-1,-1,-1,-1,-1,-1,-1,-1,-1,-1,-1,-1,False,False,0,0,False,207,0,0,0,0,0,0,0,0,0,0,0,0,0,0,0,1,
0,971,2026-02-23 14:15:38Z,LLM_Empathetic,6.919217,7.22031,6.618124,0.6330131,0,1.613904,0,0,0,0,0,0,5.484405,4.346518,6.622303,0.592854,0.702737,0.482971,7.391819,6.22617,8.55747,0.5999655,0,2.122366,7.182043,6.09622,8.267867,9.826539,10,9.475496,6.919217,7.22031,6.618124,0.6330131,0,1.613904,0,0,0,0,0,0,5.484405,4.346518,6.622303,0.592854,0.702737,0.482971,7.391819,6.22617,8.55747,0.5999655,0,2.122366,7.182043,6.09622,8.267867,9.826539,10,9.475496,-1,-1,-1,-1,-1,-1,-1,-1,-1,-1,-1,-1,-1,-1,-1,-1,-1,-1,-1,-1,-1,-1,-1,-1,-1,-1,-1,-1,-1,-1,-1,-1,-1,-1,-1,-1,-1,-1,-1,-1,-1,-1,-1,-1,-1,-1,-1,-1,-1,-1,0,0,0,0,0,0,-1,-1,-1,-1,-1,-1,-1,-1,-1,-1,-1,-1,0,0,0,0,0,0,-1,-1,-1,-1,-1,-1,-1,-1,-1,-1,-1,-1,-1,-1,False,False,0,0,False,209,0,0,0,0,0,0,0,0,0,0,0,0,0,0,0,1,
0,972,2026-02-23 14:15:38Z,LLM_Empathetic,6.919231,7.220312,6.618151,0.6329888,0,1.61389,0,0,0,0,0,0,5.484423,4.346523,6.622333,0.592854,0.702737,0.482971,7.391828,6.226165,8.557491,0.5999499,0,2.12235,7.182068,6.096233,8.267904,9.826591,10,9.47556,6.919231,7.220312,6.618151,0.6329888,0,1.61389,0,0,0,0,0,0,5.484423,4.346523,6.622333,0.592854,0.702737,0.482971,7.391828,6.226165,8.557491,0.5999499,0,2.12235,7.182068,6.096233,8.267904,9.826591,10,9.47556,-1,-1,-1,-1,-1,-1,-1,-1,-1,-1,-1,-1,-1,-1,-1,-1,-1,-1,-1,-1,-1,-1,-1,-1,-1,-1,-1,-1,-1,-1,-1,-1,-1,-1,-1,-1,-1,-1,-1,-1,-1,-1,-1,-1,-1,-1,-1,-1,-1,-1,0,0,0,0,0,0,-1,-1,-1,-1,-1,-1,-1,-1,-1,-1,-1,-1,0,0,0,0,0,0,-1,-1,-1,-1,-1,-1,-1,-1,-1,-1,-1,-1,-1,-1,False,False,0,0,False,207,0,0,0,0,0,0,0,0,0,0,0,0,0,0,0,1,
0,973,2026-02-23 14:15:38Z,LLM_Empathetic,6.919246,7.220315,6.618176,0.6329644,0,1.613877,0,0,0,0,0,0,5.484442,4.346529,6.622364,0.592854,0.702737,0.482971,7.391836,6.226161,8.557512,0.5999343,0,2.122335,7.182094,6.096247,8.267941,9.826641,10,9.475624,6.919246,7.220315,6.618176,0.6329644,0,1.613877,0,0,0,0,0,0,5.484442,4.346529,6.622364,0.592854,0.702737,0.482971,7.391836,6.226161,8.557512,0.5999343,0,2.122335,7.182094,6.096247,8.267941,9.826641,10,9.475624,-1,-1,-1,-1,-1,-1,-1,-1,-1,-1,-1,-1,-1,-1,-1,-1,-1,-1,-1,-1,-1,-1,-1,-1,-1,-1,-1,-1,-1,-1,-1,-1,-1,-1,-1,-1,-1,-1,-1,-1,-1,-1,-1,-1,-1,-1,-1,-1,-1,-1,0,0,0,0,0,0,-1,-1,-1,-1,-1,-1,-1,-1,-1,-1,-1,-1,0,0,0,0,0,0,-1,-1,-1,-1,-1,-1,-1,-1,-1,-1,-1,-1,-1,-1,False,False,0,0,False,209,0,0,0,0,0,0,0,0,0,0,0,0,0,0,0,1,
0,974,2026-02-23 14:15:38Z,LLM_Empathetic,6.91926,7.220317,6.618203,0.6329402,0,1.613863,0,0,0,0,0,0,5.48446,4.346536,6.622395,0.592854,0.702737,0.482971,7.391845,6.226157,8.557533,0.5999188,0,2.122319,7.182119,6.096261,8.267979,9.826693,10,9.475688,6.91926,7.220317,6.618203,0.6329402,0,1.613863,0,0,0,0,0,0,5.48446,4.346536,6.622395,0.592854,0.702737,0.482971,7.391845,6.226157,8.557533,0.5999188,0,2.122319,7.182119,6.096261,8.267979,9.826693,10,9.475688,-1,-1,-1,-1,-1,-1,-1,-1,-1,-1,-1,-1,-1,-1,-1,-1,-1,-1,-1,-1,-1,-1,-1,-1,-1,-1,-1,-1,-1,-1,-1,-1,-1,-1,-1,-1,-1,-1,-1,-1,-1,-1,-1,-1,-1,-1,-1,-1,-1,-1,0,0,0,0,0,0,-1,-1,-1,-1,-1,-1,-1,-1,-1,-1,-1,-1,0,0,0,0,0,0,-1,-1,-1,-1,-1,-1,-1,-1,-1,-1,-1,-1,-1,-1,False,False,0,0,False,207,0,0,0,0,0,0,0,0,0,0,0,0,0,0,0,1,
0,975,2026-02-23 14:15:38Z,LLM_Empathetic,6.919274,7.22032,6.618228,0.632916,0,1.61385,0,0,0,0,0,0,5.484478,4.346542,6.622425,0.592854,0.702737,0.482971,7.391853,6.226152,8.557554,0.5999033,0,2.122304,7.182145,6.096275,8.268016,9.826743,10,9.475752,6.919274,7.22032,6.618228,0.632916,0,1.61385,0,0,0,0,0,0,5.484478,4.346542,6.622425,0.592854,0.702737,0.482971,7.391853,6.226152,8.557554,0.5999033,0,2.122304,7.182145,6.096275,8.268016,9.826743,10,9.475752,-1,-1,-1,-1,-1,-1,-1,-1,-1,-1,-1,-1,-1,-1,-1,-1,-1,-1,-1,-1,-1,-1,-1,-1,-1,-1,-1,-1,-1,-1,-1,-1,-1,-1,-1,-1,-1,-1,-1,-1,-1,-1,-1,-1,-1,-1,-1,-1,-1,-1,0,0,0,0,0,0,-1,-1,-1,-1,-1,-1,-1,-1,-1,-1,-1,-1,0,0,0,0,0,0,-1,-1,-1,-1,-1,-1,-1,-1,-1,-1,-1,-1,-1,-1,False,False,0,0,False,207,0,0,0,0,0,0,0,0,0,0,0,0,0,0,0,1,
0,976,2026-02-23 14:15:38Z,LLM_Empathetic,6.919289,7.220323,6.618254,0.6328918,0,1.613837,0,0,0,0,0,0,5.484497,4.346548,6.622456,0.592854,0.702737,0.482971,7.391861,6.226148,8.557575,0.5998878,0,2.122288,7.18217,6.096289,8.268053,9.826794,10,9.475816,6.919289,7.220323,6.618254,0.6328918,0,1.613837,0,0,0,0,0,0,5.484497,4.346548,6.622456,0.592854,0.702737,0.482971,7.391861,6.226148,8.557575,0.5998878,0,2.122288,7.18217,6.096289,8.268053,9.826794,10,9.475816,-1,-1,-1,-1,-1,-1,-1,-1,-1,-1,-1,-1,-1,-1,-1,-1,-1,-1,-1,-1,-1,-1,-1,-1,-1,-1,-1,-1,-1,-1,-1,-1,-1,-1,-1,-1,-1,-1,-1,-1,-1,-1,-1,-1,-1,-1,-1,-1,-1,-1,0,0,0,0,0,0,-1,-1,-1,-1,-1,-1,-1,-1,-1,-1,-1,-1,0,0,0,0,0,0,-1,-1,-1,-1,-1,-1,-1,-1,-1,-1,-1,-1,-1,-1,False,False,0,0,False,209,0,0,0,0,0,0,0,0,0,0,0,0,0,0,0,1,
0,977,2026-02-23 14:15:38Z,LLM_Empathetic,6.919303,7.220325,6.61828,0.6328677,0,1.613823,0,0,0,0,0,0,5.484515,4.346554,6.622486,0.592854,0.702737,0.482971,7.39187,6.226144,8.557596,0.5998724,0,2.122273,7.182196,6.096302,8.268089,9.826844,10,9.47588,6.919303,7.220325,6.61828,0.6328677,0,1.613823,0,0,0,0,0,0,5.484515,4.346554,6.622486,0.592854,0.702737,0.482971,7.39187,6.226144,8.557596,0.5998724,0,2.122273,7.182196,6.096302,8.268089,9.826844,10,9.47588,-1,-1,-1,-1,-1,-1,-1,-1,-1,-1,-1,-1,-1,-1,-1,-1,-1,-1,-1,-1,-1,-1,-1,-1,-1,-1,-1,-1,-1,-1,-1,-1,-1,-1,-1,-1,-1,-1,-1,-1,-1,-1,-1,-1,-1,-1,-1,-1,-1,-1,0,0,0,0,0,0,-1,-1,-1,-1,-1,-1,-1,-1,-1,-1,-1,-1,0,0,0,0,0,0,-1,-1,-1,-1,-1,-1,-1,-1,-1,-1,-1,-1,-1,-1,False,False,0,0,False,207,0,0,0,0,0,0,0,0,0,0,0,0,0,0,0,1,
0,978,2026-02-23 14:15:38Z,LLM_Empathetic,6.919317,7.220328,6.618306,0.6328436,0,1.61381,0,0,0,0,0,0,5.484533,4.34656,6.622517,0.592854,0.702737,0.482971,7.391878,6.22614,8.557617,0.599857,0,2.122257,7.182221,6.096316,8.268126,9.826895,10,9.475943,6.919317,7.220328,6.618306,0.6328436,0,1.61381,0,0,0,0,0,0,5.484533,4.34656,6.622517,0.592854,0.702737,0.482971,7.391878,6.22614,8.557617,0.599857,0,2.122257,7.182221,6.096316,8.268126,9.826895,10,9.475943,-1,-1,-1,-1,-1,-1,-1,-1,-1,-1,-1,-1,-1,-1,-1,-1,-1,-1,-1,-1,-1,-1,-1,-1,-1,-1,-1,-1,-1,-1,-1,-1,-1,-1,-1,-1,-1,-1,-1,-1,-1,-1,-1,-1,-1,-1,-1,-1,-1,-1,0,0,0,0,0,0,-1,-1,-1,-1,-1,-1,-1,-1,-1,-1,-1,-1,0,0,0,0,0,0,-1,-1,-1,-1,-1,-1,-1,-1,-1,-1,-1,-1,-1,-1,False,False,0,0,False,209,0,0,0,0,0,0,0,0,0,0,0,0,0,0,0,1,
0,979,2026-02-23 14:15:38Z,LLM_Empathetic,6.919331,7.22033,6.618332,0.6328195,0,1.613797,0,0,0,0,0,0,5.484551,4.346566,6.622547,0.592854,0.702737,0.482971,7.391886,6.226135,8.557638,0.5998415,0,2.122242,7.182246,6.09633,8.268164,9.826945,10,9.476007,6.919331,7.22033,6.618332,0.6328195,0,1.613797,0,0,0,0,0,0,5.484551,4.346566,6.622547,0.592854,0.702737,0.482971,7.391886,6.226135,8.557638,0.5998415,0,2.122242,7.182246,6.09633,8.268164,9.826945,10,9.476007,-1,-1,-1,-1,-1,-1,-1,-1,-1,-1,-1,-1,-1,-1,-1,-1,-1,-1,-1,-1,-1,-1,-1,-1,-1,-1,-1,-1,-1,-1,-1,-1,-1,-1,-1,-1,-1,-1,-1,-1,-1,-1,-1,-1,-1,-1,-1,-1,-1,-1,0,0,0,0,0,0,-1,-1,-1,-1,-1,-1,-1,-1,-1,-1,-1,-1,0,0,0,0,0,0,-1,-1,-1,-1,-1,-1,-1,-1,-1,-1,-1,-1,-1,-1,False,False,0,0,False,209,0,0,0,0,0,0,0,0,0,0,0,0,0,0,0,1,
0,980,2026-02-23 14:15:38Z,LLM_Empathetic,6.919345,7.220333,6.618358,0.6327955,0,1.613783,0,0,0,0,0,0,5.48457,4.346572,6.622577,0.592854,0.702737,0.482971,7.391895,6.226131,8.557659,0.5998262,0,2.122226,7.182271,6.096343,8.2682,9.826996,10,9.476069,6.919345,7.220333,6.618358,0.6327955,0,1.613783,0,0,0,0,0,0,5.48457,4.346572,6.622577,0.592854,0.702737,0.482971,7.391895,6.226131,8.557659,0.5998262,0,2.122226,7.182271,6.096343,8.2682,9.826996,10,9.476069,-1,-1,-1,-1,-1,-1,-1,-1,-1,-1,-1,-1,-1,-1,-1,-1,-1,-1,-1,-1,-1,-1,-1,-1,-1,-1,-1,-1,-1,-1,-1,-1,-1,-1,-1,-1,-1,-1,-1,-1,-1,-1,-1,-1,-1,-1,-1,-1,-1,-1,0,0,0,0,0,0,-1,-1,-1,-1,-1,-1,-1,-1,-1,-1,-1,-1,0,0,0,0,0,0,-1,-1,-1,-1,-1,-1,-1,-1,-1,-1,-1,-1,-1,-1,False,False,0,0,False,207,0,0,0,0,0,0,0,0,0,0,0,0,0,0,0,1,
0,981,2026-02-23 14:15:38Z,LLM_Empathetic,6.919359,7.220335,6.618383,0.6327716,0,1.61377,0,0,0,0,0,0,5.484588,4.346578,6.622608,0.592854,0.702737,0.482971,7.391903,6.226127,8.557679,0.5998108,0,2.122211,7.182297,6.096357,8.268237,9.827046,10,9.476132,6.919359,7.220335,6.618383,0.6327716,0,1.61377,0,0,0,0,0,0,5.484588,4.346578,6.622608,0.592854,0.702737,0.482971,7.391903,6.226127,8.557679,0.5998108,0,2.122211,7.182297,6.096357,8.268237,9.827046,10,9.476132,-1,-1,-1,-1,-1,-1,-1,-1,-1,-1,-1,-1,-1,-1,-1,-1,-1,-1,-1,-1,-1,-1,-1,-1,-1,-1,-1,-1,-1,-1,-1,-1,-1,-1,-1,-1,-1,-1,-1,-1,-1,-1,-1,-1,-1,-1,-1,-1,-1,-1,0,0,0,0,0,0,-1,-1,-1,-1,-1,-1,-1,-1,-1,-1,-1,-1,0,0,0,0,0,0,-1,-1,-1,-1,-1,-1,-1,-1,-1,-1,-1,-1,-1,-1,False,False,0,0,False,207,0,0,0,0,0,0,0,0,0,0,0,0,0,0,0,1,
0,982,2026-02-23 14:15:38Z,LLM_Empathetic,6.919374,7.220338,6.618409,0.6327476,0,1.613757,0,0,0,0,0,0,5.484606,4.346584,6.622638,0.592854,0.702737,0.482971,7.391911,6.226122,8.5577,0.5997955,0,2.122196,7.182322,6.096371,8.268273,9.827097,10,9.476195,6.919374,7.220338,6.618409,0.6327476,0,1.613757,0,0,0,0,0,0,5.484606,4.346584,6.622638,0.592854,0.702737,0.482971,7.391911,6.226122,8.5577,0.5997955,0,2.122196,7.182322,6.096371,8.268273,9.827097,10,9.476195,-1,-1,-1,-1,-1,-1,-1,-1,-1,-1,-1,-1,-1,-1,-1,-1,-1,-1,-1,-1,-1,-1,-1,-1,-1,-1,-1,-1,-1,-1,-1,-1,-1,-1,-1,-1,-1,-1,-1,-1,-1,-1,-1,-1,-1,-1,-1,-1,-1,-1,0,0,0,0,0,0,-1,-1,-1,-1,-1,-1,-1,-1,-1,-1,-1,-1,0,0,0,0,0,0,-1,-1,-1,-1,-1,-1,-1,-1,-1,-1,-1,-1,-1,-1,False,False,0,0,False,209,0,0,0,0,0,0,0,0,0,0,0,0,0,0,0,1,
0,983,2026-02-23 14:15:38Z,LLM_Empathetic,6.919387,7.22034,6.618434,0.6327237,0,1.613744,0,0,0,0,0,0,5.484624,4.34659,6.622668,0.592854,0.702737,0.482971,7.39192,6.226118,8.557721,0.5997802,0,2.12218,7.182347,6.096384,8.268311,9.827147,10,9.476258,6.919387,7.22034,6.618434,0.6327237,0,1.613744,0,0,0,0,0,0,5.484624,4.34659,6.622668,0.592854,0.702737,0.482971,7.39192,6.226118,8.557721,0.5997802,0,2.12218,7.182347,6.096384,8.268311,9.827147,10,9.476258,-1,-1,-1,-1,-1,-1,-1,-1,-1,-1,-1,-1,-1,-1,-1,-1,-1,-1,-1,-1,-1,-1,-1,-1,-1,-1,-1,-1,-1,-1,-1,-1,-1,-1,-1,-1,-1,-1,-1,-1,-1,-1,-1,-1,-1,-1,-1,-1,-1,-1,0,0,0,0,0,0,-1,-1,-1,-1,-1,-1,-1,-1,-1,-1,-1,-1,0,0,0,0,0,0,-1,-1,-1,-1,-1,-1,-1,-1,-1,-1,-1,-1,-1,-1,False,False,0,0,False,207,0,0,0,0,0,0,0,0,0,0,0,0,0,0,0,1,
0,984,2026-02-23 14:15:38Z,LLM_Empathetic,6.919402,7.220343,6.61846,0.6326998,0,1.613731,0,0,0,0,0,0,5.484642,4.346596,6.622698,0.592854,0.702737,0.482971,7.391928,6.226114,8.557742,0.5997649,0,2.122165,7.182372,6.096397,8.268347,9.827197,10,9.476321,6.919402,7.220343,6.61846,0.6326998,0,1.613731,0,0,0,0,0,0,5.484642,4.346596,6.622698,0.592854,0.702737,0.482971,7.391928,6.226114,8.557742,0.5997649,0,2.122165,7.182372,6.096397,8.268347,9.827197,10,9.476321,-1,-1,-1,-1,-1,-1,-1,-1,-1,-1,-1,-1,-1,-1,-1,-1,-1,-1,-1,-1,-1,-1,-1,-1,-1,-1,-1,-1,-1,-1,-1,-1,-1,-1,-1,-1,-1,-1,-1,-1,-1,-1,-1,-1,-1,-1,-1,-1,-1,-1,0,0,0,0,0,0,-1,-1,-1,-1,-1,-1,-1,-1,-1,-1,-1,-1,0,0,0,0,0,0,-1,-1,-1,-1,-1,-1,-1,-1,-1,-1,-1,-1,-1,-1,False,False,0,0,False,209,0,0,0,0,0,0,0,0,0,0,0,0,0,0,0,1,
0,985,2026-02-23 14:15:39Z,LLM_Empathetic,6.919415,7.220345,6.618485,0.632676,0,1.613718,0,0,0,0,0,0,5.48466,4.346602,6.622728,0.592854,0.702737,0.482971,7.391936,6.22611,8.557762,0.5997497,0,2.12215,7.182397,6.096411,8.268383,9.827247,10,9.476384,6.919415,7.220345,6.618485,0.632676,0,1.613718,0,0,0,0,0,0,5.48466,4.346602,6.622728,0.592854,0.702737,0.482971,7.391936,6.22611,8.557762,0.5997497,0,2.12215,7.182397,6.096411,8.268383,9.827247,10,9.476384,-1,-1,-1,-1,-1,-1,-1,-1,-1,-1,-1,-1,-1,-1,-1,-1,-1,-1,-1,-1,-1,-1,-1,-1,-1,-1,-1,-1,-1,-1,-1,-1,-1,-1,-1,-1,-1,-1,-1,-1,-1,-1,-1,-1,-1,-1,-1,-1,-1,-1,0,0,0,0,0,0,-1,-1,-1,-1,-1,-1,-1,-1,-1,-1,-1,-1,0,0,0,0,0,0,-1,-1,-1,-1,-1,-1,-1,-1,-1,-1,-1,-1,-1,-1,False,False,0,0,False,209,0,0,0,0,0,0,0,0,0,0,0,0,0,0,0,1,
0,986,2026-02-23 14:15:39Z,LLM_Empathetic,6.919429,7.220348,6.618511,0.6326523,0,1.613705,0,0,0,0,0,0,5.484678,4.346608,6.622758,0.592854,0.702737,0.482971,7.391944,6.226106,8.557783,0.5997344,0,2.122135,7.182422,6.096425,8.26842,9.827296,10,9.476447,6.919429,7.220348,6.618511,0.6326523,0,1.613705,0,0,0,0,0,0,5.484678,4.346608,6.622758,0.592854,0.702737,0.482971,7.391944,6.226106,8.557783,0.5997344,0,2.122135,7.182422,6.096425,8.26842,9.827296,10,9.476447,-1,-1,-1,-1,-1,-1,-1,-1,-1,-1,-1,-1,-1,-1,-1,-1,-1,-1,-1,-1,-1,-1,-1,-1,-1,-1,-1,-1,-1,-1,-1,-1,-1,-1,-1,-1,-1,-1,-1,-1,-1,-1,-1,-1,-1,-1,-1,-1,-1,-1,0,0,0,0,0,0,-1,-1,-1,-1,-1,-1,-1,-1,-1,-1,-1,-1,0,0,0,0,0,0,-1,-1,-1,-1,-1,-1,-1,-1,-1,-1,-1,-1,-1,-1,False,False,0,0,False,209,0,0,0,0,0,0,0,0,0,0,0,0,0,0,0,1,
0,987,2026-02-23 14:15:39Z,LLM_Empathetic,6.919444,7.220351,6.618536,0.6326285,0,1.613691,0,0,0,0,0,0,5.484696,4.346613,6.622788,0.592854,0.702737,0.482971,7.391953,6.226101,8.557804,0.5997192,0,2.12212,7.182447,6.096438,8.268456,9.827347,10,9.476509,6.919444,7.220351,6.618536,0.6326285,0,1.613691,0,0,0,0,0,0,5.484696,4.346613,6.622788,0.592854,0.702737,0.482971,7.391953,6.226101,8.557804,0.5997192,0,2.12212,7.182447,6.096438,8.268456,9.827347,10,9.476509,-1,-1,-1,-1,-1,-1,-1,-1,-1,-1,-1,-1,-1,-1,-1,-1,-1,-1,-1,-1,-1,-1,-1,-1,-1,-1,-1,-1,-1,-1,-1,-1,-1,-1,-1,-1,-1,-1,-1,-1,-1,-1,-1,-1,-1,-1,-1,-1,-1,-1,0,0,0,0,0,0,-1,-1,-1,-1,-1,-1,-1,-1,-1,-1,-1,-1,0,0,0,0,0,0,-1,-1,-1,-1,-1,-1,-1,-1,-1,-1,-1,-1,-1,-1,False,False,0,0,False,207,0,0,0,0,0,0,0,0,0,0,0,0,0,0,0,1,
0,988,2026-02-23 14:15:39Z,LLM_Empathetic,6.919457,7.220353,6.618562,0.6326048,0,1.613678,0,0,0,0,0,0,5.484714,4.34662,6.622818,0.592854,0.702737,0.482971,7.391961,6.226097,8.557824,0.5997041,0,2.122104,7.182472,6.096452,8.268493,9.827396,10,9.476572,6.919457,7.220353,6.618562,0.6326048,0,1.613678,0,0,0,0,0,0,5.484714,4.34662,6.622818,0.592854,0.702737,0.482971,7.391961,6.226097,8.557824,0.5997041,0,2.122104,7.182472,6.096452,8.268493,9.827396,10,9.476572,-1,-1,-1,-1,-1,-1,-1,-1,-1,-1,-1,-1,-1,-1,-1,-1,-1,-1,-1,-1,-1,-1,-1,-1,-1,-1,-1,-1,-1,-1,-1,-1,-1,-1,-1,-1,-1,-1,-1,-1,-1,-1,-1,-1,-1,-1,-1,-1,-1,-1,0,0,0,0,0,0,-1,-1,-1,-1,-1,-1,-1,-1,-1,-1,-1,-1,0,0,0,0,0,0,-1,-1,-1,-1,-1,-1,-1,-1,-1,-1,-1,-1,-1,-1,False,False,0,0,False,209,0,0,0,0,0,0,0,0,0,0,0,0,0,0,0,1,
0,989,2026-02-23 14:15:39Z,LLM_Empathetic,6.919471,7.220356,6.618587,0.6325812,0,1.613665,0,0,0,0,0,0,5.484732,4.346625,6.622848,0.592854,0.702737,0.482971,7.391969,6.226093,8.557845,0.5996889,0,2.122089,7.182497,6.096465,8.268529,9.827446,10,9.476634,6.919471,7.220356,6.618587,0.6325812,0,1.613665,0,0,0,0,0,0,5.484732,4.346625,6.622848,0.592854,0.702737,0.482971,7.391969,6.226093,8.557845,0.5996889,0,2.122089,7.182497,6.096465,8.268529,9.827446,10,9.476634,-1,-1,-1,-1,-1,-1,-1,-1,-1,-1,-1,-1,-1,-1,-1,-1,-1,-1,-1,-1,-1,-1,-1,-1,-1,-1,-1,-1,-1,-1,-1,-1,-1,-1,-1,-1,-1,-1,-1,-1,-1,-1,-1,-1,-1,-1,-1,-1,-1,-1,0,0,0,0,0,0,-1,-1,-1,-1,-1,-1,-1,-1,-1,-1,-1,-1,0,0,0,0,0,0,-1,-1,-1,-1,-1,-1,-1,-1,-1,-1,-1,-1,-1,-1,False,False,0,0,False,207,0,0,0,0,0,0,0,0,0,0,0,0,0,0,0,1,
0,990,2026-02-23 14:15:39Z,LLM_Empathetic,6.919485,7.220358,6.618612,0.6325576,0,1.613652,0,0,0,0,0,0,5.484749,4.346632,6.622878,0.592854,0.702737,0.482971,7.391977,6.226089,8.557865,0.5996738,0,2.122074,7.182521,6.096478,8.268565,9.827496,10,9.476696,6.919485,7.220358,6.618612,0.6325576,0,1.613652,0,0,0,0,0,0,5.484749,4.346632,6.622878,0.592854,0.702737,0.482971,7.391977,6.226089,8.557865,0.5996738,0,2.122074,7.182521,6.096478,8.268565,9.827496,10,9.476696,-1,-1,-1,-1,-1,-1,-1,-1,-1,-1,-1,-1,-1,-1,-1,-1,-1,-1,-1,-1,-1,-1,-1,-1,-1,-1,-1,-1,-1,-1,-1,-1,-1,-1,-1,-1,-1,-1,-1,-1,-1,-1,-1,-1,-1,-1,-1,-1,-1,-1,0,0,0,0,0,0,-1,-1,-1,-1,-1,-1,-1,-1,-1,-1,-1,-1,0,0,0,0,0,0,-1,-1,-1,-1,-1,-1,-1,-1,-1,-1,-1,-1,-1,-1,False,False,0,0,False,207,0,0,0,0,0,0,0,0,0,0,0,0,0,0,0,1,
0,991,2026-02-23 14:15:39Z,LLM_Empathetic,6.919499,7.220361,6.618638,0.632534,0,1.613639,0,0,0,0,0,0,5.484767,4.346637,6.622908,0.592854,0.702737,0.482971,7.391985,6.226084,8.557886,0.5996587,0,2.122059,7.182546,6.096492,8.268601,9.827545,10,9.476758,6.919499,7.220361,6.618638,0.632534,0,1.613639,0,0,0,0,0,0,5.484767,4.346637,6.622908,0.592854,0.702737,0.482971,7.391985,6.226084,8.557886,0.5996587,0,2.122059,7.182546,6.096492,8.268601,9.827545,10,9.476758,-1,-1,-1,-1,-1,-1,-1,-1,-1,-1,-1,-1,-1,-1,-1,-1,-1,-1,-1,-1,-1,-1,-1,-1,-1,-1,-1,-1,-1,-1,-1,-1,-1,-1,-1,-1,-1,-1,-1,-1,-1,-1,-1,-1,-1,-1,-1,-1,-1,-1,0,0,0,0,0,0,-1,-1,-1,-1,-1,-1,-1,-1,-1,-1,-1,-1,0,0,0,0,0,0,-1,-1,-1,-1,-1,-1,-1,-1,-1,-1,-1,-1,-1,-1,False,False,0,0,False,209,0,0,0,0,0,0,0,0,0,0,0,0,0,0,0,1,
0,992,2026-02-23 14:15:39Z,LLM_Empathetic,6.919513,7.220363,6.618662,0.6325104,0,1.613626,0,0,0,0,0,0,5.484785,4.346643,6.622938,0.592854,0.702737,0.482971,7.391993,6.22608,8.557906,0.5996436,0,2.122044,7.182571,6.096505,8.268638,9.827594,10,9.47682,6.919513,7.220363,6.618662,0.6325104,0,1.613626,0,0,0,0,0,0,5.484785,4.346643,6.622938,0.592854,0.702737,0.482971,7.391993,6.22608,8.557906,0.5996436,0,2.122044,7.182571,6.096505,8.268638,9.827594,10,9.47682,-1,-1,-1,-1,-1,-1,-1,-1,-1,-1,-1,-1,-1,-1,-1,-1,-1,-1,-1,-1,-1,-1,-1,-1,-1,-1,-1,-1,-1,-1,-1,-1,-1,-1,-1,-1,-1,-1,-1,-1,-1,-1,-1,-1,-1,-1,-1,-1,-1,-1,0,0,0,0,0,0,-1,-1,-1,-1,-1,-1,-1,-1,-1,-1,-1,-1,0,0,0,0,0,0,-1,-1,-1,-1,-1,-1,-1,-1,-1,-1,-1,-1,-1,-1,False,False,0,0,False,209,0,0,0,0,0,0,0,0,0,0,0,0,0,0,0,1,
0,993,2026-02-23 14:15:39Z,LLM_Empathetic,6.919527,7.220366,6.618688,0.6324869,0,1.613613,0,0,0,0,0,0,5.484803,4.346649,6.622967,0.592854,0.702737,0.482971,7.392001,6.226076,8.557926,0.5996286,0,2.122029,7.182596,6.096519,8.268673,9.827643,10,9.476882,6.919527,7.220366,6.618688,0.6324869,0,1.613613,0,0,0,0,0,0,5.484803,4.346649,6.622967,0.592854,0.702737,0.482971,7.392001,6.226076,8.557926,0.5996286,0,2.122029,7.182596,6.096519,8.268673,9.827643,10,9.476882,-1,-1,-1,-1,-1,-1,-1,-1,-1,-1,-1,-1,-1,-1,-1,-1,-1,-1,-1,-1,-1,-1,-1,-1,-1,-1,-1,-1,-1,-1,-1,-1,-1,-1,-1,-1,-1,-1,-1,-1,-1,-1,-1,-1,-1,-1,-1,-1,-1,-1,0,0,0,0,0,0,-1,-1,-1,-1,-1,-1,-1,-1,-1,-1,-1,-1,0,0,0,0,0,0,-1,-1,-1,-1,-1,-1,-1,-1,-1,-1,-1,-1,-1,-1,False,False,0,0,False,209,0,0,0,0,0,0,0,0,0,0,0,0,0,0,0,1,
0,994,2026-02-23 14:15:39Z,LLM_Empathetic,6.91954,7.220368,6.618713,0.6324635,0,1.6136,0,0,0,0,0,0,5.484821,4.346655,6.622997,0.592854,0.702737,0.482971,7.392009,6.226072,8.557947,0.5996135,0,2.122014,7.18262,6.096532,8.268709,9.827693,10,9.476944,6.91954,7.220368,6.618713,0.6324635,0,1.6136,0,0,0,0,0,0,5.484821,4.346655,6.622997,0.592854,0.702737,0.482971,7.392009,6.226072,8.557947,0.5996135,0,2.122014,7.18262,6.096532,8.268709,9.827693,10,9.476944,-1,-1,-1,-1,-1,-1,-1,-1,-1,-1,-1,-1,-1,-1,-1,-1,-1,-1,-1,-1,-1,-1,-1,-1,-1,-1,-1,-1,-1,-1,-1,-1,-1,-1,-1,-1,-1,-1,-1,-1,-1,-1,-1,-1,-1,-1,-1,-1,-1,-1,0,0,0,0,0,0,-1,-1,-1,-1,-1,-1,-1,-1,-1,-1,-1,-1,0,0,0,0,0,0,-1,-1,-1,-1,-1,-1,-1,-1,-1,-1,-1,-1,-1,-1,False,False,0,0,False,209,0,0,0,0,0,0,0,0,0,0,0,0,0,0,0,1,
0,995,2026-02-23 14:15:39Z,LLM_Empathetic,6.919554,7.220371,6.618738,0.63244,0,1.613587,0,0,0,0,0,0,5.484838,4.346661,6.623026,0.592854,0.702737,0.482971,7.392017,6.226068,8.557967,0.5995985,0,2.121999,7.182645,6.096545,8.268745,9.827742,10,9.477006,6.919554,7.220371,6.618738,0.63244,0,1.613587,0,0,0,0,0,0,5.484838,4.346661,6.623026,0.592854,0.702737,0.482971,7.392017,6.226068,8.557967,0.5995985,0,2.121999,7.182645,6.096545,8.268745,9.827742,10,9.477006,-1,-1,-1,-1,-1,-1,-1,-1,-1,-1,-1,-1,-1,-1,-1,-1,-1,-1,-1,-1,-1,-1,-1,-1,-1,-1,-1,-1,-1,-1,-1,-1,-1,-1,-1,-1,-1,-1,-1,-1,-1,-1,-1,-1,-1,-1,-1,-1,-1,-1,0,0,0,0,0,0,-1,-1,-1,-1,-1,-1,-1,-1,-1,-1,-1,-1,0,0,0,0,0,0,-1,-1,-1,-1,-1,-1,-1,-1,-1,-1,-1,-1,-1,-1,False,False,0,0,False,207,0,0,0,0,0,0,0,0,0,0,0,0,0,0,0,1,
0,996,2026-02-23 14:15:39Z,LLM_Empathetic,6.919568,7.220373,6.618763,0.6324167,0,1.613575,0,0,0,0,0,0,5.484856,4.346667,6.623056,0.592854,0.702737,0.482971,7.392025,6.226064,8.557987,0.5995836,0,2.121984,7.182669,6.096559,8.268781,9.827791,10,9.477067,6.919568,7.220373,6.618763,0.6324167,0,1.613575,0,0,0,0,0,0,5.484856,4.346667,6.623056,0.592854,0.702737,0.482971,7.392025,6.226064,8.557987,0.5995836,0,2.121984,7.182669,6.096559,8.268781,9.827791,10,9.477067,-1,-1,-1,-1,-1,-1,-1,-1,-1,-1,-1,-1,-1,-1,-1,-1,-1,-1,-1,-1,-1,-1,-1,-1,-1,-1,-1,-1,-1,-1,-1,-1,-1,-1,-1,-1,-1,-1,-1,-1,-1,-1,-1,-1,-1,-1,-1,-1,-1,-1,0,0,0,0,0,0,-1,-1,-1,-1,-1,-1,-1,-1,-1,-1,-1,-1,0,0,0,0,0,0,-1,-1,-1,-1,-1,-1,-1,-1,-1,-1,-1,-1,-1,-1,False,False,0,0,False,209,0,0,0,0,0,0,0,0,0,0,0,0,0,0,0,1,
0,997,2026-02-23 14:15:39Z,LLM_Empathetic,6.919582,7.220376,6.618788,0.6323933,0,1.613562,0,0,0,0,0,0,5.484874,4.346673,6.623085,0.592854,0.702737,0.482971,7.392034,6.226059,8.558008,0.5995686,0,2.121969,7.182694,6.096572,8.268817,9.82784,10,9.477129,6.919582,7.220376,6.618788,0.6323933,0,1.613562,0,0,0,0,0,0,5.484874,4.346673,6.623085,0.592854,0.702737,0.482971,7.392034,6.226059,8.558008,0.5995686,0,2.121969,7.182694,6.096572,8.268817,9.82784,10,9.477129,-1,-1,-1,-1,-1,-1,-1,-1,-1,-1,-1,-1,-1,-1,-1,-1,-1,-1,-1,-1,-1,-1,-1,-1,-1,-1,-1,-1,-1,-1,-1,-1,-1,-1,-1,-1,-1,-1,-1,-1,-1,-1,-1,-1,-1,-1,-1,-1,-1,-1,0,0,0,0,0,0,-1,-1,-1,-1,-1,-1,-1,-1,-1,-1,-1,-1,0,0,0,0,0,0,-1,-1,-1,-1,-1,-1,-1,-1,-1,-1,-1,-1,-1,-1,False,False,0,0,False,207,0,0,0,0,0,0,0,0,0,0,0,0,0,0,0,1,
0,998,2026-02-23 14:15:39Z,LLM_Empathetic,6.919596,7.220378,6.618813,0.63237,0,1.613549,0,0,0,0,0,0,5.484891,4.346678,6.623115,0.592854,0.702737,0.482971,7.392042,6.226055,8.558028,0.5995537,0,2.121954,7.182718,6.096585,8.268852,9.827888,10,9.47719,6.919596,7.220378,6.618813,0.63237,0,1.613549,0,0,0,0,0,0,5.484891,4.346678,6.623115,0.592854,0.702737,0.482971,7.392042,6.226055,8.558028,0.5995537,0,2.121954,7.182718,6.096585,8.268852,9.827888,10,9.47719,-1,-1,-1,-1,-1,-1,-1,-1,-1,-1,-1,-1,-1,-1,-1,-1,-1,-1,-1,-1,-1,-1,-1,-1,-1,-1,-1,-1,-1,-1,-1,-1,-1,-1,-1,-1,-1,-1,-1,-1,-1,-1,-1,-1,-1,-1,-1,-1,-1,-1,0,0,0,0,0,0,-1,-1,-1,-1,-1,-1,-1,-1,-1,-1,-1,-1,0,0,0,0,0,0,-1,-1,-1,-1,-1,-1,-1,-1,-1,-1,-1,-1,-1,-1,False,False,0,0,False,209,0,0,0,0,0,0,0,0,0,0,0,0,0,0,0,1,
0,999,2026-02-23 14:15:39Z,LLM_Empathetic,6.919609,7.220381,6.618838,0.6323467,0,1.613536,0,0,0,0,0,0,5.484909,4.346684,6.623144,0.592854,0.702737,0.482971,7.392049,6.226051,8.558048,0.5995388,0,2.121939,7.182743,6.096599,8.268888,9.827938,10,9.477251,6.919609,7.220381,6.618838,0.6323467,0,1.613536,0,0,0,0,0,0,5.484909,4.346684,6.623144,0.592854,0.702737,0.482971,7.392049,6.226051,8.558048,0.5995388,0,2.121939,7.182743,6.096599,8.268888,9.827938,10,9.477251,-1,-1,-1,-1,-1,-1,-1,-1,-1,-1,-1,-1,-1,-1,-1,-1,-1,-1,-1,-1,-1,-1,-1,-1,-1,-1,-1,-1,-1,-1,-1,-1,-1,-1,-1,-1,-1,-1,-1,-1,-1,-1,-1,-1,-1,-1,-1,-1,-1,-1,0,0,0,0,0,0,-1,-1,-1,-1,-1,-1,-1,-1,-1,-1,-1,-1,0,0,0,0,0,0,-1,-1,-1,-1,-1,-1,-1,-1,-1,-1,-1,-1,-1,-1,False,False,0,0,False,207,0,0,0,0,0,0,0,0,0,0,0,0,0,0,0,1,
0,1000,2026-02-23 14:15:39Z,LLM_Empathetic,6.919623,7.220383,6.618863,0.6323235,0,1.613523,0,0,0,0,0,0,5.484927,4.34669,6.623174,0.592854,0.702737,0.482971,7.392057,6.226047,8.558068,0.5995239,0,2.121924,7.182767,6.096611,8.268924,9.827987,10,9.477312,6.919623,7.220383,6.618863,0.6323235,0,1.613523,0,0,0,0,0,0,5.484927,4.34669,6.623174,0.592854,0.702737,0.482971,7.392057,6.226047,8.558068,0.5995239,0,2.121924,7.182767,6.096611,8.268924,9.827987,10,9.477312,-1,-1,-1,-1,-1,-1,-1,-1,-1,-1,-1,-1,-1,-1,-1,-1,-1,-1,-1,-1,-1,-1,-1,-1,-1,-1,-1,-1,-1,-1,-1,-1,-1,-1,-1,-1,-1,-1,-1,-1,-1,-1,-1,-1,-1,-1,-1,-1,-1,-1,0,0,0,0,0,0,-1,-1,-1,-1,-1,-1,-1,-1,-1,-1,-1,-1,0,0,0,0,0,0,-1,-1,-1,-1,-1,-1,-1,-1,-1,-1,-1,-1,-1,-1,False,False,0,0,False,209,0,0,0,0,0,0,0,0,0,0,0,0,0,0,0,1,
0,1001,2026-02-23 14:15:39Z,LLM_Empathetic,6.919637,7.220386,6.618887,0.6323003,0,1.61351,0,0,0,0,0,0,5.484944,4.346696,6.623203,0.592854,0.702737,0.482971,7.392066,6.226043,8.558088,0.5995091,0,2.121909,7.182792,6.096625,8.268959,9.828035,10,9.477374,6.919637,7.220386,6.618887,0.6323003,0,1.61351,0,0,0,0,0,0,5.484944,4.346696,6.623203,0.592854,0.702737,0.482971,7.392066,6.226043,8.558088,0.5995091,0,2.121909,7.182792,6.096625,8.268959,9.828035,10,9.477374,-1,-1,-1,-1,-1,-1,-1,-1,-1,-1,-1,-1,-1,-1,-1,-1,-1,-1,-1,-1,-1,-1,-1,-1,-1,-1,-1,-1,-1,-1,-1,-1,-1,-1,-1,-1,-1,-1,-1,-1,-1,-1,-1,-1,-1,-1,-1,-1,-1,-1,0,0,0,0,0,0,-1,-1,-1,-1,-1,-1,-1,-1,-1,-1,-1,-1,0,0,0,0,0,0,-1,-1,-1,-1,-1,-1,-1,-1,-1,-1,-1,-1,-1,-1,False,False,0,0,False,209,0,0,0,0,0,0,0,0,0,0,0,0,0,0,0,1,
0,1002,2026-02-23 14:15:39Z,LLM_Empathetic,6.91965,7.220388,6.618912,0.6322772,0,1.613498,0,0,0,0,0,0,5.484962,4.346702,6.623232,0.592854,0.702737,0.482971,7.392074,6.226039,8.558108,0.5994942,0,2.121895,7.182816,6.096638,8.268994,9.828084,10,9.477434,6.91965,7.220388,6.618912,0.6322772,0,1.613498,0,0,0,0,0,0,5.484962,4.346702,6.623232,0.592854,0.702737,0.482971,7.392074,6.226039,8.558108,0.5994942,0,2.121895,7.182816,6.096638,8.268994,9.828084,10,9.477434,-1,-1,-1,-1,-1,-1,-1,-1,-1,-1,-1,-1,-1,-1,-1,-1,-1,-1,-1,-1,-1,-1,-1,-1,-1,-1,-1,-1,-1,-1,-1,-1,-1,-1,-1,-1,-1,-1,-1,-1,-1,-1,-1,-1,-1,-1,-1,-1,-1,-1,0,0,0,0,0,0,-1,-1,-1,-1,-1,-1,-1,-1,-1,-1,-1,-1,0,0,0,0,0,0,-1,-1,-1,-1,-1,-1,-1,-1,-1,-1,-1,-1,-1,-1,False,False,0,0,False,209,0,0,0,0,0,0,0,0,0,0,0,0,0,0,0,1,
0,1003,2026-02-23 14:15:39Z,LLM_Empathetic,6.919664,7.22039,6.618937,0.6322541,0,1.613485,0,0,0,0,0,0,5.484979,4.346707,6.623261,0.592854,0.702737,0.482971,7.392082,6.226035,8.558128,0.5994794,0,2.12188,7.18284,6.096651,8.26903,9.828133,10,9.477495,6.919664,7.22039,6.618937,0.6322541,0,1.613485,0,0,0,0,0,0,5.484979,4.346707,6.623261,0.592854,0.702737,0.482971,7.392082,6.226035,8.558128,0.5994794,0,2.12188,7.18284,6.096651,8.26903,9.828133,10,9.477495,-1,-1,-1,-1,-1,-1,-1,-1,-1,-1,-1,-1,-1,-1,-1,-1,-1,-1,-1,-1,-1,-1,-1,-1,-1,-1,-1,-1,-1,-1,-1,-1,-1,-1,-1,-1,-1,-1,-1,-1,-1,-1,-1,-1,-1,-1,-1,-1,-1,-1,0,0,0,0,0,0,-1,-1,-1,-1,-1,-1,-1,-1,-1,-1,-1,-1,0,0,0,0,0,0,-1,-1,-1,-1,-1,-1,-1,-1,-1,-1,-1,-1,-1,-1,False,False,0,0,False,207,0,0,0,0,0,0,0,0,0,0,0,0,0,0,0,1,
0,1004,2026-02-23 14:15:39Z,LLM_Empathetic,6.919677,7.220393,6.618962,0.632231,0,1.613472,0,0,0,0,0,0,5.484997,4.346713,6.623291,0.592854,0.702737,0.482971,7.392089,6.226031,8.558148,0.5994647,0,2.121865,7.182865,6.096664,8.269066,9.82818,10,9.477556,6.919677,7.220393,6.618962,0.632231,0,1.613472,0,0,0,0,0,0,5.484997,4.346713,6.623291,0.592854,0.702737,0.482971,7.392089,6.226031,8.558148,0.5994647,0,2.121865,7.182865,6.096664,8.269066,9.82818,10,9.477556,-1,-1,-1,-1,-1,-1,-1,-1,-1,-1,-1,-1,-1,-1,-1,-1,-1,-1,-1,-1,-1,-1,-1,-1,-1,-1,-1,-1,-1,-1,-1,-1,-1,-1,-1,-1,-1,-1,-1,-1,-1,-1,-1,-1,-1,-1,-1,-1,-1,-1,0,0,0,0,0,0,-1,-1,-1,-1,-1,-1,-1,-1,-1,-1,-1,-1,0,0,0,0,0,0,-1,-1,-1,-1,-1,-1,-1,-1,-1,-1,-1,-1,-1,-1,False,False,0,0,False,207,0,0,0,0,0,0,0,0,0,0,0,0,0,0,0,1,
0,1005,2026-02-23 14:15:39Z,LLM_Empathetic,6.919691,7.220396,6.618986,0.6322079,0,1.613459,0,0,0,0,0,0,5.485014,4.346719,6.62332,0.592854,0.702737,0.482971,7.392097,6.226027,8.558168,0.5994499,0,2.12185,7.182889,6.096677,8.269101,9.828229,10,9.477617,6.919691,7.220396,6.618986,0.6322079,0,1.613459,0,0,0,0,0,0,5.485014,4.346719,6.62332,0.592854,0.702737,0.482971,7.392097,6.226027,8.558168,0.5994499,0,2.12185,7.182889,6.096677,8.269101,9.828229,10,9.477617,-1,-1,-1,-1,-1,-1,-1,-1,-1,-1,-1,-1,-1,-1,-1,-1,-1,-1,-1,-1,-1,-1,-1,-1,-1,-1,-1,-1,-1,-1,-1,-1,-1,-1,-1,-1,-1,-1,-1,-1,-1,-1,-1,-1,-1,-1,-1,-1,-1,-1,0,0,0,0,0,0,-1,-1,-1,-1,-1,-1,-1,-1,-1,-1,-1,-1,0,0,0,0,0,0,-1,-1,-1,-1,-1,-1,-1,-1,-1,-1,-1,-1,-1,-1,False,False,0,0,False,207,0,0,0,0,0,0,0,0,0,0,0,0,0,0,0,1,
0,1006,2026-02-23 14:15:39Z,LLM_Empathetic,6.919704,7.220398,6.619011,0.6321849,0,1.613447,0,0,0,0,0,0,5.485032,4.346725,6.623349,0.592854,0.702737,0.482971,7.392106,6.226023,8.558188,0.5994352,0,2.121835,7.182913,6.096691,8.269136,9.828278,10,9.477677,6.919704,7.220398,6.619011,0.6321849,0,1.613447,0,0,0,0,0,0,5.485032,4.346725,6.623349,0.592854,0.702737,0.482971,7.392106,6.226023,8.558188,0.5994352,0,2.121835,7.182913,6.096691,8.269136,9.828278,10,9.477677,-1,-1,-1,-1,-1,-1,-1,-1,-1,-1,-1,-1,-1,-1,-1,-1,-1,-1,-1,-1,-1,-1,-1,-1,-1,-1,-1,-1,-1,-1,-1,-1,-1,-1,-1,-1,-1,-1,-1,-1,-1,-1,-1,-1,-1,-1,-1,-1,-1,-1,0,0,0,0,0,0,-1,-1,-1,-1,-1,-1,-1,-1,-1,-1,-1,-1,0,0,0,0,0,0,-1,-1,-1,-1,-1,-1,-1,-1,-1,-1,-1,-1,-1,-1,False,False,0,0,False,209,0,0,0,0,0,0,0,0,0,0,0,0,0,0,0,1,
0,1007,2026-02-23 14:15:39Z,LLM_Empathetic,6.919718,7.2204,6.619036,0.632162,0,1.613434,0,0,0,0,0,0,5.485049,4.34673,6.623378,0.592854,0.702737,0.482971,7.392113,6.226018,8.558208,0.5994205,0,2.121821,7.182937,6.096704,8.269171,9.828325,10,9.477738,6.919718,7.2204,6.619036,0.632162,0,1.613434,0,0,0,0,0,0,5.485049,4.34673,6.623378,0.592854,0.702737,0.482971,7.392113,6.226018,8.558208,0.5994205,0,2.121821,7.182937,6.096704,8.269171,9.828325,10,9.477738,-1,-1,-1,-1,-1,-1,-1,-1,-1,-1,-1,-1,-1,-1,-1,-1,-1,-1,-1,-1,-1,-1,-1,-1,-1,-1,-1,-1,-1,-1,-1,-1,-1,-1,-1,-1,-1,-1,-1,-1,-1,-1,-1,-1,-1,-1,-1,-1,-1,-1,0,0,0,0,0,0,-1,-1,-1,-1,-1,-1,-1,-1,-1,-1,-1,-1,0,0,0,0,0,0,-1,-1,-1,-1,-1,-1,-1,-1,-1,-1,-1,-1,-1,-1,False,False,0,0,False,209,0,0,0,0,0,0,0,0,0,0,0,0,0,0,0,1,
0,1008,2026-02-23 14:15:39Z,LLM_Empathetic,6.919732,7.220403,6.61906,0.632139,0,1.613421,0,0,0,0,0,0,5.485066,4.346736,6.623407,0.592854,0.702737,0.482971,7.392121,6.226014,8.558228,0.5994058,0,2.121806,7.182961,6.096716,8.269206,9.828374,10,9.477798,6.919732,7.220403,6.61906,0.632139,0,1.613421,0,0,0,0,0,0,5.485066,4.346736,6.623407,0.592854,0.702737,0.482971,7.392121,6.226014,8.558228,0.5994058,0,2.121806,7.182961,6.096716,8.269206,9.828374,10,9.477798,-1,-1,-1,-1,-1,-1,-1,-1,-1,-1,-1,-1,-1,-1,-1,-1,-1,-1,-1,-1,-1,-1,-1,-1,-1,-1,-1,-1,-1,-1,-1,-1,-1,-1,-1,-1,-1,-1,-1,-1,-1,-1,-1,-1,-1,-1,-1,-1,-1,-1,0,0,0,0,0,0,-1,-1,-1,-1,-1,-1,-1,-1,-1,-1,-1,-1,0,0,0,0,0,0,-1,-1,-1,-1,-1,-1,-1,-1,-1,-1,-1,-1,-1,-1,False,False,0,0,False,207,0,0,0,0,0,0,0,0,0,0,0,0,0,0,0,1,
0,1009,2026-02-23 14:15:39Z,LLM_Empathetic,6.919745,7.220405,6.619085,0.6321161,0,1.613409,0,0,0,0,0,0,5.485084,4.346742,6.623435,0.592854,0.702737,0.482971,7.392129,6.22601,8.558249,0.5993911,0,2.121792,7.182985,6.09673,8.269241,9.828422,10,9.477859,6.919745,7.220405,6.619085,0.6321161,0,1.613409,0,0,0,0,0,0,5.485084,4.346742,6.623435,0.592854,0.702737,0.482971,7.392129,6.22601,8.558249,0.5993911,0,2.121792,7.182985,6.09673,8.269241,9.828422,10,9.477859,-1,-1,-1,-1,-1,-1,-1,-1,-1,-1,-1,-1,-1,-1,-1,-1,-1,-1,-1,-1,-1,-1,-1,-1,-1,-1,-1,-1,-1,-1,-1,-1,-1,-1,-1,-1,-1,-1,-1,-1,-1,-1,-1,-1,-1,-1,-1,-1,-1,-1,0,0,0,0,0,0,-1,-1,-1,-1,-1,-1,-1,-1,-1,-1,-1,-1,0,0,0,0,0,0,-1,-1,-1,-1,-1,-1,-1,-1,-1,-1,-1,-1,-1,-1,False,False,0,0,False,209,0,0,0,0,0,0,0,0,0,0,0,0,0,0,0,1,
0,1010,2026-02-23 14:15:39Z,LLM_Empathetic,6.919758,7.220407,6.619109,0.6320933,0,1.613396,0,0,0,0,0,0,5.485101,4.346747,6.623465,0.592854,0.702737,0.482971,7.392137,6.226006,8.558269,0.5993765,0,2.121777,7.183009,6.096743,8.269277,9.828469,10,9.477919,6.919758,7.220407,6.619109,0.6320933,0,1.613396,0,0,0,0,0,0,5.485101,4.346747,6.623465,0.592854,0.702737,0.482971,7.392137,6.226006,8.558269,0.5993765,0,2.121777,7.183009,6.096743,8.269277,9.828469,10,9.477919,-1,-1,-1,-1,-1,-1,-1,-1,-1,-1,-1,-1,-1,-1,-1,-1,-1,-1,-1,-1,-1,-1,-1,-1,-1,-1,-1,-1,-1,-1,-1,-1,-1,-1,-1,-1,-1,-1,-1,-1,-1,-1,-1,-1,-1,-1,-1,-1,-1,-1,0,0,0,0,0,0,-1,-1,-1,-1,-1,-1,-1,-1,-1,-1,-1,-1,0,0,0,0,0,0,-1,-1,-1,-1,-1,-1,-1,-1,-1,-1,-1,-1,-1,-1,False,False,0,0,False,209,0,0,0,0,0,0,0,0,0,0,0,0,0,0,0,1,
0,1011,2026-02-23 14:15:39Z,LLM_Empathetic,6.919772,7.22041,6.619133,0.6320705,0,1.613384,0,0,0,0,0,0,5.485118,4.346753,6.623493,0.592854,0.702737,0.482971,7.392145,6.226002,8.558288,0.5993619,0,2.121762,7.183033,6.096756,8.269311,9.828518,10,9.477979,6.919772,7.22041,6.619133,0.6320705,0,1.613384,0,0,0,0,0,0,5.485118,4.346753,6.623493,0.592854,0.702737,0.482971,7.392145,6.226002,8.558288,0.5993619,0,2.121762,7.183033,6.096756,8.269311,9.828518,10,9.477979,-1,-1,-1,-1,-1,-1,-1,-1,-1,-1,-1,-1,-1,-1,-1,-1,-1,-1,-1,-1,-1,-1,-1,-1,-1,-1,-1,-1,-1,-1,-1,-1,-1,-1,-1,-1,-1,-1,-1,-1,-1,-1,-1,-1,-1,-1,-1,-1,-1,-1,0,0,0,0,0,0,-1,-1,-1,-1,-1,-1,-1,-1,-1,-1,-1,-1,0,0,0,0,0,0,-1,-1,-1,-1,-1,-1,-1,-1,-1,-1,-1,-1,-1,-1,False,False,0,0,False,209,0,0,0,0,0,0,0,0,0,0,0,0,0,0,0,1,
0,1012,2026-02-23 14:15:39Z,LLM_Empathetic,6.919785,7.220412,6.619158,0.6320477,0,1.613371,0,0,0,0,0,0,5.485136,4.346759,6.623522,0.592854,0.702737,0.482971,7.392153,6.225998,8.558308,0.5993473,0,2.121748,7.183057,6.096768,8.269346,9.828566,10,9.478039,6.919785,7.220412,6.619158,0.6320477,0,1.613371,0,0,0,0,0,0,5.485136,4.346759,6.623522,0.592854,0.702737,0.482971,7.392153,6.225998,8.558308,0.5993473,0,2.121748,7.183057,6.096768,8.269346,9.828566,10,9.478039,-1,-1,-1,-1,-1,-1,-1,-1,-1,-1,-1,-1,-1,-1,-1,-1,-1,-1,-1,-1,-1,-1,-1,-1,-1,-1,-1,-1,-1,-1,-1,-1,-1,-1,-1,-1,-1,-1,-1,-1,-1,-1,-1,-1,-1,-1,-1,-1,-1,-1,0,0,0,0,0,0,-1,-1,-1,-1,-1,-1,-1,-1,-1,-1,-1,-1,0,0,0,0,0,0,-1,-1,-1,-1,-1,-1,-1,-1,-1,-1,-1,-1,-1,-1,False,False,0,0,False,207,0,0,0,0,0,0,0,0,0,0,0,0,0,0,0,1,
0,1013,2026-02-23 14:15:39Z,LLM_Empathetic,6.919799,7.220415,6.619182,0.6320249,0,1.613358,0,0,0,0,0,0,5.485153,4.346765,6.623551,0.592854,0.702737,0.482971,7.39216,6.225994,8.558328,0.5993327,0,2.121733,7.183081,6.096782,8.269382,9.828613,10,9.478099,6.919799,7.220415,6.619182,0.6320249,0,1.613358,0,0,0,0,0,0,5.485153,4.346765,6.623551,0.592854,0.702737,0.482971,7.39216,6.225994,8.558328,0.5993327,0,2.121733,7.183081,6.096782,8.269382,9.828613,10,9.478099,-1,-1,-1,-1,-1,-1,-1,-1,-1,-1,-1,-1,-1,-1,-1,-1,-1,-1,-1,-1,-1,-1,-1,-1,-1,-1,-1,-1,-1,-1,-1,-1,-1,-1,-1,-1,-1,-1,-1,-1,-1,-1,-1,-1,-1,-1,-1,-1,-1,-1,0,0,0,0,0,0,-1,-1,-1,-1,-1,-1,-1,-1,-1,-1,-1,-1,0,0,0,0,0,0,-1,-1,-1,-1,-1,-1,-1,-1,-1,-1,-1,-1,-1,-1,False,False,0,0,False,207,0,0,0,0,0,0,0,0,0,0,0,0,0,0,0,1,
0,1014,2026-02-23 14:15:39Z,LLM_Empathetic,6.919812,7.220417,6.619206,0.6320022,0,1.613346,0,0,0,0,0,0,5.48517,4.34677,6.62358,0.592854,0.702737,0.482971,7.392169,6.22599,8.558347,0.5993182,0,2.121719,7.183105,6.096795,8.269416,9.828661,10,9.478159,6.919812,7.220417,6.619206,0.6320022,0,1.613346,0,0,0,0,0,0,5.48517,4.34677,6.62358,0.592854,0.702737,0.482971,7.392169,6.22599,8.558347,0.5993182,0,2.121719,7.183105,6.096795,8.269416,9.828661,10,9.478159,-1,-1,-1,-1,-1,-1,-1,-1,-1,-1,-1,-1,-1,-1,-1,-1,-1,-1,-1,-1,-1,-1,-1,-1,-1,-1,-1,-1,-1,-1,-1,-1,-1,-1,-1,-1,-1,-1,-1,-1,-1,-1,-1,-1,-1,-1,-1,-1,-1,-1,0,0,0,0,0,0,-1,-1,-1,-1,-1,-1,-1,-1,-1,-1,-1,-1,0,0,0,0,0,0,-1,-1,-1,-1,-1,-1,-1,-1,-1,-1,-1,-1,-1,-1,False,False,0,0,False,209,0,0,0,0,0,0,0,0,0,0,0,0,0,0,0,1,
0,1015,2026-02-23 14:15:40Z,LLM_Empathetic,6.919826,7.22042,6.619231,0.6319796,0,1.613333,0,0,0,0,0,0,5.485187,4.346776,6.623608,0.592854,0.702737,0.482971,7.392176,6.225986,8.558367,0.5993037,0,2.121704,7.183128,6.096807,8.269451,9.828709,10,9.478218,6.919826,7.22042,6.619231,0.6319796,0,1.613333,0,0,0,0,0,0,5.485187,4.346776,6.623608,0.592854,0.702737,0.482971,7.392176,6.225986,8.558367,0.5993037,0,2.121704,7.183128,6.096807,8.269451,9.828709,10,9.478218,-1,-1,-1,-1,-1,-1,-1,-1,-1,-1,-1,-1,-1,-1,-1,-1,-1,-1,-1,-1,-1,-1,-1,-1,-1,-1,-1,-1,-1,-1,-1,-1,-1,-1,-1,-1,-1,-1,-1,-1,-1,-1,-1,-1,-1,-1,-1,-1,-1,-1,0,0,0,0,0,0,-1,-1,-1,-1,-1,-1,-1,-1,-1,-1,-1,-1,0,0,0,0,0,0,-1,-1,-1,-1,-1,-1,-1,-1,-1,-1,-1,-1,-1,-1,False,False,0,0,False,209,0,0,0,0,0,0,0,0,0,0,0,0,0,0,0,1,
0,1016,2026-02-23 14:15:40Z,LLM_Empathetic,6.919838,7.220422,6.619255,0.6319569,0,1.613321,0,0,0,0,0,0,5.485204,4.346782,6.623637,0.592854,0.702737,0.482971,7.392184,6.225982,8.558387,0.5992892,0,2.12169,7.183152,6.09682,8.269485,9.828755,10,9.478278,6.919838,7.220422,6.619255,0.6319569,0,1.613321,0,0,0,0,0,0,5.485204,4.346782,6.623637,0.592854,0.702737,0.482971,7.392184,6.225982,8.558387,0.5992892,0,2.12169,7.183152,6.09682,8.269485,9.828755,10,9.478278,-1,-1,-1,-1,-1,-1,-1,-1,-1,-1,-1,-1,-1,-1,-1,-1,-1,-1,-1,-1,-1,-1,-1,-1,-1,-1,-1,-1,-1,-1,-1,-1,-1,-1,-1,-1,-1,-1,-1,-1,-1,-1,-1,-1,-1,-1,-1,-1,-1,-1,0,0,0,0,0,0,-1,-1,-1,-1,-1,-1,-1,-1,-1,-1,-1,-1,0,0,0,0,0,0,-1,-1,-1,-1,-1,-1,-1,-1,-1,-1,-1,-1,-1,-1,False,False,0,0,False,207,0,0,0,0,0,0,0,0,0,0,0,0,0,0,0,1,
0,1017,2026-02-23 14:15:40Z,LLM_Empathetic,6.919852,7.220425,6.619279,0.6319343,0,1.613309,0,0,0,0,0,0,5.485221,4.346787,6.623665,0.592854,0.702737,0.482971,7.392192,6.225978,8.558406,0.5992747,0,2.121675,7.183176,6.096833,8.26952,9.828803,10,9.478337,6.919852,7.220425,6.619279,0.6319343,0,1.613309,0,0,0,0,0,0,5.485221,4.346787,6.623665,0.592854,0.702737,0.482971,7.392192,6.225978,8.558406,0.5992747,0,2.121675,7.183176,6.096833,8.26952,9.828803,10,9.478337,-1,-1,-1,-1,-1,-1,-1,-1,-1,-1,-1,-1,-1,-1,-1,-1,-1,-1,-1,-1,-1,-1,-1,-1,-1,-1,-1,-1,-1,-1,-1,-1,-1,-1,-1,-1,-1,-1,-1,-1,-1,-1,-1,-1,-1,-1,-1,-1,-1,-1,0,0,0,0,0,0,-1,-1,-1,-1,-1,-1,-1,-1,-1,-1,-1,-1,0,0,0,0,0,0,-1,-1,-1,-1,-1,-1,-1,-1,-1,-1,-1,-1,-1,-1,False,False,0,0,False,209,0,0,0,0,0,0,0,0,0,0,0,0,0,0,0,1,
0,1018,2026-02-23 14:15:40Z,LLM_Empathetic,6.919865,7.220427,6.619303,0.6319118,0,1.613296,0,0,0,0,0,0,5.485238,4.346793,6.623694,0.592854,0.702737,0.482971,7.3922,6.225974,8.558426,0.5992603,0,2.121661,7.1832,6.096846,8.269555,9.828851,10,9.478397,6.919865,7.220427,6.619303,0.6319118,0,1.613296,0,0,0,0,0,0,5.485238,4.346793,6.623694,0.592854,0.702737,0.482971,7.3922,6.225974,8.558426,0.5992603,0,2.121661,7.1832,6.096846,8.269555,9.828851,10,9.478397,-1,-1,-1,-1,-1,-1,-1,-1,-1,-1,-1,-1,-1,-1,-1,-1,-1,-1,-1,-1,-1,-1,-1,-1,-1,-1,-1,-1,-1,-1,-1,-1,-1,-1,-1,-1,-1,-1,-1,-1,-1,-1,-1,-1,-1,-1,-1,-1,-1,-1,0,0,0,0,0,0,-1,-1,-1,-1,-1,-1,-1,-1,-1,-1,-1,-1,0,0,0,0,0,0,-1,-1,-1,-1,-1,-1,-1,-1,-1,-1,-1,-1,-1,-1,False,False,0,0,False,207,0,0,0,0,0,0,0,0,0,0,0,0,0,0,0,1,
0,1019,2026-02-23 14:15:40Z,LLM_Empathetic,6.919878,7.220429,6.619328,0.6318892,0,1.613284,0,0,0,0,0,0,5.485255,4.346799,6.623722,0.592854,0.702737,0.482971,7.392208,6.22597,8.558445,0.5992458,0,2.121646,7.183223,6.096859,8.269589,9.828897,10,9.478456,6.919878,7.220429,6.619328,0.6318892,0,1.613284,0,0,0,0,0,0,5.485255,4.346799,6.623722,0.592854,0.702737,0.482971,7.392208,6.22597,8.558445,0.5992458,0,2.121646,7.183223,6.096859,8.269589,9.828897,10,9.478456,-1,-1,-1,-1,-1,-1,-1,-1,-1,-1,-1,-1,-1,-1,-1,-1,-1,-1,-1,-1,-1,-1,-1,-1,-1,-1,-1,-1,-1,-1,-1,-1,-1,-1,-1,-1,-1,-1,-1,-1,-1,-1,-1,-1,-1,-1,-1,-1,-1,-1,0,0,0,0,0,0,-1,-1,-1,-1,-1,-1,-1,-1,-1,-1,-1,-1,0,0,0,0,0,0,-1,-1,-1,-1,-1,-1,-1,-1,-1,-1,-1,-1,-1,-1,False,False,0,0,False,209,0,0,0,0,0,0,0,0,0,0,0,0,0,0,0,1,
0,1020,2026-02-23 14:15:40Z,LLM_Empathetic,6.919892,7.220432,6.619351,0.6318668,0,1.613271,0,0,0,0,0,0,5.485272,4.346804,6.623751,0.592854,0.702737,0.482971,7.392215,6.225966,8.558465,0.5992314,0,2.121632,7.183247,6.096871,8.269624,9.828945,10,9.478516,6.919892,7.220432,6.619351,0.6318668,0,1.613271,0,0,0,0,0,0,5.485272,4.346804,6.623751,0.592854,0.702737,0.482971,7.392215,6.225966,8.558465,0.5992314,0,2.121632,7.183247,6.096871,8.269624,9.828945,10,9.478516,-1,-1,-1,-1,-1,-1,-1,-1,-1,-1,-1,-1,-1,-1,-1,-1,-1,-1,-1,-1,-1,-1,-1,-1,-1,-1,-1,-1,-1,-1,-1,-1,-1,-1,-1,-1,-1,-1,-1,-1,-1,-1,-1,-1,-1,-1,-1,-1,-1,-1,0,0,0,0,0,0,-1,-1,-1,-1,-1,-1,-1,-1,-1,-1,-1,-1,0,0,0,0,0,0,-1,-1,-1,-1,-1,-1,-1,-1,-1,-1,-1,-1,-1,-1,False,False,0,0,False,207,0,0,0,0,0,0,0,0,0,0,0,0,0,0,0,1,
0,1021,2026-02-23 14:15:40Z,LLM_Empathetic,6.919905,7.220434,6.619376,0.6318443,0,1.613259,0,0,0,0,0,0,5.485289,4.34681,6.623779,0.592854,0.702737,0.482971,7.392223,6.225962,8.558484,0.5992171,0,2.121617,7.18327,6.096884,8.269658,9.828992,10,9.478575,6.919905,7.220434,6.619376,0.6318443,0,1.613259,0,0,0,0,0,0,5.485289,4.34681,6.623779,0.592854,0.702737,0.482971,7.392223,6.225962,8.558484,0.5992171,0,2.121617,7.18327,6.096884,8.269658,9.828992,10,9.478575,-1,-1,-1,-1,-1,-1,-1,-1,-1,-1,-1,-1,-1,-1,-1,-1,-1,-1,-1,-1,-1,-1,-1,-1,-1,-1,-1,-1,-1,-1,-1,-1,-1,-1,-1,-1,-1,-1,-1,-1,-1,-1,-1,-1,-1,-1,-1,-1,-1,-1,0,0,0,0,0,0,-1,-1,-1,-1,-1,-1,-1,-1,-1,-1,-1,-1,0,0,0,0,0,0,-1,-1,-1,-1,-1,-1,-1,-1,-1,-1,-1,-1,-1,-1,False,False,0,0,False,209,0,0,0,0,0,0,0,0,0,0,0,0,0,0,0,1,
0,1022,2026-02-23 14:15:40Z,LLM_Empathetic,6.919918,7.220437,6.6194,0.6318219,0,1.613247,0,0,0,0,0,0,5.485306,4.346816,6.623807,0.592854,0.702737,0.482971,7.392231,6.225958,8.558504,0.5992027,0,2.121603,7.183294,6.096897,8.269692,9.82904,10,9.478634,6.919918,7.220437,6.6194,0.6318219,0,1.613247,0,0,0,0,0,0,5.485306,4.346816,6.623807,0.592854,0.702737,0.482971,7.392231,6.225958,8.558504,0.5992027,0,2.121603,7.183294,6.096897,8.269692,9.82904,10,9.478634,-1,-1,-1,-1,-1,-1,-1,-1,-1,-1,-1,-1,-1,-1,-1,-1,-1,-1,-1,-1,-1,-1,-1,-1,-1,-1,-1,-1,-1,-1,-1,-1,-1,-1,-1,-1,-1,-1,-1,-1,-1,-1,-1,-1,-1,-1,-1,-1,-1,-1,0,0,0,0,0,0,-1,-1,-1,-1,-1,-1,-1,-1,-1,-1,-1,-1,0,0,0,0,0,0,-1,-1,-1,-1,-1,-1,-1,-1,-1,-1,-1,-1,-1,-1,False,False,0,0,False,207,0,0,0,0,0,0,0,0,0,0,0,0,0,0,0,1,
0,1023,2026-02-23 14:15:40Z,LLM_Empathetic,6.919931,7.220439,6.619423,0.6317995,0,1.613234,0,0,0,0,0,0,5.485323,4.346821,6.623836,0.592854,0.702737,0.482971,7.392239,6.225954,8.558523,0.5991883,0,2.121589,7.183318,6.09691,8.269727,9.829086,10,9.478693,6.919931,7.220439,6.619423,0.6317995,0,1.613234,0,0,0,0,0,0,5.485323,4.346821,6.623836,0.592854,0.702737,0.482971,7.392239,6.225954,8.558523,0.5991883,0,2.121589,7.183318,6.09691,8.269727,9.829086,10,9.478693,-1,-1,-1,-1,-1,-1,-1,-1,-1,-1,-1,-1,-1,-1,-1,-1,-1,-1,-1,-1,-1,-1,-1,-1,-1,-1,-1,-1,-1,-1,-1,-1,-1,-1,-1,-1,-1,-1,-1,-1,-1,-1,-1,-1,-1,-1,-1,-1,-1,-1,0,0,0,0,0,0,-1,-1,-1,-1,-1,-1,-1,-1,-1,-1,-1,-1,0,0,0,0,0,0,-1,-1,-1,-1,-1,-1,-1,-1,-1,-1,-1,-1,-1,-1,False,False,0,0,False,209,0,0,0,0,0,0,0,0,0,0,0,0,0,0,0,1,
0,1024,2026-02-23 14:15:40Z,LLM_Empathetic,6.919944,7.220441,6.619447,0.6317772,0,1.613222,0,0,0,0,0,0,5.48534,4.346827,6.623864,0.592854,0.702737,0.482971,7.392246,6.22595,8.558542,0.599174,0,2.121574,7.183341,6.096922,8.269761,9.829133,10,9.478751,6.919944,7.220441,6.619447,0.6317772,0,1.613222,0,0,0,0,0,0,5.48534,4.346827,6.623864,0.592854,0.702737,0.482971,7.392246,6.22595,8.558542,0.599174,0,2.121574,7.183341,6.096922,8.269761,9.829133,10,9.478751,-1,-1,-1,-1,-1,-1,-1,-1,-1,-1,-1,-1,-1,-1,-1,-1,-1,-1,-1,-1,-1,-1,-1,-1,-1,-1,-1,-1,-1,-1,-1,-1,-1,-1,-1,-1,-1,-1,-1,-1,-1,-1,-1,-1,-1,-1,-1,-1,-1,-1,0,0,0,0,0,0,-1,-1,-1,-1,-1,-1,-1,-1,-1,-1,-1,-1,0,0,0,0,0,0,-1,-1,-1,-1,-1,-1,-1,-1,-1,-1,-1,-1,-1,-1,False,False,0,0,False,207,0,0,0,0,0,0,0,0,0,0,0,0,0,0,0,1,
0,1025,2026-02-23 14:15:40Z,LLM_Empathetic,6.919958,7.220444,6.619471,0.6317548,0,1.61321,0,0,0,0,0,0,5.485357,4.346832,6.623892,0.592854,0.702737,0.482971,7.392254,6.225946,8.558562,0.5991598,0,2.12156,7.183365,6.096935,8.269795,9.82918,10,9.47881,6.919958,7.220444,6.619471,0.6317548,0,1.61321,0,0,0,0,0,0,5.485357,4.346832,6.623892,0.592854,0.702737,0.482971,7.392254,6.225946,8.558562,0.5991598,0,2.12156,7.183365,6.096935,8.269795,9.82918,10,9.47881,-1,-1,-1,-1,-1,-1,-1,-1,-1,-1,-1,-1,-1,-1,-1,-1,-1,-1,-1,-1,-1,-1,-1,-1,-1,-1,-1,-1,-1,-1,-1,-1,-1,-1,-1,-1,-1,-1,-1,-1,-1,-1,-1,-1,-1,-1,-1,-1,-1,-1,0,0,0,0,0,0,-1,-1,-1,-1,-1,-1,-1,-1,-1,-1,-1,-1,0,0,0,0,0,0,-1,-1,-1,-1,-1,-1,-1,-1,-1,-1,-1,-1,-1,-1,False,False,0,0,False,209,0,0,0,0,0,0,0,0,0,0,0,0,0,0,0,1,
0,1026,2026-02-23 14:15:40Z,LLM_Empathetic,6.919971,7.220446,6.619495,0.6317326,0,1.613197,0,0,0,0,0,0,5.485374,4.346838,6.62392,0.592854,0.702737,0.482971,7.392262,6.225942,8.558581,0.5991455,0,2.121546,7.183388,6.096948,8.269829,9.829226,10,9.478869,6.919971,7.220446,6.619495,0.6317326,0,1.613197,0,0,0,0,0,0,5.485374,4.346838,6.62392,0.592854,0.702737,0.482971,7.392262,6.225942,8.558581,0.5991455,0,2.121546,7.183388,6.096948,8.269829,9.829226,10,9.478869,-1,-1,-1,-1,-1,-1,-1,-1,-1,-1,-1,-1,-1,-1,-1,-1,-1,-1,-1,-1,-1,-1,-1,-1,-1,-1,-1,-1,-1,-1,-1,-1,-1,-1,-1,-1,-1,-1,-1,-1,-1,-1,-1,-1,-1,-1,-1,-1,-1,-1,0,0,0,0,0,0,-1,-1,-1,-1,-1,-1,-1,-1,-1,-1,-1,-1,0,0,0,0,0,0,-1,-1,-1,-1,-1,-1,-1,-1,-1,-1,-1,-1,-1,-1,False,False,0,0,False,209,0,0,0,0,0,0,0,0,0,0,0,0,0,0,0,1,
0,1027,2026-02-23 14:15:40Z,LLM_Empathetic,6.919984,7.220448,6.619519,0.6317104,0,1.613185,0,0,0,0,0,0,5.485391,4.346843,6.623948,0.592854,0.702737,0.482971,7.392269,6.225938,8.5586,0.5991312,0,2.121532,7.183412,6.096961,8.269863,9.829273,10,9.478928,6.919984,7.220448,6.619519,0.6317104,0,1.613185,0,0,0,0,0,0,5.485391,4.346843,6.623948,0.592854,0.702737,0.482971,7.392269,6.225938,8.5586,0.5991312,0,2.121532,7.183412,6.096961,8.269863,9.829273,10,9.478928,-1,-1,-1,-1,-1,-1,-1,-1,-1,-1,-1,-1,-1,-1,-1,-1,-1,-1,-1,-1,-1,-1,-1,-1,-1,-1,-1,-1,-1,-1,-1,-1,-1,-1,-1,-1,-1,-1,-1,-1,-1,-1,-1,-1,-1,-1,-1,-1,-1,-1,0,0,0,0,0,0,-1,-1,-1,-1,-1,-1,-1,-1,-1,-1,-1,-1,0,0,0,0,0,0,-1,-1,-1,-1,-1,-1,-1,-1,-1,-1,-1,-1,-1,-1,False,False,0,0,False,207,0,0,0,0,0,0,0,0,0,0,0,0,0,0,0,1,
0,1028,2026-02-23 14:15:40Z,LLM_Empathetic,6.919997,7.220451,6.619543,0.6316881,0,1.613173,0,0,0,0,0,0,5.485407,4.346849,6.623976,0.592854,0.702737,0.482971,7.392277,6.225935,8.558619,0.599117,0,2.121517,7.183435,6.096973,8.269897,9.82932,10,9.478986,6.919997,7.220451,6.619543,0.6316881,0,1.613173,0,0,0,0,0,0,5.485407,4.346849,6.623976,0.592854,0.702737,0.482971,7.392277,6.225935,8.558619,0.599117,0,2.121517,7.183435,6.096973,8.269897,9.82932,10,9.478986,-1,-1,-1,-1,-1,-1,-1,-1,-1,-1,-1,-1,-1,-1,-1,-1,-1,-1,-1,-1,-1,-1,-1,-1,-1,-1,-1,-1,-1,-1,-1,-1,-1,-1,-1,-1,-1,-1,-1,-1,-1,-1,-1,-1,-1,-1,-1,-1,-1,-1,0,0,0,0,0,0,-1,-1,-1,-1,-1,-1,-1,-1,-1,-1,-1,-1,0,0,0,0,0,0,-1,-1,-1,-1,-1,-1,-1,-1,-1,-1,-1,-1,-1,-1,False,False,0,0,False,207,0,0,0,0,0,0,0,0,0,0,0,0,0,0,0,1,
0,1029,2026-02-23 14:15:40Z,LLM_Empathetic,6.92001,7.220453,6.619566,0.6316659,0,1.613161,0,0,0,0,0,0,5.485424,4.346855,6.624004,0.592854,0.702737,0.482971,7.392284,6.22593,8.558639,0.5991029,0,2.121503,7.183458,6.096986,8.269931,9.829367,10,9.479044,6.92001,7.220453,6.619566,0.6316659,0,1.613161,0,0,0,0,0,0,5.485424,4.346855,6.624004,0.592854,0.702737,0.482971,7.392284,6.22593,8.558639,0.5991029,0,2.121503,7.183458,6.096986,8.269931,9.829367,10,9.479044,-1,-1,-1,-1,-1,-1,-1,-1,-1,-1,-1,-1,-1,-1,-1,-1,-1,-1,-1,-1,-1,-1,-1,-1,-1,-1,-1,-1,-1,-1,-1,-1,-1,-1,-1,-1,-1,-1,-1,-1,-1,-1,-1,-1,-1,-1,-1,-1,-1,-1,0,0,0,0,0,0,-1,-1,-1,-1,-1,-1,-1,-1,-1,-1,-1,-1,0,0,0,0,0,0,-1,-1,-1,-1,-1,-1,-1,-1,-1,-1,-1,-1,-1,-1,False,False,0,0,False,209,0,0,0,0,0,0,0,0,0,0,0,0,0,0,0,1,
0,1030,2026-02-23 14:15:40Z,LLM_Empathetic,6.920023,7.220456,6.61959,0.6316438,0,1.613148,0,0,0,0,0,0,5.485441,4.34686,6.624032,0.592854,0.702737,0.482971,7.392292,6.225926,8.558659,0.5990887,0,2.121489,7.183481,6.096998,8.269965,9.829412,10,9.479103,6.920023,7.220456,6.61959,0.6316438,0,1.613148,0,0,0,0,0,0,5.485441,4.34686,6.624032,0.592854,0.702737,0.482971,7.392292,6.225926,8.558659,0.5990887,0,2.121489,7.183481,6.096998,8.269965,9.829412,10,9.479103,-1,-1,-1,-1,-1,-1,-1,-1,-1,-1,-1,-1,-1,-1,-1,-1,-1,-1,-1,-1,-1,-1,-1,-1,-1,-1,-1,-1,-1,-1,-1,-1,-1,-1,-1,-1,-1,-1,-1,-1,-1,-1,-1,-1,-1,-1,-1,-1,-1,-1,0,0,0,0,0,0,-1,-1,-1,-1,-1,-1,-1,-1,-1,-1,-1,-1,0,0,0,0,0,0,-1,-1,-1,-1,-1,-1,-1,-1,-1,-1,-1,-1,-1,-1,False,False,0,0,False,209,0,0,0,0,0,0,0,0,0,0,0,0,0,0,0,1,
0,1031,2026-02-23 14:15:40Z,LLM_Empathetic,6.920036,7.220458,6.619614,0.6316217,0,1.613136,0,0,0,0,0,0,5.485458,4.346866,6.62406,0.592854,0.702737,0.482971,7.3923,6.225923,8.558678,0.5990745,0,2.121475,7.183505,6.097011,8.27,9.829459,10,9.479161,6.920036,7.220458,6.619614,0.6316217,0,1.613136,0,0,0,0,0,0,5.485458,4.346866,6.62406,0.592854,0.702737,0.482971,7.3923,6.225923,8.558678,0.5990745,0,2.121475,7.183505,6.097011,8.27,9.829459,10,9.479161,-1,-1,-1,-1,-1,-1,-1,-1,-1,-1,-1,-1,-1,-1,-1,-1,-1,-1,-1,-1,-1,-1,-1,-1,-1,-1,-1,-1,-1,-1,-1,-1,-1,-1,-1,-1,-1,-1,-1,-1,-1,-1,-1,-1,-1,-1,-1,-1,-1,-1,0,0,0,0,0,0,-1,-1,-1,-1,-1,-1,-1,-1,-1,-1,-1,-1,0,0,0,0,0,0,-1,-1,-1,-1,-1,-1,-1,-1,-1,-1,-1,-1,-1,-1,False,False,0,0,False,207,0,0,0,0,0,0,0,0,0,0,0,0,0,0,0,1,
0,1032,2026-02-23 14:15:40Z,LLM_Empathetic,6.920049,7.22046,6.619637,0.6315997,0,1.613124,0,0,0,0,0,0,5.485475,4.346871,6.624088,0.592854,0.702737,0.482971,7.392307,6.225919,8.558697,0.5990604,0,2.121461,7.183527,6.097023,8.270033,9.829506,10,9.479219,6.920049,7.22046,6.619637,0.6315997,0,1.613124,0,0,0,0,0,0,5.485475,4.346871,6.624088,0.592854,0.702737,0.482971,7.392307,6.225919,8.558697,0.5990604,0,2.121461,7.183527,6.097023,8.270033,9.829506,10,9.479219,-1,-1,-1,-1,-1,-1,-1,-1,-1,-1,-1,-1,-1,-1,-1,-1,-1,-1,-1,-1,-1,-1,-1,-1,-1,-1,-1,-1,-1,-1,-1,-1,-1,-1,-1,-1,-1,-1,-1,-1,-1,-1,-1,-1,-1,-1,-1,-1,-1,-1,0,0,0,0,0,0,-1,-1,-1,-1,-1,-1,-1,-1,-1,-1,-1,-1,0,0,0,0,0,0,-1,-1,-1,-1,-1,-1,-1,-1,-1,-1,-1,-1,-1,-1,False,False,0,0,False,209,0,0,0,0,0,0,0,0,0,0,0,0,0,0,0,1,
0,1033,2026-02-23 14:15:40Z,LLM_Empathetic,6.920062,7.220462,6.619661,0.6315776,0,1.613112,0,0,0,0,0,0,5.485491,4.346877,6.624116,0.592854,0.702737,0.482971,7.392315,6.225914,8.558716,0.5990463,0,2.121447,7.183551,6.097036,8.270066,9.829552,10,9.479277,6.920062,7.220462,6.619661,0.6315776,0,1.613112,0,0,0,0,0,0,5.485491,4.346877,6.624116,0.592854,0.702737,0.482971,7.392315,6.225914,8.558716,0.5990463,0,2.121447,7.183551,6.097036,8.270066,9.829552,10,9.479277,-1,-1,-1,-1,-1,-1,-1,-1,-1,-1,-1,-1,-1,-1,-1,-1,-1,-1,-1,-1,-1,-1,-1,-1,-1,-1,-1,-1,-1,-1,-1,-1,-1,-1,-1,-1,-1,-1,-1,-1,-1,-1,-1,-1,-1,-1,-1,-1,-1,-1,0,0,0,0,0,0,-1,-1,-1,-1,-1,-1,-1,-1,-1,-1,-1,-1,0,0,0,0,0,0,-1,-1,-1,-1,-1,-1,-1,-1,-1,-1,-1,-1,-1,-1,False,False,0,0,False,207,0,0,0,0,0,0,0,0,0,0,0,0,0,0,0,1,
0,1034,2026-02-23 14:15:40Z,LLM_Empathetic,6.920075,7.220465,6.619685,0.6315556,0,1.6131,0,0,0,0,0,0,5.485507,4.346882,6.624144,0.592854,0.702737,0.482971,7.392323,6.225911,8.558735,0.5990322,0,2.121433,7.183574,6.097048,8.270101,9.829598,10,9.479335,6.920075,7.220465,6.619685,0.6315556,0,1.6131,0,0,0,0,0,0,5.485507,4.346882,6.624144,0.592854,0.702737,0.482971,7.392323,6.225911,8.558735,0.5990322,0,2.121433,7.183574,6.097048,8.270101,9.829598,10,9.479335,-1,-1,-1,-1,-1,-1,-1,-1,-1,-1,-1,-1,-1,-1,-1,-1,-1,-1,-1,-1,-1,-1,-1,-1,-1,-1,-1,-1,-1,-1,-1,-1,-1,-1,-1,-1,-1,-1,-1,-1,-1,-1,-1,-1,-1,-1,-1,-1,-1,-1,0,0,0,0,0,0,-1,-1,-1,-1,-1,-1,-1,-1,-1,-1,-1,-1,0,0,0,0,0,0,-1,-1,-1,-1,-1,-1,-1,-1,-1,-1,-1,-1,-1,-1,False,False,0,0,False,209,0,0,0,0,0,0,0,0,0,0,0,0,0,0,0,1,
0,1035,2026-02-23 14:15:40Z,LLM_Empathetic,6.920088,7.220467,6.619708,0.6315337,0,1.613088,0,0,0,0,0,0,5.485524,4.346888,6.624171,0.592854,0.702737,0.482971,7.39233,6.225907,8.558754,0.5990182,0,2.121418,7.183597,6.097061,8.270134,9.829644,10,9.479393,6.920088,7.220467,6.619708,0.6315337,0,1.613088,0,0,0,0,0,0,5.485524,4.346888,6.624171,0.592854,0.702737,0.482971,7.39233,6.225907,8.558754,0.5990182,0,2.121418,7.183597,6.097061,8.270134,9.829644,10,9.479393,-1,-1,-1,-1,-1,-1,-1,-1,-1,-1,-1,-1,-1,-1,-1,-1,-1,-1,-1,-1,-1,-1,-1,-1,-1,-1,-1,-1,-1,-1,-1,-1,-1,-1,-1,-1,-1,-1,-1,-1,-1,-1,-1,-1,-1,-1,-1,-1,-1,-1,0,0,0,0,0,0,-1,-1,-1,-1,-1,-1,-1,-1,-1,-1,-1,-1,0,0,0,0,0,0,-1,-1,-1,-1,-1,-1,-1,-1,-1,-1,-1,-1,-1,-1,False,False,0,0,False,209,0,0,0,0,0,0,0,0,0,0,0,0,0,0,0,1,
0,1036,2026-02-23 14:15:40Z,LLM_Empathetic,6.920101,7.220469,6.619731,0.6315117,0,1.613075,0,0,0,0,0,0,5.485541,4.346893,6.624199,0.592854,0.702737,0.482971,7.392338,6.225903,8.558773,0.5990041,0,2.121404,7.18362,6.097074,8.270167,9.82969,10,9.47945,6.920101,7.220469,6.619731,0.6315117,0,1.613075,0,0,0,0,0,0,5.485541,4.346893,6.624199,0.592854,0.702737,0.482971,7.392338,6.225903,8.558773,0.5990041,0,2.121404,7.18362,6.097074,8.270167,9.82969,10,9.47945,-1,-1,-1,-1,-1,-1,-1,-1,-1,-1,-1,-1,-1,-1,-1,-1,-1,-1,-1,-1,-1,-1,-1,-1,-1,-1,-1,-1,-1,-1,-1,-1,-1,-1,-1,-1,-1,-1,-1,-1,-1,-1,-1,-1,-1,-1,-1,-1,-1,-1,0,0,0,0,0,0,-1,-1,-1,-1,-1,-1,-1,-1,-1,-1,-1,-1,0,0,0,0,0,0,-1,-1,-1,-1,-1,-1,-1,-1,-1,-1,-1,-1,-1,-1,False,False,0,0,False,209,0,0,0,0,0,0,0,0,0,0,0,0,0,0,0,1,
0,1037,2026-02-23 14:15:40Z,LLM_Empathetic,6.920114,7.220472,6.619755,0.6314899,0,1.613063,0,0,0,0,0,0,5.485558,4.346899,6.624227,0.592854,0.702737,0.482971,7.392345,6.225899,8.558792,0.5989901,0,2.12139,7.183643,6.097086,8.270201,9.829736,10,9.479508,6.920114,7.220472,6.619755,0.6314899,0,1.613063,0,0,0,0,0,0,5.485558,4.346899,6.624227,0.592854,0.702737,0.482971,7.392345,6.225899,8.558792,0.5989901,0,2.12139,7.183643,6.097086,8.270201,9.829736,10,9.479508,-1,-1,-1,-1,-1,-1,-1,-1,-1,-1,-1,-1,-1,-1,-1,-1,-1,-1,-1,-1,-1,-1,-1,-1,-1,-1,-1,-1,-1,-1,-1,-1,-1,-1,-1,-1,-1,-1,-1,-1,-1,-1,-1,-1,-1,-1,-1,-1,-1,-1,0,0,0,0,0,0,-1,-1,-1,-1,-1,-1,-1,-1,-1,-1,-1,-1,0,0,0,0,0,0,-1,-1,-1,-1,-1,-1,-1,-1,-1,-1,-1,-1,-1,-1,False,False,0,0,False,207,0,0,0,0,0,0,0,0,0,0,0,0,0,0,0,1,
0,1038,2026-02-23 14:15:40Z,LLM_Empathetic,6.920126,7.220474,6.619778,0.631468,0,1.613051,0,0,0,0,0,0,5.485574,4.346904,6.624254,0.592854,0.702737,0.482971,7.392353,6.225895,8.558811,0.5989761,0,2.121377,7.183666,6.097098,8.270235,9.829782,10,9.479566,6.920126,7.220474,6.619778,0.631468,0,1.613051,0,0,0,0,0,0,5.485574,4.346904,6.624254,0.592854,0.702737,0.482971,7.392353,6.225895,8.558811,0.5989761,0,2.121377,7.183666,6.097098,8.270235,9.829782,10,9.479566,-1,-1,-1,-1,-1,-1,-1,-1,-1,-1,-1,-1,-1,-1,-1,-1,-1,-1,-1,-1,-1,-1,-1,-1,-1,-1,-1,-1,-1,-1,-1,-1,-1,-1,-1,-1,-1,-1,-1,-1,-1,-1,-1,-1,-1,-1,-1,-1,-1,-1,0,0,0,0,0,0,-1,-1,-1,-1,-1,-1,-1,-1,-1,-1,-1,-1,0,0,0,0,0,0,-1,-1,-1,-1,-1,-1,-1,-1,-1,-1,-1,-1,-1,-1,False,False,0,0,False,209,0,0,0,0,0,0,0,0,0,0,0,0,0,0,0,1,
0,1039,2026-02-23 14:15:40Z,LLM_Empathetic,6.920139,7.220477,6.619802,0.6314462,0,1.613039,0,0,0,0,0,0,5.48559,4.34691,6.624282,0.592854,0.702737,0.482971,7.39236,6.225891,8.558829,0.5989621,0,2.121362,7.183689,6.097111,8.270268,9.829827,10,9.479623,6.920139,7.220477,6.619802,0.6314462,0,1.613039,0,0,0,0,0,0,5.48559,4.34691,6.624282,0.592854,0.702737,0.482971,7.39236,6.225891,8.558829,0.5989621,0,2.121362,7.183689,6.097111,8.270268,9.829827,10,9.479623,-1,-1,-1,-1,-1,-1,-1,-1,-1,-1,-1,-1,-1,-1,-1,-1,-1,-1,-1,-1,-1,-1,-1,-1,-1,-1,-1,-1,-1,-1,-1,-1,-1,-1,-1,-1,-1,-1,-1,-1,-1,-1,-1,-1,-1,-1,-1,-1,-1,-1,0,0,0,0,0,0,-1,-1,-1,-1,-1,-1,-1,-1,-1,-1,-1,-1,0,0,0,0,0,0,-1,-1,-1,-1,-1,-1,-1,-1,-1,-1,-1,-1,-1,-1,False,False,0,0,False,209,0,0,0,0,0,0,0,0,0,0,0,0,0,0,0,1,
0,1040,2026-02-23 14:15:40Z,LLM_Empathetic,6.920152,7.220479,6.619825,0.6314244,0,1.613027,0,0,0,0,0,0,5.485607,4.346915,6.62431,0.592854,0.702737,0.482971,7.392368,6.225887,8.558848,0.5989482,0,2.121349,7.183712,6.097123,8.270302,9.829873,10,9.479681,6.920152,7.220479,6.619825,0.6314244,0,1.613027,0,0,0,0,0,0,5.485607,4.346915,6.62431,0.592854,0.702737,0.482971,7.392368,6.225887,8.558848,0.5989482,0,2.121349,7.183712,6.097123,8.270302,9.829873,10,9.479681,-1,-1,-1,-1,-1,-1,-1,-1,-1,-1,-1,-1,-1,-1,-1,-1,-1,-1,-1,-1,-1,-1,-1,-1,-1,-1,-1,-1,-1,-1,-1,-1,-1,-1,-1,-1,-1,-1,-1,-1,-1,-1,-1,-1,-1,-1,-1,-1,-1,-1,0,0,0,0,0,0,-1,-1,-1,-1,-1,-1,-1,-1,-1,-1,-1,-1,0,0,0,0,0,0,-1,-1,-1,-1,-1,-1,-1,-1,-1,-1,-1,-1,-1,-1,False,False,0,0,False,209,0,0,0,0,0,0,0,0,0,0,0,0,0,0,0,1,
0,1041,2026-02-23 14:15:40Z,LLM_Empathetic,6.920165,7.220481,6.619848,0.6314027,0,1.613015,0,0,0,0,0,0,5.485623,4.34692,6.624337,0.592854,0.702737,0.482971,7.392375,6.225883,8.558867,0.5989342,0,2.121335,7.183735,6.097136,8.270335,9.829919,10,9.479738,6.920165,7.220481,6.619848,0.6314027,0,1.613015,0,0,0,0,0,0,5.485623,4.34692,6.624337,0.592854,0.702737,0.482971,7.392375,6.225883,8.558867,0.5989342,0,2.121335,7.183735,6.097136,8.270335,9.829919,10,9.479738,-1,-1,-1,-1,-1,-1,-1,-1,-1,-1,-1,-1,-1,-1,-1,-1,-1,-1,-1,-1,-1,-1,-1,-1,-1,-1,-1,-1,-1,-1,-1,-1,-1,-1,-1,-1,-1,-1,-1,-1,-1,-1,-1,-1,-1,-1,-1,-1,-1,-1,0,0,0,0,0,0,-1,-1,-1,-1,-1,-1,-1,-1,-1,-1,-1,-1,0,0,0,0,0,0,-1,-1,-1,-1,-1,-1,-1,-1,-1,-1,-1,-1,-1,-1,False,False,0,0,False,209,0,0,0,0,0,0,0,0,0,0,0,0,0,0,0,1,
0,1042,2026-02-23 14:15:40Z,LLM_Empathetic,6.920177,7.220483,6.619872,0.6313809,0,1.613003,0,0,0,0,0,0,5.48564,4.346926,6.624364,0.592854,0.702737,0.482971,7.392383,6.22588,8.558887,0.5989203,0,2.121321,7.183757,6.097148,8.270368,9.829965,10,9.479795,6.920177,7.220483,6.619872,0.6313809,0,1.613003,0,0,0,0,0,0,5.48564,4.346926,6.624364,0.592854,0.702737,0.482971,7.392383,6.22588,8.558887,0.5989203,0,2.121321,7.183757,6.097148,8.270368,9.829965,10,9.479795,-1,-1,-1,-1,-1,-1,-1,-1,-1,-1,-1,-1,-1,-1,-1,-1,-1,-1,-1,-1,-1,-1,-1,-1,-1,-1,-1,-1,-1,-1,-1,-1,-1,-1,-1,-1,-1,-1,-1,-1,-1,-1,-1,-1,-1,-1,-1,-1,-1,-1,0,0,0,0,0,0,-1,-1,-1,-1,-1,-1,-1,-1,-1,-1,-1,-1,0,0,0,0,0,0,-1,-1,-1,-1,-1,-1,-1,-1,-1,-1,-1,-1,-1,-1,False,False,0,0,False,209,0,0,0,0,0,0,0,0,0,0,0,0,0,0,0,1,
0,1043,2026-02-23 14:15:40Z,LLM_Empathetic,6.92019,7.220486,6.619895,0.6313593,0,1.612991,0,0,0,0,0,0,5.485656,4.346931,6.624392,0.592854,0.702737,0.482971,7.39239,6.225876,8.558906,0.5989065,0,2.121307,7.18378,6.09716,8.270401,9.83001,10,9.479853,6.92019,7.220486,6.619895,0.6313593,0,1.612991,0,0,0,0,0,0,5.485656,4.346931,6.624392,0.592854,0.702737,0.482971,7.39239,6.225876,8.558906,0.5989065,0,2.121307,7.18378,6.09716,8.270401,9.83001,10,9.479853,-1,-1,-1,-1,-1,-1,-1,-1,-1,-1,-1,-1,-1,-1,-1,-1,-1,-1,-1,-1,-1,-1,-1,-1,-1,-1,-1,-1,-1,-1,-1,-1,-1,-1,-1,-1,-1,-1,-1,-1,-1,-1,-1,-1,-1,-1,-1,-1,-1,-1,0,0,0,0,0,0,-1,-1,-1,-1,-1,-1,-1,-1,-1,-1,-1,-1,0,0,0,0,0,0,-1,-1,-1,-1,-1,-1,-1,-1,-1,-1,-1,-1,-1,-1,False,False,0,0,False,207,0,0,0,0,0,0,0,0,0,0,0,0,0,0,0,1,
0,1044,2026-02-23 14:15:40Z,LLM_Empathetic,6.920203,7.220488,6.619918,0.6313376,0,1.61298,0,0,0,0,0,0,5.485672,4.346937,6.624419,0.592854,0.702737,0.482971,7.392398,6.225872,8.558924,0.5988926,0,2.121293,7.183803,6.097172,8.270434,9.830055,10,9.479909,6.920203,7.220488,6.619918,0.6313376,0,1.61298,0,0,0,0,0,0,5.485672,4.346937,6.624419,0.592854,0.702737,0.482971,7.392398,6.225872,8.558924,0.5988926,0,2.121293,7.183803,6.097172,8.270434,9.830055,10,9.479909,-1,-1,-1,-1,-1,-1,-1,-1,-1,-1,-1,-1,-1,-1,-1,-1,-1,-1,-1,-1,-1,-1,-1,-1,-1,-1,-1,-1,-1,-1,-1,-1,-1,-1,-1,-1,-1,-1,-1,-1,-1,-1,-1,-1,-1,-1,-1,-1,-1,-1,0,0,0,0,0,0,-1,-1,-1,-1,-1,-1,-1,-1,-1,-1,-1,-1,0,0,0,0,0,0,-1,-1,-1,-1,-1,-1,-1,-1,-1,-1,-1,-1,-1,-1,False,False,0,0,False,207,0,0,0,0,0,0,0,0,0,0,0,0,0,0,0,1,
0,1045,2026-02-23 14:15:40Z,LLM_Empathetic,6.920216,7.22049,6.619941,0.631316,0,1.612968,0,0,0,0,0,0,5.485689,4.346942,6.624446,0.592854,0.702737,0.482971,7.392405,6.225868,8.558943,0.5988787,0,2.121279,7.183825,6.097185,8.270468,9.830101,10,9.479966,6.920216,7.22049,6.619941,0.631316,0,1.612968,0,0,0,0,0,0,5.485689,4.346942,6.624446,0.592854,0.702737,0.482971,7.392405,6.225868,8.558943,0.5988787,0,2.121279,7.183825,6.097185,8.270468,9.830101,10,9.479966,-1,-1,-1,-1,-1,-1,-1,-1,-1,-1,-1,-1,-1,-1,-1,-1,-1,-1,-1,-1,-1,-1,-1,-1,-1,-1,-1,-1,-1,-1,-1,-1,-1,-1,-1,-1,-1,-1,-1,-1,-1,-1,-1,-1,-1,-1,-1,-1,-1,-1,0,0,0,0,0,0,-1,-1,-1,-1,-1,-1,-1,-1,-1,-1,-1,-1,0,0,0,0,0,0,-1,-1,-1,-1,-1,-1,-1,-1,-1,-1,-1,-1,-1,-1,False,False,0,0,False,209,0,0,0,0,0,0,0,0,0,0,0,0,0,0,0,1,
0,1046,2026-02-23 14:15:40Z,LLM_Empathetic,6.920228,7.220493,6.619964,0.6312944,0,1.612956,0,0,0,0,0,0,5.485705,4.346948,6.624474,0.592854,0.702737,0.482971,7.392413,6.225864,8.558962,0.5988649,0,2.121265,7.183848,6.097197,8.270501,9.830146,10,9.480023,6.920228,7.220493,6.619964,0.6312944,0,1.612956,0,0,0,0,0,0,5.485705,4.346948,6.624474,0.592854,0.702737,0.482971,7.392413,6.225864,8.558962,0.5988649,0,2.121265,7.183848,6.097197,8.270501,9.830146,10,9.480023,-1,-1,-1,-1,-1,-1,-1,-1,-1,-1,-1,-1,-1,-1,-1,-1,-1,-1,-1,-1,-1,-1,-1,-1,-1,-1,-1,-1,-1,-1,-1,-1,-1,-1,-1,-1,-1,-1,-1,-1,-1,-1,-1,-1,-1,-1,-1,-1,-1,-1,0,0,0,0,0,0,-1,-1,-1,-1,-1,-1,-1,-1,-1,-1,-1,-1,0,0,0,0,0,0,-1,-1,-1,-1,-1,-1,-1,-1,-1,-1,-1,-1,-1,-1,False,False,0,0,False,209,0,0,0,0,0,0,0,0,0,0,0,0,0,0,0,1,
0,1047,2026-02-23 14:15:41Z,LLM_Empathetic,6.920241,7.220495,6.619987,0.6312729,0,1.612944,0,0,0,0,0,0,5.485722,4.346953,6.624501,0.592854,0.702737,0.482971,7.39242,6.225861,8.55898,0.5988511,0,2.121252,7.183871,6.097209,8.270534,9.830192,10,9.48008,6.920241,7.220495,6.619987,0.6312729,0,1.612944,0,0,0,0,0,0,5.485722,4.346953,6.624501,0.592854,0.702737,0.482971,7.39242,6.225861,8.55898,0.5988511,0,2.121252,7.183871,6.097209,8.270534,9.830192,10,9.48008,-1,-1,-1,-1,-1,-1,-1,-1,-1,-1,-1,-1,-1,-1,-1,-1,-1,-1,-1,-1,-1,-1,-1,-1,-1,-1,-1,-1,-1,-1,-1,-1,-1,-1,-1,-1,-1,-1,-1,-1,-1,-1,-1,-1,-1,-1,-1,-1,-1,-1,0,0,0,0,0,0,-1,-1,-1,-1,-1,-1,-1,-1,-1,-1,-1,-1,0,0,0,0,0,0,-1,-1,-1,-1,-1,-1,-1,-1,-1,-1,-1,-1,-1,-1,False,False,0,0,False,209,0,0,0,0,0,0,0,0,0,0,0,0,0,0,0,1,
0,1048,2026-02-23 14:15:41Z,LLM_Empathetic,6.920254,7.220497,6.62001,0.6312513,0,1.612932,0,0,0,0,0,0,5.485738,4.346958,6.624528,0.592854,0.702737,0.482971,7.392427,6.225857,8.558999,0.5988373,0,2.121238,7.183894,6.097221,8.270567,9.830236,10,9.480137,6.920254,7.220497,6.62001,0.6312513,0,1.612932,0,0,0,0,0,0,5.485738,4.346958,6.624528,0.592854,0.702737,0.482971,7.392427,6.225857,8.558999,0.5988373,0,2.121238,7.183894,6.097221,8.270567,9.830236,10,9.480137,-1,-1,-1,-1,-1,-1,-1,-1,-1,-1,-1,-1,-1,-1,-1,-1,-1,-1,-1,-1,-1,-1,-1,-1,-1,-1,-1,-1,-1,-1,-1,-1,-1,-1,-1,-1,-1,-1,-1,-1,-1,-1,-1,-1,-1,-1,-1,-1,-1,-1,0,0,0,0,0,0,-1,-1,-1,-1,-1,-1,-1,-1,-1,-1,-1,-1,0,0,0,0,0,0,-1,-1,-1,-1,-1,-1,-1,-1,-1,-1,-1,-1,-1,-1,False,False,0,0,False,207,0,0,0,0,0,0,0,0,0,0,0,0,0,0,0,1,
0,1049,2026-02-23 14:15:41Z,LLM_Empathetic,6.920267,7.2205,6.620033,0.6312299,0,1.61292,0,0,0,0,0,0,5.485754,4.346964,6.624555,0.592854,0.702737,0.482971,7.392435,6.225853,8.559017,0.5988235,0,2.121224,7.183916,6.097234,8.270599,9.830281,10,9.480193,6.920267,7.2205,6.620033,0.6312299,0,1.61292,0,0,0,0,0,0,5.485754,4.346964,6.624555,0.592854,0.702737,0.482971,7.392435,6.225853,8.559017,0.5988235,0,2.121224,7.183916,6.097234,8.270599,9.830281,10,9.480193,-1,-1,-1,-1,-1,-1,-1,-1,-1,-1,-1,-1,-1,-1,-1,-1,-1,-1,-1,-1,-1,-1,-1,-1,-1,-1,-1,-1,-1,-1,-1,-1,-1,-1,-1,-1,-1,-1,-1,-1,-1,-1,-1,-1,-1,-1,-1,-1,-1,-1,0,0,0,0,0,0,-1,-1,-1,-1,-1,-1,-1,-1,-1,-1,-1,-1,0,0,0,0,0,0,-1,-1,-1,-1,-1,-1,-1,-1,-1,-1,-1,-1,-1,-1,False,False,0,0,False,209,0,0,0,0,0,0,0,0,0,0,0,0,0,0,0,1,
0,1050,2026-02-23 14:15:41Z,LLM_Empathetic,6.920279,7.220502,6.620056,0.6312084,0,1.612908,0,0,0,0,0,0,5.485771,4.346969,6.624582,0.592854,0.702737,0.482971,7.392442,6.225849,8.559036,0.5988098,0,2.12121,7.183939,6.097246,8.270633,9.830327,10,9.480249,6.920279,7.220502,6.620056,0.6312084,0,1.612908,0,0,0,0,0,0,5.485771,4.346969,6.624582,0.592854,0.702737,0.482971,7.392442,6.225849,8.559036,0.5988098,0,2.12121,7.183939,6.097246,8.270633,9.830327,10,9.480249,-1,-1,-1,-1,-1,-1,-1,-1,-1,-1,-1,-1,-1,-1,-1,-1,-1,-1,-1,-1,-1,-1,-1,-1,-1,-1,-1,-1,-1,-1,-1,-1,-1,-1,-1,-1,-1,-1,-1,-1,-1,-1,-1,-1,-1,-1,-1,-1,-1,-1,0,0,0,0,0,0,-1,-1,-1,-1,-1,-1,-1,-1,-1,-1,-1,-1,0,0,0,0,0,0,-1,-1,-1,-1,-1,-1,-1,-1,-1,-1,-1,-1,-1,-1,False,False,0,0,False,207,0,0,0,0,0,0,0,0,0,0,0,0,0,0,0,1,
0,1051,2026-02-23 14:15:41Z,LLM_Empathetic,6.920291,7.220504,6.620079,0.631187,0,1.612896,0,0,0,0,0,0,5.485787,4.346974,6.624609,0.592854,0.702737,0.482971,7.39245,6.225845,8.559054,0.5987961,0,2.121197,7.183961,6.097258,8.270665,9.830372,10,9.480306,6.920291,7.220504,6.620079,0.631187,0,1.612896,0,0,0,0,0,0,5.485787,4.346974,6.624609,0.592854,0.702737,0.482971,7.39245,6.225845,8.559054,0.5987961,0,2.121197,7.183961,6.097258,8.270665,9.830372,10,9.480306,-1,-1,-1,-1,-1,-1,-1,-1,-1,-1,-1,-1,-1,-1,-1,-1,-1,-1,-1,-1,-1,-1,-1,-1,-1,-1,-1,-1,-1,-1,-1,-1,-1,-1,-1,-1,-1,-1,-1,-1,-1,-1,-1,-1,-1,-1,-1,-1,-1,-1,0,0,0,0,0,0,-1,-1,-1,-1,-1,-1,-1,-1,-1,-1,-1,-1,0,0,0,0,0,0,-1,-1,-1,-1,-1,-1,-1,-1,-1,-1,-1,-1,-1,-1,False,False,0,0,False,209,0,0,0,0,0,0,0,0,0,0,0,0,0,0,0,1,
0,1052,2026-02-23 14:15:41Z,LLM_Empathetic,6.920304,7.220506,6.620102,0.6311656,0,1.612885,0,0,0,0,0,0,5.485803,4.34698,6.624636,0.592854,0.702737,0.482971,7.392457,6.225842,8.559073,0.5987824,0,2.121183,7.183984,6.09727,8.270698,9.830417,10,9.480362,6.920304,7.220506,6.620102,0.6311656,0,1.612885,0,0,0,0,0,0,5.485803,4.34698,6.624636,0.592854,0.702737,0.482971,7.392457,6.225842,8.559073,0.5987824,0,2.121183,7.183984,6.09727,8.270698,9.830417,10,9.480362,-1,-1,-1,-1,-1,-1,-1,-1,-1,-1,-1,-1,-1,-1,-1,-1,-1,-1,-1,-1,-1,-1,-1,-1,-1,-1,-1,-1,-1,-1,-1,-1,-1,-1,-1,-1,-1,-1,-1,-1,-1,-1,-1,-1,-1,-1,-1,-1,-1,-1,0,0,0,0,0,0,-1,-1,-1,-1,-1,-1,-1,-1,-1,-1,-1,-1,0,0,0,0,0,0,-1,-1,-1,-1,-1,-1,-1,-1,-1,-1,-1,-1,-1,-1,False,False,0,0,False,209,0,0,0,0,0,0,0,0,0,0,0,0,0,0,0,1,
0,1053,2026-02-23 14:15:41Z,LLM_Empathetic,6.920317,7.220509,6.620125,0.6311443,0,1.612873,0,0,0,0,0,0,5.485819,4.346985,6.624663,0.592854,0.702737,0.482971,7.392465,6.225838,8.559092,0.5987688,0,2.121169,7.184006,6.097282,8.270731,9.830462,10,9.480418,6.920317,7.220509,6.620125,0.6311443,0,1.612873,0,0,0,0,0,0,5.485819,4.346985,6.624663,0.592854,0.702737,0.482971,7.392465,6.225838,8.559092,0.5987688,0,2.121169,7.184006,6.097282,8.270731,9.830462,10,9.480418,-1,-1,-1,-1,-1,-1,-1,-1,-1,-1,-1,-1,-1,-1,-1,-1,-1,-1,-1,-1,-1,-1,-1,-1,-1,-1,-1,-1,-1,-1,-1,-1,-1,-1,-1,-1,-1,-1,-1,-1,-1,-1,-1,-1,-1,-1,-1,-1,-1,-1,0,0,0,0,0,0,-1,-1,-1,-1,-1,-1,-1,-1,-1,-1,-1,-1,0,0,0,0,0,0,-1,-1,-1,-1,-1,-1,-1,-1,-1,-1,-1,-1,-1,-1,False,False,0,0,False,207,0,0,0,0,0,0,0,0,0,0,0,0,0,0,0,1,
0,1054,2026-02-23 14:15:41Z,LLM_Empathetic,6.92033,7.220511,6.620148,0.6311229,0,1.612861,0,0,0,0,0,0,5.485835,4.346991,6.62469,0.592854,0.702737,0.482971,7.392472,6.225834,8.559111,0.5987551,0,2.121156,7.184029,6.097294,8.270763,9.830506,10,9.480474,6.92033,7.220511,6.620148,0.6311229,0,1.612861,0,0,0,0,0,0,5.485835,4.346991,6.62469,0.592854,0.702737,0.482971,7.392472,6.225834,8.559111,0.5987551,0,2.121156,7.184029,6.097294,8.270763,9.830506,10,9.480474,-1,-1,-1,-1,-1,-1,-1,-1,-1,-1,-1,-1,-1,-1,-1,-1,-1,-1,-1,-1,-1,-1,-1,-1,-1,-1,-1,-1,-1,-1,-1,-1,-1,-1,-1,-1,-1,-1,-1,-1,-1,-1,-1,-1,-1,-1,-1,-1,-1,-1,0,0,0,0,0,0,-1,-1,-1,-1,-1,-1,-1,-1,-1,-1,-1,-1,0,0,0,0,0,0,-1,-1,-1,-1,-1,-1,-1,-1,-1,-1,-1,-1,-1,-1,False,False,0,0,False,207,0,0,0,0,0,0,0,0,0,0,0,0,0,0,0,1,
0,1055,2026-02-23 14:15:41Z,LLM_Empathetic,6.920342,7.220513,6.620171,0.6311017,0,1.612849,0,0,0,0,0,0,5.485851,4.346996,6.624717,0.592854,0.702737,0.482971,7.392479,6.22583,8.559129,0.5987415,0,2.121142,7.184051,6.097307,8.270796,9.83055,10,9.480531,6.920342,7.220513,6.620171,0.6311017,0,1.612849,0,0,0,0,0,0,5.485851,4.346996,6.624717,0.592854,0.702737,0.482971,7.392479,6.22583,8.559129,0.5987415,0,2.121142,7.184051,6.097307,8.270796,9.83055,10,9.480531,-1,-1,-1,-1,-1,-1,-1,-1,-1,-1,-1,-1,-1,-1,-1,-1,-1,-1,-1,-1,-1,-1,-1,-1,-1,-1,-1,-1,-1,-1,-1,-1,-1,-1,-1,-1,-1,-1,-1,-1,-1,-1,-1,-1,-1,-1,-1,-1,-1,-1,0,0,0,0,0,0,-1,-1,-1,-1,-1,-1,-1,-1,-1,-1,-1,-1,0,0,0,0,0,0,-1,-1,-1,-1,-1,-1,-1,-1,-1,-1,-1,-1,-1,-1,False,False,0,0,False,207,0,0,0,0,0,0,0,0,0,0,0,0,0,0,0,1,
0,1056,2026-02-23 14:15:41Z,LLM_Empathetic,6.920354,7.220515,6.620193,0.6310804,0,1.612838,0,0,0,0,0,0,5.485868,4.347001,6.624744,0.592854,0.702737,0.482971,7.392487,6.225826,8.559147,0.5987279,0,2.121128,7.184073,6.097319,8.270828,9.830595,10,9.480587,6.920354,7.220515,6.620193,0.6310804,0,1.612838,0,0,0,0,0,0,5.485868,4.347001,6.624744,0.592854,0.702737,0.482971,7.392487,6.225826,8.559147,0.5987279,0,2.121128,7.184073,6.097319,8.270828,9.830595,10,9.480587,-1,-1,-1,-1,-1,-1,-1,-1,-1,-1,-1,-1,-1,-1,-1,-1,-1,-1,-1,-1,-1,-1,-1,-1,-1,-1,-1,-1,-1,-1,-1,-1,-1,-1,-1,-1,-1,-1,-1,-1,-1,-1,-1,-1,-1,-1,-1,-1,-1,-1,0,0,0,0,0,0,-1,-1,-1,-1,-1,-1,-1,-1,-1,-1,-1,-1,0,0,0,0,0,0,-1,-1,-1,-1,-1,-1,-1,-1,-1,-1,-1,-1,-1,-1,False,False,0,0,False,207,0,0,0,0,0,0,0,0,0,0,0,0,0,0,0,1,
0,1057,2026-02-23 14:15:41Z,LLM_Empathetic,6.920367,7.220518,6.620216,0.6310592,0,1.612826,0,0,0,0,0,0,5.485883,4.347006,6.624771,0.592854,0.702737,0.482971,7.392494,6.225822,8.559166,0.5987143,0,2.121115,7.184095,6.097331,8.270861,9.83064,10,9.480642,6.920367,7.220518,6.620216,0.6310592,0,1.612826,0,0,0,0,0,0,5.485883,4.347006,6.624771,0.592854,0.702737,0.482971,7.392494,6.225822,8.559166,0.5987143,0,2.121115,7.184095,6.097331,8.270861,9.83064,10,9.480642,-1,-1,-1,-1,-1,-1,-1,-1,-1,-1,-1,-1,-1,-1,-1,-1,-1,-1,-1,-1,-1,-1,-1,-1,-1,-1,-1,-1,-1,-1,-1,-1,-1,-1,-1,-1,-1,-1,-1,-1,-1,-1,-1,-1,-1,-1,-1,-1,-1,-1,0,0,0,0,0,0,-1,-1,-1,-1,-1,-1,-1,-1,-1,-1,-1,-1,0,0,0,0,0,0,-1,-1,-1,-1,-1,-1,-1,-1,-1,-1,-1,-1,-1,-1,False,False,0,0,False,207,0,0,0,0,0,0,0,0,0,0,0,0,0,0,0,1,
0,1058,2026-02-23 14:15:41Z,LLM_Empathetic,6.920379,7.22052,6.620238,0.631038,0,1.612814,0,0,0,0,0,0,5.485899,4.347012,6.624797,0.592854,0.702737,0.482971,7.392501,6.225819,8.559184,0.5987007,0,2.121101,7.184118,6.097343,8.270894,9.830685,10,9.480699,6.920379,7.22052,6.620238,0.631038,0,1.612814,0,0,0,0,0,0,5.485899,4.347012,6.624797,0.592854,0.702737,0.482971,7.392501,6.225819,8.559184,0.5987007,0,2.121101,7.184118,6.097343,8.270894,9.830685,10,9.480699,-1,-1,-1,-1,-1,-1,-1,-1,-1,-1,-1,-1,-1,-1,-1,-1,-1,-1,-1,-1,-1,-1,-1,-1,-1,-1,-1,-1,-1,-1,-1,-1,-1,-1,-1,-1,-1,-1,-1,-1,-1,-1,-1,-1,-1,-1,-1,-1,-1,-1,0,0,0,0,0,0,-1,-1,-1,-1,-1,-1,-1,-1,-1,-1,-1,-1,0,0,0,0,0,0,-1,-1,-1,-1,-1,-1,-1,-1,-1,-1,-1,-1,-1,-1,False,False,0,0,False,209,0,0,0,0,0,0,0,0,0,0,0,0,0,0,0,1,
0,1059,2026-02-23 14:15:41Z,LLM_Empathetic,6.920392,7.220522,6.620261,0.6310169,0,1.612803,0,0,0,0,0,0,5.485916,4.347017,6.624824,0.592854,0.702737,0.482971,7.392509,6.225815,8.559202,0.5986872,0,2.121088,7.18414,6.097355,8.270926,9.830729,10,9.480754,6.920392,7.220522,6.620261,0.6310169,0,1.612803,0,0,0,0,0,0,5.485916,4.347017,6.624824,0.592854,0.702737,0.482971,7.392509,6.225815,8.559202,0.5986872,0,2.121088,7.18414,6.097355,8.270926,9.830729,10,9.480754,-1,-1,-1,-1,-1,-1,-1,-1,-1,-1,-1,-1,-1,-1,-1,-1,-1,-1,-1,-1,-1,-1,-1,-1,-1,-1,-1,-1,-1,-1,-1,-1,-1,-1,-1,-1,-1,-1,-1,-1,-1,-1,-1,-1,-1,-1,-1,-1,-1,-1,0,0,0,0,0,0,-1,-1,-1,-1,-1,-1,-1,-1,-1,-1,-1,-1,0,0,0,0,0,0,-1,-1,-1,-1,-1,-1,-1,-1,-1,-1,-1,-1,-1,-1,False,False,0,0,False,209,0,0,0,0,0,0,0,0,0,0,0,0,0,0,0,1,
0,1060,2026-02-23 14:15:41Z,LLM_Empathetic,6.920404,7.220524,6.620284,0.6309958,0,1.612791,0,0,0,0,0,0,5.485931,4.347022,6.624851,0.592854,0.702737,0.482971,7.392516,6.225811,8.55922,0.5986736,0,2.121074,7.184162,6.097367,8.270958,9.830773,10,9.480809,6.920404,7.220524,6.620284,0.6309958,0,1.612791,0,0,0,0,0,0,5.485931,4.347022,6.624851,0.592854,0.702737,0.482971,7.392516,6.225811,8.55922,0.5986736,0,2.121074,7.184162,6.097367,8.270958,9.830773,10,9.480809,-1,-1,-1,-1,-1,-1,-1,-1,-1,-1,-1,-1,-1,-1,-1,-1,-1,-1,-1,-1,-1,-1,-1,-1,-1,-1,-1,-1,-1,-1,-1,-1,-1,-1,-1,-1,-1,-1,-1,-1,-1,-1,-1,-1,-1,-1,-1,-1,-1,-1,0,0,0,0,0,0,-1,-1,-1,-1,-1,-1,-1,-1,-1,-1,-1,-1,0,0,0,0,0,0,-1,-1,-1,-1,-1,-1,-1,-1,-1,-1,-1,-1,-1,-1,False,False,0,0,False,209,0,0,0,0,0,0,0,0,0,0,0,0,0,0,0,1,
0,1061,2026-02-23 14:15:41Z,LLM_Empathetic,6.920417,7.220527,6.620306,0.6309747,0,1.612779,0,0,0,0,0,0,5.485947,4.347028,6.624877,0.592854,0.702737,0.482971,7.392523,6.225808,8.559238,0.5986602,0,2.121061,7.184185,6.097379,8.27099,9.830817,10,9.480865,6.920417,7.220527,6.620306,0.6309747,0,1.612779,0,0,0,0,0,0,5.485947,4.347028,6.624877,0.592854,0.702737,0.482971,7.392523,6.225808,8.559238,0.5986602,0,2.121061,7.184185,6.097379,8.27099,9.830817,10,9.480865,-1,-1,-1,-1,-1,-1,-1,-1,-1,-1,-1,-1,-1,-1,-1,-1,-1,-1,-1,-1,-1,-1,-1,-1,-1,-1,-1,-1,-1,-1,-1,-1,-1,-1,-1,-1,-1,-1,-1,-1,-1,-1,-1,-1,-1,-1,-1,-1,-1,-1,0,0,0,0,0,0,-1,-1,-1,-1,-1,-1,-1,-1,-1,-1,-1,-1,0,0,0,0,0,0,-1,-1,-1,-1,-1,-1,-1,-1,-1,-1,-1,-1,-1,-1,False,False,0,0,False,207,0,0,0,0,0,0,0,0,0,0,0,0,0,0,0,1,
0,1062,2026-02-23 14:15:41Z,LLM_Empathetic,6.920429,7.220529,6.620329,0.6309536,0,1.612768,0,0,0,0,0,0,5.485963,4.347033,6.624904,0.592854,0.702737,0.482971,7.39253,6.225804,8.559258,0.5986466,0,2.121047,7.184206,6.097391,8.271023,9.830861,10,9.480921,6.920429,7.220529,6.620329,0.6309536,0,1.612768,0,0,0,0,0,0,5.485963,4.347033,6.624904,0.592854,0.702737,0.482971,7.39253,6.225804,8.559258,0.5986466,0,2.121047,7.184206,6.097391,8.271023,9.830861,10,9.480921,-1,-1,-1,-1,-1,-1,-1,-1,-1,-1,-1,-1,-1,-1,-1,-1,-1,-1,-1,-1,-1,-1,-1,-1,-1,-1,-1,-1,-1,-1,-1,-1,-1,-1,-1,-1,-1,-1,-1,-1,-1,-1,-1,-1,-1,-1,-1,-1,-1,-1,0,0,0,0,0,0,-1,-1,-1,-1,-1,-1,-1,-1,-1,-1,-1,-1,0,0,0,0,0,0,-1,-1,-1,-1,-1,-1,-1,-1,-1,-1,-1,-1,-1,-1,False,False,0,0,False,207,0,0,0,0,0,0,0,0,0,0,0,0,0,0,0,1,
0,1063,2026-02-23 14:15:41Z,LLM_Empathetic,6.920441,7.220531,6.620351,0.6309326,0,1.612756,0,0,0,0,0,0,5.485979,4.347038,6.624931,0.592854,0.702737,0.482971,7.392538,6.2258,8.559276,0.5986332,0,2.121034,7.184228,6.097403,8.271055,9.830906,10,9.480976,6.920441,7.220531,6.620351,0.6309326,0,1.612756,0,0,0,0,0,0,5.485979,4.347038,6.624931,0.592854,0.702737,0.482971,7.392538,6.2258,8.559276,0.5986332,0,2.121034,7.184228,6.097403,8.271055,9.830906,10,9.480976,-1,-1,-1,-1,-1,-1,-1,-1,-1,-1,-1,-1,-1,-1,-1,-1,-1,-1,-1,-1,-1,-1,-1,-1,-1,-1,-1,-1,-1,-1,-1,-1,-1,-1,-1,-1,-1,-1,-1,-1,-1,-1,-1,-1,-1,-1,-1,-1,-1,-1,0,0,0,0,0,0,-1,-1,-1,-1,-1,-1,-1,-1,-1,-1,-1,-1,0,0,0,0,0,0,-1,-1,-1,-1,-1,-1,-1,-1,-1,-1,-1,-1,-1,-1,False,False,0,0,False,209,0,0,0,0,0,0,0,0,0,0,0,0,0,0,0,1,
0,1064,2026-02-23 14:15:41Z,LLM_Empathetic,6.920454,7.220533,6.620374,0.6309116,0,1.612745,0,0,0,0,0,0,5.485995,4.347044,6.624957,0.592854,0.702737,0.482971,7.392545,6.225796,8.559294,0.5986198,0,2.12102,7.18425,6.097415,8.271088,9.83095,10,9.481031,6.920454,7.220533,6.620374,0.6309116,0,1.612745,0,0,0,0,0,0,5.485995,4.347044,6.624957,0.592854,0.702737,0.482971,7.392545,6.225796,8.559294,0.5986198,0,2.12102,7.18425,6.097415,8.271088,9.83095,10,9.481031,-1,-1,-1,-1,-1,-1,-1,-1,-1,-1,-1,-1,-1,-1,-1,-1,-1,-1,-1,-1,-1,-1,-1,-1,-1,-1,-1,-1,-1,-1,-1,-1,-1,-1,-1,-1,-1,-1,-1,-1,-1,-1,-1,-1,-1,-1,-1,-1,-1,-1,0,0,0,0,0,0,-1,-1,-1,-1,-1,-1,-1,-1,-1,-1,-1,-1,0,0,0,0,0,0,-1,-1,-1,-1,-1,-1,-1,-1,-1,-1,-1,-1,-1,-1,False,False,0,0,False,207,0,0,0,0,0,0,0,0,0,0,0,0,0,0,0,1,
0,1065,2026-02-23 14:15:41Z,LLM_Empathetic,6.920466,7.220536,6.620396,0.6308907,0,1.612733,0,0,0,0,0,0,5.486011,4.347049,6.624984,0.592854,0.702737,0.482971,7.392552,6.225793,8.559312,0.5986063,0,2.121007,7.184273,6.097427,8.271119,9.830994,10,9.481087,6.920466,7.220536,6.620396,0.6308907,0,1.612733,0,0,0,0,0,0,5.486011,4.347049,6.624984,0.592854,0.702737,0.482971,7.392552,6.225793,8.559312,0.5986063,0,2.121007,7.184273,6.097427,8.271119,9.830994,10,9.481087,-1,-1,-1,-1,-1,-1,-1,-1,-1,-1,-1,-1,-1,-1,-1,-1,-1,-1,-1,-1,-1,-1,-1,-1,-1,-1,-1,-1,-1,-1,-1,-1,-1,-1,-1,-1,-1,-1,-1,-1,-1,-1,-1,-1,-1,-1,-1,-1,-1,-1,0,0,0,0,0,0,-1,-1,-1,-1,-1,-1,-1,-1,-1,-1,-1,-1,0,0,0,0,0,0,-1,-1,-1,-1,-1,-1,-1,-1,-1,-1,-1,-1,-1,-1,False,False,0,0,False,207,0,0,0,0,0,0,0,0,0,0,0,0,0,0,0,1,
0,1066,2026-02-23 14:15:41Z,LLM_Empathetic,6.920478,7.220538,6.620419,0.6308697,0,1.612721,0,0,0,0,0,0,5.486027,4.347054,6.62501,0.592854,0.702737,0.482971,7.392559,6.225789,8.55933,0.5985929,0,2.120993,7.184295,6.097438,8.271152,9.831038,10,9.481142,6.920478,7.220538,6.620419,0.6308697,0,1.612721,0,0,0,0,0,0,5.486027,4.347054,6.62501,0.592854,0.702737,0.482971,7.392559,6.225789,8.55933,0.5985929,0,2.120993,7.184295,6.097438,8.271152,9.831038,10,9.481142,-1,-1,-1,-1,-1,-1,-1,-1,-1,-1,-1,-1,-1,-1,-1,-1,-1,-1,-1,-1,-1,-1,-1,-1,-1,-1,-1,-1,-1,-1,-1,-1,-1,-1,-1,-1,-1,-1,-1,-1,-1,-1,-1,-1,-1,-1,-1,-1,-1,-1,0,0,0,0,0,0,-1,-1,-1,-1,-1,-1,-1,-1,-1,-1,-1,-1,0,0,0,0,0,0,-1,-1,-1,-1,-1,-1,-1,-1,-1,-1,-1,-1,-1,-1,False,False,0,0,False,209,0,0,0,0,0,0,0,0,0,0,0,0,0,0,0,1,
0,1067,2026-02-23 14:15:41Z,LLM_Empathetic,6.920491,7.22054,6.620441,0.6308488,0,1.61271,0,0,0,0,0,0,5.486042,4.347059,6.625036,0.592854,0.702737,0.482971,7.392567,6.225785,8.559348,0.5985796,0,2.12098,7.184317,6.09745,8.271184,9.831081,10,9.481196,6.920491,7.22054,6.620441,0.6308488,0,1.61271,0,0,0,0,0,0,5.486042,4.347059,6.625036,0.592854,0.702737,0.482971,7.392567,6.225785,8.559348,0.5985796,0,2.12098,7.184317,6.09745,8.271184,9.831081,10,9.481196,-1,-1,-1,-1,-1,-1,-1,-1,-1,-1,-1,-1,-1,-1,-1,-1,-1,-1,-1,-1,-1,-1,-1,-1,-1,-1,-1,-1,-1,-1,-1,-1,-1,-1,-1,-1,-1,-1,-1,-1,-1,-1,-1,-1,-1,-1,-1,-1,-1,-1,0,0,0,0,0,0,-1,-1,-1,-1,-1,-1,-1,-1,-1,-1,-1,-1,0,0,0,0,0,0,-1,-1,-1,-1,-1,-1,-1,-1,-1,-1,-1,-1,-1,-1,False,False,0,0,False,209,0,0,0,0,0,0,0,0,0,0,0,0,0,0,0,1,
0,1068,2026-02-23 14:15:41Z,LLM_Empathetic,6.920503,7.220542,6.620463,0.630828,0,1.612698,0,0,0,0,0,0,5.486058,4.347064,6.625063,0.592854,0.702737,0.482971,7.392574,6.225781,8.559366,0.5985662,0,2.120967,7.184339,6.097462,8.271215,9.831125,10,9.481252,6.920503,7.220542,6.620463,0.630828,0,1.612698,0,0,0,0,0,0,5.486058,4.347064,6.625063,0.592854,0.702737,0.482971,7.392574,6.225781,8.559366,0.5985662,0,2.120967,7.184339,6.097462,8.271215,9.831125,10,9.481252,-1,-1,-1,-1,-1,-1,-1,-1,-1,-1,-1,-1,-1,-1,-1,-1,-1,-1,-1,-1,-1,-1,-1,-1,-1,-1,-1,-1,-1,-1,-1,-1,-1,-1,-1,-1,-1,-1,-1,-1,-1,-1,-1,-1,-1,-1,-1,-1,-1,-1,0,0,0,0,0,0,-1,-1,-1,-1,-1,-1,-1,-1,-1,-1,-1,-1,0,0,0,0,0,0,-1,-1,-1,-1,-1,-1,-1,-1,-1,-1,-1,-1,-1,-1,False,False,0,0,False,207,0,0,0,0,0,0,0,0,0,0,0,0,0,0,0,1,
0,1069,2026-02-23 14:15:41Z,LLM_Empathetic,6.920515,7.220545,6.620486,0.6308072,0,1.612687,0,0,0,0,0,0,5.486074,4.347069,6.625089,0.592854,0.702737,0.482971,7.392581,6.225778,8.559384,0.5985529,0,2.120953,7.184361,6.097474,8.271248,9.831169,10,9.481306,6.920515,7.220545,6.620486,0.6308072,0,1.612687,0,0,0,0,0,0,5.486074,4.347069,6.625089,0.592854,0.702737,0.482971,7.392581,6.225778,8.559384,0.5985529,0,2.120953,7.184361,6.097474,8.271248,9.831169,10,9.481306,-1,-1,-1,-1,-1,-1,-1,-1,-1,-1,-1,-1,-1,-1,-1,-1,-1,-1,-1,-1,-1,-1,-1,-1,-1,-1,-1,-1,-1,-1,-1,-1,-1,-1,-1,-1,-1,-1,-1,-1,-1,-1,-1,-1,-1,-1,-1,-1,-1,-1,0,0,0,0,0,0,-1,-1,-1,-1,-1,-1,-1,-1,-1,-1,-1,-1,0,0,0,0,0,0,-1,-1,-1,-1,-1,-1,-1,-1,-1,-1,-1,-1,-1,-1,False,False,0,0,False,209,0,0,0,0,0,0,0,0,0,0,0,0,0,0,0,1,
0,1070,2026-02-23 14:15:41Z,LLM_Empathetic,6.920527,7.220547,6.620508,0.6307864,0,1.612675,0,0,0,0,0,0,5.48609,4.347075,6.625115,0.592854,0.702737,0.482971,7.392588,6.225774,8.559402,0.5985395,0,2.12094,7.184382,6.097486,8.271279,9.831212,10,9.481361,6.920527,7.220547,6.620508,0.6307864,0,1.612675,0,0,0,0,0,0,5.48609,4.347075,6.625115,0.592854,0.702737,0.482971,7.392588,6.225774,8.559402,0.5985395,0,2.12094,7.184382,6.097486,8.271279,9.831212,10,9.481361,-1,-1,-1,-1,-1,-1,-1,-1,-1,-1,-1,-1,-1,-1,-1,-1,-1,-1,-1,-1,-1,-1,-1,-1,-1,-1,-1,-1,-1,-1,-1,-1,-1,-1,-1,-1,-1,-1,-1,-1,-1,-1,-1,-1,-1,-1,-1,-1,-1,-1,0,0,0,0,0,0,-1,-1,-1,-1,-1,-1,-1,-1,-1,-1,-1,-1,0,0,0,0,0,0,-1,-1,-1,-1,-1,-1,-1,-1,-1,-1,-1,-1,-1,-1,False,False,0,0,False,209,0,0,0,0,0,0,0,0,0,0,0,0,0,0,0,1,
0,1071,2026-02-23 14:15:41Z,LLM_Empathetic,6.92054,7.220549,6.62053,0.6307656,0,1.612664,0,0,0,0,0,0,5.486105,4.34708,6.625142,0.592854,0.702737,0.482971,7.392595,6.22577,8.559421,0.5985262,0,2.120927,7.184404,6.097498,8.271311,9.831256,10,9.481416,6.92054,7.220549,6.62053,0.6307656,0,1.612664,0,0,0,0,0,0,5.486105,4.34708,6.625142,0.592854,0.702737,0.482971,7.392595,6.22577,8.559421,0.5985262,0,2.120927,7.184404,6.097498,8.271311,9.831256,10,9.481416,-1,-1,-1,-1,-1,-1,-1,-1,-1,-1,-1,-1,-1,-1,-1,-1,-1,-1,-1,-1,-1,-1,-1,-1,-1,-1,-1,-1,-1,-1,-1,-1,-1,-1,-1,-1,-1,-1,-1,-1,-1,-1,-1,-1,-1,-1,-1,-1,-1,-1,0,0,0,0,0,0,-1,-1,-1,-1,-1,-1,-1,-1,-1,-1,-1,-1,0,0,0,0,0,0,-1,-1,-1,-1,-1,-1,-1,-1,-1,-1,-1,-1,-1,-1,False,False,0,0,False,209,0,0,0,0,0,0,0,0,0,0,0,0,0,0,0,1,
0,1072,2026-02-23 14:15:41Z,LLM_Empathetic,6.920552,7.220551,6.620553,0.6307448,0,1.612653,0,0,0,0,0,0,5.486121,4.347085,6.625168,0.592854,0.702737,0.482971,7.392602,6.225767,8.559439,0.5985129,0,2.120913,7.184426,6.097509,8.271343,9.8313,10,9.48147,6.920552,7.220551,6.620553,0.6307448,0,1.612653,0,0,0,0,0,0,5.486121,4.347085,6.625168,0.592854,0.702737,0.482971,7.392602,6.225767,8.559439,0.5985129,0,2.120913,7.184426,6.097509,8.271343,9.8313,10,9.48147,-1,-1,-1,-1,-1,-1,-1,-1,-1,-1,-1,-1,-1,-1,-1,-1,-1,-1,-1,-1,-1,-1,-1,-1,-1,-1,-1,-1,-1,-1,-1,-1,-1,-1,-1,-1,-1,-1,-1,-1,-1,-1,-1,-1,-1,-1,-1,-1,-1,-1,0,0,0,0,0,0,-1,-1,-1,-1,-1,-1,-1,-1,-1,-1,-1,-1,0,0,0,0,0,0,-1,-1,-1,-1,-1,-1,-1,-1,-1,-1,-1,-1,-1,-1,False,False,0,0,False,207,0,0,0,0,0,0,0,0,0,0,0,0,0,0,0,1,
0,1073,2026-02-23 14:15:41Z,LLM_Empathetic,6.920564,7.220553,6.620574,0.6307241,0,1.612641,0,0,0,0,0,0,5.486137,4.34709,6.625194,0.592854,0.702737,0.482971,7.39261,6.225763,8.559456,0.5984997,0,2.1209,7.184448,6.097521,8.271375,9.831343,10,9.481525,6.920564,7.220553,6.620574,0.6307241,0,1.612641,0,0,0,0,0,0,5.486137,4.34709,6.625194,0.592854,0.702737,0.482971,7.39261,6.225763,8.559456,0.5984997,0,2.1209,7.184448,6.097521,8.271375,9.831343,10,9.481525,-1,-1,-1,-1,-1,-1,-1,-1,-1,-1,-1,-1,-1,-1,-1,-1,-1,-1,-1,-1,-1,-1,-1,-1,-1,-1,-1,-1,-1,-1,-1,-1,-1,-1,-1,-1,-1,-1,-1,-1,-1,-1,-1,-1,-1,-1,-1,-1,-1,-1,0,0,0,0,0,0,-1,-1,-1,-1,-1,-1,-1,-1,-1,-1,-1,-1,0,0,0,0,0,0,-1,-1,-1,-1,-1,-1,-1,-1,-1,-1,-1,-1,-1,-1,False,False,0,0,False,209,0,0,0,0,0,0,0,0,0,0,0,0,0,0,0,1,
0,1074,2026-02-23 14:15:42Z,LLM_Empathetic,6.920576,7.220556,6.620596,0.6307034,0,1.61263,0,0,0,0,0,0,5.486153,4.347095,6.62522,0.592854,0.702737,0.482971,7.392617,6.22576,8.559474,0.5984865,0,2.120887,7.184469,6.097533,8.271406,9.831387,10,9.48158,6.920576,7.220556,6.620596,0.6307034,0,1.61263,0,0,0,0,0,0,5.486153,4.347095,6.62522,0.592854,0.702737,0.482971,7.392617,6.22576,8.559474,0.5984865,0,2.120887,7.184469,6.097533,8.271406,9.831387,10,9.48158,-1,-1,-1,-1,-1,-1,-1,-1,-1,-1,-1,-1,-1,-1,-1,-1,-1,-1,-1,-1,-1,-1,-1,-1,-1,-1,-1,-1,-1,-1,-1,-1,-1,-1,-1,-1,-1,-1,-1,-1,-1,-1,-1,-1,-1,-1,-1,-1,-1,-1,0,0,0,0,0,0,-1,-1,-1,-1,-1,-1,-1,-1,-1,-1,-1,-1,0,0,0,0,0,0,-1,-1,-1,-1,-1,-1,-1,-1,-1,-1,-1,-1,-1,-1,False,False,0,0,False,209,0,0,0,0,0,0,0,0,0,0,0,0,0,0,0,1,
0,1075,2026-02-23 14:15:42Z,LLM_Empathetic,6.920588,7.220558,6.620619,0.6306828,0,1.612618,0,0,0,0,0,0,5.486168,4.347101,6.625246,0.592854,0.702737,0.482971,7.392624,6.225756,8.559492,0.5984733,0,2.120874,7.184491,6.097545,8.271438,9.831429,10,9.481634,6.920588,7.220558,6.620619,0.6306828,0,1.612618,0,0,0,0,0,0,5.486168,4.347101,6.625246,0.592854,0.702737,0.482971,7.392624,6.225756,8.559492,0.5984733,0,2.120874,7.184491,6.097545,8.271438,9.831429,10,9.481634,-1,-1,-1,-1,-1,-1,-1,-1,-1,-1,-1,-1,-1,-1,-1,-1,-1,-1,-1,-1,-1,-1,-1,-1,-1,-1,-1,-1,-1,-1,-1,-1,-1,-1,-1,-1,-1,-1,-1,-1,-1,-1,-1,-1,-1,-1,-1,-1,-1,-1,0,0,0,0,0,0,-1,-1,-1,-1,-1,-1,-1,-1,-1,-1,-1,-1,0,0,0,0,0,0,-1,-1,-1,-1,-1,-1,-1,-1,-1,-1,-1,-1,-1,-1,False,False,0,0,False,207,0,0,0,0,0,0,0,0,0,0,0,0,0,0,0,1,
0,1076,2026-02-23 14:15:42Z,LLM_Empathetic,6.9206,7.22056,6.620641,0.6306622,0,1.612607,0,0,0,0,0,0,5.486184,4.347106,6.625272,0.592854,0.702737,0.482971,7.392631,6.225752,8.55951,0.5984601,0,2.12086,7.184513,6.097557,8.271469,9.831473,10,9.481688,6.9206,7.22056,6.620641,0.6306622,0,1.612607,0,0,0,0,0,0,5.486184,4.347106,6.625272,0.592854,0.702737,0.482971,7.392631,6.225752,8.55951,0.5984601,0,2.12086,7.184513,6.097557,8.271469,9.831473,10,9.481688,-1,-1,-1,-1,-1,-1,-1,-1,-1,-1,-1,-1,-1,-1,-1,-1,-1,-1,-1,-1,-1,-1,-1,-1,-1,-1,-1,-1,-1,-1,-1,-1,-1,-1,-1,-1,-1,-1,-1,-1,-1,-1,-1,-1,-1,-1,-1,-1,-1,-1,0,0,0,0,0,0,-1,-1,-1,-1,-1,-1,-1,-1,-1,-1,-1,-1,0,0,0,0,0,0,-1,-1,-1,-1,-1,-1,-1,-1,-1,-1,-1,-1,-1,-1,False,False,0,0,False,209,0,0,0,0,0,0,0,0,0,0,0,0,0,0,0,1,
0,1077,2026-02-23 14:15:42Z,LLM_Empathetic,6.920612,7.220562,6.620663,0.6306416,0,1.612596,0,0,0,0,0,0,5.486199,4.347111,6.625298,0.592854,0.702737,0.482971,7.392638,6.225749,8.559527,0.5984469,0,2.120847,7.184534,6.097569,8.271501,9.831516,10,9.481742,6.920612,7.220562,6.620663,0.6306416,0,1.612596,0,0,0,0,0,0,5.486199,4.347111,6.625298,0.592854,0.702737,0.482971,7.392638,6.225749,8.559527,0.5984469,0,2.120847,7.184534,6.097569,8.271501,9.831516,10,9.481742,-1,-1,-1,-1,-1,-1,-1,-1,-1,-1,-1,-1,-1,-1,-1,-1,-1,-1,-1,-1,-1,-1,-1,-1,-1,-1,-1,-1,-1,-1,-1,-1,-1,-1,-1,-1,-1,-1,-1,-1,-1,-1,-1,-1,-1,-1,-1,-1,-1,-1,0,0,0,0,0,0,-1,-1,-1,-1,-1,-1,-1,-1,-1,-1,-1,-1,0,0,0,0,0,0,-1,-1,-1,-1,-1,-1,-1,-1,-1,-1,-1,-1,-1,-1,False,False,0,0,False,209,0,0,0,0,0,0,0,0,0,0,0,0,0,0,0,1,
0,1078,2026-02-23 14:15:42Z,LLM_Empathetic,6.920625,7.220564,6.620685,0.6306211,0,1.612584,0,0,0,0,0,0,5.486215,4.347116,6.625324,0.592854,0.702737,0.482971,7.392645,6.225745,8.559546,0.5984337,0,2.120834,7.184556,6.09758,8.271532,9.831559,10,9.481796,6.920625,7.220564,6.620685,0.6306211,0,1.612584,0,0,0,0,0,0,5.486215,4.347116,6.625324,0.592854,0.702737,0.482971,7.392645,6.225745,8.559546,0.5984337,0,2.120834,7.184556,6.09758,8.271532,9.831559,10,9.481796,-1,-1,-1,-1,-1,-1,-1,-1,-1,-1,-1,-1,-1,-1,-1,-1,-1,-1,-1,-1,-1,-1,-1,-1,-1,-1,-1,-1,-1,-1,-1,-1,-1,-1,-1,-1,-1,-1,-1,-1,-1,-1,-1,-1,-1,-1,-1,-1,-1,-1,0,0,0,0,0,0,-1,-1,-1,-1,-1,-1,-1,-1,-1,-1,-1,-1,0,0,0,0,0,0,-1,-1,-1,-1,-1,-1,-1,-1,-1,-1,-1,-1,-1,-1,False,False,0,0,False,207,0,0,0,0,0,0,0,0,0,0,0,0,0,0,0,1,
0,1079,2026-02-23 14:15:42Z,LLM_Empathetic,6.920637,7.220567,6.620707,0.6306006,0,1.612573,0,0,0,0,0,0,5.48623,4.347121,6.62535,0.592854,0.702737,0.482971,7.392652,6.225741,8.559564,0.5984206,0,2.120821,7.184577,6.097592,8.271564,9.831602,10,9.481851,6.920637,7.220567,6.620707,0.6306006,0,1.612573,0,0,0,0,0,0,5.48623,4.347121,6.62535,0.592854,0.702737,0.482971,7.392652,6.225741,8.559564,0.5984206,0,2.120821,7.184577,6.097592,8.271564,9.831602,10,9.481851,-1,-1,-1,-1,-1,-1,-1,-1,-1,-1,-1,-1,-1,-1,-1,-1,-1,-1,-1,-1,-1,-1,-1,-1,-1,-1,-1,-1,-1,-1,-1,-1,-1,-1,-1,-1,-1,-1,-1,-1,-1,-1,-1,-1,-1,-1,-1,-1,-1,-1,0,0,0,0,0,0,-1,-1,-1,-1,-1,-1,-1,-1,-1,-1,-1,-1,0,0,0,0,0,0,-1,-1,-1,-1,-1,-1,-1,-1,-1,-1,-1,-1,-1,-1,False,False,0,0,False,207,0,0,0,0,0,0,0,0,0,0,0,0,0,0,0,1,
0,1080,2026-02-23 14:15:42Z,LLM_Empathetic,6.920649,7.220569,6.620728,0.6305801,0,1.612562,0,0,0,0,0,0,5.486246,4.347126,6.625376,0.592854,0.702737,0.482971,7.392659,6.225738,8.559581,0.5984074,0,2.120808,7.184599,6.097603,8.271595,9.831645,10,9.481904,6.920649,7.220569,6.620728,0.6305801,0,1.612562,0,0,0,0,0,0,5.486246,4.347126,6.625376,0.592854,0.702737,0.482971,7.392659,6.225738,8.559581,0.5984074,0,2.120808,7.184599,6.097603,8.271595,9.831645,10,9.481904,-1,-1,-1,-1,-1,-1,-1,-1,-1,-1,-1,-1,-1,-1,-1,-1,-1,-1,-1,-1,-1,-1,-1,-1,-1,-1,-1,-1,-1,-1,-1,-1,-1,-1,-1,-1,-1,-1,-1,-1,-1,-1,-1,-1,-1,-1,-1,-1,-1,-1,0,0,0,0,0,0,-1,-1,-1,-1,-1,-1,-1,-1,-1,-1,-1,-1,0,0,0,0,0,0,-1,-1,-1,-1,-1,-1,-1,-1,-1,-1,-1,-1,-1,-1,False,False,0,0,False,207,0,0,0,0,0,0,0,0,0,0,0,0,0,0,0,1,
0,1081,2026-02-23 14:15:42Z,LLM_Empathetic,6.920661,7.220571,6.62075,0.6305596,0,1.61255,0,0,0,0,0,0,5.486261,4.347131,6.625402,0.592854,0.702737,0.482971,7.392666,6.225734,8.559599,0.5983944,0,2.120795,7.18462,6.097615,8.271626,9.831688,10,9.481958,6.920661,7.220571,6.62075,0.6305596,0,1.61255,0,0,0,0,0,0,5.486261,4.347131,6.625402,0.592854,0.702737,0.482971,7.392666,6.225734,8.559599,0.5983944,0,2.120795,7.18462,6.097615,8.271626,9.831688,10,9.481958,-1,-1,-1,-1,-1,-1,-1,-1,-1,-1,-1,-1,-1,-1,-1,-1,-1,-1,-1,-1,-1,-1,-1,-1,-1,-1,-1,-1,-1,-1,-1,-1,-1,-1,-1,-1,-1,-1,-1,-1,-1,-1,-1,-1,-1,-1,-1,-1,-1,-1,0,0,0,0,0,0,-1,-1,-1,-1,-1,-1,-1,-1,-1,-1,-1,-1,0,0,0,0,0,0,-1,-1,-1,-1,-1,-1,-1,-1,-1,-1,-1,-1,-1,-1,False,False,0,0,False,209,0,0,0,0,0,0,0,0,0,0,0,0,0,0,0,1,
0,1082,2026-02-23 14:15:42Z,LLM_Empathetic,6.920673,7.220573,6.620772,0.6305392,0,1.612539,0,0,0,0,0,0,5.486277,4.347136,6.625428,0.592854,0.702737,0.482971,7.392673,6.22573,8.559617,0.5983813,0,2.120782,7.184642,6.097627,8.271658,9.831731,10,9.482012,6.920673,7.220573,6.620772,0.6305392,0,1.612539,0,0,0,0,0,0,5.486277,4.347136,6.625428,0.592854,0.702737,0.482971,7.392673,6.22573,8.559617,0.5983813,0,2.120782,7.184642,6.097627,8.271658,9.831731,10,9.482012,-1,-1,-1,-1,-1,-1,-1,-1,-1,-1,-1,-1,-1,-1,-1,-1,-1,-1,-1,-1,-1,-1,-1,-1,-1,-1,-1,-1,-1,-1,-1,-1,-1,-1,-1,-1,-1,-1,-1,-1,-1,-1,-1,-1,-1,-1,-1,-1,-1,-1,0,0,0,0,0,0,-1,-1,-1,-1,-1,-1,-1,-1,-1,-1,-1,-1,0,0,0,0,0,0,-1,-1,-1,-1,-1,-1,-1,-1,-1,-1,-1,-1,-1,-1,False,False,0,0,False,209,0,0,0,0,0,0,0,0,0,0,0,0,0,0,0,1,
0,1083,2026-02-23 14:15:42Z,LLM_Empathetic,6.920685,7.220575,6.620794,0.6305188,0,1.612528,0,0,0,0,0,0,5.486292,4.347142,6.625453,0.592854,0.702737,0.482971,7.39268,6.225727,8.559634,0.5983682,0,2.120769,7.184663,6.097638,8.271689,9.831774,10,9.482066,6.920685,7.220575,6.620794,0.6305188,0,1.612528,0,0,0,0,0,0,5.486292,4.347142,6.625453,0.592854,0.702737,0.482971,7.39268,6.225727,8.559634,0.5983682,0,2.120769,7.184663,6.097638,8.271689,9.831774,10,9.482066,-1,-1,-1,-1,-1,-1,-1,-1,-1,-1,-1,-1,-1,-1,-1,-1,-1,-1,-1,-1,-1,-1,-1,-1,-1,-1,-1,-1,-1,-1,-1,-1,-1,-1,-1,-1,-1,-1,-1,-1,-1,-1,-1,-1,-1,-1,-1,-1,-1,-1,0,0,0,0,0,0,-1,-1,-1,-1,-1,-1,-1,-1,-1,-1,-1,-1,0,0,0,0,0,0,-1,-1,-1,-1,-1,-1,-1,-1,-1,-1,-1,-1,-1,-1,False,False,0,0,False,207,0,0,0,0,0,0,0,0,0,0,0,0,0,0,0,1,
0,1084,2026-02-23 14:15:42Z,LLM_Empathetic,6.920697,7.220577,6.620816,0.6304985,0,1.612517,0,0,0,0,0,0,5.486308,4.347147,6.625479,0.592854,0.702737,0.482971,7.392687,6.225723,8.559652,0.5983552,0,2.120756,7.184685,6.09765,8.271721,9.831817,10,9.48212,6.920697,7.220577,6.620816,0.6304985,0,1.612517,0,0,0,0,0,0,5.486308,4.347147,6.625479,0.592854,0.702737,0.482971,7.392687,6.225723,8.559652,0.5983552,0,2.120756,7.184685,6.09765,8.271721,9.831817,10,9.48212,-1,-1,-1,-1,-1,-1,-1,-1,-1,-1,-1,-1,-1,-1,-1,-1,-1,-1,-1,-1,-1,-1,-1,-1,-1,-1,-1,-1,-1,-1,-1,-1,-1,-1,-1,-1,-1,-1,-1,-1,-1,-1,-1,-1,-1,-1,-1,-1,-1,-1,0,0,0,0,0,0,-1,-1,-1,-1,-1,-1,-1,-1,-1,-1,-1,-1,0,0,0,0,0,0,-1,-1,-1,-1,-1,-1,-1,-1,-1,-1,-1,-1,-1,-1,False,False,0,0,False,209,0,0,0,0,0,0,0,0,0,0,0,0,0,0,0,1,
0,1085,2026-02-23 14:15:42Z,LLM_Empathetic,6.920709,7.22058,6.620838,0.6304781,0,1.612505,0,0,0,0,0,0,5.486323,4.347152,6.625505,0.592854,0.702737,0.482971,7.392694,6.225719,8.559669,0.5983422,0,2.120743,7.184706,6.097661,8.271751,9.83186,10,9.482173,6.920709,7.22058,6.620838,0.6304781,0,1.612505,0,0,0,0,0,0,5.486323,4.347152,6.625505,0.592854,0.702737,0.482971,7.392694,6.225719,8.559669,0.5983422,0,2.120743,7.184706,6.097661,8.271751,9.83186,10,9.482173,-1,-1,-1,-1,-1,-1,-1,-1,-1,-1,-1,-1,-1,-1,-1,-1,-1,-1,-1,-1,-1,-1,-1,-1,-1,-1,-1,-1,-1,-1,-1,-1,-1,-1,-1,-1,-1,-1,-1,-1,-1,-1,-1,-1,-1,-1,-1,-1,-1,-1,0,0,0,0,0,0,-1,-1,-1,-1,-1,-1,-1,-1,-1,-1,-1,-1,0,0,0,0,0,0,-1,-1,-1,-1,-1,-1,-1,-1,-1,-1,-1,-1,-1,-1,False,False,0,0,False,207,0,0,0,0,0,0,0,0,0,0,0,0,0,0,0,1,
0,1086,2026-02-23 14:15:42Z,LLM_Empathetic,6.920721,7.220582,6.62086,0.6304578,0,1.612494,0,0,0,0,0,0,5.486339,4.347157,6.62553,0.592854,0.702737,0.482971,7.392702,6.225716,8.559688,0.5983292,0,2.120729,7.184727,6.097673,8.271783,9.831902,10,9.482226,6.920721,7.220582,6.62086,0.6304578,0,1.612494,0,0,0,0,0,0,5.486339,4.347157,6.62553,0.592854,0.702737,0.482971,7.392702,6.225716,8.559688,0.5983292,0,2.120729,7.184727,6.097673,8.271783,9.831902,10,9.482226,-1,-1,-1,-1,-1,-1,-1,-1,-1,-1,-1,-1,-1,-1,-1,-1,-1,-1,-1,-1,-1,-1,-1,-1,-1,-1,-1,-1,-1,-1,-1,-1,-1,-1,-1,-1,-1,-1,-1,-1,-1,-1,-1,-1,-1,-1,-1,-1,-1,-1,0,0,0,0,0,0,-1,-1,-1,-1,-1,-1,-1,-1,-1,-1,-1,-1,0,0,0,0,0,0,-1,-1,-1,-1,-1,-1,-1,-1,-1,-1,-1,-1,-1,-1,False,False,0,0,False,209,0,0,0,0,0,0,0,0,0,0,0,0,0,0,0,1,
0,1087,2026-02-23 14:15:42Z,LLM_Empathetic,6.920732,7.220584,6.620881,0.6304376,0,1.612483,0,0,0,0,0,0,5.486354,4.347162,6.625556,0.592854,0.702737,0.482971,7.392708,6.225712,8.559705,0.5983162,0,2.120717,7.184749,6.097684,8.271813,9.831944,10,9.48228,6.920732,7.220584,6.620881,0.6304376,0,1.612483,0,0,0,0,0,0,5.486354,4.347162,6.625556,0.592854,0.702737,0.482971,7.392708,6.225712,8.559705,0.5983162,0,2.120717,7.184749,6.097684,8.271813,9.831944,10,9.48228,-1,-1,-1,-1,-1,-1,-1,-1,-1,-1,-1,-1,-1,-1,-1,-1,-1,-1,-1,-1,-1,-1,-1,-1,-1,-1,-1,-1,-1,-1,-1,-1,-1,-1,-1,-1,-1,-1,-1,-1,-1,-1,-1,-1,-1,-1,-1,-1,-1,-1,0,0,0,0,0,0,-1,-1,-1,-1,-1,-1,-1,-1,-1,-1,-1,-1,0,0,0,0,0,0,-1,-1,-1,-1,-1,-1,-1,-1,-1,-1,-1,-1,-1,-1,False,False,0,0,False,209,0,0,0,0,0,0,0,0,0,0,0,0,0,0,0,1,
0,1088,2026-02-23 14:15:42Z,LLM_Empathetic,6.920744,7.220586,6.620903,0.6304173,0,1.612472,0,0,0,0,0,0,5.486369,4.347167,6.625582,0.592854,0.702737,0.482971,7.392715,6.225708,8.559723,0.5983033,0,2.120704,7.18477,6.097696,8.271845,9.831986,10,9.482333,6.920744,7.220586,6.620903,0.6304173,0,1.612472,0,0,0,0,0,0,5.486369,4.347167,6.625582,0.592854,0.702737,0.482971,7.392715,6.225708,8.559723,0.5983033,0,2.120704,7.18477,6.097696,8.271845,9.831986,10,9.482333,-1,-1,-1,-1,-1,-1,-1,-1,-1,-1,-1,-1,-1,-1,-1,-1,-1,-1,-1,-1,-1,-1,-1,-1,-1,-1,-1,-1,-1,-1,-1,-1,-1,-1,-1,-1,-1,-1,-1,-1,-1,-1,-1,-1,-1,-1,-1,-1,-1,-1,0,0,0,0,0,0,-1,-1,-1,-1,-1,-1,-1,-1,-1,-1,-1,-1,0,0,0,0,0,0,-1,-1,-1,-1,-1,-1,-1,-1,-1,-1,-1,-1,-1,-1,False,False,0,0,False,207,0,0,0,0,0,0,0,0,0,0,0,0,0,0,0,1,
0,1089,2026-02-23 14:15:42Z,LLM_Empathetic,6.920756,7.220588,6.620924,0.6303971,0,1.612461,0,0,0,0,0,0,5.486384,4.347172,6.625607,0.592854,0.702737,0.482971,7.392723,6.225705,8.55974,0.5982903,0,2.120691,7.184791,6.097707,8.271875,9.832029,10,9.482387,6.920756,7.220588,6.620924,0.6303971,0,1.612461,0,0,0,0,0,0,5.486384,4.347172,6.625607,0.592854,0.702737,0.482971,7.392723,6.225705,8.55974,0.5982903,0,2.120691,7.184791,6.097707,8.271875,9.832029,10,9.482387,-1,-1,-1,-1,-1,-1,-1,-1,-1,-1,-1,-1,-1,-1,-1,-1,-1,-1,-1,-1,-1,-1,-1,-1,-1,-1,-1,-1,-1,-1,-1,-1,-1,-1,-1,-1,-1,-1,-1,-1,-1,-1,-1,-1,-1,-1,-1,-1,-1,-1,0,0,0,0,0,0,-1,-1,-1,-1,-1,-1,-1,-1,-1,-1,-1,-1,0,0,0,0,0,0,-1,-1,-1,-1,-1,-1,-1,-1,-1,-1,-1,-1,-1,-1,False,False,0,0,False,209,0,0,0,0,0,0,0,0,0,0,0,0,0,0,0,1,
0,1090,2026-02-23 14:15:42Z,LLM_Empathetic,6.920768,7.220591,6.620946,0.6303769,0,1.61245,0,0,0,0,0,0,5.4864,4.347177,6.625633,0.592854,0.702737,0.482971,7.392729,6.225701,8.559757,0.5982774,0,2.120678,7.184813,6.097719,8.271907,9.832071,10,9.48244,6.920768,7.220591,6.620946,0.6303769,0,1.61245,0,0,0,0,0,0,5.4864,4.347177,6.625633,0.592854,0.702737,0.482971,7.392729,6.225701,8.559757,0.5982774,0,2.120678,7.184813,6.097719,8.271907,9.832071,10,9.48244,-1,-1,-1,-1,-1,-1,-1,-1,-1,-1,-1,-1,-1,-1,-1,-1,-1,-1,-1,-1,-1,-1,-1,-1,-1,-1,-1,-1,-1,-1,-1,-1,-1,-1,-1,-1,-1,-1,-1,-1,-1,-1,-1,-1,-1,-1,-1,-1,-1,-1,0,0,0,0,0,0,-1,-1,-1,-1,-1,-1,-1,-1,-1,-1,-1,-1,0,0,0,0,0,0,-1,-1,-1,-1,-1,-1,-1,-1,-1,-1,-1,-1,-1,-1,False,False,0,0,False,209,0,0,0,0,0,0,0,0,0,0,0,0,0,0,0,1,
0,1091,2026-02-23 14:15:42Z,LLM_Empathetic,6.92078,7.220592,6.620968,0.6303568,0,1.612439,0,0,0,0,0,0,5.486415,4.347182,6.625658,0.592854,0.702737,0.482971,7.392736,6.225698,8.559775,0.5982645,0,2.120665,7.184834,6.09773,8.271937,9.832114,10,9.482492,6.92078,7.220592,6.620968,0.6303568,0,1.612439,0,0,0,0,0,0,5.486415,4.347182,6.625658,0.592854,0.702737,0.482971,7.392736,6.225698,8.559775,0.5982645,0,2.120665,7.184834,6.09773,8.271937,9.832114,10,9.482492,-1,-1,-1,-1,-1,-1,-1,-1,-1,-1,-1,-1,-1,-1,-1,-1,-1,-1,-1,-1,-1,-1,-1,-1,-1,-1,-1,-1,-1,-1,-1,-1,-1,-1,-1,-1,-1,-1,-1,-1,-1,-1,-1,-1,-1,-1,-1,-1,-1,-1,0,0,0,0,0,0,-1,-1,-1,-1,-1,-1,-1,-1,-1,-1,-1,-1,0,0,0,0,0,0,-1,-1,-1,-1,-1,-1,-1,-1,-1,-1,-1,-1,-1,-1,False,False,0,0,False,209,0,0,0,0,0,0,0,0,0,0,0,0,0,0,0,1,
0,1092,2026-02-23 14:15:42Z,LLM_Empathetic,6.920792,7.220595,6.620989,0.6303366,0,1.612427,0,0,0,0,0,0,5.48643,4.347187,6.625683,0.592854,0.702737,0.482971,7.392743,6.225694,8.559793,0.5982516,0,2.120652,7.184855,6.097742,8.271969,9.832156,10,9.482546,6.920792,7.220595,6.620989,0.6303366,0,1.612427,0,0,0,0,0,0,5.48643,4.347187,6.625683,0.592854,0.702737,0.482971,7.392743,6.225694,8.559793,0.5982516,0,2.120652,7.184855,6.097742,8.271969,9.832156,10,9.482546,-1,-1,-1,-1,-1,-1,-1,-1,-1,-1,-1,-1,-1,-1,-1,-1,-1,-1,-1,-1,-1,-1,-1,-1,-1,-1,-1,-1,-1,-1,-1,-1,-1,-1,-1,-1,-1,-1,-1,-1,-1,-1,-1,-1,-1,-1,-1,-1,-1,-1,0,0,0,0,0,0,-1,-1,-1,-1,-1,-1,-1,-1,-1,-1,-1,-1,0,0,0,0,0,0,-1,-1,-1,-1,-1,-1,-1,-1,-1,-1,-1,-1,-1,-1,False,False,0,0,False,209,0,0,0,0,0,0,0,0,0,0,0,0,0,0,0,1,
0,1093,2026-02-23 14:15:42Z,LLM_Empathetic,6.920804,7.220597,6.621011,0.6303166,0,1.612416,0,0,0,0,0,0,5.486445,4.347192,6.625709,0.592854,0.702737,0.482971,7.39275,6.225691,8.55981,0.5982387,0,2.120639,7.184876,6.097753,8.271999,9.832198,10,9.482598,6.920804,7.220597,6.621011,0.6303166,0,1.612416,0,0,0,0,0,0,5.486445,4.347192,6.625709,0.592854,0.702737,0.482971,7.39275,6.225691,8.55981,0.5982387,0,2.120639,7.184876,6.097753,8.271999,9.832198,10,9.482598,-1,-1,-1,-1,-1,-1,-1,-1,-1,-1,-1,-1,-1,-1,-1,-1,-1,-1,-1,-1,-1,-1,-1,-1,-1,-1,-1,-1,-1,-1,-1,-1,-1,-1,-1,-1,-1,-1,-1,-1,-1,-1,-1,-1,-1,-1,-1,-1,-1,-1,0,0,0,0,0,0,-1,-1,-1,-1,-1,-1,-1,-1,-1,-1,-1,-1,0,0,0,0,0,0,-1,-1,-1,-1,-1,-1,-1,-1,-1,-1,-1,-1,-1,-1,False,False,0,0,False,207,0,0,0,0,0,0,0,0,0,0,0,0,0,0,0,1,
0,1094,2026-02-23 14:15:42Z,LLM_Empathetic,6.920815,7.220599,6.621032,0.6302965,0,1.612405,0,0,0,0,0,0,5.486461,4.347197,6.625734,0.592854,0.702737,0.482971,7.392757,6.225687,8.559828,0.5982259,0,2.120626,7.184897,6.097764,8.27203,9.83224,10,9.482652,6.920815,7.220599,6.621032,0.6302965,0,1.612405,0,0,0,0,0,0,5.486461,4.347197,6.625734,0.592854,0.702737,0.482971,7.392757,6.225687,8.559828,0.5982259,0,2.120626,7.184897,6.097764,8.27203,9.83224,10,9.482652,-1,-1,-1,-1,-1,-1,-1,-1,-1,-1,-1,-1,-1,-1,-1,-1,-1,-1,-1,-1,-1,-1,-1,-1,-1,-1,-1,-1,-1,-1,-1,-1,-1,-1,-1,-1,-1,-1,-1,-1,-1,-1,-1,-1,-1,-1,-1,-1,-1,-1,0,0,0,0,0,0,-1,-1,-1,-1,-1,-1,-1,-1,-1,-1,-1,-1,0,0,0,0,0,0,-1,-1,-1,-1,-1,-1,-1,-1,-1,-1,-1,-1,-1,-1,False,False,0,0,False,207,0,0,0,0,0,0,0,0,0,0,0,0,0,0,0,1,
0,1095,2026-02-23 14:15:42Z,LLM_Empathetic,6.920827,7.220601,6.621054,0.6302765,0,1.612394,0,0,0,0,0,0,5.486476,4.347202,6.62576,0.592854,0.702737,0.482971,7.392764,6.225684,8.559845,0.598213,0,2.120613,7.184918,6.097776,8.27206,9.832282,10,9.482704,6.920827,7.220601,6.621054,0.6302765,0,1.612394,0,0,0,0,0,0,5.486476,4.347202,6.62576,0.592854,0.702737,0.482971,7.392764,6.225684,8.559845,0.598213,0,2.120613,7.184918,6.097776,8.27206,9.832282,10,9.482704,-1,-1,-1,-1,-1,-1,-1,-1,-1,-1,-1,-1,-1,-1,-1,-1,-1,-1,-1,-1,-1,-1,-1,-1,-1,-1,-1,-1,-1,-1,-1,-1,-1,-1,-1,-1,-1,-1,-1,-1,-1,-1,-1,-1,-1,-1,-1,-1,-1,-1,0,0,0,0,0,0,-1,-1,-1,-1,-1,-1,-1,-1,-1,-1,-1,-1,0,0,0,0,0,0,-1,-1,-1,-1,-1,-1,-1,-1,-1,-1,-1,-1,-1,-1,False,False,0,0,False,209,0,0,0,0,0,0,0,0,0,0,0,0,0,0,0,1,
0,1096,2026-02-23 14:15:42Z,LLM_Empathetic,6.920839,7.220603,6.621075,0.6302565,0,1.612383,0,0,0,0,0,0,5.486491,4.347207,6.625785,0.592854,0.702737,0.482971,7.392771,6.22568,8.559862,0.5982003,0,2.120601,7.184939,6.097787,8.272091,9.832324,10,9.482757,6.920839,7.220603,6.621075,0.6302565,0,1.612383,0,0,0,0,0,0,5.486491,4.347207,6.625785,0.592854,0.702737,0.482971,7.392771,6.22568,8.559862,0.5982003,0,2.120601,7.184939,6.097787,8.272091,9.832324,10,9.482757,-1,-1,-1,-1,-1,-1,-1,-1,-1,-1,-1,-1,-1,-1,-1,-1,-1,-1,-1,-1,-1,-1,-1,-1,-1,-1,-1,-1,-1,-1,-1,-1,-1,-1,-1,-1,-1,-1,-1,-1,-1,-1,-1,-1,-1,-1,-1,-1,-1,-1,0,0,0,0,0,0,-1,-1,-1,-1,-1,-1,-1,-1,-1,-1,-1,-1,0,0,0,0,0,0,-1,-1,-1,-1,-1,-1,-1,-1,-1,-1,-1,-1,-1,-1,False,False,0,0,False,209,0,0,0,0,0,0,0,0,0,0,0,0,0,0,0,1,
0,1097,2026-02-23 14:15:42Z,LLM_Empathetic,6.920851,7.220605,6.621097,0.6302365,0,1.612372,0,0,0,0,0,0,5.486506,4.347212,6.62581,0.592854,0.702737,0.482971,7.392778,6.225677,8.559879,0.5981874,0,2.120588,7.18496,6.097799,8.272121,9.832366,10,9.482809,6.920851,7.220605,6.621097,0.6302365,0,1.612372,0,0,0,0,0,0,5.486506,4.347212,6.62581,0.592854,0.702737,0.482971,7.392778,6.225677,8.559879,0.5981874,0,2.120588,7.18496,6.097799,8.272121,9.832366,10,9.482809,-1,-1,-1,-1,-1,-1,-1,-1,-1,-1,-1,-1,-1,-1,-1,-1,-1,-1,-1,-1,-1,-1,-1,-1,-1,-1,-1,-1,-1,-1,-1,-1,-1,-1,-1,-1,-1,-1,-1,-1,-1,-1,-1,-1,-1,-1,-1,-1,-1,-1,0,0,0,0,0,0,-1,-1,-1,-1,-1,-1,-1,-1,-1,-1,-1,-1,0,0,0,0,0,0,-1,-1,-1,-1,-1,-1,-1,-1,-1,-1,-1,-1,-1,-1,False,False,0,0,False,209,0,0,0,0,0,0,0,0,0,0,0,0,0,0,0,1,
0,1098,2026-02-23 14:15:42Z,LLM_Empathetic,6.920863,7.220607,6.621118,0.6302166,0,1.612361,0,0,0,0,0,0,5.486521,4.347217,6.625835,0.592854,0.702737,0.482971,7.392785,6.225673,8.559896,0.5981747,0,2.120575,7.184981,6.09781,8.272153,9.832408,10,9.482862,6.920863,7.220607,6.621118,0.6302166,0,1.612361,0,0,0,0,0,0,5.486521,4.347217,6.625835,0.592854,0.702737,0.482971,7.392785,6.225673,8.559896,0.5981747,0,2.120575,7.184981,6.09781,8.272153,9.832408,10,9.482862,-1,-1,-1,-1,-1,-1,-1,-1,-1,-1,-1,-1,-1,-1,-1,-1,-1,-1,-1,-1,-1,-1,-1,-1,-1,-1,-1,-1,-1,-1,-1,-1,-1,-1,-1,-1,-1,-1,-1,-1,-1,-1,-1,-1,-1,-1,-1,-1,-1,-1,0,0,0,0,0,0,-1,-1,-1,-1,-1,-1,-1,-1,-1,-1,-1,-1,0,0,0,0,0,0,-1,-1,-1,-1,-1,-1,-1,-1,-1,-1,-1,-1,-1,-1,False,False,0,0,False,207,0,0,0,0,0,0,0,0,0,0,0,0,0,0,0,1,
0,1099,2026-02-23 14:15:42Z,LLM_Empathetic,6.920875,7.22061,6.621139,0.6301966,0,1.61235,0,0,0,0,0,0,5.486536,4.347222,6.62586,0.592854,0.702737,0.482971,7.392792,6.225669,8.559914,0.5981619,0,2.120562,7.185002,6.097821,8.272183,9.83245,10,9.482914,6.920875,7.22061,6.621139,0.6301966,0,1.61235,0,0,0,0,0,0,5.486536,4.347222,6.62586,0.592854,0.702737,0.482971,7.392792,6.225669,8.559914,0.5981619,0,2.120562,7.185002,6.097821,8.272183,9.83245,10,9.482914,-1,-1,-1,-1,-1,-1,-1,-1,-1,-1,-1,-1,-1,-1,-1,-1,-1,-1,-1,-1,-1,-1,-1,-1,-1,-1,-1,-1,-1,-1,-1,-1,-1,-1,-1,-1,-1,-1,-1,-1,-1,-1,-1,-1,-1,-1,-1,-1,-1,-1,0,0,0,0,0,0,-1,-1,-1,-1,-1,-1,-1,-1,-1,-1,-1,-1,0,0,0,0,0,0,-1,-1,-1,-1,-1,-1,-1,-1,-1,-1,-1,-1,-1,-1,False,False,0,0,False,207,0,0,0,0,0,0,0,0,0,0,0,0,0,0,0,1,
0,1100,2026-02-23 14:15:42Z,LLM_Empathetic,6.920886,7.220612,6.621161,0.6301768,0,1.612339,0,0,0,0,0,0,5.486551,4.347227,6.625885,0.592854,0.702737,0.482971,7.392798,6.225666,8.559931,0.5981492,0,2.12055,7.185023,6.097833,8.272213,9.832492,10,9.482966,6.920886,7.220612,6.621161,0.6301768,0,1.612339,0,0,0,0,0,0,5.486551,4.347227,6.625885,0.592854,0.702737,0.482971,7.392798,6.225666,8.559931,0.5981492,0,2.12055,7.185023,6.097833,8.272213,9.832492,10,9.482966,-1,-1,-1,-1,-1,-1,-1,-1,-1,-1,-1,-1,-1,-1,-1,-1,-1,-1,-1,-1,-1,-1,-1,-1,-1,-1,-1,-1,-1,-1,-1,-1,-1,-1,-1,-1,-1,-1,-1,-1,-1,-1,-1,-1,-1,-1,-1,-1,-1,-1,0,0,0,0,0,0,-1,-1,-1,-1,-1,-1,-1,-1,-1,-1,-1,-1,0,0,0,0,0,0,-1,-1,-1,-1,-1,-1,-1,-1,-1,-1,-1,-1,-1,-1,False,False,0,0,False,209,0,0,0,0,0,0,0,0,0,0,0,0,0,0,0,1,
0,1101,2026-02-23 14:15:42Z,LLM_Empathetic,6.920898,7.220614,6.621181,0.6301569,0,1.612328,0,0,0,0,0,0,5.486566,4.347232,6.625911,0.592854,0.702737,0.482971,7.392805,6.225662,8.559949,0.5981365,0,2.120537,7.185043,6.097844,8.272243,9.832533,10,9.483019,6.920898,7.220614,6.621181,0.6301569,0,1.612328,0,0,0,0,0,0,5.486566,4.347232,6.625911,0.592854,0.702737,0.482971,7.392805,6.225662,8.559949,0.5981365,0,2.120537,7.185043,6.097844,8.272243,9.832533,10,9.483019,-1,-1,-1,-1,-1,-1,-1,-1,-1,-1,-1,-1,-1,-1,-1,-1,-1,-1,-1,-1,-1,-1,-1,-1,-1,-1,-1,-1,-1,-1,-1,-1,-1,-1,-1,-1,-1,-1,-1,-1,-1,-1,-1,-1,-1,-1,-1,-1,-1,-1,0,0,0,0,0,0,-1,-1,-1,-1,-1,-1,-1,-1,-1,-1,-1,-1,0,0,0,0,0,0,-1,-1,-1,-1,-1,-1,-1,-1,-1,-1,-1,-1,-1,-1,False,False,0,0,False,209,0,0,0,0,0,0,0,0,0,0,0,0,0,0,0,1,
0,1102,2026-02-23 14:15:42Z,LLM_Empathetic,6.920909,7.220616,6.621203,0.6301371,0,1.612317,0,0,0,0,0,0,5.486581,4.347237,6.625936,0.592854,0.702737,0.482971,7.392812,6.225659,8.559966,0.5981238,0,2.120524,7.185064,6.097855,8.272274,9.832575,10,9.483071,6.920909,7.220616,6.621203,0.6301371,0,1.612317,0,0,0,0,0,0,5.486581,4.347237,6.625936,0.592854,0.702737,0.482971,7.392812,6.225659,8.559966,0.5981238,0,2.120524,7.185064,6.097855,8.272274,9.832575,10,9.483071,-1,-1,-1,-1,-1,-1,-1,-1,-1,-1,-1,-1,-1,-1,-1,-1,-1,-1,-1,-1,-1,-1,-1,-1,-1,-1,-1,-1,-1,-1,-1,-1,-1,-1,-1,-1,-1,-1,-1,-1,-1,-1,-1,-1,-1,-1,-1,-1,-1,-1,0,0,0,0,0,0,-1,-1,-1,-1,-1,-1,-1,-1,-1,-1,-1,-1,0,0,0,0,0,0,-1,-1,-1,-1,-1,-1,-1,-1,-1,-1,-1,-1,-1,-1,False,False,0,0,False,209,0,0,0,0,0,0,0,0,0,0,0,0,0,0,0,1,
0,1103,2026-02-23 14:15:42Z,LLM_Empathetic,6.920921,7.220618,6.621224,0.6301173,0,1.612306,0,0,0,0,0,0,5.486596,4.347242,6.62596,0.592854,0.702737,0.482971,7.392819,6.225656,8.559983,0.5981111,0,2.120512,7.185085,6.097867,8.272305,9.832617,10,9.483124,6.920921,7.220618,6.621224,0.6301173,0,1.612306,0,0,0,0,0,0,5.486596,4.347242,6.62596,0.592854,0.702737,0.482971,7.392819,6.225656,8.559983,0.5981111,0,2.120512,7.185085,6.097867,8.272305,9.832617,10,9.483124,-1,-1,-1,-1,-1,-1,-1,-1,-1,-1,-1,-1,-1,-1,-1,-1,-1,-1,-1,-1,-1,-1,-1,-1,-1,-1,-1,-1,-1,-1,-1,-1,-1,-1,-1,-1,-1,-1,-1,-1,-1,-1,-1,-1,-1,-1,-1,-1,-1,-1,0,0,0,0,0,0,-1,-1,-1,-1,-1,-1,-1,-1,-1,-1,-1,-1,0,0,0,0,0,0,-1,-1,-1,-1,-1,-1,-1,-1,-1,-1,-1,-1,-1,-1,False,False,0,0,False,209,0,0,0,0,0,0,0,0,0,0,0,0,0,0,0,1,
0,1104,2026-02-23 14:15:42Z,LLM_Empathetic,6.920933,7.22062,6.621245,0.6300975,0,1.612296,0,0,0,0,0,0,5.486611,4.347247,6.625986,0.592854,0.702737,0.482971,7.392826,6.225652,8.56,0.5980985,0,2.120499,7.185106,6.097878,8.272335,9.832658,10,9.483175,6.920933,7.22062,6.621245,0.6300975,0,1.612296,0,0,0,0,0,0,5.486611,4.347247,6.625986,0.592854,0.702737,0.482971,7.392826,6.225652,8.56,0.5980985,0,2.120499,7.185106,6.097878,8.272335,9.832658,10,9.483175,-1,-1,-1,-1,-1,-1,-1,-1,-1,-1,-1,-1,-1,-1,-1,-1,-1,-1,-1,-1,-1,-1,-1,-1,-1,-1,-1,-1,-1,-1,-1,-1,-1,-1,-1,-1,-1,-1,-1,-1,-1,-1,-1,-1,-1,-1,-1,-1,-1,-1,0,0,0,0,0,0,-1,-1,-1,-1,-1,-1,-1,-1,-1,-1,-1,-1,0,0,0,0,0,0,-1,-1,-1,-1,-1,-1,-1,-1,-1,-1,-1,-1,-1,-1,False,False,0,0,False,207,0,0,0,0,0,0,0,0,0,0,0,0,0,0,0,1,
0,1105,2026-02-23 14:15:42Z,LLM_Empathetic,6.920944,7.220622,6.621266,0.6300778,0,1.612285,0,0,0,0,0,0,5.486626,4.347252,6.62601,0.592854,0.702737,0.482971,7.392833,6.225648,8.560018,0.5980858,0,2.120486,7.185127,6.097889,8.272366,9.8327,10,9.483228,6.920944,7.220622,6.621266,0.6300778,0,1.612285,0,0,0,0,0,0,5.486626,4.347252,6.62601,0.592854,0.702737,0.482971,7.392833,6.225648,8.560018,0.5980858,0,2.120486,7.185127,6.097889,8.272366,9.8327,10,9.483228,-1,-1,-1,-1,-1,-1,-1,-1,-1,-1,-1,-1,-1,-1,-1,-1,-1,-1,-1,-1,-1,-1,-1,-1,-1,-1,-1,-1,-1,-1,-1,-1,-1,-1,-1,-1,-1,-1,-1,-1,-1,-1,-1,-1,-1,-1,-1,-1,-1,-1,0,0,0,0,0,0,-1,-1,-1,-1,-1,-1,-1,-1,-1,-1,-1,-1,0,0,0,0,0,0,-1,-1,-1,-1,-1,-1,-1,-1,-1,-1,-1,-1,-1,-1,False,False,0,0,False,209,0,0,0,0,0,0,0,0,0,0,0,0,0,0,0,1,
0,1106,2026-02-23 14:15:43Z,LLM_Empathetic,6.920956,7.220624,6.621287,0.6300581,0,1.612274,0,0,0,0,0,0,5.486641,4.347257,6.626035,0.592854,0.702737,0.482971,7.392839,6.225645,8.560034,0.5980732,0,2.120474,7.185147,6.0979,8.272395,9.832741,10,9.483279,6.920956,7.220624,6.621287,0.6300581,0,1.612274,0,0,0,0,0,0,5.486641,4.347257,6.626035,0.592854,0.702737,0.482971,7.392839,6.225645,8.560034,0.5980732,0,2.120474,7.185147,6.0979,8.272395,9.832741,10,9.483279,-1,-1,-1,-1,-1,-1,-1,-1,-1,-1,-1,-1,-1,-1,-1,-1,-1,-1,-1,-1,-1,-1,-1,-1,-1,-1,-1,-1,-1,-1,-1,-1,-1,-1,-1,-1,-1,-1,-1,-1,-1,-1,-1,-1,-1,-1,-1,-1,-1,-1,0,0,0,0,0,0,-1,-1,-1,-1,-1,-1,-1,-1,-1,-1,-1,-1,0,0,0,0,0,0,-1,-1,-1,-1,-1,-1,-1,-1,-1,-1,-1,-1,-1,-1,False,False,0,0,False,209,0,0,0,0,0,0,0,0,0,0,0,0,0,0,0,1,
0,1107,2026-02-23 14:15:43Z,LLM_Empathetic,6.920968,7.220626,6.621308,0.6300384,0,1.612263,0,0,0,0,0,0,5.486656,4.347262,6.62606,0.592854,0.702737,0.482971,7.392846,6.225641,8.560051,0.5980606,0,2.120461,7.185168,6.097911,8.272426,9.832782,10,9.483331,6.920968,7.220626,6.621308,0.6300384,0,1.612263,0,0,0,0,0,0,5.486656,4.347262,6.62606,0.592854,0.702737,0.482971,7.392846,6.225641,8.560051,0.5980606,0,2.120461,7.185168,6.097911,8.272426,9.832782,10,9.483331,-1,-1,-1,-1,-1,-1,-1,-1,-1,-1,-1,-1,-1,-1,-1,-1,-1,-1,-1,-1,-1,-1,-1,-1,-1,-1,-1,-1,-1,-1,-1,-1,-1,-1,-1,-1,-1,-1,-1,-1,-1,-1,-1,-1,-1,-1,-1,-1,-1,-1,0,0,0,0,0,0,-1,-1,-1,-1,-1,-1,-1,-1,-1,-1,-1,-1,0,0,0,0,0,0,-1,-1,-1,-1,-1,-1,-1,-1,-1,-1,-1,-1,-1,-1,False,False,0,0,False,209,0,0,0,0,0,0,0,0,0,0,0,0,0,0,0,1,
0,1108,2026-02-23 14:15:43Z,LLM_Empathetic,6.920979,7.220629,6.621329,0.6300188,0,1.612252,0,0,0,0,0,0,5.486671,4.347267,6.626085,0.592854,0.702737,0.482971,7.392853,6.225638,8.560068,0.598048,0,2.120448,7.185189,6.097923,8.272455,9.832824,10,9.483383,6.920979,7.220629,6.621329,0.6300188,0,1.612252,0,0,0,0,0,0,5.486671,4.347267,6.626085,0.592854,0.702737,0.482971,7.392853,6.225638,8.560068,0.598048,0,2.120448,7.185189,6.097923,8.272455,9.832824,10,9.483383,-1,-1,-1,-1,-1,-1,-1,-1,-1,-1,-1,-1,-1,-1,-1,-1,-1,-1,-1,-1,-1,-1,-1,-1,-1,-1,-1,-1,-1,-1,-1,-1,-1,-1,-1,-1,-1,-1,-1,-1,-1,-1,-1,-1,-1,-1,-1,-1,-1,-1,0,0,0,0,0,0,-1,-1,-1,-1,-1,-1,-1,-1,-1,-1,-1,-1,0,0,0,0,0,0,-1,-1,-1,-1,-1,-1,-1,-1,-1,-1,-1,-1,-1,-1,False,False,0,0,False,209,0,0,0,0,0,0,0,0,0,0,0,0,0,0,0,1,
0,1109,2026-02-23 14:15:43Z,LLM_Empathetic,6.92099,7.220631,6.62135,0.6299992,0,1.612241,0,0,0,0,0,0,5.486686,4.347272,6.62611,0.592854,0.702737,0.482971,7.39286,6.225635,8.560085,0.5980355,0,2.120436,7.185209,6.097934,8.272486,9.832865,10,9.483435,6.92099,7.220631,6.62135,0.6299992,0,1.612241,0,0,0,0,0,0,5.486686,4.347272,6.62611,0.592854,0.702737,0.482971,7.39286,6.225635,8.560085,0.5980355,0,2.120436,7.185209,6.097934,8.272486,9.832865,10,9.483435,-1,-1,-1,-1,-1,-1,-1,-1,-1,-1,-1,-1,-1,-1,-1,-1,-1,-1,-1,-1,-1,-1,-1,-1,-1,-1,-1,-1,-1,-1,-1,-1,-1,-1,-1,-1,-1,-1,-1,-1,-1,-1,-1,-1,-1,-1,-1,-1,-1,-1,0,0,0,0,0,0,-1,-1,-1,-1,-1,-1,-1,-1,-1,-1,-1,-1,0,0,0,0,0,0,-1,-1,-1,-1,-1,-1,-1,-1,-1,-1,-1,-1,-1,-1,False,False,0,0,False,209,0,0,0,0,0,0,0,0,0,0,0,0,0,0,0,1,
0,1110,2026-02-23 14:15:43Z,LLM_Empathetic,6.921002,7.220633,6.621371,0.6299796,0,1.612231,0,0,0,0,0,0,5.486701,4.347277,6.626134,0.592854,0.702737,0.482971,7.392867,6.225631,8.560102,0.5980229,0,2.120423,7.18523,6.097945,8.272515,9.832906,10,9.483486,6.921002,7.220633,6.621371,0.6299796,0,1.612231,0,0,0,0,0,0,5.486701,4.347277,6.626134,0.592854,0.702737,0.482971,7.392867,6.225631,8.560102,0.5980229,0,2.120423,7.18523,6.097945,8.272515,9.832906,10,9.483486,-1,-1,-1,-1,-1,-1,-1,-1,-1,-1,-1,-1,-1,-1,-1,-1,-1,-1,-1,-1,-1,-1,-1,-1,-1,-1,-1,-1,-1,-1,-1,-1,-1,-1,-1,-1,-1,-1,-1,-1,-1,-1,-1,-1,-1,-1,-1,-1,-1,-1,0,0,0,0,0,0,-1,-1,-1,-1,-1,-1,-1,-1,-1,-1,-1,-1,0,0,0,0,0,0,-1,-1,-1,-1,-1,-1,-1,-1,-1,-1,-1,-1,-1,-1,False,False,0,0,False,209,0,0,0,0,0,0,0,0,0,0,0,0,0,0,0,1,
0,1111,2026-02-23 14:15:43Z,LLM_Empathetic,6.921014,7.220635,6.621392,0.62996,0,1.61222,0,0,0,0,0,0,5.486715,4.347281,6.626159,0.592854,0.702737,0.482971,7.392873,6.225627,8.56012,0.5980104,0,2.120411,7.18525,6.097956,8.272546,9.832947,10,9.483538,6.921014,7.220635,6.621392,0.62996,0,1.61222,0,0,0,0,0,0,5.486715,4.347281,6.626159,0.592854,0.702737,0.482971,7.392873,6.225627,8.56012,0.5980104,0,2.120411,7.18525,6.097956,8.272546,9.832947,10,9.483538,-1,-1,-1,-1,-1,-1,-1,-1,-1,-1,-1,-1,-1,-1,-1,-1,-1,-1,-1,-1,-1,-1,-1,-1,-1,-1,-1,-1,-1,-1,-1,-1,-1,-1,-1,-1,-1,-1,-1,-1,-1,-1,-1,-1,-1,-1,-1,-1,-1,-1,0,0,0,0,0,0,-1,-1,-1,-1,-1,-1,-1,-1,-1,-1,-1,-1,0,0,0,0,0,0,-1,-1,-1,-1,-1,-1,-1,-1,-1,-1,-1,-1,-1,-1,False,False,0,0,False,207,0,0,0,0,0,0,0,0,0,0,0,0,0,0,0,1,
0,1112,2026-02-23 14:15:43Z,LLM_Empathetic,6.921025,7.220637,6.621413,0.6299405,0,1.612209,0,0,0,0,0,0,5.48673,4.347286,6.626184,0.592854,0.702737,0.482971,7.39288,6.225624,8.560136,0.5979978,0,2.120398,7.185271,6.097967,8.272575,9.832988,10,9.483589,6.921025,7.220637,6.621413,0.6299405,0,1.612209,0,0,0,0,0,0,5.48673,4.347286,6.626184,0.592854,0.702737,0.482971,7.39288,6.225624,8.560136,0.5979978,0,2.120398,7.185271,6.097967,8.272575,9.832988,10,9.483589,-1,-1,-1,-1,-1,-1,-1,-1,-1,-1,-1,-1,-1,-1,-1,-1,-1,-1,-1,-1,-1,-1,-1,-1,-1,-1,-1,-1,-1,-1,-1,-1,-1,-1,-1,-1,-1,-1,-1,-1,-1,-1,-1,-1,-1,-1,-1,-1,-1,-1,0,0,0,0,0,0,-1,-1,-1,-1,-1,-1,-1,-1,-1,-1,-1,-1,0,0,0,0,0,0,-1,-1,-1,-1,-1,-1,-1,-1,-1,-1,-1,-1,-1,-1,False,False,0,0,False,209,0,0,0,0,0,0,0,0,0,0,0,0,0,0,0,1,
0,1113,2026-02-23 14:15:43Z,LLM_Empathetic,6.921037,7.220639,6.621434,0.629921,0,1.612198,0,0,0,0,0,0,5.486745,4.347291,6.626209,0.592854,0.702737,0.482971,7.392887,6.225621,8.560153,0.5979854,0,2.120386,7.185291,6.097978,8.272606,9.833029,10,9.483641,6.921037,7.220639,6.621434,0.629921,0,1.612198,0,0,0,0,0,0,5.486745,4.347291,6.626209,0.592854,0.702737,0.482971,7.392887,6.225621,8.560153,0.5979854,0,2.120386,7.185291,6.097978,8.272606,9.833029,10,9.483641,-1,-1,-1,-1,-1,-1,-1,-1,-1,-1,-1,-1,-1,-1,-1,-1,-1,-1,-1,-1,-1,-1,-1,-1,-1,-1,-1,-1,-1,-1,-1,-1,-1,-1,-1,-1,-1,-1,-1,-1,-1,-1,-1,-1,-1,-1,-1,-1,-1,-1,0,0,0,0,0,0,-1,-1,-1,-1,-1,-1,-1,-1,-1,-1,-1,-1,0,0,0,0,0,0,-1,-1,-1,-1,-1,-1,-1,-1,-1,-1,-1,-1,-1,-1,False,False,0,0,False,209,0,0,0,0,0,0,0,0,0,0,0,0,0,0,0,1,
0,1114,2026-02-23 14:15:43Z,LLM_Empathetic,6.921048,7.220641,6.621455,0.6299015,0,1.612188,0,0,0,0,0,0,5.48676,4.347296,6.626233,0.592854,0.702737,0.482971,7.392893,6.225617,8.56017,0.5979729,0,2.120373,7.185312,6.097989,8.272635,9.83307,10,9.483692,6.921048,7.220641,6.621455,0.6299015,0,1.612188,0,0,0,0,0,0,5.48676,4.347296,6.626233,0.592854,0.702737,0.482971,7.392893,6.225617,8.56017,0.5979729,0,2.120373,7.185312,6.097989,8.272635,9.83307,10,9.483692,-1,-1,-1,-1,-1,-1,-1,-1,-1,-1,-1,-1,-1,-1,-1,-1,-1,-1,-1,-1,-1,-1,-1,-1,-1,-1,-1,-1,-1,-1,-1,-1,-1,-1,-1,-1,-1,-1,-1,-1,-1,-1,-1,-1,-1,-1,-1,-1,-1,-1,0,0,0,0,0,0,-1,-1,-1,-1,-1,-1,-1,-1,-1,-1,-1,-1,0,0,0,0,0,0,-1,-1,-1,-1,-1,-1,-1,-1,-1,-1,-1,-1,-1,-1,False,False,0,0,False,207,0,0,0,0,0,0,0,0,0,0,0,0,0,0,0,1,
0,1115,2026-02-23 14:15:43Z,LLM_Empathetic,6.92106,7.220643,6.621476,0.629882,0,1.612177,0,0,0,0,0,0,5.486774,4.347301,6.626258,0.592854,0.702737,0.482971,7.3929,6.225614,8.560187,0.5979604,0,2.120361,7.185332,6.098001,8.272665,9.83311,10,9.483743,6.92106,7.220643,6.621476,0.629882,0,1.612177,0,0,0,0,0,0,5.486774,4.347301,6.626258,0.592854,0.702737,0.482971,7.3929,6.225614,8.560187,0.5979604,0,2.120361,7.185332,6.098001,8.272665,9.83311,10,9.483743,-1,-1,-1,-1,-1,-1,-1,-1,-1,-1,-1,-1,-1,-1,-1,-1,-1,-1,-1,-1,-1,-1,-1,-1,-1,-1,-1,-1,-1,-1,-1,-1,-1,-1,-1,-1,-1,-1,-1,-1,-1,-1,-1,-1,-1,-1,-1,-1,-1,-1,0,0,0,0,0,0,-1,-1,-1,-1,-1,-1,-1,-1,-1,-1,-1,-1,0,0,0,0,0,0,-1,-1,-1,-1,-1,-1,-1,-1,-1,-1,-1,-1,-1,-1,False,False,0,0,False,207,0,0,0,0,0,0,0,0,0,0,0,0,0,0,0,1,
0,1116,2026-02-23 14:15:43Z,LLM_Empathetic,6.921071,7.220645,6.621497,0.6298626,0,1.612166,0,0,0,0,0,0,5.486789,4.347306,6.626282,0.592854,0.702737,0.482971,7.392907,6.22561,8.560204,0.597948,0,2.120348,7.185353,6.098011,8.272695,9.833151,10,9.483794,6.921071,7.220645,6.621497,0.6298626,0,1.612166,0,0,0,0,0,0,5.486789,4.347306,6.626282,0.592854,0.702737,0.482971,7.392907,6.22561,8.560204,0.597948,0,2.120348,7.185353,6.098011,8.272695,9.833151,10,9.483794,-1,-1,-1,-1,-1,-1,-1,-1,-1,-1,-1,-1,-1,-1,-1,-1,-1,-1,-1,-1,-1,-1,-1,-1,-1,-1,-1,-1,-1,-1,-1,-1,-1,-1,-1,-1,-1,-1,-1,-1,-1,-1,-1,-1,-1,-1,-1,-1,-1,-1,0,0,0,0,0,0,-1,-1,-1,-1,-1,-1,-1,-1,-1,-1,-1,-1,0,0,0,0,0,0,-1,-1,-1,-1,-1,-1,-1,-1,-1,-1,-1,-1,-1,-1,False,False,0,0,False,209,0,0,0,0,0,0,0,0,0,0,0,0,0,0,0,1,
0,1117,2026-02-23 14:15:43Z,LLM_Empathetic,6.921082,7.220647,6.621517,0.6298432,0,1.612155,0,0,0,0,0,0,5.486804,4.347311,6.626307,0.592854,0.702737,0.482971,7.392913,6.225607,8.560221,0.5979356,0,2.120336,7.185373,6.098022,8.272724,9.833192,10,9.483846,6.921082,7.220647,6.621517,0.6298432,0,1.612155,0,0,0,0,0,0,5.486804,4.347311,6.626307,0.592854,0.702737,0.482971,7.392913,6.225607,8.560221,0.5979356,0,2.120336,7.185373,6.098022,8.272724,9.833192,10,9.483846,-1,-1,-1,-1,-1,-1,-1,-1,-1,-1,-1,-1,-1,-1,-1,-1,-1,-1,-1,-1,-1,-1,-1,-1,-1,-1,-1,-1,-1,-1,-1,-1,-1,-1,-1,-1,-1,-1,-1,-1,-1,-1,-1,-1,-1,-1,-1,-1,-1,-1,0,0,0,0,0,0,-1,-1,-1,-1,-1,-1,-1,-1,-1,-1,-1,-1,0,0,0,0,0,0,-1,-1,-1,-1,-1,-1,-1,-1,-1,-1,-1,-1,-1,-1,False,False,0,0,False,207,0,0,0,0,0,0,0,0,0,0,0,0,0,0,0,1,
0,1118,2026-02-23 14:15:43Z,LLM_Empathetic,6.921094,7.220649,6.621538,0.6298239,0,1.612145,0,0,0,0,0,0,5.486818,4.347316,6.626331,0.592854,0.702737,0.482971,7.39292,6.225603,8.560238,0.5979232,0,2.120324,7.185393,6.098033,8.272755,9.833232,10,9.483896,6.921094,7.220649,6.621538,0.6298239,0,1.612145,0,0,0,0,0,0,5.486818,4.347316,6.626331,0.592854,0.702737,0.482971,7.39292,6.225603,8.560238,0.5979232,0,2.120324,7.185393,6.098033,8.272755,9.833232,10,9.483896,-1,-1,-1,-1,-1,-1,-1,-1,-1,-1,-1,-1,-1,-1,-1,-1,-1,-1,-1,-1,-1,-1,-1,-1,-1,-1,-1,-1,-1,-1,-1,-1,-1,-1,-1,-1,-1,-1,-1,-1,-1,-1,-1,-1,-1,-1,-1,-1,-1,-1,0,0,0,0,0,0,-1,-1,-1,-1,-1,-1,-1,-1,-1,-1,-1,-1,0,0,0,0,0,0,-1,-1,-1,-1,-1,-1,-1,-1,-1,-1,-1,-1,-1,-1,False,False,0,0,False,209,0,0,0,0,0,0,0,0,0,0,0,0,0,0,0,1,
0,1119,2026-02-23 14:15:43Z,LLM_Empathetic,6.921105,7.220651,6.621559,0.6298045,0,1.612134,0,0,0,0,0,0,5.486833,4.347321,6.626356,0.592854,0.702737,0.482971,7.392927,6.2256,8.560254,0.5979108,0,2.120311,7.185414,6.098044,8.272784,9.833273,10,9.483947,6.921105,7.220651,6.621559,0.6298045,0,1.612134,0,0,0,0,0,0,5.486833,4.347321,6.626356,0.592854,0.702737,0.482971,7.392927,6.2256,8.560254,0.5979108,0,2.120311,7.185414,6.098044,8.272784,9.833273,10,9.483947,-1,-1,-1,-1,-1,-1,-1,-1,-1,-1,-1,-1,-1,-1,-1,-1,-1,-1,-1,-1,-1,-1,-1,-1,-1,-1,-1,-1,-1,-1,-1,-1,-1,-1,-1,-1,-1,-1,-1,-1,-1,-1,-1,-1,-1,-1,-1,-1,-1,-1,0,0,0,0,0,0,-1,-1,-1,-1,-1,-1,-1,-1,-1,-1,-1,-1,0,0,0,0,0,0,-1,-1,-1,-1,-1,-1,-1,-1,-1,-1,-1,-1,-1,-1,False,False,0,0,False,207,0,0,0,0,0,0,0,0,0,0,0,0,0,0,0,1,
0,1120,2026-02-23 14:15:43Z,LLM_Empathetic,6.921116,7.220654,6.62158,0.6297852,0,1.612123,0,0,0,0,0,0,5.486847,4.347325,6.62638,0.592854,0.702737,0.482971,7.392933,6.225596,8.560271,0.5978984,0,2.120299,7.185434,6.098055,8.272814,9.833313,10,9.483998,6.921116,7.220654,6.62158,0.6297852,0,1.612123,0,0,0,0,0,0,5.486847,4.347325,6.62638,0.592854,0.702737,0.482971,7.392933,6.225596,8.560271,0.5978984,0,2.120299,7.185434,6.098055,8.272814,9.833313,10,9.483998,-1,-1,-1,-1,-1,-1,-1,-1,-1,-1,-1,-1,-1,-1,-1,-1,-1,-1,-1,-1,-1,-1,-1,-1,-1,-1,-1,-1,-1,-1,-1,-1,-1,-1,-1,-1,-1,-1,-1,-1,-1,-1,-1,-1,-1,-1,-1,-1,-1,-1,0,0,0,0,0,0,-1,-1,-1,-1,-1,-1,-1,-1,-1,-1,-1,-1,0,0,0,0,0,0,-1,-1,-1,-1,-1,-1,-1,-1,-1,-1,-1,-1,-1,-1,False,False,0,0,False,207,0,0,0,0,0,0,0,0,0,0,0,0,0,0,0,1,
0,1121,2026-02-23 14:15:43Z,LLM_Empathetic,6.921128,7.220655,6.6216,0.6297659,0,1.612113,0,0,0,0,0,0,5.486862,4.34733,6.626404,0.592854,0.702737,0.482971,7.39294,6.225593,8.560287,0.5978861,0,2.120286,7.185454,6.098066,8.272843,9.833354,10,9.484049,6.921128,7.220655,6.6216,0.6297659,0,1.612113,0,0,0,0,0,0,5.486862,4.34733,6.626404,0.592854,0.702737,0.482971,7.39294,6.225593,8.560287,0.5978861,0,2.120286,7.185454,6.098066,8.272843,9.833354,10,9.484049,-1,-1,-1,-1,-1,-1,-1,-1,-1,-1,-1,-1,-1,-1,-1,-1,-1,-1,-1,-1,-1,-1,-1,-1,-1,-1,-1,-1,-1,-1,-1,-1,-1,-1,-1,-1,-1,-1,-1,-1,-1,-1,-1,-1,-1,-1,-1,-1,-1,-1,0,0,0,0,0,0,-1,-1,-1,-1,-1,-1,-1,-1,-1,-1,-1,-1,0,0,0,0,0,0,-1,-1,-1,-1,-1,-1,-1,-1,-1,-1,-1,-1,-1,-1,False,False,0,0,False,207,0,0,0,0,0,0,0,0,0,0,0,0,0,0,0,1,
0,1122,2026-02-23 14:15:43Z,LLM_Empathetic,6.921139,7.220657,6.621621,0.6297467,0,1.612102,0,0,0,0,0,0,5.486876,4.347335,6.626429,0.592854,0.702737,0.482971,7.392947,6.22559,8.560305,0.5978737,0,2.120274,7.185474,6.098077,8.272873,9.833394,10,9.484099,6.921139,7.220657,6.621621,0.6297467,0,1.612102,0,0,0,0,0,0,5.486876,4.347335,6.626429,0.592854,0.702737,0.482971,7.392947,6.22559,8.560305,0.5978737,0,2.120274,7.185474,6.098077,8.272873,9.833394,10,9.484099,-1,-1,-1,-1,-1,-1,-1,-1,-1,-1,-1,-1,-1,-1,-1,-1,-1,-1,-1,-1,-1,-1,-1,-1,-1,-1,-1,-1,-1,-1,-1,-1,-1,-1,-1,-1,-1,-1,-1,-1,-1,-1,-1,-1,-1,-1,-1,-1,-1,-1,0,0,0,0,0,0,-1,-1,-1,-1,-1,-1,-1,-1,-1,-1,-1,-1,0,0,0,0,0,0,-1,-1,-1,-1,-1,-1,-1,-1,-1,-1,-1,-1,-1,-1,False,False,0,0,False,207,0,0,0,0,0,0,0,0,0,0,0,0,0,0,0,1,
0,1123,2026-02-23 14:15:43Z,LLM_Empathetic,6.921151,7.22066,6.621641,0.6297274,0,1.612092,0,0,0,0,0,0,5.486891,4.34734,6.626453,0.592854,0.702737,0.482971,7.392953,6.225586,8.560321,0.5978615,0,2.120262,7.185495,6.098088,8.272902,9.833435,10,9.48415,6.921151,7.22066,6.621641,0.6297274,0,1.612092,0,0,0,0,0,0,5.486891,4.34734,6.626453,0.592854,0.702737,0.482971,7.392953,6.225586,8.560321,0.5978615,0,2.120262,7.185495,6.098088,8.272902,9.833435,10,9.48415,-1,-1,-1,-1,-1,-1,-1,-1,-1,-1,-1,-1,-1,-1,-1,-1,-1,-1,-1,-1,-1,-1,-1,-1,-1,-1,-1,-1,-1,-1,-1,-1,-1,-1,-1,-1,-1,-1,-1,-1,-1,-1,-1,-1,-1,-1,-1,-1,-1,-1,0,0,0,0,0,0,-1,-1,-1,-1,-1,-1,-1,-1,-1,-1,-1,-1,0,0,0,0,0,0,-1,-1,-1,-1,-1,-1,-1,-1,-1,-1,-1,-1,-1,-1,False,False,0,0,False,209,0,0,0,0,0,0,0,0,0,0,0,0,0,0,0,1,
0,1124,2026-02-23 14:15:43Z,LLM_Empathetic,6.921162,7.220662,6.621662,0.6297082,0,1.612081,0,0,0,0,0,0,5.486906,4.347344,6.626477,0.592854,0.702737,0.482971,7.39296,6.225583,8.560338,0.5978491,0,2.12025,7.185515,6.098099,8.272931,9.833475,10,9.4842,6.921162,7.220662,6.621662,0.6297082,0,1.612081,0,0,0,0,0,0,5.486906,4.347344,6.626477,0.592854,0.702737,0.482971,7.39296,6.225583,8.560338,0.5978491,0,2.12025,7.185515,6.098099,8.272931,9.833475,10,9.4842,-1,-1,-1,-1,-1,-1,-1,-1,-1,-1,-1,-1,-1,-1,-1,-1,-1,-1,-1,-1,-1,-1,-1,-1,-1,-1,-1,-1,-1,-1,-1,-1,-1,-1,-1,-1,-1,-1,-1,-1,-1,-1,-1,-1,-1,-1,-1,-1,-1,-1,0,0,0,0,0,0,-1,-1,-1,-1,-1,-1,-1,-1,-1,-1,-1,-1,0,0,0,0,0,0,-1,-1,-1,-1,-1,-1,-1,-1,-1,-1,-1,-1,-1,-1,False,False,0,0,False,207,0,0,0,0,0,0,0,0,0,0,0,0,0,0,0,1,
0,1125,2026-02-23 14:15:43Z,LLM_Empathetic,6.921173,7.220664,6.621682,0.6296891,0,1.61207,0,0,0,0,0,0,5.48692,4.347349,6.626502,0.592854,0.702737,0.482971,7.392967,6.225579,8.560354,0.5978369,0,2.120237,7.185535,6.09811,8.272961,9.833515,10,9.484251,6.921173,7.220664,6.621682,0.6296891,0,1.61207,0,0,0,0,0,0,5.48692,4.347349,6.626502,0.592854,0.702737,0.482971,7.392967,6.225579,8.560354,0.5978369,0,2.120237,7.185535,6.09811,8.272961,9.833515,10,9.484251,-1,-1,-1,-1,-1,-1,-1,-1,-1,-1,-1,-1,-1,-1,-1,-1,-1,-1,-1,-1,-1,-1,-1,-1,-1,-1,-1,-1,-1,-1,-1,-1,-1,-1,-1,-1,-1,-1,-1,-1,-1,-1,-1,-1,-1,-1,-1,-1,-1,-1,0,0,0,0,0,0,-1,-1,-1,-1,-1,-1,-1,-1,-1,-1,-1,-1,0,0,0,0,0,0,-1,-1,-1,-1,-1,-1,-1,-1,-1,-1,-1,-1,-1,-1,False,False,0,0,False,209,0,0,0,0,0,0,0,0,0,0,0,0,0,0,0,1,
0,1126,2026-02-23 14:15:43Z,LLM_Empathetic,6.921185,7.220665,6.621703,0.62967,0,1.61206,0,0,0,0,0,0,5.486935,4.347354,6.626526,0.592854,0.702737,0.482971,7.392973,6.225576,8.560371,0.5978246,0,2.120225,7.185555,6.098121,8.27299,9.833555,10,9.484302,6.921185,7.220665,6.621703,0.62967,0,1.61206,0,0,0,0,0,0,5.486935,4.347354,6.626526,0.592854,0.702737,0.482971,7.392973,6.225576,8.560371,0.5978246,0,2.120225,7.185555,6.098121,8.27299,9.833555,10,9.484302,-1,-1,-1,-1,-1,-1,-1,-1,-1,-1,-1,-1,-1,-1,-1,-1,-1,-1,-1,-1,-1,-1,-1,-1,-1,-1,-1,-1,-1,-1,-1,-1,-1,-1,-1,-1,-1,-1,-1,-1,-1,-1,-1,-1,-1,-1,-1,-1,-1,-1,0,0,0,0,0,0,-1,-1,-1,-1,-1,-1,-1,-1,-1,-1,-1,-1,0,0,0,0,0,0,-1,-1,-1,-1,-1,-1,-1,-1,-1,-1,-1,-1,-1,-1,False,False,0,0,False,209,0,0,0,0,0,0,0,0,0,0,0,0,0,0,0,1,
0,1127,2026-02-23 14:15:43Z,LLM_Empathetic,6.921196,7.220668,6.621723,0.6296508,0,1.612049,0,0,0,0,0,0,5.486949,4.347359,6.62655,0.592854,0.702737,0.482971,7.39298,6.225573,8.560388,0.5978124,0,2.120213,7.185575,6.098132,8.27302,9.833595,10,9.484352,6.921196,7.220668,6.621723,0.6296508,0,1.612049,0,0,0,0,0,0,5.486949,4.347359,6.62655,0.592854,0.702737,0.482971,7.39298,6.225573,8.560388,0.5978124,0,2.120213,7.185575,6.098132,8.27302,9.833595,10,9.484352,-1,-1,-1,-1,-1,-1,-1,-1,-1,-1,-1,-1,-1,-1,-1,-1,-1,-1,-1,-1,-1,-1,-1,-1,-1,-1,-1,-1,-1,-1,-1,-1,-1,-1,-1,-1,-1,-1,-1,-1,-1,-1,-1,-1,-1,-1,-1,-1,-1,-1,0,0,0,0,0,0,-1,-1,-1,-1,-1,-1,-1,-1,-1,-1,-1,-1,0,0,0,0,0,0,-1,-1,-1,-1,-1,-1,-1,-1,-1,-1,-1,-1,-1,-1,False,False,0,0,False,207,0,0,0,0,0,0,0,0,0,0,0,0,0,0,0,1,
0,1128,2026-02-23 14:15:43Z,LLM_Empathetic,6.921207,7.22067,6.621744,0.6296318,0,1.612039,0,0,0,0,0,0,5.486964,4.347363,6.626574,0.592854,0.702737,0.482971,7.392986,6.225569,8.560404,0.5978001,0,2.120201,7.185595,6.098143,8.273048,9.833635,10,9.484403,6.921207,7.22067,6.621744,0.6296318,0,1.612039,0,0,0,0,0,0,5.486964,4.347363,6.626574,0.592854,0.702737,0.482971,7.392986,6.225569,8.560404,0.5978001,0,2.120201,7.185595,6.098143,8.273048,9.833635,10,9.484403,-1,-1,-1,-1,-1,-1,-1,-1,-1,-1,-1,-1,-1,-1,-1,-1,-1,-1,-1,-1,-1,-1,-1,-1,-1,-1,-1,-1,-1,-1,-1,-1,-1,-1,-1,-1,-1,-1,-1,-1,-1,-1,-1,-1,-1,-1,-1,-1,-1,-1,0,0,0,0,0,0,-1,-1,-1,-1,-1,-1,-1,-1,-1,-1,-1,-1,0,0,0,0,0,0,-1,-1,-1,-1,-1,-1,-1,-1,-1,-1,-1,-1,-1,-1,False,False,0,0,False,207,0,0,0,0,0,0,0,0,0,0,0,0,0,0,0,1,
0,1129,2026-02-23 14:15:43Z,LLM_Empathetic,6.921218,7.220672,6.621764,0.6296127,0,1.612028,0,0,0,0,0,0,5.486978,4.347368,6.626598,0.592854,0.702737,0.482971,7.392993,6.225566,8.560421,0.597788,0,2.120188,7.185615,6.098154,8.273078,9.833675,10,9.484452,6.921218,7.220672,6.621764,0.6296127,0,1.612028,0,0,0,0,0,0,5.486978,4.347368,6.626598,0.592854,0.702737,0.482971,7.392993,6.225566,8.560421,0.597788,0,2.120188,7.185615,6.098154,8.273078,9.833675,10,9.484452,-1,-1,-1,-1,-1,-1,-1,-1,-1,-1,-1,-1,-1,-1,-1,-1,-1,-1,-1,-1,-1,-1,-1,-1,-1,-1,-1,-1,-1,-1,-1,-1,-1,-1,-1,-1,-1,-1,-1,-1,-1,-1,-1,-1,-1,-1,-1,-1,-1,-1,0,0,0,0,0,0,-1,-1,-1,-1,-1,-1,-1,-1,-1,-1,-1,-1,0,0,0,0,0,0,-1,-1,-1,-1,-1,-1,-1,-1,-1,-1,-1,-1,-1,-1,False,False,0,0,False,207,0,0,0,0,0,0,0,0,0,0,0,0,0,0,0,1,
0,1130,2026-02-23 14:15:43Z,LLM_Empathetic,6.921229,7.220674,6.621785,0.6295937,0,1.612018,0,0,0,0,0,0,5.486992,4.347373,6.626622,0.592854,0.702737,0.482971,7.393,6.225563,8.560437,0.5977758,0,2.120176,7.185635,6.098165,8.273107,9.833715,10,9.484503,6.921229,7.220674,6.621785,0.6295937,0,1.612018,0,0,0,0,0,0,5.486992,4.347373,6.626622,0.592854,0.702737,0.482971,7.393,6.225563,8.560437,0.5977758,0,2.120176,7.185635,6.098165,8.273107,9.833715,10,9.484503,-1,-1,-1,-1,-1,-1,-1,-1,-1,-1,-1,-1,-1,-1,-1,-1,-1,-1,-1,-1,-1,-1,-1,-1,-1,-1,-1,-1,-1,-1,-1,-1,-1,-1,-1,-1,-1,-1,-1,-1,-1,-1,-1,-1,-1,-1,-1,-1,-1,-1,0,0,0,0,0,0,-1,-1,-1,-1,-1,-1,-1,-1,-1,-1,-1,-1,0,0,0,0,0,0,-1,-1,-1,-1,-1,-1,-1,-1,-1,-1,-1,-1,-1,-1,False,False,0,0,False,209,0,0,0,0,0,0,0,0,0,0,0,0,0,0,0,1,
0,1131,2026-02-23 14:15:43Z,LLM_Empathetic,6.92124,7.220676,6.621805,0.6295747,0,1.612007,0,0,0,0,0,0,5.487007,4.347378,6.626646,0.592854,0.702737,0.482971,7.393006,6.225559,8.560453,0.5977636,0,2.120164,7.185655,6.098175,8.273136,9.833755,10,9.484552,6.92124,7.220676,6.621805,0.6295747,0,1.612007,0,0,0,0,0,0,5.487007,4.347378,6.626646,0.592854,0.702737,0.482971,7.393006,6.225559,8.560453,0.5977636,0,2.120164,7.185655,6.098175,8.273136,9.833755,10,9.484552,-1,-1,-1,-1,-1,-1,-1,-1,-1,-1,-1,-1,-1,-1,-1,-1,-1,-1,-1,-1,-1,-1,-1,-1,-1,-1,-1,-1,-1,-1,-1,-1,-1,-1,-1,-1,-1,-1,-1,-1,-1,-1,-1,-1,-1,-1,-1,-1,-1,-1,0,0,0,0,0,0,-1,-1,-1,-1,-1,-1,-1,-1,-1,-1,-1,-1,0,0,0,0,0,0,-1,-1,-1,-1,-1,-1,-1,-1,-1,-1,-1,-1,-1,-1,False,False,0,0,False,209,0,0,0,0,0,0,0,0,0,0,0,0,0,0,0,1,
0,1132,2026-02-23 14:15:48Z,LLM_Empathetic,6.921252,7.220678,6.621825,0.6295556,0,1.611997,0,0,0,0,0,0,5.487021,4.347383,6.62667,0.592854,0.702737,0.482971,7.393013,6.225556,8.560471,0.5977514,0,2.120152,7.185675,6.098186,8.273166,9.833796,10,9.484603,6.921252,7.220678,6.621825,0.6295556,0,1.611997,0,0,0,0,0,0,5.487021,4.347383,6.62667,0.592854,0.702737,0.482971,7.393013,6.225556,8.560471,0.5977514,0,2.120152,7.185675,6.098186,8.273166,9.833796,10,9.484603,-1,-1,-1,-1,-1,-1,-1,-1,-1,-1,-1,-1,-1,-1,-1,-1,-1,-1,-1,-1,-1,-1,-1,-1,-1,-1,-1,-1,-1,-1,-1,-1,-1,-1,-1,-1,-1,-1,-1,-1,-1,-1,-1,-1,-1,-1,-1,-1,-1,-1,0,0,0,0,0,0,-1,-1,-1,-1,-1,-1,-1,-1,-1,-1,-1,-1,0,0,0,0,0,0,-1,-1,-1,-1,-1,-1,-1,-1,-1,-1,-1,-1,-1,-1,False,False,0,0,False,207,0,0,0,0,0,0,0,0,0,0,0,0,0,0,0,1,
0,1133,2026-02-23 14:15:48Z,LLM_Empathetic,6.921263,7.22068,6.621845,0.6295367,0,1.611986,0,0,0,0,0,0,5.487036,4.347387,6.626694,0.592854,0.702737,0.482971,7.393019,6.225553,8.560487,0.5977393,0,2.12014,7.185695,6.098197,8.273194,9.833835,10,9.484653,6.921263,7.22068,6.621845,0.6295367,0,1.611986,0,0,0,0,0,0,5.487036,4.347387,6.626694,0.592854,0.702737,0.482971,7.393019,6.225553,8.560487,0.5977393,0,2.12014,7.185695,6.098197,8.273194,9.833835,10,9.484653,-1,-1,-1,-1,-1,-1,-1,-1,-1,-1,-1,-1,-1,-1,-1,-1,-1,-1,-1,-1,-1,-1,-1,-1,-1,-1,-1,-1,-1,-1,-1,-1,-1,-1,-1,-1,-1,-1,-1,-1,-1,-1,-1,-1,-1,-1,-1,-1,-1,-1,0,0,0,0,0,0,-1,-1,-1,-1,-1,-1,-1,-1,-1,-1,-1,-1,0,0,0,0,0,0,-1,-1,-1,-1,-1,-1,-1,-1,-1,-1,-1,-1,-1,-1,False,False,0,0,False,207,0,0,0,0,0,0,0,0,0,0,0,0,0,0,0,1,
0,1134,2026-02-23 14:15:49Z,LLM_Empathetic,6.921274,7.220682,6.621866,0.6295178,0,1.611976,0,0,0,0,0,0,5.48705,4.347392,6.626718,0.592854,0.702737,0.482971,7.393026,6.225549,8.560503,0.5977272,0,2.120128,7.185715,6.098207,8.273223,9.833875,10,9.484702,6.921274,7.220682,6.621866,0.6295178,0,1.611976,0,0,0,0,0,0,5.48705,4.347392,6.626718,0.592854,0.702737,0.482971,7.393026,6.225549,8.560503,0.5977272,0,2.120128,7.185715,6.098207,8.273223,9.833875,10,9.484702,-1,-1,-1,-1,-1,-1,-1,-1,-1,-1,-1,-1,-1,-1,-1,-1,-1,-1,-1,-1,-1,-1,-1,-1,-1,-1,-1,-1,-1,-1,-1,-1,-1,-1,-1,-1,-1,-1,-1,-1,-1,-1,-1,-1,-1,-1,-1,-1,-1,-1,0,0,0,0,0,0,-1,-1,-1,-1,-1,-1,-1,-1,-1,-1,-1,-1,0,0,0,0,0,0,-1,-1,-1,-1,-1,-1,-1,-1,-1,-1,-1,-1,-1,-1,False,False,0,0,False,207,0,0,0,0,0,0,0,0,0,0,0,0,0,0,0,1,
0,1135,2026-02-23 14:15:49Z,LLM_Empathetic,6.921285,7.220684,6.621886,0.6294989,0,1.611965,0,0,0,0,0,0,5.487064,4.347397,6.626742,0.592854,0.702737,0.482971,7.393033,6.225546,8.560519,0.5977151,0,2.120116,7.185735,6.098218,8.273252,9.833915,10,9.484753,6.921285,7.220684,6.621886,0.6294989,0,1.611965,0,0,0,0,0,0,5.487064,4.347397,6.626742,0.592854,0.702737,0.482971,7.393033,6.225546,8.560519,0.5977151,0,2.120116,7.185735,6.098218,8.273252,9.833915,10,9.484753,-1,-1,-1,-1,-1,-1,-1,-1,-1,-1,-1,-1,-1,-1,-1,-1,-1,-1,-1,-1,-1,-1,-1,-1,-1,-1,-1,-1,-1,-1,-1,-1,-1,-1,-1,-1,-1,-1,-1,-1,-1,-1,-1,-1,-1,-1,-1,-1,-1,-1,0,0,0,0,0,0,-1,-1,-1,-1,-1,-1,-1,-1,-1,-1,-1,-1,0,0,0,0,0,0,-1,-1,-1,-1,-1,-1,-1,-1,-1,-1,-1,-1,-1,-1,False,False,0,0,False,209,0,0,0,0,0,0,0,0,0,0,0,0,0,0,0,1,
0,1136,2026-02-23 14:15:49Z,LLM_Empathetic,6.921296,7.220686,6.621906,0.62948,0,1.611955,0,0,0,0,0,0,5.487079,4.347402,6.626766,0.592854,0.702737,0.482971,7.393039,6.225542,8.560535,0.597703,0,2.120103,7.185755,6.098229,8.273281,9.833954,10,9.484802,6.921296,7.220686,6.621906,0.62948,0,1.611955,0,0,0,0,0,0,5.487079,4.347402,6.626766,0.592854,0.702737,0.482971,7.393039,6.225542,8.560535,0.597703,0,2.120103,7.185755,6.098229,8.273281,9.833954,10,9.484802,-1,-1,-1,-1,-1,-1,-1,-1,-1,-1,-1,-1,-1,-1,-1,-1,-1,-1,-1,-1,-1,-1,-1,-1,-1,-1,-1,-1,-1,-1,-1,-1,-1,-1,-1,-1,-1,-1,-1,-1,-1,-1,-1,-1,-1,-1,-1,-1,-1,-1,0,0,0,0,0,0,-1,-1,-1,-1,-1,-1,-1,-1,-1,-1,-1,-1,0,0,0,0,0,0,-1,-1,-1,-1,-1,-1,-1,-1,-1,-1,-1,-1,-1,-1,False,False,0,0,False,209,0,0,0,0,0,0,0,0,0,0,0,0,0,0,0,1,
0,1137,2026-02-23 14:15:49Z,LLM_Empathetic,6.921307,7.220688,6.621926,0.6294612,0,1.611945,0,0,0,0,0,0,5.487092,4.347406,6.62679,0.592854,0.702737,0.482971,7.393045,6.225539,8.560553,0.5976909,0,2.120091,7.185774,6.09824,8.27331,9.833994,10,9.484852,6.921307,7.220688,6.621926,0.6294612,0,1.611945,0,0,0,0,0,0,5.487092,4.347406,6.62679,0.592854,0.702737,0.482971,7.393045,6.225539,8.560553,0.5976909,0,2.120091,7.185774,6.09824,8.27331,9.833994,10,9.484852,-1,-1,-1,-1,-1,-1,-1,-1,-1,-1,-1,-1,-1,-1,-1,-1,-1,-1,-1,-1,-1,-1,-1,-1,-1,-1,-1,-1,-1,-1,-1,-1,-1,-1,-1,-1,-1,-1,-1,-1,-1,-1,-1,-1,-1,-1,-1,-1,-1,-1,0,0,0,0,0,0,-1,-1,-1,-1,-1,-1,-1,-1,-1,-1,-1,-1,0,0,0,0,0,0,-1,-1,-1,-1,-1,-1,-1,-1,-1,-1,-1,-1,-1,-1,False,False,0,0,False,209,0,0,0,0,0,0,0,0,0,0,0,0,0,0,0,1,
0,1138,2026-02-23 14:15:49Z,LLM_Empathetic,6.921318,7.22069,6.621946,0.6294424,0,1.611934,0,0,0,0,0,0,5.487107,4.347411,6.626813,0.592854,0.702737,0.482971,7.393052,6.225535,8.560569,0.5976789,0,2.120079,7.185794,6.09825,8.273339,9.834033,10,9.484901,6.921318,7.22069,6.621946,0.6294424,0,1.611934,0,0,0,0,0,0,5.487107,4.347411,6.626813,0.592854,0.702737,0.482971,7.393052,6.225535,8.560569,0.5976789,0,2.120079,7.185794,6.09825,8.273339,9.834033,10,9.484901,-1,-1,-1,-1,-1,-1,-1,-1,-1,-1,-1,-1,-1,-1,-1,-1,-1,-1,-1,-1,-1,-1,-1,-1,-1,-1,-1,-1,-1,-1,-1,-1,-1,-1,-1,-1,-1,-1,-1,-1,-1,-1,-1,-1,-1,-1,-1,-1,-1,-1,0,0,0,0,0,0,-1,-1,-1,-1,-1,-1,-1,-1,-1,-1,-1,-1,0,0,0,0,0,0,-1,-1,-1,-1,-1,-1,-1,-1,-1,-1,-1,-1,-1,-1,False,False,0,0,False,207,0,0,0,0,0,0,0,0,0,0,0,0,0,0,0,1,
0,1139,2026-02-23 14:15:49Z,LLM_Empathetic,6.921329,7.220692,6.621966,0.6294236,0,1.611924,0,0,0,0,0,0,5.487121,4.347416,6.626837,0.592854,0.702737,0.482971,7.393058,6.225532,8.560585,0.5976669,0,2.120067,7.185814,6.098261,8.273368,9.834072,10,9.484951,6.921329,7.220692,6.621966,0.6294236,0,1.611924,0,0,0,0,0,0,5.487121,4.347416,6.626837,0.592854,0.702737,0.482971,7.393058,6.225532,8.560585,0.5976669,0,2.120067,7.185814,6.098261,8.273368,9.834072,10,9.484951,-1,-1,-1,-1,-1,-1,-1,-1,-1,-1,-1,-1,-1,-1,-1,-1,-1,-1,-1,-1,-1,-1,-1,-1,-1,-1,-1,-1,-1,-1,-1,-1,-1,-1,-1,-1,-1,-1,-1,-1,-1,-1,-1,-1,-1,-1,-1,-1,-1,-1,0,0,0,0,0,0,-1,-1,-1,-1,-1,-1,-1,-1,-1,-1,-1,-1,0,0,0,0,0,0,-1,-1,-1,-1,-1,-1,-1,-1,-1,-1,-1,-1,-1,-1,False,False,0,0,False,207,0,0,0,0,0,0,0,0,0,0,0,0,0,0,0,1,
0,1140,2026-02-23 14:15:49Z,LLM_Empathetic,6.92134,7.220694,6.621986,0.6294048,0,1.611914,0,0,0,0,0,0,5.487135,4.34742,6.626861,0.592854,0.702737,0.482971,7.393065,6.225529,8.560601,0.5976548,0,2.120055,7.185833,6.098272,8.273396,9.834112,10,9.485,6.92134,7.220694,6.621986,0.6294048,0,1.611914,0,0,0,0,0,0,5.487135,4.34742,6.626861,0.592854,0.702737,0.482971,7.393065,6.225529,8.560601,0.5976548,0,2.120055,7.185833,6.098272,8.273396,9.834112,10,9.485,-1,-1,-1,-1,-1,-1,-1,-1,-1,-1,-1,-1,-1,-1,-1,-1,-1,-1,-1,-1,-1,-1,-1,-1,-1,-1,-1,-1,-1,-1,-1,-1,-1,-1,-1,-1,-1,-1,-1,-1,-1,-1,-1,-1,-1,-1,-1,-1,-1,-1,0,0,0,0,0,0,-1,-1,-1,-1,-1,-1,-1,-1,-1,-1,-1,-1,0,0,0,0,0,0,-1,-1,-1,-1,-1,-1,-1,-1,-1,-1,-1,-1,-1,-1,False,False,0,0,False,207,0,0,0,0,0,0,0,0,0,0,0,0,0,0,0,1,
0,1141,2026-02-23 14:15:49Z,LLM_Empathetic,6.921351,7.220696,6.622006,0.6293861,0,1.611903,0,0,0,0,0,0,5.48715,4.347425,6.626884,0.592854,0.702737,0.482971,7.393071,6.225526,8.560617,0.5976428,0,2.120043,7.185853,6.098282,8.273425,9.834151,10,9.485049,6.921351,7.220696,6.622006,0.6293861,0,1.611903,0,0,0,0,0,0,5.48715,4.347425,6.626884,0.592854,0.702737,0.482971,7.393071,6.225526,8.560617,0.5976428,0,2.120043,7.185853,6.098282,8.273425,9.834151,10,9.485049,-1,-1,-1,-1,-1,-1,-1,-1,-1,-1,-1,-1,-1,-1,-1,-1,-1,-1,-1,-1,-1,-1,-1,-1,-1,-1,-1,-1,-1,-1,-1,-1,-1,-1,-1,-1,-1,-1,-1,-1,-1,-1,-1,-1,-1,-1,-1,-1,-1,-1,0,0,0,0,0,0,-1,-1,-1,-1,-1,-1,-1,-1,-1,-1,-1,-1,0,0,0,0,0,0,-1,-1,-1,-1,-1,-1,-1,-1,-1,-1,-1,-1,-1,-1,False,False,0,0,False,207,0,0,0,0,0,0,0,0,0,0,0,0,0,0,0,1,
0,1142,2026-02-23 14:15:49Z,LLM_Empathetic,6.921362,7.220698,6.622026,0.6293674,0,1.611893,0,0,0,0,0,0,5.487164,4.34743,6.626908,0.592854,0.702737,0.482971,7.393078,6.225523,8.560634,0.5976309,0,2.120031,7.185873,6.098293,8.273454,9.83419,10,9.485099,6.921362,7.220698,6.622026,0.6293674,0,1.611893,0,0,0,0,0,0,5.487164,4.34743,6.626908,0.592854,0.702737,0.482971,7.393078,6.225523,8.560634,0.5976309,0,2.120031,7.185873,6.098293,8.273454,9.83419,10,9.485099,-1,-1,-1,-1,-1,-1,-1,-1,-1,-1,-1,-1,-1,-1,-1,-1,-1,-1,-1,-1,-1,-1,-1,-1,-1,-1,-1,-1,-1,-1,-1,-1,-1,-1,-1,-1,-1,-1,-1,-1,-1,-1,-1,-1,-1,-1,-1,-1,-1,-1,0,0,0,0,0,0,-1,-1,-1,-1,-1,-1,-1,-1,-1,-1,-1,-1,0,0,0,0,0,0,-1,-1,-1,-1,-1,-1,-1,-1,-1,-1,-1,-1,-1,-1,False,False,0,0,False,209,0,0,0,0,0,0,0,0,0,0,0,0,0,0,0,1,
0,1143,2026-02-23 14:15:49Z,LLM_Empathetic,6.921373,7.2207,6.622046,0.6293487,0,1.611883,0,0,0,0,0,0,5.487178,4.347435,6.626932,0.592854,0.702737,0.482971,7.393084,6.225519,8.56065,0.5976189,0,2.120019,7.185893,6.098304,8.273482,9.834229,10,9.485147,6.921373,7.2207,6.622046,0.6293487,0,1.611883,0,0,0,0,0,0,5.487178,4.347435,6.626932,0.592854,0.702737,0.482971,7.393084,6.225519,8.56065,0.5976189,0,2.120019,7.185893,6.098304,8.273482,9.834229,10,9.485147,-1,-1,-1,-1,-1,-1,-1,-1,-1,-1,-1,-1,-1,-1,-1,-1,-1,-1,-1,-1,-1,-1,-1,-1,-1,-1,-1,-1,-1,-1,-1,-1,-1,-1,-1,-1,-1,-1,-1,-1,-1,-1,-1,-1,-1,-1,-1,-1,-1,-1,0,0,0,0,0,0,-1,-1,-1,-1,-1,-1,-1,-1,-1,-1,-1,-1,0,0,0,0,0,0,-1,-1,-1,-1,-1,-1,-1,-1,-1,-1,-1,-1,-1,-1,False,False,0,0,False,207,0,0,0,0,0,0,0,0,0,0,0,0,0,0,0,1,
0,1144,2026-02-23 14:15:49Z,LLM_Empathetic,6.921384,7.220702,6.622066,0.62933,0,1.611872,0,0,0,0,0,0,5.487192,4.347439,6.626955,0.592854,0.702737,0.482971,7.393091,6.225516,8.560666,0.597607,0,2.120007,7.185912,6.098314,8.273511,9.834269,10,9.485197,6.921384,7.220702,6.622066,0.62933,0,1.611872,0,0,0,0,0,0,5.487192,4.347439,6.626955,0.592854,0.702737,0.482971,7.393091,6.225516,8.560666,0.597607,0,2.120007,7.185912,6.098314,8.273511,9.834269,10,9.485197,-1,-1,-1,-1,-1,-1,-1,-1,-1,-1,-1,-1,-1,-1,-1,-1,-1,-1,-1,-1,-1,-1,-1,-1,-1,-1,-1,-1,-1,-1,-1,-1,-1,-1,-1,-1,-1,-1,-1,-1,-1,-1,-1,-1,-1,-1,-1,-1,-1,-1,0,0,0,0,0,0,-1,-1,-1,-1,-1,-1,-1,-1,-1,-1,-1,-1,0,0,0,0,0,0,-1,-1,-1,-1,-1,-1,-1,-1,-1,-1,-1,-1,-1,-1,False,False,0,0,False,209,0,0,0,0,0,0,0,0,0,0,0,0,0,0,0,1,
0,1145,2026-02-23 14:15:49Z,LLM_Empathetic,6.921395,7.220704,6.622087,0.6293114,0,1.611862,0,0,0,0,0,0,5.487206,4.347444,6.626978,0.592854,0.702737,0.482971,7.393097,6.225513,8.560682,0.597595,0,2.119995,7.185932,6.098325,8.27354,9.834308,10,9.485246,6.921395,7.220704,6.622087,0.6293114,0,1.611862,0,0,0,0,0,0,5.487206,4.347444,6.626978,0.592854,0.702737,0.482971,7.393097,6.225513,8.560682,0.597595,0,2.119995,7.185932,6.098325,8.27354,9.834308,10,9.485246,-1,-1,-1,-1,-1,-1,-1,-1,-1,-1,-1,-1,-1,-1,-1,-1,-1,-1,-1,-1,-1,-1,-1,-1,-1,-1,-1,-1,-1,-1,-1,-1,-1,-1,-1,-1,-1,-1,-1,-1,-1,-1,-1,-1,-1,-1,-1,-1,-1,-1,0,0,0,0,0,0,-1,-1,-1,-1,-1,-1,-1,-1,-1,-1,-1,-1,0,0,0,0,0,0,-1,-1,-1,-1,-1,-1,-1,-1,-1,-1,-1,-1,-1,-1,False,False,0,0,False,207,0,0,0,0,0,0,0,0,0,0,0,0,0,0,0,1,
0,1146,2026-02-23 14:15:49Z,LLM_Empathetic,6.921406,7.220706,6.622107,0.6292928,0,1.611852,0,0,0,0,0,0,5.48722,4.347448,6.627002,0.592854,0.702737,0.482971,7.393104,6.225509,8.560699,0.5975831,0,2.119983,7.185951,6.098335,8.273568,9.834347,10,9.485295,6.921406,7.220706,6.622107,0.6292928,0,1.611852,0,0,0,0,0,0,5.48722,4.347448,6.627002,0.592854,0.702737,0.482971,7.393104,6.225509,8.560699,0.5975831,0,2.119983,7.185951,6.098335,8.273568,9.834347,10,9.485295,-1,-1,-1,-1,-1,-1,-1,-1,-1,-1,-1,-1,-1,-1,-1,-1,-1,-1,-1,-1,-1,-1,-1,-1,-1,-1,-1,-1,-1,-1,-1,-1,-1,-1,-1,-1,-1,-1,-1,-1,-1,-1,-1,-1,-1,-1,-1,-1,-1,-1,0,0,0,0,0,0,-1,-1,-1,-1,-1,-1,-1,-1,-1,-1,-1,-1,0,0,0,0,0,0,-1,-1,-1,-1,-1,-1,-1,-1,-1,-1,-1,-1,-1,-1,False,False,0,0,False,209,0,0,0,0,0,0,0,0,0,0,0,0,0,0,0,1,
0,1147,2026-02-23 14:15:49Z,LLM_Empathetic,6.921417,7.220708,6.622126,0.6292742,0,1.611842,0,0,0,0,0,0,5.487234,4.347453,6.627026,0.592854,0.702737,0.482971,7.39311,6.225506,8.560715,0.5975712,0,2.119972,7.185971,6.098346,8.273597,9.834386,10,9.485344,6.921417,7.220708,6.622126,0.6292742,0,1.611842,0,0,0,0,0,0,5.487234,4.347453,6.627026,0.592854,0.702737,0.482971,7.39311,6.225506,8.560715,0.5975712,0,2.119972,7.185971,6.098346,8.273597,9.834386,10,9.485344,-1,-1,-1,-1,-1,-1,-1,-1,-1,-1,-1,-1,-1,-1,-1,-1,-1,-1,-1,-1,-1,-1,-1,-1,-1,-1,-1,-1,-1,-1,-1,-1,-1,-1,-1,-1,-1,-1,-1,-1,-1,-1,-1,-1,-1,-1,-1,-1,-1,-1,0,0,0,0,0,0,-1,-1,-1,-1,-1,-1,-1,-1,-1,-1,-1,-1,0,0,0,0,0,0,-1,-1,-1,-1,-1,-1,-1,-1,-1,-1,-1,-1,-1,-1,False,False,0,0,False,209,0,0,0,0,0,0,0,0,0,0,0,0,0,0,0,1,
0,1148,2026-02-23 14:15:49Z,LLM_Empathetic,6.921428,7.22071,6.622146,0.6292557,0,1.611831,0,0,0,0,0,0,5.487248,4.347458,6.627049,0.592854,0.702737,0.482971,7.393116,6.225502,8.560731,0.5975593,0,2.11996,7.18599,6.098357,8.273625,9.834425,10,9.485393,6.921428,7.22071,6.622146,0.6292557,0,1.611831,0,0,0,0,0,0,5.487248,4.347458,6.627049,0.592854,0.702737,0.482971,7.393116,6.225502,8.560731,0.5975593,0,2.11996,7.18599,6.098357,8.273625,9.834425,10,9.485393,-1,-1,-1,-1,-1,-1,-1,-1,-1,-1,-1,-1,-1,-1,-1,-1,-1,-1,-1,-1,-1,-1,-1,-1,-1,-1,-1,-1,-1,-1,-1,-1,-1,-1,-1,-1,-1,-1,-1,-1,-1,-1,-1,-1,-1,-1,-1,-1,-1,-1,0,0,0,0,0,0,-1,-1,-1,-1,-1,-1,-1,-1,-1,-1,-1,-1,0,0,0,0,0,0,-1,-1,-1,-1,-1,-1,-1,-1,-1,-1,-1,-1,-1,-1,False,False,0,0,False,207,0,0,0,0,0,0,0,0,0,0,0,0,0,0,0,1,
0,1149,2026-02-23 14:15:49Z,LLM_Empathetic,6.921439,7.220712,6.622166,0.6292372,0,1.611821,0,0,0,0,0,0,5.487262,4.347462,6.627072,0.592854,0.702737,0.482971,7.393123,6.225499,8.560746,0.5975475,0,2.119948,7.18601,6.098367,8.273653,9.834464,10,9.485441,6.921439,7.220712,6.622166,0.6292372,0,1.611821,0,0,0,0,0,0,5.487262,4.347462,6.627072,0.592854,0.702737,0.482971,7.393123,6.225499,8.560746,0.5975475,0,2.119948,7.18601,6.098367,8.273653,9.834464,10,9.485441,-1,-1,-1,-1,-1,-1,-1,-1,-1,-1,-1,-1,-1,-1,-1,-1,-1,-1,-1,-1,-1,-1,-1,-1,-1,-1,-1,-1,-1,-1,-1,-1,-1,-1,-1,-1,-1,-1,-1,-1,-1,-1,-1,-1,-1,-1,-1,-1,-1,-1,0,0,0,0,0,0,-1,-1,-1,-1,-1,-1,-1,-1,-1,-1,-1,-1,0,0,0,0,0,0,-1,-1,-1,-1,-1,-1,-1,-1,-1,-1,-1,-1,-1,-1,False,False,0,0,False,207,0,0,0,0,0,0,0,0,0,0,0,0,0,0,0,1,
0,1150,2026-02-23 14:15:49Z,LLM_Empathetic,6.92145,7.220714,6.622186,0.6292186,0,1.611811,0,0,0,0,0,0,5.487276,4.347467,6.627096,0.592854,0.702737,0.482971,7.393129,6.225496,8.560762,0.5975356,0,2.119936,7.186029,6.098378,8.273682,9.834502,10,9.48549,6.92145,7.220714,6.622186,0.6292186,0,1.611811,0,0,0,0,0,0,5.487276,4.347467,6.627096,0.592854,0.702737,0.482971,7.393129,6.225496,8.560762,0.5975356,0,2.119936,7.186029,6.098378,8.273682,9.834502,10,9.48549,-1,-1,-1,-1,-1,-1,-1,-1,-1,-1,-1,-1,-1,-1,-1,-1,-1,-1,-1,-1,-1,-1,-1,-1,-1,-1,-1,-1,-1,-1,-1,-1,-1,-1,-1,-1,-1,-1,-1,-1,-1,-1,-1,-1,-1,-1,-1,-1,-1,-1,0,0,0,0,0,0,-1,-1,-1,-1,-1,-1,-1,-1,-1,-1,-1,-1,0,0,0,0,0,0,-1,-1,-1,-1,-1,-1,-1,-1,-1,-1,-1,-1,-1,-1,False,False,0,0,False,207,0,0,0,0,0,0,0,0,0,0,0,0,0,0,0,1,
0,1151,2026-02-23 14:15:49Z,LLM_Empathetic,6.921461,7.220716,6.622206,0.6292002,0,1.611801,0,0,0,0,0,0,5.48729,4.347472,6.627119,0.592854,0.702737,0.482971,7.393136,6.225492,8.560779,0.5975238,0,2.119924,7.186049,6.098388,8.27371,9.834541,10,9.485539,6.921461,7.220716,6.622206,0.6292002,0,1.611801,0,0,0,0,0,0,5.48729,4.347472,6.627119,0.592854,0.702737,0.482971,7.393136,6.225492,8.560779,0.5975238,0,2.119924,7.186049,6.098388,8.27371,9.834541,10,9.485539,-1,-1,-1,-1,-1,-1,-1,-1,-1,-1,-1,-1,-1,-1,-1,-1,-1,-1,-1,-1,-1,-1,-1,-1,-1,-1,-1,-1,-1,-1,-1,-1,-1,-1,-1,-1,-1,-1,-1,-1,-1,-1,-1,-1,-1,-1,-1,-1,-1,-1,0,0,0,0,0,0,-1,-1,-1,-1,-1,-1,-1,-1,-1,-1,-1,-1,0,0,0,0,0,0,-1,-1,-1,-1,-1,-1,-1,-1,-1,-1,-1,-1,-1,-1,False,False,0,0,False,209,0,0,0,0,0,0,0,0,0,0,0,0,0,0,0,1,
0,1152,2026-02-23 14:15:49Z,LLM_Empathetic,6.921472,7.220718,6.622225,0.6291817,0,1.611791,0,0,0,0,0,0,5.487304,4.347476,6.627142,0.592854,0.702737,0.482971,7.393142,6.225489,8.560795,0.597512,0,2.119912,7.186068,6.098399,8.273738,9.834579,10,9.485587,6.921472,7.220718,6.622225,0.6291817,0,1.611791,0,0,0,0,0,0,5.487304,4.347476,6.627142,0.592854,0.702737,0.482971,7.393142,6.225489,8.560795,0.597512,0,2.119912,7.186068,6.098399,8.273738,9.834579,10,9.485587,-1,-1,-1,-1,-1,-1,-1,-1,-1,-1,-1,-1,-1,-1,-1,-1,-1,-1,-1,-1,-1,-1,-1,-1,-1,-1,-1,-1,-1,-1,-1,-1,-1,-1,-1,-1,-1,-1,-1,-1,-1,-1,-1,-1,-1,-1,-1,-1,-1,-1,0,0,0,0,0,0,-1,-1,-1,-1,-1,-1,-1,-1,-1,-1,-1,-1,0,0,0,0,0,0,-1,-1,-1,-1,-1,-1,-1,-1,-1,-1,-1,-1,-1,-1,False,False,0,0,False,209,0,0,0,0,0,0,0,0,0,0,0,0,0,0,0,1,
0,1153,2026-02-23 14:15:49Z,LLM_Empathetic,6.921483,7.22072,6.622245,0.6291633,0,1.61178,0,0,0,0,0,0,5.487318,4.347481,6.627166,0.592854,0.702737,0.482971,7.393148,6.225486,8.560811,0.5975002,0,2.1199,7.186088,6.098409,8.273767,9.834619,10,9.485636,6.921483,7.22072,6.622245,0.6291633,0,1.61178,0,0,0,0,0,0,5.487318,4.347481,6.627166,0.592854,0.702737,0.482971,7.393148,6.225486,8.560811,0.5975002,0,2.1199,7.186088,6.098409,8.273767,9.834619,10,9.485636,-1,-1,-1,-1,-1,-1,-1,-1,-1,-1,-1,-1,-1,-1,-1,-1,-1,-1,-1,-1,-1,-1,-1,-1,-1,-1,-1,-1,-1,-1,-1,-1,-1,-1,-1,-1,-1,-1,-1,-1,-1,-1,-1,-1,-1,-1,-1,-1,-1,-1,0,0,0,0,0,0,-1,-1,-1,-1,-1,-1,-1,-1,-1,-1,-1,-1,0,0,0,0,0,0,-1,-1,-1,-1,-1,-1,-1,-1,-1,-1,-1,-1,-1,-1,False,False,0,0,False,209,0,0,0,0,0,0,0,0,0,0,0,0,0,0,0,1,
0,1154,2026-02-23 14:15:49Z,LLM_Empathetic,6.921493,7.220722,6.622265,0.6291449,0,1.61177,0,0,0,0,0,0,5.487332,4.347486,6.627189,0.592854,0.702737,0.482971,7.393155,6.225483,8.560826,0.5974884,0,2.119889,7.186107,6.09842,8.273795,9.834657,10,9.485684,6.921493,7.220722,6.622265,0.6291449,0,1.61177,0,0,0,0,0,0,5.487332,4.347486,6.627189,0.592854,0.702737,0.482971,7.393155,6.225483,8.560826,0.5974884,0,2.119889,7.186107,6.09842,8.273795,9.834657,10,9.485684,-1,-1,-1,-1,-1,-1,-1,-1,-1,-1,-1,-1,-1,-1,-1,-1,-1,-1,-1,-1,-1,-1,-1,-1,-1,-1,-1,-1,-1,-1,-1,-1,-1,-1,-1,-1,-1,-1,-1,-1,-1,-1,-1,-1,-1,-1,-1,-1,-1,-1,0,0,0,0,0,0,-1,-1,-1,-1,-1,-1,-1,-1,-1,-1,-1,-1,0,0,0,0,0,0,-1,-1,-1,-1,-1,-1,-1,-1,-1,-1,-1,-1,-1,-1,False,False,0,0,False,209,0,0,0,0,0,0,0,0,0,0,0,0,0,0,0,1,
0,1155,2026-02-23 14:15:49Z,LLM_Empathetic,6.921504,7.220724,6.622284,0.6291265,0,1.61176,0,0,0,0,0,0,5.487346,4.34749,6.627212,0.592854,0.702737,0.482971,7.393161,6.22548,8.560843,0.5974767,0,2.119877,7.186126,6.09843,8.273823,9.834696,10,9.485733,6.921504,7.220724,6.622284,0.6291265,0,1.61176,0,0,0,0,0,0,5.487346,4.34749,6.627212,0.592854,0.702737,0.482971,7.393161,6.22548,8.560843,0.5974767,0,2.119877,7.186126,6.09843,8.273823,9.834696,10,9.485733,-1,-1,-1,-1,-1,-1,-1,-1,-1,-1,-1,-1,-1,-1,-1,-1,-1,-1,-1,-1,-1,-1,-1,-1,-1,-1,-1,-1,-1,-1,-1,-1,-1,-1,-1,-1,-1,-1,-1,-1,-1,-1,-1,-1,-1,-1,-1,-1,-1,-1,0,0,0,0,0,0,-1,-1,-1,-1,-1,-1,-1,-1,-1,-1,-1,-1,0,0,0,0,0,0,-1,-1,-1,-1,-1,-1,-1,-1,-1,-1,-1,-1,-1,-1,False,False,0,0,False,207,0,0,0,0,0,0,0,0,0,0,0,0,0,0,0,1,
0,1156,2026-02-23 14:15:49Z,LLM_Empathetic,6.921515,7.220726,6.622304,0.6291082,0,1.61175,0,0,0,0,0,0,5.48736,4.347495,6.627235,0.592854,0.702737,0.482971,7.393167,6.225476,8.560859,0.5974649,0,2.119865,7.186145,6.098441,8.273851,9.834734,10,9.485782,6.921515,7.220726,6.622304,0.6291082,0,1.61175,0,0,0,0,0,0,5.48736,4.347495,6.627235,0.592854,0.702737,0.482971,7.393167,6.225476,8.560859,0.5974649,0,2.119865,7.186145,6.098441,8.273851,9.834734,10,9.485782,-1,-1,-1,-1,-1,-1,-1,-1,-1,-1,-1,-1,-1,-1,-1,-1,-1,-1,-1,-1,-1,-1,-1,-1,-1,-1,-1,-1,-1,-1,-1,-1,-1,-1,-1,-1,-1,-1,-1,-1,-1,-1,-1,-1,-1,-1,-1,-1,-1,-1,0,0,0,0,0,0,-1,-1,-1,-1,-1,-1,-1,-1,-1,-1,-1,-1,0,0,0,0,0,0,-1,-1,-1,-1,-1,-1,-1,-1,-1,-1,-1,-1,-1,-1,False,False,0,0,False,207,0,0,0,0,0,0,0,0,0,0,0,0,0,0,0,1,
0,1157,2026-02-23 14:15:49Z,LLM_Empathetic,6.921525,7.220727,6.622324,0.6290899,0,1.61174,0,0,0,0,0,0,5.487374,4.347499,6.627258,0.592854,0.702737,0.482971,7.393174,6.225473,8.560874,0.5974532,0,2.119853,7.186164,6.098451,8.273879,9.834773,10,9.485829,6.921525,7.220727,6.622324,0.6290899,0,1.61174,0,0,0,0,0,0,5.487374,4.347499,6.627258,0.592854,0.702737,0.482971,7.393174,6.225473,8.560874,0.5974532,0,2.119853,7.186164,6.098451,8.273879,9.834773,10,9.485829,-1,-1,-1,-1,-1,-1,-1,-1,-1,-1,-1,-1,-1,-1,-1,-1,-1,-1,-1,-1,-1,-1,-1,-1,-1,-1,-1,-1,-1,-1,-1,-1,-1,-1,-1,-1,-1,-1,-1,-1,-1,-1,-1,-1,-1,-1,-1,-1,-1,-1,0,0,0,0,0,0,-1,-1,-1,-1,-1,-1,-1,-1,-1,-1,-1,-1,0,0,0,0,0,0,-1,-1,-1,-1,-1,-1,-1,-1,-1,-1,-1,-1,-1,-1,False,False,0,0,False,209,0,0,0,0,0,0,0,0,0,0,0,0,0,0,0,1,
0,1158,2026-02-23 14:15:49Z,LLM_Empathetic,6.921536,7.220729,6.622343,0.6290716,0,1.61173,0,0,0,0,0,0,5.487388,4.347504,6.627282,0.592854,0.702737,0.482971,7.39318,6.22547,8.56089,0.5974415,0,2.119842,7.186184,6.098461,8.273907,9.834811,10,9.485878,6.921536,7.220729,6.622343,0.6290716,0,1.61173,0,0,0,0,0,0,5.487388,4.347504,6.627282,0.592854,0.702737,0.482971,7.39318,6.22547,8.56089,0.5974415,0,2.119842,7.186184,6.098461,8.273907,9.834811,10,9.485878,-1,-1,-1,-1,-1,-1,-1,-1,-1,-1,-1,-1,-1,-1,-1,-1,-1,-1,-1,-1,-1,-1,-1,-1,-1,-1,-1,-1,-1,-1,-1,-1,-1,-1,-1,-1,-1,-1,-1,-1,-1,-1,-1,-1,-1,-1,-1,-1,-1,-1,0,0,0,0,0,0,-1,-1,-1,-1,-1,-1,-1,-1,-1,-1,-1,-1,0,0,0,0,0,0,-1,-1,-1,-1,-1,-1,-1,-1,-1,-1,-1,-1,-1,-1,False,False,0,0,False,209,0,0,0,0,0,0,0,0,0,0,0,0,0,0,0,1,
0,1159,2026-02-23 14:15:49Z,LLM_Empathetic,6.921547,7.220731,6.622363,0.6290534,0,1.61172,0,0,0,0,0,0,5.487401,4.347508,6.627305,0.592854,0.702737,0.482971,7.393186,6.225467,8.560906,0.5974298,0,2.11983,7.186203,6.098472,8.273935,9.834849,10,9.485926,6.921547,7.220731,6.622363,0.6290534,0,1.61172,0,0,0,0,0,0,5.487401,4.347508,6.627305,0.592854,0.702737,0.482971,7.393186,6.225467,8.560906,0.5974298,0,2.11983,7.186203,6.098472,8.273935,9.834849,10,9.485926,-1,-1,-1,-1,-1,-1,-1,-1,-1,-1,-1,-1,-1,-1,-1,-1,-1,-1,-1,-1,-1,-1,-1,-1,-1,-1,-1,-1,-1,-1,-1,-1,-1,-1,-1,-1,-1,-1,-1,-1,-1,-1,-1,-1,-1,-1,-1,-1,-1,-1,0,0,0,0,0,0,-1,-1,-1,-1,-1,-1,-1,-1,-1,-1,-1,-1,0,0,0,0,0,0,-1,-1,-1,-1,-1,-1,-1,-1,-1,-1,-1,-1,-1,-1,False,False,0,0,False,209,0,0,0,0,0,0,0,0,0,0,0,0,0,0,0,1,
0,1160,2026-02-23 14:15:49Z,LLM_Empathetic,6.921558,7.220733,6.622382,0.6290351,0,1.61171,0,0,0,0,0,0,5.487415,4.347513,6.627327,0.592854,0.702737,0.482971,7.393192,6.225463,8.560922,0.5974181,0,2.119818,7.186222,6.098482,8.273963,9.834888,10,9.485973,6.921558,7.220733,6.622382,0.6290351,0,1.61171,0,0,0,0,0,0,5.487415,4.347513,6.627327,0.592854,0.702737,0.482971,7.393192,6.225463,8.560922,0.5974181,0,2.119818,7.186222,6.098482,8.273963,9.834888,10,9.485973,-1,-1,-1,-1,-1,-1,-1,-1,-1,-1,-1,-1,-1,-1,-1,-1,-1,-1,-1,-1,-1,-1,-1,-1,-1,-1,-1,-1,-1,-1,-1,-1,-1,-1,-1,-1,-1,-1,-1,-1,-1,-1,-1,-1,-1,-1,-1,-1,-1,-1,0,0,0,0,0,0,-1,-1,-1,-1,-1,-1,-1,-1,-1,-1,-1,-1,0,0,0,0,0,0,-1,-1,-1,-1,-1,-1,-1,-1,-1,-1,-1,-1,-1,-1,False,False,0,0,False,207,0,0,0,0,0,0,0,0,0,0,0,0,0,0,0,1,
0,1161,2026-02-23 14:15:49Z,LLM_Empathetic,6.921568,7.220735,6.622402,0.6290169,0,1.6117,0,0,0,0,0,0,5.487429,4.347517,6.627351,0.592854,0.702737,0.482971,7.393198,6.22546,8.560938,0.5974064,0,2.119807,7.186241,6.098493,8.273991,9.834926,10,9.486022,6.921568,7.220735,6.622402,0.6290169,0,1.6117,0,0,0,0,0,0,5.487429,4.347517,6.627351,0.592854,0.702737,0.482971,7.393198,6.22546,8.560938,0.5974064,0,2.119807,7.186241,6.098493,8.273991,9.834926,10,9.486022,-1,-1,-1,-1,-1,-1,-1,-1,-1,-1,-1,-1,-1,-1,-1,-1,-1,-1,-1,-1,-1,-1,-1,-1,-1,-1,-1,-1,-1,-1,-1,-1,-1,-1,-1,-1,-1,-1,-1,-1,-1,-1,-1,-1,-1,-1,-1,-1,-1,-1,0,0,0,0,0,0,-1,-1,-1,-1,-1,-1,-1,-1,-1,-1,-1,-1,0,0,0,0,0,0,-1,-1,-1,-1,-1,-1,-1,-1,-1,-1,-1,-1,-1,-1,False,False,0,0,False,209,0,0,0,0,0,0,0,0,0,0,0,0,0,0,0,1,
0,1162,2026-02-23 14:15:49Z,LLM_Empathetic,6.921579,7.220737,6.622421,0.6289987,0,1.61169,0,0,0,0,0,0,5.487442,4.347522,6.627374,0.592854,0.702737,0.482971,7.393205,6.225457,8.560953,0.5973948,0,2.119795,7.18626,6.098503,8.274019,9.834964,10,9.48607,6.921579,7.220737,6.622421,0.6289987,0,1.61169,0,0,0,0,0,0,5.487442,4.347522,6.627374,0.592854,0.702737,0.482971,7.393205,6.225457,8.560953,0.5973948,0,2.119795,7.18626,6.098503,8.274019,9.834964,10,9.48607,-1,-1,-1,-1,-1,-1,-1,-1,-1,-1,-1,-1,-1,-1,-1,-1,-1,-1,-1,-1,-1,-1,-1,-1,-1,-1,-1,-1,-1,-1,-1,-1,-1,-1,-1,-1,-1,-1,-1,-1,-1,-1,-1,-1,-1,-1,-1,-1,-1,-1,0,0,0,0,0,0,-1,-1,-1,-1,-1,-1,-1,-1,-1,-1,-1,-1,0,0,0,0,0,0,-1,-1,-1,-1,-1,-1,-1,-1,-1,-1,-1,-1,-1,-1,False,False,0,0,False,209,0,0,0,0,0,0,0,0,0,0,0,0,0,0,0,1,
0,1163,2026-02-23 14:15:50Z,LLM_Empathetic,6.92159,7.220739,6.622441,0.6289805,0,1.61168,0,0,0,0,0,0,5.487456,4.347527,6.627397,0.592854,0.702737,0.482971,7.393211,6.225454,8.560969,0.5973831,0,2.119784,7.186279,6.098513,8.274047,9.835002,10,9.486117,6.92159,7.220739,6.622441,0.6289805,0,1.61168,0,0,0,0,0,0,5.487456,4.347527,6.627397,0.592854,0.702737,0.482971,7.393211,6.225454,8.560969,0.5973831,0,2.119784,7.186279,6.098513,8.274047,9.835002,10,9.486117,-1,-1,-1,-1,-1,-1,-1,-1,-1,-1,-1,-1,-1,-1,-1,-1,-1,-1,-1,-1,-1,-1,-1,-1,-1,-1,-1,-1,-1,-1,-1,-1,-1,-1,-1,-1,-1,-1,-1,-1,-1,-1,-1,-1,-1,-1,-1,-1,-1,-1,0,0,0,0,0,0,-1,-1,-1,-1,-1,-1,-1,-1,-1,-1,-1,-1,0,0,0,0,0,0,-1,-1,-1,-1,-1,-1,-1,-1,-1,-1,-1,-1,-1,-1,False,False,0,0,False,207,0,0,0,0,0,0,0,0,0,0,0,0,0,0,0,1,
0,1164,2026-02-23 14:15:50Z,LLM_Empathetic,6.921601,7.220741,6.62246,0.6289624,0,1.61167,0,0,0,0,0,0,5.48747,4.347531,6.627419,0.592854,0.702737,0.482971,7.393218,6.225451,8.560985,0.5973715,0,2.119772,7.186298,6.098524,8.274075,9.83504,10,9.486165,6.921601,7.220741,6.62246,0.6289624,0,1.61167,0,0,0,0,0,0,5.48747,4.347531,6.627419,0.592854,0.702737,0.482971,7.393218,6.225451,8.560985,0.5973715,0,2.119772,7.186298,6.098524,8.274075,9.83504,10,9.486165,-1,-1,-1,-1,-1,-1,-1,-1,-1,-1,-1,-1,-1,-1,-1,-1,-1,-1,-1,-1,-1,-1,-1,-1,-1,-1,-1,-1,-1,-1,-1,-1,-1,-1,-1,-1,-1,-1,-1,-1,-1,-1,-1,-1,-1,-1,-1,-1,-1,-1,0,0,0,0,0,0,-1,-1,-1,-1,-1,-1,-1,-1,-1,-1,-1,-1,0,0,0,0,0,0,-1,-1,-1,-1,-1,-1,-1,-1,-1,-1,-1,-1,-1,-1,False,False,0,0,False,209,0,0,0,0,0,0,0,0,0,0,0,0,0,0,0,1,
0,1165,2026-02-23 14:15:50Z,LLM_Empathetic,6.921611,7.220743,6.622479,0.6289443,0,1.61166,0,0,0,0,0,0,5.487484,4.347536,6.627442,0.592854,0.702737,0.482971,7.393224,6.225447,8.561001,0.59736,0,2.11976,7.186317,6.098534,8.274102,9.835078,10,9.486213,6.921611,7.220743,6.622479,0.6289443,0,1.61166,0,0,0,0,0,0,5.487484,4.347536,6.627442,0.592854,0.702737,0.482971,7.393224,6.225447,8.561001,0.59736,0,2.11976,7.186317,6.098534,8.274102,9.835078,10,9.486213,-1,-1,-1,-1,-1,-1,-1,-1,-1,-1,-1,-1,-1,-1,-1,-1,-1,-1,-1,-1,-1,-1,-1,-1,-1,-1,-1,-1,-1,-1,-1,-1,-1,-1,-1,-1,-1,-1,-1,-1,-1,-1,-1,-1,-1,-1,-1,-1,-1,-1,0,0,0,0,0,0,-1,-1,-1,-1,-1,-1,-1,-1,-1,-1,-1,-1,0,0,0,0,0,0,-1,-1,-1,-1,-1,-1,-1,-1,-1,-1,-1,-1,-1,-1,False,False,0,0,False,209,0,0,0,0,0,0,0,0,0,0,0,0,0,0,0,1,
0,1166,2026-02-23 14:15:50Z,LLM_Empathetic,6.921622,7.220745,6.622499,0.6289262,0,1.61165,0,0,0,0,0,0,5.487497,4.34754,6.627465,0.592854,0.702737,0.482971,7.39323,6.225444,8.561016,0.5973483,0,2.119749,7.186337,6.098544,8.27413,9.835116,10,9.48626,6.921622,7.220745,6.622499,0.6289262,0,1.61165,0,0,0,0,0,0,5.487497,4.34754,6.627465,0.592854,0.702737,0.482971,7.39323,6.225444,8.561016,0.5973483,0,2.119749,7.186337,6.098544,8.27413,9.835116,10,9.48626,-1,-1,-1,-1,-1,-1,-1,-1,-1,-1,-1,-1,-1,-1,-1,-1,-1,-1,-1,-1,-1,-1,-1,-1,-1,-1,-1,-1,-1,-1,-1,-1,-1,-1,-1,-1,-1,-1,-1,-1,-1,-1,-1,-1,-1,-1,-1,-1,-1,-1,0,0,0,0,0,0,-1,-1,-1,-1,-1,-1,-1,-1,-1,-1,-1,-1,0,0,0,0,0,0,-1,-1,-1,-1,-1,-1,-1,-1,-1,-1,-1,-1,-1,-1,False,False,0,0,False,207,0,0,0,0,0,0,0,0,0,0,0,0,0,0,0,1,
0,1167,2026-02-23 14:15:50Z,LLM_Empathetic,6.921633,7.220747,6.622518,0.6289081,0,1.61164,0,0,0,0,0,0,5.487511,4.347545,6.627488,0.592854,0.702737,0.482971,7.393236,6.225441,8.561032,0.5973368,0,2.119737,7.186356,6.098554,8.274158,9.835155,10,9.486308,6.921633,7.220747,6.622518,0.6289081,0,1.61164,0,0,0,0,0,0,5.487511,4.347545,6.627488,0.592854,0.702737,0.482971,7.393236,6.225441,8.561032,0.5973368,0,2.119737,7.186356,6.098554,8.274158,9.835155,10,9.486308,-1,-1,-1,-1,-1,-1,-1,-1,-1,-1,-1,-1,-1,-1,-1,-1,-1,-1,-1,-1,-1,-1,-1,-1,-1,-1,-1,-1,-1,-1,-1,-1,-1,-1,-1,-1,-1,-1,-1,-1,-1,-1,-1,-1,-1,-1,-1,-1,-1,-1,0,0,0,0,0,0,-1,-1,-1,-1,-1,-1,-1,-1,-1,-1,-1,-1,0,0,0,0,0,0,-1,-1,-1,-1,-1,-1,-1,-1,-1,-1,-1,-1,-1,-1,False,False,0,0,False,209,0,0,0,0,0,0,0,0,0,0,0,0,0,0,0,1,
0,1168,2026-02-23 14:15:50Z,LLM_Empathetic,6.921643,7.220749,6.622538,0.6288901,0,1.61163,0,0,0,0,0,0,5.487525,4.347549,6.627511,0.592854,0.702737,0.482971,7.393242,6.225438,8.561048,0.5973252,0,2.119726,7.186375,6.098565,8.274185,9.835192,10,9.486356,6.921643,7.220749,6.622538,0.6288901,0,1.61163,0,0,0,0,0,0,5.487525,4.347549,6.627511,0.592854,0.702737,0.482971,7.393242,6.225438,8.561048,0.5973252,0,2.119726,7.186375,6.098565,8.274185,9.835192,10,9.486356,-1,-1,-1,-1,-1,-1,-1,-1,-1,-1,-1,-1,-1,-1,-1,-1,-1,-1,-1,-1,-1,-1,-1,-1,-1,-1,-1,-1,-1,-1,-1,-1,-1,-1,-1,-1,-1,-1,-1,-1,-1,-1,-1,-1,-1,-1,-1,-1,-1,-1,0,0,0,0,0,0,-1,-1,-1,-1,-1,-1,-1,-1,-1,-1,-1,-1,0,0,0,0,0,0,-1,-1,-1,-1,-1,-1,-1,-1,-1,-1,-1,-1,-1,-1,False,False,0,0,False,209,0,0,0,0,0,0,0,0,0,0,0,0,0,0,0,1,
0,1169,2026-02-23 14:15:50Z,LLM_Empathetic,6.921654,7.220751,6.622557,0.6288721,0,1.61162,0,0,0,0,0,0,5.487538,4.347554,6.627533,0.592854,0.702737,0.482971,7.393249,6.225434,8.561064,0.5973137,0,2.119714,7.186393,6.098575,8.274213,9.83523,10,9.486403,6.921654,7.220751,6.622557,0.6288721,0,1.61162,0,0,0,0,0,0,5.487538,4.347554,6.627533,0.592854,0.702737,0.482971,7.393249,6.225434,8.561064,0.5973137,0,2.119714,7.186393,6.098575,8.274213,9.83523,10,9.486403,-1,-1,-1,-1,-1,-1,-1,-1,-1,-1,-1,-1,-1,-1,-1,-1,-1,-1,-1,-1,-1,-1,-1,-1,-1,-1,-1,-1,-1,-1,-1,-1,-1,-1,-1,-1,-1,-1,-1,-1,-1,-1,-1,-1,-1,-1,-1,-1,-1,-1,0,0,0,0,0,0,-1,-1,-1,-1,-1,-1,-1,-1,-1,-1,-1,-1,0,0,0,0,0,0,-1,-1,-1,-1,-1,-1,-1,-1,-1,-1,-1,-1,-1,-1,False,False,0,0,False,207,0,0,0,0,0,0,0,0,0,0,0,0,0,0,0,1,
0,1170,2026-02-23 14:15:50Z,LLM_Empathetic,6.921664,7.220753,6.622576,0.6288541,0,1.61161,0,0,0,0,0,0,5.487552,4.347558,6.627556,0.592854,0.702737,0.482971,7.393255,6.225431,8.561079,0.5973022,0,2.119703,7.186412,6.098585,8.27424,9.835267,10,9.48645,6.921664,7.220753,6.622576,0.6288541,0,1.61161,0,0,0,0,0,0,5.487552,4.347558,6.627556,0.592854,0.702737,0.482971,7.393255,6.225431,8.561079,0.5973022,0,2.119703,7.186412,6.098585,8.27424,9.835267,10,9.48645,-1,-1,-1,-1,-1,-1,-1,-1,-1,-1,-1,-1,-1,-1,-1,-1,-1,-1,-1,-1,-1,-1,-1,-1,-1,-1,-1,-1,-1,-1,-1,-1,-1,-1,-1,-1,-1,-1,-1,-1,-1,-1,-1,-1,-1,-1,-1,-1,-1,-1,0,0,0,0,0,0,-1,-1,-1,-1,-1,-1,-1,-1,-1,-1,-1,-1,0,0,0,0,0,0,-1,-1,-1,-1,-1,-1,-1,-1,-1,-1,-1,-1,-1,-1,False,False,0,0,False,209,0,0,0,0,0,0,0,0,0,0,0,0,0,0,0,1,
0,1171,2026-02-23 14:15:50Z,LLM_Empathetic,6.921675,7.220755,6.622595,0.6288361,0,1.6116,0,0,0,0,0,0,5.487566,4.347563,6.627579,0.592854,0.702737,0.482971,7.393261,6.225428,8.561094,0.5972907,0,2.119691,7.186431,6.098595,8.274268,9.835305,10,9.486498,6.921675,7.220755,6.622595,0.6288361,0,1.6116,0,0,0,0,0,0,5.487566,4.347563,6.627579,0.592854,0.702737,0.482971,7.393261,6.225428,8.561094,0.5972907,0,2.119691,7.186431,6.098595,8.274268,9.835305,10,9.486498,-1,-1,-1,-1,-1,-1,-1,-1,-1,-1,-1,-1,-1,-1,-1,-1,-1,-1,-1,-1,-1,-1,-1,-1,-1,-1,-1,-1,-1,-1,-1,-1,-1,-1,-1,-1,-1,-1,-1,-1,-1,-1,-1,-1,-1,-1,-1,-1,-1,-1,0,0,0,0,0,0,-1,-1,-1,-1,-1,-1,-1,-1,-1,-1,-1,-1,0,0,0,0,0,0,-1,-1,-1,-1,-1,-1,-1,-1,-1,-1,-1,-1,-1,-1,False,False,0,0,False,207,0,0,0,0,0,0,0,0,0,0,0,0,0,0,0,1,
0,1172,2026-02-23 14:15:50Z,LLM_Empathetic,6.921686,7.220757,6.622614,0.6288182,0,1.61159,0,0,0,0,0,0,5.487579,4.347567,6.627602,0.592854,0.702737,0.482971,7.393267,6.225425,8.56111,0.5972792,0,2.119679,7.18645,6.098606,8.274296,9.835342,10,9.486546,6.921686,7.220757,6.622614,0.6288182,0,1.61159,0,0,0,0,0,0,5.487579,4.347567,6.627602,0.592854,0.702737,0.482971,7.393267,6.225425,8.56111,0.5972792,0,2.119679,7.18645,6.098606,8.274296,9.835342,10,9.486546,-1,-1,-1,-1,-1,-1,-1,-1,-1,-1,-1,-1,-1,-1,-1,-1,-1,-1,-1,-1,-1,-1,-1,-1,-1,-1,-1,-1,-1,-1,-1,-1,-1,-1,-1,-1,-1,-1,-1,-1,-1,-1,-1,-1,-1,-1,-1,-1,-1,-1,0,0,0,0,0,0,-1,-1,-1,-1,-1,-1,-1,-1,-1,-1,-1,-1,0,0,0,0,0,0,-1,-1,-1,-1,-1,-1,-1,-1,-1,-1,-1,-1,-1,-1,False,False,0,0,False,207,0,0,0,0,0,0,0,0,0,0,0,0,0,0,0,1,
0,1173,2026-02-23 14:15:50Z,LLM_Empathetic,6.921696,7.220758,6.622633,0.6288003,0,1.61158,0,0,0,0,0,0,5.487593,4.347572,6.627625,0.592854,0.702737,0.482971,7.393273,6.225421,8.561126,0.5972677,0,2.119668,7.186469,6.098616,8.274323,9.835381,10,9.486592,6.921696,7.220758,6.622633,0.6288003,0,1.61158,0,0,0,0,0,0,5.487593,4.347572,6.627625,0.592854,0.702737,0.482971,7.393273,6.225421,8.561126,0.5972677,0,2.119668,7.186469,6.098616,8.274323,9.835381,10,9.486592,-1,-1,-1,-1,-1,-1,-1,-1,-1,-1,-1,-1,-1,-1,-1,-1,-1,-1,-1,-1,-1,-1,-1,-1,-1,-1,-1,-1,-1,-1,-1,-1,-1,-1,-1,-1,-1,-1,-1,-1,-1,-1,-1,-1,-1,-1,-1,-1,-1,-1,0,0,0,0,0,0,-1,-1,-1,-1,-1,-1,-1,-1,-1,-1,-1,-1,0,0,0,0,0,0,-1,-1,-1,-1,-1,-1,-1,-1,-1,-1,-1,-1,-1,-1,False,False,0,0,False,207,0,0,0,0,0,0,0,0,0,0,0,0,0,0,0,1,
0,1174,2026-02-23 14:15:50Z,LLM_Empathetic,6.921707,7.22076,6.622653,0.6287824,0,1.61157,0,0,0,0,0,0,5.487607,4.347576,6.627647,0.592854,0.702737,0.482971,7.39328,6.225419,8.561141,0.5972562,0,2.119657,7.186488,6.098626,8.27435,9.835418,10,9.486639,6.921707,7.22076,6.622653,0.6287824,0,1.61157,0,0,0,0,0,0,5.487607,4.347576,6.627647,0.592854,0.702737,0.482971,7.39328,6.225419,8.561141,0.5972562,0,2.119657,7.186488,6.098626,8.27435,9.835418,10,9.486639,-1,-1,-1,-1,-1,-1,-1,-1,-1,-1,-1,-1,-1,-1,-1,-1,-1,-1,-1,-1,-1,-1,-1,-1,-1,-1,-1,-1,-1,-1,-1,-1,-1,-1,-1,-1,-1,-1,-1,-1,-1,-1,-1,-1,-1,-1,-1,-1,-1,-1,0,0,0,0,0,0,-1,-1,-1,-1,-1,-1,-1,-1,-1,-1,-1,-1,0,0,0,0,0,0,-1,-1,-1,-1,-1,-1,-1,-1,-1,-1,-1,-1,-1,-1,False,False,0,0,False,207,0,0,0,0,0,0,0,0,0,0,0,0,0,0,0,1,
0,1175,2026-02-23 14:15:50Z,LLM_Empathetic,6.921717,7.220762,6.622672,0.6287645,0,1.61156,0,0,0,0,0,0,5.48762,4.347581,6.627669,0.592854,0.702737,0.482971,7.393286,6.225415,8.561156,0.5972448,0,2.119645,7.186506,6.098636,8.274378,9.835456,10,9.486687,6.921717,7.220762,6.622672,0.6287645,0,1.61156,0,0,0,0,0,0,5.48762,4.347581,6.627669,0.592854,0.702737,0.482971,7.393286,6.225415,8.561156,0.5972448,0,2.119645,7.186506,6.098636,8.274378,9.835456,10,9.486687,-1,-1,-1,-1,-1,-1,-1,-1,-1,-1,-1,-1,-1,-1,-1,-1,-1,-1,-1,-1,-1,-1,-1,-1,-1,-1,-1,-1,-1,-1,-1,-1,-1,-1,-1,-1,-1,-1,-1,-1,-1,-1,-1,-1,-1,-1,-1,-1,-1,-1,0,0,0,0,0,0,-1,-1,-1,-1,-1,-1,-1,-1,-1,-1,-1,-1,0,0,0,0,0,0,-1,-1,-1,-1,-1,-1,-1,-1,-1,-1,-1,-1,-1,-1,False,False,0,0,False,207,0,0,0,0,0,0,0,0,0,0,0,0,0,0,0,1,
0,1176,2026-02-23 14:15:50Z,LLM_Empathetic,6.921728,7.220764,6.622691,0.6287467,0,1.611551,0,0,0,0,0,0,5.487633,4.347585,6.627692,0.592854,0.702737,0.482971,7.393292,6.225412,8.561172,0.5972334,0,2.119634,7.186525,6.098646,8.274405,9.835493,10,9.486733,6.921728,7.220764,6.622691,0.6287467,0,1.611551,0,0,0,0,0,0,5.487633,4.347585,6.627692,0.592854,0.702737,0.482971,7.393292,6.225412,8.561172,0.5972334,0,2.119634,7.186525,6.098646,8.274405,9.835493,10,9.486733,-1,-1,-1,-1,-1,-1,-1,-1,-1,-1,-1,-1,-1,-1,-1,-1,-1,-1,-1,-1,-1,-1,-1,-1,-1,-1,-1,-1,-1,-1,-1,-1,-1,-1,-1,-1,-1,-1,-1,-1,-1,-1,-1,-1,-1,-1,-1,-1,-1,-1,0,0,0,0,0,0,-1,-1,-1,-1,-1,-1,-1,-1,-1,-1,-1,-1,0,0,0,0,0,0,-1,-1,-1,-1,-1,-1,-1,-1,-1,-1,-1,-1,-1,-1,False,False,0,0,False,209,0,0,0,0,0,0,0,0,0,0,0,0,0,0,0,1,
0,1177,2026-02-23 14:15:50Z,LLM_Empathetic,6.921738,7.220766,6.62271,0.6287289,0,1.611541,0,0,0,0,0,0,5.487647,4.347589,6.627715,0.592854,0.702737,0.482971,7.393298,6.225409,8.561188,0.597222,0,2.119622,7.186544,6.098656,8.274432,9.83553,10,9.48678,6.921738,7.220766,6.62271,0.6287289,0,1.611541,0,0,0,0,0,0,5.487647,4.347589,6.627715,0.592854,0.702737,0.482971,7.393298,6.225409,8.561188,0.597222,0,2.119622,7.186544,6.098656,8.274432,9.83553,10,9.48678,-1,-1,-1,-1,-1,-1,-1,-1,-1,-1,-1,-1,-1,-1,-1,-1,-1,-1,-1,-1,-1,-1,-1,-1,-1,-1,-1,-1,-1,-1,-1,-1,-1,-1,-1,-1,-1,-1,-1,-1,-1,-1,-1,-1,-1,-1,-1,-1,-1,-1,0,0,0,0,0,0,-1,-1,-1,-1,-1,-1,-1,-1,-1,-1,-1,-1,0,0,0,0,0,0,-1,-1,-1,-1,-1,-1,-1,-1,-1,-1,-1,-1,-1,-1,False,False,0,0,False,209,0,0,0,0,0,0,0,0,0,0,0,0,0,0,0,1,
0,1178,2026-02-23 14:15:50Z,LLM_Empathetic,6.921749,7.220768,6.622729,0.628711,0,1.611531,0,0,0,0,0,0,5.48766,4.347594,6.627737,0.592854,0.702737,0.482971,7.393304,6.225406,8.561203,0.5972106,0,2.119611,7.186563,6.098666,8.27446,9.835567,10,9.486827,6.921749,7.220768,6.622729,0.628711,0,1.611531,0,0,0,0,0,0,5.48766,4.347594,6.627737,0.592854,0.702737,0.482971,7.393304,6.225406,8.561203,0.5972106,0,2.119611,7.186563,6.098666,8.27446,9.835567,10,9.486827,-1,-1,-1,-1,-1,-1,-1,-1,-1,-1,-1,-1,-1,-1,-1,-1,-1,-1,-1,-1,-1,-1,-1,-1,-1,-1,-1,-1,-1,-1,-1,-1,-1,-1,-1,-1,-1,-1,-1,-1,-1,-1,-1,-1,-1,-1,-1,-1,-1,-1,0,0,0,0,0,0,-1,-1,-1,-1,-1,-1,-1,-1,-1,-1,-1,-1,0,0,0,0,0,0,-1,-1,-1,-1,-1,-1,-1,-1,-1,-1,-1,-1,-1,-1,False,False,0,0,False,207,0,0,0,0,0,0,0,0,0,0,0,0,0,0,0,1,
0,1179,2026-02-23 14:15:50Z,LLM_Empathetic,6.921759,7.22077,6.622748,0.6286933,0,1.611521,0,0,0,0,0,0,5.487674,4.347599,6.627759,0.592854,0.702737,0.482971,7.393311,6.225403,8.561218,0.5971992,0,2.1196,7.186581,6.098677,8.274487,9.835605,10,9.486874,6.921759,7.22077,6.622748,0.6286933,0,1.611521,0,0,0,0,0,0,5.487674,4.347599,6.627759,0.592854,0.702737,0.482971,7.393311,6.225403,8.561218,0.5971992,0,2.1196,7.186581,6.098677,8.274487,9.835605,10,9.486874,-1,-1,-1,-1,-1,-1,-1,-1,-1,-1,-1,-1,-1,-1,-1,-1,-1,-1,-1,-1,-1,-1,-1,-1,-1,-1,-1,-1,-1,-1,-1,-1,-1,-1,-1,-1,-1,-1,-1,-1,-1,-1,-1,-1,-1,-1,-1,-1,-1,-1,0,0,0,0,0,0,-1,-1,-1,-1,-1,-1,-1,-1,-1,-1,-1,-1,0,0,0,0,0,0,-1,-1,-1,-1,-1,-1,-1,-1,-1,-1,-1,-1,-1,-1,False,False,0,0,False,209,0,0,0,0,0,0,0,0,0,0,0,0,0,0,0,1,
0,1180,2026-02-23 14:15:50Z,LLM_Empathetic,6.92177,7.220772,6.622767,0.6286756,0,1.611511,0,0,0,0,0,0,5.487687,4.347603,6.627782,0.592854,0.702737,0.482971,7.393316,6.225399,8.561234,0.5971878,0,2.119588,7.1866,6.098687,8.274514,9.835642,10,9.48692,6.92177,7.220772,6.622767,0.6286756,0,1.611511,0,0,0,0,0,0,5.487687,4.347603,6.627782,0.592854,0.702737,0.482971,7.393316,6.225399,8.561234,0.5971878,0,2.119588,7.1866,6.098687,8.274514,9.835642,10,9.48692,-1,-1,-1,-1,-1,-1,-1,-1,-1,-1,-1,-1,-1,-1,-1,-1,-1,-1,-1,-1,-1,-1,-1,-1,-1,-1,-1,-1,-1,-1,-1,-1,-1,-1,-1,-1,-1,-1,-1,-1,-1,-1,-1,-1,-1,-1,-1,-1,-1,-1,0,0,0,0,0,0,-1,-1,-1,-1,-1,-1,-1,-1,-1,-1,-1,-1,0,0,0,0,0,0,-1,-1,-1,-1,-1,-1,-1,-1,-1,-1,-1,-1,-1,-1,False,False,0,0,False,207,0,0,0,0,0,0,0,0,0,0,0,0,0,0,0,1,
0,1181,2026-02-23 14:15:50Z,LLM_Empathetic,6.92178,7.220774,6.622786,0.6286578,0,1.611502,0,0,0,0,0,0,5.4877,4.347608,6.627804,0.592854,0.702737,0.482971,7.393322,6.225396,8.56125,0.5971765,0,2.119577,7.186618,6.098697,8.274541,9.835679,10,9.486967,6.92178,7.220774,6.622786,0.6286578,0,1.611502,0,0,0,0,0,0,5.4877,4.347608,6.627804,0.592854,0.702737,0.482971,7.393322,6.225396,8.56125,0.5971765,0,2.119577,7.186618,6.098697,8.274541,9.835679,10,9.486967,-1,-1,-1,-1,-1,-1,-1,-1,-1,-1,-1,-1,-1,-1,-1,-1,-1,-1,-1,-1,-1,-1,-1,-1,-1,-1,-1,-1,-1,-1,-1,-1,-1,-1,-1,-1,-1,-1,-1,-1,-1,-1,-1,-1,-1,-1,-1,-1,-1,-1,0,0,0,0,0,0,-1,-1,-1,-1,-1,-1,-1,-1,-1,-1,-1,-1,0,0,0,0,0,0,-1,-1,-1,-1,-1,-1,-1,-1,-1,-1,-1,-1,-1,-1,False,False,0,0,False,207,0,0,0,0,0,0,0,0,0,0,0,0,0,0,0,1,
0,1182,2026-02-23 14:15:50Z,LLM_Empathetic,6.92179,7.220775,6.622805,0.6286402,0,1.611492,0,0,0,0,0,0,5.487714,4.347612,6.627827,0.592854,0.702737,0.482971,7.393329,6.225393,8.561265,0.5971652,0,2.119565,7.186637,6.098707,8.274569,9.835716,10,9.487014,6.92179,7.220775,6.622805,0.6286402,0,1.611492,0,0,0,0,0,0,5.487714,4.347612,6.627827,0.592854,0.702737,0.482971,7.393329,6.225393,8.561265,0.5971652,0,2.119565,7.186637,6.098707,8.274569,9.835716,10,9.487014,-1,-1,-1,-1,-1,-1,-1,-1,-1,-1,-1,-1,-1,-1,-1,-1,-1,-1,-1,-1,-1,-1,-1,-1,-1,-1,-1,-1,-1,-1,-1,-1,-1,-1,-1,-1,-1,-1,-1,-1,-1,-1,-1,-1,-1,-1,-1,-1,-1,-1,0,0,0,0,0,0,-1,-1,-1,-1,-1,-1,-1,-1,-1,-1,-1,-1,0,0,0,0,0,0,-1,-1,-1,-1,-1,-1,-1,-1,-1,-1,-1,-1,-1,-1,False,False,0,0,False,209,0,0,0,0,0,0,0,0,0,0,0,0,0,0,0,1,
0,1183,2026-02-23 14:15:50Z,LLM_Empathetic,6.921801,7.220777,6.622824,0.6286225,0,1.611482,0,0,0,0,0,0,5.487727,4.347616,6.627849,0.592854,0.702737,0.482971,7.393335,6.22539,8.56128,0.5971538,0,2.119554,7.186656,6.098717,8.274595,9.835753,10,9.487061,6.921801,7.220777,6.622824,0.6286225,0,1.611482,0,0,0,0,0,0,5.487727,4.347616,6.627849,0.592854,0.702737,0.482971,7.393335,6.22539,8.56128,0.5971538,0,2.119554,7.186656,6.098717,8.274595,9.835753,10,9.487061,-1,-1,-1,-1,-1,-1,-1,-1,-1,-1,-1,-1,-1,-1,-1,-1,-1,-1,-1,-1,-1,-1,-1,-1,-1,-1,-1,-1,-1,-1,-1,-1,-1,-1,-1,-1,-1,-1,-1,-1,-1,-1,-1,-1,-1,-1,-1,-1,-1,-1,0,0,0,0,0,0,-1,-1,-1,-1,-1,-1,-1,-1,-1,-1,-1,-1,0,0,0,0,0,0,-1,-1,-1,-1,-1,-1,-1,-1,-1,-1,-1,-1,-1,-1,False,False,0,0,False,207,0,0,0,0,0,0,0,0,0,0,0,0,0,0,0,1,
0,1184,2026-02-23 14:15:50Z,LLM_Empathetic,6.921811,7.220779,6.622843,0.6286048,0,1.611472,0,0,0,0,0,0,5.487741,4.34762,6.627871,0.592854,0.702737,0.482971,7.393341,6.225387,8.561296,0.5971426,0,2.119543,7.186674,6.098727,8.274622,9.835791,10,9.487107,6.921811,7.220779,6.622843,0.6286048,0,1.611472,0,0,0,0,0,0,5.487741,4.34762,6.627871,0.592854,0.702737,0.482971,7.393341,6.225387,8.561296,0.5971426,0,2.119543,7.186674,6.098727,8.274622,9.835791,10,9.487107,-1,-1,-1,-1,-1,-1,-1,-1,-1,-1,-1,-1,-1,-1,-1,-1,-1,-1,-1,-1,-1,-1,-1,-1,-1,-1,-1,-1,-1,-1,-1,-1,-1,-1,-1,-1,-1,-1,-1,-1,-1,-1,-1,-1,-1,-1,-1,-1,-1,-1,0,0,0,0,0,0,-1,-1,-1,-1,-1,-1,-1,-1,-1,-1,-1,-1,0,0,0,0,0,0,-1,-1,-1,-1,-1,-1,-1,-1,-1,-1,-1,-1,-1,-1,False,False,0,0,False,207,0,0,0,0,0,0,0,0,0,0,0,0,0,0,0,1,
0,1185,2026-02-23 14:15:50Z,LLM_Empathetic,6.921822,7.220781,6.622862,0.6285872,0,1.611463,0,0,0,0,0,0,5.487754,4.347625,6.627893,0.592854,0.702737,0.482971,7.393347,6.225384,8.561311,0.5971313,0,2.119532,7.186693,6.098737,8.27465,9.835828,10,9.487153,6.921822,7.220781,6.622862,0.6285872,0,1.611463,0,0,0,0,0,0,5.487754,4.347625,6.627893,0.592854,0.702737,0.482971,7.393347,6.225384,8.561311,0.5971313,0,2.119532,7.186693,6.098737,8.27465,9.835828,10,9.487153,-1,-1,-1,-1,-1,-1,-1,-1,-1,-1,-1,-1,-1,-1,-1,-1,-1,-1,-1,-1,-1,-1,-1,-1,-1,-1,-1,-1,-1,-1,-1,-1,-1,-1,-1,-1,-1,-1,-1,-1,-1,-1,-1,-1,-1,-1,-1,-1,-1,-1,0,0,0,0,0,0,-1,-1,-1,-1,-1,-1,-1,-1,-1,-1,-1,-1,0,0,0,0,0,0,-1,-1,-1,-1,-1,-1,-1,-1,-1,-1,-1,-1,-1,-1,False,False,0,0,False,209,0,0,0,0,0,0,0,0,0,0,0,0,0,0,0,1,
0,1186,2026-02-23 14:15:50Z,LLM_Empathetic,6.921832,7.220783,6.62288,0.6285696,0,1.611453,0,0,0,0,0,0,5.487767,4.34763,6.627916,0.592854,0.702737,0.482971,7.393353,6.225381,8.561326,0.59712,0,2.11952,7.186711,6.098747,8.274676,9.835864,10,9.4872,6.921832,7.220783,6.62288,0.6285696,0,1.611453,0,0,0,0,0,0,5.487767,4.34763,6.627916,0.592854,0.702737,0.482971,7.393353,6.225381,8.561326,0.59712,0,2.11952,7.186711,6.098747,8.274676,9.835864,10,9.4872,-1,-1,-1,-1,-1,-1,-1,-1,-1,-1,-1,-1,-1,-1,-1,-1,-1,-1,-1,-1,-1,-1,-1,-1,-1,-1,-1,-1,-1,-1,-1,-1,-1,-1,-1,-1,-1,-1,-1,-1,-1,-1,-1,-1,-1,-1,-1,-1,-1,-1,0,0,0,0,0,0,-1,-1,-1,-1,-1,-1,-1,-1,-1,-1,-1,-1,0,0,0,0,0,0,-1,-1,-1,-1,-1,-1,-1,-1,-1,-1,-1,-1,-1,-1,False,False,0,0,False,209,0,0,0,0,0,0,0,0,0,0,0,0,0,0,0,1,
0,1187,2026-02-23 14:15:50Z,LLM_Empathetic,6.921842,7.220785,6.622899,0.628552,0,1.611443,0,0,0,0,0,0,5.487781,4.347634,6.627938,0.592854,0.702737,0.482971,7.393359,6.225378,8.561341,0.5971087,0,2.119509,7.186729,6.098757,8.274703,9.835901,10,9.487247,6.921842,7.220785,6.622899,0.628552,0,1.611443,0,0,0,0,0,0,5.487781,4.347634,6.627938,0.592854,0.702737,0.482971,7.393359,6.225378,8.561341,0.5971087,0,2.119509,7.186729,6.098757,8.274703,9.835901,10,9.487247,-1,-1,-1,-1,-1,-1,-1,-1,-1,-1,-1,-1,-1,-1,-1,-1,-1,-1,-1,-1,-1,-1,-1,-1,-1,-1,-1,-1,-1,-1,-1,-1,-1,-1,-1,-1,-1,-1,-1,-1,-1,-1,-1,-1,-1,-1,-1,-1,-1,-1,0,0,0,0,0,0,-1,-1,-1,-1,-1,-1,-1,-1,-1,-1,-1,-1,0,0,0,0,0,0,-1,-1,-1,-1,-1,-1,-1,-1,-1,-1,-1,-1,-1,-1,False,False,0,0,False,207,0,0,0,0,0,0,0,0,0,0,0,0,0,0,0,1,
0,1188,2026-02-23 14:15:50Z,LLM_Empathetic,6.921853,7.220787,6.622918,0.6285345,0,1.611434,0,0,0,0,0,0,5.487794,4.347638,6.62796,0.592854,0.702737,0.482971,7.393365,6.225374,8.561357,0.5970975,0,2.119498,7.186748,6.098767,8.27473,9.835938,10,9.487292,6.921853,7.220787,6.622918,0.6285345,0,1.611434,0,0,0,0,0,0,5.487794,4.347638,6.62796,0.592854,0.702737,0.482971,7.393365,6.225374,8.561357,0.5970975,0,2.119498,7.186748,6.098767,8.27473,9.835938,10,9.487292,-1,-1,-1,-1,-1,-1,-1,-1,-1,-1,-1,-1,-1,-1,-1,-1,-1,-1,-1,-1,-1,-1,-1,-1,-1,-1,-1,-1,-1,-1,-1,-1,-1,-1,-1,-1,-1,-1,-1,-1,-1,-1,-1,-1,-1,-1,-1,-1,-1,-1,0,0,0,0,0,0,-1,-1,-1,-1,-1,-1,-1,-1,-1,-1,-1,-1,0,0,0,0,0,0,-1,-1,-1,-1,-1,-1,-1,-1,-1,-1,-1,-1,-1,-1,False,False,0,0,False,207,0,0,0,0,0,0,0,0,0,0,0,0,0,0,0,1,
0,1189,2026-02-23 14:15:50Z,LLM_Empathetic,6.921863,7.220788,6.622937,0.628517,0,1.611424,0,0,0,0,0,0,5.487807,4.347642,6.627982,0.592854,0.702737,0.482971,7.393371,6.225371,8.561372,0.5970863,0,2.119487,7.186767,6.098777,8.274757,9.835975,10,9.487338,6.921863,7.220788,6.622937,0.628517,0,1.611424,0,0,0,0,0,0,5.487807,4.347642,6.627982,0.592854,0.702737,0.482971,7.393371,6.225371,8.561372,0.5970863,0,2.119487,7.186767,6.098777,8.274757,9.835975,10,9.487338,-1,-1,-1,-1,-1,-1,-1,-1,-1,-1,-1,-1,-1,-1,-1,-1,-1,-1,-1,-1,-1,-1,-1,-1,-1,-1,-1,-1,-1,-1,-1,-1,-1,-1,-1,-1,-1,-1,-1,-1,-1,-1,-1,-1,-1,-1,-1,-1,-1,-1,0,0,0,0,0,0,-1,-1,-1,-1,-1,-1,-1,-1,-1,-1,-1,-1,0,0,0,0,0,0,-1,-1,-1,-1,-1,-1,-1,-1,-1,-1,-1,-1,-1,-1,False,False,0,0,False,209,0,0,0,0,0,0,0,0,0,0,0,0,0,0,0,1,
0,1190,2026-02-23 14:15:50Z,LLM_Empathetic,6.921873,7.22079,6.622956,0.6284994,0,1.611414,0,0,0,0,0,0,5.487821,4.347647,6.628004,0.592854,0.702737,0.482971,7.393377,6.225368,8.561387,0.5970751,0,2.119475,7.186785,6.098787,8.274784,9.836012,10,9.487385,6.921873,7.22079,6.622956,0.6284994,0,1.611414,0,0,0,0,0,0,5.487821,4.347647,6.628004,0.592854,0.702737,0.482971,7.393377,6.225368,8.561387,0.5970751,0,2.119475,7.186785,6.098787,8.274784,9.836012,10,9.487385,-1,-1,-1,-1,-1,-1,-1,-1,-1,-1,-1,-1,-1,-1,-1,-1,-1,-1,-1,-1,-1,-1,-1,-1,-1,-1,-1,-1,-1,-1,-1,-1,-1,-1,-1,-1,-1,-1,-1,-1,-1,-1,-1,-1,-1,-1,-1,-1,-1,-1,0,0,0,0,0,0,-1,-1,-1,-1,-1,-1,-1,-1,-1,-1,-1,-1,0,0,0,0,0,0,-1,-1,-1,-1,-1,-1,-1,-1,-1,-1,-1,-1,-1,-1,False,False,0,0,False,209,0,0,0,0,0,0,0,0,0,0,0,0,0,0,0,1,
0,1191,2026-02-23 14:15:50Z,LLM_Empathetic,6.921883,7.220792,6.622974,0.628482,0,1.611405,0,0,0,0,0,0,5.487833,4.347651,6.628026,0.592854,0.702737,0.482971,7.393384,6.225365,8.561402,0.5970639,0,2.119464,7.186803,6.098797,8.274811,9.836048,10,9.487431,6.921883,7.220792,6.622974,0.628482,0,1.611405,0,0,0,0,0,0,5.487833,4.347651,6.628026,0.592854,0.702737,0.482971,7.393384,6.225365,8.561402,0.5970639,0,2.119464,7.186803,6.098797,8.274811,9.836048,10,9.487431,-1,-1,-1,-1,-1,-1,-1,-1,-1,-1,-1,-1,-1,-1,-1,-1,-1,-1,-1,-1,-1,-1,-1,-1,-1,-1,-1,-1,-1,-1,-1,-1,-1,-1,-1,-1,-1,-1,-1,-1,-1,-1,-1,-1,-1,-1,-1,-1,-1,-1,0,0,0,0,0,0,-1,-1,-1,-1,-1,-1,-1,-1,-1,-1,-1,-1,0,0,0,0,0,0,-1,-1,-1,-1,-1,-1,-1,-1,-1,-1,-1,-1,-1,-1,False,False,0,0,False,209,0,0,0,0,0,0,0,0,0,0,0,0,0,0,0,1,
0,1192,2026-02-23 14:15:50Z,LLM_Empathetic,6.921894,7.220794,6.622993,0.6284645,0,1.611395,0,0,0,0,0,0,5.487847,4.347656,6.628048,0.592854,0.702737,0.482971,7.393389,6.225362,8.561417,0.5970527,0,2.119453,7.186821,6.098806,8.274837,9.836085,10,9.487476,6.921894,7.220794,6.622993,0.6284645,0,1.611395,0,0,0,0,0,0,5.487847,4.347656,6.628048,0.592854,0.702737,0.482971,7.393389,6.225362,8.561417,0.5970527,0,2.119453,7.186821,6.098806,8.274837,9.836085,10,9.487476,-1,-1,-1,-1,-1,-1,-1,-1,-1,-1,-1,-1,-1,-1,-1,-1,-1,-1,-1,-1,-1,-1,-1,-1,-1,-1,-1,-1,-1,-1,-1,-1,-1,-1,-1,-1,-1,-1,-1,-1,-1,-1,-1,-1,-1,-1,-1,-1,-1,-1,0,0,0,0,0,0,-1,-1,-1,-1,-1,-1,-1,-1,-1,-1,-1,-1,0,0,0,0,0,0,-1,-1,-1,-1,-1,-1,-1,-1,-1,-1,-1,-1,-1,-1,False,False,0,0,False,209,0,0,0,0,0,0,0,0,0,0,0,0,0,0,0,1,
0,1193,2026-02-23 14:15:50Z,LLM_Empathetic,6.921904,7.220796,6.623012,0.6284471,0,1.611385,0,0,0,0,0,0,5.48786,4.34766,6.62807,0.592854,0.702737,0.482971,7.393395,6.225359,8.561432,0.5970415,0,2.119442,7.18684,6.098816,8.274864,9.836122,10,9.487522,6.921904,7.220796,6.623012,0.6284471,0,1.611385,0,0,0,0,0,0,5.48786,4.34766,6.62807,0.592854,0.702737,0.482971,7.393395,6.225359,8.561432,0.5970415,0,2.119442,7.18684,6.098816,8.274864,9.836122,10,9.487522,-1,-1,-1,-1,-1,-1,-1,-1,-1,-1,-1,-1,-1,-1,-1,-1,-1,-1,-1,-1,-1,-1,-1,-1,-1,-1,-1,-1,-1,-1,-1,-1,-1,-1,-1,-1,-1,-1,-1,-1,-1,-1,-1,-1,-1,-1,-1,-1,-1,-1,0,0,0,0,0,0,-1,-1,-1,-1,-1,-1,-1,-1,-1,-1,-1,-1,0,0,0,0,0,0,-1,-1,-1,-1,-1,-1,-1,-1,-1,-1,-1,-1,-1,-1,False,False,0,0,False,209,0,0,0,0,0,0,0,0,0,0,0,0,0,0,0,1,
0,1194,2026-02-23 14:15:51Z,LLM_Empathetic,6.921914,7.220798,6.62303,0.6284297,0,1.611376,0,0,0,0,0,0,5.487873,4.347664,6.628092,0.592854,0.702737,0.482971,7.393401,6.225356,8.561447,0.5970304,0,2.119431,7.186858,6.098826,8.274891,9.836158,10,9.487568,6.921914,7.220798,6.62303,0.6284297,0,1.611376,0,0,0,0,0,0,5.487873,4.347664,6.628092,0.592854,0.702737,0.482971,7.393401,6.225356,8.561447,0.5970304,0,2.119431,7.186858,6.098826,8.274891,9.836158,10,9.487568,-1,-1,-1,-1,-1,-1,-1,-1,-1,-1,-1,-1,-1,-1,-1,-1,-1,-1,-1,-1,-1,-1,-1,-1,-1,-1,-1,-1,-1,-1,-1,-1,-1,-1,-1,-1,-1,-1,-1,-1,-1,-1,-1,-1,-1,-1,-1,-1,-1,-1,0,0,0,0,0,0,-1,-1,-1,-1,-1,-1,-1,-1,-1,-1,-1,-1,0,0,0,0,0,0,-1,-1,-1,-1,-1,-1,-1,-1,-1,-1,-1,-1,-1,-1,False,False,0,0,False,209,0,0,0,0,0,0,0,0,0,0,0,0,0,0,0,1,
0,1195,2026-02-23 14:15:51Z,LLM_Empathetic,6.921924,7.220799,6.623049,0.6284123,0,1.611366,0,0,0,0,0,0,5.487886,4.347669,6.628114,0.592854,0.702737,0.482971,7.393407,6.225353,8.561462,0.5970193,0,2.11942,7.186876,6.098836,8.274918,9.836195,10,9.487614,6.921924,7.220799,6.623049,0.6284123,0,1.611366,0,0,0,0,0,0,5.487886,4.347669,6.628114,0.592854,0.702737,0.482971,7.393407,6.225353,8.561462,0.5970193,0,2.11942,7.186876,6.098836,8.274918,9.836195,10,9.487614,-1,-1,-1,-1,-1,-1,-1,-1,-1,-1,-1,-1,-1,-1,-1,-1,-1,-1,-1,-1,-1,-1,-1,-1,-1,-1,-1,-1,-1,-1,-1,-1,-1,-1,-1,-1,-1,-1,-1,-1,-1,-1,-1,-1,-1,-1,-1,-1,-1,-1,0,0,0,0,0,0,-1,-1,-1,-1,-1,-1,-1,-1,-1,-1,-1,-1,0,0,0,0,0,0,-1,-1,-1,-1,-1,-1,-1,-1,-1,-1,-1,-1,-1,-1,False,False,0,0,False,209,0,0,0,0,0,0,0,0,0,0,0,0,0,0,0,1,
0,1196,2026-02-23 14:15:51Z,LLM_Empathetic,6.921935,7.220801,6.623067,0.628395,0,1.611357,0,0,0,0,0,0,5.4879,4.347673,6.628136,0.592854,0.702737,0.482971,7.393414,6.22535,8.561478,0.5970082,0,2.119409,7.186894,6.098846,8.274944,9.836231,10,9.487659,6.921935,7.220801,6.623067,0.628395,0,1.611357,0,0,0,0,0,0,5.4879,4.347673,6.628136,0.592854,0.702737,0.482971,7.393414,6.22535,8.561478,0.5970082,0,2.119409,7.186894,6.098846,8.274944,9.836231,10,9.487659,-1,-1,-1,-1,-1,-1,-1,-1,-1,-1,-1,-1,-1,-1,-1,-1,-1,-1,-1,-1,-1,-1,-1,-1,-1,-1,-1,-1,-1,-1,-1,-1,-1,-1,-1,-1,-1,-1,-1,-1,-1,-1,-1,-1,-1,-1,-1,-1,-1,-1,0,0,0,0,0,0,-1,-1,-1,-1,-1,-1,-1,-1,-1,-1,-1,-1,0,0,0,0,0,0,-1,-1,-1,-1,-1,-1,-1,-1,-1,-1,-1,-1,-1,-1,False,False,0,0,False,209,0,0,0,0,0,0,0,0,0,0,0,0,0,0,0,1,
0,1197,2026-02-23 14:15:51Z,LLM_Empathetic,6.921945,7.220803,6.623086,0.6283776,0,1.611347,0,0,0,0,0,0,5.487913,4.347678,6.628158,0.592854,0.702737,0.482971,7.393419,6.225347,8.561493,0.596997,0,2.119397,7.186913,6.098856,8.274971,9.836267,10,9.487705,6.921945,7.220803,6.623086,0.6283776,0,1.611347,0,0,0,0,0,0,5.487913,4.347678,6.628158,0.592854,0.702737,0.482971,7.393419,6.225347,8.561493,0.596997,0,2.119397,7.186913,6.098856,8.274971,9.836267,10,9.487705,-1,-1,-1,-1,-1,-1,-1,-1,-1,-1,-1,-1,-1,-1,-1,-1,-1,-1,-1,-1,-1,-1,-1,-1,-1,-1,-1,-1,-1,-1,-1,-1,-1,-1,-1,-1,-1,-1,-1,-1,-1,-1,-1,-1,-1,-1,-1,-1,-1,-1,0,0,0,0,0,0,-1,-1,-1,-1,-1,-1,-1,-1,-1,-1,-1,-1,0,0,0,0,0,0,-1,-1,-1,-1,-1,-1,-1,-1,-1,-1,-1,-1,-1,-1,False,False,0,0,False,209,0,0,0,0,0,0,0,0,0,0,0,0,0,0,0,1,
0,1198,2026-02-23 14:15:51Z,LLM_Empathetic,6.921955,7.220805,6.623105,0.6283603,0,1.611338,0,0,0,0,0,0,5.487926,4.347682,6.62818,0.592854,0.702737,0.482971,7.393425,6.225344,8.561507,0.5969859,0,2.119386,7.186931,6.098866,8.274997,9.836304,10,9.487751,6.921955,7.220805,6.623105,0.6283603,0,1.611338,0,0,0,0,0,0,5.487926,4.347682,6.62818,0.592854,0.702737,0.482971,7.393425,6.225344,8.561507,0.5969859,0,2.119386,7.186931,6.098866,8.274997,9.836304,10,9.487751,-1,-1,-1,-1,-1,-1,-1,-1,-1,-1,-1,-1,-1,-1,-1,-1,-1,-1,-1,-1,-1,-1,-1,-1,-1,-1,-1,-1,-1,-1,-1,-1,-1,-1,-1,-1,-1,-1,-1,-1,-1,-1,-1,-1,-1,-1,-1,-1,-1,-1,0,0,0,0,0,0,-1,-1,-1,-1,-1,-1,-1,-1,-1,-1,-1,-1,0,0,0,0,0,0,-1,-1,-1,-1,-1,-1,-1,-1,-1,-1,-1,-1,-1,-1,False,False,0,0,False,209,0,0,0,0,0,0,0,0,0,0,0,0,0,0,0,1,
0,1199,2026-02-23 14:15:51Z,LLM_Empathetic,6.921965,7.220807,6.623123,0.628343,0,1.611328,0,0,0,0,0,0,5.487939,4.347686,6.628202,0.592854,0.702737,0.482971,7.393431,6.22534,8.561522,0.5969749,0,2.119375,7.186949,6.098876,8.275023,9.83634,10,9.487797,6.921965,7.220807,6.623123,0.628343,0,1.611328,0,0,0,0,0,0,5.487939,4.347686,6.628202,0.592854,0.702737,0.482971,7.393431,6.22534,8.561522,0.5969749,0,2.119375,7.186949,6.098876,8.275023,9.83634,10,9.487797,-1,-1,-1,-1,-1,-1,-1,-1,-1,-1,-1,-1,-1,-1,-1,-1,-1,-1,-1,-1,-1,-1,-1,-1,-1,-1,-1,-1,-1,-1,-1,-1,-1,-1,-1,-1,-1,-1,-1,-1,-1,-1,-1,-1,-1,-1,-1,-1,-1,-1,0,0,0,0,0,0,-1,-1,-1,-1,-1,-1,-1,-1,-1,-1,-1,-1,0,0,0,0,0,0,-1,-1,-1,-1,-1,-1,-1,-1,-1,-1,-1,-1,-1,-1,False,False,0,0,False,209,0,0,0,0,0,0,0,0,0,0,0,0,0,0,0,1,
0,1200,2026-02-23 14:15:51Z,LLM_Empathetic,6.921975,7.220809,6.623141,0.6283258,0,1.611318,0,0,0,0,0,0,5.487952,4.347691,6.628224,0.592854,0.702737,0.482971,7.393437,6.225338,8.561538,0.5969638,0,2.119364,7.186967,6.098886,8.27505,9.836376,10,9.487843,6.921975,7.220809,6.623141,0.6283258,0,1.611318,0,0,0,0,0,0,5.487952,4.347691,6.628224,0.592854,0.702737,0.482971,7.393437,6.225338,8.561538,0.5969638,0,2.119364,7.186967,6.098886,8.27505,9.836376,10,9.487843,-1,-1,-1,-1,-1,-1,-1,-1,-1,-1,-1,-1,-1,-1,-1,-1,-1,-1,-1,-1,-1,-1,-1,-1,-1,-1,-1,-1,-1,-1,-1,-1,-1,-1,-1,-1,-1,-1,-1,-1,-1,-1,-1,-1,-1,-1,-1,-1,-1,-1,0,0,0,0,0,0,-1,-1,-1,-1,-1,-1,-1,-1,-1,-1,-1,-1,0,0,0,0,0,0,-1,-1,-1,-1,-1,-1,-1,-1,-1,-1,-1,-1,-1,-1,False,False,0,0,False,209,0,0,0,0,0,0,0,0,0,0,0,0,0,0,0,1,
0,1201,2026-02-23 14:15:51Z,LLM_Empathetic,6.921986,7.220811,6.62316,0.6283085,0,1.611309,0,0,0,0,0,0,5.487965,4.347695,6.628245,0.592854,0.702737,0.482971,7.393443,6.225334,8.561552,0.5969528,0,2.119353,7.186985,6.098896,8.275077,9.836412,10,9.487887,6.921986,7.220811,6.62316,0.6283085,0,1.611309,0,0,0,0,0,0,5.487965,4.347695,6.628245,0.592854,0.702737,0.482971,7.393443,6.225334,8.561552,0.5969528,0,2.119353,7.186985,6.098896,8.275077,9.836412,10,9.487887,-1,-1,-1,-1,-1,-1,-1,-1,-1,-1,-1,-1,-1,-1,-1,-1,-1,-1,-1,-1,-1,-1,-1,-1,-1,-1,-1,-1,-1,-1,-1,-1,-1,-1,-1,-1,-1,-1,-1,-1,-1,-1,-1,-1,-1,-1,-1,-1,-1,-1,0,0,0,0,0,0,-1,-1,-1,-1,-1,-1,-1,-1,-1,-1,-1,-1,0,0,0,0,0,0,-1,-1,-1,-1,-1,-1,-1,-1,-1,-1,-1,-1,-1,-1,False,False,0,0,False,209,0,0,0,0,0,0,0,0,0,0,0,0,0,0,0,1,
0,1202,2026-02-23 14:15:51Z,LLM_Empathetic,6.921996,7.220812,6.623178,0.6282912,0,1.611299,0,0,0,0,0,0,5.487978,4.347699,6.628267,0.592854,0.702737,0.482971,7.393449,6.225331,8.561567,0.5969418,0,2.119342,7.187004,6.098905,8.275103,9.836449,10,9.487933,6.921996,7.220812,6.623178,0.6282912,0,1.611299,0,0,0,0,0,0,5.487978,4.347699,6.628267,0.592854,0.702737,0.482971,7.393449,6.225331,8.561567,0.5969418,0,2.119342,7.187004,6.098905,8.275103,9.836449,10,9.487933,-1,-1,-1,-1,-1,-1,-1,-1,-1,-1,-1,-1,-1,-1,-1,-1,-1,-1,-1,-1,-1,-1,-1,-1,-1,-1,-1,-1,-1,-1,-1,-1,-1,-1,-1,-1,-1,-1,-1,-1,-1,-1,-1,-1,-1,-1,-1,-1,-1,-1,0,0,0,0,0,0,-1,-1,-1,-1,-1,-1,-1,-1,-1,-1,-1,-1,0,0,0,0,0,0,-1,-1,-1,-1,-1,-1,-1,-1,-1,-1,-1,-1,-1,-1,False,False,0,0,False,207,0,0,0,0,0,0,0,0,0,0,0,0,0,0,0,1,
0,1203,2026-02-23 14:15:51Z,LLM_Empathetic,6.922006,7.220814,6.623197,0.6282741,0,1.61129,0,0,0,0,0,0,5.487991,4.347703,6.628289,0.592854,0.702737,0.482971,7.393455,6.225328,8.561583,0.5969307,0,2.119331,7.187022,6.098915,8.275129,9.836485,10,9.487978,6.922006,7.220814,6.623197,0.6282741,0,1.61129,0,0,0,0,0,0,5.487991,4.347703,6.628289,0.592854,0.702737,0.482971,7.393455,6.225328,8.561583,0.5969307,0,2.119331,7.187022,6.098915,8.275129,9.836485,10,9.487978,-1,-1,-1,-1,-1,-1,-1,-1,-1,-1,-1,-1,-1,-1,-1,-1,-1,-1,-1,-1,-1,-1,-1,-1,-1,-1,-1,-1,-1,-1,-1,-1,-1,-1,-1,-1,-1,-1,-1,-1,-1,-1,-1,-1,-1,-1,-1,-1,-1,-1,0,0,0,0,0,0,-1,-1,-1,-1,-1,-1,-1,-1,-1,-1,-1,-1,0,0,0,0,0,0,-1,-1,-1,-1,-1,-1,-1,-1,-1,-1,-1,-1,-1,-1,False,False,0,0,False,209,0,0,0,0,0,0,0,0,0,0,0,0,0,0,0,1,
0,1204,2026-02-23 14:15:51Z,LLM_Empathetic,6.922016,7.220816,6.623215,0.6282569,0,1.61128,0,0,0,0,0,0,5.488004,4.347708,6.628311,0.592854,0.702737,0.482971,7.393461,6.225325,8.561597,0.5969197,0,2.11932,7.18704,6.098925,8.275156,9.836521,10,9.488024,6.922016,7.220816,6.623215,0.6282569,0,1.61128,0,0,0,0,0,0,5.488004,4.347708,6.628311,0.592854,0.702737,0.482971,7.393461,6.225325,8.561597,0.5969197,0,2.11932,7.18704,6.098925,8.275156,9.836521,10,9.488024,-1,-1,-1,-1,-1,-1,-1,-1,-1,-1,-1,-1,-1,-1,-1,-1,-1,-1,-1,-1,-1,-1,-1,-1,-1,-1,-1,-1,-1,-1,-1,-1,-1,-1,-1,-1,-1,-1,-1,-1,-1,-1,-1,-1,-1,-1,-1,-1,-1,-1,0,0,0,0,0,0,-1,-1,-1,-1,-1,-1,-1,-1,-1,-1,-1,-1,0,0,0,0,0,0,-1,-1,-1,-1,-1,-1,-1,-1,-1,-1,-1,-1,-1,-1,False,False,0,0,False,209,0,0,0,0,0,0,0,0,0,0,0,0,0,0,0,1,
0,1205,2026-02-23 14:15:51Z,LLM_Empathetic,6.922026,7.220818,6.623233,0.6282398,0,1.611271,0,0,0,0,0,0,5.488017,4.347712,6.628332,0.592854,0.702737,0.482971,7.393467,6.225322,8.561612,0.5969087,0,2.119309,7.187057,6.098935,8.275182,9.836556,10,9.488069,6.922026,7.220818,6.623233,0.6282398,0,1.611271,0,0,0,0,0,0,5.488017,4.347712,6.628332,0.592854,0.702737,0.482971,7.393467,6.225322,8.561612,0.5969087,0,2.119309,7.187057,6.098935,8.275182,9.836556,10,9.488069,-1,-1,-1,-1,-1,-1,-1,-1,-1,-1,-1,-1,-1,-1,-1,-1,-1,-1,-1,-1,-1,-1,-1,-1,-1,-1,-1,-1,-1,-1,-1,-1,-1,-1,-1,-1,-1,-1,-1,-1,-1,-1,-1,-1,-1,-1,-1,-1,-1,-1,0,0,0,0,0,0,-1,-1,-1,-1,-1,-1,-1,-1,-1,-1,-1,-1,0,0,0,0,0,0,-1,-1,-1,-1,-1,-1,-1,-1,-1,-1,-1,-1,-1,-1,False,False,0,0,False,209,0,0,0,0,0,0,0,0,0,0,0,0,0,0,0,1,
0,1206,2026-02-23 14:15:51Z,LLM_Empathetic,6.922036,7.22082,6.623252,0.6282226,0,1.611262,0,0,0,0,0,0,5.48803,4.347716,6.628354,0.592854,0.702737,0.482971,7.393473,6.225319,8.561627,0.5968978,0,2.119298,7.187076,6.098944,8.275208,9.836593,10,9.488113,6.922036,7.22082,6.623252,0.6282226,0,1.611262,0,0,0,0,0,0,5.48803,4.347716,6.628354,0.592854,0.702737,0.482971,7.393473,6.225319,8.561627,0.5968978,0,2.119298,7.187076,6.098944,8.275208,9.836593,10,9.488113,-1,-1,-1,-1,-1,-1,-1,-1,-1,-1,-1,-1,-1,-1,-1,-1,-1,-1,-1,-1,-1,-1,-1,-1,-1,-1,-1,-1,-1,-1,-1,-1,-1,-1,-1,-1,-1,-1,-1,-1,-1,-1,-1,-1,-1,-1,-1,-1,-1,-1,0,0,0,0,0,0,-1,-1,-1,-1,-1,-1,-1,-1,-1,-1,-1,-1,0,0,0,0,0,0,-1,-1,-1,-1,-1,-1,-1,-1,-1,-1,-1,-1,-1,-1,False,False,0,0,False,207,0,0,0,0,0,0,0,0,0,0,0,0,0,0,0,1,
0,1207,2026-02-23 14:15:51Z,LLM_Empathetic,6.922046,7.220822,6.62327,0.6282055,0,1.611252,0,0,0,0,0,0,5.488043,4.347721,6.628376,0.592854,0.702737,0.482971,7.393479,6.225316,8.561642,0.5968868,0,2.119287,7.187094,6.098954,8.275234,9.836629,10,9.488159,6.922046,7.220822,6.62327,0.6282055,0,1.611252,0,0,0,0,0,0,5.488043,4.347721,6.628376,0.592854,0.702737,0.482971,7.393479,6.225316,8.561642,0.5968868,0,2.119287,7.187094,6.098954,8.275234,9.836629,10,9.488159,-1,-1,-1,-1,-1,-1,-1,-1,-1,-1,-1,-1,-1,-1,-1,-1,-1,-1,-1,-1,-1,-1,-1,-1,-1,-1,-1,-1,-1,-1,-1,-1,-1,-1,-1,-1,-1,-1,-1,-1,-1,-1,-1,-1,-1,-1,-1,-1,-1,-1,0,0,0,0,0,0,-1,-1,-1,-1,-1,-1,-1,-1,-1,-1,-1,-1,0,0,0,0,0,0,-1,-1,-1,-1,-1,-1,-1,-1,-1,-1,-1,-1,-1,-1,False,False,0,0,False,209,0,0,0,0,0,0,0,0,0,0,0,0,0,0,0,1,
0,1208,2026-02-23 14:15:51Z,LLM_Empathetic,6.922056,7.220823,6.623289,0.6281884,0,1.611243,0,0,0,0,0,0,5.488056,4.347725,6.628397,0.592854,0.702737,0.482971,7.393485,6.225313,8.561657,0.5968759,0,2.119276,7.187111,6.098964,8.275261,9.836664,10,9.488204,6.922056,7.220823,6.623289,0.6281884,0,1.611243,0,0,0,0,0,0,5.488056,4.347725,6.628397,0.592854,0.702737,0.482971,7.393485,6.225313,8.561657,0.5968759,0,2.119276,7.187111,6.098964,8.275261,9.836664,10,9.488204,-1,-1,-1,-1,-1,-1,-1,-1,-1,-1,-1,-1,-1,-1,-1,-1,-1,-1,-1,-1,-1,-1,-1,-1,-1,-1,-1,-1,-1,-1,-1,-1,-1,-1,-1,-1,-1,-1,-1,-1,-1,-1,-1,-1,-1,-1,-1,-1,-1,-1,0,0,0,0,0,0,-1,-1,-1,-1,-1,-1,-1,-1,-1,-1,-1,-1,0,0,0,0,0,0,-1,-1,-1,-1,-1,-1,-1,-1,-1,-1,-1,-1,-1,-1,False,False,0,0,False,207,0,0,0,0,0,0,0,0,0,0,0,0,0,0,0,1,
0,1209,2026-02-23 14:15:51Z,LLM_Empathetic,6.922066,7.220825,6.623307,0.6281714,0,1.611233,0,0,0,0,0,0,5.488069,4.347729,6.628419,0.592854,0.702737,0.482971,7.39349,6.22531,8.561671,0.596865,0,2.119265,7.187129,6.098973,8.275287,9.8367,10,9.488249,6.922066,7.220825,6.623307,0.6281714,0,1.611233,0,0,0,0,0,0,5.488069,4.347729,6.628419,0.592854,0.702737,0.482971,7.39349,6.22531,8.561671,0.596865,0,2.119265,7.187129,6.098973,8.275287,9.8367,10,9.488249,-1,-1,-1,-1,-1,-1,-1,-1,-1,-1,-1,-1,-1,-1,-1,-1,-1,-1,-1,-1,-1,-1,-1,-1,-1,-1,-1,-1,-1,-1,-1,-1,-1,-1,-1,-1,-1,-1,-1,-1,-1,-1,-1,-1,-1,-1,-1,-1,-1,-1,0,0,0,0,0,0,-1,-1,-1,-1,-1,-1,-1,-1,-1,-1,-1,-1,0,0,0,0,0,0,-1,-1,-1,-1,-1,-1,-1,-1,-1,-1,-1,-1,-1,-1,False,False,0,0,False,209,0,0,0,0,0,0,0,0,0,0,0,0,0,0,0,1,
0,1210,2026-02-23 14:15:51Z,LLM_Empathetic,6.922076,7.220827,6.623325,0.6281543,0,1.611224,0,0,0,0,0,0,5.488081,4.347733,6.62844,0.592854,0.702737,0.482971,7.393497,6.225307,8.561687,0.5968541,0,2.119254,7.187148,6.098983,8.275312,9.836736,10,9.488294,6.922076,7.220827,6.623325,0.6281543,0,1.611224,0,0,0,0,0,0,5.488081,4.347733,6.62844,0.592854,0.702737,0.482971,7.393497,6.225307,8.561687,0.5968541,0,2.119254,7.187148,6.098983,8.275312,9.836736,10,9.488294,-1,-1,-1,-1,-1,-1,-1,-1,-1,-1,-1,-1,-1,-1,-1,-1,-1,-1,-1,-1,-1,-1,-1,-1,-1,-1,-1,-1,-1,-1,-1,-1,-1,-1,-1,-1,-1,-1,-1,-1,-1,-1,-1,-1,-1,-1,-1,-1,-1,-1,0,0,0,0,0,0,-1,-1,-1,-1,-1,-1,-1,-1,-1,-1,-1,-1,0,0,0,0,0,0,-1,-1,-1,-1,-1,-1,-1,-1,-1,-1,-1,-1,-1,-1,False,False,0,0,False,207,0,0,0,0,0,0,0,0,0,0,0,0,0,0,0,1,
0,1211,2026-02-23 14:15:51Z,LLM_Empathetic,6.922086,7.220829,6.623343,0.6281373,0,1.611215,0,0,0,0,0,0,5.488094,4.347738,6.628462,0.592854,0.702737,0.482971,7.393502,6.225304,8.561701,0.5968432,0,2.119244,7.187165,6.098993,8.275339,9.836772,10,9.488338,6.922086,7.220829,6.623343,0.6281373,0,1.611215,0,0,0,0,0,0,5.488094,4.347738,6.628462,0.592854,0.702737,0.482971,7.393502,6.225304,8.561701,0.5968432,0,2.119244,7.187165,6.098993,8.275339,9.836772,10,9.488338,-1,-1,-1,-1,-1,-1,-1,-1,-1,-1,-1,-1,-1,-1,-1,-1,-1,-1,-1,-1,-1,-1,-1,-1,-1,-1,-1,-1,-1,-1,-1,-1,-1,-1,-1,-1,-1,-1,-1,-1,-1,-1,-1,-1,-1,-1,-1,-1,-1,-1,0,0,0,0,0,0,-1,-1,-1,-1,-1,-1,-1,-1,-1,-1,-1,-1,0,0,0,0,0,0,-1,-1,-1,-1,-1,-1,-1,-1,-1,-1,-1,-1,-1,-1,False,False,0,0,False,207,0,0,0,0,0,0,0,0,0,0,0,0,0,0,0,1,
0,1212,2026-02-23 14:15:51Z,LLM_Empathetic,6.922096,7.220831,6.623362,0.6281203,0,1.611205,0,0,0,0,0,0,5.488107,4.347742,6.628483,0.592854,0.702737,0.482971,7.393508,6.225301,8.561716,0.5968323,0,2.119233,7.187183,6.099002,8.275365,9.836807,10,9.488383,6.922096,7.220831,6.623362,0.6281203,0,1.611205,0,0,0,0,0,0,5.488107,4.347742,6.628483,0.592854,0.702737,0.482971,7.393508,6.225301,8.561716,0.5968323,0,2.119233,7.187183,6.099002,8.275365,9.836807,10,9.488383,-1,-1,-1,-1,-1,-1,-1,-1,-1,-1,-1,-1,-1,-1,-1,-1,-1,-1,-1,-1,-1,-1,-1,-1,-1,-1,-1,-1,-1,-1,-1,-1,-1,-1,-1,-1,-1,-1,-1,-1,-1,-1,-1,-1,-1,-1,-1,-1,-1,-1,0,0,0,0,0,0,-1,-1,-1,-1,-1,-1,-1,-1,-1,-1,-1,-1,0,0,0,0,0,0,-1,-1,-1,-1,-1,-1,-1,-1,-1,-1,-1,-1,-1,-1,False,False,0,0,False,207,0,0,0,0,0,0,0,0,0,0,0,0,0,0,0,1,
0,1213,2026-02-23 14:15:51Z,LLM_Empathetic,6.922106,7.220832,6.62338,0.6281034,0,1.611196,0,0,0,0,0,0,5.48812,4.347746,6.628505,0.592854,0.702737,0.482971,7.393514,6.225298,8.56173,0.5968214,0,2.119222,7.187201,6.099012,8.275391,9.836843,10,9.488428,6.922106,7.220832,6.62338,0.6281034,0,1.611196,0,0,0,0,0,0,5.48812,4.347746,6.628505,0.592854,0.702737,0.482971,7.393514,6.225298,8.56173,0.5968214,0,2.119222,7.187201,6.099012,8.275391,9.836843,10,9.488428,-1,-1,-1,-1,-1,-1,-1,-1,-1,-1,-1,-1,-1,-1,-1,-1,-1,-1,-1,-1,-1,-1,-1,-1,-1,-1,-1,-1,-1,-1,-1,-1,-1,-1,-1,-1,-1,-1,-1,-1,-1,-1,-1,-1,-1,-1,-1,-1,-1,-1,0,0,0,0,0,0,-1,-1,-1,-1,-1,-1,-1,-1,-1,-1,-1,-1,0,0,0,0,0,0,-1,-1,-1,-1,-1,-1,-1,-1,-1,-1,-1,-1,-1,-1,False,False,0,0,False,209,0,0,0,0,0,0,0,0,0,0,0,0,0,0,0,1,
0,1214,2026-02-23 14:15:51Z,LLM_Empathetic,6.922116,7.220834,6.623398,0.6280864,0,1.611187,0,0,0,0,0,0,5.488133,4.34775,6.628526,0.592854,0.702737,0.482971,7.39352,6.225295,8.561745,0.5968106,0,2.119211,7.187219,6.099021,8.275416,9.836879,10,9.488473,6.922116,7.220834,6.623398,0.6280864,0,1.611187,0,0,0,0,0,0,5.488133,4.34775,6.628526,0.592854,0.702737,0.482971,7.39352,6.225295,8.561745,0.5968106,0,2.119211,7.187219,6.099021,8.275416,9.836879,10,9.488473,-1,-1,-1,-1,-1,-1,-1,-1,-1,-1,-1,-1,-1,-1,-1,-1,-1,-1,-1,-1,-1,-1,-1,-1,-1,-1,-1,-1,-1,-1,-1,-1,-1,-1,-1,-1,-1,-1,-1,-1,-1,-1,-1,-1,-1,-1,-1,-1,-1,-1,0,0,0,0,0,0,-1,-1,-1,-1,-1,-1,-1,-1,-1,-1,-1,-1,0,0,0,0,0,0,-1,-1,-1,-1,-1,-1,-1,-1,-1,-1,-1,-1,-1,-1,False,False,0,0,False,207,0,0,0,0,0,0,0,0,0,0,0,0,0,0,0,1,
0,1215,2026-02-23 14:15:51Z,LLM_Empathetic,6.922126,7.220836,6.623416,0.6280695,0,1.611177,0,0,0,0,0,0,5.488146,4.347754,6.628548,0.592854,0.702737,0.482971,7.393526,6.225292,8.56176,0.5967997,0,2.1192,7.187237,6.099031,8.275443,9.836914,10,9.488517,6.922126,7.220836,6.623416,0.6280695,0,1.611177,0,0,0,0,0,0,5.488146,4.347754,6.628548,0.592854,0.702737,0.482971,7.393526,6.225292,8.56176,0.5967997,0,2.1192,7.187237,6.099031,8.275443,9.836914,10,9.488517,-1,-1,-1,-1,-1,-1,-1,-1,-1,-1,-1,-1,-1,-1,-1,-1,-1,-1,-1,-1,-1,-1,-1,-1,-1,-1,-1,-1,-1,-1,-1,-1,-1,-1,-1,-1,-1,-1,-1,-1,-1,-1,-1,-1,-1,-1,-1,-1,-1,-1,0,0,0,0,0,0,-1,-1,-1,-1,-1,-1,-1,-1,-1,-1,-1,-1,0,0,0,0,0,0,-1,-1,-1,-1,-1,-1,-1,-1,-1,-1,-1,-1,-1,-1,False,False,0,0,False,207,0,0,0,0,0,0,0,0,0,0,0,0,0,0,0,1,
0,1216,2026-02-23 14:15:51Z,LLM_Empathetic,6.922136,7.220838,6.623434,0.6280526,0,1.611168,0,0,0,0,0,0,5.488159,4.347759,6.628569,0.592854,0.702737,0.482971,7.393531,6.225289,8.561774,0.5967889,0,2.119189,7.187254,6.099041,8.275469,9.836949,10,9.488562,6.922136,7.220838,6.623434,0.6280526,0,1.611168,0,0,0,0,0,0,5.488159,4.347759,6.628569,0.592854,0.702737,0.482971,7.393531,6.225289,8.561774,0.5967889,0,2.119189,7.187254,6.099041,8.275469,9.836949,10,9.488562,-1,-1,-1,-1,-1,-1,-1,-1,-1,-1,-1,-1,-1,-1,-1,-1,-1,-1,-1,-1,-1,-1,-1,-1,-1,-1,-1,-1,-1,-1,-1,-1,-1,-1,-1,-1,-1,-1,-1,-1,-1,-1,-1,-1,-1,-1,-1,-1,-1,-1,0,0,0,0,0,0,-1,-1,-1,-1,-1,-1,-1,-1,-1,-1,-1,-1,0,0,0,0,0,0,-1,-1,-1,-1,-1,-1,-1,-1,-1,-1,-1,-1,-1,-1,False,False,0,0,False,209,0,0,0,0,0,0,0,0,0,0,0,0,0,0,0,1,
0,1217,2026-02-23 14:15:51Z,LLM_Empathetic,6.922146,7.22084,6.623452,0.6280357,0,1.611158,0,0,0,0,0,0,5.488172,4.347763,6.62859,0.592854,0.702737,0.482971,7.393538,6.225286,8.56179,0.5967781,0,2.119179,7.187272,6.099051,8.275495,9.836985,10,9.488606,6.922146,7.22084,6.623452,0.6280357,0,1.611158,0,0,0,0,0,0,5.488172,4.347763,6.62859,0.592854,0.702737,0.482971,7.393538,6.225286,8.56179,0.5967781,0,2.119179,7.187272,6.099051,8.275495,9.836985,10,9.488606,-1,-1,-1,-1,-1,-1,-1,-1,-1,-1,-1,-1,-1,-1,-1,-1,-1,-1,-1,-1,-1,-1,-1,-1,-1,-1,-1,-1,-1,-1,-1,-1,-1,-1,-1,-1,-1,-1,-1,-1,-1,-1,-1,-1,-1,-1,-1,-1,-1,-1,0,0,0,0,0,0,-1,-1,-1,-1,-1,-1,-1,-1,-1,-1,-1,-1,0,0,0,0,0,0,-1,-1,-1,-1,-1,-1,-1,-1,-1,-1,-1,-1,-1,-1,False,False,0,0,False,207,0,0,0,0,0,0,0,0,0,0,0,0,0,0,0,1,
0,1218,2026-02-23 14:15:51Z,LLM_Empathetic,6.922156,7.220841,6.62347,0.6280189,0,1.611149,0,0,0,0,0,0,5.488184,4.347767,6.628612,0.592854,0.702737,0.482971,7.393543,6.225283,8.561804,0.5967673,0,2.119168,7.18729,6.09906,8.27552,9.83702,10,9.48865,6.922156,7.220841,6.62347,0.6280189,0,1.611149,0,0,0,0,0,0,5.488184,4.347767,6.628612,0.592854,0.702737,0.482971,7.393543,6.225283,8.561804,0.5967673,0,2.119168,7.18729,6.09906,8.27552,9.83702,10,9.48865,-1,-1,-1,-1,-1,-1,-1,-1,-1,-1,-1,-1,-1,-1,-1,-1,-1,-1,-1,-1,-1,-1,-1,-1,-1,-1,-1,-1,-1,-1,-1,-1,-1,-1,-1,-1,-1,-1,-1,-1,-1,-1,-1,-1,-1,-1,-1,-1,-1,-1,0,0,0,0,0,0,-1,-1,-1,-1,-1,-1,-1,-1,-1,-1,-1,-1,0,0,0,0,0,0,-1,-1,-1,-1,-1,-1,-1,-1,-1,-1,-1,-1,-1,-1,False,False,0,0,False,209,0,0,0,0,0,0,0,0,0,0,0,0,0,0,0,1,
0,1219,2026-02-23 14:15:51Z,LLM_Empathetic,6.922166,7.220843,6.623488,0.628002,0,1.61114,0,0,0,0,0,0,5.488197,4.347772,6.628633,0.592854,0.702737,0.482971,7.393549,6.22528,8.561818,0.5967565,0,2.119157,7.187307,6.09907,8.275546,9.837056,10,9.488695,6.922166,7.220843,6.623488,0.628002,0,1.61114,0,0,0,0,0,0,5.488197,4.347772,6.628633,0.592854,0.702737,0.482971,7.393549,6.22528,8.561818,0.5967565,0,2.119157,7.187307,6.09907,8.275546,9.837056,10,9.488695,-1,-1,-1,-1,-1,-1,-1,-1,-1,-1,-1,-1,-1,-1,-1,-1,-1,-1,-1,-1,-1,-1,-1,-1,-1,-1,-1,-1,-1,-1,-1,-1,-1,-1,-1,-1,-1,-1,-1,-1,-1,-1,-1,-1,-1,-1,-1,-1,-1,-1,0,0,0,0,0,0,-1,-1,-1,-1,-1,-1,-1,-1,-1,-1,-1,-1,0,0,0,0,0,0,-1,-1,-1,-1,-1,-1,-1,-1,-1,-1,-1,-1,-1,-1,False,False,0,0,False,207,0,0,0,0,0,0,0,0,0,0,0,0,0,0,0,1,
0,1220,2026-02-23 14:15:51Z,LLM_Empathetic,6.922175,7.220845,6.623506,0.6279852,0,1.611131,0,0,0,0,0,0,5.48821,4.347776,6.628654,0.592854,0.702737,0.482971,7.393555,6.225277,8.561833,0.5967457,0,2.119146,7.187325,6.099079,8.275572,9.837091,10,9.488739,6.922175,7.220845,6.623506,0.6279852,0,1.611131,0,0,0,0,0,0,5.48821,4.347776,6.628654,0.592854,0.702737,0.482971,7.393555,6.225277,8.561833,0.5967457,0,2.119146,7.187325,6.099079,8.275572,9.837091,10,9.488739,-1,-1,-1,-1,-1,-1,-1,-1,-1,-1,-1,-1,-1,-1,-1,-1,-1,-1,-1,-1,-1,-1,-1,-1,-1,-1,-1,-1,-1,-1,-1,-1,-1,-1,-1,-1,-1,-1,-1,-1,-1,-1,-1,-1,-1,-1,-1,-1,-1,-1,0,0,0,0,0,0,-1,-1,-1,-1,-1,-1,-1,-1,-1,-1,-1,-1,0,0,0,0,0,0,-1,-1,-1,-1,-1,-1,-1,-1,-1,-1,-1,-1,-1,-1,False,False,0,0,False,209,0,0,0,0,0,0,0,0,0,0,0,0,0,0,0,1,
0,1221,2026-02-23 14:15:51Z,LLM_Empathetic,6.922185,7.220847,6.623524,0.6279684,0,1.611121,0,0,0,0,0,0,5.488223,4.34778,6.628675,0.592854,0.702737,0.482971,7.39356,6.225274,8.561848,0.596735,0,2.119135,7.187343,6.099089,8.275598,9.837126,10,9.488783,6.922185,7.220847,6.623524,0.6279684,0,1.611121,0,0,0,0,0,0,5.488223,4.34778,6.628675,0.592854,0.702737,0.482971,7.39356,6.225274,8.561848,0.596735,0,2.119135,7.187343,6.099089,8.275598,9.837126,10,9.488783,-1,-1,-1,-1,-1,-1,-1,-1,-1,-1,-1,-1,-1,-1,-1,-1,-1,-1,-1,-1,-1,-1,-1,-1,-1,-1,-1,-1,-1,-1,-1,-1,-1,-1,-1,-1,-1,-1,-1,-1,-1,-1,-1,-1,-1,-1,-1,-1,-1,-1,0,0,0,0,0,0,-1,-1,-1,-1,-1,-1,-1,-1,-1,-1,-1,-1,0,0,0,0,0,0,-1,-1,-1,-1,-1,-1,-1,-1,-1,-1,-1,-1,-1,-1,False,False,0,0,False,209,0,0,0,0,0,0,0,0,0,0,0,0,0,0,0,1,
0,1222,2026-02-23 14:15:51Z,LLM_Empathetic,6.922195,7.220849,6.623542,0.6279516,0,1.611112,0,0,0,0,0,0,5.488235,4.347784,6.628696,0.592854,0.702737,0.482971,7.393566,6.225271,8.561862,0.5967243,0,2.119125,7.18736,6.099098,8.275623,9.837161,10,9.488828,6.922195,7.220849,6.623542,0.6279516,0,1.611112,0,0,0,0,0,0,5.488235,4.347784,6.628696,0.592854,0.702737,0.482971,7.393566,6.225271,8.561862,0.5967243,0,2.119125,7.18736,6.099098,8.275623,9.837161,10,9.488828,-1,-1,-1,-1,-1,-1,-1,-1,-1,-1,-1,-1,-1,-1,-1,-1,-1,-1,-1,-1,-1,-1,-1,-1,-1,-1,-1,-1,-1,-1,-1,-1,-1,-1,-1,-1,-1,-1,-1,-1,-1,-1,-1,-1,-1,-1,-1,-1,-1,-1,0,0,0,0,0,0,-1,-1,-1,-1,-1,-1,-1,-1,-1,-1,-1,-1,0,0,0,0,0,0,-1,-1,-1,-1,-1,-1,-1,-1,-1,-1,-1,-1,-1,-1,False,False,0,0,False,207,0,0,0,0,0,0,0,0,0,0,0,0,0,0,0,1,
0,1223,2026-02-23 14:15:51Z,LLM_Empathetic,6.922205,7.22085,6.62356,0.6279349,0,1.611103,0,0,0,0,0,0,5.488248,4.347788,6.628717,0.592854,0.702737,0.482971,7.393572,6.225268,8.561876,0.5967135,0,2.119114,7.187378,6.099108,8.275649,9.837196,10,9.488872,6.922205,7.22085,6.62356,0.6279349,0,1.611103,0,0,0,0,0,0,5.488248,4.347788,6.628717,0.592854,0.702737,0.482971,7.393572,6.225268,8.561876,0.5967135,0,2.119114,7.187378,6.099108,8.275649,9.837196,10,9.488872,-1,-1,-1,-1,-1,-1,-1,-1,-1,-1,-1,-1,-1,-1,-1,-1,-1,-1,-1,-1,-1,-1,-1,-1,-1,-1,-1,-1,-1,-1,-1,-1,-1,-1,-1,-1,-1,-1,-1,-1,-1,-1,-1,-1,-1,-1,-1,-1,-1,-1,0,0,0,0,0,0,-1,-1,-1,-1,-1,-1,-1,-1,-1,-1,-1,-1,0,0,0,0,0,0,-1,-1,-1,-1,-1,-1,-1,-1,-1,-1,-1,-1,-1,-1,False,False,0,0,False,207,0,0,0,0,0,0,0,0,0,0,0,0,0,0,0,1,
0,1224,2026-02-23 14:15:51Z,LLM_Empathetic,6.922215,7.220852,6.623578,0.6279182,0,1.611094,0,0,0,0,0,0,5.48826,4.347793,6.628738,0.592854,0.702737,0.482971,7.393578,6.225265,8.561892,0.5967028,0,2.119103,7.187396,6.099117,8.275675,9.837232,10,9.488915,6.922215,7.220852,6.623578,0.6279182,0,1.611094,0,0,0,0,0,0,5.48826,4.347793,6.628738,0.592854,0.702737,0.482971,7.393578,6.225265,8.561892,0.5967028,0,2.119103,7.187396,6.099117,8.275675,9.837232,10,9.488915,-1,-1,-1,-1,-1,-1,-1,-1,-1,-1,-1,-1,-1,-1,-1,-1,-1,-1,-1,-1,-1,-1,-1,-1,-1,-1,-1,-1,-1,-1,-1,-1,-1,-1,-1,-1,-1,-1,-1,-1,-1,-1,-1,-1,-1,-1,-1,-1,-1,-1,0,0,0,0,0,0,-1,-1,-1,-1,-1,-1,-1,-1,-1,-1,-1,-1,0,0,0,0,0,0,-1,-1,-1,-1,-1,-1,-1,-1,-1,-1,-1,-1,-1,-1,False,False,0,0,False,207,0,0,0,0,0,0,0,0,0,0,0,0,0,0,0,1,
0,1225,2026-02-23 14:15:51Z,LLM_Empathetic,6.922225,7.220854,6.623596,0.6279015,0,1.611084,0,0,0,0,0,0,5.488273,4.347797,6.62876,0.592854,0.702737,0.482971,7.393584,6.225262,8.561906,0.5966921,0,2.119092,7.187413,6.099127,8.275701,9.837267,10,9.488959,6.922225,7.220854,6.623596,0.6279015,0,1.611084,0,0,0,0,0,0,5.488273,4.347797,6.62876,0.592854,0.702737,0.482971,7.393584,6.225262,8.561906,0.5966921,0,2.119092,7.187413,6.099127,8.275701,9.837267,10,9.488959,-1,-1,-1,-1,-1,-1,-1,-1,-1,-1,-1,-1,-1,-1,-1,-1,-1,-1,-1,-1,-1,-1,-1,-1,-1,-1,-1,-1,-1,-1,-1,-1,-1,-1,-1,-1,-1,-1,-1,-1,-1,-1,-1,-1,-1,-1,-1,-1,-1,-1,0,0,0,0,0,0,-1,-1,-1,-1,-1,-1,-1,-1,-1,-1,-1,-1,0,0,0,0,0,0,-1,-1,-1,-1,-1,-1,-1,-1,-1,-1,-1,-1,-1,-1,False,False,0,0,False,209,0,0,0,0,0,0,0,0,0,0,0,0,0,0,0,1,
0,1226,2026-02-23 14:15:52Z,LLM_Empathetic,6.922235,7.220856,6.623613,0.6278848,0,1.611075,0,0,0,0,0,0,5.488286,4.347801,6.628781,0.592854,0.702737,0.482971,7.393589,6.225259,8.56192,0.5966815,0,2.119082,7.187431,6.099136,8.275725,9.837301,10,9.489003,6.922235,7.220856,6.623613,0.6278848,0,1.611075,0,0,0,0,0,0,5.488286,4.347801,6.628781,0.592854,0.702737,0.482971,7.393589,6.225259,8.56192,0.5966815,0,2.119082,7.187431,6.099136,8.275725,9.837301,10,9.489003,-1,-1,-1,-1,-1,-1,-1,-1,-1,-1,-1,-1,-1,-1,-1,-1,-1,-1,-1,-1,-1,-1,-1,-1,-1,-1,-1,-1,-1,-1,-1,-1,-1,-1,-1,-1,-1,-1,-1,-1,-1,-1,-1,-1,-1,-1,-1,-1,-1,-1,0,0,0,0,0,0,-1,-1,-1,-1,-1,-1,-1,-1,-1,-1,-1,-1,0,0,0,0,0,0,-1,-1,-1,-1,-1,-1,-1,-1,-1,-1,-1,-1,-1,-1,False,False,0,0,False,209,0,0,0,0,0,0,0,0,0,0,0,0,0,0,0,1,
0,1227,2026-02-23 14:15:52Z,LLM_Empathetic,6.922245,7.220858,6.623631,0.6278681,0,1.611066,0,0,0,0,0,0,5.488298,4.347805,6.628802,0.592854,0.702737,0.482971,7.393595,6.225256,8.561934,0.5966708,0,2.119071,7.187448,6.099146,8.275751,9.837337,10,9.489047,6.922245,7.220858,6.623631,0.6278681,0,1.611066,0,0,0,0,0,0,5.488298,4.347805,6.628802,0.592854,0.702737,0.482971,7.393595,6.225256,8.561934,0.5966708,0,2.119071,7.187448,6.099146,8.275751,9.837337,10,9.489047,-1,-1,-1,-1,-1,-1,-1,-1,-1,-1,-1,-1,-1,-1,-1,-1,-1,-1,-1,-1,-1,-1,-1,-1,-1,-1,-1,-1,-1,-1,-1,-1,-1,-1,-1,-1,-1,-1,-1,-1,-1,-1,-1,-1,-1,-1,-1,-1,-1,-1,0,0,0,0,0,0,-1,-1,-1,-1,-1,-1,-1,-1,-1,-1,-1,-1,0,0,0,0,0,0,-1,-1,-1,-1,-1,-1,-1,-1,-1,-1,-1,-1,-1,-1,False,False,0,0,False,209,0,0,0,0,0,0,0,0,0,0,0,0,0,0,0,1,
0,1228,2026-02-23 14:15:52Z,LLM_Empathetic,6.922254,7.22086,6.623649,0.6278515,0,1.611057,0,0,0,0,0,0,5.488311,4.347809,6.628823,0.592854,0.702737,0.482971,7.393601,6.225253,8.561949,0.5966601,0,2.119061,7.187466,6.099155,8.275777,9.837372,10,9.489091,6.922254,7.22086,6.623649,0.6278515,0,1.611057,0,0,0,0,0,0,5.488311,4.347809,6.628823,0.592854,0.702737,0.482971,7.393601,6.225253,8.561949,0.5966601,0,2.119061,7.187466,6.099155,8.275777,9.837372,10,9.489091,-1,-1,-1,-1,-1,-1,-1,-1,-1,-1,-1,-1,-1,-1,-1,-1,-1,-1,-1,-1,-1,-1,-1,-1,-1,-1,-1,-1,-1,-1,-1,-1,-1,-1,-1,-1,-1,-1,-1,-1,-1,-1,-1,-1,-1,-1,-1,-1,-1,-1,0,0,0,0,0,0,-1,-1,-1,-1,-1,-1,-1,-1,-1,-1,-1,-1,0,0,0,0,0,0,-1,-1,-1,-1,-1,-1,-1,-1,-1,-1,-1,-1,-1,-1,False,False,0,0,False,209,0,0,0,0,0,0,0,0,0,0,0,0,0,0,0,1,
0,1229,2026-02-23 14:15:52Z,LLM_Empathetic,6.922264,7.220861,6.623667,0.6278349,0,1.611048,0,0,0,0,0,0,5.488323,4.347813,6.628844,0.592854,0.702737,0.482971,7.393607,6.22525,8.561963,0.5966495,0,2.11905,7.187483,6.099165,8.275803,9.837406,10,9.489135,6.922264,7.220861,6.623667,0.6278349,0,1.611048,0,0,0,0,0,0,5.488323,4.347813,6.628844,0.592854,0.702737,0.482971,7.393607,6.22525,8.561963,0.5966495,0,2.11905,7.187483,6.099165,8.275803,9.837406,10,9.489135,-1,-1,-1,-1,-1,-1,-1,-1,-1,-1,-1,-1,-1,-1,-1,-1,-1,-1,-1,-1,-1,-1,-1,-1,-1,-1,-1,-1,-1,-1,-1,-1,-1,-1,-1,-1,-1,-1,-1,-1,-1,-1,-1,-1,-1,-1,-1,-1,-1,-1,0,0,0,0,0,0,-1,-1,-1,-1,-1,-1,-1,-1,-1,-1,-1,-1,0,0,0,0,0,0,-1,-1,-1,-1,-1,-1,-1,-1,-1,-1,-1,-1,-1,-1,False,False,0,0,False,209,0,0,0,0,0,0,0,0,0,0,0,0,0,0,0,1,
0,1230,2026-02-23 14:15:52Z,LLM_Empathetic,6.922274,7.220863,6.623684,0.6278183,0,1.611039,0,0,0,0,0,0,5.488336,4.347817,6.628865,0.592854,0.702737,0.482971,7.393612,6.225247,8.561977,0.5966389,0,2.119039,7.1875,6.099174,8.275827,9.837441,10,9.489179,6.922274,7.220863,6.623684,0.6278183,0,1.611039,0,0,0,0,0,0,5.488336,4.347817,6.628865,0.592854,0.702737,0.482971,7.393612,6.225247,8.561977,0.5966389,0,2.119039,7.1875,6.099174,8.275827,9.837441,10,9.489179,-1,-1,-1,-1,-1,-1,-1,-1,-1,-1,-1,-1,-1,-1,-1,-1,-1,-1,-1,-1,-1,-1,-1,-1,-1,-1,-1,-1,-1,-1,-1,-1,-1,-1,-1,-1,-1,-1,-1,-1,-1,-1,-1,-1,-1,-1,-1,-1,-1,-1,0,0,0,0,0,0,-1,-1,-1,-1,-1,-1,-1,-1,-1,-1,-1,-1,0,0,0,0,0,0,-1,-1,-1,-1,-1,-1,-1,-1,-1,-1,-1,-1,-1,-1,False,False,0,0,False,207,0,0,0,0,0,0,0,0,0,0,0,0,0,0,0,1,
0,1231,2026-02-23 14:15:52Z,LLM_Empathetic,6.922284,7.220865,6.623703,0.6278017,0,1.61103,0,0,0,0,0,0,5.488348,4.347822,6.628886,0.592854,0.702737,0.482971,7.393618,6.225245,8.561993,0.5966282,0,2.119029,7.187518,6.099184,8.275853,9.837476,10,9.489223,6.922284,7.220865,6.623703,0.6278017,0,1.61103,0,0,0,0,0,0,5.488348,4.347822,6.628886,0.592854,0.702737,0.482971,7.393618,6.225245,8.561993,0.5966282,0,2.119029,7.187518,6.099184,8.275853,9.837476,10,9.489223,-1,-1,-1,-1,-1,-1,-1,-1,-1,-1,-1,-1,-1,-1,-1,-1,-1,-1,-1,-1,-1,-1,-1,-1,-1,-1,-1,-1,-1,-1,-1,-1,-1,-1,-1,-1,-1,-1,-1,-1,-1,-1,-1,-1,-1,-1,-1,-1,-1,-1,0,0,0,0,0,0,-1,-1,-1,-1,-1,-1,-1,-1,-1,-1,-1,-1,0,0,0,0,0,0,-1,-1,-1,-1,-1,-1,-1,-1,-1,-1,-1,-1,-1,-1,False,False,0,0,False,209,0,0,0,0,0,0,0,0,0,0,0,0,0,0,0,1,
0,1232,2026-02-23 14:15:52Z,LLM_Empathetic,6.922293,7.220866,6.62372,0.6277851,0,1.61102,0,0,0,0,0,0,5.488361,4.347826,6.628907,0.592854,0.702737,0.482971,7.393624,6.225241,8.562007,0.5966176,0,2.119018,7.187535,6.099193,8.275879,9.837511,10,9.489266,6.922293,7.220866,6.62372,0.6277851,0,1.61102,0,0,0,0,0,0,5.488361,4.347826,6.628907,0.592854,0.702737,0.482971,7.393624,6.225241,8.562007,0.5966176,0,2.119018,7.187535,6.099193,8.275879,9.837511,10,9.489266,-1,-1,-1,-1,-1,-1,-1,-1,-1,-1,-1,-1,-1,-1,-1,-1,-1,-1,-1,-1,-1,-1,-1,-1,-1,-1,-1,-1,-1,-1,-1,-1,-1,-1,-1,-1,-1,-1,-1,-1,-1,-1,-1,-1,-1,-1,-1,-1,-1,-1,0,0,0,0,0,0,-1,-1,-1,-1,-1,-1,-1,-1,-1,-1,-1,-1,0,0,0,0,0,0,-1,-1,-1,-1,-1,-1,-1,-1,-1,-1,-1,-1,-1,-1,False,False,0,0,False,209,0,0,0,0,0,0,0,0,0,0,0,0,0,0,0,1,
0,1233,2026-02-23 14:15:52Z,LLM_Empathetic,6.922303,7.220868,6.623738,0.6277686,0,1.611011,0,0,0,0,0,0,5.488374,4.34783,6.628928,0.592854,0.702737,0.482971,7.39363,6.225238,8.562021,0.5966071,0,2.119007,7.187552,6.099203,8.275904,9.837545,10,9.489309,6.922303,7.220868,6.623738,0.6277686,0,1.611011,0,0,0,0,0,0,5.488374,4.34783,6.628928,0.592854,0.702737,0.482971,7.39363,6.225238,8.562021,0.5966071,0,2.119007,7.187552,6.099203,8.275904,9.837545,10,9.489309,-1,-1,-1,-1,-1,-1,-1,-1,-1,-1,-1,-1,-1,-1,-1,-1,-1,-1,-1,-1,-1,-1,-1,-1,-1,-1,-1,-1,-1,-1,-1,-1,-1,-1,-1,-1,-1,-1,-1,-1,-1,-1,-1,-1,-1,-1,-1,-1,-1,-1,0,0,0,0,0,0,-1,-1,-1,-1,-1,-1,-1,-1,-1,-1,-1,-1,0,0,0,0,0,0,-1,-1,-1,-1,-1,-1,-1,-1,-1,-1,-1,-1,-1,-1,False,False,0,0,False,207,0,0,0,0,0,0,0,0,0,0,0,0,0,0,0,1,
0,1234,2026-02-23 14:15:52Z,LLM_Empathetic,6.922313,7.22087,6.623755,0.6277521,0,1.611002,0,0,0,0,0,0,5.488386,4.347834,6.628948,0.592854,0.702737,0.482971,7.393635,6.225235,8.562036,0.5965965,0,2.118997,7.18757,6.099212,8.275929,9.83758,10,9.489353,6.922313,7.22087,6.623755,0.6277521,0,1.611002,0,0,0,0,0,0,5.488386,4.347834,6.628948,0.592854,0.702737,0.482971,7.393635,6.225235,8.562036,0.5965965,0,2.118997,7.18757,6.099212,8.275929,9.83758,10,9.489353,-1,-1,-1,-1,-1,-1,-1,-1,-1,-1,-1,-1,-1,-1,-1,-1,-1,-1,-1,-1,-1,-1,-1,-1,-1,-1,-1,-1,-1,-1,-1,-1,-1,-1,-1,-1,-1,-1,-1,-1,-1,-1,-1,-1,-1,-1,-1,-1,-1,-1,0,0,0,0,0,0,-1,-1,-1,-1,-1,-1,-1,-1,-1,-1,-1,-1,0,0,0,0,0,0,-1,-1,-1,-1,-1,-1,-1,-1,-1,-1,-1,-1,-1,-1,False,False,0,0,False,209,0,0,0,0,0,0,0,0,0,0,0,0,0,0,0,1,
0,1235,2026-02-23 14:15:52Z,LLM_Empathetic,6.922322,7.220872,6.623773,0.6277357,0,1.610993,0,0,0,0,0,0,5.488399,4.347838,6.628969,0.592854,0.702737,0.482971,7.393641,6.225233,8.56205,0.5965859,0,2.118986,7.187587,6.099221,8.275954,9.837615,10,9.489396,6.922322,7.220872,6.623773,0.6277357,0,1.610993,0,0,0,0,0,0,5.488399,4.347838,6.628969,0.592854,0.702737,0.482971,7.393641,6.225233,8.56205,0.5965859,0,2.118986,7.187587,6.099221,8.275954,9.837615,10,9.489396,-1,-1,-1,-1,-1,-1,-1,-1,-1,-1,-1,-1,-1,-1,-1,-1,-1,-1,-1,-1,-1,-1,-1,-1,-1,-1,-1,-1,-1,-1,-1,-1,-1,-1,-1,-1,-1,-1,-1,-1,-1,-1,-1,-1,-1,-1,-1,-1,-1,-1,0,0,0,0,0,0,-1,-1,-1,-1,-1,-1,-1,-1,-1,-1,-1,-1,0,0,0,0,0,0,-1,-1,-1,-1,-1,-1,-1,-1,-1,-1,-1,-1,-1,-1,False,False,0,0,False,207,0,0,0,0,0,0,0,0,0,0,0,0,0,0,0,1,
0,1236,2026-02-23 14:15:52Z,LLM_Empathetic,6.922332,7.220873,6.623791,0.6277192,0,1.610984,0,0,0,0,0,0,5.488411,4.347842,6.62899,0.592854,0.702737,0.482971,7.393647,6.22523,8.562064,0.5965754,0,2.118976,7.187604,6.099231,8.27598,9.837649,10,9.48944,6.922332,7.220873,6.623791,0.6277192,0,1.610984,0,0,0,0,0,0,5.488411,4.347842,6.62899,0.592854,0.702737,0.482971,7.393647,6.22523,8.562064,0.5965754,0,2.118976,7.187604,6.099231,8.27598,9.837649,10,9.48944,-1,-1,-1,-1,-1,-1,-1,-1,-1,-1,-1,-1,-1,-1,-1,-1,-1,-1,-1,-1,-1,-1,-1,-1,-1,-1,-1,-1,-1,-1,-1,-1,-1,-1,-1,-1,-1,-1,-1,-1,-1,-1,-1,-1,-1,-1,-1,-1,-1,-1,0,0,0,0,0,0,-1,-1,-1,-1,-1,-1,-1,-1,-1,-1,-1,-1,0,0,0,0,0,0,-1,-1,-1,-1,-1,-1,-1,-1,-1,-1,-1,-1,-1,-1,False,False,0,0,False,207,0,0,0,0,0,0,0,0,0,0,0,0,0,0,0,1,
0,1237,2026-02-23 14:15:52Z,LLM_Empathetic,6.922342,7.220875,6.623808,0.6277028,0,1.610975,0,0,0,0,0,0,5.488423,4.347847,6.629011,0.592854,0.702737,0.482971,7.393652,6.225227,8.562078,0.5965649,0,2.118965,7.187622,6.09924,8.276005,9.837684,10,9.489483,6.922342,7.220875,6.623808,0.6277028,0,1.610975,0,0,0,0,0,0,5.488423,4.347847,6.629011,0.592854,0.702737,0.482971,7.393652,6.225227,8.562078,0.5965649,0,2.118965,7.187622,6.09924,8.276005,9.837684,10,9.489483,-1,-1,-1,-1,-1,-1,-1,-1,-1,-1,-1,-1,-1,-1,-1,-1,-1,-1,-1,-1,-1,-1,-1,-1,-1,-1,-1,-1,-1,-1,-1,-1,-1,-1,-1,-1,-1,-1,-1,-1,-1,-1,-1,-1,-1,-1,-1,-1,-1,-1,0,0,0,0,0,0,-1,-1,-1,-1,-1,-1,-1,-1,-1,-1,-1,-1,0,0,0,0,0,0,-1,-1,-1,-1,-1,-1,-1,-1,-1,-1,-1,-1,-1,-1,False,False,0,0,False,209,0,0,0,0,0,0,0,0,0,0,0,0,0,0,0,1,
0,1238,2026-02-23 14:15:52Z,LLM_Empathetic,6.922351,7.220877,6.623826,0.6276863,0,1.610966,0,0,0,0,0,0,5.488436,4.34785,6.629032,0.592854,0.702737,0.482971,7.393658,6.225224,8.562093,0.5965543,0,2.118955,7.187639,6.099249,8.27603,9.837718,10,9.489527,6.922351,7.220877,6.623826,0.6276863,0,1.610966,0,0,0,0,0,0,5.488436,4.34785,6.629032,0.592854,0.702737,0.482971,7.393658,6.225224,8.562093,0.5965543,0,2.118955,7.187639,6.099249,8.27603,9.837718,10,9.489527,-1,-1,-1,-1,-1,-1,-1,-1,-1,-1,-1,-1,-1,-1,-1,-1,-1,-1,-1,-1,-1,-1,-1,-1,-1,-1,-1,-1,-1,-1,-1,-1,-1,-1,-1,-1,-1,-1,-1,-1,-1,-1,-1,-1,-1,-1,-1,-1,-1,-1,0,0,0,0,0,0,-1,-1,-1,-1,-1,-1,-1,-1,-1,-1,-1,-1,0,0,0,0,0,0,-1,-1,-1,-1,-1,-1,-1,-1,-1,-1,-1,-1,-1,-1,False,False,0,0,False,207,0,0,0,0,0,0,0,0,0,0,0,0,0,0,0,1,
0,1239,2026-02-23 14:15:52Z,LLM_Empathetic,6.922361,7.220879,6.623843,0.6276699,0,1.610957,0,0,0,0,0,0,5.488448,4.347855,6.629052,0.592854,0.702737,0.482971,7.393663,6.225221,8.562106,0.5965438,0,2.118944,7.187656,6.099258,8.276055,9.837752,10,9.48957,6.922361,7.220879,6.623843,0.6276699,0,1.610957,0,0,0,0,0,0,5.488448,4.347855,6.629052,0.592854,0.702737,0.482971,7.393663,6.225221,8.562106,0.5965438,0,2.118944,7.187656,6.099258,8.276055,9.837752,10,9.48957,-1,-1,-1,-1,-1,-1,-1,-1,-1,-1,-1,-1,-1,-1,-1,-1,-1,-1,-1,-1,-1,-1,-1,-1,-1,-1,-1,-1,-1,-1,-1,-1,-1,-1,-1,-1,-1,-1,-1,-1,-1,-1,-1,-1,-1,-1,-1,-1,-1,-1,0,0,0,0,0,0,-1,-1,-1,-1,-1,-1,-1,-1,-1,-1,-1,-1,0,0,0,0,0,0,-1,-1,-1,-1,-1,-1,-1,-1,-1,-1,-1,-1,-1,-1,False,False,0,0,False,209,0,0,0,0,0,0,0,0,0,0,0,0,0,0,0,1,
0,1240,2026-02-23 14:15:52Z,LLM_Empathetic,6.922371,7.220881,6.623861,0.6276535,0,1.610948,0,0,0,0,0,0,5.488461,4.347859,6.629073,0.592854,0.702737,0.482971,7.393669,6.225218,8.56212,0.5965334,0,2.118934,7.187674,6.099268,8.27608,9.837787,10,9.489613,6.922371,7.220881,6.623861,0.6276535,0,1.610948,0,0,0,0,0,0,5.488461,4.347859,6.629073,0.592854,0.702737,0.482971,7.393669,6.225218,8.56212,0.5965334,0,2.118934,7.187674,6.099268,8.27608,9.837787,10,9.489613,-1,-1,-1,-1,-1,-1,-1,-1,-1,-1,-1,-1,-1,-1,-1,-1,-1,-1,-1,-1,-1,-1,-1,-1,-1,-1,-1,-1,-1,-1,-1,-1,-1,-1,-1,-1,-1,-1,-1,-1,-1,-1,-1,-1,-1,-1,-1,-1,-1,-1,0,0,0,0,0,0,-1,-1,-1,-1,-1,-1,-1,-1,-1,-1,-1,-1,0,0,0,0,0,0,-1,-1,-1,-1,-1,-1,-1,-1,-1,-1,-1,-1,-1,-1,False,False,0,0,False,207,0,0,0,0,0,0,0,0,0,0,0,0,0,0,0,1,