ParticipantID,UnityFrame,FrameTimeStamp,CurrentScene,Emo_Valence_Score,Emo_Valence_CI_Upper,Emo_Valence_CI_Lower,Emo_Arousal_Score,Emo_Arousal_CI_Upper,Emo_Arousal_CI_Lower,Emo_Fear_Score,Emo_Fear_CI_Upper,Emo_Fear_CI_Lower,Emo_Stress_Score,Emo_Stress_CI_Upper,Emo_Stress_CI_Lower,Emo_Happy_Score,Emo_Happy_CI_Upper,Emo_Happy_CI_Lower,Emo_Sad_Score,Emo_Sad_CI_Upper,Emo_Sad_CI_Lower,Emo_Bored_Score,Emo_Bored_CI_Upper,Emo_Bored_CI_Lower,Emo_Excited_Score,Emo_Excited_CI_Upper,Emo_Excited_CI_Lower,Emo_Content_Score,Emo_Content_CI_Upper,Emo_Content_CI_Lower,Emo_Calm_Score,Emo_Calm_CI_Upper,Emo_Calm_CI_Lower,Emo_Valence_Score,Emo_Valence_CI_Upper,Emo_Valence_CI_Lower,Emo_Arousal_Score,Emo_Arousal_CI_Upper,Emo_Arousal_CI_Lower,Emo_Fear_Score,Emo_Fear_CI_Upper,Emo_Fear_CI_Lower,Emo_Stress_Score,Emo_Stress_CI_Upper,Emo_Stress_CI_Lower,Emo_Happy_Score,Emo_Happy_CI_Upper,Emo_Happy_CI_Lower,Emo_Sad_Score,Emo_Sad_CI_Upper,Emo_Sad_CI_Lower,Emo_Bored_Score,Emo_Bored_CI_Upper,Emo_Bored_CI_Lower,Emo_Excited_Score,Emo_Excited_CI_Upper,Emo_Excited_CI_Lower,Emo_Content_Score,Emo_Content_CI_Upper,Emo_Content_CI_Lower,Emo_Calm_Score,Emo_Calm_CI_Upper,Emo_Calm_CI_Lower,Vive_Eye_Left_Blink,Vive_Eye_Left_Wide,Vive_Eye_Right_Blink,Vive_Eye_Right_Wide,Vive_Eye_Left_Squeeze,Vive_Eye_Right_Squeeze,Vive_Eye_Left_Down,Vive_Eye_Right_Down,Vive_Eye_Left_Out,Vive_Eye_Right_In,Vive_Eye_Left_In,Vive_Eye_Right_Out,Vive_Eye_Left_Up,Vive_Eye_Right_Up,Vive_Face_Jaw_Right,Vive_Face_Jaw_Left,Vive_Face_Jaw_Forward,Vive_Face_Jaw_Open,Vive_Face_Mouth_Ape_Shape,Vive_Face_Mouth_Upper_Right,Vive_Face_Mouth_Upper_Left,Vive_Face_Lower_Right,Vive_Face_Lower_Left,Vive_Face_Mouth_Upper_Overturn,Vive_Face_Mouth_Lower_Overturn,Vive_Face_Mouth_Pout,Vive_Face_Mouth_Smile_Right,Vive_Face_Mouth_Smile_Left,Vive_Face_Mouth_Sad_Right,Vive_Face_Mouth_Sad_Left,Vive_Face_Mouth_Puff_Right,Vive_Face_Mouth_Puff_left,Vive_Face_Mouth_Suck,Vive_Face_Mouth_Upper_UpRight,Vive_Face_Mouth_Upper_UpLeft,Vive_Face_Mouth_Lower_DownRight,Vive_Face_Mouth_Lower_DownLeft,Vive_Face_Mouth_Upper_Inside,Vive_Face_Mouth_Lower_Inside,Vive_Face_Tongue_Out_1,Vive_Face_Tongue_Left,Vive_Face_Tongue_Right,Vive_Face_Tongue_Up,Vive_Face_Tongue_Down,Vive_Face_Tongue_Roll,Vive_Face_Tongue_Out_2,Vive_Face_Tongue_Up_Right,Vive_Face_Tongue_Up_Left,Vive_Face_Tongue_Down_Right,Vive_Face_Tongue_Down_Left,EyeGaze_Local_Pos.x,EyeGaze_Local_Pos.y,EyeGaze_Local_Pos.z,EyeGaze_Local_Direction.x,EyeGaze_Local_Direction.y,EyeGaze_Local_Direction.z,LeftEyeGaze_Local_Pos.x,LeftEyeGaze_Local_Pos.y,LeftEyeGaze_Local_Pos.z,LeftEyeGaze_Local_Direction.x,LeftEyeGaze_Local_Direction.y,LeftEyeGaze_Local_Direction.z,RightEyeGaze_Local_Pos.x,RightEyeGaze_Local_Pos.y,RightEyeGaze_Local_Pos.z,RightEyeGaze_Local_Direction.x,RightEyeGaze_Local_Direction.y,RightEyeGaze_Local_Direction.z,EyeGaze_World_Pos.x,EyeGaze_World_Pos.y,EyeGaze_World_Pos.z,EyeGaze_World_Direction.x,EyeGaze_World_Direction.y,EyeGaze_World_Direction.z,LeftEyeGaze_World_Pos.x,LeftEyeGaze_World_Pos.y,LeftEyeGaze_World_Pos.z,LeftEyeGaze_World_Direction.x,LeftEyeGaze_World_Direction.y,LeftEyeGaze_World_Direction.z,RightEyeGaze_World_Pos.x,RightEyeGaze_World_Pos.y,RightEyeGaze_World_Pos.z,RightEyeGaze_World_Direction.x,RightEyeGaze_World_Direction.y,RightEyeGaze_World_Direction.z,PupilDilation_Left,PupilDilation_Right,EyeClosed_Left,EyeClosed_Right,CurrentBlink_Duration,CurrentBlink_Interval,GazeValid,Foveal_GrayScaleValue,Parafoveal_GrayScaleValue,Headpoint_GrayScaleValue,Image_GrayScaleValue,HMD_pX,HMD_pY,HMD_pZ,HMD_rX,HMD_rY,HMD_rZ,HMD_arX,HMD_arY,HMD_arZ,HMD_aqX,HMD_aqY,HMD_aqZ,HMD_aqW,
0,4291,2026-02-16 16:46:20Z,,6.932765,7.222762,6.642767,0.609989,0,1.601206,0,0,0,0,0,0,5.501828,4.35228,6.651387,0.592854,0.702737,0.482971,7.399765,6.222082,8.577449,0.5852214,0,2.107622,7.206232,6.109315,8.30315,9.874858,10,9.536139,6.932765,7.222762,6.642767,0.609989,0,1.601206,0,0,0,0,0,0,5.501828,4.35228,6.651387,0.592854,0.702737,0.482971,7.399765,6.222082,8.577449,0.5852214,0,2.107622,7.206232,6.109315,8.30315,9.874858,10,9.536139,-1,-1,-1,-1,-1,-1,-1,-1,-1,-1,-1,-1,-1,-1,-1,-1,-1,-1,-1,-1,-1,-1,-1,-1,-1,-1,-1,-1,-1,-1,-1,-1,-1,-1,-1,-1,-1,-1,-1,-1,-1,-1,-1,-1,-1,-1,-1,-1,-1,-1,0,0,0,0,0,0,-1,-1,-1,-1,-1,-1,-1,-1,-1,-1,-1,-1,0,0,0,0,0,0,-1,-1,-1,-1,-1,-1,-1,-1,-1,-1,-1,-1,-1,-1,False,False,0,0,False,54,0,0,0,0,0,0,0,0,0,0,0,0,0,0,0,1,
0,4292,2026-02-16 16:46:20Z,,6.932762,7.222761,6.642762,0.609994,0,1.601209,0,0,0,0,0,0,5.501825,4.352279,6.651381,0.592854,0.702737,0.482971,7.399764,6.222083,8.577445,0.5852246,0,2.107625,7.206227,6.109312,8.303143,9.874848,10,9.536126,6.932762,7.222761,6.642762,0.609994,0,1.601209,0,0,0,0,0,0,5.501825,4.352279,6.651381,0.592854,0.702737,0.482971,7.399764,6.222083,8.577445,0.5852246,0,2.107625,7.206227,6.109312,8.303143,9.874848,10,9.536126,-1,-1,-1,-1,-1,-1,-1,-1,-1,-1,-1,-1,-1,-1,-1,-1,-1,-1,-1,-1,-1,-1,-1,-1,-1,-1,-1,-1,-1,-1,-1,-1,-1,-1,-1,-1,-1,-1,-1,-1,-1,-1,-1,-1,-1,-1,-1,-1,-1,-1,0,0,0,0,0,0,-1,-1,-1,-1,-1,-1,-1,-1,-1,-1,-1,-1,0,0,0,0,0,0,-1,-1,-1,-1,-1,-1,-1,-1,-1,-1,-1,-1,-1,-1,False,False,0,0,False,54,0,0,0,0,0,0,0,0,0,0,0,0,0,0,0,1,
0,4293,2026-02-16 16:46:20Z,,6.93276,7.222761,6.642759,0.6099964,0,1.60121,0,0,0,0,0,0,5.501823,4.352278,6.651378,0.592854,0.702737,0.482971,7.399763,6.222084,8.577443,0.5852261,0,2.107626,7.206224,6.109311,8.303139,9.874843,10,9.536119,6.93276,7.222761,6.642759,0.6099964,0,1.60121,0,0,0,0,0,0,5.501823,4.352278,6.651378,0.592854,0.702737,0.482971,7.399763,6.222084,8.577443,0.5852261,0,2.107626,7.206224,6.109311,8.303139,9.874843,10,9.536119,-1,-1,-1,-1,-1,-1,-1,-1,-1,-1,-1,-1,-1,-1,-1,-1,-1,-1,-1,-1,-1,-1,-1,-1,-1,-1,-1,-1,-1,-1,-1,-1,-1,-1,-1,-1,-1,-1,-1,-1,-1,-1,-1,-1,-1,-1,-1,-1,-1,-1,0,0,0,0,0,0,-1,-1,-1,-1,-1,-1,-1,-1,-1,-1,-1,-1,0,0,0,0,0,0,-1,-1,-1,-1,-1,-1,-1,-1,-1,-1,-1,-1,-1,-1,False,False,0,0,False,54,0,0,0,0,0,0,0,0,0,0,0,0,0,0,0,1,
0,4294,2026-02-16 16:46:20Z,,6.93276,7.222761,6.642759,0.6099964,0,1.60121,0,0,0,0,0,0,5.501823,4.352278,6.651378,0.592854,0.702737,0.482971,7.399763,6.222084,8.577443,0.5852261,0,2.107626,7.206224,6.109311,8.303139,9.874843,10,9.536119,6.93276,7.222761,6.642759,0.6099964,0,1.60121,0,0,0,0,0,0,5.501823,4.352278,6.651378,0.592854,0.702737,0.482971,7.399763,6.222084,8.577443,0.5852261,0,2.107626,7.206224,6.109311,8.303139,9.874843,10,9.536119,-1,-1,-1,-1,-1,-1,-1,-1,-1,-1,-1,-1,-1,-1,-1,-1,-1,-1,-1,-1,-1,-1,-1,-1,-1,-1,-1,-1,-1,-1,-1,-1,-1,-1,-1,-1,-1,-1,-1,-1,-1,-1,-1,-1,-1,-1,-1,-1,-1,-1,0,0,0,0,0,0,-1,-1,-1,-1,-1,-1,-1,-1,-1,-1,-1,-1,0,0,0,0,0,0,-1,-1,-1,-1,-1,-1,-1,-1,-1,-1,-1,-1,-1,-1,False,False,0,0,False,54,0,0,0,0,0,0,0,0,0,0,0,0,0,0,0,1,
0,4295,2026-02-16 16:46:20Z,,6.93276,7.222761,6.642759,0.6099964,0,1.60121,0,0,0,0,0,0,5.501823,4.352278,6.651378,0.592854,0.702737,0.482971,7.399763,6.222084,8.577443,0.5852261,0,2.107626,7.206224,6.109311,8.303139,9.874843,10,9.536119,6.93276,7.222761,6.642759,0.6099964,0,1.60121,0,0,0,0,0,0,5.501823,4.352278,6.651378,0.592854,0.702737,0.482971,7.399763,6.222084,8.577443,0.5852261,0,2.107626,7.206224,6.109311,8.303139,9.874843,10,9.536119,-1,-1,-1,-1,-1,-1,-1,-1,-1,-1,-1,-1,-1,-1,-1,-1,-1,-1,-1,-1,-1,-1,-1,-1,-1,-1,-1,-1,-1,-1,-1,-1,-1,-1,-1,-1,-1,-1,-1,-1,-1,-1,-1,-1,-1,-1,-1,-1,-1,-1,0,0,0,0,0,0,-1,-1,-1,-1,-1,-1,-1,-1,-1,-1,-1,-1,0,0,0,0,0,0,-1,-1,-1,-1,-1,-1,-1,-1,-1,-1,-1,-1,-1,-1,False,False,0,0,False,54,0,0,0,0,0,0,0,0,0,0,0,0,0,0,0,1,
0,4296,2026-02-16 16:46:20Z,,6.93276,7.222761,6.642759,0.6099964,0,1.60121,0,0,0,0,0,0,5.501823,4.352278,6.651378,0.592854,0.702737,0.482971,7.399763,6.222084,8.577443,0.5852261,0,2.107626,7.206224,6.109311,8.303139,9.874843,10,9.536119,6.93276,7.222761,6.642759,0.6099964,0,1.60121,0,0,0,0,0,0,5.501823,4.352278,6.651378,0.592854,0.702737,0.482971,7.399763,6.222084,8.577443,0.5852261,0,2.107626,7.206224,6.109311,8.303139,9.874843,10,9.536119,-1,-1,-1,-1,-1,-1,-1,-1,-1,-1,-1,-1,-1,-1,-1,-1,-1,-1,-1,-1,-1,-1,-1,-1,-1,-1,-1,-1,-1,-1,-1,-1,-1,-1,-1,-1,-1,-1,-1,-1,-1,-1,-1,-1,-1,-1,-1,-1,-1,-1,0,0,0,0,0,0,-1,-1,-1,-1,-1,-1,-1,-1,-1,-1,-1,-1,0,0,0,0,0,0,-1,-1,-1,-1,-1,-1,-1,-1,-1,-1,-1,-1,-1,-1,False,False,0,0,False,54,0,0,0,0,0,0,0,0,0,0,0,0,0,0,0,1,
0,4297,2026-02-16 16:46:20Z,,6.93276,7.222761,6.642759,0.6099964,0,1.60121,0,0,0,0,0,0,5.501823,4.352278,6.651378,0.592854,0.702737,0.482971,7.399763,6.222084,8.577443,0.5852261,0,2.107626,7.206224,6.109311,8.303139,9.874843,10,9.536119,6.93276,7.222761,6.642759,0.6099964,0,1.60121,0,0,0,0,0,0,5.501823,4.352278,6.651378,0.592854,0.702737,0.482971,7.399763,6.222084,8.577443,0.5852261,0,2.107626,7.206224,6.109311,8.303139,9.874843,10,9.536119,-1,-1,-1,-1,-1,-1,-1,-1,-1,-1,-1,-1,-1,-1,-1,-1,-1,-1,-1,-1,-1,-1,-1,-1,-1,-1,-1,-1,-1,-1,-1,-1,-1,-1,-1,-1,-1,-1,-1,-1,-1,-1,-1,-1,-1,-1,-1,-1,-1,-1,0,0,0,0,0,0,-1,-1,-1,-1,-1,-1,-1,-1,-1,-1,-1,-1,0,0,0,0,0,0,-1,-1,-1,-1,-1,-1,-1,-1,-1,-1,-1,-1,-1,-1,False,False,0,0,False,54,0,0,0,0,0,0,0,0,0,0,0,0,0,0,0,1,
0,4298,2026-02-16 16:46:20Z,,6.932759,7.222761,6.642757,0.6099989,0,1.601211,0,0,0,0,0,0,5.501821,4.352277,6.651375,0.592854,0.702737,0.482971,7.399762,6.222084,8.57744,0.5852277,0,2.107628,7.206222,6.10931,8.303135,9.874838,10,9.536113,6.932759,7.222761,6.642757,0.6099989,0,1.601211,0,0,0,0,0,0,5.501821,4.352277,6.651375,0.592854,0.702737,0.482971,7.399762,6.222084,8.57744,0.5852277,0,2.107628,7.206222,6.10931,8.303135,9.874838,10,9.536113,-1,-1,-1,-1,-1,-1,-1,-1,-1,-1,-1,-1,-1,-1,-1,-1,-1,-1,-1,-1,-1,-1,-1,-1,-1,-1,-1,-1,-1,-1,-1,-1,-1,-1,-1,-1,-1,-1,-1,-1,-1,-1,-1,-1,-1,-1,-1,-1,-1,-1,0,0,0,0,0,0,-1,-1,-1,-1,-1,-1,-1,-1,-1,-1,-1,-1,0,0,0,0,0,0,-1,-1,-1,-1,-1,-1,-1,-1,-1,-1,-1,-1,-1,-1,False,False,0,0,False,54,0,0,0,0,0,0,0,0,0,0,0,0,0,0,0,1,
0,4299,2026-02-16 16:46:20Z,,6.932759,7.222761,6.642757,0.6099989,0,1.601211,0,0,0,0,0,0,5.501821,4.352277,6.651375,0.592854,0.702737,0.482971,7.399762,6.222084,8.57744,0.5852277,0,2.107628,7.206222,6.10931,8.303135,9.874838,10,9.536113,6.932759,7.222761,6.642757,0.6099989,0,1.601211,0,0,0,0,0,0,5.501821,4.352277,6.651375,0.592854,0.702737,0.482971,7.399762,6.222084,8.57744,0.5852277,0,2.107628,7.206222,6.10931,8.303135,9.874838,10,9.536113,-1,-1,-1,-1,-1,-1,-1,-1,-1,-1,-1,-1,-1,-1,-1,-1,-1,-1,-1,-1,-1,-1,-1,-1,-1,-1,-1,-1,-1,-1,-1,-1,-1,-1,-1,-1,-1,-1,-1,-1,-1,-1,-1,-1,-1,-1,-1,-1,-1,-1,0,0,0,0,0,0,-1,-1,-1,-1,-1,-1,-1,-1,-1,-1,-1,-1,0,0,0,0,0,0,-1,-1,-1,-1,-1,-1,-1,-1,-1,-1,-1,-1,-1,-1,False,False,0,0,False,54,0,0,0,0,0,0,0,0,0,0,0,0,0,0,0,1,
0,4300,2026-02-16 16:46:20Z,,6.932759,7.222761,6.642757,0.6099989,0,1.601211,0,0,0,0,0,0,5.501821,4.352277,6.651375,0.592854,0.702737,0.482971,7.399762,6.222084,8.57744,0.5852277,0,2.107628,7.206222,6.10931,8.303135,9.874838,10,9.536113,6.932759,7.222761,6.642757,0.6099989,0,1.601211,0,0,0,0,0,0,5.501821,4.352277,6.651375,0.592854,0.702737,0.482971,7.399762,6.222084,8.57744,0.5852277,0,2.107628,7.206222,6.10931,8.303135,9.874838,10,9.536113,-1,-1,-1,-1,-1,-1,-1,-1,-1,-1,-1,-1,-1,-1,-1,-1,-1,-1,-1,-1,-1,-1,-1,-1,-1,-1,-1,-1,-1,-1,-1,-1,-1,-1,-1,-1,-1,-1,-1,-1,-1,-1,-1,-1,-1,-1,-1,-1,-1,-1,0,0,0,0,0,0,-1,-1,-1,-1,-1,-1,-1,-1,-1,-1,-1,-1,0,0,0,0,0,0,-1,-1,-1,-1,-1,-1,-1,-1,-1,-1,-1,-1,-1,-1,False,False,0,0,False,54,0,0,0,0,0,0,0,0,0,0,0,0,0,0,0,1,
0,4301,2026-02-16 16:46:20Z,,6.932759,7.222761,6.642757,0.6099989,0,1.601211,0,0,0,0,0,0,5.501821,4.352277,6.651375,0.592854,0.702737,0.482971,7.399762,6.222084,8.57744,0.5852277,0,2.107628,7.206222,6.10931,8.303135,9.874838,10,9.536113,6.932759,7.222761,6.642757,0.6099989,0,1.601211,0,0,0,0,0,0,5.501821,4.352277,6.651375,0.592854,0.702737,0.482971,7.399762,6.222084,8.57744,0.5852277,0,2.107628,7.206222,6.10931,8.303135,9.874838,10,9.536113,-1,-1,-1,-1,-1,-1,-1,-1,-1,-1,-1,-1,-1,-1,-1,-1,-1,-1,-1,-1,-1,-1,-1,-1,-1,-1,-1,-1,-1,-1,-1,-1,-1,-1,-1,-1,-1,-1,-1,-1,-1,-1,-1,-1,-1,-1,-1,-1,-1,-1,0,0,0,0,0,0,-1,-1,-1,-1,-1,-1,-1,-1,-1,-1,-1,-1,0,0,0,0,0,0,-1,-1,-1,-1,-1,-1,-1,-1,-1,-1,-1,-1,-1,-1,False,False,0,0,False,54,0,0,0,0,0,0,0,0,0,0,0,0,0,0,0,1,
0,4302,2026-02-16 16:46:20Z,,6.932759,7.222761,6.642757,0.6099989,0,1.601211,0,0,0,0,0,0,5.501821,4.352277,6.651375,0.592854,0.702737,0.482971,7.399762,6.222084,8.57744,0.5852277,0,2.107628,7.206222,6.10931,8.303135,9.874838,10,9.536113,6.932759,7.222761,6.642757,0.6099989,0,1.601211,0,0,0,0,0,0,5.501821,4.352277,6.651375,0.592854,0.702737,0.482971,7.399762,6.222084,8.57744,0.5852277,0,2.107628,7.206222,6.10931,8.303135,9.874838,10,9.536113,-1,-1,-1,-1,-1,-1,-1,-1,-1,-1,-1,-1,-1,-1,-1,-1,-1,-1,-1,-1,-1,-1,-1,-1,-1,-1,-1,-1,-1,-1,-1,-1,-1,-1,-1,-1,-1,-1,-1,-1,-1,-1,-1,-1,-1,-1,-1,-1,-1,-1,0,0,0,0,0,0,-1,-1,-1,-1,-1,-1,-1,-1,-1,-1,-1,-1,0,0,0,0,0,0,-1,-1,-1,-1,-1,-1,-1,-1,-1,-1,-1,-1,-1,-1,False,False,0,0,False,54,0,0,0,0,0,0,0,0,0,0,0,0,0,0,0,1,
0,4303,2026-02-16 16:46:20Z,,6.932759,7.222761,6.642757,0.6099989,0,1.601211,0,0,0,0,0,0,5.501821,4.352277,6.651375,0.592854,0.702737,0.482971,7.399762,6.222084,8.57744,0.5852277,0,2.107628,7.206222,6.10931,8.303135,9.874838,10,9.536113,6.932759,7.222761,6.642757,0.6099989,0,1.601211,0,0,0,0,0,0,5.501821,4.352277,6.651375,0.592854,0.702737,0.482971,7.399762,6.222084,8.57744,0.5852277,0,2.107628,7.206222,6.10931,8.303135,9.874838,10,9.536113,-1,-1,-1,-1,-1,-1,-1,-1,-1,-1,-1,-1,-1,-1,-1,-1,-1,-1,-1,-1,-1,-1,-1,-1,-1,-1,-1,-1,-1,-1,-1,-1,-1,-1,-1,-1,-1,-1,-1,-1,-1,-1,-1,-1,-1,-1,-1,-1,-1,-1,0,0,0,0,0,0,-1,-1,-1,-1,-1,-1,-1,-1,-1,-1,-1,-1,0,0,0,0,0,0,-1,-1,-1,-1,-1,-1,-1,-1,-1,-1,-1,-1,-1,-1,False,False,0,0,False,54,0,0,0,0,0,0,0,0,0,0,0,0,0,0,0,1,
0,4304,2026-02-16 16:46:20Z,,6.932757,7.22276,6.642754,0.6100014,0,1.601213,0,0,0,0,0,0,5.501819,4.352277,6.651371,0.592854,0.702737,0.482971,7.399761,6.222085,8.577438,0.5852293,0,2.10763,7.206219,6.109308,8.303131,9.874832,10,9.536106,6.932757,7.22276,6.642754,0.6100014,0,1.601213,0,0,0,0,0,0,5.501819,4.352277,6.651371,0.592854,0.702737,0.482971,7.399761,6.222085,8.577438,0.5852293,0,2.10763,7.206219,6.109308,8.303131,9.874832,10,9.536106,-1,-1,-1,-1,-1,-1,-1,-1,-1,-1,-1,-1,-1,-1,-1,-1,-1,-1,-1,-1,-1,-1,-1,-1,-1,-1,-1,-1,-1,-1,-1,-1,-1,-1,-1,-1,-1,-1,-1,-1,-1,-1,-1,-1,-1,-1,-1,-1,-1,-1,0,0,0,0,0,0,-1,-1,-1,-1,-1,-1,-1,-1,-1,-1,-1,-1,0,0,0,0,0,0,-1,-1,-1,-1,-1,-1,-1,-1,-1,-1,-1,-1,-1,-1,False,False,0,0,False,54,0,0,0,0,0,0,0,0,0,0,0,0,0,0,0,1,
0,4305,2026-02-16 16:46:20Z,,6.932757,7.22276,6.642754,0.6100014,0,1.601213,0,0,0,0,0,0,5.501819,4.352277,6.651371,0.592854,0.702737,0.482971,7.399761,6.222085,8.577438,0.5852293,0,2.10763,7.206219,6.109308,8.303131,9.874832,10,9.536106,6.932757,7.22276,6.642754,0.6100014,0,1.601213,0,0,0,0,0,0,5.501819,4.352277,6.651371,0.592854,0.702737,0.482971,7.399761,6.222085,8.577438,0.5852293,0,2.10763,7.206219,6.109308,8.303131,9.874832,10,9.536106,-1,-1,-1,-1,-1,-1,-1,-1,-1,-1,-1,-1,-1,-1,-1,-1,-1,-1,-1,-1,-1,-1,-1,-1,-1,-1,-1,-1,-1,-1,-1,-1,-1,-1,-1,-1,-1,-1,-1,-1,-1,-1,-1,-1,-1,-1,-1,-1,-1,-1,0,0,0,0,0,0,-1,-1,-1,-1,-1,-1,-1,-1,-1,-1,-1,-1,0,0,0,0,0,0,-1,-1,-1,-1,-1,-1,-1,-1,-1,-1,-1,-1,-1,-1,False,False,0,0,False,54,0,0,0,0,0,0,0,0,0,0,0,0,0,0,0,1,
0,4306,2026-02-16 16:46:20Z,,6.932757,7.22276,6.642754,0.6100014,0,1.601213,0,0,0,0,0,0,5.501819,4.352277,6.651371,0.592854,0.702737,0.482971,7.399761,6.222085,8.577438,0.5852293,0,2.10763,7.206219,6.109308,8.303131,9.874832,10,9.536106,6.932757,7.22276,6.642754,0.6100014,0,1.601213,0,0,0,0,0,0,5.501819,4.352277,6.651371,0.592854,0.702737,0.482971,7.399761,6.222085,8.577438,0.5852293,0,2.10763,7.206219,6.109308,8.303131,9.874832,10,9.536106,-1,-1,-1,-1,-1,-1,-1,-1,-1,-1,-1,-1,-1,-1,-1,-1,-1,-1,-1,-1,-1,-1,-1,-1,-1,-1,-1,-1,-1,-1,-1,-1,-1,-1,-1,-1,-1,-1,-1,-1,-1,-1,-1,-1,-1,-1,-1,-1,-1,-1,0,0,0,0,0,0,-1,-1,-1,-1,-1,-1,-1,-1,-1,-1,-1,-1,0,0,0,0,0,0,-1,-1,-1,-1,-1,-1,-1,-1,-1,-1,-1,-1,-1,-1,False,False,0,0,False,54,0,0,0,0,0,0,0,0,0,0,0,0,0,0,0,1,
0,4307,2026-02-16 16:46:20Z,,6.932757,7.22276,6.642754,0.6100014,0,1.601213,0,0,0,0,0,0,5.501819,4.352277,6.651371,0.592854,0.702737,0.482971,7.399761,6.222085,8.577438,0.5852293,0,2.10763,7.206219,6.109308,8.303131,9.874832,10,9.536106,6.932757,7.22276,6.642754,0.6100014,0,1.601213,0,0,0,0,0,0,5.501819,4.352277,6.651371,0.592854,0.702737,0.482971,7.399761,6.222085,8.577438,0.5852293,0,2.10763,7.206219,6.109308,8.303131,9.874832,10,9.536106,-1,-1,-1,-1,-1,-1,-1,-1,-1,-1,-1,-1,-1,-1,-1,-1,-1,-1,-1,-1,-1,-1,-1,-1,-1,-1,-1,-1,-1,-1,-1,-1,-1,-1,-1,-1,-1,-1,-1,-1,-1,-1,-1,-1,-1,-1,-1,-1,-1,-1,0,0,0,0,0,0,-1,-1,-1,-1,-1,-1,-1,-1,-1,-1,-1,-1,0,0,0,0,0,0,-1,-1,-1,-1,-1,-1,-1,-1,-1,-1,-1,-1,-1,-1,False,False,0,0,False,54,0,0,0,0,0,0,0,0,0,0,0,0,0,0,0,1,
0,4308,2026-02-16 16:46:20Z,,6.932756,7.22276,6.642752,0.6100039,0,1.601214,0,0,0,0,0,0,5.501817,4.352276,6.651369,0.592854,0.702737,0.482971,7.39976,6.222085,8.577436,0.5852309,0,2.107631,7.206217,6.109307,8.303127,9.874827,10,9.536099,6.932756,7.22276,6.642752,0.6100039,0,1.601214,0,0,0,0,0,0,5.501817,4.352276,6.651369,0.592854,0.702737,0.482971,7.39976,6.222085,8.577436,0.5852309,0,2.107631,7.206217,6.109307,8.303127,9.874827,10,9.536099,-1,-1,-1,-1,-1,-1,-1,-1,-1,-1,-1,-1,-1,-1,-1,-1,-1,-1,-1,-1,-1,-1,-1,-1,-1,-1,-1,-1,-1,-1,-1,-1,-1,-1,-1,-1,-1,-1,-1,-1,-1,-1,-1,-1,-1,-1,-1,-1,-1,-1,0,0,0,0,0,0,-1,-1,-1,-1,-1,-1,-1,-1,-1,-1,-1,-1,0,0,0,0,0,0,-1,-1,-1,-1,-1,-1,-1,-1,-1,-1,-1,-1,-1,-1,False,False,0,0,False,54,0,0,0,0,0,0,0,0,0,0,0,0,0,0,0,1,
0,4309,2026-02-16 16:46:20Z,,6.932756,7.22276,6.642752,0.6100039,0,1.601214,0,0,0,0,0,0,5.501817,4.352276,6.651369,0.592854,0.702737,0.482971,7.39976,6.222085,8.577436,0.5852309,0,2.107631,7.206217,6.109307,8.303127,9.874827,10,9.536099,6.932756,7.22276,6.642752,0.6100039,0,1.601214,0,0,0,0,0,0,5.501817,4.352276,6.651369,0.592854,0.702737,0.482971,7.39976,6.222085,8.577436,0.5852309,0,2.107631,7.206217,6.109307,8.303127,9.874827,10,9.536099,-1,-1,-1,-1,-1,-1,-1,-1,-1,-1,-1,-1,-1,-1,-1,-1,-1,-1,-1,-1,-1,-1,-1,-1,-1,-1,-1,-1,-1,-1,-1,-1,-1,-1,-1,-1,-1,-1,-1,-1,-1,-1,-1,-1,-1,-1,-1,-1,-1,-1,0,0,0,0,0,0,-1,-1,-1,-1,-1,-1,-1,-1,-1,-1,-1,-1,0,0,0,0,0,0,-1,-1,-1,-1,-1,-1,-1,-1,-1,-1,-1,-1,-1,-1,False,False,0,0,False,54,0,0,0,0,0,0,0,0,0,0,0,0,0,0,0,1,
0,4310,2026-02-16 16:46:20Z,,6.932756,7.22276,6.642752,0.6100039,0,1.601214,0,0,0,0,0,0,5.501817,4.352276,6.651369,0.592854,0.702737,0.482971,7.39976,6.222085,8.577436,0.5852309,0,2.107631,7.206217,6.109307,8.303127,9.874827,10,9.536099,6.932756,7.22276,6.642752,0.6100039,0,1.601214,0,0,0,0,0,0,5.501817,4.352276,6.651369,0.592854,0.702737,0.482971,7.39976,6.222085,8.577436,0.5852309,0,2.107631,7.206217,6.109307,8.303127,9.874827,10,9.536099,-1,-1,-1,-1,-1,-1,-1,-1,-1,-1,-1,-1,-1,-1,-1,-1,-1,-1,-1,-1,-1,-1,-1,-1,-1,-1,-1,-1,-1,-1,-1,-1,-1,-1,-1,-1,-1,-1,-1,-1,-1,-1,-1,-1,-1,-1,-1,-1,-1,-1,0,0,0,0,0,0,-1,-1,-1,-1,-1,-1,-1,-1,-1,-1,-1,-1,0,0,0,0,0,0,-1,-1,-1,-1,-1,-1,-1,-1,-1,-1,-1,-1,-1,-1,False,False,0,0,False,54,0,0,0,0,0,0,0,0,0,0,0,0,0,0,0,1,
0,4311,2026-02-16 16:46:21Z,,6.932756,7.22276,6.642752,0.6100039,0,1.601214,0,0,0,0,0,0,5.501817,4.352276,6.651369,0.592854,0.702737,0.482971,7.39976,6.222085,8.577436,0.5852309,0,2.107631,7.206217,6.109307,8.303127,9.874827,10,9.536099,6.932756,7.22276,6.642752,0.6100039,0,1.601214,0,0,0,0,0,0,5.501817,4.352276,6.651369,0.592854,0.702737,0.482971,7.39976,6.222085,8.577436,0.5852309,0,2.107631,7.206217,6.109307,8.303127,9.874827,10,9.536099,-1,-1,-1,-1,-1,-1,-1,-1,-1,-1,-1,-1,-1,-1,-1,-1,-1,-1,-1,-1,-1,-1,-1,-1,-1,-1,-1,-1,-1,-1,-1,-1,-1,-1,-1,-1,-1,-1,-1,-1,-1,-1,-1,-1,-1,-1,-1,-1,-1,-1,0,0,0,0,0,0,-1,-1,-1,-1,-1,-1,-1,-1,-1,-1,-1,-1,0,0,0,0,0,0,-1,-1,-1,-1,-1,-1,-1,-1,-1,-1,-1,-1,-1,-1,False,False,0,0,False,54,0,0,0,0,0,0,0,0,0,0,0,0,0,0,0,1,
0,4312,2026-02-16 16:46:21Z,,6.932756,7.22276,6.642752,0.6100039,0,1.601214,0,0,0,0,0,0,5.501817,4.352276,6.651369,0.592854,0.702737,0.482971,7.39976,6.222085,8.577436,0.5852309,0,2.107631,7.206217,6.109307,8.303127,9.874827,10,9.536099,6.932756,7.22276,6.642752,0.6100039,0,1.601214,0,0,0,0,0,0,5.501817,4.352276,6.651369,0.592854,0.702737,0.482971,7.39976,6.222085,8.577436,0.5852309,0,2.107631,7.206217,6.109307,8.303127,9.874827,10,9.536099,-1,-1,-1,-1,-1,-1,-1,-1,-1,-1,-1,-1,-1,-1,-1,-1,-1,-1,-1,-1,-1,-1,-1,-1,-1,-1,-1,-1,-1,-1,-1,-1,-1,-1,-1,-1,-1,-1,-1,-1,-1,-1,-1,-1,-1,-1,-1,-1,-1,-1,0,0,0,0,0,0,-1,-1,-1,-1,-1,-1,-1,-1,-1,-1,-1,-1,0,0,0,0,0,0,-1,-1,-1,-1,-1,-1,-1,-1,-1,-1,-1,-1,-1,-1,False,False,0,0,False,54,0,0,0,0,0,0,0,0,0,0,0,0,0,0,0,1,
0,4313,2026-02-16 16:46:21Z,,6.932756,7.22276,6.642752,0.6100039,0,1.601214,0,0,0,0,0,0,5.501817,4.352276,6.651369,0.592854,0.702737,0.482971,7.39976,6.222085,8.577436,0.5852309,0,2.107631,7.206217,6.109307,8.303127,9.874827,10,9.536099,6.932756,7.22276,6.642752,0.6100039,0,1.601214,0,0,0,0,0,0,5.501817,4.352276,6.651369,0.592854,0.702737,0.482971,7.39976,6.222085,8.577436,0.5852309,0,2.107631,7.206217,6.109307,8.303127,9.874827,10,9.536099,-1,-1,-1,-1,-1,-1,-1,-1,-1,-1,-1,-1,-1,-1,-1,-1,-1,-1,-1,-1,-1,-1,-1,-1,-1,-1,-1,-1,-1,-1,-1,-1,-1,-1,-1,-1,-1,-1,-1,-1,-1,-1,-1,-1,-1,-1,-1,-1,-1,-1,0,0,0,0,0,0,-1,-1,-1,-1,-1,-1,-1,-1,-1,-1,-1,-1,0,0,0,0,0,0,-1,-1,-1,-1,-1,-1,-1,-1,-1,-1,-1,-1,-1,-1,False,False,0,0,False,54,0,0,0,0,0,0,0,0,0,0,0,0,0,0,0,1,
0,4314,2026-02-16 16:46:21Z,,6.932756,7.22276,6.642752,0.6100039,0,1.601214,0,0,0,0,0,0,5.501817,4.352276,6.651369,0.592854,0.702737,0.482971,7.39976,6.222085,8.577436,0.5852309,0,2.107631,7.206217,6.109307,8.303127,9.874827,10,9.536099,6.932756,7.22276,6.642752,0.6100039,0,1.601214,0,0,0,0,0,0,5.501817,4.352276,6.651369,0.592854,0.702737,0.482971,7.39976,6.222085,8.577436,0.5852309,0,2.107631,7.206217,6.109307,8.303127,9.874827,10,9.536099,-1,-1,-1,-1,-1,-1,-1,-1,-1,-1,-1,-1,-1,-1,-1,-1,-1,-1,-1,-1,-1,-1,-1,-1,-1,-1,-1,-1,-1,-1,-1,-1,-1,-1,-1,-1,-1,-1,-1,-1,-1,-1,-1,-1,-1,-1,-1,-1,-1,-1,0,0,0,0,0,0,-1,-1,-1,-1,-1,-1,-1,-1,-1,-1,-1,-1,0,0,0,0,0,0,-1,-1,-1,-1,-1,-1,-1,-1,-1,-1,-1,-1,-1,-1,False,False,0,0,False,54,0,0,0,0,0,0,0,0,0,0,0,0,0,0,0,1,
0,4315,2026-02-16 16:46:21Z,,6.932755,7.22276,6.642749,0.6100064,0,1.601215,0,0,0,0,0,0,5.501815,4.352275,6.651365,0.592854,0.702737,0.482971,7.399759,6.222085,8.577434,0.5852325,0,2.107633,7.206214,6.109305,8.303123,9.874822,10,9.536093,6.932755,7.22276,6.642749,0.6100064,0,1.601215,0,0,0,0,0,0,5.501815,4.352275,6.651365,0.592854,0.702737,0.482971,7.399759,6.222085,8.577434,0.5852325,0,2.107633,7.206214,6.109305,8.303123,9.874822,10,9.536093,-1,-1,-1,-1,-1,-1,-1,-1,-1,-1,-1,-1,-1,-1,-1,-1,-1,-1,-1,-1,-1,-1,-1,-1,-1,-1,-1,-1,-1,-1,-1,-1,-1,-1,-1,-1,-1,-1,-1,-1,-1,-1,-1,-1,-1,-1,-1,-1,-1,-1,0,0,0,0,0,0,-1,-1,-1,-1,-1,-1,-1,-1,-1,-1,-1,-1,0,0,0,0,0,0,-1,-1,-1,-1,-1,-1,-1,-1,-1,-1,-1,-1,-1,-1,False,False,0,0,False,54,0,0,0,0,0,0,0,0,0,0,0,0,0,0,0,1,
0,4316,2026-02-16 16:46:21Z,,6.932755,7.22276,6.642749,0.6100064,0,1.601215,0,0,0,0,0,0,5.501815,4.352275,6.651365,0.592854,0.702737,0.482971,7.399759,6.222085,8.577434,0.5852325,0,2.107633,7.206214,6.109305,8.303123,9.874822,10,9.536093,6.932755,7.22276,6.642749,0.6100064,0,1.601215,0,0,0,0,0,0,5.501815,4.352275,6.651365,0.592854,0.702737,0.482971,7.399759,6.222085,8.577434,0.5852325,0,2.107633,7.206214,6.109305,8.303123,9.874822,10,9.536093,-1,-1,-1,-1,-1,-1,-1,-1,-1,-1,-1,-1,-1,-1,-1,-1,-1,-1,-1,-1,-1,-1,-1,-1,-1,-1,-1,-1,-1,-1,-1,-1,-1,-1,-1,-1,-1,-1,-1,-1,-1,-1,-1,-1,-1,-1,-1,-1,-1,-1,0,0,0,0,0,0,-1,-1,-1,-1,-1,-1,-1,-1,-1,-1,-1,-1,0,0,0,0,0,0,-1,-1,-1,-1,-1,-1,-1,-1,-1,-1,-1,-1,-1,-1,False,False,0,0,False,54,0,0,0,0,0,0,0,0,0,0,0,0,0,0,0,1,
0,4317,2026-02-16 16:46:21Z,,6.932755,7.22276,6.642749,0.6100064,0,1.601215,0,0,0,0,0,0,5.501815,4.352275,6.651365,0.592854,0.702737,0.482971,7.399759,6.222085,8.577434,0.5852325,0,2.107633,7.206214,6.109305,8.303123,9.874822,10,9.536093,6.932755,7.22276,6.642749,0.6100064,0,1.601215,0,0,0,0,0,0,5.501815,4.352275,6.651365,0.592854,0.702737,0.482971,7.399759,6.222085,8.577434,0.5852325,0,2.107633,7.206214,6.109305,8.303123,9.874822,10,9.536093,-1,-1,-1,-1,-1,-1,-1,-1,-1,-1,-1,-1,-1,-1,-1,-1,-1,-1,-1,-1,-1,-1,-1,-1,-1,-1,-1,-1,-1,-1,-1,-1,-1,-1,-1,-1,-1,-1,-1,-1,-1,-1,-1,-1,-1,-1,-1,-1,-1,-1,0,0,0,0,0,0,-1,-1,-1,-1,-1,-1,-1,-1,-1,-1,-1,-1,0,0,0,0,0,0,-1,-1,-1,-1,-1,-1,-1,-1,-1,-1,-1,-1,-1,-1,False,False,0,0,False,54,0,0,0,0,0,0,0,0,0,0,0,0,0,0,0,1,
0,4318,2026-02-16 16:46:21Z,,6.932755,7.22276,6.642749,0.6100064,0,1.601215,0,0,0,0,0,0,5.501815,4.352275,6.651365,0.592854,0.702737,0.482971,7.399759,6.222085,8.577434,0.5852325,0,2.107633,7.206214,6.109305,8.303123,9.874822,10,9.536093,6.932755,7.22276,6.642749,0.6100064,0,1.601215,0,0,0,0,0,0,5.501815,4.352275,6.651365,0.592854,0.702737,0.482971,7.399759,6.222085,8.577434,0.5852325,0,2.107633,7.206214,6.109305,8.303123,9.874822,10,9.536093,-1,-1,-1,-1,-1,-1,-1,-1,-1,-1,-1,-1,-1,-1,-1,-1,-1,-1,-1,-1,-1,-1,-1,-1,-1,-1,-1,-1,-1,-1,-1,-1,-1,-1,-1,-1,-1,-1,-1,-1,-1,-1,-1,-1,-1,-1,-1,-1,-1,-1,0,0,0,0,0,0,-1,-1,-1,-1,-1,-1,-1,-1,-1,-1,-1,-1,0,0,0,0,0,0,-1,-1,-1,-1,-1,-1,-1,-1,-1,-1,-1,-1,-1,-1,False,False,0,0,False,54,0,0,0,0,0,0,0,0,0,0,0,0,0,0,0,1,
0,4319,2026-02-16 16:46:21Z,,6.932755,7.22276,6.642749,0.6100064,0,1.601215,0,0,0,0,0,0,5.501815,4.352275,6.651365,0.592854,0.702737,0.482971,7.399759,6.222085,8.577434,0.5852325,0,2.107633,7.206214,6.109305,8.303123,9.874822,10,9.536093,6.932755,7.22276,6.642749,0.6100064,0,1.601215,0,0,0,0,0,0,5.501815,4.352275,6.651365,0.592854,0.702737,0.482971,7.399759,6.222085,8.577434,0.5852325,0,2.107633,7.206214,6.109305,8.303123,9.874822,10,9.536093,-1,-1,-1,-1,-1,-1,-1,-1,-1,-1,-1,-1,-1,-1,-1,-1,-1,-1,-1,-1,-1,-1,-1,-1,-1,-1,-1,-1,-1,-1,-1,-1,-1,-1,-1,-1,-1,-1,-1,-1,-1,-1,-1,-1,-1,-1,-1,-1,-1,-1,0,0,0,0,0,0,-1,-1,-1,-1,-1,-1,-1,-1,-1,-1,-1,-1,0,0,0,0,0,0,-1,-1,-1,-1,-1,-1,-1,-1,-1,-1,-1,-1,-1,-1,False,False,0,0,False,54,0,0,0,0,0,0,0,0,0,0,0,0,0,0,0,1,
0,4320,2026-02-16 16:46:21Z,,6.932755,7.22276,6.642749,0.6100064,0,1.601215,0,0,0,0,0,0,5.501815,4.352275,6.651365,0.592854,0.702737,0.482971,7.399759,6.222085,8.577434,0.5852325,0,2.107633,7.206214,6.109305,8.303123,9.874822,10,9.536093,6.932755,7.22276,6.642749,0.6100064,0,1.601215,0,0,0,0,0,0,5.501815,4.352275,6.651365,0.592854,0.702737,0.482971,7.399759,6.222085,8.577434,0.5852325,0,2.107633,7.206214,6.109305,8.303123,9.874822,10,9.536093,-1,-1,-1,-1,-1,-1,-1,-1,-1,-1,-1,-1,-1,-1,-1,-1,-1,-1,-1,-1,-1,-1,-1,-1,-1,-1,-1,-1,-1,-1,-1,-1,-1,-1,-1,-1,-1,-1,-1,-1,-1,-1,-1,-1,-1,-1,-1,-1,-1,-1,0,0,0,0,0,0,-1,-1,-1,-1,-1,-1,-1,-1,-1,-1,-1,-1,0,0,0,0,0,0,-1,-1,-1,-1,-1,-1,-1,-1,-1,-1,-1,-1,-1,-1,False,False,0,0,False,54,0,0,0,0,0,0,0,0,0,0,0,0,0,0,0,1,
0,4321,2026-02-16 16:46:21Z,,6.932753,7.22276,6.642746,0.6100088,0,1.601217,0,0,0,0,0,0,5.501813,4.352275,6.651362,0.592854,0.702737,0.482971,7.399759,6.222085,8.577432,0.585234,0,2.107635,7.206212,6.109304,8.30312,9.874817,10,9.536086,6.932753,7.22276,6.642746,0.6100088,0,1.601217,0,0,0,0,0,0,5.501813,4.352275,6.651362,0.592854,0.702737,0.482971,7.399759,6.222085,8.577432,0.585234,0,2.107635,7.206212,6.109304,8.30312,9.874817,10,9.536086,-1,-1,-1,-1,-1,-1,-1,-1,-1,-1,-1,-1,-1,-1,-1,-1,-1,-1,-1,-1,-1,-1,-1,-1,-1,-1,-1,-1,-1,-1,-1,-1,-1,-1,-1,-1,-1,-1,-1,-1,-1,-1,-1,-1,-1,-1,-1,-1,-1,-1,0,0,0,0,0,0,-1,-1,-1,-1,-1,-1,-1,-1,-1,-1,-1,-1,0,0,0,0,0,0,-1,-1,-1,-1,-1,-1,-1,-1,-1,-1,-1,-1,-1,-1,False,False,0,0,False,54,0,0,0,0,0,0,0,0,0,0,0,0,0,0,0,1,
0,4322,2026-02-16 16:46:21Z,,6.932753,7.22276,6.642746,0.6100088,0,1.601217,0,0,0,0,0,0,5.501813,4.352275,6.651362,0.592854,0.702737,0.482971,7.399759,6.222085,8.577432,0.585234,0,2.107635,7.206212,6.109304,8.30312,9.874817,10,9.536086,6.932753,7.22276,6.642746,0.6100088,0,1.601217,0,0,0,0,0,0,5.501813,4.352275,6.651362,0.592854,0.702737,0.482971,7.399759,6.222085,8.577432,0.585234,0,2.107635,7.206212,6.109304,8.30312,9.874817,10,9.536086,-1,-1,-1,-1,-1,-1,-1,-1,-1,-1,-1,-1,-1,-1,-1,-1,-1,-1,-1,-1,-1,-1,-1,-1,-1,-1,-1,-1,-1,-1,-1,-1,-1,-1,-1,-1,-1,-1,-1,-1,-1,-1,-1,-1,-1,-1,-1,-1,-1,-1,0,0,0,0,0,0,-1,-1,-1,-1,-1,-1,-1,-1,-1,-1,-1,-1,0,0,0,0,0,0,-1,-1,-1,-1,-1,-1,-1,-1,-1,-1,-1,-1,-1,-1,False,False,0,0,False,54,0,0,0,0,0,0,0,0,0,0,0,0,0,0,0,1,
0,4323,2026-02-16 16:46:21Z,,6.932753,7.22276,6.642746,0.6100088,0,1.601217,0,0,0,0,0,0,5.501813,4.352275,6.651362,0.592854,0.702737,0.482971,7.399759,6.222085,8.577432,0.585234,0,2.107635,7.206212,6.109304,8.30312,9.874817,10,9.536086,6.932753,7.22276,6.642746,0.6100088,0,1.601217,0,0,0,0,0,0,5.501813,4.352275,6.651362,0.592854,0.702737,0.482971,7.399759,6.222085,8.577432,0.585234,0,2.107635,7.206212,6.109304,8.30312,9.874817,10,9.536086,-1,-1,-1,-1,-1,-1,-1,-1,-1,-1,-1,-1,-1,-1,-1,-1,-1,-1,-1,-1,-1,-1,-1,-1,-1,-1,-1,-1,-1,-1,-1,-1,-1,-1,-1,-1,-1,-1,-1,-1,-1,-1,-1,-1,-1,-1,-1,-1,-1,-1,0,0,0,0,0,0,-1,-1,-1,-1,-1,-1,-1,-1,-1,-1,-1,-1,0,0,0,0,0,0,-1,-1,-1,-1,-1,-1,-1,-1,-1,-1,-1,-1,-1,-1,False,False,0,0,False,54,0,0,0,0,0,0,0,0,0,0,0,0,0,0,0,1,
0,4324,2026-02-16 16:46:21Z,,6.932753,7.22276,6.642746,0.6100088,0,1.601217,0,0,0,0,0,0,5.501813,4.352275,6.651362,0.592854,0.702737,0.482971,7.399759,6.222085,8.577432,0.585234,0,2.107635,7.206212,6.109304,8.30312,9.874817,10,9.536086,6.932753,7.22276,6.642746,0.6100088,0,1.601217,0,0,0,0,0,0,5.501813,4.352275,6.651362,0.592854,0.702737,0.482971,7.399759,6.222085,8.577432,0.585234,0,2.107635,7.206212,6.109304,8.30312,9.874817,10,9.536086,-1,-1,-1,-1,-1,-1,-1,-1,-1,-1,-1,-1,-1,-1,-1,-1,-1,-1,-1,-1,-1,-1,-1,-1,-1,-1,-1,-1,-1,-1,-1,-1,-1,-1,-1,-1,-1,-1,-1,-1,-1,-1,-1,-1,-1,-1,-1,-1,-1,-1,0,0,0,0,0,0,-1,-1,-1,-1,-1,-1,-1,-1,-1,-1,-1,-1,0,0,0,0,0,0,-1,-1,-1,-1,-1,-1,-1,-1,-1,-1,-1,-1,-1,-1,False,False,0,0,False,54,0,0,0,0,0,0,0,0,0,0,0,0,0,0,0,1,
0,4325,2026-02-16 16:46:21Z,,6.932731,7.222755,6.642706,0.6100462,0,1.601237,0,0,0,0,0,0,5.501785,4.352265,6.651315,0.592854,0.702737,0.482971,7.399746,6.222092,8.577399,0.585258,0,2.107658,7.206172,6.109282,8.303062,9.874739,10,9.535988,6.932731,7.222755,6.642706,0.6100462,0,1.601237,0,0,0,0,0,0,5.501785,4.352265,6.651315,0.592854,0.702737,0.482971,7.399746,6.222092,8.577399,0.585258,0,2.107658,7.206172,6.109282,8.303062,9.874739,10,9.535988,-1,-1,-1,-1,-1,-1,-1,-1,-1,-1,-1,-1,-1,-1,-1,-1,-1,-1,-1,-1,-1,-1,-1,-1,-1,-1,-1,-1,-1,-1,-1,-1,-1,-1,-1,-1,-1,-1,-1,-1,-1,-1,-1,-1,-1,-1,-1,-1,-1,-1,0,0,0,0,0,0,-1,-1,-1,-1,-1,-1,-1,-1,-1,-1,-1,-1,0,0,0,0,0,0,-1,-1,-1,-1,-1,-1,-1,-1,-1,-1,-1,-1,-1,-1,False,False,0,0,False,54,0,0,0,0,0,0,0,0,0,0,0,0,0,0,0,1,
0,4326,2026-02-16 16:46:21Z,,6.932726,7.222755,6.642698,0.6100537,0,1.601241,0,0,0,0,0,0,5.50178,4.352263,6.651306,0.592854,0.702737,0.482971,7.399743,6.222094,8.577393,0.5852628,0,2.107663,7.206164,6.109278,8.303051,9.874722,10,9.535969,6.932726,7.222755,6.642698,0.6100537,0,1.601241,0,0,0,0,0,0,5.50178,4.352263,6.651306,0.592854,0.702737,0.482971,7.399743,6.222094,8.577393,0.5852628,0,2.107663,7.206164,6.109278,8.303051,9.874722,10,9.535969,-1,-1,-1,-1,-1,-1,-1,-1,-1,-1,-1,-1,-1,-1,-1,-1,-1,-1,-1,-1,-1,-1,-1,-1,-1,-1,-1,-1,-1,-1,-1,-1,-1,-1,-1,-1,-1,-1,-1,-1,-1,-1,-1,-1,-1,-1,-1,-1,-1,-1,0,0,0,0,0,0,-1,-1,-1,-1,-1,-1,-1,-1,-1,-1,-1,-1,0,0,0,0,0,0,-1,-1,-1,-1,-1,-1,-1,-1,-1,-1,-1,-1,-1,-1,False,False,0,0,False,54,0,0,0,0,0,0,0,0,0,0,0,0,0,0,0,1,
0,4327,2026-02-16 16:46:21Z,,6.932726,7.222755,6.642698,0.6100537,0,1.601241,0,0,0,0,0,0,5.50178,4.352263,6.651306,0.592854,0.702737,0.482971,7.399743,6.222094,8.577393,0.5852628,0,2.107663,7.206164,6.109278,8.303051,9.874722,10,9.535969,6.932726,7.222755,6.642698,0.6100537,0,1.601241,0,0,0,0,0,0,5.50178,4.352263,6.651306,0.592854,0.702737,0.482971,7.399743,6.222094,8.577393,0.5852628,0,2.107663,7.206164,6.109278,8.303051,9.874722,10,9.535969,-1,-1,-1,-1,-1,-1,-1,-1,-1,-1,-1,-1,-1,-1,-1,-1,-1,-1,-1,-1,-1,-1,-1,-1,-1,-1,-1,-1,-1,-1,-1,-1,-1,-1,-1,-1,-1,-1,-1,-1,-1,-1,-1,-1,-1,-1,-1,-1,-1,-1,0,0,0,0,0,0,-1,-1,-1,-1,-1,-1,-1,-1,-1,-1,-1,-1,0,0,0,0,0,0,-1,-1,-1,-1,-1,-1,-1,-1,-1,-1,-1,-1,-1,-1,False,False,0,0,False,54,0,0,0,0,0,0,0,0,0,0,0,0,0,0,0,1,
0,4328,2026-02-16 16:46:21Z,,6.932725,7.222754,6.642695,0.6100562,0,1.601243,0,0,0,0,0,0,5.501778,4.352263,6.651302,0.592854,0.702737,0.482971,7.399742,6.222094,8.577391,0.5852644,0,2.107665,7.206161,6.109277,8.303047,9.874718,10,9.535962,6.932725,7.222754,6.642695,0.6100562,0,1.601243,0,0,0,0,0,0,5.501778,4.352263,6.651302,0.592854,0.702737,0.482971,7.399742,6.222094,8.577391,0.5852644,0,2.107665,7.206161,6.109277,8.303047,9.874718,10,9.535962,-1,-1,-1,-1,-1,-1,-1,-1,-1,-1,-1,-1,-1,-1,-1,-1,-1,-1,-1,-1,-1,-1,-1,-1,-1,-1,-1,-1,-1,-1,-1,-1,-1,-1,-1,-1,-1,-1,-1,-1,-1,-1,-1,-1,-1,-1,-1,-1,-1,-1,0,0,0,0,0,0,-1,-1,-1,-1,-1,-1,-1,-1,-1,-1,-1,-1,0,0,0,0,0,0,-1,-1,-1,-1,-1,-1,-1,-1,-1,-1,-1,-1,-1,-1,False,False,0,0,False,54,0,0,0,0,0,0,0,0,0,0,0,0,0,0,0,1,
0,4329,2026-02-16 16:46:21Z,,6.932725,7.222754,6.642695,0.6100562,0,1.601243,0,0,0,0,0,0,5.501778,4.352263,6.651302,0.592854,0.702737,0.482971,7.399742,6.222094,8.577391,0.5852644,0,2.107665,7.206161,6.109277,8.303047,9.874718,10,9.535962,6.932725,7.222754,6.642695,0.6100562,0,1.601243,0,0,0,0,0,0,5.501778,4.352263,6.651302,0.592854,0.702737,0.482971,7.399742,6.222094,8.577391,0.5852644,0,2.107665,7.206161,6.109277,8.303047,9.874718,10,9.535962,-1,-1,-1,-1,-1,-1,-1,-1,-1,-1,-1,-1,-1,-1,-1,-1,-1,-1,-1,-1,-1,-1,-1,-1,-1,-1,-1,-1,-1,-1,-1,-1,-1,-1,-1,-1,-1,-1,-1,-1,-1,-1,-1,-1,-1,-1,-1,-1,-1,-1,0,0,0,0,0,0,-1,-1,-1,-1,-1,-1,-1,-1,-1,-1,-1,-1,0,0,0,0,0,0,-1,-1,-1,-1,-1,-1,-1,-1,-1,-1,-1,-1,-1,-1,False,False,0,0,False,54,0,0,0,0,0,0,0,0,0,0,0,0,0,0,0,1,
0,4330,2026-02-16 16:46:21Z,,6.932725,7.222754,6.642695,0.6100562,0,1.601243,0,0,0,0,0,0,5.501778,4.352263,6.651302,0.592854,0.702737,0.482971,7.399742,6.222094,8.577391,0.5852644,0,2.107665,7.206161,6.109277,8.303047,9.874718,10,9.535962,6.932725,7.222754,6.642695,0.6100562,0,1.601243,0,0,0,0,0,0,5.501778,4.352263,6.651302,0.592854,0.702737,0.482971,7.399742,6.222094,8.577391,0.5852644,0,2.107665,7.206161,6.109277,8.303047,9.874718,10,9.535962,-1,-1,-1,-1,-1,-1,-1,-1,-1,-1,-1,-1,-1,-1,-1,-1,-1,-1,-1,-1,-1,-1,-1,-1,-1,-1,-1,-1,-1,-1,-1,-1,-1,-1,-1,-1,-1,-1,-1,-1,-1,-1,-1,-1,-1,-1,-1,-1,-1,-1,0,0,0,0,0,0,-1,-1,-1,-1,-1,-1,-1,-1,-1,-1,-1,-1,0,0,0,0,0,0,-1,-1,-1,-1,-1,-1,-1,-1,-1,-1,-1,-1,-1,-1,False,False,0,0,False,54,0,0,0,0,0,0,0,0,0,0,0,0,0,0,0,1,
0,4331,2026-02-16 16:46:21Z,,6.932725,7.222754,6.642695,0.6100562,0,1.601243,0,0,0,0,0,0,5.501778,4.352263,6.651302,0.592854,0.702737,0.482971,7.399742,6.222094,8.577391,0.5852644,0,2.107665,7.206161,6.109277,8.303047,9.874718,10,9.535962,6.932725,7.222754,6.642695,0.6100562,0,1.601243,0,0,0,0,0,0,5.501778,4.352263,6.651302,0.592854,0.702737,0.482971,7.399742,6.222094,8.577391,0.5852644,0,2.107665,7.206161,6.109277,8.303047,9.874718,10,9.535962,-1,-1,-1,-1,-1,-1,-1,-1,-1,-1,-1,-1,-1,-1,-1,-1,-1,-1,-1,-1,-1,-1,-1,-1,-1,-1,-1,-1,-1,-1,-1,-1,-1,-1,-1,-1,-1,-1,-1,-1,-1,-1,-1,-1,-1,-1,-1,-1,-1,-1,0,0,0,0,0,0,-1,-1,-1,-1,-1,-1,-1,-1,-1,-1,-1,-1,0,0,0,0,0,0,-1,-1,-1,-1,-1,-1,-1,-1,-1,-1,-1,-1,-1,-1,False,False,0,0,False,54,0,0,0,0,0,0,0,0,0,0,0,0,0,0,0,1,
0,4332,2026-02-16 16:46:21Z,,6.932724,7.222754,6.642693,0.6100587,0,1.601244,0,0,0,0,0,0,5.501776,4.352262,6.651299,0.592854,0.702737,0.482971,7.399741,6.222095,8.577389,0.585266,0,2.107666,7.206159,6.109275,8.303043,9.874712,10,9.535955,6.932724,7.222754,6.642693,0.6100587,0,1.601244,0,0,0,0,0,0,5.501776,4.352262,6.651299,0.592854,0.702737,0.482971,7.399741,6.222095,8.577389,0.585266,0,2.107666,7.206159,6.109275,8.303043,9.874712,10,9.535955,-1,-1,-1,-1,-1,-1,-1,-1,-1,-1,-1,-1,-1,-1,-1,-1,-1,-1,-1,-1,-1,-1,-1,-1,-1,-1,-1,-1,-1,-1,-1,-1,-1,-1,-1,-1,-1,-1,-1,-1,-1,-1,-1,-1,-1,-1,-1,-1,-1,-1,0,0,0,0,0,0,-1,-1,-1,-1,-1,-1,-1,-1,-1,-1,-1,-1,0,0,0,0,0,0,-1,-1,-1,-1,-1,-1,-1,-1,-1,-1,-1,-1,-1,-1,False,False,0,0,False,54,0,0,0,0,0,0,0,0,0,0,0,0,0,0,0,1,
0,4333,2026-02-16 16:46:21Z,,6.932724,7.222754,6.642693,0.6100587,0,1.601244,0,0,0,0,0,0,5.501776,4.352262,6.651299,0.592854,0.702737,0.482971,7.399741,6.222095,8.577389,0.585266,0,2.107666,7.206159,6.109275,8.303043,9.874712,10,9.535955,6.932724,7.222754,6.642693,0.6100587,0,1.601244,0,0,0,0,0,0,5.501776,4.352262,6.651299,0.592854,0.702737,0.482971,7.399741,6.222095,8.577389,0.585266,0,2.107666,7.206159,6.109275,8.303043,9.874712,10,9.535955,-1,-1,-1,-1,-1,-1,-1,-1,-1,-1,-1,-1,-1,-1,-1,-1,-1,-1,-1,-1,-1,-1,-1,-1,-1,-1,-1,-1,-1,-1,-1,-1,-1,-1,-1,-1,-1,-1,-1,-1,-1,-1,-1,-1,-1,-1,-1,-1,-1,-1,0,0,0,0,0,0,-1,-1,-1,-1,-1,-1,-1,-1,-1,-1,-1,-1,0,0,0,0,0,0,-1,-1,-1,-1,-1,-1,-1,-1,-1,-1,-1,-1,-1,-1,False,False,0,0,False,54,0,0,0,0,0,0,0,0,0,0,0,0,0,0,0,1,
0,4334,2026-02-16 16:46:21Z,,6.932724,7.222754,6.642693,0.6100587,0,1.601244,0,0,0,0,0,0,5.501776,4.352262,6.651299,0.592854,0.702737,0.482971,7.399741,6.222095,8.577389,0.585266,0,2.107666,7.206159,6.109275,8.303043,9.874712,10,9.535955,6.932724,7.222754,6.642693,0.6100587,0,1.601244,0,0,0,0,0,0,5.501776,4.352262,6.651299,0.592854,0.702737,0.482971,7.399741,6.222095,8.577389,0.585266,0,2.107666,7.206159,6.109275,8.303043,9.874712,10,9.535955,-1,-1,-1,-1,-1,-1,-1,-1,-1,-1,-1,-1,-1,-1,-1,-1,-1,-1,-1,-1,-1,-1,-1,-1,-1,-1,-1,-1,-1,-1,-1,-1,-1,-1,-1,-1,-1,-1,-1,-1,-1,-1,-1,-1,-1,-1,-1,-1,-1,-1,0,0,0,0,0,0,-1,-1,-1,-1,-1,-1,-1,-1,-1,-1,-1,-1,0,0,0,0,0,0,-1,-1,-1,-1,-1,-1,-1,-1,-1,-1,-1,-1,-1,-1,False,False,0,0,False,54,0,0,0,0,0,0,0,0,0,0,0,0,0,0,0,1,
0,4335,2026-02-16 16:46:21Z,,6.932724,7.222754,6.642693,0.6100587,0,1.601244,0,0,0,0,0,0,5.501776,4.352262,6.651299,0.592854,0.702737,0.482971,7.399741,6.222095,8.577389,0.585266,0,2.107666,7.206159,6.109275,8.303043,9.874712,10,9.535955,6.932724,7.222754,6.642693,0.6100587,0,1.601244,0,0,0,0,0,0,5.501776,4.352262,6.651299,0.592854,0.702737,0.482971,7.399741,6.222095,8.577389,0.585266,0,2.107666,7.206159,6.109275,8.303043,9.874712,10,9.535955,-1,-1,-1,-1,-1,-1,-1,-1,-1,-1,-1,-1,-1,-1,-1,-1,-1,-1,-1,-1,-1,-1,-1,-1,-1,-1,-1,-1,-1,-1,-1,-1,-1,-1,-1,-1,-1,-1,-1,-1,-1,-1,-1,-1,-1,-1,-1,-1,-1,-1,0,0,0,0,0,0,-1,-1,-1,-1,-1,-1,-1,-1,-1,-1,-1,-1,0,0,0,0,0,0,-1,-1,-1,-1,-1,-1,-1,-1,-1,-1,-1,-1,-1,-1,False,False,0,0,False,54,0,0,0,0,0,0,0,0,0,0,0,0,0,0,0,1,
0,4336,2026-02-16 16:46:21Z,,6.932724,7.222754,6.642693,0.6100587,0,1.601244,0,0,0,0,0,0,5.501776,4.352262,6.651299,0.592854,0.702737,0.482971,7.399741,6.222095,8.577389,0.585266,0,2.107666,7.206159,6.109275,8.303043,9.874712,10,9.535955,6.932724,7.222754,6.642693,0.6100587,0,1.601244,0,0,0,0,0,0,5.501776,4.352262,6.651299,0.592854,0.702737,0.482971,7.399741,6.222095,8.577389,0.585266,0,2.107666,7.206159,6.109275,8.303043,9.874712,10,9.535955,-1,-1,-1,-1,-1,-1,-1,-1,-1,-1,-1,-1,-1,-1,-1,-1,-1,-1,-1,-1,-1,-1,-1,-1,-1,-1,-1,-1,-1,-1,-1,-1,-1,-1,-1,-1,-1,-1,-1,-1,-1,-1,-1,-1,-1,-1,-1,-1,-1,-1,0,0,0,0,0,0,-1,-1,-1,-1,-1,-1,-1,-1,-1,-1,-1,-1,0,0,0,0,0,0,-1,-1,-1,-1,-1,-1,-1,-1,-1,-1,-1,-1,-1,-1,False,False,0,0,False,54,0,0,0,0,0,0,0,0,0,0,0,0,0,0,0,1,
0,4337,2026-02-16 16:46:21Z,,6.932724,7.222754,6.642693,0.6100587,0,1.601244,0,0,0,0,0,0,5.501776,4.352262,6.651299,0.592854,0.702737,0.482971,7.399741,6.222095,8.577389,0.585266,0,2.107666,7.206159,6.109275,8.303043,9.874712,10,9.535955,6.932724,7.222754,6.642693,0.6100587,0,1.601244,0,0,0,0,0,0,5.501776,4.352262,6.651299,0.592854,0.702737,0.482971,7.399741,6.222095,8.577389,0.585266,0,2.107666,7.206159,6.109275,8.303043,9.874712,10,9.535955,-1,-1,-1,-1,-1,-1,-1,-1,-1,-1,-1,-1,-1,-1,-1,-1,-1,-1,-1,-1,-1,-1,-1,-1,-1,-1,-1,-1,-1,-1,-1,-1,-1,-1,-1,-1,-1,-1,-1,-1,-1,-1,-1,-1,-1,-1,-1,-1,-1,-1,0,0,0,0,0,0,-1,-1,-1,-1,-1,-1,-1,-1,-1,-1,-1,-1,0,0,0,0,0,0,-1,-1,-1,-1,-1,-1,-1,-1,-1,-1,-1,-1,-1,-1,False,False,0,0,False,54,0,0,0,0,0,0,0,0,0,0,0,0,0,0,0,1,
0,4338,2026-02-16 16:46:21Z,,6.932724,7.222754,6.642693,0.6100587,0,1.601244,0,0,0,0,0,0,5.501776,4.352262,6.651299,0.592854,0.702737,0.482971,7.399741,6.222095,8.577389,0.585266,0,2.107666,7.206159,6.109275,8.303043,9.874712,10,9.535955,6.932724,7.222754,6.642693,0.6100587,0,1.601244,0,0,0,0,0,0,5.501776,4.352262,6.651299,0.592854,0.702737,0.482971,7.399741,6.222095,8.577389,0.585266,0,2.107666,7.206159,6.109275,8.303043,9.874712,10,9.535955,-1,-1,-1,-1,-1,-1,-1,-1,-1,-1,-1,-1,-1,-1,-1,-1,-1,-1,-1,-1,-1,-1,-1,-1,-1,-1,-1,-1,-1,-1,-1,-1,-1,-1,-1,-1,-1,-1,-1,-1,-1,-1,-1,-1,-1,-1,-1,-1,-1,-1,0,0,0,0,0,0,-1,-1,-1,-1,-1,-1,-1,-1,-1,-1,-1,-1,0,0,0,0,0,0,-1,-1,-1,-1,-1,-1,-1,-1,-1,-1,-1,-1,-1,-1,False,False,0,0,False,54,0,0,0,0,0,0,0,0,0,0,0,0,0,0,0,1,
0,4339,2026-02-16 16:46:21Z,,6.932722,7.222754,6.64269,0.6100612,0,1.601246,0,0,0,0,0,0,5.501774,4.352262,6.651296,0.592854,0.702737,0.482971,7.399741,6.222095,8.577387,0.5852676,0,2.107668,7.206156,6.109274,8.30304,9.874707,10,9.535949,6.932722,7.222754,6.64269,0.6100612,0,1.601246,0,0,0,0,0,0,5.501774,4.352262,6.651296,0.592854,0.702737,0.482971,7.399741,6.222095,8.577387,0.5852676,0,2.107668,7.206156,6.109274,8.30304,9.874707,10,9.535949,-1,-1,-1,-1,-1,-1,-1,-1,-1,-1,-1,-1,-1,-1,-1,-1,-1,-1,-1,-1,-1,-1,-1,-1,-1,-1,-1,-1,-1,-1,-1,-1,-1,-1,-1,-1,-1,-1,-1,-1,-1,-1,-1,-1,-1,-1,-1,-1,-1,-1,0,0,0,0,0,0,-1,-1,-1,-1,-1,-1,-1,-1,-1,-1,-1,-1,0,0,0,0,0,0,-1,-1,-1,-1,-1,-1,-1,-1,-1,-1,-1,-1,-1,-1,False,False,0,0,False,54,0,0,0,0,0,0,0,0,0,0,0,0,0,0,0,1,
0,4340,2026-02-16 16:46:21Z,,6.932722,7.222754,6.64269,0.6100612,0,1.601246,0,0,0,0,0,0,5.501774,4.352262,6.651296,0.592854,0.702737,0.482971,7.399741,6.222095,8.577387,0.5852676,0,2.107668,7.206156,6.109274,8.30304,9.874707,10,9.535949,6.932722,7.222754,6.64269,0.6100612,0,1.601246,0,0,0,0,0,0,5.501774,4.352262,6.651296,0.592854,0.702737,0.482971,7.399741,6.222095,8.577387,0.5852676,0,2.107668,7.206156,6.109274,8.30304,9.874707,10,9.535949,-1,-1,-1,-1,-1,-1,-1,-1,-1,-1,-1,-1,-1,-1,-1,-1,-1,-1,-1,-1,-1,-1,-1,-1,-1,-1,-1,-1,-1,-1,-1,-1,-1,-1,-1,-1,-1,-1,-1,-1,-1,-1,-1,-1,-1,-1,-1,-1,-1,-1,0,0,0,0,0,0,-1,-1,-1,-1,-1,-1,-1,-1,-1,-1,-1,-1,0,0,0,0,0,0,-1,-1,-1,-1,-1,-1,-1,-1,-1,-1,-1,-1,-1,-1,False,False,0,0,False,54,0,0,0,0,0,0,0,0,0,0,0,0,0,0,0,1,
0,4341,2026-02-16 16:46:21Z,,6.932722,7.222754,6.64269,0.6100612,0,1.601246,0,0,0,0,0,0,5.501774,4.352262,6.651296,0.592854,0.702737,0.482971,7.399741,6.222095,8.577387,0.5852676,0,2.107668,7.206156,6.109274,8.30304,9.874707,10,9.535949,6.932722,7.222754,6.64269,0.6100612,0,1.601246,0,0,0,0,0,0,5.501774,4.352262,6.651296,0.592854,0.702737,0.482971,7.399741,6.222095,8.577387,0.5852676,0,2.107668,7.206156,6.109274,8.30304,9.874707,10,9.535949,-1,-1,-1,-1,-1,-1,-1,-1,-1,-1,-1,-1,-1,-1,-1,-1,-1,-1,-1,-1,-1,-1,-1,-1,-1,-1,-1,-1,-1,-1,-1,-1,-1,-1,-1,-1,-1,-1,-1,-1,-1,-1,-1,-1,-1,-1,-1,-1,-1,-1,0,0,0,0,0,0,-1,-1,-1,-1,-1,-1,-1,-1,-1,-1,-1,-1,0,0,0,0,0,0,-1,-1,-1,-1,-1,-1,-1,-1,-1,-1,-1,-1,-1,-1,False,False,0,0,False,54,0,0,0,0,0,0,0,0,0,0,0,0,0,0,0,1,
0,4342,2026-02-16 16:46:21Z,,6.932722,7.222754,6.64269,0.6100612,0,1.601246,0,0,0,0,0,0,5.501774,4.352262,6.651296,0.592854,0.702737,0.482971,7.399741,6.222095,8.577387,0.5852676,0,2.107668,7.206156,6.109274,8.30304,9.874707,10,9.535949,6.932722,7.222754,6.64269,0.6100612,0,1.601246,0,0,0,0,0,0,5.501774,4.352262,6.651296,0.592854,0.702737,0.482971,7.399741,6.222095,8.577387,0.5852676,0,2.107668,7.206156,6.109274,8.30304,9.874707,10,9.535949,-1,-1,-1,-1,-1,-1,-1,-1,-1,-1,-1,-1,-1,-1,-1,-1,-1,-1,-1,-1,-1,-1,-1,-1,-1,-1,-1,-1,-1,-1,-1,-1,-1,-1,-1,-1,-1,-1,-1,-1,-1,-1,-1,-1,-1,-1,-1,-1,-1,-1,0,0,0,0,0,0,-1,-1,-1,-1,-1,-1,-1,-1,-1,-1,-1,-1,0,0,0,0,0,0,-1,-1,-1,-1,-1,-1,-1,-1,-1,-1,-1,-1,-1,-1,False,False,0,0,False,54,0,0,0,0,0,0,0,0,0,0,0,0,0,0,0,1,
0,4343,2026-02-16 16:46:21Z,,6.932722,7.222754,6.64269,0.6100612,0,1.601246,0,0,0,0,0,0,5.501774,4.352262,6.651296,0.592854,0.702737,0.482971,7.399741,6.222095,8.577387,0.5852676,0,2.107668,7.206156,6.109274,8.30304,9.874707,10,9.535949,6.932722,7.222754,6.64269,0.6100612,0,1.601246,0,0,0,0,0,0,5.501774,4.352262,6.651296,0.592854,0.702737,0.482971,7.399741,6.222095,8.577387,0.5852676,0,2.107668,7.206156,6.109274,8.30304,9.874707,10,9.535949,-1,-1,-1,-1,-1,-1,-1,-1,-1,-1,-1,-1,-1,-1,-1,-1,-1,-1,-1,-1,-1,-1,-1,-1,-1,-1,-1,-1,-1,-1,-1,-1,-1,-1,-1,-1,-1,-1,-1,-1,-1,-1,-1,-1,-1,-1,-1,-1,-1,-1,0,0,0,0,0,0,-1,-1,-1,-1,-1,-1,-1,-1,-1,-1,-1,-1,0,0,0,0,0,0,-1,-1,-1,-1,-1,-1,-1,-1,-1,-1,-1,-1,-1,-1,False,False,0,0,False,54,0,0,0,0,0,0,0,0,0,0,0,0,0,0,0,1,
0,4344,2026-02-16 16:46:21Z,,6.932722,7.222754,6.64269,0.6100612,0,1.601246,0,0,0,0,0,0,5.501774,4.352262,6.651296,0.592854,0.702737,0.482971,7.399741,6.222095,8.577387,0.5852676,0,2.107668,7.206156,6.109274,8.30304,9.874707,10,9.535949,6.932722,7.222754,6.64269,0.6100612,0,1.601246,0,0,0,0,0,0,5.501774,4.352262,6.651296,0.592854,0.702737,0.482971,7.399741,6.222095,8.577387,0.5852676,0,2.107668,7.206156,6.109274,8.30304,9.874707,10,9.535949,-1,-1,-1,-1,-1,-1,-1,-1,-1,-1,-1,-1,-1,-1,-1,-1,-1,-1,-1,-1,-1,-1,-1,-1,-1,-1,-1,-1,-1,-1,-1,-1,-1,-1,-1,-1,-1,-1,-1,-1,-1,-1,-1,-1,-1,-1,-1,-1,-1,-1,0,0,0,0,0,0,-1,-1,-1,-1,-1,-1,-1,-1,-1,-1,-1,-1,0,0,0,0,0,0,-1,-1,-1,-1,-1,-1,-1,-1,-1,-1,-1,-1,-1,-1,False,False,0,0,False,54,0,0,0,0,0,0,0,0,0,0,0,0,0,0,0,1,
0,4345,2026-02-16 16:46:21Z,,6.932721,7.222754,6.642687,0.6100637,0,1.601247,0,0,0,0,0,0,5.501772,4.352261,6.651293,0.592854,0.702737,0.482971,7.39974,6.222095,8.577384,0.5852692,0,2.10767,7.206154,6.109272,8.303036,9.874701,10,9.535942,6.932721,7.222754,6.642687,0.6100637,0,1.601247,0,0,0,0,0,0,5.501772,4.352261,6.651293,0.592854,0.702737,0.482971,7.39974,6.222095,8.577384,0.5852692,0,2.10767,7.206154,6.109272,8.303036,9.874701,10,9.535942,-1,-1,-1,-1,-1,-1,-1,-1,-1,-1,-1,-1,-1,-1,-1,-1,-1,-1,-1,-1,-1,-1,-1,-1,-1,-1,-1,-1,-1,-1,-1,-1,-1,-1,-1,-1,-1,-1,-1,-1,-1,-1,-1,-1,-1,-1,-1,-1,-1,-1,0,0,0,0,0,0,-1,-1,-1,-1,-1,-1,-1,-1,-1,-1,-1,-1,0,0,0,0,0,0,-1,-1,-1,-1,-1,-1,-1,-1,-1,-1,-1,-1,-1,-1,False,False,0,0,False,54,0,0,0,0,0,0,0,0,0,0,0,0,0,0,0,1,
0,4346,2026-02-16 16:46:21Z,,6.932721,7.222754,6.642687,0.6100637,0,1.601247,0,0,0,0,0,0,5.501772,4.352261,6.651293,0.592854,0.702737,0.482971,7.39974,6.222095,8.577384,0.5852692,0,2.10767,7.206154,6.109272,8.303036,9.874701,10,9.535942,6.932721,7.222754,6.642687,0.6100637,0,1.601247,0,0,0,0,0,0,5.501772,4.352261,6.651293,0.592854,0.702737,0.482971,7.39974,6.222095,8.577384,0.5852692,0,2.10767,7.206154,6.109272,8.303036,9.874701,10,9.535942,-1,-1,-1,-1,-1,-1,-1,-1,-1,-1,-1,-1,-1,-1,-1,-1,-1,-1,-1,-1,-1,-1,-1,-1,-1,-1,-1,-1,-1,-1,-1,-1,-1,-1,-1,-1,-1,-1,-1,-1,-1,-1,-1,-1,-1,-1,-1,-1,-1,-1,0,0,0,0,0,0,-1,-1,-1,-1,-1,-1,-1,-1,-1,-1,-1,-1,0,0,0,0,0,0,-1,-1,-1,-1,-1,-1,-1,-1,-1,-1,-1,-1,-1,-1,False,False,0,0,False,54,0,0,0,0,0,0,0,0,0,0,0,0,0,0,0,1,
0,4347,2026-02-16 16:46:21Z,,6.932721,7.222754,6.642687,0.6100637,0,1.601247,0,0,0,0,0,0,5.501772,4.352261,6.651293,0.592854,0.702737,0.482971,7.39974,6.222095,8.577384,0.5852692,0,2.10767,7.206154,6.109272,8.303036,9.874701,10,9.535942,6.932721,7.222754,6.642687,0.6100637,0,1.601247,0,0,0,0,0,0,5.501772,4.352261,6.651293,0.592854,0.702737,0.482971,7.39974,6.222095,8.577384,0.5852692,0,2.10767,7.206154,6.109272,8.303036,9.874701,10,9.535942,-1,-1,-1,-1,-1,-1,-1,-1,-1,-1,-1,-1,-1,-1,-1,-1,-1,-1,-1,-1,-1,-1,-1,-1,-1,-1,-1,-1,-1,-1,-1,-1,-1,-1,-1,-1,-1,-1,-1,-1,-1,-1,-1,-1,-1,-1,-1,-1,-1,-1,0,0,0,0,0,0,-1,-1,-1,-1,-1,-1,-1,-1,-1,-1,-1,-1,0,0,0,0,0,0,-1,-1,-1,-1,-1,-1,-1,-1,-1,-1,-1,-1,-1,-1,False,False,0,0,False,54,0,0,0,0,0,0,0,0,0,0,0,0,0,0,0,1,
0,4348,2026-02-16 16:46:21Z,,6.932719,7.222754,6.642685,0.6100662,0,1.601248,0,0,0,0,0,0,5.50177,4.352261,6.65129,0.592854,0.702737,0.482971,7.399739,6.222096,8.577382,0.5852708,0,2.107671,7.206151,6.109271,8.303032,9.874697,10,9.535935,6.932719,7.222754,6.642685,0.6100662,0,1.601248,0,0,0,0,0,0,5.50177,4.352261,6.65129,0.592854,0.702737,0.482971,7.399739,6.222096,8.577382,0.5852708,0,2.107671,7.206151,6.109271,8.303032,9.874697,10,9.535935,-1,-1,-1,-1,-1,-1,-1,-1,-1,-1,-1,-1,-1,-1,-1,-1,-1,-1,-1,-1,-1,-1,-1,-1,-1,-1,-1,-1,-1,-1,-1,-1,-1,-1,-1,-1,-1,-1,-1,-1,-1,-1,-1,-1,-1,-1,-1,-1,-1,-1,0,0,0,0,0,0,-1,-1,-1,-1,-1,-1,-1,-1,-1,-1,-1,-1,0,0,0,0,0,0,-1,-1,-1,-1,-1,-1,-1,-1,-1,-1,-1,-1,-1,-1,False,False,0,0,False,54,0,0,0,0,0,0,0,0,0,0,0,0,0,0,0,1,
0,4349,2026-02-16 16:46:21Z,,6.932719,7.222754,6.642685,0.6100662,0,1.601248,0,0,0,0,0,0,5.50177,4.352261,6.65129,0.592854,0.702737,0.482971,7.399739,6.222096,8.577382,0.5852708,0,2.107671,7.206151,6.109271,8.303032,9.874697,10,9.535935,6.932719,7.222754,6.642685,0.6100662,0,1.601248,0,0,0,0,0,0,5.50177,4.352261,6.65129,0.592854,0.702737,0.482971,7.399739,6.222096,8.577382,0.5852708,0,2.107671,7.206151,6.109271,8.303032,9.874697,10,9.535935,-1,-1,-1,-1,-1,-1,-1,-1,-1,-1,-1,-1,-1,-1,-1,-1,-1,-1,-1,-1,-1,-1,-1,-1,-1,-1,-1,-1,-1,-1,-1,-1,-1,-1,-1,-1,-1,-1,-1,-1,-1,-1,-1,-1,-1,-1,-1,-1,-1,-1,0,0,0,0,0,0,-1,-1,-1,-1,-1,-1,-1,-1,-1,-1,-1,-1,0,0,0,0,0,0,-1,-1,-1,-1,-1,-1,-1,-1,-1,-1,-1,-1,-1,-1,False,False,0,0,False,54,0,0,0,0,0,0,0,0,0,0,0,0,0,0,0,1,
0,4350,2026-02-16 16:46:21Z,,6.932719,7.222754,6.642685,0.6100662,0,1.601248,0,0,0,0,0,0,5.50177,4.352261,6.65129,0.592854,0.702737,0.482971,7.399739,6.222096,8.577382,0.5852708,0,2.107671,7.206151,6.109271,8.303032,9.874697,10,9.535935,6.932719,7.222754,6.642685,0.6100662,0,1.601248,0,0,0,0,0,0,5.50177,4.352261,6.65129,0.592854,0.702737,0.482971,7.399739,6.222096,8.577382,0.5852708,0,2.107671,7.206151,6.109271,8.303032,9.874697,10,9.535935,-1,-1,-1,-1,-1,-1,-1,-1,-1,-1,-1,-1,-1,-1,-1,-1,-1,-1,-1,-1,-1,-1,-1,-1,-1,-1,-1,-1,-1,-1,-1,-1,-1,-1,-1,-1,-1,-1,-1,-1,-1,-1,-1,-1,-1,-1,-1,-1,-1,-1,0,0,0,0,0,0,-1,-1,-1,-1,-1,-1,-1,-1,-1,-1,-1,-1,0,0,0,0,0,0,-1,-1,-1,-1,-1,-1,-1,-1,-1,-1,-1,-1,-1,-1,False,False,0,0,False,54,0,0,0,0,0,0,0,0,0,0,0,0,0,0,0,1,
0,4351,2026-02-16 16:46:21Z,,6.932719,7.222754,6.642685,0.6100662,0,1.601248,0,0,0,0,0,0,5.50177,4.352261,6.65129,0.592854,0.702737,0.482971,7.399739,6.222096,8.577382,0.5852708,0,2.107671,7.206151,6.109271,8.303032,9.874697,10,9.535935,6.932719,7.222754,6.642685,0.6100662,0,1.601248,0,0,0,0,0,0,5.50177,4.352261,6.65129,0.592854,0.702737,0.482971,7.399739,6.222096,8.577382,0.5852708,0,2.107671,7.206151,6.109271,8.303032,9.874697,10,9.535935,-1,-1,-1,-1,-1,-1,-1,-1,-1,-1,-1,-1,-1,-1,-1,-1,-1,-1,-1,-1,-1,-1,-1,-1,-1,-1,-1,-1,-1,-1,-1,-1,-1,-1,-1,-1,-1,-1,-1,-1,-1,-1,-1,-1,-1,-1,-1,-1,-1,-1,0,0,0,0,0,0,-1,-1,-1,-1,-1,-1,-1,-1,-1,-1,-1,-1,0,0,0,0,0,0,-1,-1,-1,-1,-1,-1,-1,-1,-1,-1,-1,-1,-1,-1,False,False,0,0,False,54,0,0,0,0,0,0,0,0,0,0,0,0,0,0,0,1,
0,4352,2026-02-16 16:46:21Z,,6.932719,7.222754,6.642685,0.6100662,0,1.601248,0,0,0,0,0,0,5.50177,4.352261,6.65129,0.592854,0.702737,0.482971,7.399739,6.222096,8.577382,0.5852708,0,2.107671,7.206151,6.109271,8.303032,9.874697,10,9.535935,6.932719,7.222754,6.642685,0.6100662,0,1.601248,0,0,0,0,0,0,5.50177,4.352261,6.65129,0.592854,0.702737,0.482971,7.399739,6.222096,8.577382,0.5852708,0,2.107671,7.206151,6.109271,8.303032,9.874697,10,9.535935,-1,-1,-1,-1,-1,-1,-1,-1,-1,-1,-1,-1,-1,-1,-1,-1,-1,-1,-1,-1,-1,-1,-1,-1,-1,-1,-1,-1,-1,-1,-1,-1,-1,-1,-1,-1,-1,-1,-1,-1,-1,-1,-1,-1,-1,-1,-1,-1,-1,-1,0,0,0,0,0,0,-1,-1,-1,-1,-1,-1,-1,-1,-1,-1,-1,-1,0,0,0,0,0,0,-1,-1,-1,-1,-1,-1,-1,-1,-1,-1,-1,-1,-1,-1,False,False,0,0,False,54,0,0,0,0,0,0,0,0,0,0,0,0,0,0,0,1,
0,4353,2026-02-16 16:46:21Z,,6.932719,7.222754,6.642685,0.6100662,0,1.601248,0,0,0,0,0,0,5.50177,4.352261,6.65129,0.592854,0.702737,0.482971,7.399739,6.222096,8.577382,0.5852708,0,2.107671,7.206151,6.109271,8.303032,9.874697,10,9.535935,6.932719,7.222754,6.642685,0.6100662,0,1.601248,0,0,0,0,0,0,5.50177,4.352261,6.65129,0.592854,0.702737,0.482971,7.399739,6.222096,8.577382,0.5852708,0,2.107671,7.206151,6.109271,8.303032,9.874697,10,9.535935,-1,-1,-1,-1,-1,-1,-1,-1,-1,-1,-1,-1,-1,-1,-1,-1,-1,-1,-1,-1,-1,-1,-1,-1,-1,-1,-1,-1,-1,-1,-1,-1,-1,-1,-1,-1,-1,-1,-1,-1,-1,-1,-1,-1,-1,-1,-1,-1,-1,-1,0,0,0,0,0,0,-1,-1,-1,-1,-1,-1,-1,-1,-1,-1,-1,-1,0,0,0,0,0,0,-1,-1,-1,-1,-1,-1,-1,-1,-1,-1,-1,-1,-1,-1,False,False,0,0,False,54,0,0,0,0,0,0,0,0,0,0,0,0,0,0,0,1,
0,4354,2026-02-16 16:46:21Z,,6.932719,7.222754,6.642685,0.6100662,0,1.601248,0,0,0,0,0,0,5.50177,4.352261,6.65129,0.592854,0.702737,0.482971,7.399739,6.222096,8.577382,0.5852708,0,2.107671,7.206151,6.109271,8.303032,9.874697,10,9.535935,6.932719,7.222754,6.642685,0.6100662,0,1.601248,0,0,0,0,0,0,5.50177,4.352261,6.65129,0.592854,0.702737,0.482971,7.399739,6.222096,8.577382,0.5852708,0,2.107671,7.206151,6.109271,8.303032,9.874697,10,9.535935,-1,-1,-1,-1,-1,-1,-1,-1,-1,-1,-1,-1,-1,-1,-1,-1,-1,-1,-1,-1,-1,-1,-1,-1,-1,-1,-1,-1,-1,-1,-1,-1,-1,-1,-1,-1,-1,-1,-1,-1,-1,-1,-1,-1,-1,-1,-1,-1,-1,-1,0,0,0,0,0,0,-1,-1,-1,-1,-1,-1,-1,-1,-1,-1,-1,-1,0,0,0,0,0,0,-1,-1,-1,-1,-1,-1,-1,-1,-1,-1,-1,-1,-1,-1,False,False,0,0,False,54,0,0,0,0,0,0,0,0,0,0,0,0,0,0,0,1,
0,4355,2026-02-16 16:46:22Z,,6.932718,7.222753,6.642682,0.6100687,0,1.60125,0,0,0,0,0,0,5.501768,4.35226,6.651287,0.592854,0.702737,0.482971,7.399738,6.222096,8.57738,0.5852724,0,2.107673,7.206149,6.10927,8.303028,9.874691,10,9.535929,6.932718,7.222753,6.642682,0.6100687,0,1.60125,0,0,0,0,0,0,5.501768,4.35226,6.651287,0.592854,0.702737,0.482971,7.399738,6.222096,8.57738,0.5852724,0,2.107673,7.206149,6.10927,8.303028,9.874691,10,9.535929,-1,-1,-1,-1,-1,-1,-1,-1,-1,-1,-1,-1,-1,-1,-1,-1,-1,-1,-1,-1,-1,-1,-1,-1,-1,-1,-1,-1,-1,-1,-1,-1,-1,-1,-1,-1,-1,-1,-1,-1,-1,-1,-1,-1,-1,-1,-1,-1,-1,-1,0,0,0,0,0,0,-1,-1,-1,-1,-1,-1,-1,-1,-1,-1,-1,-1,0,0,0,0,0,0,-1,-1,-1,-1,-1,-1,-1,-1,-1,-1,-1,-1,-1,-1,False,False,0,0,False,54,0,0,0,0,0,0,0,0,0,0,0,0,0,0,0,1,
0,4356,2026-02-16 16:46:22Z,,6.932718,7.222753,6.642682,0.6100687,0,1.60125,0,0,0,0,0,0,5.501768,4.35226,6.651287,0.592854,0.702737,0.482971,7.399738,6.222096,8.57738,0.5852724,0,2.107673,7.206149,6.10927,8.303028,9.874691,10,9.535929,6.932718,7.222753,6.642682,0.6100687,0,1.60125,0,0,0,0,0,0,5.501768,4.35226,6.651287,0.592854,0.702737,0.482971,7.399738,6.222096,8.57738,0.5852724,0,2.107673,7.206149,6.10927,8.303028,9.874691,10,9.535929,-1,-1,-1,-1,-1,-1,-1,-1,-1,-1,-1,-1,-1,-1,-1,-1,-1,-1,-1,-1,-1,-1,-1,-1,-1,-1,-1,-1,-1,-1,-1,-1,-1,-1,-1,-1,-1,-1,-1,-1,-1,-1,-1,-1,-1,-1,-1,-1,-1,-1,0,0,0,0,0,0,-1,-1,-1,-1,-1,-1,-1,-1,-1,-1,-1,-1,0,0,0,0,0,0,-1,-1,-1,-1,-1,-1,-1,-1,-1,-1,-1,-1,-1,-1,False,False,0,0,False,54,0,0,0,0,0,0,0,0,0,0,0,0,0,0,0,1,
0,4357,2026-02-16 16:46:22Z,,6.932718,7.222753,6.642682,0.6100687,0,1.60125,0,0,0,0,0,0,5.501768,4.35226,6.651287,0.592854,0.702737,0.482971,7.399738,6.222096,8.57738,0.5852724,0,2.107673,7.206149,6.10927,8.303028,9.874691,10,9.535929,6.932718,7.222753,6.642682,0.6100687,0,1.60125,0,0,0,0,0,0,5.501768,4.35226,6.651287,0.592854,0.702737,0.482971,7.399738,6.222096,8.57738,0.5852724,0,2.107673,7.206149,6.10927,8.303028,9.874691,10,9.535929,-1,-1,-1,-1,-1,-1,-1,-1,-1,-1,-1,-1,-1,-1,-1,-1,-1,-1,-1,-1,-1,-1,-1,-1,-1,-1,-1,-1,-1,-1,-1,-1,-1,-1,-1,-1,-1,-1,-1,-1,-1,-1,-1,-1,-1,-1,-1,-1,-1,-1,0,0,0,0,0,0,-1,-1,-1,-1,-1,-1,-1,-1,-1,-1,-1,-1,0,0,0,0,0,0,-1,-1,-1,-1,-1,-1,-1,-1,-1,-1,-1,-1,-1,-1,False,False,0,0,False,54,0,0,0,0,0,0,0,0,0,0,0,0,0,0,0,1,
0,4358,2026-02-16 16:46:22Z,,6.932718,7.222753,6.642682,0.6100687,0,1.60125,0,0,0,0,0,0,5.501768,4.35226,6.651287,0.592854,0.702737,0.482971,7.399738,6.222096,8.57738,0.5852724,0,2.107673,7.206149,6.10927,8.303028,9.874691,10,9.535929,6.932718,7.222753,6.642682,0.6100687,0,1.60125,0,0,0,0,0,0,5.501768,4.35226,6.651287,0.592854,0.702737,0.482971,7.399738,6.222096,8.57738,0.5852724,0,2.107673,7.206149,6.10927,8.303028,9.874691,10,9.535929,-1,-1,-1,-1,-1,-1,-1,-1,-1,-1,-1,-1,-1,-1,-1,-1,-1,-1,-1,-1,-1,-1,-1,-1,-1,-1,-1,-1,-1,-1,-1,-1,-1,-1,-1,-1,-1,-1,-1,-1,-1,-1,-1,-1,-1,-1,-1,-1,-1,-1,0,0,0,0,0,0,-1,-1,-1,-1,-1,-1,-1,-1,-1,-1,-1,-1,0,0,0,0,0,0,-1,-1,-1,-1,-1,-1,-1,-1,-1,-1,-1,-1,-1,-1,False,False,0,0,False,54,0,0,0,0,0,0,0,0,0,0,0,0,0,0,0,1,
0,4359,2026-02-16 16:46:22Z,,6.932718,7.222753,6.642682,0.6100687,0,1.60125,0,0,0,0,0,0,5.501768,4.35226,6.651287,0.592854,0.702737,0.482971,7.399738,6.222096,8.57738,0.5852724,0,2.107673,7.206149,6.10927,8.303028,9.874691,10,9.535929,6.932718,7.222753,6.642682,0.6100687,0,1.60125,0,0,0,0,0,0,5.501768,4.35226,6.651287,0.592854,0.702737,0.482971,7.399738,6.222096,8.57738,0.5852724,0,2.107673,7.206149,6.10927,8.303028,9.874691,10,9.535929,-1,-1,-1,-1,-1,-1,-1,-1,-1,-1,-1,-1,-1,-1,-1,-1,-1,-1,-1,-1,-1,-1,-1,-1,-1,-1,-1,-1,-1,-1,-1,-1,-1,-1,-1,-1,-1,-1,-1,-1,-1,-1,-1,-1,-1,-1,-1,-1,-1,-1,0,0,0,0,0,0,-1,-1,-1,-1,-1,-1,-1,-1,-1,-1,-1,-1,0,0,0,0,0,0,-1,-1,-1,-1,-1,-1,-1,-1,-1,-1,-1,-1,-1,-1,False,False,0,0,False,54,0,0,0,0,0,0,0,0,0,0,0,0,0,0,0,1,
0,4360,2026-02-16 16:46:22Z,,6.932718,7.222753,6.642682,0.6100687,0,1.60125,0,0,0,0,0,0,5.501768,4.35226,6.651287,0.592854,0.702737,0.482971,7.399738,6.222096,8.57738,0.5852724,0,2.107673,7.206149,6.10927,8.303028,9.874691,10,9.535929,6.932718,7.222753,6.642682,0.6100687,0,1.60125,0,0,0,0,0,0,5.501768,4.35226,6.651287,0.592854,0.702737,0.482971,7.399738,6.222096,8.57738,0.5852724,0,2.107673,7.206149,6.10927,8.303028,9.874691,10,9.535929,-1,-1,-1,-1,-1,-1,-1,-1,-1,-1,-1,-1,-1,-1,-1,-1,-1,-1,-1,-1,-1,-1,-1,-1,-1,-1,-1,-1,-1,-1,-1,-1,-1,-1,-1,-1,-1,-1,-1,-1,-1,-1,-1,-1,-1,-1,-1,-1,-1,-1,0,0,0,0,0,0,-1,-1,-1,-1,-1,-1,-1,-1,-1,-1,-1,-1,0,0,0,0,0,0,-1,-1,-1,-1,-1,-1,-1,-1,-1,-1,-1,-1,-1,-1,False,False,0,0,False,54,0,0,0,0,0,0,0,0,0,0,0,0,0,0,0,1,
0,4361,2026-02-16 16:46:22Z,,6.932718,7.222753,6.642682,0.6100687,0,1.60125,0,0,0,0,0,0,5.501768,4.35226,6.651287,0.592854,0.702737,0.482971,7.399738,6.222096,8.57738,0.5852724,0,2.107673,7.206149,6.10927,8.303028,9.874691,10,9.535929,6.932718,7.222753,6.642682,0.6100687,0,1.60125,0,0,0,0,0,0,5.501768,4.35226,6.651287,0.592854,0.702737,0.482971,7.399738,6.222096,8.57738,0.5852724,0,2.107673,7.206149,6.10927,8.303028,9.874691,10,9.535929,-1,-1,-1,-1,-1,-1,-1,-1,-1,-1,-1,-1,-1,-1,-1,-1,-1,-1,-1,-1,-1,-1,-1,-1,-1,-1,-1,-1,-1,-1,-1,-1,-1,-1,-1,-1,-1,-1,-1,-1,-1,-1,-1,-1,-1,-1,-1,-1,-1,-1,0,0,0,0,0,0,-1,-1,-1,-1,-1,-1,-1,-1,-1,-1,-1,-1,0,0,0,0,0,0,-1,-1,-1,-1,-1,-1,-1,-1,-1,-1,-1,-1,-1,-1,False,False,0,0,False,54,0,0,0,0,0,0,0,0,0,0,0,0,0,0,0,1,
0,4362,2026-02-16 16:46:22Z,,6.932716,7.222753,6.64268,0.6100712,0,1.601251,0,0,0,0,0,0,5.501766,4.352259,6.651284,0.592854,0.702737,0.482971,7.399737,6.222097,8.577378,0.585274,0,2.107674,7.206146,6.109268,8.303024,9.874686,10,9.535922,6.932716,7.222753,6.64268,0.6100712,0,1.601251,0,0,0,0,0,0,5.501766,4.352259,6.651284,0.592854,0.702737,0.482971,7.399737,6.222097,8.577378,0.585274,0,2.107674,7.206146,6.109268,8.303024,9.874686,10,9.535922,-1,-1,-1,-1,-1,-1,-1,-1,-1,-1,-1,-1,-1,-1,-1,-1,-1,-1,-1,-1,-1,-1,-1,-1,-1,-1,-1,-1,-1,-1,-1,-1,-1,-1,-1,-1,-1,-1,-1,-1,-1,-1,-1,-1,-1,-1,-1,-1,-1,-1,0,0,0,0,0,0,-1,-1,-1,-1,-1,-1,-1,-1,-1,-1,-1,-1,0,0,0,0,0,0,-1,-1,-1,-1,-1,-1,-1,-1,-1,-1,-1,-1,-1,-1,False,False,0,0,False,54,0,0,0,0,0,0,0,0,0,0,0,0,0,0,0,1,
0,4363,2026-02-16 16:46:22Z,,6.932716,7.222753,6.64268,0.6100712,0,1.601251,0,0,0,0,0,0,5.501766,4.352259,6.651284,0.592854,0.702737,0.482971,7.399737,6.222097,8.577378,0.585274,0,2.107674,7.206146,6.109268,8.303024,9.874686,10,9.535922,6.932716,7.222753,6.64268,0.6100712,0,1.601251,0,0,0,0,0,0,5.501766,4.352259,6.651284,0.592854,0.702737,0.482971,7.399737,6.222097,8.577378,0.585274,0,2.107674,7.206146,6.109268,8.303024,9.874686,10,9.535922,-1,-1,-1,-1,-1,-1,-1,-1,-1,-1,-1,-1,-1,-1,-1,-1,-1,-1,-1,-1,-1,-1,-1,-1,-1,-1,-1,-1,-1,-1,-1,-1,-1,-1,-1,-1,-1,-1,-1,-1,-1,-1,-1,-1,-1,-1,-1,-1,-1,-1,0,0,0,0,0,0,-1,-1,-1,-1,-1,-1,-1,-1,-1,-1,-1,-1,0,0,0,0,0,0,-1,-1,-1,-1,-1,-1,-1,-1,-1,-1,-1,-1,-1,-1,False,False,0,0,False,54,0,0,0,0,0,0,0,0,0,0,0,0,0,0,0,1,
0,4364,2026-02-16 16:46:22Z,,6.932716,7.222753,6.64268,0.6100712,0,1.601251,0,0,0,0,0,0,5.501766,4.352259,6.651284,0.592854,0.702737,0.482971,7.399737,6.222097,8.577378,0.585274,0,2.107674,7.206146,6.109268,8.303024,9.874686,10,9.535922,6.932716,7.222753,6.64268,0.6100712,0,1.601251,0,0,0,0,0,0,5.501766,4.352259,6.651284,0.592854,0.702737,0.482971,7.399737,6.222097,8.577378,0.585274,0,2.107674,7.206146,6.109268,8.303024,9.874686,10,9.535922,-1,-1,-1,-1,-1,-1,-1,-1,-1,-1,-1,-1,-1,-1,-1,-1,-1,-1,-1,-1,-1,-1,-1,-1,-1,-1,-1,-1,-1,-1,-1,-1,-1,-1,-1,-1,-1,-1,-1,-1,-1,-1,-1,-1,-1,-1,-1,-1,-1,-1,0,0,0,0,0,0,-1,-1,-1,-1,-1,-1,-1,-1,-1,-1,-1,-1,0,0,0,0,0,0,-1,-1,-1,-1,-1,-1,-1,-1,-1,-1,-1,-1,-1,-1,False,False,0,0,False,54,0,0,0,0,0,0,0,0,0,0,0,0,0,0,0,1,
0,4365,2026-02-16 16:46:22Z,,6.932716,7.222753,6.64268,0.6100712,0,1.601251,0,0,0,0,0,0,5.501766,4.352259,6.651284,0.592854,0.702737,0.482971,7.399737,6.222097,8.577378,0.585274,0,2.107674,7.206146,6.109268,8.303024,9.874686,10,9.535922,6.932716,7.222753,6.64268,0.6100712,0,1.601251,0,0,0,0,0,0,5.501766,4.352259,6.651284,0.592854,0.702737,0.482971,7.399737,6.222097,8.577378,0.585274,0,2.107674,7.206146,6.109268,8.303024,9.874686,10,9.535922,-1,-1,-1,-1,-1,-1,-1,-1,-1,-1,-1,-1,-1,-1,-1,-1,-1,-1,-1,-1,-1,-1,-1,-1,-1,-1,-1,-1,-1,-1,-1,-1,-1,-1,-1,-1,-1,-1,-1,-1,-1,-1,-1,-1,-1,-1,-1,-1,-1,-1,0,0,0,0,0,0,-1,-1,-1,-1,-1,-1,-1,-1,-1,-1,-1,-1,0,0,0,0,0,0,-1,-1,-1,-1,-1,-1,-1,-1,-1,-1,-1,-1,-1,-1,False,False,0,0,False,54,0,0,0,0,0,0,0,0,0,0,0,0,0,0,0,1,
0,4366,2026-02-16 16:46:22Z,,6.932716,7.222753,6.64268,0.6100712,0,1.601251,0,0,0,0,0,0,5.501766,4.352259,6.651284,0.592854,0.702737,0.482971,7.399737,6.222097,8.577378,0.585274,0,2.107674,7.206146,6.109268,8.303024,9.874686,10,9.535922,6.932716,7.222753,6.64268,0.6100712,0,1.601251,0,0,0,0,0,0,5.501766,4.352259,6.651284,0.592854,0.702737,0.482971,7.399737,6.222097,8.577378,0.585274,0,2.107674,7.206146,6.109268,8.303024,9.874686,10,9.535922,-1,-1,-1,-1,-1,-1,-1,-1,-1,-1,-1,-1,-1,-1,-1,-1,-1,-1,-1,-1,-1,-1,-1,-1,-1,-1,-1,-1,-1,-1,-1,-1,-1,-1,-1,-1,-1,-1,-1,-1,-1,-1,-1,-1,-1,-1,-1,-1,-1,-1,0,0,0,0,0,0,-1,-1,-1,-1,-1,-1,-1,-1,-1,-1,-1,-1,0,0,0,0,0,0,-1,-1,-1,-1,-1,-1,-1,-1,-1,-1,-1,-1,-1,-1,False,False,0,0,False,54,0,0,0,0,0,0,0,0,0,0,0,0,0,0,0,1,
0,4367,2026-02-16 16:46:22Z,,6.932715,7.222753,6.642677,0.6100737,0,1.601253,0,0,0,0,0,0,5.501764,4.352259,6.65128,0.592854,0.702737,0.482971,7.399736,6.222097,8.577375,0.5852756,0,2.107676,7.206143,6.109267,8.30302,9.874681,10,9.535915,6.932715,7.222753,6.642677,0.6100737,0,1.601253,0,0,0,0,0,0,5.501764,4.352259,6.65128,0.592854,0.702737,0.482971,7.399736,6.222097,8.577375,0.5852756,0,2.107676,7.206143,6.109267,8.30302,9.874681,10,9.535915,-1,-1,-1,-1,-1,-1,-1,-1,-1,-1,-1,-1,-1,-1,-1,-1,-1,-1,-1,-1,-1,-1,-1,-1,-1,-1,-1,-1,-1,-1,-1,-1,-1,-1,-1,-1,-1,-1,-1,-1,-1,-1,-1,-1,-1,-1,-1,-1,-1,-1,0,0,0,0,0,0,-1,-1,-1,-1,-1,-1,-1,-1,-1,-1,-1,-1,0,0,0,0,0,0,-1,-1,-1,-1,-1,-1,-1,-1,-1,-1,-1,-1,-1,-1,False,False,0,0,False,54,0,0,0,0,0,0,0,0,0,0,0,0,0,0,0,1,
0,4368,2026-02-16 16:46:22Z,,6.932715,7.222753,6.642677,0.6100737,0,1.601253,0,0,0,0,0,0,5.501764,4.352259,6.65128,0.592854,0.702737,0.482971,7.399736,6.222097,8.577375,0.5852756,0,2.107676,7.206143,6.109267,8.30302,9.874681,10,9.535915,6.932715,7.222753,6.642677,0.6100737,0,1.601253,0,0,0,0,0,0,5.501764,4.352259,6.65128,0.592854,0.702737,0.482971,7.399736,6.222097,8.577375,0.5852756,0,2.107676,7.206143,6.109267,8.30302,9.874681,10,9.535915,-1,-1,-1,-1,-1,-1,-1,-1,-1,-1,-1,-1,-1,-1,-1,-1,-1,-1,-1,-1,-1,-1,-1,-1,-1,-1,-1,-1,-1,-1,-1,-1,-1,-1,-1,-1,-1,-1,-1,-1,-1,-1,-1,-1,-1,-1,-1,-1,-1,-1,0,0,0,0,0,0,-1,-1,-1,-1,-1,-1,-1,-1,-1,-1,-1,-1,0,0,0,0,0,0,-1,-1,-1,-1,-1,-1,-1,-1,-1,-1,-1,-1,-1,-1,False,False,0,0,False,54,0,0,0,0,0,0,0,0,0,0,0,0,0,0,0,1,
0,4369,2026-02-16 16:46:22Z,,6.932715,7.222753,6.642677,0.6100737,0,1.601253,0,0,0,0,0,0,5.501764,4.352259,6.65128,0.592854,0.702737,0.482971,7.399736,6.222097,8.577375,0.5852756,0,2.107676,7.206143,6.109267,8.30302,9.874681,10,9.535915,6.932715,7.222753,6.642677,0.6100737,0,1.601253,0,0,0,0,0,0,5.501764,4.352259,6.65128,0.592854,0.702737,0.482971,7.399736,6.222097,8.577375,0.5852756,0,2.107676,7.206143,6.109267,8.30302,9.874681,10,9.535915,-1,-1,-1,-1,-1,-1,-1,-1,-1,-1,-1,-1,-1,-1,-1,-1,-1,-1,-1,-1,-1,-1,-1,-1,-1,-1,-1,-1,-1,-1,-1,-1,-1,-1,-1,-1,-1,-1,-1,-1,-1,-1,-1,-1,-1,-1,-1,-1,-1,-1,0,0,0,0,0,0,-1,-1,-1,-1,-1,-1,-1,-1,-1,-1,-1,-1,0,0,0,0,0,0,-1,-1,-1,-1,-1,-1,-1,-1,-1,-1,-1,-1,-1,-1,False,False,0,0,False,54,0,0,0,0,0,0,0,0,0,0,0,0,0,0,0,1,
0,4370,2026-02-16 16:46:22Z,,6.932715,7.222753,6.642677,0.6100737,0,1.601253,0,0,0,0,0,0,5.501764,4.352259,6.65128,0.592854,0.702737,0.482971,7.399736,6.222097,8.577375,0.5852756,0,2.107676,7.206143,6.109267,8.30302,9.874681,10,9.535915,6.932715,7.222753,6.642677,0.6100737,0,1.601253,0,0,0,0,0,0,5.501764,4.352259,6.65128,0.592854,0.702737,0.482971,7.399736,6.222097,8.577375,0.5852756,0,2.107676,7.206143,6.109267,8.30302,9.874681,10,9.535915,-1,-1,-1,-1,-1,-1,-1,-1,-1,-1,-1,-1,-1,-1,-1,-1,-1,-1,-1,-1,-1,-1,-1,-1,-1,-1,-1,-1,-1,-1,-1,-1,-1,-1,-1,-1,-1,-1,-1,-1,-1,-1,-1,-1,-1,-1,-1,-1,-1,-1,0,0,0,0,0,0,-1,-1,-1,-1,-1,-1,-1,-1,-1,-1,-1,-1,0,0,0,0,0,0,-1,-1,-1,-1,-1,-1,-1,-1,-1,-1,-1,-1,-1,-1,False,False,0,0,False,54,0,0,0,0,0,0,0,0,0,0,0,0,0,0,0,1,
0,4371,2026-02-16 16:46:22Z,,6.932715,7.222753,6.642677,0.6100737,0,1.601253,0,0,0,0,0,0,5.501764,4.352259,6.65128,0.592854,0.702737,0.482971,7.399736,6.222097,8.577375,0.5852756,0,2.107676,7.206143,6.109267,8.30302,9.874681,10,9.535915,6.932715,7.222753,6.642677,0.6100737,0,1.601253,0,0,0,0,0,0,5.501764,4.352259,6.65128,0.592854,0.702737,0.482971,7.399736,6.222097,8.577375,0.5852756,0,2.107676,7.206143,6.109267,8.30302,9.874681,10,9.535915,-1,-1,-1,-1,-1,-1,-1,-1,-1,-1,-1,-1,-1,-1,-1,-1,-1,-1,-1,-1,-1,-1,-1,-1,-1,-1,-1,-1,-1,-1,-1,-1,-1,-1,-1,-1,-1,-1,-1,-1,-1,-1,-1,-1,-1,-1,-1,-1,-1,-1,0,0,0,0,0,0,-1,-1,-1,-1,-1,-1,-1,-1,-1,-1,-1,-1,0,0,0,0,0,0,-1,-1,-1,-1,-1,-1,-1,-1,-1,-1,-1,-1,-1,-1,False,False,0,0,False,54,0,0,0,0,0,0,0,0,0,0,0,0,0,0,0,1,
0,4372,2026-02-16 16:46:22Z,,6.932715,7.222753,6.642677,0.6100737,0,1.601253,0,0,0,0,0,0,5.501764,4.352259,6.65128,0.592854,0.702737,0.482971,7.399736,6.222097,8.577375,0.5852756,0,2.107676,7.206143,6.109267,8.30302,9.874681,10,9.535915,6.932715,7.222753,6.642677,0.6100737,0,1.601253,0,0,0,0,0,0,5.501764,4.352259,6.65128,0.592854,0.702737,0.482971,7.399736,6.222097,8.577375,0.5852756,0,2.107676,7.206143,6.109267,8.30302,9.874681,10,9.535915,-1,-1,-1,-1,-1,-1,-1,-1,-1,-1,-1,-1,-1,-1,-1,-1,-1,-1,-1,-1,-1,-1,-1,-1,-1,-1,-1,-1,-1,-1,-1,-1,-1,-1,-1,-1,-1,-1,-1,-1,-1,-1,-1,-1,-1,-1,-1,-1,-1,-1,0,0,0,0,0,0,-1,-1,-1,-1,-1,-1,-1,-1,-1,-1,-1,-1,0,0,0,0,0,0,-1,-1,-1,-1,-1,-1,-1,-1,-1,-1,-1,-1,-1,-1,False,False,0,0,False,54,0,0,0,0,0,0,0,0,0,0,0,0,0,0,0,1,
0,4373,2026-02-16 16:46:22Z,,6.932714,7.222753,6.642674,0.6100762,0,1.601254,0,0,0,0,0,0,5.501762,4.352258,6.651277,0.592854,0.702737,0.482971,7.399735,6.222098,8.577374,0.5852772,0,2.107678,7.206141,6.109265,8.303017,9.874676,10,9.535909,6.932714,7.222753,6.642674,0.6100762,0,1.601254,0,0,0,0,0,0,5.501762,4.352258,6.651277,0.592854,0.702737,0.482971,7.399735,6.222098,8.577374,0.5852772,0,2.107678,7.206141,6.109265,8.303017,9.874676,10,9.535909,-1,-1,-1,-1,-1,-1,-1,-1,-1,-1,-1,-1,-1,-1,-1,-1,-1,-1,-1,-1,-1,-1,-1,-1,-1,-1,-1,-1,-1,-1,-1,-1,-1,-1,-1,-1,-1,-1,-1,-1,-1,-1,-1,-1,-1,-1,-1,-1,-1,-1,0,0,0,0,0,0,-1,-1,-1,-1,-1,-1,-1,-1,-1,-1,-1,-1,0,0,0,0,0,0,-1,-1,-1,-1,-1,-1,-1,-1,-1,-1,-1,-1,-1,-1,False,False,0,0,False,54,0,0,0,0,0,0,0,0,0,0,0,0,0,0,0,1,
0,4374,2026-02-16 16:46:22Z,,6.932714,7.222753,6.642674,0.6100762,0,1.601254,0,0,0,0,0,0,5.501762,4.352258,6.651277,0.592854,0.702737,0.482971,7.399735,6.222098,8.577374,0.5852772,0,2.107678,7.206141,6.109265,8.303017,9.874676,10,9.535909,6.932714,7.222753,6.642674,0.6100762,0,1.601254,0,0,0,0,0,0,5.501762,4.352258,6.651277,0.592854,0.702737,0.482971,7.399735,6.222098,8.577374,0.5852772,0,2.107678,7.206141,6.109265,8.303017,9.874676,10,9.535909,-1,-1,-1,-1,-1,-1,-1,-1,-1,-1,-1,-1,-1,-1,-1,-1,-1,-1,-1,-1,-1,-1,-1,-1,-1,-1,-1,-1,-1,-1,-1,-1,-1,-1,-1,-1,-1,-1,-1,-1,-1,-1,-1,-1,-1,-1,-1,-1,-1,-1,0,0,0,0,0,0,-1,-1,-1,-1,-1,-1,-1,-1,-1,-1,-1,-1,0,0,0,0,0,0,-1,-1,-1,-1,-1,-1,-1,-1,-1,-1,-1,-1,-1,-1,False,False,0,0,False,54,0,0,0,0,0,0,0,0,0,0,0,0,0,0,0,1,
0,4375,2026-02-16 16:46:22Z,,6.932714,7.222753,6.642674,0.6100762,0,1.601254,0,0,0,0,0,0,5.501762,4.352258,6.651277,0.592854,0.702737,0.482971,7.399735,6.222098,8.577374,0.5852772,0,2.107678,7.206141,6.109265,8.303017,9.874676,10,9.535909,6.932714,7.222753,6.642674,0.6100762,0,1.601254,0,0,0,0,0,0,5.501762,4.352258,6.651277,0.592854,0.702737,0.482971,7.399735,6.222098,8.577374,0.5852772,0,2.107678,7.206141,6.109265,8.303017,9.874676,10,9.535909,-1,-1,-1,-1,-1,-1,-1,-1,-1,-1,-1,-1,-1,-1,-1,-1,-1,-1,-1,-1,-1,-1,-1,-1,-1,-1,-1,-1,-1,-1,-1,-1,-1,-1,-1,-1,-1,-1,-1,-1,-1,-1,-1,-1,-1,-1,-1,-1,-1,-1,0,0,0,0,0,0,-1,-1,-1,-1,-1,-1,-1,-1,-1,-1,-1,-1,0,0,0,0,0,0,-1,-1,-1,-1,-1,-1,-1,-1,-1,-1,-1,-1,-1,-1,False,False,0,0,False,54,0,0,0,0,0,0,0,0,0,0,0,0,0,0,0,1,
0,4376,2026-02-16 16:46:22Z,,6.932714,7.222753,6.642674,0.6100762,0,1.601254,0,0,0,0,0,0,5.501762,4.352258,6.651277,0.592854,0.702737,0.482971,7.399735,6.222098,8.577374,0.5852772,0,2.107678,7.206141,6.109265,8.303017,9.874676,10,9.535909,6.932714,7.222753,6.642674,0.6100762,0,1.601254,0,0,0,0,0,0,5.501762,4.352258,6.651277,0.592854,0.702737,0.482971,7.399735,6.222098,8.577374,0.5852772,0,2.107678,7.206141,6.109265,8.303017,9.874676,10,9.535909,-1,-1,-1,-1,-1,-1,-1,-1,-1,-1,-1,-1,-1,-1,-1,-1,-1,-1,-1,-1,-1,-1,-1,-1,-1,-1,-1,-1,-1,-1,-1,-1,-1,-1,-1,-1,-1,-1,-1,-1,-1,-1,-1,-1,-1,-1,-1,-1,-1,-1,0,0,0,0,0,0,-1,-1,-1,-1,-1,-1,-1,-1,-1,-1,-1,-1,0,0,0,0,0,0,-1,-1,-1,-1,-1,-1,-1,-1,-1,-1,-1,-1,-1,-1,False,False,0,0,False,54,0,0,0,0,0,0,0,0,0,0,0,0,0,0,0,1,
0,4377,2026-02-16 16:46:22Z,,6.932714,7.222753,6.642674,0.6100762,0,1.601254,0,0,0,0,0,0,5.501762,4.352258,6.651277,0.592854,0.702737,0.482971,7.399735,6.222098,8.577374,0.5852772,0,2.107678,7.206141,6.109265,8.303017,9.874676,10,9.535909,6.932714,7.222753,6.642674,0.6100762,0,1.601254,0,0,0,0,0,0,5.501762,4.352258,6.651277,0.592854,0.702737,0.482971,7.399735,6.222098,8.577374,0.5852772,0,2.107678,7.206141,6.109265,8.303017,9.874676,10,9.535909,-1,-1,-1,-1,-1,-1,-1,-1,-1,-1,-1,-1,-1,-1,-1,-1,-1,-1,-1,-1,-1,-1,-1,-1,-1,-1,-1,-1,-1,-1,-1,-1,-1,-1,-1,-1,-1,-1,-1,-1,-1,-1,-1,-1,-1,-1,-1,-1,-1,-1,0,0,0,0,0,0,-1,-1,-1,-1,-1,-1,-1,-1,-1,-1,-1,-1,0,0,0,0,0,0,-1,-1,-1,-1,-1,-1,-1,-1,-1,-1,-1,-1,-1,-1,False,False,0,0,False,54,0,0,0,0,0,0,0,0,0,0,0,0,0,0,0,1,
0,4378,2026-02-16 16:46:22Z,,6.932714,7.222753,6.642674,0.6100762,0,1.601254,0,0,0,0,0,0,5.501762,4.352258,6.651277,0.592854,0.702737,0.482971,7.399735,6.222098,8.577374,0.5852772,0,2.107678,7.206141,6.109265,8.303017,9.874676,10,9.535909,6.932714,7.222753,6.642674,0.6100762,0,1.601254,0,0,0,0,0,0,5.501762,4.352258,6.651277,0.592854,0.702737,0.482971,7.399735,6.222098,8.577374,0.5852772,0,2.107678,7.206141,6.109265,8.303017,9.874676,10,9.535909,-1,-1,-1,-1,-1,-1,-1,-1,-1,-1,-1,-1,-1,-1,-1,-1,-1,-1,-1,-1,-1,-1,-1,-1,-1,-1,-1,-1,-1,-1,-1,-1,-1,-1,-1,-1,-1,-1,-1,-1,-1,-1,-1,-1,-1,-1,-1,-1,-1,-1,0,0,0,0,0,0,-1,-1,-1,-1,-1,-1,-1,-1,-1,-1,-1,-1,0,0,0,0,0,0,-1,-1,-1,-1,-1,-1,-1,-1,-1,-1,-1,-1,-1,-1,False,False,0,0,False,54,0,0,0,0,0,0,0,0,0,0,0,0,0,0,0,1,
0,4379,2026-02-16 16:46:22Z,,6.932714,7.222753,6.642674,0.6100762,0,1.601254,0,0,0,0,0,0,5.501762,4.352258,6.651277,0.592854,0.702737,0.482971,7.399735,6.222098,8.577374,0.5852772,0,2.107678,7.206141,6.109265,8.303017,9.874676,10,9.535909,6.932714,7.222753,6.642674,0.6100762,0,1.601254,0,0,0,0,0,0,5.501762,4.352258,6.651277,0.592854,0.702737,0.482971,7.399735,6.222098,8.577374,0.5852772,0,2.107678,7.206141,6.109265,8.303017,9.874676,10,9.535909,-1,-1,-1,-1,-1,-1,-1,-1,-1,-1,-1,-1,-1,-1,-1,-1,-1,-1,-1,-1,-1,-1,-1,-1,-1,-1,-1,-1,-1,-1,-1,-1,-1,-1,-1,-1,-1,-1,-1,-1,-1,-1,-1,-1,-1,-1,-1,-1,-1,-1,0,0,0,0,0,0,-1,-1,-1,-1,-1,-1,-1,-1,-1,-1,-1,-1,0,0,0,0,0,0,-1,-1,-1,-1,-1,-1,-1,-1,-1,-1,-1,-1,-1,-1,False,False,0,0,False,54,0,0,0,0,0,0,0,0,0,0,0,0,0,0,0,1,
0,4380,2026-02-16 16:46:22Z,,6.932714,7.222753,6.642674,0.6100762,0,1.601254,0,0,0,0,0,0,5.501762,4.352258,6.651277,0.592854,0.702737,0.482971,7.399735,6.222098,8.577374,0.5852772,0,2.107678,7.206141,6.109265,8.303017,9.874676,10,9.535909,6.932714,7.222753,6.642674,0.6100762,0,1.601254,0,0,0,0,0,0,5.501762,4.352258,6.651277,0.592854,0.702737,0.482971,7.399735,6.222098,8.577374,0.5852772,0,2.107678,7.206141,6.109265,8.303017,9.874676,10,9.535909,-1,-1,-1,-1,-1,-1,-1,-1,-1,-1,-1,-1,-1,-1,-1,-1,-1,-1,-1,-1,-1,-1,-1,-1,-1,-1,-1,-1,-1,-1,-1,-1,-1,-1,-1,-1,-1,-1,-1,-1,-1,-1,-1,-1,-1,-1,-1,-1,-1,-1,0,0,0,0,0,0,-1,-1,-1,-1,-1,-1,-1,-1,-1,-1,-1,-1,0,0,0,0,0,0,-1,-1,-1,-1,-1,-1,-1,-1,-1,-1,-1,-1,-1,-1,False,False,0,0,False,54,0,0,0,0,0,0,0,0,0,0,0,0,0,0,0,1,
0,4381,2026-02-16 16:46:22Z,,6.932712,7.222752,6.642672,0.6100788,0,1.601255,0,0,0,0,0,0,5.50176,4.352257,6.651274,0.592854,0.702737,0.482971,7.399734,6.222098,8.577372,0.5852788,0,2.107679,7.206138,6.109264,8.303013,9.87467,10,9.535902,6.932712,7.222752,6.642672,0.6100788,0,1.601255,0,0,0,0,0,0,5.50176,4.352257,6.651274,0.592854,0.702737,0.482971,7.399734,6.222098,8.577372,0.5852788,0,2.107679,7.206138,6.109264,8.303013,9.87467,10,9.535902,-1,-1,-1,-1,-1,-1,-1,-1,-1,-1,-1,-1,-1,-1,-1,-1,-1,-1,-1,-1,-1,-1,-1,-1,-1,-1,-1,-1,-1,-1,-1,-1,-1,-1,-1,-1,-1,-1,-1,-1,-1,-1,-1,-1,-1,-1,-1,-1,-1,-1,0,0,0,0,0,0,-1,-1,-1,-1,-1,-1,-1,-1,-1,-1,-1,-1,0,0,0,0,0,0,-1,-1,-1,-1,-1,-1,-1,-1,-1,-1,-1,-1,-1,-1,False,False,0,0,False,54,0,0,0,0,0,0,0,0,0,0,0,0,0,0,0,1,
0,4382,2026-02-16 16:46:22Z,,6.932712,7.222752,6.642672,0.6100788,0,1.601255,0,0,0,0,0,0,5.50176,4.352257,6.651274,0.592854,0.702737,0.482971,7.399734,6.222098,8.577372,0.5852788,0,2.107679,7.206138,6.109264,8.303013,9.87467,10,9.535902,6.932712,7.222752,6.642672,0.6100788,0,1.601255,0,0,0,0,0,0,5.50176,4.352257,6.651274,0.592854,0.702737,0.482971,7.399734,6.222098,8.577372,0.5852788,0,2.107679,7.206138,6.109264,8.303013,9.87467,10,9.535902,-1,-1,-1,-1,-1,-1,-1,-1,-1,-1,-1,-1,-1,-1,-1,-1,-1,-1,-1,-1,-1,-1,-1,-1,-1,-1,-1,-1,-1,-1,-1,-1,-1,-1,-1,-1,-1,-1,-1,-1,-1,-1,-1,-1,-1,-1,-1,-1,-1,-1,0,0,0,0,0,0,-1,-1,-1,-1,-1,-1,-1,-1,-1,-1,-1,-1,0,0,0,0,0,0,-1,-1,-1,-1,-1,-1,-1,-1,-1,-1,-1,-1,-1,-1,False,False,0,0,False,54,0,0,0,0,0,0,0,0,0,0,0,0,0,0,0,1,
0,4383,2026-02-16 16:46:22Z,,6.932712,7.222752,6.642672,0.6100788,0,1.601255,0,0,0,0,0,0,5.50176,4.352257,6.651274,0.592854,0.702737,0.482971,7.399734,6.222098,8.577372,0.5852788,0,2.107679,7.206138,6.109264,8.303013,9.87467,10,9.535902,6.932712,7.222752,6.642672,0.6100788,0,1.601255,0,0,0,0,0,0,5.50176,4.352257,6.651274,0.592854,0.702737,0.482971,7.399734,6.222098,8.577372,0.5852788,0,2.107679,7.206138,6.109264,8.303013,9.87467,10,9.535902,-1,-1,-1,-1,-1,-1,-1,-1,-1,-1,-1,-1,-1,-1,-1,-1,-1,-1,-1,-1,-1,-1,-1,-1,-1,-1,-1,-1,-1,-1,-1,-1,-1,-1,-1,-1,-1,-1,-1,-1,-1,-1,-1,-1,-1,-1,-1,-1,-1,-1,0,0,0,0,0,0,-1,-1,-1,-1,-1,-1,-1,-1,-1,-1,-1,-1,0,0,0,0,0,0,-1,-1,-1,-1,-1,-1,-1,-1,-1,-1,-1,-1,-1,-1,False,False,0,0,False,54,0,0,0,0,0,0,0,0,0,0,0,0,0,0,0,1,
0,4384,2026-02-16 16:46:22Z,,6.932712,7.222752,6.642672,0.6100788,0,1.601255,0,0,0,0,0,0,5.50176,4.352257,6.651274,0.592854,0.702737,0.482971,7.399734,6.222098,8.577372,0.5852788,0,2.107679,7.206138,6.109264,8.303013,9.87467,10,9.535902,6.932712,7.222752,6.642672,0.6100788,0,1.601255,0,0,0,0,0,0,5.50176,4.352257,6.651274,0.592854,0.702737,0.482971,7.399734,6.222098,8.577372,0.5852788,0,2.107679,7.206138,6.109264,8.303013,9.87467,10,9.535902,-1,-1,-1,-1,-1,-1,-1,-1,-1,-1,-1,-1,-1,-1,-1,-1,-1,-1,-1,-1,-1,-1,-1,-1,-1,-1,-1,-1,-1,-1,-1,-1,-1,-1,-1,-1,-1,-1,-1,-1,-1,-1,-1,-1,-1,-1,-1,-1,-1,-1,0,0,0,0,0,0,-1,-1,-1,-1,-1,-1,-1,-1,-1,-1,-1,-1,0,0,0,0,0,0,-1,-1,-1,-1,-1,-1,-1,-1,-1,-1,-1,-1,-1,-1,False,False,0,0,False,54,0,0,0,0,0,0,0,0,0,0,0,0,0,0,0,1,
0,4385,2026-02-16 16:46:22Z,LLM_Empathetic,6.932712,7.222752,6.642672,0.6100788,0,1.601255,0,0,0,0,0,0,5.50176,4.352257,6.651274,0.592854,0.702737,0.482971,7.399734,6.222098,8.577372,0.5852788,0,2.107679,7.206138,6.109264,8.303013,9.87467,10,9.535902,6.932712,7.222752,6.642672,0.6100788,0,1.601255,0,0,0,0,0,0,5.50176,4.352257,6.651274,0.592854,0.702737,0.482971,7.399734,6.222098,8.577372,0.5852788,0,2.107679,7.206138,6.109264,8.303013,9.87467,10,9.535902,-1,-1,-1,-1,-1,-1,-1,-1,-1,-1,-1,-1,-1,-1,-1,-1,-1,-1,-1,-1,-1,-1,-1,-1,-1,-1,-1,-1,-1,-1,-1,-1,-1,-1,-1,-1,-1,-1,-1,-1,-1,-1,-1,-1,-1,-1,-1,-1,-1,-1,0,0,0,0,0,0,-1,-1,-1,-1,-1,-1,-1,-1,-1,-1,-1,-1,0,0,0,0,0,0,-1,-1,-1,-1,-1,-1,-1,-1,-1,-1,-1,-1,-1,-1,False,False,0,0,False,54,0,0,0,0,0,0,0,0,0,0,0,0,0,0,0,1,
0,4386,2026-02-16 16:46:23Z,LLM_Empathetic,6.932714,7.222753,6.642674,0.6100762,0,1.601254,0,0,0,0,0,0,5.501762,4.352258,6.651277,0.592854,0.702737,0.482971,7.399735,6.222098,8.577374,0.5852772,0,2.107678,7.206141,6.109265,8.303017,9.874676,10,9.535909,6.932714,7.222753,6.642674,0.6100762,0,1.601254,0,0,0,0,0,0,5.501762,4.352258,6.651277,0.592854,0.702737,0.482971,7.399735,6.222098,8.577374,0.5852772,0,2.107678,7.206141,6.109265,8.303017,9.874676,10,9.535909,-1,-1,-1,-1,-1,-1,-1,-1,-1,-1,-1,-1,-1,-1,-1,-1,-1,-1,-1,-1,-1,-1,-1,-1,-1,-1,-1,-1,-1,-1,-1,-1,-1,-1,-1,-1,-1,-1,-1,-1,-1,-1,-1,-1,-1,-1,-1,-1,-1,-1,0,0,0,0,0,0,-1,-1,-1,-1,-1,-1,-1,-1,-1,-1,-1,-1,0,0,0,0,0,0,-1,-1,-1,-1,-1,-1,-1,-1,-1,-1,-1,-1,-1,-1,False,False,0,0,False,180,0,0,0,0,0,0,0,0,0,0,0,0,0,0,0,1,
0,4387,2026-02-16 16:46:23Z,LLM_Empathetic,6.932714,7.222753,6.642674,0.6100762,0,1.601254,0,0,0,0,0,0,5.501762,4.352258,6.651277,0.592854,0.702737,0.482971,7.399735,6.222098,8.577374,0.5852772,0,2.107678,7.206141,6.109265,8.303017,9.874676,10,9.535909,6.932714,7.222753,6.642674,0.6100762,0,1.601254,0,0,0,0,0,0,5.501762,4.352258,6.651277,0.592854,0.702737,0.482971,7.399735,6.222098,8.577374,0.5852772,0,2.107678,7.206141,6.109265,8.303017,9.874676,10,9.535909,-1,-1,-1,-1,-1,-1,-1,-1,-1,-1,-1,-1,-1,-1,-1,-1,-1,-1,-1,-1,-1,-1,-1,-1,-1,-1,-1,-1,-1,-1,-1,-1,-1,-1,-1,-1,-1,-1,-1,-1,-1,-1,-1,-1,-1,-1,-1,-1,-1,-1,0,0,0,0,0,0,-1,-1,-1,-1,-1,-1,-1,-1,-1,-1,-1,-1,0,0,0,0,0,0,-1,-1,-1,-1,-1,-1,-1,-1,-1,-1,-1,-1,-1,-1,False,False,0,0,False,207,0,0,0,0,0,0,0,0,0,0,0,0,0,0,0,1,
0,4388,2026-02-16 16:46:23Z,LLM_Empathetic,6.932709,7.222752,6.642666,0.6100838,0,1.601258,0,0,0,0,0,0,5.501757,4.352256,6.651268,0.592854,0.702737,0.482971,7.399733,6.222099,8.577367,0.585282,0,2.107682,7.206133,6.109261,8.303005,9.87466,10,9.53589,6.932709,7.222752,6.642666,0.6100838,0,1.601258,0,0,0,0,0,0,5.501757,4.352256,6.651268,0.592854,0.702737,0.482971,7.399733,6.222099,8.577367,0.585282,0,2.107682,7.206133,6.109261,8.303005,9.87466,10,9.53589,-1,-1,-1,-1,-1,-1,-1,-1,-1,-1,-1,-1,-1,-1,-1,-1,-1,-1,-1,-1,-1,-1,-1,-1,-1,-1,-1,-1,-1,-1,-1,-1,-1,-1,-1,-1,-1,-1,-1,-1,-1,-1,-1,-1,-1,-1,-1,-1,-1,-1,0,0,0,0,0,0,-1,-1,-1,-1,-1,-1,-1,-1,-1,-1,-1,-1,0,0,0,0,0,0,-1,-1,-1,-1,-1,-1,-1,-1,-1,-1,-1,-1,-1,-1,False,False,0,0,False,207,0,0,0,0,0,0,0,0,0,0,0,0,0,0,0,1,
0,4389,2026-02-16 16:46:23Z,LLM_Empathetic,6.932706,7.222751,6.642661,0.6100888,0,1.601261,0,0,0,0,0,0,5.501753,4.352255,6.651261,0.592854,0.702737,0.482971,7.399731,6.2221,8.577363,0.5852852,0,2.107686,7.206128,6.109258,8.302998,9.874649,10,9.535876,6.932706,7.222751,6.642661,0.6100888,0,1.601261,0,0,0,0,0,0,5.501753,4.352255,6.651261,0.592854,0.702737,0.482971,7.399731,6.2221,8.577363,0.5852852,0,2.107686,7.206128,6.109258,8.302998,9.874649,10,9.535876,-1,-1,-1,-1,-1,-1,-1,-1,-1,-1,-1,-1,-1,-1,-1,-1,-1,-1,-1,-1,-1,-1,-1,-1,-1,-1,-1,-1,-1,-1,-1,-1,-1,-1,-1,-1,-1,-1,-1,-1,-1,-1,-1,-1,-1,-1,-1,-1,-1,-1,0,0,0,0,0,0,-1,-1,-1,-1,-1,-1,-1,-1,-1,-1,-1,-1,0,0,0,0,0,0,-1,-1,-1,-1,-1,-1,-1,-1,-1,-1,-1,-1,-1,-1,False,False,0,0,False,207,0,0,0,0,0,0,0,0,0,0,0,0,0,0,0,1,
0,4390,2026-02-16 16:46:23Z,LLM_Empathetic,6.932702,7.22275,6.642653,0.6100963,0,1.601265,0,0,0,0,0,0,5.501747,4.352253,6.651252,0.592854,0.702737,0.482971,7.399728,6.222101,8.577356,0.5852901,0,2.107691,7.20612,6.109254,8.302986,9.874633,10,9.535856,6.932702,7.22275,6.642653,0.6100963,0,1.601265,0,0,0,0,0,0,5.501747,4.352253,6.651252,0.592854,0.702737,0.482971,7.399728,6.222101,8.577356,0.5852901,0,2.107691,7.20612,6.109254,8.302986,9.874633,10,9.535856,-1,-1,-1,-1,-1,-1,-1,-1,-1,-1,-1,-1,-1,-1,-1,-1,-1,-1,-1,-1,-1,-1,-1,-1,-1,-1,-1,-1,-1,-1,-1,-1,-1,-1,-1,-1,-1,-1,-1,-1,-1,-1,-1,-1,-1,-1,-1,-1,-1,-1,0,0,0,0,0,0,-1,-1,-1,-1,-1,-1,-1,-1,-1,-1,-1,-1,0,0,0,0,0,0,-1,-1,-1,-1,-1,-1,-1,-1,-1,-1,-1,-1,-1,-1,False,False,0,0,False,207,0,0,0,0,0,0,0,0,0,0,0,0,0,0,0,1,
0,4391,2026-02-16 16:46:23Z,LLM_Empathetic,6.932697,7.222749,6.642644,0.6101038,0,1.601269,0,0,0,0,0,0,5.501741,4.352251,6.651242,0.592854,0.702737,0.482971,7.399726,6.222103,8.57735,0.5852949,0,2.107695,7.206111,6.10925,8.302975,9.874618,10,9.535836,6.932697,7.222749,6.642644,0.6101038,0,1.601269,0,0,0,0,0,0,5.501741,4.352251,6.651242,0.592854,0.702737,0.482971,7.399726,6.222103,8.57735,0.5852949,0,2.107695,7.206111,6.10925,8.302975,9.874618,10,9.535836,-1,-1,-1,-1,-1,-1,-1,-1,-1,-1,-1,-1,-1,-1,-1,-1,-1,-1,-1,-1,-1,-1,-1,-1,-1,-1,-1,-1,-1,-1,-1,-1,-1,-1,-1,-1,-1,-1,-1,-1,-1,-1,-1,-1,-1,-1,-1,-1,-1,-1,0,0,0,0,0,0,-1,-1,-1,-1,-1,-1,-1,-1,-1,-1,-1,-1,0,0,0,0,0,0,-1,-1,-1,-1,-1,-1,-1,-1,-1,-1,-1,-1,-1,-1,False,False,0,0,False,207,0,0,0,0,0,0,0,0,0,0,0,0,0,0,0,1,
0,4392,2026-02-16 16:46:23Z,LLM_Empathetic,6.932693,7.222749,6.642636,0.6101114,0,1.601273,0,0,0,0,0,0,5.501736,4.352249,6.651233,0.592854,0.702737,0.482971,7.399723,6.222104,8.577343,0.5852997,0,2.1077,7.206104,6.109245,8.302963,9.874601,10,9.535816,6.932693,7.222749,6.642636,0.6101114,0,1.601273,0,0,0,0,0,0,5.501736,4.352249,6.651233,0.592854,0.702737,0.482971,7.399723,6.222104,8.577343,0.5852997,0,2.1077,7.206104,6.109245,8.302963,9.874601,10,9.535816,-1,-1,-1,-1,-1,-1,-1,-1,-1,-1,-1,-1,-1,-1,-1,-1,-1,-1,-1,-1,-1,-1,-1,-1,-1,-1,-1,-1,-1,-1,-1,-1,-1,-1,-1,-1,-1,-1,-1,-1,-1,-1,-1,-1,-1,-1,-1,-1,-1,-1,0,0,0,0,0,0,-1,-1,-1,-1,-1,-1,-1,-1,-1,-1,-1,-1,0,0,0,0,0,0,-1,-1,-1,-1,-1,-1,-1,-1,-1,-1,-1,-1,-1,-1,False,False,0,0,False,209,0,0,0,0,0,0,0,0,0,0,0,0,0,0,0,1,
0,4393,2026-02-16 16:46:23Z,LLM_Empathetic,6.93269,7.222748,6.642631,0.6101165,0,1.601276,0,0,0,0,0,0,5.501732,4.352248,6.651227,0.592854,0.702737,0.482971,7.399722,6.222105,8.577338,0.5853029,0,2.107703,7.206099,6.109242,8.302955,9.874591,10,9.535803,6.93269,7.222748,6.642631,0.6101165,0,1.601276,0,0,0,0,0,0,5.501732,4.352248,6.651227,0.592854,0.702737,0.482971,7.399722,6.222105,8.577338,0.5853029,0,2.107703,7.206099,6.109242,8.302955,9.874591,10,9.535803,-1,-1,-1,-1,-1,-1,-1,-1,-1,-1,-1,-1,-1,-1,-1,-1,-1,-1,-1,-1,-1,-1,-1,-1,-1,-1,-1,-1,-1,-1,-1,-1,-1,-1,-1,-1,-1,-1,-1,-1,-1,-1,-1,-1,-1,-1,-1,-1,-1,-1,0,0,0,0,0,0,-1,-1,-1,-1,-1,-1,-1,-1,-1,-1,-1,-1,0,0,0,0,0,0,-1,-1,-1,-1,-1,-1,-1,-1,-1,-1,-1,-1,-1,-1,False,False,0,0,False,209,0,0,0,0,0,0,0,0,0,0,0,0,0,0,0,1,
0,4394,2026-02-16 16:46:23Z,LLM_Empathetic,6.932688,7.222748,6.642628,0.610119,0,1.601277,0,0,0,0,0,0,5.50173,4.352247,6.651223,0.592854,0.702737,0.482971,7.399721,6.222105,8.577336,0.5853046,0,2.107705,7.206096,6.109241,8.302951,9.874585,10,9.535796,6.932688,7.222748,6.642628,0.610119,0,1.601277,0,0,0,0,0,0,5.50173,4.352247,6.651223,0.592854,0.702737,0.482971,7.399721,6.222105,8.577336,0.5853046,0,2.107705,7.206096,6.109241,8.302951,9.874585,10,9.535796,-1,-1,-1,-1,-1,-1,-1,-1,-1,-1,-1,-1,-1,-1,-1,-1,-1,-1,-1,-1,-1,-1,-1,-1,-1,-1,-1,-1,-1,-1,-1,-1,-1,-1,-1,-1,-1,-1,-1,-1,-1,-1,-1,-1,-1,-1,-1,-1,-1,-1,0,0,0,0,0,0,-1,-1,-1,-1,-1,-1,-1,-1,-1,-1,-1,-1,0,0,0,0,0,0,-1,-1,-1,-1,-1,-1,-1,-1,-1,-1,-1,-1,-1,-1,False,False,0,0,False,209,0,0,0,0,0,0,0,0,0,0,0,0,0,0,0,1,
0,4395,2026-02-16 16:46:23Z,LLM_Empathetic,6.932685,7.222747,6.642623,0.6101241,0,1.60128,0,0,0,0,0,0,5.501726,4.352246,6.651217,0.592854,0.702737,0.482971,7.399719,6.222106,8.577332,0.5853078,0,2.107708,7.20609,6.109238,8.302943,9.874575,10,9.535783,6.932685,7.222747,6.642623,0.6101241,0,1.60128,0,0,0,0,0,0,5.501726,4.352246,6.651217,0.592854,0.702737,0.482971,7.399719,6.222106,8.577332,0.5853078,0,2.107708,7.20609,6.109238,8.302943,9.874575,10,9.535783,-1,-1,-1,-1,-1,-1,-1,-1,-1,-1,-1,-1,-1,-1,-1,-1,-1,-1,-1,-1,-1,-1,-1,-1,-1,-1,-1,-1,-1,-1,-1,-1,-1,-1,-1,-1,-1,-1,-1,-1,-1,-1,-1,-1,-1,-1,-1,-1,-1,-1,0,0,0,0,0,0,-1,-1,-1,-1,-1,-1,-1,-1,-1,-1,-1,-1,0,0,0,0,0,0,-1,-1,-1,-1,-1,-1,-1,-1,-1,-1,-1,-1,-1,-1,False,False,0,0,False,209,0,0,0,0,0,0,0,0,0,0,0,0,0,0,0,1,
0,4396,2026-02-16 16:46:23Z,LLM_Empathetic,6.932683,7.222747,6.64262,0.6101266,0,1.601282,0,0,0,0,0,0,5.501724,4.352245,6.651214,0.592854,0.702737,0.482971,7.399718,6.222106,8.57733,0.5853094,0,2.10771,7.206088,6.109237,8.302939,9.87457,10,9.535776,6.932683,7.222747,6.64262,0.6101266,0,1.601282,0,0,0,0,0,0,5.501724,4.352245,6.651214,0.592854,0.702737,0.482971,7.399718,6.222106,8.57733,0.5853094,0,2.10771,7.206088,6.109237,8.302939,9.87457,10,9.535776,-1,-1,-1,-1,-1,-1,-1,-1,-1,-1,-1,-1,-1,-1,-1,-1,-1,-1,-1,-1,-1,-1,-1,-1,-1,-1,-1,-1,-1,-1,-1,-1,-1,-1,-1,-1,-1,-1,-1,-1,-1,-1,-1,-1,-1,-1,-1,-1,-1,-1,0,0,0,0,0,0,-1,-1,-1,-1,-1,-1,-1,-1,-1,-1,-1,-1,0,0,0,0,0,0,-1,-1,-1,-1,-1,-1,-1,-1,-1,-1,-1,-1,-1,-1,False,False,0,0,False,209,0,0,0,0,0,0,0,0,0,0,0,0,0,0,0,1,
0,4397,2026-02-16 16:46:23Z,LLM_Empathetic,6.932682,7.222747,6.642618,0.6101291,0,1.601283,0,0,0,0,0,0,5.501722,4.352245,6.65121,0.592854,0.702737,0.482971,7.399717,6.222107,8.577328,0.5853111,0,2.107712,7.206085,6.109235,8.302936,9.874564,10,9.535769,6.932682,7.222747,6.642618,0.6101291,0,1.601283,0,0,0,0,0,0,5.501722,4.352245,6.65121,0.592854,0.702737,0.482971,7.399717,6.222107,8.577328,0.5853111,0,2.107712,7.206085,6.109235,8.302936,9.874564,10,9.535769,-1,-1,-1,-1,-1,-1,-1,-1,-1,-1,-1,-1,-1,-1,-1,-1,-1,-1,-1,-1,-1,-1,-1,-1,-1,-1,-1,-1,-1,-1,-1,-1,-1,-1,-1,-1,-1,-1,-1,-1,-1,-1,-1,-1,-1,-1,-1,-1,-1,-1,0,0,0,0,0,0,-1,-1,-1,-1,-1,-1,-1,-1,-1,-1,-1,-1,0,0,0,0,0,0,-1,-1,-1,-1,-1,-1,-1,-1,-1,-1,-1,-1,-1,-1,False,False,0,0,False,209,0,0,0,0,0,0,0,0,0,0,0,0,0,0,0,1,
0,4398,2026-02-16 16:46:23Z,LLM_Empathetic,6.932679,7.222746,6.642612,0.6101341,0,1.601286,0,0,0,0,0,0,5.501719,4.352243,6.651204,0.592854,0.702737,0.482971,7.399715,6.222108,8.577323,0.5853143,0,2.107715,7.20608,6.109232,8.302928,9.874554,10,9.535756,6.932679,7.222746,6.642612,0.6101341,0,1.601286,0,0,0,0,0,0,5.501719,4.352243,6.651204,0.592854,0.702737,0.482971,7.399715,6.222108,8.577323,0.5853143,0,2.107715,7.20608,6.109232,8.302928,9.874554,10,9.535756,-1,-1,-1,-1,-1,-1,-1,-1,-1,-1,-1,-1,-1,-1,-1,-1,-1,-1,-1,-1,-1,-1,-1,-1,-1,-1,-1,-1,-1,-1,-1,-1,-1,-1,-1,-1,-1,-1,-1,-1,-1,-1,-1,-1,-1,-1,-1,-1,-1,-1,0,0,0,0,0,0,-1,-1,-1,-1,-1,-1,-1,-1,-1,-1,-1,-1,0,0,0,0,0,0,-1,-1,-1,-1,-1,-1,-1,-1,-1,-1,-1,-1,-1,-1,False,False,0,0,False,209,0,0,0,0,0,0,0,0,0,0,0,0,0,0,0,1,
0,4399,2026-02-16 16:46:23Z,LLM_Empathetic,6.932678,7.222746,6.64261,0.6101367,0,1.601287,0,0,0,0,0,0,5.501717,4.352243,6.651201,0.592854,0.702737,0.482971,7.399714,6.222108,8.577321,0.5853159,0,2.107716,7.206077,6.109231,8.302924,9.874549,10,9.535749,6.932678,7.222746,6.64261,0.6101367,0,1.601287,0,0,0,0,0,0,5.501717,4.352243,6.651201,0.592854,0.702737,0.482971,7.399714,6.222108,8.577321,0.5853159,0,2.107716,7.206077,6.109231,8.302924,9.874549,10,9.535749,-1,-1,-1,-1,-1,-1,-1,-1,-1,-1,-1,-1,-1,-1,-1,-1,-1,-1,-1,-1,-1,-1,-1,-1,-1,-1,-1,-1,-1,-1,-1,-1,-1,-1,-1,-1,-1,-1,-1,-1,-1,-1,-1,-1,-1,-1,-1,-1,-1,-1,0,0,0,0,0,0,-1,-1,-1,-1,-1,-1,-1,-1,-1,-1,-1,-1,0,0,0,0,0,0,-1,-1,-1,-1,-1,-1,-1,-1,-1,-1,-1,-1,-1,-1,False,False,0,0,False,207,0,0,0,0,0,0,0,0,0,0,0,0,0,0,0,1,
0,4400,2026-02-16 16:46:23Z,LLM_Empathetic,6.932675,7.222745,6.642604,0.6101418,0,1.60129,0,0,0,0,0,0,5.501713,4.352242,6.651195,0.592854,0.702737,0.482971,7.399713,6.222109,8.577316,0.5853192,0,2.107719,7.206072,6.109228,8.302917,9.874537,10,9.535736,6.932675,7.222745,6.642604,0.6101418,0,1.60129,0,0,0,0,0,0,5.501713,4.352242,6.651195,0.592854,0.702737,0.482971,7.399713,6.222109,8.577316,0.5853192,0,2.107719,7.206072,6.109228,8.302917,9.874537,10,9.535736,-1,-1,-1,-1,-1,-1,-1,-1,-1,-1,-1,-1,-1,-1,-1,-1,-1,-1,-1,-1,-1,-1,-1,-1,-1,-1,-1,-1,-1,-1,-1,-1,-1,-1,-1,-1,-1,-1,-1,-1,-1,-1,-1,-1,-1,-1,-1,-1,-1,-1,0,0,0,0,0,0,-1,-1,-1,-1,-1,-1,-1,-1,-1,-1,-1,-1,0,0,0,0,0,0,-1,-1,-1,-1,-1,-1,-1,-1,-1,-1,-1,-1,-1,-1,False,False,0,0,False,207,0,0,0,0,0,0,0,0,0,0,0,0,0,0,0,1,
0,4401,2026-02-16 16:46:23Z,LLM_Empathetic,6.932673,7.222745,6.642601,0.6101443,0,1.601291,0,0,0,0,0,0,5.501711,4.352241,6.651191,0.592854,0.702737,0.482971,7.399712,6.22211,8.577314,0.5853208,0,2.107721,7.206069,6.109227,8.302913,9.874533,10,9.535729,6.932673,7.222745,6.642601,0.6101443,0,1.601291,0,0,0,0,0,0,5.501711,4.352241,6.651191,0.592854,0.702737,0.482971,7.399712,6.22211,8.577314,0.5853208,0,2.107721,7.206069,6.109227,8.302913,9.874533,10,9.535729,-1,-1,-1,-1,-1,-1,-1,-1,-1,-1,-1,-1,-1,-1,-1,-1,-1,-1,-1,-1,-1,-1,-1,-1,-1,-1,-1,-1,-1,-1,-1,-1,-1,-1,-1,-1,-1,-1,-1,-1,-1,-1,-1,-1,-1,-1,-1,-1,-1,-1,0,0,0,0,0,0,-1,-1,-1,-1,-1,-1,-1,-1,-1,-1,-1,-1,0,0,0,0,0,0,-1,-1,-1,-1,-1,-1,-1,-1,-1,-1,-1,-1,-1,-1,False,False,0,0,False,209,0,0,0,0,0,0,0,0,0,0,0,0,0,0,0,1,
0,4402,2026-02-16 16:46:23Z,LLM_Empathetic,6.93267,7.222744,6.642596,0.6101493,0,1.601294,0,0,0,0,0,0,5.501707,4.35224,6.651185,0.592854,0.702737,0.482971,7.39971,6.222111,8.57731,0.585324,0,2.107724,7.206064,6.109224,8.302905,9.874522,10,9.535716,6.93267,7.222744,6.642596,0.6101493,0,1.601294,0,0,0,0,0,0,5.501707,4.35224,6.651185,0.592854,0.702737,0.482971,7.39971,6.222111,8.57731,0.585324,0,2.107724,7.206064,6.109224,8.302905,9.874522,10,9.535716,-1,-1,-1,-1,-1,-1,-1,-1,-1,-1,-1,-1,-1,-1,-1,-1,-1,-1,-1,-1,-1,-1,-1,-1,-1,-1,-1,-1,-1,-1,-1,-1,-1,-1,-1,-1,-1,-1,-1,-1,-1,-1,-1,-1,-1,-1,-1,-1,-1,-1,0,0,0,0,0,0,-1,-1,-1,-1,-1,-1,-1,-1,-1,-1,-1,-1,0,0,0,0,0,0,-1,-1,-1,-1,-1,-1,-1,-1,-1,-1,-1,-1,-1,-1,False,False,0,0,False,209,0,0,0,0,0,0,0,0,0,0,0,0,0,0,0,1,
0,4403,2026-02-16 16:46:23Z,LLM_Empathetic,6.932667,7.222744,6.642591,0.6101544,0,1.601297,0,0,0,0,0,0,5.501703,4.352238,6.651178,0.592854,0.702737,0.482971,7.399708,6.222112,8.577306,0.5853273,0,2.107728,7.206059,6.109221,8.302896,9.874512,10,9.535703,6.932667,7.222744,6.642591,0.6101544,0,1.601297,0,0,0,0,0,0,5.501703,4.352238,6.651178,0.592854,0.702737,0.482971,7.399708,6.222112,8.577306,0.5853273,0,2.107728,7.206059,6.109221,8.302896,9.874512,10,9.535703,-1,-1,-1,-1,-1,-1,-1,-1,-1,-1,-1,-1,-1,-1,-1,-1,-1,-1,-1,-1,-1,-1,-1,-1,-1,-1,-1,-1,-1,-1,-1,-1,-1,-1,-1,-1,-1,-1,-1,-1,-1,-1,-1,-1,-1,-1,-1,-1,-1,-1,0,0,0,0,0,0,-1,-1,-1,-1,-1,-1,-1,-1,-1,-1,-1,-1,0,0,0,0,0,0,-1,-1,-1,-1,-1,-1,-1,-1,-1,-1,-1,-1,-1,-1,False,False,0,0,False,209,0,0,0,0,0,0,0,0,0,0,0,0,0,0,0,1,
0,4404,2026-02-16 16:46:24Z,LLM_Empathetic,6.932664,7.222744,6.642585,0.6101595,0,1.6013,0,0,0,0,0,0,5.501699,4.352237,6.651172,0.592854,0.702737,0.482971,7.399707,6.222113,8.577301,0.5853305,0,2.107731,7.206053,6.109218,8.302889,9.8745,10,9.535689,6.932664,7.222744,6.642585,0.6101595,0,1.6013,0,0,0,0,0,0,5.501699,4.352237,6.651172,0.592854,0.702737,0.482971,7.399707,6.222113,8.577301,0.5853305,0,2.107731,7.206053,6.109218,8.302889,9.8745,10,9.535689,-1,-1,-1,-1,-1,-1,-1,-1,-1,-1,-1,-1,-1,-1,-1,-1,-1,-1,-1,-1,-1,-1,-1,-1,-1,-1,-1,-1,-1,-1,-1,-1,-1,-1,-1,-1,-1,-1,-1,-1,-1,-1,-1,-1,-1,-1,-1,-1,-1,-1,0,0,0,0,0,0,-1,-1,-1,-1,-1,-1,-1,-1,-1,-1,-1,-1,0,0,0,0,0,0,-1,-1,-1,-1,-1,-1,-1,-1,-1,-1,-1,-1,-1,-1,False,False,0,0,False,209,0,0,0,0,0,0,0,0,0,0,0,0,0,0,0,1,
0,4405,2026-02-16 16:46:24Z,LLM_Empathetic,6.932662,7.222743,6.64258,0.6101645,0,1.601303,0,0,0,0,0,0,5.501696,4.352236,6.651165,0.592854,0.702737,0.482971,7.399705,6.222113,8.577297,0.5853338,0,2.107734,7.206048,6.109215,8.302881,9.87449,10,9.535676,6.932662,7.222743,6.64258,0.6101645,0,1.601303,0,0,0,0,0,0,5.501696,4.352236,6.651165,0.592854,0.702737,0.482971,7.399705,6.222113,8.577297,0.5853338,0,2.107734,7.206048,6.109215,8.302881,9.87449,10,9.535676,-1,-1,-1,-1,-1,-1,-1,-1,-1,-1,-1,-1,-1,-1,-1,-1,-1,-1,-1,-1,-1,-1,-1,-1,-1,-1,-1,-1,-1,-1,-1,-1,-1,-1,-1,-1,-1,-1,-1,-1,-1,-1,-1,-1,-1,-1,-1,-1,-1,-1,0,0,0,0,0,0,-1,-1,-1,-1,-1,-1,-1,-1,-1,-1,-1,-1,0,0,0,0,0,0,-1,-1,-1,-1,-1,-1,-1,-1,-1,-1,-1,-1,-1,-1,False,False,0,0,False,209,0,0,0,0,0,0,0,0,0,0,0,0,0,0,0,1,
0,4406,2026-02-16 16:46:24Z,LLM_Empathetic,6.932658,7.222743,6.642574,0.6101696,0,1.601305,0,0,0,0,0,0,5.501692,4.352234,6.651159,0.592854,0.702737,0.482971,7.399703,6.222114,8.577292,0.585337,0,2.107737,7.206043,6.109212,8.302874,9.874479,10,9.535663,6.932658,7.222743,6.642574,0.6101696,0,1.601305,0,0,0,0,0,0,5.501692,4.352234,6.651159,0.592854,0.702737,0.482971,7.399703,6.222114,8.577292,0.585337,0,2.107737,7.206043,6.109212,8.302874,9.874479,10,9.535663,-1,-1,-1,-1,-1,-1,-1,-1,-1,-1,-1,-1,-1,-1,-1,-1,-1,-1,-1,-1,-1,-1,-1,-1,-1,-1,-1,-1,-1,-1,-1,-1,-1,-1,-1,-1,-1,-1,-1,-1,-1,-1,-1,-1,-1,-1,-1,-1,-1,-1,0,0,0,0,0,0,-1,-1,-1,-1,-1,-1,-1,-1,-1,-1,-1,-1,0,0,0,0,0,0,-1,-1,-1,-1,-1,-1,-1,-1,-1,-1,-1,-1,-1,-1,False,False,0,0,False,209,0,0,0,0,0,0,0,0,0,0,0,0,0,0,0,1,
0,4407,2026-02-16 16:46:24Z,LLM_Empathetic,6.932655,7.222742,6.642569,0.6101747,0,1.601308,0,0,0,0,0,0,5.501688,4.352233,6.651153,0.592854,0.702737,0.482971,7.399701,6.222115,8.577288,0.5853403,0,2.107741,7.206037,6.10921,8.302866,9.874469,10,9.535649,6.932655,7.222742,6.642569,0.6101747,0,1.601308,0,0,0,0,0,0,5.501688,4.352233,6.651153,0.592854,0.702737,0.482971,7.399701,6.222115,8.577288,0.5853403,0,2.107741,7.206037,6.10921,8.302866,9.874469,10,9.535649,-1,-1,-1,-1,-1,-1,-1,-1,-1,-1,-1,-1,-1,-1,-1,-1,-1,-1,-1,-1,-1,-1,-1,-1,-1,-1,-1,-1,-1,-1,-1,-1,-1,-1,-1,-1,-1,-1,-1,-1,-1,-1,-1,-1,-1,-1,-1,-1,-1,-1,0,0,0,0,0,0,-1,-1,-1,-1,-1,-1,-1,-1,-1,-1,-1,-1,0,0,0,0,0,0,-1,-1,-1,-1,-1,-1,-1,-1,-1,-1,-1,-1,-1,-1,False,False,0,0,False,209,0,0,0,0,0,0,0,0,0,0,0,0,0,0,0,1,
0,4408,2026-02-16 16:46:24Z,LLM_Empathetic,6.932654,7.222742,6.642566,0.6101773,0,1.60131,0,0,0,0,0,0,5.501686,4.352232,6.65115,0.592854,0.702737,0.482971,7.399701,6.222116,8.577286,0.5853419,0,2.107742,7.206035,6.109208,8.302862,9.874463,10,9.535643,6.932654,7.222742,6.642566,0.6101773,0,1.60131,0,0,0,0,0,0,5.501686,4.352232,6.65115,0.592854,0.702737,0.482971,7.399701,6.222116,8.577286,0.5853419,0,2.107742,7.206035,6.109208,8.302862,9.874463,10,9.535643,-1,-1,-1,-1,-1,-1,-1,-1,-1,-1,-1,-1,-1,-1,-1,-1,-1,-1,-1,-1,-1,-1,-1,-1,-1,-1,-1,-1,-1,-1,-1,-1,-1,-1,-1,-1,-1,-1,-1,-1,-1,-1,-1,-1,-1,-1,-1,-1,-1,-1,0,0,0,0,0,0,-1,-1,-1,-1,-1,-1,-1,-1,-1,-1,-1,-1,0,0,0,0,0,0,-1,-1,-1,-1,-1,-1,-1,-1,-1,-1,-1,-1,-1,-1,False,False,0,0,False,209,0,0,0,0,0,0,0,0,0,0,0,0,0,0,0,1,
0,4409,2026-02-16 16:46:24Z,LLM_Empathetic,6.932651,7.222741,6.64256,0.6101823,0,1.601312,0,0,0,0,0,0,5.501682,4.352232,6.651143,0.592854,0.702737,0.482971,7.399699,6.222116,8.577281,0.5853452,0,2.107746,7.206029,6.109205,8.302855,9.874453,10,9.535629,6.932651,7.222741,6.64256,0.6101823,0,1.601312,0,0,0,0,0,0,5.501682,4.352232,6.651143,0.592854,0.702737,0.482971,7.399699,6.222116,8.577281,0.5853452,0,2.107746,7.206029,6.109205,8.302855,9.874453,10,9.535629,-1,-1,-1,-1,-1,-1,-1,-1,-1,-1,-1,-1,-1,-1,-1,-1,-1,-1,-1,-1,-1,-1,-1,-1,-1,-1,-1,-1,-1,-1,-1,-1,-1,-1,-1,-1,-1,-1,-1,-1,-1,-1,-1,-1,-1,-1,-1,-1,-1,-1,0,0,0,0,0,0,-1,-1,-1,-1,-1,-1,-1,-1,-1,-1,-1,-1,0,0,0,0,0,0,-1,-1,-1,-1,-1,-1,-1,-1,-1,-1,-1,-1,-1,-1,False,False,0,0,False,207,0,0,0,0,0,0,0,0,0,0,0,0,0,0,0,1,
0,4410,2026-02-16 16:46:24Z,LLM_Empathetic,6.932648,7.222741,6.642555,0.6101875,0,1.601315,0,0,0,0,0,0,5.501678,4.35223,6.651137,0.592854,0.702737,0.482971,7.399697,6.222117,8.577277,0.5853484,0,2.107749,7.206024,6.109202,8.302846,9.874442,10,9.535616,6.932648,7.222741,6.642555,0.6101875,0,1.601315,0,0,0,0,0,0,5.501678,4.35223,6.651137,0.592854,0.702737,0.482971,7.399697,6.222117,8.577277,0.5853484,0,2.107749,7.206024,6.109202,8.302846,9.874442,10,9.535616,-1,-1,-1,-1,-1,-1,-1,-1,-1,-1,-1,-1,-1,-1,-1,-1,-1,-1,-1,-1,-1,-1,-1,-1,-1,-1,-1,-1,-1,-1,-1,-1,-1,-1,-1,-1,-1,-1,-1,-1,-1,-1,-1,-1,-1,-1,-1,-1,-1,-1,0,0,0,0,0,0,-1,-1,-1,-1,-1,-1,-1,-1,-1,-1,-1,-1,0,0,0,0,0,0,-1,-1,-1,-1,-1,-1,-1,-1,-1,-1,-1,-1,-1,-1,False,False,0,0,False,207,0,0,0,0,0,0,0,0,0,0,0,0,0,0,0,1,
0,4411,2026-02-16 16:46:24Z,LLM_Empathetic,6.932645,7.22274,6.64255,0.6101925,0,1.601318,0,0,0,0,0,0,5.501674,4.352229,6.65113,0.592854,0.702737,0.482971,7.399695,6.222118,8.577272,0.5853517,0,2.107752,7.206018,6.1092,8.302838,9.874432,10,9.535603,6.932645,7.22274,6.64255,0.6101925,0,1.601318,0,0,0,0,0,0,5.501674,4.352229,6.65113,0.592854,0.702737,0.482971,7.399695,6.222118,8.577272,0.5853517,0,2.107752,7.206018,6.1092,8.302838,9.874432,10,9.535603,-1,-1,-1,-1,-1,-1,-1,-1,-1,-1,-1,-1,-1,-1,-1,-1,-1,-1,-1,-1,-1,-1,-1,-1,-1,-1,-1,-1,-1,-1,-1,-1,-1,-1,-1,-1,-1,-1,-1,-1,-1,-1,-1,-1,-1,-1,-1,-1,-1,-1,0,0,0,0,0,0,-1,-1,-1,-1,-1,-1,-1,-1,-1,-1,-1,-1,0,0,0,0,0,0,-1,-1,-1,-1,-1,-1,-1,-1,-1,-1,-1,-1,-1,-1,False,False,0,0,False,207,0,0,0,0,0,0,0,0,0,0,0,0,0,0,0,1,
0,4412,2026-02-16 16:46:24Z,LLM_Empathetic,6.932642,7.222739,6.642544,0.6101977,0,1.601321,0,0,0,0,0,0,5.50167,4.352228,6.651124,0.592854,0.702737,0.482971,7.399693,6.222119,8.577268,0.585355,0,2.107755,7.206013,6.109197,8.302831,9.87442,10,9.535589,6.932642,7.222739,6.642544,0.6101977,0,1.601321,0,0,0,0,0,0,5.50167,4.352228,6.651124,0.592854,0.702737,0.482971,7.399693,6.222119,8.577268,0.585355,0,2.107755,7.206013,6.109197,8.302831,9.87442,10,9.535589,-1,-1,-1,-1,-1,-1,-1,-1,-1,-1,-1,-1,-1,-1,-1,-1,-1,-1,-1,-1,-1,-1,-1,-1,-1,-1,-1,-1,-1,-1,-1,-1,-1,-1,-1,-1,-1,-1,-1,-1,-1,-1,-1,-1,-1,-1,-1,-1,-1,-1,0,0,0,0,0,0,-1,-1,-1,-1,-1,-1,-1,-1,-1,-1,-1,-1,0,0,0,0,0,0,-1,-1,-1,-1,-1,-1,-1,-1,-1,-1,-1,-1,-1,-1,False,False,0,0,False,209,0,0,0,0,0,0,0,0,0,0,0,0,0,0,0,1,
0,4413,2026-02-16 16:46:24Z,LLM_Empathetic,6.932637,7.222739,6.642536,0.6102054,0,1.601325,0,0,0,0,0,0,5.501665,4.352226,6.651114,0.592854,0.702737,0.482971,7.399691,6.222121,8.577261,0.5853599,0,2.10776,7.206005,6.109192,8.302819,9.874404,10,9.535569,6.932637,7.222739,6.642536,0.6102054,0,1.601325,0,0,0,0,0,0,5.501665,4.352226,6.651114,0.592854,0.702737,0.482971,7.399691,6.222121,8.577261,0.5853599,0,2.10776,7.206005,6.109192,8.302819,9.874404,10,9.535569,-1,-1,-1,-1,-1,-1,-1,-1,-1,-1,-1,-1,-1,-1,-1,-1,-1,-1,-1,-1,-1,-1,-1,-1,-1,-1,-1,-1,-1,-1,-1,-1,-1,-1,-1,-1,-1,-1,-1,-1,-1,-1,-1,-1,-1,-1,-1,-1,-1,-1,0,0,0,0,0,0,-1,-1,-1,-1,-1,-1,-1,-1,-1,-1,-1,-1,0,0,0,0,0,0,-1,-1,-1,-1,-1,-1,-1,-1,-1,-1,-1,-1,-1,-1,False,False,0,0,False,207,0,0,0,0,0,0,0,0,0,0,0,0,0,0,0,1,
0,4414,2026-02-16 16:46:24Z,LLM_Empathetic,6.932634,7.222738,6.64253,0.6102104,0,1.601328,0,0,0,0,0,0,5.501661,4.352224,6.651108,0.592854,0.702737,0.482971,7.399689,6.222121,8.577257,0.5853631,0,2.107764,7.206,6.109189,8.302811,9.874393,10,9.535556,6.932634,7.222738,6.64253,0.6102104,0,1.601328,0,0,0,0,0,0,5.501661,4.352224,6.651108,0.592854,0.702737,0.482971,7.399689,6.222121,8.577257,0.5853631,0,2.107764,7.206,6.109189,8.302811,9.874393,10,9.535556,-1,-1,-1,-1,-1,-1,-1,-1,-1,-1,-1,-1,-1,-1,-1,-1,-1,-1,-1,-1,-1,-1,-1,-1,-1,-1,-1,-1,-1,-1,-1,-1,-1,-1,-1,-1,-1,-1,-1,-1,-1,-1,-1,-1,-1,-1,-1,-1,-1,-1,0,0,0,0,0,0,-1,-1,-1,-1,-1,-1,-1,-1,-1,-1,-1,-1,0,0,0,0,0,0,-1,-1,-1,-1,-1,-1,-1,-1,-1,-1,-1,-1,-1,-1,False,False,0,0,False,209,0,0,0,0,0,0,0,0,0,0,0,0,0,0,0,1,
0,4415,2026-02-16 16:46:24Z,LLM_Empathetic,6.93263,7.222737,6.642522,0.6102181,0,1.601332,0,0,0,0,0,0,5.501655,4.352222,6.651098,0.592854,0.702737,0.482971,7.399686,6.222123,8.57725,0.5853681,0,2.107769,7.205992,6.109185,8.302799,9.874377,10,9.535535,6.93263,7.222737,6.642522,0.6102181,0,1.601332,0,0,0,0,0,0,5.501655,4.352222,6.651098,0.592854,0.702737,0.482971,7.399686,6.222123,8.57725,0.5853681,0,2.107769,7.205992,6.109185,8.302799,9.874377,10,9.535535,-1,-1,-1,-1,-1,-1,-1,-1,-1,-1,-1,-1,-1,-1,-1,-1,-1,-1,-1,-1,-1,-1,-1,-1,-1,-1,-1,-1,-1,-1,-1,-1,-1,-1,-1,-1,-1,-1,-1,-1,-1,-1,-1,-1,-1,-1,-1,-1,-1,-1,0,0,0,0,0,0,-1,-1,-1,-1,-1,-1,-1,-1,-1,-1,-1,-1,0,0,0,0,0,0,-1,-1,-1,-1,-1,-1,-1,-1,-1,-1,-1,-1,-1,-1,False,False,0,0,False,209,0,0,0,0,0,0,0,0,0,0,0,0,0,0,0,1,
0,4416,2026-02-16 16:46:24Z,LLM_Empathetic,6.932627,7.222737,6.642517,0.6102232,0,1.601335,0,0,0,0,0,0,5.501651,4.352221,6.651092,0.592854,0.702737,0.482971,7.399684,6.222124,8.577246,0.5853714,0,2.107772,7.205986,6.109182,8.302792,9.874367,10,9.535522,6.932627,7.222737,6.642517,0.6102232,0,1.601335,0,0,0,0,0,0,5.501651,4.352221,6.651092,0.592854,0.702737,0.482971,7.399684,6.222124,8.577246,0.5853714,0,2.107772,7.205986,6.109182,8.302792,9.874367,10,9.535522,-1,-1,-1,-1,-1,-1,-1,-1,-1,-1,-1,-1,-1,-1,-1,-1,-1,-1,-1,-1,-1,-1,-1,-1,-1,-1,-1,-1,-1,-1,-1,-1,-1,-1,-1,-1,-1,-1,-1,-1,-1,-1,-1,-1,-1,-1,-1,-1,-1,-1,0,0,0,0,0,0,-1,-1,-1,-1,-1,-1,-1,-1,-1,-1,-1,-1,0,0,0,0,0,0,-1,-1,-1,-1,-1,-1,-1,-1,-1,-1,-1,-1,-1,-1,False,False,0,0,False,209,0,0,0,0,0,0,0,0,0,0,0,0,0,0,0,1,
0,4417,2026-02-16 16:46:24Z,LLM_Empathetic,6.932624,7.222736,6.642511,0.6102284,0,1.601338,0,0,0,0,0,0,5.501647,4.35222,6.651085,0.592854,0.702737,0.482971,7.399683,6.222125,8.577241,0.5853747,0,2.107775,7.205981,6.109179,8.302784,9.874356,10,9.535508,6.932624,7.222736,6.642511,0.6102284,0,1.601338,0,0,0,0,0,0,5.501647,4.35222,6.651085,0.592854,0.702737,0.482971,7.399683,6.222125,8.577241,0.5853747,0,2.107775,7.205981,6.109179,8.302784,9.874356,10,9.535508,-1,-1,-1,-1,-1,-1,-1,-1,-1,-1,-1,-1,-1,-1,-1,-1,-1,-1,-1,-1,-1,-1,-1,-1,-1,-1,-1,-1,-1,-1,-1,-1,-1,-1,-1,-1,-1,-1,-1,-1,-1,-1,-1,-1,-1,-1,-1,-1,-1,-1,0,0,0,0,0,0,-1,-1,-1,-1,-1,-1,-1,-1,-1,-1,-1,-1,0,0,0,0,0,0,-1,-1,-1,-1,-1,-1,-1,-1,-1,-1,-1,-1,-1,-1,False,False,0,0,False,207,0,0,0,0,0,0,0,0,0,0,0,0,0,0,0,1,
0,4418,2026-02-16 16:46:25Z,LLM_Empathetic,6.932618,7.222735,6.6425,0.6102386,0,1.601344,0,0,0,0,0,0,5.501639,4.352217,6.651072,0.592854,0.702737,0.482971,7.399679,6.222126,8.577232,0.5853812,0,2.107782,7.20597,6.109173,8.302768,9.874334,10,9.535481,6.932618,7.222735,6.6425,0.6102386,0,1.601344,0,0,0,0,0,0,5.501639,4.352217,6.651072,0.592854,0.702737,0.482971,7.399679,6.222126,8.577232,0.5853812,0,2.107782,7.20597,6.109173,8.302768,9.874334,10,9.535481,-1,-1,-1,-1,-1,-1,-1,-1,-1,-1,-1,-1,-1,-1,-1,-1,-1,-1,-1,-1,-1,-1,-1,-1,-1,-1,-1,-1,-1,-1,-1,-1,-1,-1,-1,-1,-1,-1,-1,-1,-1,-1,-1,-1,-1,-1,-1,-1,-1,-1,0,0,0,0,0,0,-1,-1,-1,-1,-1,-1,-1,-1,-1,-1,-1,-1,0,0,0,0,0,0,-1,-1,-1,-1,-1,-1,-1,-1,-1,-1,-1,-1,-1,-1,False,False,0,0,False,207,0,0,0,0,0,0,0,0,0,0,0,0,0,0,0,1,
0,4419,2026-02-16 16:46:25Z,LLM_Empathetic,6.932584,7.222729,6.642439,0.6102954,0,1.601375,0,0,0,0,0,0,5.501596,4.352203,6.651,0.592854,0.702737,0.482971,7.39966,6.222136,8.577184,0.5854176,0,2.107818,7.20591,6.109141,8.302681,9.874215,10,9.535332,6.932584,7.222729,6.642439,0.6102954,0,1.601375,0,0,0,0,0,0,5.501596,4.352203,6.651,0.592854,0.702737,0.482971,7.39966,6.222136,8.577184,0.5854176,0,2.107818,7.20591,6.109141,8.302681,9.874215,10,9.535332,-1,-1,-1,-1,-1,-1,-1,-1,-1,-1,-1,-1,-1,-1,-1,-1,-1,-1,-1,-1,-1,-1,-1,-1,-1,-1,-1,-1,-1,-1,-1,-1,-1,-1,-1,-1,-1,-1,-1,-1,-1,-1,-1,-1,-1,-1,-1,-1,-1,-1,0,0,0,0,0,0,-1,-1,-1,-1,-1,-1,-1,-1,-1,-1,-1,-1,0,0,0,0,0,0,-1,-1,-1,-1,-1,-1,-1,-1,-1,-1,-1,-1,-1,-1,False,False,0,0,False,209,0,0,0,0,0,0,0,0,0,0,0,0,0,0,0,1,
0,4420,2026-02-16 16:46:25Z,LLM_Empathetic,6.932581,7.222728,6.642434,0.6103005,0,1.601378,0,0,0,0,0,0,5.501593,4.352202,6.650994,0.592854,0.702737,0.482971,7.399658,6.222137,8.577179,0.5854208,0,2.107821,7.205905,6.109138,8.302673,9.874205,10,9.535318,6.932581,7.222728,6.642434,0.6103005,0,1.601378,0,0,0,0,0,0,5.501593,4.352202,6.650994,0.592854,0.702737,0.482971,7.399658,6.222137,8.577179,0.5854208,0,2.107821,7.205905,6.109138,8.302673,9.874205,10,9.535318,-1,-1,-1,-1,-1,-1,-1,-1,-1,-1,-1,-1,-1,-1,-1,-1,-1,-1,-1,-1,-1,-1,-1,-1,-1,-1,-1,-1,-1,-1,-1,-1,-1,-1,-1,-1,-1,-1,-1,-1,-1,-1,-1,-1,-1,-1,-1,-1,-1,-1,0,0,0,0,0,0,-1,-1,-1,-1,-1,-1,-1,-1,-1,-1,-1,-1,0,0,0,0,0,0,-1,-1,-1,-1,-1,-1,-1,-1,-1,-1,-1,-1,-1,-1,False,False,0,0,False,207,0,0,0,0,0,0,0,0,0,0,0,0,0,0,0,1,
0,4421,2026-02-16 16:46:25Z,LLM_Empathetic,6.932578,7.222728,6.642428,0.6103057,0,1.60138,0,0,0,0,0,0,5.501589,4.352201,6.650987,0.592854,0.702737,0.482971,7.399656,6.222138,8.577174,0.5854242,0,2.107825,7.2059,6.109135,8.302665,9.874193,10,9.535304,6.932578,7.222728,6.642428,0.6103057,0,1.60138,0,0,0,0,0,0,5.501589,4.352201,6.650987,0.592854,0.702737,0.482971,7.399656,6.222138,8.577174,0.5854242,0,2.107825,7.2059,6.109135,8.302665,9.874193,10,9.535304,-1,-1,-1,-1,-1,-1,-1,-1,-1,-1,-1,-1,-1,-1,-1,-1,-1,-1,-1,-1,-1,-1,-1,-1,-1,-1,-1,-1,-1,-1,-1,-1,-1,-1,-1,-1,-1,-1,-1,-1,-1,-1,-1,-1,-1,-1,-1,-1,-1,-1,0,0,0,0,0,0,-1,-1,-1,-1,-1,-1,-1,-1,-1,-1,-1,-1,0,0,0,0,0,0,-1,-1,-1,-1,-1,-1,-1,-1,-1,-1,-1,-1,-1,-1,False,False,0,0,False,207,0,0,0,0,0,0,0,0,0,0,0,0,0,0,0,1,
0,4422,2026-02-16 16:46:25Z,LLM_Empathetic,6.932575,7.222727,6.642423,0.6103109,0,1.601383,0,0,0,0,0,0,5.501585,4.352199,6.65098,0.592854,0.702737,0.482971,7.399654,6.222139,8.577169,0.5854275,0,2.107828,7.205894,6.109132,8.302657,9.874183,10,9.535291,6.932575,7.222727,6.642423,0.6103109,0,1.601383,0,0,0,0,0,0,5.501585,4.352199,6.65098,0.592854,0.702737,0.482971,7.399654,6.222139,8.577169,0.5854275,0,2.107828,7.205894,6.109132,8.302657,9.874183,10,9.535291,-1,-1,-1,-1,-1,-1,-1,-1,-1,-1,-1,-1,-1,-1,-1,-1,-1,-1,-1,-1,-1,-1,-1,-1,-1,-1,-1,-1,-1,-1,-1,-1,-1,-1,-1,-1,-1,-1,-1,-1,-1,-1,-1,-1,-1,-1,-1,-1,-1,-1,0,0,0,0,0,0,-1,-1,-1,-1,-1,-1,-1,-1,-1,-1,-1,-1,0,0,0,0,0,0,-1,-1,-1,-1,-1,-1,-1,-1,-1,-1,-1,-1,-1,-1,False,False,0,0,False,207,0,0,0,0,0,0,0,0,0,0,0,0,0,0,0,1,
0,4423,2026-02-16 16:46:25Z,LLM_Empathetic,6.932572,7.222727,6.642417,0.6103161,0,1.601386,0,0,0,0,0,0,5.501581,4.352198,6.650974,0.592854,0.702737,0.482971,7.399652,6.22214,8.577166,0.5854309,0,2.107831,7.205889,6.109129,8.302649,9.874172,10,9.535277,6.932572,7.222727,6.642417,0.6103161,0,1.601386,0,0,0,0,0,0,5.501581,4.352198,6.650974,0.592854,0.702737,0.482971,7.399652,6.22214,8.577166,0.5854309,0,2.107831,7.205889,6.109129,8.302649,9.874172,10,9.535277,-1,-1,-1,-1,-1,-1,-1,-1,-1,-1,-1,-1,-1,-1,-1,-1,-1,-1,-1,-1,-1,-1,-1,-1,-1,-1,-1,-1,-1,-1,-1,-1,-1,-1,-1,-1,-1,-1,-1,-1,-1,-1,-1,-1,-1,-1,-1,-1,-1,-1,0,0,0,0,0,0,-1,-1,-1,-1,-1,-1,-1,-1,-1,-1,-1,-1,0,0,0,0,0,0,-1,-1,-1,-1,-1,-1,-1,-1,-1,-1,-1,-1,-1,-1,False,False,0,0,False,207,0,0,0,0,0,0,0,0,0,0,0,0,0,0,0,1,
0,4424,2026-02-16 16:46:25Z,LLM_Empathetic,6.93257,7.222726,6.642415,0.6103187,0,1.601388,0,0,0,0,0,0,5.501579,4.352197,6.650971,0.592854,0.702737,0.482971,7.399652,6.222141,8.577163,0.5854325,0,2.107833,7.205886,6.109128,8.302645,9.874166,10,9.535271,6.93257,7.222726,6.642415,0.6103187,0,1.601388,0,0,0,0,0,0,5.501579,4.352197,6.650971,0.592854,0.702737,0.482971,7.399652,6.222141,8.577163,0.5854325,0,2.107833,7.205886,6.109128,8.302645,9.874166,10,9.535271,-1,-1,-1,-1,-1,-1,-1,-1,-1,-1,-1,-1,-1,-1,-1,-1,-1,-1,-1,-1,-1,-1,-1,-1,-1,-1,-1,-1,-1,-1,-1,-1,-1,-1,-1,-1,-1,-1,-1,-1,-1,-1,-1,-1,-1,-1,-1,-1,-1,-1,0,0,0,0,0,0,-1,-1,-1,-1,-1,-1,-1,-1,-1,-1,-1,-1,0,0,0,0,0,0,-1,-1,-1,-1,-1,-1,-1,-1,-1,-1,-1,-1,-1,-1,False,False,0,0,False,207,0,0,0,0,0,0,0,0,0,0,0,0,0,0,0,1,
0,4425,2026-02-16 16:46:25Z,LLM_Empathetic,6.932566,7.222726,6.642406,0.6103265,0,1.601392,0,0,0,0,0,0,5.501573,4.352195,6.650961,0.592854,0.702737,0.482971,7.399649,6.222142,8.577156,0.5854375,0,2.107838,7.205878,6.109123,8.302633,9.87415,10,9.53525,6.932566,7.222726,6.642406,0.6103265,0,1.601392,0,0,0,0,0,0,5.501573,4.352195,6.650961,0.592854,0.702737,0.482971,7.399649,6.222142,8.577156,0.5854375,0,2.107838,7.205878,6.109123,8.302633,9.87415,10,9.53525,-1,-1,-1,-1,-1,-1,-1,-1,-1,-1,-1,-1,-1,-1,-1,-1,-1,-1,-1,-1,-1,-1,-1,-1,-1,-1,-1,-1,-1,-1,-1,-1,-1,-1,-1,-1,-1,-1,-1,-1,-1,-1,-1,-1,-1,-1,-1,-1,-1,-1,0,0,0,0,0,0,-1,-1,-1,-1,-1,-1,-1,-1,-1,-1,-1,-1,0,0,0,0,0,0,-1,-1,-1,-1,-1,-1,-1,-1,-1,-1,-1,-1,-1,-1,False,False,0,0,False,209,0,0,0,0,0,0,0,0,0,0,0,0,0,0,0,1,
0,4426,2026-02-16 16:46:25Z,LLM_Empathetic,6.932565,7.222725,6.642404,0.6103291,0,1.601393,0,0,0,0,0,0,5.501571,4.352195,6.650958,0.592854,0.702737,0.482971,7.399648,6.222143,8.577154,0.5854391,0,2.10784,7.205875,6.109122,8.302629,9.874145,10,9.535243,6.932565,7.222725,6.642404,0.6103291,0,1.601393,0,0,0,0,0,0,5.501571,4.352195,6.650958,0.592854,0.702737,0.482971,7.399648,6.222143,8.577154,0.5854391,0,2.10784,7.205875,6.109122,8.302629,9.874145,10,9.535243,-1,-1,-1,-1,-1,-1,-1,-1,-1,-1,-1,-1,-1,-1,-1,-1,-1,-1,-1,-1,-1,-1,-1,-1,-1,-1,-1,-1,-1,-1,-1,-1,-1,-1,-1,-1,-1,-1,-1,-1,-1,-1,-1,-1,-1,-1,-1,-1,-1,-1,0,0,0,0,0,0,-1,-1,-1,-1,-1,-1,-1,-1,-1,-1,-1,-1,0,0,0,0,0,0,-1,-1,-1,-1,-1,-1,-1,-1,-1,-1,-1,-1,-1,-1,False,False,0,0,False,207,0,0,0,0,0,0,0,0,0,0,0,0,0,0,0,1,
0,4427,2026-02-16 16:46:25Z,LLM_Empathetic,6.932561,7.222725,6.642398,0.6103343,0,1.601396,0,0,0,0,0,0,5.501567,4.352193,6.650951,0.592854,0.702737,0.482971,7.399646,6.222144,8.577149,0.5854425,0,2.107843,7.20587,6.109119,8.302621,9.874134,10,9.53523,6.932561,7.222725,6.642398,0.6103343,0,1.601396,0,0,0,0,0,0,5.501567,4.352193,6.650951,0.592854,0.702737,0.482971,7.399646,6.222144,8.577149,0.5854425,0,2.107843,7.20587,6.109119,8.302621,9.874134,10,9.53523,-1,-1,-1,-1,-1,-1,-1,-1,-1,-1,-1,-1,-1,-1,-1,-1,-1,-1,-1,-1,-1,-1,-1,-1,-1,-1,-1,-1,-1,-1,-1,-1,-1,-1,-1,-1,-1,-1,-1,-1,-1,-1,-1,-1,-1,-1,-1,-1,-1,-1,0,0,0,0,0,0,-1,-1,-1,-1,-1,-1,-1,-1,-1,-1,-1,-1,0,0,0,0,0,0,-1,-1,-1,-1,-1,-1,-1,-1,-1,-1,-1,-1,-1,-1,False,False,0,0,False,209,0,0,0,0,0,0,0,0,0,0,0,0,0,0,0,1,
0,4428,2026-02-16 16:46:25Z,LLM_Empathetic,6.932559,7.222724,6.642392,0.6103395,0,1.601399,0,0,0,0,0,0,5.501563,4.352192,6.650945,0.592854,0.702737,0.482971,7.399644,6.222145,8.577145,0.5854458,0,2.107846,7.205864,6.109116,8.302613,9.874123,10,9.535215,6.932559,7.222724,6.642392,0.6103395,0,1.601399,0,0,0,0,0,0,5.501563,4.352192,6.650945,0.592854,0.702737,0.482971,7.399644,6.222145,8.577145,0.5854458,0,2.107846,7.205864,6.109116,8.302613,9.874123,10,9.535215,-1,-1,-1,-1,-1,-1,-1,-1,-1,-1,-1,-1,-1,-1,-1,-1,-1,-1,-1,-1,-1,-1,-1,-1,-1,-1,-1,-1,-1,-1,-1,-1,-1,-1,-1,-1,-1,-1,-1,-1,-1,-1,-1,-1,-1,-1,-1,-1,-1,-1,0,0,0,0,0,0,-1,-1,-1,-1,-1,-1,-1,-1,-1,-1,-1,-1,0,0,0,0,0,0,-1,-1,-1,-1,-1,-1,-1,-1,-1,-1,-1,-1,-1,-1,False,False,0,0,False,209,0,0,0,0,0,0,0,0,0,0,0,0,0,0,0,1,
0,4429,2026-02-16 16:46:25Z,LLM_Empathetic,6.932555,7.222724,6.642387,0.6103448,0,1.601402,0,0,0,0,0,0,5.501559,4.35219,6.650938,0.592854,0.702737,0.482971,7.399642,6.222145,8.577141,0.5854492,0,2.10785,7.205859,6.109113,8.302606,9.874112,10,9.535202,6.932555,7.222724,6.642387,0.6103448,0,1.601402,0,0,0,0,0,0,5.501559,4.35219,6.650938,0.592854,0.702737,0.482971,7.399642,6.222145,8.577141,0.5854492,0,2.10785,7.205859,6.109113,8.302606,9.874112,10,9.535202,-1,-1,-1,-1,-1,-1,-1,-1,-1,-1,-1,-1,-1,-1,-1,-1,-1,-1,-1,-1,-1,-1,-1,-1,-1,-1,-1,-1,-1,-1,-1,-1,-1,-1,-1,-1,-1,-1,-1,-1,-1,-1,-1,-1,-1,-1,-1,-1,-1,-1,0,0,0,0,0,0,-1,-1,-1,-1,-1,-1,-1,-1,-1,-1,-1,-1,0,0,0,0,0,0,-1,-1,-1,-1,-1,-1,-1,-1,-1,-1,-1,-1,-1,-1,False,False,0,0,False,207,0,0,0,0,0,0,0,0,0,0,0,0,0,0,0,1,
0,4430,2026-02-16 16:46:25Z,LLM_Empathetic,6.932552,7.222723,6.642381,0.61035,0,1.601405,0,0,0,0,0,0,5.501555,4.35219,6.650931,0.592854,0.702737,0.482971,7.399641,6.222146,8.577136,0.5854525,0,2.107853,7.205853,6.10911,8.302597,9.874101,10,9.535188,6.932552,7.222723,6.642381,0.61035,0,1.601405,0,0,0,0,0,0,5.501555,4.35219,6.650931,0.592854,0.702737,0.482971,7.399641,6.222146,8.577136,0.5854525,0,2.107853,7.205853,6.10911,8.302597,9.874101,10,9.535188,-1,-1,-1,-1,-1,-1,-1,-1,-1,-1,-1,-1,-1,-1,-1,-1,-1,-1,-1,-1,-1,-1,-1,-1,-1,-1,-1,-1,-1,-1,-1,-1,-1,-1,-1,-1,-1,-1,-1,-1,-1,-1,-1,-1,-1,-1,-1,-1,-1,-1,0,0,0,0,0,0,-1,-1,-1,-1,-1,-1,-1,-1,-1,-1,-1,-1,0,0,0,0,0,0,-1,-1,-1,-1,-1,-1,-1,-1,-1,-1,-1,-1,-1,-1,False,False,0,0,False,209,0,0,0,0,0,0,0,0,0,0,0,0,0,0,0,1,
0,4431,2026-02-16 16:46:25Z,LLM_Empathetic,6.932551,7.222723,6.642378,0.6103526,0,1.601406,0,0,0,0,0,0,5.501553,4.352189,6.650928,0.592854,0.702737,0.482971,7.39964,6.222147,8.577133,0.5854542,0,2.107855,7.20585,6.109108,8.302593,9.874095,10,9.535181,6.932551,7.222723,6.642378,0.6103526,0,1.601406,0,0,0,0,0,0,5.501553,4.352189,6.650928,0.592854,0.702737,0.482971,7.39964,6.222147,8.577133,0.5854542,0,2.107855,7.20585,6.109108,8.302593,9.874095,10,9.535181,-1,-1,-1,-1,-1,-1,-1,-1,-1,-1,-1,-1,-1,-1,-1,-1,-1,-1,-1,-1,-1,-1,-1,-1,-1,-1,-1,-1,-1,-1,-1,-1,-1,-1,-1,-1,-1,-1,-1,-1,-1,-1,-1,-1,-1,-1,-1,-1,-1,-1,0,0,0,0,0,0,-1,-1,-1,-1,-1,-1,-1,-1,-1,-1,-1,-1,0,0,0,0,0,0,-1,-1,-1,-1,-1,-1,-1,-1,-1,-1,-1,-1,-1,-1,False,False,0,0,False,207,0,0,0,0,0,0,0,0,0,0,0,0,0,0,0,1,
0,4432,2026-02-16 16:46:25Z,LLM_Empathetic,6.932548,7.222723,6.642373,0.6103578,0,1.601409,0,0,0,0,0,0,5.501549,4.352188,6.650921,0.592854,0.702737,0.482971,7.399638,6.222147,8.577129,0.5854576,0,2.107858,7.205845,6.109105,8.302586,9.874084,10,9.535168,6.932548,7.222723,6.642373,0.6103578,0,1.601409,0,0,0,0,0,0,5.501549,4.352188,6.650921,0.592854,0.702737,0.482971,7.399638,6.222147,8.577129,0.5854576,0,2.107858,7.205845,6.109105,8.302586,9.874084,10,9.535168,-1,-1,-1,-1,-1,-1,-1,-1,-1,-1,-1,-1,-1,-1,-1,-1,-1,-1,-1,-1,-1,-1,-1,-1,-1,-1,-1,-1,-1,-1,-1,-1,-1,-1,-1,-1,-1,-1,-1,-1,-1,-1,-1,-1,-1,-1,-1,-1,-1,-1,0,0,0,0,0,0,-1,-1,-1,-1,-1,-1,-1,-1,-1,-1,-1,-1,0,0,0,0,0,0,-1,-1,-1,-1,-1,-1,-1,-1,-1,-1,-1,-1,-1,-1,False,False,0,0,False,207,0,0,0,0,0,0,0,0,0,0,0,0,0,0,0,1,
0,4433,2026-02-16 16:46:25Z,LLM_Empathetic,6.932545,7.222722,6.642367,0.6103631,0,1.601412,0,0,0,0,0,0,5.501545,4.352186,6.650915,0.592854,0.702737,0.482971,7.399636,6.222148,8.577125,0.5854609,0,2.107861,7.205839,6.109102,8.302577,9.874073,10,9.535153,6.932545,7.222722,6.642367,0.6103631,0,1.601412,0,0,0,0,0,0,5.501545,4.352186,6.650915,0.592854,0.702737,0.482971,7.399636,6.222148,8.577125,0.5854609,0,2.107861,7.205839,6.109102,8.302577,9.874073,10,9.535153,-1,-1,-1,-1,-1,-1,-1,-1,-1,-1,-1,-1,-1,-1,-1,-1,-1,-1,-1,-1,-1,-1,-1,-1,-1,-1,-1,-1,-1,-1,-1,-1,-1,-1,-1,-1,-1,-1,-1,-1,-1,-1,-1,-1,-1,-1,-1,-1,-1,-1,0,0,0,0,0,0,-1,-1,-1,-1,-1,-1,-1,-1,-1,-1,-1,-1,0,0,0,0,0,0,-1,-1,-1,-1,-1,-1,-1,-1,-1,-1,-1,-1,-1,-1,False,False,0,0,False,207,0,0,0,0,0,0,0,0,0,0,0,0,0,0,0,1,
0,4434,2026-02-16 16:46:25Z,LLM_Empathetic,6.932541,7.222721,6.642362,0.6103683,0,1.601415,0,0,0,0,0,0,5.501541,4.352185,6.650908,0.592854,0.702737,0.482971,7.399634,6.222149,8.57712,0.5854642,0,2.107865,7.205834,6.109099,8.302569,9.874063,10,9.53514,6.932541,7.222721,6.642362,0.6103683,0,1.601415,0,0,0,0,0,0,5.501541,4.352185,6.650908,0.592854,0.702737,0.482971,7.399634,6.222149,8.57712,0.5854642,0,2.107865,7.205834,6.109099,8.302569,9.874063,10,9.53514,-1,-1,-1,-1,-1,-1,-1,-1,-1,-1,-1,-1,-1,-1,-1,-1,-1,-1,-1,-1,-1,-1,-1,-1,-1,-1,-1,-1,-1,-1,-1,-1,-1,-1,-1,-1,-1,-1,-1,-1,-1,-1,-1,-1,-1,-1,-1,-1,-1,-1,0,0,0,0,0,0,-1,-1,-1,-1,-1,-1,-1,-1,-1,-1,-1,-1,0,0,0,0,0,0,-1,-1,-1,-1,-1,-1,-1,-1,-1,-1,-1,-1,-1,-1,False,False,0,0,False,207,0,0,0,0,0,0,0,0,0,0,0,0,0,0,0,1,
0,4435,2026-02-16 16:46:25Z,LLM_Empathetic,6.932539,7.222721,6.642356,0.6103735,0,1.601418,0,0,0,0,0,0,5.501537,4.352183,6.650902,0.592854,0.702737,0.482971,7.399633,6.22215,8.577115,0.5854676,0,2.107868,7.205828,6.109097,8.302561,9.874051,10,9.535126,6.932539,7.222721,6.642356,0.6103735,0,1.601418,0,0,0,0,0,0,5.501537,4.352183,6.650902,0.592854,0.702737,0.482971,7.399633,6.22215,8.577115,0.5854676,0,2.107868,7.205828,6.109097,8.302561,9.874051,10,9.535126,-1,-1,-1,-1,-1,-1,-1,-1,-1,-1,-1,-1,-1,-1,-1,-1,-1,-1,-1,-1,-1,-1,-1,-1,-1,-1,-1,-1,-1,-1,-1,-1,-1,-1,-1,-1,-1,-1,-1,-1,-1,-1,-1,-1,-1,-1,-1,-1,-1,-1,0,0,0,0,0,0,-1,-1,-1,-1,-1,-1,-1,-1,-1,-1,-1,-1,0,0,0,0,0,0,-1,-1,-1,-1,-1,-1,-1,-1,-1,-1,-1,-1,-1,-1,False,False,0,0,False,207,0,0,0,0,0,0,0,0,0,0,0,0,0,0,0,1,
0,4436,2026-02-16 16:46:25Z,LLM_Empathetic,6.932537,7.222721,6.642353,0.6103761,0,1.601419,0,0,0,0,0,0,5.501535,4.352183,6.650898,0.592854,0.702737,0.482971,7.399632,6.222151,8.577113,0.5854692,0,2.10787,7.205826,6.109095,8.302557,9.874046,10,9.535119,6.932537,7.222721,6.642353,0.6103761,0,1.601419,0,0,0,0,0,0,5.501535,4.352183,6.650898,0.592854,0.702737,0.482971,7.399632,6.222151,8.577113,0.5854692,0,2.10787,7.205826,6.109095,8.302557,9.874046,10,9.535119,-1,-1,-1,-1,-1,-1,-1,-1,-1,-1,-1,-1,-1,-1,-1,-1,-1,-1,-1,-1,-1,-1,-1,-1,-1,-1,-1,-1,-1,-1,-1,-1,-1,-1,-1,-1,-1,-1,-1,-1,-1,-1,-1,-1,-1,-1,-1,-1,-1,-1,0,0,0,0,0,0,-1,-1,-1,-1,-1,-1,-1,-1,-1,-1,-1,-1,0,0,0,0,0,0,-1,-1,-1,-1,-1,-1,-1,-1,-1,-1,-1,-1,-1,-1,False,False,0,0,False,207,0,0,0,0,0,0,0,0,0,0,0,0,0,0,0,1,
0,4437,2026-02-16 16:46:26Z,LLM_Empathetic,6.932532,7.22272,6.642345,0.610384,0,1.601424,0,0,0,0,0,0,5.50153,4.352181,6.650888,0.592854,0.702737,0.482971,7.399629,6.222152,8.577106,0.5854743,0,2.107875,7.205817,6.10909,8.302546,9.874029,10,9.535098,6.932532,7.22272,6.642345,0.610384,0,1.601424,0,0,0,0,0,0,5.50153,4.352181,6.650888,0.592854,0.702737,0.482971,7.399629,6.222152,8.577106,0.5854743,0,2.107875,7.205817,6.10909,8.302546,9.874029,10,9.535098,-1,-1,-1,-1,-1,-1,-1,-1,-1,-1,-1,-1,-1,-1,-1,-1,-1,-1,-1,-1,-1,-1,-1,-1,-1,-1,-1,-1,-1,-1,-1,-1,-1,-1,-1,-1,-1,-1,-1,-1,-1,-1,-1,-1,-1,-1,-1,-1,-1,-1,0,0,0,0,0,0,-1,-1,-1,-1,-1,-1,-1,-1,-1,-1,-1,-1,0,0,0,0,0,0,-1,-1,-1,-1,-1,-1,-1,-1,-1,-1,-1,-1,-1,-1,False,False,0,0,False,207,0,0,0,0,0,0,0,0,0,0,0,0,0,0,0,1,
0,4438,2026-02-16 16:46:26Z,LLM_Empathetic,6.932531,7.222719,6.642342,0.6103866,0,1.601425,0,0,0,0,0,0,5.501527,4.35218,6.650885,0.592854,0.702737,0.482971,7.399628,6.222153,8.577105,0.585476,0,2.107876,7.205814,6.109089,8.302541,9.874023,10,9.535091,6.932531,7.222719,6.642342,0.6103866,0,1.601425,0,0,0,0,0,0,5.501527,4.35218,6.650885,0.592854,0.702737,0.482971,7.399628,6.222153,8.577105,0.585476,0,2.107876,7.205814,6.109089,8.302541,9.874023,10,9.535091,-1,-1,-1,-1,-1,-1,-1,-1,-1,-1,-1,-1,-1,-1,-1,-1,-1,-1,-1,-1,-1,-1,-1,-1,-1,-1,-1,-1,-1,-1,-1,-1,-1,-1,-1,-1,-1,-1,-1,-1,-1,-1,-1,-1,-1,-1,-1,-1,-1,-1,0,0,0,0,0,0,-1,-1,-1,-1,-1,-1,-1,-1,-1,-1,-1,-1,0,0,0,0,0,0,-1,-1,-1,-1,-1,-1,-1,-1,-1,-1,-1,-1,-1,-1,False,False,0,0,False,207,0,0,0,0,0,0,0,0,0,0,0,0,0,0,0,1,
0,4439,2026-02-16 16:46:26Z,LLM_Empathetic,6.932528,7.222719,6.642336,0.6103919,0,1.601428,0,0,0,0,0,0,5.501523,4.352179,6.650878,0.592854,0.702737,0.482971,7.399626,6.222154,8.5771,0.5854794,0,2.10788,7.205809,6.109086,8.302533,9.874013,10,9.535078,6.932528,7.222719,6.642336,0.6103919,0,1.601428,0,0,0,0,0,0,5.501523,4.352179,6.650878,0.592854,0.702737,0.482971,7.399626,6.222154,8.5771,0.5854794,0,2.10788,7.205809,6.109086,8.302533,9.874013,10,9.535078,-1,-1,-1,-1,-1,-1,-1,-1,-1,-1,-1,-1,-1,-1,-1,-1,-1,-1,-1,-1,-1,-1,-1,-1,-1,-1,-1,-1,-1,-1,-1,-1,-1,-1,-1,-1,-1,-1,-1,-1,-1,-1,-1,-1,-1,-1,-1,-1,-1,-1,0,0,0,0,0,0,-1,-1,-1,-1,-1,-1,-1,-1,-1,-1,-1,-1,0,0,0,0,0,0,-1,-1,-1,-1,-1,-1,-1,-1,-1,-1,-1,-1,-1,-1,False,False,0,0,False,207,0,0,0,0,0,0,0,0,0,0,0,0,0,0,0,1,
0,4440,2026-02-16 16:46:26Z,LLM_Empathetic,6.932523,7.222718,6.642328,0.6103998,0,1.601432,0,0,0,0,0,0,5.501518,4.352177,6.650868,0.592854,0.702737,0.482971,7.399624,6.222155,8.577093,0.5854844,0,2.107885,7.205801,6.109081,8.302521,9.873997,10,9.535057,6.932523,7.222718,6.642328,0.6103998,0,1.601432,0,0,0,0,0,0,5.501518,4.352177,6.650868,0.592854,0.702737,0.482971,7.399624,6.222155,8.577093,0.5854844,0,2.107885,7.205801,6.109081,8.302521,9.873997,10,9.535057,-1,-1,-1,-1,-1,-1,-1,-1,-1,-1,-1,-1,-1,-1,-1,-1,-1,-1,-1,-1,-1,-1,-1,-1,-1,-1,-1,-1,-1,-1,-1,-1,-1,-1,-1,-1,-1,-1,-1,-1,-1,-1,-1,-1,-1,-1,-1,-1,-1,-1,0,0,0,0,0,0,-1,-1,-1,-1,-1,-1,-1,-1,-1,-1,-1,-1,0,0,0,0,0,0,-1,-1,-1,-1,-1,-1,-1,-1,-1,-1,-1,-1,-1,-1,False,False,0,0,False,207,0,0,0,0,0,0,0,0,0,0,0,0,0,0,0,1,
0,4441,2026-02-16 16:46:26Z,LLM_Empathetic,6.932521,7.222718,6.642325,0.6104024,0,1.601434,0,0,0,0,0,0,5.501515,4.352176,6.650865,0.592854,0.702737,0.482971,7.399623,6.222156,8.57709,0.5854861,0,2.107887,7.205798,6.10908,8.302517,9.873991,10,9.53505,6.932521,7.222718,6.642325,0.6104024,0,1.601434,0,0,0,0,0,0,5.501515,4.352176,6.650865,0.592854,0.702737,0.482971,7.399623,6.222156,8.57709,0.5854861,0,2.107887,7.205798,6.10908,8.302517,9.873991,10,9.53505,-1,-1,-1,-1,-1,-1,-1,-1,-1,-1,-1,-1,-1,-1,-1,-1,-1,-1,-1,-1,-1,-1,-1,-1,-1,-1,-1,-1,-1,-1,-1,-1,-1,-1,-1,-1,-1,-1,-1,-1,-1,-1,-1,-1,-1,-1,-1,-1,-1,-1,0,0,0,0,0,0,-1,-1,-1,-1,-1,-1,-1,-1,-1,-1,-1,-1,0,0,0,0,0,0,-1,-1,-1,-1,-1,-1,-1,-1,-1,-1,-1,-1,-1,-1,False,False,0,0,False,209,0,0,0,0,0,0,0,0,0,0,0,0,0,0,0,1,
0,4442,2026-02-16 16:46:26Z,LLM_Empathetic,6.932518,7.222717,6.642319,0.6104077,0,1.601437,0,0,0,0,0,0,5.501512,4.352175,6.650858,0.592854,0.702737,0.482971,7.399621,6.222157,8.577085,0.5854895,0,2.10789,7.205792,6.109077,8.302509,9.87398,10,9.535036,6.932518,7.222717,6.642319,0.6104077,0,1.601437,0,0,0,0,0,0,5.501512,4.352175,6.650858,0.592854,0.702737,0.482971,7.399621,6.222157,8.577085,0.5854895,0,2.10789,7.205792,6.109077,8.302509,9.87398,10,9.535036,-1,-1,-1,-1,-1,-1,-1,-1,-1,-1,-1,-1,-1,-1,-1,-1,-1,-1,-1,-1,-1,-1,-1,-1,-1,-1,-1,-1,-1,-1,-1,-1,-1,-1,-1,-1,-1,-1,-1,-1,-1,-1,-1,-1,-1,-1,-1,-1,-1,-1,0,0,0,0,0,0,-1,-1,-1,-1,-1,-1,-1,-1,-1,-1,-1,-1,0,0,0,0,0,0,-1,-1,-1,-1,-1,-1,-1,-1,-1,-1,-1,-1,-1,-1,False,False,0,0,False,209,0,0,0,0,0,0,0,0,0,0,0,0,0,0,0,1,
0,4443,2026-02-16 16:46:26Z,LLM_Empathetic,6.932517,7.222717,6.642317,0.6104103,0,1.601438,0,0,0,0,0,0,5.50151,4.352174,6.650855,0.592854,0.702737,0.482971,7.39962,6.222157,8.577084,0.5854911,0,2.107892,7.20579,6.109076,8.302505,9.873974,10,9.535029,6.932517,7.222717,6.642317,0.6104103,0,1.601438,0,0,0,0,0,0,5.50151,4.352174,6.650855,0.592854,0.702737,0.482971,7.39962,6.222157,8.577084,0.5854911,0,2.107892,7.20579,6.109076,8.302505,9.873974,10,9.535029,-1,-1,-1,-1,-1,-1,-1,-1,-1,-1,-1,-1,-1,-1,-1,-1,-1,-1,-1,-1,-1,-1,-1,-1,-1,-1,-1,-1,-1,-1,-1,-1,-1,-1,-1,-1,-1,-1,-1,-1,-1,-1,-1,-1,-1,-1,-1,-1,-1,-1,0,0,0,0,0,0,-1,-1,-1,-1,-1,-1,-1,-1,-1,-1,-1,-1,0,0,0,0,0,0,-1,-1,-1,-1,-1,-1,-1,-1,-1,-1,-1,-1,-1,-1,False,False,0,0,False,209,0,0,0,0,0,0,0,0,0,0,0,0,0,0,0,1,
0,4444,2026-02-16 16:46:26Z,LLM_Empathetic,6.932514,7.222716,6.642311,0.6104156,0,1.601441,0,0,0,0,0,0,5.501505,4.352173,6.650848,0.592854,0.702737,0.482971,7.399618,6.222158,8.577079,0.5854945,0,2.107895,7.205784,6.109073,8.302497,9.873963,10,9.535015,6.932514,7.222716,6.642311,0.6104156,0,1.601441,0,0,0,0,0,0,5.501505,4.352173,6.650848,0.592854,0.702737,0.482971,7.399618,6.222158,8.577079,0.5854945,0,2.107895,7.205784,6.109073,8.302497,9.873963,10,9.535015,-1,-1,-1,-1,-1,-1,-1,-1,-1,-1,-1,-1,-1,-1,-1,-1,-1,-1,-1,-1,-1,-1,-1,-1,-1,-1,-1,-1,-1,-1,-1,-1,-1,-1,-1,-1,-1,-1,-1,-1,-1,-1,-1,-1,-1,-1,-1,-1,-1,-1,0,0,0,0,0,0,-1,-1,-1,-1,-1,-1,-1,-1,-1,-1,-1,-1,0,0,0,0,0,0,-1,-1,-1,-1,-1,-1,-1,-1,-1,-1,-1,-1,-1,-1,False,False,0,0,False,207,0,0,0,0,0,0,0,0,0,0,0,0,0,0,0,1,
0,4445,2026-02-16 16:46:26Z,LLM_Empathetic,6.93251,7.222716,6.642305,0.6104208,0,1.601444,0,0,0,0,0,0,5.501502,4.352171,6.650842,0.592854,0.702737,0.482971,7.399616,6.222159,8.577074,0.5854979,0,2.107898,7.205779,6.109069,8.302488,9.873952,10,9.535002,6.93251,7.222716,6.642305,0.6104208,0,1.601444,0,0,0,0,0,0,5.501502,4.352171,6.650842,0.592854,0.702737,0.482971,7.399616,6.222159,8.577074,0.5854979,0,2.107898,7.205779,6.109069,8.302488,9.873952,10,9.535002,-1,-1,-1,-1,-1,-1,-1,-1,-1,-1,-1,-1,-1,-1,-1,-1,-1,-1,-1,-1,-1,-1,-1,-1,-1,-1,-1,-1,-1,-1,-1,-1,-1,-1,-1,-1,-1,-1,-1,-1,-1,-1,-1,-1,-1,-1,-1,-1,-1,-1,0,0,0,0,0,0,-1,-1,-1,-1,-1,-1,-1,-1,-1,-1,-1,-1,0,0,0,0,0,0,-1,-1,-1,-1,-1,-1,-1,-1,-1,-1,-1,-1,-1,-1,False,False,0,0,False,209,0,0,0,0,0,0,0,0,0,0,0,0,0,0,0,1,
0,4446,2026-02-16 16:46:26Z,LLM_Empathetic,6.932508,7.222715,6.6423,0.6104261,0,1.601447,0,0,0,0,0,0,5.501498,4.35217,6.650835,0.592854,0.702737,0.482971,7.399615,6.22216,8.57707,0.5855013,0,2.107902,7.205773,6.109066,8.302481,9.873941,10,9.534987,6.932508,7.222715,6.6423,0.6104261,0,1.601447,0,0,0,0,0,0,5.501498,4.35217,6.650835,0.592854,0.702737,0.482971,7.399615,6.22216,8.57707,0.5855013,0,2.107902,7.205773,6.109066,8.302481,9.873941,10,9.534987,-1,-1,-1,-1,-1,-1,-1,-1,-1,-1,-1,-1,-1,-1,-1,-1,-1,-1,-1,-1,-1,-1,-1,-1,-1,-1,-1,-1,-1,-1,-1,-1,-1,-1,-1,-1,-1,-1,-1,-1,-1,-1,-1,-1,-1,-1,-1,-1,-1,-1,0,0,0,0,0,0,-1,-1,-1,-1,-1,-1,-1,-1,-1,-1,-1,-1,0,0,0,0,0,0,-1,-1,-1,-1,-1,-1,-1,-1,-1,-1,-1,-1,-1,-1,False,False,0,0,False,207,0,0,0,0,0,0,0,0,0,0,0,0,0,0,0,1,
0,4447,2026-02-16 16:46:26Z,LLM_Empathetic,6.932504,7.222714,6.642294,0.6104314,0,1.60145,0,0,0,0,0,0,5.501493,4.352169,6.650828,0.592854,0.702737,0.482971,7.399613,6.222161,8.577065,0.5855047,0,2.107905,7.205768,6.109064,8.302472,9.87393,10,9.534973,6.932504,7.222714,6.642294,0.6104314,0,1.60145,0,0,0,0,0,0,5.501493,4.352169,6.650828,0.592854,0.702737,0.482971,7.399613,6.222161,8.577065,0.5855047,0,2.107905,7.205768,6.109064,8.302472,9.87393,10,9.534973,-1,-1,-1,-1,-1,-1,-1,-1,-1,-1,-1,-1,-1,-1,-1,-1,-1,-1,-1,-1,-1,-1,-1,-1,-1,-1,-1,-1,-1,-1,-1,-1,-1,-1,-1,-1,-1,-1,-1,-1,-1,-1,-1,-1,-1,-1,-1,-1,-1,-1,0,0,0,0,0,0,-1,-1,-1,-1,-1,-1,-1,-1,-1,-1,-1,-1,0,0,0,0,0,0,-1,-1,-1,-1,-1,-1,-1,-1,-1,-1,-1,-1,-1,-1,False,False,0,0,False,207,0,0,0,0,0,0,0,0,0,0,0,0,0,0,0,1,
0,4448,2026-02-16 16:46:26Z,LLM_Empathetic,6.932503,7.222714,6.642291,0.6104341,0,1.601451,0,0,0,0,0,0,5.501492,4.352169,6.650825,0.592854,0.702737,0.482971,7.399612,6.222161,8.577063,0.5855063,0,2.107907,7.205765,6.109062,8.302468,9.873924,10,9.534966,6.932503,7.222714,6.642291,0.6104341,0,1.601451,0,0,0,0,0,0,5.501492,4.352169,6.650825,0.592854,0.702737,0.482971,7.399612,6.222161,8.577063,0.5855063,0,2.107907,7.205765,6.109062,8.302468,9.873924,10,9.534966,-1,-1,-1,-1,-1,-1,-1,-1,-1,-1,-1,-1,-1,-1,-1,-1,-1,-1,-1,-1,-1,-1,-1,-1,-1,-1,-1,-1,-1,-1,-1,-1,-1,-1,-1,-1,-1,-1,-1,-1,-1,-1,-1,-1,-1,-1,-1,-1,-1,-1,0,0,0,0,0,0,-1,-1,-1,-1,-1,-1,-1,-1,-1,-1,-1,-1,0,0,0,0,0,0,-1,-1,-1,-1,-1,-1,-1,-1,-1,-1,-1,-1,-1,-1,False,False,0,0,False,207,0,0,0,0,0,0,0,0,0,0,0,0,0,0,0,1,
0,4449,2026-02-16 16:46:26Z,LLM_Empathetic,6.932501,7.222714,6.642288,0.6104367,0,1.601453,0,0,0,0,0,0,5.50149,4.352168,6.650822,0.592854,0.702737,0.482971,7.399611,6.222162,8.577061,0.585508,0,2.107908,7.205762,6.10906,8.302464,9.873919,10,9.53496,6.932501,7.222714,6.642288,0.6104367,0,1.601453,0,0,0,0,0,0,5.50149,4.352168,6.650822,0.592854,0.702737,0.482971,7.399611,6.222162,8.577061,0.585508,0,2.107908,7.205762,6.10906,8.302464,9.873919,10,9.53496,-1,-1,-1,-1,-1,-1,-1,-1,-1,-1,-1,-1,-1,-1,-1,-1,-1,-1,-1,-1,-1,-1,-1,-1,-1,-1,-1,-1,-1,-1,-1,-1,-1,-1,-1,-1,-1,-1,-1,-1,-1,-1,-1,-1,-1,-1,-1,-1,-1,-1,0,0,0,0,0,0,-1,-1,-1,-1,-1,-1,-1,-1,-1,-1,-1,-1,0,0,0,0,0,0,-1,-1,-1,-1,-1,-1,-1,-1,-1,-1,-1,-1,-1,-1,False,False,0,0,False,207,0,0,0,0,0,0,0,0,0,0,0,0,0,0,0,1,
0,4450,2026-02-16 16:46:26Z,LLM_Empathetic,6.932498,7.222713,6.642282,0.610442,0,1.601456,0,0,0,0,0,0,5.501486,4.352166,6.650815,0.592854,0.702737,0.482971,7.399609,6.222163,8.577056,0.5855114,0,2.107912,7.205756,6.109057,8.302456,9.873908,10,9.534945,6.932498,7.222713,6.642282,0.610442,0,1.601456,0,0,0,0,0,0,5.501486,4.352166,6.650815,0.592854,0.702737,0.482971,7.399609,6.222163,8.577056,0.5855114,0,2.107912,7.205756,6.109057,8.302456,9.873908,10,9.534945,-1,-1,-1,-1,-1,-1,-1,-1,-1,-1,-1,-1,-1,-1,-1,-1,-1,-1,-1,-1,-1,-1,-1,-1,-1,-1,-1,-1,-1,-1,-1,-1,-1,-1,-1,-1,-1,-1,-1,-1,-1,-1,-1,-1,-1,-1,-1,-1,-1,-1,0,0,0,0,0,0,-1,-1,-1,-1,-1,-1,-1,-1,-1,-1,-1,-1,0,0,0,0,0,0,-1,-1,-1,-1,-1,-1,-1,-1,-1,-1,-1,-1,-1,-1,False,False,0,0,False,209,0,0,0,0,0,0,0,0,0,0,0,0,0,0,0,1,
0,4451,2026-02-16 16:46:26Z,LLM_Empathetic,6.932497,7.222713,6.64228,0.6104446,0,1.601457,0,0,0,0,0,0,5.501483,4.352166,6.650812,0.592854,0.702737,0.482971,7.399608,6.222163,8.577054,0.5855131,0,2.107913,7.205754,6.109056,8.302452,9.873902,10,9.534939,6.932497,7.222713,6.64228,0.6104446,0,1.601457,0,0,0,0,0,0,5.501483,4.352166,6.650812,0.592854,0.702737,0.482971,7.399608,6.222163,8.577054,0.5855131,0,2.107913,7.205754,6.109056,8.302452,9.873902,10,9.534939,-1,-1,-1,-1,-1,-1,-1,-1,-1,-1,-1,-1,-1,-1,-1,-1,-1,-1,-1,-1,-1,-1,-1,-1,-1,-1,-1,-1,-1,-1,-1,-1,-1,-1,-1,-1,-1,-1,-1,-1,-1,-1,-1,-1,-1,-1,-1,-1,-1,-1,0,0,0,0,0,0,-1,-1,-1,-1,-1,-1,-1,-1,-1,-1,-1,-1,0,0,0,0,0,0,-1,-1,-1,-1,-1,-1,-1,-1,-1,-1,-1,-1,-1,-1,False,False,0,0,False,207,0,0,0,0,0,0,0,0,0,0,0,0,0,0,0,1,
0,4452,2026-02-16 16:46:26Z,LLM_Empathetic,6.932495,7.222713,6.642277,0.6104472,0,1.601459,0,0,0,0,0,0,5.501482,4.352165,6.650808,0.592854,0.702737,0.482971,7.399607,6.222164,8.577051,0.5855148,0,2.107915,7.205751,6.109055,8.302448,9.873897,10,9.534932,6.932495,7.222713,6.642277,0.6104472,0,1.601459,0,0,0,0,0,0,5.501482,4.352165,6.650808,0.592854,0.702737,0.482971,7.399607,6.222164,8.577051,0.5855148,0,2.107915,7.205751,6.109055,8.302448,9.873897,10,9.534932,-1,-1,-1,-1,-1,-1,-1,-1,-1,-1,-1,-1,-1,-1,-1,-1,-1,-1,-1,-1,-1,-1,-1,-1,-1,-1,-1,-1,-1,-1,-1,-1,-1,-1,-1,-1,-1,-1,-1,-1,-1,-1,-1,-1,-1,-1,-1,-1,-1,-1,0,0,0,0,0,0,-1,-1,-1,-1,-1,-1,-1,-1,-1,-1,-1,-1,0,0,0,0,0,0,-1,-1,-1,-1,-1,-1,-1,-1,-1,-1,-1,-1,-1,-1,False,False,0,0,False,209,0,0,0,0,0,0,0,0,0,0,0,0,0,0,0,1,
0,4453,2026-02-16 16:46:26Z,LLM_Empathetic,6.932493,7.222713,6.642274,0.6104499,0,1.60146,0,0,0,0,0,0,5.50148,4.352164,6.650805,0.592854,0.702737,0.482971,7.399606,6.222164,8.577049,0.5855165,0,2.107917,7.205748,6.109053,8.302444,9.873891,10,9.534925,6.932493,7.222713,6.642274,0.6104499,0,1.60146,0,0,0,0,0,0,5.50148,4.352164,6.650805,0.592854,0.702737,0.482971,7.399606,6.222164,8.577049,0.5855165,0,2.107917,7.205748,6.109053,8.302444,9.873891,10,9.534925,-1,-1,-1,-1,-1,-1,-1,-1,-1,-1,-1,-1,-1,-1,-1,-1,-1,-1,-1,-1,-1,-1,-1,-1,-1,-1,-1,-1,-1,-1,-1,-1,-1,-1,-1,-1,-1,-1,-1,-1,-1,-1,-1,-1,-1,-1,-1,-1,-1,-1,0,0,0,0,0,0,-1,-1,-1,-1,-1,-1,-1,-1,-1,-1,-1,-1,0,0,0,0,0,0,-1,-1,-1,-1,-1,-1,-1,-1,-1,-1,-1,-1,-1,-1,False,False,0,0,False,209,0,0,0,0,0,0,0,0,0,0,0,0,0,0,0,1,
0,4454,2026-02-16 16:46:26Z,LLM_Empathetic,6.93249,7.222712,6.642269,0.6104552,0,1.601463,0,0,0,0,0,0,5.501476,4.352163,6.650798,0.592854,0.702737,0.482971,7.399604,6.222165,8.577044,0.5855199,0,2.10792,7.205742,6.10905,8.302436,9.87388,10,9.534911,6.93249,7.222712,6.642269,0.6104552,0,1.601463,0,0,0,0,0,0,5.501476,4.352163,6.650798,0.592854,0.702737,0.482971,7.399604,6.222165,8.577044,0.5855199,0,2.10792,7.205742,6.10905,8.302436,9.87388,10,9.534911,-1,-1,-1,-1,-1,-1,-1,-1,-1,-1,-1,-1,-1,-1,-1,-1,-1,-1,-1,-1,-1,-1,-1,-1,-1,-1,-1,-1,-1,-1,-1,-1,-1,-1,-1,-1,-1,-1,-1,-1,-1,-1,-1,-1,-1,-1,-1,-1,-1,-1,0,0,0,0,0,0,-1,-1,-1,-1,-1,-1,-1,-1,-1,-1,-1,-1,0,0,0,0,0,0,-1,-1,-1,-1,-1,-1,-1,-1,-1,-1,-1,-1,-1,-1,False,False,0,0,False,209,0,0,0,0,0,0,0,0,0,0,0,0,0,0,0,1,
0,4455,2026-02-16 16:46:26Z,LLM_Empathetic,6.932479,7.22271,6.642249,0.6104738,0,1.601473,0,0,0,0,0,0,5.501462,4.352159,6.650775,0.592854,0.702737,0.482971,7.399598,6.222168,8.577028,0.5855318,0,2.107932,7.205723,6.109039,8.302407,9.873841,10,9.534862,6.932479,7.22271,6.642249,0.6104738,0,1.601473,0,0,0,0,0,0,5.501462,4.352159,6.650775,0.592854,0.702737,0.482971,7.399598,6.222168,8.577028,0.5855318,0,2.107932,7.205723,6.109039,8.302407,9.873841,10,9.534862,-1,-1,-1,-1,-1,-1,-1,-1,-1,-1,-1,-1,-1,-1,-1,-1,-1,-1,-1,-1,-1,-1,-1,-1,-1,-1,-1,-1,-1,-1,-1,-1,-1,-1,-1,-1,-1,-1,-1,-1,-1,-1,-1,-1,-1,-1,-1,-1,-1,-1,0,0,0,0,0,0,-1,-1,-1,-1,-1,-1,-1,-1,-1,-1,-1,-1,0,0,0,0,0,0,-1,-1,-1,-1,-1,-1,-1,-1,-1,-1,-1,-1,-1,-1,False,False,0,0,False,209,0,0,0,0,0,0,0,0,0,0,0,0,0,0,0,1,
0,4456,2026-02-16 16:46:26Z,LLM_Empathetic,6.932478,7.22271,6.642246,0.6104764,0,1.601475,0,0,0,0,0,0,5.50146,4.352158,6.650772,0.592854,0.702737,0.482971,7.399597,6.222169,8.577026,0.5855335,0,2.107934,7.20572,6.109038,8.302403,9.873836,10,9.534855,6.932478,7.22271,6.642246,0.6104764,0,1.601475,0,0,0,0,0,0,5.50146,4.352158,6.650772,0.592854,0.702737,0.482971,7.399597,6.222169,8.577026,0.5855335,0,2.107934,7.20572,6.109038,8.302403,9.873836,10,9.534855,-1,-1,-1,-1,-1,-1,-1,-1,-1,-1,-1,-1,-1,-1,-1,-1,-1,-1,-1,-1,-1,-1,-1,-1,-1,-1,-1,-1,-1,-1,-1,-1,-1,-1,-1,-1,-1,-1,-1,-1,-1,-1,-1,-1,-1,-1,-1,-1,-1,-1,0,0,0,0,0,0,-1,-1,-1,-1,-1,-1,-1,-1,-1,-1,-1,-1,0,0,0,0,0,0,-1,-1,-1,-1,-1,-1,-1,-1,-1,-1,-1,-1,-1,-1,False,False,0,0,False,209,0,0,0,0,0,0,0,0,0,0,0,0,0,0,0,1,
0,4457,2026-02-16 16:46:26Z,LLM_Empathetic,6.932475,7.222709,6.64224,0.6104817,0,1.601478,0,0,0,0,0,0,5.501455,4.352156,6.650765,0.592854,0.702737,0.482971,7.399595,6.222169,8.577022,0.5855369,0,2.107937,7.205715,6.109035,8.302395,9.873824,10,9.534841,6.932475,7.222709,6.64224,0.6104817,0,1.601478,0,0,0,0,0,0,5.501455,4.352156,6.650765,0.592854,0.702737,0.482971,7.399595,6.222169,8.577022,0.5855369,0,2.107937,7.205715,6.109035,8.302395,9.873824,10,9.534841,-1,-1,-1,-1,-1,-1,-1,-1,-1,-1,-1,-1,-1,-1,-1,-1,-1,-1,-1,-1,-1,-1,-1,-1,-1,-1,-1,-1,-1,-1,-1,-1,-1,-1,-1,-1,-1,-1,-1,-1,-1,-1,-1,-1,-1,-1,-1,-1,-1,-1,0,0,0,0,0,0,-1,-1,-1,-1,-1,-1,-1,-1,-1,-1,-1,-1,0,0,0,0,0,0,-1,-1,-1,-1,-1,-1,-1,-1,-1,-1,-1,-1,-1,-1,False,False,0,0,False,209,0,0,0,0,0,0,0,0,0,0,0,0,0,0,0,1,
0,4458,2026-02-16 16:46:26Z,LLM_Empathetic,6.932473,7.222709,6.642237,0.6104844,0,1.601479,0,0,0,0,0,0,5.501453,4.352156,6.650762,0.592854,0.702737,0.482971,7.399594,6.22217,8.57702,0.5855386,0,2.107939,7.205712,6.109033,8.302391,9.873818,10,9.534834,6.932473,7.222709,6.642237,0.6104844,0,1.601479,0,0,0,0,0,0,5.501453,4.352156,6.650762,0.592854,0.702737,0.482971,7.399594,6.22217,8.57702,0.5855386,0,2.107939,7.205712,6.109033,8.302391,9.873818,10,9.534834,-1,-1,-1,-1,-1,-1,-1,-1,-1,-1,-1,-1,-1,-1,-1,-1,-1,-1,-1,-1,-1,-1,-1,-1,-1,-1,-1,-1,-1,-1,-1,-1,-1,-1,-1,-1,-1,-1,-1,-1,-1,-1,-1,-1,-1,-1,-1,-1,-1,-1,0,0,0,0,0,0,-1,-1,-1,-1,-1,-1,-1,-1,-1,-1,-1,-1,0,0,0,0,0,0,-1,-1,-1,-1,-1,-1,-1,-1,-1,-1,-1,-1,-1,-1,False,False,0,0,False,209,0,0,0,0,0,0,0,0,0,0,0,0,0,0,0,1,
0,4459,2026-02-16 16:46:26Z,LLM_Empathetic,6.932472,7.222709,6.642234,0.6104871,0,1.60148,0,0,0,0,0,0,5.501451,4.352155,6.650758,0.592854,0.702737,0.482971,7.399593,6.22217,8.577017,0.5855404,0,2.107941,7.205709,6.109032,8.302387,9.873813,10,9.534827,6.932472,7.222709,6.642234,0.6104871,0,1.60148,0,0,0,0,0,0,5.501451,4.352155,6.650758,0.592854,0.702737,0.482971,7.399593,6.22217,8.577017,0.5855404,0,2.107941,7.205709,6.109032,8.302387,9.873813,10,9.534827,-1,-1,-1,-1,-1,-1,-1,-1,-1,-1,-1,-1,-1,-1,-1,-1,-1,-1,-1,-1,-1,-1,-1,-1,-1,-1,-1,-1,-1,-1,-1,-1,-1,-1,-1,-1,-1,-1,-1,-1,-1,-1,-1,-1,-1,-1,-1,-1,-1,-1,0,0,0,0,0,0,-1,-1,-1,-1,-1,-1,-1,-1,-1,-1,-1,-1,0,0,0,0,0,0,-1,-1,-1,-1,-1,-1,-1,-1,-1,-1,-1,-1,-1,-1,False,False,0,0,False,207,0,0,0,0,0,0,0,0,0,0,0,0,0,0,0,1,
0,4460,2026-02-16 16:46:26Z,LLM_Empathetic,6.93247,7.222708,6.642231,0.6104897,0,1.601482,0,0,0,0,0,0,5.50145,4.352154,6.650755,0.592854,0.702737,0.482971,7.399592,6.222171,8.577015,0.585542,0,2.107942,7.205706,6.10903,8.302383,9.873808,10,9.53482,6.93247,7.222708,6.642231,0.6104897,0,1.601482,0,0,0,0,0,0,5.50145,4.352154,6.650755,0.592854,0.702737,0.482971,7.399592,6.222171,8.577015,0.585542,0,2.107942,7.205706,6.10903,8.302383,9.873808,10,9.53482,-1,-1,-1,-1,-1,-1,-1,-1,-1,-1,-1,-1,-1,-1,-1,-1,-1,-1,-1,-1,-1,-1,-1,-1,-1,-1,-1,-1,-1,-1,-1,-1,-1,-1,-1,-1,-1,-1,-1,-1,-1,-1,-1,-1,-1,-1,-1,-1,-1,-1,0,0,0,0,0,0,-1,-1,-1,-1,-1,-1,-1,-1,-1,-1,-1,-1,0,0,0,0,0,0,-1,-1,-1,-1,-1,-1,-1,-1,-1,-1,-1,-1,-1,-1,False,False,0,0,False,207,0,0,0,0,0,0,0,0,0,0,0,0,0,0,0,1,
0,4461,2026-02-16 16:46:27Z,LLM_Empathetic,6.932462,7.222707,6.642217,0.6105031,0,1.601489,0,0,0,0,0,0,5.50144,4.352151,6.650738,0.592854,0.702737,0.482971,7.399588,6.222173,8.577003,0.5855505,0,2.107951,7.205692,6.109023,8.302362,9.873779,10,9.534784,6.932462,7.222707,6.642217,0.6105031,0,1.601489,0,0,0,0,0,0,5.50144,4.352151,6.650738,0.592854,0.702737,0.482971,7.399588,6.222173,8.577003,0.5855505,0,2.107951,7.205692,6.109023,8.302362,9.873779,10,9.534784,-1,-1,-1,-1,-1,-1,-1,-1,-1,-1,-1,-1,-1,-1,-1,-1,-1,-1,-1,-1,-1,-1,-1,-1,-1,-1,-1,-1,-1,-1,-1,-1,-1,-1,-1,-1,-1,-1,-1,-1,-1,-1,-1,-1,-1,-1,-1,-1,-1,-1,0,0,0,0,0,0,-1,-1,-1,-1,-1,-1,-1,-1,-1,-1,-1,-1,0,0,0,0,0,0,-1,-1,-1,-1,-1,-1,-1,-1,-1,-1,-1,-1,-1,-1,False,False,0,0,False,209,0,0,0,0,0,0,0,0,0,0,0,0,0,0,0,1,
0,4462,2026-02-16 16:46:27Z,LLM_Empathetic,6.932457,7.222706,6.642209,0.6105111,0,1.601494,0,0,0,0,0,0,5.501433,4.352149,6.650728,0.592854,0.702737,0.482971,7.399585,6.222175,8.576996,0.5855557,0,2.107956,7.205684,6.109018,8.30235,9.873763,10,9.534763,6.932457,7.222706,6.642209,0.6105111,0,1.601494,0,0,0,0,0,0,5.501433,4.352149,6.650728,0.592854,0.702737,0.482971,7.399585,6.222175,8.576996,0.5855557,0,2.107956,7.205684,6.109018,8.30235,9.873763,10,9.534763,-1,-1,-1,-1,-1,-1,-1,-1,-1,-1,-1,-1,-1,-1,-1,-1,-1,-1,-1,-1,-1,-1,-1,-1,-1,-1,-1,-1,-1,-1,-1,-1,-1,-1,-1,-1,-1,-1,-1,-1,-1,-1,-1,-1,-1,-1,-1,-1,-1,-1,0,0,0,0,0,0,-1,-1,-1,-1,-1,-1,-1,-1,-1,-1,-1,-1,0,0,0,0,0,0,-1,-1,-1,-1,-1,-1,-1,-1,-1,-1,-1,-1,-1,-1,False,False,0,0,False,207,0,0,0,0,0,0,0,0,0,0,0,0,0,0,0,1,
0,4463,2026-02-16 16:46:27Z,LLM_Empathetic,6.932456,7.222706,6.642206,0.6105137,0,1.601495,0,0,0,0,0,0,5.501431,4.352149,6.650724,0.592854,0.702737,0.482971,7.399584,6.222175,8.576994,0.5855574,0,2.107958,7.205681,6.109016,8.302346,9.873757,10,9.534757,6.932456,7.222706,6.642206,0.6105137,0,1.601495,0,0,0,0,0,0,5.501431,4.352149,6.650724,0.592854,0.702737,0.482971,7.399584,6.222175,8.576994,0.5855574,0,2.107958,7.205681,6.109016,8.302346,9.873757,10,9.534757,-1,-1,-1,-1,-1,-1,-1,-1,-1,-1,-1,-1,-1,-1,-1,-1,-1,-1,-1,-1,-1,-1,-1,-1,-1,-1,-1,-1,-1,-1,-1,-1,-1,-1,-1,-1,-1,-1,-1,-1,-1,-1,-1,-1,-1,-1,-1,-1,-1,-1,0,0,0,0,0,0,-1,-1,-1,-1,-1,-1,-1,-1,-1,-1,-1,-1,0,0,0,0,0,0,-1,-1,-1,-1,-1,-1,-1,-1,-1,-1,-1,-1,-1,-1,False,False,0,0,False,209,0,0,0,0,0,0,0,0,0,0,0,0,0,0,0,1,
0,4464,2026-02-16 16:46:27Z,LLM_Empathetic,6.932453,7.222705,6.6422,0.6105191,0,1.601498,0,0,0,0,0,0,5.501427,4.352147,6.650718,0.592854,0.702737,0.482971,7.399582,6.222176,8.576989,0.5855609,0,2.107961,7.205675,6.109014,8.302338,9.873746,10,9.534742,6.932453,7.222705,6.6422,0.6105191,0,1.601498,0,0,0,0,0,0,5.501427,4.352147,6.650718,0.592854,0.702737,0.482971,7.399582,6.222176,8.576989,0.5855609,0,2.107961,7.205675,6.109014,8.302338,9.873746,10,9.534742,-1,-1,-1,-1,-1,-1,-1,-1,-1,-1,-1,-1,-1,-1,-1,-1,-1,-1,-1,-1,-1,-1,-1,-1,-1,-1,-1,-1,-1,-1,-1,-1,-1,-1,-1,-1,-1,-1,-1,-1,-1,-1,-1,-1,-1,-1,-1,-1,-1,-1,0,0,0,0,0,0,-1,-1,-1,-1,-1,-1,-1,-1,-1,-1,-1,-1,0,0,0,0,0,0,-1,-1,-1,-1,-1,-1,-1,-1,-1,-1,-1,-1,-1,-1,False,False,0,0,False,207,0,0,0,0,0,0,0,0,0,0,0,0,0,0,0,1,
0,4465,2026-02-16 16:46:27Z,LLM_Empathetic,6.932449,7.222704,6.642194,0.6105245,0,1.601501,0,0,0,0,0,0,5.501423,4.352146,6.650711,0.592854,0.702737,0.482971,7.39958,6.222177,8.576984,0.5855643,0,2.107965,7.20567,6.109011,8.30233,9.873734,10,9.534728,6.932449,7.222704,6.642194,0.6105245,0,1.601501,0,0,0,0,0,0,5.501423,4.352146,6.650711,0.592854,0.702737,0.482971,7.39958,6.222177,8.576984,0.5855643,0,2.107965,7.20567,6.109011,8.30233,9.873734,10,9.534728,-1,-1,-1,-1,-1,-1,-1,-1,-1,-1,-1,-1,-1,-1,-1,-1,-1,-1,-1,-1,-1,-1,-1,-1,-1,-1,-1,-1,-1,-1,-1,-1,-1,-1,-1,-1,-1,-1,-1,-1,-1,-1,-1,-1,-1,-1,-1,-1,-1,-1,0,0,0,0,0,0,-1,-1,-1,-1,-1,-1,-1,-1,-1,-1,-1,-1,0,0,0,0,0,0,-1,-1,-1,-1,-1,-1,-1,-1,-1,-1,-1,-1,-1,-1,False,False,0,0,False,209,0,0,0,0,0,0,0,0,0,0,0,0,0,0,0,1,
0,4466,2026-02-16 16:46:27Z,LLM_Empathetic,6.932446,7.222704,6.642189,0.6105298,0,1.601504,0,0,0,0,0,0,5.501419,4.352144,6.650704,0.592854,0.702737,0.482971,7.399579,6.222178,8.57698,0.5855677,0,2.107968,7.205664,6.109007,8.302321,9.873723,10,9.534715,6.932446,7.222704,6.642189,0.6105298,0,1.601504,0,0,0,0,0,0,5.501419,4.352144,6.650704,0.592854,0.702737,0.482971,7.399579,6.222178,8.57698,0.5855677,0,2.107968,7.205664,6.109007,8.302321,9.873723,10,9.534715,-1,-1,-1,-1,-1,-1,-1,-1,-1,-1,-1,-1,-1,-1,-1,-1,-1,-1,-1,-1,-1,-1,-1,-1,-1,-1,-1,-1,-1,-1,-1,-1,-1,-1,-1,-1,-1,-1,-1,-1,-1,-1,-1,-1,-1,-1,-1,-1,-1,-1,0,0,0,0,0,0,-1,-1,-1,-1,-1,-1,-1,-1,-1,-1,-1,-1,0,0,0,0,0,0,-1,-1,-1,-1,-1,-1,-1,-1,-1,-1,-1,-1,-1,-1,False,False,0,0,False,207,0,0,0,0,0,0,0,0,0,0,0,0,0,0,0,1,
0,4467,2026-02-16 16:46:27Z,LLM_Empathetic,6.932443,7.222703,6.642183,0.6105352,0,1.601507,0,0,0,0,0,0,5.501415,4.352143,6.650697,0.592854,0.702737,0.482971,7.399577,6.222179,8.576975,0.5855711,0,2.107971,7.205658,6.109004,8.302314,9.873713,10,9.5347,6.932443,7.222703,6.642183,0.6105352,0,1.601507,0,0,0,0,0,0,5.501415,4.352143,6.650697,0.592854,0.702737,0.482971,7.399577,6.222179,8.576975,0.5855711,0,2.107971,7.205658,6.109004,8.302314,9.873713,10,9.5347,-1,-1,-1,-1,-1,-1,-1,-1,-1,-1,-1,-1,-1,-1,-1,-1,-1,-1,-1,-1,-1,-1,-1,-1,-1,-1,-1,-1,-1,-1,-1,-1,-1,-1,-1,-1,-1,-1,-1,-1,-1,-1,-1,-1,-1,-1,-1,-1,-1,-1,0,0,0,0,0,0,-1,-1,-1,-1,-1,-1,-1,-1,-1,-1,-1,-1,0,0,0,0,0,0,-1,-1,-1,-1,-1,-1,-1,-1,-1,-1,-1,-1,-1,-1,False,False,0,0,False,207,0,0,0,0,0,0,0,0,0,0,0,0,0,0,0,1,
0,4468,2026-02-16 16:46:27Z,LLM_Empathetic,6.93244,7.222703,6.642177,0.6105406,0,1.60151,0,0,0,0,0,0,5.501411,4.352142,6.650691,0.592854,0.702737,0.482971,7.399575,6.22218,8.57697,0.5855746,0,2.107975,7.205653,6.109002,8.302305,9.873701,10,9.534686,6.93244,7.222703,6.642177,0.6105406,0,1.60151,0,0,0,0,0,0,5.501411,4.352142,6.650691,0.592854,0.702737,0.482971,7.399575,6.22218,8.57697,0.5855746,0,2.107975,7.205653,6.109002,8.302305,9.873701,10,9.534686,-1,-1,-1,-1,-1,-1,-1,-1,-1,-1,-1,-1,-1,-1,-1,-1,-1,-1,-1,-1,-1,-1,-1,-1,-1,-1,-1,-1,-1,-1,-1,-1,-1,-1,-1,-1,-1,-1,-1,-1,-1,-1,-1,-1,-1,-1,-1,-1,-1,-1,0,0,0,0,0,0,-1,-1,-1,-1,-1,-1,-1,-1,-1,-1,-1,-1,0,0,0,0,0,0,-1,-1,-1,-1,-1,-1,-1,-1,-1,-1,-1,-1,-1,-1,False,False,0,0,False,207,0,0,0,0,0,0,0,0,0,0,0,0,0,0,0,1,
0,4469,2026-02-16 16:46:27Z,LLM_Empathetic,6.932437,7.222703,6.642171,0.6105459,0,1.601513,0,0,0,0,0,0,5.501407,4.35214,6.650684,0.592854,0.702737,0.482971,7.399573,6.222181,8.576966,0.585578,0,2.107978,7.205647,6.108998,8.302297,9.87369,10,9.534672,6.932437,7.222703,6.642171,0.6105459,0,1.601513,0,0,0,0,0,0,5.501407,4.35214,6.650684,0.592854,0.702737,0.482971,7.399573,6.222181,8.576966,0.585578,0,2.107978,7.205647,6.108998,8.302297,9.87369,10,9.534672,-1,-1,-1,-1,-1,-1,-1,-1,-1,-1,-1,-1,-1,-1,-1,-1,-1,-1,-1,-1,-1,-1,-1,-1,-1,-1,-1,-1,-1,-1,-1,-1,-1,-1,-1,-1,-1,-1,-1,-1,-1,-1,-1,-1,-1,-1,-1,-1,-1,-1,0,0,0,0,0,0,-1,-1,-1,-1,-1,-1,-1,-1,-1,-1,-1,-1,0,0,0,0,0,0,-1,-1,-1,-1,-1,-1,-1,-1,-1,-1,-1,-1,-1,-1,False,False,0,0,False,209,0,0,0,0,0,0,0,0,0,0,0,0,0,0,0,1,
0,4470,2026-02-16 16:46:27Z,LLM_Empathetic,6.932436,7.222702,6.642169,0.6105486,0,1.601514,0,0,0,0,0,0,5.501405,4.352139,6.650681,0.592854,0.702737,0.482971,7.399572,6.222181,8.576963,0.5855798,0,2.10798,7.205644,6.108997,8.302293,9.873684,10,9.534665,6.932436,7.222702,6.642169,0.6105486,0,1.601514,0,0,0,0,0,0,5.501405,4.352139,6.650681,0.592854,0.702737,0.482971,7.399572,6.222181,8.576963,0.5855798,0,2.10798,7.205644,6.108997,8.302293,9.873684,10,9.534665,-1,-1,-1,-1,-1,-1,-1,-1,-1,-1,-1,-1,-1,-1,-1,-1,-1,-1,-1,-1,-1,-1,-1,-1,-1,-1,-1,-1,-1,-1,-1,-1,-1,-1,-1,-1,-1,-1,-1,-1,-1,-1,-1,-1,-1,-1,-1,-1,-1,-1,0,0,0,0,0,0,-1,-1,-1,-1,-1,-1,-1,-1,-1,-1,-1,-1,0,0,0,0,0,0,-1,-1,-1,-1,-1,-1,-1,-1,-1,-1,-1,-1,-1,-1,False,False,0,0,False,209,0,0,0,0,0,0,0,0,0,0,0,0,0,0,0,1,
0,4471,2026-02-16 16:46:27Z,LLM_Empathetic,6.932432,7.222702,6.642163,0.610554,0,1.601517,0,0,0,0,0,0,5.501401,4.352139,6.650674,0.592854,0.702737,0.482971,7.39957,6.222182,8.576959,0.5855832,0,2.107984,7.205639,6.108994,8.302284,9.873672,10,9.534651,6.932432,7.222702,6.642163,0.610554,0,1.601517,0,0,0,0,0,0,5.501401,4.352139,6.650674,0.592854,0.702737,0.482971,7.39957,6.222182,8.576959,0.5855832,0,2.107984,7.205639,6.108994,8.302284,9.873672,10,9.534651,-1,-1,-1,-1,-1,-1,-1,-1,-1,-1,-1,-1,-1,-1,-1,-1,-1,-1,-1,-1,-1,-1,-1,-1,-1,-1,-1,-1,-1,-1,-1,-1,-1,-1,-1,-1,-1,-1,-1,-1,-1,-1,-1,-1,-1,-1,-1,-1,-1,-1,0,0,0,0,0,0,-1,-1,-1,-1,-1,-1,-1,-1,-1,-1,-1,-1,0,0,0,0,0,0,-1,-1,-1,-1,-1,-1,-1,-1,-1,-1,-1,-1,-1,-1,False,False,0,0,False,209,0,0,0,0,0,0,0,0,0,0,0,0,0,0,0,1,
0,4472,2026-02-16 16:46:27Z,LLM_Empathetic,6.932431,7.222701,6.64216,0.6105567,0,1.601519,0,0,0,0,0,0,5.501399,4.352138,6.65067,0.592854,0.702737,0.482971,7.39957,6.222183,8.576957,0.5855849,0,2.107985,7.205636,6.108992,8.30228,9.873667,10,9.534643,6.932431,7.222701,6.64216,0.6105567,0,1.601519,0,0,0,0,0,0,5.501399,4.352138,6.65067,0.592854,0.702737,0.482971,7.39957,6.222183,8.576957,0.5855849,0,2.107985,7.205636,6.108992,8.30228,9.873667,10,9.534643,-1,-1,-1,-1,-1,-1,-1,-1,-1,-1,-1,-1,-1,-1,-1,-1,-1,-1,-1,-1,-1,-1,-1,-1,-1,-1,-1,-1,-1,-1,-1,-1,-1,-1,-1,-1,-1,-1,-1,-1,-1,-1,-1,-1,-1,-1,-1,-1,-1,-1,0,0,0,0,0,0,-1,-1,-1,-1,-1,-1,-1,-1,-1,-1,-1,-1,0,0,0,0,0,0,-1,-1,-1,-1,-1,-1,-1,-1,-1,-1,-1,-1,-1,-1,False,False,0,0,False,207,0,0,0,0,0,0,0,0,0,0,0,0,0,0,0,1,
0,4473,2026-02-16 16:46:27Z,LLM_Empathetic,6.932427,7.222701,6.642154,0.6105621,0,1.601522,0,0,0,0,0,0,5.501395,4.352136,6.650663,0.592854,0.702737,0.482971,7.399568,6.222184,8.576952,0.5855883,0,2.107989,7.20563,6.108989,8.302272,9.873655,10,9.53463,6.932427,7.222701,6.642154,0.6105621,0,1.601522,0,0,0,0,0,0,5.501395,4.352136,6.650663,0.592854,0.702737,0.482971,7.399568,6.222184,8.576952,0.5855883,0,2.107989,7.20563,6.108989,8.302272,9.873655,10,9.53463,-1,-1,-1,-1,-1,-1,-1,-1,-1,-1,-1,-1,-1,-1,-1,-1,-1,-1,-1,-1,-1,-1,-1,-1,-1,-1,-1,-1,-1,-1,-1,-1,-1,-1,-1,-1,-1,-1,-1,-1,-1,-1,-1,-1,-1,-1,-1,-1,-1,-1,0,0,0,0,0,0,-1,-1,-1,-1,-1,-1,-1,-1,-1,-1,-1,-1,0,0,0,0,0,0,-1,-1,-1,-1,-1,-1,-1,-1,-1,-1,-1,-1,-1,-1,False,False,0,0,False,207,0,0,0,0,0,0,0,0,0,0,0,0,0,0,0,1,
0,4474,2026-02-16 16:46:27Z,LLM_Empathetic,6.932424,7.2227,6.642148,0.6105675,0,1.601525,0,0,0,0,0,0,5.50139,4.352135,6.650657,0.592854,0.702737,0.482971,7.399566,6.222185,8.576947,0.5855918,0,2.107992,7.205625,6.108986,8.302264,9.873645,10,9.534616,6.932424,7.2227,6.642148,0.6105675,0,1.601525,0,0,0,0,0,0,5.50139,4.352135,6.650657,0.592854,0.702737,0.482971,7.399566,6.222185,8.576947,0.5855918,0,2.107992,7.205625,6.108986,8.302264,9.873645,10,9.534616,-1,-1,-1,-1,-1,-1,-1,-1,-1,-1,-1,-1,-1,-1,-1,-1,-1,-1,-1,-1,-1,-1,-1,-1,-1,-1,-1,-1,-1,-1,-1,-1,-1,-1,-1,-1,-1,-1,-1,-1,-1,-1,-1,-1,-1,-1,-1,-1,-1,-1,0,0,0,0,0,0,-1,-1,-1,-1,-1,-1,-1,-1,-1,-1,-1,-1,0,0,0,0,0,0,-1,-1,-1,-1,-1,-1,-1,-1,-1,-1,-1,-1,-1,-1,False,False,0,0,False,207,0,0,0,0,0,0,0,0,0,0,0,0,0,0,0,1,
0,4475,2026-02-16 16:46:27Z,LLM_Empathetic,6.932423,7.2227,6.642146,0.6105701,0,1.601526,0,0,0,0,0,0,5.501389,4.352134,6.650653,0.592854,0.702737,0.482971,7.399565,6.222185,8.576945,0.5855935,0,2.107994,7.205622,6.108984,8.302259,9.873639,10,9.534608,6.932423,7.2227,6.642146,0.6105701,0,1.601526,0,0,0,0,0,0,5.501389,4.352134,6.650653,0.592854,0.702737,0.482971,7.399565,6.222185,8.576945,0.5855935,0,2.107994,7.205622,6.108984,8.302259,9.873639,10,9.534608,-1,-1,-1,-1,-1,-1,-1,-1,-1,-1,-1,-1,-1,-1,-1,-1,-1,-1,-1,-1,-1,-1,-1,-1,-1,-1,-1,-1,-1,-1,-1,-1,-1,-1,-1,-1,-1,-1,-1,-1,-1,-1,-1,-1,-1,-1,-1,-1,-1,-1,0,0,0,0,0,0,-1,-1,-1,-1,-1,-1,-1,-1,-1,-1,-1,-1,0,0,0,0,0,0,-1,-1,-1,-1,-1,-1,-1,-1,-1,-1,-1,-1,-1,-1,False,False,0,0,False,207,0,0,0,0,0,0,0,0,0,0,0,0,0,0,0,1,
0,4476,2026-02-16 16:46:27Z,LLM_Empathetic,6.932419,7.222699,6.64214,0.6105756,0,1.601529,0,0,0,0,0,0,5.501385,4.352133,6.650646,0.592854,0.702737,0.482971,7.399563,6.222186,8.576941,0.585597,0,2.107997,7.205616,6.108982,8.302252,9.873628,10,9.534594,6.932419,7.222699,6.64214,0.6105756,0,1.601529,0,0,0,0,0,0,5.501385,4.352133,6.650646,0.592854,0.702737,0.482971,7.399563,6.222186,8.576941,0.585597,0,2.107997,7.205616,6.108982,8.302252,9.873628,10,9.534594,-1,-1,-1,-1,-1,-1,-1,-1,-1,-1,-1,-1,-1,-1,-1,-1,-1,-1,-1,-1,-1,-1,-1,-1,-1,-1,-1,-1,-1,-1,-1,-1,-1,-1,-1,-1,-1,-1,-1,-1,-1,-1,-1,-1,-1,-1,-1,-1,-1,-1,0,0,0,0,0,0,-1,-1,-1,-1,-1,-1,-1,-1,-1,-1,-1,-1,0,0,0,0,0,0,-1,-1,-1,-1,-1,-1,-1,-1,-1,-1,-1,-1,-1,-1,False,False,0,0,False,209,0,0,0,0,0,0,0,0,0,0,0,0,0,0,0,1,
0,4477,2026-02-16 16:46:27Z,LLM_Empathetic,6.932418,7.222699,6.642137,0.6105782,0,1.601531,0,0,0,0,0,0,5.501382,4.352132,6.650643,0.592854,0.702737,0.482971,7.399562,6.222187,8.576938,0.5855987,0,2.107999,7.205613,6.10898,8.302247,9.873622,10,9.534587,6.932418,7.222699,6.642137,0.6105782,0,1.601531,0,0,0,0,0,0,5.501382,4.352132,6.650643,0.592854,0.702737,0.482971,7.399562,6.222187,8.576938,0.5855987,0,2.107999,7.205613,6.10898,8.302247,9.873622,10,9.534587,-1,-1,-1,-1,-1,-1,-1,-1,-1,-1,-1,-1,-1,-1,-1,-1,-1,-1,-1,-1,-1,-1,-1,-1,-1,-1,-1,-1,-1,-1,-1,-1,-1,-1,-1,-1,-1,-1,-1,-1,-1,-1,-1,-1,-1,-1,-1,-1,-1,-1,0,0,0,0,0,0,-1,-1,-1,-1,-1,-1,-1,-1,-1,-1,-1,-1,0,0,0,0,0,0,-1,-1,-1,-1,-1,-1,-1,-1,-1,-1,-1,-1,-1,-1,False,False,0,0,False,207,0,0,0,0,0,0,0,0,0,0,0,0,0,0,0,1,
0,4478,2026-02-16 16:46:27Z,LLM_Empathetic,6.932415,7.222698,6.642131,0.6105837,0,1.601534,0,0,0,0,0,0,5.501379,4.352131,6.650636,0.592854,0.702737,0.482971,7.39956,6.222188,8.576933,0.5856022,0,2.108002,7.205607,6.108977,8.302239,9.87361,10,9.534573,6.932415,7.222698,6.642131,0.6105837,0,1.601534,0,0,0,0,0,0,5.501379,4.352131,6.650636,0.592854,0.702737,0.482971,7.39956,6.222188,8.576933,0.5856022,0,2.108002,7.205607,6.108977,8.302239,9.87361,10,9.534573,-1,-1,-1,-1,-1,-1,-1,-1,-1,-1,-1,-1,-1,-1,-1,-1,-1,-1,-1,-1,-1,-1,-1,-1,-1,-1,-1,-1,-1,-1,-1,-1,-1,-1,-1,-1,-1,-1,-1,-1,-1,-1,-1,-1,-1,-1,-1,-1,-1,-1,0,0,0,0,0,0,-1,-1,-1,-1,-1,-1,-1,-1,-1,-1,-1,-1,0,0,0,0,0,0,-1,-1,-1,-1,-1,-1,-1,-1,-1,-1,-1,-1,-1,-1,False,False,0,0,False,207,0,0,0,0,0,0,0,0,0,0,0,0,0,0,0,1,
0,4479,2026-02-16 16:46:27Z,LLM_Empathetic,6.932413,7.222698,6.642128,0.6105863,0,1.601535,0,0,0,0,0,0,5.501376,4.35213,6.650633,0.592854,0.702737,0.482971,7.399559,6.222188,8.576931,0.5856039,0,2.108004,7.205605,6.108975,8.302235,9.873605,10,9.534565,6.932413,7.222698,6.642128,0.6105863,0,1.601535,0,0,0,0,0,0,5.501376,4.35213,6.650633,0.592854,0.702737,0.482971,7.399559,6.222188,8.576931,0.5856039,0,2.108004,7.205605,6.108975,8.302235,9.873605,10,9.534565,-1,-1,-1,-1,-1,-1,-1,-1,-1,-1,-1,-1,-1,-1,-1,-1,-1,-1,-1,-1,-1,-1,-1,-1,-1,-1,-1,-1,-1,-1,-1,-1,-1,-1,-1,-1,-1,-1,-1,-1,-1,-1,-1,-1,-1,-1,-1,-1,-1,-1,0,0,0,0,0,0,-1,-1,-1,-1,-1,-1,-1,-1,-1,-1,-1,-1,0,0,0,0,0,0,-1,-1,-1,-1,-1,-1,-1,-1,-1,-1,-1,-1,-1,-1,False,False,0,0,False,209,0,0,0,0,0,0,0,0,0,0,0,0,0,0,0,1,
0,4480,2026-02-16 16:46:27Z,LLM_Empathetic,6.93241,7.222697,6.642122,0.6105918,0,1.601538,0,0,0,0,0,0,5.501372,4.352129,6.650626,0.592854,0.702737,0.482971,7.399558,6.222189,8.576926,0.5856073,0,2.108008,7.205599,6.108972,8.302227,9.873593,10,9.534552,6.93241,7.222697,6.642122,0.6105918,0,1.601538,0,0,0,0,0,0,5.501372,4.352129,6.650626,0.592854,0.702737,0.482971,7.399558,6.222189,8.576926,0.5856073,0,2.108008,7.205599,6.108972,8.302227,9.873593,10,9.534552,-1,-1,-1,-1,-1,-1,-1,-1,-1,-1,-1,-1,-1,-1,-1,-1,-1,-1,-1,-1,-1,-1,-1,-1,-1,-1,-1,-1,-1,-1,-1,-1,-1,-1,-1,-1,-1,-1,-1,-1,-1,-1,-1,-1,-1,-1,-1,-1,-1,-1,0,0,0,0,0,0,-1,-1,-1,-1,-1,-1,-1,-1,-1,-1,-1,-1,0,0,0,0,0,0,-1,-1,-1,-1,-1,-1,-1,-1,-1,-1,-1,-1,-1,-1,False,False,0,0,False,209,0,0,0,0,0,0,0,0,0,0,0,0,0,0,0,1,
0,4481,2026-02-16 16:46:27Z,LLM_Empathetic,6.932408,7.222697,6.642119,0.6105945,0,1.60154,0,0,0,0,0,0,5.50137,4.352128,6.650622,0.592854,0.702737,0.482971,7.399557,6.222189,8.576923,0.5856091,0,2.10801,7.205596,6.108971,8.302222,9.873588,10,9.534544,6.932408,7.222697,6.642119,0.6105945,0,1.60154,0,0,0,0,0,0,5.50137,4.352128,6.650622,0.592854,0.702737,0.482971,7.399557,6.222189,8.576923,0.5856091,0,2.10801,7.205596,6.108971,8.302222,9.873588,10,9.534544,-1,-1,-1,-1,-1,-1,-1,-1,-1,-1,-1,-1,-1,-1,-1,-1,-1,-1,-1,-1,-1,-1,-1,-1,-1,-1,-1,-1,-1,-1,-1,-1,-1,-1,-1,-1,-1,-1,-1,-1,-1,-1,-1,-1,-1,-1,-1,-1,-1,-1,0,0,0,0,0,0,-1,-1,-1,-1,-1,-1,-1,-1,-1,-1,-1,-1,0,0,0,0,0,0,-1,-1,-1,-1,-1,-1,-1,-1,-1,-1,-1,-1,-1,-1,False,False,0,0,False,207,0,0,0,0,0,0,0,0,0,0,0,0,0,0,0,1,
0,4482,2026-02-16 16:46:27Z,LLM_Empathetic,6.932405,7.222697,6.642114,0.6105999,0,1.601543,0,0,0,0,0,0,5.501366,4.352127,6.650616,0.592854,0.702737,0.482971,7.399555,6.22219,8.576919,0.5856125,0,2.108013,7.205591,6.108968,8.302215,9.873576,10,9.53453,6.932405,7.222697,6.642114,0.6105999,0,1.601543,0,0,0,0,0,0,5.501366,4.352127,6.650616,0.592854,0.702737,0.482971,7.399555,6.22219,8.576919,0.5856125,0,2.108013,7.205591,6.108968,8.302215,9.873576,10,9.53453,-1,-1,-1,-1,-1,-1,-1,-1,-1,-1,-1,-1,-1,-1,-1,-1,-1,-1,-1,-1,-1,-1,-1,-1,-1,-1,-1,-1,-1,-1,-1,-1,-1,-1,-1,-1,-1,-1,-1,-1,-1,-1,-1,-1,-1,-1,-1,-1,-1,-1,0,0,0,0,0,0,-1,-1,-1,-1,-1,-1,-1,-1,-1,-1,-1,-1,0,0,0,0,0,0,-1,-1,-1,-1,-1,-1,-1,-1,-1,-1,-1,-1,-1,-1,False,False,0,0,False,209,0,0,0,0,0,0,0,0,0,0,0,0,0,0,0,1,
0,4483,2026-02-16 16:46:27Z,LLM_Empathetic,6.932404,7.222696,6.642111,0.6106026,0,1.601544,0,0,0,0,0,0,5.501364,4.352126,6.650612,0.592854,0.702737,0.482971,7.399554,6.222191,8.576917,0.5856143,0,2.108015,7.205588,6.108966,8.30221,9.87357,10,9.534523,6.932404,7.222696,6.642111,0.6106026,0,1.601544,0,0,0,0,0,0,5.501364,4.352126,6.650612,0.592854,0.702737,0.482971,7.399554,6.222191,8.576917,0.5856143,0,2.108015,7.205588,6.108966,8.30221,9.87357,10,9.534523,-1,-1,-1,-1,-1,-1,-1,-1,-1,-1,-1,-1,-1,-1,-1,-1,-1,-1,-1,-1,-1,-1,-1,-1,-1,-1,-1,-1,-1,-1,-1,-1,-1,-1,-1,-1,-1,-1,-1,-1,-1,-1,-1,-1,-1,-1,-1,-1,-1,-1,0,0,0,0,0,0,-1,-1,-1,-1,-1,-1,-1,-1,-1,-1,-1,-1,0,0,0,0,0,0,-1,-1,-1,-1,-1,-1,-1,-1,-1,-1,-1,-1,-1,-1,False,False,0,0,False,207,0,0,0,0,0,0,0,0,0,0,0,0,0,0,0,1,
0,4484,2026-02-16 16:46:27Z,LLM_Empathetic,6.9324,7.222696,6.642105,0.610608,0,1.601547,0,0,0,0,0,0,5.50136,4.352125,6.650605,0.592854,0.702737,0.482971,7.399552,6.222192,8.576912,0.5856178,0,2.108018,7.205582,6.108963,8.302202,9.873559,10,9.534509,6.9324,7.222696,6.642105,0.610608,0,1.601547,0,0,0,0,0,0,5.50136,4.352125,6.650605,0.592854,0.702737,0.482971,7.399552,6.222192,8.576912,0.5856178,0,2.108018,7.205582,6.108963,8.302202,9.873559,10,9.534509,-1,-1,-1,-1,-1,-1,-1,-1,-1,-1,-1,-1,-1,-1,-1,-1,-1,-1,-1,-1,-1,-1,-1,-1,-1,-1,-1,-1,-1,-1,-1,-1,-1,-1,-1,-1,-1,-1,-1,-1,-1,-1,-1,-1,-1,-1,-1,-1,-1,-1,0,0,0,0,0,0,-1,-1,-1,-1,-1,-1,-1,-1,-1,-1,-1,-1,0,0,0,0,0,0,-1,-1,-1,-1,-1,-1,-1,-1,-1,-1,-1,-1,-1,-1,False,False,0,0,False,207,0,0,0,0,0,0,0,0,0,0,0,0,0,0,0,1,
0,4485,2026-02-16 16:46:27Z,LLM_Empathetic,6.932399,7.222695,6.642102,0.6106107,0,1.601549,0,0,0,0,0,0,5.501358,4.352124,6.650602,0.592854,0.702737,0.482971,7.399551,6.222192,8.57691,0.5856195,0,2.10802,7.205579,6.108962,8.302197,9.873553,10,9.534501,6.932399,7.222695,6.642102,0.6106107,0,1.601549,0,0,0,0,0,0,5.501358,4.352124,6.650602,0.592854,0.702737,0.482971,7.399551,6.222192,8.57691,0.5856195,0,2.10802,7.205579,6.108962,8.302197,9.873553,10,9.534501,-1,-1,-1,-1,-1,-1,-1,-1,-1,-1,-1,-1,-1,-1,-1,-1,-1,-1,-1,-1,-1,-1,-1,-1,-1,-1,-1,-1,-1,-1,-1,-1,-1,-1,-1,-1,-1,-1,-1,-1,-1,-1,-1,-1,-1,-1,-1,-1,-1,-1,0,0,0,0,0,0,-1,-1,-1,-1,-1,-1,-1,-1,-1,-1,-1,-1,0,0,0,0,0,0,-1,-1,-1,-1,-1,-1,-1,-1,-1,-1,-1,-1,-1,-1,False,False,0,0,False,209,0,0,0,0,0,0,0,0,0,0,0,0,0,0,0,1,
0,4486,2026-02-16 16:46:28Z,LLM_Empathetic,6.932395,7.222695,6.642096,0.6106161,0,1.601552,0,0,0,0,0,0,5.501354,4.352123,6.650595,0.592854,0.702737,0.482971,7.399549,6.222194,8.576905,0.585623,0,2.108023,7.205574,6.108958,8.30219,9.873542,10,9.534487,6.932395,7.222695,6.642096,0.6106161,0,1.601552,0,0,0,0,0,0,5.501354,4.352123,6.650595,0.592854,0.702737,0.482971,7.399549,6.222194,8.576905,0.585623,0,2.108023,7.205574,6.108958,8.30219,9.873542,10,9.534487,-1,-1,-1,-1,-1,-1,-1,-1,-1,-1,-1,-1,-1,-1,-1,-1,-1,-1,-1,-1,-1,-1,-1,-1,-1,-1,-1,-1,-1,-1,-1,-1,-1,-1,-1,-1,-1,-1,-1,-1,-1,-1,-1,-1,-1,-1,-1,-1,-1,-1,0,0,0,0,0,0,-1,-1,-1,-1,-1,-1,-1,-1,-1,-1,-1,-1,0,0,0,0,0,0,-1,-1,-1,-1,-1,-1,-1,-1,-1,-1,-1,-1,-1,-1,False,False,0,0,False,209,0,0,0,0,0,0,0,0,0,0,0,0,0,0,0,1,
0,4487,2026-02-16 16:46:28Z,LLM_Empathetic,6.932394,7.222694,6.642093,0.6106188,0,1.601553,0,0,0,0,0,0,5.501352,4.352122,6.650592,0.592854,0.702737,0.482971,7.399548,6.222194,8.576902,0.5856247,0,2.108025,7.205571,6.108957,8.302185,9.873536,10,9.53448,6.932394,7.222694,6.642093,0.6106188,0,1.601553,0,0,0,0,0,0,5.501352,4.352122,6.650592,0.592854,0.702737,0.482971,7.399548,6.222194,8.576902,0.5856247,0,2.108025,7.205571,6.108957,8.302185,9.873536,10,9.53448,-1,-1,-1,-1,-1,-1,-1,-1,-1,-1,-1,-1,-1,-1,-1,-1,-1,-1,-1,-1,-1,-1,-1,-1,-1,-1,-1,-1,-1,-1,-1,-1,-1,-1,-1,-1,-1,-1,-1,-1,-1,-1,-1,-1,-1,-1,-1,-1,-1,-1,0,0,0,0,0,0,-1,-1,-1,-1,-1,-1,-1,-1,-1,-1,-1,-1,0,0,0,0,0,0,-1,-1,-1,-1,-1,-1,-1,-1,-1,-1,-1,-1,-1,-1,False,False,0,0,False,207,0,0,0,0,0,0,0,0,0,0,0,0,0,0,0,1,
0,4488,2026-02-16 16:46:28Z,LLM_Empathetic,6.932391,7.222694,6.642087,0.6106243,0,1.601556,0,0,0,0,0,0,5.501348,4.352121,6.650585,0.592854,0.702737,0.482971,7.399546,6.222195,8.576898,0.5856282,0,2.108029,7.205565,6.108954,8.302176,9.873526,10,9.534466,6.932391,7.222694,6.642087,0.6106243,0,1.601556,0,0,0,0,0,0,5.501348,4.352121,6.650585,0.592854,0.702737,0.482971,7.399546,6.222195,8.576898,0.5856282,0,2.108029,7.205565,6.108954,8.302176,9.873526,10,9.534466,-1,-1,-1,-1,-1,-1,-1,-1,-1,-1,-1,-1,-1,-1,-1,-1,-1,-1,-1,-1,-1,-1,-1,-1,-1,-1,-1,-1,-1,-1,-1,-1,-1,-1,-1,-1,-1,-1,-1,-1,-1,-1,-1,-1,-1,-1,-1,-1,-1,-1,0,0,0,0,0,0,-1,-1,-1,-1,-1,-1,-1,-1,-1,-1,-1,-1,0,0,0,0,0,0,-1,-1,-1,-1,-1,-1,-1,-1,-1,-1,-1,-1,-1,-1,False,False,0,0,False,209,0,0,0,0,0,0,0,0,0,0,0,0,0,0,0,1,
0,4489,2026-02-16 16:46:28Z,LLM_Empathetic,6.932389,7.222694,6.642085,0.610627,0,1.601558,0,0,0,0,0,0,5.501346,4.35212,6.650581,0.592854,0.702737,0.482971,7.399545,6.222196,8.576896,0.5856299,0,2.10803,7.205562,6.108952,8.302173,9.87352,10,9.534458,6.932389,7.222694,6.642085,0.610627,0,1.601558,0,0,0,0,0,0,5.501346,4.35212,6.650581,0.592854,0.702737,0.482971,7.399545,6.222196,8.576896,0.5856299,0,2.10803,7.205562,6.108952,8.302173,9.87352,10,9.534458,-1,-1,-1,-1,-1,-1,-1,-1,-1,-1,-1,-1,-1,-1,-1,-1,-1,-1,-1,-1,-1,-1,-1,-1,-1,-1,-1,-1,-1,-1,-1,-1,-1,-1,-1,-1,-1,-1,-1,-1,-1,-1,-1,-1,-1,-1,-1,-1,-1,-1,0,0,0,0,0,0,-1,-1,-1,-1,-1,-1,-1,-1,-1,-1,-1,-1,0,0,0,0,0,0,-1,-1,-1,-1,-1,-1,-1,-1,-1,-1,-1,-1,-1,-1,False,False,0,0,False,209,0,0,0,0,0,0,0,0,0,0,0,0,0,0,0,1,
0,4490,2026-02-16 16:46:28Z,LLM_Empathetic,6.932388,7.222693,6.642082,0.6106297,0,1.601559,0,0,0,0,0,0,5.501344,4.352119,6.650578,0.592854,0.702737,0.482971,7.399544,6.222196,8.576893,0.5856317,0,2.108032,7.205559,6.108951,8.302169,9.873514,10,9.534451,6.932388,7.222693,6.642082,0.6106297,0,1.601559,0,0,0,0,0,0,5.501344,4.352119,6.650578,0.592854,0.702737,0.482971,7.399544,6.222196,8.576893,0.5856317,0,2.108032,7.205559,6.108951,8.302169,9.873514,10,9.534451,-1,-1,-1,-1,-1,-1,-1,-1,-1,-1,-1,-1,-1,-1,-1,-1,-1,-1,-1,-1,-1,-1,-1,-1,-1,-1,-1,-1,-1,-1,-1,-1,-1,-1,-1,-1,-1,-1,-1,-1,-1,-1,-1,-1,-1,-1,-1,-1,-1,-1,0,0,0,0,0,0,-1,-1,-1,-1,-1,-1,-1,-1,-1,-1,-1,-1,0,0,0,0,0,0,-1,-1,-1,-1,-1,-1,-1,-1,-1,-1,-1,-1,-1,-1,False,False,0,0,False,209,0,0,0,0,0,0,0,0,0,0,0,0,0,0,0,1,
0,4491,2026-02-16 16:46:28Z,LLM_Empathetic,6.932384,7.222693,6.642076,0.6106352,0,1.601562,0,0,0,0,0,0,5.501339,4.352118,6.650571,0.592854,0.702737,0.482971,7.399542,6.222197,8.576888,0.5856351,0,2.108036,7.205554,6.108948,8.30216,9.873503,10,9.534437,6.932384,7.222693,6.642076,0.6106352,0,1.601562,0,0,0,0,0,0,5.501339,4.352118,6.650571,0.592854,0.702737,0.482971,7.399542,6.222197,8.576888,0.5856351,0,2.108036,7.205554,6.108948,8.30216,9.873503,10,9.534437,-1,-1,-1,-1,-1,-1,-1,-1,-1,-1,-1,-1,-1,-1,-1,-1,-1,-1,-1,-1,-1,-1,-1,-1,-1,-1,-1,-1,-1,-1,-1,-1,-1,-1,-1,-1,-1,-1,-1,-1,-1,-1,-1,-1,-1,-1,-1,-1,-1,-1,0,0,0,0,0,0,-1,-1,-1,-1,-1,-1,-1,-1,-1,-1,-1,-1,0,0,0,0,0,0,-1,-1,-1,-1,-1,-1,-1,-1,-1,-1,-1,-1,-1,-1,False,False,0,0,False,209,0,0,0,0,0,0,0,0,0,0,0,0,0,0,0,1,
0,4492,2026-02-16 16:46:28Z,LLM_Empathetic,6.932383,7.222692,6.642073,0.6106379,0,1.601564,0,0,0,0,0,0,5.501338,4.352118,6.650568,0.592854,0.702737,0.482971,7.399541,6.222198,8.576886,0.5856369,0,2.108037,7.205551,6.108946,8.302156,9.873497,10,9.53443,6.932383,7.222692,6.642073,0.6106379,0,1.601564,0,0,0,0,0,0,5.501338,4.352118,6.650568,0.592854,0.702737,0.482971,7.399541,6.222198,8.576886,0.5856369,0,2.108037,7.205551,6.108946,8.302156,9.873497,10,9.53443,-1,-1,-1,-1,-1,-1,-1,-1,-1,-1,-1,-1,-1,-1,-1,-1,-1,-1,-1,-1,-1,-1,-1,-1,-1,-1,-1,-1,-1,-1,-1,-1,-1,-1,-1,-1,-1,-1,-1,-1,-1,-1,-1,-1,-1,-1,-1,-1,-1,-1,0,0,0,0,0,0,-1,-1,-1,-1,-1,-1,-1,-1,-1,-1,-1,-1,0,0,0,0,0,0,-1,-1,-1,-1,-1,-1,-1,-1,-1,-1,-1,-1,-1,-1,False,False,0,0,False,209,0,0,0,0,0,0,0,0,0,0,0,0,0,0,0,1,
0,4493,2026-02-16 16:46:28Z,LLM_Empathetic,6.93238,7.222692,6.642067,0.6106433,0,1.601567,0,0,0,0,0,0,5.501333,4.352116,6.650561,0.592854,0.702737,0.482971,7.399539,6.222198,8.576881,0.5856404,0,2.108041,7.205545,6.108943,8.302148,9.873486,10,9.534415,6.93238,7.222692,6.642067,0.6106433,0,1.601567,0,0,0,0,0,0,5.501333,4.352116,6.650561,0.592854,0.702737,0.482971,7.399539,6.222198,8.576881,0.5856404,0,2.108041,7.205545,6.108943,8.302148,9.873486,10,9.534415,-1,-1,-1,-1,-1,-1,-1,-1,-1,-1,-1,-1,-1,-1,-1,-1,-1,-1,-1,-1,-1,-1,-1,-1,-1,-1,-1,-1,-1,-1,-1,-1,-1,-1,-1,-1,-1,-1,-1,-1,-1,-1,-1,-1,-1,-1,-1,-1,-1,-1,0,0,0,0,0,0,-1,-1,-1,-1,-1,-1,-1,-1,-1,-1,-1,-1,0,0,0,0,0,0,-1,-1,-1,-1,-1,-1,-1,-1,-1,-1,-1,-1,-1,-1,False,False,0,0,False,209,0,0,0,0,0,0,0,0,0,0,0,0,0,0,0,1,
0,4494,2026-02-16 16:46:28Z,LLM_Empathetic,6.932378,7.222692,6.642064,0.6106461,0,1.601568,0,0,0,0,0,0,5.501331,4.352115,6.650558,0.592854,0.702737,0.482971,7.399539,6.222199,8.576879,0.5856421,0,2.108042,7.205542,6.108942,8.302143,9.87348,10,9.534409,6.932378,7.222692,6.642064,0.6106461,0,1.601568,0,0,0,0,0,0,5.501331,4.352115,6.650558,0.592854,0.702737,0.482971,7.399539,6.222199,8.576879,0.5856421,0,2.108042,7.205542,6.108942,8.302143,9.87348,10,9.534409,-1,-1,-1,-1,-1,-1,-1,-1,-1,-1,-1,-1,-1,-1,-1,-1,-1,-1,-1,-1,-1,-1,-1,-1,-1,-1,-1,-1,-1,-1,-1,-1,-1,-1,-1,-1,-1,-1,-1,-1,-1,-1,-1,-1,-1,-1,-1,-1,-1,-1,0,0,0,0,0,0,-1,-1,-1,-1,-1,-1,-1,-1,-1,-1,-1,-1,0,0,0,0,0,0,-1,-1,-1,-1,-1,-1,-1,-1,-1,-1,-1,-1,-1,-1,False,False,0,0,False,207,0,0,0,0,0,0,0,0,0,0,0,0,0,0,0,1,
0,4495,2026-02-16 16:46:28Z,LLM_Empathetic,6.932376,7.222692,6.642061,0.6106488,0,1.60157,0,0,0,0,0,0,5.501329,4.352115,6.650554,0.592854,0.702737,0.482971,7.399538,6.222199,8.576877,0.5856439,0,2.108044,7.205539,6.10894,8.302139,9.873474,10,9.534401,6.932376,7.222692,6.642061,0.6106488,0,1.60157,0,0,0,0,0,0,5.501329,4.352115,6.650554,0.592854,0.702737,0.482971,7.399538,6.222199,8.576877,0.5856439,0,2.108044,7.205539,6.10894,8.302139,9.873474,10,9.534401,-1,-1,-1,-1,-1,-1,-1,-1,-1,-1,-1,-1,-1,-1,-1,-1,-1,-1,-1,-1,-1,-1,-1,-1,-1,-1,-1,-1,-1,-1,-1,-1,-1,-1,-1,-1,-1,-1,-1,-1,-1,-1,-1,-1,-1,-1,-1,-1,-1,-1,0,0,0,0,0,0,-1,-1,-1,-1,-1,-1,-1,-1,-1,-1,-1,-1,0,0,0,0,0,0,-1,-1,-1,-1,-1,-1,-1,-1,-1,-1,-1,-1,-1,-1,False,False,0,0,False,209,0,0,0,0,0,0,0,0,0,0,0,0,0,0,0,1,
0,4496,2026-02-16 16:46:28Z,LLM_Empathetic,6.932373,7.222691,6.642056,0.6106542,0,1.601573,0,0,0,0,0,0,5.501325,4.352113,6.650547,0.592854,0.702737,0.482971,7.399536,6.2222,8.576872,0.5856473,0,2.108048,7.205534,6.108937,8.302131,9.873463,10,9.534387,6.932373,7.222691,6.642056,0.6106542,0,1.601573,0,0,0,0,0,0,5.501325,4.352113,6.650547,0.592854,0.702737,0.482971,7.399536,6.2222,8.576872,0.5856473,0,2.108048,7.205534,6.108937,8.302131,9.873463,10,9.534387,-1,-1,-1,-1,-1,-1,-1,-1,-1,-1,-1,-1,-1,-1,-1,-1,-1,-1,-1,-1,-1,-1,-1,-1,-1,-1,-1,-1,-1,-1,-1,-1,-1,-1,-1,-1,-1,-1,-1,-1,-1,-1,-1,-1,-1,-1,-1,-1,-1,-1,0,0,0,0,0,0,-1,-1,-1,-1,-1,-1,-1,-1,-1,-1,-1,-1,0,0,0,0,0,0,-1,-1,-1,-1,-1,-1,-1,-1,-1,-1,-1,-1,-1,-1,False,False,0,0,False,209,0,0,0,0,0,0,0,0,0,0,0,0,0,0,0,1,
0,4497,2026-02-16 16:46:28Z,LLM_Empathetic,6.932372,7.222691,6.642053,0.610657,0,1.601574,0,0,0,0,0,0,5.501323,4.352113,6.650544,0.592854,0.702737,0.482971,7.399535,6.222201,8.57687,0.5856491,0,2.108049,7.205531,6.108935,8.302127,9.873457,10,9.534379,6.932372,7.222691,6.642053,0.610657,0,1.601574,0,0,0,0,0,0,5.501323,4.352113,6.650544,0.592854,0.702737,0.482971,7.399535,6.222201,8.57687,0.5856491,0,2.108049,7.205531,6.108935,8.302127,9.873457,10,9.534379,-1,-1,-1,-1,-1,-1,-1,-1,-1,-1,-1,-1,-1,-1,-1,-1,-1,-1,-1,-1,-1,-1,-1,-1,-1,-1,-1,-1,-1,-1,-1,-1,-1,-1,-1,-1,-1,-1,-1,-1,-1,-1,-1,-1,-1,-1,-1,-1,-1,-1,0,0,0,0,0,0,-1,-1,-1,-1,-1,-1,-1,-1,-1,-1,-1,-1,0,0,0,0,0,0,-1,-1,-1,-1,-1,-1,-1,-1,-1,-1,-1,-1,-1,-1,False,False,0,0,False,209,0,0,0,0,0,0,0,0,0,0,0,0,0,0,0,1,
0,4498,2026-02-16 16:46:28Z,LLM_Empathetic,6.932368,7.22269,6.642047,0.6106624,0,1.601577,0,0,0,0,0,0,5.501319,4.352111,6.650537,0.592854,0.702737,0.482971,7.399533,6.222202,8.576865,0.5856526,0,2.108053,7.205525,6.108932,8.302118,9.873446,10,9.534365,6.932368,7.22269,6.642047,0.6106624,0,1.601577,0,0,0,0,0,0,5.501319,4.352111,6.650537,0.592854,0.702737,0.482971,7.399533,6.222202,8.576865,0.5856526,0,2.108053,7.205525,6.108932,8.302118,9.873446,10,9.534365,-1,-1,-1,-1,-1,-1,-1,-1,-1,-1,-1,-1,-1,-1,-1,-1,-1,-1,-1,-1,-1,-1,-1,-1,-1,-1,-1,-1,-1,-1,-1,-1,-1,-1,-1,-1,-1,-1,-1,-1,-1,-1,-1,-1,-1,-1,-1,-1,-1,-1,0,0,0,0,0,0,-1,-1,-1,-1,-1,-1,-1,-1,-1,-1,-1,-1,0,0,0,0,0,0,-1,-1,-1,-1,-1,-1,-1,-1,-1,-1,-1,-1,-1,-1,False,False,0,0,False,207,0,0,0,0,0,0,0,0,0,0,0,0,0,0,0,1,
0,4499,2026-02-16 16:46:28Z,LLM_Empathetic,6.932367,7.22269,6.642044,0.6106651,0,1.601579,0,0,0,0,0,0,5.501317,4.35211,6.650533,0.592854,0.702737,0.482971,7.399532,6.222202,8.576862,0.5856544,0,2.108055,7.205522,6.108931,8.302114,9.87344,10,9.534358,6.932367,7.22269,6.642044,0.6106651,0,1.601579,0,0,0,0,0,0,5.501317,4.35211,6.650533,0.592854,0.702737,0.482971,7.399532,6.222202,8.576862,0.5856544,0,2.108055,7.205522,6.108931,8.302114,9.87344,10,9.534358,-1,-1,-1,-1,-1,-1,-1,-1,-1,-1,-1,-1,-1,-1,-1,-1,-1,-1,-1,-1,-1,-1,-1,-1,-1,-1,-1,-1,-1,-1,-1,-1,-1,-1,-1,-1,-1,-1,-1,-1,-1,-1,-1,-1,-1,-1,-1,-1,-1,-1,0,0,0,0,0,0,-1,-1,-1,-1,-1,-1,-1,-1,-1,-1,-1,-1,0,0,0,0,0,0,-1,-1,-1,-1,-1,-1,-1,-1,-1,-1,-1,-1,-1,-1,False,False,0,0,False,209,0,0,0,0,0,0,0,0,0,0,0,0,0,0,0,1,
0,4500,2026-02-16 16:46:28Z,LLM_Empathetic,6.932365,7.222689,6.642041,0.6106679,0,1.60158,0,0,0,0,0,0,5.501315,4.35211,6.65053,0.592854,0.702737,0.482971,7.399531,6.222203,8.57686,0.5856561,0,2.108057,7.205519,6.108929,8.30211,9.873434,10,9.53435,6.932365,7.222689,6.642041,0.6106679,0,1.60158,0,0,0,0,0,0,5.501315,4.35211,6.65053,0.592854,0.702737,0.482971,7.399531,6.222203,8.57686,0.5856561,0,2.108057,7.205519,6.108929,8.30211,9.873434,10,9.53435,-1,-1,-1,-1,-1,-1,-1,-1,-1,-1,-1,-1,-1,-1,-1,-1,-1,-1,-1,-1,-1,-1,-1,-1,-1,-1,-1,-1,-1,-1,-1,-1,-1,-1,-1,-1,-1,-1,-1,-1,-1,-1,-1,-1,-1,-1,-1,-1,-1,-1,0,0,0,0,0,0,-1,-1,-1,-1,-1,-1,-1,-1,-1,-1,-1,-1,0,0,0,0,0,0,-1,-1,-1,-1,-1,-1,-1,-1,-1,-1,-1,-1,-1,-1,False,False,0,0,False,207,0,0,0,0,0,0,0,0,0,0,0,0,0,0,0,1,
0,4501,2026-02-16 16:46:28Z,LLM_Empathetic,6.932362,7.222689,6.642035,0.6106734,0,1.601583,0,0,0,0,0,0,5.50131,4.352108,6.650523,0.592854,0.702737,0.482971,7.399529,6.222204,8.576856,0.5856596,0,2.10806,7.205513,6.108926,8.302102,9.873423,10,9.534336,6.932362,7.222689,6.642035,0.6106734,0,1.601583,0,0,0,0,0,0,5.50131,4.352108,6.650523,0.592854,0.702737,0.482971,7.399529,6.222204,8.576856,0.5856596,0,2.10806,7.205513,6.108926,8.302102,9.873423,10,9.534336,-1,-1,-1,-1,-1,-1,-1,-1,-1,-1,-1,-1,-1,-1,-1,-1,-1,-1,-1,-1,-1,-1,-1,-1,-1,-1,-1,-1,-1,-1,-1,-1,-1,-1,-1,-1,-1,-1,-1,-1,-1,-1,-1,-1,-1,-1,-1,-1,-1,-1,0,0,0,0,0,0,-1,-1,-1,-1,-1,-1,-1,-1,-1,-1,-1,-1,0,0,0,0,0,0,-1,-1,-1,-1,-1,-1,-1,-1,-1,-1,-1,-1,-1,-1,False,False,0,0,False,209,0,0,0,0,0,0,0,0,0,0,0,0,0,0,0,1,
0,4502,2026-02-16 16:46:28Z,LLM_Empathetic,6.93236,7.222689,6.642032,0.6106761,0,1.601585,0,0,0,0,0,0,5.501308,4.352108,6.650519,0.592854,0.702737,0.482971,7.399529,6.222204,8.576853,0.5856614,0,2.108062,7.205511,6.108924,8.302097,9.873416,10,9.534329,6.93236,7.222689,6.642032,0.6106761,0,1.601585,0,0,0,0,0,0,5.501308,4.352108,6.650519,0.592854,0.702737,0.482971,7.399529,6.222204,8.576853,0.5856614,0,2.108062,7.205511,6.108924,8.302097,9.873416,10,9.534329,-1,-1,-1,-1,-1,-1,-1,-1,-1,-1,-1,-1,-1,-1,-1,-1,-1,-1,-1,-1,-1,-1,-1,-1,-1,-1,-1,-1,-1,-1,-1,-1,-1,-1,-1,-1,-1,-1,-1,-1,-1,-1,-1,-1,-1,-1,-1,-1,-1,-1,0,0,0,0,0,0,-1,-1,-1,-1,-1,-1,-1,-1,-1,-1,-1,-1,0,0,0,0,0,0,-1,-1,-1,-1,-1,-1,-1,-1,-1,-1,-1,-1,-1,-1,False,False,0,0,False,209,0,0,0,0,0,0,0,0,0,0,0,0,0,0,0,1,
0,4503,2026-02-16 16:46:28Z,LLM_Empathetic,6.932357,7.222688,6.642026,0.6106816,0,1.601588,0,0,0,0,0,0,5.501304,4.352107,6.650513,0.592854,0.702737,0.482971,7.399527,6.222205,8.576848,0.5856649,0,2.108065,7.205505,6.108921,8.302089,9.873405,10,9.534314,6.932357,7.222688,6.642026,0.6106816,0,1.601588,0,0,0,0,0,0,5.501304,4.352107,6.650513,0.592854,0.702737,0.482971,7.399527,6.222205,8.576848,0.5856649,0,2.108065,7.205505,6.108921,8.302089,9.873405,10,9.534314,-1,-1,-1,-1,-1,-1,-1,-1,-1,-1,-1,-1,-1,-1,-1,-1,-1,-1,-1,-1,-1,-1,-1,-1,-1,-1,-1,-1,-1,-1,-1,-1,-1,-1,-1,-1,-1,-1,-1,-1,-1,-1,-1,-1,-1,-1,-1,-1,-1,-1,0,0,0,0,0,0,-1,-1,-1,-1,-1,-1,-1,-1,-1,-1,-1,-1,0,0,0,0,0,0,-1,-1,-1,-1,-1,-1,-1,-1,-1,-1,-1,-1,-1,-1,False,False,0,0,False,207,0,0,0,0,0,0,0,0,0,0,0,0,0,0,0,1,
0,4504,2026-02-16 16:46:28Z,LLM_Empathetic,6.932355,7.222688,6.642023,0.6106843,0,1.601589,0,0,0,0,0,0,5.501302,4.352106,6.650509,0.592854,0.702737,0.482971,7.399526,6.222206,8.576846,0.5856666,0,2.108067,7.205502,6.10892,8.302085,9.873399,10,9.534307,6.932355,7.222688,6.642023,0.6106843,0,1.601589,0,0,0,0,0,0,5.501302,4.352106,6.650509,0.592854,0.702737,0.482971,7.399526,6.222206,8.576846,0.5856666,0,2.108067,7.205502,6.10892,8.302085,9.873399,10,9.534307,-1,-1,-1,-1,-1,-1,-1,-1,-1,-1,-1,-1,-1,-1,-1,-1,-1,-1,-1,-1,-1,-1,-1,-1,-1,-1,-1,-1,-1,-1,-1,-1,-1,-1,-1,-1,-1,-1,-1,-1,-1,-1,-1,-1,-1,-1,-1,-1,-1,-1,0,0,0,0,0,0,-1,-1,-1,-1,-1,-1,-1,-1,-1,-1,-1,-1,0,0,0,0,0,0,-1,-1,-1,-1,-1,-1,-1,-1,-1,-1,-1,-1,-1,-1,False,False,0,0,False,207,0,0,0,0,0,0,0,0,0,0,0,0,0,0,0,1,
0,4505,2026-02-16 16:46:28Z,LLM_Empathetic,6.932352,7.222687,6.642017,0.6106898,0,1.601592,0,0,0,0,0,0,5.501298,4.352104,6.650502,0.592854,0.702737,0.482971,7.399524,6.222207,8.576841,0.5856701,0,2.108071,7.205496,6.108917,8.302076,9.873387,10,9.534293,6.932352,7.222687,6.642017,0.6106898,0,1.601592,0,0,0,0,0,0,5.501298,4.352104,6.650502,0.592854,0.702737,0.482971,7.399524,6.222207,8.576841,0.5856701,0,2.108071,7.205496,6.108917,8.302076,9.873387,10,9.534293,-1,-1,-1,-1,-1,-1,-1,-1,-1,-1,-1,-1,-1,-1,-1,-1,-1,-1,-1,-1,-1,-1,-1,-1,-1,-1,-1,-1,-1,-1,-1,-1,-1,-1,-1,-1,-1,-1,-1,-1,-1,-1,-1,-1,-1,-1,-1,-1,-1,-1,0,0,0,0,0,0,-1,-1,-1,-1,-1,-1,-1,-1,-1,-1,-1,-1,0,0,0,0,0,0,-1,-1,-1,-1,-1,-1,-1,-1,-1,-1,-1,-1,-1,-1,False,False,0,0,False,207,0,0,0,0,0,0,0,0,0,0,0,0,0,0,0,1,
0,4506,2026-02-16 16:46:28Z,LLM_Empathetic,6.932351,7.222687,6.642015,0.6106926,0,1.601594,0,0,0,0,0,0,5.501296,4.352104,6.650499,0.592854,0.702737,0.482971,7.399523,6.222207,8.576838,0.5856719,0,2.108072,7.205493,6.108915,8.302073,9.873382,10,9.534286,6.932351,7.222687,6.642015,0.6106926,0,1.601594,0,0,0,0,0,0,5.501296,4.352104,6.650499,0.592854,0.702737,0.482971,7.399523,6.222207,8.576838,0.5856719,0,2.108072,7.205493,6.108915,8.302073,9.873382,10,9.534286,-1,-1,-1,-1,-1,-1,-1,-1,-1,-1,-1,-1,-1,-1,-1,-1,-1,-1,-1,-1,-1,-1,-1,-1,-1,-1,-1,-1,-1,-1,-1,-1,-1,-1,-1,-1,-1,-1,-1,-1,-1,-1,-1,-1,-1,-1,-1,-1,-1,-1,0,0,0,0,0,0,-1,-1,-1,-1,-1,-1,-1,-1,-1,-1,-1,-1,0,0,0,0,0,0,-1,-1,-1,-1,-1,-1,-1,-1,-1,-1,-1,-1,-1,-1,False,False,0,0,False,209,0,0,0,0,0,0,0,0,0,0,0,0,0,0,0,1,
0,4507,2026-02-16 16:46:28Z,LLM_Empathetic,6.932349,7.222686,6.642012,0.6106953,0,1.601595,0,0,0,0,0,0,5.501294,4.352103,6.650495,0.592854,0.702737,0.482971,7.399522,6.222208,8.576837,0.5856736,0,2.108074,7.20549,6.108913,8.302068,9.873376,10,9.534279,6.932349,7.222686,6.642012,0.6106953,0,1.601595,0,0,0,0,0,0,5.501294,4.352103,6.650495,0.592854,0.702737,0.482971,7.399522,6.222208,8.576837,0.5856736,0,2.108074,7.20549,6.108913,8.302068,9.873376,10,9.534279,-1,-1,-1,-1,-1,-1,-1,-1,-1,-1,-1,-1,-1,-1,-1,-1,-1,-1,-1,-1,-1,-1,-1,-1,-1,-1,-1,-1,-1,-1,-1,-1,-1,-1,-1,-1,-1,-1,-1,-1,-1,-1,-1,-1,-1,-1,-1,-1,-1,-1,0,0,0,0,0,0,-1,-1,-1,-1,-1,-1,-1,-1,-1,-1,-1,-1,0,0,0,0,0,0,-1,-1,-1,-1,-1,-1,-1,-1,-1,-1,-1,-1,-1,-1,False,False,0,0,False,207,0,0,0,0,0,0,0,0,0,0,0,0,0,0,0,1,
0,4508,2026-02-16 16:46:28Z,LLM_Empathetic,6.932346,7.222686,6.642005,0.6107008,0,1.601598,0,0,0,0,0,0,5.50129,4.352102,6.650488,0.592854,0.702737,0.482971,7.39952,6.222208,8.576832,0.5856771,0,2.108078,7.205484,6.10891,8.30206,9.873364,10,9.534264,6.932346,7.222686,6.642005,0.6107008,0,1.601598,0,0,0,0,0,0,5.50129,4.352102,6.650488,0.592854,0.702737,0.482971,7.39952,6.222208,8.576832,0.5856771,0,2.108078,7.205484,6.10891,8.30206,9.873364,10,9.534264,-1,-1,-1,-1,-1,-1,-1,-1,-1,-1,-1,-1,-1,-1,-1,-1,-1,-1,-1,-1,-1,-1,-1,-1,-1,-1,-1,-1,-1,-1,-1,-1,-1,-1,-1,-1,-1,-1,-1,-1,-1,-1,-1,-1,-1,-1,-1,-1,-1,-1,0,0,0,0,0,0,-1,-1,-1,-1,-1,-1,-1,-1,-1,-1,-1,-1,0,0,0,0,0,0,-1,-1,-1,-1,-1,-1,-1,-1,-1,-1,-1,-1,-1,-1,False,False,0,0,False,207,0,0,0,0,0,0,0,0,0,0,0,0,0,0,0,1,
0,4509,2026-02-16 16:46:28Z,LLM_Empathetic,6.932344,7.222685,6.642003,0.6107035,0,1.6016,0,0,0,0,0,0,5.501287,4.352101,6.650485,0.592854,0.702737,0.482971,7.399519,6.222209,8.576829,0.5856789,0,2.108079,7.205482,6.108909,8.302055,9.873359,10,9.534257,6.932344,7.222685,6.642003,0.6107035,0,1.6016,0,0,0,0,0,0,5.501287,4.352101,6.650485,0.592854,0.702737,0.482971,7.399519,6.222209,8.576829,0.5856789,0,2.108079,7.205482,6.108909,8.302055,9.873359,10,9.534257,-1,-1,-1,-1,-1,-1,-1,-1,-1,-1,-1,-1,-1,-1,-1,-1,-1,-1,-1,-1,-1,-1,-1,-1,-1,-1,-1,-1,-1,-1,-1,-1,-1,-1,-1,-1,-1,-1,-1,-1,-1,-1,-1,-1,-1,-1,-1,-1,-1,-1,0,0,0,0,0,0,-1,-1,-1,-1,-1,-1,-1,-1,-1,-1,-1,-1,0,0,0,0,0,0,-1,-1,-1,-1,-1,-1,-1,-1,-1,-1,-1,-1,-1,-1,False,False,0,0,False,207,0,0,0,0,0,0,0,0,0,0,0,0,0,0,0,1,
0,4510,2026-02-16 16:46:28Z,LLM_Empathetic,6.932341,7.222685,6.641997,0.610709,0,1.601603,0,0,0,0,0,0,5.501284,4.352099,6.650478,0.592854,0.702737,0.482971,7.399517,6.22221,8.576824,0.5856825,0,2.108083,7.205476,6.108906,8.302047,9.873347,10,9.534243,6.932341,7.222685,6.641997,0.610709,0,1.601603,0,0,0,0,0,0,5.501284,4.352099,6.650478,0.592854,0.702737,0.482971,7.399517,6.22221,8.576824,0.5856825,0,2.108083,7.205476,6.108906,8.302047,9.873347,10,9.534243,-1,-1,-1,-1,-1,-1,-1,-1,-1,-1,-1,-1,-1,-1,-1,-1,-1,-1,-1,-1,-1,-1,-1,-1,-1,-1,-1,-1,-1,-1,-1,-1,-1,-1,-1,-1,-1,-1,-1,-1,-1,-1,-1,-1,-1,-1,-1,-1,-1,-1,0,0,0,0,0,0,-1,-1,-1,-1,-1,-1,-1,-1,-1,-1,-1,-1,0,0,0,0,0,0,-1,-1,-1,-1,-1,-1,-1,-1,-1,-1,-1,-1,-1,-1,False,False,0,0,False,209,0,0,0,0,0,0,0,0,0,0,0,0,0,0,0,1,
0,4511,2026-02-16 16:46:28Z,LLM_Empathetic,6.932339,7.222685,6.641994,0.6107118,0,1.601604,0,0,0,0,0,0,5.501281,4.352099,6.650475,0.592854,0.702737,0.482971,7.399516,6.22221,8.576822,0.5856842,0,2.108085,7.205473,6.108904,8.302043,9.873342,10,9.534235,6.932339,7.222685,6.641994,0.6107118,0,1.601604,0,0,0,0,0,0,5.501281,4.352099,6.650475,0.592854,0.702737,0.482971,7.399516,6.22221,8.576822,0.5856842,0,2.108085,7.205473,6.108904,8.302043,9.873342,10,9.534235,-1,-1,-1,-1,-1,-1,-1,-1,-1,-1,-1,-1,-1,-1,-1,-1,-1,-1,-1,-1,-1,-1,-1,-1,-1,-1,-1,-1,-1,-1,-1,-1,-1,-1,-1,-1,-1,-1,-1,-1,-1,-1,-1,-1,-1,-1,-1,-1,-1,-1,0,0,0,0,0,0,-1,-1,-1,-1,-1,-1,-1,-1,-1,-1,-1,-1,0,0,0,0,0,0,-1,-1,-1,-1,-1,-1,-1,-1,-1,-1,-1,-1,-1,-1,False,False,0,0,False,209,0,0,0,0,0,0,0,0,0,0,0,0,0,0,0,1,
0,4512,2026-02-16 16:46:28Z,LLM_Empathetic,6.932338,7.222684,6.641991,0.6107145,0,1.601606,0,0,0,0,0,0,5.501279,4.352098,6.650471,0.592854,0.702737,0.482971,7.399515,6.222211,8.576819,0.585686,0,2.108086,7.20547,6.108902,8.302038,9.873336,10,9.534227,6.932338,7.222684,6.641991,0.6107145,0,1.601606,0,0,0,0,0,0,5.501279,4.352098,6.650471,0.592854,0.702737,0.482971,7.399515,6.222211,8.576819,0.585686,0,2.108086,7.20547,6.108902,8.302038,9.873336,10,9.534227,-1,-1,-1,-1,-1,-1,-1,-1,-1,-1,-1,-1,-1,-1,-1,-1,-1,-1,-1,-1,-1,-1,-1,-1,-1,-1,-1,-1,-1,-1,-1,-1,-1,-1,-1,-1,-1,-1,-1,-1,-1,-1,-1,-1,-1,-1,-1,-1,-1,-1,0,0,0,0,0,0,-1,-1,-1,-1,-1,-1,-1,-1,-1,-1,-1,-1,0,0,0,0,0,0,-1,-1,-1,-1,-1,-1,-1,-1,-1,-1,-1,-1,-1,-1,False,False,0,0,False,207,0,0,0,0,0,0,0,0,0,0,0,0,0,0,0,1,
0,4513,2026-02-16 16:46:28Z,LLM_Empathetic,6.932334,7.222684,6.641985,0.61072,0,1.601609,0,0,0,0,0,0,5.501275,4.352097,6.650464,0.592854,0.702737,0.482971,7.399513,6.222212,8.576815,0.5856895,0,2.10809,7.205464,6.108899,8.302031,9.873324,10,9.534213,6.932334,7.222684,6.641985,0.61072,0,1.601609,0,0,0,0,0,0,5.501275,4.352097,6.650464,0.592854,0.702737,0.482971,7.399513,6.222212,8.576815,0.5856895,0,2.10809,7.205464,6.108899,8.302031,9.873324,10,9.534213,-1,-1,-1,-1,-1,-1,-1,-1,-1,-1,-1,-1,-1,-1,-1,-1,-1,-1,-1,-1,-1,-1,-1,-1,-1,-1,-1,-1,-1,-1,-1,-1,-1,-1,-1,-1,-1,-1,-1,-1,-1,-1,-1,-1,-1,-1,-1,-1,-1,-1,0,0,0,0,0,0,-1,-1,-1,-1,-1,-1,-1,-1,-1,-1,-1,-1,0,0,0,0,0,0,-1,-1,-1,-1,-1,-1,-1,-1,-1,-1,-1,-1,-1,-1,False,False,0,0,False,209,0,0,0,0,0,0,0,0,0,0,0,0,0,0,0,1,
0,4514,2026-02-16 16:46:28Z,LLM_Empathetic,6.932333,7.222683,6.641982,0.6107228,0,1.60161,0,0,0,0,0,0,5.501273,4.352096,6.65046,0.592854,0.702737,0.482971,7.399512,6.222212,8.576813,0.5856913,0,2.108092,7.205462,6.108898,8.302026,9.873319,10,9.534206,6.932333,7.222683,6.641982,0.6107228,0,1.60161,0,0,0,0,0,0,5.501273,4.352096,6.65046,0.592854,0.702737,0.482971,7.399512,6.222212,8.576813,0.5856913,0,2.108092,7.205462,6.108898,8.302026,9.873319,10,9.534206,-1,-1,-1,-1,-1,-1,-1,-1,-1,-1,-1,-1,-1,-1,-1,-1,-1,-1,-1,-1,-1,-1,-1,-1,-1,-1,-1,-1,-1,-1,-1,-1,-1,-1,-1,-1,-1,-1,-1,-1,-1,-1,-1,-1,-1,-1,-1,-1,-1,-1,0,0,0,0,0,0,-1,-1,-1,-1,-1,-1,-1,-1,-1,-1,-1,-1,0,0,0,0,0,0,-1,-1,-1,-1,-1,-1,-1,-1,-1,-1,-1,-1,-1,-1,False,False,0,0,False,209,0,0,0,0,0,0,0,0,0,0,0,0,0,0,0,1,
0,4515,2026-02-16 16:46:29Z,LLM_Empathetic,6.93233,7.222683,6.641976,0.6107283,0,1.601614,0,0,0,0,0,0,5.501269,4.352095,6.650454,0.592854,0.702737,0.482971,7.39951,6.222213,8.576808,0.5856948,0,2.108095,7.205456,6.108895,8.302017,9.873307,10,9.534191,6.93233,7.222683,6.641976,0.6107283,0,1.601614,0,0,0,0,0,0,5.501269,4.352095,6.650454,0.592854,0.702737,0.482971,7.39951,6.222213,8.576808,0.5856948,0,2.108095,7.205456,6.108895,8.302017,9.873307,10,9.534191,-1,-1,-1,-1,-1,-1,-1,-1,-1,-1,-1,-1,-1,-1,-1,-1,-1,-1,-1,-1,-1,-1,-1,-1,-1,-1,-1,-1,-1,-1,-1,-1,-1,-1,-1,-1,-1,-1,-1,-1,-1,-1,-1,-1,-1,-1,-1,-1,-1,-1,0,0,0,0,0,0,-1,-1,-1,-1,-1,-1,-1,-1,-1,-1,-1,-1,0,0,0,0,0,0,-1,-1,-1,-1,-1,-1,-1,-1,-1,-1,-1,-1,-1,-1,False,False,0,0,False,207,0,0,0,0,0,0,0,0,0,0,0,0,0,0,0,1,
0,4516,2026-02-16 16:46:29Z,LLM_Empathetic,6.932328,7.222682,6.641973,0.6107311,0,1.601615,0,0,0,0,0,0,5.501267,4.352094,6.65045,0.592854,0.702737,0.482971,7.399509,6.222214,8.576805,0.5856966,0,2.108097,7.205453,6.108893,8.302013,9.873302,10,9.534184,6.932328,7.222682,6.641973,0.6107311,0,1.601615,0,0,0,0,0,0,5.501267,4.352094,6.65045,0.592854,0.702737,0.482971,7.399509,6.222214,8.576805,0.5856966,0,2.108097,7.205453,6.108893,8.302013,9.873302,10,9.534184,-1,-1,-1,-1,-1,-1,-1,-1,-1,-1,-1,-1,-1,-1,-1,-1,-1,-1,-1,-1,-1,-1,-1,-1,-1,-1,-1,-1,-1,-1,-1,-1,-1,-1,-1,-1,-1,-1,-1,-1,-1,-1,-1,-1,-1,-1,-1,-1,-1,-1,0,0,0,0,0,0,-1,-1,-1,-1,-1,-1,-1,-1,-1,-1,-1,-1,0,0,0,0,0,0,-1,-1,-1,-1,-1,-1,-1,-1,-1,-1,-1,-1,-1,-1,False,False,0,0,False,209,0,0,0,0,0,0,0,0,0,0,0,0,0,0,0,1,
0,4517,2026-02-16 16:46:29Z,LLM_Empathetic,6.932325,7.222682,6.641967,0.6107365,0,1.601618,0,0,0,0,0,0,5.501263,4.352093,6.650443,0.592854,0.702737,0.482971,7.399508,6.222215,8.5768,0.5857001,0,2.1081,7.205447,6.10889,8.302005,9.873289,10,9.53417,6.932325,7.222682,6.641967,0.6107365,0,1.601618,0,0,0,0,0,0,5.501263,4.352093,6.650443,0.592854,0.702737,0.482971,7.399508,6.222215,8.5768,0.5857001,0,2.1081,7.205447,6.10889,8.302005,9.873289,10,9.53417,-1,-1,-1,-1,-1,-1,-1,-1,-1,-1,-1,-1,-1,-1,-1,-1,-1,-1,-1,-1,-1,-1,-1,-1,-1,-1,-1,-1,-1,-1,-1,-1,-1,-1,-1,-1,-1,-1,-1,-1,-1,-1,-1,-1,-1,-1,-1,-1,-1,-1,0,0,0,0,0,0,-1,-1,-1,-1,-1,-1,-1,-1,-1,-1,-1,-1,0,0,0,0,0,0,-1,-1,-1,-1,-1,-1,-1,-1,-1,-1,-1,-1,-1,-1,False,False,0,0,False,209,0,0,0,0,0,0,0,0,0,0,0,0,0,0,0,1,
0,4518,2026-02-16 16:46:29Z,LLM_Empathetic,6.932323,7.222682,6.641964,0.6107394,0,1.60162,0,0,0,0,0,0,5.501261,4.352092,6.65044,0.592854,0.702737,0.482971,7.399507,6.222215,8.576798,0.5857019,0,2.108102,7.205444,6.108888,8.302001,9.873283,10,9.534163,6.932323,7.222682,6.641964,0.6107394,0,1.60162,0,0,0,0,0,0,5.501261,4.352092,6.65044,0.592854,0.702737,0.482971,7.399507,6.222215,8.576798,0.5857019,0,2.108102,7.205444,6.108888,8.302001,9.873283,10,9.534163,-1,-1,-1,-1,-1,-1,-1,-1,-1,-1,-1,-1,-1,-1,-1,-1,-1,-1,-1,-1,-1,-1,-1,-1,-1,-1,-1,-1,-1,-1,-1,-1,-1,-1,-1,-1,-1,-1,-1,-1,-1,-1,-1,-1,-1,-1,-1,-1,-1,-1,0,0,0,0,0,0,-1,-1,-1,-1,-1,-1,-1,-1,-1,-1,-1,-1,0,0,0,0,0,0,-1,-1,-1,-1,-1,-1,-1,-1,-1,-1,-1,-1,-1,-1,False,False,0,0,False,209,0,0,0,0,0,0,0,0,0,0,0,0,0,0,0,1,
0,4519,2026-02-16 16:46:29Z,LLM_Empathetic,6.932322,7.222682,6.641962,0.6107421,0,1.601621,0,0,0,0,0,0,5.501258,4.352091,6.650436,0.592854,0.702737,0.482971,7.399506,6.222216,8.576796,0.5857036,0,2.108104,7.205441,6.108887,8.301996,9.873278,10,9.534155,6.932322,7.222682,6.641962,0.6107421,0,1.601621,0,0,0,0,0,0,5.501258,4.352091,6.650436,0.592854,0.702737,0.482971,7.399506,6.222216,8.576796,0.5857036,0,2.108104,7.205441,6.108887,8.301996,9.873278,10,9.534155,-1,-1,-1,-1,-1,-1,-1,-1,-1,-1,-1,-1,-1,-1,-1,-1,-1,-1,-1,-1,-1,-1,-1,-1,-1,-1,-1,-1,-1,-1,-1,-1,-1,-1,-1,-1,-1,-1,-1,-1,-1,-1,-1,-1,-1,-1,-1,-1,-1,-1,0,0,0,0,0,0,-1,-1,-1,-1,-1,-1,-1,-1,-1,-1,-1,-1,0,0,0,0,0,0,-1,-1,-1,-1,-1,-1,-1,-1,-1,-1,-1,-1,-1,-1,False,False,0,0,False,209,0,0,0,0,0,0,0,0,0,0,0,0,0,0,0,1,
0,4520,2026-02-16 16:46:29Z,LLM_Empathetic,6.932318,7.222681,6.641955,0.6107476,0,1.601624,0,0,0,0,0,0,5.501254,4.35209,6.650429,0.592854,0.702737,0.482971,7.399504,6.222217,8.576791,0.5857072,0,2.108108,7.205435,6.108884,8.301988,9.873266,10,9.534141,6.932318,7.222681,6.641955,0.6107476,0,1.601624,0,0,0,0,0,0,5.501254,4.35209,6.650429,0.592854,0.702737,0.482971,7.399504,6.222217,8.576791,0.5857072,0,2.108108,7.205435,6.108884,8.301988,9.873266,10,9.534141,-1,-1,-1,-1,-1,-1,-1,-1,-1,-1,-1,-1,-1,-1,-1,-1,-1,-1,-1,-1,-1,-1,-1,-1,-1,-1,-1,-1,-1,-1,-1,-1,-1,-1,-1,-1,-1,-1,-1,-1,-1,-1,-1,-1,-1,-1,-1,-1,-1,-1,0,0,0,0,0,0,-1,-1,-1,-1,-1,-1,-1,-1,-1,-1,-1,-1,0,0,0,0,0,0,-1,-1,-1,-1,-1,-1,-1,-1,-1,-1,-1,-1,-1,-1,False,False,0,0,False,207,0,0,0,0,0,0,0,0,0,0,0,0,0,0,0,1,
0,4521,2026-02-16 16:46:29Z,LLM_Empathetic,6.932317,7.222681,6.641953,0.6107504,0,1.601626,0,0,0,0,0,0,5.501252,4.352089,6.650425,0.592854,0.702737,0.482971,7.399503,6.222217,8.576789,0.5857089,0,2.108109,7.205432,6.108882,8.301984,9.87326,10,9.534133,6.932317,7.222681,6.641953,0.6107504,0,1.601626,0,0,0,0,0,0,5.501252,4.352089,6.650425,0.592854,0.702737,0.482971,7.399503,6.222217,8.576789,0.5857089,0,2.108109,7.205432,6.108882,8.301984,9.87326,10,9.534133,-1,-1,-1,-1,-1,-1,-1,-1,-1,-1,-1,-1,-1,-1,-1,-1,-1,-1,-1,-1,-1,-1,-1,-1,-1,-1,-1,-1,-1,-1,-1,-1,-1,-1,-1,-1,-1,-1,-1,-1,-1,-1,-1,-1,-1,-1,-1,-1,-1,-1,0,0,0,0,0,0,-1,-1,-1,-1,-1,-1,-1,-1,-1,-1,-1,-1,0,0,0,0,0,0,-1,-1,-1,-1,-1,-1,-1,-1,-1,-1,-1,-1,-1,-1,False,False,0,0,False,207,0,0,0,0,0,0,0,0,0,0,0,0,0,0,0,1,
0,4522,2026-02-16 16:46:29Z,LLM_Empathetic,6.932313,7.22268,6.641947,0.6107559,0,1.601629,0,0,0,0,0,0,5.501248,4.352088,6.650419,0.592854,0.702737,0.482971,7.399501,6.222219,8.576783,0.5857125,0,2.108113,7.205427,6.108879,8.301975,9.873249,10,9.534119,6.932313,7.22268,6.641947,0.6107559,0,1.601629,0,0,0,0,0,0,5.501248,4.352088,6.650419,0.592854,0.702737,0.482971,7.399501,6.222219,8.576783,0.5857125,0,2.108113,7.205427,6.108879,8.301975,9.873249,10,9.534119,-1,-1,-1,-1,-1,-1,-1,-1,-1,-1,-1,-1,-1,-1,-1,-1,-1,-1,-1,-1,-1,-1,-1,-1,-1,-1,-1,-1,-1,-1,-1,-1,-1,-1,-1,-1,-1,-1,-1,-1,-1,-1,-1,-1,-1,-1,-1,-1,-1,-1,0,0,0,0,0,0,-1,-1,-1,-1,-1,-1,-1,-1,-1,-1,-1,-1,0,0,0,0,0,0,-1,-1,-1,-1,-1,-1,-1,-1,-1,-1,-1,-1,-1,-1,False,False,0,0,False,207,0,0,0,0,0,0,0,0,0,0,0,0,0,0,0,1,
0,4523,2026-02-16 16:46:29Z,LLM_Empathetic,6.932312,7.22268,6.641943,0.6107587,0,1.60163,0,0,0,0,0,0,5.501246,4.352087,6.650415,0.592854,0.702737,0.482971,7.3995,6.222219,8.576781,0.5857143,0,2.108115,7.205424,6.108877,8.30197,9.873243,10,9.534111,6.932312,7.22268,6.641943,0.6107587,0,1.60163,0,0,0,0,0,0,5.501246,4.352087,6.650415,0.592854,0.702737,0.482971,7.3995,6.222219,8.576781,0.5857143,0,2.108115,7.205424,6.108877,8.30197,9.873243,10,9.534111,-1,-1,-1,-1,-1,-1,-1,-1,-1,-1,-1,-1,-1,-1,-1,-1,-1,-1,-1,-1,-1,-1,-1,-1,-1,-1,-1,-1,-1,-1,-1,-1,-1,-1,-1,-1,-1,-1,-1,-1,-1,-1,-1,-1,-1,-1,-1,-1,-1,-1,0,0,0,0,0,0,-1,-1,-1,-1,-1,-1,-1,-1,-1,-1,-1,-1,0,0,0,0,0,0,-1,-1,-1,-1,-1,-1,-1,-1,-1,-1,-1,-1,-1,-1,False,False,0,0,False,207,0,0,0,0,0,0,0,0,0,0,0,0,0,0,0,1,
0,4524,2026-02-16 16:46:29Z,LLM_Empathetic,6.932309,7.222679,6.641938,0.6107643,0,1.601633,0,0,0,0,0,0,5.501242,4.352086,6.650408,0.592854,0.702737,0.482971,7.399498,6.22222,8.576777,0.5857178,0,2.108118,7.205418,6.108874,8.301963,9.873232,10,9.534097,6.932309,7.222679,6.641938,0.6107643,0,1.601633,0,0,0,0,0,0,5.501242,4.352086,6.650408,0.592854,0.702737,0.482971,7.399498,6.22222,8.576777,0.5857178,0,2.108118,7.205418,6.108874,8.301963,9.873232,10,9.534097,-1,-1,-1,-1,-1,-1,-1,-1,-1,-1,-1,-1,-1,-1,-1,-1,-1,-1,-1,-1,-1,-1,-1,-1,-1,-1,-1,-1,-1,-1,-1,-1,-1,-1,-1,-1,-1,-1,-1,-1,-1,-1,-1,-1,-1,-1,-1,-1,-1,-1,0,0,0,0,0,0,-1,-1,-1,-1,-1,-1,-1,-1,-1,-1,-1,-1,0,0,0,0,0,0,-1,-1,-1,-1,-1,-1,-1,-1,-1,-1,-1,-1,-1,-1,False,False,0,0,False,207,0,0,0,0,0,0,0,0,0,0,0,0,0,0,0,1,
0,4525,2026-02-16 16:46:29Z,LLM_Empathetic,6.932307,7.222679,6.641935,0.610767,0,1.601635,0,0,0,0,0,0,5.50124,4.352085,6.650404,0.592854,0.702737,0.482971,7.399497,6.22222,8.576774,0.5857196,0,2.10812,7.205415,6.108872,8.301958,9.873225,10,9.53409,6.932307,7.222679,6.641935,0.610767,0,1.601635,0,0,0,0,0,0,5.50124,4.352085,6.650404,0.592854,0.702737,0.482971,7.399497,6.22222,8.576774,0.5857196,0,2.10812,7.205415,6.108872,8.301958,9.873225,10,9.53409,-1,-1,-1,-1,-1,-1,-1,-1,-1,-1,-1,-1,-1,-1,-1,-1,-1,-1,-1,-1,-1,-1,-1,-1,-1,-1,-1,-1,-1,-1,-1,-1,-1,-1,-1,-1,-1,-1,-1,-1,-1,-1,-1,-1,-1,-1,-1,-1,-1,-1,0,0,0,0,0,0,-1,-1,-1,-1,-1,-1,-1,-1,-1,-1,-1,-1,0,0,0,0,0,0,-1,-1,-1,-1,-1,-1,-1,-1,-1,-1,-1,-1,-1,-1,False,False,0,0,False,209,0,0,0,0,0,0,0,0,0,0,0,0,0,0,0,1,
0,4526,2026-02-16 16:46:29Z,LLM_Empathetic,6.932305,7.222679,6.641932,0.6107698,0,1.601636,0,0,0,0,0,0,5.501237,4.352084,6.650401,0.592854,0.702737,0.482971,7.399496,6.222221,8.576772,0.5857214,0,2.108122,7.205412,6.108871,8.301954,9.873219,10,9.534082,6.932305,7.222679,6.641932,0.6107698,0,1.601636,0,0,0,0,0,0,5.501237,4.352084,6.650401,0.592854,0.702737,0.482971,7.399496,6.222221,8.576772,0.5857214,0,2.108122,7.205412,6.108871,8.301954,9.873219,10,9.534082,-1,-1,-1,-1,-1,-1,-1,-1,-1,-1,-1,-1,-1,-1,-1,-1,-1,-1,-1,-1,-1,-1,-1,-1,-1,-1,-1,-1,-1,-1,-1,-1,-1,-1,-1,-1,-1,-1,-1,-1,-1,-1,-1,-1,-1,-1,-1,-1,-1,-1,0,0,0,0,0,0,-1,-1,-1,-1,-1,-1,-1,-1,-1,-1,-1,-1,0,0,0,0,0,0,-1,-1,-1,-1,-1,-1,-1,-1,-1,-1,-1,-1,-1,-1,False,False,0,0,False,209,0,0,0,0,0,0,0,0,0,0,0,0,0,0,0,1,
0,4527,2026-02-16 16:46:29Z,LLM_Empathetic,6.932302,7.222678,6.641926,0.6107754,0,1.60164,0,0,0,0,0,0,5.501233,4.352083,6.650394,0.592854,0.702737,0.482971,7.399494,6.222222,8.576767,0.5857249,0,2.108125,7.205406,6.108868,8.301946,9.873208,10,9.534068,6.932302,7.222678,6.641926,0.6107754,0,1.60164,0,0,0,0,0,0,5.501233,4.352083,6.650394,0.592854,0.702737,0.482971,7.399494,6.222222,8.576767,0.5857249,0,2.108125,7.205406,6.108868,8.301946,9.873208,10,9.534068,-1,-1,-1,-1,-1,-1,-1,-1,-1,-1,-1,-1,-1,-1,-1,-1,-1,-1,-1,-1,-1,-1,-1,-1,-1,-1,-1,-1,-1,-1,-1,-1,-1,-1,-1,-1,-1,-1,-1,-1,-1,-1,-1,-1,-1,-1,-1,-1,-1,-1,0,0,0,0,0,0,-1,-1,-1,-1,-1,-1,-1,-1,-1,-1,-1,-1,0,0,0,0,0,0,-1,-1,-1,-1,-1,-1,-1,-1,-1,-1,-1,-1,-1,-1,False,False,0,0,False,207,0,0,0,0,0,0,0,0,0,0,0,0,0,0,0,1,
0,4528,2026-02-16 16:46:29Z,LLM_Empathetic,6.9323,7.222678,6.641923,0.6107781,0,1.601641,0,0,0,0,0,0,5.501231,4.352082,6.650391,0.592854,0.702737,0.482971,7.399493,6.222222,8.576764,0.5857267,0,2.108127,7.205403,6.108866,8.301941,9.873202,10,9.53406,6.9323,7.222678,6.641923,0.6107781,0,1.601641,0,0,0,0,0,0,5.501231,4.352082,6.650391,0.592854,0.702737,0.482971,7.399493,6.222222,8.576764,0.5857267,0,2.108127,7.205403,6.108866,8.301941,9.873202,10,9.53406,-1,-1,-1,-1,-1,-1,-1,-1,-1,-1,-1,-1,-1,-1,-1,-1,-1,-1,-1,-1,-1,-1,-1,-1,-1,-1,-1,-1,-1,-1,-1,-1,-1,-1,-1,-1,-1,-1,-1,-1,-1,-1,-1,-1,-1,-1,-1,-1,-1,-1,0,0,0,0,0,0,-1,-1,-1,-1,-1,-1,-1,-1,-1,-1,-1,-1,0,0,0,0,0,0,-1,-1,-1,-1,-1,-1,-1,-1,-1,-1,-1,-1,-1,-1,False,False,0,0,False,207,0,0,0,0,0,0,0,0,0,0,0,0,0,0,0,1,
0,4529,2026-02-16 16:46:29Z,LLM_Empathetic,6.932299,7.222677,6.64192,0.6107809,0,1.601642,0,0,0,0,0,0,5.501229,4.352081,6.650387,0.592854,0.702737,0.482971,7.399492,6.222223,8.576762,0.5857285,0,2.108129,7.2054,6.108865,8.301937,9.873197,10,9.534053,6.932299,7.222677,6.64192,0.6107809,0,1.601642,0,0,0,0,0,0,5.501229,4.352081,6.650387,0.592854,0.702737,0.482971,7.399492,6.222223,8.576762,0.5857285,0,2.108129,7.2054,6.108865,8.301937,9.873197,10,9.534053,-1,-1,-1,-1,-1,-1,-1,-1,-1,-1,-1,-1,-1,-1,-1,-1,-1,-1,-1,-1,-1,-1,-1,-1,-1,-1,-1,-1,-1,-1,-1,-1,-1,-1,-1,-1,-1,-1,-1,-1,-1,-1,-1,-1,-1,-1,-1,-1,-1,-1,0,0,0,0,0,0,-1,-1,-1,-1,-1,-1,-1,-1,-1,-1,-1,-1,0,0,0,0,0,0,-1,-1,-1,-1,-1,-1,-1,-1,-1,-1,-1,-1,-1,-1,False,False,0,0,False,207,0,0,0,0,0,0,0,0,0,0,0,0,0,0,0,1,
0,4530,2026-02-16 16:46:29Z,LLM_Empathetic,6.932295,7.222677,6.641914,0.6107864,0,1.601646,0,0,0,0,0,0,5.501225,4.35208,6.65038,0.592854,0.702737,0.482971,7.39949,6.222224,8.576757,0.585732,0,2.108132,7.205394,6.108861,8.301929,9.873185,10,9.534039,6.932295,7.222677,6.641914,0.6107864,0,1.601646,0,0,0,0,0,0,5.501225,4.35208,6.65038,0.592854,0.702737,0.482971,7.39949,6.222224,8.576757,0.585732,0,2.108132,7.205394,6.108861,8.301929,9.873185,10,9.534039,-1,-1,-1,-1,-1,-1,-1,-1,-1,-1,-1,-1,-1,-1,-1,-1,-1,-1,-1,-1,-1,-1,-1,-1,-1,-1,-1,-1,-1,-1,-1,-1,-1,-1,-1,-1,-1,-1,-1,-1,-1,-1,-1,-1,-1,-1,-1,-1,-1,-1,0,0,0,0,0,0,-1,-1,-1,-1,-1,-1,-1,-1,-1,-1,-1,-1,0,0,0,0,0,0,-1,-1,-1,-1,-1,-1,-1,-1,-1,-1,-1,-1,-1,-1,False,False,0,0,False,209,0,0,0,0,0,0,0,0,0,0,0,0,0,0,0,1,
0,4531,2026-02-16 16:46:29Z,LLM_Empathetic,6.932294,7.222676,6.641911,0.6107892,0,1.601647,0,0,0,0,0,0,5.501223,4.352079,6.650376,0.592854,0.702737,0.482971,7.399489,6.222224,8.576755,0.5857338,0,2.108134,7.205391,6.10886,8.301924,9.873179,10,9.534031,6.932294,7.222676,6.641911,0.6107892,0,1.601647,0,0,0,0,0,0,5.501223,4.352079,6.650376,0.592854,0.702737,0.482971,7.399489,6.222224,8.576755,0.5857338,0,2.108134,7.205391,6.10886,8.301924,9.873179,10,9.534031,-1,-1,-1,-1,-1,-1,-1,-1,-1,-1,-1,-1,-1,-1,-1,-1,-1,-1,-1,-1,-1,-1,-1,-1,-1,-1,-1,-1,-1,-1,-1,-1,-1,-1,-1,-1,-1,-1,-1,-1,-1,-1,-1,-1,-1,-1,-1,-1,-1,-1,0,0,0,0,0,0,-1,-1,-1,-1,-1,-1,-1,-1,-1,-1,-1,-1,0,0,0,0,0,0,-1,-1,-1,-1,-1,-1,-1,-1,-1,-1,-1,-1,-1,-1,False,False,0,0,False,209,0,0,0,0,0,0,0,0,0,0,0,0,0,0,0,1,
0,4532,2026-02-16 16:46:29Z,LLM_Empathetic,6.932291,7.222676,6.641905,0.6107948,0,1.60165,0,0,0,0,0,0,5.501219,4.352078,6.65037,0.592854,0.702737,0.482971,7.399487,6.222225,8.57675,0.5857373,0,2.108138,7.205386,6.108857,8.301915,9.873167,10,9.534017,6.932291,7.222676,6.641905,0.6107948,0,1.60165,0,0,0,0,0,0,5.501219,4.352078,6.65037,0.592854,0.702737,0.482971,7.399487,6.222225,8.57675,0.5857373,0,2.108138,7.205386,6.108857,8.301915,9.873167,10,9.534017,-1,-1,-1,-1,-1,-1,-1,-1,-1,-1,-1,-1,-1,-1,-1,-1,-1,-1,-1,-1,-1,-1,-1,-1,-1,-1,-1,-1,-1,-1,-1,-1,-1,-1,-1,-1,-1,-1,-1,-1,-1,-1,-1,-1,-1,-1,-1,-1,-1,-1,0,0,0,0,0,0,-1,-1,-1,-1,-1,-1,-1,-1,-1,-1,-1,-1,0,0,0,0,0,0,-1,-1,-1,-1,-1,-1,-1,-1,-1,-1,-1,-1,-1,-1,False,False,0,0,False,209,0,0,0,0,0,0,0,0,0,0,0,0,0,0,0,1,
0,4533,2026-02-16 16:46:29Z,LLM_Empathetic,6.932289,7.222675,6.641902,0.6107976,0,1.601652,0,0,0,0,0,0,5.501216,4.352077,6.650366,0.592854,0.702737,0.482971,7.399487,6.222226,8.576748,0.5857391,0,2.10814,7.205383,6.108855,8.301911,9.873161,10,9.534009,6.932289,7.222675,6.641902,0.6107976,0,1.601652,0,0,0,0,0,0,5.501216,4.352077,6.650366,0.592854,0.702737,0.482971,7.399487,6.222226,8.576748,0.5857391,0,2.10814,7.205383,6.108855,8.301911,9.873161,10,9.534009,-1,-1,-1,-1,-1,-1,-1,-1,-1,-1,-1,-1,-1,-1,-1,-1,-1,-1,-1,-1,-1,-1,-1,-1,-1,-1,-1,-1,-1,-1,-1,-1,-1,-1,-1,-1,-1,-1,-1,-1,-1,-1,-1,-1,-1,-1,-1,-1,-1,-1,0,0,0,0,0,0,-1,-1,-1,-1,-1,-1,-1,-1,-1,-1,-1,-1,0,0,0,0,0,0,-1,-1,-1,-1,-1,-1,-1,-1,-1,-1,-1,-1,-1,-1,False,False,0,0,False,209,0,0,0,0,0,0,0,0,0,0,0,0,0,0,0,1,
0,4534,2026-02-16 16:46:29Z,LLM_Empathetic,6.932286,7.222675,6.641896,0.6108032,0,1.601655,0,0,0,0,0,0,5.501212,4.352076,6.650359,0.592854,0.702737,0.482971,7.399485,6.222227,8.576742,0.5857427,0,2.108143,7.205377,6.108852,8.301903,9.87315,10,9.533995,6.932286,7.222675,6.641896,0.6108032,0,1.601655,0,0,0,0,0,0,5.501212,4.352076,6.650359,0.592854,0.702737,0.482971,7.399485,6.222227,8.576742,0.5857427,0,2.108143,7.205377,6.108852,8.301903,9.87315,10,9.533995,-1,-1,-1,-1,-1,-1,-1,-1,-1,-1,-1,-1,-1,-1,-1,-1,-1,-1,-1,-1,-1,-1,-1,-1,-1,-1,-1,-1,-1,-1,-1,-1,-1,-1,-1,-1,-1,-1,-1,-1,-1,-1,-1,-1,-1,-1,-1,-1,-1,-1,0,0,0,0,0,0,-1,-1,-1,-1,-1,-1,-1,-1,-1,-1,-1,-1,0,0,0,0,0,0,-1,-1,-1,-1,-1,-1,-1,-1,-1,-1,-1,-1,-1,-1,False,False,0,0,False,207,0,0,0,0,0,0,0,0,0,0,0,0,0,0,0,1,
0,4535,2026-02-16 16:46:29Z,LLM_Empathetic,6.932284,7.222675,6.641893,0.6108059,0,1.601656,0,0,0,0,0,0,5.50121,4.352075,6.650355,0.592854,0.702737,0.482971,7.399484,6.222227,8.57674,0.5857445,0,2.108145,7.205374,6.10885,8.301898,9.873144,10,9.533987,6.932284,7.222675,6.641893,0.6108059,0,1.601656,0,0,0,0,0,0,5.50121,4.352075,6.650355,0.592854,0.702737,0.482971,7.399484,6.222227,8.57674,0.5857445,0,2.108145,7.205374,6.10885,8.301898,9.873144,10,9.533987,-1,-1,-1,-1,-1,-1,-1,-1,-1,-1,-1,-1,-1,-1,-1,-1,-1,-1,-1,-1,-1,-1,-1,-1,-1,-1,-1,-1,-1,-1,-1,-1,-1,-1,-1,-1,-1,-1,-1,-1,-1,-1,-1,-1,-1,-1,-1,-1,-1,-1,0,0,0,0,0,0,-1,-1,-1,-1,-1,-1,-1,-1,-1,-1,-1,-1,0,0,0,0,0,0,-1,-1,-1,-1,-1,-1,-1,-1,-1,-1,-1,-1,-1,-1,False,False,0,0,False,209,0,0,0,0,0,0,0,0,0,0,0,0,0,0,0,1,
0,4536,2026-02-16 16:46:29Z,LLM_Empathetic,6.932282,7.222674,6.64189,0.6108087,0,1.601658,0,0,0,0,0,0,5.501208,4.352075,6.650352,0.592854,0.702737,0.482971,7.399483,6.222228,8.576737,0.5857463,0,2.108147,7.205371,6.108849,8.301894,9.873138,10,9.533979,6.932282,7.222674,6.64189,0.6108087,0,1.601658,0,0,0,0,0,0,5.501208,4.352075,6.650352,0.592854,0.702737,0.482971,7.399483,6.222228,8.576737,0.5857463,0,2.108147,7.205371,6.108849,8.301894,9.873138,10,9.533979,-1,-1,-1,-1,-1,-1,-1,-1,-1,-1,-1,-1,-1,-1,-1,-1,-1,-1,-1,-1,-1,-1,-1,-1,-1,-1,-1,-1,-1,-1,-1,-1,-1,-1,-1,-1,-1,-1,-1,-1,-1,-1,-1,-1,-1,-1,-1,-1,-1,-1,0,0,0,0,0,0,-1,-1,-1,-1,-1,-1,-1,-1,-1,-1,-1,-1,0,0,0,0,0,0,-1,-1,-1,-1,-1,-1,-1,-1,-1,-1,-1,-1,-1,-1,False,False,0,0,False,209,0,0,0,0,0,0,0,0,0,0,0,0,0,0,0,1,
0,4537,2026-02-16 16:46:29Z,LLM_Empathetic,6.932279,7.222674,6.641884,0.6108143,0,1.601661,0,0,0,0,0,0,5.501204,4.352073,6.650345,0.592854,0.702737,0.482971,7.399481,6.222229,8.576733,0.5857499,0,2.10815,7.205365,6.108846,8.301886,9.873126,10,9.533965,6.932279,7.222674,6.641884,0.6108143,0,1.601661,0,0,0,0,0,0,5.501204,4.352073,6.650345,0.592854,0.702737,0.482971,7.399481,6.222229,8.576733,0.5857499,0,2.10815,7.205365,6.108846,8.301886,9.873126,10,9.533965,-1,-1,-1,-1,-1,-1,-1,-1,-1,-1,-1,-1,-1,-1,-1,-1,-1,-1,-1,-1,-1,-1,-1,-1,-1,-1,-1,-1,-1,-1,-1,-1,-1,-1,-1,-1,-1,-1,-1,-1,-1,-1,-1,-1,-1,-1,-1,-1,-1,-1,0,0,0,0,0,0,-1,-1,-1,-1,-1,-1,-1,-1,-1,-1,-1,-1,0,0,0,0,0,0,-1,-1,-1,-1,-1,-1,-1,-1,-1,-1,-1,-1,-1,-1,False,False,0,0,False,207,0,0,0,0,0,0,0,0,0,0,0,0,0,0,0,1,
0,4538,2026-02-16 16:46:29Z,LLM_Empathetic,6.932277,7.222673,6.641881,0.6108171,0,1.601663,0,0,0,0,0,0,5.501202,4.352072,6.650342,0.592854,0.702737,0.482971,7.39948,6.222229,8.576731,0.5857517,0,2.108152,7.205362,6.108844,8.301882,9.87312,10,9.533957,6.932277,7.222673,6.641881,0.6108171,0,1.601663,0,0,0,0,0,0,5.501202,4.352072,6.650342,0.592854,0.702737,0.482971,7.39948,6.222229,8.576731,0.5857517,0,2.108152,7.205362,6.108844,8.301882,9.87312,10,9.533957,-1,-1,-1,-1,-1,-1,-1,-1,-1,-1,-1,-1,-1,-1,-1,-1,-1,-1,-1,-1,-1,-1,-1,-1,-1,-1,-1,-1,-1,-1,-1,-1,-1,-1,-1,-1,-1,-1,-1,-1,-1,-1,-1,-1,-1,-1,-1,-1,-1,-1,0,0,0,0,0,0,-1,-1,-1,-1,-1,-1,-1,-1,-1,-1,-1,-1,0,0,0,0,0,0,-1,-1,-1,-1,-1,-1,-1,-1,-1,-1,-1,-1,-1,-1,False,False,0,0,False,209,0,0,0,0,0,0,0,0,0,0,0,0,0,0,0,1,
0,4539,2026-02-16 16:46:29Z,LLM_Empathetic,6.932274,7.222673,6.641875,0.6108227,0,1.601666,0,0,0,0,0,0,5.501197,4.352071,6.650334,0.592854,0.702737,0.482971,7.399478,6.22223,8.576726,0.5857552,0,2.108156,7.205357,6.108841,8.301873,9.873109,10,9.533943,6.932274,7.222673,6.641875,0.6108227,0,1.601666,0,0,0,0,0,0,5.501197,4.352071,6.650334,0.592854,0.702737,0.482971,7.399478,6.22223,8.576726,0.5857552,0,2.108156,7.205357,6.108841,8.301873,9.873109,10,9.533943,-1,-1,-1,-1,-1,-1,-1,-1,-1,-1,-1,-1,-1,-1,-1,-1,-1,-1,-1,-1,-1,-1,-1,-1,-1,-1,-1,-1,-1,-1,-1,-1,-1,-1,-1,-1,-1,-1,-1,-1,-1,-1,-1,-1,-1,-1,-1,-1,-1,-1,0,0,0,0,0,0,-1,-1,-1,-1,-1,-1,-1,-1,-1,-1,-1,-1,0,0,0,0,0,0,-1,-1,-1,-1,-1,-1,-1,-1,-1,-1,-1,-1,-1,-1,False,False,0,0,False,207,0,0,0,0,0,0,0,0,0,0,0,0,0,0,0,1,
0,4540,2026-02-16 16:46:29Z,LLM_Empathetic,6.932272,7.222672,6.641872,0.6108255,0,1.601667,0,0,0,0,0,0,5.501195,4.35207,6.650331,0.592854,0.702737,0.482971,7.399477,6.22223,8.576723,0.585757,0,2.108157,7.205353,6.10884,8.301868,9.873103,10,9.533936,6.932272,7.222672,6.641872,0.6108255,0,1.601667,0,0,0,0,0,0,5.501195,4.35207,6.650331,0.592854,0.702737,0.482971,7.399477,6.22223,8.576723,0.585757,0,2.108157,7.205353,6.10884,8.301868,9.873103,10,9.533936,-1,-1,-1,-1,-1,-1,-1,-1,-1,-1,-1,-1,-1,-1,-1,-1,-1,-1,-1,-1,-1,-1,-1,-1,-1,-1,-1,-1,-1,-1,-1,-1,-1,-1,-1,-1,-1,-1,-1,-1,-1,-1,-1,-1,-1,-1,-1,-1,-1,-1,0,0,0,0,0,0,-1,-1,-1,-1,-1,-1,-1,-1,-1,-1,-1,-1,0,0,0,0,0,0,-1,-1,-1,-1,-1,-1,-1,-1,-1,-1,-1,-1,-1,-1,False,False,0,0,False,207,0,0,0,0,0,0,0,0,0,0,0,0,0,0,0,1,
0,4541,2026-02-16 16:46:29Z,LLM_Empathetic,6.932271,7.222672,6.641869,0.6108283,0,1.601669,0,0,0,0,0,0,5.501193,4.35207,6.650327,0.592854,0.702737,0.482971,7.399476,6.222231,8.576721,0.5857588,0,2.108159,7.20535,6.108838,8.301865,9.873097,10,9.533928,6.932271,7.222672,6.641869,0.6108283,0,1.601669,0,0,0,0,0,0,5.501193,4.35207,6.650327,0.592854,0.702737,0.482971,7.399476,6.222231,8.576721,0.5857588,0,2.108159,7.20535,6.108838,8.301865,9.873097,10,9.533928,-1,-1,-1,-1,-1,-1,-1,-1,-1,-1,-1,-1,-1,-1,-1,-1,-1,-1,-1,-1,-1,-1,-1,-1,-1,-1,-1,-1,-1,-1,-1,-1,-1,-1,-1,-1,-1,-1,-1,-1,-1,-1,-1,-1,-1,-1,-1,-1,-1,-1,0,0,0,0,0,0,-1,-1,-1,-1,-1,-1,-1,-1,-1,-1,-1,-1,0,0,0,0,0,0,-1,-1,-1,-1,-1,-1,-1,-1,-1,-1,-1,-1,-1,-1,False,False,0,0,False,207,0,0,0,0,0,0,0,0,0,0,0,0,0,0,0,1,
0,4542,2026-02-16 16:46:29Z,LLM_Empathetic,6.932268,7.222672,6.641863,0.6108339,0,1.601672,0,0,0,0,0,0,5.501189,4.352068,6.65032,0.592854,0.702737,0.482971,7.399474,6.222232,8.576716,0.5857624,0,2.108163,7.205345,6.108835,8.301856,9.873085,10,9.533914,6.932268,7.222672,6.641863,0.6108339,0,1.601672,0,0,0,0,0,0,5.501189,4.352068,6.65032,0.592854,0.702737,0.482971,7.399474,6.222232,8.576716,0.5857624,0,2.108163,7.205345,6.108835,8.301856,9.873085,10,9.533914,-1,-1,-1,-1,-1,-1,-1,-1,-1,-1,-1,-1,-1,-1,-1,-1,-1,-1,-1,-1,-1,-1,-1,-1,-1,-1,-1,-1,-1,-1,-1,-1,-1,-1,-1,-1,-1,-1,-1,-1,-1,-1,-1,-1,-1,-1,-1,-1,-1,-1,0,0,0,0,0,0,-1,-1,-1,-1,-1,-1,-1,-1,-1,-1,-1,-1,0,0,0,0,0,0,-1,-1,-1,-1,-1,-1,-1,-1,-1,-1,-1,-1,-1,-1,False,False,0,0,False,207,0,0,0,0,0,0,0,0,0,0,0,0,0,0,0,1,
0,4543,2026-02-16 16:46:30Z,LLM_Empathetic,6.932266,7.222672,6.64186,0.6108367,0,1.601673,0,0,0,0,0,0,5.501187,4.352067,6.650317,0.592854,0.702737,0.482971,7.399473,6.222233,8.576714,0.5857642,0,2.108165,7.205342,6.108833,8.301851,9.873079,10,9.533906,6.932266,7.222672,6.64186,0.6108367,0,1.601673,0,0,0,0,0,0,5.501187,4.352067,6.650317,0.592854,0.702737,0.482971,7.399473,6.222233,8.576714,0.5857642,0,2.108165,7.205342,6.108833,8.301851,9.873079,10,9.533906,-1,-1,-1,-1,-1,-1,-1,-1,-1,-1,-1,-1,-1,-1,-1,-1,-1,-1,-1,-1,-1,-1,-1,-1,-1,-1,-1,-1,-1,-1,-1,-1,-1,-1,-1,-1,-1,-1,-1,-1,-1,-1,-1,-1,-1,-1,-1,-1,-1,-1,0,0,0,0,0,0,-1,-1,-1,-1,-1,-1,-1,-1,-1,-1,-1,-1,0,0,0,0,0,0,-1,-1,-1,-1,-1,-1,-1,-1,-1,-1,-1,-1,-1,-1,False,False,0,0,False,207,0,0,0,0,0,0,0,0,0,0,0,0,0,0,0,1,
0,4544,2026-02-16 16:46:30Z,LLM_Empathetic,6.932262,7.222671,6.641854,0.6108423,0,1.601676,0,0,0,0,0,0,5.501183,4.352066,6.65031,0.592854,0.702737,0.482971,7.399471,6.222234,8.576709,0.5857678,0,2.108168,7.205336,6.10883,8.301843,9.873068,10,9.533892,6.932262,7.222671,6.641854,0.6108423,0,1.601676,0,0,0,0,0,0,5.501183,4.352066,6.65031,0.592854,0.702737,0.482971,7.399471,6.222234,8.576709,0.5857678,0,2.108168,7.205336,6.10883,8.301843,9.873068,10,9.533892,-1,-1,-1,-1,-1,-1,-1,-1,-1,-1,-1,-1,-1,-1,-1,-1,-1,-1,-1,-1,-1,-1,-1,-1,-1,-1,-1,-1,-1,-1,-1,-1,-1,-1,-1,-1,-1,-1,-1,-1,-1,-1,-1,-1,-1,-1,-1,-1,-1,-1,0,0,0,0,0,0,-1,-1,-1,-1,-1,-1,-1,-1,-1,-1,-1,-1,0,0,0,0,0,0,-1,-1,-1,-1,-1,-1,-1,-1,-1,-1,-1,-1,-1,-1,False,False,0,0,False,207,0,0,0,0,0,0,0,0,0,0,0,0,0,0,0,1,
0,4545,2026-02-16 16:46:30Z,LLM_Empathetic,6.932261,7.222671,6.641851,0.6108451,0,1.601678,0,0,0,0,0,0,5.501181,4.352066,6.650306,0.592854,0.702737,0.482971,7.39947,6.222234,8.576706,0.5857696,0,2.10817,7.205333,6.108828,8.301839,9.873062,10,9.533884,6.932261,7.222671,6.641851,0.6108451,0,1.601678,0,0,0,0,0,0,5.501181,4.352066,6.650306,0.592854,0.702737,0.482971,7.39947,6.222234,8.576706,0.5857696,0,2.10817,7.205333,6.108828,8.301839,9.873062,10,9.533884,-1,-1,-1,-1,-1,-1,-1,-1,-1,-1,-1,-1,-1,-1,-1,-1,-1,-1,-1,-1,-1,-1,-1,-1,-1,-1,-1,-1,-1,-1,-1,-1,-1,-1,-1,-1,-1,-1,-1,-1,-1,-1,-1,-1,-1,-1,-1,-1,-1,-1,0,0,0,0,0,0,-1,-1,-1,-1,-1,-1,-1,-1,-1,-1,-1,-1,0,0,0,0,0,0,-1,-1,-1,-1,-1,-1,-1,-1,-1,-1,-1,-1,-1,-1,False,False,0,0,False,207,0,0,0,0,0,0,0,0,0,0,0,0,0,0,0,1,
0,4546,2026-02-16 16:46:30Z,LLM_Empathetic,6.932259,7.22267,6.641848,0.6108479,0,1.601679,0,0,0,0,0,0,5.501178,4.352065,6.650302,0.592854,0.702737,0.482971,7.399469,6.222235,8.576704,0.5857714,0,2.108172,7.20533,6.108827,8.301834,9.873055,10,9.533876,6.932259,7.22267,6.641848,0.6108479,0,1.601679,0,0,0,0,0,0,5.501178,4.352065,6.650302,0.592854,0.702737,0.482971,7.399469,6.222235,8.576704,0.5857714,0,2.108172,7.20533,6.108827,8.301834,9.873055,10,9.533876,-1,-1,-1,-1,-1,-1,-1,-1,-1,-1,-1,-1,-1,-1,-1,-1,-1,-1,-1,-1,-1,-1,-1,-1,-1,-1,-1,-1,-1,-1,-1,-1,-1,-1,-1,-1,-1,-1,-1,-1,-1,-1,-1,-1,-1,-1,-1,-1,-1,-1,0,0,0,0,0,0,-1,-1,-1,-1,-1,-1,-1,-1,-1,-1,-1,-1,0,0,0,0,0,0,-1,-1,-1,-1,-1,-1,-1,-1,-1,-1,-1,-1,-1,-1,False,False,0,0,False,207,0,0,0,0,0,0,0,0,0,0,0,0,0,0,0,1,
0,4547,2026-02-16 16:46:30Z,LLM_Empathetic,6.932256,7.22267,6.641842,0.6108535,0,1.601683,0,0,0,0,0,0,5.501174,4.352063,6.650295,0.592854,0.702737,0.482971,7.399467,6.222236,8.576699,0.585775,0,2.108175,7.205324,6.108823,8.301826,9.873044,10,9.533862,6.932256,7.22267,6.641842,0.6108535,0,1.601683,0,0,0,0,0,0,5.501174,4.352063,6.650295,0.592854,0.702737,0.482971,7.399467,6.222236,8.576699,0.585775,0,2.108175,7.205324,6.108823,8.301826,9.873044,10,9.533862,-1,-1,-1,-1,-1,-1,-1,-1,-1,-1,-1,-1,-1,-1,-1,-1,-1,-1,-1,-1,-1,-1,-1,-1,-1,-1,-1,-1,-1,-1,-1,-1,-1,-1,-1,-1,-1,-1,-1,-1,-1,-1,-1,-1,-1,-1,-1,-1,-1,-1,0,0,0,0,0,0,-1,-1,-1,-1,-1,-1,-1,-1,-1,-1,-1,-1,0,0,0,0,0,0,-1,-1,-1,-1,-1,-1,-1,-1,-1,-1,-1,-1,-1,-1,False,False,0,0,False,207,0,0,0,0,0,0,0,0,0,0,0,0,0,0,0,1,
0,4548,2026-02-16 16:46:30Z,LLM_Empathetic,6.932254,7.222669,6.641839,0.6108563,0,1.601684,0,0,0,0,0,0,5.501172,4.352063,6.650292,0.592854,0.702737,0.482971,7.399466,6.222236,8.576696,0.5857767,0,2.108177,7.205321,6.108822,8.301822,9.873038,10,9.533854,6.932254,7.222669,6.641839,0.6108563,0,1.601684,0,0,0,0,0,0,5.501172,4.352063,6.650292,0.592854,0.702737,0.482971,7.399466,6.222236,8.576696,0.5857767,0,2.108177,7.205321,6.108822,8.301822,9.873038,10,9.533854,-1,-1,-1,-1,-1,-1,-1,-1,-1,-1,-1,-1,-1,-1,-1,-1,-1,-1,-1,-1,-1,-1,-1,-1,-1,-1,-1,-1,-1,-1,-1,-1,-1,-1,-1,-1,-1,-1,-1,-1,-1,-1,-1,-1,-1,-1,-1,-1,-1,-1,0,0,0,0,0,0,-1,-1,-1,-1,-1,-1,-1,-1,-1,-1,-1,-1,0,0,0,0,0,0,-1,-1,-1,-1,-1,-1,-1,-1,-1,-1,-1,-1,-1,-1,False,False,0,0,False,207,0,0,0,0,0,0,0,0,0,0,0,0,0,0,0,1,
0,4549,2026-02-16 16:46:30Z,LLM_Empathetic,6.932251,7.222669,6.641833,0.610862,0,1.601687,0,0,0,0,0,0,5.501168,4.352061,6.650285,0.592854,0.702737,0.482971,7.399464,6.222237,8.576692,0.5857804,0,2.108181,7.205315,6.108819,8.301813,9.873027,10,9.533839,6.932251,7.222669,6.641833,0.610862,0,1.601687,0,0,0,0,0,0,5.501168,4.352061,6.650285,0.592854,0.702737,0.482971,7.399464,6.222237,8.576692,0.5857804,0,2.108181,7.205315,6.108819,8.301813,9.873027,10,9.533839,-1,-1,-1,-1,-1,-1,-1,-1,-1,-1,-1,-1,-1,-1,-1,-1,-1,-1,-1,-1,-1,-1,-1,-1,-1,-1,-1,-1,-1,-1,-1,-1,-1,-1,-1,-1,-1,-1,-1,-1,-1,-1,-1,-1,-1,-1,-1,-1,-1,-1,0,0,0,0,0,0,-1,-1,-1,-1,-1,-1,-1,-1,-1,-1,-1,-1,0,0,0,0,0,0,-1,-1,-1,-1,-1,-1,-1,-1,-1,-1,-1,-1,-1,-1,False,False,0,0,False,209,0,0,0,0,0,0,0,0,0,0,0,0,0,0,0,1,
0,4550,2026-02-16 16:46:30Z,LLM_Empathetic,6.93225,7.222668,6.64183,0.6108648,0,1.601689,0,0,0,0,0,0,5.501166,4.35206,6.650281,0.592854,0.702737,0.482971,7.399463,6.222238,8.576689,0.5857822,0,2.108183,7.205312,6.108817,8.301808,9.87302,10,9.533833,6.93225,7.222668,6.64183,0.6108648,0,1.601689,0,0,0,0,0,0,5.501166,4.35206,6.650281,0.592854,0.702737,0.482971,7.399463,6.222238,8.576689,0.5857822,0,2.108183,7.205312,6.108817,8.301808,9.87302,10,9.533833,-1,-1,-1,-1,-1,-1,-1,-1,-1,-1,-1,-1,-1,-1,-1,-1,-1,-1,-1,-1,-1,-1,-1,-1,-1,-1,-1,-1,-1,-1,-1,-1,-1,-1,-1,-1,-1,-1,-1,-1,-1,-1,-1,-1,-1,-1,-1,-1,-1,-1,0,0,0,0,0,0,-1,-1,-1,-1,-1,-1,-1,-1,-1,-1,-1,-1,0,0,0,0,0,0,-1,-1,-1,-1,-1,-1,-1,-1,-1,-1,-1,-1,-1,-1,False,False,0,0,False,207,0,0,0,0,0,0,0,0,0,0,0,0,0,0,0,1,
0,4551,2026-02-16 16:46:30Z,LLM_Empathetic,6.932248,7.222668,6.641827,0.6108676,0,1.60169,0,0,0,0,0,0,5.501163,4.35206,6.650278,0.592854,0.702737,0.482971,7.399462,6.222238,8.576687,0.585784,0,2.108184,7.205309,6.108815,8.301804,9.873014,10,9.533825,6.932248,7.222668,6.641827,0.6108676,0,1.60169,0,0,0,0,0,0,5.501163,4.35206,6.650278,0.592854,0.702737,0.482971,7.399462,6.222238,8.576687,0.585784,0,2.108184,7.205309,6.108815,8.301804,9.873014,10,9.533825,-1,-1,-1,-1,-1,-1,-1,-1,-1,-1,-1,-1,-1,-1,-1,-1,-1,-1,-1,-1,-1,-1,-1,-1,-1,-1,-1,-1,-1,-1,-1,-1,-1,-1,-1,-1,-1,-1,-1,-1,-1,-1,-1,-1,-1,-1,-1,-1,-1,-1,0,0,0,0,0,0,-1,-1,-1,-1,-1,-1,-1,-1,-1,-1,-1,-1,0,0,0,0,0,0,-1,-1,-1,-1,-1,-1,-1,-1,-1,-1,-1,-1,-1,-1,False,False,0,0,False,209,0,0,0,0,0,0,0,0,0,0,0,0,0,0,0,1,
0,4552,2026-02-16 16:46:30Z,LLM_Empathetic,6.932244,7.222668,6.641821,0.6108732,0,1.601693,0,0,0,0,0,0,5.501159,4.352058,6.65027,0.592854,0.702737,0.482971,7.39946,6.222239,8.576682,0.5857876,0,2.108188,7.205303,6.108812,8.301795,9.873003,10,9.53381,6.932244,7.222668,6.641821,0.6108732,0,1.601693,0,0,0,0,0,0,5.501159,4.352058,6.65027,0.592854,0.702737,0.482971,7.39946,6.222239,8.576682,0.5857876,0,2.108188,7.205303,6.108812,8.301795,9.873003,10,9.53381,-1,-1,-1,-1,-1,-1,-1,-1,-1,-1,-1,-1,-1,-1,-1,-1,-1,-1,-1,-1,-1,-1,-1,-1,-1,-1,-1,-1,-1,-1,-1,-1,-1,-1,-1,-1,-1,-1,-1,-1,-1,-1,-1,-1,-1,-1,-1,-1,-1,-1,0,0,0,0,0,0,-1,-1,-1,-1,-1,-1,-1,-1,-1,-1,-1,-1,0,0,0,0,0,0,-1,-1,-1,-1,-1,-1,-1,-1,-1,-1,-1,-1,-1,-1,False,False,0,0,False,209,0,0,0,0,0,0,0,0,0,0,0,0,0,0,0,1,
0,4553,2026-02-16 16:46:30Z,LLM_Empathetic,6.932243,7.222667,6.641818,0.610876,0,1.601695,0,0,0,0,0,0,5.501157,4.352058,6.650267,0.592854,0.702737,0.482971,7.399459,6.222239,8.576679,0.5857894,0,2.10819,7.2053,6.10881,8.301791,9.872997,10,9.533802,6.932243,7.222667,6.641818,0.610876,0,1.601695,0,0,0,0,0,0,5.501157,4.352058,6.650267,0.592854,0.702737,0.482971,7.399459,6.222239,8.576679,0.5857894,0,2.10819,7.2053,6.10881,8.301791,9.872997,10,9.533802,-1,-1,-1,-1,-1,-1,-1,-1,-1,-1,-1,-1,-1,-1,-1,-1,-1,-1,-1,-1,-1,-1,-1,-1,-1,-1,-1,-1,-1,-1,-1,-1,-1,-1,-1,-1,-1,-1,-1,-1,-1,-1,-1,-1,-1,-1,-1,-1,-1,-1,0,0,0,0,0,0,-1,-1,-1,-1,-1,-1,-1,-1,-1,-1,-1,-1,0,0,0,0,0,0,-1,-1,-1,-1,-1,-1,-1,-1,-1,-1,-1,-1,-1,-1,False,False,0,0,False,207,0,0,0,0,0,0,0,0,0,0,0,0,0,0,0,1,
0,4554,2026-02-16 16:46:30Z,LLM_Empathetic,6.932241,7.222667,6.641815,0.6108788,0,1.601696,0,0,0,0,0,0,5.501155,4.352057,6.650263,0.592854,0.702737,0.482971,7.399458,6.22224,8.576677,0.5857912,0,2.108191,7.205297,6.108809,8.301786,9.872991,10,9.533795,6.932241,7.222667,6.641815,0.6108788,0,1.601696,0,0,0,0,0,0,5.501155,4.352057,6.650263,0.592854,0.702737,0.482971,7.399458,6.22224,8.576677,0.5857912,0,2.108191,7.205297,6.108809,8.301786,9.872991,10,9.533795,-1,-1,-1,-1,-1,-1,-1,-1,-1,-1,-1,-1,-1,-1,-1,-1,-1,-1,-1,-1,-1,-1,-1,-1,-1,-1,-1,-1,-1,-1,-1,-1,-1,-1,-1,-1,-1,-1,-1,-1,-1,-1,-1,-1,-1,-1,-1,-1,-1,-1,0,0,0,0,0,0,-1,-1,-1,-1,-1,-1,-1,-1,-1,-1,-1,-1,0,0,0,0,0,0,-1,-1,-1,-1,-1,-1,-1,-1,-1,-1,-1,-1,-1,-1,False,False,0,0,False,209,0,0,0,0,0,0,0,0,0,0,0,0,0,0,0,1,
0,4555,2026-02-16 16:46:30Z,LLM_Empathetic,6.932238,7.222666,6.641809,0.6108845,0,1.6017,0,0,0,0,0,0,5.501151,4.352056,6.650256,0.592854,0.702737,0.482971,7.399457,6.222241,8.576673,0.5857948,0,2.108195,7.205292,6.108806,8.301778,9.872979,10,9.53378,6.932238,7.222666,6.641809,0.6108845,0,1.6017,0,0,0,0,0,0,5.501151,4.352056,6.650256,0.592854,0.702737,0.482971,7.399457,6.222241,8.576673,0.5857948,0,2.108195,7.205292,6.108806,8.301778,9.872979,10,9.53378,-1,-1,-1,-1,-1,-1,-1,-1,-1,-1,-1,-1,-1,-1,-1,-1,-1,-1,-1,-1,-1,-1,-1,-1,-1,-1,-1,-1,-1,-1,-1,-1,-1,-1,-1,-1,-1,-1,-1,-1,-1,-1,-1,-1,-1,-1,-1,-1,-1,-1,0,0,0,0,0,0,-1,-1,-1,-1,-1,-1,-1,-1,-1,-1,-1,-1,0,0,0,0,0,0,-1,-1,-1,-1,-1,-1,-1,-1,-1,-1,-1,-1,-1,-1,False,False,0,0,False,207,0,0,0,0,0,0,0,0,0,0,0,0,0,0,0,1,
0,4556,2026-02-16 16:46:30Z,LLM_Empathetic,6.932236,7.222666,6.641806,0.6108873,0,1.601701,0,0,0,0,0,0,5.501149,4.352055,6.650253,0.592854,0.702737,0.482971,7.399456,6.222241,8.57667,0.5857966,0,2.108197,7.205288,6.108804,8.301774,9.872973,10,9.533772,6.932236,7.222666,6.641806,0.6108873,0,1.601701,0,0,0,0,0,0,5.501149,4.352055,6.650253,0.592854,0.702737,0.482971,7.399456,6.222241,8.57667,0.5857966,0,2.108197,7.205288,6.108804,8.301774,9.872973,10,9.533772,-1,-1,-1,-1,-1,-1,-1,-1,-1,-1,-1,-1,-1,-1,-1,-1,-1,-1,-1,-1,-1,-1,-1,-1,-1,-1,-1,-1,-1,-1,-1,-1,-1,-1,-1,-1,-1,-1,-1,-1,-1,-1,-1,-1,-1,-1,-1,-1,-1,-1,0,0,0,0,0,0,-1,-1,-1,-1,-1,-1,-1,-1,-1,-1,-1,-1,0,0,0,0,0,0,-1,-1,-1,-1,-1,-1,-1,-1,-1,-1,-1,-1,-1,-1,False,False,0,0,False,207,0,0,0,0,0,0,0,0,0,0,0,0,0,0,0,1,
0,4557,2026-02-16 16:46:30Z,LLM_Empathetic,6.932234,7.222666,6.641803,0.6108901,0,1.601703,0,0,0,0,0,0,5.501146,4.352054,6.650249,0.592854,0.702737,0.482971,7.399455,6.222242,8.576667,0.5857984,0,2.108199,7.205286,6.108803,8.301769,9.872968,10,9.533766,6.932234,7.222666,6.641803,0.6108901,0,1.601703,0,0,0,0,0,0,5.501146,4.352054,6.650249,0.592854,0.702737,0.482971,7.399455,6.222242,8.576667,0.5857984,0,2.108199,7.205286,6.108803,8.301769,9.872968,10,9.533766,-1,-1,-1,-1,-1,-1,-1,-1,-1,-1,-1,-1,-1,-1,-1,-1,-1,-1,-1,-1,-1,-1,-1,-1,-1,-1,-1,-1,-1,-1,-1,-1,-1,-1,-1,-1,-1,-1,-1,-1,-1,-1,-1,-1,-1,-1,-1,-1,-1,-1,0,0,0,0,0,0,-1,-1,-1,-1,-1,-1,-1,-1,-1,-1,-1,-1,0,0,0,0,0,0,-1,-1,-1,-1,-1,-1,-1,-1,-1,-1,-1,-1,-1,-1,False,False,0,0,False,207,0,0,0,0,0,0,0,0,0,0,0,0,0,0,0,1,
0,4558,2026-02-16 16:46:30Z,LLM_Empathetic,6.932231,7.222665,6.641797,0.6108958,0,1.601706,0,0,0,0,0,0,5.501142,4.352053,6.650242,0.592854,0.702737,0.482971,7.399453,6.222243,8.576662,0.585802,0,2.108202,7.20528,6.108799,8.301761,9.872955,10,9.533751,6.932231,7.222665,6.641797,0.6108958,0,1.601706,0,0,0,0,0,0,5.501142,4.352053,6.650242,0.592854,0.702737,0.482971,7.399453,6.222243,8.576662,0.585802,0,2.108202,7.20528,6.108799,8.301761,9.872955,10,9.533751,-1,-1,-1,-1,-1,-1,-1,-1,-1,-1,-1,-1,-1,-1,-1,-1,-1,-1,-1,-1,-1,-1,-1,-1,-1,-1,-1,-1,-1,-1,-1,-1,-1,-1,-1,-1,-1,-1,-1,-1,-1,-1,-1,-1,-1,-1,-1,-1,-1,-1,0,0,0,0,0,0,-1,-1,-1,-1,-1,-1,-1,-1,-1,-1,-1,-1,0,0,0,0,0,0,-1,-1,-1,-1,-1,-1,-1,-1,-1,-1,-1,-1,-1,-1,False,False,0,0,False,209,0,0,0,0,0,0,0,0,0,0,0,0,0,0,0,1,
0,4559,2026-02-16 16:46:30Z,LLM_Empathetic,6.93223,7.222665,6.641794,0.6108986,0,1.601707,0,0,0,0,0,0,5.50114,4.352052,6.650239,0.592854,0.702737,0.482971,7.399452,6.222244,8.57666,0.5858039,0,2.108204,7.205276,6.108798,8.301757,9.87295,10,9.533743,6.93223,7.222665,6.641794,0.6108986,0,1.601707,0,0,0,0,0,0,5.50114,4.352052,6.650239,0.592854,0.702737,0.482971,7.399452,6.222244,8.57666,0.5858039,0,2.108204,7.205276,6.108798,8.301757,9.87295,10,9.533743,-1,-1,-1,-1,-1,-1,-1,-1,-1,-1,-1,-1,-1,-1,-1,-1,-1,-1,-1,-1,-1,-1,-1,-1,-1,-1,-1,-1,-1,-1,-1,-1,-1,-1,-1,-1,-1,-1,-1,-1,-1,-1,-1,-1,-1,-1,-1,-1,-1,-1,0,0,0,0,0,0,-1,-1,-1,-1,-1,-1,-1,-1,-1,-1,-1,-1,0,0,0,0,0,0,-1,-1,-1,-1,-1,-1,-1,-1,-1,-1,-1,-1,-1,-1,False,False,0,0,False,209,0,0,0,0,0,0,0,0,0,0,0,0,0,0,0,1,
0,4560,2026-02-16 16:46:30Z,LLM_Empathetic,6.932226,7.222664,6.641788,0.6109042,0,1.601711,0,0,0,0,0,0,5.501136,4.352051,6.650231,0.592854,0.702737,0.482971,7.39945,6.222245,8.576655,0.5858074,0,2.108208,7.205271,6.108795,8.301748,9.872937,10,9.533729,6.932226,7.222664,6.641788,0.6109042,0,1.601711,0,0,0,0,0,0,5.501136,4.352051,6.650231,0.592854,0.702737,0.482971,7.39945,6.222245,8.576655,0.5858074,0,2.108208,7.205271,6.108795,8.301748,9.872937,10,9.533729,-1,-1,-1,-1,-1,-1,-1,-1,-1,-1,-1,-1,-1,-1,-1,-1,-1,-1,-1,-1,-1,-1,-1,-1,-1,-1,-1,-1,-1,-1,-1,-1,-1,-1,-1,-1,-1,-1,-1,-1,-1,-1,-1,-1,-1,-1,-1,-1,-1,-1,0,0,0,0,0,0,-1,-1,-1,-1,-1,-1,-1,-1,-1,-1,-1,-1,0,0,0,0,0,0,-1,-1,-1,-1,-1,-1,-1,-1,-1,-1,-1,-1,-1,-1,False,False,0,0,False,209,0,0,0,0,0,0,0,0,0,0,0,0,0,0,0,1,
0,4561,2026-02-16 16:46:30Z,LLM_Empathetic,6.932224,7.222664,6.641785,0.6109071,0,1.601712,0,0,0,0,0,0,5.501133,4.35205,6.650228,0.592854,0.702737,0.482971,7.399448,6.222245,8.576653,0.5858093,0,2.10821,7.205268,6.108793,8.301744,9.872931,10,9.533721,6.932224,7.222664,6.641785,0.6109071,0,1.601712,0,0,0,0,0,0,5.501133,4.35205,6.650228,0.592854,0.702737,0.482971,7.399448,6.222245,8.576653,0.5858093,0,2.10821,7.205268,6.108793,8.301744,9.872931,10,9.533721,-1,-1,-1,-1,-1,-1,-1,-1,-1,-1,-1,-1,-1,-1,-1,-1,-1,-1,-1,-1,-1,-1,-1,-1,-1,-1,-1,-1,-1,-1,-1,-1,-1,-1,-1,-1,-1,-1,-1,-1,-1,-1,-1,-1,-1,-1,-1,-1,-1,-1,0,0,0,0,0,0,-1,-1,-1,-1,-1,-1,-1,-1,-1,-1,-1,-1,0,0,0,0,0,0,-1,-1,-1,-1,-1,-1,-1,-1,-1,-1,-1,-1,-1,-1,False,False,0,0,False,207,0,0,0,0,0,0,0,0,0,0,0,0,0,0,0,1,
0,4562,2026-02-16 16:46:30Z,LLM_Empathetic,6.932223,7.222663,6.641782,0.6109099,0,1.601714,0,0,0,0,0,0,5.501132,4.352049,6.650224,0.592854,0.702737,0.482971,7.399447,6.222246,8.57665,0.5858111,0,2.108212,7.205265,6.108791,8.301739,9.872926,10,9.533713,6.932223,7.222663,6.641782,0.6109099,0,1.601714,0,0,0,0,0,0,5.501132,4.352049,6.650224,0.592854,0.702737,0.482971,7.399447,6.222246,8.57665,0.5858111,0,2.108212,7.205265,6.108791,8.301739,9.872926,10,9.533713,-1,-1,-1,-1,-1,-1,-1,-1,-1,-1,-1,-1,-1,-1,-1,-1,-1,-1,-1,-1,-1,-1,-1,-1,-1,-1,-1,-1,-1,-1,-1,-1,-1,-1,-1,-1,-1,-1,-1,-1,-1,-1,-1,-1,-1,-1,-1,-1,-1,-1,0,0,0,0,0,0,-1,-1,-1,-1,-1,-1,-1,-1,-1,-1,-1,-1,0,0,0,0,0,0,-1,-1,-1,-1,-1,-1,-1,-1,-1,-1,-1,-1,-1,-1,False,False,0,0,False,209,0,0,0,0,0,0,0,0,0,0,0,0,0,0,0,1,
0,4563,2026-02-16 16:46:30Z,LLM_Empathetic,6.93222,7.222663,6.641776,0.6109155,0,1.601717,0,0,0,0,0,0,5.501127,4.352048,6.650217,0.592854,0.702737,0.482971,7.399446,6.222247,8.576645,0.5858147,0,2.108215,7.205259,6.108788,8.30173,9.872914,10,9.533698,6.93222,7.222663,6.641776,0.6109155,0,1.601717,0,0,0,0,0,0,5.501127,4.352048,6.650217,0.592854,0.702737,0.482971,7.399446,6.222247,8.576645,0.5858147,0,2.108215,7.205259,6.108788,8.30173,9.872914,10,9.533698,-1,-1,-1,-1,-1,-1,-1,-1,-1,-1,-1,-1,-1,-1,-1,-1,-1,-1,-1,-1,-1,-1,-1,-1,-1,-1,-1,-1,-1,-1,-1,-1,-1,-1,-1,-1,-1,-1,-1,-1,-1,-1,-1,-1,-1,-1,-1,-1,-1,-1,0,0,0,0,0,0,-1,-1,-1,-1,-1,-1,-1,-1,-1,-1,-1,-1,0,0,0,0,0,0,-1,-1,-1,-1,-1,-1,-1,-1,-1,-1,-1,-1,-1,-1,False,False,0,0,False,209,0,0,0,0,0,0,0,0,0,0,0,0,0,0,0,1,
0,4564,2026-02-16 16:46:30Z,LLM_Empathetic,6.932218,7.222663,6.641773,0.6109184,0,1.601718,0,0,0,0,0,0,5.501125,4.352047,6.650213,0.592854,0.702737,0.482971,7.399445,6.222247,8.576643,0.5858165,0,2.108217,7.205256,6.108787,8.301726,9.872908,10,9.53369,6.932218,7.222663,6.641773,0.6109184,0,1.601718,0,0,0,0,0,0,5.501125,4.352047,6.650213,0.592854,0.702737,0.482971,7.399445,6.222247,8.576643,0.5858165,0,2.108217,7.205256,6.108787,8.301726,9.872908,10,9.53369,-1,-1,-1,-1,-1,-1,-1,-1,-1,-1,-1,-1,-1,-1,-1,-1,-1,-1,-1,-1,-1,-1,-1,-1,-1,-1,-1,-1,-1,-1,-1,-1,-1,-1,-1,-1,-1,-1,-1,-1,-1,-1,-1,-1,-1,-1,-1,-1,-1,-1,0,0,0,0,0,0,-1,-1,-1,-1,-1,-1,-1,-1,-1,-1,-1,-1,0,0,0,0,0,0,-1,-1,-1,-1,-1,-1,-1,-1,-1,-1,-1,-1,-1,-1,False,False,0,0,False,207,0,0,0,0,0,0,0,0,0,0,0,0,0,0,0,1,
0,4565,2026-02-16 16:46:30Z,LLM_Empathetic,6.932216,7.222662,6.64177,0.6109212,0,1.60172,0,0,0,0,0,0,5.501123,4.352046,6.65021,0.592854,0.702737,0.482971,7.399444,6.222248,8.57664,0.5858184,0,2.108219,7.205253,6.108785,8.301722,9.872902,10,9.533684,6.932216,7.222662,6.64177,0.6109212,0,1.60172,0,0,0,0,0,0,5.501123,4.352046,6.65021,0.592854,0.702737,0.482971,7.399444,6.222248,8.57664,0.5858184,0,2.108219,7.205253,6.108785,8.301722,9.872902,10,9.533684,-1,-1,-1,-1,-1,-1,-1,-1,-1,-1,-1,-1,-1,-1,-1,-1,-1,-1,-1,-1,-1,-1,-1,-1,-1,-1,-1,-1,-1,-1,-1,-1,-1,-1,-1,-1,-1,-1,-1,-1,-1,-1,-1,-1,-1,-1,-1,-1,-1,-1,0,0,0,0,0,0,-1,-1,-1,-1,-1,-1,-1,-1,-1,-1,-1,-1,0,0,0,0,0,0,-1,-1,-1,-1,-1,-1,-1,-1,-1,-1,-1,-1,-1,-1,False,False,0,0,False,207,0,0,0,0,0,0,0,0,0,0,0,0,0,0,0,1,
0,4566,2026-02-16 16:46:30Z,LLM_Empathetic,6.932213,7.222662,6.641764,0.6109269,0,1.601723,0,0,0,0,0,0,5.501119,4.352045,6.650203,0.592854,0.702737,0.482971,7.399442,6.222249,8.576635,0.585822,0,2.108222,7.205247,6.108782,8.301713,9.87289,10,9.533669,6.932213,7.222662,6.641764,0.6109269,0,1.601723,0,0,0,0,0,0,5.501119,4.352045,6.650203,0.592854,0.702737,0.482971,7.399442,6.222249,8.576635,0.585822,0,2.108222,7.205247,6.108782,8.301713,9.87289,10,9.533669,-1,-1,-1,-1,-1,-1,-1,-1,-1,-1,-1,-1,-1,-1,-1,-1,-1,-1,-1,-1,-1,-1,-1,-1,-1,-1,-1,-1,-1,-1,-1,-1,-1,-1,-1,-1,-1,-1,-1,-1,-1,-1,-1,-1,-1,-1,-1,-1,-1,-1,0,0,0,0,0,0,-1,-1,-1,-1,-1,-1,-1,-1,-1,-1,-1,-1,0,0,0,0,0,0,-1,-1,-1,-1,-1,-1,-1,-1,-1,-1,-1,-1,-1,-1,False,False,0,0,False,209,0,0,0,0,0,0,0,0,0,0,0,0,0,0,0,1,
0,4567,2026-02-16 16:46:30Z,LLM_Empathetic,6.932211,7.222661,6.641761,0.6109297,0,1.601725,0,0,0,0,0,0,5.501116,4.352044,6.650199,0.592854,0.702737,0.482971,7.399441,6.222249,8.576632,0.5858238,0,2.108224,7.205244,6.10878,8.301709,9.872884,10,9.533661,6.932211,7.222661,6.641761,0.6109297,0,1.601725,0,0,0,0,0,0,5.501116,4.352044,6.650199,0.592854,0.702737,0.482971,7.399441,6.222249,8.576632,0.5858238,0,2.108224,7.205244,6.10878,8.301709,9.872884,10,9.533661,-1,-1,-1,-1,-1,-1,-1,-1,-1,-1,-1,-1,-1,-1,-1,-1,-1,-1,-1,-1,-1,-1,-1,-1,-1,-1,-1,-1,-1,-1,-1,-1,-1,-1,-1,-1,-1,-1,-1,-1,-1,-1,-1,-1,-1,-1,-1,-1,-1,-1,0,0,0,0,0,0,-1,-1,-1,-1,-1,-1,-1,-1,-1,-1,-1,-1,0,0,0,0,0,0,-1,-1,-1,-1,-1,-1,-1,-1,-1,-1,-1,-1,-1,-1,False,False,0,0,False,209,0,0,0,0,0,0,0,0,0,0,0,0,0,0,0,1,
0,4568,2026-02-16 16:46:30Z,LLM_Empathetic,6.932208,7.222661,6.641755,0.6109354,0,1.601728,0,0,0,0,0,0,5.501112,4.352043,6.650192,0.592854,0.702737,0.482971,7.399439,6.22225,8.576628,0.5858274,0,2.108228,7.205238,6.108777,8.3017,9.872872,10,9.533646,6.932208,7.222661,6.641755,0.6109354,0,1.601728,0,0,0,0,0,0,5.501112,4.352043,6.650192,0.592854,0.702737,0.482971,7.399439,6.22225,8.576628,0.5858274,0,2.108228,7.205238,6.108777,8.3017,9.872872,10,9.533646,-1,-1,-1,-1,-1,-1,-1,-1,-1,-1,-1,-1,-1,-1,-1,-1,-1,-1,-1,-1,-1,-1,-1,-1,-1,-1,-1,-1,-1,-1,-1,-1,-1,-1,-1,-1,-1,-1,-1,-1,-1,-1,-1,-1,-1,-1,-1,-1,-1,-1,0,0,0,0,0,0,-1,-1,-1,-1,-1,-1,-1,-1,-1,-1,-1,-1,0,0,0,0,0,0,-1,-1,-1,-1,-1,-1,-1,-1,-1,-1,-1,-1,-1,-1,False,False,0,0,False,209,0,0,0,0,0,0,0,0,0,0,0,0,0,0,0,1,
0,4569,2026-02-16 16:46:30Z,LLM_Empathetic,6.932206,7.222661,6.641751,0.6109383,0,1.601729,0,0,0,0,0,0,5.50111,4.352042,6.650188,0.592854,0.702737,0.482971,7.399438,6.22225,8.576626,0.5858293,0,2.10823,7.205235,6.108775,8.301696,9.872867,10,9.533639,6.932206,7.222661,6.641751,0.6109383,0,1.601729,0,0,0,0,0,0,5.50111,4.352042,6.650188,0.592854,0.702737,0.482971,7.399438,6.22225,8.576626,0.5858293,0,2.10823,7.205235,6.108775,8.301696,9.872867,10,9.533639,-1,-1,-1,-1,-1,-1,-1,-1,-1,-1,-1,-1,-1,-1,-1,-1,-1,-1,-1,-1,-1,-1,-1,-1,-1,-1,-1,-1,-1,-1,-1,-1,-1,-1,-1,-1,-1,-1,-1,-1,-1,-1,-1,-1,-1,-1,-1,-1,-1,-1,0,0,0,0,0,0,-1,-1,-1,-1,-1,-1,-1,-1,-1,-1,-1,-1,0,0,0,0,0,0,-1,-1,-1,-1,-1,-1,-1,-1,-1,-1,-1,-1,-1,-1,False,False,0,0,False,209,0,0,0,0,0,0,0,0,0,0,0,0,0,0,0,1,
0,4570,2026-02-16 16:46:30Z,LLM_Empathetic,6.932204,7.22266,6.641748,0.6109411,0,1.601731,0,0,0,0,0,0,5.501108,4.352041,6.650185,0.592854,0.702737,0.482971,7.399437,6.222251,8.576623,0.585831,0,2.108232,7.205232,6.108774,8.301691,9.87286,10,9.533631,6.932204,7.22266,6.641748,0.6109411,0,1.601731,0,0,0,0,0,0,5.501108,4.352041,6.650185,0.592854,0.702737,0.482971,7.399437,6.222251,8.576623,0.585831,0,2.108232,7.205232,6.108774,8.301691,9.87286,10,9.533631,-1,-1,-1,-1,-1,-1,-1,-1,-1,-1,-1,-1,-1,-1,-1,-1,-1,-1,-1,-1,-1,-1,-1,-1,-1,-1,-1,-1,-1,-1,-1,-1,-1,-1,-1,-1,-1,-1,-1,-1,-1,-1,-1,-1,-1,-1,-1,-1,-1,-1,0,0,0,0,0,0,-1,-1,-1,-1,-1,-1,-1,-1,-1,-1,-1,-1,0,0,0,0,0,0,-1,-1,-1,-1,-1,-1,-1,-1,-1,-1,-1,-1,-1,-1,False,False,0,0,False,209,0,0,0,0,0,0,0,0,0,0,0,0,0,0,0,1,
0,4571,2026-02-16 16:46:30Z,LLM_Empathetic,6.932201,7.22266,6.641742,0.6109468,0,1.601734,0,0,0,0,0,0,5.501103,4.35204,6.650177,0.592854,0.702737,0.482971,7.399435,6.222252,8.576618,0.5858347,0,2.108235,7.205226,6.10877,8.301682,9.872849,10,9.533616,6.932201,7.22266,6.641742,0.6109468,0,1.601734,0,0,0,0,0,0,5.501103,4.35204,6.650177,0.592854,0.702737,0.482971,7.399435,6.222252,8.576618,0.5858347,0,2.108235,7.205226,6.10877,8.301682,9.872849,10,9.533616,-1,-1,-1,-1,-1,-1,-1,-1,-1,-1,-1,-1,-1,-1,-1,-1,-1,-1,-1,-1,-1,-1,-1,-1,-1,-1,-1,-1,-1,-1,-1,-1,-1,-1,-1,-1,-1,-1,-1,-1,-1,-1,-1,-1,-1,-1,-1,-1,-1,-1,0,0,0,0,0,0,-1,-1,-1,-1,-1,-1,-1,-1,-1,-1,-1,-1,0,0,0,0,0,0,-1,-1,-1,-1,-1,-1,-1,-1,-1,-1,-1,-1,-1,-1,False,False,0,0,False,207,0,0,0,0,0,0,0,0,0,0,0,0,0,0,0,1,
0,4572,2026-02-16 16:46:31Z,LLM_Empathetic,6.932199,7.22266,6.641739,0.6109496,0,1.601736,0,0,0,0,0,0,5.501101,4.352039,6.650174,0.592854,0.702737,0.482971,7.399434,6.222253,8.576615,0.5858365,0,2.108237,7.205223,6.108769,8.301679,9.872843,10,9.533608,6.932199,7.22266,6.641739,0.6109496,0,1.601736,0,0,0,0,0,0,5.501101,4.352039,6.650174,0.592854,0.702737,0.482971,7.399434,6.222253,8.576615,0.5858365,0,2.108237,7.205223,6.108769,8.301679,9.872843,10,9.533608,-1,-1,-1,-1,-1,-1,-1,-1,-1,-1,-1,-1,-1,-1,-1,-1,-1,-1,-1,-1,-1,-1,-1,-1,-1,-1,-1,-1,-1,-1,-1,-1,-1,-1,-1,-1,-1,-1,-1,-1,-1,-1,-1,-1,-1,-1,-1,-1,-1,-1,0,0,0,0,0,0,-1,-1,-1,-1,-1,-1,-1,-1,-1,-1,-1,-1,0,0,0,0,0,0,-1,-1,-1,-1,-1,-1,-1,-1,-1,-1,-1,-1,-1,-1,False,False,0,0,False,209,0,0,0,0,0,0,0,0,0,0,0,0,0,0,0,1,
0,4573,2026-02-16 16:46:31Z,LLM_Empathetic,6.932196,7.222659,6.641733,0.6109554,0,1.601739,0,0,0,0,0,0,5.501097,4.352038,6.650167,0.592854,0.702737,0.482971,7.399432,6.222254,8.576611,0.5858402,0,2.108241,7.205217,6.108766,8.301669,9.87283,10,9.533593,6.932196,7.222659,6.641733,0.6109554,0,1.601739,0,0,0,0,0,0,5.501097,4.352038,6.650167,0.592854,0.702737,0.482971,7.399432,6.222254,8.576611,0.5858402,0,2.108241,7.205217,6.108766,8.301669,9.87283,10,9.533593,-1,-1,-1,-1,-1,-1,-1,-1,-1,-1,-1,-1,-1,-1,-1,-1,-1,-1,-1,-1,-1,-1,-1,-1,-1,-1,-1,-1,-1,-1,-1,-1,-1,-1,-1,-1,-1,-1,-1,-1,-1,-1,-1,-1,-1,-1,-1,-1,-1,-1,0,0,0,0,0,0,-1,-1,-1,-1,-1,-1,-1,-1,-1,-1,-1,-1,0,0,0,0,0,0,-1,-1,-1,-1,-1,-1,-1,-1,-1,-1,-1,-1,-1,-1,False,False,0,0,False,207,0,0,0,0,0,0,0,0,0,0,0,0,0,0,0,1,
0,4574,2026-02-16 16:46:31Z,LLM_Empathetic,6.932194,7.222659,6.64173,0.6109582,0,1.60174,0,0,0,0,0,0,5.501095,4.352037,6.650163,0.592854,0.702737,0.482971,7.399431,6.222254,8.576608,0.585842,0,2.108242,7.205214,6.108764,8.301665,9.872825,10,9.533587,6.932194,7.222659,6.64173,0.6109582,0,1.60174,0,0,0,0,0,0,5.501095,4.352037,6.650163,0.592854,0.702737,0.482971,7.399431,6.222254,8.576608,0.585842,0,2.108242,7.205214,6.108764,8.301665,9.872825,10,9.533587,-1,-1,-1,-1,-1,-1,-1,-1,-1,-1,-1,-1,-1,-1,-1,-1,-1,-1,-1,-1,-1,-1,-1,-1,-1,-1,-1,-1,-1,-1,-1,-1,-1,-1,-1,-1,-1,-1,-1,-1,-1,-1,-1,-1,-1,-1,-1,-1,-1,-1,0,0,0,0,0,0,-1,-1,-1,-1,-1,-1,-1,-1,-1,-1,-1,-1,0,0,0,0,0,0,-1,-1,-1,-1,-1,-1,-1,-1,-1,-1,-1,-1,-1,-1,False,False,0,0,False,209,0,0,0,0,0,0,0,0,0,0,0,0,0,0,0,1,
0,4575,2026-02-16 16:46:31Z,LLM_Empathetic,6.932191,7.222658,6.641724,0.6109639,0,1.601743,0,0,0,0,0,0,5.501091,4.352036,6.650156,0.592854,0.702737,0.482971,7.399429,6.222255,8.576603,0.5858456,0,2.108246,7.205208,6.108761,8.301657,9.872812,10,9.533571,6.932191,7.222658,6.641724,0.6109639,0,1.601743,0,0,0,0,0,0,5.501091,4.352036,6.650156,0.592854,0.702737,0.482971,7.399429,6.222255,8.576603,0.5858456,0,2.108246,7.205208,6.108761,8.301657,9.872812,10,9.533571,-1,-1,-1,-1,-1,-1,-1,-1,-1,-1,-1,-1,-1,-1,-1,-1,-1,-1,-1,-1,-1,-1,-1,-1,-1,-1,-1,-1,-1,-1,-1,-1,-1,-1,-1,-1,-1,-1,-1,-1,-1,-1,-1,-1,-1,-1,-1,-1,-1,-1,0,0,0,0,0,0,-1,-1,-1,-1,-1,-1,-1,-1,-1,-1,-1,-1,0,0,0,0,0,0,-1,-1,-1,-1,-1,-1,-1,-1,-1,-1,-1,-1,-1,-1,False,False,0,0,False,207,0,0,0,0,0,0,0,0,0,0,0,0,0,0,0,1,
0,4576,2026-02-16 16:46:31Z,LLM_Empathetic,6.932189,7.222658,6.641721,0.6109667,0,1.601745,0,0,0,0,0,0,5.501089,4.352035,6.650152,0.592854,0.702737,0.482971,7.399428,6.222256,8.576601,0.5858475,0,2.108248,7.205205,6.108759,8.301652,9.872807,10,9.533564,6.932189,7.222658,6.641721,0.6109667,0,1.601745,0,0,0,0,0,0,5.501089,4.352035,6.650152,0.592854,0.702737,0.482971,7.399428,6.222256,8.576601,0.5858475,0,2.108248,7.205205,6.108759,8.301652,9.872807,10,9.533564,-1,-1,-1,-1,-1,-1,-1,-1,-1,-1,-1,-1,-1,-1,-1,-1,-1,-1,-1,-1,-1,-1,-1,-1,-1,-1,-1,-1,-1,-1,-1,-1,-1,-1,-1,-1,-1,-1,-1,-1,-1,-1,-1,-1,-1,-1,-1,-1,-1,-1,0,0,0,0,0,0,-1,-1,-1,-1,-1,-1,-1,-1,-1,-1,-1,-1,0,0,0,0,0,0,-1,-1,-1,-1,-1,-1,-1,-1,-1,-1,-1,-1,-1,-1,False,False,0,0,False,209,0,0,0,0,0,0,0,0,0,0,0,0,0,0,0,1,
0,4577,2026-02-16 16:46:31Z,LLM_Empathetic,6.932186,7.222657,6.641715,0.6109725,0,1.601748,0,0,0,0,0,0,5.501084,4.352034,6.650145,0.592854,0.702737,0.482971,7.399426,6.222257,8.576595,0.5858511,0,2.108252,7.205199,6.108756,8.301643,9.872794,10,9.533548,6.932186,7.222657,6.641715,0.6109725,0,1.601748,0,0,0,0,0,0,5.501084,4.352034,6.650145,0.592854,0.702737,0.482971,7.399426,6.222257,8.576595,0.5858511,0,2.108252,7.205199,6.108756,8.301643,9.872794,10,9.533548,-1,-1,-1,-1,-1,-1,-1,-1,-1,-1,-1,-1,-1,-1,-1,-1,-1,-1,-1,-1,-1,-1,-1,-1,-1,-1,-1,-1,-1,-1,-1,-1,-1,-1,-1,-1,-1,-1,-1,-1,-1,-1,-1,-1,-1,-1,-1,-1,-1,-1,0,0,0,0,0,0,-1,-1,-1,-1,-1,-1,-1,-1,-1,-1,-1,-1,0,0,0,0,0,0,-1,-1,-1,-1,-1,-1,-1,-1,-1,-1,-1,-1,-1,-1,False,False,0,0,False,209,0,0,0,0,0,0,0,0,0,0,0,0,0,0,0,1,
0,4578,2026-02-16 16:46:31Z,LLM_Empathetic,6.932184,7.222657,6.641712,0.6109753,0,1.60175,0,0,0,0,0,0,5.501082,4.352033,6.650141,0.592854,0.702737,0.482971,7.399425,6.222257,8.576593,0.585853,0,2.108253,7.205196,6.108754,8.301639,9.872788,10,9.533541,6.932184,7.222657,6.641712,0.6109753,0,1.60175,0,0,0,0,0,0,5.501082,4.352033,6.650141,0.592854,0.702737,0.482971,7.399425,6.222257,8.576593,0.585853,0,2.108253,7.205196,6.108754,8.301639,9.872788,10,9.533541,-1,-1,-1,-1,-1,-1,-1,-1,-1,-1,-1,-1,-1,-1,-1,-1,-1,-1,-1,-1,-1,-1,-1,-1,-1,-1,-1,-1,-1,-1,-1,-1,-1,-1,-1,-1,-1,-1,-1,-1,-1,-1,-1,-1,-1,-1,-1,-1,-1,-1,0,0,0,0,0,0,-1,-1,-1,-1,-1,-1,-1,-1,-1,-1,-1,-1,0,0,0,0,0,0,-1,-1,-1,-1,-1,-1,-1,-1,-1,-1,-1,-1,-1,-1,False,False,0,0,False,209,0,0,0,0,0,0,0,0,0,0,0,0,0,0,0,1,
0,4579,2026-02-16 16:46:31Z,LLM_Empathetic,6.932181,7.222656,6.641706,0.610981,0,1.601753,0,0,0,0,0,0,5.501078,4.352031,6.650134,0.592854,0.702737,0.482971,7.399423,6.222258,8.576589,0.5858566,0,2.108257,7.20519,6.108751,8.30163,9.872776,10,9.533525,6.932181,7.222656,6.641706,0.610981,0,1.601753,0,0,0,0,0,0,5.501078,4.352031,6.650134,0.592854,0.702737,0.482971,7.399423,6.222258,8.576589,0.5858566,0,2.108257,7.20519,6.108751,8.30163,9.872776,10,9.533525,-1,-1,-1,-1,-1,-1,-1,-1,-1,-1,-1,-1,-1,-1,-1,-1,-1,-1,-1,-1,-1,-1,-1,-1,-1,-1,-1,-1,-1,-1,-1,-1,-1,-1,-1,-1,-1,-1,-1,-1,-1,-1,-1,-1,-1,-1,-1,-1,-1,-1,0,0,0,0,0,0,-1,-1,-1,-1,-1,-1,-1,-1,-1,-1,-1,-1,0,0,0,0,0,0,-1,-1,-1,-1,-1,-1,-1,-1,-1,-1,-1,-1,-1,-1,False,False,0,0,False,209,0,0,0,0,0,0,0,0,0,0,0,0,0,0,0,1,
0,4580,2026-02-16 16:46:31Z,LLM_Empathetic,6.932179,7.222656,6.641703,0.6109838,0,1.601754,0,0,0,0,0,0,5.501075,4.352031,6.650131,0.592854,0.702737,0.482971,7.399422,6.222259,8.576586,0.5858585,0,2.108259,7.205187,6.108749,8.301626,9.87277,10,9.533519,6.932179,7.222656,6.641703,0.6109838,0,1.601754,0,0,0,0,0,0,5.501075,4.352031,6.650131,0.592854,0.702737,0.482971,7.399422,6.222259,8.576586,0.5858585,0,2.108259,7.205187,6.108749,8.301626,9.87277,10,9.533519,-1,-1,-1,-1,-1,-1,-1,-1,-1,-1,-1,-1,-1,-1,-1,-1,-1,-1,-1,-1,-1,-1,-1,-1,-1,-1,-1,-1,-1,-1,-1,-1,-1,-1,-1,-1,-1,-1,-1,-1,-1,-1,-1,-1,-1,-1,-1,-1,-1,-1,0,0,0,0,0,0,-1,-1,-1,-1,-1,-1,-1,-1,-1,-1,-1,-1,0,0,0,0,0,0,-1,-1,-1,-1,-1,-1,-1,-1,-1,-1,-1,-1,-1,-1,False,False,0,0,False,209,0,0,0,0,0,0,0,0,0,0,0,0,0,0,0,1,
0,4581,2026-02-16 16:46:31Z,LLM_Empathetic,6.932178,7.222655,6.6417,0.6109867,0,1.601756,0,0,0,0,0,0,5.501073,4.35203,6.650127,0.592854,0.702737,0.482971,7.399421,6.222259,8.576583,0.5858603,0,2.108261,7.205184,6.108747,8.301621,9.872765,10,9.533511,6.932178,7.222655,6.6417,0.6109867,0,1.601756,0,0,0,0,0,0,5.501073,4.35203,6.650127,0.592854,0.702737,0.482971,7.399421,6.222259,8.576583,0.5858603,0,2.108261,7.205184,6.108747,8.301621,9.872765,10,9.533511,-1,-1,-1,-1,-1,-1,-1,-1,-1,-1,-1,-1,-1,-1,-1,-1,-1,-1,-1,-1,-1,-1,-1,-1,-1,-1,-1,-1,-1,-1,-1,-1,-1,-1,-1,-1,-1,-1,-1,-1,-1,-1,-1,-1,-1,-1,-1,-1,-1,-1,0,0,0,0,0,0,-1,-1,-1,-1,-1,-1,-1,-1,-1,-1,-1,-1,0,0,0,0,0,0,-1,-1,-1,-1,-1,-1,-1,-1,-1,-1,-1,-1,-1,-1,False,False,0,0,False,209,0,0,0,0,0,0,0,0,0,0,0,0,0,0,0,1,
0,4582,2026-02-16 16:46:31Z,LLM_Empathetic,6.932174,7.222655,6.641694,0.6109925,0,1.601759,0,0,0,0,0,0,5.501069,4.352028,6.65012,0.592854,0.702737,0.482971,7.399419,6.22226,8.576578,0.5858639,0,2.108264,7.205178,6.108744,8.301613,9.872752,10,9.533496,6.932174,7.222655,6.641694,0.6109925,0,1.601759,0,0,0,0,0,0,5.501069,4.352028,6.65012,0.592854,0.702737,0.482971,7.399419,6.22226,8.576578,0.5858639,0,2.108264,7.205178,6.108744,8.301613,9.872752,10,9.533496,-1,-1,-1,-1,-1,-1,-1,-1,-1,-1,-1,-1,-1,-1,-1,-1,-1,-1,-1,-1,-1,-1,-1,-1,-1,-1,-1,-1,-1,-1,-1,-1,-1,-1,-1,-1,-1,-1,-1,-1,-1,-1,-1,-1,-1,-1,-1,-1,-1,-1,0,0,0,0,0,0,-1,-1,-1,-1,-1,-1,-1,-1,-1,-1,-1,-1,0,0,0,0,0,0,-1,-1,-1,-1,-1,-1,-1,-1,-1,-1,-1,-1,-1,-1,False,False,0,0,False,209,0,0,0,0,0,0,0,0,0,0,0,0,0,0,0,1,
0,4583,2026-02-16 16:46:31Z,LLM_Empathetic,6.932172,7.222654,6.64169,0.6109954,0,1.601761,0,0,0,0,0,0,5.501067,4.352028,6.650116,0.592854,0.702737,0.482971,7.399418,6.222261,8.576576,0.5858658,0,2.108266,7.205175,6.108743,8.301608,9.872746,10,9.533488,6.932172,7.222654,6.64169,0.6109954,0,1.601761,0,0,0,0,0,0,5.501067,4.352028,6.650116,0.592854,0.702737,0.482971,7.399418,6.222261,8.576576,0.5858658,0,2.108266,7.205175,6.108743,8.301608,9.872746,10,9.533488,-1,-1,-1,-1,-1,-1,-1,-1,-1,-1,-1,-1,-1,-1,-1,-1,-1,-1,-1,-1,-1,-1,-1,-1,-1,-1,-1,-1,-1,-1,-1,-1,-1,-1,-1,-1,-1,-1,-1,-1,-1,-1,-1,-1,-1,-1,-1,-1,-1,-1,0,0,0,0,0,0,-1,-1,-1,-1,-1,-1,-1,-1,-1,-1,-1,-1,0,0,0,0,0,0,-1,-1,-1,-1,-1,-1,-1,-1,-1,-1,-1,-1,-1,-1,False,False,0,0,False,209,0,0,0,0,0,0,0,0,0,0,0,0,0,0,0,1,
0,4584,2026-02-16 16:46:31Z,LLM_Empathetic,6.932171,7.222654,6.641687,0.6109982,0,1.601762,0,0,0,0,0,0,5.501065,4.352027,6.650113,0.592854,0.702737,0.482971,7.399417,6.222261,8.576573,0.5858676,0,2.108268,7.205172,6.108741,8.301604,9.872741,10,9.533481,6.932171,7.222654,6.641687,0.6109982,0,1.601762,0,0,0,0,0,0,5.501065,4.352027,6.650113,0.592854,0.702737,0.482971,7.399417,6.222261,8.576573,0.5858676,0,2.108268,7.205172,6.108741,8.301604,9.872741,10,9.533481,-1,-1,-1,-1,-1,-1,-1,-1,-1,-1,-1,-1,-1,-1,-1,-1,-1,-1,-1,-1,-1,-1,-1,-1,-1,-1,-1,-1,-1,-1,-1,-1,-1,-1,-1,-1,-1,-1,-1,-1,-1,-1,-1,-1,-1,-1,-1,-1,-1,-1,0,0,0,0,0,0,-1,-1,-1,-1,-1,-1,-1,-1,-1,-1,-1,-1,0,0,0,0,0,0,-1,-1,-1,-1,-1,-1,-1,-1,-1,-1,-1,-1,-1,-1,False,False,0,0,False,207,0,0,0,0,0,0,0,0,0,0,0,0,0,0,0,1,
0,4585,2026-02-16 16:46:31Z,LLM_Empathetic,6.932168,7.222653,6.641681,0.6110039,0,1.601766,0,0,0,0,0,0,5.50106,4.352026,6.650105,0.592854,0.702737,0.482971,7.399415,6.222262,8.576569,0.5858713,0,2.108272,7.205166,6.108738,8.301595,9.872728,10,9.533465,6.932168,7.222653,6.641681,0.6110039,0,1.601766,0,0,0,0,0,0,5.50106,4.352026,6.650105,0.592854,0.702737,0.482971,7.399415,6.222262,8.576569,0.5858713,0,2.108272,7.205166,6.108738,8.301595,9.872728,10,9.533465,-1,-1,-1,-1,-1,-1,-1,-1,-1,-1,-1,-1,-1,-1,-1,-1,-1,-1,-1,-1,-1,-1,-1,-1,-1,-1,-1,-1,-1,-1,-1,-1,-1,-1,-1,-1,-1,-1,-1,-1,-1,-1,-1,-1,-1,-1,-1,-1,-1,-1,0,0,0,0,0,0,-1,-1,-1,-1,-1,-1,-1,-1,-1,-1,-1,-1,0,0,0,0,0,0,-1,-1,-1,-1,-1,-1,-1,-1,-1,-1,-1,-1,-1,-1,False,False,0,0,False,207,0,0,0,0,0,0,0,0,0,0,0,0,0,0,0,1,
0,4586,2026-02-16 16:46:31Z,LLM_Empathetic,6.932166,7.222653,6.641678,0.6110068,0,1.601767,0,0,0,0,0,0,5.501058,4.352025,6.650102,0.592854,0.702737,0.482971,7.399414,6.222263,8.576566,0.5858731,0,2.108274,7.205163,6.108736,8.301591,9.872723,10,9.533458,6.932166,7.222653,6.641678,0.6110068,0,1.601767,0,0,0,0,0,0,5.501058,4.352025,6.650102,0.592854,0.702737,0.482971,7.399414,6.222263,8.576566,0.5858731,0,2.108274,7.205163,6.108736,8.301591,9.872723,10,9.533458,-1,-1,-1,-1,-1,-1,-1,-1,-1,-1,-1,-1,-1,-1,-1,-1,-1,-1,-1,-1,-1,-1,-1,-1,-1,-1,-1,-1,-1,-1,-1,-1,-1,-1,-1,-1,-1,-1,-1,-1,-1,-1,-1,-1,-1,-1,-1,-1,-1,-1,0,0,0,0,0,0,-1,-1,-1,-1,-1,-1,-1,-1,-1,-1,-1,-1,0,0,0,0,0,0,-1,-1,-1,-1,-1,-1,-1,-1,-1,-1,-1,-1,-1,-1,False,False,0,0,False,209,0,0,0,0,0,0,0,0,0,0,0,0,0,0,0,1,
0,4587,2026-02-16 16:46:31Z,LLM_Empathetic,6.932162,7.222652,6.641672,0.6110125,0,1.60177,0,0,0,0,0,0,5.501054,4.352024,6.650095,0.592854,0.702737,0.482971,7.399412,6.222264,8.576561,0.5858768,0,2.108277,7.205157,6.108733,8.301582,9.87271,10,9.533442,6.932162,7.222652,6.641672,0.6110125,0,1.60177,0,0,0,0,0,0,5.501054,4.352024,6.650095,0.592854,0.702737,0.482971,7.399412,6.222264,8.576561,0.5858768,0,2.108277,7.205157,6.108733,8.301582,9.87271,10,9.533442,-1,-1,-1,-1,-1,-1,-1,-1,-1,-1,-1,-1,-1,-1,-1,-1,-1,-1,-1,-1,-1,-1,-1,-1,-1,-1,-1,-1,-1,-1,-1,-1,-1,-1,-1,-1,-1,-1,-1,-1,-1,-1,-1,-1,-1,-1,-1,-1,-1,-1,0,0,0,0,0,0,-1,-1,-1,-1,-1,-1,-1,-1,-1,-1,-1,-1,0,0,0,0,0,0,-1,-1,-1,-1,-1,-1,-1,-1,-1,-1,-1,-1,-1,-1,False,False,0,0,False,209,0,0,0,0,0,0,0,0,0,0,0,0,0,0,0,1,
0,4588,2026-02-16 16:46:31Z,LLM_Empathetic,6.932161,7.222652,6.641669,0.6110154,0,1.601772,0,0,0,0,0,0,5.501051,4.352023,6.650091,0.592854,0.702737,0.482971,7.399411,6.222264,8.576558,0.5858787,0,2.108279,7.205154,6.108731,8.301578,9.872705,10,9.533435,6.932161,7.222652,6.641669,0.6110154,0,1.601772,0,0,0,0,0,0,5.501051,4.352023,6.650091,0.592854,0.702737,0.482971,7.399411,6.222264,8.576558,0.5858787,0,2.108279,7.205154,6.108731,8.301578,9.872705,10,9.533435,-1,-1,-1,-1,-1,-1,-1,-1,-1,-1,-1,-1,-1,-1,-1,-1,-1,-1,-1,-1,-1,-1,-1,-1,-1,-1,-1,-1,-1,-1,-1,-1,-1,-1,-1,-1,-1,-1,-1,-1,-1,-1,-1,-1,-1,-1,-1,-1,-1,-1,0,0,0,0,0,0,-1,-1,-1,-1,-1,-1,-1,-1,-1,-1,-1,-1,0,0,0,0,0,0,-1,-1,-1,-1,-1,-1,-1,-1,-1,-1,-1,-1,-1,-1,False,False,0,0,False,209,0,0,0,0,0,0,0,0,0,0,0,0,0,0,0,1,
0,4589,2026-02-16 16:46:31Z,LLM_Empathetic,6.932158,7.222652,6.641663,0.6110212,0,1.601775,0,0,0,0,0,0,5.501047,4.352021,6.650084,0.592854,0.702737,0.482971,7.399409,6.222265,8.576553,0.5858823,0,2.108283,7.205148,6.108728,8.301569,9.872692,10,9.533421,6.932158,7.222652,6.641663,0.6110212,0,1.601775,0,0,0,0,0,0,5.501047,4.352021,6.650084,0.592854,0.702737,0.482971,7.399409,6.222265,8.576553,0.5858823,0,2.108283,7.205148,6.108728,8.301569,9.872692,10,9.533421,-1,-1,-1,-1,-1,-1,-1,-1,-1,-1,-1,-1,-1,-1,-1,-1,-1,-1,-1,-1,-1,-1,-1,-1,-1,-1,-1,-1,-1,-1,-1,-1,-1,-1,-1,-1,-1,-1,-1,-1,-1,-1,-1,-1,-1,-1,-1,-1,-1,-1,0,0,0,0,0,0,-1,-1,-1,-1,-1,-1,-1,-1,-1,-1,-1,-1,0,0,0,0,0,0,-1,-1,-1,-1,-1,-1,-1,-1,-1,-1,-1,-1,-1,-1,False,False,0,0,False,207,0,0,0,0,0,0,0,0,0,0,0,0,0,0,0,1,
0,4590,2026-02-16 16:46:31Z,LLM_Empathetic,6.932156,7.222651,6.64166,0.611024,0,1.601777,0,0,0,0,0,0,5.501045,4.352021,6.65008,0.592854,0.702737,0.482971,7.399408,6.222266,8.576551,0.5858842,0,2.108284,7.205145,6.108727,8.301564,9.872686,10,9.533413,6.932156,7.222651,6.64166,0.611024,0,1.601777,0,0,0,0,0,0,5.501045,4.352021,6.65008,0.592854,0.702737,0.482971,7.399408,6.222266,8.576551,0.5858842,0,2.108284,7.205145,6.108727,8.301564,9.872686,10,9.533413,-1,-1,-1,-1,-1,-1,-1,-1,-1,-1,-1,-1,-1,-1,-1,-1,-1,-1,-1,-1,-1,-1,-1,-1,-1,-1,-1,-1,-1,-1,-1,-1,-1,-1,-1,-1,-1,-1,-1,-1,-1,-1,-1,-1,-1,-1,-1,-1,-1,-1,0,0,0,0,0,0,-1,-1,-1,-1,-1,-1,-1,-1,-1,-1,-1,-1,0,0,0,0,0,0,-1,-1,-1,-1,-1,-1,-1,-1,-1,-1,-1,-1,-1,-1,False,False,0,0,False,207,0,0,0,0,0,0,0,0,0,0,0,0,0,0,0,1,
0,4591,2026-02-16 16:46:31Z,LLM_Empathetic,6.932154,7.222651,6.641656,0.6110269,0,1.601778,0,0,0,0,0,0,5.501043,4.35202,6.650076,0.592854,0.702737,0.482971,7.399407,6.222266,8.576549,0.585886,0,2.108286,7.205142,6.108725,8.301559,9.87268,10,9.533405,6.932154,7.222651,6.641656,0.6110269,0,1.601778,0,0,0,0,0,0,5.501043,4.35202,6.650076,0.592854,0.702737,0.482971,7.399407,6.222266,8.576549,0.585886,0,2.108286,7.205142,6.108725,8.301559,9.87268,10,9.533405,-1,-1,-1,-1,-1,-1,-1,-1,-1,-1,-1,-1,-1,-1,-1,-1,-1,-1,-1,-1,-1,-1,-1,-1,-1,-1,-1,-1,-1,-1,-1,-1,-1,-1,-1,-1,-1,-1,-1,-1,-1,-1,-1,-1,-1,-1,-1,-1,-1,-1,0,0,0,0,0,0,-1,-1,-1,-1,-1,-1,-1,-1,-1,-1,-1,-1,0,0,0,0,0,0,-1,-1,-1,-1,-1,-1,-1,-1,-1,-1,-1,-1,-1,-1,False,False,0,0,False,209,0,0,0,0,0,0,0,0,0,0,0,0,0,0,0,1,
0,4592,2026-02-16 16:46:31Z,LLM_Empathetic,6.93215,7.222651,6.641651,0.6110327,0,1.601781,0,0,0,0,0,0,5.501039,4.352018,6.650069,0.592854,0.702737,0.482971,7.399405,6.222268,8.576544,0.5858897,0,2.10829,7.205136,6.108722,8.301551,9.872668,10,9.53339,6.93215,7.222651,6.641651,0.6110327,0,1.601781,0,0,0,0,0,0,5.501039,4.352018,6.650069,0.592854,0.702737,0.482971,7.399405,6.222268,8.576544,0.5858897,0,2.10829,7.205136,6.108722,8.301551,9.872668,10,9.53339,-1,-1,-1,-1,-1,-1,-1,-1,-1,-1,-1,-1,-1,-1,-1,-1,-1,-1,-1,-1,-1,-1,-1,-1,-1,-1,-1,-1,-1,-1,-1,-1,-1,-1,-1,-1,-1,-1,-1,-1,-1,-1,-1,-1,-1,-1,-1,-1,-1,-1,0,0,0,0,0,0,-1,-1,-1,-1,-1,-1,-1,-1,-1,-1,-1,-1,0,0,0,0,0,0,-1,-1,-1,-1,-1,-1,-1,-1,-1,-1,-1,-1,-1,-1,False,False,0,0,False,207,0,0,0,0,0,0,0,0,0,0,0,0,0,0,0,1,
0,4593,2026-02-16 16:46:31Z,LLM_Empathetic,6.932149,7.22265,6.641647,0.6110355,0,1.601783,0,0,0,0,0,0,5.501036,4.352018,6.650065,0.592854,0.702737,0.482971,7.399404,6.222268,8.576541,0.5858915,0,2.108292,7.205133,6.10872,8.301547,9.872662,10,9.533382,6.932149,7.22265,6.641647,0.6110355,0,1.601783,0,0,0,0,0,0,5.501036,4.352018,6.650065,0.592854,0.702737,0.482971,7.399404,6.222268,8.576541,0.5858915,0,2.108292,7.205133,6.10872,8.301547,9.872662,10,9.533382,-1,-1,-1,-1,-1,-1,-1,-1,-1,-1,-1,-1,-1,-1,-1,-1,-1,-1,-1,-1,-1,-1,-1,-1,-1,-1,-1,-1,-1,-1,-1,-1,-1,-1,-1,-1,-1,-1,-1,-1,-1,-1,-1,-1,-1,-1,-1,-1,-1,-1,0,0,0,0,0,0,-1,-1,-1,-1,-1,-1,-1,-1,-1,-1,-1,-1,0,0,0,0,0,0,-1,-1,-1,-1,-1,-1,-1,-1,-1,-1,-1,-1,-1,-1,False,False,0,0,False,209,0,0,0,0,0,0,0,0,0,0,0,0,0,0,0,1,
0,4594,2026-02-16 16:46:31Z,LLM_Empathetic,6.932147,7.22265,6.641644,0.6110384,0,1.601785,0,0,0,0,0,0,5.501034,4.352017,6.650062,0.592854,0.702737,0.482971,7.399403,6.222269,8.576538,0.5858934,0,2.108294,7.20513,6.108718,8.301542,9.872656,10,9.533375,6.932147,7.22265,6.641644,0.6110384,0,1.601785,0,0,0,0,0,0,5.501034,4.352017,6.650062,0.592854,0.702737,0.482971,7.399403,6.222269,8.576538,0.5858934,0,2.108294,7.20513,6.108718,8.301542,9.872656,10,9.533375,-1,-1,-1,-1,-1,-1,-1,-1,-1,-1,-1,-1,-1,-1,-1,-1,-1,-1,-1,-1,-1,-1,-1,-1,-1,-1,-1,-1,-1,-1,-1,-1,-1,-1,-1,-1,-1,-1,-1,-1,-1,-1,-1,-1,-1,-1,-1,-1,-1,-1,0,0,0,0,0,0,-1,-1,-1,-1,-1,-1,-1,-1,-1,-1,-1,-1,0,0,0,0,0,0,-1,-1,-1,-1,-1,-1,-1,-1,-1,-1,-1,-1,-1,-1,False,False,0,0,False,209,0,0,0,0,0,0,0,0,0,0,0,0,0,0,0,1,
0,4595,2026-02-16 16:46:31Z,LLM_Empathetic,6.932144,7.222649,6.641638,0.6110442,0,1.601788,0,0,0,0,0,0,5.50103,4.352015,6.650054,0.592854,0.702737,0.482971,7.399401,6.22227,8.576533,0.5858971,0,2.108297,7.205124,6.108715,8.301534,9.872643,10,9.53336,6.932144,7.222649,6.641638,0.6110442,0,1.601788,0,0,0,0,0,0,5.50103,4.352015,6.650054,0.592854,0.702737,0.482971,7.399401,6.22227,8.576533,0.5858971,0,2.108297,7.205124,6.108715,8.301534,9.872643,10,9.53336,-1,-1,-1,-1,-1,-1,-1,-1,-1,-1,-1,-1,-1,-1,-1,-1,-1,-1,-1,-1,-1,-1,-1,-1,-1,-1,-1,-1,-1,-1,-1,-1,-1,-1,-1,-1,-1,-1,-1,-1,-1,-1,-1,-1,-1,-1,-1,-1,-1,-1,0,0,0,0,0,0,-1,-1,-1,-1,-1,-1,-1,-1,-1,-1,-1,-1,0,0,0,0,0,0,-1,-1,-1,-1,-1,-1,-1,-1,-1,-1,-1,-1,-1,-1,False,False,0,0,False,209,0,0,0,0,0,0,0,0,0,0,0,0,0,0,0,1,
0,4596,2026-02-16 16:46:31Z,LLM_Empathetic,6.932142,7.222649,6.641635,0.6110471,0,1.601789,0,0,0,0,0,0,5.501028,4.352015,6.650051,0.592854,0.702737,0.482971,7.3994,6.22227,8.576531,0.5858989,0,2.108299,7.205121,6.108713,8.301529,9.872638,10,9.533352,6.932142,7.222649,6.641635,0.6110471,0,1.601789,0,0,0,0,0,0,5.501028,4.352015,6.650051,0.592854,0.702737,0.482971,7.3994,6.22227,8.576531,0.5858989,0,2.108299,7.205121,6.108713,8.301529,9.872638,10,9.533352,-1,-1,-1,-1,-1,-1,-1,-1,-1,-1,-1,-1,-1,-1,-1,-1,-1,-1,-1,-1,-1,-1,-1,-1,-1,-1,-1,-1,-1,-1,-1,-1,-1,-1,-1,-1,-1,-1,-1,-1,-1,-1,-1,-1,-1,-1,-1,-1,-1,-1,0,0,0,0,0,0,-1,-1,-1,-1,-1,-1,-1,-1,-1,-1,-1,-1,0,0,0,0,0,0,-1,-1,-1,-1,-1,-1,-1,-1,-1,-1,-1,-1,-1,-1,False,False,0,0,False,209,0,0,0,0,0,0,0,0,0,0,0,0,0,0,0,1,
0,4597,2026-02-16 16:46:31Z,LLM_Empathetic,6.93214,7.222649,6.641632,0.61105,0,1.601791,0,0,0,0,0,0,5.501026,4.352014,6.650047,0.592854,0.702737,0.482971,7.399399,6.22227,8.576529,0.5859008,0,2.108301,7.205118,6.108712,8.301524,9.872632,10,9.533344,6.93214,7.222649,6.641632,0.61105,0,1.601791,0,0,0,0,0,0,5.501026,4.352014,6.650047,0.592854,0.702737,0.482971,7.399399,6.22227,8.576529,0.5859008,0,2.108301,7.205118,6.108712,8.301524,9.872632,10,9.533344,-1,-1,-1,-1,-1,-1,-1,-1,-1,-1,-1,-1,-1,-1,-1,-1,-1,-1,-1,-1,-1,-1,-1,-1,-1,-1,-1,-1,-1,-1,-1,-1,-1,-1,-1,-1,-1,-1,-1,-1,-1,-1,-1,-1,-1,-1,-1,-1,-1,-1,0,0,0,0,0,0,-1,-1,-1,-1,-1,-1,-1,-1,-1,-1,-1,-1,0,0,0,0,0,0,-1,-1,-1,-1,-1,-1,-1,-1,-1,-1,-1,-1,-1,-1,False,False,0,0,False,207,0,0,0,0,0,0,0,0,0,0,0,0,0,0,0,1,
0,4598,2026-02-16 16:46:31Z,LLM_Empathetic,6.932138,7.222648,6.641629,0.6110529,0,1.601793,0,0,0,0,0,0,5.501023,4.352014,6.650043,0.592854,0.702737,0.482971,7.399398,6.222271,8.576526,0.5859026,0,2.108303,7.205114,6.10871,8.30152,9.872625,10,9.533337,6.932138,7.222648,6.641629,0.6110529,0,1.601793,0,0,0,0,0,0,5.501023,4.352014,6.650043,0.592854,0.702737,0.482971,7.399398,6.222271,8.576526,0.5859026,0,2.108303,7.205114,6.10871,8.30152,9.872625,10,9.533337,-1,-1,-1,-1,-1,-1,-1,-1,-1,-1,-1,-1,-1,-1,-1,-1,-1,-1,-1,-1,-1,-1,-1,-1,-1,-1,-1,-1,-1,-1,-1,-1,-1,-1,-1,-1,-1,-1,-1,-1,-1,-1,-1,-1,-1,-1,-1,-1,-1,-1,0,0,0,0,0,0,-1,-1,-1,-1,-1,-1,-1,-1,-1,-1,-1,-1,0,0,0,0,0,0,-1,-1,-1,-1,-1,-1,-1,-1,-1,-1,-1,-1,-1,-1,False,False,0,0,False,207,0,0,0,0,0,0,0,0,0,0,0,0,0,0,0,1,
0,4599,2026-02-16 16:46:31Z,LLM_Empathetic,6.932137,7.222648,6.641626,0.6110557,0,1.601794,0,0,0,0,0,0,5.501021,4.352013,6.65004,0.592854,0.702737,0.482971,7.399397,6.222271,8.576524,0.5859045,0,2.108305,7.205112,6.108708,8.301516,9.87262,10,9.533329,6.932137,7.222648,6.641626,0.6110557,0,1.601794,0,0,0,0,0,0,5.501021,4.352013,6.65004,0.592854,0.702737,0.482971,7.399397,6.222271,8.576524,0.5859045,0,2.108305,7.205112,6.108708,8.301516,9.87262,10,9.533329,-1,-1,-1,-1,-1,-1,-1,-1,-1,-1,-1,-1,-1,-1,-1,-1,-1,-1,-1,-1,-1,-1,-1,-1,-1,-1,-1,-1,-1,-1,-1,-1,-1,-1,-1,-1,-1,-1,-1,-1,-1,-1,-1,-1,-1,-1,-1,-1,-1,-1,0,0,0,0,0,0,-1,-1,-1,-1,-1,-1,-1,-1,-1,-1,-1,-1,0,0,0,0,0,0,-1,-1,-1,-1,-1,-1,-1,-1,-1,-1,-1,-1,-1,-1,False,False,0,0,False,209,0,0,0,0,0,0,0,0,0,0,0,0,0,0,0,1,
0,4600,2026-02-16 16:46:31Z,LLM_Empathetic,6.932134,7.222648,6.64162,0.6110615,0,1.601797,0,0,0,0,0,0,5.501017,4.352011,6.650033,0.592854,0.702737,0.482971,7.399395,6.222272,8.576518,0.5859082,0,2.108309,7.205105,6.108705,8.301507,9.872607,10,9.533314,6.932134,7.222648,6.64162,0.6110615,0,1.601797,0,0,0,0,0,0,5.501017,4.352011,6.650033,0.592854,0.702737,0.482971,7.399395,6.222272,8.576518,0.5859082,0,2.108309,7.205105,6.108705,8.301507,9.872607,10,9.533314,-1,-1,-1,-1,-1,-1,-1,-1,-1,-1,-1,-1,-1,-1,-1,-1,-1,-1,-1,-1,-1,-1,-1,-1,-1,-1,-1,-1,-1,-1,-1,-1,-1,-1,-1,-1,-1,-1,-1,-1,-1,-1,-1,-1,-1,-1,-1,-1,-1,-1,0,0,0,0,0,0,-1,-1,-1,-1,-1,-1,-1,-1,-1,-1,-1,-1,0,0,0,0,0,0,-1,-1,-1,-1,-1,-1,-1,-1,-1,-1,-1,-1,-1,-1,False,False,0,0,False,209,0,0,0,0,0,0,0,0,0,0,0,0,0,0,0,1,
0,4601,2026-02-16 16:46:32Z,LLM_Empathetic,6.932132,7.222647,6.641616,0.6110644,0,1.601799,0,0,0,0,0,0,5.501015,4.352011,6.650029,0.592854,0.702737,0.482971,7.399395,6.222273,8.576516,0.58591,0,2.10831,7.205102,6.108704,8.301502,9.872602,10,9.533306,6.932132,7.222647,6.641616,0.6110644,0,1.601799,0,0,0,0,0,0,5.501015,4.352011,6.650029,0.592854,0.702737,0.482971,7.399395,6.222273,8.576516,0.58591,0,2.10831,7.205102,6.108704,8.301502,9.872602,10,9.533306,-1,-1,-1,-1,-1,-1,-1,-1,-1,-1,-1,-1,-1,-1,-1,-1,-1,-1,-1,-1,-1,-1,-1,-1,-1,-1,-1,-1,-1,-1,-1,-1,-1,-1,-1,-1,-1,-1,-1,-1,-1,-1,-1,-1,-1,-1,-1,-1,-1,-1,0,0,0,0,0,0,-1,-1,-1,-1,-1,-1,-1,-1,-1,-1,-1,-1,0,0,0,0,0,0,-1,-1,-1,-1,-1,-1,-1,-1,-1,-1,-1,-1,-1,-1,False,False,0,0,False,207,0,0,0,0,0,0,0,0,0,0,0,0,0,0,0,1,
0,4602,2026-02-16 16:46:32Z,LLM_Empathetic,6.93213,7.222647,6.641613,0.6110673,0,1.6018,0,0,0,0,0,0,5.501012,4.35201,6.650025,0.592854,0.702737,0.482971,7.399393,6.222273,8.576513,0.5859119,0,2.108312,7.2051,6.108702,8.301497,9.872596,10,9.533298,6.93213,7.222647,6.641613,0.6110673,0,1.6018,0,0,0,0,0,0,5.501012,4.35201,6.650025,0.592854,0.702737,0.482971,7.399393,6.222273,8.576513,0.5859119,0,2.108312,7.2051,6.108702,8.301497,9.872596,10,9.533298,-1,-1,-1,-1,-1,-1,-1,-1,-1,-1,-1,-1,-1,-1,-1,-1,-1,-1,-1,-1,-1,-1,-1,-1,-1,-1,-1,-1,-1,-1,-1,-1,-1,-1,-1,-1,-1,-1,-1,-1,-1,-1,-1,-1,-1,-1,-1,-1,-1,-1,0,0,0,0,0,0,-1,-1,-1,-1,-1,-1,-1,-1,-1,-1,-1,-1,0,0,0,0,0,0,-1,-1,-1,-1,-1,-1,-1,-1,-1,-1,-1,-1,-1,-1,False,False,0,0,False,207,0,0,0,0,0,0,0,0,0,0,0,0,0,0,0,1,
0,4603,2026-02-16 16:46:32Z,LLM_Empathetic,6.932128,7.222647,6.64161,0.6110702,0,1.601802,0,0,0,0,0,0,5.50101,4.352009,6.650022,0.592854,0.702737,0.482971,7.399392,6.222274,8.576511,0.5859137,0,2.108314,7.205096,6.1087,8.301494,9.872589,10,9.533291,6.932128,7.222647,6.64161,0.6110702,0,1.601802,0,0,0,0,0,0,5.50101,4.352009,6.650022,0.592854,0.702737,0.482971,7.399392,6.222274,8.576511,0.5859137,0,2.108314,7.205096,6.1087,8.301494,9.872589,10,9.533291,-1,-1,-1,-1,-1,-1,-1,-1,-1,-1,-1,-1,-1,-1,-1,-1,-1,-1,-1,-1,-1,-1,-1,-1,-1,-1,-1,-1,-1,-1,-1,-1,-1,-1,-1,-1,-1,-1,-1,-1,-1,-1,-1,-1,-1,-1,-1,-1,-1,-1,0,0,0,0,0,0,-1,-1,-1,-1,-1,-1,-1,-1,-1,-1,-1,-1,0,0,0,0,0,0,-1,-1,-1,-1,-1,-1,-1,-1,-1,-1,-1,-1,-1,-1,False,False,0,0,False,209,0,0,0,0,0,0,0,0,0,0,0,0,0,0,0,1,
0,4604,2026-02-16 16:46:32Z,LLM_Empathetic,6.932125,7.222646,6.641604,0.611076,0,1.601805,0,0,0,0,0,0,5.501006,4.352008,6.650014,0.592854,0.702737,0.482971,7.39939,6.222275,8.576506,0.5859175,0,2.108318,7.20509,6.108697,8.301485,9.872577,10,9.533276,6.932125,7.222646,6.641604,0.611076,0,1.601805,0,0,0,0,0,0,5.501006,4.352008,6.650014,0.592854,0.702737,0.482971,7.39939,6.222275,8.576506,0.5859175,0,2.108318,7.20509,6.108697,8.301485,9.872577,10,9.533276,-1,-1,-1,-1,-1,-1,-1,-1,-1,-1,-1,-1,-1,-1,-1,-1,-1,-1,-1,-1,-1,-1,-1,-1,-1,-1,-1,-1,-1,-1,-1,-1,-1,-1,-1,-1,-1,-1,-1,-1,-1,-1,-1,-1,-1,-1,-1,-1,-1,-1,0,0,0,0,0,0,-1,-1,-1,-1,-1,-1,-1,-1,-1,-1,-1,-1,0,0,0,0,0,0,-1,-1,-1,-1,-1,-1,-1,-1,-1,-1,-1,-1,-1,-1,False,False,0,0,False,209,0,0,0,0,0,0,0,0,0,0,0,0,0,0,0,1,
0,4605,2026-02-16 16:46:32Z,LLM_Empathetic,6.932123,7.222646,6.641601,0.6110789,0,1.601807,0,0,0,0,0,0,5.501004,4.352007,6.650011,0.592854,0.702737,0.482971,7.399389,6.222276,8.576504,0.5859193,0,2.10832,7.205087,6.108695,8.30148,9.872571,10,9.533268,6.932123,7.222646,6.641601,0.6110789,0,1.601807,0,0,0,0,0,0,5.501004,4.352007,6.650011,0.592854,0.702737,0.482971,7.399389,6.222276,8.576504,0.5859193,0,2.10832,7.205087,6.108695,8.30148,9.872571,10,9.533268,-1,-1,-1,-1,-1,-1,-1,-1,-1,-1,-1,-1,-1,-1,-1,-1,-1,-1,-1,-1,-1,-1,-1,-1,-1,-1,-1,-1,-1,-1,-1,-1,-1,-1,-1,-1,-1,-1,-1,-1,-1,-1,-1,-1,-1,-1,-1,-1,-1,-1,0,0,0,0,0,0,-1,-1,-1,-1,-1,-1,-1,-1,-1,-1,-1,-1,0,0,0,0,0,0,-1,-1,-1,-1,-1,-1,-1,-1,-1,-1,-1,-1,-1,-1,False,False,0,0,False,207,0,0,0,0,0,0,0,0,0,0,0,0,0,0,0,1,
0,4606,2026-02-16 16:46:32Z,LLM_Empathetic,6.932122,7.222645,6.641598,0.6110818,0,1.601808,0,0,0,0,0,0,5.501001,4.352006,6.650007,0.592854,0.702737,0.482971,7.399388,6.222276,8.576501,0.5859212,0,2.108321,7.205084,6.108694,8.301476,9.872565,10,9.53326,6.932122,7.222645,6.641598,0.6110818,0,1.601808,0,0,0,0,0,0,5.501001,4.352006,6.650007,0.592854,0.702737,0.482971,7.399388,6.222276,8.576501,0.5859212,0,2.108321,7.205084,6.108694,8.301476,9.872565,10,9.53326,-1,-1,-1,-1,-1,-1,-1,-1,-1,-1,-1,-1,-1,-1,-1,-1,-1,-1,-1,-1,-1,-1,-1,-1,-1,-1,-1,-1,-1,-1,-1,-1,-1,-1,-1,-1,-1,-1,-1,-1,-1,-1,-1,-1,-1,-1,-1,-1,-1,-1,0,0,0,0,0,0,-1,-1,-1,-1,-1,-1,-1,-1,-1,-1,-1,-1,0,0,0,0,0,0,-1,-1,-1,-1,-1,-1,-1,-1,-1,-1,-1,-1,-1,-1,False,False,0,0,False,209,0,0,0,0,0,0,0,0,0,0,0,0,0,0,0,1,
0,4607,2026-02-16 16:46:32Z,LLM_Empathetic,6.93212,7.222645,6.641595,0.6110847,0,1.60181,0,0,0,0,0,0,5.500999,4.352005,6.650003,0.592854,0.702737,0.482971,7.399387,6.222277,8.576498,0.585923,0,2.108323,7.205081,6.108692,8.301472,9.872559,10,9.533253,6.93212,7.222645,6.641595,0.6110847,0,1.60181,0,0,0,0,0,0,5.500999,4.352005,6.650003,0.592854,0.702737,0.482971,7.399387,6.222277,8.576498,0.585923,0,2.108323,7.205081,6.108692,8.301472,9.872559,10,9.533253,-1,-1,-1,-1,-1,-1,-1,-1,-1,-1,-1,-1,-1,-1,-1,-1,-1,-1,-1,-1,-1,-1,-1,-1,-1,-1,-1,-1,-1,-1,-1,-1,-1,-1,-1,-1,-1,-1,-1,-1,-1,-1,-1,-1,-1,-1,-1,-1,-1,-1,0,0,0,0,0,0,-1,-1,-1,-1,-1,-1,-1,-1,-1,-1,-1,-1,0,0,0,0,0,0,-1,-1,-1,-1,-1,-1,-1,-1,-1,-1,-1,-1,-1,-1,False,False,0,0,False,207,0,0,0,0,0,0,0,0,0,0,0,0,0,0,0,1,
0,4608,2026-02-16 16:46:32Z,LLM_Empathetic,6.932118,7.222645,6.641592,0.6110876,0,1.601812,0,0,0,0,0,0,5.500997,4.352005,6.65,0.592854,0.702737,0.482971,7.399386,6.222277,8.576496,0.5859249,0,2.108325,7.205078,6.10869,8.301467,9.872553,10,9.533245,6.932118,7.222645,6.641592,0.6110876,0,1.601812,0,0,0,0,0,0,5.500997,4.352005,6.65,0.592854,0.702737,0.482971,7.399386,6.222277,8.576496,0.5859249,0,2.108325,7.205078,6.10869,8.301467,9.872553,10,9.533245,-1,-1,-1,-1,-1,-1,-1,-1,-1,-1,-1,-1,-1,-1,-1,-1,-1,-1,-1,-1,-1,-1,-1,-1,-1,-1,-1,-1,-1,-1,-1,-1,-1,-1,-1,-1,-1,-1,-1,-1,-1,-1,-1,-1,-1,-1,-1,-1,-1,-1,0,0,0,0,0,0,-1,-1,-1,-1,-1,-1,-1,-1,-1,-1,-1,-1,0,0,0,0,0,0,-1,-1,-1,-1,-1,-1,-1,-1,-1,-1,-1,-1,-1,-1,False,False,0,0,False,209,0,0,0,0,0,0,0,0,0,0,0,0,0,0,0,1,
0,4609,2026-02-16 16:46:32Z,LLM_Empathetic,6.932117,7.222644,6.641589,0.6110905,0,1.601813,0,0,0,0,0,0,5.500995,4.352004,6.649996,0.592854,0.702737,0.482971,7.399385,6.222278,8.576493,0.5859268,0,2.108327,7.205075,6.108689,8.301462,9.872547,10,9.533237,6.932117,7.222644,6.641589,0.6110905,0,1.601813,0,0,0,0,0,0,5.500995,4.352004,6.649996,0.592854,0.702737,0.482971,7.399385,6.222278,8.576493,0.5859268,0,2.108327,7.205075,6.108689,8.301462,9.872547,10,9.533237,-1,-1,-1,-1,-1,-1,-1,-1,-1,-1,-1,-1,-1,-1,-1,-1,-1,-1,-1,-1,-1,-1,-1,-1,-1,-1,-1,-1,-1,-1,-1,-1,-1,-1,-1,-1,-1,-1,-1,-1,-1,-1,-1,-1,-1,-1,-1,-1,-1,-1,0,0,0,0,0,0,-1,-1,-1,-1,-1,-1,-1,-1,-1,-1,-1,-1,0,0,0,0,0,0,-1,-1,-1,-1,-1,-1,-1,-1,-1,-1,-1,-1,-1,-1,False,False,0,0,False,207,0,0,0,0,0,0,0,0,0,0,0,0,0,0,0,1,
0,4610,2026-02-16 16:46:32Z,LLM_Empathetic,6.932115,7.222644,6.641585,0.6110934,0,1.601815,0,0,0,0,0,0,5.500993,4.352003,6.649992,0.592854,0.702737,0.482971,7.399384,6.222278,8.57649,0.5859286,0,2.108329,7.205072,6.108687,8.301458,9.87254,10,9.53323,6.932115,7.222644,6.641585,0.6110934,0,1.601815,0,0,0,0,0,0,5.500993,4.352003,6.649992,0.592854,0.702737,0.482971,7.399384,6.222278,8.57649,0.5859286,0,2.108329,7.205072,6.108687,8.301458,9.87254,10,9.53323,-1,-1,-1,-1,-1,-1,-1,-1,-1,-1,-1,-1,-1,-1,-1,-1,-1,-1,-1,-1,-1,-1,-1,-1,-1,-1,-1,-1,-1,-1,-1,-1,-1,-1,-1,-1,-1,-1,-1,-1,-1,-1,-1,-1,-1,-1,-1,-1,-1,-1,0,0,0,0,0,0,-1,-1,-1,-1,-1,-1,-1,-1,-1,-1,-1,-1,0,0,0,0,0,0,-1,-1,-1,-1,-1,-1,-1,-1,-1,-1,-1,-1,-1,-1,False,False,0,0,False,209,0,0,0,0,0,0,0,0,0,0,0,0,0,0,0,1,
0,4611,2026-02-16 16:46:32Z,LLM_Empathetic,6.932113,7.222644,6.641582,0.6110963,0,1.601817,0,0,0,0,0,0,5.50099,4.352003,6.649989,0.592854,0.702737,0.482971,7.399383,6.222279,8.576488,0.5859305,0,2.108331,7.205069,6.108685,8.301454,9.872535,10,9.533222,6.932113,7.222644,6.641582,0.6110963,0,1.601817,0,0,0,0,0,0,5.50099,4.352003,6.649989,0.592854,0.702737,0.482971,7.399383,6.222279,8.576488,0.5859305,0,2.108331,7.205069,6.108685,8.301454,9.872535,10,9.533222,-1,-1,-1,-1,-1,-1,-1,-1,-1,-1,-1,-1,-1,-1,-1,-1,-1,-1,-1,-1,-1,-1,-1,-1,-1,-1,-1,-1,-1,-1,-1,-1,-1,-1,-1,-1,-1,-1,-1,-1,-1,-1,-1,-1,-1,-1,-1,-1,-1,-1,0,0,0,0,0,0,-1,-1,-1,-1,-1,-1,-1,-1,-1,-1,-1,-1,0,0,0,0,0,0,-1,-1,-1,-1,-1,-1,-1,-1,-1,-1,-1,-1,-1,-1,False,False,0,0,False,209,0,0,0,0,0,0,0,0,0,0,0,0,0,0,0,1,
0,4612,2026-02-16 16:46:32Z,LLM_Empathetic,6.932111,7.222643,6.641579,0.6110992,0,1.601818,0,0,0,0,0,0,5.500988,4.352002,6.649985,0.592854,0.702737,0.482971,7.399382,6.222279,8.576486,0.5859323,0,2.108333,7.205066,6.108684,8.301449,9.872528,10,9.533215,6.932111,7.222643,6.641579,0.6110992,0,1.601818,0,0,0,0,0,0,5.500988,4.352002,6.649985,0.592854,0.702737,0.482971,7.399382,6.222279,8.576486,0.5859323,0,2.108333,7.205066,6.108684,8.301449,9.872528,10,9.533215,-1,-1,-1,-1,-1,-1,-1,-1,-1,-1,-1,-1,-1,-1,-1,-1,-1,-1,-1,-1,-1,-1,-1,-1,-1,-1,-1,-1,-1,-1,-1,-1,-1,-1,-1,-1,-1,-1,-1,-1,-1,-1,-1,-1,-1,-1,-1,-1,-1,-1,0,0,0,0,0,0,-1,-1,-1,-1,-1,-1,-1,-1,-1,-1,-1,-1,0,0,0,0,0,0,-1,-1,-1,-1,-1,-1,-1,-1,-1,-1,-1,-1,-1,-1,False,False,0,0,False,209,0,0,0,0,0,0,0,0,0,0,0,0,0,0,0,1,
0,4613,2026-02-16 16:46:32Z,LLM_Empathetic,6.93211,7.222643,6.641576,0.6111021,0,1.60182,0,0,0,0,0,0,5.500986,4.352001,6.649981,0.592854,0.702737,0.482971,7.399381,6.22228,8.576483,0.5859342,0,2.108335,7.205063,6.108682,8.301445,9.872522,10,9.533207,6.93211,7.222643,6.641576,0.6111021,0,1.60182,0,0,0,0,0,0,5.500986,4.352001,6.649981,0.592854,0.702737,0.482971,7.399381,6.22228,8.576483,0.5859342,0,2.108335,7.205063,6.108682,8.301445,9.872522,10,9.533207,-1,-1,-1,-1,-1,-1,-1,-1,-1,-1,-1,-1,-1,-1,-1,-1,-1,-1,-1,-1,-1,-1,-1,-1,-1,-1,-1,-1,-1,-1,-1,-1,-1,-1,-1,-1,-1,-1,-1,-1,-1,-1,-1,-1,-1,-1,-1,-1,-1,-1,0,0,0,0,0,0,-1,-1,-1,-1,-1,-1,-1,-1,-1,-1,-1,-1,0,0,0,0,0,0,-1,-1,-1,-1,-1,-1,-1,-1,-1,-1,-1,-1,-1,-1,False,False,0,0,False,209,0,0,0,0,0,0,0,0,0,0,0,0,0,0,0,1,
0,4614,2026-02-16 16:46:32Z,LLM_Empathetic,6.932106,7.222642,6.64157,0.6111079,0,1.601823,0,0,0,0,0,0,5.500982,4.352,6.649974,0.592854,0.702737,0.482971,7.399379,6.222281,8.576478,0.5859379,0,2.108338,7.205057,6.108679,8.301435,9.87251,10,9.533192,6.932106,7.222642,6.64157,0.6111079,0,1.601823,0,0,0,0,0,0,5.500982,4.352,6.649974,0.592854,0.702737,0.482971,7.399379,6.222281,8.576478,0.5859379,0,2.108338,7.205057,6.108679,8.301435,9.87251,10,9.533192,-1,-1,-1,-1,-1,-1,-1,-1,-1,-1,-1,-1,-1,-1,-1,-1,-1,-1,-1,-1,-1,-1,-1,-1,-1,-1,-1,-1,-1,-1,-1,-1,-1,-1,-1,-1,-1,-1,-1,-1,-1,-1,-1,-1,-1,-1,-1,-1,-1,-1,0,0,0,0,0,0,-1,-1,-1,-1,-1,-1,-1,-1,-1,-1,-1,-1,0,0,0,0,0,0,-1,-1,-1,-1,-1,-1,-1,-1,-1,-1,-1,-1,-1,-1,False,False,0,0,False,207,0,0,0,0,0,0,0,0,0,0,0,0,0,0,0,1,
0,4615,2026-02-16 16:46:32Z,LLM_Empathetic,6.932105,7.222642,6.641567,0.6111109,0,1.601825,0,0,0,0,0,0,5.500979,4.351999,6.64997,0.592854,0.702737,0.482971,7.399378,6.222281,8.576476,0.5859398,0,2.10834,7.205054,6.108677,8.301432,9.872504,10,9.533184,6.932105,7.222642,6.641567,0.6111109,0,1.601825,0,0,0,0,0,0,5.500979,4.351999,6.64997,0.592854,0.702737,0.482971,7.399378,6.222281,8.576476,0.5859398,0,2.10834,7.205054,6.108677,8.301432,9.872504,10,9.533184,-1,-1,-1,-1,-1,-1,-1,-1,-1,-1,-1,-1,-1,-1,-1,-1,-1,-1,-1,-1,-1,-1,-1,-1,-1,-1,-1,-1,-1,-1,-1,-1,-1,-1,-1,-1,-1,-1,-1,-1,-1,-1,-1,-1,-1,-1,-1,-1,-1,-1,0,0,0,0,0,0,-1,-1,-1,-1,-1,-1,-1,-1,-1,-1,-1,-1,0,0,0,0,0,0,-1,-1,-1,-1,-1,-1,-1,-1,-1,-1,-1,-1,-1,-1,False,False,0,0,False,207,0,0,0,0,0,0,0,0,0,0,0,0,0,0,0,1,
0,4616,2026-02-16 16:46:32Z,LLM_Empathetic,6.932103,7.222642,6.641563,0.6111138,0,1.601826,0,0,0,0,0,0,5.500977,4.351998,6.649967,0.592854,0.702737,0.482971,7.399377,6.222282,8.576473,0.5859417,0,2.108342,7.20505,6.108675,8.301427,9.872498,10,9.533176,6.932103,7.222642,6.641563,0.6111138,0,1.601826,0,0,0,0,0,0,5.500977,4.351998,6.649967,0.592854,0.702737,0.482971,7.399377,6.222282,8.576473,0.5859417,0,2.108342,7.20505,6.108675,8.301427,9.872498,10,9.533176,-1,-1,-1,-1,-1,-1,-1,-1,-1,-1,-1,-1,-1,-1,-1,-1,-1,-1,-1,-1,-1,-1,-1,-1,-1,-1,-1,-1,-1,-1,-1,-1,-1,-1,-1,-1,-1,-1,-1,-1,-1,-1,-1,-1,-1,-1,-1,-1,-1,-1,0,0,0,0,0,0,-1,-1,-1,-1,-1,-1,-1,-1,-1,-1,-1,-1,0,0,0,0,0,0,-1,-1,-1,-1,-1,-1,-1,-1,-1,-1,-1,-1,-1,-1,False,False,0,0,False,209,0,0,0,0,0,0,0,0,0,0,0,0,0,0,0,1,
0,4617,2026-02-16 16:46:32Z,LLM_Empathetic,6.932101,7.222641,6.641561,0.6111167,0,1.601828,0,0,0,0,0,0,5.500975,4.351997,6.649963,0.592854,0.702737,0.482971,7.399376,6.222282,8.57647,0.5859435,0,2.108344,7.205048,6.108674,8.301422,9.872492,10,9.533169,6.932101,7.222641,6.641561,0.6111167,0,1.601828,0,0,0,0,0,0,5.500975,4.351997,6.649963,0.592854,0.702737,0.482971,7.399376,6.222282,8.57647,0.5859435,0,2.108344,7.205048,6.108674,8.301422,9.872492,10,9.533169,-1,-1,-1,-1,-1,-1,-1,-1,-1,-1,-1,-1,-1,-1,-1,-1,-1,-1,-1,-1,-1,-1,-1,-1,-1,-1,-1,-1,-1,-1,-1,-1,-1,-1,-1,-1,-1,-1,-1,-1,-1,-1,-1,-1,-1,-1,-1,-1,-1,-1,0,0,0,0,0,0,-1,-1,-1,-1,-1,-1,-1,-1,-1,-1,-1,-1,0,0,0,0,0,0,-1,-1,-1,-1,-1,-1,-1,-1,-1,-1,-1,-1,-1,-1,False,False,0,0,False,207,0,0,0,0,0,0,0,0,0,0,0,0,0,0,0,1,
0,4618,2026-02-16 16:46:32Z,LLM_Empathetic,6.932099,7.222641,6.641557,0.6111196,0,1.601829,0,0,0,0,0,0,5.500973,4.351997,6.649959,0.592854,0.702737,0.482971,7.399375,6.222283,8.576468,0.5859454,0,2.108346,7.205044,6.108672,8.301417,9.872486,10,9.533161,6.932099,7.222641,6.641557,0.6111196,0,1.601829,0,0,0,0,0,0,5.500973,4.351997,6.649959,0.592854,0.702737,0.482971,7.399375,6.222283,8.576468,0.5859454,0,2.108346,7.205044,6.108672,8.301417,9.872486,10,9.533161,-1,-1,-1,-1,-1,-1,-1,-1,-1,-1,-1,-1,-1,-1,-1,-1,-1,-1,-1,-1,-1,-1,-1,-1,-1,-1,-1,-1,-1,-1,-1,-1,-1,-1,-1,-1,-1,-1,-1,-1,-1,-1,-1,-1,-1,-1,-1,-1,-1,-1,0,0,0,0,0,0,-1,-1,-1,-1,-1,-1,-1,-1,-1,-1,-1,-1,0,0,0,0,0,0,-1,-1,-1,-1,-1,-1,-1,-1,-1,-1,-1,-1,-1,-1,False,False,0,0,False,209,0,0,0,0,0,0,0,0,0,0,0,0,0,0,0,1,
0,4619,2026-02-16 16:46:32Z,LLM_Empathetic,6.932097,7.222641,6.641554,0.6111225,0,1.601831,0,0,0,0,0,0,5.50097,4.351996,6.649955,0.592854,0.702737,0.482971,7.399374,6.222283,8.576466,0.5859472,0,2.108348,7.205041,6.10867,8.301414,9.872479,10,9.533154,6.932097,7.222641,6.641554,0.6111225,0,1.601831,0,0,0,0,0,0,5.50097,4.351996,6.649955,0.592854,0.702737,0.482971,7.399374,6.222283,8.576466,0.5859472,0,2.108348,7.205041,6.10867,8.301414,9.872479,10,9.533154,-1,-1,-1,-1,-1,-1,-1,-1,-1,-1,-1,-1,-1,-1,-1,-1,-1,-1,-1,-1,-1,-1,-1,-1,-1,-1,-1,-1,-1,-1,-1,-1,-1,-1,-1,-1,-1,-1,-1,-1,-1,-1,-1,-1,-1,-1,-1,-1,-1,-1,0,0,0,0,0,0,-1,-1,-1,-1,-1,-1,-1,-1,-1,-1,-1,-1,0,0,0,0,0,0,-1,-1,-1,-1,-1,-1,-1,-1,-1,-1,-1,-1,-1,-1,False,False,0,0,False,207,0,0,0,0,0,0,0,0,0,0,0,0,0,0,0,1,
0,4620,2026-02-16 16:46:32Z,LLM_Empathetic,6.932096,7.222641,6.641551,0.6111255,0,1.601833,0,0,0,0,0,0,5.500968,4.351995,6.649952,0.592854,0.702737,0.482971,7.399373,6.222284,8.576463,0.5859491,0,2.10835,7.205039,6.108669,8.301409,9.872474,10,9.533146,6.932096,7.222641,6.641551,0.6111255,0,1.601833,0,0,0,0,0,0,5.500968,4.351995,6.649952,0.592854,0.702737,0.482971,7.399373,6.222284,8.576463,0.5859491,0,2.10835,7.205039,6.108669,8.301409,9.872474,10,9.533146,-1,-1,-1,-1,-1,-1,-1,-1,-1,-1,-1,-1,-1,-1,-1,-1,-1,-1,-1,-1,-1,-1,-1,-1,-1,-1,-1,-1,-1,-1,-1,-1,-1,-1,-1,-1,-1,-1,-1,-1,-1,-1,-1,-1,-1,-1,-1,-1,-1,-1,0,0,0,0,0,0,-1,-1,-1,-1,-1,-1,-1,-1,-1,-1,-1,-1,0,0,0,0,0,0,-1,-1,-1,-1,-1,-1,-1,-1,-1,-1,-1,-1,-1,-1,False,False,0,0,False,207,0,0,0,0,0,0,0,0,0,0,0,0,0,0,0,1,
0,4621,2026-02-16 16:46:32Z,LLM_Empathetic,6.932094,7.222641,6.641548,0.6111283,0,1.601834,0,0,0,0,0,0,5.500966,4.351995,6.649948,0.592854,0.702737,0.482971,7.399372,6.222284,8.576461,0.585951,0,2.108351,7.205035,6.108667,8.301404,9.872467,10,9.533138,6.932094,7.222641,6.641548,0.6111283,0,1.601834,0,0,0,0,0,0,5.500966,4.351995,6.649948,0.592854,0.702737,0.482971,7.399372,6.222284,8.576461,0.585951,0,2.108351,7.205035,6.108667,8.301404,9.872467,10,9.533138,-1,-1,-1,-1,-1,-1,-1,-1,-1,-1,-1,-1,-1,-1,-1,-1,-1,-1,-1,-1,-1,-1,-1,-1,-1,-1,-1,-1,-1,-1,-1,-1,-1,-1,-1,-1,-1,-1,-1,-1,-1,-1,-1,-1,-1,-1,-1,-1,-1,-1,0,0,0,0,0,0,-1,-1,-1,-1,-1,-1,-1,-1,-1,-1,-1,-1,0,0,0,0,0,0,-1,-1,-1,-1,-1,-1,-1,-1,-1,-1,-1,-1,-1,-1,False,False,0,0,False,207,0,0,0,0,0,0,0,0,0,0,0,0,0,0,0,1,
0,4622,2026-02-16 16:46:32Z,LLM_Empathetic,6.932093,7.22264,6.641545,0.6111313,0,1.601836,0,0,0,0,0,0,5.500964,4.351994,6.649944,0.592854,0.702737,0.482971,7.399371,6.222285,8.576458,0.5859529,0,2.108353,7.205032,6.108665,8.3014,9.872461,10,9.53313,6.932093,7.22264,6.641545,0.6111313,0,1.601836,0,0,0,0,0,0,5.500964,4.351994,6.649944,0.592854,0.702737,0.482971,7.399371,6.222285,8.576458,0.5859529,0,2.108353,7.205032,6.108665,8.3014,9.872461,10,9.53313,-1,-1,-1,-1,-1,-1,-1,-1,-1,-1,-1,-1,-1,-1,-1,-1,-1,-1,-1,-1,-1,-1,-1,-1,-1,-1,-1,-1,-1,-1,-1,-1,-1,-1,-1,-1,-1,-1,-1,-1,-1,-1,-1,-1,-1,-1,-1,-1,-1,-1,0,0,0,0,0,0,-1,-1,-1,-1,-1,-1,-1,-1,-1,-1,-1,-1,0,0,0,0,0,0,-1,-1,-1,-1,-1,-1,-1,-1,-1,-1,-1,-1,-1,-1,False,False,0,0,False,209,0,0,0,0,0,0,0,0,0,0,0,0,0,0,0,1,
0,4623,2026-02-16 16:46:32Z,LLM_Empathetic,6.932091,7.22264,6.641542,0.6111342,0,1.601837,0,0,0,0,0,0,5.500962,4.351993,6.64994,0.592854,0.702737,0.482971,7.39937,6.222285,8.576455,0.5859547,0,2.108355,7.205029,6.108664,8.301395,9.872455,10,9.533122,6.932091,7.22264,6.641542,0.6111342,0,1.601837,0,0,0,0,0,0,5.500962,4.351993,6.64994,0.592854,0.702737,0.482971,7.39937,6.222285,8.576455,0.5859547,0,2.108355,7.205029,6.108664,8.301395,9.872455,10,9.533122,-1,-1,-1,-1,-1,-1,-1,-1,-1,-1,-1,-1,-1,-1,-1,-1,-1,-1,-1,-1,-1,-1,-1,-1,-1,-1,-1,-1,-1,-1,-1,-1,-1,-1,-1,-1,-1,-1,-1,-1,-1,-1,-1,-1,-1,-1,-1,-1,-1,-1,0,0,0,0,0,0,-1,-1,-1,-1,-1,-1,-1,-1,-1,-1,-1,-1,0,0,0,0,0,0,-1,-1,-1,-1,-1,-1,-1,-1,-1,-1,-1,-1,-1,-1,False,False,0,0,False,209,0,0,0,0,0,0,0,0,0,0,0,0,0,0,0,1,
0,4624,2026-02-16 16:46:32Z,LLM_Empathetic,6.932087,7.222639,6.641535,0.6111401,0,1.601841,0,0,0,0,0,0,5.500957,4.351992,6.649933,0.592854,0.702737,0.482971,7.399368,6.222287,8.57645,0.5859585,0,2.108359,7.205023,6.10866,8.301387,9.872443,10,9.533107,6.932087,7.222639,6.641535,0.6111401,0,1.601841,0,0,0,0,0,0,5.500957,4.351992,6.649933,0.592854,0.702737,0.482971,7.399368,6.222287,8.57645,0.5859585,0,2.108359,7.205023,6.10866,8.301387,9.872443,10,9.533107,-1,-1,-1,-1,-1,-1,-1,-1,-1,-1,-1,-1,-1,-1,-1,-1,-1,-1,-1,-1,-1,-1,-1,-1,-1,-1,-1,-1,-1,-1,-1,-1,-1,-1,-1,-1,-1,-1,-1,-1,-1,-1,-1,-1,-1,-1,-1,-1,-1,-1,0,0,0,0,0,0,-1,-1,-1,-1,-1,-1,-1,-1,-1,-1,-1,-1,0,0,0,0,0,0,-1,-1,-1,-1,-1,-1,-1,-1,-1,-1,-1,-1,-1,-1,False,False,0,0,False,209,0,0,0,0,0,0,0,0,0,0,0,0,0,0,0,1,
0,4625,2026-02-16 16:46:32Z,LLM_Empathetic,6.932086,7.222639,6.641532,0.611143,0,1.601842,0,0,0,0,0,0,5.500955,4.351991,6.64993,0.592854,0.702737,0.482971,7.399367,6.222287,8.576447,0.5859603,0,2.108361,7.20502,6.108659,8.301382,9.872437,10,9.533099,6.932086,7.222639,6.641532,0.611143,0,1.601842,0,0,0,0,0,0,5.500955,4.351991,6.64993,0.592854,0.702737,0.482971,7.399367,6.222287,8.576447,0.5859603,0,2.108361,7.20502,6.108659,8.301382,9.872437,10,9.533099,-1,-1,-1,-1,-1,-1,-1,-1,-1,-1,-1,-1,-1,-1,-1,-1,-1,-1,-1,-1,-1,-1,-1,-1,-1,-1,-1,-1,-1,-1,-1,-1,-1,-1,-1,-1,-1,-1,-1,-1,-1,-1,-1,-1,-1,-1,-1,-1,-1,-1,0,0,0,0,0,0,-1,-1,-1,-1,-1,-1,-1,-1,-1,-1,-1,-1,0,0,0,0,0,0,-1,-1,-1,-1,-1,-1,-1,-1,-1,-1,-1,-1,-1,-1,False,False,0,0,False,209,0,0,0,0,0,0,0,0,0,0,0,0,0,0,0,1,
0,4626,2026-02-16 16:46:32Z,LLM_Empathetic,6.932084,7.222639,6.641529,0.6111459,0,1.601844,0,0,0,0,0,0,5.500953,4.35199,6.649926,0.592854,0.702737,0.482971,7.399366,6.222288,8.576446,0.5859622,0,2.108363,7.205017,6.108657,8.301377,9.872431,10,9.533092,6.932084,7.222639,6.641529,0.6111459,0,1.601844,0,0,0,0,0,0,5.500953,4.35199,6.649926,0.592854,0.702737,0.482971,7.399366,6.222288,8.576446,0.5859622,0,2.108363,7.205017,6.108657,8.301377,9.872431,10,9.533092,-1,-1,-1,-1,-1,-1,-1,-1,-1,-1,-1,-1,-1,-1,-1,-1,-1,-1,-1,-1,-1,-1,-1,-1,-1,-1,-1,-1,-1,-1,-1,-1,-1,-1,-1,-1,-1,-1,-1,-1,-1,-1,-1,-1,-1,-1,-1,-1,-1,-1,0,0,0,0,0,0,-1,-1,-1,-1,-1,-1,-1,-1,-1,-1,-1,-1,0,0,0,0,0,0,-1,-1,-1,-1,-1,-1,-1,-1,-1,-1,-1,-1,-1,-1,False,False,0,0,False,209,0,0,0,0,0,0,0,0,0,0,0,0,0,0,0,1,
0,4627,2026-02-16 16:46:32Z,LLM_Empathetic,6.932082,7.222638,6.641526,0.6111488,0,1.601845,0,0,0,0,0,0,5.500951,4.351989,6.649922,0.592854,0.702737,0.482971,7.399365,6.222288,8.576443,0.5859641,0,2.108365,7.205014,6.108655,8.301373,9.872424,10,9.533084,6.932082,7.222638,6.641526,0.6111488,0,1.601845,0,0,0,0,0,0,5.500951,4.351989,6.649922,0.592854,0.702737,0.482971,7.399365,6.222288,8.576443,0.5859641,0,2.108365,7.205014,6.108655,8.301373,9.872424,10,9.533084,-1,-1,-1,-1,-1,-1,-1,-1,-1,-1,-1,-1,-1,-1,-1,-1,-1,-1,-1,-1,-1,-1,-1,-1,-1,-1,-1,-1,-1,-1,-1,-1,-1,-1,-1,-1,-1,-1,-1,-1,-1,-1,-1,-1,-1,-1,-1,-1,-1,-1,0,0,0,0,0,0,-1,-1,-1,-1,-1,-1,-1,-1,-1,-1,-1,-1,0,0,0,0,0,0,-1,-1,-1,-1,-1,-1,-1,-1,-1,-1,-1,-1,-1,-1,False,False,0,0,False,207,0,0,0,0,0,0,0,0,0,0,0,0,0,0,0,1,
0,4628,2026-02-16 16:46:32Z,LLM_Empathetic,6.93208,7.222638,6.641523,0.6111518,0,1.601847,0,0,0,0,0,0,5.500948,4.351989,6.649919,0.592854,0.702737,0.482971,7.399364,6.222289,8.57644,0.585966,0,2.108366,7.205011,6.108654,8.301369,9.872418,10,9.533076,6.93208,7.222638,6.641523,0.6111518,0,1.601847,0,0,0,0,0,0,5.500948,4.351989,6.649919,0.592854,0.702737,0.482971,7.399364,6.222289,8.57644,0.585966,0,2.108366,7.205011,6.108654,8.301369,9.872418,10,9.533076,-1,-1,-1,-1,-1,-1,-1,-1,-1,-1,-1,-1,-1,-1,-1,-1,-1,-1,-1,-1,-1,-1,-1,-1,-1,-1,-1,-1,-1,-1,-1,-1,-1,-1,-1,-1,-1,-1,-1,-1,-1,-1,-1,-1,-1,-1,-1,-1,-1,-1,0,0,0,0,0,0,-1,-1,-1,-1,-1,-1,-1,-1,-1,-1,-1,-1,0,0,0,0,0,0,-1,-1,-1,-1,-1,-1,-1,-1,-1,-1,-1,-1,-1,-1,False,False,0,0,False,209,0,0,0,0,0,0,0,0,0,0,0,0,0,0,0,1,
0,4629,2026-02-16 16:46:32Z,LLM_Empathetic,6.932079,7.222638,6.64152,0.6111547,0,1.601849,0,0,0,0,0,0,5.500946,4.351988,6.649915,0.592854,0.702737,0.482971,7.399363,6.222289,8.576438,0.5859678,0,2.108368,7.205008,6.108652,8.301364,9.872412,10,9.533069,6.932079,7.222638,6.64152,0.6111547,0,1.601849,0,0,0,0,0,0,5.500946,4.351988,6.649915,0.592854,0.702737,0.482971,7.399363,6.222289,8.576438,0.5859678,0,2.108368,7.205008,6.108652,8.301364,9.872412,10,9.533069,-1,-1,-1,-1,-1,-1,-1,-1,-1,-1,-1,-1,-1,-1,-1,-1,-1,-1,-1,-1,-1,-1,-1,-1,-1,-1,-1,-1,-1,-1,-1,-1,-1,-1,-1,-1,-1,-1,-1,-1,-1,-1,-1,-1,-1,-1,-1,-1,-1,-1,0,0,0,0,0,0,-1,-1,-1,-1,-1,-1,-1,-1,-1,-1,-1,-1,0,0,0,0,0,0,-1,-1,-1,-1,-1,-1,-1,-1,-1,-1,-1,-1,-1,-1,False,False,0,0,False,209,0,0,0,0,0,0,0,0,0,0,0,0,0,0,0,1,
0,4630,2026-02-16 16:46:32Z,LLM_Empathetic,6.932077,7.222637,6.641517,0.6111576,0,1.60185,0,0,0,0,0,0,5.500944,4.351987,6.649911,0.592854,0.702737,0.482971,7.399362,6.22229,8.576435,0.5859697,0,2.10837,7.205005,6.10865,8.301359,9.872406,10,9.533061,6.932077,7.222637,6.641517,0.6111576,0,1.60185,0,0,0,0,0,0,5.500944,4.351987,6.649911,0.592854,0.702737,0.482971,7.399362,6.22229,8.576435,0.5859697,0,2.10837,7.205005,6.10865,8.301359,9.872406,10,9.533061,-1,-1,-1,-1,-1,-1,-1,-1,-1,-1,-1,-1,-1,-1,-1,-1,-1,-1,-1,-1,-1,-1,-1,-1,-1,-1,-1,-1,-1,-1,-1,-1,-1,-1,-1,-1,-1,-1,-1,-1,-1,-1,-1,-1,-1,-1,-1,-1,-1,-1,0,0,0,0,0,0,-1,-1,-1,-1,-1,-1,-1,-1,-1,-1,-1,-1,0,0,0,0,0,0,-1,-1,-1,-1,-1,-1,-1,-1,-1,-1,-1,-1,-1,-1,False,False,0,0,False,207,0,0,0,0,0,0,0,0,0,0,0,0,0,0,0,1,
0,4631,2026-02-16 16:46:32Z,LLM_Empathetic,6.932076,7.222637,6.641513,0.6111606,0,1.601852,0,0,0,0,0,0,5.500942,4.351986,6.649908,0.592854,0.702737,0.482971,7.399361,6.22229,8.576432,0.5859716,0,2.108372,7.205001,6.108649,8.301355,9.872399,10,9.533053,6.932076,7.222637,6.641513,0.6111606,0,1.601852,0,0,0,0,0,0,5.500942,4.351986,6.649908,0.592854,0.702737,0.482971,7.399361,6.22229,8.576432,0.5859716,0,2.108372,7.205001,6.108649,8.301355,9.872399,10,9.533053,-1,-1,-1,-1,-1,-1,-1,-1,-1,-1,-1,-1,-1,-1,-1,-1,-1,-1,-1,-1,-1,-1,-1,-1,-1,-1,-1,-1,-1,-1,-1,-1,-1,-1,-1,-1,-1,-1,-1,-1,-1,-1,-1,-1,-1,-1,-1,-1,-1,-1,0,0,0,0,0,0,-1,-1,-1,-1,-1,-1,-1,-1,-1,-1,-1,-1,0,0,0,0,0,0,-1,-1,-1,-1,-1,-1,-1,-1,-1,-1,-1,-1,-1,-1,False,False,0,0,False,207,0,0,0,0,0,0,0,0,0,0,0,0,0,0,0,1,
0,4632,2026-02-16 16:46:32Z,LLM_Empathetic,6.932074,7.222637,6.64151,0.6111635,0,1.601853,0,0,0,0,0,0,5.500939,4.351986,6.649904,0.592854,0.702737,0.482971,7.39936,6.222291,8.57643,0.5859734,0,2.108374,7.204998,6.108647,8.301351,9.872394,10,9.533046,6.932074,7.222637,6.64151,0.6111635,0,1.601853,0,0,0,0,0,0,5.500939,4.351986,6.649904,0.592854,0.702737,0.482971,7.39936,6.222291,8.57643,0.5859734,0,2.108374,7.204998,6.108647,8.301351,9.872394,10,9.533046,-1,-1,-1,-1,-1,-1,-1,-1,-1,-1,-1,-1,-1,-1,-1,-1,-1,-1,-1,-1,-1,-1,-1,-1,-1,-1,-1,-1,-1,-1,-1,-1,-1,-1,-1,-1,-1,-1,-1,-1,-1,-1,-1,-1,-1,-1,-1,-1,-1,-1,0,0,0,0,0,0,-1,-1,-1,-1,-1,-1,-1,-1,-1,-1,-1,-1,0,0,0,0,0,0,-1,-1,-1,-1,-1,-1,-1,-1,-1,-1,-1,-1,-1,-1,False,False,0,0,False,209,0,0,0,0,0,0,0,0,0,0,0,0,0,0,0,1,
0,4633,2026-02-16 16:46:33Z,LLM_Empathetic,6.932072,7.222636,6.641507,0.6111664,0,1.601855,0,0,0,0,0,0,5.500937,4.351985,6.6499,0.592854,0.702737,0.482971,7.399359,6.222291,8.576427,0.5859753,0,2.108376,7.204995,6.108645,8.301346,9.872388,10,9.533037,6.932072,7.222636,6.641507,0.6111664,0,1.601855,0,0,0,0,0,0,5.500937,4.351985,6.6499,0.592854,0.702737,0.482971,7.399359,6.222291,8.576427,0.5859753,0,2.108376,7.204995,6.108645,8.301346,9.872388,10,9.533037,-1,-1,-1,-1,-1,-1,-1,-1,-1,-1,-1,-1,-1,-1,-1,-1,-1,-1,-1,-1,-1,-1,-1,-1,-1,-1,-1,-1,-1,-1,-1,-1,-1,-1,-1,-1,-1,-1,-1,-1,-1,-1,-1,-1,-1,-1,-1,-1,-1,-1,0,0,0,0,0,0,-1,-1,-1,-1,-1,-1,-1,-1,-1,-1,-1,-1,0,0,0,0,0,0,-1,-1,-1,-1,-1,-1,-1,-1,-1,-1,-1,-1,-1,-1,False,False,0,0,False,209,0,0,0,0,0,0,0,0,0,0,0,0,0,0,0,1,
0,4634,2026-02-16 16:46:33Z,LLM_Empathetic,6.93207,7.222636,6.641504,0.6111693,0,1.601857,0,0,0,0,0,0,5.500935,4.351985,6.649896,0.592854,0.702737,0.482971,7.399358,6.222291,8.576425,0.5859773,0,2.108378,7.204992,6.108644,8.301342,9.872381,10,9.53303,6.93207,7.222636,6.641504,0.6111693,0,1.601857,0,0,0,0,0,0,5.500935,4.351985,6.649896,0.592854,0.702737,0.482971,7.399358,6.222291,8.576425,0.5859773,0,2.108378,7.204992,6.108644,8.301342,9.872381,10,9.53303,-1,-1,-1,-1,-1,-1,-1,-1,-1,-1,-1,-1,-1,-1,-1,-1,-1,-1,-1,-1,-1,-1,-1,-1,-1,-1,-1,-1,-1,-1,-1,-1,-1,-1,-1,-1,-1,-1,-1,-1,-1,-1,-1,-1,-1,-1,-1,-1,-1,-1,0,0,0,0,0,0,-1,-1,-1,-1,-1,-1,-1,-1,-1,-1,-1,-1,0,0,0,0,0,0,-1,-1,-1,-1,-1,-1,-1,-1,-1,-1,-1,-1,-1,-1,False,False,0,0,False,209,0,0,0,0,0,0,0,0,0,0,0,0,0,0,0,1,
0,4635,2026-02-16 16:46:33Z,LLM_Empathetic,6.932066,7.222635,6.641498,0.6111752,0,1.60186,0,0,0,0,0,0,5.500931,4.351983,6.649889,0.592854,0.702737,0.482971,7.399356,6.222293,8.57642,0.585981,0,2.108381,7.204986,6.10864,8.301332,9.872369,10,9.533014,6.932066,7.222635,6.641498,0.6111752,0,1.60186,0,0,0,0,0,0,5.500931,4.351983,6.649889,0.592854,0.702737,0.482971,7.399356,6.222293,8.57642,0.585981,0,2.108381,7.204986,6.10864,8.301332,9.872369,10,9.533014,-1,-1,-1,-1,-1,-1,-1,-1,-1,-1,-1,-1,-1,-1,-1,-1,-1,-1,-1,-1,-1,-1,-1,-1,-1,-1,-1,-1,-1,-1,-1,-1,-1,-1,-1,-1,-1,-1,-1,-1,-1,-1,-1,-1,-1,-1,-1,-1,-1,-1,0,0,0,0,0,0,-1,-1,-1,-1,-1,-1,-1,-1,-1,-1,-1,-1,0,0,0,0,0,0,-1,-1,-1,-1,-1,-1,-1,-1,-1,-1,-1,-1,-1,-1,False,False,0,0,False,209,0,0,0,0,0,0,0,0,0,0,0,0,0,0,0,1,
0,4636,2026-02-16 16:46:33Z,LLM_Empathetic,6.932065,7.222635,6.641495,0.6111782,0,1.601862,0,0,0,0,0,0,5.500928,4.351982,6.649885,0.592854,0.702737,0.482971,7.399355,6.222293,8.576417,0.5859829,0,2.108383,7.204983,6.108639,8.301328,9.872363,10,9.533007,6.932065,7.222635,6.641495,0.6111782,0,1.601862,0,0,0,0,0,0,5.500928,4.351982,6.649885,0.592854,0.702737,0.482971,7.399355,6.222293,8.576417,0.5859829,0,2.108383,7.204983,6.108639,8.301328,9.872363,10,9.533007,-1,-1,-1,-1,-1,-1,-1,-1,-1,-1,-1,-1,-1,-1,-1,-1,-1,-1,-1,-1,-1,-1,-1,-1,-1,-1,-1,-1,-1,-1,-1,-1,-1,-1,-1,-1,-1,-1,-1,-1,-1,-1,-1,-1,-1,-1,-1,-1,-1,-1,0,0,0,0,0,0,-1,-1,-1,-1,-1,-1,-1,-1,-1,-1,-1,-1,0,0,0,0,0,0,-1,-1,-1,-1,-1,-1,-1,-1,-1,-1,-1,-1,-1,-1,False,False,0,0,False,209,0,0,0,0,0,0,0,0,0,0,0,0,0,0,0,1,
0,4637,2026-02-16 16:46:33Z,LLM_Empathetic,6.932063,7.222635,6.641491,0.6111811,0,1.601863,0,0,0,0,0,0,5.500926,4.351981,6.649881,0.592854,0.702737,0.482971,7.399354,6.222294,8.576415,0.5859848,0,2.108385,7.20498,6.108637,8.301324,9.872356,10,9.532999,6.932063,7.222635,6.641491,0.6111811,0,1.601863,0,0,0,0,0,0,5.500926,4.351981,6.649881,0.592854,0.702737,0.482971,7.399354,6.222294,8.576415,0.5859848,0,2.108385,7.20498,6.108637,8.301324,9.872356,10,9.532999,-1,-1,-1,-1,-1,-1,-1,-1,-1,-1,-1,-1,-1,-1,-1,-1,-1,-1,-1,-1,-1,-1,-1,-1,-1,-1,-1,-1,-1,-1,-1,-1,-1,-1,-1,-1,-1,-1,-1,-1,-1,-1,-1,-1,-1,-1,-1,-1,-1,-1,0,0,0,0,0,0,-1,-1,-1,-1,-1,-1,-1,-1,-1,-1,-1,-1,0,0,0,0,0,0,-1,-1,-1,-1,-1,-1,-1,-1,-1,-1,-1,-1,-1,-1,False,False,0,0,False,209,0,0,0,0,0,0,0,0,0,0,0,0,0,0,0,1,
0,4638,2026-02-16 16:46:33Z,LLM_Empathetic,6.932062,7.222634,6.641489,0.6111841,0,1.601865,0,0,0,0,0,0,5.500924,4.351981,6.649878,0.592854,0.702737,0.482971,7.399353,6.222294,8.576412,0.5859866,0,2.108387,7.204977,6.108635,8.301319,9.872351,10,9.532991,6.932062,7.222634,6.641489,0.6111841,0,1.601865,0,0,0,0,0,0,5.500924,4.351981,6.649878,0.592854,0.702737,0.482971,7.399353,6.222294,8.576412,0.5859866,0,2.108387,7.204977,6.108635,8.301319,9.872351,10,9.532991,-1,-1,-1,-1,-1,-1,-1,-1,-1,-1,-1,-1,-1,-1,-1,-1,-1,-1,-1,-1,-1,-1,-1,-1,-1,-1,-1,-1,-1,-1,-1,-1,-1,-1,-1,-1,-1,-1,-1,-1,-1,-1,-1,-1,-1,-1,-1,-1,-1,-1,0,0,0,0,0,0,-1,-1,-1,-1,-1,-1,-1,-1,-1,-1,-1,-1,0,0,0,0,0,0,-1,-1,-1,-1,-1,-1,-1,-1,-1,-1,-1,-1,-1,-1,False,False,0,0,False,209,0,0,0,0,0,0,0,0,0,0,0,0,0,0,0,1,
0,4639,2026-02-16 16:46:33Z,LLM_Empathetic,6.93206,7.222634,6.641485,0.611187,0,1.601866,0,0,0,0,0,0,5.500922,4.35198,6.649874,0.592854,0.702737,0.482971,7.399352,6.222295,8.576409,0.5859885,0,2.108389,7.204974,6.108634,8.301314,9.872344,10,9.532984,6.93206,7.222634,6.641485,0.611187,0,1.601866,0,0,0,0,0,0,5.500922,4.35198,6.649874,0.592854,0.702737,0.482971,7.399352,6.222295,8.576409,0.5859885,0,2.108389,7.204974,6.108634,8.301314,9.872344,10,9.532984,-1,-1,-1,-1,-1,-1,-1,-1,-1,-1,-1,-1,-1,-1,-1,-1,-1,-1,-1,-1,-1,-1,-1,-1,-1,-1,-1,-1,-1,-1,-1,-1,-1,-1,-1,-1,-1,-1,-1,-1,-1,-1,-1,-1,-1,-1,-1,-1,-1,-1,0,0,0,0,0,0,-1,-1,-1,-1,-1,-1,-1,-1,-1,-1,-1,-1,0,0,0,0,0,0,-1,-1,-1,-1,-1,-1,-1,-1,-1,-1,-1,-1,-1,-1,False,False,0,0,False,207,0,0,0,0,0,0,0,0,0,0,0,0,0,0,0,1,
0,4640,2026-02-16 16:46:33Z,LLM_Empathetic,6.932058,7.222634,6.641482,0.61119,0,1.601868,0,0,0,0,0,0,5.500919,4.351979,6.64987,0.592854,0.702737,0.482971,7.399351,6.222295,8.576407,0.5859904,0,2.108391,7.20497,6.108632,8.30131,9.872338,10,9.532975,6.932058,7.222634,6.641482,0.61119,0,1.601868,0,0,0,0,0,0,5.500919,4.351979,6.64987,0.592854,0.702737,0.482971,7.399351,6.222295,8.576407,0.5859904,0,2.108391,7.20497,6.108632,8.30131,9.872338,10,9.532975,-1,-1,-1,-1,-1,-1,-1,-1,-1,-1,-1,-1,-1,-1,-1,-1,-1,-1,-1,-1,-1,-1,-1,-1,-1,-1,-1,-1,-1,-1,-1,-1,-1,-1,-1,-1,-1,-1,-1,-1,-1,-1,-1,-1,-1,-1,-1,-1,-1,-1,0,0,0,0,0,0,-1,-1,-1,-1,-1,-1,-1,-1,-1,-1,-1,-1,0,0,0,0,0,0,-1,-1,-1,-1,-1,-1,-1,-1,-1,-1,-1,-1,-1,-1,False,False,0,0,False,209,0,0,0,0,0,0,0,0,0,0,0,0,0,0,0,1,
0,4641,2026-02-16 16:46:33Z,LLM_Empathetic,6.932056,7.222633,6.641479,0.6111929,0,1.60187,0,0,0,0,0,0,5.500917,4.351978,6.649867,0.592854,0.702737,0.482971,7.39935,6.222296,8.576405,0.5859923,0,2.108393,7.204967,6.10863,8.301306,9.872332,10,9.532968,6.932056,7.222633,6.641479,0.6111929,0,1.60187,0,0,0,0,0,0,5.500917,4.351978,6.649867,0.592854,0.702737,0.482971,7.39935,6.222296,8.576405,0.5859923,0,2.108393,7.204967,6.10863,8.301306,9.872332,10,9.532968,-1,-1,-1,-1,-1,-1,-1,-1,-1,-1,-1,-1,-1,-1,-1,-1,-1,-1,-1,-1,-1,-1,-1,-1,-1,-1,-1,-1,-1,-1,-1,-1,-1,-1,-1,-1,-1,-1,-1,-1,-1,-1,-1,-1,-1,-1,-1,-1,-1,-1,0,0,0,0,0,0,-1,-1,-1,-1,-1,-1,-1,-1,-1,-1,-1,-1,0,0,0,0,0,0,-1,-1,-1,-1,-1,-1,-1,-1,-1,-1,-1,-1,-1,-1,False,False,0,0,False,209,0,0,0,0,0,0,0,0,0,0,0,0,0,0,0,1,
0,4642,2026-02-16 16:46:33Z,LLM_Empathetic,6.932055,7.222633,6.641476,0.6111958,0,1.601871,0,0,0,0,0,0,5.500915,4.351978,6.649863,0.592854,0.702737,0.482971,7.399349,6.222296,8.576402,0.5859942,0,2.108395,7.204964,6.108629,8.301301,9.872326,10,9.53296,6.932055,7.222633,6.641476,0.6111958,0,1.601871,0,0,0,0,0,0,5.500915,4.351978,6.649863,0.592854,0.702737,0.482971,7.399349,6.222296,8.576402,0.5859942,0,2.108395,7.204964,6.108629,8.301301,9.872326,10,9.53296,-1,-1,-1,-1,-1,-1,-1,-1,-1,-1,-1,-1,-1,-1,-1,-1,-1,-1,-1,-1,-1,-1,-1,-1,-1,-1,-1,-1,-1,-1,-1,-1,-1,-1,-1,-1,-1,-1,-1,-1,-1,-1,-1,-1,-1,-1,-1,-1,-1,-1,0,0,0,0,0,0,-1,-1,-1,-1,-1,-1,-1,-1,-1,-1,-1,-1,0,0,0,0,0,0,-1,-1,-1,-1,-1,-1,-1,-1,-1,-1,-1,-1,-1,-1,False,False,0,0,False,207,0,0,0,0,0,0,0,0,0,0,0,0,0,0,0,1,
0,4643,2026-02-16 16:46:33Z,LLM_Empathetic,6.932051,7.222632,6.641469,0.6112017,0,1.601875,0,0,0,0,0,0,5.500911,4.351976,6.649856,0.592854,0.702737,0.482971,7.399347,6.222298,8.576397,0.5859979,0,2.108398,7.204958,6.108625,8.301292,9.872313,10,9.532945,6.932051,7.222632,6.641469,0.6112017,0,1.601875,0,0,0,0,0,0,5.500911,4.351976,6.649856,0.592854,0.702737,0.482971,7.399347,6.222298,8.576397,0.5859979,0,2.108398,7.204958,6.108625,8.301292,9.872313,10,9.532945,-1,-1,-1,-1,-1,-1,-1,-1,-1,-1,-1,-1,-1,-1,-1,-1,-1,-1,-1,-1,-1,-1,-1,-1,-1,-1,-1,-1,-1,-1,-1,-1,-1,-1,-1,-1,-1,-1,-1,-1,-1,-1,-1,-1,-1,-1,-1,-1,-1,-1,0,0,0,0,0,0,-1,-1,-1,-1,-1,-1,-1,-1,-1,-1,-1,-1,0,0,0,0,0,0,-1,-1,-1,-1,-1,-1,-1,-1,-1,-1,-1,-1,-1,-1,False,False,0,0,False,207,0,0,0,0,0,0,0,0,0,0,0,0,0,0,0,1,
0,4644,2026-02-16 16:46:33Z,LLM_Empathetic,6.932049,7.222632,6.641466,0.6112047,0,1.601876,0,0,0,0,0,0,5.500908,4.351975,6.649852,0.592854,0.702737,0.482971,7.399346,6.222298,8.576394,0.5859998,0,2.1084,7.204955,6.108624,8.301288,9.872307,10,9.532937,6.932049,7.222632,6.641466,0.6112047,0,1.601876,0,0,0,0,0,0,5.500908,4.351975,6.649852,0.592854,0.702737,0.482971,7.399346,6.222298,8.576394,0.5859998,0,2.1084,7.204955,6.108624,8.301288,9.872307,10,9.532937,-1,-1,-1,-1,-1,-1,-1,-1,-1,-1,-1,-1,-1,-1,-1,-1,-1,-1,-1,-1,-1,-1,-1,-1,-1,-1,-1,-1,-1,-1,-1,-1,-1,-1,-1,-1,-1,-1,-1,-1,-1,-1,-1,-1,-1,-1,-1,-1,-1,-1,0,0,0,0,0,0,-1,-1,-1,-1,-1,-1,-1,-1,-1,-1,-1,-1,0,0,0,0,0,0,-1,-1,-1,-1,-1,-1,-1,-1,-1,-1,-1,-1,-1,-1,False,False,0,0,False,209,0,0,0,0,0,0,0,0,0,0,0,0,0,0,0,1,
0,4645,2026-02-16 16:46:33Z,LLM_Empathetic,6.932047,7.222632,6.641463,0.6112076,0,1.601878,0,0,0,0,0,0,5.500906,4.351975,6.649848,0.592854,0.702737,0.482971,7.399345,6.222299,8.576391,0.5860018,0,2.108402,7.204952,6.108622,8.301283,9.872301,10,9.532929,6.932047,7.222632,6.641463,0.6112076,0,1.601878,0,0,0,0,0,0,5.500906,4.351975,6.649848,0.592854,0.702737,0.482971,7.399345,6.222299,8.576391,0.5860018,0,2.108402,7.204952,6.108622,8.301283,9.872301,10,9.532929,-1,-1,-1,-1,-1,-1,-1,-1,-1,-1,-1,-1,-1,-1,-1,-1,-1,-1,-1,-1,-1,-1,-1,-1,-1,-1,-1,-1,-1,-1,-1,-1,-1,-1,-1,-1,-1,-1,-1,-1,-1,-1,-1,-1,-1,-1,-1,-1,-1,-1,0,0,0,0,0,0,-1,-1,-1,-1,-1,-1,-1,-1,-1,-1,-1,-1,0,0,0,0,0,0,-1,-1,-1,-1,-1,-1,-1,-1,-1,-1,-1,-1,-1,-1,False,False,0,0,False,209,0,0,0,0,0,0,0,0,0,0,0,0,0,0,0,1,
0,4646,2026-02-16 16:46:33Z,LLM_Empathetic,6.932046,7.222631,6.64146,0.6112106,0,1.601879,0,0,0,0,0,0,5.500904,4.351974,6.649844,0.592854,0.702737,0.482971,7.399344,6.222299,8.576389,0.5860037,0,2.108404,7.204949,6.10862,8.301278,9.872294,10,9.532921,6.932046,7.222631,6.64146,0.6112106,0,1.601879,0,0,0,0,0,0,5.500904,4.351974,6.649844,0.592854,0.702737,0.482971,7.399344,6.222299,8.576389,0.5860037,0,2.108404,7.204949,6.10862,8.301278,9.872294,10,9.532921,-1,-1,-1,-1,-1,-1,-1,-1,-1,-1,-1,-1,-1,-1,-1,-1,-1,-1,-1,-1,-1,-1,-1,-1,-1,-1,-1,-1,-1,-1,-1,-1,-1,-1,-1,-1,-1,-1,-1,-1,-1,-1,-1,-1,-1,-1,-1,-1,-1,-1,0,0,0,0,0,0,-1,-1,-1,-1,-1,-1,-1,-1,-1,-1,-1,-1,0,0,0,0,0,0,-1,-1,-1,-1,-1,-1,-1,-1,-1,-1,-1,-1,-1,-1,False,False,0,0,False,209,0,0,0,0,0,0,0,0,0,0,0,0,0,0,0,1,
0,4647,2026-02-16 16:46:33Z,LLM_Empathetic,6.932044,7.222631,6.641457,0.6112135,0,1.601881,0,0,0,0,0,0,5.500902,4.351973,6.64984,0.592854,0.702737,0.482971,7.399343,6.2223,8.576386,0.5860055,0,2.108406,7.204946,6.108619,8.301274,9.872289,10,9.532913,6.932044,7.222631,6.641457,0.6112135,0,1.601881,0,0,0,0,0,0,5.500902,4.351973,6.64984,0.592854,0.702737,0.482971,7.399343,6.2223,8.576386,0.5860055,0,2.108406,7.204946,6.108619,8.301274,9.872289,10,9.532913,-1,-1,-1,-1,-1,-1,-1,-1,-1,-1,-1,-1,-1,-1,-1,-1,-1,-1,-1,-1,-1,-1,-1,-1,-1,-1,-1,-1,-1,-1,-1,-1,-1,-1,-1,-1,-1,-1,-1,-1,-1,-1,-1,-1,-1,-1,-1,-1,-1,-1,0,0,0,0,0,0,-1,-1,-1,-1,-1,-1,-1,-1,-1,-1,-1,-1,0,0,0,0,0,0,-1,-1,-1,-1,-1,-1,-1,-1,-1,-1,-1,-1,-1,-1,False,False,0,0,False,209,0,0,0,0,0,0,0,0,0,0,0,0,0,0,0,1,
0,4648,2026-02-16 16:46:33Z,LLM_Empathetic,6.932043,7.222631,6.641454,0.6112165,0,1.601883,0,0,0,0,0,0,5.500899,4.351973,6.649837,0.592854,0.702737,0.482971,7.399342,6.2223,8.576384,0.5860074,0,2.108408,7.204943,6.108617,8.30127,9.872282,10,9.532906,6.932043,7.222631,6.641454,0.6112165,0,1.601883,0,0,0,0,0,0,5.500899,4.351973,6.649837,0.592854,0.702737,0.482971,7.399342,6.2223,8.576384,0.5860074,0,2.108408,7.204943,6.108617,8.30127,9.872282,10,9.532906,-1,-1,-1,-1,-1,-1,-1,-1,-1,-1,-1,-1,-1,-1,-1,-1,-1,-1,-1,-1,-1,-1,-1,-1,-1,-1,-1,-1,-1,-1,-1,-1,-1,-1,-1,-1,-1,-1,-1,-1,-1,-1,-1,-1,-1,-1,-1,-1,-1,-1,0,0,0,0,0,0,-1,-1,-1,-1,-1,-1,-1,-1,-1,-1,-1,-1,0,0,0,0,0,0,-1,-1,-1,-1,-1,-1,-1,-1,-1,-1,-1,-1,-1,-1,False,False,0,0,False,209,0,0,0,0,0,0,0,0,0,0,0,0,0,0,0,1,
0,4649,2026-02-16 16:46:33Z,LLM_Empathetic,6.932041,7.222631,6.64145,0.6112195,0,1.601884,0,0,0,0,0,0,5.500897,4.351972,6.649833,0.592854,0.702737,0.482971,7.399341,6.222301,8.576382,0.5860093,0,2.10841,7.204939,6.108615,8.301265,9.872276,10,9.532898,6.932041,7.222631,6.64145,0.6112195,0,1.601884,0,0,0,0,0,0,5.500897,4.351972,6.649833,0.592854,0.702737,0.482971,7.399341,6.222301,8.576382,0.5860093,0,2.10841,7.204939,6.108615,8.301265,9.872276,10,9.532898,-1,-1,-1,-1,-1,-1,-1,-1,-1,-1,-1,-1,-1,-1,-1,-1,-1,-1,-1,-1,-1,-1,-1,-1,-1,-1,-1,-1,-1,-1,-1,-1,-1,-1,-1,-1,-1,-1,-1,-1,-1,-1,-1,-1,-1,-1,-1,-1,-1,-1,0,0,0,0,0,0,-1,-1,-1,-1,-1,-1,-1,-1,-1,-1,-1,-1,0,0,0,0,0,0,-1,-1,-1,-1,-1,-1,-1,-1,-1,-1,-1,-1,-1,-1,False,False,0,0,False,207,0,0,0,0,0,0,0,0,0,0,0,0,0,0,0,1,
0,4650,2026-02-16 16:46:33Z,LLM_Empathetic,6.932039,7.222631,6.641448,0.6112224,0,1.601886,0,0,0,0,0,0,5.500895,4.351971,6.649829,0.592854,0.702737,0.482971,7.39934,6.222301,8.576379,0.5860112,0,2.108412,7.204937,6.108613,8.30126,9.87227,10,9.53289,6.932039,7.222631,6.641448,0.6112224,0,1.601886,0,0,0,0,0,0,5.500895,4.351971,6.649829,0.592854,0.702737,0.482971,7.39934,6.222301,8.576379,0.5860112,0,2.108412,7.204937,6.108613,8.30126,9.87227,10,9.53289,-1,-1,-1,-1,-1,-1,-1,-1,-1,-1,-1,-1,-1,-1,-1,-1,-1,-1,-1,-1,-1,-1,-1,-1,-1,-1,-1,-1,-1,-1,-1,-1,-1,-1,-1,-1,-1,-1,-1,-1,-1,-1,-1,-1,-1,-1,-1,-1,-1,-1,0,0,0,0,0,0,-1,-1,-1,-1,-1,-1,-1,-1,-1,-1,-1,-1,0,0,0,0,0,0,-1,-1,-1,-1,-1,-1,-1,-1,-1,-1,-1,-1,-1,-1,False,False,0,0,False,209,0,0,0,0,0,0,0,0,0,0,0,0,0,0,0,1,
0,4651,2026-02-16 16:46:33Z,LLM_Empathetic,6.932037,7.22263,6.641444,0.6112254,0,1.601888,0,0,0,0,0,0,5.500893,4.35197,6.649826,0.592854,0.702737,0.482971,7.399339,6.222301,8.576376,0.5860131,0,2.108413,7.204933,6.108612,8.301256,9.872264,10,9.532883,6.932037,7.22263,6.641444,0.6112254,0,1.601888,0,0,0,0,0,0,5.500893,4.35197,6.649826,0.592854,0.702737,0.482971,7.399339,6.222301,8.576376,0.5860131,0,2.108413,7.204933,6.108612,8.301256,9.872264,10,9.532883,-1,-1,-1,-1,-1,-1,-1,-1,-1,-1,-1,-1,-1,-1,-1,-1,-1,-1,-1,-1,-1,-1,-1,-1,-1,-1,-1,-1,-1,-1,-1,-1,-1,-1,-1,-1,-1,-1,-1,-1,-1,-1,-1,-1,-1,-1,-1,-1,-1,-1,0,0,0,0,0,0,-1,-1,-1,-1,-1,-1,-1,-1,-1,-1,-1,-1,0,0,0,0,0,0,-1,-1,-1,-1,-1,-1,-1,-1,-1,-1,-1,-1,-1,-1,False,False,0,0,False,207,0,0,0,0,0,0,0,0,0,0,0,0,0,0,0,1,
0,4652,2026-02-16 16:46:33Z,LLM_Empathetic,6.932035,7.22263,6.641441,0.6112283,0,1.601889,0,0,0,0,0,0,5.500891,4.35197,6.649822,0.592854,0.702737,0.482971,7.399338,6.222302,8.576374,0.586015,0,2.108415,7.20493,6.10861,8.301251,9.872257,10,9.532874,6.932035,7.22263,6.641441,0.6112283,0,1.601889,0,0,0,0,0,0,5.500891,4.35197,6.649822,0.592854,0.702737,0.482971,7.399338,6.222302,8.576374,0.586015,0,2.108415,7.20493,6.10861,8.301251,9.872257,10,9.532874,-1,-1,-1,-1,-1,-1,-1,-1,-1,-1,-1,-1,-1,-1,-1,-1,-1,-1,-1,-1,-1,-1,-1,-1,-1,-1,-1,-1,-1,-1,-1,-1,-1,-1,-1,-1,-1,-1,-1,-1,-1,-1,-1,-1,-1,-1,-1,-1,-1,-1,0,0,0,0,0,0,-1,-1,-1,-1,-1,-1,-1,-1,-1,-1,-1,-1,0,0,0,0,0,0,-1,-1,-1,-1,-1,-1,-1,-1,-1,-1,-1,-1,-1,-1,False,False,0,0,False,209,0,0,0,0,0,0,0,0,0,0,0,0,0,0,0,1,
0,4653,2026-02-16 16:46:33Z,LLM_Empathetic,6.932034,7.22263,6.641438,0.6112313,0,1.601891,0,0,0,0,0,0,5.500888,4.351969,6.649818,0.592854,0.702737,0.482971,7.399337,6.222303,8.576371,0.5860169,0,2.108417,7.204927,6.108609,8.301247,9.872252,10,9.532866,6.932034,7.22263,6.641438,0.6112313,0,1.601891,0,0,0,0,0,0,5.500888,4.351969,6.649818,0.592854,0.702737,0.482971,7.399337,6.222303,8.576371,0.5860169,0,2.108417,7.204927,6.108609,8.301247,9.872252,10,9.532866,-1,-1,-1,-1,-1,-1,-1,-1,-1,-1,-1,-1,-1,-1,-1,-1,-1,-1,-1,-1,-1,-1,-1,-1,-1,-1,-1,-1,-1,-1,-1,-1,-1,-1,-1,-1,-1,-1,-1,-1,-1,-1,-1,-1,-1,-1,-1,-1,-1,-1,0,0,0,0,0,0,-1,-1,-1,-1,-1,-1,-1,-1,-1,-1,-1,-1,0,0,0,0,0,0,-1,-1,-1,-1,-1,-1,-1,-1,-1,-1,-1,-1,-1,-1,False,False,0,0,False,209,0,0,0,0,0,0,0,0,0,0,0,0,0,0,0,1,
0,4654,2026-02-16 16:46:33Z,LLM_Empathetic,6.93203,7.222629,6.641431,0.6112372,0,1.601894,0,0,0,0,0,0,5.500884,4.351967,6.649811,0.592854,0.702737,0.482971,7.399335,6.222304,8.576366,0.5860207,0,2.108421,7.204921,6.108605,8.301237,9.872239,10,9.532851,6.93203,7.222629,6.641431,0.6112372,0,1.601894,0,0,0,0,0,0,5.500884,4.351967,6.649811,0.592854,0.702737,0.482971,7.399335,6.222304,8.576366,0.5860207,0,2.108421,7.204921,6.108605,8.301237,9.872239,10,9.532851,-1,-1,-1,-1,-1,-1,-1,-1,-1,-1,-1,-1,-1,-1,-1,-1,-1,-1,-1,-1,-1,-1,-1,-1,-1,-1,-1,-1,-1,-1,-1,-1,-1,-1,-1,-1,-1,-1,-1,-1,-1,-1,-1,-1,-1,-1,-1,-1,-1,-1,0,0,0,0,0,0,-1,-1,-1,-1,-1,-1,-1,-1,-1,-1,-1,-1,0,0,0,0,0,0,-1,-1,-1,-1,-1,-1,-1,-1,-1,-1,-1,-1,-1,-1,False,False,0,0,False,209,0,0,0,0,0,0,0,0,0,0,0,0,0,0,0,1,
0,4655,2026-02-16 16:46:33Z,LLM_Empathetic,6.932028,7.222629,6.641428,0.6112401,0,1.601896,0,0,0,0,0,0,5.500882,4.351966,6.649807,0.592854,0.702737,0.482971,7.399333,6.222304,8.576364,0.5860226,0,2.108423,7.204918,6.108603,8.301233,9.872232,10,9.532844,6.932028,7.222629,6.641428,0.6112401,0,1.601896,0,0,0,0,0,0,5.500882,4.351966,6.649807,0.592854,0.702737,0.482971,7.399333,6.222304,8.576364,0.5860226,0,2.108423,7.204918,6.108603,8.301233,9.872232,10,9.532844,-1,-1,-1,-1,-1,-1,-1,-1,-1,-1,-1,-1,-1,-1,-1,-1,-1,-1,-1,-1,-1,-1,-1,-1,-1,-1,-1,-1,-1,-1,-1,-1,-1,-1,-1,-1,-1,-1,-1,-1,-1,-1,-1,-1,-1,-1,-1,-1,-1,-1,0,0,0,0,0,0,-1,-1,-1,-1,-1,-1,-1,-1,-1,-1,-1,-1,0,0,0,0,0,0,-1,-1,-1,-1,-1,-1,-1,-1,-1,-1,-1,-1,-1,-1,False,False,0,0,False,207,0,0,0,0,0,0,0,0,0,0,0,0,0,0,0,1,
0,4656,2026-02-16 16:46:33Z,LLM_Empathetic,6.932027,7.222628,6.641425,0.6112431,0,1.601897,0,0,0,0,0,0,5.500879,4.351966,6.649803,0.592854,0.702737,0.482971,7.399333,6.222305,8.576361,0.5860245,0,2.108425,7.204915,6.108602,8.301229,9.872227,10,9.532836,6.932027,7.222628,6.641425,0.6112431,0,1.601897,0,0,0,0,0,0,5.500879,4.351966,6.649803,0.592854,0.702737,0.482971,7.399333,6.222305,8.576361,0.5860245,0,2.108425,7.204915,6.108602,8.301229,9.872227,10,9.532836,-1,-1,-1,-1,-1,-1,-1,-1,-1,-1,-1,-1,-1,-1,-1,-1,-1,-1,-1,-1,-1,-1,-1,-1,-1,-1,-1,-1,-1,-1,-1,-1,-1,-1,-1,-1,-1,-1,-1,-1,-1,-1,-1,-1,-1,-1,-1,-1,-1,-1,0,0,0,0,0,0,-1,-1,-1,-1,-1,-1,-1,-1,-1,-1,-1,-1,0,0,0,0,0,0,-1,-1,-1,-1,-1,-1,-1,-1,-1,-1,-1,-1,-1,-1,False,False,0,0,False,209,0,0,0,0,0,0,0,0,0,0,0,0,0,0,0,1,
0,4657,2026-02-16 16:46:33Z,LLM_Empathetic,6.932025,7.222628,6.641422,0.6112461,0,1.601899,0,0,0,0,0,0,5.500877,4.351965,6.649799,0.592854,0.702737,0.482971,7.399332,6.222305,8.576358,0.5860264,0,2.108427,7.204912,6.1086,8.301224,9.87222,10,9.532827,6.932025,7.222628,6.641422,0.6112461,0,1.601899,0,0,0,0,0,0,5.500877,4.351965,6.649799,0.592854,0.702737,0.482971,7.399332,6.222305,8.576358,0.5860264,0,2.108427,7.204912,6.1086,8.301224,9.87222,10,9.532827,-1,-1,-1,-1,-1,-1,-1,-1,-1,-1,-1,-1,-1,-1,-1,-1,-1,-1,-1,-1,-1,-1,-1,-1,-1,-1,-1,-1,-1,-1,-1,-1,-1,-1,-1,-1,-1,-1,-1,-1,-1,-1,-1,-1,-1,-1,-1,-1,-1,-1,0,0,0,0,0,0,-1,-1,-1,-1,-1,-1,-1,-1,-1,-1,-1,-1,0,0,0,0,0,0,-1,-1,-1,-1,-1,-1,-1,-1,-1,-1,-1,-1,-1,-1,False,False,0,0,False,207,0,0,0,0,0,0,0,0,0,0,0,0,0,0,0,1,
0,4658,2026-02-16 16:46:33Z,LLM_Empathetic,6.932023,7.222628,6.641419,0.6112491,0,1.601901,0,0,0,0,0,0,5.500875,4.351964,6.649796,0.592854,0.702737,0.482971,7.399331,6.222306,8.576356,0.5860283,0,2.108429,7.204908,6.108598,8.301219,9.872214,10,9.53282,6.932023,7.222628,6.641419,0.6112491,0,1.601901,0,0,0,0,0,0,5.500875,4.351964,6.649796,0.592854,0.702737,0.482971,7.399331,6.222306,8.576356,0.5860283,0,2.108429,7.204908,6.108598,8.301219,9.872214,10,9.53282,-1,-1,-1,-1,-1,-1,-1,-1,-1,-1,-1,-1,-1,-1,-1,-1,-1,-1,-1,-1,-1,-1,-1,-1,-1,-1,-1,-1,-1,-1,-1,-1,-1,-1,-1,-1,-1,-1,-1,-1,-1,-1,-1,-1,-1,-1,-1,-1,-1,-1,0,0,0,0,0,0,-1,-1,-1,-1,-1,-1,-1,-1,-1,-1,-1,-1,0,0,0,0,0,0,-1,-1,-1,-1,-1,-1,-1,-1,-1,-1,-1,-1,-1,-1,False,False,0,0,False,207,0,0,0,0,0,0,0,0,0,0,0,0,0,0,0,1,
0,4659,2026-02-16 16:46:33Z,LLM_Empathetic,6.932022,7.222627,6.641416,0.6112521,0,1.601902,0,0,0,0,0,0,5.500873,4.351964,6.649792,0.592854,0.702737,0.482971,7.39933,6.222306,8.576353,0.5860302,0,2.108431,7.204906,6.108597,8.301215,9.872208,10,9.532812,6.932022,7.222627,6.641416,0.6112521,0,1.601902,0,0,0,0,0,0,5.500873,4.351964,6.649792,0.592854,0.702737,0.482971,7.39933,6.222306,8.576353,0.5860302,0,2.108431,7.204906,6.108597,8.301215,9.872208,10,9.532812,-1,-1,-1,-1,-1,-1,-1,-1,-1,-1,-1,-1,-1,-1,-1,-1,-1,-1,-1,-1,-1,-1,-1,-1,-1,-1,-1,-1,-1,-1,-1,-1,-1,-1,-1,-1,-1,-1,-1,-1,-1,-1,-1,-1,-1,-1,-1,-1,-1,-1,0,0,0,0,0,0,-1,-1,-1,-1,-1,-1,-1,-1,-1,-1,-1,-1,0,0,0,0,0,0,-1,-1,-1,-1,-1,-1,-1,-1,-1,-1,-1,-1,-1,-1,False,False,0,0,False,207,0,0,0,0,0,0,0,0,0,0,0,0,0,0,0,1,
0,4660,2026-02-16 16:46:33Z,LLM_Empathetic,6.93202,7.222627,6.641412,0.611255,0,1.601904,0,0,0,0,0,0,5.50087,4.351963,6.649788,0.592854,0.702737,0.482971,7.399329,6.222307,8.57635,0.5860321,0,2.108433,7.204902,6.108595,8.30121,9.872202,10,9.532804,6.93202,7.222627,6.641412,0.611255,0,1.601904,0,0,0,0,0,0,5.50087,4.351963,6.649788,0.592854,0.702737,0.482971,7.399329,6.222307,8.57635,0.5860321,0,2.108433,7.204902,6.108595,8.30121,9.872202,10,9.532804,-1,-1,-1,-1,-1,-1,-1,-1,-1,-1,-1,-1,-1,-1,-1,-1,-1,-1,-1,-1,-1,-1,-1,-1,-1,-1,-1,-1,-1,-1,-1,-1,-1,-1,-1,-1,-1,-1,-1,-1,-1,-1,-1,-1,-1,-1,-1,-1,-1,-1,0,0,0,0,0,0,-1,-1,-1,-1,-1,-1,-1,-1,-1,-1,-1,-1,0,0,0,0,0,0,-1,-1,-1,-1,-1,-1,-1,-1,-1,-1,-1,-1,-1,-1,False,False,0,0,False,209,0,0,0,0,0,0,0,0,0,0,0,0,0,0,0,1,
0,4661,2026-02-16 16:46:33Z,LLM_Empathetic,6.932018,7.222627,6.641409,0.611258,0,1.601906,0,0,0,0,0,0,5.500868,4.351962,6.649785,0.592854,0.702737,0.482971,7.399327,6.222307,8.576348,0.586034,0,2.108434,7.204899,6.108593,8.301206,9.872195,10,9.532797,6.932018,7.222627,6.641409,0.611258,0,1.601906,0,0,0,0,0,0,5.500868,4.351962,6.649785,0.592854,0.702737,0.482971,7.399327,6.222307,8.576348,0.586034,0,2.108434,7.204899,6.108593,8.301206,9.872195,10,9.532797,-1,-1,-1,-1,-1,-1,-1,-1,-1,-1,-1,-1,-1,-1,-1,-1,-1,-1,-1,-1,-1,-1,-1,-1,-1,-1,-1,-1,-1,-1,-1,-1,-1,-1,-1,-1,-1,-1,-1,-1,-1,-1,-1,-1,-1,-1,-1,-1,-1,-1,0,0,0,0,0,0,-1,-1,-1,-1,-1,-1,-1,-1,-1,-1,-1,-1,0,0,0,0,0,0,-1,-1,-1,-1,-1,-1,-1,-1,-1,-1,-1,-1,-1,-1,False,False,0,0,False,207,0,0,0,0,0,0,0,0,0,0,0,0,0,0,0,1,
0,4662,2026-02-16 16:46:33Z,LLM_Empathetic,6.932014,7.222626,6.641403,0.6112639,0,1.601909,0,0,0,0,0,0,5.500864,4.351961,6.649777,0.592854,0.702737,0.482971,7.399325,6.222309,8.576343,0.5860378,0,2.108438,7.204893,6.10859,8.301197,9.872183,10,9.532781,6.932014,7.222626,6.641403,0.6112639,0,1.601909,0,0,0,0,0,0,5.500864,4.351961,6.649777,0.592854,0.702737,0.482971,7.399325,6.222309,8.576343,0.5860378,0,2.108438,7.204893,6.10859,8.301197,9.872183,10,9.532781,-1,-1,-1,-1,-1,-1,-1,-1,-1,-1,-1,-1,-1,-1,-1,-1,-1,-1,-1,-1,-1,-1,-1,-1,-1,-1,-1,-1,-1,-1,-1,-1,-1,-1,-1,-1,-1,-1,-1,-1,-1,-1,-1,-1,-1,-1,-1,-1,-1,-1,0,0,0,0,0,0,-1,-1,-1,-1,-1,-1,-1,-1,-1,-1,-1,-1,0,0,0,0,0,0,-1,-1,-1,-1,-1,-1,-1,-1,-1,-1,-1,-1,-1,-1,False,False,0,0,False,209,0,0,0,0,0,0,0,0,0,0,0,0,0,0,0,1,
0,4663,2026-02-16 16:46:33Z,LLM_Empathetic,6.932013,7.222626,6.6414,0.6112669,0,1.601911,0,0,0,0,0,0,5.500861,4.35196,6.649773,0.592854,0.702737,0.482971,7.399324,6.222309,8.576341,0.5860397,0,2.10844,7.20489,6.108588,8.301192,9.872176,10,9.532773,6.932013,7.222626,6.6414,0.6112669,0,1.601911,0,0,0,0,0,0,5.500861,4.35196,6.649773,0.592854,0.702737,0.482971,7.399324,6.222309,8.576341,0.5860397,0,2.10844,7.20489,6.108588,8.301192,9.872176,10,9.532773,-1,-1,-1,-1,-1,-1,-1,-1,-1,-1,-1,-1,-1,-1,-1,-1,-1,-1,-1,-1,-1,-1,-1,-1,-1,-1,-1,-1,-1,-1,-1,-1,-1,-1,-1,-1,-1,-1,-1,-1,-1,-1,-1,-1,-1,-1,-1,-1,-1,-1,0,0,0,0,0,0,-1,-1,-1,-1,-1,-1,-1,-1,-1,-1,-1,-1,0,0,0,0,0,0,-1,-1,-1,-1,-1,-1,-1,-1,-1,-1,-1,-1,-1,-1,False,False,0,0,False,209,0,0,0,0,0,0,0,0,0,0,0,0,0,0,0,1,
0,4664,2026-02-16 16:46:33Z,LLM_Empathetic,6.932011,7.222625,6.641397,0.6112699,0,1.601912,0,0,0,0,0,0,5.500859,4.351959,6.649769,0.592854,0.702737,0.482971,7.399323,6.22231,8.576338,0.5860416,0,2.108442,7.204886,6.108587,8.301188,9.87217,10,9.532765,6.932011,7.222625,6.641397,0.6112699,0,1.601912,0,0,0,0,0,0,5.500859,4.351959,6.649769,0.592854,0.702737,0.482971,7.399323,6.22231,8.576338,0.5860416,0,2.108442,7.204886,6.108587,8.301188,9.87217,10,9.532765,-1,-1,-1,-1,-1,-1,-1,-1,-1,-1,-1,-1,-1,-1,-1,-1,-1,-1,-1,-1,-1,-1,-1,-1,-1,-1,-1,-1,-1,-1,-1,-1,-1,-1,-1,-1,-1,-1,-1,-1,-1,-1,-1,-1,-1,-1,-1,-1,-1,-1,0,0,0,0,0,0,-1,-1,-1,-1,-1,-1,-1,-1,-1,-1,-1,-1,0,0,0,0,0,0,-1,-1,-1,-1,-1,-1,-1,-1,-1,-1,-1,-1,-1,-1,False,False,0,0,False,209,0,0,0,0,0,0,0,0,0,0,0,0,0,0,0,1,
0,4665,2026-02-16 16:46:34Z,LLM_Empathetic,6.932009,7.222625,6.641393,0.6112729,0,1.601914,0,0,0,0,0,0,5.500857,4.351958,6.649765,0.592854,0.702737,0.482971,7.399323,6.22231,8.576335,0.5860435,0,2.108444,7.204884,6.108585,8.301183,9.872164,10,9.532757,6.932009,7.222625,6.641393,0.6112729,0,1.601914,0,0,0,0,0,0,5.500857,4.351958,6.649765,0.592854,0.702737,0.482971,7.399323,6.22231,8.576335,0.5860435,0,2.108444,7.204884,6.108585,8.301183,9.872164,10,9.532757,-1,-1,-1,-1,-1,-1,-1,-1,-1,-1,-1,-1,-1,-1,-1,-1,-1,-1,-1,-1,-1,-1,-1,-1,-1,-1,-1,-1,-1,-1,-1,-1,-1,-1,-1,-1,-1,-1,-1,-1,-1,-1,-1,-1,-1,-1,-1,-1,-1,-1,0,0,0,0,0,0,-1,-1,-1,-1,-1,-1,-1,-1,-1,-1,-1,-1,0,0,0,0,0,0,-1,-1,-1,-1,-1,-1,-1,-1,-1,-1,-1,-1,-1,-1,False,False,0,0,False,207,0,0,0,0,0,0,0,0,0,0,0,0,0,0,0,1,
0,4666,2026-02-16 16:46:34Z,LLM_Empathetic,6.932007,7.222625,6.64139,0.6112759,0,1.601915,0,0,0,0,0,0,5.500854,4.351958,6.649762,0.592854,0.702737,0.482971,7.399322,6.222311,8.576332,0.5860454,0,2.108446,7.20488,6.108583,8.301178,9.872158,10,9.532749,6.932007,7.222625,6.64139,0.6112759,0,1.601915,0,0,0,0,0,0,5.500854,4.351958,6.649762,0.592854,0.702737,0.482971,7.399322,6.222311,8.576332,0.5860454,0,2.108446,7.20488,6.108583,8.301178,9.872158,10,9.532749,-1,-1,-1,-1,-1,-1,-1,-1,-1,-1,-1,-1,-1,-1,-1,-1,-1,-1,-1,-1,-1,-1,-1,-1,-1,-1,-1,-1,-1,-1,-1,-1,-1,-1,-1,-1,-1,-1,-1,-1,-1,-1,-1,-1,-1,-1,-1,-1,-1,-1,0,0,0,0,0,0,-1,-1,-1,-1,-1,-1,-1,-1,-1,-1,-1,-1,0,0,0,0,0,0,-1,-1,-1,-1,-1,-1,-1,-1,-1,-1,-1,-1,-1,-1,False,False,0,0,False,209,0,0,0,0,0,0,0,0,0,0,0,0,0,0,0,1,
0,4667,2026-02-16 16:46:34Z,LLM_Empathetic,6.932006,7.222624,6.641387,0.6112788,0,1.601917,0,0,0,0,0,0,5.500852,4.351957,6.649758,0.592854,0.702737,0.482971,7.39932,6.222311,8.57633,0.5860474,0,2.108448,7.204877,6.108582,8.301174,9.872151,10,9.532742,6.932006,7.222624,6.641387,0.6112788,0,1.601917,0,0,0,0,0,0,5.500852,4.351957,6.649758,0.592854,0.702737,0.482971,7.39932,6.222311,8.57633,0.5860474,0,2.108448,7.204877,6.108582,8.301174,9.872151,10,9.532742,-1,-1,-1,-1,-1,-1,-1,-1,-1,-1,-1,-1,-1,-1,-1,-1,-1,-1,-1,-1,-1,-1,-1,-1,-1,-1,-1,-1,-1,-1,-1,-1,-1,-1,-1,-1,-1,-1,-1,-1,-1,-1,-1,-1,-1,-1,-1,-1,-1,-1,0,0,0,0,0,0,-1,-1,-1,-1,-1,-1,-1,-1,-1,-1,-1,-1,0,0,0,0,0,0,-1,-1,-1,-1,-1,-1,-1,-1,-1,-1,-1,-1,-1,-1,False,False,0,0,False,207,0,0,0,0,0,0,0,0,0,0,0,0,0,0,0,1,
0,4668,2026-02-16 16:46:34Z,LLM_Empathetic,6.932004,7.222624,6.641384,0.6112818,0,1.601919,0,0,0,0,0,0,5.50085,4.351956,6.649754,0.592854,0.702737,0.482971,7.399319,6.222311,8.576327,0.5860493,0,2.10845,7.204874,6.10858,8.301169,9.872146,10,9.532734,6.932004,7.222624,6.641384,0.6112818,0,1.601919,0,0,0,0,0,0,5.50085,4.351956,6.649754,0.592854,0.702737,0.482971,7.399319,6.222311,8.576327,0.5860493,0,2.10845,7.204874,6.10858,8.301169,9.872146,10,9.532734,-1,-1,-1,-1,-1,-1,-1,-1,-1,-1,-1,-1,-1,-1,-1,-1,-1,-1,-1,-1,-1,-1,-1,-1,-1,-1,-1,-1,-1,-1,-1,-1,-1,-1,-1,-1,-1,-1,-1,-1,-1,-1,-1,-1,-1,-1,-1,-1,-1,-1,0,0,0,0,0,0,-1,-1,-1,-1,-1,-1,-1,-1,-1,-1,-1,-1,0,0,0,0,0,0,-1,-1,-1,-1,-1,-1,-1,-1,-1,-1,-1,-1,-1,-1,False,False,0,0,False,209,0,0,0,0,0,0,0,0,0,0,0,0,0,0,0,1,
0,4669,2026-02-16 16:46:34Z,LLM_Empathetic,6.932002,7.222624,6.641381,0.6112848,0,1.60192,0,0,0,0,0,0,5.500848,4.351955,6.649751,0.592854,0.702737,0.482971,7.399318,6.222312,8.576324,0.5860512,0,2.108452,7.204871,6.108578,8.301165,9.872139,10,9.532725,6.932002,7.222624,6.641381,0.6112848,0,1.60192,0,0,0,0,0,0,5.500848,4.351955,6.649751,0.592854,0.702737,0.482971,7.399318,6.222312,8.576324,0.5860512,0,2.108452,7.204871,6.108578,8.301165,9.872139,10,9.532725,-1,-1,-1,-1,-1,-1,-1,-1,-1,-1,-1,-1,-1,-1,-1,-1,-1,-1,-1,-1,-1,-1,-1,-1,-1,-1,-1,-1,-1,-1,-1,-1,-1,-1,-1,-1,-1,-1,-1,-1,-1,-1,-1,-1,-1,-1,-1,-1,-1,-1,0,0,0,0,0,0,-1,-1,-1,-1,-1,-1,-1,-1,-1,-1,-1,-1,0,0,0,0,0,0,-1,-1,-1,-1,-1,-1,-1,-1,-1,-1,-1,-1,-1,-1,False,False,0,0,False,207,0,0,0,0,0,0,0,0,0,0,0,0,0,0,0,1,
0,4670,2026-02-16 16:46:34Z,LLM_Empathetic,6.931999,7.222623,6.641374,0.6112908,0,1.601924,0,0,0,0,0,0,5.500843,4.351954,6.649743,0.592854,0.702737,0.482971,7.399316,6.222313,8.57632,0.586055,0,2.108455,7.204865,6.108575,8.301155,9.872127,10,9.53271,6.931999,7.222623,6.641374,0.6112908,0,1.601924,0,0,0,0,0,0,5.500843,4.351954,6.649743,0.592854,0.702737,0.482971,7.399316,6.222313,8.57632,0.586055,0,2.108455,7.204865,6.108575,8.301155,9.872127,10,9.53271,-1,-1,-1,-1,-1,-1,-1,-1,-1,-1,-1,-1,-1,-1,-1,-1,-1,-1,-1,-1,-1,-1,-1,-1,-1,-1,-1,-1,-1,-1,-1,-1,-1,-1,-1,-1,-1,-1,-1,-1,-1,-1,-1,-1,-1,-1,-1,-1,-1,-1,0,0,0,0,0,0,-1,-1,-1,-1,-1,-1,-1,-1,-1,-1,-1,-1,0,0,0,0,0,0,-1,-1,-1,-1,-1,-1,-1,-1,-1,-1,-1,-1,-1,-1,False,False,0,0,False,209,0,0,0,0,0,0,0,0,0,0,0,0,0,0,0,1,
0,4671,2026-02-16 16:46:34Z,LLM_Empathetic,6.931997,7.222623,6.641371,0.6112937,0,1.601925,0,0,0,0,0,0,5.500841,4.351953,6.649739,0.592854,0.702737,0.482971,7.399315,6.222314,8.576317,0.5860569,0,2.108457,7.204862,6.108573,8.301151,9.87212,10,9.532702,6.931997,7.222623,6.641371,0.6112937,0,1.601925,0,0,0,0,0,0,5.500841,4.351953,6.649739,0.592854,0.702737,0.482971,7.399315,6.222314,8.576317,0.5860569,0,2.108457,7.204862,6.108573,8.301151,9.87212,10,9.532702,-1,-1,-1,-1,-1,-1,-1,-1,-1,-1,-1,-1,-1,-1,-1,-1,-1,-1,-1,-1,-1,-1,-1,-1,-1,-1,-1,-1,-1,-1,-1,-1,-1,-1,-1,-1,-1,-1,-1,-1,-1,-1,-1,-1,-1,-1,-1,-1,-1,-1,0,0,0,0,0,0,-1,-1,-1,-1,-1,-1,-1,-1,-1,-1,-1,-1,0,0,0,0,0,0,-1,-1,-1,-1,-1,-1,-1,-1,-1,-1,-1,-1,-1,-1,False,False,0,0,False,209,0,0,0,0,0,0,0,0,0,0,0,0,0,0,0,1,
0,4672,2026-02-16 16:46:34Z,LLM_Empathetic,6.931995,7.222622,6.641368,0.6112968,0,1.601927,0,0,0,0,0,0,5.500839,4.351953,6.649735,0.592854,0.702737,0.482971,7.399314,6.222314,8.576314,0.5860588,0,2.108459,7.204858,6.108572,8.301147,9.872114,10,9.532694,6.931995,7.222622,6.641368,0.6112968,0,1.601927,0,0,0,0,0,0,5.500839,4.351953,6.649735,0.592854,0.702737,0.482971,7.399314,6.222314,8.576314,0.5860588,0,2.108459,7.204858,6.108572,8.301147,9.872114,10,9.532694,-1,-1,-1,-1,-1,-1,-1,-1,-1,-1,-1,-1,-1,-1,-1,-1,-1,-1,-1,-1,-1,-1,-1,-1,-1,-1,-1,-1,-1,-1,-1,-1,-1,-1,-1,-1,-1,-1,-1,-1,-1,-1,-1,-1,-1,-1,-1,-1,-1,-1,0,0,0,0,0,0,-1,-1,-1,-1,-1,-1,-1,-1,-1,-1,-1,-1,0,0,0,0,0,0,-1,-1,-1,-1,-1,-1,-1,-1,-1,-1,-1,-1,-1,-1,False,False,0,0,False,209,0,0,0,0,0,0,0,0,0,0,0,0,0,0,0,1,
0,4673,2026-02-16 16:46:34Z,LLM_Empathetic,6.931993,7.222622,6.641365,0.6112998,0,1.601929,0,0,0,0,0,0,5.500836,4.351952,6.649732,0.592854,0.702737,0.482971,7.399313,6.222315,8.576312,0.5860607,0,2.108461,7.204855,6.10857,8.301142,9.872108,10,9.532686,6.931993,7.222622,6.641365,0.6112998,0,1.601929,0,0,0,0,0,0,5.500836,4.351952,6.649732,0.592854,0.702737,0.482971,7.399313,6.222315,8.576312,0.5860607,0,2.108461,7.204855,6.10857,8.301142,9.872108,10,9.532686,-1,-1,-1,-1,-1,-1,-1,-1,-1,-1,-1,-1,-1,-1,-1,-1,-1,-1,-1,-1,-1,-1,-1,-1,-1,-1,-1,-1,-1,-1,-1,-1,-1,-1,-1,-1,-1,-1,-1,-1,-1,-1,-1,-1,-1,-1,-1,-1,-1,-1,0,0,0,0,0,0,-1,-1,-1,-1,-1,-1,-1,-1,-1,-1,-1,-1,0,0,0,0,0,0,-1,-1,-1,-1,-1,-1,-1,-1,-1,-1,-1,-1,-1,-1,False,False,0,0,False,209,0,0,0,0,0,0,0,0,0,0,0,0,0,0,0,1,
0,4674,2026-02-16 16:46:34Z,LLM_Empathetic,6.931992,7.222622,6.641361,0.6113027,0,1.60193,0,0,0,0,0,0,5.500834,4.351951,6.649728,0.592854,0.702737,0.482971,7.399312,6.222315,8.576309,0.5860627,0,2.108463,7.204852,6.108568,8.301137,9.872102,10,9.532679,6.931992,7.222622,6.641361,0.6113027,0,1.60193,0,0,0,0,0,0,5.500834,4.351951,6.649728,0.592854,0.702737,0.482971,7.399312,6.222315,8.576309,0.5860627,0,2.108463,7.204852,6.108568,8.301137,9.872102,10,9.532679,-1,-1,-1,-1,-1,-1,-1,-1,-1,-1,-1,-1,-1,-1,-1,-1,-1,-1,-1,-1,-1,-1,-1,-1,-1,-1,-1,-1,-1,-1,-1,-1,-1,-1,-1,-1,-1,-1,-1,-1,-1,-1,-1,-1,-1,-1,-1,-1,-1,-1,0,0,0,0,0,0,-1,-1,-1,-1,-1,-1,-1,-1,-1,-1,-1,-1,0,0,0,0,0,0,-1,-1,-1,-1,-1,-1,-1,-1,-1,-1,-1,-1,-1,-1,False,False,0,0,False,209,0,0,0,0,0,0,0,0,0,0,0,0,0,0,0,1,
0,4675,2026-02-16 16:46:34Z,LLM_Empathetic,6.93199,7.222621,6.641358,0.6113057,0,1.601932,0,0,0,0,0,0,5.500832,4.35195,6.649724,0.592854,0.702737,0.482971,7.399311,6.222316,8.576306,0.5860646,0,2.108465,7.204849,6.108566,8.301132,9.872095,10,9.532671,6.93199,7.222621,6.641358,0.6113057,0,1.601932,0,0,0,0,0,0,5.500832,4.35195,6.649724,0.592854,0.702737,0.482971,7.399311,6.222316,8.576306,0.5860646,0,2.108465,7.204849,6.108566,8.301132,9.872095,10,9.532671,-1,-1,-1,-1,-1,-1,-1,-1,-1,-1,-1,-1,-1,-1,-1,-1,-1,-1,-1,-1,-1,-1,-1,-1,-1,-1,-1,-1,-1,-1,-1,-1,-1,-1,-1,-1,-1,-1,-1,-1,-1,-1,-1,-1,-1,-1,-1,-1,-1,-1,0,0,0,0,0,0,-1,-1,-1,-1,-1,-1,-1,-1,-1,-1,-1,-1,0,0,0,0,0,0,-1,-1,-1,-1,-1,-1,-1,-1,-1,-1,-1,-1,-1,-1,False,False,0,0,False,209,0,0,0,0,0,0,0,0,0,0,0,0,0,0,0,1,
0,4676,2026-02-16 16:46:34Z,LLM_Empathetic,6.931988,7.222621,6.641355,0.6113087,0,1.601934,0,0,0,0,0,0,5.50083,4.351949,6.64972,0.592854,0.702737,0.482971,7.39931,6.222316,8.576303,0.5860665,0,2.108467,7.204846,6.108564,8.301128,9.872088,10,9.532662,6.931988,7.222621,6.641355,0.6113087,0,1.601934,0,0,0,0,0,0,5.50083,4.351949,6.64972,0.592854,0.702737,0.482971,7.39931,6.222316,8.576303,0.5860665,0,2.108467,7.204846,6.108564,8.301128,9.872088,10,9.532662,-1,-1,-1,-1,-1,-1,-1,-1,-1,-1,-1,-1,-1,-1,-1,-1,-1,-1,-1,-1,-1,-1,-1,-1,-1,-1,-1,-1,-1,-1,-1,-1,-1,-1,-1,-1,-1,-1,-1,-1,-1,-1,-1,-1,-1,-1,-1,-1,-1,-1,0,0,0,0,0,0,-1,-1,-1,-1,-1,-1,-1,-1,-1,-1,-1,-1,0,0,0,0,0,0,-1,-1,-1,-1,-1,-1,-1,-1,-1,-1,-1,-1,-1,-1,False,False,0,0,False,209,0,0,0,0,0,0,0,0,0,0,0,0,0,0,0,1,
0,4677,2026-02-16 16:46:34Z,LLM_Empathetic,6.931986,7.222621,6.641352,0.6113117,0,1.601935,0,0,0,0,0,0,5.500827,4.351949,6.649716,0.592854,0.702737,0.482971,7.399309,6.222317,8.576302,0.5860684,0,2.108469,7.204843,6.108563,8.301124,9.872083,10,9.532655,6.931986,7.222621,6.641352,0.6113117,0,1.601935,0,0,0,0,0,0,5.500827,4.351949,6.649716,0.592854,0.702737,0.482971,7.399309,6.222317,8.576302,0.5860684,0,2.108469,7.204843,6.108563,8.301124,9.872083,10,9.532655,-1,-1,-1,-1,-1,-1,-1,-1,-1,-1,-1,-1,-1,-1,-1,-1,-1,-1,-1,-1,-1,-1,-1,-1,-1,-1,-1,-1,-1,-1,-1,-1,-1,-1,-1,-1,-1,-1,-1,-1,-1,-1,-1,-1,-1,-1,-1,-1,-1,-1,0,0,0,0,0,0,-1,-1,-1,-1,-1,-1,-1,-1,-1,-1,-1,-1,0,0,0,0,0,0,-1,-1,-1,-1,-1,-1,-1,-1,-1,-1,-1,-1,-1,-1,False,False,0,0,False,209,0,0,0,0,0,0,0,0,0,0,0,0,0,0,0,1,
0,4678,2026-02-16 16:46:34Z,LLM_Empathetic,6.931984,7.22262,6.641348,0.6113147,0,1.601937,0,0,0,0,0,0,5.500825,4.351948,6.649713,0.592854,0.702737,0.482971,7.399308,6.222318,8.576299,0.5860703,0,2.108471,7.20484,6.108561,8.301119,9.872076,10,9.532647,6.931984,7.22262,6.641348,0.6113147,0,1.601937,0,0,0,0,0,0,5.500825,4.351948,6.649713,0.592854,0.702737,0.482971,7.399308,6.222318,8.576299,0.5860703,0,2.108471,7.20484,6.108561,8.301119,9.872076,10,9.532647,-1,-1,-1,-1,-1,-1,-1,-1,-1,-1,-1,-1,-1,-1,-1,-1,-1,-1,-1,-1,-1,-1,-1,-1,-1,-1,-1,-1,-1,-1,-1,-1,-1,-1,-1,-1,-1,-1,-1,-1,-1,-1,-1,-1,-1,-1,-1,-1,-1,-1,0,0,0,0,0,0,-1,-1,-1,-1,-1,-1,-1,-1,-1,-1,-1,-1,0,0,0,0,0,0,-1,-1,-1,-1,-1,-1,-1,-1,-1,-1,-1,-1,-1,-1,False,False,0,0,False,209,0,0,0,0,0,0,0,0,0,0,0,0,0,0,0,1,
0,4679,2026-02-16 16:46:34Z,LLM_Empathetic,6.931981,7.22262,6.641342,0.6113207,0,1.60194,0,0,0,0,0,0,5.500821,4.351946,6.649705,0.592854,0.702737,0.482971,7.399306,6.222319,8.576294,0.5860742,0,2.108474,7.204833,6.108558,8.301109,9.872064,10,9.532631,6.931981,7.22262,6.641342,0.6113207,0,1.60194,0,0,0,0,0,0,5.500821,4.351946,6.649705,0.592854,0.702737,0.482971,7.399306,6.222319,8.576294,0.5860742,0,2.108474,7.204833,6.108558,8.301109,9.872064,10,9.532631,-1,-1,-1,-1,-1,-1,-1,-1,-1,-1,-1,-1,-1,-1,-1,-1,-1,-1,-1,-1,-1,-1,-1,-1,-1,-1,-1,-1,-1,-1,-1,-1,-1,-1,-1,-1,-1,-1,-1,-1,-1,-1,-1,-1,-1,-1,-1,-1,-1,-1,0,0,0,0,0,0,-1,-1,-1,-1,-1,-1,-1,-1,-1,-1,-1,-1,0,0,0,0,0,0,-1,-1,-1,-1,-1,-1,-1,-1,-1,-1,-1,-1,-1,-1,False,False,0,0,False,209,0,0,0,0,0,0,0,0,0,0,0,0,0,0,0,1,
0,4680,2026-02-16 16:46:34Z,LLM_Empathetic,6.931979,7.22262,6.641339,0.6113237,0,1.601942,0,0,0,0,0,0,5.500818,4.351946,6.649701,0.592854,0.702737,0.482971,7.399305,6.222319,8.576291,0.5860761,0,2.108476,7.20483,6.108556,8.301105,9.872057,10,9.532623,6.931979,7.22262,6.641339,0.6113237,0,1.601942,0,0,0,0,0,0,5.500818,4.351946,6.649701,0.592854,0.702737,0.482971,7.399305,6.222319,8.576291,0.5860761,0,2.108476,7.20483,6.108556,8.301105,9.872057,10,9.532623,-1,-1,-1,-1,-1,-1,-1,-1,-1,-1,-1,-1,-1,-1,-1,-1,-1,-1,-1,-1,-1,-1,-1,-1,-1,-1,-1,-1,-1,-1,-1,-1,-1,-1,-1,-1,-1,-1,-1,-1,-1,-1,-1,-1,-1,-1,-1,-1,-1,-1,0,0,0,0,0,0,-1,-1,-1,-1,-1,-1,-1,-1,-1,-1,-1,-1,0,0,0,0,0,0,-1,-1,-1,-1,-1,-1,-1,-1,-1,-1,-1,-1,-1,-1,False,False,0,0,False,207,0,0,0,0,0,0,0,0,0,0,0,0,0,0,0,1,
0,4681,2026-02-16 16:46:34Z,LLM_Empathetic,6.931978,7.222619,6.641336,0.6113267,0,1.601943,0,0,0,0,0,0,5.500816,4.351945,6.649698,0.592854,0.702737,0.482971,7.399304,6.22232,8.576288,0.586078,0,2.108478,7.204827,6.108554,8.301101,9.872051,10,9.532616,6.931978,7.222619,6.641336,0.6113267,0,1.601943,0,0,0,0,0,0,5.500816,4.351945,6.649698,0.592854,0.702737,0.482971,7.399304,6.22232,8.576288,0.586078,0,2.108478,7.204827,6.108554,8.301101,9.872051,10,9.532616,-1,-1,-1,-1,-1,-1,-1,-1,-1,-1,-1,-1,-1,-1,-1,-1,-1,-1,-1,-1,-1,-1,-1,-1,-1,-1,-1,-1,-1,-1,-1,-1,-1,-1,-1,-1,-1,-1,-1,-1,-1,-1,-1,-1,-1,-1,-1,-1,-1,-1,0,0,0,0,0,0,-1,-1,-1,-1,-1,-1,-1,-1,-1,-1,-1,-1,0,0,0,0,0,0,-1,-1,-1,-1,-1,-1,-1,-1,-1,-1,-1,-1,-1,-1,False,False,0,0,False,207,0,0,0,0,0,0,0,0,0,0,0,0,0,0,0,1,
0,4682,2026-02-16 16:46:34Z,LLM_Empathetic,6.931976,7.222619,6.641333,0.6113297,0,1.601945,0,0,0,0,0,0,5.500814,4.351944,6.649694,0.592854,0.702737,0.482971,7.399303,6.22232,8.576285,0.5860799,0,2.10848,7.204824,6.108552,8.301096,9.872045,10,9.532607,6.931976,7.222619,6.641333,0.6113297,0,1.601945,0,0,0,0,0,0,5.500814,4.351944,6.649694,0.592854,0.702737,0.482971,7.399303,6.22232,8.576285,0.5860799,0,2.10848,7.204824,6.108552,8.301096,9.872045,10,9.532607,-1,-1,-1,-1,-1,-1,-1,-1,-1,-1,-1,-1,-1,-1,-1,-1,-1,-1,-1,-1,-1,-1,-1,-1,-1,-1,-1,-1,-1,-1,-1,-1,-1,-1,-1,-1,-1,-1,-1,-1,-1,-1,-1,-1,-1,-1,-1,-1,-1,-1,0,0,0,0,0,0,-1,-1,-1,-1,-1,-1,-1,-1,-1,-1,-1,-1,0,0,0,0,0,0,-1,-1,-1,-1,-1,-1,-1,-1,-1,-1,-1,-1,-1,-1,False,False,0,0,False,207,0,0,0,0,0,0,0,0,0,0,0,0,0,0,0,1,
0,4683,2026-02-16 16:46:34Z,LLM_Empathetic,6.931974,7.222619,6.641329,0.6113327,0,1.601947,0,0,0,0,0,0,5.500812,4.351943,6.64969,0.592854,0.702737,0.482971,7.399302,6.222321,8.576283,0.5860819,0,2.108482,7.204821,6.108551,8.301091,9.872039,10,9.532599,6.931974,7.222619,6.641329,0.6113327,0,1.601947,0,0,0,0,0,0,5.500812,4.351943,6.64969,0.592854,0.702737,0.482971,7.399302,6.222321,8.576283,0.5860819,0,2.108482,7.204821,6.108551,8.301091,9.872039,10,9.532599,-1,-1,-1,-1,-1,-1,-1,-1,-1,-1,-1,-1,-1,-1,-1,-1,-1,-1,-1,-1,-1,-1,-1,-1,-1,-1,-1,-1,-1,-1,-1,-1,-1,-1,-1,-1,-1,-1,-1,-1,-1,-1,-1,-1,-1,-1,-1,-1,-1,-1,0,0,0,0,0,0,-1,-1,-1,-1,-1,-1,-1,-1,-1,-1,-1,-1,0,0,0,0,0,0,-1,-1,-1,-1,-1,-1,-1,-1,-1,-1,-1,-1,-1,-1,False,False,0,0,False,209,0,0,0,0,0,0,0,0,0,0,0,0,0,0,0,1,
0,4684,2026-02-16 16:46:34Z,LLM_Empathetic,6.931972,7.222618,6.641326,0.6113357,0,1.601948,0,0,0,0,0,0,5.500809,4.351943,6.649686,0.592854,0.702737,0.482971,7.399301,6.222321,8.576281,0.5860838,0,2.108484,7.204817,6.108549,8.301086,9.872032,10,9.532592,6.931972,7.222618,6.641326,0.6113357,0,1.601948,0,0,0,0,0,0,5.500809,4.351943,6.649686,0.592854,0.702737,0.482971,7.399301,6.222321,8.576281,0.5860838,0,2.108484,7.204817,6.108549,8.301086,9.872032,10,9.532592,-1,-1,-1,-1,-1,-1,-1,-1,-1,-1,-1,-1,-1,-1,-1,-1,-1,-1,-1,-1,-1,-1,-1,-1,-1,-1,-1,-1,-1,-1,-1,-1,-1,-1,-1,-1,-1,-1,-1,-1,-1,-1,-1,-1,-1,-1,-1,-1,-1,-1,0,0,0,0,0,0,-1,-1,-1,-1,-1,-1,-1,-1,-1,-1,-1,-1,0,0,0,0,0,0,-1,-1,-1,-1,-1,-1,-1,-1,-1,-1,-1,-1,-1,-1,False,False,0,0,False,209,0,0,0,0,0,0,0,0,0,0,0,0,0,0,0,1,
0,4685,2026-02-16 16:46:34Z,LLM_Empathetic,6.931971,7.222618,6.641323,0.6113387,0,1.60195,0,0,0,0,0,0,5.500807,4.351942,6.649683,0.592854,0.702737,0.482971,7.3993,6.222322,8.576278,0.5860857,0,2.108486,7.204814,6.108547,8.301082,9.872025,10,9.532584,6.931971,7.222618,6.641323,0.6113387,0,1.60195,0,0,0,0,0,0,5.500807,4.351942,6.649683,0.592854,0.702737,0.482971,7.3993,6.222322,8.576278,0.5860857,0,2.108486,7.204814,6.108547,8.301082,9.872025,10,9.532584,-1,-1,-1,-1,-1,-1,-1,-1,-1,-1,-1,-1,-1,-1,-1,-1,-1,-1,-1,-1,-1,-1,-1,-1,-1,-1,-1,-1,-1,-1,-1,-1,-1,-1,-1,-1,-1,-1,-1,-1,-1,-1,-1,-1,-1,-1,-1,-1,-1,-1,0,0,0,0,0,0,-1,-1,-1,-1,-1,-1,-1,-1,-1,-1,-1,-1,0,0,0,0,0,0,-1,-1,-1,-1,-1,-1,-1,-1,-1,-1,-1,-1,-1,-1,False,False,0,0,False,207,0,0,0,0,0,0,0,0,0,0,0,0,0,0,0,1,
0,4686,2026-02-16 16:46:34Z,LLM_Empathetic,6.931969,7.222618,6.64132,0.6113417,0,1.601952,0,0,0,0,0,0,5.500805,4.351941,6.649679,0.592854,0.702737,0.482971,7.399299,6.222322,8.576275,0.5860876,0,2.108488,7.204811,6.108546,8.301078,9.87202,10,9.532576,6.931969,7.222618,6.64132,0.6113417,0,1.601952,0,0,0,0,0,0,5.500805,4.351941,6.649679,0.592854,0.702737,0.482971,7.399299,6.222322,8.576275,0.5860876,0,2.108488,7.204811,6.108546,8.301078,9.87202,10,9.532576,-1,-1,-1,-1,-1,-1,-1,-1,-1,-1,-1,-1,-1,-1,-1,-1,-1,-1,-1,-1,-1,-1,-1,-1,-1,-1,-1,-1,-1,-1,-1,-1,-1,-1,-1,-1,-1,-1,-1,-1,-1,-1,-1,-1,-1,-1,-1,-1,-1,-1,0,0,0,0,0,0,-1,-1,-1,-1,-1,-1,-1,-1,-1,-1,-1,-1,0,0,0,0,0,0,-1,-1,-1,-1,-1,-1,-1,-1,-1,-1,-1,-1,-1,-1,False,False,0,0,False,209,0,0,0,0,0,0,0,0,0,0,0,0,0,0,0,1,
0,4687,2026-02-16 16:46:34Z,LLM_Empathetic,6.931965,7.222617,6.641313,0.6113477,0,1.601955,0,0,0,0,0,0,5.5008,4.35194,6.649671,0.592854,0.702737,0.482971,7.399297,6.222323,8.57627,0.5860915,0,2.108492,7.204805,6.108542,8.301068,9.872006,10,9.53256,6.931965,7.222617,6.641313,0.6113477,0,1.601955,0,0,0,0,0,0,5.5008,4.35194,6.649671,0.592854,0.702737,0.482971,7.399297,6.222323,8.57627,0.5860915,0,2.108492,7.204805,6.108542,8.301068,9.872006,10,9.53256,-1,-1,-1,-1,-1,-1,-1,-1,-1,-1,-1,-1,-1,-1,-1,-1,-1,-1,-1,-1,-1,-1,-1,-1,-1,-1,-1,-1,-1,-1,-1,-1,-1,-1,-1,-1,-1,-1,-1,-1,-1,-1,-1,-1,-1,-1,-1,-1,-1,-1,0,0,0,0,0,0,-1,-1,-1,-1,-1,-1,-1,-1,-1,-1,-1,-1,0,0,0,0,0,0,-1,-1,-1,-1,-1,-1,-1,-1,-1,-1,-1,-1,-1,-1,False,False,0,0,False,207,0,0,0,0,0,0,0,0,0,0,0,0,0,0,0,1,
0,4688,2026-02-16 16:46:34Z,LLM_Empathetic,6.931965,7.222617,6.641313,0.6113477,0,1.601955,0,0,0,0,0,0,5.5008,4.35194,6.649671,0.592854,0.702737,0.482971,7.399297,6.222323,8.57627,0.5860915,0,2.108492,7.204805,6.108542,8.301068,9.872006,10,9.53256,6.931965,7.222617,6.641313,0.6113477,0,1.601955,0,0,0,0,0,0,5.5008,4.35194,6.649671,0.592854,0.702737,0.482971,7.399297,6.222323,8.57627,0.5860915,0,2.108492,7.204805,6.108542,8.301068,9.872006,10,9.53256,-1,-1,-1,-1,-1,-1,-1,-1,-1,-1,-1,-1,-1,-1,-1,-1,-1,-1,-1,-1,-1,-1,-1,-1,-1,-1,-1,-1,-1,-1,-1,-1,-1,-1,-1,-1,-1,-1,-1,-1,-1,-1,-1,-1,-1,-1,-1,-1,-1,-1,0,0,0,0,0,0,-1,-1,-1,-1,-1,-1,-1,-1,-1,-1,-1,-1,0,0,0,0,0,0,-1,-1,-1,-1,-1,-1,-1,-1,-1,-1,-1,-1,-1,-1,False,False,0,0,False,209,0,0,0,0,0,0,0,0,0,0,0,0,0,0,0,1,
0,4689,2026-02-16 16:46:34Z,LLM_Empathetic,6.931962,7.222616,6.641307,0.6113538,0,1.601959,0,0,0,0,0,0,5.500795,4.351938,6.649663,0.592854,0.702737,0.482971,7.399294,6.222324,8.576264,0.5860953,0,2.108496,7.204799,6.108539,8.301059,9.871994,10,9.532544,6.931962,7.222616,6.641307,0.6113538,0,1.601959,0,0,0,0,0,0,5.500795,4.351938,6.649663,0.592854,0.702737,0.482971,7.399294,6.222324,8.576264,0.5860953,0,2.108496,7.204799,6.108539,8.301059,9.871994,10,9.532544,-1,-1,-1,-1,-1,-1,-1,-1,-1,-1,-1,-1,-1,-1,-1,-1,-1,-1,-1,-1,-1,-1,-1,-1,-1,-1,-1,-1,-1,-1,-1,-1,-1,-1,-1,-1,-1,-1,-1,-1,-1,-1,-1,-1,-1,-1,-1,-1,-1,-1,0,0,0,0,0,0,-1,-1,-1,-1,-1,-1,-1,-1,-1,-1,-1,-1,0,0,0,0,0,0,-1,-1,-1,-1,-1,-1,-1,-1,-1,-1,-1,-1,-1,-1,False,False,0,0,False,209,0,0,0,0,0,0,0,0,0,0,0,0,0,0,0,1,
0,4690,2026-02-16 16:46:34Z,LLM_Empathetic,6.93196,7.222616,6.641304,0.6113568,0,1.60196,0,0,0,0,0,0,5.500793,4.351937,6.64966,0.592854,0.702737,0.482971,7.399293,6.222325,8.576262,0.5860972,0,2.108498,7.204795,6.108537,8.301054,9.871988,10,9.532537,6.93196,7.222616,6.641304,0.6113568,0,1.60196,0,0,0,0,0,0,5.500793,4.351937,6.64966,0.592854,0.702737,0.482971,7.399293,6.222325,8.576262,0.5860972,0,2.108498,7.204795,6.108537,8.301054,9.871988,10,9.532537,-1,-1,-1,-1,-1,-1,-1,-1,-1,-1,-1,-1,-1,-1,-1,-1,-1,-1,-1,-1,-1,-1,-1,-1,-1,-1,-1,-1,-1,-1,-1,-1,-1,-1,-1,-1,-1,-1,-1,-1,-1,-1,-1,-1,-1,-1,-1,-1,-1,-1,0,0,0,0,0,0,-1,-1,-1,-1,-1,-1,-1,-1,-1,-1,-1,-1,0,0,0,0,0,0,-1,-1,-1,-1,-1,-1,-1,-1,-1,-1,-1,-1,-1,-1,False,False,0,0,False,207,0,0,0,0,0,0,0,0,0,0,0,0,0,0,0,1,
0,4691,2026-02-16 16:46:34Z,LLM_Empathetic,6.931958,7.222616,6.6413,0.6113598,0,1.601962,0,0,0,0,0,0,5.500791,4.351937,6.649656,0.592854,0.702737,0.482971,7.399292,6.222325,8.57626,0.5860992,0,2.1085,7.204792,6.108535,8.30105,9.871982,10,9.532528,6.931958,7.222616,6.6413,0.6113598,0,1.601962,0,0,0,0,0,0,5.500791,4.351937,6.649656,0.592854,0.702737,0.482971,7.399292,6.222325,8.57626,0.5860992,0,2.1085,7.204792,6.108535,8.30105,9.871982,10,9.532528,-1,-1,-1,-1,-1,-1,-1,-1,-1,-1,-1,-1,-1,-1,-1,-1,-1,-1,-1,-1,-1,-1,-1,-1,-1,-1,-1,-1,-1,-1,-1,-1,-1,-1,-1,-1,-1,-1,-1,-1,-1,-1,-1,-1,-1,-1,-1,-1,-1,-1,0,0,0,0,0,0,-1,-1,-1,-1,-1,-1,-1,-1,-1,-1,-1,-1,0,0,0,0,0,0,-1,-1,-1,-1,-1,-1,-1,-1,-1,-1,-1,-1,-1,-1,False,False,0,0,False,207,0,0,0,0,0,0,0,0,0,0,0,0,0,0,0,1,
0,4692,2026-02-16 16:46:34Z,LLM_Empathetic,6.931956,7.222615,6.641297,0.6113628,0,1.601963,0,0,0,0,0,0,5.500789,4.351936,6.649652,0.592854,0.702737,0.482971,7.399292,6.222326,8.576257,0.5861011,0,2.108501,7.204789,6.108534,8.301045,9.871975,10,9.53252,6.931956,7.222615,6.641297,0.6113628,0,1.601963,0,0,0,0,0,0,5.500789,4.351936,6.649652,0.592854,0.702737,0.482971,7.399292,6.222326,8.576257,0.5861011,0,2.108501,7.204789,6.108534,8.301045,9.871975,10,9.53252,-1,-1,-1,-1,-1,-1,-1,-1,-1,-1,-1,-1,-1,-1,-1,-1,-1,-1,-1,-1,-1,-1,-1,-1,-1,-1,-1,-1,-1,-1,-1,-1,-1,-1,-1,-1,-1,-1,-1,-1,-1,-1,-1,-1,-1,-1,-1,-1,-1,-1,0,0,0,0,0,0,-1,-1,-1,-1,-1,-1,-1,-1,-1,-1,-1,-1,0,0,0,0,0,0,-1,-1,-1,-1,-1,-1,-1,-1,-1,-1,-1,-1,-1,-1,False,False,0,0,False,209,0,0,0,0,0,0,0,0,0,0,0,0,0,0,0,1,
0,4693,2026-02-16 16:46:34Z,LLM_Empathetic,6.931954,7.222615,6.641294,0.6113659,0,1.601965,0,0,0,0,0,0,5.500786,4.351935,6.649648,0.592854,0.702737,0.482971,7.39929,6.222327,8.576255,0.586103,0,2.108503,7.204786,6.108532,8.301041,9.871969,10,9.532513,6.931954,7.222615,6.641294,0.6113659,0,1.601965,0,0,0,0,0,0,5.500786,4.351935,6.649648,0.592854,0.702737,0.482971,7.39929,6.222327,8.576255,0.586103,0,2.108503,7.204786,6.108532,8.301041,9.871969,10,9.532513,-1,-1,-1,-1,-1,-1,-1,-1,-1,-1,-1,-1,-1,-1,-1,-1,-1,-1,-1,-1,-1,-1,-1,-1,-1,-1,-1,-1,-1,-1,-1,-1,-1,-1,-1,-1,-1,-1,-1,-1,-1,-1,-1,-1,-1,-1,-1,-1,-1,-1,0,0,0,0,0,0,-1,-1,-1,-1,-1,-1,-1,-1,-1,-1,-1,-1,0,0,0,0,0,0,-1,-1,-1,-1,-1,-1,-1,-1,-1,-1,-1,-1,-1,-1,False,False,0,0,False,207,0,0,0,0,0,0,0,0,0,0,0,0,0,0,0,1,
0,4694,2026-02-16 16:46:34Z,LLM_Empathetic,6.931953,7.222615,6.641291,0.6113688,0,1.601967,0,0,0,0,0,0,5.500784,4.351934,6.649644,0.592854,0.702737,0.482971,7.399289,6.222327,8.576252,0.586105,0,2.108505,7.204782,6.108531,8.301036,9.871963,10,9.532504,6.931953,7.222615,6.641291,0.6113688,0,1.601967,0,0,0,0,0,0,5.500784,4.351934,6.649644,0.592854,0.702737,0.482971,7.399289,6.222327,8.576252,0.586105,0,2.108505,7.204782,6.108531,8.301036,9.871963,10,9.532504,-1,-1,-1,-1,-1,-1,-1,-1,-1,-1,-1,-1,-1,-1,-1,-1,-1,-1,-1,-1,-1,-1,-1,-1,-1,-1,-1,-1,-1,-1,-1,-1,-1,-1,-1,-1,-1,-1,-1,-1,-1,-1,-1,-1,-1,-1,-1,-1,-1,-1,0,0,0,0,0,0,-1,-1,-1,-1,-1,-1,-1,-1,-1,-1,-1,-1,0,0,0,0,0,0,-1,-1,-1,-1,-1,-1,-1,-1,-1,-1,-1,-1,-1,-1,False,False,0,0,False,209,0,0,0,0,0,0,0,0,0,0,0,0,0,0,0,1,
0,4695,2026-02-16 16:46:34Z,LLM_Empathetic,6.931951,7.222614,6.641287,0.6113719,0,1.601968,0,0,0,0,0,0,5.500782,4.351933,6.649641,0.592854,0.702737,0.482971,7.399288,6.222328,8.576249,0.5861069,0,2.108507,7.20478,6.108529,8.301031,9.871956,10,9.532496,6.931951,7.222614,6.641287,0.6113719,0,1.601968,0,0,0,0,0,0,5.500782,4.351933,6.649641,0.592854,0.702737,0.482971,7.399288,6.222328,8.576249,0.5861069,0,2.108507,7.20478,6.108529,8.301031,9.871956,10,9.532496,-1,-1,-1,-1,-1,-1,-1,-1,-1,-1,-1,-1,-1,-1,-1,-1,-1,-1,-1,-1,-1,-1,-1,-1,-1,-1,-1,-1,-1,-1,-1,-1,-1,-1,-1,-1,-1,-1,-1,-1,-1,-1,-1,-1,-1,-1,-1,-1,-1,-1,0,0,0,0,0,0,-1,-1,-1,-1,-1,-1,-1,-1,-1,-1,-1,-1,0,0,0,0,0,0,-1,-1,-1,-1,-1,-1,-1,-1,-1,-1,-1,-1,-1,-1,False,False,0,0,False,209,0,0,0,0,0,0,0,0,0,0,0,0,0,0,0,1,
0,4696,2026-02-16 16:46:34Z,LLM_Empathetic,6.931949,7.222614,6.641284,0.6113749,0,1.60197,0,0,0,0,0,0,5.50078,4.351933,6.649637,0.592854,0.702737,0.482971,7.399287,6.222328,8.576246,0.5861089,0,2.108509,7.204776,6.108527,8.301026,9.87195,10,9.532489,6.931949,7.222614,6.641284,0.6113749,0,1.60197,0,0,0,0,0,0,5.50078,4.351933,6.649637,0.592854,0.702737,0.482971,7.399287,6.222328,8.576246,0.5861089,0,2.108509,7.204776,6.108527,8.301026,9.87195,10,9.532489,-1,-1,-1,-1,-1,-1,-1,-1,-1,-1,-1,-1,-1,-1,-1,-1,-1,-1,-1,-1,-1,-1,-1,-1,-1,-1,-1,-1,-1,-1,-1,-1,-1,-1,-1,-1,-1,-1,-1,-1,-1,-1,-1,-1,-1,-1,-1,-1,-1,-1,0,0,0,0,0,0,-1,-1,-1,-1,-1,-1,-1,-1,-1,-1,-1,-1,0,0,0,0,0,0,-1,-1,-1,-1,-1,-1,-1,-1,-1,-1,-1,-1,-1,-1,False,False,0,0,False,207,0,0,0,0,0,0,0,0,0,0,0,0,0,0,0,1,
0,4697,2026-02-16 16:46:34Z,LLM_Empathetic,6.931947,7.222614,6.641281,0.6113779,0,1.601972,0,0,0,0,0,0,5.500777,4.351932,6.649633,0.592854,0.702737,0.482971,7.399286,6.222329,8.576244,0.5861108,0,2.108511,7.204773,6.108525,8.301022,9.871943,10,9.53248,6.931947,7.222614,6.641281,0.6113779,0,1.601972,0,0,0,0,0,0,5.500777,4.351932,6.649633,0.592854,0.702737,0.482971,7.399286,6.222329,8.576244,0.5861108,0,2.108511,7.204773,6.108525,8.301022,9.871943,10,9.53248,-1,-1,-1,-1,-1,-1,-1,-1,-1,-1,-1,-1,-1,-1,-1,-1,-1,-1,-1,-1,-1,-1,-1,-1,-1,-1,-1,-1,-1,-1,-1,-1,-1,-1,-1,-1,-1,-1,-1,-1,-1,-1,-1,-1,-1,-1,-1,-1,-1,-1,0,0,0,0,0,0,-1,-1,-1,-1,-1,-1,-1,-1,-1,-1,-1,-1,0,0,0,0,0,0,-1,-1,-1,-1,-1,-1,-1,-1,-1,-1,-1,-1,-1,-1,False,False,0,0,False,209,0,0,0,0,0,0,0,0,0,0,0,0,0,0,0,1,
0,4698,2026-02-16 16:46:35Z,LLM_Empathetic,6.931944,7.222613,6.641274,0.611384,0,1.601975,0,0,0,0,0,0,5.500773,4.351931,6.649625,0.592854,0.702737,0.482971,7.399284,6.22233,8.576239,0.5861146,0,2.108515,7.204767,6.108521,8.301013,9.871931,10,9.532465,6.931944,7.222613,6.641274,0.611384,0,1.601975,0,0,0,0,0,0,5.500773,4.351931,6.649625,0.592854,0.702737,0.482971,7.399284,6.22233,8.576239,0.5861146,0,2.108515,7.204767,6.108521,8.301013,9.871931,10,9.532465,-1,-1,-1,-1,-1,-1,-1,-1,-1,-1,-1,-1,-1,-1,-1,-1,-1,-1,-1,-1,-1,-1,-1,-1,-1,-1,-1,-1,-1,-1,-1,-1,-1,-1,-1,-1,-1,-1,-1,-1,-1,-1,-1,-1,-1,-1,-1,-1,-1,-1,0,0,0,0,0,0,-1,-1,-1,-1,-1,-1,-1,-1,-1,-1,-1,-1,0,0,0,0,0,0,-1,-1,-1,-1,-1,-1,-1,-1,-1,-1,-1,-1,-1,-1,False,False,0,0,False,207,0,0,0,0,0,0,0,0,0,0,0,0,0,0,0,1,
0,4699,2026-02-16 16:46:35Z,LLM_Empathetic,6.931942,7.222613,6.641271,0.611387,0,1.601977,0,0,0,0,0,0,5.500771,4.35193,6.649621,0.592854,0.702737,0.482971,7.399283,6.222331,8.576236,0.5861166,0,2.108517,7.204763,6.10852,8.301008,9.871924,10,9.532456,6.931942,7.222613,6.641271,0.611387,0,1.601977,0,0,0,0,0,0,5.500771,4.35193,6.649621,0.592854,0.702737,0.482971,7.399283,6.222331,8.576236,0.5861166,0,2.108517,7.204763,6.10852,8.301008,9.871924,10,9.532456,-1,-1,-1,-1,-1,-1,-1,-1,-1,-1,-1,-1,-1,-1,-1,-1,-1,-1,-1,-1,-1,-1,-1,-1,-1,-1,-1,-1,-1,-1,-1,-1,-1,-1,-1,-1,-1,-1,-1,-1,-1,-1,-1,-1,-1,-1,-1,-1,-1,-1,0,0,0,0,0,0,-1,-1,-1,-1,-1,-1,-1,-1,-1,-1,-1,-1,0,0,0,0,0,0,-1,-1,-1,-1,-1,-1,-1,-1,-1,-1,-1,-1,-1,-1,False,False,0,0,False,209,0,0,0,0,0,0,0,0,0,0,0,0,0,0,0,1,
0,4700,2026-02-16 16:46:35Z,LLM_Empathetic,6.93194,7.222612,6.641268,0.61139,0,1.601978,0,0,0,0,0,0,5.500768,4.351929,6.649618,0.592854,0.702737,0.482971,7.399282,6.222331,8.576234,0.5861185,0,2.108519,7.204761,6.108518,8.301003,9.871918,10,9.532449,6.93194,7.222612,6.641268,0.61139,0,1.601978,0,0,0,0,0,0,5.500768,4.351929,6.649618,0.592854,0.702737,0.482971,7.399282,6.222331,8.576234,0.5861185,0,2.108519,7.204761,6.108518,8.301003,9.871918,10,9.532449,-1,-1,-1,-1,-1,-1,-1,-1,-1,-1,-1,-1,-1,-1,-1,-1,-1,-1,-1,-1,-1,-1,-1,-1,-1,-1,-1,-1,-1,-1,-1,-1,-1,-1,-1,-1,-1,-1,-1,-1,-1,-1,-1,-1,-1,-1,-1,-1,-1,-1,0,0,0,0,0,0,-1,-1,-1,-1,-1,-1,-1,-1,-1,-1,-1,-1,0,0,0,0,0,0,-1,-1,-1,-1,-1,-1,-1,-1,-1,-1,-1,-1,-1,-1,False,False,0,0,False,207,0,0,0,0,0,0,0,0,0,0,0,0,0,0,0,1,
0,4701,2026-02-16 16:46:35Z,LLM_Empathetic,6.931939,7.222612,6.641265,0.611393,0,1.60198,0,0,0,0,0,0,5.500766,4.351928,6.649614,0.592854,0.702737,0.482971,7.399281,6.222332,8.576231,0.5861205,0,2.108521,7.204757,6.108517,8.300999,9.871912,10,9.532441,6.931939,7.222612,6.641265,0.611393,0,1.60198,0,0,0,0,0,0,5.500766,4.351928,6.649614,0.592854,0.702737,0.482971,7.399281,6.222332,8.576231,0.5861205,0,2.108521,7.204757,6.108517,8.300999,9.871912,10,9.532441,-1,-1,-1,-1,-1,-1,-1,-1,-1,-1,-1,-1,-1,-1,-1,-1,-1,-1,-1,-1,-1,-1,-1,-1,-1,-1,-1,-1,-1,-1,-1,-1,-1,-1,-1,-1,-1,-1,-1,-1,-1,-1,-1,-1,-1,-1,-1,-1,-1,-1,0,0,0,0,0,0,-1,-1,-1,-1,-1,-1,-1,-1,-1,-1,-1,-1,0,0,0,0,0,0,-1,-1,-1,-1,-1,-1,-1,-1,-1,-1,-1,-1,-1,-1,False,False,0,0,False,209,0,0,0,0,0,0,0,0,0,0,0,0,0,0,0,1,
0,4702,2026-02-16 16:46:35Z,LLM_Empathetic,6.931937,7.222612,6.641262,0.6113961,0,1.601982,0,0,0,0,0,0,5.500763,4.351928,6.64961,0.592854,0.702737,0.482971,7.39928,6.222332,8.576228,0.5861224,0,2.108523,7.204754,6.108515,8.300994,9.871905,10,9.532433,6.931937,7.222612,6.641262,0.6113961,0,1.601982,0,0,0,0,0,0,5.500763,4.351928,6.64961,0.592854,0.702737,0.482971,7.39928,6.222332,8.576228,0.5861224,0,2.108523,7.204754,6.108515,8.300994,9.871905,10,9.532433,-1,-1,-1,-1,-1,-1,-1,-1,-1,-1,-1,-1,-1,-1,-1,-1,-1,-1,-1,-1,-1,-1,-1,-1,-1,-1,-1,-1,-1,-1,-1,-1,-1,-1,-1,-1,-1,-1,-1,-1,-1,-1,-1,-1,-1,-1,-1,-1,-1,-1,0,0,0,0,0,0,-1,-1,-1,-1,-1,-1,-1,-1,-1,-1,-1,-1,0,0,0,0,0,0,-1,-1,-1,-1,-1,-1,-1,-1,-1,-1,-1,-1,-1,-1,False,False,0,0,False,209,0,0,0,0,0,0,0,0,0,0,0,0,0,0,0,1,
0,4703,2026-02-16 16:46:35Z,LLM_Empathetic,6.931935,7.222611,6.641258,0.6113991,0,1.601983,0,0,0,0,0,0,5.500762,4.351927,6.649606,0.592854,0.702737,0.482971,7.399279,6.222332,8.576225,0.5861244,0,2.108525,7.204751,6.108513,8.300989,9.871899,10,9.532425,6.931935,7.222611,6.641258,0.6113991,0,1.601983,0,0,0,0,0,0,5.500762,4.351927,6.649606,0.592854,0.702737,0.482971,7.399279,6.222332,8.576225,0.5861244,0,2.108525,7.204751,6.108513,8.300989,9.871899,10,9.532425,-1,-1,-1,-1,-1,-1,-1,-1,-1,-1,-1,-1,-1,-1,-1,-1,-1,-1,-1,-1,-1,-1,-1,-1,-1,-1,-1,-1,-1,-1,-1,-1,-1,-1,-1,-1,-1,-1,-1,-1,-1,-1,-1,-1,-1,-1,-1,-1,-1,-1,0,0,0,0,0,0,-1,-1,-1,-1,-1,-1,-1,-1,-1,-1,-1,-1,0,0,0,0,0,0,-1,-1,-1,-1,-1,-1,-1,-1,-1,-1,-1,-1,-1,-1,False,False,0,0,False,207,0,0,0,0,0,0,0,0,0,0,0,0,0,0,0,1,
0,4704,2026-02-16 16:46:35Z,LLM_Empathetic,6.931933,7.222611,6.641255,0.6114022,0,1.601985,0,0,0,0,0,0,5.500759,4.351926,6.649602,0.592854,0.702737,0.482971,7.399278,6.222333,8.576222,0.5861263,0,2.108527,7.204748,6.108511,8.300984,9.871893,10,9.532416,6.931933,7.222611,6.641255,0.6114022,0,1.601985,0,0,0,0,0,0,5.500759,4.351926,6.649602,0.592854,0.702737,0.482971,7.399278,6.222333,8.576222,0.5861263,0,2.108527,7.204748,6.108511,8.300984,9.871893,10,9.532416,-1,-1,-1,-1,-1,-1,-1,-1,-1,-1,-1,-1,-1,-1,-1,-1,-1,-1,-1,-1,-1,-1,-1,-1,-1,-1,-1,-1,-1,-1,-1,-1,-1,-1,-1,-1,-1,-1,-1,-1,-1,-1,-1,-1,-1,-1,-1,-1,-1,-1,0,0,0,0,0,0,-1,-1,-1,-1,-1,-1,-1,-1,-1,-1,-1,-1,0,0,0,0,0,0,-1,-1,-1,-1,-1,-1,-1,-1,-1,-1,-1,-1,-1,-1,False,False,0,0,False,209,0,0,0,0,0,0,0,0,0,0,0,0,0,0,0,1,
0,4705,2026-02-16 16:46:35Z,LLM_Empathetic,6.931931,7.222611,6.641252,0.6114052,0,1.601987,0,0,0,0,0,0,5.500757,4.351925,6.649599,0.592854,0.702737,0.482971,7.399277,6.222333,8.576221,0.5861282,0,2.108529,7.204744,6.10851,8.300981,9.871886,10,9.532409,6.931931,7.222611,6.641252,0.6114052,0,1.601987,0,0,0,0,0,0,5.500757,4.351925,6.649599,0.592854,0.702737,0.482971,7.399277,6.222333,8.576221,0.5861282,0,2.108529,7.204744,6.10851,8.300981,9.871886,10,9.532409,-1,-1,-1,-1,-1,-1,-1,-1,-1,-1,-1,-1,-1,-1,-1,-1,-1,-1,-1,-1,-1,-1,-1,-1,-1,-1,-1,-1,-1,-1,-1,-1,-1,-1,-1,-1,-1,-1,-1,-1,-1,-1,-1,-1,-1,-1,-1,-1,-1,-1,0,0,0,0,0,0,-1,-1,-1,-1,-1,-1,-1,-1,-1,-1,-1,-1,0,0,0,0,0,0,-1,-1,-1,-1,-1,-1,-1,-1,-1,-1,-1,-1,-1,-1,False,False,0,0,False,209,0,0,0,0,0,0,0,0,0,0,0,0,0,0,0,1,
0,4706,2026-02-16 16:46:35Z,LLM_Empathetic,6.931928,7.22261,6.641245,0.6114113,0,1.60199,0,0,0,0,0,0,5.500752,4.351924,6.649591,0.592854,0.702737,0.482971,7.399275,6.222335,8.576215,0.5861321,0,2.108532,7.204738,6.108506,8.300971,9.871874,10,9.532393,6.931928,7.22261,6.641245,0.6114113,0,1.60199,0,0,0,0,0,0,5.500752,4.351924,6.649591,0.592854,0.702737,0.482971,7.399275,6.222335,8.576215,0.5861321,0,2.108532,7.204738,6.108506,8.300971,9.871874,10,9.532393,-1,-1,-1,-1,-1,-1,-1,-1,-1,-1,-1,-1,-1,-1,-1,-1,-1,-1,-1,-1,-1,-1,-1,-1,-1,-1,-1,-1,-1,-1,-1,-1,-1,-1,-1,-1,-1,-1,-1,-1,-1,-1,-1,-1,-1,-1,-1,-1,-1,-1,0,0,0,0,0,0,-1,-1,-1,-1,-1,-1,-1,-1,-1,-1,-1,-1,0,0,0,0,0,0,-1,-1,-1,-1,-1,-1,-1,-1,-1,-1,-1,-1,-1,-1,False,False,0,0,False,207,0,0,0,0,0,0,0,0,0,0,0,0,0,0,0,1,
0,4707,2026-02-16 16:46:35Z,LLM_Empathetic,6.931926,7.22261,6.641242,0.6114143,0,1.601992,0,0,0,0,0,0,5.50075,4.351923,6.649587,0.592854,0.702737,0.482971,7.399273,6.222335,8.576212,0.5861341,0,2.108535,7.204735,6.108504,8.300966,9.871867,10,9.532385,6.931926,7.22261,6.641242,0.6114143,0,1.601992,0,0,0,0,0,0,5.50075,4.351923,6.649587,0.592854,0.702737,0.482971,7.399273,6.222335,8.576212,0.5861341,0,2.108535,7.204735,6.108504,8.300966,9.871867,10,9.532385,-1,-1,-1,-1,-1,-1,-1,-1,-1,-1,-1,-1,-1,-1,-1,-1,-1,-1,-1,-1,-1,-1,-1,-1,-1,-1,-1,-1,-1,-1,-1,-1,-1,-1,-1,-1,-1,-1,-1,-1,-1,-1,-1,-1,-1,-1,-1,-1,-1,-1,0,0,0,0,0,0,-1,-1,-1,-1,-1,-1,-1,-1,-1,-1,-1,-1,0,0,0,0,0,0,-1,-1,-1,-1,-1,-1,-1,-1,-1,-1,-1,-1,-1,-1,False,False,0,0,False,209,0,0,0,0,0,0,0,0,0,0,0,0,0,0,0,1,
0,4708,2026-02-16 16:46:35Z,LLM_Empathetic,6.931924,7.22261,6.641239,0.6114173,0,1.601994,0,0,0,0,0,0,5.500748,4.351922,6.649583,0.592854,0.702737,0.482971,7.399272,6.222336,8.57621,0.586136,0,2.108536,7.204731,6.108503,8.300961,9.871861,10,9.532376,6.931924,7.22261,6.641239,0.6114173,0,1.601994,0,0,0,0,0,0,5.500748,4.351922,6.649583,0.592854,0.702737,0.482971,7.399272,6.222336,8.57621,0.586136,0,2.108536,7.204731,6.108503,8.300961,9.871861,10,9.532376,-1,-1,-1,-1,-1,-1,-1,-1,-1,-1,-1,-1,-1,-1,-1,-1,-1,-1,-1,-1,-1,-1,-1,-1,-1,-1,-1,-1,-1,-1,-1,-1,-1,-1,-1,-1,-1,-1,-1,-1,-1,-1,-1,-1,-1,-1,-1,-1,-1,-1,0,0,0,0,0,0,-1,-1,-1,-1,-1,-1,-1,-1,-1,-1,-1,-1,0,0,0,0,0,0,-1,-1,-1,-1,-1,-1,-1,-1,-1,-1,-1,-1,-1,-1,False,False,0,0,False,209,0,0,0,0,0,0,0,0,0,0,0,0,0,0,0,1,
0,4709,2026-02-16 16:46:35Z,LLM_Empathetic,6.931922,7.222609,6.641235,0.6114204,0,1.601995,0,0,0,0,0,0,5.500745,4.351922,6.649579,0.592854,0.702737,0.482971,7.399271,6.222336,8.576207,0.586138,0,2.108538,7.204729,6.108501,8.300957,9.871855,10,9.532369,6.931922,7.222609,6.641235,0.6114204,0,1.601995,0,0,0,0,0,0,5.500745,4.351922,6.649579,0.592854,0.702737,0.482971,7.399271,6.222336,8.576207,0.586138,0,2.108538,7.204729,6.108501,8.300957,9.871855,10,9.532369,-1,-1,-1,-1,-1,-1,-1,-1,-1,-1,-1,-1,-1,-1,-1,-1,-1,-1,-1,-1,-1,-1,-1,-1,-1,-1,-1,-1,-1,-1,-1,-1,-1,-1,-1,-1,-1,-1,-1,-1,-1,-1,-1,-1,-1,-1,-1,-1,-1,-1,0,0,0,0,0,0,-1,-1,-1,-1,-1,-1,-1,-1,-1,-1,-1,-1,0,0,0,0,0,0,-1,-1,-1,-1,-1,-1,-1,-1,-1,-1,-1,-1,-1,-1,False,False,0,0,False,207,0,0,0,0,0,0,0,0,0,0,0,0,0,0,0,1,
0,4710,2026-02-16 16:46:35Z,LLM_Empathetic,6.931921,7.222609,6.641232,0.6114234,0,1.601997,0,0,0,0,0,0,5.500743,4.351921,6.649575,0.592854,0.702737,0.482971,7.399271,6.222337,8.576204,0.5861399,0,2.10854,7.204725,6.108499,8.300952,9.871848,10,9.532361,6.931921,7.222609,6.641232,0.6114234,0,1.601997,0,0,0,0,0,0,5.500743,4.351921,6.649575,0.592854,0.702737,0.482971,7.399271,6.222337,8.576204,0.5861399,0,2.10854,7.204725,6.108499,8.300952,9.871848,10,9.532361,-1,-1,-1,-1,-1,-1,-1,-1,-1,-1,-1,-1,-1,-1,-1,-1,-1,-1,-1,-1,-1,-1,-1,-1,-1,-1,-1,-1,-1,-1,-1,-1,-1,-1,-1,-1,-1,-1,-1,-1,-1,-1,-1,-1,-1,-1,-1,-1,-1,-1,0,0,0,0,0,0,-1,-1,-1,-1,-1,-1,-1,-1,-1,-1,-1,-1,0,0,0,0,0,0,-1,-1,-1,-1,-1,-1,-1,-1,-1,-1,-1,-1,-1,-1,False,False,0,0,False,209,0,0,0,0,0,0,0,0,0,0,0,0,0,0,0,1,
0,4711,2026-02-16 16:46:35Z,LLM_Empathetic,6.931919,7.222609,6.641229,0.6114265,0,1.601999,0,0,0,0,0,0,5.500741,4.35192,6.649571,0.592854,0.702737,0.482971,7.39927,6.222337,8.576201,0.5861419,0,2.108542,7.204722,6.108498,8.300947,9.871841,10,9.532352,6.931919,7.222609,6.641229,0.6114265,0,1.601999,0,0,0,0,0,0,5.500741,4.35192,6.649571,0.592854,0.702737,0.482971,7.39927,6.222337,8.576201,0.5861419,0,2.108542,7.204722,6.108498,8.300947,9.871841,10,9.532352,-1,-1,-1,-1,-1,-1,-1,-1,-1,-1,-1,-1,-1,-1,-1,-1,-1,-1,-1,-1,-1,-1,-1,-1,-1,-1,-1,-1,-1,-1,-1,-1,-1,-1,-1,-1,-1,-1,-1,-1,-1,-1,-1,-1,-1,-1,-1,-1,-1,-1,0,0,0,0,0,0,-1,-1,-1,-1,-1,-1,-1,-1,-1,-1,-1,-1,0,0,0,0,0,0,-1,-1,-1,-1,-1,-1,-1,-1,-1,-1,-1,-1,-1,-1,False,False,0,0,False,209,0,0,0,0,0,0,0,0,0,0,0,0,0,0,0,1,
0,4712,2026-02-16 16:46:35Z,LLM_Empathetic,6.931917,7.222608,6.641226,0.6114295,0,1.602,0,0,0,0,0,0,5.500738,4.351919,6.649568,0.592854,0.702737,0.482971,7.399268,6.222338,8.5762,0.5861438,0,2.108544,7.204719,6.108496,8.300943,9.871836,10,9.532345,6.931917,7.222608,6.641226,0.6114295,0,1.602,0,0,0,0,0,0,5.500738,4.351919,6.649568,0.592854,0.702737,0.482971,7.399268,6.222338,8.5762,0.5861438,0,2.108544,7.204719,6.108496,8.300943,9.871836,10,9.532345,-1,-1,-1,-1,-1,-1,-1,-1,-1,-1,-1,-1,-1,-1,-1,-1,-1,-1,-1,-1,-1,-1,-1,-1,-1,-1,-1,-1,-1,-1,-1,-1,-1,-1,-1,-1,-1,-1,-1,-1,-1,-1,-1,-1,-1,-1,-1,-1,-1,-1,0,0,0,0,0,0,-1,-1,-1,-1,-1,-1,-1,-1,-1,-1,-1,-1,0,0,0,0,0,0,-1,-1,-1,-1,-1,-1,-1,-1,-1,-1,-1,-1,-1,-1,False,False,0,0,False,209,0,0,0,0,0,0,0,0,0,0,0,0,0,0,0,1,
0,4713,2026-02-16 16:46:35Z,LLM_Empathetic,6.931915,7.222608,6.641222,0.6114326,0,1.602002,0,0,0,0,0,0,5.500736,4.351918,6.649564,0.592854,0.702737,0.482971,7.399267,6.222338,8.576197,0.5861458,0,2.108546,7.204716,6.108494,8.300939,9.871829,10,9.532336,6.931915,7.222608,6.641222,0.6114326,0,1.602002,0,0,0,0,0,0,5.500736,4.351918,6.649564,0.592854,0.702737,0.482971,7.399267,6.222338,8.576197,0.5861458,0,2.108546,7.204716,6.108494,8.300939,9.871829,10,9.532336,-1,-1,-1,-1,-1,-1,-1,-1,-1,-1,-1,-1,-1,-1,-1,-1,-1,-1,-1,-1,-1,-1,-1,-1,-1,-1,-1,-1,-1,-1,-1,-1,-1,-1,-1,-1,-1,-1,-1,-1,-1,-1,-1,-1,-1,-1,-1,-1,-1,-1,0,0,0,0,0,0,-1,-1,-1,-1,-1,-1,-1,-1,-1,-1,-1,-1,0,0,0,0,0,0,-1,-1,-1,-1,-1,-1,-1,-1,-1,-1,-1,-1,-1,-1,False,False,0,0,False,207,0,0,0,0,0,0,0,0,0,0,0,0,0,0,0,1,
0,4714,2026-02-16 16:46:35Z,LLM_Empathetic,6.931913,7.222608,6.641219,0.6114356,0,1.602004,0,0,0,0,0,0,5.500734,4.351918,6.64956,0.592854,0.702737,0.482971,7.399266,6.222339,8.576194,0.5861477,0,2.108548,7.204712,6.108492,8.300934,9.871822,10,9.532329,6.931913,7.222608,6.641219,0.6114356,0,1.602004,0,0,0,0,0,0,5.500734,4.351918,6.64956,0.592854,0.702737,0.482971,7.399266,6.222339,8.576194,0.5861477,0,2.108548,7.204712,6.108492,8.300934,9.871822,10,9.532329,-1,-1,-1,-1,-1,-1,-1,-1,-1,-1,-1,-1,-1,-1,-1,-1,-1,-1,-1,-1,-1,-1,-1,-1,-1,-1,-1,-1,-1,-1,-1,-1,-1,-1,-1,-1,-1,-1,-1,-1,-1,-1,-1,-1,-1,-1,-1,-1,-1,-1,0,0,0,0,0,0,-1,-1,-1,-1,-1,-1,-1,-1,-1,-1,-1,-1,0,0,0,0,0,0,-1,-1,-1,-1,-1,-1,-1,-1,-1,-1,-1,-1,-1,-1,False,False,0,0,False,207,0,0,0,0,0,0,0,0,0,0,0,0,0,0,0,1,
0,4715,2026-02-16 16:46:35Z,LLM_Empathetic,6.931911,7.222607,6.641216,0.6114386,0,1.602005,0,0,0,0,0,0,5.500731,4.351917,6.649556,0.592854,0.702737,0.482971,7.399265,6.22234,8.576191,0.5861497,0,2.10855,7.20471,6.10849,8.300929,9.871816,10,9.532321,6.931911,7.222607,6.641216,0.6114386,0,1.602005,0,0,0,0,0,0,5.500731,4.351917,6.649556,0.592854,0.702737,0.482971,7.399265,6.22234,8.576191,0.5861497,0,2.10855,7.20471,6.10849,8.300929,9.871816,10,9.532321,-1,-1,-1,-1,-1,-1,-1,-1,-1,-1,-1,-1,-1,-1,-1,-1,-1,-1,-1,-1,-1,-1,-1,-1,-1,-1,-1,-1,-1,-1,-1,-1,-1,-1,-1,-1,-1,-1,-1,-1,-1,-1,-1,-1,-1,-1,-1,-1,-1,-1,0,0,0,0,0,0,-1,-1,-1,-1,-1,-1,-1,-1,-1,-1,-1,-1,0,0,0,0,0,0,-1,-1,-1,-1,-1,-1,-1,-1,-1,-1,-1,-1,-1,-1,False,False,0,0,False,209,0,0,0,0,0,0,0,0,0,0,0,0,0,0,0,1,
0,4716,2026-02-16 16:46:35Z,LLM_Empathetic,6.93191,7.222607,6.641212,0.6114417,0,1.602007,0,0,0,0,0,0,5.500729,4.351916,6.649552,0.592854,0.702737,0.482971,7.399264,6.22234,8.576188,0.5861516,0,2.108552,7.204706,6.108489,8.300924,9.87181,10,9.532312,6.93191,7.222607,6.641212,0.6114417,0,1.602007,0,0,0,0,0,0,5.500729,4.351916,6.649552,0.592854,0.702737,0.482971,7.399264,6.22234,8.576188,0.5861516,0,2.108552,7.204706,6.108489,8.300924,9.87181,10,9.532312,-1,-1,-1,-1,-1,-1,-1,-1,-1,-1,-1,-1,-1,-1,-1,-1,-1,-1,-1,-1,-1,-1,-1,-1,-1,-1,-1,-1,-1,-1,-1,-1,-1,-1,-1,-1,-1,-1,-1,-1,-1,-1,-1,-1,-1,-1,-1,-1,-1,-1,0,0,0,0,0,0,-1,-1,-1,-1,-1,-1,-1,-1,-1,-1,-1,-1,0,0,0,0,0,0,-1,-1,-1,-1,-1,-1,-1,-1,-1,-1,-1,-1,-1,-1,False,False,0,0,False,209,0,0,0,0,0,0,0,0,0,0,0,0,0,0,0,1,
0,4717,2026-02-16 16:46:35Z,LLM_Empathetic,6.931908,7.222607,6.64121,0.6114447,0,1.602009,0,0,0,0,0,0,5.500727,4.351915,6.649549,0.592854,0.702737,0.482971,7.399263,6.222341,8.576186,0.5861536,0,2.108554,7.204703,6.108487,8.30092,9.871803,10,9.532305,6.931908,7.222607,6.64121,0.6114447,0,1.602009,0,0,0,0,0,0,5.500727,4.351915,6.649549,0.592854,0.702737,0.482971,7.399263,6.222341,8.576186,0.5861536,0,2.108554,7.204703,6.108487,8.30092,9.871803,10,9.532305,-1,-1,-1,-1,-1,-1,-1,-1,-1,-1,-1,-1,-1,-1,-1,-1,-1,-1,-1,-1,-1,-1,-1,-1,-1,-1,-1,-1,-1,-1,-1,-1,-1,-1,-1,-1,-1,-1,-1,-1,-1,-1,-1,-1,-1,-1,-1,-1,-1,-1,0,0,0,0,0,0,-1,-1,-1,-1,-1,-1,-1,-1,-1,-1,-1,-1,0,0,0,0,0,0,-1,-1,-1,-1,-1,-1,-1,-1,-1,-1,-1,-1,-1,-1,False,False,0,0,False,207,0,0,0,0,0,0,0,0,0,0,0,0,0,0,0,1,
0,4718,2026-02-16 16:46:35Z,LLM_Empathetic,6.931904,7.222606,6.641203,0.6114509,0,1.602012,0,0,0,0,0,0,5.500722,4.351914,6.649541,0.592854,0.702737,0.482971,7.399261,6.222342,8.57618,0.5861575,0,2.108558,7.204697,6.108484,8.30091,9.871791,10,9.532289,6.931904,7.222606,6.641203,0.6114509,0,1.602012,0,0,0,0,0,0,5.500722,4.351914,6.649541,0.592854,0.702737,0.482971,7.399261,6.222342,8.57618,0.5861575,0,2.108558,7.204697,6.108484,8.30091,9.871791,10,9.532289,-1,-1,-1,-1,-1,-1,-1,-1,-1,-1,-1,-1,-1,-1,-1,-1,-1,-1,-1,-1,-1,-1,-1,-1,-1,-1,-1,-1,-1,-1,-1,-1,-1,-1,-1,-1,-1,-1,-1,-1,-1,-1,-1,-1,-1,-1,-1,-1,-1,-1,0,0,0,0,0,0,-1,-1,-1,-1,-1,-1,-1,-1,-1,-1,-1,-1,0,0,0,0,0,0,-1,-1,-1,-1,-1,-1,-1,-1,-1,-1,-1,-1,-1,-1,False,False,0,0,False,207,0,0,0,0,0,0,0,0,0,0,0,0,0,0,0,1,
0,4719,2026-02-16 16:46:35Z,LLM_Empathetic,6.931903,7.222606,6.6412,0.6114539,0,1.602014,0,0,0,0,0,0,5.50072,4.351913,6.649537,0.592854,0.702737,0.482971,7.39926,6.222342,8.576178,0.5861595,0,2.10856,7.204693,6.108482,8.300905,9.871784,10,9.53228,6.931903,7.222606,6.6412,0.6114539,0,1.602014,0,0,0,0,0,0,5.50072,4.351913,6.649537,0.592854,0.702737,0.482971,7.39926,6.222342,8.576178,0.5861595,0,2.10856,7.204693,6.108482,8.300905,9.871784,10,9.53228,-1,-1,-1,-1,-1,-1,-1,-1,-1,-1,-1,-1,-1,-1,-1,-1,-1,-1,-1,-1,-1,-1,-1,-1,-1,-1,-1,-1,-1,-1,-1,-1,-1,-1,-1,-1,-1,-1,-1,-1,-1,-1,-1,-1,-1,-1,-1,-1,-1,-1,0,0,0,0,0,0,-1,-1,-1,-1,-1,-1,-1,-1,-1,-1,-1,-1,0,0,0,0,0,0,-1,-1,-1,-1,-1,-1,-1,-1,-1,-1,-1,-1,-1,-1,False,False,0,0,False,207,0,0,0,0,0,0,0,0,0,0,0,0,0,0,0,1,
0,4720,2026-02-16 16:46:35Z,LLM_Empathetic,6.931901,7.222605,6.641196,0.6114569,0,1.602015,0,0,0,0,0,0,5.500718,4.351912,6.649533,0.592854,0.702737,0.482971,7.399259,6.222343,8.576176,0.5861614,0,2.108562,7.20469,6.10848,8.3009,9.871778,10,9.532272,6.931901,7.222605,6.641196,0.6114569,0,1.602015,0,0,0,0,0,0,5.500718,4.351912,6.649533,0.592854,0.702737,0.482971,7.399259,6.222343,8.576176,0.5861614,0,2.108562,7.20469,6.10848,8.3009,9.871778,10,9.532272,-1,-1,-1,-1,-1,-1,-1,-1,-1,-1,-1,-1,-1,-1,-1,-1,-1,-1,-1,-1,-1,-1,-1,-1,-1,-1,-1,-1,-1,-1,-1,-1,-1,-1,-1,-1,-1,-1,-1,-1,-1,-1,-1,-1,-1,-1,-1,-1,-1,-1,0,0,0,0,0,0,-1,-1,-1,-1,-1,-1,-1,-1,-1,-1,-1,-1,0,0,0,0,0,0,-1,-1,-1,-1,-1,-1,-1,-1,-1,-1,-1,-1,-1,-1,False,False,0,0,False,209,0,0,0,0,0,0,0,0,0,0,0,0,0,0,0,1,
0,4721,2026-02-16 16:46:35Z,LLM_Empathetic,6.931899,7.222605,6.641193,0.61146,0,1.602017,0,0,0,0,0,0,5.500715,4.351912,6.649529,0.592854,0.702737,0.482971,7.399258,6.222343,8.576173,0.5861633,0,2.108564,7.204687,6.108479,8.300896,9.871771,10,9.532265,6.931899,7.222605,6.641193,0.61146,0,1.602017,0,0,0,0,0,0,5.500715,4.351912,6.649529,0.592854,0.702737,0.482971,7.399258,6.222343,8.576173,0.5861633,0,2.108564,7.204687,6.108479,8.300896,9.871771,10,9.532265,-1,-1,-1,-1,-1,-1,-1,-1,-1,-1,-1,-1,-1,-1,-1,-1,-1,-1,-1,-1,-1,-1,-1,-1,-1,-1,-1,-1,-1,-1,-1,-1,-1,-1,-1,-1,-1,-1,-1,-1,-1,-1,-1,-1,-1,-1,-1,-1,-1,-1,0,0,0,0,0,0,-1,-1,-1,-1,-1,-1,-1,-1,-1,-1,-1,-1,0,0,0,0,0,0,-1,-1,-1,-1,-1,-1,-1,-1,-1,-1,-1,-1,-1,-1,False,False,0,0,False,207,0,0,0,0,0,0,0,0,0,0,0,0,0,0,0,1,
0,4722,2026-02-16 16:46:35Z,LLM_Empathetic,6.931897,7.222605,6.64119,0.6114631,0,1.602019,0,0,0,0,0,0,5.500713,4.351911,6.649525,0.592854,0.702737,0.482971,7.399257,6.222344,8.57617,0.5861653,0,2.108566,7.204684,6.108477,8.300892,9.871765,10,9.532256,6.931897,7.222605,6.64119,0.6114631,0,1.602019,0,0,0,0,0,0,5.500713,4.351911,6.649525,0.592854,0.702737,0.482971,7.399257,6.222344,8.57617,0.5861653,0,2.108566,7.204684,6.108477,8.300892,9.871765,10,9.532256,-1,-1,-1,-1,-1,-1,-1,-1,-1,-1,-1,-1,-1,-1,-1,-1,-1,-1,-1,-1,-1,-1,-1,-1,-1,-1,-1,-1,-1,-1,-1,-1,-1,-1,-1,-1,-1,-1,-1,-1,-1,-1,-1,-1,-1,-1,-1,-1,-1,-1,0,0,0,0,0,0,-1,-1,-1,-1,-1,-1,-1,-1,-1,-1,-1,-1,0,0,0,0,0,0,-1,-1,-1,-1,-1,-1,-1,-1,-1,-1,-1,-1,-1,-1,False,False,0,0,False,209,0,0,0,0,0,0,0,0,0,0,0,0,0,0,0,1,
0,4723,2026-02-16 16:46:35Z,LLM_Empathetic,6.931896,7.222604,6.641187,0.6114661,0,1.60202,0,0,0,0,0,0,5.50071,4.35191,6.649521,0.592854,0.702737,0.482971,7.399256,6.222344,8.576167,0.5861673,0,2.108568,7.20468,6.108475,8.300887,9.871758,10,9.532248,6.931896,7.222604,6.641187,0.6114661,0,1.60202,0,0,0,0,0,0,5.50071,4.35191,6.649521,0.592854,0.702737,0.482971,7.399256,6.222344,8.576167,0.5861673,0,2.108568,7.20468,6.108475,8.300887,9.871758,10,9.532248,-1,-1,-1,-1,-1,-1,-1,-1,-1,-1,-1,-1,-1,-1,-1,-1,-1,-1,-1,-1,-1,-1,-1,-1,-1,-1,-1,-1,-1,-1,-1,-1,-1,-1,-1,-1,-1,-1,-1,-1,-1,-1,-1,-1,-1,-1,-1,-1,-1,-1,0,0,0,0,0,0,-1,-1,-1,-1,-1,-1,-1,-1,-1,-1,-1,-1,0,0,0,0,0,0,-1,-1,-1,-1,-1,-1,-1,-1,-1,-1,-1,-1,-1,-1,False,False,0,0,False,207,0,0,0,0,0,0,0,0,0,0,0,0,0,0,0,1,
0,4724,2026-02-16 16:46:35Z,LLM_Empathetic,6.931894,7.222604,6.641183,0.6114692,0,1.602022,0,0,0,0,0,0,5.500708,4.351909,6.649518,0.592854,0.702737,0.482971,7.399255,6.222345,8.576164,0.5861692,0,2.10857,7.204677,6.108473,8.300882,9.871752,10,9.53224,6.931894,7.222604,6.641183,0.6114692,0,1.602022,0,0,0,0,0,0,5.500708,4.351909,6.649518,0.592854,0.702737,0.482971,7.399255,6.222345,8.576164,0.5861692,0,2.10857,7.204677,6.108473,8.300882,9.871752,10,9.53224,-1,-1,-1,-1,-1,-1,-1,-1,-1,-1,-1,-1,-1,-1,-1,-1,-1,-1,-1,-1,-1,-1,-1,-1,-1,-1,-1,-1,-1,-1,-1,-1,-1,-1,-1,-1,-1,-1,-1,-1,-1,-1,-1,-1,-1,-1,-1,-1,-1,-1,0,0,0,0,0,0,-1,-1,-1,-1,-1,-1,-1,-1,-1,-1,-1,-1,0,0,0,0,0,0,-1,-1,-1,-1,-1,-1,-1,-1,-1,-1,-1,-1,-1,-1,False,False,0,0,False,207,0,0,0,0,0,0,0,0,0,0,0,0,0,0,0,1,
0,4725,2026-02-16 16:46:35Z,LLM_Empathetic,6.931892,7.222604,6.64118,0.6114722,0,1.602024,0,0,0,0,0,0,5.500706,4.351909,6.649514,0.592854,0.702737,0.482971,7.399253,6.222345,8.576162,0.5861712,0,2.108572,7.204674,6.108471,8.300878,9.871745,10,9.532232,6.931892,7.222604,6.64118,0.6114722,0,1.602024,0,0,0,0,0,0,5.500706,4.351909,6.649514,0.592854,0.702737,0.482971,7.399253,6.222345,8.576162,0.5861712,0,2.108572,7.204674,6.108471,8.300878,9.871745,10,9.532232,-1,-1,-1,-1,-1,-1,-1,-1,-1,-1,-1,-1,-1,-1,-1,-1,-1,-1,-1,-1,-1,-1,-1,-1,-1,-1,-1,-1,-1,-1,-1,-1,-1,-1,-1,-1,-1,-1,-1,-1,-1,-1,-1,-1,-1,-1,-1,-1,-1,-1,0,0,0,0,0,0,-1,-1,-1,-1,-1,-1,-1,-1,-1,-1,-1,-1,0,0,0,0,0,0,-1,-1,-1,-1,-1,-1,-1,-1,-1,-1,-1,-1,-1,-1,False,False,0,0,False,209,0,0,0,0,0,0,0,0,0,0,0,0,0,0,0,1,
0,4726,2026-02-16 16:46:35Z,LLM_Empathetic,6.931888,7.222603,6.641173,0.6114784,0,1.602027,0,0,0,0,0,0,5.500701,4.351907,6.649506,0.592854,0.702737,0.482971,7.399251,6.222347,8.576157,0.5861751,0,2.108576,7.204668,6.108468,8.300868,9.871733,10,9.532216,6.931888,7.222603,6.641173,0.6114784,0,1.602027,0,0,0,0,0,0,5.500701,4.351907,6.649506,0.592854,0.702737,0.482971,7.399251,6.222347,8.576157,0.5861751,0,2.108576,7.204668,6.108468,8.300868,9.871733,10,9.532216,-1,-1,-1,-1,-1,-1,-1,-1,-1,-1,-1,-1,-1,-1,-1,-1,-1,-1,-1,-1,-1,-1,-1,-1,-1,-1,-1,-1,-1,-1,-1,-1,-1,-1,-1,-1,-1,-1,-1,-1,-1,-1,-1,-1,-1,-1,-1,-1,-1,-1,0,0,0,0,0,0,-1,-1,-1,-1,-1,-1,-1,-1,-1,-1,-1,-1,0,0,0,0,0,0,-1,-1,-1,-1,-1,-1,-1,-1,-1,-1,-1,-1,-1,-1,False,False,0,0,False,209,0,0,0,0,0,0,0,0,0,0,0,0,0,0,0,1,
0,4727,2026-02-16 16:46:35Z,LLM_Empathetic,6.931887,7.222603,6.64117,0.6114814,0,1.602029,0,0,0,0,0,0,5.500699,4.351906,6.649502,0.592854,0.702737,0.482971,7.399251,6.222347,8.576154,0.5861771,0,2.108577,7.204664,6.108466,8.300863,9.871726,10,9.532207,6.931887,7.222603,6.64117,0.6114814,0,1.602029,0,0,0,0,0,0,5.500699,4.351906,6.649502,0.592854,0.702737,0.482971,7.399251,6.222347,8.576154,0.5861771,0,2.108577,7.204664,6.108466,8.300863,9.871726,10,9.532207,-1,-1,-1,-1,-1,-1,-1,-1,-1,-1,-1,-1,-1,-1,-1,-1,-1,-1,-1,-1,-1,-1,-1,-1,-1,-1,-1,-1,-1,-1,-1,-1,-1,-1,-1,-1,-1,-1,-1,-1,-1,-1,-1,-1,-1,-1,-1,-1,-1,-1,0,0,0,0,0,0,-1,-1,-1,-1,-1,-1,-1,-1,-1,-1,-1,-1,0,0,0,0,0,0,-1,-1,-1,-1,-1,-1,-1,-1,-1,-1,-1,-1,-1,-1,False,False,0,0,False,207,0,0,0,0,0,0,0,0,0,0,0,0,0,0,0,1,
0,4728,2026-02-16 16:46:35Z,LLM_Empathetic,6.931885,7.222602,6.641167,0.6114845,0,1.602031,0,0,0,0,0,0,5.500697,4.351905,6.649498,0.592854,0.702737,0.482971,7.39925,6.222348,8.576152,0.5861791,0,2.108579,7.204661,6.108465,8.300858,9.871719,10,9.5322,6.931885,7.222602,6.641167,0.6114845,0,1.602031,0,0,0,0,0,0,5.500697,4.351905,6.649498,0.592854,0.702737,0.482971,7.39925,6.222348,8.576152,0.5861791,0,2.108579,7.204661,6.108465,8.300858,9.871719,10,9.5322,-1,-1,-1,-1,-1,-1,-1,-1,-1,-1,-1,-1,-1,-1,-1,-1,-1,-1,-1,-1,-1,-1,-1,-1,-1,-1,-1,-1,-1,-1,-1,-1,-1,-1,-1,-1,-1,-1,-1,-1,-1,-1,-1,-1,-1,-1,-1,-1,-1,-1,0,0,0,0,0,0,-1,-1,-1,-1,-1,-1,-1,-1,-1,-1,-1,-1,0,0,0,0,0,0,-1,-1,-1,-1,-1,-1,-1,-1,-1,-1,-1,-1,-1,-1,False,False,0,0,False,209,0,0,0,0,0,0,0,0,0,0,0,0,0,0,0,1,
0,4729,2026-02-16 16:46:35Z,LLM_Empathetic,6.931883,7.222602,6.641163,0.6114876,0,1.602032,0,0,0,0,0,0,5.500694,4.351905,6.649494,0.592854,0.702737,0.482971,7.399248,6.222348,8.576149,0.586181,0,2.108581,7.204658,6.108463,8.300854,9.871714,10,9.532191,6.931883,7.222602,6.641163,0.6114876,0,1.602032,0,0,0,0,0,0,5.500694,4.351905,6.649494,0.592854,0.702737,0.482971,7.399248,6.222348,8.576149,0.586181,0,2.108581,7.204658,6.108463,8.300854,9.871714,10,9.532191,-1,-1,-1,-1,-1,-1,-1,-1,-1,-1,-1,-1,-1,-1,-1,-1,-1,-1,-1,-1,-1,-1,-1,-1,-1,-1,-1,-1,-1,-1,-1,-1,-1,-1,-1,-1,-1,-1,-1,-1,-1,-1,-1,-1,-1,-1,-1,-1,-1,-1,0,0,0,0,0,0,-1,-1,-1,-1,-1,-1,-1,-1,-1,-1,-1,-1,0,0,0,0,0,0,-1,-1,-1,-1,-1,-1,-1,-1,-1,-1,-1,-1,-1,-1,False,False,0,0,False,207,0,0,0,0,0,0,0,0,0,0,0,0,0,0,0,1,
0,4730,2026-02-16 16:46:36Z,LLM_Empathetic,6.931881,7.222602,6.64116,0.6114907,0,1.602034,0,0,0,0,0,0,5.500692,4.351904,6.64949,0.592854,0.702737,0.482971,7.399247,6.222349,8.576146,0.586183,0,2.108583,7.204655,6.108461,8.300849,9.871707,10,9.532184,6.931881,7.222602,6.64116,0.6114907,0,1.602034,0,0,0,0,0,0,5.500692,4.351904,6.64949,0.592854,0.702737,0.482971,7.399247,6.222349,8.576146,0.586183,0,2.108583,7.204655,6.108461,8.300849,9.871707,10,9.532184,-1,-1,-1,-1,-1,-1,-1,-1,-1,-1,-1,-1,-1,-1,-1,-1,-1,-1,-1,-1,-1,-1,-1,-1,-1,-1,-1,-1,-1,-1,-1,-1,-1,-1,-1,-1,-1,-1,-1,-1,-1,-1,-1,-1,-1,-1,-1,-1,-1,-1,0,0,0,0,0,0,-1,-1,-1,-1,-1,-1,-1,-1,-1,-1,-1,-1,0,0,0,0,0,0,-1,-1,-1,-1,-1,-1,-1,-1,-1,-1,-1,-1,-1,-1,False,False,0,0,False,207,0,0,0,0,0,0,0,0,0,0,0,0,0,0,0,1,
0,4731,2026-02-16 16:46:36Z,LLM_Empathetic,6.931879,7.222601,6.641157,0.6114937,0,1.602036,0,0,0,0,0,0,5.50069,4.351903,6.649487,0.592854,0.702737,0.482971,7.399246,6.222349,8.576143,0.586185,0,2.108585,7.204651,6.108459,8.300844,9.8717,10,9.532175,6.931879,7.222601,6.641157,0.6114937,0,1.602036,0,0,0,0,0,0,5.50069,4.351903,6.649487,0.592854,0.702737,0.482971,7.399246,6.222349,8.576143,0.586185,0,2.108585,7.204651,6.108459,8.300844,9.8717,10,9.532175,-1,-1,-1,-1,-1,-1,-1,-1,-1,-1,-1,-1,-1,-1,-1,-1,-1,-1,-1,-1,-1,-1,-1,-1,-1,-1,-1,-1,-1,-1,-1,-1,-1,-1,-1,-1,-1,-1,-1,-1,-1,-1,-1,-1,-1,-1,-1,-1,-1,-1,0,0,0,0,0,0,-1,-1,-1,-1,-1,-1,-1,-1,-1,-1,-1,-1,0,0,0,0,0,0,-1,-1,-1,-1,-1,-1,-1,-1,-1,-1,-1,-1,-1,-1,False,False,0,0,False,207,0,0,0,0,0,0,0,0,0,0,0,0,0,0,0,1,
0,4732,2026-02-16 16:46:36Z,LLM_Empathetic,6.931878,7.222601,6.641154,0.6114968,0,1.602037,0,0,0,0,0,0,5.500687,4.351902,6.649483,0.592854,0.702737,0.482971,7.399245,6.22235,8.57614,0.5861869,0,2.108587,7.204648,6.108458,8.300839,9.871694,10,9.532167,6.931878,7.222601,6.641154,0.6114968,0,1.602037,0,0,0,0,0,0,5.500687,4.351902,6.649483,0.592854,0.702737,0.482971,7.399245,6.22235,8.57614,0.5861869,0,2.108587,7.204648,6.108458,8.300839,9.871694,10,9.532167,-1,-1,-1,-1,-1,-1,-1,-1,-1,-1,-1,-1,-1,-1,-1,-1,-1,-1,-1,-1,-1,-1,-1,-1,-1,-1,-1,-1,-1,-1,-1,-1,-1,-1,-1,-1,-1,-1,-1,-1,-1,-1,-1,-1,-1,-1,-1,-1,-1,-1,0,0,0,0,0,0,-1,-1,-1,-1,-1,-1,-1,-1,-1,-1,-1,-1,0,0,0,0,0,0,-1,-1,-1,-1,-1,-1,-1,-1,-1,-1,-1,-1,-1,-1,False,False,0,0,False,207,0,0,0,0,0,0,0,0,0,0,0,0,0,0,0,1,
0,4733,2026-02-16 16:46:36Z,LLM_Empathetic,6.931876,7.222601,6.64115,0.6114998,0,1.602039,0,0,0,0,0,0,5.500685,4.351902,6.649479,0.592854,0.702737,0.482971,7.399244,6.222351,8.576138,0.5861889,0,2.108589,7.204645,6.108456,8.300835,9.871688,10,9.532159,6.931876,7.222601,6.64115,0.6114998,0,1.602039,0,0,0,0,0,0,5.500685,4.351902,6.649479,0.592854,0.702737,0.482971,7.399244,6.222351,8.576138,0.5861889,0,2.108589,7.204645,6.108456,8.300835,9.871688,10,9.532159,-1,-1,-1,-1,-1,-1,-1,-1,-1,-1,-1,-1,-1,-1,-1,-1,-1,-1,-1,-1,-1,-1,-1,-1,-1,-1,-1,-1,-1,-1,-1,-1,-1,-1,-1,-1,-1,-1,-1,-1,-1,-1,-1,-1,-1,-1,-1,-1,-1,-1,0,0,0,0,0,0,-1,-1,-1,-1,-1,-1,-1,-1,-1,-1,-1,-1,0,0,0,0,0,0,-1,-1,-1,-1,-1,-1,-1,-1,-1,-1,-1,-1,-1,-1,False,False,0,0,False,209,0,0,0,0,0,0,0,0,0,0,0,0,0,0,0,1,
0,4734,2026-02-16 16:46:36Z,LLM_Empathetic,6.931872,7.2226,6.641144,0.611506,0,1.602042,0,0,0,0,0,0,5.50068,4.3519,6.649471,0.592854,0.702737,0.482971,7.399242,6.222352,8.576133,0.5861928,0,2.108593,7.204638,6.108452,8.300826,9.871675,10,9.532143,6.931872,7.2226,6.641144,0.611506,0,1.602042,0,0,0,0,0,0,5.50068,4.3519,6.649471,0.592854,0.702737,0.482971,7.399242,6.222352,8.576133,0.5861928,0,2.108593,7.204638,6.108452,8.300826,9.871675,10,9.532143,-1,-1,-1,-1,-1,-1,-1,-1,-1,-1,-1,-1,-1,-1,-1,-1,-1,-1,-1,-1,-1,-1,-1,-1,-1,-1,-1,-1,-1,-1,-1,-1,-1,-1,-1,-1,-1,-1,-1,-1,-1,-1,-1,-1,-1,-1,-1,-1,-1,-1,0,0,0,0,0,0,-1,-1,-1,-1,-1,-1,-1,-1,-1,-1,-1,-1,0,0,0,0,0,0,-1,-1,-1,-1,-1,-1,-1,-1,-1,-1,-1,-1,-1,-1,False,False,0,0,False,209,0,0,0,0,0,0,0,0,0,0,0,0,0,0,0,1,
0,4735,2026-02-16 16:46:36Z,LLM_Empathetic,6.93187,7.2226,6.64114,0.6115091,0,1.602044,0,0,0,0,0,0,5.500678,4.351899,6.649467,0.592854,0.702737,0.482971,7.399241,6.222352,8.57613,0.5861948,0,2.108595,7.204635,6.10845,8.300821,9.871668,10,9.532135,6.93187,7.2226,6.64114,0.6115091,0,1.602044,0,0,0,0,0,0,5.500678,4.351899,6.649467,0.592854,0.702737,0.482971,7.399241,6.222352,8.57613,0.5861948,0,2.108595,7.204635,6.10845,8.300821,9.871668,10,9.532135,-1,-1,-1,-1,-1,-1,-1,-1,-1,-1,-1,-1,-1,-1,-1,-1,-1,-1,-1,-1,-1,-1,-1,-1,-1,-1,-1,-1,-1,-1,-1,-1,-1,-1,-1,-1,-1,-1,-1,-1,-1,-1,-1,-1,-1,-1,-1,-1,-1,-1,0,0,0,0,0,0,-1,-1,-1,-1,-1,-1,-1,-1,-1,-1,-1,-1,0,0,0,0,0,0,-1,-1,-1,-1,-1,-1,-1,-1,-1,-1,-1,-1,-1,-1,False,False,0,0,False,209,0,0,0,0,0,0,0,0,0,0,0,0,0,0,0,1,
0,4736,2026-02-16 16:46:36Z,LLM_Empathetic,6.931869,7.2226,6.641137,0.6115122,0,1.602046,0,0,0,0,0,0,5.500676,4.351899,6.649463,0.592854,0.702737,0.482971,7.39924,6.222353,8.576127,0.5861968,0,2.108597,7.204632,6.108449,8.300817,9.871662,10,9.532126,6.931869,7.2226,6.641137,0.6115122,0,1.602046,0,0,0,0,0,0,5.500676,4.351899,6.649463,0.592854,0.702737,0.482971,7.39924,6.222353,8.576127,0.5861968,0,2.108597,7.204632,6.108449,8.300817,9.871662,10,9.532126,-1,-1,-1,-1,-1,-1,-1,-1,-1,-1,-1,-1,-1,-1,-1,-1,-1,-1,-1,-1,-1,-1,-1,-1,-1,-1,-1,-1,-1,-1,-1,-1,-1,-1,-1,-1,-1,-1,-1,-1,-1,-1,-1,-1,-1,-1,-1,-1,-1,-1,0,0,0,0,0,0,-1,-1,-1,-1,-1,-1,-1,-1,-1,-1,-1,-1,0,0,0,0,0,0,-1,-1,-1,-1,-1,-1,-1,-1,-1,-1,-1,-1,-1,-1,False,False,0,0,False,209,0,0,0,0,0,0,0,0,0,0,0,0,0,0,0,1,
0,4737,2026-02-16 16:46:36Z,LLM_Empathetic,6.931867,7.222599,6.641134,0.6115153,0,1.602048,0,0,0,0,0,0,5.500673,4.351898,6.649459,0.592854,0.702737,0.482971,7.399239,6.222353,8.576125,0.5861987,0,2.108599,7.204629,6.108447,8.300812,9.871655,10,9.532119,6.931867,7.222599,6.641134,0.6115153,0,1.602048,0,0,0,0,0,0,5.500673,4.351898,6.649459,0.592854,0.702737,0.482971,7.399239,6.222353,8.576125,0.5861987,0,2.108599,7.204629,6.108447,8.300812,9.871655,10,9.532119,-1,-1,-1,-1,-1,-1,-1,-1,-1,-1,-1,-1,-1,-1,-1,-1,-1,-1,-1,-1,-1,-1,-1,-1,-1,-1,-1,-1,-1,-1,-1,-1,-1,-1,-1,-1,-1,-1,-1,-1,-1,-1,-1,-1,-1,-1,-1,-1,-1,-1,0,0,0,0,0,0,-1,-1,-1,-1,-1,-1,-1,-1,-1,-1,-1,-1,0,0,0,0,0,0,-1,-1,-1,-1,-1,-1,-1,-1,-1,-1,-1,-1,-1,-1,False,False,0,0,False,209,0,0,0,0,0,0,0,0,0,0,0,0,0,0,0,1,
0,4738,2026-02-16 16:46:36Z,LLM_Empathetic,6.931865,7.222599,6.64113,0.6115183,0,1.602049,0,0,0,0,0,0,5.500671,4.351897,6.649456,0.592854,0.702737,0.482971,7.399238,6.222353,8.576122,0.5862007,0,2.108601,7.204626,6.108445,8.300807,9.871649,10,9.53211,6.931865,7.222599,6.64113,0.6115183,0,1.602049,0,0,0,0,0,0,5.500671,4.351897,6.649456,0.592854,0.702737,0.482971,7.399238,6.222353,8.576122,0.5862007,0,2.108601,7.204626,6.108445,8.300807,9.871649,10,9.53211,-1,-1,-1,-1,-1,-1,-1,-1,-1,-1,-1,-1,-1,-1,-1,-1,-1,-1,-1,-1,-1,-1,-1,-1,-1,-1,-1,-1,-1,-1,-1,-1,-1,-1,-1,-1,-1,-1,-1,-1,-1,-1,-1,-1,-1,-1,-1,-1,-1,-1,0,0,0,0,0,0,-1,-1,-1,-1,-1,-1,-1,-1,-1,-1,-1,-1,0,0,0,0,0,0,-1,-1,-1,-1,-1,-1,-1,-1,-1,-1,-1,-1,-1,-1,False,False,0,0,False,207,0,0,0,0,0,0,0,0,0,0,0,0,0,0,0,1,
0,4739,2026-02-16 16:46:36Z,LLM_Empathetic,6.931863,7.222599,6.641127,0.6115214,0,1.602051,0,0,0,0,0,0,5.500669,4.351896,6.649452,0.592854,0.702737,0.482971,7.399237,6.222354,8.576119,0.5862027,0,2.108603,7.204622,6.108444,8.300802,9.871642,10,9.532103,6.931863,7.222599,6.641127,0.6115214,0,1.602051,0,0,0,0,0,0,5.500669,4.351896,6.649452,0.592854,0.702737,0.482971,7.399237,6.222354,8.576119,0.5862027,0,2.108603,7.204622,6.108444,8.300802,9.871642,10,9.532103,-1,-1,-1,-1,-1,-1,-1,-1,-1,-1,-1,-1,-1,-1,-1,-1,-1,-1,-1,-1,-1,-1,-1,-1,-1,-1,-1,-1,-1,-1,-1,-1,-1,-1,-1,-1,-1,-1,-1,-1,-1,-1,-1,-1,-1,-1,-1,-1,-1,-1,0,0,0,0,0,0,-1,-1,-1,-1,-1,-1,-1,-1,-1,-1,-1,-1,0,0,0,0,0,0,-1,-1,-1,-1,-1,-1,-1,-1,-1,-1,-1,-1,-1,-1,False,False,0,0,False,209,0,0,0,0,0,0,0,0,0,0,0,0,0,0,0,1,
0,4740,2026-02-16 16:46:36Z,LLM_Empathetic,6.931861,7.222598,6.641124,0.6115245,0,1.602053,0,0,0,0,0,0,5.500666,4.351895,6.649447,0.592854,0.702737,0.482971,7.399236,6.222355,8.576117,0.5862046,0,2.108605,7.204619,6.108442,8.300797,9.871635,10,9.532094,6.931861,7.222598,6.641124,0.6115245,0,1.602053,0,0,0,0,0,0,5.500666,4.351895,6.649447,0.592854,0.702737,0.482971,7.399236,6.222355,8.576117,0.5862046,0,2.108605,7.204619,6.108442,8.300797,9.871635,10,9.532094,-1,-1,-1,-1,-1,-1,-1,-1,-1,-1,-1,-1,-1,-1,-1,-1,-1,-1,-1,-1,-1,-1,-1,-1,-1,-1,-1,-1,-1,-1,-1,-1,-1,-1,-1,-1,-1,-1,-1,-1,-1,-1,-1,-1,-1,-1,-1,-1,-1,-1,0,0,0,0,0,0,-1,-1,-1,-1,-1,-1,-1,-1,-1,-1,-1,-1,0,0,0,0,0,0,-1,-1,-1,-1,-1,-1,-1,-1,-1,-1,-1,-1,-1,-1,False,False,0,0,False,209,0,0,0,0,0,0,0,0,0,0,0,0,0,0,0,1,
0,4741,2026-02-16 16:46:36Z,LLM_Empathetic,6.931859,7.222598,6.641121,0.6115276,0,1.602054,0,0,0,0,0,0,5.500664,4.351895,6.649444,0.592854,0.702737,0.482971,7.399234,6.222355,8.576114,0.5862067,0,2.108607,7.204616,6.10844,8.300793,9.87163,10,9.532086,6.931859,7.222598,6.641121,0.6115276,0,1.602054,0,0,0,0,0,0,5.500664,4.351895,6.649444,0.592854,0.702737,0.482971,7.399234,6.222355,8.576114,0.5862067,0,2.108607,7.204616,6.10844,8.300793,9.87163,10,9.532086,-1,-1,-1,-1,-1,-1,-1,-1,-1,-1,-1,-1,-1,-1,-1,-1,-1,-1,-1,-1,-1,-1,-1,-1,-1,-1,-1,-1,-1,-1,-1,-1,-1,-1,-1,-1,-1,-1,-1,-1,-1,-1,-1,-1,-1,-1,-1,-1,-1,-1,0,0,0,0,0,0,-1,-1,-1,-1,-1,-1,-1,-1,-1,-1,-1,-1,0,0,0,0,0,0,-1,-1,-1,-1,-1,-1,-1,-1,-1,-1,-1,-1,-1,-1,False,False,0,0,False,207,0,0,0,0,0,0,0,0,0,0,0,0,0,0,0,1,
0,4742,2026-02-16 16:46:36Z,LLM_Empathetic,6.931856,7.222597,6.641114,0.6115338,0,1.602058,0,0,0,0,0,0,5.500659,4.351893,6.649436,0.592854,0.702737,0.482971,7.399232,6.222356,8.576109,0.5862106,0,2.108611,7.204609,6.108437,8.300783,9.871616,10,9.53207,6.931856,7.222597,6.641114,0.6115338,0,1.602058,0,0,0,0,0,0,5.500659,4.351893,6.649436,0.592854,0.702737,0.482971,7.399232,6.222356,8.576109,0.5862106,0,2.108611,7.204609,6.108437,8.300783,9.871616,10,9.53207,-1,-1,-1,-1,-1,-1,-1,-1,-1,-1,-1,-1,-1,-1,-1,-1,-1,-1,-1,-1,-1,-1,-1,-1,-1,-1,-1,-1,-1,-1,-1,-1,-1,-1,-1,-1,-1,-1,-1,-1,-1,-1,-1,-1,-1,-1,-1,-1,-1,-1,0,0,0,0,0,0,-1,-1,-1,-1,-1,-1,-1,-1,-1,-1,-1,-1,0,0,0,0,0,0,-1,-1,-1,-1,-1,-1,-1,-1,-1,-1,-1,-1,-1,-1,False,False,0,0,False,209,0,0,0,0,0,0,0,0,0,0,0,0,0,0,0,1,
0,4743,2026-02-16 16:46:36Z,LLM_Empathetic,6.931854,7.222597,6.641111,0.6115369,0,1.602059,0,0,0,0,0,0,5.500657,4.351892,6.649432,0.592854,0.702737,0.482971,7.399231,6.222357,8.576106,0.5862126,0,2.108613,7.204606,6.108435,8.300778,9.87161,10,9.532062,6.931854,7.222597,6.641111,0.6115369,0,1.602059,0,0,0,0,0,0,5.500657,4.351892,6.649432,0.592854,0.702737,0.482971,7.399231,6.222357,8.576106,0.5862126,0,2.108613,7.204606,6.108435,8.300778,9.87161,10,9.532062,-1,-1,-1,-1,-1,-1,-1,-1,-1,-1,-1,-1,-1,-1,-1,-1,-1,-1,-1,-1,-1,-1,-1,-1,-1,-1,-1,-1,-1,-1,-1,-1,-1,-1,-1,-1,-1,-1,-1,-1,-1,-1,-1,-1,-1,-1,-1,-1,-1,-1,0,0,0,0,0,0,-1,-1,-1,-1,-1,-1,-1,-1,-1,-1,-1,-1,0,0,0,0,0,0,-1,-1,-1,-1,-1,-1,-1,-1,-1,-1,-1,-1,-1,-1,False,False,0,0,False,207,0,0,0,0,0,0,0,0,0,0,0,0,0,0,0,1,
0,4744,2026-02-16 16:46:36Z,LLM_Empathetic,6.931852,7.222597,6.641108,0.61154,0,1.602061,0,0,0,0,0,0,5.500655,4.351892,6.649428,0.592854,0.702737,0.482971,7.39923,6.222357,8.576103,0.5862145,0,2.108615,7.204603,6.108433,8.300774,9.871603,10,9.532054,6.931852,7.222597,6.641108,0.61154,0,1.602061,0,0,0,0,0,0,5.500655,4.351892,6.649428,0.592854,0.702737,0.482971,7.39923,6.222357,8.576103,0.5862145,0,2.108615,7.204603,6.108433,8.300774,9.871603,10,9.532054,-1,-1,-1,-1,-1,-1,-1,-1,-1,-1,-1,-1,-1,-1,-1,-1,-1,-1,-1,-1,-1,-1,-1,-1,-1,-1,-1,-1,-1,-1,-1,-1,-1,-1,-1,-1,-1,-1,-1,-1,-1,-1,-1,-1,-1,-1,-1,-1,-1,-1,0,0,0,0,0,0,-1,-1,-1,-1,-1,-1,-1,-1,-1,-1,-1,-1,0,0,0,0,0,0,-1,-1,-1,-1,-1,-1,-1,-1,-1,-1,-1,-1,-1,-1,False,False,0,0,False,207,0,0,0,0,0,0,0,0,0,0,0,0,0,0,0,1,
0,4745,2026-02-16 16:46:36Z,LLM_Empathetic,6.93185,7.222596,6.641104,0.6115431,0,1.602063,0,0,0,0,0,0,5.500652,4.351891,6.649424,0.592854,0.702737,0.482971,7.399229,6.222358,8.5761,0.5862166,0,2.108617,7.204599,6.108431,8.300769,9.871597,10,9.532045,6.93185,7.222596,6.641104,0.6115431,0,1.602063,0,0,0,0,0,0,5.500652,4.351891,6.649424,0.592854,0.702737,0.482971,7.399229,6.222358,8.5761,0.5862166,0,2.108617,7.204599,6.108431,8.300769,9.871597,10,9.532045,-1,-1,-1,-1,-1,-1,-1,-1,-1,-1,-1,-1,-1,-1,-1,-1,-1,-1,-1,-1,-1,-1,-1,-1,-1,-1,-1,-1,-1,-1,-1,-1,-1,-1,-1,-1,-1,-1,-1,-1,-1,-1,-1,-1,-1,-1,-1,-1,-1,-1,0,0,0,0,0,0,-1,-1,-1,-1,-1,-1,-1,-1,-1,-1,-1,-1,0,0,0,0,0,0,-1,-1,-1,-1,-1,-1,-1,-1,-1,-1,-1,-1,-1,-1,False,False,0,0,False,207,0,0,0,0,0,0,0,0,0,0,0,0,0,0,0,1,
0,4746,2026-02-16 16:46:36Z,LLM_Empathetic,6.931849,7.222596,6.641101,0.6115462,0,1.602065,0,0,0,0,0,0,5.50065,4.35189,6.64942,0.592854,0.702737,0.482971,7.399228,6.222359,8.576097,0.5862185,0,2.108619,7.204597,6.108429,8.300764,9.871591,10,9.532038,6.931849,7.222596,6.641101,0.6115462,0,1.602065,0,0,0,0,0,0,5.50065,4.35189,6.64942,0.592854,0.702737,0.482971,7.399228,6.222359,8.576097,0.5862185,0,2.108619,7.204597,6.108429,8.300764,9.871591,10,9.532038,-1,-1,-1,-1,-1,-1,-1,-1,-1,-1,-1,-1,-1,-1,-1,-1,-1,-1,-1,-1,-1,-1,-1,-1,-1,-1,-1,-1,-1,-1,-1,-1,-1,-1,-1,-1,-1,-1,-1,-1,-1,-1,-1,-1,-1,-1,-1,-1,-1,-1,0,0,0,0,0,0,-1,-1,-1,-1,-1,-1,-1,-1,-1,-1,-1,-1,0,0,0,0,0,0,-1,-1,-1,-1,-1,-1,-1,-1,-1,-1,-1,-1,-1,-1,False,False,0,0,False,209,0,0,0,0,0,0,0,0,0,0,0,0,0,0,0,1,
0,4747,2026-02-16 16:46:36Z,LLM_Empathetic,6.931845,7.222595,6.641094,0.6115524,0,1.602068,0,0,0,0,0,0,5.500645,4.351889,6.649413,0.592854,0.702737,0.482971,7.399226,6.22236,8.576093,0.5862225,0,2.108623,7.20459,6.108426,8.300755,9.871577,10,9.532022,6.931845,7.222595,6.641094,0.6115524,0,1.602068,0,0,0,0,0,0,5.500645,4.351889,6.649413,0.592854,0.702737,0.482971,7.399226,6.22236,8.576093,0.5862225,0,2.108623,7.20459,6.108426,8.300755,9.871577,10,9.532022,-1,-1,-1,-1,-1,-1,-1,-1,-1,-1,-1,-1,-1,-1,-1,-1,-1,-1,-1,-1,-1,-1,-1,-1,-1,-1,-1,-1,-1,-1,-1,-1,-1,-1,-1,-1,-1,-1,-1,-1,-1,-1,-1,-1,-1,-1,-1,-1,-1,-1,0,0,0,0,0,0,-1,-1,-1,-1,-1,-1,-1,-1,-1,-1,-1,-1,0,0,0,0,0,0,-1,-1,-1,-1,-1,-1,-1,-1,-1,-1,-1,-1,-1,-1,False,False,0,0,False,209,0,0,0,0,0,0,0,0,0,0,0,0,0,0,0,1,
0,4748,2026-02-16 16:46:36Z,LLM_Empathetic,6.931843,7.222595,6.641091,0.6115555,0,1.60207,0,0,0,0,0,0,5.500643,4.351888,6.649409,0.592854,0.702737,0.482971,7.399225,6.22236,8.57609,0.5862245,0,2.108625,7.204587,6.108424,8.30075,9.871571,10,9.532013,6.931843,7.222595,6.641091,0.6115555,0,1.60207,0,0,0,0,0,0,5.500643,4.351888,6.649409,0.592854,0.702737,0.482971,7.399225,6.22236,8.57609,0.5862245,0,2.108625,7.204587,6.108424,8.30075,9.871571,10,9.532013,-1,-1,-1,-1,-1,-1,-1,-1,-1,-1,-1,-1,-1,-1,-1,-1,-1,-1,-1,-1,-1,-1,-1,-1,-1,-1,-1,-1,-1,-1,-1,-1,-1,-1,-1,-1,-1,-1,-1,-1,-1,-1,-1,-1,-1,-1,-1,-1,-1,-1,0,0,0,0,0,0,-1,-1,-1,-1,-1,-1,-1,-1,-1,-1,-1,-1,0,0,0,0,0,0,-1,-1,-1,-1,-1,-1,-1,-1,-1,-1,-1,-1,-1,-1,False,False,0,0,False,207,0,0,0,0,0,0,0,0,0,0,0,0,0,0,0,1,
0,4749,2026-02-16 16:46:36Z,LLM_Empathetic,6.931841,7.222595,6.641088,0.6115586,0,1.602071,0,0,0,0,0,0,5.50064,4.351887,6.649405,0.592854,0.702737,0.482971,7.399224,6.222361,8.576087,0.5862265,0,2.108627,7.204583,6.108422,8.300745,9.871565,10,9.532004,6.931841,7.222595,6.641088,0.6115586,0,1.602071,0,0,0,0,0,0,5.50064,4.351887,6.649405,0.592854,0.702737,0.482971,7.399224,6.222361,8.576087,0.5862265,0,2.108627,7.204583,6.108422,8.300745,9.871565,10,9.532004,-1,-1,-1,-1,-1,-1,-1,-1,-1,-1,-1,-1,-1,-1,-1,-1,-1,-1,-1,-1,-1,-1,-1,-1,-1,-1,-1,-1,-1,-1,-1,-1,-1,-1,-1,-1,-1,-1,-1,-1,-1,-1,-1,-1,-1,-1,-1,-1,-1,-1,0,0,0,0,0,0,-1,-1,-1,-1,-1,-1,-1,-1,-1,-1,-1,-1,0,0,0,0,0,0,-1,-1,-1,-1,-1,-1,-1,-1,-1,-1,-1,-1,-1,-1,False,False,0,0,False,209,0,0,0,0,0,0,0,0,0,0,0,0,0,0,0,1,
0,4750,2026-02-16 16:46:36Z,LLM_Empathetic,6.931839,7.222594,6.641084,0.6115617,0,1.602073,0,0,0,0,0,0,5.500638,4.351886,6.649401,0.592854,0.702737,0.482971,7.399223,6.222362,8.576084,0.5862284,0,2.108629,7.20458,6.108421,8.30074,9.871558,10,9.531997,6.931839,7.222594,6.641084,0.6115617,0,1.602073,0,0,0,0,0,0,5.500638,4.351886,6.649401,0.592854,0.702737,0.482971,7.399223,6.222362,8.576084,0.5862284,0,2.108629,7.20458,6.108421,8.30074,9.871558,10,9.531997,-1,-1,-1,-1,-1,-1,-1,-1,-1,-1,-1,-1,-1,-1,-1,-1,-1,-1,-1,-1,-1,-1,-1,-1,-1,-1,-1,-1,-1,-1,-1,-1,-1,-1,-1,-1,-1,-1,-1,-1,-1,-1,-1,-1,-1,-1,-1,-1,-1,-1,0,0,0,0,0,0,-1,-1,-1,-1,-1,-1,-1,-1,-1,-1,-1,-1,0,0,0,0,0,0,-1,-1,-1,-1,-1,-1,-1,-1,-1,-1,-1,-1,-1,-1,False,False,0,0,False,209,0,0,0,0,0,0,0,0,0,0,0,0,0,0,0,1,
0,4751,2026-02-16 16:46:36Z,LLM_Empathetic,6.931838,7.222594,6.641081,0.6115648,0,1.602075,0,0,0,0,0,0,5.500636,4.351885,6.649397,0.592854,0.702737,0.482971,7.399221,6.222362,8.576082,0.5862305,0,2.108631,7.204577,6.108419,8.300735,9.871552,10,9.531988,6.931838,7.222594,6.641081,0.6115648,0,1.602075,0,0,0,0,0,0,5.500636,4.351885,6.649397,0.592854,0.702737,0.482971,7.399221,6.222362,8.576082,0.5862305,0,2.108631,7.204577,6.108419,8.300735,9.871552,10,9.531988,-1,-1,-1,-1,-1,-1,-1,-1,-1,-1,-1,-1,-1,-1,-1,-1,-1,-1,-1,-1,-1,-1,-1,-1,-1,-1,-1,-1,-1,-1,-1,-1,-1,-1,-1,-1,-1,-1,-1,-1,-1,-1,-1,-1,-1,-1,-1,-1,-1,-1,0,0,0,0,0,0,-1,-1,-1,-1,-1,-1,-1,-1,-1,-1,-1,-1,0,0,0,0,0,0,-1,-1,-1,-1,-1,-1,-1,-1,-1,-1,-1,-1,-1,-1,False,False,0,0,False,209,0,0,0,0,0,0,0,0,0,0,0,0,0,0,0,1,
0,4752,2026-02-16 16:46:36Z,LLM_Empathetic,6.931836,7.222593,6.641078,0.6115679,0,1.602077,0,0,0,0,0,0,5.500634,4.351884,6.649393,0.592854,0.702737,0.482971,7.39922,6.222363,8.576079,0.5862324,0,2.108633,7.204574,6.108417,8.300731,9.871545,10,9.531981,6.931836,7.222593,6.641078,0.6115679,0,1.602077,0,0,0,0,0,0,5.500634,4.351884,6.649393,0.592854,0.702737,0.482971,7.39922,6.222363,8.576079,0.5862324,0,2.108633,7.204574,6.108417,8.300731,9.871545,10,9.531981,-1,-1,-1,-1,-1,-1,-1,-1,-1,-1,-1,-1,-1,-1,-1,-1,-1,-1,-1,-1,-1,-1,-1,-1,-1,-1,-1,-1,-1,-1,-1,-1,-1,-1,-1,-1,-1,-1,-1,-1,-1,-1,-1,-1,-1,-1,-1,-1,-1,-1,0,0,0,0,0,0,-1,-1,-1,-1,-1,-1,-1,-1,-1,-1,-1,-1,0,0,0,0,0,0,-1,-1,-1,-1,-1,-1,-1,-1,-1,-1,-1,-1,-1,-1,False,False,0,0,False,209,0,0,0,0,0,0,0,0,0,0,0,0,0,0,0,1,
0,4753,2026-02-16 16:46:36Z,LLM_Empathetic,6.931834,7.222593,6.641074,0.611571,0,1.602078,0,0,0,0,0,0,5.500631,4.351884,6.649389,0.592854,0.702737,0.482971,7.39922,6.222363,8.576077,0.5862344,0,2.108635,7.20457,6.108415,8.300726,9.871538,10,9.531972,6.931834,7.222593,6.641074,0.611571,0,1.602078,0,0,0,0,0,0,5.500631,4.351884,6.649389,0.592854,0.702737,0.482971,7.39922,6.222363,8.576077,0.5862344,0,2.108635,7.20457,6.108415,8.300726,9.871538,10,9.531972,-1,-1,-1,-1,-1,-1,-1,-1,-1,-1,-1,-1,-1,-1,-1,-1,-1,-1,-1,-1,-1,-1,-1,-1,-1,-1,-1,-1,-1,-1,-1,-1,-1,-1,-1,-1,-1,-1,-1,-1,-1,-1,-1,-1,-1,-1,-1,-1,-1,-1,0,0,0,0,0,0,-1,-1,-1,-1,-1,-1,-1,-1,-1,-1,-1,-1,0,0,0,0,0,0,-1,-1,-1,-1,-1,-1,-1,-1,-1,-1,-1,-1,-1,-1,False,False,0,0,False,209,0,0,0,0,0,0,0,0,0,0,0,0,0,0,0,1,
0,4754,2026-02-16 16:46:36Z,LLM_Empathetic,6.931832,7.222593,6.641071,0.6115741,0,1.60208,0,0,0,0,0,0,5.500629,4.351883,6.649385,0.592854,0.702737,0.482971,7.399219,6.222363,8.576074,0.5862364,0,2.108637,7.204567,6.108414,8.300721,9.871531,10,9.531964,6.931832,7.222593,6.641071,0.6115741,0,1.60208,0,0,0,0,0,0,5.500629,4.351883,6.649385,0.592854,0.702737,0.482971,7.399219,6.222363,8.576074,0.5862364,0,2.108637,7.204567,6.108414,8.300721,9.871531,10,9.531964,-1,-1,-1,-1,-1,-1,-1,-1,-1,-1,-1,-1,-1,-1,-1,-1,-1,-1,-1,-1,-1,-1,-1,-1,-1,-1,-1,-1,-1,-1,-1,-1,-1,-1,-1,-1,-1,-1,-1,-1,-1,-1,-1,-1,-1,-1,-1,-1,-1,-1,0,0,0,0,0,0,-1,-1,-1,-1,-1,-1,-1,-1,-1,-1,-1,-1,0,0,0,0,0,0,-1,-1,-1,-1,-1,-1,-1,-1,-1,-1,-1,-1,-1,-1,False,False,0,0,False,207,0,0,0,0,0,0,0,0,0,0,0,0,0,0,0,1,
0,4755,2026-02-16 16:46:36Z,LLM_Empathetic,6.93183,7.222592,6.641068,0.6115772,0,1.602082,0,0,0,0,0,0,5.500627,4.351882,6.649381,0.592854,0.702737,0.482971,7.399217,6.222364,8.576071,0.5862384,0,2.108639,7.204564,6.108412,8.300716,9.871526,10,9.531956,6.93183,7.222592,6.641068,0.6115772,0,1.602082,0,0,0,0,0,0,5.500627,4.351882,6.649381,0.592854,0.702737,0.482971,7.399217,6.222364,8.576071,0.5862384,0,2.108639,7.204564,6.108412,8.300716,9.871526,10,9.531956,-1,-1,-1,-1,-1,-1,-1,-1,-1,-1,-1,-1,-1,-1,-1,-1,-1,-1,-1,-1,-1,-1,-1,-1,-1,-1,-1,-1,-1,-1,-1,-1,-1,-1,-1,-1,-1,-1,-1,-1,-1,-1,-1,-1,-1,-1,-1,-1,-1,-1,0,0,0,0,0,0,-1,-1,-1,-1,-1,-1,-1,-1,-1,-1,-1,-1,0,0,0,0,0,0,-1,-1,-1,-1,-1,-1,-1,-1,-1,-1,-1,-1,-1,-1,False,False,0,0,False,207,0,0,0,0,0,0,0,0,0,0,0,0,0,0,0,1,
0,4756,2026-02-16 16:46:36Z,LLM_Empathetic,6.931828,7.222592,6.641064,0.6115803,0,1.602083,0,0,0,0,0,0,5.500624,4.351882,6.649377,0.592854,0.702737,0.482971,7.399216,6.222364,8.576068,0.5862404,0,2.108641,7.20456,6.10841,8.300712,9.871519,10,9.531947,6.931828,7.222592,6.641064,0.6115803,0,1.602083,0,0,0,0,0,0,5.500624,4.351882,6.649377,0.592854,0.702737,0.482971,7.399216,6.222364,8.576068,0.5862404,0,2.108641,7.20456,6.10841,8.300712,9.871519,10,9.531947,-1,-1,-1,-1,-1,-1,-1,-1,-1,-1,-1,-1,-1,-1,-1,-1,-1,-1,-1,-1,-1,-1,-1,-1,-1,-1,-1,-1,-1,-1,-1,-1,-1,-1,-1,-1,-1,-1,-1,-1,-1,-1,-1,-1,-1,-1,-1,-1,-1,-1,0,0,0,0,0,0,-1,-1,-1,-1,-1,-1,-1,-1,-1,-1,-1,-1,0,0,0,0,0,0,-1,-1,-1,-1,-1,-1,-1,-1,-1,-1,-1,-1,-1,-1,False,False,0,0,False,207,0,0,0,0,0,0,0,0,0,0,0,0,0,0,0,1,
0,4757,2026-02-16 16:46:36Z,LLM_Empathetic,6.931827,7.222592,6.641061,0.6115834,0,1.602085,0,0,0,0,0,0,5.500622,4.351881,6.649374,0.592854,0.702737,0.482971,7.399215,6.222365,8.576066,0.5862424,0,2.108643,7.204557,6.108408,8.300707,9.871512,10,9.53194,6.931827,7.222592,6.641061,0.6115834,0,1.602085,0,0,0,0,0,0,5.500622,4.351881,6.649374,0.592854,0.702737,0.482971,7.399215,6.222365,8.576066,0.5862424,0,2.108643,7.204557,6.108408,8.300707,9.871512,10,9.53194,-1,-1,-1,-1,-1,-1,-1,-1,-1,-1,-1,-1,-1,-1,-1,-1,-1,-1,-1,-1,-1,-1,-1,-1,-1,-1,-1,-1,-1,-1,-1,-1,-1,-1,-1,-1,-1,-1,-1,-1,-1,-1,-1,-1,-1,-1,-1,-1,-1,-1,0,0,0,0,0,0,-1,-1,-1,-1,-1,-1,-1,-1,-1,-1,-1,-1,0,0,0,0,0,0,-1,-1,-1,-1,-1,-1,-1,-1,-1,-1,-1,-1,-1,-1,False,False,0,0,False,209,0,0,0,0,0,0,0,0,0,0,0,0,0,0,0,1,
0,4758,2026-02-16 16:46:36Z,LLM_Empathetic,6.931823,7.222591,6.641054,0.6115896,0,1.602089,0,0,0,0,0,0,5.500617,4.351879,6.649365,0.592854,0.702737,0.482971,7.399213,6.222366,8.57606,0.5862464,0,2.108647,7.204551,6.108405,8.300697,9.871499,10,9.531923,6.931823,7.222591,6.641054,0.6115896,0,1.602089,0,0,0,0,0,0,5.500617,4.351879,6.649365,0.592854,0.702737,0.482971,7.399213,6.222366,8.57606,0.5862464,0,2.108647,7.204551,6.108405,8.300697,9.871499,10,9.531923,-1,-1,-1,-1,-1,-1,-1,-1,-1,-1,-1,-1,-1,-1,-1,-1,-1,-1,-1,-1,-1,-1,-1,-1,-1,-1,-1,-1,-1,-1,-1,-1,-1,-1,-1,-1,-1,-1,-1,-1,-1,-1,-1,-1,-1,-1,-1,-1,-1,-1,0,0,0,0,0,0,-1,-1,-1,-1,-1,-1,-1,-1,-1,-1,-1,-1,0,0,0,0,0,0,-1,-1,-1,-1,-1,-1,-1,-1,-1,-1,-1,-1,-1,-1,False,False,0,0,False,207,0,0,0,0,0,0,0,0,0,0,0,0,0,0,0,1,
0,4759,2026-02-16 16:46:36Z,LLM_Empathetic,6.931821,7.222591,6.641051,0.6115927,0,1.60209,0,0,0,0,0,0,5.500615,4.351878,6.649362,0.592854,0.702737,0.482971,7.399212,6.222367,8.576057,0.5862483,0,2.108649,7.204547,6.108403,8.300693,9.871492,10,9.531915,6.931821,7.222591,6.641051,0.6115927,0,1.60209,0,0,0,0,0,0,5.500615,4.351878,6.649362,0.592854,0.702737,0.482971,7.399212,6.222367,8.576057,0.5862483,0,2.108649,7.204547,6.108403,8.300693,9.871492,10,9.531915,-1,-1,-1,-1,-1,-1,-1,-1,-1,-1,-1,-1,-1,-1,-1,-1,-1,-1,-1,-1,-1,-1,-1,-1,-1,-1,-1,-1,-1,-1,-1,-1,-1,-1,-1,-1,-1,-1,-1,-1,-1,-1,-1,-1,-1,-1,-1,-1,-1,-1,0,0,0,0,0,0,-1,-1,-1,-1,-1,-1,-1,-1,-1,-1,-1,-1,0,0,0,0,0,0,-1,-1,-1,-1,-1,-1,-1,-1,-1,-1,-1,-1,-1,-1,False,False,0,0,False,207,0,0,0,0,0,0,0,0,0,0,0,0,0,0,0,1,
0,4760,2026-02-16 16:46:36Z,LLM_Empathetic,6.931819,7.22259,6.641047,0.6115958,0,1.602092,0,0,0,0,0,0,5.500612,4.351878,6.649358,0.592854,0.702737,0.482971,7.399211,6.222367,8.576055,0.5862504,0,2.108651,7.204544,6.108401,8.300688,9.871487,10,9.531906,6.931819,7.22259,6.641047,0.6115958,0,1.602092,0,0,0,0,0,0,5.500612,4.351878,6.649358,0.592854,0.702737,0.482971,7.399211,6.222367,8.576055,0.5862504,0,2.108651,7.204544,6.108401,8.300688,9.871487,10,9.531906,-1,-1,-1,-1,-1,-1,-1,-1,-1,-1,-1,-1,-1,-1,-1,-1,-1,-1,-1,-1,-1,-1,-1,-1,-1,-1,-1,-1,-1,-1,-1,-1,-1,-1,-1,-1,-1,-1,-1,-1,-1,-1,-1,-1,-1,-1,-1,-1,-1,-1,0,0,0,0,0,0,-1,-1,-1,-1,-1,-1,-1,-1,-1,-1,-1,-1,0,0,0,0,0,0,-1,-1,-1,-1,-1,-1,-1,-1,-1,-1,-1,-1,-1,-1,False,False,0,0,False,209,0,0,0,0,0,0,0,0,0,0,0,0,0,0,0,1,
0,4761,2026-02-16 16:46:36Z,LLM_Empathetic,6.931818,7.22259,6.641044,0.611599,0,1.602094,0,0,0,0,0,0,5.50061,4.351877,6.649354,0.592854,0.702737,0.482971,7.39921,6.222368,8.576052,0.5862523,0,2.108653,7.204541,6.108399,8.300683,9.87148,10,9.531898,6.931818,7.22259,6.641044,0.611599,0,1.602094,0,0,0,0,0,0,5.50061,4.351877,6.649354,0.592854,0.702737,0.482971,7.39921,6.222368,8.576052,0.5862523,0,2.108653,7.204541,6.108399,8.300683,9.87148,10,9.531898,-1,-1,-1,-1,-1,-1,-1,-1,-1,-1,-1,-1,-1,-1,-1,-1,-1,-1,-1,-1,-1,-1,-1,-1,-1,-1,-1,-1,-1,-1,-1,-1,-1,-1,-1,-1,-1,-1,-1,-1,-1,-1,-1,-1,-1,-1,-1,-1,-1,-1,0,0,0,0,0,0,-1,-1,-1,-1,-1,-1,-1,-1,-1,-1,-1,-1,0,0,0,0,0,0,-1,-1,-1,-1,-1,-1,-1,-1,-1,-1,-1,-1,-1,-1,False,False,0,0,False,207,0,0,0,0,0,0,0,0,0,0,0,0,0,0,0,1,
0,4762,2026-02-16 16:46:37Z,LLM_Empathetic,6.931816,7.22259,6.641041,0.6116021,0,1.602095,0,0,0,0,0,0,5.500607,4.351876,6.64935,0.592854,0.702737,0.482971,7.399209,6.222369,8.57605,0.5862544,0,2.108655,7.204537,6.108397,8.300678,9.871473,10,9.53189,6.931816,7.22259,6.641041,0.6116021,0,1.602095,0,0,0,0,0,0,5.500607,4.351876,6.64935,0.592854,0.702737,0.482971,7.399209,6.222369,8.57605,0.5862544,0,2.108655,7.204537,6.108397,8.300678,9.871473,10,9.53189,-1,-1,-1,-1,-1,-1,-1,-1,-1,-1,-1,-1,-1,-1,-1,-1,-1,-1,-1,-1,-1,-1,-1,-1,-1,-1,-1,-1,-1,-1,-1,-1,-1,-1,-1,-1,-1,-1,-1,-1,-1,-1,-1,-1,-1,-1,-1,-1,-1,-1,0,0,0,0,0,0,-1,-1,-1,-1,-1,-1,-1,-1,-1,-1,-1,-1,0,0,0,0,0,0,-1,-1,-1,-1,-1,-1,-1,-1,-1,-1,-1,-1,-1,-1,False,False,0,0,False,209,0,0,0,0,0,0,0,0,0,0,0,0,0,0,0,1,
0,4763,2026-02-16 16:46:37Z,LLM_Empathetic,6.931814,7.222589,6.641037,0.6116052,0,1.602097,0,0,0,0,0,0,5.500605,4.351875,6.649346,0.592854,0.702737,0.482971,7.399208,6.222369,8.576047,0.5862563,0,2.108657,7.204535,6.108396,8.300673,9.871467,10,9.531882,6.931814,7.222589,6.641037,0.6116052,0,1.602097,0,0,0,0,0,0,5.500605,4.351875,6.649346,0.592854,0.702737,0.482971,7.399208,6.222369,8.576047,0.5862563,0,2.108657,7.204535,6.108396,8.300673,9.871467,10,9.531882,-1,-1,-1,-1,-1,-1,-1,-1,-1,-1,-1,-1,-1,-1,-1,-1,-1,-1,-1,-1,-1,-1,-1,-1,-1,-1,-1,-1,-1,-1,-1,-1,-1,-1,-1,-1,-1,-1,-1,-1,-1,-1,-1,-1,-1,-1,-1,-1,-1,-1,0,0,0,0,0,0,-1,-1,-1,-1,-1,-1,-1,-1,-1,-1,-1,-1,0,0,0,0,0,0,-1,-1,-1,-1,-1,-1,-1,-1,-1,-1,-1,-1,-1,-1,False,False,0,0,False,209,0,0,0,0,0,0,0,0,0,0,0,0,0,0,0,1,
0,4764,2026-02-16 16:46:37Z,LLM_Empathetic,6.931812,7.222589,6.641034,0.6116083,0,1.602099,0,0,0,0,0,0,5.500603,4.351874,6.649342,0.592854,0.702737,0.482971,7.399207,6.22237,8.576044,0.5862584,0,2.108659,7.204531,6.108394,8.300669,9.87146,10,9.531874,6.931812,7.222589,6.641034,0.6116083,0,1.602099,0,0,0,0,0,0,5.500603,4.351874,6.649342,0.592854,0.702737,0.482971,7.399207,6.22237,8.576044,0.5862584,0,2.108659,7.204531,6.108394,8.300669,9.87146,10,9.531874,-1,-1,-1,-1,-1,-1,-1,-1,-1,-1,-1,-1,-1,-1,-1,-1,-1,-1,-1,-1,-1,-1,-1,-1,-1,-1,-1,-1,-1,-1,-1,-1,-1,-1,-1,-1,-1,-1,-1,-1,-1,-1,-1,-1,-1,-1,-1,-1,-1,-1,0,0,0,0,0,0,-1,-1,-1,-1,-1,-1,-1,-1,-1,-1,-1,-1,0,0,0,0,0,0,-1,-1,-1,-1,-1,-1,-1,-1,-1,-1,-1,-1,-1,-1,False,False,0,0,False,209,0,0,0,0,0,0,0,0,0,0,0,0,0,0,0,1,
0,4765,2026-02-16 16:46:37Z,LLM_Empathetic,6.93181,7.222589,6.641031,0.6116114,0,1.602101,0,0,0,0,0,0,5.500601,4.351874,6.649338,0.592854,0.702737,0.482971,7.399206,6.22237,8.576041,0.5862603,0,2.108661,7.204528,6.108392,8.300664,9.871453,10,9.531865,6.93181,7.222589,6.641031,0.6116114,0,1.602101,0,0,0,0,0,0,5.500601,4.351874,6.649338,0.592854,0.702737,0.482971,7.399206,6.22237,8.576041,0.5862603,0,2.108661,7.204528,6.108392,8.300664,9.871453,10,9.531865,-1,-1,-1,-1,-1,-1,-1,-1,-1,-1,-1,-1,-1,-1,-1,-1,-1,-1,-1,-1,-1,-1,-1,-1,-1,-1,-1,-1,-1,-1,-1,-1,-1,-1,-1,-1,-1,-1,-1,-1,-1,-1,-1,-1,-1,-1,-1,-1,-1,-1,0,0,0,0,0,0,-1,-1,-1,-1,-1,-1,-1,-1,-1,-1,-1,-1,0,0,0,0,0,0,-1,-1,-1,-1,-1,-1,-1,-1,-1,-1,-1,-1,-1,-1,False,False,0,0,False,207,0,0,0,0,0,0,0,0,0,0,0,0,0,0,0,1,
0,4766,2026-02-16 16:46:37Z,LLM_Empathetic,6.931808,7.222589,6.641027,0.6116145,0,1.602102,0,0,0,0,0,0,5.500598,4.351873,6.649334,0.592854,0.702737,0.482971,7.399204,6.222371,8.576038,0.5862623,0,2.108663,7.204525,6.10839,8.300659,9.871447,10,9.531857,6.931808,7.222589,6.641027,0.6116145,0,1.602102,0,0,0,0,0,0,5.500598,4.351873,6.649334,0.592854,0.702737,0.482971,7.399204,6.222371,8.576038,0.5862623,0,2.108663,7.204525,6.10839,8.300659,9.871447,10,9.531857,-1,-1,-1,-1,-1,-1,-1,-1,-1,-1,-1,-1,-1,-1,-1,-1,-1,-1,-1,-1,-1,-1,-1,-1,-1,-1,-1,-1,-1,-1,-1,-1,-1,-1,-1,-1,-1,-1,-1,-1,-1,-1,-1,-1,-1,-1,-1,-1,-1,-1,0,0,0,0,0,0,-1,-1,-1,-1,-1,-1,-1,-1,-1,-1,-1,-1,0,0,0,0,0,0,-1,-1,-1,-1,-1,-1,-1,-1,-1,-1,-1,-1,-1,-1,False,False,0,0,False,209,0,0,0,0,0,0,0,0,0,0,0,0,0,0,0,1,
0,4767,2026-02-16 16:46:37Z,LLM_Empathetic,6.931805,7.222588,6.641021,0.6116208,0,1.602106,0,0,0,0,0,0,5.500594,4.351871,6.649326,0.592854,0.702737,0.482971,7.399202,6.222372,8.576034,0.5862663,0,2.108667,7.204518,6.108387,8.30065,9.871434,10,9.53184,6.931805,7.222588,6.641021,0.6116208,0,1.602106,0,0,0,0,0,0,5.500594,4.351871,6.649326,0.592854,0.702737,0.482971,7.399202,6.222372,8.576034,0.5862663,0,2.108667,7.204518,6.108387,8.30065,9.871434,10,9.53184,-1,-1,-1,-1,-1,-1,-1,-1,-1,-1,-1,-1,-1,-1,-1,-1,-1,-1,-1,-1,-1,-1,-1,-1,-1,-1,-1,-1,-1,-1,-1,-1,-1,-1,-1,-1,-1,-1,-1,-1,-1,-1,-1,-1,-1,-1,-1,-1,-1,-1,0,0,0,0,0,0,-1,-1,-1,-1,-1,-1,-1,-1,-1,-1,-1,-1,0,0,0,0,0,0,-1,-1,-1,-1,-1,-1,-1,-1,-1,-1,-1,-1,-1,-1,False,False,0,0,False,209,0,0,0,0,0,0,0,0,0,0,0,0,0,0,0,1,
0,4768,2026-02-16 16:46:37Z,LLM_Empathetic,6.931803,7.222588,6.641017,0.6116239,0,1.602107,0,0,0,0,0,0,5.500591,4.351871,6.649322,0.592854,0.702737,0.482971,7.399201,6.222373,8.576031,0.5862683,0,2.108669,7.204515,6.108385,8.300645,9.871428,10,9.531833,6.931803,7.222588,6.641017,0.6116239,0,1.602107,0,0,0,0,0,0,5.500591,4.351871,6.649322,0.592854,0.702737,0.482971,7.399201,6.222373,8.576031,0.5862683,0,2.108669,7.204515,6.108385,8.300645,9.871428,10,9.531833,-1,-1,-1,-1,-1,-1,-1,-1,-1,-1,-1,-1,-1,-1,-1,-1,-1,-1,-1,-1,-1,-1,-1,-1,-1,-1,-1,-1,-1,-1,-1,-1,-1,-1,-1,-1,-1,-1,-1,-1,-1,-1,-1,-1,-1,-1,-1,-1,-1,-1,0,0,0,0,0,0,-1,-1,-1,-1,-1,-1,-1,-1,-1,-1,-1,-1,0,0,0,0,0,0,-1,-1,-1,-1,-1,-1,-1,-1,-1,-1,-1,-1,-1,-1,False,False,0,0,False,207,0,0,0,0,0,0,0,0,0,0,0,0,0,0,0,1,
0,4769,2026-02-16 16:46:37Z,LLM_Empathetic,6.931801,7.222587,6.641014,0.611627,0,1.602109,0,0,0,0,0,0,5.500589,4.35187,6.649318,0.592854,0.702737,0.482971,7.3992,6.222373,8.576028,0.5862703,0,2.108671,7.204511,6.108384,8.30064,9.871421,10,9.531824,6.931801,7.222587,6.641014,0.611627,0,1.602109,0,0,0,0,0,0,5.500589,4.35187,6.649318,0.592854,0.702737,0.482971,7.3992,6.222373,8.576028,0.5862703,0,2.108671,7.204511,6.108384,8.30064,9.871421,10,9.531824,-1,-1,-1,-1,-1,-1,-1,-1,-1,-1,-1,-1,-1,-1,-1,-1,-1,-1,-1,-1,-1,-1,-1,-1,-1,-1,-1,-1,-1,-1,-1,-1,-1,-1,-1,-1,-1,-1,-1,-1,-1,-1,-1,-1,-1,-1,-1,-1,-1,-1,0,0,0,0,0,0,-1,-1,-1,-1,-1,-1,-1,-1,-1,-1,-1,-1,0,0,0,0,0,0,-1,-1,-1,-1,-1,-1,-1,-1,-1,-1,-1,-1,-1,-1,False,False,0,0,False,209,0,0,0,0,0,0,0,0,0,0,0,0,0,0,0,1,
0,4770,2026-02-16 16:46:37Z,LLM_Empathetic,6.931799,7.222587,6.641011,0.6116302,0,1.602111,0,0,0,0,0,0,5.500587,4.351869,6.649314,0.592854,0.702737,0.482971,7.399199,6.222373,8.576025,0.5862724,0,2.108673,7.204508,6.108382,8.300635,9.871414,10,9.531816,6.931799,7.222587,6.641011,0.6116302,0,1.602111,0,0,0,0,0,0,5.500587,4.351869,6.649314,0.592854,0.702737,0.482971,7.399199,6.222373,8.576025,0.5862724,0,2.108673,7.204508,6.108382,8.300635,9.871414,10,9.531816,-1,-1,-1,-1,-1,-1,-1,-1,-1,-1,-1,-1,-1,-1,-1,-1,-1,-1,-1,-1,-1,-1,-1,-1,-1,-1,-1,-1,-1,-1,-1,-1,-1,-1,-1,-1,-1,-1,-1,-1,-1,-1,-1,-1,-1,-1,-1,-1,-1,-1,0,0,0,0,0,0,-1,-1,-1,-1,-1,-1,-1,-1,-1,-1,-1,-1,0,0,0,0,0,0,-1,-1,-1,-1,-1,-1,-1,-1,-1,-1,-1,-1,-1,-1,False,False,0,0,False,209,0,0,0,0,0,0,0,0,0,0,0,0,0,0,0,1,
0,4771,2026-02-16 16:46:37Z,LLM_Empathetic,6.931797,7.222587,6.641007,0.6116333,0,1.602113,0,0,0,0,0,0,5.500584,4.351868,6.64931,0.592854,0.702737,0.482971,7.399198,6.222374,8.576022,0.5862743,0,2.108675,7.204505,6.10838,8.300631,9.871408,10,9.531808,6.931797,7.222587,6.641007,0.6116333,0,1.602113,0,0,0,0,0,0,5.500584,4.351868,6.64931,0.592854,0.702737,0.482971,7.399198,6.222374,8.576022,0.5862743,0,2.108675,7.204505,6.10838,8.300631,9.871408,10,9.531808,-1,-1,-1,-1,-1,-1,-1,-1,-1,-1,-1,-1,-1,-1,-1,-1,-1,-1,-1,-1,-1,-1,-1,-1,-1,-1,-1,-1,-1,-1,-1,-1,-1,-1,-1,-1,-1,-1,-1,-1,-1,-1,-1,-1,-1,-1,-1,-1,-1,-1,0,0,0,0,0,0,-1,-1,-1,-1,-1,-1,-1,-1,-1,-1,-1,-1,0,0,0,0,0,0,-1,-1,-1,-1,-1,-1,-1,-1,-1,-1,-1,-1,-1,-1,False,False,0,0,False,209,0,0,0,0,0,0,0,0,0,0,0,0,0,0,0,1,
0,4772,2026-02-16 16:46:37Z,LLM_Empathetic,6.931795,7.222586,6.641004,0.6116365,0,1.602114,0,0,0,0,0,0,5.500582,4.351867,6.649306,0.592854,0.702737,0.482971,7.399197,6.222374,8.576019,0.5862764,0,2.108677,7.204502,6.108378,8.300626,9.871401,10,9.531799,6.931795,7.222586,6.641004,0.6116365,0,1.602114,0,0,0,0,0,0,5.500582,4.351867,6.649306,0.592854,0.702737,0.482971,7.399197,6.222374,8.576019,0.5862764,0,2.108677,7.204502,6.108378,8.300626,9.871401,10,9.531799,-1,-1,-1,-1,-1,-1,-1,-1,-1,-1,-1,-1,-1,-1,-1,-1,-1,-1,-1,-1,-1,-1,-1,-1,-1,-1,-1,-1,-1,-1,-1,-1,-1,-1,-1,-1,-1,-1,-1,-1,-1,-1,-1,-1,-1,-1,-1,-1,-1,-1,0,0,0,0,0,0,-1,-1,-1,-1,-1,-1,-1,-1,-1,-1,-1,-1,0,0,0,0,0,0,-1,-1,-1,-1,-1,-1,-1,-1,-1,-1,-1,-1,-1,-1,False,False,0,0,False,209,0,0,0,0,0,0,0,0,0,0,0,0,0,0,0,1,
0,4773,2026-02-16 16:46:37Z,LLM_Empathetic,6.931793,7.222586,6.641001,0.6116396,0,1.602116,0,0,0,0,0,0,5.500579,4.351867,6.649302,0.592854,0.702737,0.482971,7.399196,6.222375,8.576016,0.5862784,0,2.108679,7.204498,6.108377,8.300621,9.871394,10,9.531792,6.931793,7.222586,6.641001,0.6116396,0,1.602116,0,0,0,0,0,0,5.500579,4.351867,6.649302,0.592854,0.702737,0.482971,7.399196,6.222375,8.576016,0.5862784,0,2.108679,7.204498,6.108377,8.300621,9.871394,10,9.531792,-1,-1,-1,-1,-1,-1,-1,-1,-1,-1,-1,-1,-1,-1,-1,-1,-1,-1,-1,-1,-1,-1,-1,-1,-1,-1,-1,-1,-1,-1,-1,-1,-1,-1,-1,-1,-1,-1,-1,-1,-1,-1,-1,-1,-1,-1,-1,-1,-1,-1,0,0,0,0,0,0,-1,-1,-1,-1,-1,-1,-1,-1,-1,-1,-1,-1,0,0,0,0,0,0,-1,-1,-1,-1,-1,-1,-1,-1,-1,-1,-1,-1,-1,-1,False,False,0,0,False,207,0,0,0,0,0,0,0,0,0,0,0,0,0,0,0,1,
0,4774,2026-02-16 16:46:37Z,LLM_Empathetic,6.931792,7.222586,6.640997,0.6116427,0,1.602118,0,0,0,0,0,0,5.500577,4.351866,6.649298,0.592854,0.702737,0.482971,7.399195,6.222376,8.576015,0.5862803,0,2.108681,7.204495,6.108375,8.300616,9.871387,10,9.531783,6.931792,7.222586,6.640997,0.6116427,0,1.602118,0,0,0,0,0,0,5.500577,4.351866,6.649298,0.592854,0.702737,0.482971,7.399195,6.222376,8.576015,0.5862803,0,2.108681,7.204495,6.108375,8.300616,9.871387,10,9.531783,-1,-1,-1,-1,-1,-1,-1,-1,-1,-1,-1,-1,-1,-1,-1,-1,-1,-1,-1,-1,-1,-1,-1,-1,-1,-1,-1,-1,-1,-1,-1,-1,-1,-1,-1,-1,-1,-1,-1,-1,-1,-1,-1,-1,-1,-1,-1,-1,-1,-1,0,0,0,0,0,0,-1,-1,-1,-1,-1,-1,-1,-1,-1,-1,-1,-1,0,0,0,0,0,0,-1,-1,-1,-1,-1,-1,-1,-1,-1,-1,-1,-1,-1,-1,False,False,0,0,False,209,0,0,0,0,0,0,0,0,0,0,0,0,0,0,0,1,
0,4775,2026-02-16 16:46:37Z,LLM_Empathetic,6.931788,7.222585,6.640991,0.611649,0,1.602121,0,0,0,0,0,0,5.500572,4.351864,6.649291,0.592854,0.702737,0.482971,7.399192,6.222377,8.576009,0.5862844,0,2.108685,7.204488,6.108371,8.300607,9.871375,10,9.531767,6.931788,7.222585,6.640991,0.611649,0,1.602121,0,0,0,0,0,0,5.500572,4.351864,6.649291,0.592854,0.702737,0.482971,7.399192,6.222377,8.576009,0.5862844,0,2.108685,7.204488,6.108371,8.300607,9.871375,10,9.531767,-1,-1,-1,-1,-1,-1,-1,-1,-1,-1,-1,-1,-1,-1,-1,-1,-1,-1,-1,-1,-1,-1,-1,-1,-1,-1,-1,-1,-1,-1,-1,-1,-1,-1,-1,-1,-1,-1,-1,-1,-1,-1,-1,-1,-1,-1,-1,-1,-1,-1,0,0,0,0,0,0,-1,-1,-1,-1,-1,-1,-1,-1,-1,-1,-1,-1,0,0,0,0,0,0,-1,-1,-1,-1,-1,-1,-1,-1,-1,-1,-1,-1,-1,-1,False,False,0,0,False,207,0,0,0,0,0,0,0,0,0,0,0,0,0,0,0,1,
0,4776,2026-02-16 16:46:37Z,LLM_Empathetic,6.931786,7.222585,6.640987,0.6116521,0,1.602123,0,0,0,0,0,0,5.50057,4.351863,6.649286,0.592854,0.702737,0.482971,7.399191,6.222377,8.576006,0.5862864,0,2.108687,7.204485,6.108369,8.300602,9.871368,10,9.531758,6.931786,7.222585,6.640987,0.6116521,0,1.602123,0,0,0,0,0,0,5.50057,4.351863,6.649286,0.592854,0.702737,0.482971,7.399191,6.222377,8.576006,0.5862864,0,2.108687,7.204485,6.108369,8.300602,9.871368,10,9.531758,-1,-1,-1,-1,-1,-1,-1,-1,-1,-1,-1,-1,-1,-1,-1,-1,-1,-1,-1,-1,-1,-1,-1,-1,-1,-1,-1,-1,-1,-1,-1,-1,-1,-1,-1,-1,-1,-1,-1,-1,-1,-1,-1,-1,-1,-1,-1,-1,-1,-1,0,0,0,0,0,0,-1,-1,-1,-1,-1,-1,-1,-1,-1,-1,-1,-1,0,0,0,0,0,0,-1,-1,-1,-1,-1,-1,-1,-1,-1,-1,-1,-1,-1,-1,False,False,0,0,False,207,0,0,0,0,0,0,0,0,0,0,0,0,0,0,0,1,
0,4777,2026-02-16 16:46:37Z,LLM_Empathetic,6.931784,7.222584,6.640984,0.6116553,0,1.602125,0,0,0,0,0,0,5.500567,4.351863,6.649282,0.592854,0.702737,0.482971,7.39919,6.222378,8.576003,0.5862884,0,2.108689,7.204482,6.108367,8.300597,9.871362,10,9.53175,6.931784,7.222584,6.640984,0.6116553,0,1.602125,0,0,0,0,0,0,5.500567,4.351863,6.649282,0.592854,0.702737,0.482971,7.39919,6.222378,8.576003,0.5862884,0,2.108689,7.204482,6.108367,8.300597,9.871362,10,9.53175,-1,-1,-1,-1,-1,-1,-1,-1,-1,-1,-1,-1,-1,-1,-1,-1,-1,-1,-1,-1,-1,-1,-1,-1,-1,-1,-1,-1,-1,-1,-1,-1,-1,-1,-1,-1,-1,-1,-1,-1,-1,-1,-1,-1,-1,-1,-1,-1,-1,-1,0,0,0,0,0,0,-1,-1,-1,-1,-1,-1,-1,-1,-1,-1,-1,-1,0,0,0,0,0,0,-1,-1,-1,-1,-1,-1,-1,-1,-1,-1,-1,-1,-1,-1,False,False,0,0,False,209,0,0,0,0,0,0,0,0,0,0,0,0,0,0,0,1,
0,4778,2026-02-16 16:46:37Z,LLM_Empathetic,6.931782,7.222584,6.640981,0.6116584,0,1.602126,0,0,0,0,0,0,5.500565,4.351862,6.649279,0.592854,0.702737,0.482971,7.399189,6.222379,8.576,0.5862904,0,2.108691,7.204478,6.108366,8.300592,9.871355,10,9.531742,6.931782,7.222584,6.640981,0.6116584,0,1.602126,0,0,0,0,0,0,5.500565,4.351862,6.649279,0.592854,0.702737,0.482971,7.399189,6.222379,8.576,0.5862904,0,2.108691,7.204478,6.108366,8.300592,9.871355,10,9.531742,-1,-1,-1,-1,-1,-1,-1,-1,-1,-1,-1,-1,-1,-1,-1,-1,-1,-1,-1,-1,-1,-1,-1,-1,-1,-1,-1,-1,-1,-1,-1,-1,-1,-1,-1,-1,-1,-1,-1,-1,-1,-1,-1,-1,-1,-1,-1,-1,-1,-1,0,0,0,0,0,0,-1,-1,-1,-1,-1,-1,-1,-1,-1,-1,-1,-1,0,0,0,0,0,0,-1,-1,-1,-1,-1,-1,-1,-1,-1,-1,-1,-1,-1,-1,False,False,0,0,False,207,0,0,0,0,0,0,0,0,0,0,0,0,0,0,0,1,
0,4779,2026-02-16 16:46:37Z,LLM_Empathetic,6.93178,7.222584,6.640977,0.6116616,0,1.602128,0,0,0,0,0,0,5.500563,4.351861,6.649274,0.592854,0.702737,0.482971,7.399188,6.222379,8.575997,0.5862924,0,2.108693,7.204475,6.108364,8.300588,9.871348,10,9.531734,6.93178,7.222584,6.640977,0.6116616,0,1.602128,0,0,0,0,0,0,5.500563,4.351861,6.649274,0.592854,0.702737,0.482971,7.399188,6.222379,8.575997,0.5862924,0,2.108693,7.204475,6.108364,8.300588,9.871348,10,9.531734,-1,-1,-1,-1,-1,-1,-1,-1,-1,-1,-1,-1,-1,-1,-1,-1,-1,-1,-1,-1,-1,-1,-1,-1,-1,-1,-1,-1,-1,-1,-1,-1,-1,-1,-1,-1,-1,-1,-1,-1,-1,-1,-1,-1,-1,-1,-1,-1,-1,-1,0,0,0,0,0,0,-1,-1,-1,-1,-1,-1,-1,-1,-1,-1,-1,-1,0,0,0,0,0,0,-1,-1,-1,-1,-1,-1,-1,-1,-1,-1,-1,-1,-1,-1,False,False,0,0,False,207,0,0,0,0,0,0,0,0,0,0,0,0,0,0,0,1,
0,4780,2026-02-16 16:46:37Z,LLM_Empathetic,6.931778,7.222583,6.640974,0.6116647,0,1.60213,0,0,0,0,0,0,5.50056,4.351861,6.649271,0.592854,0.702737,0.482971,7.399187,6.22238,8.575995,0.5862945,0,2.108695,7.204472,6.108362,8.300583,9.871342,10,9.531725,6.931778,7.222583,6.640974,0.6116647,0,1.60213,0,0,0,0,0,0,5.50056,4.351861,6.649271,0.592854,0.702737,0.482971,7.399187,6.22238,8.575995,0.5862945,0,2.108695,7.204472,6.108362,8.300583,9.871342,10,9.531725,-1,-1,-1,-1,-1,-1,-1,-1,-1,-1,-1,-1,-1,-1,-1,-1,-1,-1,-1,-1,-1,-1,-1,-1,-1,-1,-1,-1,-1,-1,-1,-1,-1,-1,-1,-1,-1,-1,-1,-1,-1,-1,-1,-1,-1,-1,-1,-1,-1,-1,0,0,0,0,0,0,-1,-1,-1,-1,-1,-1,-1,-1,-1,-1,-1,-1,0,0,0,0,0,0,-1,-1,-1,-1,-1,-1,-1,-1,-1,-1,-1,-1,-1,-1,False,False,0,0,False,207,0,0,0,0,0,0,0,0,0,0,0,0,0,0,0,1,
0,4781,2026-02-16 16:46:37Z,LLM_Empathetic,6.931777,7.222583,6.640971,0.6116679,0,1.602132,0,0,0,0,0,0,5.500558,4.35186,6.649267,0.592854,0.702737,0.482971,7.399186,6.22238,8.575993,0.5862964,0,2.108697,7.204468,6.10836,8.300577,9.871335,10,9.531717,6.931777,7.222583,6.640971,0.6116679,0,1.602132,0,0,0,0,0,0,5.500558,4.35186,6.649267,0.592854,0.702737,0.482971,7.399186,6.22238,8.575993,0.5862964,0,2.108697,7.204468,6.10836,8.300577,9.871335,10,9.531717,-1,-1,-1,-1,-1,-1,-1,-1,-1,-1,-1,-1,-1,-1,-1,-1,-1,-1,-1,-1,-1,-1,-1,-1,-1,-1,-1,-1,-1,-1,-1,-1,-1,-1,-1,-1,-1,-1,-1,-1,-1,-1,-1,-1,-1,-1,-1,-1,-1,-1,0,0,0,0,0,0,-1,-1,-1,-1,-1,-1,-1,-1,-1,-1,-1,-1,0,0,0,0,0,0,-1,-1,-1,-1,-1,-1,-1,-1,-1,-1,-1,-1,-1,-1,False,False,0,0,False,207,0,0,0,0,0,0,0,0,0,0,0,0,0,0,0,1,
0,4782,2026-02-16 16:46:37Z,LLM_Empathetic,6.931775,7.222582,6.640967,0.611671,0,1.602133,0,0,0,0,0,0,5.500556,4.351859,6.649262,0.592854,0.702737,0.482971,7.399185,6.222381,8.57599,0.5862985,0,2.108699,7.204465,6.108358,8.300572,9.871328,10,9.531709,6.931775,7.222582,6.640967,0.611671,0,1.602133,0,0,0,0,0,0,5.500556,4.351859,6.649262,0.592854,0.702737,0.482971,7.399185,6.222381,8.57599,0.5862985,0,2.108699,7.204465,6.108358,8.300572,9.871328,10,9.531709,-1,-1,-1,-1,-1,-1,-1,-1,-1,-1,-1,-1,-1,-1,-1,-1,-1,-1,-1,-1,-1,-1,-1,-1,-1,-1,-1,-1,-1,-1,-1,-1,-1,-1,-1,-1,-1,-1,-1,-1,-1,-1,-1,-1,-1,-1,-1,-1,-1,-1,0,0,0,0,0,0,-1,-1,-1,-1,-1,-1,-1,-1,-1,-1,-1,-1,0,0,0,0,0,0,-1,-1,-1,-1,-1,-1,-1,-1,-1,-1,-1,-1,-1,-1,False,False,0,0,False,207,0,0,0,0,0,0,0,0,0,0,0,0,0,0,0,1,
0,4783,2026-02-16 16:46:37Z,LLM_Empathetic,6.931773,7.222582,6.640964,0.6116741,0,1.602135,0,0,0,0,0,0,5.500553,4.351858,6.649259,0.592854,0.702737,0.482971,7.399184,6.222381,8.575987,0.5863005,0,2.108701,7.204462,6.108356,8.300568,9.871322,10,9.5317,6.931773,7.222582,6.640964,0.6116741,0,1.602135,0,0,0,0,0,0,5.500553,4.351858,6.649259,0.592854,0.702737,0.482971,7.399184,6.222381,8.575987,0.5863005,0,2.108701,7.204462,6.108356,8.300568,9.871322,10,9.5317,-1,-1,-1,-1,-1,-1,-1,-1,-1,-1,-1,-1,-1,-1,-1,-1,-1,-1,-1,-1,-1,-1,-1,-1,-1,-1,-1,-1,-1,-1,-1,-1,-1,-1,-1,-1,-1,-1,-1,-1,-1,-1,-1,-1,-1,-1,-1,-1,-1,-1,0,0,0,0,0,0,-1,-1,-1,-1,-1,-1,-1,-1,-1,-1,-1,-1,0,0,0,0,0,0,-1,-1,-1,-1,-1,-1,-1,-1,-1,-1,-1,-1,-1,-1,False,False,0,0,False,207,0,0,0,0,0,0,0,0,0,0,0,0,0,0,0,1,
0,4784,2026-02-16 16:46:37Z,LLM_Empathetic,6.931769,7.222581,6.640957,0.6116804,0,1.602139,0,0,0,0,0,0,5.500548,4.351856,6.649251,0.592854,0.702737,0.482971,7.399182,6.222383,8.575981,0.5863045,0,2.108705,7.204455,6.108353,8.300558,9.871308,10,9.531684,6.931769,7.222581,6.640957,0.6116804,0,1.602139,0,0,0,0,0,0,5.500548,4.351856,6.649251,0.592854,0.702737,0.482971,7.399182,6.222383,8.575981,0.5863045,0,2.108705,7.204455,6.108353,8.300558,9.871308,10,9.531684,-1,-1,-1,-1,-1,-1,-1,-1,-1,-1,-1,-1,-1,-1,-1,-1,-1,-1,-1,-1,-1,-1,-1,-1,-1,-1,-1,-1,-1,-1,-1,-1,-1,-1,-1,-1,-1,-1,-1,-1,-1,-1,-1,-1,-1,-1,-1,-1,-1,-1,0,0,0,0,0,0,-1,-1,-1,-1,-1,-1,-1,-1,-1,-1,-1,-1,0,0,0,0,0,0,-1,-1,-1,-1,-1,-1,-1,-1,-1,-1,-1,-1,-1,-1,False,False,0,0,False,209,0,0,0,0,0,0,0,0,0,0,0,0,0,0,0,1,
0,4785,2026-02-16 16:46:37Z,LLM_Empathetic,6.931767,7.222581,6.640954,0.6116836,0,1.60214,0,0,0,0,0,0,5.500546,4.351856,6.649247,0.592854,0.702737,0.482971,7.39918,6.222383,8.575978,0.5863066,0,2.108707,7.204452,6.108351,8.300553,9.871302,10,9.531675,6.931767,7.222581,6.640954,0.6116836,0,1.60214,0,0,0,0,0,0,5.500546,4.351856,6.649247,0.592854,0.702737,0.482971,7.39918,6.222383,8.575978,0.5863066,0,2.108707,7.204452,6.108351,8.300553,9.871302,10,9.531675,-1,-1,-1,-1,-1,-1,-1,-1,-1,-1,-1,-1,-1,-1,-1,-1,-1,-1,-1,-1,-1,-1,-1,-1,-1,-1,-1,-1,-1,-1,-1,-1,-1,-1,-1,-1,-1,-1,-1,-1,-1,-1,-1,-1,-1,-1,-1,-1,-1,-1,0,0,0,0,0,0,-1,-1,-1,-1,-1,-1,-1,-1,-1,-1,-1,-1,0,0,0,0,0,0,-1,-1,-1,-1,-1,-1,-1,-1,-1,-1,-1,-1,-1,-1,False,False,0,0,False,207,0,0,0,0,0,0,0,0,0,0,0,0,0,0,0,1,
0,4786,2026-02-16 16:46:37Z,LLM_Empathetic,6.931766,7.222581,6.64095,0.6116868,0,1.602142,0,0,0,0,0,0,5.500544,4.351855,6.649243,0.592854,0.702737,0.482971,7.399179,6.222383,8.575976,0.5863086,0,2.108709,7.204449,6.108349,8.300549,9.871295,10,9.531667,6.931766,7.222581,6.64095,0.6116868,0,1.602142,0,0,0,0,0,0,5.500544,4.351855,6.649243,0.592854,0.702737,0.482971,7.399179,6.222383,8.575976,0.5863086,0,2.108709,7.204449,6.108349,8.300549,9.871295,10,9.531667,-1,-1,-1,-1,-1,-1,-1,-1,-1,-1,-1,-1,-1,-1,-1,-1,-1,-1,-1,-1,-1,-1,-1,-1,-1,-1,-1,-1,-1,-1,-1,-1,-1,-1,-1,-1,-1,-1,-1,-1,-1,-1,-1,-1,-1,-1,-1,-1,-1,-1,0,0,0,0,0,0,-1,-1,-1,-1,-1,-1,-1,-1,-1,-1,-1,-1,0,0,0,0,0,0,-1,-1,-1,-1,-1,-1,-1,-1,-1,-1,-1,-1,-1,-1,False,False,0,0,False,209,0,0,0,0,0,0,0,0,0,0,0,0,0,0,0,1,
0,4787,2026-02-16 16:46:37Z,LLM_Empathetic,6.931764,7.22258,6.640947,0.6116899,0,1.602144,0,0,0,0,0,0,5.500541,4.351854,6.649239,0.592854,0.702737,0.482971,7.399179,6.222384,8.575974,0.5863106,0,2.108711,7.204445,6.108348,8.300544,9.871288,10,9.531659,6.931764,7.22258,6.640947,0.6116899,0,1.602144,0,0,0,0,0,0,5.500541,4.351854,6.649239,0.592854,0.702737,0.482971,7.399179,6.222384,8.575974,0.5863106,0,2.108711,7.204445,6.108348,8.300544,9.871288,10,9.531659,-1,-1,-1,-1,-1,-1,-1,-1,-1,-1,-1,-1,-1,-1,-1,-1,-1,-1,-1,-1,-1,-1,-1,-1,-1,-1,-1,-1,-1,-1,-1,-1,-1,-1,-1,-1,-1,-1,-1,-1,-1,-1,-1,-1,-1,-1,-1,-1,-1,-1,0,0,0,0,0,0,-1,-1,-1,-1,-1,-1,-1,-1,-1,-1,-1,-1,0,0,0,0,0,0,-1,-1,-1,-1,-1,-1,-1,-1,-1,-1,-1,-1,-1,-1,False,False,0,0,False,207,0,0,0,0,0,0,0,0,0,0,0,0,0,0,0,1,
0,4788,2026-02-16 16:46:37Z,LLM_Empathetic,6.931762,7.22258,6.640944,0.6116931,0,1.602146,0,0,0,0,0,0,5.500539,4.351853,6.649235,0.592854,0.702737,0.482971,7.399178,6.222384,8.575971,0.5863126,0,2.108713,7.204442,6.108346,8.300539,9.871283,10,9.531651,6.931762,7.22258,6.640944,0.6116931,0,1.602146,0,0,0,0,0,0,5.500539,4.351853,6.649235,0.592854,0.702737,0.482971,7.399178,6.222384,8.575971,0.5863126,0,2.108713,7.204442,6.108346,8.300539,9.871283,10,9.531651,-1,-1,-1,-1,-1,-1,-1,-1,-1,-1,-1,-1,-1,-1,-1,-1,-1,-1,-1,-1,-1,-1,-1,-1,-1,-1,-1,-1,-1,-1,-1,-1,-1,-1,-1,-1,-1,-1,-1,-1,-1,-1,-1,-1,-1,-1,-1,-1,-1,-1,0,0,0,0,0,0,-1,-1,-1,-1,-1,-1,-1,-1,-1,-1,-1,-1,0,0,0,0,0,0,-1,-1,-1,-1,-1,-1,-1,-1,-1,-1,-1,-1,-1,-1,False,False,0,0,False,207,0,0,0,0,0,0,0,0,0,0,0,0,0,0,0,1,
0,4789,2026-02-16 16:46:37Z,LLM_Empathetic,6.93176,7.22258,6.64094,0.6116962,0,1.602147,0,0,0,0,0,0,5.500536,4.351852,6.649231,0.592854,0.702737,0.482971,7.399176,6.222385,8.575968,0.5863146,0,2.108715,7.204439,6.108344,8.300534,9.871276,10,9.531642,6.93176,7.22258,6.64094,0.6116962,0,1.602147,0,0,0,0,0,0,5.500536,4.351852,6.649231,0.592854,0.702737,0.482971,7.399176,6.222385,8.575968,0.5863146,0,2.108715,7.204439,6.108344,8.300534,9.871276,10,9.531642,-1,-1,-1,-1,-1,-1,-1,-1,-1,-1,-1,-1,-1,-1,-1,-1,-1,-1,-1,-1,-1,-1,-1,-1,-1,-1,-1,-1,-1,-1,-1,-1,-1,-1,-1,-1,-1,-1,-1,-1,-1,-1,-1,-1,-1,-1,-1,-1,-1,-1,0,0,0,0,0,0,-1,-1,-1,-1,-1,-1,-1,-1,-1,-1,-1,-1,0,0,0,0,0,0,-1,-1,-1,-1,-1,-1,-1,-1,-1,-1,-1,-1,-1,-1,False,False,0,0,False,207,0,0,0,0,0,0,0,0,0,0,0,0,0,0,0,1,
0,4790,2026-02-16 16:46:37Z,LLM_Empathetic,6.931758,7.222579,6.640937,0.6116994,0,1.602149,0,0,0,0,0,0,5.500534,4.351851,6.649227,0.592854,0.702737,0.482971,7.399175,6.222386,8.575965,0.5863166,0,2.108717,7.204435,6.108342,8.300529,9.871269,10,9.531633,6.931758,7.222579,6.640937,0.6116994,0,1.602149,0,0,0,0,0,0,5.500534,4.351851,6.649227,0.592854,0.702737,0.482971,7.399175,6.222386,8.575965,0.5863166,0,2.108717,7.204435,6.108342,8.300529,9.871269,10,9.531633,-1,-1,-1,-1,-1,-1,-1,-1,-1,-1,-1,-1,-1,-1,-1,-1,-1,-1,-1,-1,-1,-1,-1,-1,-1,-1,-1,-1,-1,-1,-1,-1,-1,-1,-1,-1,-1,-1,-1,-1,-1,-1,-1,-1,-1,-1,-1,-1,-1,-1,0,0,0,0,0,0,-1,-1,-1,-1,-1,-1,-1,-1,-1,-1,-1,-1,0,0,0,0,0,0,-1,-1,-1,-1,-1,-1,-1,-1,-1,-1,-1,-1,-1,-1,False,False,0,0,False,207,0,0,0,0,0,0,0,0,0,0,0,0,0,0,0,1,
0,4791,2026-02-16 16:46:37Z,LLM_Empathetic,6.931756,7.222579,6.640934,0.6117026,0,1.602151,0,0,0,0,0,0,5.500532,4.351851,6.649223,0.592854,0.702737,0.482971,7.399174,6.222386,8.575962,0.5863187,0,2.108719,7.204432,6.10834,8.300525,9.871263,10,9.531626,6.931756,7.222579,6.640934,0.6117026,0,1.602151,0,0,0,0,0,0,5.500532,4.351851,6.649223,0.592854,0.702737,0.482971,7.399174,6.222386,8.575962,0.5863187,0,2.108719,7.204432,6.10834,8.300525,9.871263,10,9.531626,-1,-1,-1,-1,-1,-1,-1,-1,-1,-1,-1,-1,-1,-1,-1,-1,-1,-1,-1,-1,-1,-1,-1,-1,-1,-1,-1,-1,-1,-1,-1,-1,-1,-1,-1,-1,-1,-1,-1,-1,-1,-1,-1,-1,-1,-1,-1,-1,-1,-1,0,0,0,0,0,0,-1,-1,-1,-1,-1,-1,-1,-1,-1,-1,-1,-1,0,0,0,0,0,0,-1,-1,-1,-1,-1,-1,-1,-1,-1,-1,-1,-1,-1,-1,False,False,0,0,False,209,0,0,0,0,0,0,0,0,0,0,0,0,0,0,0,1,
0,4792,2026-02-16 16:46:37Z,LLM_Empathetic,6.931755,7.222579,6.64093,0.6117057,0,1.602153,0,0,0,0,0,0,5.500529,4.35185,6.649219,0.592854,0.702737,0.482971,7.399173,6.222387,8.575959,0.5863207,0,2.108721,7.204429,6.108339,8.30052,9.871256,10,9.531617,6.931755,7.222579,6.64093,0.6117057,0,1.602153,0,0,0,0,0,0,5.500529,4.35185,6.649219,0.592854,0.702737,0.482971,7.399173,6.222387,8.575959,0.5863207,0,2.108721,7.204429,6.108339,8.30052,9.871256,10,9.531617,-1,-1,-1,-1,-1,-1,-1,-1,-1,-1,-1,-1,-1,-1,-1,-1,-1,-1,-1,-1,-1,-1,-1,-1,-1,-1,-1,-1,-1,-1,-1,-1,-1,-1,-1,-1,-1,-1,-1,-1,-1,-1,-1,-1,-1,-1,-1,-1,-1,-1,0,0,0,0,0,0,-1,-1,-1,-1,-1,-1,-1,-1,-1,-1,-1,-1,0,0,0,0,0,0,-1,-1,-1,-1,-1,-1,-1,-1,-1,-1,-1,-1,-1,-1,False,False,0,0,False,207,0,0,0,0,0,0,0,0,0,0,0,0,0,0,0,1,
0,4793,2026-02-16 16:46:37Z,LLM_Empathetic,6.931753,7.222579,6.640927,0.6117089,0,1.602154,0,0,0,0,0,0,5.500527,4.351849,6.649215,0.592854,0.702737,0.482971,7.399172,6.222387,8.575956,0.5863227,0,2.108723,7.204425,6.108337,8.300515,9.871249,10,9.531609,6.931753,7.222579,6.640927,0.6117089,0,1.602154,0,0,0,0,0,0,5.500527,4.351849,6.649215,0.592854,0.702737,0.482971,7.399172,6.222387,8.575956,0.5863227,0,2.108723,7.204425,6.108337,8.300515,9.871249,10,9.531609,-1,-1,-1,-1,-1,-1,-1,-1,-1,-1,-1,-1,-1,-1,-1,-1,-1,-1,-1,-1,-1,-1,-1,-1,-1,-1,-1,-1,-1,-1,-1,-1,-1,-1,-1,-1,-1,-1,-1,-1,-1,-1,-1,-1,-1,-1,-1,-1,-1,-1,0,0,0,0,0,0,-1,-1,-1,-1,-1,-1,-1,-1,-1,-1,-1,-1,0,0,0,0,0,0,-1,-1,-1,-1,-1,-1,-1,-1,-1,-1,-1,-1,-1,-1,False,False,0,0,False,207,0,0,0,0,0,0,0,0,0,0,0,0,0,0,0,1,
0,4794,2026-02-16 16:46:37Z,LLM_Empathetic,6.931749,7.222578,6.64092,0.6117152,0,1.602158,0,0,0,0,0,0,5.500522,4.351848,6.649207,0.592854,0.702737,0.482971,7.39917,6.222389,8.575952,0.5863268,0,2.108727,7.204419,6.108333,8.300505,9.871236,10,9.531592,6.931749,7.222578,6.64092,0.6117152,0,1.602158,0,0,0,0,0,0,5.500522,4.351848,6.649207,0.592854,0.702737,0.482971,7.39917,6.222389,8.575952,0.5863268,0,2.108727,7.204419,6.108333,8.300505,9.871236,10,9.531592,-1,-1,-1,-1,-1,-1,-1,-1,-1,-1,-1,-1,-1,-1,-1,-1,-1,-1,-1,-1,-1,-1,-1,-1,-1,-1,-1,-1,-1,-1,-1,-1,-1,-1,-1,-1,-1,-1,-1,-1,-1,-1,-1,-1,-1,-1,-1,-1,-1,-1,0,0,0,0,0,0,-1,-1,-1,-1,-1,-1,-1,-1,-1,-1,-1,-1,0,0,0,0,0,0,-1,-1,-1,-1,-1,-1,-1,-1,-1,-1,-1,-1,-1,-1,False,False,0,0,False,207,0,0,0,0,0,0,0,0,0,0,0,0,0,0,0,1,
0,4795,2026-02-16 16:46:38Z,LLM_Empathetic,6.931747,7.222578,6.640916,0.6117184,0,1.60216,0,0,0,0,0,0,5.50052,4.351847,6.649203,0.592854,0.702737,0.482971,7.399168,6.222389,8.575949,0.5863288,0,2.108729,7.204415,6.108332,8.3005,9.871229,10,9.531584,6.931747,7.222578,6.640916,0.6117184,0,1.60216,0,0,0,0,0,0,5.50052,4.351847,6.649203,0.592854,0.702737,0.482971,7.399168,6.222389,8.575949,0.5863288,0,2.108729,7.204415,6.108332,8.3005,9.871229,10,9.531584,-1,-1,-1,-1,-1,-1,-1,-1,-1,-1,-1,-1,-1,-1,-1,-1,-1,-1,-1,-1,-1,-1,-1,-1,-1,-1,-1,-1,-1,-1,-1,-1,-1,-1,-1,-1,-1,-1,-1,-1,-1,-1,-1,-1,-1,-1,-1,-1,-1,-1,0,0,0,0,0,0,-1,-1,-1,-1,-1,-1,-1,-1,-1,-1,-1,-1,0,0,0,0,0,0,-1,-1,-1,-1,-1,-1,-1,-1,-1,-1,-1,-1,-1,-1,False,False,0,0,False,207,0,0,0,0,0,0,0,0,0,0,0,0,0,0,0,1,
0,4796,2026-02-16 16:46:38Z,LLM_Empathetic,6.931745,7.222577,6.640913,0.6117216,0,1.602161,0,0,0,0,0,0,5.500517,4.351846,6.649199,0.592854,0.702737,0.482971,7.399168,6.22239,8.575946,0.5863308,0,2.108731,7.204412,6.10833,8.300495,9.871222,10,9.531575,6.931745,7.222577,6.640913,0.6117216,0,1.602161,0,0,0,0,0,0,5.500517,4.351846,6.649199,0.592854,0.702737,0.482971,7.399168,6.22239,8.575946,0.5863308,0,2.108731,7.204412,6.10833,8.300495,9.871222,10,9.531575,-1,-1,-1,-1,-1,-1,-1,-1,-1,-1,-1,-1,-1,-1,-1,-1,-1,-1,-1,-1,-1,-1,-1,-1,-1,-1,-1,-1,-1,-1,-1,-1,-1,-1,-1,-1,-1,-1,-1,-1,-1,-1,-1,-1,-1,-1,-1,-1,-1,-1,0,0,0,0,0,0,-1,-1,-1,-1,-1,-1,-1,-1,-1,-1,-1,-1,0,0,0,0,0,0,-1,-1,-1,-1,-1,-1,-1,-1,-1,-1,-1,-1,-1,-1,False,False,0,0,False,209,0,0,0,0,0,0,0,0,0,0,0,0,0,0,0,1,
0,4797,2026-02-16 16:46:38Z,LLM_Empathetic,6.931743,7.222577,6.64091,0.6117247,0,1.602163,0,0,0,0,0,0,5.500515,4.351845,6.649195,0.592854,0.702737,0.482971,7.399167,6.22239,8.575943,0.5863329,0,2.108733,7.204409,6.108328,8.30049,9.871216,10,9.531567,6.931743,7.222577,6.64091,0.6117247,0,1.602163,0,0,0,0,0,0,5.500515,4.351845,6.649195,0.592854,0.702737,0.482971,7.399167,6.22239,8.575943,0.5863329,0,2.108733,7.204409,6.108328,8.30049,9.871216,10,9.531567,-1,-1,-1,-1,-1,-1,-1,-1,-1,-1,-1,-1,-1,-1,-1,-1,-1,-1,-1,-1,-1,-1,-1,-1,-1,-1,-1,-1,-1,-1,-1,-1,-1,-1,-1,-1,-1,-1,-1,-1,-1,-1,-1,-1,-1,-1,-1,-1,-1,-1,0,0,0,0,0,0,-1,-1,-1,-1,-1,-1,-1,-1,-1,-1,-1,-1,0,0,0,0,0,0,-1,-1,-1,-1,-1,-1,-1,-1,-1,-1,-1,-1,-1,-1,False,False,0,0,False,209,0,0,0,0,0,0,0,0,0,0,0,0,0,0,0,1,
0,4798,2026-02-16 16:46:38Z,LLM_Empathetic,6.931741,7.222577,6.640906,0.6117279,0,1.602165,0,0,0,0,0,0,5.500513,4.351844,6.649191,0.592854,0.702737,0.482971,7.399165,6.222391,8.57594,0.5863349,0,2.108735,7.204405,6.108326,8.300486,9.871209,10,9.531559,6.931741,7.222577,6.640906,0.6117279,0,1.602165,0,0,0,0,0,0,5.500513,4.351844,6.649191,0.592854,0.702737,0.482971,7.399165,6.222391,8.57594,0.5863349,0,2.108735,7.204405,6.108326,8.300486,9.871209,10,9.531559,-1,-1,-1,-1,-1,-1,-1,-1,-1,-1,-1,-1,-1,-1,-1,-1,-1,-1,-1,-1,-1,-1,-1,-1,-1,-1,-1,-1,-1,-1,-1,-1,-1,-1,-1,-1,-1,-1,-1,-1,-1,-1,-1,-1,-1,-1,-1,-1,-1,-1,0,0,0,0,0,0,-1,-1,-1,-1,-1,-1,-1,-1,-1,-1,-1,-1,0,0,0,0,0,0,-1,-1,-1,-1,-1,-1,-1,-1,-1,-1,-1,-1,-1,-1,False,False,0,0,False,209,0,0,0,0,0,0,0,0,0,0,0,0,0,0,0,1,
0,4799,2026-02-16 16:46:38Z,LLM_Empathetic,6.93174,7.222576,6.640903,0.6117311,0,1.602167,0,0,0,0,0,0,5.50051,4.351844,6.649187,0.592854,0.702737,0.482971,7.399164,6.222392,8.575937,0.586337,0,2.108737,7.204402,6.108324,8.300481,9.871202,10,9.53155,6.93174,7.222576,6.640903,0.6117311,0,1.602167,0,0,0,0,0,0,5.50051,4.351844,6.649187,0.592854,0.702737,0.482971,7.399164,6.222392,8.575937,0.586337,0,2.108737,7.204402,6.108324,8.300481,9.871202,10,9.53155,-1,-1,-1,-1,-1,-1,-1,-1,-1,-1,-1,-1,-1,-1,-1,-1,-1,-1,-1,-1,-1,-1,-1,-1,-1,-1,-1,-1,-1,-1,-1,-1,-1,-1,-1,-1,-1,-1,-1,-1,-1,-1,-1,-1,-1,-1,-1,-1,-1,-1,0,0,0,0,0,0,-1,-1,-1,-1,-1,-1,-1,-1,-1,-1,-1,-1,0,0,0,0,0,0,-1,-1,-1,-1,-1,-1,-1,-1,-1,-1,-1,-1,-1,-1,False,False,0,0,False,209,0,0,0,0,0,0,0,0,0,0,0,0,0,0,0,1,
0,4800,2026-02-16 16:46:38Z,LLM_Empathetic,6.931738,7.222576,6.6409,0.6117343,0,1.602168,0,0,0,0,0,0,5.500508,4.351843,6.649183,0.592854,0.702737,0.482971,7.399163,6.222392,8.575934,0.586339,0,2.108739,7.204399,6.108323,8.300476,9.871196,10,9.531542,6.931738,7.222576,6.6409,0.6117343,0,1.602168,0,0,0,0,0,0,5.500508,4.351843,6.649183,0.592854,0.702737,0.482971,7.399163,6.222392,8.575934,0.586339,0,2.108739,7.204399,6.108323,8.300476,9.871196,10,9.531542,-1,-1,-1,-1,-1,-1,-1,-1,-1,-1,-1,-1,-1,-1,-1,-1,-1,-1,-1,-1,-1,-1,-1,-1,-1,-1,-1,-1,-1,-1,-1,-1,-1,-1,-1,-1,-1,-1,-1,-1,-1,-1,-1,-1,-1,-1,-1,-1,-1,-1,0,0,0,0,0,0,-1,-1,-1,-1,-1,-1,-1,-1,-1,-1,-1,-1,0,0,0,0,0,0,-1,-1,-1,-1,-1,-1,-1,-1,-1,-1,-1,-1,-1,-1,False,False,0,0,False,207,0,0,0,0,0,0,0,0,0,0,0,0,0,0,0,1,
0,4801,2026-02-16 16:46:38Z,LLM_Empathetic,6.931736,7.222576,6.640896,0.6117374,0,1.60217,0,0,0,0,0,0,5.500505,4.351842,6.649179,0.592854,0.702737,0.482971,7.399162,6.222393,8.575932,0.586341,0,2.108741,7.204395,6.108321,8.300471,9.871189,10,9.531533,6.931736,7.222576,6.640896,0.6117374,0,1.60217,0,0,0,0,0,0,5.500505,4.351842,6.649179,0.592854,0.702737,0.482971,7.399162,6.222393,8.575932,0.586341,0,2.108741,7.204395,6.108321,8.300471,9.871189,10,9.531533,-1,-1,-1,-1,-1,-1,-1,-1,-1,-1,-1,-1,-1,-1,-1,-1,-1,-1,-1,-1,-1,-1,-1,-1,-1,-1,-1,-1,-1,-1,-1,-1,-1,-1,-1,-1,-1,-1,-1,-1,-1,-1,-1,-1,-1,-1,-1,-1,-1,-1,0,0,0,0,0,0,-1,-1,-1,-1,-1,-1,-1,-1,-1,-1,-1,-1,0,0,0,0,0,0,-1,-1,-1,-1,-1,-1,-1,-1,-1,-1,-1,-1,-1,-1,False,False,0,0,False,209,0,0,0,0,0,0,0,0,0,0,0,0,0,0,0,1,
0,4802,2026-02-16 16:46:38Z,LLM_Empathetic,6.931732,7.222575,6.640889,0.6117438,0,1.602174,0,0,0,0,0,0,5.500501,4.35184,6.649171,0.592854,0.702737,0.482971,7.39916,6.222394,8.575927,0.5863451,0,2.108746,7.204389,6.108317,8.300461,9.871176,10,9.531517,6.931732,7.222575,6.640889,0.6117438,0,1.602174,0,0,0,0,0,0,5.500501,4.35184,6.649171,0.592854,0.702737,0.482971,7.39916,6.222394,8.575927,0.5863451,0,2.108746,7.204389,6.108317,8.300461,9.871176,10,9.531517,-1,-1,-1,-1,-1,-1,-1,-1,-1,-1,-1,-1,-1,-1,-1,-1,-1,-1,-1,-1,-1,-1,-1,-1,-1,-1,-1,-1,-1,-1,-1,-1,-1,-1,-1,-1,-1,-1,-1,-1,-1,-1,-1,-1,-1,-1,-1,-1,-1,-1,0,0,0,0,0,0,-1,-1,-1,-1,-1,-1,-1,-1,-1,-1,-1,-1,0,0,0,0,0,0,-1,-1,-1,-1,-1,-1,-1,-1,-1,-1,-1,-1,-1,-1,False,False,0,0,False,209,0,0,0,0,0,0,0,0,0,0,0,0,0,0,0,1,
0,4803,2026-02-16 16:46:38Z,LLM_Empathetic,6.93173,7.222574,6.640886,0.611747,0,1.602175,0,0,0,0,0,0,5.500498,4.35184,6.649167,0.592854,0.702737,0.482971,7.399159,6.222394,8.575924,0.5863471,0,2.108747,7.204385,6.108315,8.300456,9.871169,10,9.531508,6.93173,7.222574,6.640886,0.611747,0,1.602175,0,0,0,0,0,0,5.500498,4.35184,6.649167,0.592854,0.702737,0.482971,7.399159,6.222394,8.575924,0.5863471,0,2.108747,7.204385,6.108315,8.300456,9.871169,10,9.531508,-1,-1,-1,-1,-1,-1,-1,-1,-1,-1,-1,-1,-1,-1,-1,-1,-1,-1,-1,-1,-1,-1,-1,-1,-1,-1,-1,-1,-1,-1,-1,-1,-1,-1,-1,-1,-1,-1,-1,-1,-1,-1,-1,-1,-1,-1,-1,-1,-1,-1,0,0,0,0,0,0,-1,-1,-1,-1,-1,-1,-1,-1,-1,-1,-1,-1,0,0,0,0,0,0,-1,-1,-1,-1,-1,-1,-1,-1,-1,-1,-1,-1,-1,-1,False,False,0,0,False,207,0,0,0,0,0,0,0,0,0,0,0,0,0,0,0,1,
0,4804,2026-02-16 16:46:38Z,LLM_Empathetic,6.931728,7.222574,6.640882,0.6117501,0,1.602177,0,0,0,0,0,0,5.500495,4.351839,6.649163,0.592854,0.702737,0.482971,7.399158,6.222395,8.575921,0.5863491,0,2.10875,7.204382,6.108314,8.300451,9.871162,10,9.5315,6.931728,7.222574,6.640882,0.6117501,0,1.602177,0,0,0,0,0,0,5.500495,4.351839,6.649163,0.592854,0.702737,0.482971,7.399158,6.222395,8.575921,0.5863491,0,2.10875,7.204382,6.108314,8.300451,9.871162,10,9.5315,-1,-1,-1,-1,-1,-1,-1,-1,-1,-1,-1,-1,-1,-1,-1,-1,-1,-1,-1,-1,-1,-1,-1,-1,-1,-1,-1,-1,-1,-1,-1,-1,-1,-1,-1,-1,-1,-1,-1,-1,-1,-1,-1,-1,-1,-1,-1,-1,-1,-1,0,0,0,0,0,0,-1,-1,-1,-1,-1,-1,-1,-1,-1,-1,-1,-1,0,0,0,0,0,0,-1,-1,-1,-1,-1,-1,-1,-1,-1,-1,-1,-1,-1,-1,False,False,0,0,False,209,0,0,0,0,0,0,0,0,0,0,0,0,0,0,0,1,
0,4805,2026-02-16 16:46:38Z,LLM_Empathetic,6.931726,7.222574,6.640879,0.6117533,0,1.602179,0,0,0,0,0,0,5.500493,4.351838,6.649158,0.592854,0.702737,0.482971,7.399157,6.222395,8.575918,0.5863512,0,2.108752,7.204379,6.108312,8.300447,9.871156,10,9.531491,6.931726,7.222574,6.640879,0.6117533,0,1.602179,0,0,0,0,0,0,5.500493,4.351838,6.649158,0.592854,0.702737,0.482971,7.399157,6.222395,8.575918,0.5863512,0,2.108752,7.204379,6.108312,8.300447,9.871156,10,9.531491,-1,-1,-1,-1,-1,-1,-1,-1,-1,-1,-1,-1,-1,-1,-1,-1,-1,-1,-1,-1,-1,-1,-1,-1,-1,-1,-1,-1,-1,-1,-1,-1,-1,-1,-1,-1,-1,-1,-1,-1,-1,-1,-1,-1,-1,-1,-1,-1,-1,-1,0,0,0,0,0,0,-1,-1,-1,-1,-1,-1,-1,-1,-1,-1,-1,-1,0,0,0,0,0,0,-1,-1,-1,-1,-1,-1,-1,-1,-1,-1,-1,-1,-1,-1,False,False,0,0,False,209,0,0,0,0,0,0,0,0,0,0,0,0,0,0,0,1,
0,4806,2026-02-16 16:46:38Z,LLM_Empathetic,6.931725,7.222573,6.640876,0.6117565,0,1.602181,0,0,0,0,0,0,5.500491,4.351837,6.649155,0.592854,0.702737,0.482971,7.399156,6.222396,8.575915,0.5863532,0,2.108754,7.204375,6.10831,8.300442,9.871149,10,9.531484,6.931725,7.222573,6.640876,0.6117565,0,1.602181,0,0,0,0,0,0,5.500491,4.351837,6.649155,0.592854,0.702737,0.482971,7.399156,6.222396,8.575915,0.5863532,0,2.108754,7.204375,6.10831,8.300442,9.871149,10,9.531484,-1,-1,-1,-1,-1,-1,-1,-1,-1,-1,-1,-1,-1,-1,-1,-1,-1,-1,-1,-1,-1,-1,-1,-1,-1,-1,-1,-1,-1,-1,-1,-1,-1,-1,-1,-1,-1,-1,-1,-1,-1,-1,-1,-1,-1,-1,-1,-1,-1,-1,0,0,0,0,0,0,-1,-1,-1,-1,-1,-1,-1,-1,-1,-1,-1,-1,0,0,0,0,0,0,-1,-1,-1,-1,-1,-1,-1,-1,-1,-1,-1,-1,-1,-1,False,False,0,0,False,207,0,0,0,0,0,0,0,0,0,0,0,0,0,0,0,1,
0,4807,2026-02-16 16:46:38Z,LLM_Empathetic,6.931723,7.222573,6.640872,0.6117597,0,1.602182,0,0,0,0,0,0,5.500488,4.351837,6.64915,0.592854,0.702737,0.482971,7.399154,6.222396,8.575912,0.5863553,0,2.108756,7.204372,6.108308,8.300437,9.871142,10,9.531475,6.931723,7.222573,6.640872,0.6117597,0,1.602182,0,0,0,0,0,0,5.500488,4.351837,6.64915,0.592854,0.702737,0.482971,7.399154,6.222396,8.575912,0.5863553,0,2.108756,7.204372,6.108308,8.300437,9.871142,10,9.531475,-1,-1,-1,-1,-1,-1,-1,-1,-1,-1,-1,-1,-1,-1,-1,-1,-1,-1,-1,-1,-1,-1,-1,-1,-1,-1,-1,-1,-1,-1,-1,-1,-1,-1,-1,-1,-1,-1,-1,-1,-1,-1,-1,-1,-1,-1,-1,-1,-1,-1,0,0,0,0,0,0,-1,-1,-1,-1,-1,-1,-1,-1,-1,-1,-1,-1,0,0,0,0,0,0,-1,-1,-1,-1,-1,-1,-1,-1,-1,-1,-1,-1,-1,-1,False,False,0,0,False,209,0,0,0,0,0,0,0,0,0,0,0,0,0,0,0,1,
0,4808,2026-02-16 16:46:38Z,LLM_Empathetic,6.931721,7.222573,6.640869,0.6117629,0,1.602184,0,0,0,0,0,0,5.500486,4.351836,6.649147,0.592854,0.702737,0.482971,7.399153,6.222397,8.57591,0.5863573,0,2.108758,7.204369,6.108306,8.300432,9.871136,10,9.531466,6.931721,7.222573,6.640869,0.6117629,0,1.602184,0,0,0,0,0,0,5.500486,4.351836,6.649147,0.592854,0.702737,0.482971,7.399153,6.222397,8.57591,0.5863573,0,2.108758,7.204369,6.108306,8.300432,9.871136,10,9.531466,-1,-1,-1,-1,-1,-1,-1,-1,-1,-1,-1,-1,-1,-1,-1,-1,-1,-1,-1,-1,-1,-1,-1,-1,-1,-1,-1,-1,-1,-1,-1,-1,-1,-1,-1,-1,-1,-1,-1,-1,-1,-1,-1,-1,-1,-1,-1,-1,-1,-1,0,0,0,0,0,0,-1,-1,-1,-1,-1,-1,-1,-1,-1,-1,-1,-1,0,0,0,0,0,0,-1,-1,-1,-1,-1,-1,-1,-1,-1,-1,-1,-1,-1,-1,False,False,0,0,False,209,0,0,0,0,0,0,0,0,0,0,0,0,0,0,0,1,
0,4809,2026-02-16 16:46:38Z,LLM_Empathetic,6.931719,7.222572,6.640865,0.6117661,0,1.602186,0,0,0,0,0,0,5.500484,4.351835,6.649143,0.592854,0.702737,0.482971,7.399152,6.222398,8.575907,0.5863594,0,2.10876,7.204365,6.108305,8.300427,9.871129,10,9.531458,6.931719,7.222572,6.640865,0.6117661,0,1.602186,0,0,0,0,0,0,5.500484,4.351835,6.649143,0.592854,0.702737,0.482971,7.399152,6.222398,8.575907,0.5863594,0,2.10876,7.204365,6.108305,8.300427,9.871129,10,9.531458,-1,-1,-1,-1,-1,-1,-1,-1,-1,-1,-1,-1,-1,-1,-1,-1,-1,-1,-1,-1,-1,-1,-1,-1,-1,-1,-1,-1,-1,-1,-1,-1,-1,-1,-1,-1,-1,-1,-1,-1,-1,-1,-1,-1,-1,-1,-1,-1,-1,-1,0,0,0,0,0,0,-1,-1,-1,-1,-1,-1,-1,-1,-1,-1,-1,-1,0,0,0,0,0,0,-1,-1,-1,-1,-1,-1,-1,-1,-1,-1,-1,-1,-1,-1,False,False,0,0,False,207,0,0,0,0,0,0,0,0,0,0,0,0,0,0,0,1,
0,4810,2026-02-16 16:46:38Z,LLM_Empathetic,6.931717,7.222572,6.640862,0.6117693,0,1.602188,0,0,0,0,0,0,5.500481,4.351834,6.649138,0.592854,0.702737,0.482971,7.399151,6.222398,8.575904,0.5863614,0,2.108762,7.204362,6.108303,8.300423,9.871122,10,9.531449,6.931717,7.222572,6.640862,0.6117693,0,1.602188,0,0,0,0,0,0,5.500481,4.351834,6.649138,0.592854,0.702737,0.482971,7.399151,6.222398,8.575904,0.5863614,0,2.108762,7.204362,6.108303,8.300423,9.871122,10,9.531449,-1,-1,-1,-1,-1,-1,-1,-1,-1,-1,-1,-1,-1,-1,-1,-1,-1,-1,-1,-1,-1,-1,-1,-1,-1,-1,-1,-1,-1,-1,-1,-1,-1,-1,-1,-1,-1,-1,-1,-1,-1,-1,-1,-1,-1,-1,-1,-1,-1,-1,0,0,0,0,0,0,-1,-1,-1,-1,-1,-1,-1,-1,-1,-1,-1,-1,0,0,0,0,0,0,-1,-1,-1,-1,-1,-1,-1,-1,-1,-1,-1,-1,-1,-1,False,False,0,0,False,209,0,0,0,0,0,0,0,0,0,0,0,0,0,0,0,1,
0,4811,2026-02-16 16:46:38Z,LLM_Empathetic,6.931714,7.222571,6.640855,0.6117756,0,1.602191,0,0,0,0,0,0,5.500476,4.351832,6.64913,0.592854,0.702737,0.482971,7.399149,6.222399,8.575899,0.5863655,0,2.108766,7.204355,6.108299,8.300412,9.871109,10,9.531433,6.931714,7.222571,6.640855,0.6117756,0,1.602191,0,0,0,0,0,0,5.500476,4.351832,6.64913,0.592854,0.702737,0.482971,7.399149,6.222399,8.575899,0.5863655,0,2.108766,7.204355,6.108299,8.300412,9.871109,10,9.531433,-1,-1,-1,-1,-1,-1,-1,-1,-1,-1,-1,-1,-1,-1,-1,-1,-1,-1,-1,-1,-1,-1,-1,-1,-1,-1,-1,-1,-1,-1,-1,-1,-1,-1,-1,-1,-1,-1,-1,-1,-1,-1,-1,-1,-1,-1,-1,-1,-1,-1,0,0,0,0,0,0,-1,-1,-1,-1,-1,-1,-1,-1,-1,-1,-1,-1,0,0,0,0,0,0,-1,-1,-1,-1,-1,-1,-1,-1,-1,-1,-1,-1,-1,-1,False,False,0,0,False,209,0,0,0,0,0,0,0,0,0,0,0,0,0,0,0,1,
0,4812,2026-02-16 16:46:38Z,LLM_Empathetic,6.931712,7.222571,6.640852,0.6117789,0,1.602193,0,0,0,0,0,0,5.500474,4.351832,6.649127,0.592854,0.702737,0.482971,7.399148,6.2224,8.575896,0.5863675,0,2.108768,7.204352,6.108297,8.300407,9.871102,10,9.531425,6.931712,7.222571,6.640852,0.6117789,0,1.602193,0,0,0,0,0,0,5.500474,4.351832,6.649127,0.592854,0.702737,0.482971,7.399148,6.2224,8.575896,0.5863675,0,2.108768,7.204352,6.108297,8.300407,9.871102,10,9.531425,-1,-1,-1,-1,-1,-1,-1,-1,-1,-1,-1,-1,-1,-1,-1,-1,-1,-1,-1,-1,-1,-1,-1,-1,-1,-1,-1,-1,-1,-1,-1,-1,-1,-1,-1,-1,-1,-1,-1,-1,-1,-1,-1,-1,-1,-1,-1,-1,-1,-1,0,0,0,0,0,0,-1,-1,-1,-1,-1,-1,-1,-1,-1,-1,-1,-1,0,0,0,0,0,0,-1,-1,-1,-1,-1,-1,-1,-1,-1,-1,-1,-1,-1,-1,False,False,0,0,False,209,0,0,0,0,0,0,0,0,0,0,0,0,0,0,0,1,
0,4813,2026-02-16 16:46:38Z,LLM_Empathetic,6.93171,7.222571,6.640848,0.611782,0,1.602195,0,0,0,0,0,0,5.500472,4.351831,6.649122,0.592854,0.702737,0.482971,7.399147,6.222401,8.575893,0.5863696,0,2.10877,7.204349,6.108295,8.300403,9.871096,10,9.531416,6.93171,7.222571,6.640848,0.611782,0,1.602195,0,0,0,0,0,0,5.500472,4.351831,6.649122,0.592854,0.702737,0.482971,7.399147,6.222401,8.575893,0.5863696,0,2.10877,7.204349,6.108295,8.300403,9.871096,10,9.531416,-1,-1,-1,-1,-1,-1,-1,-1,-1,-1,-1,-1,-1,-1,-1,-1,-1,-1,-1,-1,-1,-1,-1,-1,-1,-1,-1,-1,-1,-1,-1,-1,-1,-1,-1,-1,-1,-1,-1,-1,-1,-1,-1,-1,-1,-1,-1,-1,-1,-1,0,0,0,0,0,0,-1,-1,-1,-1,-1,-1,-1,-1,-1,-1,-1,-1,0,0,0,0,0,0,-1,-1,-1,-1,-1,-1,-1,-1,-1,-1,-1,-1,-1,-1,False,False,0,0,False,209,0,0,0,0,0,0,0,0,0,0,0,0,0,0,0,1,
0,4814,2026-02-16 16:46:38Z,LLM_Empathetic,6.931708,7.22257,6.640845,0.6117852,0,1.602196,0,0,0,0,0,0,5.500469,4.35183,6.649118,0.592854,0.702737,0.482971,7.399146,6.222401,8.575891,0.5863717,0,2.108772,7.204345,6.108294,8.300398,9.871089,10,9.531407,6.931708,7.22257,6.640845,0.6117852,0,1.602196,0,0,0,0,0,0,5.500469,4.35183,6.649118,0.592854,0.702737,0.482971,7.399146,6.222401,8.575891,0.5863717,0,2.108772,7.204345,6.108294,8.300398,9.871089,10,9.531407,-1,-1,-1,-1,-1,-1,-1,-1,-1,-1,-1,-1,-1,-1,-1,-1,-1,-1,-1,-1,-1,-1,-1,-1,-1,-1,-1,-1,-1,-1,-1,-1,-1,-1,-1,-1,-1,-1,-1,-1,-1,-1,-1,-1,-1,-1,-1,-1,-1,-1,0,0,0,0,0,0,-1,-1,-1,-1,-1,-1,-1,-1,-1,-1,-1,-1,0,0,0,0,0,0,-1,-1,-1,-1,-1,-1,-1,-1,-1,-1,-1,-1,-1,-1,False,False,0,0,False,209,0,0,0,0,0,0,0,0,0,0,0,0,0,0,0,1,
0,4815,2026-02-16 16:46:38Z,LLM_Empathetic,6.931706,7.22257,6.640841,0.6117885,0,1.602198,0,0,0,0,0,0,5.500467,4.35183,6.649114,0.592854,0.702737,0.482971,7.399145,6.222402,8.575888,0.5863737,0,2.108774,7.204342,6.108292,8.300393,9.871082,10,9.5314,6.931706,7.22257,6.640841,0.6117885,0,1.602198,0,0,0,0,0,0,5.500467,4.35183,6.649114,0.592854,0.702737,0.482971,7.399145,6.222402,8.575888,0.5863737,0,2.108774,7.204342,6.108292,8.300393,9.871082,10,9.5314,-1,-1,-1,-1,-1,-1,-1,-1,-1,-1,-1,-1,-1,-1,-1,-1,-1,-1,-1,-1,-1,-1,-1,-1,-1,-1,-1,-1,-1,-1,-1,-1,-1,-1,-1,-1,-1,-1,-1,-1,-1,-1,-1,-1,-1,-1,-1,-1,-1,-1,0,0,0,0,0,0,-1,-1,-1,-1,-1,-1,-1,-1,-1,-1,-1,-1,0,0,0,0,0,0,-1,-1,-1,-1,-1,-1,-1,-1,-1,-1,-1,-1,-1,-1,False,False,0,0,False,209,0,0,0,0,0,0,0,0,0,0,0,0,0,0,0,1,
0,4816,2026-02-16 16:46:38Z,LLM_Empathetic,6.931704,7.222569,6.640838,0.6117916,0,1.6022,0,0,0,0,0,0,5.500464,4.351829,6.64911,0.592854,0.702737,0.482971,7.399143,6.222402,8.575885,0.5863757,0,2.108776,7.204339,6.10829,8.300388,9.871076,10,9.531391,6.931704,7.222569,6.640838,0.6117916,0,1.6022,0,0,0,0,0,0,5.500464,4.351829,6.64911,0.592854,0.702737,0.482971,7.399143,6.222402,8.575885,0.5863757,0,2.108776,7.204339,6.10829,8.300388,9.871076,10,9.531391,-1,-1,-1,-1,-1,-1,-1,-1,-1,-1,-1,-1,-1,-1,-1,-1,-1,-1,-1,-1,-1,-1,-1,-1,-1,-1,-1,-1,-1,-1,-1,-1,-1,-1,-1,-1,-1,-1,-1,-1,-1,-1,-1,-1,-1,-1,-1,-1,-1,-1,0,0,0,0,0,0,-1,-1,-1,-1,-1,-1,-1,-1,-1,-1,-1,-1,0,0,0,0,0,0,-1,-1,-1,-1,-1,-1,-1,-1,-1,-1,-1,-1,-1,-1,False,False,0,0,False,209,0,0,0,0,0,0,0,0,0,0,0,0,0,0,0,1,
0,4817,2026-02-16 16:46:38Z,LLM_Empathetic,6.931702,7.222569,6.640835,0.6117948,0,1.602202,0,0,0,0,0,0,5.500462,4.351828,6.649106,0.592854,0.702737,0.482971,7.399142,6.222403,8.575882,0.5863778,0,2.108778,7.204335,6.108288,8.300383,9.871069,10,9.531383,6.931702,7.222569,6.640835,0.6117948,0,1.602202,0,0,0,0,0,0,5.500462,4.351828,6.649106,0.592854,0.702737,0.482971,7.399142,6.222403,8.575882,0.5863778,0,2.108778,7.204335,6.108288,8.300383,9.871069,10,9.531383,-1,-1,-1,-1,-1,-1,-1,-1,-1,-1,-1,-1,-1,-1,-1,-1,-1,-1,-1,-1,-1,-1,-1,-1,-1,-1,-1,-1,-1,-1,-1,-1,-1,-1,-1,-1,-1,-1,-1,-1,-1,-1,-1,-1,-1,-1,-1,-1,-1,-1,0,0,0,0,0,0,-1,-1,-1,-1,-1,-1,-1,-1,-1,-1,-1,-1,0,0,0,0,0,0,-1,-1,-1,-1,-1,-1,-1,-1,-1,-1,-1,-1,-1,-1,False,False,0,0,False,209,0,0,0,0,0,0,0,0,0,0,0,0,0,0,0,1,
0,4818,2026-02-16 16:46:38Z,LLM_Empathetic,6.9317,7.222569,6.640831,0.611798,0,1.602203,0,0,0,0,0,0,5.500459,4.351827,6.649102,0.592854,0.702737,0.482971,7.399141,6.222404,8.575879,0.5863798,0,2.10878,7.204332,6.108286,8.300378,9.871062,10,9.531374,6.9317,7.222569,6.640831,0.611798,0,1.602203,0,0,0,0,0,0,5.500459,4.351827,6.649102,0.592854,0.702737,0.482971,7.399141,6.222404,8.575879,0.5863798,0,2.10878,7.204332,6.108286,8.300378,9.871062,10,9.531374,-1,-1,-1,-1,-1,-1,-1,-1,-1,-1,-1,-1,-1,-1,-1,-1,-1,-1,-1,-1,-1,-1,-1,-1,-1,-1,-1,-1,-1,-1,-1,-1,-1,-1,-1,-1,-1,-1,-1,-1,-1,-1,-1,-1,-1,-1,-1,-1,-1,-1,0,0,0,0,0,0,-1,-1,-1,-1,-1,-1,-1,-1,-1,-1,-1,-1,0,0,0,0,0,0,-1,-1,-1,-1,-1,-1,-1,-1,-1,-1,-1,-1,-1,-1,False,False,0,0,False,207,0,0,0,0,0,0,0,0,0,0,0,0,0,0,0,1,
0,4819,2026-02-16 16:46:38Z,LLM_Empathetic,6.931698,7.222569,6.640828,0.6118013,0,1.602205,0,0,0,0,0,0,5.500457,4.351826,6.649098,0.592854,0.702737,0.482971,7.39914,6.222404,8.575876,0.5863819,0,2.108782,7.204329,6.108284,8.300373,9.871056,10,9.531365,6.931698,7.222569,6.640828,0.6118013,0,1.602205,0,0,0,0,0,0,5.500457,4.351826,6.649098,0.592854,0.702737,0.482971,7.39914,6.222404,8.575876,0.5863819,0,2.108782,7.204329,6.108284,8.300373,9.871056,10,9.531365,-1,-1,-1,-1,-1,-1,-1,-1,-1,-1,-1,-1,-1,-1,-1,-1,-1,-1,-1,-1,-1,-1,-1,-1,-1,-1,-1,-1,-1,-1,-1,-1,-1,-1,-1,-1,-1,-1,-1,-1,-1,-1,-1,-1,-1,-1,-1,-1,-1,-1,0,0,0,0,0,0,-1,-1,-1,-1,-1,-1,-1,-1,-1,-1,-1,-1,0,0,0,0,0,0,-1,-1,-1,-1,-1,-1,-1,-1,-1,-1,-1,-1,-1,-1,False,False,0,0,False,209,0,0,0,0,0,0,0,0,0,0,0,0,0,0,0,1,
0,4820,2026-02-16 16:46:38Z,LLM_Empathetic,6.931696,7.222569,6.640824,0.6118044,0,1.602207,0,0,0,0,0,0,5.500454,4.351825,6.649094,0.592854,0.702737,0.482971,7.399139,6.222404,8.575873,0.5863839,0,2.108784,7.204325,6.108283,8.300368,9.871048,10,9.531357,6.931696,7.222569,6.640824,0.6118044,0,1.602207,0,0,0,0,0,0,5.500454,4.351825,6.649094,0.592854,0.702737,0.482971,7.399139,6.222404,8.575873,0.5863839,0,2.108784,7.204325,6.108283,8.300368,9.871048,10,9.531357,-1,-1,-1,-1,-1,-1,-1,-1,-1,-1,-1,-1,-1,-1,-1,-1,-1,-1,-1,-1,-1,-1,-1,-1,-1,-1,-1,-1,-1,-1,-1,-1,-1,-1,-1,-1,-1,-1,-1,-1,-1,-1,-1,-1,-1,-1,-1,-1,-1,-1,0,0,0,0,0,0,-1,-1,-1,-1,-1,-1,-1,-1,-1,-1,-1,-1,0,0,0,0,0,0,-1,-1,-1,-1,-1,-1,-1,-1,-1,-1,-1,-1,-1,-1,False,False,0,0,False,207,0,0,0,0,0,0,0,0,0,0,0,0,0,0,0,1,
0,4821,2026-02-16 16:46:38Z,LLM_Empathetic,6.931695,7.222568,6.640821,0.6118076,0,1.602209,0,0,0,0,0,0,5.500452,4.351825,6.64909,0.592854,0.702737,0.482971,7.399138,6.222405,8.575871,0.586386,0,2.108786,7.204321,6.108281,8.300364,9.871041,10,9.531348,6.931695,7.222568,6.640821,0.6118076,0,1.602209,0,0,0,0,0,0,5.500452,4.351825,6.64909,0.592854,0.702737,0.482971,7.399138,6.222405,8.575871,0.586386,0,2.108786,7.204321,6.108281,8.300364,9.871041,10,9.531348,-1,-1,-1,-1,-1,-1,-1,-1,-1,-1,-1,-1,-1,-1,-1,-1,-1,-1,-1,-1,-1,-1,-1,-1,-1,-1,-1,-1,-1,-1,-1,-1,-1,-1,-1,-1,-1,-1,-1,-1,-1,-1,-1,-1,-1,-1,-1,-1,-1,-1,0,0,0,0,0,0,-1,-1,-1,-1,-1,-1,-1,-1,-1,-1,-1,-1,0,0,0,0,0,0,-1,-1,-1,-1,-1,-1,-1,-1,-1,-1,-1,-1,-1,-1,False,False,0,0,False,209,0,0,0,0,0,0,0,0,0,0,0,0,0,0,0,1,
0,4822,2026-02-16 16:46:38Z,LLM_Empathetic,6.931693,7.222568,6.640818,0.6118109,0,1.602211,0,0,0,0,0,0,5.50045,4.351824,6.649086,0.592854,0.702737,0.482971,7.399137,6.222405,8.575869,0.5863881,0,2.108788,7.204318,6.108279,8.300359,9.871035,10,9.531341,6.931693,7.222568,6.640818,0.6118109,0,1.602211,0,0,0,0,0,0,5.50045,4.351824,6.649086,0.592854,0.702737,0.482971,7.399137,6.222405,8.575869,0.5863881,0,2.108788,7.204318,6.108279,8.300359,9.871035,10,9.531341,-1,-1,-1,-1,-1,-1,-1,-1,-1,-1,-1,-1,-1,-1,-1,-1,-1,-1,-1,-1,-1,-1,-1,-1,-1,-1,-1,-1,-1,-1,-1,-1,-1,-1,-1,-1,-1,-1,-1,-1,-1,-1,-1,-1,-1,-1,-1,-1,-1,-1,0,0,0,0,0,0,-1,-1,-1,-1,-1,-1,-1,-1,-1,-1,-1,-1,0,0,0,0,0,0,-1,-1,-1,-1,-1,-1,-1,-1,-1,-1,-1,-1,-1,-1,False,False,0,0,False,209,0,0,0,0,0,0,0,0,0,0,0,0,0,0,0,1,
0,4823,2026-02-16 16:46:38Z,LLM_Empathetic,6.931689,7.222567,6.64081,0.6118173,0,1.602214,0,0,0,0,0,0,5.500445,4.351822,6.649078,0.592854,0.702737,0.482971,7.399135,6.222407,8.575863,0.5863922,0,2.108793,7.204311,6.108275,8.300348,9.871021,10,9.531323,6.931689,7.222567,6.64081,0.6118173,0,1.602214,0,0,0,0,0,0,5.500445,4.351822,6.649078,0.592854,0.702737,0.482971,7.399135,6.222407,8.575863,0.5863922,0,2.108793,7.204311,6.108275,8.300348,9.871021,10,9.531323,-1,-1,-1,-1,-1,-1,-1,-1,-1,-1,-1,-1,-1,-1,-1,-1,-1,-1,-1,-1,-1,-1,-1,-1,-1,-1,-1,-1,-1,-1,-1,-1,-1,-1,-1,-1,-1,-1,-1,-1,-1,-1,-1,-1,-1,-1,-1,-1,-1,-1,0,0,0,0,0,0,-1,-1,-1,-1,-1,-1,-1,-1,-1,-1,-1,-1,0,0,0,0,0,0,-1,-1,-1,-1,-1,-1,-1,-1,-1,-1,-1,-1,-1,-1,False,False,0,0,False,207,0,0,0,0,0,0,0,0,0,0,0,0,0,0,0,1,
0,4824,2026-02-16 16:46:38Z,LLM_Empathetic,6.931687,7.222567,6.640807,0.6118205,0,1.602216,0,0,0,0,0,0,5.500443,4.351821,6.649074,0.592854,0.702737,0.482971,7.399133,6.222407,8.57586,0.5863942,0,2.108795,7.204308,6.108274,8.300344,9.871015,10,9.531315,6.931687,7.222567,6.640807,0.6118205,0,1.602216,0,0,0,0,0,0,5.500443,4.351821,6.649074,0.592854,0.702737,0.482971,7.399133,6.222407,8.57586,0.5863942,0,2.108795,7.204308,6.108274,8.300344,9.871015,10,9.531315,-1,-1,-1,-1,-1,-1,-1,-1,-1,-1,-1,-1,-1,-1,-1,-1,-1,-1,-1,-1,-1,-1,-1,-1,-1,-1,-1,-1,-1,-1,-1,-1,-1,-1,-1,-1,-1,-1,-1,-1,-1,-1,-1,-1,-1,-1,-1,-1,-1,-1,0,0,0,0,0,0,-1,-1,-1,-1,-1,-1,-1,-1,-1,-1,-1,-1,0,0,0,0,0,0,-1,-1,-1,-1,-1,-1,-1,-1,-1,-1,-1,-1,-1,-1,False,False,0,0,False,209,0,0,0,0,0,0,0,0,0,0,0,0,0,0,0,1,
0,4825,2026-02-16 16:46:38Z,LLM_Empathetic,6.931685,7.222566,6.640804,0.6118237,0,1.602218,0,0,0,0,0,0,5.50044,4.35182,6.64907,0.592854,0.702737,0.482971,7.399132,6.222408,8.575857,0.5863963,0,2.108797,7.204305,6.108272,8.300339,9.871008,10,9.531306,6.931685,7.222566,6.640804,0.6118237,0,1.602218,0,0,0,0,0,0,5.50044,4.35182,6.64907,0.592854,0.702737,0.482971,7.399132,6.222408,8.575857,0.5863963,0,2.108797,7.204305,6.108272,8.300339,9.871008,10,9.531306,-1,-1,-1,-1,-1,-1,-1,-1,-1,-1,-1,-1,-1,-1,-1,-1,-1,-1,-1,-1,-1,-1,-1,-1,-1,-1,-1,-1,-1,-1,-1,-1,-1,-1,-1,-1,-1,-1,-1,-1,-1,-1,-1,-1,-1,-1,-1,-1,-1,-1,0,0,0,0,0,0,-1,-1,-1,-1,-1,-1,-1,-1,-1,-1,-1,-1,0,0,0,0,0,0,-1,-1,-1,-1,-1,-1,-1,-1,-1,-1,-1,-1,-1,-1,False,False,0,0,False,209,0,0,0,0,0,0,0,0,0,0,0,0,0,0,0,1,
0,4826,2026-02-16 16:46:38Z,LLM_Empathetic,6.931683,7.222566,6.6408,0.611827,0,1.602219,0,0,0,0,0,0,5.500438,4.35182,6.649065,0.592854,0.702737,0.482971,7.399131,6.222408,8.575854,0.5863984,0,2.108799,7.204301,6.10827,8.300334,9.871001,10,9.531298,6.931683,7.222566,6.6408,0.611827,0,1.602219,0,0,0,0,0,0,5.500438,4.35182,6.649065,0.592854,0.702737,0.482971,7.399131,6.222408,8.575854,0.5863984,0,2.108799,7.204301,6.10827,8.300334,9.871001,10,9.531298,-1,-1,-1,-1,-1,-1,-1,-1,-1,-1,-1,-1,-1,-1,-1,-1,-1,-1,-1,-1,-1,-1,-1,-1,-1,-1,-1,-1,-1,-1,-1,-1,-1,-1,-1,-1,-1,-1,-1,-1,-1,-1,-1,-1,-1,-1,-1,-1,-1,-1,0,0,0,0,0,0,-1,-1,-1,-1,-1,-1,-1,-1,-1,-1,-1,-1,0,0,0,0,0,0,-1,-1,-1,-1,-1,-1,-1,-1,-1,-1,-1,-1,-1,-1,False,False,0,0,False,209,0,0,0,0,0,0,0,0,0,0,0,0,0,0,0,1,
0,4827,2026-02-16 16:46:39Z,LLM_Empathetic,6.931681,7.222566,6.640797,0.6118302,0,1.602221,0,0,0,0,0,0,5.500435,4.351819,6.649062,0.592854,0.702737,0.482971,7.39913,6.222409,8.575851,0.5864004,0,2.108801,7.204298,6.108268,8.300329,9.870995,10,9.531289,6.931681,7.222566,6.640797,0.6118302,0,1.602221,0,0,0,0,0,0,5.500435,4.351819,6.649062,0.592854,0.702737,0.482971,7.39913,6.222409,8.575851,0.5864004,0,2.108801,7.204298,6.108268,8.300329,9.870995,10,9.531289,-1,-1,-1,-1,-1,-1,-1,-1,-1,-1,-1,-1,-1,-1,-1,-1,-1,-1,-1,-1,-1,-1,-1,-1,-1,-1,-1,-1,-1,-1,-1,-1,-1,-1,-1,-1,-1,-1,-1,-1,-1,-1,-1,-1,-1,-1,-1,-1,-1,-1,0,0,0,0,0,0,-1,-1,-1,-1,-1,-1,-1,-1,-1,-1,-1,-1,0,0,0,0,0,0,-1,-1,-1,-1,-1,-1,-1,-1,-1,-1,-1,-1,-1,-1,False,False,0,0,False,207,0,0,0,0,0,0,0,0,0,0,0,0,0,0,0,1,
0,4828,2026-02-16 16:46:39Z,LLM_Empathetic,6.931679,7.222565,6.640793,0.6118334,0,1.602223,0,0,0,0,0,0,5.500432,4.351818,6.649057,0.592854,0.702737,0.482971,7.399129,6.22241,8.575849,0.5864025,0,2.108803,7.204295,6.108266,8.300324,9.870988,10,9.531281,6.931679,7.222565,6.640793,0.6118334,0,1.602223,0,0,0,0,0,0,5.500432,4.351818,6.649057,0.592854,0.702737,0.482971,7.399129,6.22241,8.575849,0.5864025,0,2.108803,7.204295,6.108266,8.300324,9.870988,10,9.531281,-1,-1,-1,-1,-1,-1,-1,-1,-1,-1,-1,-1,-1,-1,-1,-1,-1,-1,-1,-1,-1,-1,-1,-1,-1,-1,-1,-1,-1,-1,-1,-1,-1,-1,-1,-1,-1,-1,-1,-1,-1,-1,-1,-1,-1,-1,-1,-1,-1,-1,0,0,0,0,0,0,-1,-1,-1,-1,-1,-1,-1,-1,-1,-1,-1,-1,0,0,0,0,0,0,-1,-1,-1,-1,-1,-1,-1,-1,-1,-1,-1,-1,-1,-1,False,False,0,0,False,209,0,0,0,0,0,0,0,0,0,0,0,0,0,0,0,1,
0,4829,2026-02-16 16:46:39Z,LLM_Empathetic,6.931677,7.222565,6.64079,0.6118366,0,1.602225,0,0,0,0,0,0,5.50043,4.351817,6.649054,0.592854,0.702737,0.482971,7.399128,6.22241,8.575846,0.5864045,0,2.108805,7.204291,6.108264,8.300319,9.870981,10,9.531273,6.931677,7.222565,6.64079,0.6118366,0,1.602225,0,0,0,0,0,0,5.50043,4.351817,6.649054,0.592854,0.702737,0.482971,7.399128,6.22241,8.575846,0.5864045,0,2.108805,7.204291,6.108264,8.300319,9.870981,10,9.531273,-1,-1,-1,-1,-1,-1,-1,-1,-1,-1,-1,-1,-1,-1,-1,-1,-1,-1,-1,-1,-1,-1,-1,-1,-1,-1,-1,-1,-1,-1,-1,-1,-1,-1,-1,-1,-1,-1,-1,-1,-1,-1,-1,-1,-1,-1,-1,-1,-1,-1,0,0,0,0,0,0,-1,-1,-1,-1,-1,-1,-1,-1,-1,-1,-1,-1,0,0,0,0,0,0,-1,-1,-1,-1,-1,-1,-1,-1,-1,-1,-1,-1,-1,-1,False,False,0,0,False,207,0,0,0,0,0,0,0,0,0,0,0,0,0,0,0,1,
0,4830,2026-02-16 16:46:39Z,LLM_Empathetic,6.931675,7.222565,6.640787,0.6118398,0,1.602226,0,0,0,0,0,0,5.500428,4.351817,6.649049,0.592854,0.702737,0.482971,7.399127,6.222411,8.575843,0.5864066,0,2.108807,7.204288,6.108263,8.300314,9.870975,10,9.531264,6.931675,7.222565,6.640787,0.6118398,0,1.602226,0,0,0,0,0,0,5.500428,4.351817,6.649049,0.592854,0.702737,0.482971,7.399127,6.222411,8.575843,0.5864066,0,2.108807,7.204288,6.108263,8.300314,9.870975,10,9.531264,-1,-1,-1,-1,-1,-1,-1,-1,-1,-1,-1,-1,-1,-1,-1,-1,-1,-1,-1,-1,-1,-1,-1,-1,-1,-1,-1,-1,-1,-1,-1,-1,-1,-1,-1,-1,-1,-1,-1,-1,-1,-1,-1,-1,-1,-1,-1,-1,-1,-1,0,0,0,0,0,0,-1,-1,-1,-1,-1,-1,-1,-1,-1,-1,-1,-1,0,0,0,0,0,0,-1,-1,-1,-1,-1,-1,-1,-1,-1,-1,-1,-1,-1,-1,False,False,0,0,False,207,0,0,0,0,0,0,0,0,0,0,0,0,0,0,0,1,
0,4831,2026-02-16 16:46:39Z,LLM_Empathetic,6.931672,7.222564,6.640779,0.6118463,0,1.60223,0,0,0,0,0,0,5.500423,4.351815,6.649041,0.592854,0.702737,0.482971,7.399125,6.222412,8.575837,0.5864107,0,2.108811,7.204281,6.108259,8.300304,9.87096,10,9.531247,6.931672,7.222564,6.640779,0.6118463,0,1.60223,0,0,0,0,0,0,5.500423,4.351815,6.649041,0.592854,0.702737,0.482971,7.399125,6.222412,8.575837,0.5864107,0,2.108811,7.204281,6.108259,8.300304,9.87096,10,9.531247,-1,-1,-1,-1,-1,-1,-1,-1,-1,-1,-1,-1,-1,-1,-1,-1,-1,-1,-1,-1,-1,-1,-1,-1,-1,-1,-1,-1,-1,-1,-1,-1,-1,-1,-1,-1,-1,-1,-1,-1,-1,-1,-1,-1,-1,-1,-1,-1,-1,-1,0,0,0,0,0,0,-1,-1,-1,-1,-1,-1,-1,-1,-1,-1,-1,-1,0,0,0,0,0,0,-1,-1,-1,-1,-1,-1,-1,-1,-1,-1,-1,-1,-1,-1,False,False,0,0,False,207,0,0,0,0,0,0,0,0,0,0,0,0,0,0,0,1,
0,4832,2026-02-16 16:46:39Z,LLM_Empathetic,6.93167,7.222564,6.640776,0.6118495,0,1.602232,0,0,0,0,0,0,5.500421,4.351814,6.649037,0.592854,0.702737,0.482971,7.399123,6.222413,8.575834,0.5864128,0,2.108813,7.204278,6.108257,8.3003,9.870954,10,9.531239,6.93167,7.222564,6.640776,0.6118495,0,1.602232,0,0,0,0,0,0,5.500421,4.351814,6.649037,0.592854,0.702737,0.482971,7.399123,6.222413,8.575834,0.5864128,0,2.108813,7.204278,6.108257,8.3003,9.870954,10,9.531239,-1,-1,-1,-1,-1,-1,-1,-1,-1,-1,-1,-1,-1,-1,-1,-1,-1,-1,-1,-1,-1,-1,-1,-1,-1,-1,-1,-1,-1,-1,-1,-1,-1,-1,-1,-1,-1,-1,-1,-1,-1,-1,-1,-1,-1,-1,-1,-1,-1,-1,0,0,0,0,0,0,-1,-1,-1,-1,-1,-1,-1,-1,-1,-1,-1,-1,0,0,0,0,0,0,-1,-1,-1,-1,-1,-1,-1,-1,-1,-1,-1,-1,-1,-1,False,False,0,0,False,209,0,0,0,0,0,0,0,0,0,0,0,0,0,0,0,1,
0,4833,2026-02-16 16:46:39Z,LLM_Empathetic,6.931668,7.222563,6.640773,0.6118527,0,1.602234,0,0,0,0,0,0,5.500418,4.351813,6.649033,0.592854,0.702737,0.482971,7.399122,6.222413,8.575832,0.5864148,0,2.108815,7.204274,6.108255,8.300294,9.870947,10,9.53123,6.931668,7.222563,6.640773,0.6118527,0,1.602234,0,0,0,0,0,0,5.500418,4.351813,6.649033,0.592854,0.702737,0.482971,7.399122,6.222413,8.575832,0.5864148,0,2.108815,7.204274,6.108255,8.300294,9.870947,10,9.53123,-1,-1,-1,-1,-1,-1,-1,-1,-1,-1,-1,-1,-1,-1,-1,-1,-1,-1,-1,-1,-1,-1,-1,-1,-1,-1,-1,-1,-1,-1,-1,-1,-1,-1,-1,-1,-1,-1,-1,-1,-1,-1,-1,-1,-1,-1,-1,-1,-1,-1,0,0,0,0,0,0,-1,-1,-1,-1,-1,-1,-1,-1,-1,-1,-1,-1,0,0,0,0,0,0,-1,-1,-1,-1,-1,-1,-1,-1,-1,-1,-1,-1,-1,-1,False,False,0,0,False,209,0,0,0,0,0,0,0,0,0,0,0,0,0,0,0,1,
0,4834,2026-02-16 16:46:39Z,LLM_Empathetic,6.931666,7.222563,6.640769,0.6118559,0,1.602235,0,0,0,0,0,0,5.500416,4.351812,6.649029,0.592854,0.702737,0.482971,7.399121,6.222414,8.57583,0.5864169,0,2.108817,7.204271,6.108253,8.300289,9.87094,10,9.531221,6.931666,7.222563,6.640769,0.6118559,0,1.602235,0,0,0,0,0,0,5.500416,4.351812,6.649029,0.592854,0.702737,0.482971,7.399121,6.222414,8.57583,0.5864169,0,2.108817,7.204271,6.108253,8.300289,9.87094,10,9.531221,-1,-1,-1,-1,-1,-1,-1,-1,-1,-1,-1,-1,-1,-1,-1,-1,-1,-1,-1,-1,-1,-1,-1,-1,-1,-1,-1,-1,-1,-1,-1,-1,-1,-1,-1,-1,-1,-1,-1,-1,-1,-1,-1,-1,-1,-1,-1,-1,-1,-1,0,0,0,0,0,0,-1,-1,-1,-1,-1,-1,-1,-1,-1,-1,-1,-1,0,0,0,0,0,0,-1,-1,-1,-1,-1,-1,-1,-1,-1,-1,-1,-1,-1,-1,False,False,0,0,False,209,0,0,0,0,0,0,0,0,0,0,0,0,0,0,0,1,
0,4835,2026-02-16 16:46:39Z,LLM_Empathetic,6.931664,7.222562,6.640766,0.6118591,0,1.602237,0,0,0,0,0,0,5.500413,4.351812,6.649025,0.592854,0.702737,0.482971,7.39912,6.222414,8.575827,0.586419,0,2.108819,7.204268,6.108252,8.300284,9.870934,10,9.531213,6.931664,7.222562,6.640766,0.6118591,0,1.602237,0,0,0,0,0,0,5.500413,4.351812,6.649025,0.592854,0.702737,0.482971,7.39912,6.222414,8.575827,0.586419,0,2.108819,7.204268,6.108252,8.300284,9.870934,10,9.531213,-1,-1,-1,-1,-1,-1,-1,-1,-1,-1,-1,-1,-1,-1,-1,-1,-1,-1,-1,-1,-1,-1,-1,-1,-1,-1,-1,-1,-1,-1,-1,-1,-1,-1,-1,-1,-1,-1,-1,-1,-1,-1,-1,-1,-1,-1,-1,-1,-1,-1,0,0,0,0,0,0,-1,-1,-1,-1,-1,-1,-1,-1,-1,-1,-1,-1,0,0,0,0,0,0,-1,-1,-1,-1,-1,-1,-1,-1,-1,-1,-1,-1,-1,-1,False,False,0,0,False,207,0,0,0,0,0,0,0,0,0,0,0,0,0,0,0,1,
0,4836,2026-02-16 16:46:39Z,LLM_Empathetic,6.931663,7.222562,6.640762,0.6118624,0,1.602239,0,0,0,0,0,0,5.500411,4.351811,6.649021,0.592854,0.702737,0.482971,7.399119,6.222414,8.575824,0.5864211,0,2.108821,7.204264,6.10825,8.30028,9.870927,10,9.531204,6.931663,7.222562,6.640762,0.6118624,0,1.602239,0,0,0,0,0,0,5.500411,4.351811,6.649021,0.592854,0.702737,0.482971,7.399119,6.222414,8.575824,0.5864211,0,2.108821,7.204264,6.10825,8.30028,9.870927,10,9.531204,-1,-1,-1,-1,-1,-1,-1,-1,-1,-1,-1,-1,-1,-1,-1,-1,-1,-1,-1,-1,-1,-1,-1,-1,-1,-1,-1,-1,-1,-1,-1,-1,-1,-1,-1,-1,-1,-1,-1,-1,-1,-1,-1,-1,-1,-1,-1,-1,-1,-1,0,0,0,0,0,0,-1,-1,-1,-1,-1,-1,-1,-1,-1,-1,-1,-1,0,0,0,0,0,0,-1,-1,-1,-1,-1,-1,-1,-1,-1,-1,-1,-1,-1,-1,False,False,0,0,False,207,0,0,0,0,0,0,0,0,0,0,0,0,0,0,0,1,
0,4837,2026-02-16 16:46:39Z,LLM_Empathetic,6.931661,7.222562,6.640759,0.6118656,0,1.602241,0,0,0,0,0,0,5.500408,4.35181,6.649017,0.592854,0.702737,0.482971,7.399118,6.222415,8.575821,0.5864231,0,2.108824,7.204261,6.108248,8.300275,9.87092,10,9.531196,6.931661,7.222562,6.640759,0.6118656,0,1.602241,0,0,0,0,0,0,5.500408,4.35181,6.649017,0.592854,0.702737,0.482971,7.399118,6.222415,8.575821,0.5864231,0,2.108824,7.204261,6.108248,8.300275,9.87092,10,9.531196,-1,-1,-1,-1,-1,-1,-1,-1,-1,-1,-1,-1,-1,-1,-1,-1,-1,-1,-1,-1,-1,-1,-1,-1,-1,-1,-1,-1,-1,-1,-1,-1,-1,-1,-1,-1,-1,-1,-1,-1,-1,-1,-1,-1,-1,-1,-1,-1,-1,-1,0,0,0,0,0,0,-1,-1,-1,-1,-1,-1,-1,-1,-1,-1,-1,-1,0,0,0,0,0,0,-1,-1,-1,-1,-1,-1,-1,-1,-1,-1,-1,-1,-1,-1,False,False,0,0,False,209,0,0,0,0,0,0,0,0,0,0,0,0,0,0,0,1,
0,4838,2026-02-16 16:46:39Z,LLM_Empathetic,6.931659,7.222561,6.640756,0.6118689,0,1.602243,0,0,0,0,0,0,5.500406,4.351809,6.649013,0.592854,0.702737,0.482971,7.399117,6.222416,8.575818,0.5864252,0,2.108826,7.204257,6.108246,8.300269,9.870914,10,9.531187,6.931659,7.222561,6.640756,0.6118689,0,1.602243,0,0,0,0,0,0,5.500406,4.351809,6.649013,0.592854,0.702737,0.482971,7.399117,6.222416,8.575818,0.5864252,0,2.108826,7.204257,6.108246,8.300269,9.870914,10,9.531187,-1,-1,-1,-1,-1,-1,-1,-1,-1,-1,-1,-1,-1,-1,-1,-1,-1,-1,-1,-1,-1,-1,-1,-1,-1,-1,-1,-1,-1,-1,-1,-1,-1,-1,-1,-1,-1,-1,-1,-1,-1,-1,-1,-1,-1,-1,-1,-1,-1,-1,0,0,0,0,0,0,-1,-1,-1,-1,-1,-1,-1,-1,-1,-1,-1,-1,0,0,0,0,0,0,-1,-1,-1,-1,-1,-1,-1,-1,-1,-1,-1,-1,-1,-1,False,False,0,0,False,207,0,0,0,0,0,0,0,0,0,0,0,0,0,0,0,1,
0,4839,2026-02-16 16:46:39Z,LLM_Empathetic,6.931657,7.222561,6.640752,0.6118721,0,1.602244,0,0,0,0,0,0,5.500403,4.351809,6.649009,0.592854,0.702737,0.482971,7.399116,6.222416,8.575815,0.5864273,0,2.108828,7.204254,6.108244,8.300264,9.870907,10,9.531178,6.931657,7.222561,6.640752,0.6118721,0,1.602244,0,0,0,0,0,0,5.500403,4.351809,6.649009,0.592854,0.702737,0.482971,7.399116,6.222416,8.575815,0.5864273,0,2.108828,7.204254,6.108244,8.300264,9.870907,10,9.531178,-1,-1,-1,-1,-1,-1,-1,-1,-1,-1,-1,-1,-1,-1,-1,-1,-1,-1,-1,-1,-1,-1,-1,-1,-1,-1,-1,-1,-1,-1,-1,-1,-1,-1,-1,-1,-1,-1,-1,-1,-1,-1,-1,-1,-1,-1,-1,-1,-1,-1,0,0,0,0,0,0,-1,-1,-1,-1,-1,-1,-1,-1,-1,-1,-1,-1,0,0,0,0,0,0,-1,-1,-1,-1,-1,-1,-1,-1,-1,-1,-1,-1,-1,-1,False,False,0,0,False,209,0,0,0,0,0,0,0,0,0,0,0,0,0,0,0,1,
0,4840,2026-02-16 16:46:39Z,LLM_Empathetic,6.931655,7.222561,6.640749,0.6118754,0,1.602246,0,0,0,0,0,0,5.500401,4.351808,6.649004,0.592854,0.702737,0.482971,7.399115,6.222417,8.575812,0.5864294,0,2.10883,7.20425,6.108242,8.30026,9.870899,10,9.531171,6.931655,7.222561,6.640749,0.6118754,0,1.602246,0,0,0,0,0,0,5.500401,4.351808,6.649004,0.592854,0.702737,0.482971,7.399115,6.222417,8.575812,0.5864294,0,2.10883,7.20425,6.108242,8.30026,9.870899,10,9.531171,-1,-1,-1,-1,-1,-1,-1,-1,-1,-1,-1,-1,-1,-1,-1,-1,-1,-1,-1,-1,-1,-1,-1,-1,-1,-1,-1,-1,-1,-1,-1,-1,-1,-1,-1,-1,-1,-1,-1,-1,-1,-1,-1,-1,-1,-1,-1,-1,-1,-1,0,0,0,0,0,0,-1,-1,-1,-1,-1,-1,-1,-1,-1,-1,-1,-1,0,0,0,0,0,0,-1,-1,-1,-1,-1,-1,-1,-1,-1,-1,-1,-1,-1,-1,False,False,0,0,False,209,0,0,0,0,0,0,0,0,0,0,0,0,0,0,0,1,
0,4841,2026-02-16 16:46:39Z,LLM_Empathetic,6.931653,7.22256,6.640745,0.6118786,0,1.602248,0,0,0,0,0,0,5.500399,4.351807,6.649,0.592854,0.702737,0.482971,7.399113,6.222418,8.575809,0.5864314,0,2.108832,7.204247,6.10824,8.300255,9.870893,10,9.531162,6.931653,7.22256,6.640745,0.6118786,0,1.602248,0,0,0,0,0,0,5.500399,4.351807,6.649,0.592854,0.702737,0.482971,7.399113,6.222418,8.575809,0.5864314,0,2.108832,7.204247,6.10824,8.300255,9.870893,10,9.531162,-1,-1,-1,-1,-1,-1,-1,-1,-1,-1,-1,-1,-1,-1,-1,-1,-1,-1,-1,-1,-1,-1,-1,-1,-1,-1,-1,-1,-1,-1,-1,-1,-1,-1,-1,-1,-1,-1,-1,-1,-1,-1,-1,-1,-1,-1,-1,-1,-1,-1,0,0,0,0,0,0,-1,-1,-1,-1,-1,-1,-1,-1,-1,-1,-1,-1,0,0,0,0,0,0,-1,-1,-1,-1,-1,-1,-1,-1,-1,-1,-1,-1,-1,-1,False,False,0,0,False,209,0,0,0,0,0,0,0,0,0,0,0,0,0,0,0,1,
0,4842,2026-02-16 16:46:39Z,LLM_Empathetic,6.931651,7.22256,6.640742,0.6118818,0,1.60225,0,0,0,0,0,0,5.500396,4.351806,6.648996,0.592854,0.702737,0.482971,7.399112,6.222418,8.575807,0.5864335,0,2.108834,7.204244,6.108239,8.30025,9.870886,10,9.531154,6.931651,7.22256,6.640742,0.6118818,0,1.60225,0,0,0,0,0,0,5.500396,4.351806,6.648996,0.592854,0.702737,0.482971,7.399112,6.222418,8.575807,0.5864335,0,2.108834,7.204244,6.108239,8.30025,9.870886,10,9.531154,-1,-1,-1,-1,-1,-1,-1,-1,-1,-1,-1,-1,-1,-1,-1,-1,-1,-1,-1,-1,-1,-1,-1,-1,-1,-1,-1,-1,-1,-1,-1,-1,-1,-1,-1,-1,-1,-1,-1,-1,-1,-1,-1,-1,-1,-1,-1,-1,-1,-1,0,0,0,0,0,0,-1,-1,-1,-1,-1,-1,-1,-1,-1,-1,-1,-1,0,0,0,0,0,0,-1,-1,-1,-1,-1,-1,-1,-1,-1,-1,-1,-1,-1,-1,False,False,0,0,False,209,0,0,0,0,0,0,0,0,0,0,0,0,0,0,0,1,
0,4843,2026-02-16 16:46:39Z,LLM_Empathetic,6.931647,7.222559,6.640735,0.6118883,0,1.602253,0,0,0,0,0,0,5.500391,4.351804,6.648988,0.592854,0.702737,0.482971,7.39911,6.222419,8.575801,0.5864376,0,2.108838,7.204237,6.108235,8.30024,9.870872,10,9.531137,6.931647,7.222559,6.640735,0.6118883,0,1.602253,0,0,0,0,0,0,5.500391,4.351804,6.648988,0.592854,0.702737,0.482971,7.39911,6.222419,8.575801,0.5864376,0,2.108838,7.204237,6.108235,8.30024,9.870872,10,9.531137,-1,-1,-1,-1,-1,-1,-1,-1,-1,-1,-1,-1,-1,-1,-1,-1,-1,-1,-1,-1,-1,-1,-1,-1,-1,-1,-1,-1,-1,-1,-1,-1,-1,-1,-1,-1,-1,-1,-1,-1,-1,-1,-1,-1,-1,-1,-1,-1,-1,-1,0,0,0,0,0,0,-1,-1,-1,-1,-1,-1,-1,-1,-1,-1,-1,-1,0,0,0,0,0,0,-1,-1,-1,-1,-1,-1,-1,-1,-1,-1,-1,-1,-1,-1,False,False,0,0,False,207,0,0,0,0,0,0,0,0,0,0,0,0,0,0,0,1,
0,4844,2026-02-16 16:46:39Z,LLM_Empathetic,6.931645,7.222559,6.640731,0.6118916,0,1.602255,0,0,0,0,0,0,5.500389,4.351804,6.648984,0.592854,0.702737,0.482971,7.399109,6.22242,8.575798,0.5864397,0,2.10884,7.204234,6.108233,8.300235,9.870866,10,9.531128,6.931645,7.222559,6.640731,0.6118916,0,1.602255,0,0,0,0,0,0,5.500389,4.351804,6.648984,0.592854,0.702737,0.482971,7.399109,6.22242,8.575798,0.5864397,0,2.10884,7.204234,6.108233,8.300235,9.870866,10,9.531128,-1,-1,-1,-1,-1,-1,-1,-1,-1,-1,-1,-1,-1,-1,-1,-1,-1,-1,-1,-1,-1,-1,-1,-1,-1,-1,-1,-1,-1,-1,-1,-1,-1,-1,-1,-1,-1,-1,-1,-1,-1,-1,-1,-1,-1,-1,-1,-1,-1,-1,0,0,0,0,0,0,-1,-1,-1,-1,-1,-1,-1,-1,-1,-1,-1,-1,0,0,0,0,0,0,-1,-1,-1,-1,-1,-1,-1,-1,-1,-1,-1,-1,-1,-1,False,False,0,0,False,209,0,0,0,0,0,0,0,0,0,0,0,0,0,0,0,1,
0,4845,2026-02-16 16:46:39Z,LLM_Empathetic,6.931643,7.222558,6.640728,0.6118948,0,1.602257,0,0,0,0,0,0,5.500386,4.351803,6.64898,0.592854,0.702737,0.482971,7.399108,6.222421,8.575795,0.5864418,0,2.108842,7.20423,6.108231,8.30023,9.870859,10,9.531119,6.931643,7.222558,6.640728,0.6118948,0,1.602257,0,0,0,0,0,0,5.500386,4.351803,6.64898,0.592854,0.702737,0.482971,7.399108,6.222421,8.575795,0.5864418,0,2.108842,7.20423,6.108231,8.30023,9.870859,10,9.531119,-1,-1,-1,-1,-1,-1,-1,-1,-1,-1,-1,-1,-1,-1,-1,-1,-1,-1,-1,-1,-1,-1,-1,-1,-1,-1,-1,-1,-1,-1,-1,-1,-1,-1,-1,-1,-1,-1,-1,-1,-1,-1,-1,-1,-1,-1,-1,-1,-1,-1,0,0,0,0,0,0,-1,-1,-1,-1,-1,-1,-1,-1,-1,-1,-1,-1,0,0,0,0,0,0,-1,-1,-1,-1,-1,-1,-1,-1,-1,-1,-1,-1,-1,-1,False,False,0,0,False,209,0,0,0,0,0,0,0,0,0,0,0,0,0,0,0,1,
0,4846,2026-02-16 16:46:39Z,LLM_Empathetic,6.931642,7.222558,6.640724,0.6118981,0,1.602259,0,0,0,0,0,0,5.500384,4.351802,6.648976,0.592854,0.702737,0.482971,7.399107,6.222421,8.575792,0.5864438,0,2.108844,7.204226,6.108229,8.300225,9.870852,10,9.531111,6.931642,7.222558,6.640724,0.6118981,0,1.602259,0,0,0,0,0,0,5.500384,4.351802,6.648976,0.592854,0.702737,0.482971,7.399107,6.222421,8.575792,0.5864438,0,2.108844,7.204226,6.108229,8.300225,9.870852,10,9.531111,-1,-1,-1,-1,-1,-1,-1,-1,-1,-1,-1,-1,-1,-1,-1,-1,-1,-1,-1,-1,-1,-1,-1,-1,-1,-1,-1,-1,-1,-1,-1,-1,-1,-1,-1,-1,-1,-1,-1,-1,-1,-1,-1,-1,-1,-1,-1,-1,-1,-1,0,0,0,0,0,0,-1,-1,-1,-1,-1,-1,-1,-1,-1,-1,-1,-1,0,0,0,0,0,0,-1,-1,-1,-1,-1,-1,-1,-1,-1,-1,-1,-1,-1,-1,False,False,0,0,False,207,0,0,0,0,0,0,0,0,0,0,0,0,0,0,0,1,
0,4847,2026-02-16 16:46:39Z,LLM_Empathetic,6.93164,7.222558,6.640721,0.6119013,0,1.60226,0,0,0,0,0,0,5.500381,4.351801,6.648972,0.592854,0.702737,0.482971,7.399106,6.222422,8.575789,0.5864459,0,2.108846,7.204223,6.108227,8.30022,9.870845,10,9.531102,6.93164,7.222558,6.640721,0.6119013,0,1.60226,0,0,0,0,0,0,5.500381,4.351801,6.648972,0.592854,0.702737,0.482971,7.399106,6.222422,8.575789,0.5864459,0,2.108846,7.204223,6.108227,8.30022,9.870845,10,9.531102,-1,-1,-1,-1,-1,-1,-1,-1,-1,-1,-1,-1,-1,-1,-1,-1,-1,-1,-1,-1,-1,-1,-1,-1,-1,-1,-1,-1,-1,-1,-1,-1,-1,-1,-1,-1,-1,-1,-1,-1,-1,-1,-1,-1,-1,-1,-1,-1,-1,-1,0,0,0,0,0,0,-1,-1,-1,-1,-1,-1,-1,-1,-1,-1,-1,-1,0,0,0,0,0,0,-1,-1,-1,-1,-1,-1,-1,-1,-1,-1,-1,-1,-1,-1,False,False,0,0,False,207,0,0,0,0,0,0,0,0,0,0,0,0,0,0,0,1,
0,4848,2026-02-16 16:46:39Z,LLM_Empathetic,6.931638,7.222558,6.640718,0.6119046,0,1.602262,0,0,0,0,0,0,5.500379,4.3518,6.648968,0.592854,0.702737,0.482971,7.399105,6.222422,8.575787,0.586448,0,2.108848,7.20422,6.108226,8.300215,9.870838,10,9.531094,6.931638,7.222558,6.640718,0.6119046,0,1.602262,0,0,0,0,0,0,5.500379,4.3518,6.648968,0.592854,0.702737,0.482971,7.399105,6.222422,8.575787,0.586448,0,2.108848,7.20422,6.108226,8.300215,9.870838,10,9.531094,-1,-1,-1,-1,-1,-1,-1,-1,-1,-1,-1,-1,-1,-1,-1,-1,-1,-1,-1,-1,-1,-1,-1,-1,-1,-1,-1,-1,-1,-1,-1,-1,-1,-1,-1,-1,-1,-1,-1,-1,-1,-1,-1,-1,-1,-1,-1,-1,-1,-1,0,0,0,0,0,0,-1,-1,-1,-1,-1,-1,-1,-1,-1,-1,-1,-1,0,0,0,0,0,0,-1,-1,-1,-1,-1,-1,-1,-1,-1,-1,-1,-1,-1,-1,False,False,0,0,False,209,0,0,0,0,0,0,0,0,0,0,0,0,0,0,0,1,
0,4849,2026-02-16 16:46:39Z,LLM_Empathetic,6.931636,7.222558,6.640714,0.6119078,0,1.602264,0,0,0,0,0,0,5.500376,4.351799,6.648963,0.592854,0.702737,0.482971,7.399103,6.222423,8.575784,0.5864501,0,2.10885,7.204216,6.108224,8.30021,9.870831,10,9.531085,6.931636,7.222558,6.640714,0.6119078,0,1.602264,0,0,0,0,0,0,5.500376,4.351799,6.648963,0.592854,0.702737,0.482971,7.399103,6.222423,8.575784,0.5864501,0,2.10885,7.204216,6.108224,8.30021,9.870831,10,9.531085,-1,-1,-1,-1,-1,-1,-1,-1,-1,-1,-1,-1,-1,-1,-1,-1,-1,-1,-1,-1,-1,-1,-1,-1,-1,-1,-1,-1,-1,-1,-1,-1,-1,-1,-1,-1,-1,-1,-1,-1,-1,-1,-1,-1,-1,-1,-1,-1,-1,-1,0,0,0,0,0,0,-1,-1,-1,-1,-1,-1,-1,-1,-1,-1,-1,-1,0,0,0,0,0,0,-1,-1,-1,-1,-1,-1,-1,-1,-1,-1,-1,-1,-1,-1,False,False,0,0,False,209,0,0,0,0,0,0,0,0,0,0,0,0,0,0,0,1,
0,4850,2026-02-16 16:46:39Z,LLM_Empathetic,6.931633,7.222557,6.64071,0.6119111,0,1.602266,0,0,0,0,0,0,5.500374,4.351799,6.648959,0.592854,0.702737,0.482971,7.399102,6.222424,8.575781,0.5864522,0,2.108853,7.204213,6.108222,8.300205,9.870825,10,9.531076,6.931633,7.222557,6.64071,0.6119111,0,1.602266,0,0,0,0,0,0,5.500374,4.351799,6.648959,0.592854,0.702737,0.482971,7.399102,6.222424,8.575781,0.5864522,0,2.108853,7.204213,6.108222,8.300205,9.870825,10,9.531076,-1,-1,-1,-1,-1,-1,-1,-1,-1,-1,-1,-1,-1,-1,-1,-1,-1,-1,-1,-1,-1,-1,-1,-1,-1,-1,-1,-1,-1,-1,-1,-1,-1,-1,-1,-1,-1,-1,-1,-1,-1,-1,-1,-1,-1,-1,-1,-1,-1,-1,0,0,0,0,0,0,-1,-1,-1,-1,-1,-1,-1,-1,-1,-1,-1,-1,0,0,0,0,0,0,-1,-1,-1,-1,-1,-1,-1,-1,-1,-1,-1,-1,-1,-1,False,False,0,0,False,209,0,0,0,0,0,0,0,0,0,0,0,0,0,0,0,1,
0,4851,2026-02-16 16:46:39Z,LLM_Empathetic,6.931632,7.222557,6.640707,0.6119143,0,1.602268,0,0,0,0,0,0,5.500371,4.351798,6.648955,0.592854,0.702737,0.482971,7.399101,6.222424,8.575778,0.5864543,0,2.108855,7.204209,6.10822,8.3002,9.870818,10,9.531068,6.931632,7.222557,6.640707,0.6119143,0,1.602268,0,0,0,0,0,0,5.500371,4.351798,6.648955,0.592854,0.702737,0.482971,7.399101,6.222424,8.575778,0.5864543,0,2.108855,7.204209,6.10822,8.3002,9.870818,10,9.531068,-1,-1,-1,-1,-1,-1,-1,-1,-1,-1,-1,-1,-1,-1,-1,-1,-1,-1,-1,-1,-1,-1,-1,-1,-1,-1,-1,-1,-1,-1,-1,-1,-1,-1,-1,-1,-1,-1,-1,-1,-1,-1,-1,-1,-1,-1,-1,-1,-1,-1,0,0,0,0,0,0,-1,-1,-1,-1,-1,-1,-1,-1,-1,-1,-1,-1,0,0,0,0,0,0,-1,-1,-1,-1,-1,-1,-1,-1,-1,-1,-1,-1,-1,-1,False,False,0,0,False,207,0,0,0,0,0,0,0,0,0,0,0,0,0,0,0,1,
0,4852,2026-02-16 16:46:39Z,LLM_Empathetic,6.931628,7.222556,6.6407,0.6119208,0,1.602271,0,0,0,0,0,0,5.500367,4.351796,6.648947,0.592854,0.702737,0.482971,7.399099,6.222425,8.575773,0.5864584,0,2.108859,7.204203,6.108216,8.30019,9.870804,10,9.531051,6.931628,7.222556,6.6407,0.6119208,0,1.602271,0,0,0,0,0,0,5.500367,4.351796,6.648947,0.592854,0.702737,0.482971,7.399099,6.222425,8.575773,0.5864584,0,2.108859,7.204203,6.108216,8.30019,9.870804,10,9.531051,-1,-1,-1,-1,-1,-1,-1,-1,-1,-1,-1,-1,-1,-1,-1,-1,-1,-1,-1,-1,-1,-1,-1,-1,-1,-1,-1,-1,-1,-1,-1,-1,-1,-1,-1,-1,-1,-1,-1,-1,-1,-1,-1,-1,-1,-1,-1,-1,-1,-1,0,0,0,0,0,0,-1,-1,-1,-1,-1,-1,-1,-1,-1,-1,-1,-1,0,0,0,0,0,0,-1,-1,-1,-1,-1,-1,-1,-1,-1,-1,-1,-1,-1,-1,False,False,0,0,False,209,0,0,0,0,0,0,0,0,0,0,0,0,0,0,0,1,
0,4853,2026-02-16 16:46:39Z,LLM_Empathetic,6.931626,7.222556,6.640697,0.6119241,0,1.602273,0,0,0,0,0,0,5.500364,4.351795,6.648943,0.592854,0.702737,0.482971,7.399097,6.222425,8.57577,0.5864605,0,2.108861,7.204199,6.108214,8.300185,9.870797,10,9.531042,6.931626,7.222556,6.640697,0.6119241,0,1.602273,0,0,0,0,0,0,5.500364,4.351795,6.648943,0.592854,0.702737,0.482971,7.399097,6.222425,8.57577,0.5864605,0,2.108861,7.204199,6.108214,8.300185,9.870797,10,9.531042,-1,-1,-1,-1,-1,-1,-1,-1,-1,-1,-1,-1,-1,-1,-1,-1,-1,-1,-1,-1,-1,-1,-1,-1,-1,-1,-1,-1,-1,-1,-1,-1,-1,-1,-1,-1,-1,-1,-1,-1,-1,-1,-1,-1,-1,-1,-1,-1,-1,-1,0,0,0,0,0,0,-1,-1,-1,-1,-1,-1,-1,-1,-1,-1,-1,-1,0,0,0,0,0,0,-1,-1,-1,-1,-1,-1,-1,-1,-1,-1,-1,-1,-1,-1,False,False,0,0,False,209,0,0,0,0,0,0,0,0,0,0,0,0,0,0,0,1,
0,4854,2026-02-16 16:46:39Z,LLM_Empathetic,6.931624,7.222555,6.640693,0.6119273,0,1.602275,0,0,0,0,0,0,5.500361,4.351795,6.648939,0.592854,0.702737,0.482971,7.399096,6.222426,8.575768,0.5864626,0,2.108863,7.204196,6.108212,8.30018,9.87079,10,9.531034,6.931624,7.222555,6.640693,0.6119273,0,1.602275,0,0,0,0,0,0,5.500361,4.351795,6.648939,0.592854,0.702737,0.482971,7.399096,6.222426,8.575768,0.5864626,0,2.108863,7.204196,6.108212,8.30018,9.87079,10,9.531034,-1,-1,-1,-1,-1,-1,-1,-1,-1,-1,-1,-1,-1,-1,-1,-1,-1,-1,-1,-1,-1,-1,-1,-1,-1,-1,-1,-1,-1,-1,-1,-1,-1,-1,-1,-1,-1,-1,-1,-1,-1,-1,-1,-1,-1,-1,-1,-1,-1,-1,0,0,0,0,0,0,-1,-1,-1,-1,-1,-1,-1,-1,-1,-1,-1,-1,0,0,0,0,0,0,-1,-1,-1,-1,-1,-1,-1,-1,-1,-1,-1,-1,-1,-1,False,False,0,0,False,209,0,0,0,0,0,0,0,0,0,0,0,0,0,0,0,1,
0,4855,2026-02-16 16:46:39Z,LLM_Empathetic,6.931622,7.222555,6.640689,0.6119306,0,1.602277,0,0,0,0,0,0,5.500359,4.351794,6.648935,0.592854,0.702737,0.482971,7.399096,6.222427,8.575765,0.5864647,0,2.108865,7.204193,6.108211,8.300175,9.870784,10,9.531025,6.931622,7.222555,6.640689,0.6119306,0,1.602277,0,0,0,0,0,0,5.500359,4.351794,6.648935,0.592854,0.702737,0.482971,7.399096,6.222427,8.575765,0.5864647,0,2.108865,7.204193,6.108211,8.300175,9.870784,10,9.531025,-1,-1,-1,-1,-1,-1,-1,-1,-1,-1,-1,-1,-1,-1,-1,-1,-1,-1,-1,-1,-1,-1,-1,-1,-1,-1,-1,-1,-1,-1,-1,-1,-1,-1,-1,-1,-1,-1,-1,-1,-1,-1,-1,-1,-1,-1,-1,-1,-1,-1,0,0,0,0,0,0,-1,-1,-1,-1,-1,-1,-1,-1,-1,-1,-1,-1,0,0,0,0,0,0,-1,-1,-1,-1,-1,-1,-1,-1,-1,-1,-1,-1,-1,-1,False,False,0,0,False,209,0,0,0,0,0,0,0,0,0,0,0,0,0,0,0,1,
0,4856,2026-02-16 16:46:39Z,LLM_Empathetic,6.93162,7.222555,6.640686,0.6119338,0,1.602278,0,0,0,0,0,0,5.500357,4.351793,6.648931,0.592854,0.702737,0.482971,7.399094,6.222427,8.575762,0.5864668,0,2.108867,7.204189,6.108209,8.30017,9.870777,10,9.531016,6.93162,7.222555,6.640686,0.6119338,0,1.602278,0,0,0,0,0,0,5.500357,4.351793,6.648931,0.592854,0.702737,0.482971,7.399094,6.222427,8.575762,0.5864668,0,2.108867,7.204189,6.108209,8.30017,9.870777,10,9.531016,-1,-1,-1,-1,-1,-1,-1,-1,-1,-1,-1,-1,-1,-1,-1,-1,-1,-1,-1,-1,-1,-1,-1,-1,-1,-1,-1,-1,-1,-1,-1,-1,-1,-1,-1,-1,-1,-1,-1,-1,-1,-1,-1,-1,-1,-1,-1,-1,-1,-1,0,0,0,0,0,0,-1,-1,-1,-1,-1,-1,-1,-1,-1,-1,-1,-1,0,0,0,0,0,0,-1,-1,-1,-1,-1,-1,-1,-1,-1,-1,-1,-1,-1,-1,False,False,0,0,False,207,0,0,0,0,0,0,0,0,0,0,0,0,0,0,0,1,
0,4857,2026-02-16 16:46:39Z,LLM_Empathetic,6.931618,7.222554,6.640682,0.6119371,0,1.60228,0,0,0,0,0,0,5.500354,4.351792,6.648926,0.592854,0.702737,0.482971,7.399093,6.222428,8.575759,0.5864689,0,2.108869,7.204185,6.108207,8.300165,9.87077,10,9.531008,6.931618,7.222554,6.640682,0.6119371,0,1.60228,0,0,0,0,0,0,5.500354,4.351792,6.648926,0.592854,0.702737,0.482971,7.399093,6.222428,8.575759,0.5864689,0,2.108869,7.204185,6.108207,8.300165,9.87077,10,9.531008,-1,-1,-1,-1,-1,-1,-1,-1,-1,-1,-1,-1,-1,-1,-1,-1,-1,-1,-1,-1,-1,-1,-1,-1,-1,-1,-1,-1,-1,-1,-1,-1,-1,-1,-1,-1,-1,-1,-1,-1,-1,-1,-1,-1,-1,-1,-1,-1,-1,-1,0,0,0,0,0,0,-1,-1,-1,-1,-1,-1,-1,-1,-1,-1,-1,-1,0,0,0,0,0,0,-1,-1,-1,-1,-1,-1,-1,-1,-1,-1,-1,-1,-1,-1,False,False,0,0,False,207,0,0,0,0,0,0,0,0,0,0,0,0,0,0,0,1,
0,4858,2026-02-16 16:46:39Z,LLM_Empathetic,6.931616,7.222554,6.640679,0.6119404,0,1.602282,0,0,0,0,0,0,5.500351,4.351791,6.648922,0.592854,0.702737,0.482971,7.399092,6.222429,8.575756,0.586471,0,2.108871,7.204182,6.108205,8.30016,9.870763,10,9.530999,6.931616,7.222554,6.640679,0.6119404,0,1.602282,0,0,0,0,0,0,5.500351,4.351791,6.648922,0.592854,0.702737,0.482971,7.399092,6.222429,8.575756,0.586471,0,2.108871,7.204182,6.108205,8.30016,9.870763,10,9.530999,-1,-1,-1,-1,-1,-1,-1,-1,-1,-1,-1,-1,-1,-1,-1,-1,-1,-1,-1,-1,-1,-1,-1,-1,-1,-1,-1,-1,-1,-1,-1,-1,-1,-1,-1,-1,-1,-1,-1,-1,-1,-1,-1,-1,-1,-1,-1,-1,-1,-1,0,0,0,0,0,0,-1,-1,-1,-1,-1,-1,-1,-1,-1,-1,-1,-1,0,0,0,0,0,0,-1,-1,-1,-1,-1,-1,-1,-1,-1,-1,-1,-1,-1,-1,False,False,0,0,False,209,0,0,0,0,0,0,0,0,0,0,0,0,0,0,0,1,
0,4859,2026-02-16 16:46:40Z,LLM_Empathetic,6.931614,7.222554,6.640676,0.6119437,0,1.602284,0,0,0,0,0,0,5.500349,4.35179,6.648918,0.592854,0.702737,0.482971,7.399091,6.222429,8.575753,0.586473,0,2.108873,7.204179,6.108203,8.300155,9.870756,10,9.530991,6.931614,7.222554,6.640676,0.6119437,0,1.602284,0,0,0,0,0,0,5.500349,4.35179,6.648918,0.592854,0.702737,0.482971,7.399091,6.222429,8.575753,0.586473,0,2.108873,7.204179,6.108203,8.300155,9.870756,10,9.530991,-1,-1,-1,-1,-1,-1,-1,-1,-1,-1,-1,-1,-1,-1,-1,-1,-1,-1,-1,-1,-1,-1,-1,-1,-1,-1,-1,-1,-1,-1,-1,-1,-1,-1,-1,-1,-1,-1,-1,-1,-1,-1,-1,-1,-1,-1,-1,-1,-1,-1,0,0,0,0,0,0,-1,-1,-1,-1,-1,-1,-1,-1,-1,-1,-1,-1,0,0,0,0,0,0,-1,-1,-1,-1,-1,-1,-1,-1,-1,-1,-1,-1,-1,-1,False,False,0,0,False,209,0,0,0,0,0,0,0,0,0,0,0,0,0,0,0,1,
0,4860,2026-02-16 16:46:40Z,LLM_Empathetic,6.931612,7.222553,6.640672,0.6119469,0,1.602286,0,0,0,0,0,0,5.500347,4.351789,6.648914,0.592854,0.702737,0.482971,7.39909,6.22243,8.57575,0.5864752,0,2.108876,7.204175,6.108202,8.30015,9.870749,10,9.530982,6.931612,7.222553,6.640672,0.6119469,0,1.602286,0,0,0,0,0,0,5.500347,4.351789,6.648914,0.592854,0.702737,0.482971,7.39909,6.22243,8.57575,0.5864752,0,2.108876,7.204175,6.108202,8.30015,9.870749,10,9.530982,-1,-1,-1,-1,-1,-1,-1,-1,-1,-1,-1,-1,-1,-1,-1,-1,-1,-1,-1,-1,-1,-1,-1,-1,-1,-1,-1,-1,-1,-1,-1,-1,-1,-1,-1,-1,-1,-1,-1,-1,-1,-1,-1,-1,-1,-1,-1,-1,-1,-1,0,0,0,0,0,0,-1,-1,-1,-1,-1,-1,-1,-1,-1,-1,-1,-1,0,0,0,0,0,0,-1,-1,-1,-1,-1,-1,-1,-1,-1,-1,-1,-1,-1,-1,False,False,0,0,False,209,0,0,0,0,0,0,0,0,0,0,0,0,0,0,0,1,
0,4861,2026-02-16 16:46:40Z,LLM_Empathetic,6.931609,7.222552,6.640665,0.6119534,0,1.602289,0,0,0,0,0,0,5.500342,4.351788,6.648906,0.592854,0.702737,0.482971,7.399087,6.222431,8.575745,0.5864794,0,2.10888,7.204168,6.108198,8.30014,9.870736,10,9.530965,6.931609,7.222552,6.640665,0.6119534,0,1.602289,0,0,0,0,0,0,5.500342,4.351788,6.648906,0.592854,0.702737,0.482971,7.399087,6.222431,8.575745,0.5864794,0,2.10888,7.204168,6.108198,8.30014,9.870736,10,9.530965,-1,-1,-1,-1,-1,-1,-1,-1,-1,-1,-1,-1,-1,-1,-1,-1,-1,-1,-1,-1,-1,-1,-1,-1,-1,-1,-1,-1,-1,-1,-1,-1,-1,-1,-1,-1,-1,-1,-1,-1,-1,-1,-1,-1,-1,-1,-1,-1,-1,-1,0,0,0,0,0,0,-1,-1,-1,-1,-1,-1,-1,-1,-1,-1,-1,-1,0,0,0,0,0,0,-1,-1,-1,-1,-1,-1,-1,-1,-1,-1,-1,-1,-1,-1,False,False,0,0,False,207,0,0,0,0,0,0,0,0,0,0,0,0,0,0,0,1,
0,4862,2026-02-16 16:46:40Z,LLM_Empathetic,6.931607,7.222552,6.640661,0.6119567,0,1.602291,0,0,0,0,0,0,5.50034,4.351787,6.648901,0.592854,0.702737,0.482971,7.399086,6.222432,8.575742,0.5864815,0,2.108882,7.204165,6.108196,8.300135,9.870728,10,9.530956,6.931607,7.222552,6.640661,0.6119567,0,1.602291,0,0,0,0,0,0,5.50034,4.351787,6.648901,0.592854,0.702737,0.482971,7.399086,6.222432,8.575742,0.5864815,0,2.108882,7.204165,6.108196,8.300135,9.870728,10,9.530956,-1,-1,-1,-1,-1,-1,-1,-1,-1,-1,-1,-1,-1,-1,-1,-1,-1,-1,-1,-1,-1,-1,-1,-1,-1,-1,-1,-1,-1,-1,-1,-1,-1,-1,-1,-1,-1,-1,-1,-1,-1,-1,-1,-1,-1,-1,-1,-1,-1,-1,0,0,0,0,0,0,-1,-1,-1,-1,-1,-1,-1,-1,-1,-1,-1,-1,0,0,0,0,0,0,-1,-1,-1,-1,-1,-1,-1,-1,-1,-1,-1,-1,-1,-1,False,False,0,0,False,209,0,0,0,0,0,0,0,0,0,0,0,0,0,0,0,1,
0,4863,2026-02-16 16:46:40Z,LLM_Empathetic,6.931605,7.222552,6.640658,0.61196,0,1.602293,0,0,0,0,0,0,5.500337,4.351787,6.648898,0.592854,0.702737,0.482971,7.399085,6.222432,8.575739,0.5864835,0,2.108884,7.204162,6.108194,8.30013,9.870722,10,9.530948,6.931605,7.222552,6.640658,0.61196,0,1.602293,0,0,0,0,0,0,5.500337,4.351787,6.648898,0.592854,0.702737,0.482971,7.399085,6.222432,8.575739,0.5864835,0,2.108884,7.204162,6.108194,8.30013,9.870722,10,9.530948,-1,-1,-1,-1,-1,-1,-1,-1,-1,-1,-1,-1,-1,-1,-1,-1,-1,-1,-1,-1,-1,-1,-1,-1,-1,-1,-1,-1,-1,-1,-1,-1,-1,-1,-1,-1,-1,-1,-1,-1,-1,-1,-1,-1,-1,-1,-1,-1,-1,-1,0,0,0,0,0,0,-1,-1,-1,-1,-1,-1,-1,-1,-1,-1,-1,-1,0,0,0,0,0,0,-1,-1,-1,-1,-1,-1,-1,-1,-1,-1,-1,-1,-1,-1,False,False,0,0,False,209,0,0,0,0,0,0,0,0,0,0,0,0,0,0,0,1,
0,4864,2026-02-16 16:46:40Z,LLM_Empathetic,6.931603,7.222551,6.640655,0.6119633,0,1.602295,0,0,0,0,0,0,5.500334,4.351786,6.648893,0.592854,0.702737,0.482971,7.399084,6.222433,8.575736,0.5864856,0,2.108886,7.204158,6.108192,8.300125,9.870715,10,9.530939,6.931603,7.222551,6.640655,0.6119633,0,1.602295,0,0,0,0,0,0,5.500334,4.351786,6.648893,0.592854,0.702737,0.482971,7.399084,6.222433,8.575736,0.5864856,0,2.108886,7.204158,6.108192,8.300125,9.870715,10,9.530939,-1,-1,-1,-1,-1,-1,-1,-1,-1,-1,-1,-1,-1,-1,-1,-1,-1,-1,-1,-1,-1,-1,-1,-1,-1,-1,-1,-1,-1,-1,-1,-1,-1,-1,-1,-1,-1,-1,-1,-1,-1,-1,-1,-1,-1,-1,-1,-1,-1,-1,0,0,0,0,0,0,-1,-1,-1,-1,-1,-1,-1,-1,-1,-1,-1,-1,0,0,0,0,0,0,-1,-1,-1,-1,-1,-1,-1,-1,-1,-1,-1,-1,-1,-1,False,False,0,0,False,209,0,0,0,0,0,0,0,0,0,0,0,0,0,0,0,1,
0,4865,2026-02-16 16:46:40Z,LLM_Empathetic,6.931601,7.222551,6.640651,0.6119666,0,1.602296,0,0,0,0,0,0,5.500332,4.351785,6.648889,0.592854,0.702737,0.482971,7.399083,6.222433,8.575733,0.5864878,0,2.108888,7.204154,6.108191,8.30012,9.870708,10,9.530931,6.931601,7.222551,6.640651,0.6119666,0,1.602296,0,0,0,0,0,0,5.500332,4.351785,6.648889,0.592854,0.702737,0.482971,7.399083,6.222433,8.575733,0.5864878,0,2.108888,7.204154,6.108191,8.30012,9.870708,10,9.530931,-1,-1,-1,-1,-1,-1,-1,-1,-1,-1,-1,-1,-1,-1,-1,-1,-1,-1,-1,-1,-1,-1,-1,-1,-1,-1,-1,-1,-1,-1,-1,-1,-1,-1,-1,-1,-1,-1,-1,-1,-1,-1,-1,-1,-1,-1,-1,-1,-1,-1,0,0,0,0,0,0,-1,-1,-1,-1,-1,-1,-1,-1,-1,-1,-1,-1,0,0,0,0,0,0,-1,-1,-1,-1,-1,-1,-1,-1,-1,-1,-1,-1,-1,-1,False,False,0,0,False,207,0,0,0,0,0,0,0,0,0,0,0,0,0,0,0,1,
0,4866,2026-02-16 16:46:40Z,LLM_Empathetic,6.931599,7.222551,6.640647,0.6119698,0,1.602298,0,0,0,0,0,0,5.500329,4.351784,6.648885,0.592854,0.702737,0.482971,7.399082,6.222434,8.57573,0.5864899,0,2.10889,7.204151,6.108189,8.300115,9.870702,10,9.530922,6.931599,7.222551,6.640647,0.6119698,0,1.602298,0,0,0,0,0,0,5.500329,4.351784,6.648885,0.592854,0.702737,0.482971,7.399082,6.222434,8.57573,0.5864899,0,2.10889,7.204151,6.108189,8.300115,9.870702,10,9.530922,-1,-1,-1,-1,-1,-1,-1,-1,-1,-1,-1,-1,-1,-1,-1,-1,-1,-1,-1,-1,-1,-1,-1,-1,-1,-1,-1,-1,-1,-1,-1,-1,-1,-1,-1,-1,-1,-1,-1,-1,-1,-1,-1,-1,-1,-1,-1,-1,-1,-1,0,0,0,0,0,0,-1,-1,-1,-1,-1,-1,-1,-1,-1,-1,-1,-1,0,0,0,0,0,0,-1,-1,-1,-1,-1,-1,-1,-1,-1,-1,-1,-1,-1,-1,False,False,0,0,False,207,0,0,0,0,0,0,0,0,0,0,0,0,0,0,0,1,
0,4867,2026-02-16 16:46:40Z,LLM_Empathetic,6.931597,7.22255,6.640644,0.6119731,0,1.6023,0,0,0,0,0,0,5.500327,4.351783,6.648881,0.592854,0.702737,0.482971,7.399081,6.222435,8.575727,0.5864919,0,2.108892,7.204148,6.108187,8.30011,9.870694,10,9.530912,6.931597,7.22255,6.640644,0.6119731,0,1.6023,0,0,0,0,0,0,5.500327,4.351783,6.648881,0.592854,0.702737,0.482971,7.399081,6.222435,8.575727,0.5864919,0,2.108892,7.204148,6.108187,8.30011,9.870694,10,9.530912,-1,-1,-1,-1,-1,-1,-1,-1,-1,-1,-1,-1,-1,-1,-1,-1,-1,-1,-1,-1,-1,-1,-1,-1,-1,-1,-1,-1,-1,-1,-1,-1,-1,-1,-1,-1,-1,-1,-1,-1,-1,-1,-1,-1,-1,-1,-1,-1,-1,-1,0,0,0,0,0,0,-1,-1,-1,-1,-1,-1,-1,-1,-1,-1,-1,-1,0,0,0,0,0,0,-1,-1,-1,-1,-1,-1,-1,-1,-1,-1,-1,-1,-1,-1,False,False,0,0,False,207,0,0,0,0,0,0,0,0,0,0,0,0,0,0,0,1,
0,4868,2026-02-16 16:46:40Z,LLM_Empathetic,6.931595,7.22255,6.64064,0.6119764,0,1.602302,0,0,0,0,0,0,5.500324,4.351782,6.648877,0.592854,0.702737,0.482971,7.39908,6.222435,8.575725,0.586494,0,2.108894,7.204144,6.108185,8.300105,9.870687,10,9.530904,6.931595,7.22255,6.64064,0.6119764,0,1.602302,0,0,0,0,0,0,5.500324,4.351782,6.648877,0.592854,0.702737,0.482971,7.39908,6.222435,8.575725,0.586494,0,2.108894,7.204144,6.108185,8.300105,9.870687,10,9.530904,-1,-1,-1,-1,-1,-1,-1,-1,-1,-1,-1,-1,-1,-1,-1,-1,-1,-1,-1,-1,-1,-1,-1,-1,-1,-1,-1,-1,-1,-1,-1,-1,-1,-1,-1,-1,-1,-1,-1,-1,-1,-1,-1,-1,-1,-1,-1,-1,-1,-1,0,0,0,0,0,0,-1,-1,-1,-1,-1,-1,-1,-1,-1,-1,-1,-1,0,0,0,0,0,0,-1,-1,-1,-1,-1,-1,-1,-1,-1,-1,-1,-1,-1,-1,False,False,0,0,False,207,0,0,0,0,0,0,0,0,0,0,0,0,0,0,0,1,
0,4869,2026-02-16 16:46:40Z,LLM_Empathetic,6.931593,7.222549,6.640637,0.6119797,0,1.602304,0,0,0,0,0,0,5.500322,4.351781,6.648873,0.592854,0.702737,0.482971,7.399078,6.222435,8.575722,0.5864962,0,2.108896,7.204141,6.108183,8.300099,9.870681,10,9.530895,6.931593,7.222549,6.640637,0.6119797,0,1.602304,0,0,0,0,0,0,5.500322,4.351781,6.648873,0.592854,0.702737,0.482971,7.399078,6.222435,8.575722,0.5864962,0,2.108896,7.204141,6.108183,8.300099,9.870681,10,9.530895,-1,-1,-1,-1,-1,-1,-1,-1,-1,-1,-1,-1,-1,-1,-1,-1,-1,-1,-1,-1,-1,-1,-1,-1,-1,-1,-1,-1,-1,-1,-1,-1,-1,-1,-1,-1,-1,-1,-1,-1,-1,-1,-1,-1,-1,-1,-1,-1,-1,-1,0,0,0,0,0,0,-1,-1,-1,-1,-1,-1,-1,-1,-1,-1,-1,-1,0,0,0,0,0,0,-1,-1,-1,-1,-1,-1,-1,-1,-1,-1,-1,-1,-1,-1,False,False,0,0,False,207,0,0,0,0,0,0,0,0,0,0,0,0,0,0,0,1,
0,4870,2026-02-16 16:46:40Z,LLM_Empathetic,6.931592,7.222549,6.640633,0.6119829,0,1.602305,0,0,0,0,0,0,5.500319,4.351781,6.648869,0.592854,0.702737,0.482971,7.399077,6.222436,8.575719,0.5864983,0,2.108899,7.204137,6.108181,8.300095,9.870674,10,9.530887,6.931592,7.222549,6.640633,0.6119829,0,1.602305,0,0,0,0,0,0,5.500319,4.351781,6.648869,0.592854,0.702737,0.482971,7.399077,6.222436,8.575719,0.5864983,0,2.108899,7.204137,6.108181,8.300095,9.870674,10,9.530887,-1,-1,-1,-1,-1,-1,-1,-1,-1,-1,-1,-1,-1,-1,-1,-1,-1,-1,-1,-1,-1,-1,-1,-1,-1,-1,-1,-1,-1,-1,-1,-1,-1,-1,-1,-1,-1,-1,-1,-1,-1,-1,-1,-1,-1,-1,-1,-1,-1,-1,0,0,0,0,0,0,-1,-1,-1,-1,-1,-1,-1,-1,-1,-1,-1,-1,0,0,0,0,0,0,-1,-1,-1,-1,-1,-1,-1,-1,-1,-1,-1,-1,-1,-1,False,False,0,0,False,209,0,0,0,0,0,0,0,0,0,0,0,0,0,0,0,1,
0,4871,2026-02-16 16:46:40Z,LLM_Empathetic,6.93159,7.222549,6.64063,0.6119863,0,1.602307,0,0,0,0,0,0,5.500317,4.35178,6.648864,0.592854,0.702737,0.482971,7.399076,6.222437,8.575716,0.5865003,0,2.108901,7.204134,6.108179,8.30009,9.870667,10,9.530878,6.93159,7.222549,6.64063,0.6119863,0,1.602307,0,0,0,0,0,0,5.500317,4.35178,6.648864,0.592854,0.702737,0.482971,7.399076,6.222437,8.575716,0.5865003,0,2.108901,7.204134,6.108179,8.30009,9.870667,10,9.530878,-1,-1,-1,-1,-1,-1,-1,-1,-1,-1,-1,-1,-1,-1,-1,-1,-1,-1,-1,-1,-1,-1,-1,-1,-1,-1,-1,-1,-1,-1,-1,-1,-1,-1,-1,-1,-1,-1,-1,-1,-1,-1,-1,-1,-1,-1,-1,-1,-1,-1,0,0,0,0,0,0,-1,-1,-1,-1,-1,-1,-1,-1,-1,-1,-1,-1,0,0,0,0,0,0,-1,-1,-1,-1,-1,-1,-1,-1,-1,-1,-1,-1,-1,-1,False,False,0,0,False,209,0,0,0,0,0,0,0,0,0,0,0,0,0,0,0,1,
0,4872,2026-02-16 16:46:40Z,LLM_Empathetic,6.931586,7.222548,6.640623,0.6119928,0,1.602311,0,0,0,0,0,0,5.500312,4.351778,6.648856,0.592854,0.702737,0.482971,7.399074,6.222438,8.57571,0.5865046,0,2.108905,7.204127,6.108175,8.300079,9.870653,10,9.530861,6.931586,7.222548,6.640623,0.6119928,0,1.602311,0,0,0,0,0,0,5.500312,4.351778,6.648856,0.592854,0.702737,0.482971,7.399074,6.222438,8.57571,0.5865046,0,2.108905,7.204127,6.108175,8.300079,9.870653,10,9.530861,-1,-1,-1,-1,-1,-1,-1,-1,-1,-1,-1,-1,-1,-1,-1,-1,-1,-1,-1,-1,-1,-1,-1,-1,-1,-1,-1,-1,-1,-1,-1,-1,-1,-1,-1,-1,-1,-1,-1,-1,-1,-1,-1,-1,-1,-1,-1,-1,-1,-1,0,0,0,0,0,0,-1,-1,-1,-1,-1,-1,-1,-1,-1,-1,-1,-1,0,0,0,0,0,0,-1,-1,-1,-1,-1,-1,-1,-1,-1,-1,-1,-1,-1,-1,False,False,0,0,False,209,0,0,0,0,0,0,0,0,0,0,0,0,0,0,0,1,
0,4873,2026-02-16 16:46:40Z,LLM_Empathetic,6.931584,7.222548,6.640619,0.6119961,0,1.602313,0,0,0,0,0,0,5.500309,4.351778,6.648852,0.592854,0.702737,0.482971,7.399073,6.222438,8.575707,0.5865067,0,2.108907,7.204123,6.108173,8.300075,9.870646,10,9.530852,6.931584,7.222548,6.640619,0.6119961,0,1.602313,0,0,0,0,0,0,5.500309,4.351778,6.648852,0.592854,0.702737,0.482971,7.399073,6.222438,8.575707,0.5865067,0,2.108907,7.204123,6.108173,8.300075,9.870646,10,9.530852,-1,-1,-1,-1,-1,-1,-1,-1,-1,-1,-1,-1,-1,-1,-1,-1,-1,-1,-1,-1,-1,-1,-1,-1,-1,-1,-1,-1,-1,-1,-1,-1,-1,-1,-1,-1,-1,-1,-1,-1,-1,-1,-1,-1,-1,-1,-1,-1,-1,-1,0,0,0,0,0,0,-1,-1,-1,-1,-1,-1,-1,-1,-1,-1,-1,-1,0,0,0,0,0,0,-1,-1,-1,-1,-1,-1,-1,-1,-1,-1,-1,-1,-1,-1,False,False,0,0,False,209,0,0,0,0,0,0,0,0,0,0,0,0,0,0,0,1,
0,4874,2026-02-16 16:46:40Z,LLM_Empathetic,6.931581,7.222548,6.640616,0.6119994,0,1.602315,0,0,0,0,0,0,5.500307,4.351777,6.648848,0.592854,0.702737,0.482971,7.399072,6.222439,8.575705,0.5865088,0,2.108909,7.20412,6.108171,8.30007,9.870639,10,9.530844,6.931581,7.222548,6.640616,0.6119994,0,1.602315,0,0,0,0,0,0,5.500307,4.351777,6.648848,0.592854,0.702737,0.482971,7.399072,6.222439,8.575705,0.5865088,0,2.108909,7.20412,6.108171,8.30007,9.870639,10,9.530844,-1,-1,-1,-1,-1,-1,-1,-1,-1,-1,-1,-1,-1,-1,-1,-1,-1,-1,-1,-1,-1,-1,-1,-1,-1,-1,-1,-1,-1,-1,-1,-1,-1,-1,-1,-1,-1,-1,-1,-1,-1,-1,-1,-1,-1,-1,-1,-1,-1,-1,0,0,0,0,0,0,-1,-1,-1,-1,-1,-1,-1,-1,-1,-1,-1,-1,0,0,0,0,0,0,-1,-1,-1,-1,-1,-1,-1,-1,-1,-1,-1,-1,-1,-1,False,False,0,0,False,207,0,0,0,0,0,0,0,0,0,0,0,0,0,0,0,1,
0,4875,2026-02-16 16:46:40Z,LLM_Empathetic,6.93158,7.222547,6.640612,0.6120027,0,1.602316,0,0,0,0,0,0,5.500305,4.351776,6.648844,0.592854,0.702737,0.482971,7.39907,6.22244,8.575702,0.5865109,0,2.108911,7.204117,6.10817,8.300064,9.870632,10,9.530835,6.93158,7.222547,6.640612,0.6120027,0,1.602316,0,0,0,0,0,0,5.500305,4.351776,6.648844,0.592854,0.702737,0.482971,7.39907,6.22244,8.575702,0.5865109,0,2.108911,7.204117,6.10817,8.300064,9.870632,10,9.530835,-1,-1,-1,-1,-1,-1,-1,-1,-1,-1,-1,-1,-1,-1,-1,-1,-1,-1,-1,-1,-1,-1,-1,-1,-1,-1,-1,-1,-1,-1,-1,-1,-1,-1,-1,-1,-1,-1,-1,-1,-1,-1,-1,-1,-1,-1,-1,-1,-1,-1,0,0,0,0,0,0,-1,-1,-1,-1,-1,-1,-1,-1,-1,-1,-1,-1,0,0,0,0,0,0,-1,-1,-1,-1,-1,-1,-1,-1,-1,-1,-1,-1,-1,-1,False,False,0,0,False,209,0,0,0,0,0,0,0,0,0,0,0,0,0,0,0,1,
0,4876,2026-02-16 16:46:40Z,LLM_Empathetic,6.931578,7.222547,6.640609,0.612006,0,1.602318,0,0,0,0,0,0,5.500302,4.351775,6.648839,0.592854,0.702737,0.482971,7.399069,6.22244,8.575699,0.586513,0,2.108913,7.204113,6.108168,8.300059,9.870625,10,9.530827,6.931578,7.222547,6.640609,0.612006,0,1.602318,0,0,0,0,0,0,5.500302,4.351775,6.648839,0.592854,0.702737,0.482971,7.399069,6.22244,8.575699,0.586513,0,2.108913,7.204113,6.108168,8.300059,9.870625,10,9.530827,-1,-1,-1,-1,-1,-1,-1,-1,-1,-1,-1,-1,-1,-1,-1,-1,-1,-1,-1,-1,-1,-1,-1,-1,-1,-1,-1,-1,-1,-1,-1,-1,-1,-1,-1,-1,-1,-1,-1,-1,-1,-1,-1,-1,-1,-1,-1,-1,-1,-1,0,0,0,0,0,0,-1,-1,-1,-1,-1,-1,-1,-1,-1,-1,-1,-1,0,0,0,0,0,0,-1,-1,-1,-1,-1,-1,-1,-1,-1,-1,-1,-1,-1,-1,False,False,0,0,False,209,0,0,0,0,0,0,0,0,0,0,0,0,0,0,0,1,
0,4877,2026-02-16 16:46:40Z,LLM_Empathetic,6.931576,7.222547,6.640605,0.6120093,0,1.60232,0,0,0,0,0,0,5.500299,4.351774,6.648835,0.592854,0.702737,0.482971,7.399068,6.222441,8.575696,0.5865151,0,2.108916,7.20411,6.108166,8.300055,9.870619,10,9.530818,6.931576,7.222547,6.640605,0.6120093,0,1.60232,0,0,0,0,0,0,5.500299,4.351774,6.648835,0.592854,0.702737,0.482971,7.399068,6.222441,8.575696,0.5865151,0,2.108916,7.20411,6.108166,8.300055,9.870619,10,9.530818,-1,-1,-1,-1,-1,-1,-1,-1,-1,-1,-1,-1,-1,-1,-1,-1,-1,-1,-1,-1,-1,-1,-1,-1,-1,-1,-1,-1,-1,-1,-1,-1,-1,-1,-1,-1,-1,-1,-1,-1,-1,-1,-1,-1,-1,-1,-1,-1,-1,-1,0,0,0,0,0,0,-1,-1,-1,-1,-1,-1,-1,-1,-1,-1,-1,-1,0,0,0,0,0,0,-1,-1,-1,-1,-1,-1,-1,-1,-1,-1,-1,-1,-1,-1,False,False,0,0,False,209,0,0,0,0,0,0,0,0,0,0,0,0,0,0,0,1,
0,4878,2026-02-16 16:46:40Z,LLM_Empathetic,6.931574,7.222546,6.640602,0.6120126,0,1.602322,0,0,0,0,0,0,5.500297,4.351773,6.648831,0.592854,0.702737,0.482971,7.399067,6.222441,8.575693,0.5865172,0,2.108918,7.204106,6.108164,8.30005,9.870611,10,9.530808,6.931574,7.222546,6.640602,0.6120126,0,1.602322,0,0,0,0,0,0,5.500297,4.351773,6.648831,0.592854,0.702737,0.482971,7.399067,6.222441,8.575693,0.5865172,0,2.108918,7.204106,6.108164,8.30005,9.870611,10,9.530808,-1,-1,-1,-1,-1,-1,-1,-1,-1,-1,-1,-1,-1,-1,-1,-1,-1,-1,-1,-1,-1,-1,-1,-1,-1,-1,-1,-1,-1,-1,-1,-1,-1,-1,-1,-1,-1,-1,-1,-1,-1,-1,-1,-1,-1,-1,-1,-1,-1,-1,0,0,0,0,0,0,-1,-1,-1,-1,-1,-1,-1,-1,-1,-1,-1,-1,0,0,0,0,0,0,-1,-1,-1,-1,-1,-1,-1,-1,-1,-1,-1,-1,-1,-1,False,False,0,0,False,209,0,0,0,0,0,0,0,0,0,0,0,0,0,0,0,1,
0,4879,2026-02-16 16:46:40Z,LLM_Empathetic,6.931572,7.222546,6.640598,0.6120159,0,1.602324,0,0,0,0,0,0,5.500295,4.351772,6.648827,0.592854,0.702737,0.482971,7.399066,6.222442,8.57569,0.5865194,0,2.10892,7.204103,6.108162,8.300044,9.870605,10,9.5308,6.931572,7.222546,6.640598,0.6120159,0,1.602324,0,0,0,0,0,0,5.500295,4.351772,6.648827,0.592854,0.702737,0.482971,7.399066,6.222442,8.57569,0.5865194,0,2.10892,7.204103,6.108162,8.300044,9.870605,10,9.5308,-1,-1,-1,-1,-1,-1,-1,-1,-1,-1,-1,-1,-1,-1,-1,-1,-1,-1,-1,-1,-1,-1,-1,-1,-1,-1,-1,-1,-1,-1,-1,-1,-1,-1,-1,-1,-1,-1,-1,-1,-1,-1,-1,-1,-1,-1,-1,-1,-1,-1,0,0,0,0,0,0,-1,-1,-1,-1,-1,-1,-1,-1,-1,-1,-1,-1,0,0,0,0,0,0,-1,-1,-1,-1,-1,-1,-1,-1,-1,-1,-1,-1,-1,-1,False,False,0,0,False,209,0,0,0,0,0,0,0,0,0,0,0,0,0,0,0,1,
0,4880,2026-02-16 16:46:40Z,LLM_Empathetic,6.93157,7.222546,6.640594,0.6120192,0,1.602325,0,0,0,0,0,0,5.500292,4.351772,6.648823,0.592854,0.702737,0.482971,7.399065,6.222443,8.575687,0.5865214,0,2.108922,7.204099,6.10816,8.300039,9.870598,10,9.530791,6.93157,7.222546,6.640594,0.6120192,0,1.602325,0,0,0,0,0,0,5.500292,4.351772,6.648823,0.592854,0.702737,0.482971,7.399065,6.222443,8.575687,0.5865214,0,2.108922,7.204099,6.10816,8.300039,9.870598,10,9.530791,-1,-1,-1,-1,-1,-1,-1,-1,-1,-1,-1,-1,-1,-1,-1,-1,-1,-1,-1,-1,-1,-1,-1,-1,-1,-1,-1,-1,-1,-1,-1,-1,-1,-1,-1,-1,-1,-1,-1,-1,-1,-1,-1,-1,-1,-1,-1,-1,-1,-1,0,0,0,0,0,0,-1,-1,-1,-1,-1,-1,-1,-1,-1,-1,-1,-1,0,0,0,0,0,0,-1,-1,-1,-1,-1,-1,-1,-1,-1,-1,-1,-1,-1,-1,False,False,0,0,False,207,0,0,0,0,0,0,0,0,0,0,0,0,0,0,0,1,
0,4881,2026-02-16 16:46:40Z,LLM_Empathetic,6.931568,7.222545,6.640591,0.6120225,0,1.602327,0,0,0,0,0,0,5.500289,4.351771,6.648818,0.592854,0.702737,0.482971,7.399064,6.222443,8.575685,0.5865236,0,2.108924,7.204096,6.108159,8.300035,9.870591,10,9.530783,6.931568,7.222545,6.640591,0.6120225,0,1.602327,0,0,0,0,0,0,5.500289,4.351771,6.648818,0.592854,0.702737,0.482971,7.399064,6.222443,8.575685,0.5865236,0,2.108924,7.204096,6.108159,8.300035,9.870591,10,9.530783,-1,-1,-1,-1,-1,-1,-1,-1,-1,-1,-1,-1,-1,-1,-1,-1,-1,-1,-1,-1,-1,-1,-1,-1,-1,-1,-1,-1,-1,-1,-1,-1,-1,-1,-1,-1,-1,-1,-1,-1,-1,-1,-1,-1,-1,-1,-1,-1,-1,-1,0,0,0,0,0,0,-1,-1,-1,-1,-1,-1,-1,-1,-1,-1,-1,-1,0,0,0,0,0,0,-1,-1,-1,-1,-1,-1,-1,-1,-1,-1,-1,-1,-1,-1,False,False,0,0,False,209,0,0,0,0,0,0,0,0,0,0,0,0,0,0,0,1,
0,4882,2026-02-16 16:46:40Z,LLM_Empathetic,6.931566,7.222545,6.640587,0.6120258,0,1.602329,0,0,0,0,0,0,5.500287,4.35177,6.648814,0.592854,0.702737,0.482971,7.399063,6.222444,8.575682,0.5865257,0,2.108926,7.204093,6.108157,8.300029,9.870584,10,9.530774,6.931566,7.222545,6.640587,0.6120258,0,1.602329,0,0,0,0,0,0,5.500287,4.35177,6.648814,0.592854,0.702737,0.482971,7.399063,6.222444,8.575682,0.5865257,0,2.108926,7.204093,6.108157,8.300029,9.870584,10,9.530774,-1,-1,-1,-1,-1,-1,-1,-1,-1,-1,-1,-1,-1,-1,-1,-1,-1,-1,-1,-1,-1,-1,-1,-1,-1,-1,-1,-1,-1,-1,-1,-1,-1,-1,-1,-1,-1,-1,-1,-1,-1,-1,-1,-1,-1,-1,-1,-1,-1,-1,0,0,0,0,0,0,-1,-1,-1,-1,-1,-1,-1,-1,-1,-1,-1,-1,0,0,0,0,0,0,-1,-1,-1,-1,-1,-1,-1,-1,-1,-1,-1,-1,-1,-1,False,False,0,0,False,207,0,0,0,0,0,0,0,0,0,0,0,0,0,0,0,1,
0,4883,2026-02-16 16:46:40Z,LLM_Empathetic,6.931564,7.222544,6.640584,0.6120291,0,1.602331,0,0,0,0,0,0,5.500285,4.351769,6.64881,0.592854,0.702737,0.482971,7.399061,6.222445,8.575679,0.5865278,0,2.108928,7.204089,6.108155,8.300024,9.870577,10,9.530766,6.931564,7.222544,6.640584,0.6120291,0,1.602331,0,0,0,0,0,0,5.500285,4.351769,6.64881,0.592854,0.702737,0.482971,7.399061,6.222445,8.575679,0.5865278,0,2.108928,7.204089,6.108155,8.300024,9.870577,10,9.530766,-1,-1,-1,-1,-1,-1,-1,-1,-1,-1,-1,-1,-1,-1,-1,-1,-1,-1,-1,-1,-1,-1,-1,-1,-1,-1,-1,-1,-1,-1,-1,-1,-1,-1,-1,-1,-1,-1,-1,-1,-1,-1,-1,-1,-1,-1,-1,-1,-1,-1,0,0,0,0,0,0,-1,-1,-1,-1,-1,-1,-1,-1,-1,-1,-1,-1,0,0,0,0,0,0,-1,-1,-1,-1,-1,-1,-1,-1,-1,-1,-1,-1,-1,-1,False,False,0,0,False,207,0,0,0,0,0,0,0,0,0,0,0,0,0,0,0,1,
0,4884,2026-02-16 16:46:40Z,LLM_Empathetic,6.931561,7.222544,6.640577,0.6120358,0,1.602335,0,0,0,0,0,0,5.500279,4.351768,6.648802,0.592854,0.702737,0.482971,7.399059,6.222445,8.575673,0.5865321,0,2.108932,7.204082,6.108151,8.300014,9.870564,10,9.530748,6.931561,7.222544,6.640577,0.6120358,0,1.602335,0,0,0,0,0,0,5.500279,4.351768,6.648802,0.592854,0.702737,0.482971,7.399059,6.222445,8.575673,0.5865321,0,2.108932,7.204082,6.108151,8.300014,9.870564,10,9.530748,-1,-1,-1,-1,-1,-1,-1,-1,-1,-1,-1,-1,-1,-1,-1,-1,-1,-1,-1,-1,-1,-1,-1,-1,-1,-1,-1,-1,-1,-1,-1,-1,-1,-1,-1,-1,-1,-1,-1,-1,-1,-1,-1,-1,-1,-1,-1,-1,-1,-1,0,0,0,0,0,0,-1,-1,-1,-1,-1,-1,-1,-1,-1,-1,-1,-1,0,0,0,0,0,0,-1,-1,-1,-1,-1,-1,-1,-1,-1,-1,-1,-1,-1,-1,False,False,0,0,False,209,0,0,0,0,0,0,0,0,0,0,0,0,0,0,0,1,
0,4885,2026-02-16 16:46:40Z,LLM_Empathetic,6.931561,7.222544,6.640577,0.6120358,0,1.602335,0,0,0,0,0,0,5.500279,4.351768,6.648802,0.592854,0.702737,0.482971,7.399059,6.222445,8.575673,0.5865321,0,2.108932,7.204082,6.108151,8.300014,9.870564,10,9.530748,6.931561,7.222544,6.640577,0.6120358,0,1.602335,0,0,0,0,0,0,5.500279,4.351768,6.648802,0.592854,0.702737,0.482971,7.399059,6.222445,8.575673,0.5865321,0,2.108932,7.204082,6.108151,8.300014,9.870564,10,9.530748,-1,-1,-1,-1,-1,-1,-1,-1,-1,-1,-1,-1,-1,-1,-1,-1,-1,-1,-1,-1,-1,-1,-1,-1,-1,-1,-1,-1,-1,-1,-1,-1,-1,-1,-1,-1,-1,-1,-1,-1,-1,-1,-1,-1,-1,-1,-1,-1,-1,-1,0,0,0,0,0,0,-1,-1,-1,-1,-1,-1,-1,-1,-1,-1,-1,-1,0,0,0,0,0,0,-1,-1,-1,-1,-1,-1,-1,-1,-1,-1,-1,-1,-1,-1,False,False,0,0,False,207,0,0,0,0,0,0,0,0,0,0,0,0,0,0,0,1,
0,4886,2026-02-16 16:46:40Z,LLM_Empathetic,6.931556,7.222543,6.64057,0.6120424,0,1.602338,0,0,0,0,0,0,5.500275,4.351766,6.648794,0.592854,0.702737,0.482971,7.399057,6.222446,8.575667,0.5865363,0,2.108937,7.204075,6.108147,8.300004,9.870549,10,9.53073,6.931556,7.222543,6.64057,0.6120424,0,1.602338,0,0,0,0,0,0,5.500275,4.351766,6.648794,0.592854,0.702737,0.482971,7.399057,6.222446,8.575667,0.5865363,0,2.108937,7.204075,6.108147,8.300004,9.870549,10,9.53073,-1,-1,-1,-1,-1,-1,-1,-1,-1,-1,-1,-1,-1,-1,-1,-1,-1,-1,-1,-1,-1,-1,-1,-1,-1,-1,-1,-1,-1,-1,-1,-1,-1,-1,-1,-1,-1,-1,-1,-1,-1,-1,-1,-1,-1,-1,-1,-1,-1,-1,0,0,0,0,0,0,-1,-1,-1,-1,-1,-1,-1,-1,-1,-1,-1,-1,0,0,0,0,0,0,-1,-1,-1,-1,-1,-1,-1,-1,-1,-1,-1,-1,-1,-1,False,False,0,0,False,207,0,0,0,0,0,0,0,0,0,0,0,0,0,0,0,1,
0,4887,2026-02-16 16:46:40Z,LLM_Empathetic,6.931554,7.222543,6.640566,0.6120456,0,1.60234,0,0,0,0,0,0,5.500272,4.351765,6.648789,0.592854,0.702737,0.482971,7.399055,6.222447,8.575665,0.5865384,0,2.108939,7.204072,6.108145,8.299998,9.870543,10,9.530722,6.931554,7.222543,6.640566,0.6120456,0,1.60234,0,0,0,0,0,0,5.500272,4.351765,6.648789,0.592854,0.702737,0.482971,7.399055,6.222447,8.575665,0.5865384,0,2.108939,7.204072,6.108145,8.299998,9.870543,10,9.530722,-1,-1,-1,-1,-1,-1,-1,-1,-1,-1,-1,-1,-1,-1,-1,-1,-1,-1,-1,-1,-1,-1,-1,-1,-1,-1,-1,-1,-1,-1,-1,-1,-1,-1,-1,-1,-1,-1,-1,-1,-1,-1,-1,-1,-1,-1,-1,-1,-1,-1,0,0,0,0,0,0,-1,-1,-1,-1,-1,-1,-1,-1,-1,-1,-1,-1,0,0,0,0,0,0,-1,-1,-1,-1,-1,-1,-1,-1,-1,-1,-1,-1,-1,-1,False,False,0,0,False,209,0,0,0,0,0,0,0,0,0,0,0,0,0,0,0,1,
0,4888,2026-02-16 16:46:40Z,LLM_Empathetic,6.931552,7.222542,6.640563,0.612049,0,1.602342,0,0,0,0,0,0,5.500269,4.351764,6.648785,0.592854,0.702737,0.482971,7.399055,6.222448,8.575662,0.5865405,0,2.108941,7.204068,6.108143,8.299994,9.870535,10,9.530713,6.931552,7.222542,6.640563,0.612049,0,1.602342,0,0,0,0,0,0,5.500269,4.351764,6.648785,0.592854,0.702737,0.482971,7.399055,6.222448,8.575662,0.5865405,0,2.108941,7.204068,6.108143,8.299994,9.870535,10,9.530713,-1,-1,-1,-1,-1,-1,-1,-1,-1,-1,-1,-1,-1,-1,-1,-1,-1,-1,-1,-1,-1,-1,-1,-1,-1,-1,-1,-1,-1,-1,-1,-1,-1,-1,-1,-1,-1,-1,-1,-1,-1,-1,-1,-1,-1,-1,-1,-1,-1,-1,0,0,0,0,0,0,-1,-1,-1,-1,-1,-1,-1,-1,-1,-1,-1,-1,0,0,0,0,0,0,-1,-1,-1,-1,-1,-1,-1,-1,-1,-1,-1,-1,-1,-1,False,False,0,0,False,209,0,0,0,0,0,0,0,0,0,0,0,0,0,0,0,1,
0,4889,2026-02-16 16:46:40Z,LLM_Empathetic,6.931551,7.222542,6.640559,0.6120523,0,1.602344,0,0,0,0,0,0,5.500267,4.351763,6.648781,0.592854,0.702737,0.482971,7.399054,6.222448,8.575659,0.5865427,0,2.108943,7.204064,6.108141,8.299989,9.870528,10,9.530704,6.931551,7.222542,6.640559,0.6120523,0,1.602344,0,0,0,0,0,0,5.500267,4.351763,6.648781,0.592854,0.702737,0.482971,7.399054,6.222448,8.575659,0.5865427,0,2.108943,7.204064,6.108141,8.299989,9.870528,10,9.530704,-1,-1,-1,-1,-1,-1,-1,-1,-1,-1,-1,-1,-1,-1,-1,-1,-1,-1,-1,-1,-1,-1,-1,-1,-1,-1,-1,-1,-1,-1,-1,-1,-1,-1,-1,-1,-1,-1,-1,-1,-1,-1,-1,-1,-1,-1,-1,-1,-1,-1,0,0,0,0,0,0,-1,-1,-1,-1,-1,-1,-1,-1,-1,-1,-1,-1,0,0,0,0,0,0,-1,-1,-1,-1,-1,-1,-1,-1,-1,-1,-1,-1,-1,-1,False,False,0,0,False,207,0,0,0,0,0,0,0,0,0,0,0,0,0,0,0,1,
0,4890,2026-02-16 16:46:40Z,LLM_Empathetic,6.931549,7.222542,6.640555,0.6120556,0,1.602345,0,0,0,0,0,0,5.500265,4.351762,6.648777,0.592854,0.702737,0.482971,7.399052,6.222449,8.575656,0.5865448,0,2.108945,7.204061,6.10814,8.299983,9.870522,10,9.530696,6.931549,7.222542,6.640555,0.6120556,0,1.602345,0,0,0,0,0,0,5.500265,4.351762,6.648777,0.592854,0.702737,0.482971,7.399052,6.222449,8.575656,0.5865448,0,2.108945,7.204061,6.10814,8.299983,9.870522,10,9.530696,-1,-1,-1,-1,-1,-1,-1,-1,-1,-1,-1,-1,-1,-1,-1,-1,-1,-1,-1,-1,-1,-1,-1,-1,-1,-1,-1,-1,-1,-1,-1,-1,-1,-1,-1,-1,-1,-1,-1,-1,-1,-1,-1,-1,-1,-1,-1,-1,-1,-1,0,0,0,0,0,0,-1,-1,-1,-1,-1,-1,-1,-1,-1,-1,-1,-1,0,0,0,0,0,0,-1,-1,-1,-1,-1,-1,-1,-1,-1,-1,-1,-1,-1,-1,False,False,0,0,False,209,0,0,0,0,0,0,0,0,0,0,0,0,0,0,0,1,
0,4891,2026-02-16 16:46:40Z,LLM_Empathetic,6.931547,7.222541,6.640552,0.6120589,0,1.602347,0,0,0,0,0,0,5.500262,4.351762,6.648773,0.592854,0.702737,0.482971,7.399051,6.22245,8.575653,0.5865469,0,2.108947,7.204058,6.108138,8.299978,9.870514,10,9.530686,6.931547,7.222541,6.640552,0.6120589,0,1.602347,0,0,0,0,0,0,5.500262,4.351762,6.648773,0.592854,0.702737,0.482971,7.399051,6.22245,8.575653,0.5865469,0,2.108947,7.204058,6.108138,8.299978,9.870514,10,9.530686,-1,-1,-1,-1,-1,-1,-1,-1,-1,-1,-1,-1,-1,-1,-1,-1,-1,-1,-1,-1,-1,-1,-1,-1,-1,-1,-1,-1,-1,-1,-1,-1,-1,-1,-1,-1,-1,-1,-1,-1,-1,-1,-1,-1,-1,-1,-1,-1,-1,-1,0,0,0,0,0,0,-1,-1,-1,-1,-1,-1,-1,-1,-1,-1,-1,-1,0,0,0,0,0,0,-1,-1,-1,-1,-1,-1,-1,-1,-1,-1,-1,-1,-1,-1,False,False,0,0,False,207,0,0,0,0,0,0,0,0,0,0,0,0,0,0,0,1,
0,4892,2026-02-16 16:46:41Z,LLM_Empathetic,6.931545,7.222541,6.640549,0.6120622,0,1.602349,0,0,0,0,0,0,5.500259,4.351761,6.648768,0.592854,0.702737,0.482971,7.39905,6.22245,8.57565,0.586549,0,2.108949,7.204054,6.108136,8.299973,9.870507,10,9.530678,6.931545,7.222541,6.640549,0.6120622,0,1.602349,0,0,0,0,0,0,5.500259,4.351761,6.648768,0.592854,0.702737,0.482971,7.39905,6.22245,8.57565,0.586549,0,2.108949,7.204054,6.108136,8.299973,9.870507,10,9.530678,-1,-1,-1,-1,-1,-1,-1,-1,-1,-1,-1,-1,-1,-1,-1,-1,-1,-1,-1,-1,-1,-1,-1,-1,-1,-1,-1,-1,-1,-1,-1,-1,-1,-1,-1,-1,-1,-1,-1,-1,-1,-1,-1,-1,-1,-1,-1,-1,-1,-1,0,0,0,0,0,0,-1,-1,-1,-1,-1,-1,-1,-1,-1,-1,-1,-1,0,0,0,0,0,0,-1,-1,-1,-1,-1,-1,-1,-1,-1,-1,-1,-1,-1,-1,False,False,0,0,False,207,0,0,0,0,0,0,0,0,0,0,0,0,0,0,0,1,
0,4893,2026-02-16 16:46:41Z,LLM_Empathetic,6.931543,7.22254,6.640545,0.6120656,0,1.602351,0,0,0,0,0,0,5.500257,4.35176,6.648764,0.592854,0.702737,0.482971,7.399049,6.222451,8.575647,0.5865511,0,2.108952,7.204051,6.108134,8.299968,9.870501,10,9.530669,6.931543,7.22254,6.640545,0.6120656,0,1.602351,0,0,0,0,0,0,5.500257,4.35176,6.648764,0.592854,0.702737,0.482971,7.399049,6.222451,8.575647,0.5865511,0,2.108952,7.204051,6.108134,8.299968,9.870501,10,9.530669,-1,-1,-1,-1,-1,-1,-1,-1,-1,-1,-1,-1,-1,-1,-1,-1,-1,-1,-1,-1,-1,-1,-1,-1,-1,-1,-1,-1,-1,-1,-1,-1,-1,-1,-1,-1,-1,-1,-1,-1,-1,-1,-1,-1,-1,-1,-1,-1,-1,-1,0,0,0,0,0,0,-1,-1,-1,-1,-1,-1,-1,-1,-1,-1,-1,-1,0,0,0,0,0,0,-1,-1,-1,-1,-1,-1,-1,-1,-1,-1,-1,-1,-1,-1,False,False,0,0,False,209,0,0,0,0,0,0,0,0,0,0,0,0,0,0,0,1,
0,4894,2026-02-16 16:46:41Z,LLM_Empathetic,6.931539,7.22254,6.640538,0.6120722,0,1.602355,0,0,0,0,0,0,5.500252,4.351758,6.648756,0.592854,0.702737,0.482971,7.399046,6.222452,8.575642,0.5865554,0,2.108956,7.204044,6.10813,8.299958,9.870486,10,9.530652,6.931539,7.22254,6.640538,0.6120722,0,1.602355,0,0,0,0,0,0,5.500252,4.351758,6.648756,0.592854,0.702737,0.482971,7.399046,6.222452,8.575642,0.5865554,0,2.108956,7.204044,6.10813,8.299958,9.870486,10,9.530652,-1,-1,-1,-1,-1,-1,-1,-1,-1,-1,-1,-1,-1,-1,-1,-1,-1,-1,-1,-1,-1,-1,-1,-1,-1,-1,-1,-1,-1,-1,-1,-1,-1,-1,-1,-1,-1,-1,-1,-1,-1,-1,-1,-1,-1,-1,-1,-1,-1,-1,0,0,0,0,0,0,-1,-1,-1,-1,-1,-1,-1,-1,-1,-1,-1,-1,0,0,0,0,0,0,-1,-1,-1,-1,-1,-1,-1,-1,-1,-1,-1,-1,-1,-1,False,False,0,0,False,207,0,0,0,0,0,0,0,0,0,0,0,0,0,0,0,1,
0,4895,2026-02-16 16:46:41Z,LLM_Empathetic,6.931537,7.222539,6.640534,0.6120755,0,1.602357,0,0,0,0,0,0,5.500249,4.351758,6.648752,0.592854,0.702737,0.482971,7.399045,6.222453,8.575639,0.5865575,0,2.108958,7.20404,6.108129,8.299953,9.87048,10,9.530643,6.931537,7.222539,6.640534,0.6120755,0,1.602357,0,0,0,0,0,0,5.500249,4.351758,6.648752,0.592854,0.702737,0.482971,7.399045,6.222453,8.575639,0.5865575,0,2.108958,7.20404,6.108129,8.299953,9.87048,10,9.530643,-1,-1,-1,-1,-1,-1,-1,-1,-1,-1,-1,-1,-1,-1,-1,-1,-1,-1,-1,-1,-1,-1,-1,-1,-1,-1,-1,-1,-1,-1,-1,-1,-1,-1,-1,-1,-1,-1,-1,-1,-1,-1,-1,-1,-1,-1,-1,-1,-1,-1,0,0,0,0,0,0,-1,-1,-1,-1,-1,-1,-1,-1,-1,-1,-1,-1,0,0,0,0,0,0,-1,-1,-1,-1,-1,-1,-1,-1,-1,-1,-1,-1,-1,-1,False,False,0,0,False,209,0,0,0,0,0,0,0,0,0,0,0,0,0,0,0,1,
0,4896,2026-02-16 16:46:41Z,LLM_Empathetic,6.931535,7.222539,6.640531,0.6120788,0,1.602358,0,0,0,0,0,0,5.500247,4.351757,6.648747,0.592854,0.702737,0.482971,7.399044,6.222453,8.575636,0.5865597,0,2.10896,7.204037,6.108127,8.299948,9.870473,10,9.530634,6.931535,7.222539,6.640531,0.6120788,0,1.602358,0,0,0,0,0,0,5.500247,4.351757,6.648747,0.592854,0.702737,0.482971,7.399044,6.222453,8.575636,0.5865597,0,2.10896,7.204037,6.108127,8.299948,9.870473,10,9.530634,-1,-1,-1,-1,-1,-1,-1,-1,-1,-1,-1,-1,-1,-1,-1,-1,-1,-1,-1,-1,-1,-1,-1,-1,-1,-1,-1,-1,-1,-1,-1,-1,-1,-1,-1,-1,-1,-1,-1,-1,-1,-1,-1,-1,-1,-1,-1,-1,-1,-1,0,0,0,0,0,0,-1,-1,-1,-1,-1,-1,-1,-1,-1,-1,-1,-1,0,0,0,0,0,0,-1,-1,-1,-1,-1,-1,-1,-1,-1,-1,-1,-1,-1,-1,False,False,0,0,False,207,0,0,0,0,0,0,0,0,0,0,0,0,0,0,0,1,
0,4897,2026-02-16 16:46:41Z,LLM_Empathetic,6.931533,7.222539,6.640527,0.6120822,0,1.60236,0,0,0,0,0,0,5.500244,4.351756,6.648743,0.592854,0.702737,0.482971,7.399043,6.222454,8.575633,0.5865618,0,2.108962,7.204033,6.108125,8.299943,9.870465,10,9.530625,6.931533,7.222539,6.640527,0.6120822,0,1.60236,0,0,0,0,0,0,5.500244,4.351756,6.648743,0.592854,0.702737,0.482971,7.399043,6.222454,8.575633,0.5865618,0,2.108962,7.204033,6.108125,8.299943,9.870465,10,9.530625,-1,-1,-1,-1,-1,-1,-1,-1,-1,-1,-1,-1,-1,-1,-1,-1,-1,-1,-1,-1,-1,-1,-1,-1,-1,-1,-1,-1,-1,-1,-1,-1,-1,-1,-1,-1,-1,-1,-1,-1,-1,-1,-1,-1,-1,-1,-1,-1,-1,-1,0,0,0,0,0,0,-1,-1,-1,-1,-1,-1,-1,-1,-1,-1,-1,-1,0,0,0,0,0,0,-1,-1,-1,-1,-1,-1,-1,-1,-1,-1,-1,-1,-1,-1,False,False,0,0,False,209,0,0,0,0,0,0,0,0,0,0,0,0,0,0,0,1,
0,4898,2026-02-16 16:46:41Z,LLM_Empathetic,6.931531,7.222538,6.640523,0.6120855,0,1.602362,0,0,0,0,0,0,5.500242,4.351755,6.648739,0.592854,0.702737,0.482971,7.399042,6.222455,8.57563,0.5865639,0,2.108964,7.20403,6.108123,8.299937,9.870459,10,9.530617,6.931531,7.222538,6.640523,0.6120855,0,1.602362,0,0,0,0,0,0,5.500242,4.351755,6.648739,0.592854,0.702737,0.482971,7.399042,6.222455,8.57563,0.5865639,0,2.108964,7.20403,6.108123,8.299937,9.870459,10,9.530617,-1,-1,-1,-1,-1,-1,-1,-1,-1,-1,-1,-1,-1,-1,-1,-1,-1,-1,-1,-1,-1,-1,-1,-1,-1,-1,-1,-1,-1,-1,-1,-1,-1,-1,-1,-1,-1,-1,-1,-1,-1,-1,-1,-1,-1,-1,-1,-1,-1,-1,0,0,0,0,0,0,-1,-1,-1,-1,-1,-1,-1,-1,-1,-1,-1,-1,0,0,0,0,0,0,-1,-1,-1,-1,-1,-1,-1,-1,-1,-1,-1,-1,-1,-1,False,False,0,0,False,209,0,0,0,0,0,0,0,0,0,0,0,0,0,0,0,1,
0,4899,2026-02-16 16:46:41Z,LLM_Empathetic,6.931529,7.222538,6.64052,0.6120889,0,1.602364,0,0,0,0,0,0,5.500239,4.351754,6.648735,0.592854,0.702737,0.482971,7.399041,6.222455,8.575627,0.5865661,0,2.108966,7.204026,6.108121,8.299932,9.870452,10,9.530608,6.931529,7.222538,6.64052,0.6120889,0,1.602364,0,0,0,0,0,0,5.500239,4.351754,6.648735,0.592854,0.702737,0.482971,7.399041,6.222455,8.575627,0.5865661,0,2.108966,7.204026,6.108121,8.299932,9.870452,10,9.530608,-1,-1,-1,-1,-1,-1,-1,-1,-1,-1,-1,-1,-1,-1,-1,-1,-1,-1,-1,-1,-1,-1,-1,-1,-1,-1,-1,-1,-1,-1,-1,-1,-1,-1,-1,-1,-1,-1,-1,-1,-1,-1,-1,-1,-1,-1,-1,-1,-1,-1,0,0,0,0,0,0,-1,-1,-1,-1,-1,-1,-1,-1,-1,-1,-1,-1,0,0,0,0,0,0,-1,-1,-1,-1,-1,-1,-1,-1,-1,-1,-1,-1,-1,-1,False,False,0,0,False,207,0,0,0,0,0,0,0,0,0,0,0,0,0,0,0,1,
0,4900,2026-02-16 16:46:41Z,LLM_Empathetic,6.931527,7.222538,6.640516,0.6120922,0,1.602366,0,0,0,0,0,0,5.500237,4.351753,6.648731,0.592854,0.702737,0.482971,7.39904,6.222456,8.575624,0.5865682,0,2.108968,7.204023,6.108119,8.299928,9.870444,10,9.5306,6.931527,7.222538,6.640516,0.6120922,0,1.602366,0,0,0,0,0,0,5.500237,4.351753,6.648731,0.592854,0.702737,0.482971,7.39904,6.222456,8.575624,0.5865682,0,2.108968,7.204023,6.108119,8.299928,9.870444,10,9.5306,-1,-1,-1,-1,-1,-1,-1,-1,-1,-1,-1,-1,-1,-1,-1,-1,-1,-1,-1,-1,-1,-1,-1,-1,-1,-1,-1,-1,-1,-1,-1,-1,-1,-1,-1,-1,-1,-1,-1,-1,-1,-1,-1,-1,-1,-1,-1,-1,-1,-1,0,0,0,0,0,0,-1,-1,-1,-1,-1,-1,-1,-1,-1,-1,-1,-1,0,0,0,0,0,0,-1,-1,-1,-1,-1,-1,-1,-1,-1,-1,-1,-1,-1,-1,False,False,0,0,False,209,0,0,0,0,0,0,0,0,0,0,0,0,0,0,0,1,
0,4901,2026-02-16 16:46:41Z,LLM_Empathetic,6.931525,7.222538,6.640513,0.6120955,0,1.602368,0,0,0,0,0,0,5.500234,4.351752,6.648726,0.592854,0.702737,0.482971,7.399038,6.222456,8.575622,0.5865703,0,2.108971,7.204019,6.108117,8.299922,9.870438,10,9.53059,6.931525,7.222538,6.640513,0.6120955,0,1.602368,0,0,0,0,0,0,5.500234,4.351752,6.648726,0.592854,0.702737,0.482971,7.399038,6.222456,8.575622,0.5865703,0,2.108971,7.204019,6.108117,8.299922,9.870438,10,9.53059,-1,-1,-1,-1,-1,-1,-1,-1,-1,-1,-1,-1,-1,-1,-1,-1,-1,-1,-1,-1,-1,-1,-1,-1,-1,-1,-1,-1,-1,-1,-1,-1,-1,-1,-1,-1,-1,-1,-1,-1,-1,-1,-1,-1,-1,-1,-1,-1,-1,-1,0,0,0,0,0,0,-1,-1,-1,-1,-1,-1,-1,-1,-1,-1,-1,-1,0,0,0,0,0,0,-1,-1,-1,-1,-1,-1,-1,-1,-1,-1,-1,-1,-1,-1,False,False,0,0,False,209,0,0,0,0,0,0,0,0,0,0,0,0,0,0,0,1,
0,4902,2026-02-16 16:46:41Z,LLM_Empathetic,6.931521,7.222537,6.640506,0.6121022,0,1.602371,0,0,0,0,0,0,5.500229,4.351751,6.648718,0.592854,0.702737,0.482971,7.399036,6.222457,8.575615,0.5865746,0,2.108975,7.204012,6.108113,8.299912,9.870423,10,9.530573,6.931521,7.222537,6.640506,0.6121022,0,1.602371,0,0,0,0,0,0,5.500229,4.351751,6.648718,0.592854,0.702737,0.482971,7.399036,6.222457,8.575615,0.5865746,0,2.108975,7.204012,6.108113,8.299912,9.870423,10,9.530573,-1,-1,-1,-1,-1,-1,-1,-1,-1,-1,-1,-1,-1,-1,-1,-1,-1,-1,-1,-1,-1,-1,-1,-1,-1,-1,-1,-1,-1,-1,-1,-1,-1,-1,-1,-1,-1,-1,-1,-1,-1,-1,-1,-1,-1,-1,-1,-1,-1,-1,0,0,0,0,0,0,-1,-1,-1,-1,-1,-1,-1,-1,-1,-1,-1,-1,0,0,0,0,0,0,-1,-1,-1,-1,-1,-1,-1,-1,-1,-1,-1,-1,-1,-1,False,False,0,0,False,209,0,0,0,0,0,0,0,0,0,0,0,0,0,0,0,1,
0,4903,2026-02-16 16:46:41Z,LLM_Empathetic,6.931519,7.222536,6.640502,0.6121055,0,1.602373,0,0,0,0,0,0,5.500226,4.35175,6.648714,0.592854,0.702737,0.482971,7.399035,6.222458,8.575612,0.5865768,0,2.108977,7.204009,6.108111,8.299907,9.870417,10,9.530564,6.931519,7.222536,6.640502,0.6121055,0,1.602373,0,0,0,0,0,0,5.500226,4.35175,6.648714,0.592854,0.702737,0.482971,7.399035,6.222458,8.575612,0.5865768,0,2.108977,7.204009,6.108111,8.299907,9.870417,10,9.530564,-1,-1,-1,-1,-1,-1,-1,-1,-1,-1,-1,-1,-1,-1,-1,-1,-1,-1,-1,-1,-1,-1,-1,-1,-1,-1,-1,-1,-1,-1,-1,-1,-1,-1,-1,-1,-1,-1,-1,-1,-1,-1,-1,-1,-1,-1,-1,-1,-1,-1,0,0,0,0,0,0,-1,-1,-1,-1,-1,-1,-1,-1,-1,-1,-1,-1,0,0,0,0,0,0,-1,-1,-1,-1,-1,-1,-1,-1,-1,-1,-1,-1,-1,-1,False,False,0,0,False,209,0,0,0,0,0,0,0,0,0,0,0,0,0,0,0,1,
0,4904,2026-02-16 16:46:41Z,LLM_Empathetic,6.931517,7.222536,6.640499,0.6121089,0,1.602375,0,0,0,0,0,0,5.500224,4.351749,6.648709,0.592854,0.702737,0.482971,7.399034,6.222458,8.575609,0.5865789,0,2.108979,7.204005,6.108109,8.299902,9.87041,10,9.530556,6.931517,7.222536,6.640499,0.6121089,0,1.602375,0,0,0,0,0,0,5.500224,4.351749,6.648709,0.592854,0.702737,0.482971,7.399034,6.222458,8.575609,0.5865789,0,2.108979,7.204005,6.108109,8.299902,9.87041,10,9.530556,-1,-1,-1,-1,-1,-1,-1,-1,-1,-1,-1,-1,-1,-1,-1,-1,-1,-1,-1,-1,-1,-1,-1,-1,-1,-1,-1,-1,-1,-1,-1,-1,-1,-1,-1,-1,-1,-1,-1,-1,-1,-1,-1,-1,-1,-1,-1,-1,-1,-1,0,0,0,0,0,0,-1,-1,-1,-1,-1,-1,-1,-1,-1,-1,-1,-1,0,0,0,0,0,0,-1,-1,-1,-1,-1,-1,-1,-1,-1,-1,-1,-1,-1,-1,False,False,0,0,False,207,0,0,0,0,0,0,0,0,0,0,0,0,0,0,0,1,
0,4905,2026-02-16 16:46:41Z,LLM_Empathetic,6.931515,7.222536,6.640495,0.6121122,0,1.602377,0,0,0,0,0,0,5.500222,4.351748,6.648705,0.592854,0.702737,0.482971,7.399033,6.222459,8.575606,0.5865811,0,2.108981,7.204001,6.108108,8.299896,9.870402,10,9.530546,6.931515,7.222536,6.640495,0.6121122,0,1.602377,0,0,0,0,0,0,5.500222,4.351748,6.648705,0.592854,0.702737,0.482971,7.399033,6.222459,8.575606,0.5865811,0,2.108981,7.204001,6.108108,8.299896,9.870402,10,9.530546,-1,-1,-1,-1,-1,-1,-1,-1,-1,-1,-1,-1,-1,-1,-1,-1,-1,-1,-1,-1,-1,-1,-1,-1,-1,-1,-1,-1,-1,-1,-1,-1,-1,-1,-1,-1,-1,-1,-1,-1,-1,-1,-1,-1,-1,-1,-1,-1,-1,-1,0,0,0,0,0,0,-1,-1,-1,-1,-1,-1,-1,-1,-1,-1,-1,-1,0,0,0,0,0,0,-1,-1,-1,-1,-1,-1,-1,-1,-1,-1,-1,-1,-1,-1,False,False,0,0,False,207,0,0,0,0,0,0,0,0,0,0,0,0,0,0,0,1,
0,4906,2026-02-16 16:46:41Z,LLM_Empathetic,6.931513,7.222535,6.640491,0.6121156,0,1.602379,0,0,0,0,0,0,5.500219,4.351748,6.648701,0.592854,0.702737,0.482971,7.399032,6.22246,8.575603,0.5865832,0,2.108984,7.203998,6.108106,8.299891,9.870396,10,9.530538,6.931513,7.222535,6.640491,0.6121156,0,1.602379,0,0,0,0,0,0,5.500219,4.351748,6.648701,0.592854,0.702737,0.482971,7.399032,6.22246,8.575603,0.5865832,0,2.108984,7.203998,6.108106,8.299891,9.870396,10,9.530538,-1,-1,-1,-1,-1,-1,-1,-1,-1,-1,-1,-1,-1,-1,-1,-1,-1,-1,-1,-1,-1,-1,-1,-1,-1,-1,-1,-1,-1,-1,-1,-1,-1,-1,-1,-1,-1,-1,-1,-1,-1,-1,-1,-1,-1,-1,-1,-1,-1,-1,0,0,0,0,0,0,-1,-1,-1,-1,-1,-1,-1,-1,-1,-1,-1,-1,0,0,0,0,0,0,-1,-1,-1,-1,-1,-1,-1,-1,-1,-1,-1,-1,-1,-1,False,False,0,0,False,207,0,0,0,0,0,0,0,0,0,0,0,0,0,0,0,1,
0,4907,2026-02-16 16:46:41Z,LLM_Empathetic,6.931511,7.222535,6.640488,0.6121189,0,1.60238,0,0,0,0,0,0,5.500216,4.351747,6.648697,0.592854,0.702737,0.482971,7.39903,6.22246,8.575601,0.5865853,0,2.108986,7.203995,6.108104,8.299887,9.870388,10,9.530529,6.931511,7.222535,6.640488,0.6121189,0,1.60238,0,0,0,0,0,0,5.500216,4.351747,6.648697,0.592854,0.702737,0.482971,7.39903,6.22246,8.575601,0.5865853,0,2.108986,7.203995,6.108104,8.299887,9.870388,10,9.530529,-1,-1,-1,-1,-1,-1,-1,-1,-1,-1,-1,-1,-1,-1,-1,-1,-1,-1,-1,-1,-1,-1,-1,-1,-1,-1,-1,-1,-1,-1,-1,-1,-1,-1,-1,-1,-1,-1,-1,-1,-1,-1,-1,-1,-1,-1,-1,-1,-1,-1,0,0,0,0,0,0,-1,-1,-1,-1,-1,-1,-1,-1,-1,-1,-1,-1,0,0,0,0,0,0,-1,-1,-1,-1,-1,-1,-1,-1,-1,-1,-1,-1,-1,-1,False,False,0,0,False,207,0,0,0,0,0,0,0,0,0,0,0,0,0,0,0,1,
0,4908,2026-02-16 16:46:41Z,LLM_Empathetic,6.931509,7.222535,6.640484,0.6121222,0,1.602382,0,0,0,0,0,0,5.500214,4.351746,6.648693,0.592854,0.702737,0.482971,7.399029,6.222461,8.575598,0.5865874,0,2.108988,7.203991,6.108102,8.299881,9.870381,10,9.53052,6.931509,7.222535,6.640484,0.6121222,0,1.602382,0,0,0,0,0,0,5.500214,4.351746,6.648693,0.592854,0.702737,0.482971,7.399029,6.222461,8.575598,0.5865874,0,2.108988,7.203991,6.108102,8.299881,9.870381,10,9.53052,-1,-1,-1,-1,-1,-1,-1,-1,-1,-1,-1,-1,-1,-1,-1,-1,-1,-1,-1,-1,-1,-1,-1,-1,-1,-1,-1,-1,-1,-1,-1,-1,-1,-1,-1,-1,-1,-1,-1,-1,-1,-1,-1,-1,-1,-1,-1,-1,-1,-1,0,0,0,0,0,0,-1,-1,-1,-1,-1,-1,-1,-1,-1,-1,-1,-1,0,0,0,0,0,0,-1,-1,-1,-1,-1,-1,-1,-1,-1,-1,-1,-1,-1,-1,False,False,0,0,False,209,0,0,0,0,0,0,0,0,0,0,0,0,0,0,0,1,
0,4909,2026-02-16 16:46:41Z,LLM_Empathetic,6.931508,7.222534,6.640481,0.6121256,0,1.602384,0,0,0,0,0,0,5.500212,4.351745,6.648688,0.592854,0.702737,0.482971,7.399028,6.222461,8.575595,0.5865896,0,2.10899,7.203988,6.1081,8.299876,9.870375,10,9.530511,6.931508,7.222534,6.640481,0.6121256,0,1.602384,0,0,0,0,0,0,5.500212,4.351745,6.648688,0.592854,0.702737,0.482971,7.399028,6.222461,8.575595,0.5865896,0,2.10899,7.203988,6.1081,8.299876,9.870375,10,9.530511,-1,-1,-1,-1,-1,-1,-1,-1,-1,-1,-1,-1,-1,-1,-1,-1,-1,-1,-1,-1,-1,-1,-1,-1,-1,-1,-1,-1,-1,-1,-1,-1,-1,-1,-1,-1,-1,-1,-1,-1,-1,-1,-1,-1,-1,-1,-1,-1,-1,-1,0,0,0,0,0,0,-1,-1,-1,-1,-1,-1,-1,-1,-1,-1,-1,-1,0,0,0,0,0,0,-1,-1,-1,-1,-1,-1,-1,-1,-1,-1,-1,-1,-1,-1,False,False,0,0,False,209,0,0,0,0,0,0,0,0,0,0,0,0,0,0,0,1,
0,4910,2026-02-16 16:46:41Z,LLM_Empathetic,6.931503,7.222533,6.640473,0.6121323,0,1.602388,0,0,0,0,0,0,5.500206,4.351743,6.64868,0.592854,0.702737,0.482971,7.399026,6.222463,8.575589,0.5865939,0,2.108994,7.20398,6.108096,8.299866,9.87036,10,9.530494,6.931503,7.222533,6.640473,0.6121323,0,1.602388,0,0,0,0,0,0,5.500206,4.351743,6.64868,0.592854,0.702737,0.482971,7.399026,6.222463,8.575589,0.5865939,0,2.108994,7.20398,6.108096,8.299866,9.87036,10,9.530494,-1,-1,-1,-1,-1,-1,-1,-1,-1,-1,-1,-1,-1,-1,-1,-1,-1,-1,-1,-1,-1,-1,-1,-1,-1,-1,-1,-1,-1,-1,-1,-1,-1,-1,-1,-1,-1,-1,-1,-1,-1,-1,-1,-1,-1,-1,-1,-1,-1,-1,0,0,0,0,0,0,-1,-1,-1,-1,-1,-1,-1,-1,-1,-1,-1,-1,0,0,0,0,0,0,-1,-1,-1,-1,-1,-1,-1,-1,-1,-1,-1,-1,-1,-1,False,False,0,0,False,207,0,0,0,0,0,0,0,0,0,0,0,0,0,0,0,1,
0,4911,2026-02-16 16:46:41Z,LLM_Empathetic,6.931501,7.222533,6.64047,0.6121356,0,1.60239,0,0,0,0,0,0,5.500204,4.351742,6.648675,0.592854,0.702737,0.482971,7.399024,6.222463,8.575586,0.586596,0,2.108996,7.203977,6.108094,8.299861,9.870354,10,9.530485,6.931501,7.222533,6.64047,0.6121356,0,1.60239,0,0,0,0,0,0,5.500204,4.351742,6.648675,0.592854,0.702737,0.482971,7.399024,6.222463,8.575586,0.586596,0,2.108996,7.203977,6.108094,8.299861,9.870354,10,9.530485,-1,-1,-1,-1,-1,-1,-1,-1,-1,-1,-1,-1,-1,-1,-1,-1,-1,-1,-1,-1,-1,-1,-1,-1,-1,-1,-1,-1,-1,-1,-1,-1,-1,-1,-1,-1,-1,-1,-1,-1,-1,-1,-1,-1,-1,-1,-1,-1,-1,-1,0,0,0,0,0,0,-1,-1,-1,-1,-1,-1,-1,-1,-1,-1,-1,-1,0,0,0,0,0,0,-1,-1,-1,-1,-1,-1,-1,-1,-1,-1,-1,-1,-1,-1,False,False,0,0,False,207,0,0,0,0,0,0,0,0,0,0,0,0,0,0,0,1,
0,4912,2026-02-16 16:46:41Z,LLM_Empathetic,6.931499,7.222533,6.640466,0.612139,0,1.602391,0,0,0,0,0,0,5.500201,4.351742,6.648672,0.592854,0.702737,0.482971,7.399024,6.222464,8.575583,0.5865982,0,2.108999,7.203973,6.108092,8.299855,9.870346,10,9.530476,6.931499,7.222533,6.640466,0.612139,0,1.602391,0,0,0,0,0,0,5.500201,4.351742,6.648672,0.592854,0.702737,0.482971,7.399024,6.222464,8.575583,0.5865982,0,2.108999,7.203973,6.108092,8.299855,9.870346,10,9.530476,-1,-1,-1,-1,-1,-1,-1,-1,-1,-1,-1,-1,-1,-1,-1,-1,-1,-1,-1,-1,-1,-1,-1,-1,-1,-1,-1,-1,-1,-1,-1,-1,-1,-1,-1,-1,-1,-1,-1,-1,-1,-1,-1,-1,-1,-1,-1,-1,-1,-1,0,0,0,0,0,0,-1,-1,-1,-1,-1,-1,-1,-1,-1,-1,-1,-1,0,0,0,0,0,0,-1,-1,-1,-1,-1,-1,-1,-1,-1,-1,-1,-1,-1,-1,False,False,0,0,False,209,0,0,0,0,0,0,0,0,0,0,0,0,0,0,0,1,
0,4913,2026-02-16 16:46:41Z,LLM_Empathetic,6.931498,7.222532,6.640463,0.6121424,0,1.602393,0,0,0,0,0,0,5.500199,4.351741,6.648667,0.592854,0.702737,0.482971,7.399022,6.222465,8.575581,0.5866004,0,2.109001,7.20397,6.10809,8.29985,9.870339,10,9.530467,6.931498,7.222532,6.640463,0.6121424,0,1.602393,0,0,0,0,0,0,5.500199,4.351741,6.648667,0.592854,0.702737,0.482971,7.399022,6.222465,8.575581,0.5866004,0,2.109001,7.20397,6.10809,8.29985,9.870339,10,9.530467,-1,-1,-1,-1,-1,-1,-1,-1,-1,-1,-1,-1,-1,-1,-1,-1,-1,-1,-1,-1,-1,-1,-1,-1,-1,-1,-1,-1,-1,-1,-1,-1,-1,-1,-1,-1,-1,-1,-1,-1,-1,-1,-1,-1,-1,-1,-1,-1,-1,-1,0,0,0,0,0,0,-1,-1,-1,-1,-1,-1,-1,-1,-1,-1,-1,-1,0,0,0,0,0,0,-1,-1,-1,-1,-1,-1,-1,-1,-1,-1,-1,-1,-1,-1,False,False,0,0,False,207,0,0,0,0,0,0,0,0,0,0,0,0,0,0,0,1,
0,4914,2026-02-16 16:46:41Z,LLM_Empathetic,6.931496,7.222532,6.640459,0.6121457,0,1.602395,0,0,0,0,0,0,5.500196,4.35174,6.648663,0.592854,0.702737,0.482971,7.399021,6.222465,8.575578,0.5866025,0,2.109003,7.203967,6.108088,8.299846,9.870332,10,9.530458,6.931496,7.222532,6.640459,0.6121457,0,1.602395,0,0,0,0,0,0,5.500196,4.35174,6.648663,0.592854,0.702737,0.482971,7.399021,6.222465,8.575578,0.5866025,0,2.109003,7.203967,6.108088,8.299846,9.870332,10,9.530458,-1,-1,-1,-1,-1,-1,-1,-1,-1,-1,-1,-1,-1,-1,-1,-1,-1,-1,-1,-1,-1,-1,-1,-1,-1,-1,-1,-1,-1,-1,-1,-1,-1,-1,-1,-1,-1,-1,-1,-1,-1,-1,-1,-1,-1,-1,-1,-1,-1,-1,0,0,0,0,0,0,-1,-1,-1,-1,-1,-1,-1,-1,-1,-1,-1,-1,0,0,0,0,0,0,-1,-1,-1,-1,-1,-1,-1,-1,-1,-1,-1,-1,-1,-1,False,False,0,0,False,207,0,0,0,0,0,0,0,0,0,0,0,0,0,0,0,1,
0,4915,2026-02-16 16:46:41Z,LLM_Empathetic,6.931492,7.222531,6.640452,0.6121525,0,1.602399,0,0,0,0,0,0,5.500191,4.351738,6.648654,0.592854,0.702737,0.482971,7.399019,6.222466,8.575572,0.5866068,0,2.109007,7.203959,6.108085,8.299835,9.870318,10,9.53044,6.931492,7.222531,6.640452,0.6121525,0,1.602399,0,0,0,0,0,0,5.500191,4.351738,6.648654,0.592854,0.702737,0.482971,7.399019,6.222466,8.575572,0.5866068,0,2.109007,7.203959,6.108085,8.299835,9.870318,10,9.53044,-1,-1,-1,-1,-1,-1,-1,-1,-1,-1,-1,-1,-1,-1,-1,-1,-1,-1,-1,-1,-1,-1,-1,-1,-1,-1,-1,-1,-1,-1,-1,-1,-1,-1,-1,-1,-1,-1,-1,-1,-1,-1,-1,-1,-1,-1,-1,-1,-1,-1,0,0,0,0,0,0,-1,-1,-1,-1,-1,-1,-1,-1,-1,-1,-1,-1,0,0,0,0,0,0,-1,-1,-1,-1,-1,-1,-1,-1,-1,-1,-1,-1,-1,-1,False,False,0,0,False,207,0,0,0,0,0,0,0,0,0,0,0,0,0,0,0,1,
0,4916,2026-02-16 16:46:41Z,LLM_Empathetic,6.931489,7.222531,6.640448,0.6121558,0,1.602401,0,0,0,0,0,0,5.500189,4.351737,6.64865,0.592854,0.702737,0.482971,7.399018,6.222467,8.575569,0.5866089,0,2.109009,7.203956,6.108083,8.299829,9.870311,10,9.530432,6.931489,7.222531,6.640448,0.6121558,0,1.602401,0,0,0,0,0,0,5.500189,4.351737,6.64865,0.592854,0.702737,0.482971,7.399018,6.222467,8.575569,0.5866089,0,2.109009,7.203956,6.108083,8.299829,9.870311,10,9.530432,-1,-1,-1,-1,-1,-1,-1,-1,-1,-1,-1,-1,-1,-1,-1,-1,-1,-1,-1,-1,-1,-1,-1,-1,-1,-1,-1,-1,-1,-1,-1,-1,-1,-1,-1,-1,-1,-1,-1,-1,-1,-1,-1,-1,-1,-1,-1,-1,-1,-1,0,0,0,0,0,0,-1,-1,-1,-1,-1,-1,-1,-1,-1,-1,-1,-1,0,0,0,0,0,0,-1,-1,-1,-1,-1,-1,-1,-1,-1,-1,-1,-1,-1,-1,False,False,0,0,False,207,0,0,0,0,0,0,0,0,0,0,0,0,0,0,0,1,
0,4917,2026-02-16 16:46:41Z,LLM_Empathetic,6.931488,7.22253,6.640445,0.6121592,0,1.602403,0,0,0,0,0,0,5.500186,4.351737,6.648646,0.592854,0.702737,0.482971,7.399016,6.222467,8.575566,0.5866111,0,2.109011,7.203952,6.108081,8.299825,9.870304,10,9.530423,6.931488,7.22253,6.640445,0.6121592,0,1.602403,0,0,0,0,0,0,5.500186,4.351737,6.648646,0.592854,0.702737,0.482971,7.399016,6.222467,8.575566,0.5866111,0,2.109011,7.203952,6.108081,8.299825,9.870304,10,9.530423,-1,-1,-1,-1,-1,-1,-1,-1,-1,-1,-1,-1,-1,-1,-1,-1,-1,-1,-1,-1,-1,-1,-1,-1,-1,-1,-1,-1,-1,-1,-1,-1,-1,-1,-1,-1,-1,-1,-1,-1,-1,-1,-1,-1,-1,-1,-1,-1,-1,-1,0,0,0,0,0,0,-1,-1,-1,-1,-1,-1,-1,-1,-1,-1,-1,-1,0,0,0,0,0,0,-1,-1,-1,-1,-1,-1,-1,-1,-1,-1,-1,-1,-1,-1,False,False,0,0,False,207,0,0,0,0,0,0,0,0,0,0,0,0,0,0,0,1,
0,4918,2026-02-16 16:46:41Z,LLM_Empathetic,6.931486,7.22253,6.640441,0.6121625,0,1.602404,0,0,0,0,0,0,5.500184,4.351736,6.648642,0.592854,0.702737,0.482971,7.399015,6.222468,8.575563,0.5866132,0,2.109014,7.203949,6.108079,8.29982,9.870296,10,9.530414,6.931486,7.22253,6.640441,0.6121625,0,1.602404,0,0,0,0,0,0,5.500184,4.351736,6.648642,0.592854,0.702737,0.482971,7.399015,6.222468,8.575563,0.5866132,0,2.109014,7.203949,6.108079,8.29982,9.870296,10,9.530414,-1,-1,-1,-1,-1,-1,-1,-1,-1,-1,-1,-1,-1,-1,-1,-1,-1,-1,-1,-1,-1,-1,-1,-1,-1,-1,-1,-1,-1,-1,-1,-1,-1,-1,-1,-1,-1,-1,-1,-1,-1,-1,-1,-1,-1,-1,-1,-1,-1,-1,0,0,0,0,0,0,-1,-1,-1,-1,-1,-1,-1,-1,-1,-1,-1,-1,0,0,0,0,0,0,-1,-1,-1,-1,-1,-1,-1,-1,-1,-1,-1,-1,-1,-1,False,False,0,0,False,209,0,0,0,0,0,0,0,0,0,0,0,0,0,0,0,1,
0,4919,2026-02-16 16:46:41Z,LLM_Empathetic,6.931484,7.22253,6.640438,0.6121659,0,1.602406,0,0,0,0,0,0,5.500181,4.351735,6.648637,0.592854,0.702737,0.482971,7.399014,6.222468,8.575561,0.5866154,0,2.109016,7.203945,6.108077,8.299814,9.87029,10,9.530405,6.931484,7.22253,6.640438,0.6121659,0,1.602406,0,0,0,0,0,0,5.500181,4.351735,6.648637,0.592854,0.702737,0.482971,7.399014,6.222468,8.575561,0.5866154,0,2.109016,7.203945,6.108077,8.299814,9.87029,10,9.530405,-1,-1,-1,-1,-1,-1,-1,-1,-1,-1,-1,-1,-1,-1,-1,-1,-1,-1,-1,-1,-1,-1,-1,-1,-1,-1,-1,-1,-1,-1,-1,-1,-1,-1,-1,-1,-1,-1,-1,-1,-1,-1,-1,-1,-1,-1,-1,-1,-1,-1,0,0,0,0,0,0,-1,-1,-1,-1,-1,-1,-1,-1,-1,-1,-1,-1,0,0,0,0,0,0,-1,-1,-1,-1,-1,-1,-1,-1,-1,-1,-1,-1,-1,-1,False,False,0,0,False,209,0,0,0,0,0,0,0,0,0,0,0,0,0,0,0,1,
0,4920,2026-02-16 16:46:41Z,LLM_Empathetic,6.931482,7.222529,6.640434,0.6121693,0,1.602408,0,0,0,0,0,0,5.500178,4.351734,6.648633,0.592854,0.702737,0.482971,7.399013,6.222469,8.575557,0.5866176,0,2.109018,7.203942,6.108075,8.299809,9.870283,10,9.530396,6.931482,7.222529,6.640434,0.6121693,0,1.602408,0,0,0,0,0,0,5.500178,4.351734,6.648633,0.592854,0.702737,0.482971,7.399013,6.222469,8.575557,0.5866176,0,2.109018,7.203942,6.108075,8.299809,9.870283,10,9.530396,-1,-1,-1,-1,-1,-1,-1,-1,-1,-1,-1,-1,-1,-1,-1,-1,-1,-1,-1,-1,-1,-1,-1,-1,-1,-1,-1,-1,-1,-1,-1,-1,-1,-1,-1,-1,-1,-1,-1,-1,-1,-1,-1,-1,-1,-1,-1,-1,-1,-1,0,0,0,0,0,0,-1,-1,-1,-1,-1,-1,-1,-1,-1,-1,-1,-1,0,0,0,0,0,0,-1,-1,-1,-1,-1,-1,-1,-1,-1,-1,-1,-1,-1,-1,False,False,0,0,False,207,0,0,0,0,0,0,0,0,0,0,0,0,0,0,0,1,
0,4921,2026-02-16 16:46:41Z,LLM_Empathetic,6.931478,7.222529,6.640427,0.612176,0,1.602412,0,0,0,0,0,0,5.500174,4.351732,6.648624,0.592854,0.702737,0.482971,7.399011,6.22247,8.575551,0.5866219,0,2.109022,7.203935,6.108071,8.299799,9.870269,10,9.530378,6.931478,7.222529,6.640427,0.612176,0,1.602412,0,0,0,0,0,0,5.500174,4.351732,6.648624,0.592854,0.702737,0.482971,7.399011,6.22247,8.575551,0.5866219,0,2.109022,7.203935,6.108071,8.299799,9.870269,10,9.530378,-1,-1,-1,-1,-1,-1,-1,-1,-1,-1,-1,-1,-1,-1,-1,-1,-1,-1,-1,-1,-1,-1,-1,-1,-1,-1,-1,-1,-1,-1,-1,-1,-1,-1,-1,-1,-1,-1,-1,-1,-1,-1,-1,-1,-1,-1,-1,-1,-1,-1,0,0,0,0,0,0,-1,-1,-1,-1,-1,-1,-1,-1,-1,-1,-1,-1,0,0,0,0,0,0,-1,-1,-1,-1,-1,-1,-1,-1,-1,-1,-1,-1,-1,-1,False,False,0,0,False,207,0,0,0,0,0,0,0,0,0,0,0,0,0,0,0,1,
0,4922,2026-02-16 16:46:41Z,LLM_Empathetic,6.931476,7.222528,6.640423,0.6121794,0,1.602414,0,0,0,0,0,0,5.500171,4.351731,6.648621,0.592854,0.702737,0.482971,7.39901,6.222471,8.575548,0.586624,0,2.109025,7.203931,6.108069,8.299794,9.870261,10,9.53037,6.931476,7.222528,6.640423,0.6121794,0,1.602414,0,0,0,0,0,0,5.500171,4.351731,6.648621,0.592854,0.702737,0.482971,7.39901,6.222471,8.575548,0.586624,0,2.109025,7.203931,6.108069,8.299794,9.870261,10,9.53037,-1,-1,-1,-1,-1,-1,-1,-1,-1,-1,-1,-1,-1,-1,-1,-1,-1,-1,-1,-1,-1,-1,-1,-1,-1,-1,-1,-1,-1,-1,-1,-1,-1,-1,-1,-1,-1,-1,-1,-1,-1,-1,-1,-1,-1,-1,-1,-1,-1,-1,0,0,0,0,0,0,-1,-1,-1,-1,-1,-1,-1,-1,-1,-1,-1,-1,0,0,0,0,0,0,-1,-1,-1,-1,-1,-1,-1,-1,-1,-1,-1,-1,-1,-1,False,False,0,0,False,209,0,0,0,0,0,0,0,0,0,0,0,0,0,0,0,1,
0,4923,2026-02-16 16:46:42Z,LLM_Empathetic,6.931474,7.222528,6.640419,0.6121827,0,1.602416,0,0,0,0,0,0,5.500168,4.351731,6.648616,0.592854,0.702737,0.482971,7.399008,6.222472,8.575545,0.5866262,0,2.109027,7.203928,6.108068,8.299788,9.870255,10,9.53036,6.931474,7.222528,6.640419,0.6121827,0,1.602416,0,0,0,0,0,0,5.500168,4.351731,6.648616,0.592854,0.702737,0.482971,7.399008,6.222472,8.575545,0.5866262,0,2.109027,7.203928,6.108068,8.299788,9.870255,10,9.53036,-1,-1,-1,-1,-1,-1,-1,-1,-1,-1,-1,-1,-1,-1,-1,-1,-1,-1,-1,-1,-1,-1,-1,-1,-1,-1,-1,-1,-1,-1,-1,-1,-1,-1,-1,-1,-1,-1,-1,-1,-1,-1,-1,-1,-1,-1,-1,-1,-1,-1,0,0,0,0,0,0,-1,-1,-1,-1,-1,-1,-1,-1,-1,-1,-1,-1,0,0,0,0,0,0,-1,-1,-1,-1,-1,-1,-1,-1,-1,-1,-1,-1,-1,-1,False,False,0,0,False,209,0,0,0,0,0,0,0,0,0,0,0,0,0,0,0,1,
0,4924,2026-02-16 16:46:42Z,LLM_Empathetic,6.931472,7.222528,6.640416,0.6121861,0,1.602417,0,0,0,0,0,0,5.500165,4.35173,6.648612,0.592854,0.702737,0.482971,7.399007,6.222472,8.575542,0.5866284,0,2.109029,7.203924,6.108066,8.299784,9.870248,10,9.530352,6.931472,7.222528,6.640416,0.6121861,0,1.602417,0,0,0,0,0,0,5.500165,4.35173,6.648612,0.592854,0.702737,0.482971,7.399007,6.222472,8.575542,0.5866284,0,2.109029,7.203924,6.108066,8.299784,9.870248,10,9.530352,-1,-1,-1,-1,-1,-1,-1,-1,-1,-1,-1,-1,-1,-1,-1,-1,-1,-1,-1,-1,-1,-1,-1,-1,-1,-1,-1,-1,-1,-1,-1,-1,-1,-1,-1,-1,-1,-1,-1,-1,-1,-1,-1,-1,-1,-1,-1,-1,-1,-1,0,0,0,0,0,0,-1,-1,-1,-1,-1,-1,-1,-1,-1,-1,-1,-1,0,0,0,0,0,0,-1,-1,-1,-1,-1,-1,-1,-1,-1,-1,-1,-1,-1,-1,False,False,0,0,False,209,0,0,0,0,0,0,0,0,0,0,0,0,0,0,0,1,
0,4925,2026-02-16 16:46:42Z,LLM_Empathetic,6.931468,7.222527,6.640409,0.6121929,0,1.602421,0,0,0,0,0,0,5.500161,4.351728,6.648603,0.592854,0.702737,0.482971,7.399005,6.222474,8.575537,0.5866327,0,2.109033,7.203917,6.108062,8.299773,9.870234,10,9.530334,6.931468,7.222527,6.640409,0.6121929,0,1.602421,0,0,0,0,0,0,5.500161,4.351728,6.648603,0.592854,0.702737,0.482971,7.399005,6.222474,8.575537,0.5866327,0,2.109033,7.203917,6.108062,8.299773,9.870234,10,9.530334,-1,-1,-1,-1,-1,-1,-1,-1,-1,-1,-1,-1,-1,-1,-1,-1,-1,-1,-1,-1,-1,-1,-1,-1,-1,-1,-1,-1,-1,-1,-1,-1,-1,-1,-1,-1,-1,-1,-1,-1,-1,-1,-1,-1,-1,-1,-1,-1,-1,-1,0,0,0,0,0,0,-1,-1,-1,-1,-1,-1,-1,-1,-1,-1,-1,-1,0,0,0,0,0,0,-1,-1,-1,-1,-1,-1,-1,-1,-1,-1,-1,-1,-1,-1,False,False,0,0,False,207,0,0,0,0,0,0,0,0,0,0,0,0,0,0,0,1,
0,4926,2026-02-16 16:46:42Z,LLM_Empathetic,6.931466,7.222527,6.640405,0.6121963,0,1.602423,0,0,0,0,0,0,5.500158,4.351727,6.648599,0.592854,0.702737,0.482971,7.399004,6.222474,8.575534,0.5866349,0,2.109035,7.203913,6.10806,8.299767,9.870226,10,9.530325,6.931466,7.222527,6.640405,0.6121963,0,1.602423,0,0,0,0,0,0,5.500158,4.351727,6.648599,0.592854,0.702737,0.482971,7.399004,6.222474,8.575534,0.5866349,0,2.109035,7.203913,6.10806,8.299767,9.870226,10,9.530325,-1,-1,-1,-1,-1,-1,-1,-1,-1,-1,-1,-1,-1,-1,-1,-1,-1,-1,-1,-1,-1,-1,-1,-1,-1,-1,-1,-1,-1,-1,-1,-1,-1,-1,-1,-1,-1,-1,-1,-1,-1,-1,-1,-1,-1,-1,-1,-1,-1,-1,0,0,0,0,0,0,-1,-1,-1,-1,-1,-1,-1,-1,-1,-1,-1,-1,0,0,0,0,0,0,-1,-1,-1,-1,-1,-1,-1,-1,-1,-1,-1,-1,-1,-1,False,False,0,0,False,209,0,0,0,0,0,0,0,0,0,0,0,0,0,0,0,1,
0,4927,2026-02-16 16:46:42Z,LLM_Empathetic,6.931464,7.222526,6.640401,0.6121997,0,1.602425,0,0,0,0,0,0,5.500155,4.351727,6.648595,0.592854,0.702737,0.482971,7.399003,6.222475,8.575531,0.586637,0,2.109037,7.20391,6.108058,8.299763,9.870219,10,9.530316,6.931464,7.222526,6.640401,0.6121997,0,1.602425,0,0,0,0,0,0,5.500155,4.351727,6.648595,0.592854,0.702737,0.482971,7.399003,6.222475,8.575531,0.586637,0,2.109037,7.20391,6.108058,8.299763,9.870219,10,9.530316,-1,-1,-1,-1,-1,-1,-1,-1,-1,-1,-1,-1,-1,-1,-1,-1,-1,-1,-1,-1,-1,-1,-1,-1,-1,-1,-1,-1,-1,-1,-1,-1,-1,-1,-1,-1,-1,-1,-1,-1,-1,-1,-1,-1,-1,-1,-1,-1,-1,-1,0,0,0,0,0,0,-1,-1,-1,-1,-1,-1,-1,-1,-1,-1,-1,-1,0,0,0,0,0,0,-1,-1,-1,-1,-1,-1,-1,-1,-1,-1,-1,-1,-1,-1,False,False,0,0,False,207,0,0,0,0,0,0,0,0,0,0,0,0,0,0,0,1,
0,4928,2026-02-16 16:46:42Z,LLM_Empathetic,6.93146,7.222526,6.640394,0.6122064,0,1.602429,0,0,0,0,0,0,5.50015,4.351725,6.648586,0.592854,0.702737,0.482971,7.399,6.222476,8.575525,0.5866414,0,2.109042,7.203903,6.108054,8.299752,9.870205,10,9.530298,6.93146,7.222526,6.640394,0.6122064,0,1.602429,0,0,0,0,0,0,5.50015,4.351725,6.648586,0.592854,0.702737,0.482971,7.399,6.222476,8.575525,0.5866414,0,2.109042,7.203903,6.108054,8.299752,9.870205,10,9.530298,-1,-1,-1,-1,-1,-1,-1,-1,-1,-1,-1,-1,-1,-1,-1,-1,-1,-1,-1,-1,-1,-1,-1,-1,-1,-1,-1,-1,-1,-1,-1,-1,-1,-1,-1,-1,-1,-1,-1,-1,-1,-1,-1,-1,-1,-1,-1,-1,-1,-1,0,0,0,0,0,0,-1,-1,-1,-1,-1,-1,-1,-1,-1,-1,-1,-1,0,0,0,0,0,0,-1,-1,-1,-1,-1,-1,-1,-1,-1,-1,-1,-1,-1,-1,False,False,0,0,False,207,0,0,0,0,0,0,0,0,0,0,0,0,0,0,0,1,
0,4929,2026-02-16 16:46:42Z,LLM_Empathetic,6.931458,7.222525,6.64039,0.6122098,0,1.602431,0,0,0,0,0,0,5.500148,4.351724,6.648582,0.592854,0.702737,0.482971,7.398999,6.222476,8.575522,0.5866435,0,2.109044,7.203899,6.108052,8.299747,9.870197,10,9.53029,6.931458,7.222525,6.64039,0.6122098,0,1.602431,0,0,0,0,0,0,5.500148,4.351724,6.648582,0.592854,0.702737,0.482971,7.398999,6.222476,8.575522,0.5866435,0,2.109044,7.203899,6.108052,8.299747,9.870197,10,9.53029,-1,-1,-1,-1,-1,-1,-1,-1,-1,-1,-1,-1,-1,-1,-1,-1,-1,-1,-1,-1,-1,-1,-1,-1,-1,-1,-1,-1,-1,-1,-1,-1,-1,-1,-1,-1,-1,-1,-1,-1,-1,-1,-1,-1,-1,-1,-1,-1,-1,-1,0,0,0,0,0,0,-1,-1,-1,-1,-1,-1,-1,-1,-1,-1,-1,-1,0,0,0,0,0,0,-1,-1,-1,-1,-1,-1,-1,-1,-1,-1,-1,-1,-1,-1,False,False,0,0,False,209,0,0,0,0,0,0,0,0,0,0,0,0,0,0,0,1,
0,4930,2026-02-16 16:46:42Z,LLM_Empathetic,6.931456,7.222525,6.640387,0.6122132,0,1.602432,0,0,0,0,0,0,5.500145,4.351723,6.648578,0.592854,0.702737,0.482971,7.398998,6.222477,8.575519,0.5866457,0,2.109046,7.203896,6.10805,8.299742,9.870191,10,9.53028,6.931456,7.222525,6.640387,0.6122132,0,1.602432,0,0,0,0,0,0,5.500145,4.351723,6.648578,0.592854,0.702737,0.482971,7.398998,6.222477,8.575519,0.5866457,0,2.109046,7.203896,6.10805,8.299742,9.870191,10,9.53028,-1,-1,-1,-1,-1,-1,-1,-1,-1,-1,-1,-1,-1,-1,-1,-1,-1,-1,-1,-1,-1,-1,-1,-1,-1,-1,-1,-1,-1,-1,-1,-1,-1,-1,-1,-1,-1,-1,-1,-1,-1,-1,-1,-1,-1,-1,-1,-1,-1,-1,0,0,0,0,0,0,-1,-1,-1,-1,-1,-1,-1,-1,-1,-1,-1,-1,0,0,0,0,0,0,-1,-1,-1,-1,-1,-1,-1,-1,-1,-1,-1,-1,-1,-1,False,False,0,0,False,207,0,0,0,0,0,0,0,0,0,0,0,0,0,0,0,1,
0,4931,2026-02-16 16:46:42Z,LLM_Empathetic,6.931454,7.222525,6.640383,0.6122166,0,1.602434,0,0,0,0,0,0,5.500143,4.351722,6.648573,0.592854,0.702737,0.482971,7.398997,6.222477,8.575516,0.5866479,0,2.109048,7.203892,6.108048,8.299737,9.870184,10,9.530272,6.931454,7.222525,6.640383,0.6122166,0,1.602434,0,0,0,0,0,0,5.500143,4.351722,6.648573,0.592854,0.702737,0.482971,7.398997,6.222477,8.575516,0.5866479,0,2.109048,7.203892,6.108048,8.299737,9.870184,10,9.530272,-1,-1,-1,-1,-1,-1,-1,-1,-1,-1,-1,-1,-1,-1,-1,-1,-1,-1,-1,-1,-1,-1,-1,-1,-1,-1,-1,-1,-1,-1,-1,-1,-1,-1,-1,-1,-1,-1,-1,-1,-1,-1,-1,-1,-1,-1,-1,-1,-1,-1,0,0,0,0,0,0,-1,-1,-1,-1,-1,-1,-1,-1,-1,-1,-1,-1,0,0,0,0,0,0,-1,-1,-1,-1,-1,-1,-1,-1,-1,-1,-1,-1,-1,-1,False,False,0,0,False,207,0,0,0,0,0,0,0,0,0,0,0,0,0,0,0,1,
0,4932,2026-02-16 16:46:42Z,LLM_Empathetic,6.931452,7.222524,6.640379,0.61222,0,1.602436,0,0,0,0,0,0,5.50014,4.351721,6.648569,0.592854,0.702737,0.482971,7.398995,6.222478,8.575513,0.58665,0,2.109051,7.203888,6.108046,8.299731,9.870176,10,9.530263,6.931452,7.222524,6.640379,0.61222,0,1.602436,0,0,0,0,0,0,5.50014,4.351721,6.648569,0.592854,0.702737,0.482971,7.398995,6.222478,8.575513,0.58665,0,2.109051,7.203888,6.108046,8.299731,9.870176,10,9.530263,-1,-1,-1,-1,-1,-1,-1,-1,-1,-1,-1,-1,-1,-1,-1,-1,-1,-1,-1,-1,-1,-1,-1,-1,-1,-1,-1,-1,-1,-1,-1,-1,-1,-1,-1,-1,-1,-1,-1,-1,-1,-1,-1,-1,-1,-1,-1,-1,-1,-1,0,0,0,0,0,0,-1,-1,-1,-1,-1,-1,-1,-1,-1,-1,-1,-1,0,0,0,0,0,0,-1,-1,-1,-1,-1,-1,-1,-1,-1,-1,-1,-1,-1,-1,False,False,0,0,False,207,0,0,0,0,0,0,0,0,0,0,0,0,0,0,0,1,
0,4933,2026-02-16 16:46:42Z,LLM_Empathetic,6.931448,7.222523,6.640372,0.6122268,0,1.60244,0,0,0,0,0,0,5.500135,4.35172,6.648561,0.592854,0.702737,0.482971,7.398993,6.222479,8.575507,0.5866544,0,2.109055,7.203881,6.108042,8.299721,9.870162,10,9.530245,6.931448,7.222523,6.640372,0.6122268,0,1.60244,0,0,0,0,0,0,5.500135,4.35172,6.648561,0.592854,0.702737,0.482971,7.398993,6.222479,8.575507,0.5866544,0,2.109055,7.203881,6.108042,8.299721,9.870162,10,9.530245,-1,-1,-1,-1,-1,-1,-1,-1,-1,-1,-1,-1,-1,-1,-1,-1,-1,-1,-1,-1,-1,-1,-1,-1,-1,-1,-1,-1,-1,-1,-1,-1,-1,-1,-1,-1,-1,-1,-1,-1,-1,-1,-1,-1,-1,-1,-1,-1,-1,-1,0,0,0,0,0,0,-1,-1,-1,-1,-1,-1,-1,-1,-1,-1,-1,-1,0,0,0,0,0,0,-1,-1,-1,-1,-1,-1,-1,-1,-1,-1,-1,-1,-1,-1,False,False,0,0,False,209,0,0,0,0,0,0,0,0,0,0,0,0,0,0,0,1,
0,4934,2026-02-16 16:46:42Z,LLM_Empathetic,6.931446,7.222523,6.640369,0.6122302,0,1.602442,0,0,0,0,0,0,5.500133,4.351719,6.648556,0.592854,0.702737,0.482971,7.398992,6.22248,8.575504,0.5866566,0,2.109057,7.203878,6.10804,8.299716,9.870155,10,9.530236,6.931446,7.222523,6.640369,0.6122302,0,1.602442,0,0,0,0,0,0,5.500133,4.351719,6.648556,0.592854,0.702737,0.482971,7.398992,6.22248,8.575504,0.5866566,0,2.109057,7.203878,6.10804,8.299716,9.870155,10,9.530236,-1,-1,-1,-1,-1,-1,-1,-1,-1,-1,-1,-1,-1,-1,-1,-1,-1,-1,-1,-1,-1,-1,-1,-1,-1,-1,-1,-1,-1,-1,-1,-1,-1,-1,-1,-1,-1,-1,-1,-1,-1,-1,-1,-1,-1,-1,-1,-1,-1,-1,0,0,0,0,0,0,-1,-1,-1,-1,-1,-1,-1,-1,-1,-1,-1,-1,0,0,0,0,0,0,-1,-1,-1,-1,-1,-1,-1,-1,-1,-1,-1,-1,-1,-1,False,False,0,0,False,207,0,0,0,0,0,0,0,0,0,0,0,0,0,0,0,1,
0,4935,2026-02-16 16:46:42Z,LLM_Empathetic,6.931444,7.222523,6.640365,0.6122336,0,1.602444,0,0,0,0,0,0,5.50013,4.351718,6.648552,0.592854,0.702737,0.482971,7.398991,6.222481,8.575501,0.5866587,0,2.109059,7.203874,6.108038,8.29971,9.870148,10,9.530227,6.931444,7.222523,6.640365,0.6122336,0,1.602444,0,0,0,0,0,0,5.50013,4.351718,6.648552,0.592854,0.702737,0.482971,7.398991,6.222481,8.575501,0.5866587,0,2.109059,7.203874,6.108038,8.29971,9.870148,10,9.530227,-1,-1,-1,-1,-1,-1,-1,-1,-1,-1,-1,-1,-1,-1,-1,-1,-1,-1,-1,-1,-1,-1,-1,-1,-1,-1,-1,-1,-1,-1,-1,-1,-1,-1,-1,-1,-1,-1,-1,-1,-1,-1,-1,-1,-1,-1,-1,-1,-1,-1,0,0,0,0,0,0,-1,-1,-1,-1,-1,-1,-1,-1,-1,-1,-1,-1,0,0,0,0,0,0,-1,-1,-1,-1,-1,-1,-1,-1,-1,-1,-1,-1,-1,-1,False,False,0,0,False,209,0,0,0,0,0,0,0,0,0,0,0,0,0,0,0,1,
0,4936,2026-02-16 16:46:42Z,LLM_Empathetic,6.931442,7.222522,6.640361,0.612237,0,1.602446,0,0,0,0,0,0,5.500127,4.351717,6.648548,0.592854,0.702737,0.482971,7.39899,6.222481,8.575499,0.5866609,0,2.109061,7.203871,6.108037,8.299706,9.870141,10,9.530218,6.931442,7.222522,6.640361,0.612237,0,1.602446,0,0,0,0,0,0,5.500127,4.351717,6.648548,0.592854,0.702737,0.482971,7.39899,6.222481,8.575499,0.5866609,0,2.109061,7.203871,6.108037,8.299706,9.870141,10,9.530218,-1,-1,-1,-1,-1,-1,-1,-1,-1,-1,-1,-1,-1,-1,-1,-1,-1,-1,-1,-1,-1,-1,-1,-1,-1,-1,-1,-1,-1,-1,-1,-1,-1,-1,-1,-1,-1,-1,-1,-1,-1,-1,-1,-1,-1,-1,-1,-1,-1,-1,0,0,0,0,0,0,-1,-1,-1,-1,-1,-1,-1,-1,-1,-1,-1,-1,0,0,0,0,0,0,-1,-1,-1,-1,-1,-1,-1,-1,-1,-1,-1,-1,-1,-1,False,False,0,0,False,209,0,0,0,0,0,0,0,0,0,0,0,0,0,0,0,1,
0,4937,2026-02-16 16:46:42Z,LLM_Empathetic,6.931438,7.222521,6.640354,0.6122438,0,1.602449,0,0,0,0,0,0,5.500122,4.351716,6.648539,0.592854,0.702737,0.482971,7.398987,6.222482,8.575493,0.5866653,0,2.109066,7.203864,6.108033,8.299695,9.870127,10,9.5302,6.931438,7.222521,6.640354,0.6122438,0,1.602449,0,0,0,0,0,0,5.500122,4.351716,6.648539,0.592854,0.702737,0.482971,7.398987,6.222482,8.575493,0.5866653,0,2.109066,7.203864,6.108033,8.299695,9.870127,10,9.5302,-1,-1,-1,-1,-1,-1,-1,-1,-1,-1,-1,-1,-1,-1,-1,-1,-1,-1,-1,-1,-1,-1,-1,-1,-1,-1,-1,-1,-1,-1,-1,-1,-1,-1,-1,-1,-1,-1,-1,-1,-1,-1,-1,-1,-1,-1,-1,-1,-1,-1,0,0,0,0,0,0,-1,-1,-1,-1,-1,-1,-1,-1,-1,-1,-1,-1,0,0,0,0,0,0,-1,-1,-1,-1,-1,-1,-1,-1,-1,-1,-1,-1,-1,-1,False,False,0,0,False,209,0,0,0,0,0,0,0,0,0,0,0,0,0,0,0,1,
0,4938,2026-02-16 16:46:42Z,LLM_Empathetic,6.931436,7.222521,6.64035,0.6122472,0,1.602451,0,0,0,0,0,0,5.50012,4.351715,6.648535,0.592854,0.702737,0.482971,7.398986,6.222483,8.57549,0.5866674,0,2.109068,7.20386,6.108031,8.29969,9.870119,10,9.530191,6.931436,7.222521,6.64035,0.6122472,0,1.602451,0,0,0,0,0,0,5.50012,4.351715,6.648535,0.592854,0.702737,0.482971,7.398986,6.222483,8.57549,0.5866674,0,2.109068,7.20386,6.108031,8.29969,9.870119,10,9.530191,-1,-1,-1,-1,-1,-1,-1,-1,-1,-1,-1,-1,-1,-1,-1,-1,-1,-1,-1,-1,-1,-1,-1,-1,-1,-1,-1,-1,-1,-1,-1,-1,-1,-1,-1,-1,-1,-1,-1,-1,-1,-1,-1,-1,-1,-1,-1,-1,-1,-1,0,0,0,0,0,0,-1,-1,-1,-1,-1,-1,-1,-1,-1,-1,-1,-1,0,0,0,0,0,0,-1,-1,-1,-1,-1,-1,-1,-1,-1,-1,-1,-1,-1,-1,False,False,0,0,False,207,0,0,0,0,0,0,0,0,0,0,0,0,0,0,0,1,
0,4939,2026-02-16 16:46:42Z,LLM_Empathetic,6.931434,7.222521,6.640347,0.6122506,0,1.602453,0,0,0,0,0,0,5.500117,4.351714,6.64853,0.592854,0.702737,0.482971,7.398985,6.222484,8.575486,0.5866696,0,2.10907,7.203856,6.108029,8.299685,9.870112,10,9.530182,6.931434,7.222521,6.640347,0.6122506,0,1.602453,0,0,0,0,0,0,5.500117,4.351714,6.64853,0.592854,0.702737,0.482971,7.398985,6.222484,8.575486,0.5866696,0,2.10907,7.203856,6.108029,8.299685,9.870112,10,9.530182,-1,-1,-1,-1,-1,-1,-1,-1,-1,-1,-1,-1,-1,-1,-1,-1,-1,-1,-1,-1,-1,-1,-1,-1,-1,-1,-1,-1,-1,-1,-1,-1,-1,-1,-1,-1,-1,-1,-1,-1,-1,-1,-1,-1,-1,-1,-1,-1,-1,-1,0,0,0,0,0,0,-1,-1,-1,-1,-1,-1,-1,-1,-1,-1,-1,-1,0,0,0,0,0,0,-1,-1,-1,-1,-1,-1,-1,-1,-1,-1,-1,-1,-1,-1,False,False,0,0,False,207,0,0,0,0,0,0,0,0,0,0,0,0,0,0,0,1,
0,4940,2026-02-16 16:46:42Z,LLM_Empathetic,6.931432,7.22252,6.640343,0.612254,0,1.602455,0,0,0,0,0,0,5.500114,4.351713,6.648526,0.592854,0.702737,0.482971,7.398984,6.222484,8.575483,0.5866718,0,2.109072,7.203853,6.108027,8.29968,9.870105,10,9.530173,6.931432,7.22252,6.640343,0.612254,0,1.602455,0,0,0,0,0,0,5.500114,4.351713,6.648526,0.592854,0.702737,0.482971,7.398984,6.222484,8.575483,0.5866718,0,2.109072,7.203853,6.108027,8.29968,9.870105,10,9.530173,-1,-1,-1,-1,-1,-1,-1,-1,-1,-1,-1,-1,-1,-1,-1,-1,-1,-1,-1,-1,-1,-1,-1,-1,-1,-1,-1,-1,-1,-1,-1,-1,-1,-1,-1,-1,-1,-1,-1,-1,-1,-1,-1,-1,-1,-1,-1,-1,-1,-1,0,0,0,0,0,0,-1,-1,-1,-1,-1,-1,-1,-1,-1,-1,-1,-1,0,0,0,0,0,0,-1,-1,-1,-1,-1,-1,-1,-1,-1,-1,-1,-1,-1,-1,False,False,0,0,False,207,0,0,0,0,0,0,0,0,0,0,0,0,0,0,0,1,
0,4941,2026-02-16 16:46:42Z,LLM_Empathetic,6.93143,7.22252,6.640339,0.6122574,0,1.602457,0,0,0,0,0,0,5.500112,4.351712,6.648522,0.592854,0.702737,0.482971,7.398983,6.222485,8.57548,0.586674,0,2.109074,7.203849,6.108025,8.299674,9.870098,10,9.530164,6.93143,7.22252,6.640339,0.6122574,0,1.602457,0,0,0,0,0,0,5.500112,4.351712,6.648522,0.592854,0.702737,0.482971,7.398983,6.222485,8.57548,0.586674,0,2.109074,7.203849,6.108025,8.299674,9.870098,10,9.530164,-1,-1,-1,-1,-1,-1,-1,-1,-1,-1,-1,-1,-1,-1,-1,-1,-1,-1,-1,-1,-1,-1,-1,-1,-1,-1,-1,-1,-1,-1,-1,-1,-1,-1,-1,-1,-1,-1,-1,-1,-1,-1,-1,-1,-1,-1,-1,-1,-1,-1,0,0,0,0,0,0,-1,-1,-1,-1,-1,-1,-1,-1,-1,-1,-1,-1,0,0,0,0,0,0,-1,-1,-1,-1,-1,-1,-1,-1,-1,-1,-1,-1,-1,-1,False,False,0,0,False,209,0,0,0,0,0,0,0,0,0,0,0,0,0,0,0,1,
0,4942,2026-02-16 16:46:42Z,LLM_Empathetic,6.931426,7.222519,6.640332,0.6122642,0,1.602461,0,0,0,0,0,0,5.500107,4.35171,6.648513,0.592854,0.702737,0.482971,7.39898,6.222486,8.575475,0.5866784,0,2.109079,7.203842,6.108021,8.299664,9.870084,10,9.530147,6.931426,7.222519,6.640332,0.6122642,0,1.602461,0,0,0,0,0,0,5.500107,4.35171,6.648513,0.592854,0.702737,0.482971,7.39898,6.222486,8.575475,0.5866784,0,2.109079,7.203842,6.108021,8.299664,9.870084,10,9.530147,-1,-1,-1,-1,-1,-1,-1,-1,-1,-1,-1,-1,-1,-1,-1,-1,-1,-1,-1,-1,-1,-1,-1,-1,-1,-1,-1,-1,-1,-1,-1,-1,-1,-1,-1,-1,-1,-1,-1,-1,-1,-1,-1,-1,-1,-1,-1,-1,-1,-1,0,0,0,0,0,0,-1,-1,-1,-1,-1,-1,-1,-1,-1,-1,-1,-1,0,0,0,0,0,0,-1,-1,-1,-1,-1,-1,-1,-1,-1,-1,-1,-1,-1,-1,False,False,0,0,False,209,0,0,0,0,0,0,0,0,0,0,0,0,0,0,0,1,
0,4943,2026-02-16 16:46:42Z,LLM_Empathetic,6.931424,7.222519,6.640329,0.6122676,0,1.602462,0,0,0,0,0,0,5.500104,4.351709,6.648509,0.592854,0.702737,0.482971,7.398979,6.222486,8.575472,0.5866805,0,2.109081,7.203838,6.108019,8.299659,9.870076,10,9.530137,6.931424,7.222519,6.640329,0.6122676,0,1.602462,0,0,0,0,0,0,5.500104,4.351709,6.648509,0.592854,0.702737,0.482971,7.398979,6.222486,8.575472,0.5866805,0,2.109081,7.203838,6.108019,8.299659,9.870076,10,9.530137,-1,-1,-1,-1,-1,-1,-1,-1,-1,-1,-1,-1,-1,-1,-1,-1,-1,-1,-1,-1,-1,-1,-1,-1,-1,-1,-1,-1,-1,-1,-1,-1,-1,-1,-1,-1,-1,-1,-1,-1,-1,-1,-1,-1,-1,-1,-1,-1,-1,-1,0,0,0,0,0,0,-1,-1,-1,-1,-1,-1,-1,-1,-1,-1,-1,-1,0,0,0,0,0,0,-1,-1,-1,-1,-1,-1,-1,-1,-1,-1,-1,-1,-1,-1,False,False,0,0,False,207,0,0,0,0,0,0,0,0,0,0,0,0,0,0,0,1,
0,4944,2026-02-16 16:46:42Z,LLM_Empathetic,6.931422,7.222518,6.640325,0.612271,0,1.602464,0,0,0,0,0,0,5.500102,4.351708,6.648505,0.592854,0.702737,0.482971,7.398978,6.222487,8.575469,0.5866827,0,2.109083,7.203835,6.108017,8.299653,9.87007,10,9.530128,6.931422,7.222518,6.640325,0.612271,0,1.602464,0,0,0,0,0,0,5.500102,4.351708,6.648505,0.592854,0.702737,0.482971,7.398978,6.222487,8.575469,0.5866827,0,2.109083,7.203835,6.108017,8.299653,9.87007,10,9.530128,-1,-1,-1,-1,-1,-1,-1,-1,-1,-1,-1,-1,-1,-1,-1,-1,-1,-1,-1,-1,-1,-1,-1,-1,-1,-1,-1,-1,-1,-1,-1,-1,-1,-1,-1,-1,-1,-1,-1,-1,-1,-1,-1,-1,-1,-1,-1,-1,-1,-1,0,0,0,0,0,0,-1,-1,-1,-1,-1,-1,-1,-1,-1,-1,-1,-1,0,0,0,0,0,0,-1,-1,-1,-1,-1,-1,-1,-1,-1,-1,-1,-1,-1,-1,False,False,0,0,False,209,0,0,0,0,0,0,0,0,0,0,0,0,0,0,0,1,
0,4945,2026-02-16 16:46:42Z,LLM_Empathetic,6.93142,7.222518,6.640321,0.6122745,0,1.602466,0,0,0,0,0,0,5.500099,4.351708,6.6485,0.592854,0.702737,0.482971,7.398977,6.222488,8.575466,0.5866849,0,2.109085,7.203831,6.108015,8.299648,9.870062,10,9.530119,6.93142,7.222518,6.640321,0.6122745,0,1.602466,0,0,0,0,0,0,5.500099,4.351708,6.6485,0.592854,0.702737,0.482971,7.398977,6.222488,8.575466,0.5866849,0,2.109085,7.203831,6.108015,8.299648,9.870062,10,9.530119,-1,-1,-1,-1,-1,-1,-1,-1,-1,-1,-1,-1,-1,-1,-1,-1,-1,-1,-1,-1,-1,-1,-1,-1,-1,-1,-1,-1,-1,-1,-1,-1,-1,-1,-1,-1,-1,-1,-1,-1,-1,-1,-1,-1,-1,-1,-1,-1,-1,-1,0,0,0,0,0,0,-1,-1,-1,-1,-1,-1,-1,-1,-1,-1,-1,-1,0,0,0,0,0,0,-1,-1,-1,-1,-1,-1,-1,-1,-1,-1,-1,-1,-1,-1,False,False,0,0,False,209,0,0,0,0,0,0,0,0,0,0,0,0,0,0,0,1,
0,4946,2026-02-16 16:46:42Z,LLM_Empathetic,6.931416,7.222517,6.640314,0.6122813,0,1.60247,0,0,0,0,0,0,5.500093,4.351706,6.648492,0.592854,0.702737,0.482971,7.398974,6.222489,8.57546,0.5866893,0,2.10909,7.203824,6.108011,8.299638,9.870048,10,9.530101,6.931416,7.222517,6.640314,0.6122813,0,1.60247,0,0,0,0,0,0,5.500093,4.351706,6.648492,0.592854,0.702737,0.482971,7.398974,6.222489,8.57546,0.5866893,0,2.10909,7.203824,6.108011,8.299638,9.870048,10,9.530101,-1,-1,-1,-1,-1,-1,-1,-1,-1,-1,-1,-1,-1,-1,-1,-1,-1,-1,-1,-1,-1,-1,-1,-1,-1,-1,-1,-1,-1,-1,-1,-1,-1,-1,-1,-1,-1,-1,-1,-1,-1,-1,-1,-1,-1,-1,-1,-1,-1,-1,0,0,0,0,0,0,-1,-1,-1,-1,-1,-1,-1,-1,-1,-1,-1,-1,0,0,0,0,0,0,-1,-1,-1,-1,-1,-1,-1,-1,-1,-1,-1,-1,-1,-1,False,False,0,0,False,209,0,0,0,0,0,0,0,0,0,0,0,0,0,0,0,1,
0,4947,2026-02-16 16:46:42Z,LLM_Empathetic,6.931414,7.222517,6.64031,0.6122847,0,1.602472,0,0,0,0,0,0,5.500091,4.351705,6.648488,0.592854,0.702737,0.482971,7.398973,6.22249,8.575457,0.5866915,0,2.109092,7.20382,6.108009,8.299632,9.870041,10,9.530092,6.931414,7.222517,6.64031,0.6122847,0,1.602472,0,0,0,0,0,0,5.500091,4.351705,6.648488,0.592854,0.702737,0.482971,7.398973,6.22249,8.575457,0.5866915,0,2.109092,7.20382,6.108009,8.299632,9.870041,10,9.530092,-1,-1,-1,-1,-1,-1,-1,-1,-1,-1,-1,-1,-1,-1,-1,-1,-1,-1,-1,-1,-1,-1,-1,-1,-1,-1,-1,-1,-1,-1,-1,-1,-1,-1,-1,-1,-1,-1,-1,-1,-1,-1,-1,-1,-1,-1,-1,-1,-1,-1,0,0,0,0,0,0,-1,-1,-1,-1,-1,-1,-1,-1,-1,-1,-1,-1,0,0,0,0,0,0,-1,-1,-1,-1,-1,-1,-1,-1,-1,-1,-1,-1,-1,-1,False,False,0,0,False,209,0,0,0,0,0,0,0,0,0,0,0,0,0,0,0,1,
0,4948,2026-02-16 16:46:42Z,LLM_Empathetic,6.931412,7.222517,6.640306,0.6122881,0,1.602474,0,0,0,0,0,0,5.500089,4.351704,6.648483,0.592854,0.702737,0.482971,7.398972,6.22249,8.575454,0.5866937,0,2.109094,7.203817,6.108007,8.299627,9.870033,10,9.530083,6.931412,7.222517,6.640306,0.6122881,0,1.602474,0,0,0,0,0,0,5.500089,4.351704,6.648483,0.592854,0.702737,0.482971,7.398972,6.22249,8.575454,0.5866937,0,2.109094,7.203817,6.108007,8.299627,9.870033,10,9.530083,-1,-1,-1,-1,-1,-1,-1,-1,-1,-1,-1,-1,-1,-1,-1,-1,-1,-1,-1,-1,-1,-1,-1,-1,-1,-1,-1,-1,-1,-1,-1,-1,-1,-1,-1,-1,-1,-1,-1,-1,-1,-1,-1,-1,-1,-1,-1,-1,-1,-1,0,0,0,0,0,0,-1,-1,-1,-1,-1,-1,-1,-1,-1,-1,-1,-1,0,0,0,0,0,0,-1,-1,-1,-1,-1,-1,-1,-1,-1,-1,-1,-1,-1,-1,False,False,0,0,False,207,0,0,0,0,0,0,0,0,0,0,0,0,0,0,0,1,
0,4949,2026-02-16 16:46:42Z,LLM_Empathetic,6.93141,7.222517,6.640303,0.6122916,0,1.602476,0,0,0,0,0,0,5.500086,4.351704,6.648479,0.592854,0.702737,0.482971,7.398971,6.222491,8.575451,0.5866958,0,2.109096,7.203813,6.108006,8.299622,9.870027,10,9.530074,6.93141,7.222517,6.640303,0.6122916,0,1.602476,0,0,0,0,0,0,5.500086,4.351704,6.648479,0.592854,0.702737,0.482971,7.398971,6.222491,8.575451,0.5866958,0,2.109096,7.203813,6.108006,8.299622,9.870027,10,9.530074,-1,-1,-1,-1,-1,-1,-1,-1,-1,-1,-1,-1,-1,-1,-1,-1,-1,-1,-1,-1,-1,-1,-1,-1,-1,-1,-1,-1,-1,-1,-1,-1,-1,-1,-1,-1,-1,-1,-1,-1,-1,-1,-1,-1,-1,-1,-1,-1,-1,-1,0,0,0,0,0,0,-1,-1,-1,-1,-1,-1,-1,-1,-1,-1,-1,-1,0,0,0,0,0,0,-1,-1,-1,-1,-1,-1,-1,-1,-1,-1,-1,-1,-1,-1,False,False,0,0,False,207,0,0,0,0,0,0,0,0,0,0,0,0,0,0,0,1,
0,4950,2026-02-16 16:46:42Z,LLM_Empathetic,6.931406,7.222516,6.640296,0.6122984,0,1.602479,0,0,0,0,0,0,5.500081,4.351702,6.64847,0.592854,0.702737,0.482971,7.398968,6.222492,8.575445,0.5867003,0,2.109101,7.203806,6.108002,8.299611,9.870011,10,9.530056,6.931406,7.222516,6.640296,0.6122984,0,1.602479,0,0,0,0,0,0,5.500081,4.351702,6.64847,0.592854,0.702737,0.482971,7.398968,6.222492,8.575445,0.5867003,0,2.109101,7.203806,6.108002,8.299611,9.870011,10,9.530056,-1,-1,-1,-1,-1,-1,-1,-1,-1,-1,-1,-1,-1,-1,-1,-1,-1,-1,-1,-1,-1,-1,-1,-1,-1,-1,-1,-1,-1,-1,-1,-1,-1,-1,-1,-1,-1,-1,-1,-1,-1,-1,-1,-1,-1,-1,-1,-1,-1,-1,0,0,0,0,0,0,-1,-1,-1,-1,-1,-1,-1,-1,-1,-1,-1,-1,0,0,0,0,0,0,-1,-1,-1,-1,-1,-1,-1,-1,-1,-1,-1,-1,-1,-1,False,False,0,0,False,209,0,0,0,0,0,0,0,0,0,0,0,0,0,0,0,1,
0,4951,2026-02-16 16:46:42Z,LLM_Empathetic,6.931404,7.222516,6.640292,0.6123018,0,1.602481,0,0,0,0,0,0,5.500078,4.351701,6.648466,0.592854,0.702737,0.482971,7.398967,6.222493,8.575442,0.5867025,0,2.109103,7.203803,6.108,8.299606,9.870005,10,9.530047,6.931404,7.222516,6.640292,0.6123018,0,1.602481,0,0,0,0,0,0,5.500078,4.351701,6.648466,0.592854,0.702737,0.482971,7.398967,6.222493,8.575442,0.5867025,0,2.109103,7.203803,6.108,8.299606,9.870005,10,9.530047,-1,-1,-1,-1,-1,-1,-1,-1,-1,-1,-1,-1,-1,-1,-1,-1,-1,-1,-1,-1,-1,-1,-1,-1,-1,-1,-1,-1,-1,-1,-1,-1,-1,-1,-1,-1,-1,-1,-1,-1,-1,-1,-1,-1,-1,-1,-1,-1,-1,-1,0,0,0,0,0,0,-1,-1,-1,-1,-1,-1,-1,-1,-1,-1,-1,-1,0,0,0,0,0,0,-1,-1,-1,-1,-1,-1,-1,-1,-1,-1,-1,-1,-1,-1,False,False,0,0,False,207,0,0,0,0,0,0,0,0,0,0,0,0,0,0,0,1,
0,4952,2026-02-16 16:46:42Z,LLM_Empathetic,6.931402,7.222515,6.640288,0.6123053,0,1.602483,0,0,0,0,0,0,5.500075,4.3517,6.648461,0.592854,0.702737,0.482971,7.398966,6.222493,8.575439,0.5867047,0,2.109105,7.203799,6.107998,8.299601,9.869997,10,9.530038,6.931402,7.222515,6.640288,0.6123053,0,1.602483,0,0,0,0,0,0,5.500075,4.3517,6.648461,0.592854,0.702737,0.482971,7.398966,6.222493,8.575439,0.5867047,0,2.109105,7.203799,6.107998,8.299601,9.869997,10,9.530038,-1,-1,-1,-1,-1,-1,-1,-1,-1,-1,-1,-1,-1,-1,-1,-1,-1,-1,-1,-1,-1,-1,-1,-1,-1,-1,-1,-1,-1,-1,-1,-1,-1,-1,-1,-1,-1,-1,-1,-1,-1,-1,-1,-1,-1,-1,-1,-1,-1,-1,0,0,0,0,0,0,-1,-1,-1,-1,-1,-1,-1,-1,-1,-1,-1,-1,0,0,0,0,0,0,-1,-1,-1,-1,-1,-1,-1,-1,-1,-1,-1,-1,-1,-1,False,False,0,0,False,209,0,0,0,0,0,0,0,0,0,0,0,0,0,0,0,1,
0,4953,2026-02-16 16:46:42Z,LLM_Empathetic,6.931398,7.222514,6.640281,0.6123121,0,1.602487,0,0,0,0,0,0,5.500071,4.351698,6.648453,0.592854,0.702737,0.482971,7.398964,6.222495,8.575433,0.586709,0,2.109109,7.203792,6.107994,8.29959,9.869983,10,9.53002,6.931398,7.222514,6.640281,0.6123121,0,1.602487,0,0,0,0,0,0,5.500071,4.351698,6.648453,0.592854,0.702737,0.482971,7.398964,6.222495,8.575433,0.586709,0,2.109109,7.203792,6.107994,8.29959,9.869983,10,9.53002,-1,-1,-1,-1,-1,-1,-1,-1,-1,-1,-1,-1,-1,-1,-1,-1,-1,-1,-1,-1,-1,-1,-1,-1,-1,-1,-1,-1,-1,-1,-1,-1,-1,-1,-1,-1,-1,-1,-1,-1,-1,-1,-1,-1,-1,-1,-1,-1,-1,-1,0,0,0,0,0,0,-1,-1,-1,-1,-1,-1,-1,-1,-1,-1,-1,-1,0,0,0,0,0,0,-1,-1,-1,-1,-1,-1,-1,-1,-1,-1,-1,-1,-1,-1,False,False,0,0,False,209,0,0,0,0,0,0,0,0,0,0,0,0,0,0,0,1,
0,4954,2026-02-16 16:46:43Z,LLM_Empathetic,6.931396,7.222514,6.640277,0.6123156,0,1.602489,0,0,0,0,0,0,5.500068,4.351697,6.648448,0.592854,0.702737,0.482971,7.398962,6.222495,8.57543,0.5867112,0,2.109112,7.203788,6.107992,8.299585,9.869976,10,9.530011,6.931396,7.222514,6.640277,0.6123156,0,1.602489,0,0,0,0,0,0,5.500068,4.351697,6.648448,0.592854,0.702737,0.482971,7.398962,6.222495,8.57543,0.5867112,0,2.109112,7.203788,6.107992,8.299585,9.869976,10,9.530011,-1,-1,-1,-1,-1,-1,-1,-1,-1,-1,-1,-1,-1,-1,-1,-1,-1,-1,-1,-1,-1,-1,-1,-1,-1,-1,-1,-1,-1,-1,-1,-1,-1,-1,-1,-1,-1,-1,-1,-1,-1,-1,-1,-1,-1,-1,-1,-1,-1,-1,0,0,0,0,0,0,-1,-1,-1,-1,-1,-1,-1,-1,-1,-1,-1,-1,0,0,0,0,0,0,-1,-1,-1,-1,-1,-1,-1,-1,-1,-1,-1,-1,-1,-1,False,False,0,0,False,209,0,0,0,0,0,0,0,0,0,0,0,0,0,0,0,1,
0,4955,2026-02-16 16:46:43Z,LLM_Empathetic,6.931384,7.222512,6.640255,0.6123362,0,1.6025,0,0,0,0,0,0,5.500052,4.351692,6.648422,0.592854,0.702737,0.482971,7.398955,6.222499,8.575413,0.5867245,0,2.109125,7.203766,6.10798,8.299554,9.869932,10,9.529957,6.931384,7.222512,6.640255,0.6123362,0,1.6025,0,0,0,0,0,0,5.500052,4.351692,6.648422,0.592854,0.702737,0.482971,7.398955,6.222499,8.575413,0.5867245,0,2.109125,7.203766,6.10798,8.299554,9.869932,10,9.529957,-1,-1,-1,-1,-1,-1,-1,-1,-1,-1,-1,-1,-1,-1,-1,-1,-1,-1,-1,-1,-1,-1,-1,-1,-1,-1,-1,-1,-1,-1,-1,-1,-1,-1,-1,-1,-1,-1,-1,-1,-1,-1,-1,-1,-1,-1,-1,-1,-1,-1,0,0,0,0,0,0,-1,-1,-1,-1,-1,-1,-1,-1,-1,-1,-1,-1,0,0,0,0,0,0,-1,-1,-1,-1,-1,-1,-1,-1,-1,-1,-1,-1,-1,-1,False,False,0,0,False,209,0,0,0,0,0,0,0,0,0,0,0,0,0,0,0,1,