ParticipantID,UnityFrame,FrameTimeStamp,CurrentScene,Emo_Valence_Score,Emo_Valence_CI_Upper,Emo_Valence_CI_Lower,Emo_Arousal_Score,Emo_Arousal_CI_Upper,Emo_Arousal_CI_Lower,Emo_Fear_Score,Emo_Fear_CI_Upper,Emo_Fear_CI_Lower,Emo_Stress_Score,Emo_Stress_CI_Upper,Emo_Stress_CI_Lower,Emo_Happy_Score,Emo_Happy_CI_Upper,Emo_Happy_CI_Lower,Emo_Sad_Score,Emo_Sad_CI_Upper,Emo_Sad_CI_Lower,Emo_Bored_Score,Emo_Bored_CI_Upper,Emo_Bored_CI_Lower,Emo_Excited_Score,Emo_Excited_CI_Upper,Emo_Excited_CI_Lower,Emo_Content_Score,Emo_Content_CI_Upper,Emo_Content_CI_Lower,Emo_Calm_Score,Emo_Calm_CI_Upper,Emo_Calm_CI_Lower,Emo_Valence_Score,Emo_Valence_CI_Upper,Emo_Valence_CI_Lower,Emo_Arousal_Score,Emo_Arousal_CI_Upper,Emo_Arousal_CI_Lower,Emo_Fear_Score,Emo_Fear_CI_Upper,Emo_Fear_CI_Lower,Emo_Stress_Score,Emo_Stress_CI_Upper,Emo_Stress_CI_Lower,Emo_Happy_Score,Emo_Happy_CI_Upper,Emo_Happy_CI_Lower,Emo_Sad_Score,Emo_Sad_CI_Upper,Emo_Sad_CI_Lower,Emo_Bored_Score,Emo_Bored_CI_Upper,Emo_Bored_CI_Lower,Emo_Excited_Score,Emo_Excited_CI_Upper,Emo_Excited_CI_Lower,Emo_Content_Score,Emo_Content_CI_Upper,Emo_Content_CI_Lower,Emo_Calm_Score,Emo_Calm_CI_Upper,Emo_Calm_CI_Lower,Vive_Eye_Left_Blink,Vive_Eye_Left_Wide,Vive_Eye_Right_Blink,Vive_Eye_Right_Wide,Vive_Eye_Left_Squeeze,Vive_Eye_Right_Squeeze,Vive_Eye_Left_Down,Vive_Eye_Right_Down,Vive_Eye_Left_Out,Vive_Eye_Right_In,Vive_Eye_Left_In,Vive_Eye_Right_Out,Vive_Eye_Left_Up,Vive_Eye_Right_Up,Vive_Face_Jaw_Right,Vive_Face_Jaw_Left,Vive_Face_Jaw_Forward,Vive_Face_Jaw_Open,Vive_Face_Mouth_Ape_Shape,Vive_Face_Mouth_Upper_Right,Vive_Face_Mouth_Upper_Left,Vive_Face_Lower_Right,Vive_Face_Lower_Left,Vive_Face_Mouth_Upper_Overturn,Vive_Face_Mouth_Lower_Overturn,Vive_Face_Mouth_Pout,Vive_Face_Mouth_Smile_Right,Vive_Face_Mouth_Smile_Left,Vive_Face_Mouth_Sad_Right,Vive_Face_Mouth_Sad_Left,Vive_Face_Mouth_Puff_Right,Vive_Face_Mouth_Puff_left,Vive_Face_Mouth_Suck,Vive_Face_Mouth_Upper_UpRight,Vive_Face_Mouth_Upper_UpLeft,Vive_Face_Mouth_Lower_DownRight,Vive_Face_Mouth_Lower_DownLeft,Vive_Face_Mouth_Upper_Inside,Vive_Face_Mouth_Lower_Inside,Vive_Face_Tongue_Out_1,Vive_Face_Tongue_Left,Vive_Face_Tongue_Right,Vive_Face_Tongue_Up,Vive_Face_Tongue_Down,Vive_Face_Tongue_Roll,Vive_Face_Tongue_Out_2,Vive_Face_Tongue_Up_Right,Vive_Face_Tongue_Up_Left,Vive_Face_Tongue_Down_Right,Vive_Face_Tongue_Down_Left,EyeGaze_Local_Pos.x,EyeGaze_Local_Pos.y,EyeGaze_Local_Pos.z,EyeGaze_Local_Direction.x,EyeGaze_Local_Direction.y,EyeGaze_Local_Direction.z,LeftEyeGaze_Local_Pos.x,LeftEyeGaze_Local_Pos.y,LeftEyeGaze_Local_Pos.z,LeftEyeGaze_Local_Direction.x,LeftEyeGaze_Local_Direction.y,LeftEyeGaze_Local_Direction.z,RightEyeGaze_Local_Pos.x,RightEyeGaze_Local_Pos.y,RightEyeGaze_Local_Pos.z,RightEyeGaze_Local_Direction.x,RightEyeGaze_Local_Direction.y,RightEyeGaze_Local_Direction.z,EyeGaze_World_Pos.x,EyeGaze_World_Pos.y,EyeGaze_World_Pos.z,EyeGaze_World_Direction.x,EyeGaze_World_Direction.y,EyeGaze_World_Direction.z,LeftEyeGaze_World_Pos.x,LeftEyeGaze_World_Pos.y,LeftEyeGaze_World_Pos.z,LeftEyeGaze_World_Direction.x,LeftEyeGaze_World_Direction.y,LeftEyeGaze_World_Direction.z,RightEyeGaze_World_Pos.x,RightEyeGaze_World_Pos.y,RightEyeGaze_World_Pos.z,RightEyeGaze_World_Direction.x,RightEyeGaze_World_Direction.y,RightEyeGaze_World_Direction.z,PupilDilation_Left,PupilDilation_Right,EyeClosed_Left,EyeClosed_Right,CurrentBlink_Duration,CurrentBlink_Interval,GazeValid,Foveal_GrayScaleValue,Parafoveal_GrayScaleValue,Headpoint_GrayScaleValue,Image_GrayScaleValue,HMD_pX,HMD_pY,HMD_pZ,HMD_rX,HMD_rY,HMD_rZ,HMD_arX,HMD_arY,HMD_arZ,HMD_aqX,HMD_aqY,HMD_aqZ,HMD_aqW,
0,298,2026-02-23 12:17:49Z,,6.893055,7.215574,6.570536,0.6774756,0,1.638424,0,0,0,0,0,0,5.450758,4.33539,6.566136,0.592854,0.702737,0.482971,7.376475,6.234063,8.518888,0.6284384,0,2.150839,7.135329,6.07093,8.19973,9.733229,10,9.358388,6.893055,7.215574,6.570536,0.6774756,0,1.638424,0,0,0,0,0,0,5.450758,4.33539,6.566136,0.592854,0.702737,0.482971,7.376475,6.234063,8.518888,0.6284384,0,2.150839,7.135329,6.07093,8.19973,9.733229,10,9.358388,-1,-1,-1,-1,-1,-1,-1,-1,-1,-1,-1,-1,-1,-1,-1,-1,-1,-1,-1,-1,-1,-1,-1,-1,-1,-1,-1,-1,-1,-1,-1,-1,-1,-1,-1,-1,-1,-1,-1,-1,-1,-1,-1,-1,-1,-1,-1,-1,-1,-1,0,0,0,0,0,0,-1,-1,-1,-1,-1,-1,-1,-1,-1,-1,-1,-1,0,0,0,0,0,0,-1,-1,-1,-1,-1,-1,-1,-1,-1,-1,-1,-1,-1,-1,False,False,0,0,False,54,0,0,0,0,0,0,0,0,0,0,0,0,0,0,0,1,
0,299,2026-02-23 12:17:49Z,,6.893175,7.215596,6.570753,0.6772726,0,1.638312,0,0,0,0,0,0,5.450911,4.33544,6.566392,0.592854,0.702737,0.482971,7.376545,6.234027,8.519064,0.6283084,0,2.150709,7.135543,6.071045,8.200041,9.733655,10,9.358923,6.893175,7.215596,6.570753,0.6772726,0,1.638312,0,0,0,0,0,0,5.450911,4.33544,6.566392,0.592854,0.702737,0.482971,7.376545,6.234027,8.519064,0.6283084,0,2.150709,7.135543,6.071045,8.200041,9.733655,10,9.358923,-1,-1,-1,-1,-1,-1,-1,-1,-1,-1,-1,-1,-1,-1,-1,-1,-1,-1,-1,-1,-1,-1,-1,-1,-1,-1,-1,-1,-1,-1,-1,-1,-1,-1,-1,-1,-1,-1,-1,-1,-1,-1,-1,-1,-1,-1,-1,-1,-1,-1,0,0,0,0,0,0,-1,-1,-1,-1,-1,-1,-1,-1,-1,-1,-1,-1,0,0,0,0,0,0,-1,-1,-1,-1,-1,-1,-1,-1,-1,-1,-1,-1,-1,-1,False,False,0,0,False,54,0,0,0,0,0,0,0,0,0,0,0,0,0,0,0,1,
0,300,2026-02-23 12:17:49Z,,6.893293,7.215618,6.570969,0.6770709,0,1.638201,0,0,0,0,0,0,5.451064,4.335491,6.566647,0.592854,0.702737,0.482971,7.376615,6.233991,8.519239,0.6281792,0,2.15058,7.135755,6.07116,8.20035,9.734078,10,9.359454,6.893293,7.215618,6.570969,0.6770709,0,1.638201,0,0,0,0,0,0,5.451064,4.335491,6.566647,0.592854,0.702737,0.482971,7.376615,6.233991,8.519239,0.6281792,0,2.15058,7.135755,6.07116,8.20035,9.734078,10,9.359454,-1,-1,-1,-1,-1,-1,-1,-1,-1,-1,-1,-1,-1,-1,-1,-1,-1,-1,-1,-1,-1,-1,-1,-1,-1,-1,-1,-1,-1,-1,-1,-1,-1,-1,-1,-1,-1,-1,-1,-1,-1,-1,-1,-1,-1,-1,-1,-1,-1,-1,0,0,0,0,0,0,-1,-1,-1,-1,-1,-1,-1,-1,-1,-1,-1,-1,0,0,0,0,0,0,-1,-1,-1,-1,-1,-1,-1,-1,-1,-1,-1,-1,-1,-1,False,False,0,0,False,54,0,0,0,0,0,0,0,0,0,0,0,0,0,0,0,1,
0,301,2026-02-23 12:17:49Z,,6.893411,7.215639,6.571184,0.6768706,0,1.638091,0,0,0,0,0,0,5.451215,4.335541,6.5669,0.592854,0.702737,0.482971,7.376684,6.233955,8.519413,0.6280509,0,2.150451,7.135965,6.071274,8.200657,9.734499,10,9.359982,6.893411,7.215639,6.571184,0.6768706,0,1.638091,0,0,0,0,0,0,5.451215,4.335541,6.5669,0.592854,0.702737,0.482971,7.376684,6.233955,8.519413,0.6280509,0,2.150451,7.135965,6.071274,8.200657,9.734499,10,9.359982,-1,-1,-1,-1,-1,-1,-1,-1,-1,-1,-1,-1,-1,-1,-1,-1,-1,-1,-1,-1,-1,-1,-1,-1,-1,-1,-1,-1,-1,-1,-1,-1,-1,-1,-1,-1,-1,-1,-1,-1,-1,-1,-1,-1,-1,-1,-1,-1,-1,-1,0,0,0,0,0,0,-1,-1,-1,-1,-1,-1,-1,-1,-1,-1,-1,-1,0,0,0,0,0,0,-1,-1,-1,-1,-1,-1,-1,-1,-1,-1,-1,-1,-1,-1,False,False,0,0,False,54,0,0,0,0,0,0,0,0,0,0,0,0,0,0,0,1,
0,302,2026-02-23 12:17:49Z,,6.893528,7.21566,6.571396,0.6766717,0,1.637981,0,0,0,0,0,0,5.451366,4.335591,6.567152,0.592854,0.702737,0.482971,7.376752,6.23392,8.519586,0.6279235,0,2.150324,7.136174,6.071387,8.200962,9.734916,10,9.360505,6.893528,7.21566,6.571396,0.6766717,0,1.637981,0,0,0,0,0,0,5.451366,4.335591,6.567152,0.592854,0.702737,0.482971,7.376752,6.23392,8.519586,0.6279235,0,2.150324,7.136174,6.071387,8.200962,9.734916,10,9.360505,-1,-1,-1,-1,-1,-1,-1,-1,-1,-1,-1,-1,-1,-1,-1,-1,-1,-1,-1,-1,-1,-1,-1,-1,-1,-1,-1,-1,-1,-1,-1,-1,-1,-1,-1,-1,-1,-1,-1,-1,-1,-1,-1,-1,-1,-1,-1,-1,-1,-1,0,0,0,0,0,0,-1,-1,-1,-1,-1,-1,-1,-1,-1,-1,-1,-1,0,0,0,0,0,0,-1,-1,-1,-1,-1,-1,-1,-1,-1,-1,-1,-1,-1,-1,False,False,0,0,False,54,0,0,0,0,0,0,0,0,0,0,0,0,0,0,0,1,
0,303,2026-02-23 12:17:49Z,,6.893645,7.215681,6.571608,0.6764741,0,1.637872,0,0,0,0,0,0,5.451515,4.33564,6.567401,0.592854,0.702737,0.482971,7.376821,6.233885,8.519757,0.6277971,0,2.150198,7.136382,6.0715,8.201264,9.735331,10,9.361026,6.893645,7.215681,6.571608,0.6764741,0,1.637872,0,0,0,0,0,0,5.451515,4.33564,6.567401,0.592854,0.702737,0.482971,7.376821,6.233885,8.519757,0.6277971,0,2.150198,7.136382,6.0715,8.201264,9.735331,10,9.361026,-1,-1,-1,-1,-1,-1,-1,-1,-1,-1,-1,-1,-1,-1,-1,-1,-1,-1,-1,-1,-1,-1,-1,-1,-1,-1,-1,-1,-1,-1,-1,-1,-1,-1,-1,-1,-1,-1,-1,-1,-1,-1,-1,-1,-1,-1,-1,-1,-1,-1,0,0,0,0,0,0,-1,-1,-1,-1,-1,-1,-1,-1,-1,-1,-1,-1,0,0,0,0,0,0,-1,-1,-1,-1,-1,-1,-1,-1,-1,-1,-1,-1,-1,-1,False,False,0,0,False,54,0,0,0,0,0,0,0,0,0,0,0,0,0,0,0,1,
0,304,2026-02-23 12:17:49Z,,6.89376,7.215702,6.571818,0.6762779,0,1.637764,0,0,0,0,0,0,5.451664,4.33569,6.567649,0.592854,0.702737,0.482971,7.376888,6.23385,8.519927,0.6276714,0,2.150072,7.136588,6.071611,8.201565,9.735743,10,9.361543,6.89376,7.215702,6.571818,0.6762779,0,1.637764,0,0,0,0,0,0,5.451664,4.33569,6.567649,0.592854,0.702737,0.482971,7.376888,6.23385,8.519927,0.6276714,0,2.150072,7.136588,6.071611,8.201565,9.735743,10,9.361543,-1,-1,-1,-1,-1,-1,-1,-1,-1,-1,-1,-1,-1,-1,-1,-1,-1,-1,-1,-1,-1,-1,-1,-1,-1,-1,-1,-1,-1,-1,-1,-1,-1,-1,-1,-1,-1,-1,-1,-1,-1,-1,-1,-1,-1,-1,-1,-1,-1,-1,0,0,0,0,0,0,-1,-1,-1,-1,-1,-1,-1,-1,-1,-1,-1,-1,0,0,0,0,0,0,-1,-1,-1,-1,-1,-1,-1,-1,-1,-1,-1,-1,-1,-1,False,False,0,0,False,54,0,0,0,0,0,0,0,0,0,0,0,0,0,0,0,1,
0,305,2026-02-23 12:17:49Z,,6.893875,7.215723,6.572026,0.676083,0,1.637656,0,0,0,0,0,0,5.451811,4.335738,6.567895,0.592854,0.702737,0.482971,7.376956,6.233816,8.520096,0.6275466,0,2.149947,7.136793,6.071722,8.201864,9.736152,10,9.362056,6.893875,7.215723,6.572026,0.676083,0,1.637656,0,0,0,0,0,0,5.451811,4.335738,6.567895,0.592854,0.702737,0.482971,7.376956,6.233816,8.520096,0.6275466,0,2.149947,7.136793,6.071722,8.201864,9.736152,10,9.362056,-1,-1,-1,-1,-1,-1,-1,-1,-1,-1,-1,-1,-1,-1,-1,-1,-1,-1,-1,-1,-1,-1,-1,-1,-1,-1,-1,-1,-1,-1,-1,-1,-1,-1,-1,-1,-1,-1,-1,-1,-1,-1,-1,-1,-1,-1,-1,-1,-1,-1,0,0,0,0,0,0,-1,-1,-1,-1,-1,-1,-1,-1,-1,-1,-1,-1,0,0,0,0,0,0,-1,-1,-1,-1,-1,-1,-1,-1,-1,-1,-1,-1,-1,-1,False,False,0,0,False,54,0,0,0,0,0,0,0,0,0,0,0,0,0,0,0,1,
0,306,2026-02-23 12:17:49Z,,6.893989,7.215744,6.572234,0.6758894,0,1.63755,0,0,0,0,0,0,5.451958,4.335786,6.56814,0.592854,0.702737,0.482971,7.377022,6.233781,8.520265,0.6274226,0,2.149823,7.136996,6.071832,8.202161,9.736558,10,9.362565,6.893989,7.215744,6.572234,0.6758894,0,1.63755,0,0,0,0,0,0,5.451958,4.335786,6.56814,0.592854,0.702737,0.482971,7.377022,6.233781,8.520265,0.6274226,0,2.149823,7.136996,6.071832,8.202161,9.736558,10,9.362565,-1,-1,-1,-1,-1,-1,-1,-1,-1,-1,-1,-1,-1,-1,-1,-1,-1,-1,-1,-1,-1,-1,-1,-1,-1,-1,-1,-1,-1,-1,-1,-1,-1,-1,-1,-1,-1,-1,-1,-1,-1,-1,-1,-1,-1,-1,-1,-1,-1,-1,0,0,0,0,0,0,-1,-1,-1,-1,-1,-1,-1,-1,-1,-1,-1,-1,0,0,0,0,0,0,-1,-1,-1,-1,-1,-1,-1,-1,-1,-1,-1,-1,-1,-1,False,False,0,0,False,54,0,0,0,0,0,0,0,0,0,0,0,0,0,0,0,1,
0,307,2026-02-23 12:17:49Z,,6.894102,7.215764,6.572439,0.6756971,0,1.637444,0,0,0,0,0,0,5.452104,4.335835,6.568382,0.592854,0.702737,0.482971,7.377089,6.233747,8.520431,0.6272995,0,2.1497,7.137198,6.071941,8.202456,9.736961,10,9.363072,6.894102,7.215764,6.572439,0.6756971,0,1.637444,0,0,0,0,0,0,5.452104,4.335835,6.568382,0.592854,0.702737,0.482971,7.377089,6.233747,8.520431,0.6272995,0,2.1497,7.137198,6.071941,8.202456,9.736961,10,9.363072,-1,-1,-1,-1,-1,-1,-1,-1,-1,-1,-1,-1,-1,-1,-1,-1,-1,-1,-1,-1,-1,-1,-1,-1,-1,-1,-1,-1,-1,-1,-1,-1,-1,-1,-1,-1,-1,-1,-1,-1,-1,-1,-1,-1,-1,-1,-1,-1,-1,-1,0,0,0,0,0,0,-1,-1,-1,-1,-1,-1,-1,-1,-1,-1,-1,-1,0,0,0,0,0,0,-1,-1,-1,-1,-1,-1,-1,-1,-1,-1,-1,-1,-1,-1,False,False,0,0,False,54,0,0,0,0,0,0,0,0,0,0,0,0,0,0,0,1,
0,308,2026-02-23 12:17:49Z,,6.894214,7.215784,6.572644,0.6755062,0,1.637338,0,0,0,0,0,0,5.452248,4.335883,6.568624,0.592854,0.702737,0.482971,7.377155,6.233713,8.520597,0.6271772,0,2.149578,7.137399,6.07205,8.202748,9.737362,10,9.363575,6.894214,7.215784,6.572644,0.6755062,0,1.637338,0,0,0,0,0,0,5.452248,4.335883,6.568624,0.592854,0.702737,0.482971,7.377155,6.233713,8.520597,0.6271772,0,2.149578,7.137399,6.07205,8.202748,9.737362,10,9.363575,-1,-1,-1,-1,-1,-1,-1,-1,-1,-1,-1,-1,-1,-1,-1,-1,-1,-1,-1,-1,-1,-1,-1,-1,-1,-1,-1,-1,-1,-1,-1,-1,-1,-1,-1,-1,-1,-1,-1,-1,-1,-1,-1,-1,-1,-1,-1,-1,-1,-1,0,0,0,0,0,0,-1,-1,-1,-1,-1,-1,-1,-1,-1,-1,-1,-1,0,0,0,0,0,0,-1,-1,-1,-1,-1,-1,-1,-1,-1,-1,-1,-1,-1,-1,False,False,0,0,False,54,0,0,0,0,0,0,0,0,0,0,0,0,0,0,0,1,
0,309,2026-02-23 12:17:49Z,,6.894326,7.215805,6.572847,0.6753165,0,1.637234,0,0,0,0,0,0,5.452392,4.33593,6.568863,0.592854,0.702737,0.482971,7.37722,6.233679,8.520761,0.6270557,0,2.149456,7.137598,6.072158,8.203038,9.737761,10,9.364075,6.894326,7.215805,6.572847,0.6753165,0,1.637234,0,0,0,0,0,0,5.452392,4.33593,6.568863,0.592854,0.702737,0.482971,7.37722,6.233679,8.520761,0.6270557,0,2.149456,7.137598,6.072158,8.203038,9.737761,10,9.364075,-1,-1,-1,-1,-1,-1,-1,-1,-1,-1,-1,-1,-1,-1,-1,-1,-1,-1,-1,-1,-1,-1,-1,-1,-1,-1,-1,-1,-1,-1,-1,-1,-1,-1,-1,-1,-1,-1,-1,-1,-1,-1,-1,-1,-1,-1,-1,-1,-1,-1,0,0,0,0,0,0,-1,-1,-1,-1,-1,-1,-1,-1,-1,-1,-1,-1,0,0,0,0,0,0,-1,-1,-1,-1,-1,-1,-1,-1,-1,-1,-1,-1,-1,-1,False,False,0,0,False,54,0,0,0,0,0,0,0,0,0,0,0,0,0,0,0,1,
0,310,2026-02-23 12:17:49Z,,6.894437,7.215825,6.573049,0.675128,0,1.63713,0,0,0,0,0,0,5.452534,4.335977,6.569101,0.592854,0.702737,0.482971,7.377285,6.233646,8.520925,0.626935,0,2.149335,7.137796,6.072265,8.203327,9.738155,10,9.364571,6.894437,7.215825,6.573049,0.675128,0,1.63713,0,0,0,0,0,0,5.452534,4.335977,6.569101,0.592854,0.702737,0.482971,7.377285,6.233646,8.520925,0.626935,0,2.149335,7.137796,6.072265,8.203327,9.738155,10,9.364571,-1,-1,-1,-1,-1,-1,-1,-1,-1,-1,-1,-1,-1,-1,-1,-1,-1,-1,-1,-1,-1,-1,-1,-1,-1,-1,-1,-1,-1,-1,-1,-1,-1,-1,-1,-1,-1,-1,-1,-1,-1,-1,-1,-1,-1,-1,-1,-1,-1,-1,0,0,0,0,0,0,-1,-1,-1,-1,-1,-1,-1,-1,-1,-1,-1,-1,0,0,0,0,0,0,-1,-1,-1,-1,-1,-1,-1,-1,-1,-1,-1,-1,-1,-1,False,False,0,0,False,54,0,0,0,0,0,0,0,0,0,0,0,0,0,0,0,1,
0,311,2026-02-23 12:17:49Z,,6.894547,7.215845,6.573249,0.6749408,0,1.637026,0,0,0,0,0,0,5.452676,4.336024,6.569338,0.592854,0.702737,0.482971,7.37735,6.233613,8.521088,0.6268151,0,2.149215,7.137993,6.072372,8.203614,9.738548,10,9.365065,6.894547,7.215845,6.573249,0.6749408,0,1.637026,0,0,0,0,0,0,5.452676,4.336024,6.569338,0.592854,0.702737,0.482971,7.37735,6.233613,8.521088,0.6268151,0,2.149215,7.137993,6.072372,8.203614,9.738548,10,9.365065,-1,-1,-1,-1,-1,-1,-1,-1,-1,-1,-1,-1,-1,-1,-1,-1,-1,-1,-1,-1,-1,-1,-1,-1,-1,-1,-1,-1,-1,-1,-1,-1,-1,-1,-1,-1,-1,-1,-1,-1,-1,-1,-1,-1,-1,-1,-1,-1,-1,-1,0,0,0,0,0,0,-1,-1,-1,-1,-1,-1,-1,-1,-1,-1,-1,-1,0,0,0,0,0,0,-1,-1,-1,-1,-1,-1,-1,-1,-1,-1,-1,-1,-1,-1,False,False,0,0,False,54,0,0,0,0,0,0,0,0,0,0,0,0,0,0,0,1,
0,312,2026-02-23 12:17:49Z,,6.894656,7.215864,6.573448,0.6747547,0,1.636924,0,0,0,0,0,0,5.452816,4.336071,6.569573,0.592854,0.702737,0.482971,7.377414,6.23358,8.521249,0.626696,0,2.149096,7.138188,6.072478,8.203899,9.738939,10,9.365554,6.894656,7.215864,6.573448,0.6747547,0,1.636924,0,0,0,0,0,0,5.452816,4.336071,6.569573,0.592854,0.702737,0.482971,7.377414,6.23358,8.521249,0.626696,0,2.149096,7.138188,6.072478,8.203899,9.738939,10,9.365554,-1,-1,-1,-1,-1,-1,-1,-1,-1,-1,-1,-1,-1,-1,-1,-1,-1,-1,-1,-1,-1,-1,-1,-1,-1,-1,-1,-1,-1,-1,-1,-1,-1,-1,-1,-1,-1,-1,-1,-1,-1,-1,-1,-1,-1,-1,-1,-1,-1,-1,0,0,0,0,0,0,-1,-1,-1,-1,-1,-1,-1,-1,-1,-1,-1,-1,0,0,0,0,0,0,-1,-1,-1,-1,-1,-1,-1,-1,-1,-1,-1,-1,-1,-1,False,False,0,0,False,54,0,0,0,0,0,0,0,0,0,0,0,0,0,0,0,1,
0,313,2026-02-23 12:17:49Z,,6.894765,7.215884,6.573646,0.67457,0,1.636822,0,0,0,0,0,0,5.452956,4.336117,6.569807,0.592854,0.702737,0.482971,7.377478,6.233547,8.521409,0.6265777,0,2.148978,7.138382,6.072583,8.204183,9.739326,10,9.366041,6.894765,7.215884,6.573646,0.67457,0,1.636822,0,0,0,0,0,0,5.452956,4.336117,6.569807,0.592854,0.702737,0.482971,7.377478,6.233547,8.521409,0.6265777,0,2.148978,7.138382,6.072583,8.204183,9.739326,10,9.366041,-1,-1,-1,-1,-1,-1,-1,-1,-1,-1,-1,-1,-1,-1,-1,-1,-1,-1,-1,-1,-1,-1,-1,-1,-1,-1,-1,-1,-1,-1,-1,-1,-1,-1,-1,-1,-1,-1,-1,-1,-1,-1,-1,-1,-1,-1,-1,-1,-1,-1,0,0,0,0,0,0,-1,-1,-1,-1,-1,-1,-1,-1,-1,-1,-1,-1,0,0,0,0,0,0,-1,-1,-1,-1,-1,-1,-1,-1,-1,-1,-1,-1,-1,-1,False,False,0,0,False,54,0,0,0,0,0,0,0,0,0,0,0,0,0,0,0,1,
0,314,2026-02-23 12:17:49Z,,6.894873,7.215903,6.573843,0.6743864,0,1.636721,0,0,0,0,0,0,5.453095,4.336163,6.570038,0.592854,0.702737,0.482971,7.377541,6.233514,8.521568,0.6264601,0,2.14886,7.138575,6.072687,8.204464,9.739712,10,9.366525,6.894873,7.215903,6.573843,0.6743864,0,1.636721,0,0,0,0,0,0,5.453095,4.336163,6.570038,0.592854,0.702737,0.482971,7.377541,6.233514,8.521568,0.6264601,0,2.14886,7.138575,6.072687,8.204464,9.739712,10,9.366525,-1,-1,-1,-1,-1,-1,-1,-1,-1,-1,-1,-1,-1,-1,-1,-1,-1,-1,-1,-1,-1,-1,-1,-1,-1,-1,-1,-1,-1,-1,-1,-1,-1,-1,-1,-1,-1,-1,-1,-1,-1,-1,-1,-1,-1,-1,-1,-1,-1,-1,0,0,0,0,0,0,-1,-1,-1,-1,-1,-1,-1,-1,-1,-1,-1,-1,0,0,0,0,0,0,-1,-1,-1,-1,-1,-1,-1,-1,-1,-1,-1,-1,-1,-1,False,False,0,0,False,54,0,0,0,0,0,0,0,0,0,0,0,0,0,0,0,1,
0,315,2026-02-23 12:17:49Z,,6.89498,7.215923,6.574038,0.674204,0,1.63662,0,0,0,0,0,0,5.453233,4.336208,6.570269,0.592854,0.702737,0.482971,7.377604,6.233482,8.521727,0.6263433,0,2.148744,7.138767,6.072791,8.204743,9.740095,10,9.367004,6.89498,7.215923,6.574038,0.674204,0,1.63662,0,0,0,0,0,0,5.453233,4.336208,6.570269,0.592854,0.702737,0.482971,7.377604,6.233482,8.521727,0.6263433,0,2.148744,7.138767,6.072791,8.204743,9.740095,10,9.367004,-1,-1,-1,-1,-1,-1,-1,-1,-1,-1,-1,-1,-1,-1,-1,-1,-1,-1,-1,-1,-1,-1,-1,-1,-1,-1,-1,-1,-1,-1,-1,-1,-1,-1,-1,-1,-1,-1,-1,-1,-1,-1,-1,-1,-1,-1,-1,-1,-1,-1,0,0,0,0,0,0,-1,-1,-1,-1,-1,-1,-1,-1,-1,-1,-1,-1,0,0,0,0,0,0,-1,-1,-1,-1,-1,-1,-1,-1,-1,-1,-1,-1,-1,-1,False,False,0,0,False,54,0,0,0,0,0,0,0,0,0,0,0,0,0,0,0,1,
0,316,2026-02-23 12:17:49Z,,6.895087,7.215942,6.574232,0.6740227,0,1.63652,0,0,0,0,0,0,5.453371,4.336254,6.570498,0.592854,0.702737,0.482971,7.377666,6.23345,8.521884,0.6262273,0,2.148628,7.138957,6.072894,8.205021,9.740475,10,9.367482,6.895087,7.215942,6.574232,0.6740227,0,1.63652,0,0,0,0,0,0,5.453371,4.336254,6.570498,0.592854,0.702737,0.482971,7.377666,6.23345,8.521884,0.6262273,0,2.148628,7.138957,6.072894,8.205021,9.740475,10,9.367482,-1,-1,-1,-1,-1,-1,-1,-1,-1,-1,-1,-1,-1,-1,-1,-1,-1,-1,-1,-1,-1,-1,-1,-1,-1,-1,-1,-1,-1,-1,-1,-1,-1,-1,-1,-1,-1,-1,-1,-1,-1,-1,-1,-1,-1,-1,-1,-1,-1,-1,0,0,0,0,0,0,-1,-1,-1,-1,-1,-1,-1,-1,-1,-1,-1,-1,0,0,0,0,0,0,-1,-1,-1,-1,-1,-1,-1,-1,-1,-1,-1,-1,-1,-1,False,False,0,0,False,54,0,0,0,0,0,0,0,0,0,0,0,0,0,0,0,1,
0,317,2026-02-23 12:17:49Z,,6.895193,7.215961,6.574424,0.6738427,0,1.636421,0,0,0,0,0,0,5.453507,4.336299,6.570725,0.592854,0.702737,0.482971,7.377729,6.233418,8.52204,0.6261119,0,2.148512,7.139146,6.072997,8.205297,9.740853,10,9.367956,6.895193,7.215961,6.574424,0.6738427,0,1.636421,0,0,0,0,0,0,5.453507,4.336299,6.570725,0.592854,0.702737,0.482971,7.377729,6.233418,8.52204,0.6261119,0,2.148512,7.139146,6.072997,8.205297,9.740853,10,9.367956,-1,-1,-1,-1,-1,-1,-1,-1,-1,-1,-1,-1,-1,-1,-1,-1,-1,-1,-1,-1,-1,-1,-1,-1,-1,-1,-1,-1,-1,-1,-1,-1,-1,-1,-1,-1,-1,-1,-1,-1,-1,-1,-1,-1,-1,-1,-1,-1,-1,-1,0,0,0,0,0,0,-1,-1,-1,-1,-1,-1,-1,-1,-1,-1,-1,-1,0,0,0,0,0,0,-1,-1,-1,-1,-1,-1,-1,-1,-1,-1,-1,-1,-1,-1,False,False,0,0,False,54,0,0,0,0,0,0,0,0,0,0,0,0,0,0,0,1,
0,318,2026-02-23 12:17:49Z,,6.895298,7.215981,6.574616,0.6736638,0,1.636322,0,0,0,0,0,0,5.453642,4.336344,6.570951,0.592854,0.702737,0.482971,7.37779,6.233386,8.522196,0.6259974,0,2.148398,7.139334,6.073098,8.205571,9.741228,10,9.368427,6.895298,7.215981,6.574616,0.6736638,0,1.636322,0,0,0,0,0,0,5.453642,4.336344,6.570951,0.592854,0.702737,0.482971,7.37779,6.233386,8.522196,0.6259974,0,2.148398,7.139334,6.073098,8.205571,9.741228,10,9.368427,-1,-1,-1,-1,-1,-1,-1,-1,-1,-1,-1,-1,-1,-1,-1,-1,-1,-1,-1,-1,-1,-1,-1,-1,-1,-1,-1,-1,-1,-1,-1,-1,-1,-1,-1,-1,-1,-1,-1,-1,-1,-1,-1,-1,-1,-1,-1,-1,-1,-1,0,0,0,0,0,0,-1,-1,-1,-1,-1,-1,-1,-1,-1,-1,-1,-1,0,0,0,0,0,0,-1,-1,-1,-1,-1,-1,-1,-1,-1,-1,-1,-1,-1,-1,False,False,0,0,False,54,0,0,0,0,0,0,0,0,0,0,0,0,0,0,0,1,
0,319,2026-02-23 12:17:49Z,,6.895403,7.216,6.574806,0.673486,0,1.636224,0,0,0,0,0,0,5.453777,4.336388,6.571176,0.592854,0.702737,0.482971,7.377852,6.233355,8.522349,0.6258835,0,2.148284,7.139521,6.073199,8.205844,9.741602,10,9.368896,6.895403,7.216,6.574806,0.673486,0,1.636224,0,0,0,0,0,0,5.453777,4.336388,6.571176,0.592854,0.702737,0.482971,7.377852,6.233355,8.522349,0.6258835,0,2.148284,7.139521,6.073199,8.205844,9.741602,10,9.368896,-1,-1,-1,-1,-1,-1,-1,-1,-1,-1,-1,-1,-1,-1,-1,-1,-1,-1,-1,-1,-1,-1,-1,-1,-1,-1,-1,-1,-1,-1,-1,-1,-1,-1,-1,-1,-1,-1,-1,-1,-1,-1,-1,-1,-1,-1,-1,-1,-1,-1,0,0,0,0,0,0,-1,-1,-1,-1,-1,-1,-1,-1,-1,-1,-1,-1,0,0,0,0,0,0,-1,-1,-1,-1,-1,-1,-1,-1,-1,-1,-1,-1,-1,-1,False,False,0,0,False,54,0,0,0,0,0,0,0,0,0,0,0,0,0,0,0,1,
0,320,2026-02-23 12:17:49Z,,6.895507,7.216018,6.574995,0.6733094,0,1.636127,0,0,0,0,0,0,5.45391,4.336432,6.571399,0.592854,0.702737,0.482971,7.377913,6.233323,8.522503,0.6257704,0,2.148171,7.139707,6.0733,8.206115,9.741972,10,9.369361,6.895507,7.216018,6.574995,0.6733094,0,1.636127,0,0,0,0,0,0,5.45391,4.336432,6.571399,0.592854,0.702737,0.482971,7.377913,6.233323,8.522503,0.6257704,0,2.148171,7.139707,6.0733,8.206115,9.741972,10,9.369361,-1,-1,-1,-1,-1,-1,-1,-1,-1,-1,-1,-1,-1,-1,-1,-1,-1,-1,-1,-1,-1,-1,-1,-1,-1,-1,-1,-1,-1,-1,-1,-1,-1,-1,-1,-1,-1,-1,-1,-1,-1,-1,-1,-1,-1,-1,-1,-1,-1,-1,0,0,0,0,0,0,-1,-1,-1,-1,-1,-1,-1,-1,-1,-1,-1,-1,0,0,0,0,0,0,-1,-1,-1,-1,-1,-1,-1,-1,-1,-1,-1,-1,-1,-1,False,False,0,0,False,54,0,0,0,0,0,0,0,0,0,0,0,0,0,0,0,1,
0,321,2026-02-23 12:17:49Z,,6.89561,7.216037,6.575183,0.6731339,0,1.63603,0,0,0,0,0,0,5.454043,4.336476,6.57162,0.592854,0.702737,0.482971,7.377974,6.233292,8.522655,0.625658,0,2.148058,7.139891,6.0734,8.206384,9.742341,10,9.369823,6.89561,7.216037,6.575183,0.6731339,0,1.63603,0,0,0,0,0,0,5.454043,4.336476,6.57162,0.592854,0.702737,0.482971,7.377974,6.233292,8.522655,0.625658,0,2.148058,7.139891,6.0734,8.206384,9.742341,10,9.369823,-1,-1,-1,-1,-1,-1,-1,-1,-1,-1,-1,-1,-1,-1,-1,-1,-1,-1,-1,-1,-1,-1,-1,-1,-1,-1,-1,-1,-1,-1,-1,-1,-1,-1,-1,-1,-1,-1,-1,-1,-1,-1,-1,-1,-1,-1,-1,-1,-1,-1,0,0,0,0,0,0,-1,-1,-1,-1,-1,-1,-1,-1,-1,-1,-1,-1,0,0,0,0,0,0,-1,-1,-1,-1,-1,-1,-1,-1,-1,-1,-1,-1,-1,-1,False,False,0,0,False,54,0,0,0,0,0,0,0,0,0,0,0,0,0,0,0,1,
0,322,2026-02-23 12:17:49Z,,6.895713,7.216055,6.57537,0.6729594,0,1.635934,0,0,0,0,0,0,5.454175,4.33652,6.571841,0.592854,0.702737,0.482971,7.378034,6.233261,8.522807,0.6255463,0,2.147947,7.140074,6.073499,8.206651,9.742706,10,9.370283,6.895713,7.216055,6.57537,0.6729594,0,1.635934,0,0,0,0,0,0,5.454175,4.33652,6.571841,0.592854,0.702737,0.482971,7.378034,6.233261,8.522807,0.6255463,0,2.147947,7.140074,6.073499,8.206651,9.742706,10,9.370283,-1,-1,-1,-1,-1,-1,-1,-1,-1,-1,-1,-1,-1,-1,-1,-1,-1,-1,-1,-1,-1,-1,-1,-1,-1,-1,-1,-1,-1,-1,-1,-1,-1,-1,-1,-1,-1,-1,-1,-1,-1,-1,-1,-1,-1,-1,-1,-1,-1,-1,0,0,0,0,0,0,-1,-1,-1,-1,-1,-1,-1,-1,-1,-1,-1,-1,0,0,0,0,0,0,-1,-1,-1,-1,-1,-1,-1,-1,-1,-1,-1,-1,-1,-1,False,False,0,0,False,54,0,0,0,0,0,0,0,0,0,0,0,0,0,0,0,1,
0,323,2026-02-23 12:17:49Z,,6.895814,7.216074,6.575555,0.6727861,0,1.635838,0,0,0,0,0,0,5.454306,4.336563,6.57206,0.592854,0.702737,0.482971,7.378093,6.23323,8.522957,0.6254353,0,2.147836,7.140256,6.073597,8.206916,9.743071,10,9.370739,6.895814,7.216074,6.575555,0.6727861,0,1.635838,0,0,0,0,0,0,5.454306,4.336563,6.57206,0.592854,0.702737,0.482971,7.378093,6.23323,8.522957,0.6254353,0,2.147836,7.140256,6.073597,8.206916,9.743071,10,9.370739,-1,-1,-1,-1,-1,-1,-1,-1,-1,-1,-1,-1,-1,-1,-1,-1,-1,-1,-1,-1,-1,-1,-1,-1,-1,-1,-1,-1,-1,-1,-1,-1,-1,-1,-1,-1,-1,-1,-1,-1,-1,-1,-1,-1,-1,-1,-1,-1,-1,-1,0,0,0,0,0,0,-1,-1,-1,-1,-1,-1,-1,-1,-1,-1,-1,-1,0,0,0,0,0,0,-1,-1,-1,-1,-1,-1,-1,-1,-1,-1,-1,-1,-1,-1,False,False,0,0,False,54,0,0,0,0,0,0,0,0,0,0,0,0,0,0,0,1,
0,324,2026-02-23 12:17:49Z,,6.895916,7.216092,6.575739,0.6726139,0,1.635743,0,0,0,0,0,0,5.454437,4.336607,6.572278,0.592854,0.702737,0.482971,7.378153,6.2332,8.523107,0.625325,0,2.147725,7.140437,6.073695,8.20718,9.743432,10,9.371193,6.895916,7.216092,6.575739,0.6726139,0,1.635743,0,0,0,0,0,0,5.454437,4.336607,6.572278,0.592854,0.702737,0.482971,7.378153,6.2332,8.523107,0.625325,0,2.147725,7.140437,6.073695,8.20718,9.743432,10,9.371193,-1,-1,-1,-1,-1,-1,-1,-1,-1,-1,-1,-1,-1,-1,-1,-1,-1,-1,-1,-1,-1,-1,-1,-1,-1,-1,-1,-1,-1,-1,-1,-1,-1,-1,-1,-1,-1,-1,-1,-1,-1,-1,-1,-1,-1,-1,-1,-1,-1,-1,0,0,0,0,0,0,-1,-1,-1,-1,-1,-1,-1,-1,-1,-1,-1,-1,0,0,0,0,0,0,-1,-1,-1,-1,-1,-1,-1,-1,-1,-1,-1,-1,-1,-1,False,False,0,0,False,54,0,0,0,0,0,0,0,0,0,0,0,0,0,0,0,1,
0,325,2026-02-23 12:17:49Z,,6.896017,7.216111,6.575923,0.6724427,0,1.635649,0,0,0,0,0,0,5.454566,4.336649,6.572494,0.592854,0.702737,0.482971,7.378212,6.233169,8.523255,0.6252154,0,2.147616,7.140617,6.073793,8.207442,9.743792,10,9.371644,6.896017,7.216111,6.575923,0.6724427,0,1.635649,0,0,0,0,0,0,5.454566,4.336649,6.572494,0.592854,0.702737,0.482971,7.378212,6.233169,8.523255,0.6252154,0,2.147616,7.140617,6.073793,8.207442,9.743792,10,9.371644,-1,-1,-1,-1,-1,-1,-1,-1,-1,-1,-1,-1,-1,-1,-1,-1,-1,-1,-1,-1,-1,-1,-1,-1,-1,-1,-1,-1,-1,-1,-1,-1,-1,-1,-1,-1,-1,-1,-1,-1,-1,-1,-1,-1,-1,-1,-1,-1,-1,-1,0,0,0,0,0,0,-1,-1,-1,-1,-1,-1,-1,-1,-1,-1,-1,-1,0,0,0,0,0,0,-1,-1,-1,-1,-1,-1,-1,-1,-1,-1,-1,-1,-1,-1,False,False,0,0,False,54,0,0,0,0,0,0,0,0,0,0,0,0,0,0,0,1,
0,326,2026-02-23 12:17:49Z,,6.896117,7.216129,6.576105,0.6722725,0,1.635555,0,0,0,0,0,0,5.454695,4.336692,6.572709,0.592854,0.702737,0.482971,7.378271,6.233139,8.523403,0.6251065,0,2.147507,7.140796,6.073889,8.207704,9.744148,10,9.372092,6.896117,7.216129,6.576105,0.6722725,0,1.635555,0,0,0,0,0,0,5.454695,4.336692,6.572709,0.592854,0.702737,0.482971,7.378271,6.233139,8.523403,0.6251065,0,2.147507,7.140796,6.073889,8.207704,9.744148,10,9.372092,-1,-1,-1,-1,-1,-1,-1,-1,-1,-1,-1,-1,-1,-1,-1,-1,-1,-1,-1,-1,-1,-1,-1,-1,-1,-1,-1,-1,-1,-1,-1,-1,-1,-1,-1,-1,-1,-1,-1,-1,-1,-1,-1,-1,-1,-1,-1,-1,-1,-1,0,0,0,0,0,0,-1,-1,-1,-1,-1,-1,-1,-1,-1,-1,-1,-1,0,0,0,0,0,0,-1,-1,-1,-1,-1,-1,-1,-1,-1,-1,-1,-1,-1,-1,False,False,0,0,False,54,0,0,0,0,0,0,0,0,0,0,0,0,0,0,0,1,
0,327,2026-02-23 12:17:49Z,,6.896216,7.216146,6.576286,0.6721035,0,1.635462,0,0,0,0,0,0,5.454823,4.336734,6.572922,0.592854,0.702737,0.482971,7.378329,6.233109,8.523549,0.6249982,0,2.147398,7.140974,6.073986,8.207962,9.744503,10,9.372538,6.896216,7.216146,6.576286,0.6721035,0,1.635462,0,0,0,0,0,0,5.454823,4.336734,6.572922,0.592854,0.702737,0.482971,7.378329,6.233109,8.523549,0.6249982,0,2.147398,7.140974,6.073986,8.207962,9.744503,10,9.372538,-1,-1,-1,-1,-1,-1,-1,-1,-1,-1,-1,-1,-1,-1,-1,-1,-1,-1,-1,-1,-1,-1,-1,-1,-1,-1,-1,-1,-1,-1,-1,-1,-1,-1,-1,-1,-1,-1,-1,-1,-1,-1,-1,-1,-1,-1,-1,-1,-1,-1,0,0,0,0,0,0,-1,-1,-1,-1,-1,-1,-1,-1,-1,-1,-1,-1,0,0,0,0,0,0,-1,-1,-1,-1,-1,-1,-1,-1,-1,-1,-1,-1,-1,-1,False,False,0,0,False,54,0,0,0,0,0,0,0,0,0,0,0,0,0,0,0,1,
0,328,2026-02-23 12:17:49Z,,6.896315,7.216165,6.576466,0.6719354,0,1.635369,0,0,0,0,0,0,5.45495,4.336776,6.573134,0.592854,0.702737,0.482971,7.378387,6.233079,8.523695,0.6248906,0,2.147291,7.14115,6.074081,8.20822,9.744856,10,9.37298,6.896315,7.216165,6.576466,0.6719354,0,1.635369,0,0,0,0,0,0,5.45495,4.336776,6.573134,0.592854,0.702737,0.482971,7.378387,6.233079,8.523695,0.6248906,0,2.147291,7.14115,6.074081,8.20822,9.744856,10,9.37298,-1,-1,-1,-1,-1,-1,-1,-1,-1,-1,-1,-1,-1,-1,-1,-1,-1,-1,-1,-1,-1,-1,-1,-1,-1,-1,-1,-1,-1,-1,-1,-1,-1,-1,-1,-1,-1,-1,-1,-1,-1,-1,-1,-1,-1,-1,-1,-1,-1,-1,0,0,0,0,0,0,-1,-1,-1,-1,-1,-1,-1,-1,-1,-1,-1,-1,0,0,0,0,0,0,-1,-1,-1,-1,-1,-1,-1,-1,-1,-1,-1,-1,-1,-1,False,False,0,0,False,54,0,0,0,0,0,0,0,0,0,0,0,0,0,0,0,1,
0,329,2026-02-23 12:17:49Z,,6.896413,7.216182,6.576644,0.6717684,0,1.635277,0,0,0,0,0,0,5.455077,4.336818,6.573345,0.592854,0.702737,0.482971,7.378445,6.233049,8.52384,0.6247836,0,2.147184,7.141325,6.074176,8.208476,9.745206,10,9.37342,6.896413,7.216182,6.576644,0.6717684,0,1.635277,0,0,0,0,0,0,5.455077,4.336818,6.573345,0.592854,0.702737,0.482971,7.378445,6.233049,8.52384,0.6247836,0,2.147184,7.141325,6.074176,8.208476,9.745206,10,9.37342,-1,-1,-1,-1,-1,-1,-1,-1,-1,-1,-1,-1,-1,-1,-1,-1,-1,-1,-1,-1,-1,-1,-1,-1,-1,-1,-1,-1,-1,-1,-1,-1,-1,-1,-1,-1,-1,-1,-1,-1,-1,-1,-1,-1,-1,-1,-1,-1,-1,-1,0,0,0,0,0,0,-1,-1,-1,-1,-1,-1,-1,-1,-1,-1,-1,-1,0,0,0,0,0,0,-1,-1,-1,-1,-1,-1,-1,-1,-1,-1,-1,-1,-1,-1,False,False,0,0,False,54,0,0,0,0,0,0,0,0,0,0,0,0,0,0,0,1,
0,330,2026-02-23 12:17:49Z,,6.896511,7.2162,6.576822,0.6716024,0,1.635185,0,0,0,0,0,0,5.455202,4.33686,6.573555,0.592854,0.702737,0.482971,7.378502,6.23302,8.523984,0.6246773,0,2.147078,7.1415,6.074271,8.208731,9.745555,10,9.373857,6.896511,7.2162,6.576822,0.6716024,0,1.635185,0,0,0,0,0,0,5.455202,4.33686,6.573555,0.592854,0.702737,0.482971,7.378502,6.23302,8.523984,0.6246773,0,2.147078,7.1415,6.074271,8.208731,9.745555,10,9.373857,-1,-1,-1,-1,-1,-1,-1,-1,-1,-1,-1,-1,-1,-1,-1,-1,-1,-1,-1,-1,-1,-1,-1,-1,-1,-1,-1,-1,-1,-1,-1,-1,-1,-1,-1,-1,-1,-1,-1,-1,-1,-1,-1,-1,-1,-1,-1,-1,-1,-1,0,0,0,0,0,0,-1,-1,-1,-1,-1,-1,-1,-1,-1,-1,-1,-1,0,0,0,0,0,0,-1,-1,-1,-1,-1,-1,-1,-1,-1,-1,-1,-1,-1,-1,False,False,0,0,False,54,0,0,0,0,0,0,0,0,0,0,0,0,0,0,0,1,
0,331,2026-02-23 12:17:49Z,,6.896608,7.216218,6.576999,0.6714374,0,1.635094,0,0,0,0,0,0,5.455327,4.336901,6.573763,0.592854,0.702737,0.482971,7.378559,6.232991,8.524127,0.6245716,0,2.146972,7.141674,6.074365,8.208983,9.745901,10,9.374291,6.896608,7.216218,6.576999,0.6714374,0,1.635094,0,0,0,0,0,0,5.455327,4.336901,6.573763,0.592854,0.702737,0.482971,7.378559,6.232991,8.524127,0.6245716,0,2.146972,7.141674,6.074365,8.208983,9.745901,10,9.374291,-1,-1,-1,-1,-1,-1,-1,-1,-1,-1,-1,-1,-1,-1,-1,-1,-1,-1,-1,-1,-1,-1,-1,-1,-1,-1,-1,-1,-1,-1,-1,-1,-1,-1,-1,-1,-1,-1,-1,-1,-1,-1,-1,-1,-1,-1,-1,-1,-1,-1,0,0,0,0,0,0,-1,-1,-1,-1,-1,-1,-1,-1,-1,-1,-1,-1,0,0,0,0,0,0,-1,-1,-1,-1,-1,-1,-1,-1,-1,-1,-1,-1,-1,-1,False,False,0,0,False,54,0,0,0,0,0,0,0,0,0,0,0,0,0,0,0,1,
0,332,2026-02-23 12:17:49Z,,6.896705,7.216235,6.577174,0.6712734,0,1.635004,0,0,0,0,0,0,5.455451,4.336942,6.573971,0.592854,0.702737,0.482971,7.378615,6.232962,8.52427,0.6244666,0,2.146867,7.141846,6.074458,8.209234,9.746245,10,9.374723,6.896705,7.216235,6.577174,0.6712734,0,1.635004,0,0,0,0,0,0,5.455451,4.336942,6.573971,0.592854,0.702737,0.482971,7.378615,6.232962,8.52427,0.6244666,0,2.146867,7.141846,6.074458,8.209234,9.746245,10,9.374723,-1,-1,-1,-1,-1,-1,-1,-1,-1,-1,-1,-1,-1,-1,-1,-1,-1,-1,-1,-1,-1,-1,-1,-1,-1,-1,-1,-1,-1,-1,-1,-1,-1,-1,-1,-1,-1,-1,-1,-1,-1,-1,-1,-1,-1,-1,-1,-1,-1,-1,0,0,0,0,0,0,-1,-1,-1,-1,-1,-1,-1,-1,-1,-1,-1,-1,0,0,0,0,0,0,-1,-1,-1,-1,-1,-1,-1,-1,-1,-1,-1,-1,-1,-1,False,False,0,0,False,54,0,0,0,0,0,0,0,0,0,0,0,0,0,0,0,1,
0,333,2026-02-23 12:17:50Z,,6.896801,7.216252,6.577349,0.6711104,0,1.634914,0,0,0,0,0,0,5.455575,4.336983,6.574177,0.592854,0.702737,0.482971,7.378672,6.232933,8.524411,0.6243622,0,2.146763,7.142017,6.074551,8.209484,9.746587,10,9.375153,6.896801,7.216252,6.577349,0.6711104,0,1.634914,0,0,0,0,0,0,5.455575,4.336983,6.574177,0.592854,0.702737,0.482971,7.378672,6.232933,8.524411,0.6243622,0,2.146763,7.142017,6.074551,8.209484,9.746587,10,9.375153,-1,-1,-1,-1,-1,-1,-1,-1,-1,-1,-1,-1,-1,-1,-1,-1,-1,-1,-1,-1,-1,-1,-1,-1,-1,-1,-1,-1,-1,-1,-1,-1,-1,-1,-1,-1,-1,-1,-1,-1,-1,-1,-1,-1,-1,-1,-1,-1,-1,-1,0,0,0,0,0,0,-1,-1,-1,-1,-1,-1,-1,-1,-1,-1,-1,-1,0,0,0,0,0,0,-1,-1,-1,-1,-1,-1,-1,-1,-1,-1,-1,-1,-1,-1,False,False,0,0,False,54,0,0,0,0,0,0,0,0,0,0,0,0,0,0,0,1,
0,334,2026-02-23 12:17:50Z,,6.896896,7.216269,6.577522,0.6709483,0,1.634825,0,0,0,0,0,0,5.455697,4.337023,6.574381,0.592854,0.702737,0.482971,7.378728,6.232904,8.524551,0.6242585,0,2.146659,7.142187,6.074643,8.209733,9.746927,10,9.37558,6.896896,7.216269,6.577522,0.6709483,0,1.634825,0,0,0,0,0,0,5.455697,4.337023,6.574381,0.592854,0.702737,0.482971,7.378728,6.232904,8.524551,0.6242585,0,2.146659,7.142187,6.074643,8.209733,9.746927,10,9.37558,-1,-1,-1,-1,-1,-1,-1,-1,-1,-1,-1,-1,-1,-1,-1,-1,-1,-1,-1,-1,-1,-1,-1,-1,-1,-1,-1,-1,-1,-1,-1,-1,-1,-1,-1,-1,-1,-1,-1,-1,-1,-1,-1,-1,-1,-1,-1,-1,-1,-1,0,0,0,0,0,0,-1,-1,-1,-1,-1,-1,-1,-1,-1,-1,-1,-1,0,0,0,0,0,0,-1,-1,-1,-1,-1,-1,-1,-1,-1,-1,-1,-1,-1,-1,False,False,0,0,False,54,0,0,0,0,0,0,0,0,0,0,0,0,0,0,0,1,
0,335,2026-02-23 12:17:50Z,,6.896991,7.216287,6.577694,0.6707872,0,1.634736,0,0,0,0,0,0,5.455819,4.337063,6.574585,0.592854,0.702737,0.482971,7.378783,6.232875,8.524692,0.6241553,0,2.146556,7.142356,6.074734,8.209979,9.747265,10,9.376004,6.896991,7.216287,6.577694,0.6707872,0,1.634736,0,0,0,0,0,0,5.455819,4.337063,6.574585,0.592854,0.702737,0.482971,7.378783,6.232875,8.524692,0.6241553,0,2.146556,7.142356,6.074734,8.209979,9.747265,10,9.376004,-1,-1,-1,-1,-1,-1,-1,-1,-1,-1,-1,-1,-1,-1,-1,-1,-1,-1,-1,-1,-1,-1,-1,-1,-1,-1,-1,-1,-1,-1,-1,-1,-1,-1,-1,-1,-1,-1,-1,-1,-1,-1,-1,-1,-1,-1,-1,-1,-1,-1,0,0,0,0,0,0,-1,-1,-1,-1,-1,-1,-1,-1,-1,-1,-1,-1,0,0,0,0,0,0,-1,-1,-1,-1,-1,-1,-1,-1,-1,-1,-1,-1,-1,-1,False,False,0,0,False,54,0,0,0,0,0,0,0,0,0,0,0,0,0,0,0,1,
0,336,2026-02-23 12:17:50Z,,6.897085,7.216304,6.577866,0.6706271,0,1.634647,0,0,0,0,0,0,5.45594,4.337103,6.574787,0.592854,0.702737,0.482971,7.378839,6.232847,8.524831,0.6240528,0,2.146453,7.142525,6.074825,8.210225,9.747602,10,9.376426,6.897085,7.216304,6.577866,0.6706271,0,1.634647,0,0,0,0,0,0,5.45594,4.337103,6.574787,0.592854,0.702737,0.482971,7.378839,6.232847,8.524831,0.6240528,0,2.146453,7.142525,6.074825,8.210225,9.747602,10,9.376426,-1,-1,-1,-1,-1,-1,-1,-1,-1,-1,-1,-1,-1,-1,-1,-1,-1,-1,-1,-1,-1,-1,-1,-1,-1,-1,-1,-1,-1,-1,-1,-1,-1,-1,-1,-1,-1,-1,-1,-1,-1,-1,-1,-1,-1,-1,-1,-1,-1,-1,0,0,0,0,0,0,-1,-1,-1,-1,-1,-1,-1,-1,-1,-1,-1,-1,0,0,0,0,0,0,-1,-1,-1,-1,-1,-1,-1,-1,-1,-1,-1,-1,-1,-1,False,False,0,0,False,54,0,0,0,0,0,0,0,0,0,0,0,0,0,0,0,1,
0,337,2026-02-23 12:17:50Z,,6.897179,7.216321,6.578036,0.6704679,0,1.63456,0,0,0,0,0,0,5.45606,4.337143,6.574988,0.592854,0.702737,0.482971,7.378893,6.232819,8.524969,0.6239508,0,2.146351,7.142692,6.074916,8.210468,9.747935,10,9.376845,6.897179,7.216321,6.578036,0.6704679,0,1.63456,0,0,0,0,0,0,5.45606,4.337143,6.574988,0.592854,0.702737,0.482971,7.378893,6.232819,8.524969,0.6239508,0,2.146351,7.142692,6.074916,8.210468,9.747935,10,9.376845,-1,-1,-1,-1,-1,-1,-1,-1,-1,-1,-1,-1,-1,-1,-1,-1,-1,-1,-1,-1,-1,-1,-1,-1,-1,-1,-1,-1,-1,-1,-1,-1,-1,-1,-1,-1,-1,-1,-1,-1,-1,-1,-1,-1,-1,-1,-1,-1,-1,-1,0,0,0,0,0,0,-1,-1,-1,-1,-1,-1,-1,-1,-1,-1,-1,-1,0,0,0,0,0,0,-1,-1,-1,-1,-1,-1,-1,-1,-1,-1,-1,-1,-1,-1,False,False,0,0,False,54,0,0,0,0,0,0,0,0,0,0,0,0,0,0,0,1,
0,338,2026-02-23 12:17:50Z,,6.897272,7.216338,6.578206,0.6703097,0,1.634472,0,0,0,0,0,0,5.456181,4.337183,6.575188,0.592854,0.702737,0.482971,7.378948,6.23279,8.525106,0.6238495,0,2.14625,7.142858,6.075006,8.210711,9.748267,10,9.377262,6.897272,7.216338,6.578206,0.6703097,0,1.634472,0,0,0,0,0,0,5.456181,4.337183,6.575188,0.592854,0.702737,0.482971,7.378948,6.23279,8.525106,0.6238495,0,2.14625,7.142858,6.075006,8.210711,9.748267,10,9.377262,-1,-1,-1,-1,-1,-1,-1,-1,-1,-1,-1,-1,-1,-1,-1,-1,-1,-1,-1,-1,-1,-1,-1,-1,-1,-1,-1,-1,-1,-1,-1,-1,-1,-1,-1,-1,-1,-1,-1,-1,-1,-1,-1,-1,-1,-1,-1,-1,-1,-1,0,0,0,0,0,0,-1,-1,-1,-1,-1,-1,-1,-1,-1,-1,-1,-1,0,0,0,0,0,0,-1,-1,-1,-1,-1,-1,-1,-1,-1,-1,-1,-1,-1,-1,False,False,0,0,False,54,0,0,0,0,0,0,0,0,0,0,0,0,0,0,0,1,
0,339,2026-02-23 12:17:50Z,,6.897364,7.216354,6.578374,0.6701524,0,1.634386,0,0,0,0,0,0,5.456299,4.337223,6.575387,0.592854,0.702737,0.482971,7.379003,6.232763,8.525243,0.6237488,0,2.146149,7.143023,6.075095,8.210953,9.748598,10,9.377676,6.897364,7.216354,6.578374,0.6701524,0,1.634386,0,0,0,0,0,0,5.456299,4.337223,6.575387,0.592854,0.702737,0.482971,7.379003,6.232763,8.525243,0.6237488,0,2.146149,7.143023,6.075095,8.210953,9.748598,10,9.377676,-1,-1,-1,-1,-1,-1,-1,-1,-1,-1,-1,-1,-1,-1,-1,-1,-1,-1,-1,-1,-1,-1,-1,-1,-1,-1,-1,-1,-1,-1,-1,-1,-1,-1,-1,-1,-1,-1,-1,-1,-1,-1,-1,-1,-1,-1,-1,-1,-1,-1,0,0,0,0,0,0,-1,-1,-1,-1,-1,-1,-1,-1,-1,-1,-1,-1,0,0,0,0,0,0,-1,-1,-1,-1,-1,-1,-1,-1,-1,-1,-1,-1,-1,-1,False,False,0,0,False,54,0,0,0,0,0,0,0,0,0,0,0,0,0,0,0,1,
0,340,2026-02-23 12:17:50Z,,6.897456,7.216371,6.578541,0.669996,0,1.634299,0,0,0,0,0,0,5.456418,4.337262,6.575584,0.592854,0.702737,0.482971,7.379056,6.232735,8.525378,0.6236486,0,2.146049,7.143188,6.075184,8.211192,9.748926,10,9.378088,6.897456,7.216371,6.578541,0.669996,0,1.634299,0,0,0,0,0,0,5.456418,4.337262,6.575584,0.592854,0.702737,0.482971,7.379056,6.232735,8.525378,0.6236486,0,2.146049,7.143188,6.075184,8.211192,9.748926,10,9.378088,-1,-1,-1,-1,-1,-1,-1,-1,-1,-1,-1,-1,-1,-1,-1,-1,-1,-1,-1,-1,-1,-1,-1,-1,-1,-1,-1,-1,-1,-1,-1,-1,-1,-1,-1,-1,-1,-1,-1,-1,-1,-1,-1,-1,-1,-1,-1,-1,-1,-1,0,0,0,0,0,0,-1,-1,-1,-1,-1,-1,-1,-1,-1,-1,-1,-1,0,0,0,0,0,0,-1,-1,-1,-1,-1,-1,-1,-1,-1,-1,-1,-1,-1,-1,False,False,0,0,False,54,0,0,0,0,0,0,0,0,0,0,0,0,0,0,0,1,
0,341,2026-02-23 12:17:50Z,,6.897548,7.216388,6.578708,0.6698405,0,1.634214,0,0,0,0,0,0,5.456535,4.3373,6.575781,0.592854,0.702737,0.482971,7.37911,6.232708,8.525513,0.623549,0,2.145949,7.143351,6.075273,8.211431,9.749252,10,9.378497,6.897548,7.216388,6.578708,0.6698405,0,1.634214,0,0,0,0,0,0,5.456535,4.3373,6.575781,0.592854,0.702737,0.482971,7.37911,6.232708,8.525513,0.623549,0,2.145949,7.143351,6.075273,8.211431,9.749252,10,9.378497,-1,-1,-1,-1,-1,-1,-1,-1,-1,-1,-1,-1,-1,-1,-1,-1,-1,-1,-1,-1,-1,-1,-1,-1,-1,-1,-1,-1,-1,-1,-1,-1,-1,-1,-1,-1,-1,-1,-1,-1,-1,-1,-1,-1,-1,-1,-1,-1,-1,-1,0,0,0,0,0,0,-1,-1,-1,-1,-1,-1,-1,-1,-1,-1,-1,-1,0,0,0,0,0,0,-1,-1,-1,-1,-1,-1,-1,-1,-1,-1,-1,-1,-1,-1,False,False,0,0,False,54,0,0,0,0,0,0,0,0,0,0,0,0,0,0,0,1,
0,342,2026-02-23 12:17:50Z,,6.897639,7.216404,6.578873,0.669686,0,1.634128,0,0,0,0,0,0,5.456652,4.337339,6.575976,0.592854,0.702737,0.482971,7.379163,6.23268,8.525647,0.62345,0,2.14585,7.143514,6.075361,8.211667,9.749577,10,9.378904,6.897639,7.216404,6.578873,0.669686,0,1.634128,0,0,0,0,0,0,5.456652,4.337339,6.575976,0.592854,0.702737,0.482971,7.379163,6.23268,8.525647,0.62345,0,2.14585,7.143514,6.075361,8.211667,9.749577,10,9.378904,-1,-1,-1,-1,-1,-1,-1,-1,-1,-1,-1,-1,-1,-1,-1,-1,-1,-1,-1,-1,-1,-1,-1,-1,-1,-1,-1,-1,-1,-1,-1,-1,-1,-1,-1,-1,-1,-1,-1,-1,-1,-1,-1,-1,-1,-1,-1,-1,-1,-1,0,0,0,0,0,0,-1,-1,-1,-1,-1,-1,-1,-1,-1,-1,-1,-1,0,0,0,0,0,0,-1,-1,-1,-1,-1,-1,-1,-1,-1,-1,-1,-1,-1,-1,False,False,0,0,False,54,0,0,0,0,0,0,0,0,0,0,0,0,0,0,0,1,
0,343,2026-02-23 12:17:50Z,,6.897729,7.216421,6.579038,0.6695322,0,1.634044,0,0,0,0,0,0,5.456769,4.337378,6.57617,0.592854,0.702737,0.482971,7.379216,6.232653,8.525781,0.6233516,0,2.145752,7.143675,6.075448,8.211903,9.749899,10,9.37931,6.897729,7.216421,6.579038,0.6695322,0,1.634044,0,0,0,0,0,0,5.456769,4.337378,6.57617,0.592854,0.702737,0.482971,7.379216,6.232653,8.525781,0.6233516,0,2.145752,7.143675,6.075448,8.211903,9.749899,10,9.37931,-1,-1,-1,-1,-1,-1,-1,-1,-1,-1,-1,-1,-1,-1,-1,-1,-1,-1,-1,-1,-1,-1,-1,-1,-1,-1,-1,-1,-1,-1,-1,-1,-1,-1,-1,-1,-1,-1,-1,-1,-1,-1,-1,-1,-1,-1,-1,-1,-1,-1,0,0,0,0,0,0,-1,-1,-1,-1,-1,-1,-1,-1,-1,-1,-1,-1,0,0,0,0,0,0,-1,-1,-1,-1,-1,-1,-1,-1,-1,-1,-1,-1,-1,-1,False,False,0,0,False,54,0,0,0,0,0,0,0,0,0,0,0,0,0,0,0,1,
0,344,2026-02-23 12:17:50Z,,6.897819,7.216437,6.579201,0.6693795,0,1.633959,0,0,0,0,0,0,5.456884,4.337416,6.576363,0.592854,0.702737,0.482971,7.379269,6.232625,8.525913,0.6232538,0,2.145654,7.143836,6.075535,8.212137,9.750219,10,9.379712,6.897819,7.216437,6.579201,0.6693795,0,1.633959,0,0,0,0,0,0,5.456884,4.337416,6.576363,0.592854,0.702737,0.482971,7.379269,6.232625,8.525913,0.6232538,0,2.145654,7.143836,6.075535,8.212137,9.750219,10,9.379712,-1,-1,-1,-1,-1,-1,-1,-1,-1,-1,-1,-1,-1,-1,-1,-1,-1,-1,-1,-1,-1,-1,-1,-1,-1,-1,-1,-1,-1,-1,-1,-1,-1,-1,-1,-1,-1,-1,-1,-1,-1,-1,-1,-1,-1,-1,-1,-1,-1,-1,0,0,0,0,0,0,-1,-1,-1,-1,-1,-1,-1,-1,-1,-1,-1,-1,0,0,0,0,0,0,-1,-1,-1,-1,-1,-1,-1,-1,-1,-1,-1,-1,-1,-1,False,False,0,0,False,54,0,0,0,0,0,0,0,0,0,0,0,0,0,0,0,1,
0,345,2026-02-23 12:17:50Z,,6.897909,7.216453,6.579364,0.6692275,0,1.633876,0,0,0,0,0,0,5.456999,4.337454,6.576555,0.592854,0.702737,0.482971,7.379322,6.232598,8.526045,0.6231565,0,2.145557,7.143995,6.075622,8.21237,9.750539,10,9.380112,6.897909,7.216453,6.579364,0.6692275,0,1.633876,0,0,0,0,0,0,5.456999,4.337454,6.576555,0.592854,0.702737,0.482971,7.379322,6.232598,8.526045,0.6231565,0,2.145557,7.143995,6.075622,8.21237,9.750539,10,9.380112,-1,-1,-1,-1,-1,-1,-1,-1,-1,-1,-1,-1,-1,-1,-1,-1,-1,-1,-1,-1,-1,-1,-1,-1,-1,-1,-1,-1,-1,-1,-1,-1,-1,-1,-1,-1,-1,-1,-1,-1,-1,-1,-1,-1,-1,-1,-1,-1,-1,-1,0,0,0,0,0,0,-1,-1,-1,-1,-1,-1,-1,-1,-1,-1,-1,-1,0,0,0,0,0,0,-1,-1,-1,-1,-1,-1,-1,-1,-1,-1,-1,-1,-1,-1,False,False,0,0,False,54,0,0,0,0,0,0,0,0,0,0,0,0,0,0,0,1,
0,346,2026-02-23 12:17:50Z,,6.897997,7.216469,6.579525,0.6690764,0,1.633792,0,0,0,0,0,0,5.457114,4.337492,6.576746,0.592854,0.702737,0.482971,7.379374,6.232572,8.526176,0.6230597,0,2.14546,7.144154,6.075707,8.212601,9.750855,10,9.38051,6.897997,7.216469,6.579525,0.6690764,0,1.633792,0,0,0,0,0,0,5.457114,4.337492,6.576746,0.592854,0.702737,0.482971,7.379374,6.232572,8.526176,0.6230597,0,2.14546,7.144154,6.075707,8.212601,9.750855,10,9.38051,-1,-1,-1,-1,-1,-1,-1,-1,-1,-1,-1,-1,-1,-1,-1,-1,-1,-1,-1,-1,-1,-1,-1,-1,-1,-1,-1,-1,-1,-1,-1,-1,-1,-1,-1,-1,-1,-1,-1,-1,-1,-1,-1,-1,-1,-1,-1,-1,-1,-1,0,0,0,0,0,0,-1,-1,-1,-1,-1,-1,-1,-1,-1,-1,-1,-1,0,0,0,0,0,0,-1,-1,-1,-1,-1,-1,-1,-1,-1,-1,-1,-1,-1,-1,False,False,0,0,False,54,0,0,0,0,0,0,0,0,0,0,0,0,0,0,0,1,
0,347,2026-02-23 12:17:50Z,,6.898086,7.216485,6.579686,0.6689263,0,1.63371,0,0,0,0,0,0,5.457227,4.337529,6.576936,0.592854,0.702737,0.482971,7.379426,6.232545,8.526306,0.6229635,0,2.145364,7.144311,6.075793,8.212831,9.751171,10,9.380905,6.898086,7.216485,6.579686,0.6689263,0,1.63371,0,0,0,0,0,0,5.457227,4.337529,6.576936,0.592854,0.702737,0.482971,7.379426,6.232545,8.526306,0.6229635,0,2.145364,7.144311,6.075793,8.212831,9.751171,10,9.380905,-1,-1,-1,-1,-1,-1,-1,-1,-1,-1,-1,-1,-1,-1,-1,-1,-1,-1,-1,-1,-1,-1,-1,-1,-1,-1,-1,-1,-1,-1,-1,-1,-1,-1,-1,-1,-1,-1,-1,-1,-1,-1,-1,-1,-1,-1,-1,-1,-1,-1,0,0,0,0,0,0,-1,-1,-1,-1,-1,-1,-1,-1,-1,-1,-1,-1,0,0,0,0,0,0,-1,-1,-1,-1,-1,-1,-1,-1,-1,-1,-1,-1,-1,-1,False,False,0,0,False,54,0,0,0,0,0,0,0,0,0,0,0,0,0,0,0,1,
0,348,2026-02-23 12:17:50Z,,6.898174,7.216501,6.579846,0.6687769,0,1.633627,0,0,0,0,0,0,5.45734,4.337567,6.577124,0.592854,0.702737,0.482971,7.379477,6.232519,8.526436,0.6228679,0,2.145268,7.144468,6.075878,8.21306,9.751484,10,9.381299,6.898174,7.216501,6.579846,0.6687769,0,1.633627,0,0,0,0,0,0,5.45734,4.337567,6.577124,0.592854,0.702737,0.482971,7.379477,6.232519,8.526436,0.6228679,0,2.145268,7.144468,6.075878,8.21306,9.751484,10,9.381299,-1,-1,-1,-1,-1,-1,-1,-1,-1,-1,-1,-1,-1,-1,-1,-1,-1,-1,-1,-1,-1,-1,-1,-1,-1,-1,-1,-1,-1,-1,-1,-1,-1,-1,-1,-1,-1,-1,-1,-1,-1,-1,-1,-1,-1,-1,-1,-1,-1,-1,0,0,0,0,0,0,-1,-1,-1,-1,-1,-1,-1,-1,-1,-1,-1,-1,0,0,0,0,0,0,-1,-1,-1,-1,-1,-1,-1,-1,-1,-1,-1,-1,-1,-1,False,False,0,0,False,54,0,0,0,0,0,0,0,0,0,0,0,0,0,0,0,1,
0,349,2026-02-23 12:17:50Z,,6.898261,7.216516,6.580005,0.6686284,0,1.633545,0,0,0,0,0,0,5.457453,4.337604,6.577312,0.592854,0.702737,0.482971,7.379529,6.232492,8.526565,0.6227728,0,2.145173,7.144625,6.075962,8.213287,9.751796,10,9.38169,6.898261,7.216516,6.580005,0.6686284,0,1.633545,0,0,0,0,0,0,5.457453,4.337604,6.577312,0.592854,0.702737,0.482971,7.379529,6.232492,8.526565,0.6227728,0,2.145173,7.144625,6.075962,8.213287,9.751796,10,9.38169,-1,-1,-1,-1,-1,-1,-1,-1,-1,-1,-1,-1,-1,-1,-1,-1,-1,-1,-1,-1,-1,-1,-1,-1,-1,-1,-1,-1,-1,-1,-1,-1,-1,-1,-1,-1,-1,-1,-1,-1,-1,-1,-1,-1,-1,-1,-1,-1,-1,-1,0,0,0,0,0,0,-1,-1,-1,-1,-1,-1,-1,-1,-1,-1,-1,-1,0,0,0,0,0,0,-1,-1,-1,-1,-1,-1,-1,-1,-1,-1,-1,-1,-1,-1,False,False,0,0,False,54,0,0,0,0,0,0,0,0,0,0,0,0,0,0,0,1,
0,350,2026-02-23 12:17:50Z,,6.898348,7.216532,6.580163,0.6684808,0,1.633464,0,0,0,0,0,0,5.457564,4.337641,6.577498,0.592854,0.702737,0.482971,7.379579,6.232466,8.526693,0.6226783,0,2.145079,7.14478,6.076046,8.213514,9.752106,10,9.382079,6.898348,7.216532,6.580163,0.6684808,0,1.633464,0,0,0,0,0,0,5.457564,4.337641,6.577498,0.592854,0.702737,0.482971,7.379579,6.232466,8.526693,0.6226783,0,2.145079,7.14478,6.076046,8.213514,9.752106,10,9.382079,-1,-1,-1,-1,-1,-1,-1,-1,-1,-1,-1,-1,-1,-1,-1,-1,-1,-1,-1,-1,-1,-1,-1,-1,-1,-1,-1,-1,-1,-1,-1,-1,-1,-1,-1,-1,-1,-1,-1,-1,-1,-1,-1,-1,-1,-1,-1,-1,-1,-1,0,0,0,0,0,0,-1,-1,-1,-1,-1,-1,-1,-1,-1,-1,-1,-1,0,0,0,0,0,0,-1,-1,-1,-1,-1,-1,-1,-1,-1,-1,-1,-1,-1,-1,False,False,0,0,False,54,0,0,0,0,0,0,0,0,0,0,0,0,0,0,0,1,
0,351,2026-02-23 12:17:50Z,,6.898434,7.216548,6.58032,0.6683339,0,1.633383,0,0,0,0,0,0,5.457675,4.337677,6.577684,0.592854,0.702737,0.482971,7.37963,6.23244,8.52682,0.6225842,0,2.144985,7.144934,6.07613,8.213739,9.752414,10,9.382465,6.898434,7.216548,6.58032,0.6683339,0,1.633383,0,0,0,0,0,0,5.457675,4.337677,6.577684,0.592854,0.702737,0.482971,7.37963,6.23244,8.52682,0.6225842,0,2.144985,7.144934,6.07613,8.213739,9.752414,10,9.382465,-1,-1,-1,-1,-1,-1,-1,-1,-1,-1,-1,-1,-1,-1,-1,-1,-1,-1,-1,-1,-1,-1,-1,-1,-1,-1,-1,-1,-1,-1,-1,-1,-1,-1,-1,-1,-1,-1,-1,-1,-1,-1,-1,-1,-1,-1,-1,-1,-1,-1,0,0,0,0,0,0,-1,-1,-1,-1,-1,-1,-1,-1,-1,-1,-1,-1,0,0,0,0,0,0,-1,-1,-1,-1,-1,-1,-1,-1,-1,-1,-1,-1,-1,-1,False,False,0,0,False,54,0,0,0,0,0,0,0,0,0,0,0,0,0,0,0,1,
0,352,2026-02-23 12:17:50Z,,6.89852,7.216564,6.580477,0.6681879,0,1.633302,0,0,0,0,0,0,5.457786,4.337714,6.577868,0.592854,0.702737,0.482971,7.37968,6.232414,8.526947,0.6224907,0,2.144891,7.145087,6.076213,8.213963,9.752721,10,9.382851,6.89852,7.216564,6.580477,0.6681879,0,1.633302,0,0,0,0,0,0,5.457786,4.337714,6.577868,0.592854,0.702737,0.482971,7.37968,6.232414,8.526947,0.6224907,0,2.144891,7.145087,6.076213,8.213963,9.752721,10,9.382851,-1,-1,-1,-1,-1,-1,-1,-1,-1,-1,-1,-1,-1,-1,-1,-1,-1,-1,-1,-1,-1,-1,-1,-1,-1,-1,-1,-1,-1,-1,-1,-1,-1,-1,-1,-1,-1,-1,-1,-1,-1,-1,-1,-1,-1,-1,-1,-1,-1,-1,0,0,0,0,0,0,-1,-1,-1,-1,-1,-1,-1,-1,-1,-1,-1,-1,0,0,0,0,0,0,-1,-1,-1,-1,-1,-1,-1,-1,-1,-1,-1,-1,-1,-1,False,False,0,0,False,54,0,0,0,0,0,0,0,0,0,0,0,0,0,0,0,1,
0,353,2026-02-23 12:17:50Z,,6.898606,7.216579,6.580632,0.6680427,0,1.633222,0,0,0,0,0,0,5.457896,4.33775,6.578052,0.592854,0.702737,0.482971,7.379731,6.232388,8.527073,0.6223977,0,2.144798,7.14524,6.076295,8.214186,9.753025,10,9.383233,6.898606,7.216579,6.580632,0.6680427,0,1.633222,0,0,0,0,0,0,5.457896,4.33775,6.578052,0.592854,0.702737,0.482971,7.379731,6.232388,8.527073,0.6223977,0,2.144798,7.14524,6.076295,8.214186,9.753025,10,9.383233,-1,-1,-1,-1,-1,-1,-1,-1,-1,-1,-1,-1,-1,-1,-1,-1,-1,-1,-1,-1,-1,-1,-1,-1,-1,-1,-1,-1,-1,-1,-1,-1,-1,-1,-1,-1,-1,-1,-1,-1,-1,-1,-1,-1,-1,-1,-1,-1,-1,-1,0,0,0,0,0,0,-1,-1,-1,-1,-1,-1,-1,-1,-1,-1,-1,-1,0,0,0,0,0,0,-1,-1,-1,-1,-1,-1,-1,-1,-1,-1,-1,-1,-1,-1,False,False,0,0,False,54,0,0,0,0,0,0,0,0,0,0,0,0,0,0,0,1,
0,354,2026-02-23 12:17:50Z,,6.898691,7.216595,6.580787,0.6678982,0,1.633143,0,0,0,0,0,0,5.458005,4.337787,6.578234,0.592854,0.702737,0.482971,7.37978,6.232362,8.527199,0.6223053,0,2.144706,7.145391,6.076377,8.214407,9.753328,10,9.383614,6.898691,7.216595,6.580787,0.6678982,0,1.633143,0,0,0,0,0,0,5.458005,4.337787,6.578234,0.592854,0.702737,0.482971,7.37978,6.232362,8.527199,0.6223053,0,2.144706,7.145391,6.076377,8.214407,9.753328,10,9.383614,-1,-1,-1,-1,-1,-1,-1,-1,-1,-1,-1,-1,-1,-1,-1,-1,-1,-1,-1,-1,-1,-1,-1,-1,-1,-1,-1,-1,-1,-1,-1,-1,-1,-1,-1,-1,-1,-1,-1,-1,-1,-1,-1,-1,-1,-1,-1,-1,-1,-1,0,0,0,0,0,0,-1,-1,-1,-1,-1,-1,-1,-1,-1,-1,-1,-1,0,0,0,0,0,0,-1,-1,-1,-1,-1,-1,-1,-1,-1,-1,-1,-1,-1,-1,False,False,0,0,False,54,0,0,0,0,0,0,0,0,0,0,0,0,0,0,0,1,
0,355,2026-02-23 12:17:50Z,,6.898775,7.21661,6.58094,0.6677547,0,1.633063,0,0,0,0,0,0,5.458114,4.337822,6.578416,0.592854,0.702737,0.482971,7.37983,6.232337,8.527323,0.6222133,0,2.144614,7.145543,6.076459,8.214626,9.75363,10,9.383991,6.898775,7.21661,6.58094,0.6677547,0,1.633063,0,0,0,0,0,0,5.458114,4.337822,6.578416,0.592854,0.702737,0.482971,7.37983,6.232337,8.527323,0.6222133,0,2.144614,7.145543,6.076459,8.214626,9.75363,10,9.383991,-1,-1,-1,-1,-1,-1,-1,-1,-1,-1,-1,-1,-1,-1,-1,-1,-1,-1,-1,-1,-1,-1,-1,-1,-1,-1,-1,-1,-1,-1,-1,-1,-1,-1,-1,-1,-1,-1,-1,-1,-1,-1,-1,-1,-1,-1,-1,-1,-1,-1,0,0,0,0,0,0,-1,-1,-1,-1,-1,-1,-1,-1,-1,-1,-1,-1,0,0,0,0,0,0,-1,-1,-1,-1,-1,-1,-1,-1,-1,-1,-1,-1,-1,-1,False,False,0,0,False,54,0,0,0,0,0,0,0,0,0,0,0,0,0,0,0,1,
0,356,2026-02-23 12:17:50Z,,6.898859,7.216625,6.581093,0.6676118,0,1.632985,0,0,0,0,0,0,5.458222,4.337858,6.578596,0.592854,0.702737,0.482971,7.379879,6.232312,8.527447,0.6221218,0,2.144522,7.145692,6.07654,8.214846,9.753929,10,9.384368,6.898859,7.216625,6.581093,0.6676118,0,1.632985,0,0,0,0,0,0,5.458222,4.337858,6.578596,0.592854,0.702737,0.482971,7.379879,6.232312,8.527447,0.6221218,0,2.144522,7.145692,6.07654,8.214846,9.753929,10,9.384368,-1,-1,-1,-1,-1,-1,-1,-1,-1,-1,-1,-1,-1,-1,-1,-1,-1,-1,-1,-1,-1,-1,-1,-1,-1,-1,-1,-1,-1,-1,-1,-1,-1,-1,-1,-1,-1,-1,-1,-1,-1,-1,-1,-1,-1,-1,-1,-1,-1,-1,0,0,0,0,0,0,-1,-1,-1,-1,-1,-1,-1,-1,-1,-1,-1,-1,0,0,0,0,0,0,-1,-1,-1,-1,-1,-1,-1,-1,-1,-1,-1,-1,-1,-1,False,False,0,0,False,54,0,0,0,0,0,0,0,0,0,0,0,0,0,0,0,1,
0,357,2026-02-23 12:17:50Z,,6.898943,7.21664,6.581245,0.6674698,0,1.632906,0,0,0,0,0,0,5.45833,4.337894,6.578775,0.592854,0.702737,0.482971,7.379928,6.232286,8.527571,0.6220309,0,2.144431,7.145842,6.076621,8.215063,9.754228,10,9.384742,6.898943,7.21664,6.581245,0.6674698,0,1.632906,0,0,0,0,0,0,5.45833,4.337894,6.578775,0.592854,0.702737,0.482971,7.379928,6.232286,8.527571,0.6220309,0,2.144431,7.145842,6.076621,8.215063,9.754228,10,9.384742,-1,-1,-1,-1,-1,-1,-1,-1,-1,-1,-1,-1,-1,-1,-1,-1,-1,-1,-1,-1,-1,-1,-1,-1,-1,-1,-1,-1,-1,-1,-1,-1,-1,-1,-1,-1,-1,-1,-1,-1,-1,-1,-1,-1,-1,-1,-1,-1,-1,-1,0,0,0,0,0,0,-1,-1,-1,-1,-1,-1,-1,-1,-1,-1,-1,-1,0,0,0,0,0,0,-1,-1,-1,-1,-1,-1,-1,-1,-1,-1,-1,-1,-1,-1,False,False,0,0,False,54,0,0,0,0,0,0,0,0,0,0,0,0,0,0,0,1,
0,358,2026-02-23 12:17:50Z,,6.899026,7.216655,6.581397,0.6673285,0,1.632828,0,0,0,0,0,0,5.458436,4.337929,6.578954,0.592854,0.702737,0.482971,7.379977,6.232261,8.527693,0.6219404,0,2.144341,7.14599,6.076702,8.21528,9.754524,10,9.385114,6.899026,7.216655,6.581397,0.6673285,0,1.632828,0,0,0,0,0,0,5.458436,4.337929,6.578954,0.592854,0.702737,0.482971,7.379977,6.232261,8.527693,0.6219404,0,2.144341,7.14599,6.076702,8.21528,9.754524,10,9.385114,-1,-1,-1,-1,-1,-1,-1,-1,-1,-1,-1,-1,-1,-1,-1,-1,-1,-1,-1,-1,-1,-1,-1,-1,-1,-1,-1,-1,-1,-1,-1,-1,-1,-1,-1,-1,-1,-1,-1,-1,-1,-1,-1,-1,-1,-1,-1,-1,-1,-1,0,0,0,0,0,0,-1,-1,-1,-1,-1,-1,-1,-1,-1,-1,-1,-1,0,0,0,0,0,0,-1,-1,-1,-1,-1,-1,-1,-1,-1,-1,-1,-1,-1,-1,False,False,0,0,False,54,0,0,0,0,0,0,0,0,0,0,0,0,0,0,0,1,
0,359,2026-02-23 12:17:50Z,,6.899108,7.21667,6.581547,0.667188,0,1.632751,0,0,0,0,0,0,5.458543,4.337964,6.579132,0.592854,0.702737,0.482971,7.380025,6.232236,8.527815,0.6218504,0,2.144251,7.146138,6.076781,8.215495,9.754819,10,9.385484,6.899108,7.21667,6.581547,0.667188,0,1.632751,0,0,0,0,0,0,5.458543,4.337964,6.579132,0.592854,0.702737,0.482971,7.380025,6.232236,8.527815,0.6218504,0,2.144251,7.146138,6.076781,8.215495,9.754819,10,9.385484,-1,-1,-1,-1,-1,-1,-1,-1,-1,-1,-1,-1,-1,-1,-1,-1,-1,-1,-1,-1,-1,-1,-1,-1,-1,-1,-1,-1,-1,-1,-1,-1,-1,-1,-1,-1,-1,-1,-1,-1,-1,-1,-1,-1,-1,-1,-1,-1,-1,-1,0,0,0,0,0,0,-1,-1,-1,-1,-1,-1,-1,-1,-1,-1,-1,-1,0,0,0,0,0,0,-1,-1,-1,-1,-1,-1,-1,-1,-1,-1,-1,-1,-1,-1,False,False,0,0,False,54,0,0,0,0,0,0,0,0,0,0,0,0,0,0,0,1,
0,360,2026-02-23 12:17:50Z,,6.899191,7.216685,6.581697,0.6670483,0,1.632674,0,0,0,0,0,0,5.458649,4.337999,6.579308,0.592854,0.702737,0.482971,7.380074,6.232212,8.527936,0.621761,0,2.144161,7.146285,6.076861,8.21571,9.755112,10,9.385852,6.899191,7.216685,6.581697,0.6670483,0,1.632674,0,0,0,0,0,0,5.458649,4.337999,6.579308,0.592854,0.702737,0.482971,7.380074,6.232212,8.527936,0.621761,0,2.144161,7.146285,6.076861,8.21571,9.755112,10,9.385852,-1,-1,-1,-1,-1,-1,-1,-1,-1,-1,-1,-1,-1,-1,-1,-1,-1,-1,-1,-1,-1,-1,-1,-1,-1,-1,-1,-1,-1,-1,-1,-1,-1,-1,-1,-1,-1,-1,-1,-1,-1,-1,-1,-1,-1,-1,-1,-1,-1,-1,0,0,0,0,0,0,-1,-1,-1,-1,-1,-1,-1,-1,-1,-1,-1,-1,0,0,0,0,0,0,-1,-1,-1,-1,-1,-1,-1,-1,-1,-1,-1,-1,-1,-1,False,False,0,0,False,54,0,0,0,0,0,0,0,0,0,0,0,0,0,0,0,1,
0,361,2026-02-23 12:17:50Z,,6.899272,7.2167,6.581845,0.6669093,0,1.632597,0,0,0,0,0,0,5.458754,4.338034,6.579484,0.592854,0.702737,0.482971,7.380122,6.232187,8.528057,0.621672,0,2.144072,7.14643,6.07694,8.215922,9.755404,10,9.386218,6.899272,7.2167,6.581845,0.6669093,0,1.632597,0,0,0,0,0,0,5.458754,4.338034,6.579484,0.592854,0.702737,0.482971,7.380122,6.232187,8.528057,0.621672,0,2.144072,7.14643,6.07694,8.215922,9.755404,10,9.386218,-1,-1,-1,-1,-1,-1,-1,-1,-1,-1,-1,-1,-1,-1,-1,-1,-1,-1,-1,-1,-1,-1,-1,-1,-1,-1,-1,-1,-1,-1,-1,-1,-1,-1,-1,-1,-1,-1,-1,-1,-1,-1,-1,-1,-1,-1,-1,-1,-1,-1,0,0,0,0,0,0,-1,-1,-1,-1,-1,-1,-1,-1,-1,-1,-1,-1,0,0,0,0,0,0,-1,-1,-1,-1,-1,-1,-1,-1,-1,-1,-1,-1,-1,-1,False,False,0,0,False,54,0,0,0,0,0,0,0,0,0,0,0,0,0,0,0,1,
0,362,2026-02-23 12:17:50Z,,6.899354,7.216714,6.581993,0.6667711,0,1.632521,0,0,0,0,0,0,5.458858,4.338068,6.579658,0.592854,0.702737,0.482971,7.380169,6.232162,8.528176,0.6215835,0,2.143984,7.146576,6.077019,8.216134,9.755693,10,9.386582,6.899354,7.216714,6.581993,0.6667711,0,1.632521,0,0,0,0,0,0,5.458858,4.338068,6.579658,0.592854,0.702737,0.482971,7.380169,6.232162,8.528176,0.6215835,0,2.143984,7.146576,6.077019,8.216134,9.755693,10,9.386582,-1,-1,-1,-1,-1,-1,-1,-1,-1,-1,-1,-1,-1,-1,-1,-1,-1,-1,-1,-1,-1,-1,-1,-1,-1,-1,-1,-1,-1,-1,-1,-1,-1,-1,-1,-1,-1,-1,-1,-1,-1,-1,-1,-1,-1,-1,-1,-1,-1,-1,0,0,0,0,0,0,-1,-1,-1,-1,-1,-1,-1,-1,-1,-1,-1,-1,0,0,0,0,0,0,-1,-1,-1,-1,-1,-1,-1,-1,-1,-1,-1,-1,-1,-1,False,False,0,0,False,54,0,0,0,0,0,0,0,0,0,0,0,0,0,0,0,1,
0,363,2026-02-23 12:17:50Z,,6.899435,7.216729,6.58214,0.6666336,0,1.632445,0,0,0,0,0,0,5.458962,4.338103,6.579832,0.592854,0.702737,0.482971,7.380217,6.232138,8.528296,0.6214954,0,2.143896,7.14672,6.077097,8.216345,9.755982,10,9.386944,6.899435,7.216729,6.58214,0.6666336,0,1.632445,0,0,0,0,0,0,5.458962,4.338103,6.579832,0.592854,0.702737,0.482971,7.380217,6.232138,8.528296,0.6214954,0,2.143896,7.14672,6.077097,8.216345,9.755982,10,9.386944,-1,-1,-1,-1,-1,-1,-1,-1,-1,-1,-1,-1,-1,-1,-1,-1,-1,-1,-1,-1,-1,-1,-1,-1,-1,-1,-1,-1,-1,-1,-1,-1,-1,-1,-1,-1,-1,-1,-1,-1,-1,-1,-1,-1,-1,-1,-1,-1,-1,-1,0,0,0,0,0,0,-1,-1,-1,-1,-1,-1,-1,-1,-1,-1,-1,-1,0,0,0,0,0,0,-1,-1,-1,-1,-1,-1,-1,-1,-1,-1,-1,-1,-1,-1,False,False,0,0,False,54,0,0,0,0,0,0,0,0,0,0,0,0,0,0,0,1,
0,364,2026-02-23 12:17:50Z,,6.899515,7.216743,6.582287,0.6664969,0,1.63237,0,0,0,0,0,0,5.459066,4.338137,6.580005,0.592854,0.702737,0.482971,7.380264,6.232114,8.528415,0.6214078,0,2.143808,7.146864,6.077175,8.216555,9.756269,10,9.387304,6.899515,7.216743,6.582287,0.6664969,0,1.63237,0,0,0,0,0,0,5.459066,4.338137,6.580005,0.592854,0.702737,0.482971,7.380264,6.232114,8.528415,0.6214078,0,2.143808,7.146864,6.077175,8.216555,9.756269,10,9.387304,-1,-1,-1,-1,-1,-1,-1,-1,-1,-1,-1,-1,-1,-1,-1,-1,-1,-1,-1,-1,-1,-1,-1,-1,-1,-1,-1,-1,-1,-1,-1,-1,-1,-1,-1,-1,-1,-1,-1,-1,-1,-1,-1,-1,-1,-1,-1,-1,-1,-1,0,0,0,0,0,0,-1,-1,-1,-1,-1,-1,-1,-1,-1,-1,-1,-1,0,0,0,0,0,0,-1,-1,-1,-1,-1,-1,-1,-1,-1,-1,-1,-1,-1,-1,False,False,0,0,False,54,0,0,0,0,0,0,0,0,0,0,0,0,0,0,0,1,
0,365,2026-02-23 12:17:50Z,,6.899595,7.216758,6.582432,0.6663608,0,1.632295,0,0,0,0,0,0,5.459169,4.338171,6.580176,0.592854,0.702737,0.482971,7.380311,6.23209,8.528533,0.6213207,0,2.143721,7.147007,6.077252,8.216763,9.756555,10,9.387663,6.899595,7.216758,6.582432,0.6663608,0,1.632295,0,0,0,0,0,0,5.459169,4.338171,6.580176,0.592854,0.702737,0.482971,7.380311,6.23209,8.528533,0.6213207,0,2.143721,7.147007,6.077252,8.216763,9.756555,10,9.387663,-1,-1,-1,-1,-1,-1,-1,-1,-1,-1,-1,-1,-1,-1,-1,-1,-1,-1,-1,-1,-1,-1,-1,-1,-1,-1,-1,-1,-1,-1,-1,-1,-1,-1,-1,-1,-1,-1,-1,-1,-1,-1,-1,-1,-1,-1,-1,-1,-1,-1,0,0,0,0,0,0,-1,-1,-1,-1,-1,-1,-1,-1,-1,-1,-1,-1,0,0,0,0,0,0,-1,-1,-1,-1,-1,-1,-1,-1,-1,-1,-1,-1,-1,-1,False,False,0,0,False,54,0,0,0,0,0,0,0,0,0,0,0,0,0,0,0,1,
0,366,2026-02-23 12:17:50Z,,6.899675,7.216773,6.582577,0.6662255,0,1.63222,0,0,0,0,0,0,5.459271,4.338205,6.580348,0.592854,0.702737,0.482971,7.380358,6.232066,8.52865,0.6212341,0,2.143635,7.147149,6.077329,8.21697,9.756839,10,9.388019,6.899675,7.216773,6.582577,0.6662255,0,1.63222,0,0,0,0,0,0,5.459271,4.338205,6.580348,0.592854,0.702737,0.482971,7.380358,6.232066,8.52865,0.6212341,0,2.143635,7.147149,6.077329,8.21697,9.756839,10,9.388019,-1,-1,-1,-1,-1,-1,-1,-1,-1,-1,-1,-1,-1,-1,-1,-1,-1,-1,-1,-1,-1,-1,-1,-1,-1,-1,-1,-1,-1,-1,-1,-1,-1,-1,-1,-1,-1,-1,-1,-1,-1,-1,-1,-1,-1,-1,-1,-1,-1,-1,0,0,0,0,0,0,-1,-1,-1,-1,-1,-1,-1,-1,-1,-1,-1,-1,0,0,0,0,0,0,-1,-1,-1,-1,-1,-1,-1,-1,-1,-1,-1,-1,-1,-1,False,False,0,0,False,54,0,0,0,0,0,0,0,0,0,0,0,0,0,0,0,1,
0,367,2026-02-23 12:17:50Z,,6.899754,7.216787,6.582721,0.6660909,0,1.632146,0,0,0,0,0,0,5.459373,4.338239,6.580517,0.592854,0.702737,0.482971,7.380404,6.232042,8.528767,0.6211479,0,2.143548,7.14729,6.077405,8.217176,9.757121,10,9.388373,6.899754,7.216787,6.582721,0.6660909,0,1.632146,0,0,0,0,0,0,5.459373,4.338239,6.580517,0.592854,0.702737,0.482971,7.380404,6.232042,8.528767,0.6211479,0,2.143548,7.14729,6.077405,8.217176,9.757121,10,9.388373,-1,-1,-1,-1,-1,-1,-1,-1,-1,-1,-1,-1,-1,-1,-1,-1,-1,-1,-1,-1,-1,-1,-1,-1,-1,-1,-1,-1,-1,-1,-1,-1,-1,-1,-1,-1,-1,-1,-1,-1,-1,-1,-1,-1,-1,-1,-1,-1,-1,-1,0,0,0,0,0,0,-1,-1,-1,-1,-1,-1,-1,-1,-1,-1,-1,-1,0,0,0,0,0,0,-1,-1,-1,-1,-1,-1,-1,-1,-1,-1,-1,-1,-1,-1,False,False,0,0,False,54,0,0,0,0,0,0,0,0,0,0,0,0,0,0,0,1,
0,368,2026-02-23 12:17:50Z,,6.899833,7.216801,6.582864,0.665957,0,1.632072,0,0,0,0,0,0,5.459474,4.338273,6.580687,0.592854,0.702737,0.482971,7.38045,6.232018,8.528883,0.6210622,0,2.143462,7.147431,6.077482,8.217381,9.757402,10,9.388726,6.899833,7.216801,6.582864,0.665957,0,1.632072,0,0,0,0,0,0,5.459474,4.338273,6.580687,0.592854,0.702737,0.482971,7.38045,6.232018,8.528883,0.6210622,0,2.143462,7.147431,6.077482,8.217381,9.757402,10,9.388726,-1,-1,-1,-1,-1,-1,-1,-1,-1,-1,-1,-1,-1,-1,-1,-1,-1,-1,-1,-1,-1,-1,-1,-1,-1,-1,-1,-1,-1,-1,-1,-1,-1,-1,-1,-1,-1,-1,-1,-1,-1,-1,-1,-1,-1,-1,-1,-1,-1,-1,0,0,0,0,0,0,-1,-1,-1,-1,-1,-1,-1,-1,-1,-1,-1,-1,0,0,0,0,0,0,-1,-1,-1,-1,-1,-1,-1,-1,-1,-1,-1,-1,-1,-1,False,False,0,0,False,54,0,0,0,0,0,0,0,0,0,0,0,0,0,0,0,1,
0,369,2026-02-23 12:17:50Z,,6.899911,7.216815,6.583007,0.6658239,0,1.631999,0,0,0,0,0,0,5.459575,4.338305,6.580855,0.592854,0.702737,0.482971,7.380496,6.231994,8.528998,0.6209769,0,2.143377,7.147571,6.077558,8.217586,9.757682,10,9.389077,6.899911,7.216815,6.583007,0.6658239,0,1.631999,0,0,0,0,0,0,5.459575,4.338305,6.580855,0.592854,0.702737,0.482971,7.380496,6.231994,8.528998,0.6209769,0,2.143377,7.147571,6.077558,8.217586,9.757682,10,9.389077,-1,-1,-1,-1,-1,-1,-1,-1,-1,-1,-1,-1,-1,-1,-1,-1,-1,-1,-1,-1,-1,-1,-1,-1,-1,-1,-1,-1,-1,-1,-1,-1,-1,-1,-1,-1,-1,-1,-1,-1,-1,-1,-1,-1,-1,-1,-1,-1,-1,-1,0,0,0,0,0,0,-1,-1,-1,-1,-1,-1,-1,-1,-1,-1,-1,-1,0,0,0,0,0,0,-1,-1,-1,-1,-1,-1,-1,-1,-1,-1,-1,-1,-1,-1,False,False,0,0,False,54,0,0,0,0,0,0,0,0,0,0,0,0,0,0,0,1,
0,370,2026-02-23 12:17:50Z,,6.899989,7.216829,6.583148,0.6656914,0,1.631925,0,0,0,0,0,0,5.459675,4.338339,6.581022,0.592854,0.702737,0.482971,7.380542,6.231971,8.529114,0.620892,0,2.143292,7.14771,6.077633,8.217789,9.757959,10,9.389426,6.899989,7.216829,6.583148,0.6656914,0,1.631925,0,0,0,0,0,0,5.459675,4.338339,6.581022,0.592854,0.702737,0.482971,7.380542,6.231971,8.529114,0.620892,0,2.143292,7.14771,6.077633,8.217789,9.757959,10,9.389426,-1,-1,-1,-1,-1,-1,-1,-1,-1,-1,-1,-1,-1,-1,-1,-1,-1,-1,-1,-1,-1,-1,-1,-1,-1,-1,-1,-1,-1,-1,-1,-1,-1,-1,-1,-1,-1,-1,-1,-1,-1,-1,-1,-1,-1,-1,-1,-1,-1,-1,0,0,0,0,0,0,-1,-1,-1,-1,-1,-1,-1,-1,-1,-1,-1,-1,0,0,0,0,0,0,-1,-1,-1,-1,-1,-1,-1,-1,-1,-1,-1,-1,-1,-1,False,False,0,0,False,54,0,0,0,0,0,0,0,0,0,0,0,0,0,0,0,1,
0,371,2026-02-23 12:17:50Z,,6.900067,7.216844,6.58329,0.6655596,0,1.631853,0,0,0,0,0,0,5.459775,4.338372,6.581189,0.592854,0.702737,0.482971,7.380588,6.231947,8.529228,0.6208076,0,2.143208,7.147849,6.077708,8.217991,9.758236,10,9.389773,6.900067,7.216844,6.58329,0.6655596,0,1.631853,0,0,0,0,0,0,5.459775,4.338372,6.581189,0.592854,0.702737,0.482971,7.380588,6.231947,8.529228,0.6208076,0,2.143208,7.147849,6.077708,8.217991,9.758236,10,9.389773,-1,-1,-1,-1,-1,-1,-1,-1,-1,-1,-1,-1,-1,-1,-1,-1,-1,-1,-1,-1,-1,-1,-1,-1,-1,-1,-1,-1,-1,-1,-1,-1,-1,-1,-1,-1,-1,-1,-1,-1,-1,-1,-1,-1,-1,-1,-1,-1,-1,-1,0,0,0,0,0,0,-1,-1,-1,-1,-1,-1,-1,-1,-1,-1,-1,-1,0,0,0,0,0,0,-1,-1,-1,-1,-1,-1,-1,-1,-1,-1,-1,-1,-1,-1,False,False,0,0,False,54,0,0,0,0,0,0,0,0,0,0,0,0,0,0,0,1,
0,372,2026-02-23 12:17:50Z,,6.900144,7.216857,6.58343,0.6654285,0,1.631781,0,0,0,0,0,0,5.459874,4.338405,6.581354,0.592854,0.702737,0.482971,7.380633,6.231924,8.529342,0.6207237,0,2.143124,7.147986,6.077782,8.218191,9.758512,10,9.390119,6.900144,7.216857,6.58343,0.6654285,0,1.631781,0,0,0,0,0,0,5.459874,4.338405,6.581354,0.592854,0.702737,0.482971,7.380633,6.231924,8.529342,0.6207237,0,2.143124,7.147986,6.077782,8.218191,9.758512,10,9.390119,-1,-1,-1,-1,-1,-1,-1,-1,-1,-1,-1,-1,-1,-1,-1,-1,-1,-1,-1,-1,-1,-1,-1,-1,-1,-1,-1,-1,-1,-1,-1,-1,-1,-1,-1,-1,-1,-1,-1,-1,-1,-1,-1,-1,-1,-1,-1,-1,-1,-1,0,0,0,0,0,0,-1,-1,-1,-1,-1,-1,-1,-1,-1,-1,-1,-1,0,0,0,0,0,0,-1,-1,-1,-1,-1,-1,-1,-1,-1,-1,-1,-1,-1,-1,False,False,0,0,False,54,0,0,0,0,0,0,0,0,0,0,0,0,0,0,0,1,
0,373,2026-02-23 12:17:50Z,,6.90022,7.216871,6.58357,0.665298,0,1.631709,0,0,0,0,0,0,5.459973,4.338437,6.581519,0.592854,0.702737,0.482971,7.380678,6.231901,8.529455,0.6206402,0,2.14304,7.148123,6.077857,8.218391,9.758785,10,9.390462,6.90022,7.216871,6.58357,0.665298,0,1.631709,0,0,0,0,0,0,5.459973,4.338437,6.581519,0.592854,0.702737,0.482971,7.380678,6.231901,8.529455,0.6206402,0,2.14304,7.148123,6.077857,8.218391,9.758785,10,9.390462,-1,-1,-1,-1,-1,-1,-1,-1,-1,-1,-1,-1,-1,-1,-1,-1,-1,-1,-1,-1,-1,-1,-1,-1,-1,-1,-1,-1,-1,-1,-1,-1,-1,-1,-1,-1,-1,-1,-1,-1,-1,-1,-1,-1,-1,-1,-1,-1,-1,-1,0,0,0,0,0,0,-1,-1,-1,-1,-1,-1,-1,-1,-1,-1,-1,-1,0,0,0,0,0,0,-1,-1,-1,-1,-1,-1,-1,-1,-1,-1,-1,-1,-1,-1,False,False,0,0,False,54,0,0,0,0,0,0,0,0,0,0,0,0,0,0,0,1,
0,374,2026-02-23 12:17:50Z,,6.900297,7.216885,6.583709,0.6651683,0,1.631637,0,0,0,0,0,0,5.460071,4.33847,6.581683,0.592854,0.702737,0.482971,7.380723,6.231878,8.529568,0.6205571,0,2.142957,7.14826,6.07793,8.21859,9.759057,10,9.390803,6.900297,7.216885,6.583709,0.6651683,0,1.631637,0,0,0,0,0,0,5.460071,4.33847,6.581683,0.592854,0.702737,0.482971,7.380723,6.231878,8.529568,0.6205571,0,2.142957,7.14826,6.07793,8.21859,9.759057,10,9.390803,-1,-1,-1,-1,-1,-1,-1,-1,-1,-1,-1,-1,-1,-1,-1,-1,-1,-1,-1,-1,-1,-1,-1,-1,-1,-1,-1,-1,-1,-1,-1,-1,-1,-1,-1,-1,-1,-1,-1,-1,-1,-1,-1,-1,-1,-1,-1,-1,-1,-1,0,0,0,0,0,0,-1,-1,-1,-1,-1,-1,-1,-1,-1,-1,-1,-1,0,0,0,0,0,0,-1,-1,-1,-1,-1,-1,-1,-1,-1,-1,-1,-1,-1,-1,False,False,0,0,False,54,0,0,0,0,0,0,0,0,0,0,0,0,0,0,0,1,
0,375,2026-02-23 12:17:50Z,,6.900373,7.216899,6.583847,0.6650392,0,1.631566,0,0,0,0,0,0,5.460169,4.338502,6.581846,0.592854,0.702737,0.482971,7.380767,6.231855,8.529679,0.6204744,0,2.142875,7.148396,6.078003,8.218788,9.759328,10,9.391144,6.900373,7.216899,6.583847,0.6650392,0,1.631566,0,0,0,0,0,0,5.460169,4.338502,6.581846,0.592854,0.702737,0.482971,7.380767,6.231855,8.529679,0.6204744,0,2.142875,7.148396,6.078003,8.218788,9.759328,10,9.391144,-1,-1,-1,-1,-1,-1,-1,-1,-1,-1,-1,-1,-1,-1,-1,-1,-1,-1,-1,-1,-1,-1,-1,-1,-1,-1,-1,-1,-1,-1,-1,-1,-1,-1,-1,-1,-1,-1,-1,-1,-1,-1,-1,-1,-1,-1,-1,-1,-1,-1,0,0,0,0,0,0,-1,-1,-1,-1,-1,-1,-1,-1,-1,-1,-1,-1,0,0,0,0,0,0,-1,-1,-1,-1,-1,-1,-1,-1,-1,-1,-1,-1,-1,-1,False,False,0,0,False,54,0,0,0,0,0,0,0,0,0,0,0,0,0,0,0,1,
0,376,2026-02-23 12:17:50Z,,6.900448,7.216913,6.583984,0.6649108,0,1.631495,0,0,0,0,0,0,5.460266,4.338534,6.582008,0.592854,0.702737,0.482971,7.380811,6.231832,8.529791,0.6203921,0,2.142792,7.14853,6.078077,8.218985,9.759598,10,9.391481,6.900448,7.216913,6.583984,0.6649108,0,1.631495,0,0,0,0,0,0,5.460266,4.338534,6.582008,0.592854,0.702737,0.482971,7.380811,6.231832,8.529791,0.6203921,0,2.142792,7.14853,6.078077,8.218985,9.759598,10,9.391481,-1,-1,-1,-1,-1,-1,-1,-1,-1,-1,-1,-1,-1,-1,-1,-1,-1,-1,-1,-1,-1,-1,-1,-1,-1,-1,-1,-1,-1,-1,-1,-1,-1,-1,-1,-1,-1,-1,-1,-1,-1,-1,-1,-1,-1,-1,-1,-1,-1,-1,0,0,0,0,0,0,-1,-1,-1,-1,-1,-1,-1,-1,-1,-1,-1,-1,0,0,0,0,0,0,-1,-1,-1,-1,-1,-1,-1,-1,-1,-1,-1,-1,-1,-1,False,False,0,0,False,54,0,0,0,0,0,0,0,0,0,0,0,0,0,0,0,1,
0,377,2026-02-23 12:17:50Z,,6.900524,7.216926,6.584121,0.664783,0,1.631425,0,0,0,0,0,0,5.460363,4.338566,6.58217,0.592854,0.702737,0.482971,7.380856,6.23181,8.529902,0.6203103,0,2.142711,7.148664,6.078149,8.219181,9.759866,10,9.391818,6.900524,7.216926,6.584121,0.664783,0,1.631425,0,0,0,0,0,0,5.460363,4.338566,6.58217,0.592854,0.702737,0.482971,7.380856,6.23181,8.529902,0.6203103,0,2.142711,7.148664,6.078149,8.219181,9.759866,10,9.391818,-1,-1,-1,-1,-1,-1,-1,-1,-1,-1,-1,-1,-1,-1,-1,-1,-1,-1,-1,-1,-1,-1,-1,-1,-1,-1,-1,-1,-1,-1,-1,-1,-1,-1,-1,-1,-1,-1,-1,-1,-1,-1,-1,-1,-1,-1,-1,-1,-1,-1,0,0,0,0,0,0,-1,-1,-1,-1,-1,-1,-1,-1,-1,-1,-1,-1,0,0,0,0,0,0,-1,-1,-1,-1,-1,-1,-1,-1,-1,-1,-1,-1,-1,-1,False,False,0,0,False,54,0,0,0,0,0,0,0,0,0,0,0,0,0,0,0,1,
0,378,2026-02-23 12:17:50Z,,6.900599,7.21694,6.584257,0.6646559,0,1.631354,0,0,0,0,0,0,5.460459,4.338598,6.58233,0.592854,0.702737,0.482971,7.380899,6.231787,8.530012,0.6202289,0,2.142629,7.148798,6.078222,8.219376,9.760133,10,9.392153,6.900599,7.21694,6.584257,0.6646559,0,1.631354,0,0,0,0,0,0,5.460459,4.338598,6.58233,0.592854,0.702737,0.482971,7.380899,6.231787,8.530012,0.6202289,0,2.142629,7.148798,6.078222,8.219376,9.760133,10,9.392153,-1,-1,-1,-1,-1,-1,-1,-1,-1,-1,-1,-1,-1,-1,-1,-1,-1,-1,-1,-1,-1,-1,-1,-1,-1,-1,-1,-1,-1,-1,-1,-1,-1,-1,-1,-1,-1,-1,-1,-1,-1,-1,-1,-1,-1,-1,-1,-1,-1,-1,0,0,0,0,0,0,-1,-1,-1,-1,-1,-1,-1,-1,-1,-1,-1,-1,0,0,0,0,0,0,-1,-1,-1,-1,-1,-1,-1,-1,-1,-1,-1,-1,-1,-1,False,False,0,0,False,54,0,0,0,0,0,0,0,0,0,0,0,0,0,0,0,1,
0,379,2026-02-23 12:17:50Z,,6.900673,7.216953,6.584393,0.6645294,0,1.631285,0,0,0,0,0,0,5.460555,4.33863,6.58249,0.592854,0.702737,0.482971,7.380943,6.231764,8.530122,0.6201479,0,2.142548,7.148931,6.078294,8.219569,9.760398,10,9.392487,6.900673,7.216953,6.584393,0.6645294,0,1.631285,0,0,0,0,0,0,5.460555,4.33863,6.58249,0.592854,0.702737,0.482971,7.380943,6.231764,8.530122,0.6201479,0,2.142548,7.148931,6.078294,8.219569,9.760398,10,9.392487,-1,-1,-1,-1,-1,-1,-1,-1,-1,-1,-1,-1,-1,-1,-1,-1,-1,-1,-1,-1,-1,-1,-1,-1,-1,-1,-1,-1,-1,-1,-1,-1,-1,-1,-1,-1,-1,-1,-1,-1,-1,-1,-1,-1,-1,-1,-1,-1,-1,-1,0,0,0,0,0,0,-1,-1,-1,-1,-1,-1,-1,-1,-1,-1,-1,-1,0,0,0,0,0,0,-1,-1,-1,-1,-1,-1,-1,-1,-1,-1,-1,-1,-1,-1,False,False,0,0,False,54,0,0,0,0,0,0,0,0,0,0,0,0,0,0,0,1,
0,380,2026-02-23 12:17:50Z,,6.900747,7.216967,6.584527,0.6644036,0,1.631215,0,0,0,0,0,0,5.46065,4.338661,6.582649,0.592854,0.702737,0.482971,7.380986,6.231742,8.530231,0.6200674,0,2.142468,7.149063,6.078365,8.219762,9.760662,10,9.392817,6.900747,7.216967,6.584527,0.6644036,0,1.631215,0,0,0,0,0,0,5.46065,4.338661,6.582649,0.592854,0.702737,0.482971,7.380986,6.231742,8.530231,0.6200674,0,2.142468,7.149063,6.078365,8.219762,9.760662,10,9.392817,-1,-1,-1,-1,-1,-1,-1,-1,-1,-1,-1,-1,-1,-1,-1,-1,-1,-1,-1,-1,-1,-1,-1,-1,-1,-1,-1,-1,-1,-1,-1,-1,-1,-1,-1,-1,-1,-1,-1,-1,-1,-1,-1,-1,-1,-1,-1,-1,-1,-1,0,0,0,0,0,0,-1,-1,-1,-1,-1,-1,-1,-1,-1,-1,-1,-1,0,0,0,0,0,0,-1,-1,-1,-1,-1,-1,-1,-1,-1,-1,-1,-1,-1,-1,False,False,0,0,False,54,0,0,0,0,0,0,0,0,0,0,0,0,0,0,0,1,
0,381,2026-02-23 12:17:50Z,,6.900821,7.21698,6.584661,0.6642784,0,1.631146,0,0,0,0,0,0,5.460744,4.338693,6.582807,0.592854,0.702737,0.482971,7.38103,6.23172,8.530339,0.6199872,0,2.142388,7.149195,6.078436,8.219954,9.760925,10,9.393147,6.900821,7.21698,6.584661,0.6642784,0,1.631146,0,0,0,0,0,0,5.460744,4.338693,6.582807,0.592854,0.702737,0.482971,7.38103,6.23172,8.530339,0.6199872,0,2.142388,7.149195,6.078436,8.219954,9.760925,10,9.393147,-1,-1,-1,-1,-1,-1,-1,-1,-1,-1,-1,-1,-1,-1,-1,-1,-1,-1,-1,-1,-1,-1,-1,-1,-1,-1,-1,-1,-1,-1,-1,-1,-1,-1,-1,-1,-1,-1,-1,-1,-1,-1,-1,-1,-1,-1,-1,-1,-1,-1,0,0,0,0,0,0,-1,-1,-1,-1,-1,-1,-1,-1,-1,-1,-1,-1,0,0,0,0,0,0,-1,-1,-1,-1,-1,-1,-1,-1,-1,-1,-1,-1,-1,-1,False,False,0,0,False,54,0,0,0,0,0,0,0,0,0,0,0,0,0,0,0,1,
0,382,2026-02-23 12:17:50Z,,6.900894,7.216993,6.584795,0.6641538,0,1.631078,0,0,0,0,0,0,5.460839,4.338724,6.582964,0.592854,0.702737,0.482971,7.381073,6.231698,8.530448,0.6199074,0,2.142308,7.149326,6.078507,8.220145,9.761187,10,9.393476,6.900894,7.216993,6.584795,0.6641538,0,1.631078,0,0,0,0,0,0,5.460839,4.338724,6.582964,0.592854,0.702737,0.482971,7.381073,6.231698,8.530448,0.6199074,0,2.142308,7.149326,6.078507,8.220145,9.761187,10,9.393476,-1,-1,-1,-1,-1,-1,-1,-1,-1,-1,-1,-1,-1,-1,-1,-1,-1,-1,-1,-1,-1,-1,-1,-1,-1,-1,-1,-1,-1,-1,-1,-1,-1,-1,-1,-1,-1,-1,-1,-1,-1,-1,-1,-1,-1,-1,-1,-1,-1,-1,0,0,0,0,0,0,-1,-1,-1,-1,-1,-1,-1,-1,-1,-1,-1,-1,0,0,0,0,0,0,-1,-1,-1,-1,-1,-1,-1,-1,-1,-1,-1,-1,-1,-1,False,False,0,0,False,54,0,0,0,0,0,0,0,0,0,0,0,0,0,0,0,1,
0,383,2026-02-23 12:17:50Z,,6.900967,7.217006,6.584927,0.6640298,0,1.631009,0,0,0,0,0,0,5.460933,4.338755,6.583121,0.592854,0.702737,0.482971,7.381115,6.231676,8.530556,0.619828,0,2.142228,7.149456,6.078578,8.220335,9.761447,10,9.393802,6.900967,7.217006,6.584927,0.6640298,0,1.631009,0,0,0,0,0,0,5.460933,4.338755,6.583121,0.592854,0.702737,0.482971,7.381115,6.231676,8.530556,0.619828,0,2.142228,7.149456,6.078578,8.220335,9.761447,10,9.393802,-1,-1,-1,-1,-1,-1,-1,-1,-1,-1,-1,-1,-1,-1,-1,-1,-1,-1,-1,-1,-1,-1,-1,-1,-1,-1,-1,-1,-1,-1,-1,-1,-1,-1,-1,-1,-1,-1,-1,-1,-1,-1,-1,-1,-1,-1,-1,-1,-1,-1,0,0,0,0,0,0,-1,-1,-1,-1,-1,-1,-1,-1,-1,-1,-1,-1,0,0,0,0,0,0,-1,-1,-1,-1,-1,-1,-1,-1,-1,-1,-1,-1,-1,-1,False,False,0,0,False,54,0,0,0,0,0,0,0,0,0,0,0,0,0,0,0,1,
0,384,2026-02-23 12:17:50Z,,6.90104,7.21702,6.585059,0.6639065,0,1.630941,0,0,0,0,0,0,5.461026,4.338786,6.583277,0.592854,0.702737,0.482971,7.381158,6.231654,8.530663,0.619749,0,2.142149,7.149585,6.078648,8.220524,9.761705,10,9.394127,6.90104,7.21702,6.585059,0.6639065,0,1.630941,0,0,0,0,0,0,5.461026,4.338786,6.583277,0.592854,0.702737,0.482971,7.381158,6.231654,8.530663,0.619749,0,2.142149,7.149585,6.078648,8.220524,9.761705,10,9.394127,-1,-1,-1,-1,-1,-1,-1,-1,-1,-1,-1,-1,-1,-1,-1,-1,-1,-1,-1,-1,-1,-1,-1,-1,-1,-1,-1,-1,-1,-1,-1,-1,-1,-1,-1,-1,-1,-1,-1,-1,-1,-1,-1,-1,-1,-1,-1,-1,-1,-1,0,0,0,0,0,0,-1,-1,-1,-1,-1,-1,-1,-1,-1,-1,-1,-1,0,0,0,0,0,0,-1,-1,-1,-1,-1,-1,-1,-1,-1,-1,-1,-1,-1,-1,False,False,0,0,False,54,0,0,0,0,0,0,0,0,0,0,0,0,0,0,0,1,
0,385,2026-02-23 12:17:50Z,,6.901112,7.217032,6.58519,0.6637838,0,1.630873,0,0,0,0,0,0,5.461119,4.338816,6.583432,0.592854,0.702737,0.482971,7.3812,6.231632,8.530768,0.6196705,0,2.142071,7.149714,6.078718,8.220712,9.761963,10,9.39445,6.901112,7.217032,6.58519,0.6637838,0,1.630873,0,0,0,0,0,0,5.461119,4.338816,6.583432,0.592854,0.702737,0.482971,7.3812,6.231632,8.530768,0.6196705,0,2.142071,7.149714,6.078718,8.220712,9.761963,10,9.39445,-1,-1,-1,-1,-1,-1,-1,-1,-1,-1,-1,-1,-1,-1,-1,-1,-1,-1,-1,-1,-1,-1,-1,-1,-1,-1,-1,-1,-1,-1,-1,-1,-1,-1,-1,-1,-1,-1,-1,-1,-1,-1,-1,-1,-1,-1,-1,-1,-1,-1,0,0,0,0,0,0,-1,-1,-1,-1,-1,-1,-1,-1,-1,-1,-1,-1,0,0,0,0,0,0,-1,-1,-1,-1,-1,-1,-1,-1,-1,-1,-1,-1,-1,-1,False,False,0,0,False,54,0,0,0,0,0,0,0,0,0,0,0,0,0,0,0,1,
0,386,2026-02-23 12:17:50Z,,6.901184,7.217046,6.585321,0.6636617,0,1.630806,0,0,0,0,0,0,5.461211,4.338847,6.583586,0.592854,0.702737,0.482971,7.381242,6.23161,8.530875,0.6195922,0,2.141993,7.149843,6.078787,8.220899,9.762219,10,9.394772,6.901184,7.217046,6.585321,0.6636617,0,1.630806,0,0,0,0,0,0,5.461211,4.338847,6.583586,0.592854,0.702737,0.482971,7.381242,6.23161,8.530875,0.6195922,0,2.141993,7.149843,6.078787,8.220899,9.762219,10,9.394772,-1,-1,-1,-1,-1,-1,-1,-1,-1,-1,-1,-1,-1,-1,-1,-1,-1,-1,-1,-1,-1,-1,-1,-1,-1,-1,-1,-1,-1,-1,-1,-1,-1,-1,-1,-1,-1,-1,-1,-1,-1,-1,-1,-1,-1,-1,-1,-1,-1,-1,0,0,0,0,0,0,-1,-1,-1,-1,-1,-1,-1,-1,-1,-1,-1,-1,0,0,0,0,0,0,-1,-1,-1,-1,-1,-1,-1,-1,-1,-1,-1,-1,-1,-1,False,False,0,0,False,54,0,0,0,0,0,0,0,0,0,0,0,0,0,0,0,1,
0,387,2026-02-23 12:17:50Z,,6.901255,7.217059,6.585451,0.6635402,0,1.630739,0,0,0,0,0,0,5.461303,4.338877,6.58374,0.592854,0.702737,0.482971,7.381284,6.231589,8.53098,0.6195145,0,2.141915,7.149971,6.078856,8.221086,9.762474,10,9.395092,6.901255,7.217059,6.585451,0.6635402,0,1.630739,0,0,0,0,0,0,5.461303,4.338877,6.58374,0.592854,0.702737,0.482971,7.381284,6.231589,8.53098,0.6195145,0,2.141915,7.149971,6.078856,8.221086,9.762474,10,9.395092,-1,-1,-1,-1,-1,-1,-1,-1,-1,-1,-1,-1,-1,-1,-1,-1,-1,-1,-1,-1,-1,-1,-1,-1,-1,-1,-1,-1,-1,-1,-1,-1,-1,-1,-1,-1,-1,-1,-1,-1,-1,-1,-1,-1,-1,-1,-1,-1,-1,-1,0,0,0,0,0,0,-1,-1,-1,-1,-1,-1,-1,-1,-1,-1,-1,-1,0,0,0,0,0,0,-1,-1,-1,-1,-1,-1,-1,-1,-1,-1,-1,-1,-1,-1,False,False,0,0,False,54,0,0,0,0,0,0,0,0,0,0,0,0,0,0,0,1,
0,388,2026-02-23 12:17:50Z,,6.901326,7.217072,6.58558,0.6634193,0,1.630672,0,0,0,0,0,0,5.461395,4.338908,6.583892,0.592854,0.702737,0.482971,7.381326,6.231567,8.531085,0.619437,0,2.141837,7.150097,6.078925,8.221271,9.762728,10,9.395411,6.901326,7.217072,6.58558,0.6634193,0,1.630672,0,0,0,0,0,0,5.461395,4.338908,6.583892,0.592854,0.702737,0.482971,7.381326,6.231567,8.531085,0.619437,0,2.141837,7.150097,6.078925,8.221271,9.762728,10,9.395411,-1,-1,-1,-1,-1,-1,-1,-1,-1,-1,-1,-1,-1,-1,-1,-1,-1,-1,-1,-1,-1,-1,-1,-1,-1,-1,-1,-1,-1,-1,-1,-1,-1,-1,-1,-1,-1,-1,-1,-1,-1,-1,-1,-1,-1,-1,-1,-1,-1,-1,0,0,0,0,0,0,-1,-1,-1,-1,-1,-1,-1,-1,-1,-1,-1,-1,0,0,0,0,0,0,-1,-1,-1,-1,-1,-1,-1,-1,-1,-1,-1,-1,-1,-1,False,False,0,0,False,54,0,0,0,0,0,0,0,0,0,0,0,0,0,0,0,1,
0,389,2026-02-23 12:17:50Z,,6.901397,7.217084,6.585709,0.663299,0,1.630606,0,0,0,0,0,0,5.461486,4.338938,6.584044,0.592854,0.702737,0.482971,7.381368,6.231546,8.53119,0.61936,0,2.14176,7.150224,6.078993,8.221455,9.76298,10,9.395727,6.901397,7.217084,6.585709,0.663299,0,1.630606,0,0,0,0,0,0,5.461486,4.338938,6.584044,0.592854,0.702737,0.482971,7.381368,6.231546,8.53119,0.61936,0,2.14176,7.150224,6.078993,8.221455,9.76298,10,9.395727,-1,-1,-1,-1,-1,-1,-1,-1,-1,-1,-1,-1,-1,-1,-1,-1,-1,-1,-1,-1,-1,-1,-1,-1,-1,-1,-1,-1,-1,-1,-1,-1,-1,-1,-1,-1,-1,-1,-1,-1,-1,-1,-1,-1,-1,-1,-1,-1,-1,-1,0,0,0,0,0,0,-1,-1,-1,-1,-1,-1,-1,-1,-1,-1,-1,-1,0,0,0,0,0,0,-1,-1,-1,-1,-1,-1,-1,-1,-1,-1,-1,-1,-1,-1,False,False,0,0,False,54,0,0,0,0,0,0,0,0,0,0,0,0,0,0,0,1,
0,390,2026-02-23 12:17:51Z,,6.901467,7.217097,6.585837,0.6631792,0,1.63054,0,0,0,0,0,0,5.461576,4.338968,6.584196,0.592854,0.702737,0.482971,7.381409,6.231525,8.531294,0.6192833,0,2.141684,7.15035,6.079062,8.221639,9.763231,10,9.396043,6.901467,7.217097,6.585837,0.6631792,0,1.63054,0,0,0,0,0,0,5.461576,4.338968,6.584196,0.592854,0.702737,0.482971,7.381409,6.231525,8.531294,0.6192833,0,2.141684,7.15035,6.079062,8.221639,9.763231,10,9.396043,-1,-1,-1,-1,-1,-1,-1,-1,-1,-1,-1,-1,-1,-1,-1,-1,-1,-1,-1,-1,-1,-1,-1,-1,-1,-1,-1,-1,-1,-1,-1,-1,-1,-1,-1,-1,-1,-1,-1,-1,-1,-1,-1,-1,-1,-1,-1,-1,-1,-1,0,0,0,0,0,0,-1,-1,-1,-1,-1,-1,-1,-1,-1,-1,-1,-1,0,0,0,0,0,0,-1,-1,-1,-1,-1,-1,-1,-1,-1,-1,-1,-1,-1,-1,False,False,0,0,False,54,0,0,0,0,0,0,0,0,0,0,0,0,0,0,0,1,
0,391,2026-02-23 12:17:51Z,,6.901537,7.21711,6.585965,0.6630601,0,1.630474,0,0,0,0,0,0,5.461667,4.338997,6.584346,0.592854,0.702737,0.482971,7.38145,6.231503,8.531397,0.619207,0,2.141607,7.150475,6.079129,8.221821,9.763482,10,9.396357,6.901537,7.21711,6.585965,0.6630601,0,1.630474,0,0,0,0,0,0,5.461667,4.338997,6.584346,0.592854,0.702737,0.482971,7.38145,6.231503,8.531397,0.619207,0,2.141607,7.150475,6.079129,8.221821,9.763482,10,9.396357,-1,-1,-1,-1,-1,-1,-1,-1,-1,-1,-1,-1,-1,-1,-1,-1,-1,-1,-1,-1,-1,-1,-1,-1,-1,-1,-1,-1,-1,-1,-1,-1,-1,-1,-1,-1,-1,-1,-1,-1,-1,-1,-1,-1,-1,-1,-1,-1,-1,-1,0,0,0,0,0,0,-1,-1,-1,-1,-1,-1,-1,-1,-1,-1,-1,-1,0,0,0,0,0,0,-1,-1,-1,-1,-1,-1,-1,-1,-1,-1,-1,-1,-1,-1,False,False,0,0,False,54,0,0,0,0,0,0,0,0,0,0,0,0,0,0,0,1,
0,392,2026-02-23 12:17:51Z,,6.901607,7.217123,6.586092,0.6629415,0,1.630409,0,0,0,0,0,0,5.461756,4.339027,6.584496,0.592854,0.702737,0.482971,7.381491,6.231483,8.5315,0.6191311,0,2.141531,7.150599,6.079197,8.222003,9.763731,10,9.396668,6.901607,7.217123,6.586092,0.6629415,0,1.630409,0,0,0,0,0,0,5.461756,4.339027,6.584496,0.592854,0.702737,0.482971,7.381491,6.231483,8.5315,0.6191311,0,2.141531,7.150599,6.079197,8.222003,9.763731,10,9.396668,-1,-1,-1,-1,-1,-1,-1,-1,-1,-1,-1,-1,-1,-1,-1,-1,-1,-1,-1,-1,-1,-1,-1,-1,-1,-1,-1,-1,-1,-1,-1,-1,-1,-1,-1,-1,-1,-1,-1,-1,-1,-1,-1,-1,-1,-1,-1,-1,-1,-1,0,0,0,0,0,0,-1,-1,-1,-1,-1,-1,-1,-1,-1,-1,-1,-1,0,0,0,0,0,0,-1,-1,-1,-1,-1,-1,-1,-1,-1,-1,-1,-1,-1,-1,False,False,0,0,False,54,0,0,0,0,0,0,0,0,0,0,0,0,0,0,0,1,
0,393,2026-02-23 12:17:51Z,,6.901677,7.217135,6.586218,0.6628236,0,1.630344,0,0,0,0,0,0,5.461845,4.339056,6.584645,0.592854,0.702737,0.482971,7.381532,6.231462,8.531602,0.6190555,0,2.141456,7.150723,6.079264,8.222183,9.763978,10,9.396979,6.901677,7.217135,6.586218,0.6628236,0,1.630344,0,0,0,0,0,0,5.461845,4.339056,6.584645,0.592854,0.702737,0.482971,7.381532,6.231462,8.531602,0.6190555,0,2.141456,7.150723,6.079264,8.222183,9.763978,10,9.396979,-1,-1,-1,-1,-1,-1,-1,-1,-1,-1,-1,-1,-1,-1,-1,-1,-1,-1,-1,-1,-1,-1,-1,-1,-1,-1,-1,-1,-1,-1,-1,-1,-1,-1,-1,-1,-1,-1,-1,-1,-1,-1,-1,-1,-1,-1,-1,-1,-1,-1,0,0,0,0,0,0,-1,-1,-1,-1,-1,-1,-1,-1,-1,-1,-1,-1,0,0,0,0,0,0,-1,-1,-1,-1,-1,-1,-1,-1,-1,-1,-1,-1,-1,-1,False,False,0,0,False,54,0,0,0,0,0,0,0,0,0,0,0,0,0,0,0,1,
0,394,2026-02-23 12:17:51Z,,6.901746,7.217147,6.586344,0.6627061,0,1.630279,0,0,0,0,0,0,5.461935,4.339086,6.584793,0.592854,0.702737,0.482971,7.381572,6.231441,8.531704,0.6189803,0,2.141381,7.150846,6.07933,8.222363,9.764225,10,9.397288,6.901746,7.217147,6.586344,0.6627061,0,1.630279,0,0,0,0,0,0,5.461935,4.339086,6.584793,0.592854,0.702737,0.482971,7.381572,6.231441,8.531704,0.6189803,0,2.141381,7.150846,6.07933,8.222363,9.764225,10,9.397288,-1,-1,-1,-1,-1,-1,-1,-1,-1,-1,-1,-1,-1,-1,-1,-1,-1,-1,-1,-1,-1,-1,-1,-1,-1,-1,-1,-1,-1,-1,-1,-1,-1,-1,-1,-1,-1,-1,-1,-1,-1,-1,-1,-1,-1,-1,-1,-1,-1,-1,0,0,0,0,0,0,-1,-1,-1,-1,-1,-1,-1,-1,-1,-1,-1,-1,0,0,0,0,0,0,-1,-1,-1,-1,-1,-1,-1,-1,-1,-1,-1,-1,-1,-1,False,False,0,0,False,54,0,0,0,0,0,0,0,0,0,0,0,0,0,0,0,1,
0,395,2026-02-23 12:17:51Z,LLM_Empathetic,6.901814,7.21716,6.586469,0.6625893,0,1.630215,0,0,0,0,0,0,5.462023,4.339115,6.584941,0.592854,0.702737,0.482971,7.381612,6.23142,8.531805,0.6189055,0,2.141306,7.15097,6.079397,8.222543,9.76447,10,9.397596,6.901814,7.21716,6.586469,0.6625893,0,1.630215,0,0,0,0,0,0,5.462023,4.339115,6.584941,0.592854,0.702737,0.482971,7.381612,6.23142,8.531805,0.6189055,0,2.141306,7.15097,6.079397,8.222543,9.76447,10,9.397596,-1,-1,-1,-1,-1,-1,-1,-1,-1,-1,-1,-1,-1,-1,-1,-1,-1,-1,-1,-1,-1,-1,-1,-1,-1,-1,-1,-1,-1,-1,-1,-1,-1,-1,-1,-1,-1,-1,-1,-1,-1,-1,-1,-1,-1,-1,-1,-1,-1,-1,0,0,0,0,0,0,-1,-1,-1,-1,-1,-1,-1,-1,-1,-1,-1,-1,0,0,0,0,0,0,-1,-1,-1,-1,-1,-1,-1,-1,-1,-1,-1,-1,-1,-1,False,False,0,0,False,54,0,0,0,0,0,0,0,0,0,0,0,0,0,0,0,1,
0,396,2026-02-23 12:17:52Z,LLM_Empathetic,6.901883,7.217172,6.586594,0.662473,0,1.630151,0,0,0,0,0,0,5.462111,4.339144,6.585088,0.592854,0.702737,0.482971,7.381653,6.2314,8.531906,0.618831,0,2.141231,7.151092,6.079463,8.222721,9.764714,10,9.397902,6.901883,7.217172,6.586594,0.662473,0,1.630151,0,0,0,0,0,0,5.462111,4.339144,6.585088,0.592854,0.702737,0.482971,7.381653,6.2314,8.531906,0.618831,0,2.141231,7.151092,6.079463,8.222721,9.764714,10,9.397902,-1,-1,-1,-1,-1,-1,-1,-1,-1,-1,-1,-1,-1,-1,-1,-1,-1,-1,-1,-1,-1,-1,-1,-1,-1,-1,-1,-1,-1,-1,-1,-1,-1,-1,-1,-1,-1,-1,-1,-1,-1,-1,-1,-1,-1,-1,-1,-1,-1,-1,0,0,0,0,0,0,-1,-1,-1,-1,-1,-1,-1,-1,-1,-1,-1,-1,0,0,0,0,0,0,-1,-1,-1,-1,-1,-1,-1,-1,-1,-1,-1,-1,-1,-1,False,False,0,0,False,182,0,0,0,0,0,0,0,0,0,0,0,0,0,0,0,1,
0,397,2026-02-23 12:17:52Z,LLM_Empathetic,6.901951,7.217185,6.586717,0.6623572,0,1.630087,0,0,0,0,0,0,5.462198,4.339173,6.585234,0.592854,0.702737,0.482971,7.381692,6.231379,8.532006,0.6187569,0,2.141157,7.151213,6.079529,8.222898,9.764956,10,9.398208,6.901951,7.217185,6.586717,0.6623572,0,1.630087,0,0,0,0,0,0,5.462198,4.339173,6.585234,0.592854,0.702737,0.482971,7.381692,6.231379,8.532006,0.6187569,0,2.141157,7.151213,6.079529,8.222898,9.764956,10,9.398208,-1,-1,-1,-1,-1,-1,-1,-1,-1,-1,-1,-1,-1,-1,-1,-1,-1,-1,-1,-1,-1,-1,-1,-1,-1,-1,-1,-1,-1,-1,-1,-1,-1,-1,-1,-1,-1,-1,-1,-1,-1,-1,-1,-1,-1,-1,-1,-1,-1,-1,0,0,0,0,0,0,-1,-1,-1,-1,-1,-1,-1,-1,-1,-1,-1,-1,0,0,0,0,0,0,-1,-1,-1,-1,-1,-1,-1,-1,-1,-1,-1,-1,-1,-1,False,False,0,0,False,207,0,0,0,0,0,0,0,0,0,0,0,0,0,0,0,1,
0,398,2026-02-23 12:17:52Z,LLM_Empathetic,6.902019,7.217197,6.586841,0.6622421,0,1.630023,0,0,0,0,0,0,5.462286,4.339202,6.58538,0.592854,0.702737,0.482971,7.381732,6.231359,8.532106,0.6186831,0,2.141083,7.151334,6.079595,8.223075,9.765199,10,9.398511,6.902019,7.217197,6.586841,0.6622421,0,1.630023,0,0,0,0,0,0,5.462286,4.339202,6.58538,0.592854,0.702737,0.482971,7.381732,6.231359,8.532106,0.6186831,0,2.141083,7.151334,6.079595,8.223075,9.765199,10,9.398511,-1,-1,-1,-1,-1,-1,-1,-1,-1,-1,-1,-1,-1,-1,-1,-1,-1,-1,-1,-1,-1,-1,-1,-1,-1,-1,-1,-1,-1,-1,-1,-1,-1,-1,-1,-1,-1,-1,-1,-1,-1,-1,-1,-1,-1,-1,-1,-1,-1,-1,0,0,0,0,0,0,-1,-1,-1,-1,-1,-1,-1,-1,-1,-1,-1,-1,0,0,0,0,0,0,-1,-1,-1,-1,-1,-1,-1,-1,-1,-1,-1,-1,-1,-1,False,False,0,0,False,209,0,0,0,0,0,0,0,0,0,0,0,0,0,0,0,1,
0,399,2026-02-23 12:17:52Z,LLM_Empathetic,6.902086,7.217209,6.586963,0.6621274,0,1.62996,0,0,0,0,0,0,5.462372,4.339231,6.585524,0.592854,0.702737,0.482971,7.381772,6.231338,8.532207,0.6186097,0,2.14101,7.151454,6.07966,8.22325,9.765439,10,9.398813,6.902086,7.217209,6.586963,0.6621274,0,1.62996,0,0,0,0,0,0,5.462372,4.339231,6.585524,0.592854,0.702737,0.482971,7.381772,6.231338,8.532207,0.6186097,0,2.14101,7.151454,6.07966,8.22325,9.765439,10,9.398813,-1,-1,-1,-1,-1,-1,-1,-1,-1,-1,-1,-1,-1,-1,-1,-1,-1,-1,-1,-1,-1,-1,-1,-1,-1,-1,-1,-1,-1,-1,-1,-1,-1,-1,-1,-1,-1,-1,-1,-1,-1,-1,-1,-1,-1,-1,-1,-1,-1,-1,0,0,0,0,0,0,-1,-1,-1,-1,-1,-1,-1,-1,-1,-1,-1,-1,0,0,0,0,0,0,-1,-1,-1,-1,-1,-1,-1,-1,-1,-1,-1,-1,-1,-1,False,False,0,0,False,207,0,0,0,0,0,0,0,0,0,0,0,0,0,0,0,1,
0,400,2026-02-23 12:17:52Z,LLM_Empathetic,6.902153,7.217221,6.587085,0.6620133,0,1.629897,0,0,0,0,0,0,5.462459,4.33926,6.585669,0.592854,0.702737,0.482971,7.381811,6.231318,8.532305,0.6185367,0,2.140937,7.151575,6.079725,8.223425,9.765678,10,9.399114,6.902153,7.217221,6.587085,0.6620133,0,1.629897,0,0,0,0,0,0,5.462459,4.33926,6.585669,0.592854,0.702737,0.482971,7.381811,6.231318,8.532305,0.6185367,0,2.140937,7.151575,6.079725,8.223425,9.765678,10,9.399114,-1,-1,-1,-1,-1,-1,-1,-1,-1,-1,-1,-1,-1,-1,-1,-1,-1,-1,-1,-1,-1,-1,-1,-1,-1,-1,-1,-1,-1,-1,-1,-1,-1,-1,-1,-1,-1,-1,-1,-1,-1,-1,-1,-1,-1,-1,-1,-1,-1,-1,0,0,0,0,0,0,-1,-1,-1,-1,-1,-1,-1,-1,-1,-1,-1,-1,0,0,0,0,0,0,-1,-1,-1,-1,-1,-1,-1,-1,-1,-1,-1,-1,-1,-1,False,False,0,0,False,209,0,0,0,0,0,0,0,0,0,0,0,0,0,0,0,1,
0,401,2026-02-23 12:17:52Z,LLM_Empathetic,6.90222,7.217233,6.587207,0.6618997,0,1.629834,0,0,0,0,0,0,5.462544,4.339288,6.585812,0.592854,0.702737,0.482971,7.38185,6.231297,8.532404,0.6184639,0,2.140864,7.151694,6.079789,8.223599,9.765917,10,9.399412,6.90222,7.217233,6.587207,0.6618997,0,1.629834,0,0,0,0,0,0,5.462544,4.339288,6.585812,0.592854,0.702737,0.482971,7.38185,6.231297,8.532404,0.6184639,0,2.140864,7.151694,6.079789,8.223599,9.765917,10,9.399412,-1,-1,-1,-1,-1,-1,-1,-1,-1,-1,-1,-1,-1,-1,-1,-1,-1,-1,-1,-1,-1,-1,-1,-1,-1,-1,-1,-1,-1,-1,-1,-1,-1,-1,-1,-1,-1,-1,-1,-1,-1,-1,-1,-1,-1,-1,-1,-1,-1,-1,0,0,0,0,0,0,-1,-1,-1,-1,-1,-1,-1,-1,-1,-1,-1,-1,0,0,0,0,0,0,-1,-1,-1,-1,-1,-1,-1,-1,-1,-1,-1,-1,-1,-1,False,False,0,0,False,209,0,0,0,0,0,0,0,0,0,0,0,0,0,0,0,1,
0,402,2026-02-23 12:17:52Z,LLM_Empathetic,6.902287,7.217245,6.587328,0.6617867,0,1.629772,0,0,0,0,0,0,5.46263,4.339316,6.585955,0.592854,0.702737,0.482971,7.381889,6.231277,8.532502,0.6183915,0,2.140792,7.151813,6.079854,8.223772,9.766154,10,9.399711,6.902287,7.217245,6.587328,0.6617867,0,1.629772,0,0,0,0,0,0,5.46263,4.339316,6.585955,0.592854,0.702737,0.482971,7.381889,6.231277,8.532502,0.6183915,0,2.140792,7.151813,6.079854,8.223772,9.766154,10,9.399711,-1,-1,-1,-1,-1,-1,-1,-1,-1,-1,-1,-1,-1,-1,-1,-1,-1,-1,-1,-1,-1,-1,-1,-1,-1,-1,-1,-1,-1,-1,-1,-1,-1,-1,-1,-1,-1,-1,-1,-1,-1,-1,-1,-1,-1,-1,-1,-1,-1,-1,0,0,0,0,0,0,-1,-1,-1,-1,-1,-1,-1,-1,-1,-1,-1,-1,0,0,0,0,0,0,-1,-1,-1,-1,-1,-1,-1,-1,-1,-1,-1,-1,-1,-1,False,False,0,0,False,209,0,0,0,0,0,0,0,0,0,0,0,0,0,0,0,1,
0,403,2026-02-23 12:17:52Z,LLM_Empathetic,6.902353,7.217257,6.587448,0.6616742,0,1.62971,0,0,0,0,0,0,5.462715,4.339344,6.586097,0.592854,0.702737,0.482971,7.381928,6.231257,8.532599,0.6183195,0,2.14072,7.151931,6.079917,8.223945,9.76639,10,9.400006,6.902353,7.217257,6.587448,0.6616742,0,1.62971,0,0,0,0,0,0,5.462715,4.339344,6.586097,0.592854,0.702737,0.482971,7.381928,6.231257,8.532599,0.6183195,0,2.14072,7.151931,6.079917,8.223945,9.76639,10,9.400006,-1,-1,-1,-1,-1,-1,-1,-1,-1,-1,-1,-1,-1,-1,-1,-1,-1,-1,-1,-1,-1,-1,-1,-1,-1,-1,-1,-1,-1,-1,-1,-1,-1,-1,-1,-1,-1,-1,-1,-1,-1,-1,-1,-1,-1,-1,-1,-1,-1,-1,0,0,0,0,0,0,-1,-1,-1,-1,-1,-1,-1,-1,-1,-1,-1,-1,0,0,0,0,0,0,-1,-1,-1,-1,-1,-1,-1,-1,-1,-1,-1,-1,-1,-1,False,False,0,0,False,209,0,0,0,0,0,0,0,0,0,0,0,0,0,0,0,1,
0,404,2026-02-23 12:17:52Z,LLM_Empathetic,6.902419,7.217269,6.587568,0.6615623,0,1.629648,0,0,0,0,0,0,5.4628,4.339372,6.586238,0.592854,0.702737,0.482971,7.381967,6.231238,8.532697,0.6182478,0,2.140648,7.152049,6.079981,8.224116,9.766625,10,9.400302,6.902419,7.217269,6.587568,0.6615623,0,1.629648,0,0,0,0,0,0,5.4628,4.339372,6.586238,0.592854,0.702737,0.482971,7.381967,6.231238,8.532697,0.6182478,0,2.140648,7.152049,6.079981,8.224116,9.766625,10,9.400302,-1,-1,-1,-1,-1,-1,-1,-1,-1,-1,-1,-1,-1,-1,-1,-1,-1,-1,-1,-1,-1,-1,-1,-1,-1,-1,-1,-1,-1,-1,-1,-1,-1,-1,-1,-1,-1,-1,-1,-1,-1,-1,-1,-1,-1,-1,-1,-1,-1,-1,0,0,0,0,0,0,-1,-1,-1,-1,-1,-1,-1,-1,-1,-1,-1,-1,0,0,0,0,0,0,-1,-1,-1,-1,-1,-1,-1,-1,-1,-1,-1,-1,-1,-1,False,False,0,0,False,207,0,0,0,0,0,0,0,0,0,0,0,0,0,0,0,1,
0,405,2026-02-23 12:17:52Z,LLM_Empathetic,6.902484,7.217281,6.587687,0.6614508,0,1.629587,0,0,0,0,0,0,5.462884,4.3394,6.586379,0.592854,0.702737,0.482971,7.382005,6.231218,8.532793,0.6181765,0,2.140577,7.152165,6.080045,8.224287,9.766859,10,9.400595,6.902484,7.217281,6.587687,0.6614508,0,1.629587,0,0,0,0,0,0,5.462884,4.3394,6.586379,0.592854,0.702737,0.482971,7.382005,6.231218,8.532793,0.6181765,0,2.140577,7.152165,6.080045,8.224287,9.766859,10,9.400595,-1,-1,-1,-1,-1,-1,-1,-1,-1,-1,-1,-1,-1,-1,-1,-1,-1,-1,-1,-1,-1,-1,-1,-1,-1,-1,-1,-1,-1,-1,-1,-1,-1,-1,-1,-1,-1,-1,-1,-1,-1,-1,-1,-1,-1,-1,-1,-1,-1,-1,0,0,0,0,0,0,-1,-1,-1,-1,-1,-1,-1,-1,-1,-1,-1,-1,0,0,0,0,0,0,-1,-1,-1,-1,-1,-1,-1,-1,-1,-1,-1,-1,-1,-1,False,False,0,0,False,209,0,0,0,0,0,0,0,0,0,0,0,0,0,0,0,1,
0,406,2026-02-23 12:17:52Z,LLM_Empathetic,6.90255,7.217293,6.587806,0.6613399,0,1.629526,0,0,0,0,0,0,5.462968,4.339428,6.586519,0.592854,0.702737,0.482971,7.382044,6.231198,8.532889,0.6181054,0,2.140506,7.152282,6.080108,8.224457,9.767092,10,9.400887,6.90255,7.217293,6.587806,0.6613399,0,1.629526,0,0,0,0,0,0,5.462968,4.339428,6.586519,0.592854,0.702737,0.482971,7.382044,6.231198,8.532889,0.6181054,0,2.140506,7.152282,6.080108,8.224457,9.767092,10,9.400887,-1,-1,-1,-1,-1,-1,-1,-1,-1,-1,-1,-1,-1,-1,-1,-1,-1,-1,-1,-1,-1,-1,-1,-1,-1,-1,-1,-1,-1,-1,-1,-1,-1,-1,-1,-1,-1,-1,-1,-1,-1,-1,-1,-1,-1,-1,-1,-1,-1,-1,0,0,0,0,0,0,-1,-1,-1,-1,-1,-1,-1,-1,-1,-1,-1,-1,0,0,0,0,0,0,-1,-1,-1,-1,-1,-1,-1,-1,-1,-1,-1,-1,-1,-1,False,False,0,0,False,209,0,0,0,0,0,0,0,0,0,0,0,0,0,0,0,1,
0,407,2026-02-23 12:17:52Z,LLM_Empathetic,6.902615,7.217305,6.587924,0.6612294,0,1.629465,0,0,0,0,0,0,5.463052,4.339456,6.586658,0.592854,0.702737,0.482971,7.382082,6.231179,8.532986,0.6180347,0,2.140435,7.152398,6.080171,8.224627,9.767323,10,9.401178,6.902615,7.217305,6.587924,0.6612294,0,1.629465,0,0,0,0,0,0,5.463052,4.339456,6.586658,0.592854,0.702737,0.482971,7.382082,6.231179,8.532986,0.6180347,0,2.140435,7.152398,6.080171,8.224627,9.767323,10,9.401178,-1,-1,-1,-1,-1,-1,-1,-1,-1,-1,-1,-1,-1,-1,-1,-1,-1,-1,-1,-1,-1,-1,-1,-1,-1,-1,-1,-1,-1,-1,-1,-1,-1,-1,-1,-1,-1,-1,-1,-1,-1,-1,-1,-1,-1,-1,-1,-1,-1,-1,0,0,0,0,0,0,-1,-1,-1,-1,-1,-1,-1,-1,-1,-1,-1,-1,0,0,0,0,0,0,-1,-1,-1,-1,-1,-1,-1,-1,-1,-1,-1,-1,-1,-1,False,False,0,0,False,207,0,0,0,0,0,0,0,0,0,0,0,0,0,0,0,1,
0,408,2026-02-23 12:17:52Z,LLM_Empathetic,6.902679,7.217316,6.588042,0.6611195,0,1.629404,0,0,0,0,0,0,5.463135,4.339483,6.586797,0.592854,0.702737,0.482971,7.38212,6.231159,8.533081,0.6179643,0,2.140365,7.152514,6.080233,8.224794,9.767554,10,9.401467,6.902679,7.217316,6.588042,0.6611195,0,1.629404,0,0,0,0,0,0,5.463135,4.339483,6.586797,0.592854,0.702737,0.482971,7.38212,6.231159,8.533081,0.6179643,0,2.140365,7.152514,6.080233,8.224794,9.767554,10,9.401467,-1,-1,-1,-1,-1,-1,-1,-1,-1,-1,-1,-1,-1,-1,-1,-1,-1,-1,-1,-1,-1,-1,-1,-1,-1,-1,-1,-1,-1,-1,-1,-1,-1,-1,-1,-1,-1,-1,-1,-1,-1,-1,-1,-1,-1,-1,-1,-1,-1,-1,0,0,0,0,0,0,-1,-1,-1,-1,-1,-1,-1,-1,-1,-1,-1,-1,0,0,0,0,0,0,-1,-1,-1,-1,-1,-1,-1,-1,-1,-1,-1,-1,-1,-1,False,False,0,0,False,207,0,0,0,0,0,0,0,0,0,0,0,0,0,0,0,1,
0,409,2026-02-23 12:17:52Z,LLM_Empathetic,6.902744,7.217328,6.588159,0.6610101,0,1.629344,0,0,0,0,0,0,5.463218,4.33951,6.586936,0.592854,0.702737,0.482971,7.382157,6.23114,8.533175,0.6178942,0,2.140295,7.152628,6.080295,8.224962,9.767784,10,9.401755,6.902744,7.217328,6.588159,0.6610101,0,1.629344,0,0,0,0,0,0,5.463218,4.33951,6.586936,0.592854,0.702737,0.482971,7.382157,6.23114,8.533175,0.6178942,0,2.140295,7.152628,6.080295,8.224962,9.767784,10,9.401755,-1,-1,-1,-1,-1,-1,-1,-1,-1,-1,-1,-1,-1,-1,-1,-1,-1,-1,-1,-1,-1,-1,-1,-1,-1,-1,-1,-1,-1,-1,-1,-1,-1,-1,-1,-1,-1,-1,-1,-1,-1,-1,-1,-1,-1,-1,-1,-1,-1,-1,0,0,0,0,0,0,-1,-1,-1,-1,-1,-1,-1,-1,-1,-1,-1,-1,0,0,0,0,0,0,-1,-1,-1,-1,-1,-1,-1,-1,-1,-1,-1,-1,-1,-1,False,False,0,0,False,207,0,0,0,0,0,0,0,0,0,0,0,0,0,0,0,1,
0,410,2026-02-23 12:17:52Z,LLM_Empathetic,6.902808,7.21734,6.588275,0.6609012,0,1.629284,0,0,0,0,0,0,5.4633,4.339538,6.587073,0.592854,0.702737,0.482971,7.382195,6.231121,8.53327,0.6178245,0,2.140225,7.152743,6.080357,8.225129,9.768012,10,9.402042,6.902808,7.21734,6.588275,0.6609012,0,1.629284,0,0,0,0,0,0,5.4633,4.339538,6.587073,0.592854,0.702737,0.482971,7.382195,6.231121,8.53327,0.6178245,0,2.140225,7.152743,6.080357,8.225129,9.768012,10,9.402042,-1,-1,-1,-1,-1,-1,-1,-1,-1,-1,-1,-1,-1,-1,-1,-1,-1,-1,-1,-1,-1,-1,-1,-1,-1,-1,-1,-1,-1,-1,-1,-1,-1,-1,-1,-1,-1,-1,-1,-1,-1,-1,-1,-1,-1,-1,-1,-1,-1,-1,0,0,0,0,0,0,-1,-1,-1,-1,-1,-1,-1,-1,-1,-1,-1,-1,0,0,0,0,0,0,-1,-1,-1,-1,-1,-1,-1,-1,-1,-1,-1,-1,-1,-1,False,False,0,0,False,207,0,0,0,0,0,0,0,0,0,0,0,0,0,0,0,1,
0,411,2026-02-23 12:17:52Z,LLM_Empathetic,6.902872,7.217351,6.588392,0.6607928,0,1.629224,0,0,0,0,0,0,5.463382,4.339565,6.58721,0.592854,0.702737,0.482971,7.382233,6.231101,8.533364,0.6177551,0,2.140156,7.152857,6.080419,8.225295,9.76824,10,9.402328,6.902872,7.217351,6.588392,0.6607928,0,1.629224,0,0,0,0,0,0,5.463382,4.339565,6.58721,0.592854,0.702737,0.482971,7.382233,6.231101,8.533364,0.6177551,0,2.140156,7.152857,6.080419,8.225295,9.76824,10,9.402328,-1,-1,-1,-1,-1,-1,-1,-1,-1,-1,-1,-1,-1,-1,-1,-1,-1,-1,-1,-1,-1,-1,-1,-1,-1,-1,-1,-1,-1,-1,-1,-1,-1,-1,-1,-1,-1,-1,-1,-1,-1,-1,-1,-1,-1,-1,-1,-1,-1,-1,0,0,0,0,0,0,-1,-1,-1,-1,-1,-1,-1,-1,-1,-1,-1,-1,0,0,0,0,0,0,-1,-1,-1,-1,-1,-1,-1,-1,-1,-1,-1,-1,-1,-1,False,False,0,0,False,209,0,0,0,0,0,0,0,0,0,0,0,0,0,0,0,1,
0,412,2026-02-23 12:17:52Z,LLM_Empathetic,6.902935,7.217363,6.588507,0.6606849,0,1.629164,0,0,0,0,0,0,5.463464,4.339592,6.587347,0.592854,0.702737,0.482971,7.38227,6.231082,8.533458,0.617686,0,2.140086,7.15297,6.08048,8.225461,9.768466,10,9.402612,6.902935,7.217363,6.588507,0.6606849,0,1.629164,0,0,0,0,0,0,5.463464,4.339592,6.587347,0.592854,0.702737,0.482971,7.38227,6.231082,8.533458,0.617686,0,2.140086,7.15297,6.08048,8.225461,9.768466,10,9.402612,-1,-1,-1,-1,-1,-1,-1,-1,-1,-1,-1,-1,-1,-1,-1,-1,-1,-1,-1,-1,-1,-1,-1,-1,-1,-1,-1,-1,-1,-1,-1,-1,-1,-1,-1,-1,-1,-1,-1,-1,-1,-1,-1,-1,-1,-1,-1,-1,-1,-1,0,0,0,0,0,0,-1,-1,-1,-1,-1,-1,-1,-1,-1,-1,-1,-1,0,0,0,0,0,0,-1,-1,-1,-1,-1,-1,-1,-1,-1,-1,-1,-1,-1,-1,False,False,0,0,False,209,0,0,0,0,0,0,0,0,0,0,0,0,0,0,0,1,
0,413,2026-02-23 12:17:52Z,LLM_Empathetic,6.902998,7.217374,6.588622,0.6605775,0,1.629105,0,0,0,0,0,0,5.463545,4.339619,6.587482,0.592854,0.702737,0.482971,7.382307,6.231063,8.533551,0.6176172,0,2.140018,7.153083,6.080541,8.225625,9.768692,10,9.402895,6.902998,7.217374,6.588622,0.6605775,0,1.629105,0,0,0,0,0,0,5.463545,4.339619,6.587482,0.592854,0.702737,0.482971,7.382307,6.231063,8.533551,0.6176172,0,2.140018,7.153083,6.080541,8.225625,9.768692,10,9.402895,-1,-1,-1,-1,-1,-1,-1,-1,-1,-1,-1,-1,-1,-1,-1,-1,-1,-1,-1,-1,-1,-1,-1,-1,-1,-1,-1,-1,-1,-1,-1,-1,-1,-1,-1,-1,-1,-1,-1,-1,-1,-1,-1,-1,-1,-1,-1,-1,-1,-1,0,0,0,0,0,0,-1,-1,-1,-1,-1,-1,-1,-1,-1,-1,-1,-1,0,0,0,0,0,0,-1,-1,-1,-1,-1,-1,-1,-1,-1,-1,-1,-1,-1,-1,False,False,0,0,False,207,0,0,0,0,0,0,0,0,0,0,0,0,0,0,0,1,
0,414,2026-02-23 12:17:52Z,LLM_Empathetic,6.903061,7.217385,6.588737,0.6604706,0,1.629046,0,0,0,0,0,0,5.463626,4.339645,6.587617,0.592854,0.702737,0.482971,7.382344,6.231044,8.533644,0.6175488,0,2.139949,7.153195,6.080602,8.225789,9.768916,10,9.403176,6.903061,7.217385,6.588737,0.6604706,0,1.629046,0,0,0,0,0,0,5.463626,4.339645,6.587617,0.592854,0.702737,0.482971,7.382344,6.231044,8.533644,0.6175488,0,2.139949,7.153195,6.080602,8.225789,9.768916,10,9.403176,-1,-1,-1,-1,-1,-1,-1,-1,-1,-1,-1,-1,-1,-1,-1,-1,-1,-1,-1,-1,-1,-1,-1,-1,-1,-1,-1,-1,-1,-1,-1,-1,-1,-1,-1,-1,-1,-1,-1,-1,-1,-1,-1,-1,-1,-1,-1,-1,-1,-1,0,0,0,0,0,0,-1,-1,-1,-1,-1,-1,-1,-1,-1,-1,-1,-1,0,0,0,0,0,0,-1,-1,-1,-1,-1,-1,-1,-1,-1,-1,-1,-1,-1,-1,False,False,0,0,False,209,0,0,0,0,0,0,0,0,0,0,0,0,0,0,0,1,
0,415,2026-02-23 12:17:52Z,LLM_Empathetic,6.903124,7.217397,6.58885,0.6603642,0,1.628988,0,0,0,0,0,0,5.463706,4.339672,6.587752,0.592854,0.702737,0.482971,7.38238,6.231025,8.533736,0.6174806,0,2.139881,7.153307,6.080663,8.225952,9.769139,10,9.403457,6.903124,7.217397,6.58885,0.6603642,0,1.628988,0,0,0,0,0,0,5.463706,4.339672,6.587752,0.592854,0.702737,0.482971,7.38238,6.231025,8.533736,0.6174806,0,2.139881,7.153307,6.080663,8.225952,9.769139,10,9.403457,-1,-1,-1,-1,-1,-1,-1,-1,-1,-1,-1,-1,-1,-1,-1,-1,-1,-1,-1,-1,-1,-1,-1,-1,-1,-1,-1,-1,-1,-1,-1,-1,-1,-1,-1,-1,-1,-1,-1,-1,-1,-1,-1,-1,-1,-1,-1,-1,-1,-1,0,0,0,0,0,0,-1,-1,-1,-1,-1,-1,-1,-1,-1,-1,-1,-1,0,0,0,0,0,0,-1,-1,-1,-1,-1,-1,-1,-1,-1,-1,-1,-1,-1,-1,False,False,0,0,False,209,0,0,0,0,0,0,0,0,0,0,0,0,0,0,0,1,
0,416,2026-02-23 12:17:52Z,LLM_Empathetic,6.903186,7.217408,6.588964,0.6602582,0,1.628929,0,0,0,0,0,0,5.463787,4.339699,6.587885,0.592854,0.702737,0.482971,7.382417,6.231006,8.533828,0.6174127,0,2.139813,7.153419,6.080723,8.226115,9.769361,10,9.403736,6.903186,7.217408,6.588964,0.6602582,0,1.628929,0,0,0,0,0,0,5.463787,4.339699,6.587885,0.592854,0.702737,0.482971,7.382417,6.231006,8.533828,0.6174127,0,2.139813,7.153419,6.080723,8.226115,9.769361,10,9.403736,-1,-1,-1,-1,-1,-1,-1,-1,-1,-1,-1,-1,-1,-1,-1,-1,-1,-1,-1,-1,-1,-1,-1,-1,-1,-1,-1,-1,-1,-1,-1,-1,-1,-1,-1,-1,-1,-1,-1,-1,-1,-1,-1,-1,-1,-1,-1,-1,-1,-1,0,0,0,0,0,0,-1,-1,-1,-1,-1,-1,-1,-1,-1,-1,-1,-1,0,0,0,0,0,0,-1,-1,-1,-1,-1,-1,-1,-1,-1,-1,-1,-1,-1,-1,False,False,0,0,False,207,0,0,0,0,0,0,0,0,0,0,0,0,0,0,0,1,
0,417,2026-02-23 12:17:52Z,LLM_Empathetic,6.903248,7.217419,6.589077,0.6601527,0,1.628871,0,0,0,0,0,0,5.463867,4.339725,6.588019,0.592854,0.702737,0.482971,7.382453,6.230988,8.533919,0.6173452,0,2.139745,7.153529,6.080783,8.226276,9.769584,10,9.404014,6.903248,7.217419,6.589077,0.6601527,0,1.628871,0,0,0,0,0,0,5.463867,4.339725,6.588019,0.592854,0.702737,0.482971,7.382453,6.230988,8.533919,0.6173452,0,2.139745,7.153529,6.080783,8.226276,9.769584,10,9.404014,-1,-1,-1,-1,-1,-1,-1,-1,-1,-1,-1,-1,-1,-1,-1,-1,-1,-1,-1,-1,-1,-1,-1,-1,-1,-1,-1,-1,-1,-1,-1,-1,-1,-1,-1,-1,-1,-1,-1,-1,-1,-1,-1,-1,-1,-1,-1,-1,-1,-1,0,0,0,0,0,0,-1,-1,-1,-1,-1,-1,-1,-1,-1,-1,-1,-1,0,0,0,0,0,0,-1,-1,-1,-1,-1,-1,-1,-1,-1,-1,-1,-1,-1,-1,False,False,0,0,False,209,0,0,0,0,0,0,0,0,0,0,0,0,0,0,0,1,
0,418,2026-02-23 12:17:52Z,LLM_Empathetic,6.90331,7.217431,6.589189,0.6600477,0,1.628813,0,0,0,0,0,0,5.463946,4.339751,6.588151,0.592854,0.702737,0.482971,7.38249,6.230969,8.534011,0.6172779,0,2.139678,7.15364,6.080842,8.226438,9.769804,10,9.40429,6.90331,7.217431,6.589189,0.6600477,0,1.628813,0,0,0,0,0,0,5.463946,4.339751,6.588151,0.592854,0.702737,0.482971,7.38249,6.230969,8.534011,0.6172779,0,2.139678,7.15364,6.080842,8.226438,9.769804,10,9.40429,-1,-1,-1,-1,-1,-1,-1,-1,-1,-1,-1,-1,-1,-1,-1,-1,-1,-1,-1,-1,-1,-1,-1,-1,-1,-1,-1,-1,-1,-1,-1,-1,-1,-1,-1,-1,-1,-1,-1,-1,-1,-1,-1,-1,-1,-1,-1,-1,-1,-1,0,0,0,0,0,0,-1,-1,-1,-1,-1,-1,-1,-1,-1,-1,-1,-1,0,0,0,0,0,0,-1,-1,-1,-1,-1,-1,-1,-1,-1,-1,-1,-1,-1,-1,False,False,0,0,False,207,0,0,0,0,0,0,0,0,0,0,0,0,0,0,0,1,
0,419,2026-02-23 12:17:52Z,LLM_Empathetic,6.903371,7.217442,6.589301,0.6599432,0,1.628755,0,0,0,0,0,0,5.464025,4.339777,6.588284,0.592854,0.702737,0.482971,7.382526,6.23095,8.534101,0.617211,0,2.139611,7.153749,6.080902,8.226598,9.770023,10,9.404566,6.903371,7.217442,6.589301,0.6599432,0,1.628755,0,0,0,0,0,0,5.464025,4.339777,6.588284,0.592854,0.702737,0.482971,7.382526,6.23095,8.534101,0.617211,0,2.139611,7.153749,6.080902,8.226598,9.770023,10,9.404566,-1,-1,-1,-1,-1,-1,-1,-1,-1,-1,-1,-1,-1,-1,-1,-1,-1,-1,-1,-1,-1,-1,-1,-1,-1,-1,-1,-1,-1,-1,-1,-1,-1,-1,-1,-1,-1,-1,-1,-1,-1,-1,-1,-1,-1,-1,-1,-1,-1,-1,0,0,0,0,0,0,-1,-1,-1,-1,-1,-1,-1,-1,-1,-1,-1,-1,0,0,0,0,0,0,-1,-1,-1,-1,-1,-1,-1,-1,-1,-1,-1,-1,-1,-1,False,False,0,0,False,207,0,0,0,0,0,0,0,0,0,0,0,0,0,0,0,1,
0,420,2026-02-23 12:17:52Z,LLM_Empathetic,6.903433,7.217453,6.589413,0.6598391,0,1.628698,0,0,0,0,0,0,5.464104,4.339804,6.588415,0.592854,0.702737,0.482971,7.382562,6.230932,8.534192,0.6171443,0,2.139545,7.153859,6.080961,8.226757,9.770242,10,9.40484,6.903433,7.217453,6.589413,0.6598391,0,1.628698,0,0,0,0,0,0,5.464104,4.339804,6.588415,0.592854,0.702737,0.482971,7.382562,6.230932,8.534192,0.6171443,0,2.139545,7.153859,6.080961,8.226757,9.770242,10,9.40484,-1,-1,-1,-1,-1,-1,-1,-1,-1,-1,-1,-1,-1,-1,-1,-1,-1,-1,-1,-1,-1,-1,-1,-1,-1,-1,-1,-1,-1,-1,-1,-1,-1,-1,-1,-1,-1,-1,-1,-1,-1,-1,-1,-1,-1,-1,-1,-1,-1,-1,0,0,0,0,0,0,-1,-1,-1,-1,-1,-1,-1,-1,-1,-1,-1,-1,0,0,0,0,0,0,-1,-1,-1,-1,-1,-1,-1,-1,-1,-1,-1,-1,-1,-1,False,False,0,0,False,209,0,0,0,0,0,0,0,0,0,0,0,0,0,0,0,1,
0,421,2026-02-23 12:17:52Z,LLM_Empathetic,6.903494,7.217464,6.589523,0.6597354,0,1.628641,0,0,0,0,0,0,5.464182,4.339829,6.588546,0.592854,0.702737,0.482971,7.382597,6.230914,8.534282,0.6170779,0,2.139478,7.153968,6.08102,8.226916,9.770459,10,9.405113,6.903494,7.217464,6.589523,0.6597354,0,1.628641,0,0,0,0,0,0,5.464182,4.339829,6.588546,0.592854,0.702737,0.482971,7.382597,6.230914,8.534282,0.6170779,0,2.139478,7.153968,6.08102,8.226916,9.770459,10,9.405113,-1,-1,-1,-1,-1,-1,-1,-1,-1,-1,-1,-1,-1,-1,-1,-1,-1,-1,-1,-1,-1,-1,-1,-1,-1,-1,-1,-1,-1,-1,-1,-1,-1,-1,-1,-1,-1,-1,-1,-1,-1,-1,-1,-1,-1,-1,-1,-1,-1,-1,0,0,0,0,0,0,-1,-1,-1,-1,-1,-1,-1,-1,-1,-1,-1,-1,0,0,0,0,0,0,-1,-1,-1,-1,-1,-1,-1,-1,-1,-1,-1,-1,-1,-1,False,False,0,0,False,209,0,0,0,0,0,0,0,0,0,0,0,0,0,0,0,1,
0,422,2026-02-23 12:17:52Z,LLM_Empathetic,6.903554,7.217475,6.589634,0.6596323,0,1.628584,0,0,0,0,0,0,5.464261,4.339855,6.588676,0.592854,0.702737,0.482971,7.382633,6.230895,8.534371,0.6170119,0,2.139412,7.154076,6.081079,8.227074,9.770676,10,9.405385,6.903554,7.217475,6.589634,0.6596323,0,1.628584,0,0,0,0,0,0,5.464261,4.339855,6.588676,0.592854,0.702737,0.482971,7.382633,6.230895,8.534371,0.6170119,0,2.139412,7.154076,6.081079,8.227074,9.770676,10,9.405385,-1,-1,-1,-1,-1,-1,-1,-1,-1,-1,-1,-1,-1,-1,-1,-1,-1,-1,-1,-1,-1,-1,-1,-1,-1,-1,-1,-1,-1,-1,-1,-1,-1,-1,-1,-1,-1,-1,-1,-1,-1,-1,-1,-1,-1,-1,-1,-1,-1,-1,0,0,0,0,0,0,-1,-1,-1,-1,-1,-1,-1,-1,-1,-1,-1,-1,0,0,0,0,0,0,-1,-1,-1,-1,-1,-1,-1,-1,-1,-1,-1,-1,-1,-1,False,False,0,0,False,207,0,0,0,0,0,0,0,0,0,0,0,0,0,0,0,1,
0,423,2026-02-23 12:17:52Z,LLM_Empathetic,6.903615,7.217486,6.589744,0.6595296,0,1.628527,0,0,0,0,0,0,5.464338,4.339881,6.588806,0.592854,0.702737,0.482971,7.382668,6.230877,8.53446,0.6169462,0,2.139347,7.154184,6.081137,8.227231,9.770891,10,9.405655,6.903615,7.217486,6.589744,0.6595296,0,1.628527,0,0,0,0,0,0,5.464338,4.339881,6.588806,0.592854,0.702737,0.482971,7.382668,6.230877,8.53446,0.6169462,0,2.139347,7.154184,6.081137,8.227231,9.770891,10,9.405655,-1,-1,-1,-1,-1,-1,-1,-1,-1,-1,-1,-1,-1,-1,-1,-1,-1,-1,-1,-1,-1,-1,-1,-1,-1,-1,-1,-1,-1,-1,-1,-1,-1,-1,-1,-1,-1,-1,-1,-1,-1,-1,-1,-1,-1,-1,-1,-1,-1,-1,0,0,0,0,0,0,-1,-1,-1,-1,-1,-1,-1,-1,-1,-1,-1,-1,0,0,0,0,0,0,-1,-1,-1,-1,-1,-1,-1,-1,-1,-1,-1,-1,-1,-1,False,False,0,0,False,209,0,0,0,0,0,0,0,0,0,0,0,0,0,0,0,1,
0,424,2026-02-23 12:17:52Z,LLM_Empathetic,6.903675,7.217496,6.589853,0.6594273,0,1.628471,0,0,0,0,0,0,5.464416,4.339907,6.588935,0.592854,0.702737,0.482971,7.382704,6.230859,8.534549,0.6168807,0,2.139281,7.154291,6.081195,8.227388,9.771106,10,9.405925,6.903675,7.217496,6.589853,0.6594273,0,1.628471,0,0,0,0,0,0,5.464416,4.339907,6.588935,0.592854,0.702737,0.482971,7.382704,6.230859,8.534549,0.6168807,0,2.139281,7.154291,6.081195,8.227388,9.771106,10,9.405925,-1,-1,-1,-1,-1,-1,-1,-1,-1,-1,-1,-1,-1,-1,-1,-1,-1,-1,-1,-1,-1,-1,-1,-1,-1,-1,-1,-1,-1,-1,-1,-1,-1,-1,-1,-1,-1,-1,-1,-1,-1,-1,-1,-1,-1,-1,-1,-1,-1,-1,0,0,0,0,0,0,-1,-1,-1,-1,-1,-1,-1,-1,-1,-1,-1,-1,0,0,0,0,0,0,-1,-1,-1,-1,-1,-1,-1,-1,-1,-1,-1,-1,-1,-1,False,False,0,0,False,209,0,0,0,0,0,0,0,0,0,0,0,0,0,0,0,1,
0,425,2026-02-23 12:17:53Z,LLM_Empathetic,6.903735,7.217507,6.589962,0.6593255,0,1.628415,0,0,0,0,0,0,5.464493,4.339932,6.589064,0.592854,0.702737,0.482971,7.382739,6.230841,8.534637,0.6168154,0,2.139216,7.154398,6.081254,8.227544,9.771319,10,9.406193,6.903735,7.217507,6.589962,0.6593255,0,1.628415,0,0,0,0,0,0,5.464493,4.339932,6.589064,0.592854,0.702737,0.482971,7.382739,6.230841,8.534637,0.6168154,0,2.139216,7.154398,6.081254,8.227544,9.771319,10,9.406193,-1,-1,-1,-1,-1,-1,-1,-1,-1,-1,-1,-1,-1,-1,-1,-1,-1,-1,-1,-1,-1,-1,-1,-1,-1,-1,-1,-1,-1,-1,-1,-1,-1,-1,-1,-1,-1,-1,-1,-1,-1,-1,-1,-1,-1,-1,-1,-1,-1,-1,0,0,0,0,0,0,-1,-1,-1,-1,-1,-1,-1,-1,-1,-1,-1,-1,0,0,0,0,0,0,-1,-1,-1,-1,-1,-1,-1,-1,-1,-1,-1,-1,-1,-1,False,False,0,0,False,209,0,0,0,0,0,0,0,0,0,0,0,0,0,0,0,1,
0,426,2026-02-23 12:17:53Z,LLM_Empathetic,6.903794,7.217518,6.590071,0.6592242,0,1.628359,0,0,0,0,0,0,5.46457,4.339957,6.589192,0.592854,0.702737,0.482971,7.382774,6.230823,8.534725,0.6167505,0,2.139151,7.154505,6.081311,8.227699,9.771532,10,9.40646,6.903794,7.217518,6.590071,0.6592242,0,1.628359,0,0,0,0,0,0,5.46457,4.339957,6.589192,0.592854,0.702737,0.482971,7.382774,6.230823,8.534725,0.6167505,0,2.139151,7.154505,6.081311,8.227699,9.771532,10,9.40646,-1,-1,-1,-1,-1,-1,-1,-1,-1,-1,-1,-1,-1,-1,-1,-1,-1,-1,-1,-1,-1,-1,-1,-1,-1,-1,-1,-1,-1,-1,-1,-1,-1,-1,-1,-1,-1,-1,-1,-1,-1,-1,-1,-1,-1,-1,-1,-1,-1,-1,0,0,0,0,0,0,-1,-1,-1,-1,-1,-1,-1,-1,-1,-1,-1,-1,0,0,0,0,0,0,-1,-1,-1,-1,-1,-1,-1,-1,-1,-1,-1,-1,-1,-1,False,False,0,0,False,209,0,0,0,0,0,0,0,0,0,0,0,0,0,0,0,1,
0,427,2026-02-23 12:17:53Z,LLM_Empathetic,6.903854,7.217529,6.590178,0.6591233,0,1.628303,0,0,0,0,0,0,5.464646,4.339983,6.589319,0.592854,0.702737,0.482971,7.382809,6.230805,8.534813,0.6166859,0,2.139086,7.154611,6.081368,8.227854,9.771744,10,9.406725,6.903854,7.217529,6.590178,0.6591233,0,1.628303,0,0,0,0,0,0,5.464646,4.339983,6.589319,0.592854,0.702737,0.482971,7.382809,6.230805,8.534813,0.6166859,0,2.139086,7.154611,6.081368,8.227854,9.771744,10,9.406725,-1,-1,-1,-1,-1,-1,-1,-1,-1,-1,-1,-1,-1,-1,-1,-1,-1,-1,-1,-1,-1,-1,-1,-1,-1,-1,-1,-1,-1,-1,-1,-1,-1,-1,-1,-1,-1,-1,-1,-1,-1,-1,-1,-1,-1,-1,-1,-1,-1,-1,0,0,0,0,0,0,-1,-1,-1,-1,-1,-1,-1,-1,-1,-1,-1,-1,0,0,0,0,0,0,-1,-1,-1,-1,-1,-1,-1,-1,-1,-1,-1,-1,-1,-1,False,False,0,0,False,207,0,0,0,0,0,0,0,0,0,0,0,0,0,0,0,1,
0,428,2026-02-23 12:17:53Z,LLM_Empathetic,6.903913,7.21754,6.590286,0.6590228,0,1.628248,0,0,0,0,0,0,5.464722,4.340008,6.589446,0.592854,0.702737,0.482971,7.382843,6.230787,8.5349,0.6166216,0,2.139022,7.154716,6.081426,8.228008,9.771955,10,9.40699,6.903913,7.21754,6.590286,0.6590228,0,1.628248,0,0,0,0,0,0,5.464722,4.340008,6.589446,0.592854,0.702737,0.482971,7.382843,6.230787,8.5349,0.6166216,0,2.139022,7.154716,6.081426,8.228008,9.771955,10,9.40699,-1,-1,-1,-1,-1,-1,-1,-1,-1,-1,-1,-1,-1,-1,-1,-1,-1,-1,-1,-1,-1,-1,-1,-1,-1,-1,-1,-1,-1,-1,-1,-1,-1,-1,-1,-1,-1,-1,-1,-1,-1,-1,-1,-1,-1,-1,-1,-1,-1,-1,0,0,0,0,0,0,-1,-1,-1,-1,-1,-1,-1,-1,-1,-1,-1,-1,0,0,0,0,0,0,-1,-1,-1,-1,-1,-1,-1,-1,-1,-1,-1,-1,-1,-1,False,False,0,0,False,209,0,0,0,0,0,0,0,0,0,0,0,0,0,0,0,1,
0,429,2026-02-23 12:17:53Z,LLM_Empathetic,6.903972,7.21755,6.590393,0.6589227,0,1.628193,0,0,0,0,0,0,5.464797,4.340033,6.589572,0.592854,0.702737,0.482971,7.382878,6.230769,8.534986,0.6165575,0,2.138958,7.154821,6.081482,8.228161,9.772164,10,9.407253,6.903972,7.21755,6.590393,0.6589227,0,1.628193,0,0,0,0,0,0,5.464797,4.340033,6.589572,0.592854,0.702737,0.482971,7.382878,6.230769,8.534986,0.6165575,0,2.138958,7.154821,6.081482,8.228161,9.772164,10,9.407253,-1,-1,-1,-1,-1,-1,-1,-1,-1,-1,-1,-1,-1,-1,-1,-1,-1,-1,-1,-1,-1,-1,-1,-1,-1,-1,-1,-1,-1,-1,-1,-1,-1,-1,-1,-1,-1,-1,-1,-1,-1,-1,-1,-1,-1,-1,-1,-1,-1,-1,0,0,0,0,0,0,-1,-1,-1,-1,-1,-1,-1,-1,-1,-1,-1,-1,0,0,0,0,0,0,-1,-1,-1,-1,-1,-1,-1,-1,-1,-1,-1,-1,-1,-1,False,False,0,0,False,209,0,0,0,0,0,0,0,0,0,0,0,0,0,0,0,1,
0,430,2026-02-23 12:17:53Z,LLM_Empathetic,6.90403,7.217561,6.5905,0.6588231,0,1.628138,0,0,0,0,0,0,5.464873,4.340058,6.589698,0.592854,0.702737,0.482971,7.382912,6.230752,8.535073,0.6164938,0,2.138894,7.154926,6.081539,8.228314,9.772373,10,9.407516,6.90403,7.217561,6.5905,0.6588231,0,1.628138,0,0,0,0,0,0,5.464873,4.340058,6.589698,0.592854,0.702737,0.482971,7.382912,6.230752,8.535073,0.6164938,0,2.138894,7.154926,6.081539,8.228314,9.772373,10,9.407516,-1,-1,-1,-1,-1,-1,-1,-1,-1,-1,-1,-1,-1,-1,-1,-1,-1,-1,-1,-1,-1,-1,-1,-1,-1,-1,-1,-1,-1,-1,-1,-1,-1,-1,-1,-1,-1,-1,-1,-1,-1,-1,-1,-1,-1,-1,-1,-1,-1,-1,0,0,0,0,0,0,-1,-1,-1,-1,-1,-1,-1,-1,-1,-1,-1,-1,0,0,0,0,0,0,-1,-1,-1,-1,-1,-1,-1,-1,-1,-1,-1,-1,-1,-1,False,False,0,0,False,209,0,0,0,0,0,0,0,0,0,0,0,0,0,0,0,1,
0,431,2026-02-23 12:17:53Z,LLM_Empathetic,6.904089,7.217572,6.590606,0.658724,0,1.628083,0,0,0,0,0,0,5.464948,4.340083,6.589824,0.592854,0.702737,0.482971,7.382946,6.230734,8.535159,0.6164302,0,2.138831,7.15503,6.081595,8.228466,9.772582,10,9.407777,6.904089,7.217572,6.590606,0.658724,0,1.628083,0,0,0,0,0,0,5.464948,4.340083,6.589824,0.592854,0.702737,0.482971,7.382946,6.230734,8.535159,0.6164302,0,2.138831,7.15503,6.081595,8.228466,9.772582,10,9.407777,-1,-1,-1,-1,-1,-1,-1,-1,-1,-1,-1,-1,-1,-1,-1,-1,-1,-1,-1,-1,-1,-1,-1,-1,-1,-1,-1,-1,-1,-1,-1,-1,-1,-1,-1,-1,-1,-1,-1,-1,-1,-1,-1,-1,-1,-1,-1,-1,-1,-1,0,0,0,0,0,0,-1,-1,-1,-1,-1,-1,-1,-1,-1,-1,-1,-1,0,0,0,0,0,0,-1,-1,-1,-1,-1,-1,-1,-1,-1,-1,-1,-1,-1,-1,False,False,0,0,False,207,0,0,0,0,0,0,0,0,0,0,0,0,0,0,0,1,
0,432,2026-02-23 12:17:53Z,LLM_Empathetic,6.904147,7.217582,6.590712,0.6586252,0,1.628029,0,0,0,0,0,0,5.465023,4.340107,6.589948,0.592854,0.702737,0.482971,7.38298,6.230716,8.535245,0.616367,0,2.138767,7.155134,6.081652,8.228618,9.772789,10,9.408037,6.904147,7.217582,6.590712,0.6586252,0,1.628029,0,0,0,0,0,0,5.465023,4.340107,6.589948,0.592854,0.702737,0.482971,7.38298,6.230716,8.535245,0.616367,0,2.138767,7.155134,6.081652,8.228618,9.772789,10,9.408037,-1,-1,-1,-1,-1,-1,-1,-1,-1,-1,-1,-1,-1,-1,-1,-1,-1,-1,-1,-1,-1,-1,-1,-1,-1,-1,-1,-1,-1,-1,-1,-1,-1,-1,-1,-1,-1,-1,-1,-1,-1,-1,-1,-1,-1,-1,-1,-1,-1,-1,0,0,0,0,0,0,-1,-1,-1,-1,-1,-1,-1,-1,-1,-1,-1,-1,0,0,0,0,0,0,-1,-1,-1,-1,-1,-1,-1,-1,-1,-1,-1,-1,-1,-1,False,False,0,0,False,209,0,0,0,0,0,0,0,0,0,0,0,0,0,0,0,1,
0,433,2026-02-23 12:17:53Z,LLM_Empathetic,6.904205,7.217593,6.590817,0.6585269,0,1.627974,0,0,0,0,0,0,5.465097,4.340132,6.590073,0.592854,0.702737,0.482971,7.383015,6.230699,8.535331,0.616304,0,2.138704,7.155237,6.081707,8.228768,9.772995,10,9.408297,6.904205,7.217593,6.590817,0.6585269,0,1.627974,0,0,0,0,0,0,5.465097,4.340132,6.590073,0.592854,0.702737,0.482971,7.383015,6.230699,8.535331,0.616304,0,2.138704,7.155237,6.081707,8.228768,9.772995,10,9.408297,-1,-1,-1,-1,-1,-1,-1,-1,-1,-1,-1,-1,-1,-1,-1,-1,-1,-1,-1,-1,-1,-1,-1,-1,-1,-1,-1,-1,-1,-1,-1,-1,-1,-1,-1,-1,-1,-1,-1,-1,-1,-1,-1,-1,-1,-1,-1,-1,-1,-1,0,0,0,0,0,0,-1,-1,-1,-1,-1,-1,-1,-1,-1,-1,-1,-1,0,0,0,0,0,0,-1,-1,-1,-1,-1,-1,-1,-1,-1,-1,-1,-1,-1,-1,False,False,0,0,False,209,0,0,0,0,0,0,0,0,0,0,0,0,0,0,0,1,
0,434,2026-02-23 12:17:53Z,LLM_Empathetic,6.904263,7.217603,6.590922,0.658429,0,1.62792,0,0,0,0,0,0,5.465171,4.340157,6.590196,0.592854,0.702737,0.482971,7.383048,6.230681,8.535416,0.6162413,0,2.138642,7.15534,6.081763,8.228918,9.773201,10,9.408554,6.904263,7.217603,6.590922,0.658429,0,1.62792,0,0,0,0,0,0,5.465171,4.340157,6.590196,0.592854,0.702737,0.482971,7.383048,6.230681,8.535416,0.6162413,0,2.138642,7.15534,6.081763,8.228918,9.773201,10,9.408554,-1,-1,-1,-1,-1,-1,-1,-1,-1,-1,-1,-1,-1,-1,-1,-1,-1,-1,-1,-1,-1,-1,-1,-1,-1,-1,-1,-1,-1,-1,-1,-1,-1,-1,-1,-1,-1,-1,-1,-1,-1,-1,-1,-1,-1,-1,-1,-1,-1,-1,0,0,0,0,0,0,-1,-1,-1,-1,-1,-1,-1,-1,-1,-1,-1,-1,0,0,0,0,0,0,-1,-1,-1,-1,-1,-1,-1,-1,-1,-1,-1,-1,-1,-1,False,False,0,0,False,209,0,0,0,0,0,0,0,0,0,0,0,0,0,0,0,1,
0,435,2026-02-23 12:17:53Z,LLM_Empathetic,6.90432,7.217613,6.591026,0.6583315,0,1.627867,0,0,0,0,0,0,5.465245,4.340181,6.590319,0.592854,0.702737,0.482971,7.383082,6.230664,8.5355,0.6161789,0,2.138579,7.155443,6.081819,8.229068,9.773405,10,9.408811,6.90432,7.217613,6.591026,0.6583315,0,1.627867,0,0,0,0,0,0,5.465245,4.340181,6.590319,0.592854,0.702737,0.482971,7.383082,6.230664,8.5355,0.6161789,0,2.138579,7.155443,6.081819,8.229068,9.773405,10,9.408811,-1,-1,-1,-1,-1,-1,-1,-1,-1,-1,-1,-1,-1,-1,-1,-1,-1,-1,-1,-1,-1,-1,-1,-1,-1,-1,-1,-1,-1,-1,-1,-1,-1,-1,-1,-1,-1,-1,-1,-1,-1,-1,-1,-1,-1,-1,-1,-1,-1,-1,0,0,0,0,0,0,-1,-1,-1,-1,-1,-1,-1,-1,-1,-1,-1,-1,0,0,0,0,0,0,-1,-1,-1,-1,-1,-1,-1,-1,-1,-1,-1,-1,-1,-1,False,False,0,0,False,207,0,0,0,0,0,0,0,0,0,0,0,0,0,0,0,1,
0,436,2026-02-23 12:17:53Z,LLM_Empathetic,6.904377,7.217624,6.59113,0.6582344,0,1.627813,0,0,0,0,0,0,5.465318,4.340205,6.590442,0.592854,0.702737,0.482971,7.383115,6.230647,8.535584,0.6161168,0,2.138517,7.155545,6.081874,8.229217,9.773609,10,9.409066,6.904377,7.217624,6.59113,0.6582344,0,1.627813,0,0,0,0,0,0,5.465318,4.340205,6.590442,0.592854,0.702737,0.482971,7.383115,6.230647,8.535584,0.6161168,0,2.138517,7.155545,6.081874,8.229217,9.773609,10,9.409066,-1,-1,-1,-1,-1,-1,-1,-1,-1,-1,-1,-1,-1,-1,-1,-1,-1,-1,-1,-1,-1,-1,-1,-1,-1,-1,-1,-1,-1,-1,-1,-1,-1,-1,-1,-1,-1,-1,-1,-1,-1,-1,-1,-1,-1,-1,-1,-1,-1,-1,0,0,0,0,0,0,-1,-1,-1,-1,-1,-1,-1,-1,-1,-1,-1,-1,0,0,0,0,0,0,-1,-1,-1,-1,-1,-1,-1,-1,-1,-1,-1,-1,-1,-1,False,False,0,0,False,209,0,0,0,0,0,0,0,0,0,0,0,0,0,0,0,1,
0,437,2026-02-23 12:17:53Z,LLM_Empathetic,6.904434,7.217634,6.591233,0.6581378,0,1.62776,0,0,0,0,0,0,5.465392,4.34023,6.590564,0.592854,0.702737,0.482971,7.383149,6.23063,8.535668,0.6160548,0,2.138455,7.155646,6.081929,8.229364,9.773812,10,9.409321,6.904434,7.217634,6.591233,0.6581378,0,1.62776,0,0,0,0,0,0,5.465392,4.34023,6.590564,0.592854,0.702737,0.482971,7.383149,6.23063,8.535668,0.6160548,0,2.138455,7.155646,6.081929,8.229364,9.773812,10,9.409321,-1,-1,-1,-1,-1,-1,-1,-1,-1,-1,-1,-1,-1,-1,-1,-1,-1,-1,-1,-1,-1,-1,-1,-1,-1,-1,-1,-1,-1,-1,-1,-1,-1,-1,-1,-1,-1,-1,-1,-1,-1,-1,-1,-1,-1,-1,-1,-1,-1,-1,0,0,0,0,0,0,-1,-1,-1,-1,-1,-1,-1,-1,-1,-1,-1,-1,0,0,0,0,0,0,-1,-1,-1,-1,-1,-1,-1,-1,-1,-1,-1,-1,-1,-1,False,False,0,0,False,209,0,0,0,0,0,0,0,0,0,0,0,0,0,0,0,1,
0,438,2026-02-23 12:17:53Z,LLM_Empathetic,6.90449,7.217644,6.591336,0.6580415,0,1.627707,0,0,0,0,0,0,5.465465,4.340253,6.590686,0.592854,0.702737,0.482971,7.383182,6.230613,8.535751,0.6159932,0,2.138394,7.155747,6.081984,8.229512,9.774014,10,9.409575,6.90449,7.217644,6.591336,0.6580415,0,1.627707,0,0,0,0,0,0,5.465465,4.340253,6.590686,0.592854,0.702737,0.482971,7.383182,6.230613,8.535751,0.6159932,0,2.138394,7.155747,6.081984,8.229512,9.774014,10,9.409575,-1,-1,-1,-1,-1,-1,-1,-1,-1,-1,-1,-1,-1,-1,-1,-1,-1,-1,-1,-1,-1,-1,-1,-1,-1,-1,-1,-1,-1,-1,-1,-1,-1,-1,-1,-1,-1,-1,-1,-1,-1,-1,-1,-1,-1,-1,-1,-1,-1,-1,0,0,0,0,0,0,-1,-1,-1,-1,-1,-1,-1,-1,-1,-1,-1,-1,0,0,0,0,0,0,-1,-1,-1,-1,-1,-1,-1,-1,-1,-1,-1,-1,-1,-1,False,False,0,0,False,207,0,0,0,0,0,0,0,0,0,0,0,0,0,0,0,1,
0,439,2026-02-23 12:17:53Z,LLM_Empathetic,6.904547,7.217654,6.591439,0.6579457,0,1.627654,0,0,0,0,0,0,5.465537,4.340277,6.590807,0.592854,0.702737,0.482971,7.383215,6.230596,8.535835,0.6159318,0,2.138332,7.155848,6.082038,8.229659,9.774215,10,9.409827,6.904547,7.217654,6.591439,0.6579457,0,1.627654,0,0,0,0,0,0,5.465537,4.340277,6.590807,0.592854,0.702737,0.482971,7.383215,6.230596,8.535835,0.6159318,0,2.138332,7.155848,6.082038,8.229659,9.774215,10,9.409827,-1,-1,-1,-1,-1,-1,-1,-1,-1,-1,-1,-1,-1,-1,-1,-1,-1,-1,-1,-1,-1,-1,-1,-1,-1,-1,-1,-1,-1,-1,-1,-1,-1,-1,-1,-1,-1,-1,-1,-1,-1,-1,-1,-1,-1,-1,-1,-1,-1,-1,0,0,0,0,0,0,-1,-1,-1,-1,-1,-1,-1,-1,-1,-1,-1,-1,0,0,0,0,0,0,-1,-1,-1,-1,-1,-1,-1,-1,-1,-1,-1,-1,-1,-1,False,False,0,0,False,209,0,0,0,0,0,0,0,0,0,0,0,0,0,0,0,1,
0,440,2026-02-23 12:17:53Z,LLM_Empathetic,6.904603,7.217665,6.591541,0.6578502,0,1.627601,0,0,0,0,0,0,5.465609,4.340302,6.590927,0.592854,0.702737,0.482971,7.383248,6.230579,8.535917,0.6158707,0,2.138271,7.155948,6.082093,8.229805,9.774415,10,9.410078,6.904603,7.217665,6.591541,0.6578502,0,1.627601,0,0,0,0,0,0,5.465609,4.340302,6.590927,0.592854,0.702737,0.482971,7.383248,6.230579,8.535917,0.6158707,0,2.138271,7.155948,6.082093,8.229805,9.774415,10,9.410078,-1,-1,-1,-1,-1,-1,-1,-1,-1,-1,-1,-1,-1,-1,-1,-1,-1,-1,-1,-1,-1,-1,-1,-1,-1,-1,-1,-1,-1,-1,-1,-1,-1,-1,-1,-1,-1,-1,-1,-1,-1,-1,-1,-1,-1,-1,-1,-1,-1,-1,0,0,0,0,0,0,-1,-1,-1,-1,-1,-1,-1,-1,-1,-1,-1,-1,0,0,0,0,0,0,-1,-1,-1,-1,-1,-1,-1,-1,-1,-1,-1,-1,-1,-1,False,False,0,0,False,209,0,0,0,0,0,0,0,0,0,0,0,0,0,0,0,1,
0,441,2026-02-23 12:17:53Z,LLM_Empathetic,6.904659,7.217675,6.591643,0.6577552,0,1.627549,0,0,0,0,0,0,5.465681,4.340325,6.591047,0.592854,0.702737,0.482971,7.383281,6.230562,8.536,0.6158099,0,2.13821,7.156048,6.082147,8.229951,9.774614,10,9.410329,6.904659,7.217675,6.591643,0.6577552,0,1.627549,0,0,0,0,0,0,5.465681,4.340325,6.591047,0.592854,0.702737,0.482971,7.383281,6.230562,8.536,0.6158099,0,2.13821,7.156048,6.082147,8.229951,9.774614,10,9.410329,-1,-1,-1,-1,-1,-1,-1,-1,-1,-1,-1,-1,-1,-1,-1,-1,-1,-1,-1,-1,-1,-1,-1,-1,-1,-1,-1,-1,-1,-1,-1,-1,-1,-1,-1,-1,-1,-1,-1,-1,-1,-1,-1,-1,-1,-1,-1,-1,-1,-1,0,0,0,0,0,0,-1,-1,-1,-1,-1,-1,-1,-1,-1,-1,-1,-1,0,0,0,0,0,0,-1,-1,-1,-1,-1,-1,-1,-1,-1,-1,-1,-1,-1,-1,False,False,0,0,False,207,0,0,0,0,0,0,0,0,0,0,0,0,0,0,0,1,
0,442,2026-02-23 12:17:53Z,LLM_Empathetic,6.904715,7.217685,6.591744,0.6576605,0,1.627496,0,0,0,0,0,0,5.465753,4.340349,6.591167,0.592854,0.702737,0.482971,7.383314,6.230545,8.536082,0.6157492,0,2.138149,7.156147,6.082201,8.230096,9.774814,10,9.410578,6.904715,7.217685,6.591744,0.6576605,0,1.627496,0,0,0,0,0,0,5.465753,4.340349,6.591167,0.592854,0.702737,0.482971,7.383314,6.230545,8.536082,0.6157492,0,2.138149,7.156147,6.082201,8.230096,9.774814,10,9.410578,-1,-1,-1,-1,-1,-1,-1,-1,-1,-1,-1,-1,-1,-1,-1,-1,-1,-1,-1,-1,-1,-1,-1,-1,-1,-1,-1,-1,-1,-1,-1,-1,-1,-1,-1,-1,-1,-1,-1,-1,-1,-1,-1,-1,-1,-1,-1,-1,-1,-1,0,0,0,0,0,0,-1,-1,-1,-1,-1,-1,-1,-1,-1,-1,-1,-1,0,0,0,0,0,0,-1,-1,-1,-1,-1,-1,-1,-1,-1,-1,-1,-1,-1,-1,False,False,0,0,False,209,0,0,0,0,0,0,0,0,0,0,0,0,0,0,0,1,
0,443,2026-02-23 12:17:53Z,LLM_Empathetic,6.90477,7.217695,6.591845,0.6575663,0,1.627445,0,0,0,0,0,0,5.465824,4.340373,6.591286,0.592854,0.702737,0.482971,7.383346,6.230528,8.536164,0.6156889,0,2.138089,7.156247,6.082254,8.23024,9.775011,10,9.410827,6.90477,7.217695,6.591845,0.6575663,0,1.627445,0,0,0,0,0,0,5.465824,4.340373,6.591286,0.592854,0.702737,0.482971,7.383346,6.230528,8.536164,0.6156889,0,2.138089,7.156247,6.082254,8.23024,9.775011,10,9.410827,-1,-1,-1,-1,-1,-1,-1,-1,-1,-1,-1,-1,-1,-1,-1,-1,-1,-1,-1,-1,-1,-1,-1,-1,-1,-1,-1,-1,-1,-1,-1,-1,-1,-1,-1,-1,-1,-1,-1,-1,-1,-1,-1,-1,-1,-1,-1,-1,-1,-1,0,0,0,0,0,0,-1,-1,-1,-1,-1,-1,-1,-1,-1,-1,-1,-1,0,0,0,0,0,0,-1,-1,-1,-1,-1,-1,-1,-1,-1,-1,-1,-1,-1,-1,False,False,0,0,False,209,0,0,0,0,0,0,0,0,0,0,0,0,0,0,0,1,
0,444,2026-02-23 12:17:53Z,LLM_Empathetic,6.904825,7.217705,6.591946,0.6574724,0,1.627393,0,0,0,0,0,0,5.465895,4.340396,6.591404,0.592854,0.702737,0.482971,7.383379,6.230512,8.536245,0.6156288,0,2.138029,7.156345,6.082307,8.230384,9.775208,10,9.411074,6.904825,7.217705,6.591946,0.6574724,0,1.627393,0,0,0,0,0,0,5.465895,4.340396,6.591404,0.592854,0.702737,0.482971,7.383379,6.230512,8.536245,0.6156288,0,2.138029,7.156345,6.082307,8.230384,9.775208,10,9.411074,-1,-1,-1,-1,-1,-1,-1,-1,-1,-1,-1,-1,-1,-1,-1,-1,-1,-1,-1,-1,-1,-1,-1,-1,-1,-1,-1,-1,-1,-1,-1,-1,-1,-1,-1,-1,-1,-1,-1,-1,-1,-1,-1,-1,-1,-1,-1,-1,-1,-1,0,0,0,0,0,0,-1,-1,-1,-1,-1,-1,-1,-1,-1,-1,-1,-1,0,0,0,0,0,0,-1,-1,-1,-1,-1,-1,-1,-1,-1,-1,-1,-1,-1,-1,False,False,0,0,False,207,0,0,0,0,0,0,0,0,0,0,0,0,0,0,0,1,
0,445,2026-02-23 12:17:53Z,LLM_Empathetic,6.90488,7.217715,6.592046,0.657379,0,1.627341,0,0,0,0,0,0,5.465966,4.340419,6.591523,0.592854,0.702737,0.482971,7.38341,6.230495,8.536326,0.6155689,0,2.137969,7.156444,6.082361,8.230527,9.775404,10,9.41132,6.90488,7.217715,6.592046,0.657379,0,1.627341,0,0,0,0,0,0,5.465966,4.340419,6.591523,0.592854,0.702737,0.482971,7.38341,6.230495,8.536326,0.6155689,0,2.137969,7.156444,6.082361,8.230527,9.775404,10,9.41132,-1,-1,-1,-1,-1,-1,-1,-1,-1,-1,-1,-1,-1,-1,-1,-1,-1,-1,-1,-1,-1,-1,-1,-1,-1,-1,-1,-1,-1,-1,-1,-1,-1,-1,-1,-1,-1,-1,-1,-1,-1,-1,-1,-1,-1,-1,-1,-1,-1,-1,0,0,0,0,0,0,-1,-1,-1,-1,-1,-1,-1,-1,-1,-1,-1,-1,0,0,0,0,0,0,-1,-1,-1,-1,-1,-1,-1,-1,-1,-1,-1,-1,-1,-1,False,False,0,0,False,209,0,0,0,0,0,0,0,0,0,0,0,0,0,0,0,1,
0,446,2026-02-23 12:17:53Z,LLM_Empathetic,6.904935,7.217725,6.592145,0.6572859,0,1.62729,0,0,0,0,0,0,5.466036,4.340443,6.59164,0.592854,0.702737,0.482971,7.383443,6.230479,8.536407,0.6155093,0,2.13791,7.156541,6.082414,8.23067,9.775599,10,9.411565,6.904935,7.217725,6.592145,0.6572859,0,1.62729,0,0,0,0,0,0,5.466036,4.340443,6.59164,0.592854,0.702737,0.482971,7.383443,6.230479,8.536407,0.6155093,0,2.13791,7.156541,6.082414,8.23067,9.775599,10,9.411565,-1,-1,-1,-1,-1,-1,-1,-1,-1,-1,-1,-1,-1,-1,-1,-1,-1,-1,-1,-1,-1,-1,-1,-1,-1,-1,-1,-1,-1,-1,-1,-1,-1,-1,-1,-1,-1,-1,-1,-1,-1,-1,-1,-1,-1,-1,-1,-1,-1,-1,0,0,0,0,0,0,-1,-1,-1,-1,-1,-1,-1,-1,-1,-1,-1,-1,0,0,0,0,0,0,-1,-1,-1,-1,-1,-1,-1,-1,-1,-1,-1,-1,-1,-1,False,False,0,0,False,209,0,0,0,0,0,0,0,0,0,0,0,0,0,0,0,1,
0,447,2026-02-23 12:17:53Z,LLM_Empathetic,6.90499,7.217734,6.592245,0.6571932,0,1.627239,0,0,0,0,0,0,5.466106,4.340466,6.591757,0.592854,0.702737,0.482971,7.383475,6.230462,8.536488,0.6154499,0,2.13785,7.156639,6.082466,8.230812,9.775794,10,9.411809,6.90499,7.217734,6.592245,0.6571932,0,1.627239,0,0,0,0,0,0,5.466106,4.340466,6.591757,0.592854,0.702737,0.482971,7.383475,6.230462,8.536488,0.6154499,0,2.13785,7.156639,6.082466,8.230812,9.775794,10,9.411809,-1,-1,-1,-1,-1,-1,-1,-1,-1,-1,-1,-1,-1,-1,-1,-1,-1,-1,-1,-1,-1,-1,-1,-1,-1,-1,-1,-1,-1,-1,-1,-1,-1,-1,-1,-1,-1,-1,-1,-1,-1,-1,-1,-1,-1,-1,-1,-1,-1,-1,0,0,0,0,0,0,-1,-1,-1,-1,-1,-1,-1,-1,-1,-1,-1,-1,0,0,0,0,0,0,-1,-1,-1,-1,-1,-1,-1,-1,-1,-1,-1,-1,-1,-1,False,False,0,0,False,209,0,0,0,0,0,0,0,0,0,0,0,0,0,0,0,1,
0,448,2026-02-23 12:17:53Z,LLM_Empathetic,6.905044,7.217744,6.592343,0.6571009,0,1.627188,0,0,0,0,0,0,5.466176,4.340489,6.591874,0.592854,0.702737,0.482971,7.383507,6.230446,8.536568,0.6153908,0,2.137791,7.156735,6.082519,8.230953,9.775988,10,9.412052,6.905044,7.217744,6.592343,0.6571009,0,1.627188,0,0,0,0,0,0,5.466176,4.340489,6.591874,0.592854,0.702737,0.482971,7.383507,6.230446,8.536568,0.6153908,0,2.137791,7.156735,6.082519,8.230953,9.775988,10,9.412052,-1,-1,-1,-1,-1,-1,-1,-1,-1,-1,-1,-1,-1,-1,-1,-1,-1,-1,-1,-1,-1,-1,-1,-1,-1,-1,-1,-1,-1,-1,-1,-1,-1,-1,-1,-1,-1,-1,-1,-1,-1,-1,-1,-1,-1,-1,-1,-1,-1,-1,0,0,0,0,0,0,-1,-1,-1,-1,-1,-1,-1,-1,-1,-1,-1,-1,0,0,0,0,0,0,-1,-1,-1,-1,-1,-1,-1,-1,-1,-1,-1,-1,-1,-1,False,False,0,0,False,209,0,0,0,0,0,0,0,0,0,0,0,0,0,0,0,1,
0,449,2026-02-23 12:17:53Z,LLM_Empathetic,6.905098,7.217754,6.592442,0.6570089,0,1.627137,0,0,0,0,0,0,5.466246,4.340512,6.59199,0.592854,0.702737,0.482971,7.383538,6.230429,8.536648,0.6153319,0,2.137732,7.156832,6.082571,8.231094,9.776181,10,9.412294,6.905098,7.217754,6.592442,0.6570089,0,1.627137,0,0,0,0,0,0,5.466246,4.340512,6.59199,0.592854,0.702737,0.482971,7.383538,6.230429,8.536648,0.6153319,0,2.137732,7.156832,6.082571,8.231094,9.776181,10,9.412294,-1,-1,-1,-1,-1,-1,-1,-1,-1,-1,-1,-1,-1,-1,-1,-1,-1,-1,-1,-1,-1,-1,-1,-1,-1,-1,-1,-1,-1,-1,-1,-1,-1,-1,-1,-1,-1,-1,-1,-1,-1,-1,-1,-1,-1,-1,-1,-1,-1,-1,0,0,0,0,0,0,-1,-1,-1,-1,-1,-1,-1,-1,-1,-1,-1,-1,0,0,0,0,0,0,-1,-1,-1,-1,-1,-1,-1,-1,-1,-1,-1,-1,-1,-1,False,False,0,0,False,207,0,0,0,0,0,0,0,0,0,0,0,0,0,0,0,1,
0,450,2026-02-23 12:17:53Z,LLM_Empathetic,6.905152,7.217764,6.59254,0.6569173,0,1.627087,0,0,0,0,0,0,5.466315,4.340535,6.592106,0.592854,0.702737,0.482971,7.38357,6.230413,8.536727,0.6152733,0,2.137674,7.156929,6.082623,8.231235,9.776373,10,9.412536,6.905152,7.217764,6.59254,0.6569173,0,1.627087,0,0,0,0,0,0,5.466315,4.340535,6.592106,0.592854,0.702737,0.482971,7.38357,6.230413,8.536727,0.6152733,0,2.137674,7.156929,6.082623,8.231235,9.776373,10,9.412536,-1,-1,-1,-1,-1,-1,-1,-1,-1,-1,-1,-1,-1,-1,-1,-1,-1,-1,-1,-1,-1,-1,-1,-1,-1,-1,-1,-1,-1,-1,-1,-1,-1,-1,-1,-1,-1,-1,-1,-1,-1,-1,-1,-1,-1,-1,-1,-1,-1,-1,0,0,0,0,0,0,-1,-1,-1,-1,-1,-1,-1,-1,-1,-1,-1,-1,0,0,0,0,0,0,-1,-1,-1,-1,-1,-1,-1,-1,-1,-1,-1,-1,-1,-1,False,False,0,0,False,209,0,0,0,0,0,0,0,0,0,0,0,0,0,0,0,1,
0,451,2026-02-23 12:17:53Z,LLM_Empathetic,6.905206,7.217773,6.592637,0.6568261,0,1.627036,0,0,0,0,0,0,5.466384,4.340558,6.592221,0.592854,0.702737,0.482971,7.383601,6.230397,8.536806,0.6152149,0,2.137615,7.157024,6.082675,8.231375,9.776565,10,9.412776,6.905206,7.217773,6.592637,0.6568261,0,1.627036,0,0,0,0,0,0,5.466384,4.340558,6.592221,0.592854,0.702737,0.482971,7.383601,6.230397,8.536806,0.6152149,0,2.137615,7.157024,6.082675,8.231375,9.776565,10,9.412776,-1,-1,-1,-1,-1,-1,-1,-1,-1,-1,-1,-1,-1,-1,-1,-1,-1,-1,-1,-1,-1,-1,-1,-1,-1,-1,-1,-1,-1,-1,-1,-1,-1,-1,-1,-1,-1,-1,-1,-1,-1,-1,-1,-1,-1,-1,-1,-1,-1,-1,0,0,0,0,0,0,-1,-1,-1,-1,-1,-1,-1,-1,-1,-1,-1,-1,0,0,0,0,0,0,-1,-1,-1,-1,-1,-1,-1,-1,-1,-1,-1,-1,-1,-1,False,False,0,0,False,209,0,0,0,0,0,0,0,0,0,0,0,0,0,0,0,1,
0,452,2026-02-23 12:17:53Z,LLM_Empathetic,6.905259,7.217783,6.592734,0.6567353,0,1.626986,0,0,0,0,0,0,5.466453,4.34058,6.592336,0.592854,0.702737,0.482971,7.383633,6.230381,8.536885,0.6151568,0,2.137557,7.15712,6.082727,8.231513,9.776755,10,9.413015,6.905259,7.217783,6.592734,0.6567353,0,1.626986,0,0,0,0,0,0,5.466453,4.34058,6.592336,0.592854,0.702737,0.482971,7.383633,6.230381,8.536885,0.6151568,0,2.137557,7.15712,6.082727,8.231513,9.776755,10,9.413015,-1,-1,-1,-1,-1,-1,-1,-1,-1,-1,-1,-1,-1,-1,-1,-1,-1,-1,-1,-1,-1,-1,-1,-1,-1,-1,-1,-1,-1,-1,-1,-1,-1,-1,-1,-1,-1,-1,-1,-1,-1,-1,-1,-1,-1,-1,-1,-1,-1,-1,0,0,0,0,0,0,-1,-1,-1,-1,-1,-1,-1,-1,-1,-1,-1,-1,0,0,0,0,0,0,-1,-1,-1,-1,-1,-1,-1,-1,-1,-1,-1,-1,-1,-1,False,False,0,0,False,207,0,0,0,0,0,0,0,0,0,0,0,0,0,0,0,1,
0,453,2026-02-23 12:17:53Z,LLM_Empathetic,6.905312,7.217793,6.592831,0.6566449,0,1.626936,0,0,0,0,0,0,5.466521,4.340603,6.59245,0.592854,0.702737,0.482971,7.383664,6.230365,8.536963,0.6150988,0,2.137499,7.157215,6.082778,8.231652,9.776945,10,9.413253,6.905312,7.217793,6.592831,0.6566449,0,1.626936,0,0,0,0,0,0,5.466521,4.340603,6.59245,0.592854,0.702737,0.482971,7.383664,6.230365,8.536963,0.6150988,0,2.137499,7.157215,6.082778,8.231652,9.776945,10,9.413253,-1,-1,-1,-1,-1,-1,-1,-1,-1,-1,-1,-1,-1,-1,-1,-1,-1,-1,-1,-1,-1,-1,-1,-1,-1,-1,-1,-1,-1,-1,-1,-1,-1,-1,-1,-1,-1,-1,-1,-1,-1,-1,-1,-1,-1,-1,-1,-1,-1,-1,0,0,0,0,0,0,-1,-1,-1,-1,-1,-1,-1,-1,-1,-1,-1,-1,0,0,0,0,0,0,-1,-1,-1,-1,-1,-1,-1,-1,-1,-1,-1,-1,-1,-1,False,False,0,0,False,209,0,0,0,0,0,0,0,0,0,0,0,0,0,0,0,1,
0,454,2026-02-23 12:17:53Z,LLM_Empathetic,6.905365,7.217803,6.592927,0.6565548,0,1.626887,0,0,0,0,0,0,5.466589,4.340625,6.592564,0.592854,0.702737,0.482971,7.383695,6.230349,8.537042,0.6150411,0,2.137441,7.15731,6.082829,8.231791,9.777134,10,9.41349,6.905365,7.217803,6.592927,0.6565548,0,1.626887,0,0,0,0,0,0,5.466589,4.340625,6.592564,0.592854,0.702737,0.482971,7.383695,6.230349,8.537042,0.6150411,0,2.137441,7.15731,6.082829,8.231791,9.777134,10,9.41349,-1,-1,-1,-1,-1,-1,-1,-1,-1,-1,-1,-1,-1,-1,-1,-1,-1,-1,-1,-1,-1,-1,-1,-1,-1,-1,-1,-1,-1,-1,-1,-1,-1,-1,-1,-1,-1,-1,-1,-1,-1,-1,-1,-1,-1,-1,-1,-1,-1,-1,0,0,0,0,0,0,-1,-1,-1,-1,-1,-1,-1,-1,-1,-1,-1,-1,0,0,0,0,0,0,-1,-1,-1,-1,-1,-1,-1,-1,-1,-1,-1,-1,-1,-1,False,False,0,0,False,209,0,0,0,0,0,0,0,0,0,0,0,0,0,0,0,1,
0,455,2026-02-23 12:17:53Z,LLM_Empathetic,6.905418,7.217812,6.593024,0.6564651,0,1.626837,0,0,0,0,0,0,5.466657,4.340648,6.592677,0.592854,0.702737,0.482971,7.383726,6.230333,8.53712,0.6149837,0,2.137384,7.157403,6.08288,8.231928,9.777322,10,9.413727,6.905418,7.217812,6.593024,0.6564651,0,1.626837,0,0,0,0,0,0,5.466657,4.340648,6.592677,0.592854,0.702737,0.482971,7.383726,6.230333,8.53712,0.6149837,0,2.137384,7.157403,6.08288,8.231928,9.777322,10,9.413727,-1,-1,-1,-1,-1,-1,-1,-1,-1,-1,-1,-1,-1,-1,-1,-1,-1,-1,-1,-1,-1,-1,-1,-1,-1,-1,-1,-1,-1,-1,-1,-1,-1,-1,-1,-1,-1,-1,-1,-1,-1,-1,-1,-1,-1,-1,-1,-1,-1,-1,0,0,0,0,0,0,-1,-1,-1,-1,-1,-1,-1,-1,-1,-1,-1,-1,0,0,0,0,0,0,-1,-1,-1,-1,-1,-1,-1,-1,-1,-1,-1,-1,-1,-1,False,False,0,0,False,207,0,0,0,0,0,0,0,0,0,0,0,0,0,0,0,1,
0,456,2026-02-23 12:17:53Z,LLM_Empathetic,6.90547,7.217822,6.593119,0.6563757,0,1.626788,0,0,0,0,0,0,5.466725,4.34067,6.59279,0.592854,0.702737,0.482971,7.383757,6.230317,8.537197,0.6149265,0,2.137327,7.157497,6.082931,8.232064,9.77751,10,9.413962,6.90547,7.217822,6.593119,0.6563757,0,1.626788,0,0,0,0,0,0,5.466725,4.34067,6.59279,0.592854,0.702737,0.482971,7.383757,6.230317,8.537197,0.6149265,0,2.137327,7.157497,6.082931,8.232064,9.77751,10,9.413962,-1,-1,-1,-1,-1,-1,-1,-1,-1,-1,-1,-1,-1,-1,-1,-1,-1,-1,-1,-1,-1,-1,-1,-1,-1,-1,-1,-1,-1,-1,-1,-1,-1,-1,-1,-1,-1,-1,-1,-1,-1,-1,-1,-1,-1,-1,-1,-1,-1,-1,0,0,0,0,0,0,-1,-1,-1,-1,-1,-1,-1,-1,-1,-1,-1,-1,0,0,0,0,0,0,-1,-1,-1,-1,-1,-1,-1,-1,-1,-1,-1,-1,-1,-1,False,False,0,0,False,207,0,0,0,0,0,0,0,0,0,0,0,0,0,0,0,1,
0,457,2026-02-23 12:17:54Z,LLM_Empathetic,6.905523,7.217831,6.593215,0.6562867,0,1.626739,0,0,0,0,0,0,5.466793,4.340693,6.592903,0.592854,0.702737,0.482971,7.383788,6.230301,8.537274,0.6148695,0,2.13727,7.157591,6.082982,8.232201,9.777697,10,9.414197,6.905523,7.217831,6.593215,0.6562867,0,1.626739,0,0,0,0,0,0,5.466793,4.340693,6.592903,0.592854,0.702737,0.482971,7.383788,6.230301,8.537274,0.6148695,0,2.13727,7.157591,6.082982,8.232201,9.777697,10,9.414197,-1,-1,-1,-1,-1,-1,-1,-1,-1,-1,-1,-1,-1,-1,-1,-1,-1,-1,-1,-1,-1,-1,-1,-1,-1,-1,-1,-1,-1,-1,-1,-1,-1,-1,-1,-1,-1,-1,-1,-1,-1,-1,-1,-1,-1,-1,-1,-1,-1,-1,0,0,0,0,0,0,-1,-1,-1,-1,-1,-1,-1,-1,-1,-1,-1,-1,0,0,0,0,0,0,-1,-1,-1,-1,-1,-1,-1,-1,-1,-1,-1,-1,-1,-1,False,False,0,0,False,209,0,0,0,0,0,0,0,0,0,0,0,0,0,0,0,1,
0,458,2026-02-23 12:17:54Z,LLM_Empathetic,6.905575,7.217841,6.593309,0.656198,0,1.62669,0,0,0,0,0,0,5.466859,4.340715,6.593014,0.592854,0.702737,0.482971,7.383818,6.230286,8.537352,0.6148127,0,2.137213,7.157684,6.083032,8.232337,9.777883,10,9.41443,6.905575,7.217841,6.593309,0.656198,0,1.62669,0,0,0,0,0,0,5.466859,4.340715,6.593014,0.592854,0.702737,0.482971,7.383818,6.230286,8.537352,0.6148127,0,2.137213,7.157684,6.083032,8.232337,9.777883,10,9.41443,-1,-1,-1,-1,-1,-1,-1,-1,-1,-1,-1,-1,-1,-1,-1,-1,-1,-1,-1,-1,-1,-1,-1,-1,-1,-1,-1,-1,-1,-1,-1,-1,-1,-1,-1,-1,-1,-1,-1,-1,-1,-1,-1,-1,-1,-1,-1,-1,-1,-1,0,0,0,0,0,0,-1,-1,-1,-1,-1,-1,-1,-1,-1,-1,-1,-1,0,0,0,0,0,0,-1,-1,-1,-1,-1,-1,-1,-1,-1,-1,-1,-1,-1,-1,False,False,0,0,False,209,0,0,0,0,0,0,0,0,0,0,0,0,0,0,0,1,
0,459,2026-02-23 12:17:54Z,LLM_Empathetic,6.905627,7.21785,6.593404,0.6561098,0,1.626641,0,0,0,0,0,0,5.466926,4.340737,6.593126,0.592854,0.702737,0.482971,7.383849,6.23027,8.537428,0.6147562,0,2.137156,7.157777,6.083083,8.232472,9.778068,10,9.414662,6.905627,7.21785,6.593404,0.6561098,0,1.626641,0,0,0,0,0,0,5.466926,4.340737,6.593126,0.592854,0.702737,0.482971,7.383849,6.23027,8.537428,0.6147562,0,2.137156,7.157777,6.083083,8.232472,9.778068,10,9.414662,-1,-1,-1,-1,-1,-1,-1,-1,-1,-1,-1,-1,-1,-1,-1,-1,-1,-1,-1,-1,-1,-1,-1,-1,-1,-1,-1,-1,-1,-1,-1,-1,-1,-1,-1,-1,-1,-1,-1,-1,-1,-1,-1,-1,-1,-1,-1,-1,-1,-1,0,0,0,0,0,0,-1,-1,-1,-1,-1,-1,-1,-1,-1,-1,-1,-1,0,0,0,0,0,0,-1,-1,-1,-1,-1,-1,-1,-1,-1,-1,-1,-1,-1,-1,False,False,0,0,False,207,0,0,0,0,0,0,0,0,0,0,0,0,0,0,0,1,
0,460,2026-02-23 12:17:54Z,LLM_Empathetic,6.905679,7.217859,6.593498,0.6560218,0,1.626593,0,0,0,0,0,0,5.466993,4.340759,6.593237,0.592854,0.702737,0.482971,7.383879,6.230254,8.537504,0.6146998,0,2.1371,7.157869,6.083133,8.232607,9.778253,10,9.414894,6.905679,7.217859,6.593498,0.6560218,0,1.626593,0,0,0,0,0,0,5.466993,4.340759,6.593237,0.592854,0.702737,0.482971,7.383879,6.230254,8.537504,0.6146998,0,2.1371,7.157869,6.083133,8.232607,9.778253,10,9.414894,-1,-1,-1,-1,-1,-1,-1,-1,-1,-1,-1,-1,-1,-1,-1,-1,-1,-1,-1,-1,-1,-1,-1,-1,-1,-1,-1,-1,-1,-1,-1,-1,-1,-1,-1,-1,-1,-1,-1,-1,-1,-1,-1,-1,-1,-1,-1,-1,-1,-1,0,0,0,0,0,0,-1,-1,-1,-1,-1,-1,-1,-1,-1,-1,-1,-1,0,0,0,0,0,0,-1,-1,-1,-1,-1,-1,-1,-1,-1,-1,-1,-1,-1,-1,False,False,0,0,False,209,0,0,0,0,0,0,0,0,0,0,0,0,0,0,0,1,
0,461,2026-02-23 12:17:54Z,LLM_Empathetic,6.90573,7.217869,6.593592,0.6559342,0,1.626544,0,0,0,0,0,0,5.467059,4.340781,6.593348,0.592854,0.702737,0.482971,7.383909,6.230238,8.53758,0.6146438,0,2.137044,7.157961,6.083182,8.232741,9.778437,10,9.415125,6.90573,7.217869,6.593592,0.6559342,0,1.626544,0,0,0,0,0,0,5.467059,4.340781,6.593348,0.592854,0.702737,0.482971,7.383909,6.230238,8.53758,0.6146438,0,2.137044,7.157961,6.083182,8.232741,9.778437,10,9.415125,-1,-1,-1,-1,-1,-1,-1,-1,-1,-1,-1,-1,-1,-1,-1,-1,-1,-1,-1,-1,-1,-1,-1,-1,-1,-1,-1,-1,-1,-1,-1,-1,-1,-1,-1,-1,-1,-1,-1,-1,-1,-1,-1,-1,-1,-1,-1,-1,-1,-1,0,0,0,0,0,0,-1,-1,-1,-1,-1,-1,-1,-1,-1,-1,-1,-1,0,0,0,0,0,0,-1,-1,-1,-1,-1,-1,-1,-1,-1,-1,-1,-1,-1,-1,False,False,0,0,False,209,0,0,0,0,0,0,0,0,0,0,0,0,0,0,0,1,
0,462,2026-02-23 12:17:54Z,LLM_Empathetic,6.905782,7.217878,6.593685,0.655847,0,1.626496,0,0,0,0,0,0,5.467125,4.340803,6.593458,0.592854,0.702737,0.482971,7.383939,6.230223,8.537656,0.6145878,0,2.136988,7.158053,6.083232,8.232875,9.77862,10,9.415355,6.905782,7.217878,6.593685,0.655847,0,1.626496,0,0,0,0,0,0,5.467125,4.340803,6.593458,0.592854,0.702737,0.482971,7.383939,6.230223,8.537656,0.6145878,0,2.136988,7.158053,6.083232,8.232875,9.77862,10,9.415355,-1,-1,-1,-1,-1,-1,-1,-1,-1,-1,-1,-1,-1,-1,-1,-1,-1,-1,-1,-1,-1,-1,-1,-1,-1,-1,-1,-1,-1,-1,-1,-1,-1,-1,-1,-1,-1,-1,-1,-1,-1,-1,-1,-1,-1,-1,-1,-1,-1,-1,0,0,0,0,0,0,-1,-1,-1,-1,-1,-1,-1,-1,-1,-1,-1,-1,0,0,0,0,0,0,-1,-1,-1,-1,-1,-1,-1,-1,-1,-1,-1,-1,-1,-1,False,False,0,0,False,209,0,0,0,0,0,0,0,0,0,0,0,0,0,0,0,1,
0,463,2026-02-23 12:17:54Z,LLM_Empathetic,6.905833,7.217887,6.593778,0.6557601,0,1.626448,0,0,0,0,0,0,5.467191,4.340825,6.593568,0.592854,0.702737,0.482971,7.383969,6.230207,8.537731,0.6145322,0,2.136933,7.158144,6.083282,8.233008,9.778802,10,9.415584,6.905833,7.217887,6.593778,0.6557601,0,1.626448,0,0,0,0,0,0,5.467191,4.340825,6.593568,0.592854,0.702737,0.482971,7.383969,6.230207,8.537731,0.6145322,0,2.136933,7.158144,6.083282,8.233008,9.778802,10,9.415584,-1,-1,-1,-1,-1,-1,-1,-1,-1,-1,-1,-1,-1,-1,-1,-1,-1,-1,-1,-1,-1,-1,-1,-1,-1,-1,-1,-1,-1,-1,-1,-1,-1,-1,-1,-1,-1,-1,-1,-1,-1,-1,-1,-1,-1,-1,-1,-1,-1,-1,0,0,0,0,0,0,-1,-1,-1,-1,-1,-1,-1,-1,-1,-1,-1,-1,0,0,0,0,0,0,-1,-1,-1,-1,-1,-1,-1,-1,-1,-1,-1,-1,-1,-1,False,False,0,0,False,209,0,0,0,0,0,0,0,0,0,0,0,0,0,0,0,1,
0,464,2026-02-23 12:17:54Z,LLM_Empathetic,6.905884,7.217896,6.593871,0.6556735,0,1.626401,0,0,0,0,0,0,5.467257,4.340846,6.593677,0.592854,0.702737,0.482971,7.383999,6.230192,8.537807,0.6144768,0,2.136877,7.158235,6.083331,8.233141,9.778983,10,9.415812,6.905884,7.217896,6.593871,0.6556735,0,1.626401,0,0,0,0,0,0,5.467257,4.340846,6.593677,0.592854,0.702737,0.482971,7.383999,6.230192,8.537807,0.6144768,0,2.136877,7.158235,6.083331,8.233141,9.778983,10,9.415812,-1,-1,-1,-1,-1,-1,-1,-1,-1,-1,-1,-1,-1,-1,-1,-1,-1,-1,-1,-1,-1,-1,-1,-1,-1,-1,-1,-1,-1,-1,-1,-1,-1,-1,-1,-1,-1,-1,-1,-1,-1,-1,-1,-1,-1,-1,-1,-1,-1,-1,0,0,0,0,0,0,-1,-1,-1,-1,-1,-1,-1,-1,-1,-1,-1,-1,0,0,0,0,0,0,-1,-1,-1,-1,-1,-1,-1,-1,-1,-1,-1,-1,-1,-1,False,False,0,0,False,207,0,0,0,0,0,0,0,0,0,0,0,0,0,0,0,1,
0,465,2026-02-23 12:17:54Z,LLM_Empathetic,6.905934,7.217906,6.593963,0.6555873,0,1.626353,0,0,0,0,0,0,5.467321,4.340868,6.593786,0.592854,0.702737,0.482971,7.384029,6.230177,8.537881,0.6144215,0,2.136822,7.158326,6.08338,8.233273,9.779164,10,9.416039,6.905934,7.217906,6.593963,0.6555873,0,1.626353,0,0,0,0,0,0,5.467321,4.340868,6.593786,0.592854,0.702737,0.482971,7.384029,6.230177,8.537881,0.6144215,0,2.136822,7.158326,6.08338,8.233273,9.779164,10,9.416039,-1,-1,-1,-1,-1,-1,-1,-1,-1,-1,-1,-1,-1,-1,-1,-1,-1,-1,-1,-1,-1,-1,-1,-1,-1,-1,-1,-1,-1,-1,-1,-1,-1,-1,-1,-1,-1,-1,-1,-1,-1,-1,-1,-1,-1,-1,-1,-1,-1,-1,0,0,0,0,0,0,-1,-1,-1,-1,-1,-1,-1,-1,-1,-1,-1,-1,0,0,0,0,0,0,-1,-1,-1,-1,-1,-1,-1,-1,-1,-1,-1,-1,-1,-1,False,False,0,0,False,207,0,0,0,0,0,0,0,0,0,0,0,0,0,0,0,1,
0,466,2026-02-23 12:17:54Z,LLM_Empathetic,6.905985,7.217915,6.594055,0.6555014,0,1.626306,0,0,0,0,0,0,5.467387,4.340889,6.593894,0.592854,0.702737,0.482971,7.384058,6.230162,8.537956,0.6143666,0,2.136767,7.158416,6.083428,8.233404,9.779345,10,9.416265,6.905985,7.217915,6.594055,0.6555014,0,1.626306,0,0,0,0,0,0,5.467387,4.340889,6.593894,0.592854,0.702737,0.482971,7.384058,6.230162,8.537956,0.6143666,0,2.136767,7.158416,6.083428,8.233404,9.779345,10,9.416265,-1,-1,-1,-1,-1,-1,-1,-1,-1,-1,-1,-1,-1,-1,-1,-1,-1,-1,-1,-1,-1,-1,-1,-1,-1,-1,-1,-1,-1,-1,-1,-1,-1,-1,-1,-1,-1,-1,-1,-1,-1,-1,-1,-1,-1,-1,-1,-1,-1,-1,0,0,0,0,0,0,-1,-1,-1,-1,-1,-1,-1,-1,-1,-1,-1,-1,0,0,0,0,0,0,-1,-1,-1,-1,-1,-1,-1,-1,-1,-1,-1,-1,-1,-1,False,False,0,0,False,207,0,0,0,0,0,0,0,0,0,0,0,0,0,0,0,1,
0,467,2026-02-23 12:17:54Z,LLM_Empathetic,6.906035,7.217924,6.594147,0.6554159,0,1.626259,0,0,0,0,0,0,5.467452,4.34091,6.594002,0.592854,0.702737,0.482971,7.384088,6.230146,8.53803,0.6143118,0,2.136712,7.158506,6.083477,8.233536,9.779524,10,9.416491,6.906035,7.217924,6.594147,0.6554159,0,1.626259,0,0,0,0,0,0,5.467452,4.34091,6.594002,0.592854,0.702737,0.482971,7.384088,6.230146,8.53803,0.6143118,0,2.136712,7.158506,6.083477,8.233536,9.779524,10,9.416491,-1,-1,-1,-1,-1,-1,-1,-1,-1,-1,-1,-1,-1,-1,-1,-1,-1,-1,-1,-1,-1,-1,-1,-1,-1,-1,-1,-1,-1,-1,-1,-1,-1,-1,-1,-1,-1,-1,-1,-1,-1,-1,-1,-1,-1,-1,-1,-1,-1,-1,0,0,0,0,0,0,-1,-1,-1,-1,-1,-1,-1,-1,-1,-1,-1,-1,0,0,0,0,0,0,-1,-1,-1,-1,-1,-1,-1,-1,-1,-1,-1,-1,-1,-1,False,False,0,0,False,209,0,0,0,0,0,0,0,0,0,0,0,0,0,0,0,1,
0,468,2026-02-23 12:17:54Z,LLM_Empathetic,6.906085,7.217933,6.594238,0.6553307,0,1.626212,0,0,0,0,0,0,5.467516,4.340932,6.59411,0.592854,0.702737,0.482971,7.384118,6.230132,8.538104,0.6142572,0,2.136658,7.158596,6.083526,8.233666,9.779703,10,9.416715,6.906085,7.217933,6.594238,0.6553307,0,1.626212,0,0,0,0,0,0,5.467516,4.340932,6.59411,0.592854,0.702737,0.482971,7.384118,6.230132,8.538104,0.6142572,0,2.136658,7.158596,6.083526,8.233666,9.779703,10,9.416715,-1,-1,-1,-1,-1,-1,-1,-1,-1,-1,-1,-1,-1,-1,-1,-1,-1,-1,-1,-1,-1,-1,-1,-1,-1,-1,-1,-1,-1,-1,-1,-1,-1,-1,-1,-1,-1,-1,-1,-1,-1,-1,-1,-1,-1,-1,-1,-1,-1,-1,0,0,0,0,0,0,-1,-1,-1,-1,-1,-1,-1,-1,-1,-1,-1,-1,0,0,0,0,0,0,-1,-1,-1,-1,-1,-1,-1,-1,-1,-1,-1,-1,-1,-1,False,False,0,0,False,207,0,0,0,0,0,0,0,0,0,0,0,0,0,0,0,1,
0,469,2026-02-23 12:17:54Z,LLM_Empathetic,6.906136,7.217942,6.594329,0.6552458,0,1.626165,0,0,0,0,0,0,5.46758,4.340953,6.594217,0.592854,0.702737,0.482971,7.384147,6.230116,8.538177,0.6142029,0,2.136603,7.158685,6.083574,8.233796,9.779881,10,9.416938,6.906136,7.217942,6.594329,0.6552458,0,1.626165,0,0,0,0,0,0,5.46758,4.340953,6.594217,0.592854,0.702737,0.482971,7.384147,6.230116,8.538177,0.6142029,0,2.136603,7.158685,6.083574,8.233796,9.779881,10,9.416938,-1,-1,-1,-1,-1,-1,-1,-1,-1,-1,-1,-1,-1,-1,-1,-1,-1,-1,-1,-1,-1,-1,-1,-1,-1,-1,-1,-1,-1,-1,-1,-1,-1,-1,-1,-1,-1,-1,-1,-1,-1,-1,-1,-1,-1,-1,-1,-1,-1,-1,0,0,0,0,0,0,-1,-1,-1,-1,-1,-1,-1,-1,-1,-1,-1,-1,0,0,0,0,0,0,-1,-1,-1,-1,-1,-1,-1,-1,-1,-1,-1,-1,-1,-1,False,False,0,0,False,209,0,0,0,0,0,0,0,0,0,0,0,0,0,0,0,1,
0,470,2026-02-23 12:17:54Z,LLM_Empathetic,6.906185,7.217951,6.594419,0.6551613,0,1.626118,0,0,0,0,0,0,5.467644,4.340974,6.594324,0.592854,0.702737,0.482971,7.384176,6.230102,8.538251,0.6141487,0,2.136549,7.158773,6.083622,8.233926,9.780059,10,9.417161,6.906185,7.217951,6.594419,0.6551613,0,1.626118,0,0,0,0,0,0,5.467644,4.340974,6.594324,0.592854,0.702737,0.482971,7.384176,6.230102,8.538251,0.6141487,0,2.136549,7.158773,6.083622,8.233926,9.780059,10,9.417161,-1,-1,-1,-1,-1,-1,-1,-1,-1,-1,-1,-1,-1,-1,-1,-1,-1,-1,-1,-1,-1,-1,-1,-1,-1,-1,-1,-1,-1,-1,-1,-1,-1,-1,-1,-1,-1,-1,-1,-1,-1,-1,-1,-1,-1,-1,-1,-1,-1,-1,0,0,0,0,0,0,-1,-1,-1,-1,-1,-1,-1,-1,-1,-1,-1,-1,0,0,0,0,0,0,-1,-1,-1,-1,-1,-1,-1,-1,-1,-1,-1,-1,-1,-1,False,False,0,0,False,207,0,0,0,0,0,0,0,0,0,0,0,0,0,0,0,1,
0,471,2026-02-23 12:17:54Z,LLM_Empathetic,6.906235,7.21796,6.594509,0.655077,0,1.626072,0,0,0,0,0,0,5.467708,4.340995,6.59443,0.592854,0.702737,0.482971,7.384205,6.230086,8.538324,0.6140948,0,2.136495,7.158862,6.08367,8.234055,9.780235,10,9.417383,6.906235,7.21796,6.594509,0.655077,0,1.626072,0,0,0,0,0,0,5.467708,4.340995,6.59443,0.592854,0.702737,0.482971,7.384205,6.230086,8.538324,0.6140948,0,2.136495,7.158862,6.08367,8.234055,9.780235,10,9.417383,-1,-1,-1,-1,-1,-1,-1,-1,-1,-1,-1,-1,-1,-1,-1,-1,-1,-1,-1,-1,-1,-1,-1,-1,-1,-1,-1,-1,-1,-1,-1,-1,-1,-1,-1,-1,-1,-1,-1,-1,-1,-1,-1,-1,-1,-1,-1,-1,-1,-1,0,0,0,0,0,0,-1,-1,-1,-1,-1,-1,-1,-1,-1,-1,-1,-1,0,0,0,0,0,0,-1,-1,-1,-1,-1,-1,-1,-1,-1,-1,-1,-1,-1,-1,False,False,0,0,False,207,0,0,0,0,0,0,0,0,0,0,0,0,0,0,0,1,
0,472,2026-02-23 12:17:54Z,LLM_Empathetic,6.906284,7.217969,6.594599,0.6549931,0,1.626025,0,0,0,0,0,0,5.467771,4.341016,6.594536,0.592854,0.702737,0.482971,7.384234,6.230072,8.538397,0.6140411,0,2.136441,7.15895,6.083718,8.234183,9.780412,10,9.417603,6.906284,7.217969,6.594599,0.6549931,0,1.626025,0,0,0,0,0,0,5.467771,4.341016,6.594536,0.592854,0.702737,0.482971,7.384234,6.230072,8.538397,0.6140411,0,2.136441,7.15895,6.083718,8.234183,9.780412,10,9.417603,-1,-1,-1,-1,-1,-1,-1,-1,-1,-1,-1,-1,-1,-1,-1,-1,-1,-1,-1,-1,-1,-1,-1,-1,-1,-1,-1,-1,-1,-1,-1,-1,-1,-1,-1,-1,-1,-1,-1,-1,-1,-1,-1,-1,-1,-1,-1,-1,-1,-1,0,0,0,0,0,0,-1,-1,-1,-1,-1,-1,-1,-1,-1,-1,-1,-1,0,0,0,0,0,0,-1,-1,-1,-1,-1,-1,-1,-1,-1,-1,-1,-1,-1,-1,False,False,0,0,False,207,0,0,0,0,0,0,0,0,0,0,0,0,0,0,0,1,
0,473,2026-02-23 12:17:54Z,LLM_Empathetic,6.906333,7.217978,6.594688,0.6549096,0,1.625979,0,0,0,0,0,0,5.467834,4.341037,6.594642,0.592854,0.702737,0.482971,7.384263,6.230057,8.538469,0.6139876,0,2.136388,7.159038,6.083765,8.234311,9.780587,10,9.417824,6.906333,7.217978,6.594688,0.6549096,0,1.625979,0,0,0,0,0,0,5.467834,4.341037,6.594642,0.592854,0.702737,0.482971,7.384263,6.230057,8.538469,0.6139876,0,2.136388,7.159038,6.083765,8.234311,9.780587,10,9.417824,-1,-1,-1,-1,-1,-1,-1,-1,-1,-1,-1,-1,-1,-1,-1,-1,-1,-1,-1,-1,-1,-1,-1,-1,-1,-1,-1,-1,-1,-1,-1,-1,-1,-1,-1,-1,-1,-1,-1,-1,-1,-1,-1,-1,-1,-1,-1,-1,-1,-1,0,0,0,0,0,0,-1,-1,-1,-1,-1,-1,-1,-1,-1,-1,-1,-1,0,0,0,0,0,0,-1,-1,-1,-1,-1,-1,-1,-1,-1,-1,-1,-1,-1,-1,False,False,0,0,False,207,0,0,0,0,0,0,0,0,0,0,0,0,0,0,0,1,
0,474,2026-02-23 12:17:54Z,LLM_Empathetic,6.906382,7.217987,6.594778,0.6548263,0,1.625933,0,0,0,0,0,0,5.467897,4.341058,6.594747,0.592854,0.702737,0.482971,7.384292,6.230042,8.538542,0.6139342,0,2.136335,7.159125,6.083813,8.234439,9.780762,10,9.418043,6.906382,7.217987,6.594778,0.6548263,0,1.625933,0,0,0,0,0,0,5.467897,4.341058,6.594747,0.592854,0.702737,0.482971,7.384292,6.230042,8.538542,0.6139342,0,2.136335,7.159125,6.083813,8.234439,9.780762,10,9.418043,-1,-1,-1,-1,-1,-1,-1,-1,-1,-1,-1,-1,-1,-1,-1,-1,-1,-1,-1,-1,-1,-1,-1,-1,-1,-1,-1,-1,-1,-1,-1,-1,-1,-1,-1,-1,-1,-1,-1,-1,-1,-1,-1,-1,-1,-1,-1,-1,-1,-1,0,0,0,0,0,0,-1,-1,-1,-1,-1,-1,-1,-1,-1,-1,-1,-1,0,0,0,0,0,0,-1,-1,-1,-1,-1,-1,-1,-1,-1,-1,-1,-1,-1,-1,False,False,0,0,False,209,0,0,0,0,0,0,0,0,0,0,0,0,0,0,0,1,
0,475,2026-02-23 12:17:54Z,LLM_Empathetic,6.906431,7.217996,6.594866,0.6547434,0,1.625888,0,0,0,0,0,0,5.46796,4.341079,6.594852,0.592854,0.702737,0.482971,7.38432,6.230027,8.538613,0.6138811,0,2.136281,7.159213,6.08386,8.234566,9.780935,10,9.418262,6.906431,7.217996,6.594866,0.6547434,0,1.625888,0,0,0,0,0,0,5.46796,4.341079,6.594852,0.592854,0.702737,0.482971,7.38432,6.230027,8.538613,0.6138811,0,2.136281,7.159213,6.08386,8.234566,9.780935,10,9.418262,-1,-1,-1,-1,-1,-1,-1,-1,-1,-1,-1,-1,-1,-1,-1,-1,-1,-1,-1,-1,-1,-1,-1,-1,-1,-1,-1,-1,-1,-1,-1,-1,-1,-1,-1,-1,-1,-1,-1,-1,-1,-1,-1,-1,-1,-1,-1,-1,-1,-1,0,0,0,0,0,0,-1,-1,-1,-1,-1,-1,-1,-1,-1,-1,-1,-1,0,0,0,0,0,0,-1,-1,-1,-1,-1,-1,-1,-1,-1,-1,-1,-1,-1,-1,False,False,0,0,False,207,0,0,0,0,0,0,0,0,0,0,0,0,0,0,0,1,
0,476,2026-02-23 12:17:54Z,LLM_Empathetic,6.90648,7.218004,6.594955,0.6546607,0,1.625842,0,0,0,0,0,0,5.468023,4.3411,6.594956,0.592854,0.702737,0.482971,7.384349,6.230012,8.538686,0.6138282,0,2.136229,7.159299,6.083907,8.234693,9.781109,10,9.418479,6.90648,7.218004,6.594955,0.6546607,0,1.625842,0,0,0,0,0,0,5.468023,4.3411,6.594956,0.592854,0.702737,0.482971,7.384349,6.230012,8.538686,0.6138282,0,2.136229,7.159299,6.083907,8.234693,9.781109,10,9.418479,-1,-1,-1,-1,-1,-1,-1,-1,-1,-1,-1,-1,-1,-1,-1,-1,-1,-1,-1,-1,-1,-1,-1,-1,-1,-1,-1,-1,-1,-1,-1,-1,-1,-1,-1,-1,-1,-1,-1,-1,-1,-1,-1,-1,-1,-1,-1,-1,-1,-1,0,0,0,0,0,0,-1,-1,-1,-1,-1,-1,-1,-1,-1,-1,-1,-1,0,0,0,0,0,0,-1,-1,-1,-1,-1,-1,-1,-1,-1,-1,-1,-1,-1,-1,False,False,0,0,False,207,0,0,0,0,0,0,0,0,0,0,0,0,0,0,0,1,
0,477,2026-02-23 12:17:54Z,LLM_Empathetic,6.906528,7.218013,6.595043,0.6545784,0,1.625797,0,0,0,0,0,0,5.468085,4.34112,6.59506,0.592854,0.702737,0.482971,7.384377,6.229998,8.538756,0.6137755,0,2.136176,7.159386,6.083953,8.234818,9.781281,10,9.418696,6.906528,7.218013,6.595043,0.6545784,0,1.625797,0,0,0,0,0,0,5.468085,4.34112,6.59506,0.592854,0.702737,0.482971,7.384377,6.229998,8.538756,0.6137755,0,2.136176,7.159386,6.083953,8.234818,9.781281,10,9.418696,-1,-1,-1,-1,-1,-1,-1,-1,-1,-1,-1,-1,-1,-1,-1,-1,-1,-1,-1,-1,-1,-1,-1,-1,-1,-1,-1,-1,-1,-1,-1,-1,-1,-1,-1,-1,-1,-1,-1,-1,-1,-1,-1,-1,-1,-1,-1,-1,-1,-1,0,0,0,0,0,0,-1,-1,-1,-1,-1,-1,-1,-1,-1,-1,-1,-1,0,0,0,0,0,0,-1,-1,-1,-1,-1,-1,-1,-1,-1,-1,-1,-1,-1,-1,False,False,0,0,False,209,0,0,0,0,0,0,0,0,0,0,0,0,0,0,0,1,
0,478,2026-02-23 12:17:54Z,LLM_Empathetic,6.906576,7.218022,6.595131,0.6544964,0,1.625751,0,0,0,0,0,0,5.468147,4.341141,6.595164,0.592854,0.702737,0.482971,7.384406,6.229983,8.538828,0.613723,0,2.136123,7.159472,6.084,8.234944,9.781454,10,9.418912,6.906576,7.218022,6.595131,0.6544964,0,1.625751,0,0,0,0,0,0,5.468147,4.341141,6.595164,0.592854,0.702737,0.482971,7.384406,6.229983,8.538828,0.613723,0,2.136123,7.159472,6.084,8.234944,9.781454,10,9.418912,-1,-1,-1,-1,-1,-1,-1,-1,-1,-1,-1,-1,-1,-1,-1,-1,-1,-1,-1,-1,-1,-1,-1,-1,-1,-1,-1,-1,-1,-1,-1,-1,-1,-1,-1,-1,-1,-1,-1,-1,-1,-1,-1,-1,-1,-1,-1,-1,-1,-1,0,0,0,0,0,0,-1,-1,-1,-1,-1,-1,-1,-1,-1,-1,-1,-1,0,0,0,0,0,0,-1,-1,-1,-1,-1,-1,-1,-1,-1,-1,-1,-1,-1,-1,False,False,0,0,False,209,0,0,0,0,0,0,0,0,0,0,0,0,0,0,0,1,
0,479,2026-02-23 12:17:54Z,LLM_Empathetic,6.906624,7.21803,6.595218,0.6544148,0,1.625706,0,0,0,0,0,0,5.468209,4.341161,6.595267,0.592854,0.702737,0.482971,7.384434,6.229969,8.538898,0.6136707,0,2.136071,7.159558,6.084047,8.235069,9.781625,10,9.419127,6.906624,7.21803,6.595218,0.6544148,0,1.625706,0,0,0,0,0,0,5.468209,4.341161,6.595267,0.592854,0.702737,0.482971,7.384434,6.229969,8.538898,0.6136707,0,2.136071,7.159558,6.084047,8.235069,9.781625,10,9.419127,-1,-1,-1,-1,-1,-1,-1,-1,-1,-1,-1,-1,-1,-1,-1,-1,-1,-1,-1,-1,-1,-1,-1,-1,-1,-1,-1,-1,-1,-1,-1,-1,-1,-1,-1,-1,-1,-1,-1,-1,-1,-1,-1,-1,-1,-1,-1,-1,-1,-1,0,0,0,0,0,0,-1,-1,-1,-1,-1,-1,-1,-1,-1,-1,-1,-1,0,0,0,0,0,0,-1,-1,-1,-1,-1,-1,-1,-1,-1,-1,-1,-1,-1,-1,False,False,0,0,False,209,0,0,0,0,0,0,0,0,0,0,0,0,0,0,0,1,
0,480,2026-02-23 12:17:54Z,LLM_Empathetic,6.906672,7.218039,6.595305,0.6543334,0,1.625662,0,0,0,0,0,0,5.46827,4.341181,6.59537,0.592854,0.702737,0.482971,7.384462,6.229954,8.538969,0.6136186,0,2.136019,7.159643,6.084093,8.235194,9.781796,10,9.419341,6.906672,7.218039,6.595305,0.6543334,0,1.625662,0,0,0,0,0,0,5.46827,4.341181,6.59537,0.592854,0.702737,0.482971,7.384462,6.229954,8.538969,0.6136186,0,2.136019,7.159643,6.084093,8.235194,9.781796,10,9.419341,-1,-1,-1,-1,-1,-1,-1,-1,-1,-1,-1,-1,-1,-1,-1,-1,-1,-1,-1,-1,-1,-1,-1,-1,-1,-1,-1,-1,-1,-1,-1,-1,-1,-1,-1,-1,-1,-1,-1,-1,-1,-1,-1,-1,-1,-1,-1,-1,-1,-1,0,0,0,0,0,0,-1,-1,-1,-1,-1,-1,-1,-1,-1,-1,-1,-1,0,0,0,0,0,0,-1,-1,-1,-1,-1,-1,-1,-1,-1,-1,-1,-1,-1,-1,False,False,0,0,False,207,0,0,0,0,0,0,0,0,0,0,0,0,0,0,0,1,
0,481,2026-02-23 12:17:54Z,LLM_Empathetic,6.90672,7.218048,6.595392,0.6542523,0,1.625617,0,0,0,0,0,0,5.468332,4.341202,6.595472,0.592854,0.702737,0.482971,7.38449,6.22994,8.53904,0.6135667,0,2.135967,7.159729,6.084139,8.235318,9.781966,10,9.419555,6.90672,7.218048,6.595392,0.6542523,0,1.625617,0,0,0,0,0,0,5.468332,4.341202,6.595472,0.592854,0.702737,0.482971,7.38449,6.22994,8.53904,0.6135667,0,2.135967,7.159729,6.084139,8.235318,9.781966,10,9.419555,-1,-1,-1,-1,-1,-1,-1,-1,-1,-1,-1,-1,-1,-1,-1,-1,-1,-1,-1,-1,-1,-1,-1,-1,-1,-1,-1,-1,-1,-1,-1,-1,-1,-1,-1,-1,-1,-1,-1,-1,-1,-1,-1,-1,-1,-1,-1,-1,-1,-1,0,0,0,0,0,0,-1,-1,-1,-1,-1,-1,-1,-1,-1,-1,-1,-1,0,0,0,0,0,0,-1,-1,-1,-1,-1,-1,-1,-1,-1,-1,-1,-1,-1,-1,False,False,0,0,False,207,0,0,0,0,0,0,0,0,0,0,0,0,0,0,0,1,
0,482,2026-02-23 12:17:54Z,LLM_Empathetic,6.906767,7.218056,6.595479,0.6541715,0,1.625572,0,0,0,0,0,0,5.468393,4.341222,6.595574,0.592854,0.702737,0.482971,7.384518,6.229926,8.53911,0.613515,0,2.135915,7.159813,6.084185,8.235442,9.782136,10,9.419767,6.906767,7.218056,6.595479,0.6541715,0,1.625572,0,0,0,0,0,0,5.468393,4.341222,6.595574,0.592854,0.702737,0.482971,7.384518,6.229926,8.53911,0.613515,0,2.135915,7.159813,6.084185,8.235442,9.782136,10,9.419767,-1,-1,-1,-1,-1,-1,-1,-1,-1,-1,-1,-1,-1,-1,-1,-1,-1,-1,-1,-1,-1,-1,-1,-1,-1,-1,-1,-1,-1,-1,-1,-1,-1,-1,-1,-1,-1,-1,-1,-1,-1,-1,-1,-1,-1,-1,-1,-1,-1,-1,0,0,0,0,0,0,-1,-1,-1,-1,-1,-1,-1,-1,-1,-1,-1,-1,0,0,0,0,0,0,-1,-1,-1,-1,-1,-1,-1,-1,-1,-1,-1,-1,-1,-1,False,False,0,0,False,207,0,0,0,0,0,0,0,0,0,0,0,0,0,0,0,1,
0,483,2026-02-23 12:17:54Z,LLM_Empathetic,6.906815,7.218065,6.595564,0.6540911,0,1.625528,0,0,0,0,0,0,5.468454,4.341242,6.595676,0.592854,0.702737,0.482971,7.384545,6.229911,8.53918,0.6134635,0,2.135864,7.159898,6.084231,8.235565,9.782305,10,9.419979,6.906815,7.218065,6.595564,0.6540911,0,1.625528,0,0,0,0,0,0,5.468454,4.341242,6.595676,0.592854,0.702737,0.482971,7.384545,6.229911,8.53918,0.6134635,0,2.135864,7.159898,6.084231,8.235565,9.782305,10,9.419979,-1,-1,-1,-1,-1,-1,-1,-1,-1,-1,-1,-1,-1,-1,-1,-1,-1,-1,-1,-1,-1,-1,-1,-1,-1,-1,-1,-1,-1,-1,-1,-1,-1,-1,-1,-1,-1,-1,-1,-1,-1,-1,-1,-1,-1,-1,-1,-1,-1,-1,0,0,0,0,0,0,-1,-1,-1,-1,-1,-1,-1,-1,-1,-1,-1,-1,0,0,0,0,0,0,-1,-1,-1,-1,-1,-1,-1,-1,-1,-1,-1,-1,-1,-1,False,False,0,0,False,207,0,0,0,0,0,0,0,0,0,0,0,0,0,0,0,1,
0,484,2026-02-23 12:17:54Z,LLM_Empathetic,6.906862,7.218073,6.59565,0.654011,0,1.625484,0,0,0,0,0,0,5.468514,4.341262,6.595777,0.592854,0.702737,0.482971,7.384573,6.229897,8.539249,0.6134121,0,2.135813,7.159982,6.084276,8.235688,9.782473,10,9.420191,6.906862,7.218073,6.59565,0.654011,0,1.625484,0,0,0,0,0,0,5.468514,4.341262,6.595777,0.592854,0.702737,0.482971,7.384573,6.229897,8.539249,0.6134121,0,2.135813,7.159982,6.084276,8.235688,9.782473,10,9.420191,-1,-1,-1,-1,-1,-1,-1,-1,-1,-1,-1,-1,-1,-1,-1,-1,-1,-1,-1,-1,-1,-1,-1,-1,-1,-1,-1,-1,-1,-1,-1,-1,-1,-1,-1,-1,-1,-1,-1,-1,-1,-1,-1,-1,-1,-1,-1,-1,-1,-1,0,0,0,0,0,0,-1,-1,-1,-1,-1,-1,-1,-1,-1,-1,-1,-1,0,0,0,0,0,0,-1,-1,-1,-1,-1,-1,-1,-1,-1,-1,-1,-1,-1,-1,False,False,0,0,False,209,0,0,0,0,0,0,0,0,0,0,0,0,0,0,0,1,
0,485,2026-02-23 12:17:54Z,LLM_Empathetic,6.906909,7.218082,6.595736,0.6539311,0,1.62544,0,0,0,0,0,0,5.468575,4.341282,6.595878,0.592854,0.702737,0.482971,7.384601,6.229883,8.539318,0.6133609,0,2.135761,7.160066,6.084321,8.235811,9.78264,10,9.420401,6.906909,7.218082,6.595736,0.6539311,0,1.62544,0,0,0,0,0,0,5.468575,4.341282,6.595878,0.592854,0.702737,0.482971,7.384601,6.229883,8.539318,0.6133609,0,2.135761,7.160066,6.084321,8.235811,9.78264,10,9.420401,-1,-1,-1,-1,-1,-1,-1,-1,-1,-1,-1,-1,-1,-1,-1,-1,-1,-1,-1,-1,-1,-1,-1,-1,-1,-1,-1,-1,-1,-1,-1,-1,-1,-1,-1,-1,-1,-1,-1,-1,-1,-1,-1,-1,-1,-1,-1,-1,-1,-1,0,0,0,0,0,0,-1,-1,-1,-1,-1,-1,-1,-1,-1,-1,-1,-1,0,0,0,0,0,0,-1,-1,-1,-1,-1,-1,-1,-1,-1,-1,-1,-1,-1,-1,False,False,0,0,False,207,0,0,0,0,0,0,0,0,0,0,0,0,0,0,0,1,
0,486,2026-02-23 12:17:54Z,LLM_Empathetic,6.906956,7.218091,6.595821,0.6538515,0,1.625396,0,0,0,0,0,0,5.468635,4.341302,6.595979,0.592854,0.702737,0.482971,7.384628,6.229869,8.539388,0.61331,0,2.13571,7.16015,6.084367,8.235932,9.782807,10,9.42061,6.906956,7.218091,6.595821,0.6538515,0,1.625396,0,0,0,0,0,0,5.468635,4.341302,6.595979,0.592854,0.702737,0.482971,7.384628,6.229869,8.539388,0.61331,0,2.13571,7.16015,6.084367,8.235932,9.782807,10,9.42061,-1,-1,-1,-1,-1,-1,-1,-1,-1,-1,-1,-1,-1,-1,-1,-1,-1,-1,-1,-1,-1,-1,-1,-1,-1,-1,-1,-1,-1,-1,-1,-1,-1,-1,-1,-1,-1,-1,-1,-1,-1,-1,-1,-1,-1,-1,-1,-1,-1,-1,0,0,0,0,0,0,-1,-1,-1,-1,-1,-1,-1,-1,-1,-1,-1,-1,0,0,0,0,0,0,-1,-1,-1,-1,-1,-1,-1,-1,-1,-1,-1,-1,-1,-1,False,False,0,0,False,209,0,0,0,0,0,0,0,0,0,0,0,0,0,0,0,1,
0,487,2026-02-23 12:17:54Z,LLM_Empathetic,6.907002,7.218099,6.595906,0.6537722,0,1.625352,0,0,0,0,0,0,5.468695,4.341322,6.596079,0.592854,0.702737,0.482971,7.384655,6.229855,8.539456,0.6132593,0,2.13566,7.160233,6.084412,8.236054,9.782973,10,9.420819,6.907002,7.218099,6.595906,0.6537722,0,1.625352,0,0,0,0,0,0,5.468695,4.341322,6.596079,0.592854,0.702737,0.482971,7.384655,6.229855,8.539456,0.6132593,0,2.13566,7.160233,6.084412,8.236054,9.782973,10,9.420819,-1,-1,-1,-1,-1,-1,-1,-1,-1,-1,-1,-1,-1,-1,-1,-1,-1,-1,-1,-1,-1,-1,-1,-1,-1,-1,-1,-1,-1,-1,-1,-1,-1,-1,-1,-1,-1,-1,-1,-1,-1,-1,-1,-1,-1,-1,-1,-1,-1,-1,0,0,0,0,0,0,-1,-1,-1,-1,-1,-1,-1,-1,-1,-1,-1,-1,0,0,0,0,0,0,-1,-1,-1,-1,-1,-1,-1,-1,-1,-1,-1,-1,-1,-1,False,False,0,0,False,209,0,0,0,0,0,0,0,0,0,0,0,0,0,0,0,1,
0,488,2026-02-23 12:17:54Z,LLM_Empathetic,6.907049,7.218107,6.59599,0.6536933,0,1.625309,0,0,0,0,0,0,5.468755,4.341341,6.596179,0.592854,0.702737,0.482971,7.384683,6.229841,8.539525,0.6132087,0,2.135609,7.160316,6.084457,8.236176,9.783139,10,9.421027,6.907049,7.218107,6.59599,0.6536933,0,1.625309,0,0,0,0,0,0,5.468755,4.341341,6.596179,0.592854,0.702737,0.482971,7.384683,6.229841,8.539525,0.6132087,0,2.135609,7.160316,6.084457,8.236176,9.783139,10,9.421027,-1,-1,-1,-1,-1,-1,-1,-1,-1,-1,-1,-1,-1,-1,-1,-1,-1,-1,-1,-1,-1,-1,-1,-1,-1,-1,-1,-1,-1,-1,-1,-1,-1,-1,-1,-1,-1,-1,-1,-1,-1,-1,-1,-1,-1,-1,-1,-1,-1,-1,0,0,0,0,0,0,-1,-1,-1,-1,-1,-1,-1,-1,-1,-1,-1,-1,0,0,0,0,0,0,-1,-1,-1,-1,-1,-1,-1,-1,-1,-1,-1,-1,-1,-1,False,False,0,0,False,207,0,0,0,0,0,0,0,0,0,0,0,0,0,0,0,1,
0,489,2026-02-23 12:17:55Z,LLM_Empathetic,6.907095,7.218116,6.596075,0.6536146,0,1.625265,0,0,0,0,0,0,5.468814,4.341362,6.596278,0.592854,0.702737,0.482971,7.38471,6.229827,8.539593,0.6131583,0,2.135559,7.160398,6.084502,8.236296,9.783304,10,9.421234,6.907095,7.218116,6.596075,0.6536146,0,1.625265,0,0,0,0,0,0,5.468814,4.341362,6.596278,0.592854,0.702737,0.482971,7.38471,6.229827,8.539593,0.6131583,0,2.135559,7.160398,6.084502,8.236296,9.783304,10,9.421234,-1,-1,-1,-1,-1,-1,-1,-1,-1,-1,-1,-1,-1,-1,-1,-1,-1,-1,-1,-1,-1,-1,-1,-1,-1,-1,-1,-1,-1,-1,-1,-1,-1,-1,-1,-1,-1,-1,-1,-1,-1,-1,-1,-1,-1,-1,-1,-1,-1,-1,0,0,0,0,0,0,-1,-1,-1,-1,-1,-1,-1,-1,-1,-1,-1,-1,0,0,0,0,0,0,-1,-1,-1,-1,-1,-1,-1,-1,-1,-1,-1,-1,-1,-1,False,False,0,0,False,209,0,0,0,0,0,0,0,0,0,0,0,0,0,0,0,1,
0,490,2026-02-23 12:17:55Z,LLM_Empathetic,6.907141,7.218124,6.596159,0.6535362,0,1.625222,0,0,0,0,0,0,5.468874,4.341381,6.596377,0.592854,0.702737,0.482971,7.384737,6.229813,8.539661,0.6131081,0,2.135509,7.16048,6.084546,8.236416,9.783469,10,9.421441,6.907141,7.218124,6.596159,0.6535362,0,1.625222,0,0,0,0,0,0,5.468874,4.341381,6.596377,0.592854,0.702737,0.482971,7.384737,6.229813,8.539661,0.6131081,0,2.135509,7.16048,6.084546,8.236416,9.783469,10,9.421441,-1,-1,-1,-1,-1,-1,-1,-1,-1,-1,-1,-1,-1,-1,-1,-1,-1,-1,-1,-1,-1,-1,-1,-1,-1,-1,-1,-1,-1,-1,-1,-1,-1,-1,-1,-1,-1,-1,-1,-1,-1,-1,-1,-1,-1,-1,-1,-1,-1,-1,0,0,0,0,0,0,-1,-1,-1,-1,-1,-1,-1,-1,-1,-1,-1,-1,0,0,0,0,0,0,-1,-1,-1,-1,-1,-1,-1,-1,-1,-1,-1,-1,-1,-1,False,False,0,0,False,209,0,0,0,0,0,0,0,0,0,0,0,0,0,0,0,1,
0,491,2026-02-23 12:17:55Z,LLM_Empathetic,6.907187,7.218132,6.596242,0.6534581,0,1.625179,0,0,0,0,0,0,5.468933,4.341401,6.596476,0.592854,0.702737,0.482971,7.384764,6.229799,8.539729,0.6130581,0,2.135458,7.160563,6.084591,8.236536,9.783632,10,9.421647,6.907187,7.218132,6.596242,0.6534581,0,1.625179,0,0,0,0,0,0,5.468933,4.341401,6.596476,0.592854,0.702737,0.482971,7.384764,6.229799,8.539729,0.6130581,0,2.135458,7.160563,6.084591,8.236536,9.783632,10,9.421647,-1,-1,-1,-1,-1,-1,-1,-1,-1,-1,-1,-1,-1,-1,-1,-1,-1,-1,-1,-1,-1,-1,-1,-1,-1,-1,-1,-1,-1,-1,-1,-1,-1,-1,-1,-1,-1,-1,-1,-1,-1,-1,-1,-1,-1,-1,-1,-1,-1,-1,0,0,0,0,0,0,-1,-1,-1,-1,-1,-1,-1,-1,-1,-1,-1,-1,0,0,0,0,0,0,-1,-1,-1,-1,-1,-1,-1,-1,-1,-1,-1,-1,-1,-1,False,False,0,0,False,209,0,0,0,0,0,0,0,0,0,0,0,0,0,0,0,1,
0,492,2026-02-23 12:17:55Z,LLM_Empathetic,6.907233,7.218141,6.596325,0.6533803,0,1.625136,0,0,0,0,0,0,5.468992,4.34142,6.596574,0.592854,0.702737,0.482971,7.38479,6.229785,8.539797,0.6130083,0,2.135409,7.160645,6.084635,8.236655,9.783796,10,9.421851,6.907233,7.218141,6.596325,0.6533803,0,1.625136,0,0,0,0,0,0,5.468992,4.34142,6.596574,0.592854,0.702737,0.482971,7.38479,6.229785,8.539797,0.6130083,0,2.135409,7.160645,6.084635,8.236655,9.783796,10,9.421851,-1,-1,-1,-1,-1,-1,-1,-1,-1,-1,-1,-1,-1,-1,-1,-1,-1,-1,-1,-1,-1,-1,-1,-1,-1,-1,-1,-1,-1,-1,-1,-1,-1,-1,-1,-1,-1,-1,-1,-1,-1,-1,-1,-1,-1,-1,-1,-1,-1,-1,0,0,0,0,0,0,-1,-1,-1,-1,-1,-1,-1,-1,-1,-1,-1,-1,0,0,0,0,0,0,-1,-1,-1,-1,-1,-1,-1,-1,-1,-1,-1,-1,-1,-1,False,False,0,0,False,207,0,0,0,0,0,0,0,0,0,0,0,0,0,0,0,1,
0,493,2026-02-23 12:17:55Z,LLM_Empathetic,6.907279,7.218149,6.596408,0.6533028,0,1.625093,0,0,0,0,0,0,5.46905,4.341439,6.596672,0.592854,0.702737,0.482971,7.384818,6.229772,8.539864,0.6129586,0,2.135359,7.160726,6.084679,8.236773,9.783958,10,9.422056,6.907279,7.218149,6.596408,0.6533028,0,1.625093,0,0,0,0,0,0,5.46905,4.341439,6.596672,0.592854,0.702737,0.482971,7.384818,6.229772,8.539864,0.6129586,0,2.135359,7.160726,6.084679,8.236773,9.783958,10,9.422056,-1,-1,-1,-1,-1,-1,-1,-1,-1,-1,-1,-1,-1,-1,-1,-1,-1,-1,-1,-1,-1,-1,-1,-1,-1,-1,-1,-1,-1,-1,-1,-1,-1,-1,-1,-1,-1,-1,-1,-1,-1,-1,-1,-1,-1,-1,-1,-1,-1,-1,0,0,0,0,0,0,-1,-1,-1,-1,-1,-1,-1,-1,-1,-1,-1,-1,0,0,0,0,0,0,-1,-1,-1,-1,-1,-1,-1,-1,-1,-1,-1,-1,-1,-1,False,False,0,0,False,209,0,0,0,0,0,0,0,0,0,0,0,0,0,0,0,1,
0,494,2026-02-23 12:17:55Z,LLM_Empathetic,6.907324,7.218157,6.596491,0.6532255,0,1.625051,0,0,0,0,0,0,5.469109,4.341459,6.596769,0.592854,0.702737,0.482971,7.384844,6.229758,8.53993,0.6129091,0,2.135309,7.160807,6.084723,8.236892,9.784121,10,9.422259,6.907324,7.218157,6.596491,0.6532255,0,1.625051,0,0,0,0,0,0,5.469109,4.341459,6.596769,0.592854,0.702737,0.482971,7.384844,6.229758,8.53993,0.6129091,0,2.135309,7.160807,6.084723,8.236892,9.784121,10,9.422259,-1,-1,-1,-1,-1,-1,-1,-1,-1,-1,-1,-1,-1,-1,-1,-1,-1,-1,-1,-1,-1,-1,-1,-1,-1,-1,-1,-1,-1,-1,-1,-1,-1,-1,-1,-1,-1,-1,-1,-1,-1,-1,-1,-1,-1,-1,-1,-1,-1,-1,0,0,0,0,0,0,-1,-1,-1,-1,-1,-1,-1,-1,-1,-1,-1,-1,0,0,0,0,0,0,-1,-1,-1,-1,-1,-1,-1,-1,-1,-1,-1,-1,-1,-1,False,False,0,0,False,209,0,0,0,0,0,0,0,0,0,0,0,0,0,0,0,1,
0,495,2026-02-23 12:17:55Z,LLM_Empathetic,6.90737,7.218165,6.596573,0.6531486,0,1.625008,0,0,0,0,0,0,5.469167,4.341478,6.596867,0.592854,0.702737,0.482971,7.384871,6.229744,8.539997,0.6128598,0,2.13526,7.160888,6.084767,8.23701,9.784283,10,9.422462,6.90737,7.218165,6.596573,0.6531486,0,1.625008,0,0,0,0,0,0,5.469167,4.341478,6.596867,0.592854,0.702737,0.482971,7.384871,6.229744,8.539997,0.6128598,0,2.13526,7.160888,6.084767,8.23701,9.784283,10,9.422462,-1,-1,-1,-1,-1,-1,-1,-1,-1,-1,-1,-1,-1,-1,-1,-1,-1,-1,-1,-1,-1,-1,-1,-1,-1,-1,-1,-1,-1,-1,-1,-1,-1,-1,-1,-1,-1,-1,-1,-1,-1,-1,-1,-1,-1,-1,-1,-1,-1,-1,0,0,0,0,0,0,-1,-1,-1,-1,-1,-1,-1,-1,-1,-1,-1,-1,0,0,0,0,0,0,-1,-1,-1,-1,-1,-1,-1,-1,-1,-1,-1,-1,-1,-1,False,False,0,0,False,207,0,0,0,0,0,0,0,0,0,0,0,0,0,0,0,1,
0,496,2026-02-23 12:17:55Z,LLM_Empathetic,6.907414,7.218174,6.596655,0.6530719,0,1.624966,0,0,0,0,0,0,5.469225,4.341497,6.596963,0.592854,0.702737,0.482971,7.384897,6.229731,8.540064,0.6128107,0,2.135211,7.160968,6.08481,8.237127,9.784443,10,9.422664,6.907414,7.218174,6.596655,0.6530719,0,1.624966,0,0,0,0,0,0,5.469225,4.341497,6.596963,0.592854,0.702737,0.482971,7.384897,6.229731,8.540064,0.6128107,0,2.135211,7.160968,6.08481,8.237127,9.784443,10,9.422664,-1,-1,-1,-1,-1,-1,-1,-1,-1,-1,-1,-1,-1,-1,-1,-1,-1,-1,-1,-1,-1,-1,-1,-1,-1,-1,-1,-1,-1,-1,-1,-1,-1,-1,-1,-1,-1,-1,-1,-1,-1,-1,-1,-1,-1,-1,-1,-1,-1,-1,0,0,0,0,0,0,-1,-1,-1,-1,-1,-1,-1,-1,-1,-1,-1,-1,0,0,0,0,0,0,-1,-1,-1,-1,-1,-1,-1,-1,-1,-1,-1,-1,-1,-1,False,False,0,0,False,209,0,0,0,0,0,0,0,0,0,0,0,0,0,0,0,1,
0,497,2026-02-23 12:17:55Z,LLM_Empathetic,6.907459,7.218182,6.596737,0.6529955,0,1.624924,0,0,0,0,0,0,5.469283,4.341516,6.59706,0.592854,0.702737,0.482971,7.384923,6.229717,8.540131,0.6127618,0,2.135162,7.161049,6.084854,8.237245,9.784604,10,9.422865,6.907459,7.218182,6.596737,0.6529955,0,1.624924,0,0,0,0,0,0,5.469283,4.341516,6.59706,0.592854,0.702737,0.482971,7.384923,6.229717,8.540131,0.6127618,0,2.135162,7.161049,6.084854,8.237245,9.784604,10,9.422865,-1,-1,-1,-1,-1,-1,-1,-1,-1,-1,-1,-1,-1,-1,-1,-1,-1,-1,-1,-1,-1,-1,-1,-1,-1,-1,-1,-1,-1,-1,-1,-1,-1,-1,-1,-1,-1,-1,-1,-1,-1,-1,-1,-1,-1,-1,-1,-1,-1,-1,0,0,0,0,0,0,-1,-1,-1,-1,-1,-1,-1,-1,-1,-1,-1,-1,0,0,0,0,0,0,-1,-1,-1,-1,-1,-1,-1,-1,-1,-1,-1,-1,-1,-1,False,False,0,0,False,209,0,0,0,0,0,0,0,0,0,0,0,0,0,0,0,1,
0,498,2026-02-23 12:17:55Z,LLM_Empathetic,6.907504,7.21819,6.596819,0.6529194,0,1.624882,0,0,0,0,0,0,5.469341,4.341536,6.597156,0.592854,0.702737,0.482971,7.38495,6.229703,8.540196,0.6127131,0,2.135113,7.161129,6.084897,8.237361,9.784763,10,9.423066,6.907504,7.21819,6.596819,0.6529194,0,1.624882,0,0,0,0,0,0,5.469341,4.341536,6.597156,0.592854,0.702737,0.482971,7.38495,6.229703,8.540196,0.6127131,0,2.135113,7.161129,6.084897,8.237361,9.784763,10,9.423066,-1,-1,-1,-1,-1,-1,-1,-1,-1,-1,-1,-1,-1,-1,-1,-1,-1,-1,-1,-1,-1,-1,-1,-1,-1,-1,-1,-1,-1,-1,-1,-1,-1,-1,-1,-1,-1,-1,-1,-1,-1,-1,-1,-1,-1,-1,-1,-1,-1,-1,0,0,0,0,0,0,-1,-1,-1,-1,-1,-1,-1,-1,-1,-1,-1,-1,0,0,0,0,0,0,-1,-1,-1,-1,-1,-1,-1,-1,-1,-1,-1,-1,-1,-1,False,False,0,0,False,209,0,0,0,0,0,0,0,0,0,0,0,0,0,0,0,1,
0,499,2026-02-23 12:17:55Z,LLM_Empathetic,6.907549,7.218198,6.5969,0.6528435,0,1.62484,0,0,0,0,0,0,5.469398,4.341554,6.597252,0.592854,0.702737,0.482971,7.384976,6.22969,8.540262,0.6126645,0,2.135065,7.161209,6.08494,8.237477,9.784923,10,9.423265,6.907549,7.218198,6.5969,0.6528435,0,1.62484,0,0,0,0,0,0,5.469398,4.341554,6.597252,0.592854,0.702737,0.482971,7.384976,6.22969,8.540262,0.6126645,0,2.135065,7.161209,6.08494,8.237477,9.784923,10,9.423265,-1,-1,-1,-1,-1,-1,-1,-1,-1,-1,-1,-1,-1,-1,-1,-1,-1,-1,-1,-1,-1,-1,-1,-1,-1,-1,-1,-1,-1,-1,-1,-1,-1,-1,-1,-1,-1,-1,-1,-1,-1,-1,-1,-1,-1,-1,-1,-1,-1,-1,0,0,0,0,0,0,-1,-1,-1,-1,-1,-1,-1,-1,-1,-1,-1,-1,0,0,0,0,0,0,-1,-1,-1,-1,-1,-1,-1,-1,-1,-1,-1,-1,-1,-1,False,False,0,0,False,207,0,0,0,0,0,0,0,0,0,0,0,0,0,0,0,1,
0,500,2026-02-23 12:17:55Z,LLM_Empathetic,6.907593,7.218206,6.596981,0.6527679,0,1.624798,0,0,0,0,0,0,5.469455,4.341573,6.597347,0.592854,0.702737,0.482971,7.385002,6.229677,8.540328,0.6126161,0,2.135016,7.161288,6.084983,8.237594,9.785081,10,9.423465,6.907593,7.218206,6.596981,0.6527679,0,1.624798,0,0,0,0,0,0,5.469455,4.341573,6.597347,0.592854,0.702737,0.482971,7.385002,6.229677,8.540328,0.6126161,0,2.135016,7.161288,6.084983,8.237594,9.785081,10,9.423465,-1,-1,-1,-1,-1,-1,-1,-1,-1,-1,-1,-1,-1,-1,-1,-1,-1,-1,-1,-1,-1,-1,-1,-1,-1,-1,-1,-1,-1,-1,-1,-1,-1,-1,-1,-1,-1,-1,-1,-1,-1,-1,-1,-1,-1,-1,-1,-1,-1,-1,0,0,0,0,0,0,-1,-1,-1,-1,-1,-1,-1,-1,-1,-1,-1,-1,0,0,0,0,0,0,-1,-1,-1,-1,-1,-1,-1,-1,-1,-1,-1,-1,-1,-1,False,False,0,0,False,209,0,0,0,0,0,0,0,0,0,0,0,0,0,0,0,1,
0,501,2026-02-23 12:17:55Z,LLM_Empathetic,6.907638,7.218214,6.597062,0.6526926,0,1.624757,0,0,0,0,0,0,5.469512,4.341592,6.597443,0.592854,0.702737,0.482971,7.385028,6.229663,8.540393,0.6125678,0,2.134968,7.161367,6.085026,8.237709,9.785239,10,9.423663,6.907638,7.218214,6.597062,0.6526926,0,1.624757,0,0,0,0,0,0,5.469512,4.341592,6.597443,0.592854,0.702737,0.482971,7.385028,6.229663,8.540393,0.6125678,0,2.134968,7.161367,6.085026,8.237709,9.785239,10,9.423663,-1,-1,-1,-1,-1,-1,-1,-1,-1,-1,-1,-1,-1,-1,-1,-1,-1,-1,-1,-1,-1,-1,-1,-1,-1,-1,-1,-1,-1,-1,-1,-1,-1,-1,-1,-1,-1,-1,-1,-1,-1,-1,-1,-1,-1,-1,-1,-1,-1,-1,0,0,0,0,0,0,-1,-1,-1,-1,-1,-1,-1,-1,-1,-1,-1,-1,0,0,0,0,0,0,-1,-1,-1,-1,-1,-1,-1,-1,-1,-1,-1,-1,-1,-1,False,False,0,0,False,207,0,0,0,0,0,0,0,0,0,0,0,0,0,0,0,1,
0,502,2026-02-23 12:17:55Z,LLM_Empathetic,6.907682,7.218222,6.597142,0.6526176,0,1.624715,0,0,0,0,0,0,5.469569,4.341611,6.597538,0.592854,0.702737,0.482971,7.385054,6.22965,8.540459,0.6125198,0,2.13492,7.161446,6.085069,8.237823,9.785397,10,9.423861,6.907682,7.218222,6.597142,0.6526176,0,1.624715,0,0,0,0,0,0,5.469569,4.341611,6.597538,0.592854,0.702737,0.482971,7.385054,6.22965,8.540459,0.6125198,0,2.13492,7.161446,6.085069,8.237823,9.785397,10,9.423861,-1,-1,-1,-1,-1,-1,-1,-1,-1,-1,-1,-1,-1,-1,-1,-1,-1,-1,-1,-1,-1,-1,-1,-1,-1,-1,-1,-1,-1,-1,-1,-1,-1,-1,-1,-1,-1,-1,-1,-1,-1,-1,-1,-1,-1,-1,-1,-1,-1,-1,0,0,0,0,0,0,-1,-1,-1,-1,-1,-1,-1,-1,-1,-1,-1,-1,0,0,0,0,0,0,-1,-1,-1,-1,-1,-1,-1,-1,-1,-1,-1,-1,-1,-1,False,False,0,0,False,209,0,0,0,0,0,0,0,0,0,0,0,0,0,0,0,1,
0,503,2026-02-23 12:17:55Z,LLM_Empathetic,6.907726,7.21823,6.597222,0.6525428,0,1.624674,0,0,0,0,0,0,5.469625,4.34163,6.597632,0.592854,0.702737,0.482971,7.38508,6.229637,8.540524,0.6124719,0,2.134872,7.161524,6.085111,8.237938,9.785554,10,9.424058,6.907726,7.21823,6.597222,0.6525428,0,1.624674,0,0,0,0,0,0,5.469625,4.34163,6.597632,0.592854,0.702737,0.482971,7.38508,6.229637,8.540524,0.6124719,0,2.134872,7.161524,6.085111,8.237938,9.785554,10,9.424058,-1,-1,-1,-1,-1,-1,-1,-1,-1,-1,-1,-1,-1,-1,-1,-1,-1,-1,-1,-1,-1,-1,-1,-1,-1,-1,-1,-1,-1,-1,-1,-1,-1,-1,-1,-1,-1,-1,-1,-1,-1,-1,-1,-1,-1,-1,-1,-1,-1,-1,0,0,0,0,0,0,-1,-1,-1,-1,-1,-1,-1,-1,-1,-1,-1,-1,0,0,0,0,0,0,-1,-1,-1,-1,-1,-1,-1,-1,-1,-1,-1,-1,-1,-1,False,False,0,0,False,209,0,0,0,0,0,0,0,0,0,0,0,0,0,0,0,1,
0,504,2026-02-23 12:17:55Z,LLM_Empathetic,6.90777,7.218238,6.597301,0.6524683,0,1.624633,0,0,0,0,0,0,5.469682,4.341648,6.597726,0.592854,0.702737,0.482971,7.385105,6.229623,8.540587,0.6124242,0,2.134825,7.161602,6.085154,8.238052,9.78571,10,9.424253,6.90777,7.218238,6.597301,0.6524683,0,1.624633,0,0,0,0,0,0,5.469682,4.341648,6.597726,0.592854,0.702737,0.482971,7.385105,6.229623,8.540587,0.6124242,0,2.134825,7.161602,6.085154,8.238052,9.78571,10,9.424253,-1,-1,-1,-1,-1,-1,-1,-1,-1,-1,-1,-1,-1,-1,-1,-1,-1,-1,-1,-1,-1,-1,-1,-1,-1,-1,-1,-1,-1,-1,-1,-1,-1,-1,-1,-1,-1,-1,-1,-1,-1,-1,-1,-1,-1,-1,-1,-1,-1,-1,0,0,0,0,0,0,-1,-1,-1,-1,-1,-1,-1,-1,-1,-1,-1,-1,0,0,0,0,0,0,-1,-1,-1,-1,-1,-1,-1,-1,-1,-1,-1,-1,-1,-1,False,False,0,0,False,209,0,0,0,0,0,0,0,0,0,0,0,0,0,0,0,1,
0,505,2026-02-23 12:17:55Z,LLM_Empathetic,6.907814,7.218246,6.597381,0.6523941,0,1.624592,0,0,0,0,0,0,5.469738,4.341667,6.59782,0.592854,0.702737,0.482971,7.385131,6.22961,8.540652,0.6123767,0,2.134777,7.161681,6.085196,8.238166,9.785866,10,9.424449,6.907814,7.218246,6.597381,0.6523941,0,1.624592,0,0,0,0,0,0,5.469738,4.341667,6.59782,0.592854,0.702737,0.482971,7.385131,6.22961,8.540652,0.6123767,0,2.134777,7.161681,6.085196,8.238166,9.785866,10,9.424449,-1,-1,-1,-1,-1,-1,-1,-1,-1,-1,-1,-1,-1,-1,-1,-1,-1,-1,-1,-1,-1,-1,-1,-1,-1,-1,-1,-1,-1,-1,-1,-1,-1,-1,-1,-1,-1,-1,-1,-1,-1,-1,-1,-1,-1,-1,-1,-1,-1,-1,0,0,0,0,0,0,-1,-1,-1,-1,-1,-1,-1,-1,-1,-1,-1,-1,0,0,0,0,0,0,-1,-1,-1,-1,-1,-1,-1,-1,-1,-1,-1,-1,-1,-1,False,False,0,0,False,209,0,0,0,0,0,0,0,0,0,0,0,0,0,0,0,1,
0,506,2026-02-23 12:17:55Z,LLM_Empathetic,6.907857,7.218254,6.59746,0.6523201,0,1.624551,0,0,0,0,0,0,5.469794,4.341685,6.597913,0.592854,0.702737,0.482971,7.385157,6.229597,8.540716,0.6123293,0,2.13473,7.161758,6.085238,8.238279,9.786021,10,9.424644,6.907857,7.218254,6.59746,0.6523201,0,1.624551,0,0,0,0,0,0,5.469794,4.341685,6.597913,0.592854,0.702737,0.482971,7.385157,6.229597,8.540716,0.6123293,0,2.13473,7.161758,6.085238,8.238279,9.786021,10,9.424644,-1,-1,-1,-1,-1,-1,-1,-1,-1,-1,-1,-1,-1,-1,-1,-1,-1,-1,-1,-1,-1,-1,-1,-1,-1,-1,-1,-1,-1,-1,-1,-1,-1,-1,-1,-1,-1,-1,-1,-1,-1,-1,-1,-1,-1,-1,-1,-1,-1,-1,0,0,0,0,0,0,-1,-1,-1,-1,-1,-1,-1,-1,-1,-1,-1,-1,0,0,0,0,0,0,-1,-1,-1,-1,-1,-1,-1,-1,-1,-1,-1,-1,-1,-1,False,False,0,0,False,209,0,0,0,0,0,0,0,0,0,0,0,0,0,0,0,1,
0,507,2026-02-23 12:17:55Z,LLM_Empathetic,6.9079,7.218261,6.597539,0.6522464,0,1.624511,0,0,0,0,0,0,5.46985,4.341704,6.598006,0.592854,0.702737,0.482971,7.385182,6.229584,8.54078,0.6122821,0,2.134682,7.161836,6.08528,8.238393,9.786176,10,9.424838,6.9079,7.218261,6.597539,0.6522464,0,1.624511,0,0,0,0,0,0,5.46985,4.341704,6.598006,0.592854,0.702737,0.482971,7.385182,6.229584,8.54078,0.6122821,0,2.134682,7.161836,6.08528,8.238393,9.786176,10,9.424838,-1,-1,-1,-1,-1,-1,-1,-1,-1,-1,-1,-1,-1,-1,-1,-1,-1,-1,-1,-1,-1,-1,-1,-1,-1,-1,-1,-1,-1,-1,-1,-1,-1,-1,-1,-1,-1,-1,-1,-1,-1,-1,-1,-1,-1,-1,-1,-1,-1,-1,0,0,0,0,0,0,-1,-1,-1,-1,-1,-1,-1,-1,-1,-1,-1,-1,0,0,0,0,0,0,-1,-1,-1,-1,-1,-1,-1,-1,-1,-1,-1,-1,-1,-1,False,False,0,0,False,209,0,0,0,0,0,0,0,0,0,0,0,0,0,0,0,1,
0,508,2026-02-23 12:17:55Z,LLM_Empathetic,6.907944,7.218269,6.597618,0.6521729,0,1.62447,0,0,0,0,0,0,5.469905,4.341722,6.598099,0.592854,0.702737,0.482971,7.385207,6.229571,8.540844,0.6122351,0,2.134635,7.161913,6.085322,8.238505,9.78633,10,9.425032,6.907944,7.218269,6.597618,0.6521729,0,1.62447,0,0,0,0,0,0,5.469905,4.341722,6.598099,0.592854,0.702737,0.482971,7.385207,6.229571,8.540844,0.6122351,0,2.134635,7.161913,6.085322,8.238505,9.78633,10,9.425032,-1,-1,-1,-1,-1,-1,-1,-1,-1,-1,-1,-1,-1,-1,-1,-1,-1,-1,-1,-1,-1,-1,-1,-1,-1,-1,-1,-1,-1,-1,-1,-1,-1,-1,-1,-1,-1,-1,-1,-1,-1,-1,-1,-1,-1,-1,-1,-1,-1,-1,0,0,0,0,0,0,-1,-1,-1,-1,-1,-1,-1,-1,-1,-1,-1,-1,0,0,0,0,0,0,-1,-1,-1,-1,-1,-1,-1,-1,-1,-1,-1,-1,-1,-1,False,False,0,0,False,209,0,0,0,0,0,0,0,0,0,0,0,0,0,0,0,1,
0,509,2026-02-23 12:17:55Z,LLM_Empathetic,6.907987,7.218277,6.597696,0.6520997,0,1.62443,0,0,0,0,0,0,5.469961,4.341741,6.598192,0.592854,0.702737,0.482971,7.385232,6.229558,8.540908,0.6121882,0,2.134588,7.16199,6.085363,8.238617,9.786484,10,9.425224,6.907987,7.218277,6.597696,0.6520997,0,1.62443,0,0,0,0,0,0,5.469961,4.341741,6.598192,0.592854,0.702737,0.482971,7.385232,6.229558,8.540908,0.6121882,0,2.134588,7.16199,6.085363,8.238617,9.786484,10,9.425224,-1,-1,-1,-1,-1,-1,-1,-1,-1,-1,-1,-1,-1,-1,-1,-1,-1,-1,-1,-1,-1,-1,-1,-1,-1,-1,-1,-1,-1,-1,-1,-1,-1,-1,-1,-1,-1,-1,-1,-1,-1,-1,-1,-1,-1,-1,-1,-1,-1,-1,0,0,0,0,0,0,-1,-1,-1,-1,-1,-1,-1,-1,-1,-1,-1,-1,0,0,0,0,0,0,-1,-1,-1,-1,-1,-1,-1,-1,-1,-1,-1,-1,-1,-1,False,False,0,0,False,209,0,0,0,0,0,0,0,0,0,0,0,0,0,0,0,1,
0,510,2026-02-23 12:17:55Z,LLM_Empathetic,6.90803,7.218285,6.597774,0.6520268,0,1.62439,0,0,0,0,0,0,5.470016,4.341759,6.598284,0.592854,0.702737,0.482971,7.385258,6.229545,8.540971,0.6121415,0,2.134542,7.162066,6.085405,8.238729,9.786636,10,9.425417,6.90803,7.218285,6.597774,0.6520268,0,1.62439,0,0,0,0,0,0,5.470016,4.341759,6.598284,0.592854,0.702737,0.482971,7.385258,6.229545,8.540971,0.6121415,0,2.134542,7.162066,6.085405,8.238729,9.786636,10,9.425417,-1,-1,-1,-1,-1,-1,-1,-1,-1,-1,-1,-1,-1,-1,-1,-1,-1,-1,-1,-1,-1,-1,-1,-1,-1,-1,-1,-1,-1,-1,-1,-1,-1,-1,-1,-1,-1,-1,-1,-1,-1,-1,-1,-1,-1,-1,-1,-1,-1,-1,0,0,0,0,0,0,-1,-1,-1,-1,-1,-1,-1,-1,-1,-1,-1,-1,0,0,0,0,0,0,-1,-1,-1,-1,-1,-1,-1,-1,-1,-1,-1,-1,-1,-1,False,False,0,0,False,209,0,0,0,0,0,0,0,0,0,0,0,0,0,0,0,1,
0,511,2026-02-23 12:17:55Z,LLM_Empathetic,6.908072,7.218293,6.597852,0.6519541,0,1.624349,0,0,0,0,0,0,5.470071,4.341777,6.598376,0.592854,0.702737,0.482971,7.385283,6.229532,8.541034,0.6120949,0,2.134495,7.162143,6.085446,8.23884,9.786789,10,9.425608,6.908072,7.218293,6.597852,0.6519541,0,1.624349,0,0,0,0,0,0,5.470071,4.341777,6.598376,0.592854,0.702737,0.482971,7.385283,6.229532,8.541034,0.6120949,0,2.134495,7.162143,6.085446,8.23884,9.786789,10,9.425608,-1,-1,-1,-1,-1,-1,-1,-1,-1,-1,-1,-1,-1,-1,-1,-1,-1,-1,-1,-1,-1,-1,-1,-1,-1,-1,-1,-1,-1,-1,-1,-1,-1,-1,-1,-1,-1,-1,-1,-1,-1,-1,-1,-1,-1,-1,-1,-1,-1,-1,0,0,0,0,0,0,-1,-1,-1,-1,-1,-1,-1,-1,-1,-1,-1,-1,0,0,0,0,0,0,-1,-1,-1,-1,-1,-1,-1,-1,-1,-1,-1,-1,-1,-1,False,False,0,0,False,209,0,0,0,0,0,0,0,0,0,0,0,0,0,0,0,1,
0,512,2026-02-23 12:17:55Z,LLM_Empathetic,6.908115,7.2183,6.597929,0.6518816,0,1.624309,0,0,0,0,0,0,5.470126,4.341795,6.598467,0.592854,0.702737,0.482971,7.385308,6.229519,8.541097,0.6120486,0,2.134449,7.162219,6.085487,8.238952,9.786942,10,9.425799,6.908115,7.2183,6.597929,0.6518816,0,1.624309,0,0,0,0,0,0,5.470126,4.341795,6.598467,0.592854,0.702737,0.482971,7.385308,6.229519,8.541097,0.6120486,0,2.134449,7.162219,6.085487,8.238952,9.786942,10,9.425799,-1,-1,-1,-1,-1,-1,-1,-1,-1,-1,-1,-1,-1,-1,-1,-1,-1,-1,-1,-1,-1,-1,-1,-1,-1,-1,-1,-1,-1,-1,-1,-1,-1,-1,-1,-1,-1,-1,-1,-1,-1,-1,-1,-1,-1,-1,-1,-1,-1,-1,0,0,0,0,0,0,-1,-1,-1,-1,-1,-1,-1,-1,-1,-1,-1,-1,0,0,0,0,0,0,-1,-1,-1,-1,-1,-1,-1,-1,-1,-1,-1,-1,-1,-1,False,False,0,0,False,209,0,0,0,0,0,0,0,0,0,0,0,0,0,0,0,1,
0,513,2026-02-23 12:17:55Z,LLM_Empathetic,6.908157,7.218308,6.598007,0.6518095,0,1.62427,0,0,0,0,0,0,5.470181,4.341813,6.598558,0.592854,0.702737,0.482971,7.385333,6.229506,8.54116,0.6120023,0,2.134403,7.162295,6.085528,8.239062,9.787092,10,9.425989,6.908157,7.218308,6.598007,0.6518095,0,1.62427,0,0,0,0,0,0,5.470181,4.341813,6.598558,0.592854,0.702737,0.482971,7.385333,6.229506,8.54116,0.6120023,0,2.134403,7.162295,6.085528,8.239062,9.787092,10,9.425989,-1,-1,-1,-1,-1,-1,-1,-1,-1,-1,-1,-1,-1,-1,-1,-1,-1,-1,-1,-1,-1,-1,-1,-1,-1,-1,-1,-1,-1,-1,-1,-1,-1,-1,-1,-1,-1,-1,-1,-1,-1,-1,-1,-1,-1,-1,-1,-1,-1,-1,0,0,0,0,0,0,-1,-1,-1,-1,-1,-1,-1,-1,-1,-1,-1,-1,0,0,0,0,0,0,-1,-1,-1,-1,-1,-1,-1,-1,-1,-1,-1,-1,-1,-1,False,False,0,0,False,209,0,0,0,0,0,0,0,0,0,0,0,0,0,0,0,1,
0,514,2026-02-23 12:17:55Z,LLM_Empathetic,6.9082,7.218316,6.598083,0.6517376,0,1.62423,0,0,0,0,0,0,5.470235,4.341831,6.598649,0.592854,0.702737,0.482971,7.385357,6.229494,8.541222,0.6119562,0,2.134357,7.16237,6.085569,8.239172,9.787244,10,9.426178,6.9082,7.218316,6.598083,0.6517376,0,1.62423,0,0,0,0,0,0,5.470235,4.341831,6.598649,0.592854,0.702737,0.482971,7.385357,6.229494,8.541222,0.6119562,0,2.134357,7.16237,6.085569,8.239172,9.787244,10,9.426178,-1,-1,-1,-1,-1,-1,-1,-1,-1,-1,-1,-1,-1,-1,-1,-1,-1,-1,-1,-1,-1,-1,-1,-1,-1,-1,-1,-1,-1,-1,-1,-1,-1,-1,-1,-1,-1,-1,-1,-1,-1,-1,-1,-1,-1,-1,-1,-1,-1,-1,0,0,0,0,0,0,-1,-1,-1,-1,-1,-1,-1,-1,-1,-1,-1,-1,0,0,0,0,0,0,-1,-1,-1,-1,-1,-1,-1,-1,-1,-1,-1,-1,-1,-1,False,False,0,0,False,209,0,0,0,0,0,0,0,0,0,0,0,0,0,0,0,1,
0,515,2026-02-23 12:17:55Z,LLM_Empathetic,6.908242,7.218323,6.59816,0.6516659,0,1.62419,0,0,0,0,0,0,5.470289,4.341849,6.59874,0.592854,0.702737,0.482971,7.385382,6.229481,8.541285,0.6119103,0,2.134311,7.162446,6.08561,8.239283,9.787394,10,9.426367,6.908242,7.218323,6.59816,0.6516659,0,1.62419,0,0,0,0,0,0,5.470289,4.341849,6.59874,0.592854,0.702737,0.482971,7.385382,6.229481,8.541285,0.6119103,0,2.134311,7.162446,6.08561,8.239283,9.787394,10,9.426367,-1,-1,-1,-1,-1,-1,-1,-1,-1,-1,-1,-1,-1,-1,-1,-1,-1,-1,-1,-1,-1,-1,-1,-1,-1,-1,-1,-1,-1,-1,-1,-1,-1,-1,-1,-1,-1,-1,-1,-1,-1,-1,-1,-1,-1,-1,-1,-1,-1,-1,0,0,0,0,0,0,-1,-1,-1,-1,-1,-1,-1,-1,-1,-1,-1,-1,0,0,0,0,0,0,-1,-1,-1,-1,-1,-1,-1,-1,-1,-1,-1,-1,-1,-1,False,False,0,0,False,209,0,0,0,0,0,0,0,0,0,0,0,0,0,0,0,1,
0,516,2026-02-23 12:17:55Z,LLM_Empathetic,6.908284,7.218331,6.598237,0.6515945,0,1.624151,0,0,0,0,0,0,5.470343,4.341867,6.59883,0.592854,0.702737,0.482971,7.385407,6.229468,8.541347,0.6118646,0,2.134265,7.162521,6.085651,8.239391,9.787544,10,9.426556,6.908284,7.218331,6.598237,0.6515945,0,1.624151,0,0,0,0,0,0,5.470343,4.341867,6.59883,0.592854,0.702737,0.482971,7.385407,6.229468,8.541347,0.6118646,0,2.134265,7.162521,6.085651,8.239391,9.787544,10,9.426556,-1,-1,-1,-1,-1,-1,-1,-1,-1,-1,-1,-1,-1,-1,-1,-1,-1,-1,-1,-1,-1,-1,-1,-1,-1,-1,-1,-1,-1,-1,-1,-1,-1,-1,-1,-1,-1,-1,-1,-1,-1,-1,-1,-1,-1,-1,-1,-1,-1,-1,0,0,0,0,0,0,-1,-1,-1,-1,-1,-1,-1,-1,-1,-1,-1,-1,0,0,0,0,0,0,-1,-1,-1,-1,-1,-1,-1,-1,-1,-1,-1,-1,-1,-1,False,False,0,0,False,209,0,0,0,0,0,0,0,0,0,0,0,0,0,0,0,1,
0,517,2026-02-23 12:17:55Z,LLM_Empathetic,6.908326,7.218338,6.598313,0.6515232,0,1.624112,0,0,0,0,0,0,5.470397,4.341885,6.59892,0.592854,0.702737,0.482971,7.385431,6.229455,8.541408,0.611819,0,2.134219,7.162596,6.085691,8.239501,9.787693,10,9.426743,6.908326,7.218338,6.598313,0.6515232,0,1.624112,0,0,0,0,0,0,5.470397,4.341885,6.59892,0.592854,0.702737,0.482971,7.385431,6.229455,8.541408,0.611819,0,2.134219,7.162596,6.085691,8.239501,9.787693,10,9.426743,-1,-1,-1,-1,-1,-1,-1,-1,-1,-1,-1,-1,-1,-1,-1,-1,-1,-1,-1,-1,-1,-1,-1,-1,-1,-1,-1,-1,-1,-1,-1,-1,-1,-1,-1,-1,-1,-1,-1,-1,-1,-1,-1,-1,-1,-1,-1,-1,-1,-1,0,0,0,0,0,0,-1,-1,-1,-1,-1,-1,-1,-1,-1,-1,-1,-1,0,0,0,0,0,0,-1,-1,-1,-1,-1,-1,-1,-1,-1,-1,-1,-1,-1,-1,False,False,0,0,False,207,0,0,0,0,0,0,0,0,0,0,0,0,0,0,0,1,
0,518,2026-02-23 12:17:55Z,LLM_Empathetic,6.908368,7.218346,6.598389,0.6514523,0,1.624073,0,0,0,0,0,0,5.470451,4.341903,6.59901,0.592854,0.702737,0.482971,7.385456,6.229443,8.54147,0.6117736,0,2.134174,7.16267,6.085732,8.23961,9.787842,10,9.426929,6.908368,7.218346,6.598389,0.6514523,0,1.624073,0,0,0,0,0,0,5.470451,4.341903,6.59901,0.592854,0.702737,0.482971,7.385456,6.229443,8.54147,0.6117736,0,2.134174,7.16267,6.085732,8.23961,9.787842,10,9.426929,-1,-1,-1,-1,-1,-1,-1,-1,-1,-1,-1,-1,-1,-1,-1,-1,-1,-1,-1,-1,-1,-1,-1,-1,-1,-1,-1,-1,-1,-1,-1,-1,-1,-1,-1,-1,-1,-1,-1,-1,-1,-1,-1,-1,-1,-1,-1,-1,-1,-1,0,0,0,0,0,0,-1,-1,-1,-1,-1,-1,-1,-1,-1,-1,-1,-1,0,0,0,0,0,0,-1,-1,-1,-1,-1,-1,-1,-1,-1,-1,-1,-1,-1,-1,False,False,0,0,False,207,0,0,0,0,0,0,0,0,0,0,0,0,0,0,0,1,
0,519,2026-02-23 12:17:55Z,LLM_Empathetic,6.908409,7.218353,6.598464,0.6513816,0,1.624034,0,0,0,0,0,0,5.470504,4.34192,6.599099,0.592854,0.702737,0.482971,7.38548,6.22943,8.541531,0.6117284,0,2.134129,7.162745,6.085772,8.239717,9.787991,10,9.427115,6.908409,7.218353,6.598464,0.6513816,0,1.624034,0,0,0,0,0,0,5.470504,4.34192,6.599099,0.592854,0.702737,0.482971,7.38548,6.22943,8.541531,0.6117284,0,2.134129,7.162745,6.085772,8.239717,9.787991,10,9.427115,-1,-1,-1,-1,-1,-1,-1,-1,-1,-1,-1,-1,-1,-1,-1,-1,-1,-1,-1,-1,-1,-1,-1,-1,-1,-1,-1,-1,-1,-1,-1,-1,-1,-1,-1,-1,-1,-1,-1,-1,-1,-1,-1,-1,-1,-1,-1,-1,-1,-1,0,0,0,0,0,0,-1,-1,-1,-1,-1,-1,-1,-1,-1,-1,-1,-1,0,0,0,0,0,0,-1,-1,-1,-1,-1,-1,-1,-1,-1,-1,-1,-1,-1,-1,False,False,0,0,False,207,0,0,0,0,0,0,0,0,0,0,0,0,0,0,0,1,
0,520,2026-02-23 12:17:55Z,LLM_Empathetic,6.908451,7.218361,6.59854,0.6513112,0,1.623995,0,0,0,0,0,0,5.470558,4.341938,6.599188,0.592854,0.702737,0.482971,7.385505,6.229418,8.541592,0.6116832,0,2.134084,7.162818,6.085812,8.239826,9.788138,10,9.427301,6.908451,7.218361,6.59854,0.6513112,0,1.623995,0,0,0,0,0,0,5.470558,4.341938,6.599188,0.592854,0.702737,0.482971,7.385505,6.229418,8.541592,0.6116832,0,2.134084,7.162818,6.085812,8.239826,9.788138,10,9.427301,-1,-1,-1,-1,-1,-1,-1,-1,-1,-1,-1,-1,-1,-1,-1,-1,-1,-1,-1,-1,-1,-1,-1,-1,-1,-1,-1,-1,-1,-1,-1,-1,-1,-1,-1,-1,-1,-1,-1,-1,-1,-1,-1,-1,-1,-1,-1,-1,-1,-1,0,0,0,0,0,0,-1,-1,-1,-1,-1,-1,-1,-1,-1,-1,-1,-1,0,0,0,0,0,0,-1,-1,-1,-1,-1,-1,-1,-1,-1,-1,-1,-1,-1,-1,False,False,0,0,False,207,0,0,0,0,0,0,0,0,0,0,0,0,0,0,0,1,
0,521,2026-02-23 12:17:56Z,LLM_Empathetic,6.908492,7.218369,6.598615,0.651241,0,1.623956,0,0,0,0,0,0,5.470611,4.341955,6.599277,0.592854,0.702737,0.482971,7.385529,6.229405,8.541653,0.6116383,0,2.134039,7.162892,6.085852,8.239933,9.788285,10,9.427486,6.908492,7.218369,6.598615,0.651241,0,1.623956,0,0,0,0,0,0,5.470611,4.341955,6.599277,0.592854,0.702737,0.482971,7.385529,6.229405,8.541653,0.6116383,0,2.134039,7.162892,6.085852,8.239933,9.788285,10,9.427486,-1,-1,-1,-1,-1,-1,-1,-1,-1,-1,-1,-1,-1,-1,-1,-1,-1,-1,-1,-1,-1,-1,-1,-1,-1,-1,-1,-1,-1,-1,-1,-1,-1,-1,-1,-1,-1,-1,-1,-1,-1,-1,-1,-1,-1,-1,-1,-1,-1,-1,0,0,0,0,0,0,-1,-1,-1,-1,-1,-1,-1,-1,-1,-1,-1,-1,0,0,0,0,0,0,-1,-1,-1,-1,-1,-1,-1,-1,-1,-1,-1,-1,-1,-1,False,False,0,0,False,209,0,0,0,0,0,0,0,0,0,0,0,0,0,0,0,1,
0,522,2026-02-23 12:17:56Z,LLM_Empathetic,6.908533,7.218376,6.59869,0.651171,0,1.623918,0,0,0,0,0,0,5.470664,4.341973,6.599365,0.592854,0.702737,0.482971,7.385553,6.229393,8.541714,0.6115935,0,2.133994,7.162966,6.085892,8.240041,9.788432,10,9.42767,6.908533,7.218376,6.59869,0.651171,0,1.623918,0,0,0,0,0,0,5.470664,4.341973,6.599365,0.592854,0.702737,0.482971,7.385553,6.229393,8.541714,0.6115935,0,2.133994,7.162966,6.085892,8.240041,9.788432,10,9.42767,-1,-1,-1,-1,-1,-1,-1,-1,-1,-1,-1,-1,-1,-1,-1,-1,-1,-1,-1,-1,-1,-1,-1,-1,-1,-1,-1,-1,-1,-1,-1,-1,-1,-1,-1,-1,-1,-1,-1,-1,-1,-1,-1,-1,-1,-1,-1,-1,-1,-1,0,0,0,0,0,0,-1,-1,-1,-1,-1,-1,-1,-1,-1,-1,-1,-1,0,0,0,0,0,0,-1,-1,-1,-1,-1,-1,-1,-1,-1,-1,-1,-1,-1,-1,False,False,0,0,False,209,0,0,0,0,0,0,0,0,0,0,0,0,0,0,0,1,
0,523,2026-02-23 12:17:56Z,LLM_Empathetic,6.908574,7.218383,6.598764,0.6511013,0,1.623879,0,0,0,0,0,0,5.470716,4.34199,6.599453,0.592854,0.702737,0.482971,7.385577,6.229381,8.541774,0.6115488,0,2.133949,7.163039,6.085931,8.240148,9.788579,10,9.427855,6.908574,7.218383,6.598764,0.6511013,0,1.623879,0,0,0,0,0,0,5.470716,4.34199,6.599453,0.592854,0.702737,0.482971,7.385577,6.229381,8.541774,0.6115488,0,2.133949,7.163039,6.085931,8.240148,9.788579,10,9.427855,-1,-1,-1,-1,-1,-1,-1,-1,-1,-1,-1,-1,-1,-1,-1,-1,-1,-1,-1,-1,-1,-1,-1,-1,-1,-1,-1,-1,-1,-1,-1,-1,-1,-1,-1,-1,-1,-1,-1,-1,-1,-1,-1,-1,-1,-1,-1,-1,-1,-1,0,0,0,0,0,0,-1,-1,-1,-1,-1,-1,-1,-1,-1,-1,-1,-1,0,0,0,0,0,0,-1,-1,-1,-1,-1,-1,-1,-1,-1,-1,-1,-1,-1,-1,False,False,0,0,False,209,0,0,0,0,0,0,0,0,0,0,0,0,0,0,0,1,
0,524,2026-02-23 12:17:56Z,LLM_Empathetic,6.908615,7.21839,6.598839,0.6510318,0,1.623841,0,0,0,0,0,0,5.470769,4.342008,6.599541,0.592854,0.702737,0.482971,7.385601,6.229368,8.541834,0.6115043,0,2.133905,7.163112,6.085971,8.240253,9.788725,10,9.428038,6.908615,7.21839,6.598839,0.6510318,0,1.623841,0,0,0,0,0,0,5.470769,4.342008,6.599541,0.592854,0.702737,0.482971,7.385601,6.229368,8.541834,0.6115043,0,2.133905,7.163112,6.085971,8.240253,9.788725,10,9.428038,-1,-1,-1,-1,-1,-1,-1,-1,-1,-1,-1,-1,-1,-1,-1,-1,-1,-1,-1,-1,-1,-1,-1,-1,-1,-1,-1,-1,-1,-1,-1,-1,-1,-1,-1,-1,-1,-1,-1,-1,-1,-1,-1,-1,-1,-1,-1,-1,-1,-1,0,0,0,0,0,0,-1,-1,-1,-1,-1,-1,-1,-1,-1,-1,-1,-1,0,0,0,0,0,0,-1,-1,-1,-1,-1,-1,-1,-1,-1,-1,-1,-1,-1,-1,False,False,0,0,False,207,0,0,0,0,0,0,0,0,0,0,0,0,0,0,0,1,
0,525,2026-02-23 12:17:56Z,LLM_Empathetic,6.908656,7.218398,6.598913,0.6509625,0,1.623803,0,0,0,0,0,0,5.470821,4.342025,6.599628,0.592854,0.702737,0.482971,7.385625,6.229356,8.541894,0.61146,0,2.13386,7.163185,6.08601,8.24036,9.78887,10,9.42822,6.908656,7.218398,6.598913,0.6509625,0,1.623803,0,0,0,0,0,0,5.470821,4.342025,6.599628,0.592854,0.702737,0.482971,7.385625,6.229356,8.541894,0.61146,0,2.13386,7.163185,6.08601,8.24036,9.78887,10,9.42822,-1,-1,-1,-1,-1,-1,-1,-1,-1,-1,-1,-1,-1,-1,-1,-1,-1,-1,-1,-1,-1,-1,-1,-1,-1,-1,-1,-1,-1,-1,-1,-1,-1,-1,-1,-1,-1,-1,-1,-1,-1,-1,-1,-1,-1,-1,-1,-1,-1,-1,0,0,0,0,0,0,-1,-1,-1,-1,-1,-1,-1,-1,-1,-1,-1,-1,0,0,0,0,0,0,-1,-1,-1,-1,-1,-1,-1,-1,-1,-1,-1,-1,-1,-1,False,False,0,0,False,207,0,0,0,0,0,0,0,0,0,0,0,0,0,0,0,1,
0,526,2026-02-23 12:17:56Z,LLM_Empathetic,6.908696,7.218405,6.598987,0.6508935,0,1.623765,0,0,0,0,0,0,5.470874,4.342042,6.599715,0.592854,0.702737,0.482971,7.385649,6.229344,8.541954,0.6114158,0,2.133816,7.163257,6.08605,8.240466,9.789015,10,9.428402,6.908696,7.218405,6.598987,0.6508935,0,1.623765,0,0,0,0,0,0,5.470874,4.342042,6.599715,0.592854,0.702737,0.482971,7.385649,6.229344,8.541954,0.6114158,0,2.133816,7.163257,6.08605,8.240466,9.789015,10,9.428402,-1,-1,-1,-1,-1,-1,-1,-1,-1,-1,-1,-1,-1,-1,-1,-1,-1,-1,-1,-1,-1,-1,-1,-1,-1,-1,-1,-1,-1,-1,-1,-1,-1,-1,-1,-1,-1,-1,-1,-1,-1,-1,-1,-1,-1,-1,-1,-1,-1,-1,0,0,0,0,0,0,-1,-1,-1,-1,-1,-1,-1,-1,-1,-1,-1,-1,0,0,0,0,0,0,-1,-1,-1,-1,-1,-1,-1,-1,-1,-1,-1,-1,-1,-1,False,False,0,0,False,207,0,0,0,0,0,0,0,0,0,0,0,0,0,0,0,1,
0,527,2026-02-23 12:17:56Z,LLM_Empathetic,6.908737,7.218413,6.599061,0.6508247,0,1.623727,0,0,0,0,0,0,5.470926,4.34206,6.599802,0.592854,0.702737,0.482971,7.385673,6.229331,8.542014,0.6113717,0,2.133772,7.16333,6.086089,8.240571,9.789159,10,9.428582,6.908737,7.218413,6.599061,0.6508247,0,1.623727,0,0,0,0,0,0,5.470926,4.34206,6.599802,0.592854,0.702737,0.482971,7.385673,6.229331,8.542014,0.6113717,0,2.133772,7.16333,6.086089,8.240571,9.789159,10,9.428582,-1,-1,-1,-1,-1,-1,-1,-1,-1,-1,-1,-1,-1,-1,-1,-1,-1,-1,-1,-1,-1,-1,-1,-1,-1,-1,-1,-1,-1,-1,-1,-1,-1,-1,-1,-1,-1,-1,-1,-1,-1,-1,-1,-1,-1,-1,-1,-1,-1,-1,0,0,0,0,0,0,-1,-1,-1,-1,-1,-1,-1,-1,-1,-1,-1,-1,0,0,0,0,0,0,-1,-1,-1,-1,-1,-1,-1,-1,-1,-1,-1,-1,-1,-1,False,False,0,0,False,209,0,0,0,0,0,0,0,0,0,0,0,0,0,0,0,1,
0,528,2026-02-23 12:17:56Z,LLM_Empathetic,6.908777,7.21842,6.599134,0.6507562,0,1.623689,0,0,0,0,0,0,5.470978,4.342077,6.599889,0.592854,0.702737,0.482971,7.385696,6.22932,8.542073,0.6113278,0,2.133728,7.163402,6.086128,8.240676,9.789303,10,9.428763,6.908777,7.21842,6.599134,0.6507562,0,1.623689,0,0,0,0,0,0,5.470978,4.342077,6.599889,0.592854,0.702737,0.482971,7.385696,6.22932,8.542073,0.6113278,0,2.133728,7.163402,6.086128,8.240676,9.789303,10,9.428763,-1,-1,-1,-1,-1,-1,-1,-1,-1,-1,-1,-1,-1,-1,-1,-1,-1,-1,-1,-1,-1,-1,-1,-1,-1,-1,-1,-1,-1,-1,-1,-1,-1,-1,-1,-1,-1,-1,-1,-1,-1,-1,-1,-1,-1,-1,-1,-1,-1,-1,0,0,0,0,0,0,-1,-1,-1,-1,-1,-1,-1,-1,-1,-1,-1,-1,0,0,0,0,0,0,-1,-1,-1,-1,-1,-1,-1,-1,-1,-1,-1,-1,-1,-1,False,False,0,0,False,209,0,0,0,0,0,0,0,0,0,0,0,0,0,0,0,1,
0,529,2026-02-23 12:17:56Z,LLM_Empathetic,6.908817,7.218427,6.599207,0.6506879,0,1.623651,0,0,0,0,0,0,5.471029,4.342094,6.599975,0.592854,0.702737,0.482971,7.38572,6.229307,8.542132,0.6112841,0,2.133684,7.163473,6.086166,8.240781,9.789447,10,9.428944,6.908817,7.218427,6.599207,0.6506879,0,1.623651,0,0,0,0,0,0,5.471029,4.342094,6.599975,0.592854,0.702737,0.482971,7.38572,6.229307,8.542132,0.6112841,0,2.133684,7.163473,6.086166,8.240781,9.789447,10,9.428944,-1,-1,-1,-1,-1,-1,-1,-1,-1,-1,-1,-1,-1,-1,-1,-1,-1,-1,-1,-1,-1,-1,-1,-1,-1,-1,-1,-1,-1,-1,-1,-1,-1,-1,-1,-1,-1,-1,-1,-1,-1,-1,-1,-1,-1,-1,-1,-1,-1,-1,0,0,0,0,0,0,-1,-1,-1,-1,-1,-1,-1,-1,-1,-1,-1,-1,0,0,0,0,0,0,-1,-1,-1,-1,-1,-1,-1,-1,-1,-1,-1,-1,-1,-1,False,False,0,0,False,209,0,0,0,0,0,0,0,0,0,0,0,0,0,0,0,1,
0,530,2026-02-23 12:17:56Z,LLM_Empathetic,6.908857,7.218435,6.59928,0.6506197,0,1.623613,0,0,0,0,0,0,5.471081,4.342111,6.600061,0.592854,0.702737,0.482971,7.385743,6.229295,8.542192,0.6112404,0,2.133641,7.163545,6.086205,8.240886,9.789589,10,9.429123,6.908857,7.218435,6.59928,0.6506197,0,1.623613,0,0,0,0,0,0,5.471081,4.342111,6.600061,0.592854,0.702737,0.482971,7.385743,6.229295,8.542192,0.6112404,0,2.133641,7.163545,6.086205,8.240886,9.789589,10,9.429123,-1,-1,-1,-1,-1,-1,-1,-1,-1,-1,-1,-1,-1,-1,-1,-1,-1,-1,-1,-1,-1,-1,-1,-1,-1,-1,-1,-1,-1,-1,-1,-1,-1,-1,-1,-1,-1,-1,-1,-1,-1,-1,-1,-1,-1,-1,-1,-1,-1,-1,0,0,0,0,0,0,-1,-1,-1,-1,-1,-1,-1,-1,-1,-1,-1,-1,0,0,0,0,0,0,-1,-1,-1,-1,-1,-1,-1,-1,-1,-1,-1,-1,-1,-1,False,False,0,0,False,209,0,0,0,0,0,0,0,0,0,0,0,0,0,0,0,1,
0,531,2026-02-23 12:17:56Z,LLM_Empathetic,6.908897,7.218442,6.599353,0.6505519,0,1.623576,0,0,0,0,0,0,5.471132,4.342128,6.600147,0.592854,0.702737,0.482971,7.385767,6.229283,8.542251,0.611197,0,2.133597,7.163616,6.086244,8.24099,9.789732,10,9.429301,6.908897,7.218442,6.599353,0.6505519,0,1.623576,0,0,0,0,0,0,5.471132,4.342128,6.600147,0.592854,0.702737,0.482971,7.385767,6.229283,8.542251,0.611197,0,2.133597,7.163616,6.086244,8.24099,9.789732,10,9.429301,-1,-1,-1,-1,-1,-1,-1,-1,-1,-1,-1,-1,-1,-1,-1,-1,-1,-1,-1,-1,-1,-1,-1,-1,-1,-1,-1,-1,-1,-1,-1,-1,-1,-1,-1,-1,-1,-1,-1,-1,-1,-1,-1,-1,-1,-1,-1,-1,-1,-1,0,0,0,0,0,0,-1,-1,-1,-1,-1,-1,-1,-1,-1,-1,-1,-1,0,0,0,0,0,0,-1,-1,-1,-1,-1,-1,-1,-1,-1,-1,-1,-1,-1,-1,False,False,0,0,False,209,0,0,0,0,0,0,0,0,0,0,0,0,0,0,0,1,
0,532,2026-02-23 12:17:56Z,LLM_Empathetic,6.908937,7.218449,6.599425,0.6504843,0,1.623539,0,0,0,0,0,0,5.471183,4.342145,6.600232,0.592854,0.702737,0.482971,7.38579,6.229271,8.54231,0.6111537,0,2.133554,7.163687,6.086282,8.241093,9.789874,10,9.42948,6.908937,7.218449,6.599425,0.6504843,0,1.623539,0,0,0,0,0,0,5.471183,4.342145,6.600232,0.592854,0.702737,0.482971,7.38579,6.229271,8.54231,0.6111537,0,2.133554,7.163687,6.086282,8.241093,9.789874,10,9.42948,-1,-1,-1,-1,-1,-1,-1,-1,-1,-1,-1,-1,-1,-1,-1,-1,-1,-1,-1,-1,-1,-1,-1,-1,-1,-1,-1,-1,-1,-1,-1,-1,-1,-1,-1,-1,-1,-1,-1,-1,-1,-1,-1,-1,-1,-1,-1,-1,-1,-1,0,0,0,0,0,0,-1,-1,-1,-1,-1,-1,-1,-1,-1,-1,-1,-1,0,0,0,0,0,0,-1,-1,-1,-1,-1,-1,-1,-1,-1,-1,-1,-1,-1,-1,False,False,0,0,False,209,0,0,0,0,0,0,0,0,0,0,0,0,0,0,0,1,
0,533,2026-02-23 12:17:56Z,LLM_Empathetic,6.908977,7.218456,6.599497,0.6504169,0,1.623502,0,0,0,0,0,0,5.471234,4.342162,6.600317,0.592854,0.702737,0.482971,7.385813,6.229259,8.542368,0.6111105,0,2.133511,7.163758,6.08632,8.241197,9.790015,10,9.429657,6.908977,7.218456,6.599497,0.6504169,0,1.623502,0,0,0,0,0,0,5.471234,4.342162,6.600317,0.592854,0.702737,0.482971,7.385813,6.229259,8.542368,0.6111105,0,2.133511,7.163758,6.08632,8.241197,9.790015,10,9.429657,-1,-1,-1,-1,-1,-1,-1,-1,-1,-1,-1,-1,-1,-1,-1,-1,-1,-1,-1,-1,-1,-1,-1,-1,-1,-1,-1,-1,-1,-1,-1,-1,-1,-1,-1,-1,-1,-1,-1,-1,-1,-1,-1,-1,-1,-1,-1,-1,-1,-1,0,0,0,0,0,0,-1,-1,-1,-1,-1,-1,-1,-1,-1,-1,-1,-1,0,0,0,0,0,0,-1,-1,-1,-1,-1,-1,-1,-1,-1,-1,-1,-1,-1,-1,False,False,0,0,False,207,0,0,0,0,0,0,0,0,0,0,0,0,0,0,0,1,
0,534,2026-02-23 12:17:56Z,LLM_Empathetic,6.909016,7.218463,6.599569,0.6503497,0,1.623465,0,0,0,0,0,0,5.471285,4.342178,6.600402,0.592854,0.702737,0.482971,7.385837,6.229247,8.542426,0.6110675,0,2.133468,7.163828,6.086359,8.2413,9.790156,10,9.429834,6.909016,7.218463,6.599569,0.6503497,0,1.623465,0,0,0,0,0,0,5.471285,4.342178,6.600402,0.592854,0.702737,0.482971,7.385837,6.229247,8.542426,0.6110675,0,2.133468,7.163828,6.086359,8.2413,9.790156,10,9.429834,-1,-1,-1,-1,-1,-1,-1,-1,-1,-1,-1,-1,-1,-1,-1,-1,-1,-1,-1,-1,-1,-1,-1,-1,-1,-1,-1,-1,-1,-1,-1,-1,-1,-1,-1,-1,-1,-1,-1,-1,-1,-1,-1,-1,-1,-1,-1,-1,-1,-1,0,0,0,0,0,0,-1,-1,-1,-1,-1,-1,-1,-1,-1,-1,-1,-1,0,0,0,0,0,0,-1,-1,-1,-1,-1,-1,-1,-1,-1,-1,-1,-1,-1,-1,False,False,0,0,False,207,0,0,0,0,0,0,0,0,0,0,0,0,0,0,0,1,
0,535,2026-02-23 12:17:56Z,LLM_Empathetic,6.909056,7.218471,6.599641,0.6502827,0,1.623428,0,0,0,0,0,0,5.471336,4.342195,6.600487,0.592854,0.702737,0.482971,7.385859,6.229235,8.542484,0.6110246,0,2.133425,7.163899,6.086397,8.241402,9.790297,10,9.430011,6.909056,7.218471,6.599641,0.6502827,0,1.623428,0,0,0,0,0,0,5.471336,4.342195,6.600487,0.592854,0.702737,0.482971,7.385859,6.229235,8.542484,0.6110246,0,2.133425,7.163899,6.086397,8.241402,9.790297,10,9.430011,-1,-1,-1,-1,-1,-1,-1,-1,-1,-1,-1,-1,-1,-1,-1,-1,-1,-1,-1,-1,-1,-1,-1,-1,-1,-1,-1,-1,-1,-1,-1,-1,-1,-1,-1,-1,-1,-1,-1,-1,-1,-1,-1,-1,-1,-1,-1,-1,-1,-1,0,0,0,0,0,0,-1,-1,-1,-1,-1,-1,-1,-1,-1,-1,-1,-1,0,0,0,0,0,0,-1,-1,-1,-1,-1,-1,-1,-1,-1,-1,-1,-1,-1,-1,False,False,0,0,False,209,0,0,0,0,0,0,0,0,0,0,0,0,0,0,0,1,
0,536,2026-02-23 12:17:56Z,LLM_Empathetic,6.909095,7.218478,6.599712,0.6502159,0,1.623391,0,0,0,0,0,0,5.471386,4.342212,6.600571,0.592854,0.702737,0.482971,7.385883,6.229223,8.542542,0.6109819,0,2.133382,7.163969,6.086435,8.241504,9.790437,10,9.430186,6.909095,7.218478,6.599712,0.6502159,0,1.623391,0,0,0,0,0,0,5.471386,4.342212,6.600571,0.592854,0.702737,0.482971,7.385883,6.229223,8.542542,0.6109819,0,2.133382,7.163969,6.086435,8.241504,9.790437,10,9.430186,-1,-1,-1,-1,-1,-1,-1,-1,-1,-1,-1,-1,-1,-1,-1,-1,-1,-1,-1,-1,-1,-1,-1,-1,-1,-1,-1,-1,-1,-1,-1,-1,-1,-1,-1,-1,-1,-1,-1,-1,-1,-1,-1,-1,-1,-1,-1,-1,-1,-1,0,0,0,0,0,0,-1,-1,-1,-1,-1,-1,-1,-1,-1,-1,-1,-1,0,0,0,0,0,0,-1,-1,-1,-1,-1,-1,-1,-1,-1,-1,-1,-1,-1,-1,False,False,0,0,False,209,0,0,0,0,0,0,0,0,0,0,0,0,0,0,0,1,
0,537,2026-02-23 12:17:56Z,LLM_Empathetic,6.909134,7.218485,6.599783,0.6501494,0,1.623354,0,0,0,0,0,0,5.471437,4.342228,6.600655,0.592854,0.702737,0.482971,7.385906,6.229212,8.5426,0.6109393,0,2.13334,7.164039,6.086473,8.241606,9.790577,10,9.430362,6.909134,7.218485,6.599783,0.6501494,0,1.623354,0,0,0,0,0,0,5.471437,4.342228,6.600655,0.592854,0.702737,0.482971,7.385906,6.229212,8.5426,0.6109393,0,2.13334,7.164039,6.086473,8.241606,9.790577,10,9.430362,-1,-1,-1,-1,-1,-1,-1,-1,-1,-1,-1,-1,-1,-1,-1,-1,-1,-1,-1,-1,-1,-1,-1,-1,-1,-1,-1,-1,-1,-1,-1,-1,-1,-1,-1,-1,-1,-1,-1,-1,-1,-1,-1,-1,-1,-1,-1,-1,-1,-1,0,0,0,0,0,0,-1,-1,-1,-1,-1,-1,-1,-1,-1,-1,-1,-1,0,0,0,0,0,0,-1,-1,-1,-1,-1,-1,-1,-1,-1,-1,-1,-1,-1,-1,False,False,0,0,False,209,0,0,0,0,0,0,0,0,0,0,0,0,0,0,0,1,
0,538,2026-02-23 12:17:56Z,LLM_Empathetic,6.909173,7.218492,6.599854,0.6500831,0,1.623318,0,0,0,0,0,0,5.471487,4.342245,6.600739,0.592854,0.702737,0.482971,7.385929,6.2292,8.542658,0.6108968,0,2.133297,7.164109,6.08651,8.241708,9.790715,10,9.430536,6.909173,7.218492,6.599854,0.6500831,0,1.623318,0,0,0,0,0,0,5.471487,4.342245,6.600739,0.592854,0.702737,0.482971,7.385929,6.2292,8.542658,0.6108968,0,2.133297,7.164109,6.08651,8.241708,9.790715,10,9.430536,-1,-1,-1,-1,-1,-1,-1,-1,-1,-1,-1,-1,-1,-1,-1,-1,-1,-1,-1,-1,-1,-1,-1,-1,-1,-1,-1,-1,-1,-1,-1,-1,-1,-1,-1,-1,-1,-1,-1,-1,-1,-1,-1,-1,-1,-1,-1,-1,-1,-1,0,0,0,0,0,0,-1,-1,-1,-1,-1,-1,-1,-1,-1,-1,-1,-1,0,0,0,0,0,0,-1,-1,-1,-1,-1,-1,-1,-1,-1,-1,-1,-1,-1,-1,False,False,0,0,False,209,0,0,0,0,0,0,0,0,0,0,0,0,0,0,0,1,
0,539,2026-02-23 12:17:56Z,LLM_Empathetic,6.909212,7.218499,6.599925,0.650017,0,1.623281,0,0,0,0,0,0,5.471537,4.342262,6.600822,0.592854,0.702737,0.482971,7.385952,6.229188,8.542715,0.6108545,0,2.133255,7.164178,6.086548,8.241809,9.790854,10,9.43071,6.909212,7.218499,6.599925,0.650017,0,1.623281,0,0,0,0,0,0,5.471537,4.342262,6.600822,0.592854,0.702737,0.482971,7.385952,6.229188,8.542715,0.6108545,0,2.133255,7.164178,6.086548,8.241809,9.790854,10,9.43071,-1,-1,-1,-1,-1,-1,-1,-1,-1,-1,-1,-1,-1,-1,-1,-1,-1,-1,-1,-1,-1,-1,-1,-1,-1,-1,-1,-1,-1,-1,-1,-1,-1,-1,-1,-1,-1,-1,-1,-1,-1,-1,-1,-1,-1,-1,-1,-1,-1,-1,0,0,0,0,0,0,-1,-1,-1,-1,-1,-1,-1,-1,-1,-1,-1,-1,0,0,0,0,0,0,-1,-1,-1,-1,-1,-1,-1,-1,-1,-1,-1,-1,-1,-1,False,False,0,0,False,209,0,0,0,0,0,0,0,0,0,0,0,0,0,0,0,1,
0,540,2026-02-23 12:17:56Z,LLM_Empathetic,6.909251,7.218506,6.599996,0.6499512,0,1.623245,0,0,0,0,0,0,5.471587,4.342278,6.600906,0.592854,0.702737,0.482971,7.385974,6.229177,8.542772,0.6108123,0,2.133213,7.164247,6.086586,8.24191,9.790993,10,9.430883,6.909251,7.218506,6.599996,0.6499512,0,1.623245,0,0,0,0,0,0,5.471587,4.342278,6.600906,0.592854,0.702737,0.482971,7.385974,6.229177,8.542772,0.6108123,0,2.133213,7.164247,6.086586,8.24191,9.790993,10,9.430883,-1,-1,-1,-1,-1,-1,-1,-1,-1,-1,-1,-1,-1,-1,-1,-1,-1,-1,-1,-1,-1,-1,-1,-1,-1,-1,-1,-1,-1,-1,-1,-1,-1,-1,-1,-1,-1,-1,-1,-1,-1,-1,-1,-1,-1,-1,-1,-1,-1,-1,0,0,0,0,0,0,-1,-1,-1,-1,-1,-1,-1,-1,-1,-1,-1,-1,0,0,0,0,0,0,-1,-1,-1,-1,-1,-1,-1,-1,-1,-1,-1,-1,-1,-1,False,False,0,0,False,209,0,0,0,0,0,0,0,0,0,0,0,0,0,0,0,1,
0,541,2026-02-23 12:17:56Z,LLM_Empathetic,6.909289,7.218513,6.600066,0.6498855,0,1.623209,0,0,0,0,0,0,5.471636,4.342295,6.600989,0.592854,0.702737,0.482971,7.385997,6.229165,8.542829,0.6107703,0,2.133171,7.164316,6.086623,8.24201,9.79113,10,9.431056,6.909289,7.218513,6.600066,0.6498855,0,1.623209,0,0,0,0,0,0,5.471636,4.342295,6.600989,0.592854,0.702737,0.482971,7.385997,6.229165,8.542829,0.6107703,0,2.133171,7.164316,6.086623,8.24201,9.79113,10,9.431056,-1,-1,-1,-1,-1,-1,-1,-1,-1,-1,-1,-1,-1,-1,-1,-1,-1,-1,-1,-1,-1,-1,-1,-1,-1,-1,-1,-1,-1,-1,-1,-1,-1,-1,-1,-1,-1,-1,-1,-1,-1,-1,-1,-1,-1,-1,-1,-1,-1,-1,0,0,0,0,0,0,-1,-1,-1,-1,-1,-1,-1,-1,-1,-1,-1,-1,0,0,0,0,0,0,-1,-1,-1,-1,-1,-1,-1,-1,-1,-1,-1,-1,-1,-1,False,False,0,0,False,209,0,0,0,0,0,0,0,0,0,0,0,0,0,0,0,1,
0,542,2026-02-23 12:17:56Z,LLM_Empathetic,6.909328,7.21852,6.600136,0.6498201,0,1.623173,0,0,0,0,0,0,5.471686,4.342311,6.601071,0.592854,0.702737,0.482971,7.386019,6.229153,8.542886,0.6107284,0,2.133129,7.164385,6.08666,8.242111,9.791267,10,9.431229,6.909328,7.21852,6.600136,0.6498201,0,1.623173,0,0,0,0,0,0,5.471686,4.342311,6.601071,0.592854,0.702737,0.482971,7.386019,6.229153,8.542886,0.6107284,0,2.133129,7.164385,6.08666,8.242111,9.791267,10,9.431229,-1,-1,-1,-1,-1,-1,-1,-1,-1,-1,-1,-1,-1,-1,-1,-1,-1,-1,-1,-1,-1,-1,-1,-1,-1,-1,-1,-1,-1,-1,-1,-1,-1,-1,-1,-1,-1,-1,-1,-1,-1,-1,-1,-1,-1,-1,-1,-1,-1,-1,0,0,0,0,0,0,-1,-1,-1,-1,-1,-1,-1,-1,-1,-1,-1,-1,0,0,0,0,0,0,-1,-1,-1,-1,-1,-1,-1,-1,-1,-1,-1,-1,-1,-1,False,False,0,0,False,209,0,0,0,0,0,0,0,0,0,0,0,0,0,0,0,1,
0,543,2026-02-23 12:17:56Z,LLM_Empathetic,6.909366,7.218527,6.600206,0.6497548,0,1.623137,0,0,0,0,0,0,5.471735,4.342328,6.601154,0.592854,0.702737,0.482971,7.386042,6.229142,8.542942,0.6106866,0,2.133087,7.164454,6.086697,8.24221,9.791405,10,9.4314,6.909366,7.218527,6.600206,0.6497548,0,1.623137,0,0,0,0,0,0,5.471735,4.342328,6.601154,0.592854,0.702737,0.482971,7.386042,6.229142,8.542942,0.6106866,0,2.133087,7.164454,6.086697,8.24221,9.791405,10,9.4314,-1,-1,-1,-1,-1,-1,-1,-1,-1,-1,-1,-1,-1,-1,-1,-1,-1,-1,-1,-1,-1,-1,-1,-1,-1,-1,-1,-1,-1,-1,-1,-1,-1,-1,-1,-1,-1,-1,-1,-1,-1,-1,-1,-1,-1,-1,-1,-1,-1,-1,0,0,0,0,0,0,-1,-1,-1,-1,-1,-1,-1,-1,-1,-1,-1,-1,0,0,0,0,0,0,-1,-1,-1,-1,-1,-1,-1,-1,-1,-1,-1,-1,-1,-1,False,False,0,0,False,209,0,0,0,0,0,0,0,0,0,0,0,0,0,0,0,1,
0,544,2026-02-23 12:17:56Z,LLM_Empathetic,6.909405,7.218534,6.600276,0.6496899,0,1.623101,0,0,0,0,0,0,5.471785,4.342344,6.601236,0.592854,0.702737,0.482971,7.386064,6.22913,8.542999,0.6106449,0,2.133045,7.164522,6.086734,8.242311,9.791541,10,9.431572,6.909405,7.218534,6.600276,0.6496899,0,1.623101,0,0,0,0,0,0,5.471785,4.342344,6.601236,0.592854,0.702737,0.482971,7.386064,6.22913,8.542999,0.6106449,0,2.133045,7.164522,6.086734,8.242311,9.791541,10,9.431572,-1,-1,-1,-1,-1,-1,-1,-1,-1,-1,-1,-1,-1,-1,-1,-1,-1,-1,-1,-1,-1,-1,-1,-1,-1,-1,-1,-1,-1,-1,-1,-1,-1,-1,-1,-1,-1,-1,-1,-1,-1,-1,-1,-1,-1,-1,-1,-1,-1,-1,0,0,0,0,0,0,-1,-1,-1,-1,-1,-1,-1,-1,-1,-1,-1,-1,0,0,0,0,0,0,-1,-1,-1,-1,-1,-1,-1,-1,-1,-1,-1,-1,-1,-1,False,False,0,0,False,209,0,0,0,0,0,0,0,0,0,0,0,0,0,0,0,1,
0,545,2026-02-23 12:17:56Z,LLM_Empathetic,6.909442,7.218541,6.600345,0.6496251,0,1.623065,0,0,0,0,0,0,5.471834,4.34236,6.601318,0.592854,0.702737,0.482971,7.386086,6.229118,8.543055,0.6106035,0,2.133004,7.16459,6.086771,8.24241,9.791677,10,9.431743,6.909442,7.218541,6.600345,0.6496251,0,1.623065,0,0,0,0,0,0,5.471834,4.34236,6.601318,0.592854,0.702737,0.482971,7.386086,6.229118,8.543055,0.6106035,0,2.133004,7.16459,6.086771,8.24241,9.791677,10,9.431743,-1,-1,-1,-1,-1,-1,-1,-1,-1,-1,-1,-1,-1,-1,-1,-1,-1,-1,-1,-1,-1,-1,-1,-1,-1,-1,-1,-1,-1,-1,-1,-1,-1,-1,-1,-1,-1,-1,-1,-1,-1,-1,-1,-1,-1,-1,-1,-1,-1,-1,0,0,0,0,0,0,-1,-1,-1,-1,-1,-1,-1,-1,-1,-1,-1,-1,0,0,0,0,0,0,-1,-1,-1,-1,-1,-1,-1,-1,-1,-1,-1,-1,-1,-1,False,False,0,0,False,209,0,0,0,0,0,0,0,0,0,0,0,0,0,0,0,1,
0,546,2026-02-23 12:17:56Z,LLM_Empathetic,6.909481,7.218547,6.600414,0.6495605,0,1.623029,0,0,0,0,0,0,5.471882,4.342376,6.601399,0.592854,0.702737,0.482971,7.386109,6.229107,8.543111,0.6105621,0,2.132962,7.164658,6.086808,8.242509,9.791813,10,9.431912,6.909481,7.218547,6.600414,0.6495605,0,1.623029,0,0,0,0,0,0,5.471882,4.342376,6.601399,0.592854,0.702737,0.482971,7.386109,6.229107,8.543111,0.6105621,0,2.132962,7.164658,6.086808,8.242509,9.791813,10,9.431912,-1,-1,-1,-1,-1,-1,-1,-1,-1,-1,-1,-1,-1,-1,-1,-1,-1,-1,-1,-1,-1,-1,-1,-1,-1,-1,-1,-1,-1,-1,-1,-1,-1,-1,-1,-1,-1,-1,-1,-1,-1,-1,-1,-1,-1,-1,-1,-1,-1,-1,0,0,0,0,0,0,-1,-1,-1,-1,-1,-1,-1,-1,-1,-1,-1,-1,0,0,0,0,0,0,-1,-1,-1,-1,-1,-1,-1,-1,-1,-1,-1,-1,-1,-1,False,False,0,0,False,209,0,0,0,0,0,0,0,0,0,0,0,0,0,0,0,1,
0,547,2026-02-23 12:17:56Z,LLM_Empathetic,6.909519,7.218554,6.600482,0.6494961,0,1.622994,0,0,0,0,0,0,5.471931,4.342392,6.60148,0.592854,0.702737,0.482971,7.386131,6.229095,8.543167,0.6105208,0,2.132921,7.164725,6.086844,8.242607,9.791947,10,9.432082,6.909519,7.218554,6.600482,0.6494961,0,1.622994,0,0,0,0,0,0,5.471931,4.342392,6.60148,0.592854,0.702737,0.482971,7.386131,6.229095,8.543167,0.6105208,0,2.132921,7.164725,6.086844,8.242607,9.791947,10,9.432082,-1,-1,-1,-1,-1,-1,-1,-1,-1,-1,-1,-1,-1,-1,-1,-1,-1,-1,-1,-1,-1,-1,-1,-1,-1,-1,-1,-1,-1,-1,-1,-1,-1,-1,-1,-1,-1,-1,-1,-1,-1,-1,-1,-1,-1,-1,-1,-1,-1,-1,0,0,0,0,0,0,-1,-1,-1,-1,-1,-1,-1,-1,-1,-1,-1,-1,0,0,0,0,0,0,-1,-1,-1,-1,-1,-1,-1,-1,-1,-1,-1,-1,-1,-1,False,False,0,0,False,209,0,0,0,0,0,0,0,0,0,0,0,0,0,0,0,1,
0,548,2026-02-23 12:17:56Z,LLM_Empathetic,6.909556,7.218561,6.600552,0.6494319,0,1.622958,0,0,0,0,0,0,5.47198,4.342408,6.601562,0.592854,0.702737,0.482971,7.386153,6.229084,8.543222,0.6104798,0,2.13288,7.164793,6.086881,8.242705,9.792082,10,9.432251,6.909556,7.218561,6.600552,0.6494319,0,1.622958,0,0,0,0,0,0,5.47198,4.342408,6.601562,0.592854,0.702737,0.482971,7.386153,6.229084,8.543222,0.6104798,0,2.13288,7.164793,6.086881,8.242705,9.792082,10,9.432251,-1,-1,-1,-1,-1,-1,-1,-1,-1,-1,-1,-1,-1,-1,-1,-1,-1,-1,-1,-1,-1,-1,-1,-1,-1,-1,-1,-1,-1,-1,-1,-1,-1,-1,-1,-1,-1,-1,-1,-1,-1,-1,-1,-1,-1,-1,-1,-1,-1,-1,0,0,0,0,0,0,-1,-1,-1,-1,-1,-1,-1,-1,-1,-1,-1,-1,0,0,0,0,0,0,-1,-1,-1,-1,-1,-1,-1,-1,-1,-1,-1,-1,-1,-1,False,False,0,0,False,207,0,0,0,0,0,0,0,0,0,0,0,0,0,0,0,1,
0,549,2026-02-23 12:17:56Z,LLM_Empathetic,6.909594,7.218568,6.60062,0.6493679,0,1.622923,0,0,0,0,0,0,5.472028,4.342424,6.601643,0.592854,0.702737,0.482971,7.386175,6.229073,8.543278,0.6104388,0,2.132839,7.16486,6.086917,8.242804,9.792216,10,9.43242,6.909594,7.218568,6.60062,0.6493679,0,1.622923,0,0,0,0,0,0,5.472028,4.342424,6.601643,0.592854,0.702737,0.482971,7.386175,6.229073,8.543278,0.6104388,0,2.132839,7.16486,6.086917,8.242804,9.792216,10,9.43242,-1,-1,-1,-1,-1,-1,-1,-1,-1,-1,-1,-1,-1,-1,-1,-1,-1,-1,-1,-1,-1,-1,-1,-1,-1,-1,-1,-1,-1,-1,-1,-1,-1,-1,-1,-1,-1,-1,-1,-1,-1,-1,-1,-1,-1,-1,-1,-1,-1,-1,0,0,0,0,0,0,-1,-1,-1,-1,-1,-1,-1,-1,-1,-1,-1,-1,0,0,0,0,0,0,-1,-1,-1,-1,-1,-1,-1,-1,-1,-1,-1,-1,-1,-1,False,False,0,0,False,207,0,0,0,0,0,0,0,0,0,0,0,0,0,0,0,1,
0,550,2026-02-23 12:17:56Z,LLM_Empathetic,6.909631,7.218575,6.600688,0.6493042,0,1.622888,0,0,0,0,0,0,5.472076,4.34244,6.601723,0.592854,0.702737,0.482971,7.386198,6.229062,8.543333,0.610398,0,2.132798,7.164927,6.086954,8.242902,9.792351,10,9.432588,6.909631,7.218575,6.600688,0.6493042,0,1.622888,0,0,0,0,0,0,5.472076,4.34244,6.601723,0.592854,0.702737,0.482971,7.386198,6.229062,8.543333,0.610398,0,2.132798,7.164927,6.086954,8.242902,9.792351,10,9.432588,-1,-1,-1,-1,-1,-1,-1,-1,-1,-1,-1,-1,-1,-1,-1,-1,-1,-1,-1,-1,-1,-1,-1,-1,-1,-1,-1,-1,-1,-1,-1,-1,-1,-1,-1,-1,-1,-1,-1,-1,-1,-1,-1,-1,-1,-1,-1,-1,-1,-1,0,0,0,0,0,0,-1,-1,-1,-1,-1,-1,-1,-1,-1,-1,-1,-1,0,0,0,0,0,0,-1,-1,-1,-1,-1,-1,-1,-1,-1,-1,-1,-1,-1,-1,False,False,0,0,False,207,0,0,0,0,0,0,0,0,0,0,0,0,0,0,0,1,
0,551,2026-02-23 12:17:56Z,LLM_Empathetic,6.909669,7.218582,6.600756,0.6492406,0,1.622853,0,0,0,0,0,0,5.472125,4.342456,6.601803,0.592854,0.702737,0.482971,7.38622,6.22905,8.543388,0.6103573,0,2.132758,7.164994,6.086989,8.242999,9.792483,10,9.432755,6.909669,7.218582,6.600756,0.6492406,0,1.622853,0,0,0,0,0,0,5.472125,4.342456,6.601803,0.592854,0.702737,0.482971,7.38622,6.22905,8.543388,0.6103573,0,2.132758,7.164994,6.086989,8.242999,9.792483,10,9.432755,-1,-1,-1,-1,-1,-1,-1,-1,-1,-1,-1,-1,-1,-1,-1,-1,-1,-1,-1,-1,-1,-1,-1,-1,-1,-1,-1,-1,-1,-1,-1,-1,-1,-1,-1,-1,-1,-1,-1,-1,-1,-1,-1,-1,-1,-1,-1,-1,-1,-1,0,0,0,0,0,0,-1,-1,-1,-1,-1,-1,-1,-1,-1,-1,-1,-1,0,0,0,0,0,0,-1,-1,-1,-1,-1,-1,-1,-1,-1,-1,-1,-1,-1,-1,False,False,0,0,False,207,0,0,0,0,0,0,0,0,0,0,0,0,0,0,0,1,
0,552,2026-02-23 12:17:56Z,LLM_Empathetic,6.909706,7.218588,6.600824,0.6491773,0,1.622818,0,0,0,0,0,0,5.472172,4.342472,6.601883,0.592854,0.702737,0.482971,7.386241,6.229039,8.543444,0.6103167,0,2.132717,7.165061,6.087026,8.243096,9.792617,10,9.432922,6.909706,7.218588,6.600824,0.6491773,0,1.622818,0,0,0,0,0,0,5.472172,4.342472,6.601883,0.592854,0.702737,0.482971,7.386241,6.229039,8.543444,0.6103167,0,2.132717,7.165061,6.087026,8.243096,9.792617,10,9.432922,-1,-1,-1,-1,-1,-1,-1,-1,-1,-1,-1,-1,-1,-1,-1,-1,-1,-1,-1,-1,-1,-1,-1,-1,-1,-1,-1,-1,-1,-1,-1,-1,-1,-1,-1,-1,-1,-1,-1,-1,-1,-1,-1,-1,-1,-1,-1,-1,-1,-1,0,0,0,0,0,0,-1,-1,-1,-1,-1,-1,-1,-1,-1,-1,-1,-1,0,0,0,0,0,0,-1,-1,-1,-1,-1,-1,-1,-1,-1,-1,-1,-1,-1,-1,False,False,0,0,False,207,0,0,0,0,0,0,0,0,0,0,0,0,0,0,0,1,
0,553,2026-02-23 12:17:57Z,LLM_Empathetic,6.909743,7.218595,6.600892,0.6491141,0,1.622783,0,0,0,0,0,0,5.47222,4.342488,6.601963,0.592854,0.702737,0.482971,7.386263,6.229028,8.543498,0.6102763,0,2.132677,7.165127,6.087061,8.243193,9.792749,10,9.433088,6.909743,7.218595,6.600892,0.6491141,0,1.622783,0,0,0,0,0,0,5.47222,4.342488,6.601963,0.592854,0.702737,0.482971,7.386263,6.229028,8.543498,0.6102763,0,2.132677,7.165127,6.087061,8.243193,9.792749,10,9.433088,-1,-1,-1,-1,-1,-1,-1,-1,-1,-1,-1,-1,-1,-1,-1,-1,-1,-1,-1,-1,-1,-1,-1,-1,-1,-1,-1,-1,-1,-1,-1,-1,-1,-1,-1,-1,-1,-1,-1,-1,-1,-1,-1,-1,-1,-1,-1,-1,-1,-1,0,0,0,0,0,0,-1,-1,-1,-1,-1,-1,-1,-1,-1,-1,-1,-1,0,0,0,0,0,0,-1,-1,-1,-1,-1,-1,-1,-1,-1,-1,-1,-1,-1,-1,False,False,0,0,False,207,0,0,0,0,0,0,0,0,0,0,0,0,0,0,0,1,
0,554,2026-02-23 12:17:57Z,LLM_Empathetic,6.909781,7.218602,6.600959,0.6490511,0,1.622748,0,0,0,0,0,0,5.472268,4.342504,6.602043,0.592854,0.702737,0.482971,7.386285,6.229017,8.543553,0.6102359,0,2.132636,7.165193,6.087097,8.243289,9.792881,10,9.433254,6.909781,7.218602,6.600959,0.6490511,0,1.622748,0,0,0,0,0,0,5.472268,4.342504,6.602043,0.592854,0.702737,0.482971,7.386285,6.229017,8.543553,0.6102359,0,2.132636,7.165193,6.087097,8.243289,9.792881,10,9.433254,-1,-1,-1,-1,-1,-1,-1,-1,-1,-1,-1,-1,-1,-1,-1,-1,-1,-1,-1,-1,-1,-1,-1,-1,-1,-1,-1,-1,-1,-1,-1,-1,-1,-1,-1,-1,-1,-1,-1,-1,-1,-1,-1,-1,-1,-1,-1,-1,-1,-1,0,0,0,0,0,0,-1,-1,-1,-1,-1,-1,-1,-1,-1,-1,-1,-1,0,0,0,0,0,0,-1,-1,-1,-1,-1,-1,-1,-1,-1,-1,-1,-1,-1,-1,False,False,0,0,False,209,0,0,0,0,0,0,0,0,0,0,0,0,0,0,0,1,
0,555,2026-02-23 12:17:57Z,LLM_Empathetic,6.909817,7.218608,6.601026,0.6489884,0,1.622714,0,0,0,0,0,0,5.472315,4.342519,6.602122,0.592854,0.702737,0.482971,7.386306,6.229005,8.543608,0.6101958,0,2.132596,7.165259,6.087133,8.243385,9.793013,10,9.433419,6.909817,7.218608,6.601026,0.6489884,0,1.622714,0,0,0,0,0,0,5.472315,4.342519,6.602122,0.592854,0.702737,0.482971,7.386306,6.229005,8.543608,0.6101958,0,2.132596,7.165259,6.087133,8.243385,9.793013,10,9.433419,-1,-1,-1,-1,-1,-1,-1,-1,-1,-1,-1,-1,-1,-1,-1,-1,-1,-1,-1,-1,-1,-1,-1,-1,-1,-1,-1,-1,-1,-1,-1,-1,-1,-1,-1,-1,-1,-1,-1,-1,-1,-1,-1,-1,-1,-1,-1,-1,-1,-1,0,0,0,0,0,0,-1,-1,-1,-1,-1,-1,-1,-1,-1,-1,-1,-1,0,0,0,0,0,0,-1,-1,-1,-1,-1,-1,-1,-1,-1,-1,-1,-1,-1,-1,False,False,0,0,False,207,0,0,0,0,0,0,0,0,0,0,0,0,0,0,0,1,
0,556,2026-02-23 12:17:57Z,LLM_Empathetic,6.909854,7.218615,6.601093,0.6489258,0,1.622679,0,0,0,0,0,0,5.472363,4.342535,6.602201,0.592854,0.702737,0.482971,7.386328,6.228994,8.543662,0.6101557,0,2.132556,7.165325,6.087169,8.243482,9.793144,10,9.433584,6.909854,7.218615,6.601093,0.6489258,0,1.622679,0,0,0,0,0,0,5.472363,4.342535,6.602201,0.592854,0.702737,0.482971,7.386328,6.228994,8.543662,0.6101557,0,2.132556,7.165325,6.087169,8.243482,9.793144,10,9.433584,-1,-1,-1,-1,-1,-1,-1,-1,-1,-1,-1,-1,-1,-1,-1,-1,-1,-1,-1,-1,-1,-1,-1,-1,-1,-1,-1,-1,-1,-1,-1,-1,-1,-1,-1,-1,-1,-1,-1,-1,-1,-1,-1,-1,-1,-1,-1,-1,-1,-1,0,0,0,0,0,0,-1,-1,-1,-1,-1,-1,-1,-1,-1,-1,-1,-1,0,0,0,0,0,0,-1,-1,-1,-1,-1,-1,-1,-1,-1,-1,-1,-1,-1,-1,False,False,0,0,False,209,0,0,0,0,0,0,0,0,0,0,0,0,0,0,0,1,
0,557,2026-02-23 12:17:57Z,LLM_Empathetic,6.909891,7.218622,6.60116,0.6488635,0,1.622645,0,0,0,0,0,0,5.47241,4.34255,6.60228,0.592854,0.702737,0.482971,7.386349,6.228983,8.543715,0.6101158,0,2.132516,7.16539,6.087204,8.243577,9.793275,10,9.433748,6.909891,7.218622,6.60116,0.6488635,0,1.622645,0,0,0,0,0,0,5.47241,4.34255,6.60228,0.592854,0.702737,0.482971,7.386349,6.228983,8.543715,0.6101158,0,2.132516,7.16539,6.087204,8.243577,9.793275,10,9.433748,-1,-1,-1,-1,-1,-1,-1,-1,-1,-1,-1,-1,-1,-1,-1,-1,-1,-1,-1,-1,-1,-1,-1,-1,-1,-1,-1,-1,-1,-1,-1,-1,-1,-1,-1,-1,-1,-1,-1,-1,-1,-1,-1,-1,-1,-1,-1,-1,-1,-1,0,0,0,0,0,0,-1,-1,-1,-1,-1,-1,-1,-1,-1,-1,-1,-1,0,0,0,0,0,0,-1,-1,-1,-1,-1,-1,-1,-1,-1,-1,-1,-1,-1,-1,False,False,0,0,False,209,0,0,0,0,0,0,0,0,0,0,0,0,0,0,0,1,
0,558,2026-02-23 12:17:57Z,LLM_Empathetic,6.909927,7.218628,6.601226,0.6488013,0,1.622611,0,0,0,0,0,0,5.472457,4.342566,6.602358,0.592854,0.702737,0.482971,7.386371,6.228972,8.54377,0.610076,0,2.132476,7.165455,6.087239,8.243672,9.793406,10,9.433912,6.909927,7.218628,6.601226,0.6488013,0,1.622611,0,0,0,0,0,0,5.472457,4.342566,6.602358,0.592854,0.702737,0.482971,7.386371,6.228972,8.54377,0.610076,0,2.132476,7.165455,6.087239,8.243672,9.793406,10,9.433912,-1,-1,-1,-1,-1,-1,-1,-1,-1,-1,-1,-1,-1,-1,-1,-1,-1,-1,-1,-1,-1,-1,-1,-1,-1,-1,-1,-1,-1,-1,-1,-1,-1,-1,-1,-1,-1,-1,-1,-1,-1,-1,-1,-1,-1,-1,-1,-1,-1,-1,0,0,0,0,0,0,-1,-1,-1,-1,-1,-1,-1,-1,-1,-1,-1,-1,0,0,0,0,0,0,-1,-1,-1,-1,-1,-1,-1,-1,-1,-1,-1,-1,-1,-1,False,False,0,0,False,209,0,0,0,0,0,0,0,0,0,0,0,0,0,0,0,1,
0,559,2026-02-23 12:17:57Z,LLM_Empathetic,6.909964,7.218635,6.601293,0.6487394,0,1.622576,0,0,0,0,0,0,5.472504,4.342581,6.602437,0.592854,0.702737,0.482971,7.386392,6.228961,8.543823,0.6100363,0,2.132437,7.16552,6.087275,8.243767,9.793535,10,9.434075,6.909964,7.218635,6.601293,0.6487394,0,1.622576,0,0,0,0,0,0,5.472504,4.342581,6.602437,0.592854,0.702737,0.482971,7.386392,6.228961,8.543823,0.6100363,0,2.132437,7.16552,6.087275,8.243767,9.793535,10,9.434075,-1,-1,-1,-1,-1,-1,-1,-1,-1,-1,-1,-1,-1,-1,-1,-1,-1,-1,-1,-1,-1,-1,-1,-1,-1,-1,-1,-1,-1,-1,-1,-1,-1,-1,-1,-1,-1,-1,-1,-1,-1,-1,-1,-1,-1,-1,-1,-1,-1,-1,0,0,0,0,0,0,-1,-1,-1,-1,-1,-1,-1,-1,-1,-1,-1,-1,0,0,0,0,0,0,-1,-1,-1,-1,-1,-1,-1,-1,-1,-1,-1,-1,-1,-1,False,False,0,0,False,209,0,0,0,0,0,0,0,0,0,0,0,0,0,0,0,1,
0,560,2026-02-23 12:17:57Z,LLM_Empathetic,6.91,7.218641,6.601359,0.6486776,0,1.622542,0,0,0,0,0,0,5.47255,4.342597,6.602515,0.592854,0.702737,0.482971,7.386414,6.228951,8.543878,0.6099967,0,2.132397,7.165585,6.08731,8.243861,9.793665,10,9.434237,6.91,7.218641,6.601359,0.6486776,0,1.622542,0,0,0,0,0,0,5.47255,4.342597,6.602515,0.592854,0.702737,0.482971,7.386414,6.228951,8.543878,0.6099967,0,2.132397,7.165585,6.08731,8.243861,9.793665,10,9.434237,-1,-1,-1,-1,-1,-1,-1,-1,-1,-1,-1,-1,-1,-1,-1,-1,-1,-1,-1,-1,-1,-1,-1,-1,-1,-1,-1,-1,-1,-1,-1,-1,-1,-1,-1,-1,-1,-1,-1,-1,-1,-1,-1,-1,-1,-1,-1,-1,-1,-1,0,0,0,0,0,0,-1,-1,-1,-1,-1,-1,-1,-1,-1,-1,-1,-1,0,0,0,0,0,0,-1,-1,-1,-1,-1,-1,-1,-1,-1,-1,-1,-1,-1,-1,False,False,0,0,False,207,0,0,0,0,0,0,0,0,0,0,0,0,0,0,0,1,
0,561,2026-02-23 12:17:57Z,LLM_Empathetic,6.910037,7.218648,6.601425,0.648616,0,1.622509,0,0,0,0,0,0,5.472597,4.342612,6.602592,0.592854,0.702737,0.482971,7.386435,6.22894,8.543931,0.6099573,0,2.132358,7.16565,6.087345,8.243956,9.793795,10,9.434401,6.910037,7.218648,6.601425,0.648616,0,1.622509,0,0,0,0,0,0,5.472597,4.342612,6.602592,0.592854,0.702737,0.482971,7.386435,6.22894,8.543931,0.6099573,0,2.132358,7.16565,6.087345,8.243956,9.793795,10,9.434401,-1,-1,-1,-1,-1,-1,-1,-1,-1,-1,-1,-1,-1,-1,-1,-1,-1,-1,-1,-1,-1,-1,-1,-1,-1,-1,-1,-1,-1,-1,-1,-1,-1,-1,-1,-1,-1,-1,-1,-1,-1,-1,-1,-1,-1,-1,-1,-1,-1,-1,0,0,0,0,0,0,-1,-1,-1,-1,-1,-1,-1,-1,-1,-1,-1,-1,0,0,0,0,0,0,-1,-1,-1,-1,-1,-1,-1,-1,-1,-1,-1,-1,-1,-1,False,False,0,0,False,209,0,0,0,0,0,0,0,0,0,0,0,0,0,0,0,1,
0,562,2026-02-23 12:17:57Z,LLM_Empathetic,6.910072,7.218655,6.60149,0.6485547,0,1.622475,0,0,0,0,0,0,5.472643,4.342628,6.60267,0.592854,0.702737,0.482971,7.386456,6.228929,8.543983,0.609918,0,2.132318,7.165714,6.08738,8.24405,9.793923,10,9.434562,6.910072,7.218655,6.60149,0.6485547,0,1.622475,0,0,0,0,0,0,5.472643,4.342628,6.60267,0.592854,0.702737,0.482971,7.386456,6.228929,8.543983,0.609918,0,2.132318,7.165714,6.08738,8.24405,9.793923,10,9.434562,-1,-1,-1,-1,-1,-1,-1,-1,-1,-1,-1,-1,-1,-1,-1,-1,-1,-1,-1,-1,-1,-1,-1,-1,-1,-1,-1,-1,-1,-1,-1,-1,-1,-1,-1,-1,-1,-1,-1,-1,-1,-1,-1,-1,-1,-1,-1,-1,-1,-1,0,0,0,0,0,0,-1,-1,-1,-1,-1,-1,-1,-1,-1,-1,-1,-1,0,0,0,0,0,0,-1,-1,-1,-1,-1,-1,-1,-1,-1,-1,-1,-1,-1,-1,False,False,0,0,False,207,0,0,0,0,0,0,0,0,0,0,0,0,0,0,0,1,
0,563,2026-02-23 12:17:57Z,LLM_Empathetic,6.910109,7.218661,6.601556,0.6484935,0,1.622441,0,0,0,0,0,0,5.47269,4.342643,6.602747,0.592854,0.702737,0.482971,7.386477,6.228918,8.544037,0.6098788,0,2.132279,7.165779,6.087415,8.244143,9.794052,10,9.434723,6.910109,7.218661,6.601556,0.6484935,0,1.622441,0,0,0,0,0,0,5.47269,4.342643,6.602747,0.592854,0.702737,0.482971,7.386477,6.228918,8.544037,0.6098788,0,2.132279,7.165779,6.087415,8.244143,9.794052,10,9.434723,-1,-1,-1,-1,-1,-1,-1,-1,-1,-1,-1,-1,-1,-1,-1,-1,-1,-1,-1,-1,-1,-1,-1,-1,-1,-1,-1,-1,-1,-1,-1,-1,-1,-1,-1,-1,-1,-1,-1,-1,-1,-1,-1,-1,-1,-1,-1,-1,-1,-1,0,0,0,0,0,0,-1,-1,-1,-1,-1,-1,-1,-1,-1,-1,-1,-1,0,0,0,0,0,0,-1,-1,-1,-1,-1,-1,-1,-1,-1,-1,-1,-1,-1,-1,False,False,0,0,False,207,0,0,0,0,0,0,0,0,0,0,0,0,0,0,0,1,
0,564,2026-02-23 12:17:57Z,LLM_Empathetic,6.910144,7.218668,6.601621,0.6484325,0,1.622407,0,0,0,0,0,0,5.472736,4.342659,6.602824,0.592854,0.702737,0.482971,7.386498,6.228907,8.54409,0.6098397,0,2.13224,7.165843,6.087449,8.244237,9.79418,10,9.434883,6.910144,7.218668,6.601621,0.6484325,0,1.622407,0,0,0,0,0,0,5.472736,4.342659,6.602824,0.592854,0.702737,0.482971,7.386498,6.228907,8.54409,0.6098397,0,2.13224,7.165843,6.087449,8.244237,9.79418,10,9.434883,-1,-1,-1,-1,-1,-1,-1,-1,-1,-1,-1,-1,-1,-1,-1,-1,-1,-1,-1,-1,-1,-1,-1,-1,-1,-1,-1,-1,-1,-1,-1,-1,-1,-1,-1,-1,-1,-1,-1,-1,-1,-1,-1,-1,-1,-1,-1,-1,-1,-1,0,0,0,0,0,0,-1,-1,-1,-1,-1,-1,-1,-1,-1,-1,-1,-1,0,0,0,0,0,0,-1,-1,-1,-1,-1,-1,-1,-1,-1,-1,-1,-1,-1,-1,False,False,0,0,False,207,0,0,0,0,0,0,0,0,0,0,0,0,0,0,0,1,
0,565,2026-02-23 12:17:57Z,LLM_Empathetic,6.91018,7.218674,6.601686,0.6483717,0,1.622374,0,0,0,0,0,0,5.472782,4.342673,6.602901,0.592854,0.702737,0.482971,7.386519,6.228896,8.544143,0.6098008,0,2.132201,7.165907,6.087484,8.24433,9.794308,10,9.435043,6.91018,7.218674,6.601686,0.6483717,0,1.622374,0,0,0,0,0,0,5.472782,4.342673,6.602901,0.592854,0.702737,0.482971,7.386519,6.228896,8.544143,0.6098008,0,2.132201,7.165907,6.087484,8.24433,9.794308,10,9.435043,-1,-1,-1,-1,-1,-1,-1,-1,-1,-1,-1,-1,-1,-1,-1,-1,-1,-1,-1,-1,-1,-1,-1,-1,-1,-1,-1,-1,-1,-1,-1,-1,-1,-1,-1,-1,-1,-1,-1,-1,-1,-1,-1,-1,-1,-1,-1,-1,-1,-1,0,0,0,0,0,0,-1,-1,-1,-1,-1,-1,-1,-1,-1,-1,-1,-1,0,0,0,0,0,0,-1,-1,-1,-1,-1,-1,-1,-1,-1,-1,-1,-1,-1,-1,False,False,0,0,False,209,0,0,0,0,0,0,0,0,0,0,0,0,0,0,0,1,
0,566,2026-02-23 12:17:57Z,LLM_Empathetic,6.910216,7.21868,6.601751,0.6483111,0,1.62234,0,0,0,0,0,0,5.472828,4.342689,6.602978,0.592854,0.702737,0.482971,7.38654,6.228885,8.544195,0.609762,0,2.132162,7.16597,6.087518,8.244423,9.794435,10,9.435204,6.910216,7.21868,6.601751,0.6483111,0,1.62234,0,0,0,0,0,0,5.472828,4.342689,6.602978,0.592854,0.702737,0.482971,7.38654,6.228885,8.544195,0.609762,0,2.132162,7.16597,6.087518,8.244423,9.794435,10,9.435204,-1,-1,-1,-1,-1,-1,-1,-1,-1,-1,-1,-1,-1,-1,-1,-1,-1,-1,-1,-1,-1,-1,-1,-1,-1,-1,-1,-1,-1,-1,-1,-1,-1,-1,-1,-1,-1,-1,-1,-1,-1,-1,-1,-1,-1,-1,-1,-1,-1,-1,0,0,0,0,0,0,-1,-1,-1,-1,-1,-1,-1,-1,-1,-1,-1,-1,0,0,0,0,0,0,-1,-1,-1,-1,-1,-1,-1,-1,-1,-1,-1,-1,-1,-1,False,False,0,0,False,207,0,0,0,0,0,0,0,0,0,0,0,0,0,0,0,1,
0,567,2026-02-23 12:17:57Z,LLM_Empathetic,6.910251,7.218687,6.601816,0.6482506,0,1.622307,0,0,0,0,0,0,5.472874,4.342704,6.603054,0.592854,0.702737,0.482971,7.386561,6.228875,8.544248,0.6097233,0,2.132124,7.166034,6.087553,8.244516,9.794561,10,9.435363,6.910251,7.218687,6.601816,0.6482506,0,1.622307,0,0,0,0,0,0,5.472874,4.342704,6.603054,0.592854,0.702737,0.482971,7.386561,6.228875,8.544248,0.6097233,0,2.132124,7.166034,6.087553,8.244516,9.794561,10,9.435363,-1,-1,-1,-1,-1,-1,-1,-1,-1,-1,-1,-1,-1,-1,-1,-1,-1,-1,-1,-1,-1,-1,-1,-1,-1,-1,-1,-1,-1,-1,-1,-1,-1,-1,-1,-1,-1,-1,-1,-1,-1,-1,-1,-1,-1,-1,-1,-1,-1,-1,0,0,0,0,0,0,-1,-1,-1,-1,-1,-1,-1,-1,-1,-1,-1,-1,0,0,0,0,0,0,-1,-1,-1,-1,-1,-1,-1,-1,-1,-1,-1,-1,-1,-1,False,False,0,0,False,209,0,0,0,0,0,0,0,0,0,0,0,0,0,0,0,1,
0,568,2026-02-23 12:17:57Z,LLM_Empathetic,6.910287,7.218693,6.60188,0.6481904,0,1.622274,0,0,0,0,0,0,5.472919,4.342719,6.60313,0.592854,0.702737,0.482971,7.386582,6.228864,8.5443,0.6096847,0,2.132085,7.166097,6.087587,8.244608,9.794688,10,9.435521,6.910287,7.218693,6.60188,0.6481904,0,1.622274,0,0,0,0,0,0,5.472919,4.342719,6.60313,0.592854,0.702737,0.482971,7.386582,6.228864,8.5443,0.6096847,0,2.132085,7.166097,6.087587,8.244608,9.794688,10,9.435521,-1,-1,-1,-1,-1,-1,-1,-1,-1,-1,-1,-1,-1,-1,-1,-1,-1,-1,-1,-1,-1,-1,-1,-1,-1,-1,-1,-1,-1,-1,-1,-1,-1,-1,-1,-1,-1,-1,-1,-1,-1,-1,-1,-1,-1,-1,-1,-1,-1,-1,0,0,0,0,0,0,-1,-1,-1,-1,-1,-1,-1,-1,-1,-1,-1,-1,0,0,0,0,0,0,-1,-1,-1,-1,-1,-1,-1,-1,-1,-1,-1,-1,-1,-1,False,False,0,0,False,209,0,0,0,0,0,0,0,0,0,0,0,0,0,0,0,1,
0,569,2026-02-23 12:17:57Z,LLM_Empathetic,6.910322,7.2187,6.601944,0.6481303,0,1.622241,0,0,0,0,0,0,5.472965,4.342734,6.603206,0.592854,0.702737,0.482971,7.386602,6.228853,8.544353,0.6096463,0,2.132047,7.16616,6.087621,8.2447,9.794814,10,9.435679,6.910322,7.2187,6.601944,0.6481303,0,1.622241,0,0,0,0,0,0,5.472965,4.342734,6.603206,0.592854,0.702737,0.482971,7.386602,6.228853,8.544353,0.6096463,0,2.132047,7.16616,6.087621,8.2447,9.794814,10,9.435679,-1,-1,-1,-1,-1,-1,-1,-1,-1,-1,-1,-1,-1,-1,-1,-1,-1,-1,-1,-1,-1,-1,-1,-1,-1,-1,-1,-1,-1,-1,-1,-1,-1,-1,-1,-1,-1,-1,-1,-1,-1,-1,-1,-1,-1,-1,-1,-1,-1,-1,0,0,0,0,0,0,-1,-1,-1,-1,-1,-1,-1,-1,-1,-1,-1,-1,0,0,0,0,0,0,-1,-1,-1,-1,-1,-1,-1,-1,-1,-1,-1,-1,-1,-1,False,False,0,0,False,207,0,0,0,0,0,0,0,0,0,0,0,0,0,0,0,1,
0,570,2026-02-23 12:17:57Z,LLM_Empathetic,6.910357,7.218706,6.602008,0.6480705,0,1.622208,0,0,0,0,0,0,5.47301,4.342749,6.603281,0.592854,0.702737,0.482971,7.386623,6.228843,8.544404,0.6096079,0,2.132008,7.166223,6.087655,8.244792,9.794939,10,9.435837,6.910357,7.218706,6.602008,0.6480705,0,1.622208,0,0,0,0,0,0,5.47301,4.342749,6.603281,0.592854,0.702737,0.482971,7.386623,6.228843,8.544404,0.6096079,0,2.132008,7.166223,6.087655,8.244792,9.794939,10,9.435837,-1,-1,-1,-1,-1,-1,-1,-1,-1,-1,-1,-1,-1,-1,-1,-1,-1,-1,-1,-1,-1,-1,-1,-1,-1,-1,-1,-1,-1,-1,-1,-1,-1,-1,-1,-1,-1,-1,-1,-1,-1,-1,-1,-1,-1,-1,-1,-1,-1,-1,0,0,0,0,0,0,-1,-1,-1,-1,-1,-1,-1,-1,-1,-1,-1,-1,0,0,0,0,0,0,-1,-1,-1,-1,-1,-1,-1,-1,-1,-1,-1,-1,-1,-1,False,False,0,0,False,209,0,0,0,0,0,0,0,0,0,0,0,0,0,0,0,1,
0,571,2026-02-23 12:17:57Z,LLM_Empathetic,6.910392,7.218712,6.602072,0.6480108,0,1.622175,0,0,0,0,0,0,5.473055,4.342764,6.603357,0.592854,0.702737,0.482971,7.386644,6.228832,8.544456,0.6095697,0,2.13197,7.166286,6.087689,8.244884,9.795065,10,9.435994,6.910392,7.218712,6.602072,0.6480108,0,1.622175,0,0,0,0,0,0,5.473055,4.342764,6.603357,0.592854,0.702737,0.482971,7.386644,6.228832,8.544456,0.6095697,0,2.13197,7.166286,6.087689,8.244884,9.795065,10,9.435994,-1,-1,-1,-1,-1,-1,-1,-1,-1,-1,-1,-1,-1,-1,-1,-1,-1,-1,-1,-1,-1,-1,-1,-1,-1,-1,-1,-1,-1,-1,-1,-1,-1,-1,-1,-1,-1,-1,-1,-1,-1,-1,-1,-1,-1,-1,-1,-1,-1,-1,0,0,0,0,0,0,-1,-1,-1,-1,-1,-1,-1,-1,-1,-1,-1,-1,0,0,0,0,0,0,-1,-1,-1,-1,-1,-1,-1,-1,-1,-1,-1,-1,-1,-1,False,False,0,0,False,207,0,0,0,0,0,0,0,0,0,0,0,0,0,0,0,1,
0,572,2026-02-23 12:17:57Z,LLM_Empathetic,6.910428,7.218719,6.602136,0.6479512,0,1.622142,0,0,0,0,0,0,5.4731,4.342779,6.603432,0.592854,0.702737,0.482971,7.386664,6.228821,8.544507,0.6095316,0,2.131932,7.166348,6.087723,8.244975,9.79519,10,9.436152,6.910428,7.218719,6.602136,0.6479512,0,1.622142,0,0,0,0,0,0,5.4731,4.342779,6.603432,0.592854,0.702737,0.482971,7.386664,6.228821,8.544507,0.6095316,0,2.131932,7.166348,6.087723,8.244975,9.79519,10,9.436152,-1,-1,-1,-1,-1,-1,-1,-1,-1,-1,-1,-1,-1,-1,-1,-1,-1,-1,-1,-1,-1,-1,-1,-1,-1,-1,-1,-1,-1,-1,-1,-1,-1,-1,-1,-1,-1,-1,-1,-1,-1,-1,-1,-1,-1,-1,-1,-1,-1,-1,0,0,0,0,0,0,-1,-1,-1,-1,-1,-1,-1,-1,-1,-1,-1,-1,0,0,0,0,0,0,-1,-1,-1,-1,-1,-1,-1,-1,-1,-1,-1,-1,-1,-1,False,False,0,0,False,207,0,0,0,0,0,0,0,0,0,0,0,0,0,0,0,1,
0,573,2026-02-23 12:17:57Z,LLM_Empathetic,6.910462,7.218725,6.6022,0.6478919,0,1.622109,0,0,0,0,0,0,5.473145,4.342793,6.603507,0.592854,0.702737,0.482971,7.386685,6.228811,8.544559,0.6094936,0,2.131894,7.166411,6.087757,8.245066,9.795314,10,9.436307,6.910462,7.218725,6.6022,0.6478919,0,1.622109,0,0,0,0,0,0,5.473145,4.342793,6.603507,0.592854,0.702737,0.482971,7.386685,6.228811,8.544559,0.6094936,0,2.131894,7.166411,6.087757,8.245066,9.795314,10,9.436307,-1,-1,-1,-1,-1,-1,-1,-1,-1,-1,-1,-1,-1,-1,-1,-1,-1,-1,-1,-1,-1,-1,-1,-1,-1,-1,-1,-1,-1,-1,-1,-1,-1,-1,-1,-1,-1,-1,-1,-1,-1,-1,-1,-1,-1,-1,-1,-1,-1,-1,0,0,0,0,0,0,-1,-1,-1,-1,-1,-1,-1,-1,-1,-1,-1,-1,0,0,0,0,0,0,-1,-1,-1,-1,-1,-1,-1,-1,-1,-1,-1,-1,-1,-1,False,False,0,0,False,209,0,0,0,0,0,0,0,0,0,0,0,0,0,0,0,1,
0,574,2026-02-23 12:17:57Z,LLM_Empathetic,6.910497,7.218731,6.602263,0.6478328,0,1.622077,0,0,0,0,0,0,5.47319,4.342808,6.603582,0.592854,0.702737,0.482971,7.386705,6.2288,8.54461,0.6094558,0,2.131856,7.166473,6.08779,8.245156,9.795438,10,9.436463,6.910497,7.218731,6.602263,0.6478328,0,1.622077,0,0,0,0,0,0,5.47319,4.342808,6.603582,0.592854,0.702737,0.482971,7.386705,6.2288,8.54461,0.6094558,0,2.131856,7.166473,6.08779,8.245156,9.795438,10,9.436463,-1,-1,-1,-1,-1,-1,-1,-1,-1,-1,-1,-1,-1,-1,-1,-1,-1,-1,-1,-1,-1,-1,-1,-1,-1,-1,-1,-1,-1,-1,-1,-1,-1,-1,-1,-1,-1,-1,-1,-1,-1,-1,-1,-1,-1,-1,-1,-1,-1,-1,0,0,0,0,0,0,-1,-1,-1,-1,-1,-1,-1,-1,-1,-1,-1,-1,0,0,0,0,0,0,-1,-1,-1,-1,-1,-1,-1,-1,-1,-1,-1,-1,-1,-1,False,False,0,0,False,209,0,0,0,0,0,0,0,0,0,0,0,0,0,0,0,1,
0,575,2026-02-23 12:17:57Z,LLM_Empathetic,6.910532,7.218738,6.602326,0.6477739,0,1.622044,0,0,0,0,0,0,5.473235,4.342823,6.603656,0.592854,0.702737,0.482971,7.386725,6.22879,8.544662,0.609418,0,2.131818,7.166535,6.087824,8.245247,9.795562,10,9.436619,6.910532,7.218738,6.602326,0.6477739,0,1.622044,0,0,0,0,0,0,5.473235,4.342823,6.603656,0.592854,0.702737,0.482971,7.386725,6.22879,8.544662,0.609418,0,2.131818,7.166535,6.087824,8.245247,9.795562,10,9.436619,-1,-1,-1,-1,-1,-1,-1,-1,-1,-1,-1,-1,-1,-1,-1,-1,-1,-1,-1,-1,-1,-1,-1,-1,-1,-1,-1,-1,-1,-1,-1,-1,-1,-1,-1,-1,-1,-1,-1,-1,-1,-1,-1,-1,-1,-1,-1,-1,-1,-1,0,0,0,0,0,0,-1,-1,-1,-1,-1,-1,-1,-1,-1,-1,-1,-1,0,0,0,0,0,0,-1,-1,-1,-1,-1,-1,-1,-1,-1,-1,-1,-1,-1,-1,False,False,0,0,False,209,0,0,0,0,0,0,0,0,0,0,0,0,0,0,0,1,
0,576,2026-02-23 12:17:57Z,LLM_Empathetic,6.910566,7.218744,6.602389,0.6477151,0,1.622012,0,0,0,0,0,0,5.473279,4.342838,6.60373,0.592854,0.702737,0.482971,7.386746,6.228779,8.544712,0.6093804,0,2.131781,7.166596,6.087857,8.245337,9.795686,10,9.436773,6.910566,7.218744,6.602389,0.6477151,0,1.622012,0,0,0,0,0,0,5.473279,4.342838,6.60373,0.592854,0.702737,0.482971,7.386746,6.228779,8.544712,0.6093804,0,2.131781,7.166596,6.087857,8.245337,9.795686,10,9.436773,-1,-1,-1,-1,-1,-1,-1,-1,-1,-1,-1,-1,-1,-1,-1,-1,-1,-1,-1,-1,-1,-1,-1,-1,-1,-1,-1,-1,-1,-1,-1,-1,-1,-1,-1,-1,-1,-1,-1,-1,-1,-1,-1,-1,-1,-1,-1,-1,-1,-1,0,0,0,0,0,0,-1,-1,-1,-1,-1,-1,-1,-1,-1,-1,-1,-1,0,0,0,0,0,0,-1,-1,-1,-1,-1,-1,-1,-1,-1,-1,-1,-1,-1,-1,False,False,0,0,False,207,0,0,0,0,0,0,0,0,0,0,0,0,0,0,0,1,
0,577,2026-02-23 12:17:57Z,LLM_Empathetic,6.910601,7.21875,6.602452,0.6476564,0,1.621979,0,0,0,0,0,0,5.473323,4.342853,6.603805,0.592854,0.702737,0.482971,7.386766,6.228769,8.544764,0.6093428,0,2.131743,7.166658,6.087891,8.245426,9.795808,10,9.436928,6.910601,7.21875,6.602452,0.6476564,0,1.621979,0,0,0,0,0,0,5.473323,4.342853,6.603805,0.592854,0.702737,0.482971,7.386766,6.228769,8.544764,0.6093428,0,2.131743,7.166658,6.087891,8.245426,9.795808,10,9.436928,-1,-1,-1,-1,-1,-1,-1,-1,-1,-1,-1,-1,-1,-1,-1,-1,-1,-1,-1,-1,-1,-1,-1,-1,-1,-1,-1,-1,-1,-1,-1,-1,-1,-1,-1,-1,-1,-1,-1,-1,-1,-1,-1,-1,-1,-1,-1,-1,-1,-1,0,0,0,0,0,0,-1,-1,-1,-1,-1,-1,-1,-1,-1,-1,-1,-1,0,0,0,0,0,0,-1,-1,-1,-1,-1,-1,-1,-1,-1,-1,-1,-1,-1,-1,False,False,0,0,False,209,0,0,0,0,0,0,0,0,0,0,0,0,0,0,0,1,
0,578,2026-02-23 12:17:57Z,LLM_Empathetic,6.910635,7.218756,6.602514,0.647598,0,1.621947,0,0,0,0,0,0,5.473368,4.342867,6.603878,0.592854,0.702737,0.482971,7.386786,6.228759,8.544814,0.6093054,0,2.131706,7.166719,6.087924,8.245516,9.795931,10,9.437081,6.910635,7.218756,6.602514,0.647598,0,1.621947,0,0,0,0,0,0,5.473368,4.342867,6.603878,0.592854,0.702737,0.482971,7.386786,6.228759,8.544814,0.6093054,0,2.131706,7.166719,6.087924,8.245516,9.795931,10,9.437081,-1,-1,-1,-1,-1,-1,-1,-1,-1,-1,-1,-1,-1,-1,-1,-1,-1,-1,-1,-1,-1,-1,-1,-1,-1,-1,-1,-1,-1,-1,-1,-1,-1,-1,-1,-1,-1,-1,-1,-1,-1,-1,-1,-1,-1,-1,-1,-1,-1,-1,0,0,0,0,0,0,-1,-1,-1,-1,-1,-1,-1,-1,-1,-1,-1,-1,0,0,0,0,0,0,-1,-1,-1,-1,-1,-1,-1,-1,-1,-1,-1,-1,-1,-1,False,False,0,0,False,209,0,0,0,0,0,0,0,0,0,0,0,0,0,0,0,1,
0,579,2026-02-23 12:17:57Z,LLM_Empathetic,6.91067,7.218762,6.602577,0.6475398,0,1.621915,0,0,0,0,0,0,5.473412,4.342882,6.603952,0.592854,0.702737,0.482971,7.386806,6.228748,8.544865,0.6092681,0,2.131669,7.16678,6.087957,8.245605,9.796053,10,9.437235,6.91067,7.218762,6.602577,0.6475398,0,1.621915,0,0,0,0,0,0,5.473412,4.342882,6.603952,0.592854,0.702737,0.482971,7.386806,6.228748,8.544865,0.6092681,0,2.131669,7.16678,6.087957,8.245605,9.796053,10,9.437235,-1,-1,-1,-1,-1,-1,-1,-1,-1,-1,-1,-1,-1,-1,-1,-1,-1,-1,-1,-1,-1,-1,-1,-1,-1,-1,-1,-1,-1,-1,-1,-1,-1,-1,-1,-1,-1,-1,-1,-1,-1,-1,-1,-1,-1,-1,-1,-1,-1,-1,0,0,0,0,0,0,-1,-1,-1,-1,-1,-1,-1,-1,-1,-1,-1,-1,0,0,0,0,0,0,-1,-1,-1,-1,-1,-1,-1,-1,-1,-1,-1,-1,-1,-1,False,False,0,0,False,207,0,0,0,0,0,0,0,0,0,0,0,0,0,0,0,1,
0,580,2026-02-23 12:17:57Z,LLM_Empathetic,6.910704,7.218769,6.602639,0.6474817,0,1.621883,0,0,0,0,0,0,5.473455,4.342896,6.604025,0.592854,0.702737,0.482971,7.386827,6.228738,8.544915,0.6092309,0,2.131631,7.166842,6.08799,8.245694,9.796175,10,9.437387,6.910704,7.218769,6.602639,0.6474817,0,1.621883,0,0,0,0,0,0,5.473455,4.342896,6.604025,0.592854,0.702737,0.482971,7.386827,6.228738,8.544915,0.6092309,0,2.131631,7.166842,6.08799,8.245694,9.796175,10,9.437387,-1,-1,-1,-1,-1,-1,-1,-1,-1,-1,-1,-1,-1,-1,-1,-1,-1,-1,-1,-1,-1,-1,-1,-1,-1,-1,-1,-1,-1,-1,-1,-1,-1,-1,-1,-1,-1,-1,-1,-1,-1,-1,-1,-1,-1,-1,-1,-1,-1,-1,0,0,0,0,0,0,-1,-1,-1,-1,-1,-1,-1,-1,-1,-1,-1,-1,0,0,0,0,0,0,-1,-1,-1,-1,-1,-1,-1,-1,-1,-1,-1,-1,-1,-1,False,False,0,0,False,209,0,0,0,0,0,0,0,0,0,0,0,0,0,0,0,1,
0,581,2026-02-23 12:17:57Z,LLM_Empathetic,6.910738,7.218775,6.602701,0.6474238,0,1.621851,0,0,0,0,0,0,5.473499,4.342911,6.604098,0.592854,0.702737,0.482971,7.386846,6.228728,8.544965,0.6091939,0,2.131594,7.166903,6.088023,8.245783,9.796296,10,9.43754,6.910738,7.218775,6.602701,0.6474238,0,1.621851,0,0,0,0,0,0,5.473499,4.342911,6.604098,0.592854,0.702737,0.482971,7.386846,6.228728,8.544965,0.6091939,0,2.131594,7.166903,6.088023,8.245783,9.796296,10,9.43754,-1,-1,-1,-1,-1,-1,-1,-1,-1,-1,-1,-1,-1,-1,-1,-1,-1,-1,-1,-1,-1,-1,-1,-1,-1,-1,-1,-1,-1,-1,-1,-1,-1,-1,-1,-1,-1,-1,-1,-1,-1,-1,-1,-1,-1,-1,-1,-1,-1,-1,0,0,0,0,0,0,-1,-1,-1,-1,-1,-1,-1,-1,-1,-1,-1,-1,0,0,0,0,0,0,-1,-1,-1,-1,-1,-1,-1,-1,-1,-1,-1,-1,-1,-1,False,False,0,0,False,209,0,0,0,0,0,0,0,0,0,0,0,0,0,0,0,1,
0,582,2026-02-23 12:17:57Z,LLM_Empathetic,6.910772,7.218781,6.602762,0.6473661,0,1.621819,0,0,0,0,0,0,5.473543,4.342925,6.604171,0.592854,0.702737,0.482971,7.386866,6.228717,8.545015,0.6091569,0,2.131557,7.166963,6.088056,8.245872,9.796417,10,9.437693,6.910772,7.218781,6.602762,0.6473661,0,1.621819,0,0,0,0,0,0,5.473543,4.342925,6.604171,0.592854,0.702737,0.482971,7.386866,6.228717,8.545015,0.6091569,0,2.131557,7.166963,6.088056,8.245872,9.796417,10,9.437693,-1,-1,-1,-1,-1,-1,-1,-1,-1,-1,-1,-1,-1,-1,-1,-1,-1,-1,-1,-1,-1,-1,-1,-1,-1,-1,-1,-1,-1,-1,-1,-1,-1,-1,-1,-1,-1,-1,-1,-1,-1,-1,-1,-1,-1,-1,-1,-1,-1,-1,0,0,0,0,0,0,-1,-1,-1,-1,-1,-1,-1,-1,-1,-1,-1,-1,0,0,0,0,0,0,-1,-1,-1,-1,-1,-1,-1,-1,-1,-1,-1,-1,-1,-1,False,False,0,0,False,209,0,0,0,0,0,0,0,0,0,0,0,0,0,0,0,1,
0,583,2026-02-23 12:17:57Z,LLM_Empathetic,6.910806,7.218787,6.602824,0.6473085,0,1.621787,0,0,0,0,0,0,5.473587,4.342939,6.604244,0.592854,0.702737,0.482971,7.386886,6.228707,8.545065,0.60912,0,2.131521,7.167024,6.088089,8.245959,9.796538,10,9.437844,6.910806,7.218787,6.602824,0.6473085,0,1.621787,0,0,0,0,0,0,5.473587,4.342939,6.604244,0.592854,0.702737,0.482971,7.386886,6.228707,8.545065,0.60912,0,2.131521,7.167024,6.088089,8.245959,9.796538,10,9.437844,-1,-1,-1,-1,-1,-1,-1,-1,-1,-1,-1,-1,-1,-1,-1,-1,-1,-1,-1,-1,-1,-1,-1,-1,-1,-1,-1,-1,-1,-1,-1,-1,-1,-1,-1,-1,-1,-1,-1,-1,-1,-1,-1,-1,-1,-1,-1,-1,-1,-1,0,0,0,0,0,0,-1,-1,-1,-1,-1,-1,-1,-1,-1,-1,-1,-1,0,0,0,0,0,0,-1,-1,-1,-1,-1,-1,-1,-1,-1,-1,-1,-1,-1,-1,False,False,0,0,False,209,0,0,0,0,0,0,0,0,0,0,0,0,0,0,0,1,
0,584,2026-02-23 12:17:58Z,LLM_Empathetic,6.91084,7.218793,6.602885,0.6472512,0,1.621756,0,0,0,0,0,0,5.47363,4.342954,6.604316,0.592854,0.702737,0.482971,7.386906,6.228697,8.545115,0.6090833,0,2.131484,7.167084,6.088121,8.246048,9.796659,10,9.437995,6.91084,7.218793,6.602885,0.6472512,0,1.621756,0,0,0,0,0,0,5.47363,4.342954,6.604316,0.592854,0.702737,0.482971,7.386906,6.228697,8.545115,0.6090833,0,2.131484,7.167084,6.088121,8.246048,9.796659,10,9.437995,-1,-1,-1,-1,-1,-1,-1,-1,-1,-1,-1,-1,-1,-1,-1,-1,-1,-1,-1,-1,-1,-1,-1,-1,-1,-1,-1,-1,-1,-1,-1,-1,-1,-1,-1,-1,-1,-1,-1,-1,-1,-1,-1,-1,-1,-1,-1,-1,-1,-1,0,0,0,0,0,0,-1,-1,-1,-1,-1,-1,-1,-1,-1,-1,-1,-1,0,0,0,0,0,0,-1,-1,-1,-1,-1,-1,-1,-1,-1,-1,-1,-1,-1,-1,False,False,0,0,False,209,0,0,0,0,0,0,0,0,0,0,0,0,0,0,0,1,
0,585,2026-02-23 12:17:58Z,LLM_Empathetic,6.910873,7.2188,6.602947,0.647194,0,1.621724,0,0,0,0,0,0,5.473673,4.342968,6.604389,0.592854,0.702737,0.482971,7.386926,6.228687,8.545165,0.6090466,0,2.131447,7.167144,6.088154,8.246135,9.796779,10,9.438146,6.910873,7.2188,6.602947,0.647194,0,1.621724,0,0,0,0,0,0,5.473673,4.342968,6.604389,0.592854,0.702737,0.482971,7.386926,6.228687,8.545165,0.6090466,0,2.131447,7.167144,6.088154,8.246135,9.796779,10,9.438146,-1,-1,-1,-1,-1,-1,-1,-1,-1,-1,-1,-1,-1,-1,-1,-1,-1,-1,-1,-1,-1,-1,-1,-1,-1,-1,-1,-1,-1,-1,-1,-1,-1,-1,-1,-1,-1,-1,-1,-1,-1,-1,-1,-1,-1,-1,-1,-1,-1,-1,0,0,0,0,0,0,-1,-1,-1,-1,-1,-1,-1,-1,-1,-1,-1,-1,0,0,0,0,0,0,-1,-1,-1,-1,-1,-1,-1,-1,-1,-1,-1,-1,-1,-1,False,False,0,0,False,209,0,0,0,0,0,0,0,0,0,0,0,0,0,0,0,1,
0,586,2026-02-23 12:17:58Z,LLM_Empathetic,6.910907,7.218805,6.603008,0.6471369,0,1.621693,0,0,0,0,0,0,5.473716,4.342983,6.604461,0.592854,0.702737,0.482971,7.386945,6.228677,8.545214,0.6090101,0,2.131411,7.167204,6.088186,8.246222,9.796899,10,9.438296,6.910907,7.218805,6.603008,0.6471369,0,1.621693,0,0,0,0,0,0,5.473716,4.342983,6.604461,0.592854,0.702737,0.482971,7.386945,6.228677,8.545214,0.6090101,0,2.131411,7.167204,6.088186,8.246222,9.796899,10,9.438296,-1,-1,-1,-1,-1,-1,-1,-1,-1,-1,-1,-1,-1,-1,-1,-1,-1,-1,-1,-1,-1,-1,-1,-1,-1,-1,-1,-1,-1,-1,-1,-1,-1,-1,-1,-1,-1,-1,-1,-1,-1,-1,-1,-1,-1,-1,-1,-1,-1,-1,0,0,0,0,0,0,-1,-1,-1,-1,-1,-1,-1,-1,-1,-1,-1,-1,0,0,0,0,0,0,-1,-1,-1,-1,-1,-1,-1,-1,-1,-1,-1,-1,-1,-1,False,False,0,0,False,209,0,0,0,0,0,0,0,0,0,0,0,0,0,0,0,1,
0,587,2026-02-23 12:17:58Z,LLM_Empathetic,6.91094,7.218812,6.603068,0.6470801,0,1.621661,0,0,0,0,0,0,5.47376,4.342997,6.604533,0.592854,0.702737,0.482971,7.386965,6.228667,8.545263,0.6089737,0,2.131374,7.167264,6.088218,8.24631,9.797018,10,9.438446,6.91094,7.218812,6.603068,0.6470801,0,1.621661,0,0,0,0,0,0,5.47376,4.342997,6.604533,0.592854,0.702737,0.482971,7.386965,6.228667,8.545263,0.6089737,0,2.131374,7.167264,6.088218,8.24631,9.797018,10,9.438446,-1,-1,-1,-1,-1,-1,-1,-1,-1,-1,-1,-1,-1,-1,-1,-1,-1,-1,-1,-1,-1,-1,-1,-1,-1,-1,-1,-1,-1,-1,-1,-1,-1,-1,-1,-1,-1,-1,-1,-1,-1,-1,-1,-1,-1,-1,-1,-1,-1,-1,0,0,0,0,0,0,-1,-1,-1,-1,-1,-1,-1,-1,-1,-1,-1,-1,0,0,0,0,0,0,-1,-1,-1,-1,-1,-1,-1,-1,-1,-1,-1,-1,-1,-1,False,False,0,0,False,209,0,0,0,0,0,0,0,0,0,0,0,0,0,0,0,1,
0,588,2026-02-23 12:17:58Z,LLM_Empathetic,6.910974,7.218818,6.603129,0.6470234,0,1.62163,0,0,0,0,0,0,5.473803,4.343011,6.604604,0.592854,0.702737,0.482971,7.386984,6.228657,8.545313,0.6089374,0,2.131338,7.167323,6.088251,8.246397,9.797137,10,9.438595,6.910974,7.218818,6.603129,0.6470234,0,1.62163,0,0,0,0,0,0,5.473803,4.343011,6.604604,0.592854,0.702737,0.482971,7.386984,6.228657,8.545313,0.6089374,0,2.131338,7.167323,6.088251,8.246397,9.797137,10,9.438595,-1,-1,-1,-1,-1,-1,-1,-1,-1,-1,-1,-1,-1,-1,-1,-1,-1,-1,-1,-1,-1,-1,-1,-1,-1,-1,-1,-1,-1,-1,-1,-1,-1,-1,-1,-1,-1,-1,-1,-1,-1,-1,-1,-1,-1,-1,-1,-1,-1,-1,0,0,0,0,0,0,-1,-1,-1,-1,-1,-1,-1,-1,-1,-1,-1,-1,0,0,0,0,0,0,-1,-1,-1,-1,-1,-1,-1,-1,-1,-1,-1,-1,-1,-1,False,False,0,0,False,207,0,0,0,0,0,0,0,0,0,0,0,0,0,0,0,1,
0,589,2026-02-23 12:17:58Z,LLM_Empathetic,6.911007,7.218823,6.60319,0.6469669,0,1.621599,0,0,0,0,0,0,5.473845,4.343025,6.604676,0.592854,0.702737,0.482971,7.387004,6.228647,8.545362,0.6089012,0,2.131302,7.167383,6.088283,8.246483,9.797256,10,9.438744,6.911007,7.218823,6.60319,0.6469669,0,1.621599,0,0,0,0,0,0,5.473845,4.343025,6.604676,0.592854,0.702737,0.482971,7.387004,6.228647,8.545362,0.6089012,0,2.131302,7.167383,6.088283,8.246483,9.797256,10,9.438744,-1,-1,-1,-1,-1,-1,-1,-1,-1,-1,-1,-1,-1,-1,-1,-1,-1,-1,-1,-1,-1,-1,-1,-1,-1,-1,-1,-1,-1,-1,-1,-1,-1,-1,-1,-1,-1,-1,-1,-1,-1,-1,-1,-1,-1,-1,-1,-1,-1,-1,0,0,0,0,0,0,-1,-1,-1,-1,-1,-1,-1,-1,-1,-1,-1,-1,0,0,0,0,0,0,-1,-1,-1,-1,-1,-1,-1,-1,-1,-1,-1,-1,-1,-1,False,False,0,0,False,207,0,0,0,0,0,0,0,0,0,0,0,0,0,0,0,1,
0,590,2026-02-23 12:17:58Z,LLM_Empathetic,6.91104,7.21883,6.60325,0.6469105,0,1.621568,0,0,0,0,0,0,5.473888,4.343039,6.604747,0.592854,0.702737,0.482971,7.387023,6.228637,8.54541,0.6088651,0,2.131265,7.167442,6.088315,8.24657,9.797374,10,9.438892,6.91104,7.21883,6.60325,0.6469105,0,1.621568,0,0,0,0,0,0,5.473888,4.343039,6.604747,0.592854,0.702737,0.482971,7.387023,6.228637,8.54541,0.6088651,0,2.131265,7.167442,6.088315,8.24657,9.797374,10,9.438892,-1,-1,-1,-1,-1,-1,-1,-1,-1,-1,-1,-1,-1,-1,-1,-1,-1,-1,-1,-1,-1,-1,-1,-1,-1,-1,-1,-1,-1,-1,-1,-1,-1,-1,-1,-1,-1,-1,-1,-1,-1,-1,-1,-1,-1,-1,-1,-1,-1,-1,0,0,0,0,0,0,-1,-1,-1,-1,-1,-1,-1,-1,-1,-1,-1,-1,0,0,0,0,0,0,-1,-1,-1,-1,-1,-1,-1,-1,-1,-1,-1,-1,-1,-1,False,False,0,0,False,207,0,0,0,0,0,0,0,0,0,0,0,0,0,0,0,1,
0,591,2026-02-23 12:17:58Z,LLM_Empathetic,6.911073,7.218836,6.60331,0.6468543,0,1.621537,0,0,0,0,0,0,5.47393,4.343053,6.604818,0.592854,0.702737,0.482971,7.387043,6.228627,8.54546,0.6088291,0,2.131229,7.167501,6.088347,8.246655,9.797492,10,9.43904,6.911073,7.218836,6.60331,0.6468543,0,1.621537,0,0,0,0,0,0,5.47393,4.343053,6.604818,0.592854,0.702737,0.482971,7.387043,6.228627,8.54546,0.6088291,0,2.131229,7.167501,6.088347,8.246655,9.797492,10,9.43904,-1,-1,-1,-1,-1,-1,-1,-1,-1,-1,-1,-1,-1,-1,-1,-1,-1,-1,-1,-1,-1,-1,-1,-1,-1,-1,-1,-1,-1,-1,-1,-1,-1,-1,-1,-1,-1,-1,-1,-1,-1,-1,-1,-1,-1,-1,-1,-1,-1,-1,0,0,0,0,0,0,-1,-1,-1,-1,-1,-1,-1,-1,-1,-1,-1,-1,0,0,0,0,0,0,-1,-1,-1,-1,-1,-1,-1,-1,-1,-1,-1,-1,-1,-1,False,False,0,0,False,207,0,0,0,0,0,0,0,0,0,0,0,0,0,0,0,1,
0,592,2026-02-23 12:17:58Z,LLM_Empathetic,6.911106,7.218842,6.60337,0.6467983,0,1.621506,0,0,0,0,0,0,5.473973,4.343067,6.604888,0.592854,0.702737,0.482971,7.387062,6.228617,8.545508,0.6087933,0,2.131194,7.16756,6.088379,8.246741,9.797609,10,9.439188,6.911106,7.218842,6.60337,0.6467983,0,1.621506,0,0,0,0,0,0,5.473973,4.343067,6.604888,0.592854,0.702737,0.482971,7.387062,6.228617,8.545508,0.6087933,0,2.131194,7.16756,6.088379,8.246741,9.797609,10,9.439188,-1,-1,-1,-1,-1,-1,-1,-1,-1,-1,-1,-1,-1,-1,-1,-1,-1,-1,-1,-1,-1,-1,-1,-1,-1,-1,-1,-1,-1,-1,-1,-1,-1,-1,-1,-1,-1,-1,-1,-1,-1,-1,-1,-1,-1,-1,-1,-1,-1,-1,0,0,0,0,0,0,-1,-1,-1,-1,-1,-1,-1,-1,-1,-1,-1,-1,0,0,0,0,0,0,-1,-1,-1,-1,-1,-1,-1,-1,-1,-1,-1,-1,-1,-1,False,False,0,0,False,207,0,0,0,0,0,0,0,0,0,0,0,0,0,0,0,1,
0,593,2026-02-23 12:17:58Z,LLM_Empathetic,6.911139,7.218847,6.60343,0.6467424,0,1.621475,0,0,0,0,0,0,5.474015,4.343081,6.604959,0.592854,0.702737,0.482971,7.387082,6.228607,8.545556,0.6087575,0,2.131158,7.167618,6.08841,8.246827,9.797727,10,9.439335,6.911139,7.218847,6.60343,0.6467424,0,1.621475,0,0,0,0,0,0,5.474015,4.343081,6.604959,0.592854,0.702737,0.482971,7.387082,6.228607,8.545556,0.6087575,0,2.131158,7.167618,6.08841,8.246827,9.797727,10,9.439335,-1,-1,-1,-1,-1,-1,-1,-1,-1,-1,-1,-1,-1,-1,-1,-1,-1,-1,-1,-1,-1,-1,-1,-1,-1,-1,-1,-1,-1,-1,-1,-1,-1,-1,-1,-1,-1,-1,-1,-1,-1,-1,-1,-1,-1,-1,-1,-1,-1,-1,0,0,0,0,0,0,-1,-1,-1,-1,-1,-1,-1,-1,-1,-1,-1,-1,0,0,0,0,0,0,-1,-1,-1,-1,-1,-1,-1,-1,-1,-1,-1,-1,-1,-1,False,False,0,0,False,209,0,0,0,0,0,0,0,0,0,0,0,0,0,0,0,1,
0,594,2026-02-23 12:17:58Z,LLM_Empathetic,6.911171,7.218853,6.603489,0.6466867,0,1.621444,0,0,0,0,0,0,5.474057,4.343095,6.60503,0.592854,0.702737,0.482971,7.387101,6.228597,8.545605,0.6087218,0,2.131122,7.167677,6.088442,8.246913,9.797843,10,9.439482,6.911171,7.218853,6.603489,0.6466867,0,1.621444,0,0,0,0,0,0,5.474057,4.343095,6.60503,0.592854,0.702737,0.482971,7.387101,6.228597,8.545605,0.6087218,0,2.131122,7.167677,6.088442,8.246913,9.797843,10,9.439482,-1,-1,-1,-1,-1,-1,-1,-1,-1,-1,-1,-1,-1,-1,-1,-1,-1,-1,-1,-1,-1,-1,-1,-1,-1,-1,-1,-1,-1,-1,-1,-1,-1,-1,-1,-1,-1,-1,-1,-1,-1,-1,-1,-1,-1,-1,-1,-1,-1,-1,0,0,0,0,0,0,-1,-1,-1,-1,-1,-1,-1,-1,-1,-1,-1,-1,0,0,0,0,0,0,-1,-1,-1,-1,-1,-1,-1,-1,-1,-1,-1,-1,-1,-1,False,False,0,0,False,209,0,0,0,0,0,0,0,0,0,0,0,0,0,0,0,1,
0,595,2026-02-23 12:17:58Z,LLM_Empathetic,6.911204,7.218859,6.603549,0.6466312,0,1.621414,0,0,0,0,0,0,5.474099,4.343109,6.6051,0.592854,0.702737,0.482971,7.38712,6.228587,8.545653,0.6086863,0,2.131087,7.167735,6.088474,8.246998,9.79796,10,9.439628,6.911204,7.218859,6.603549,0.6466312,0,1.621414,0,0,0,0,0,0,5.474099,4.343109,6.6051,0.592854,0.702737,0.482971,7.38712,6.228587,8.545653,0.6086863,0,2.131087,7.167735,6.088474,8.246998,9.79796,10,9.439628,-1,-1,-1,-1,-1,-1,-1,-1,-1,-1,-1,-1,-1,-1,-1,-1,-1,-1,-1,-1,-1,-1,-1,-1,-1,-1,-1,-1,-1,-1,-1,-1,-1,-1,-1,-1,-1,-1,-1,-1,-1,-1,-1,-1,-1,-1,-1,-1,-1,-1,0,0,0,0,0,0,-1,-1,-1,-1,-1,-1,-1,-1,-1,-1,-1,-1,0,0,0,0,0,0,-1,-1,-1,-1,-1,-1,-1,-1,-1,-1,-1,-1,-1,-1,False,False,0,0,False,209,0,0,0,0,0,0,0,0,0,0,0,0,0,0,0,1,
0,596,2026-02-23 12:17:58Z,LLM_Empathetic,6.911237,7.218865,6.603608,0.6465758,0,1.621383,0,0,0,0,0,0,5.474141,4.343123,6.60517,0.592854,0.702737,0.482971,7.387139,6.228577,8.545701,0.6086508,0,2.131051,7.167793,6.088505,8.247083,9.798077,10,9.439774,6.911237,7.218865,6.603608,0.6465758,0,1.621383,0,0,0,0,0,0,5.474141,4.343123,6.60517,0.592854,0.702737,0.482971,7.387139,6.228577,8.545701,0.6086508,0,2.131051,7.167793,6.088505,8.247083,9.798077,10,9.439774,-1,-1,-1,-1,-1,-1,-1,-1,-1,-1,-1,-1,-1,-1,-1,-1,-1,-1,-1,-1,-1,-1,-1,-1,-1,-1,-1,-1,-1,-1,-1,-1,-1,-1,-1,-1,-1,-1,-1,-1,-1,-1,-1,-1,-1,-1,-1,-1,-1,-1,0,0,0,0,0,0,-1,-1,-1,-1,-1,-1,-1,-1,-1,-1,-1,-1,0,0,0,0,0,0,-1,-1,-1,-1,-1,-1,-1,-1,-1,-1,-1,-1,-1,-1,False,False,0,0,False,207,0,0,0,0,0,0,0,0,0,0,0,0,0,0,0,1,
0,597,2026-02-23 12:17:58Z,LLM_Empathetic,6.911269,7.218871,6.603667,0.6465206,0,1.621353,0,0,0,0,0,0,5.474183,4.343137,6.605239,0.592854,0.702737,0.482971,7.387158,6.228568,8.545749,0.6086155,0,2.131016,7.167851,6.088537,8.247168,9.798192,10,9.439919,6.911269,7.218871,6.603667,0.6465206,0,1.621353,0,0,0,0,0,0,5.474183,4.343137,6.605239,0.592854,0.702737,0.482971,7.387158,6.228568,8.545749,0.6086155,0,2.131016,7.167851,6.088537,8.247168,9.798192,10,9.439919,-1,-1,-1,-1,-1,-1,-1,-1,-1,-1,-1,-1,-1,-1,-1,-1,-1,-1,-1,-1,-1,-1,-1,-1,-1,-1,-1,-1,-1,-1,-1,-1,-1,-1,-1,-1,-1,-1,-1,-1,-1,-1,-1,-1,-1,-1,-1,-1,-1,-1,0,0,0,0,0,0,-1,-1,-1,-1,-1,-1,-1,-1,-1,-1,-1,-1,0,0,0,0,0,0,-1,-1,-1,-1,-1,-1,-1,-1,-1,-1,-1,-1,-1,-1,False,False,0,0,False,207,0,0,0,0,0,0,0,0,0,0,0,0,0,0,0,1,
0,598,2026-02-23 12:17:58Z,LLM_Empathetic,6.911302,7.218877,6.603726,0.6464655,0,1.621323,0,0,0,0,0,0,5.474225,4.343151,6.605309,0.592854,0.702737,0.482971,7.387177,6.228558,8.545796,0.6085802,0,2.13098,7.167909,6.088568,8.247252,9.798307,10,9.440064,6.911302,7.218877,6.603726,0.6464655,0,1.621323,0,0,0,0,0,0,5.474225,4.343151,6.605309,0.592854,0.702737,0.482971,7.387177,6.228558,8.545796,0.6085802,0,2.13098,7.167909,6.088568,8.247252,9.798307,10,9.440064,-1,-1,-1,-1,-1,-1,-1,-1,-1,-1,-1,-1,-1,-1,-1,-1,-1,-1,-1,-1,-1,-1,-1,-1,-1,-1,-1,-1,-1,-1,-1,-1,-1,-1,-1,-1,-1,-1,-1,-1,-1,-1,-1,-1,-1,-1,-1,-1,-1,-1,0,0,0,0,0,0,-1,-1,-1,-1,-1,-1,-1,-1,-1,-1,-1,-1,0,0,0,0,0,0,-1,-1,-1,-1,-1,-1,-1,-1,-1,-1,-1,-1,-1,-1,False,False,0,0,False,207,0,0,0,0,0,0,0,0,0,0,0,0,0,0,0,1,
0,599,2026-02-23 12:17:58Z,LLM_Empathetic,6.911334,7.218883,6.603785,0.6464106,0,1.621292,0,0,0,0,0,0,5.474266,4.343164,6.605378,0.592854,0.702737,0.482971,7.387196,6.228548,8.545844,0.608545,0,2.130945,7.167967,6.088599,8.247335,9.798423,10,9.440208,6.911334,7.218883,6.603785,0.6464106,0,1.621292,0,0,0,0,0,0,5.474266,4.343164,6.605378,0.592854,0.702737,0.482971,7.387196,6.228548,8.545844,0.608545,0,2.130945,7.167967,6.088599,8.247335,9.798423,10,9.440208,-1,-1,-1,-1,-1,-1,-1,-1,-1,-1,-1,-1,-1,-1,-1,-1,-1,-1,-1,-1,-1,-1,-1,-1,-1,-1,-1,-1,-1,-1,-1,-1,-1,-1,-1,-1,-1,-1,-1,-1,-1,-1,-1,-1,-1,-1,-1,-1,-1,-1,0,0,0,0,0,0,-1,-1,-1,-1,-1,-1,-1,-1,-1,-1,-1,-1,0,0,0,0,0,0,-1,-1,-1,-1,-1,-1,-1,-1,-1,-1,-1,-1,-1,-1,False,False,0,0,False,209,0,0,0,0,0,0,0,0,0,0,0,0,0,0,0,1,
0,600,2026-02-23 12:17:58Z,LLM_Empathetic,6.911366,7.218889,6.603844,0.6463559,0,1.621262,0,0,0,0,0,0,5.474308,4.343178,6.605447,0.592854,0.702737,0.482971,7.387215,6.228538,8.545892,0.60851,0,2.13091,7.168025,6.08863,8.247419,9.798537,10,9.440353,6.911366,7.218889,6.603844,0.6463559,0,1.621262,0,0,0,0,0,0,5.474308,4.343178,6.605447,0.592854,0.702737,0.482971,7.387215,6.228538,8.545892,0.60851,0,2.13091,7.168025,6.08863,8.247419,9.798537,10,9.440353,-1,-1,-1,-1,-1,-1,-1,-1,-1,-1,-1,-1,-1,-1,-1,-1,-1,-1,-1,-1,-1,-1,-1,-1,-1,-1,-1,-1,-1,-1,-1,-1,-1,-1,-1,-1,-1,-1,-1,-1,-1,-1,-1,-1,-1,-1,-1,-1,-1,-1,0,0,0,0,0,0,-1,-1,-1,-1,-1,-1,-1,-1,-1,-1,-1,-1,0,0,0,0,0,0,-1,-1,-1,-1,-1,-1,-1,-1,-1,-1,-1,-1,-1,-1,False,False,0,0,False,209,0,0,0,0,0,0,0,0,0,0,0,0,0,0,0,1,
0,601,2026-02-23 12:17:58Z,LLM_Empathetic,6.911398,7.218894,6.603902,0.6463013,0,1.621232,0,0,0,0,0,0,5.474349,4.343192,6.605516,0.592854,0.702737,0.482971,7.387234,6.228528,8.545939,0.608475,0,2.130875,7.168082,6.088661,8.247503,9.798653,10,9.440496,6.911398,7.218894,6.603902,0.6463013,0,1.621232,0,0,0,0,0,0,5.474349,4.343192,6.605516,0.592854,0.702737,0.482971,7.387234,6.228528,8.545939,0.608475,0,2.130875,7.168082,6.088661,8.247503,9.798653,10,9.440496,-1,-1,-1,-1,-1,-1,-1,-1,-1,-1,-1,-1,-1,-1,-1,-1,-1,-1,-1,-1,-1,-1,-1,-1,-1,-1,-1,-1,-1,-1,-1,-1,-1,-1,-1,-1,-1,-1,-1,-1,-1,-1,-1,-1,-1,-1,-1,-1,-1,-1,0,0,0,0,0,0,-1,-1,-1,-1,-1,-1,-1,-1,-1,-1,-1,-1,0,0,0,0,0,0,-1,-1,-1,-1,-1,-1,-1,-1,-1,-1,-1,-1,-1,-1,False,False,0,0,False,209,0,0,0,0,0,0,0,0,0,0,0,0,0,0,0,1,
0,602,2026-02-23 12:17:58Z,LLM_Empathetic,6.91143,7.2189,6.603961,0.6462469,0,1.621202,0,0,0,0,0,0,5.47439,4.343205,6.605585,0.592854,0.702737,0.482971,7.387252,6.228519,8.545986,0.6084402,0,2.130841,7.168139,6.088692,8.247586,9.798766,10,9.44064,6.91143,7.2189,6.603961,0.6462469,0,1.621202,0,0,0,0,0,0,5.47439,4.343205,6.605585,0.592854,0.702737,0.482971,7.387252,6.228519,8.545986,0.6084402,0,2.130841,7.168139,6.088692,8.247586,9.798766,10,9.44064,-1,-1,-1,-1,-1,-1,-1,-1,-1,-1,-1,-1,-1,-1,-1,-1,-1,-1,-1,-1,-1,-1,-1,-1,-1,-1,-1,-1,-1,-1,-1,-1,-1,-1,-1,-1,-1,-1,-1,-1,-1,-1,-1,-1,-1,-1,-1,-1,-1,-1,0,0,0,0,0,0,-1,-1,-1,-1,-1,-1,-1,-1,-1,-1,-1,-1,0,0,0,0,0,0,-1,-1,-1,-1,-1,-1,-1,-1,-1,-1,-1,-1,-1,-1,False,False,0,0,False,209,0,0,0,0,0,0,0,0,0,0,0,0,0,0,0,1,
0,603,2026-02-23 12:17:58Z,LLM_Empathetic,6.911462,7.218906,6.604018,0.6461927,0,1.621172,0,0,0,0,0,0,5.474431,4.343219,6.605654,0.592854,0.702737,0.482971,7.387271,6.228509,8.546034,0.6084054,0,2.130806,7.168196,6.088723,8.247669,9.798881,10,9.440783,6.911462,7.218906,6.604018,0.6461927,0,1.621172,0,0,0,0,0,0,5.474431,4.343219,6.605654,0.592854,0.702737,0.482971,7.387271,6.228509,8.546034,0.6084054,0,2.130806,7.168196,6.088723,8.247669,9.798881,10,9.440783,-1,-1,-1,-1,-1,-1,-1,-1,-1,-1,-1,-1,-1,-1,-1,-1,-1,-1,-1,-1,-1,-1,-1,-1,-1,-1,-1,-1,-1,-1,-1,-1,-1,-1,-1,-1,-1,-1,-1,-1,-1,-1,-1,-1,-1,-1,-1,-1,-1,-1,0,0,0,0,0,0,-1,-1,-1,-1,-1,-1,-1,-1,-1,-1,-1,-1,0,0,0,0,0,0,-1,-1,-1,-1,-1,-1,-1,-1,-1,-1,-1,-1,-1,-1,False,False,0,0,False,209,0,0,0,0,0,0,0,0,0,0,0,0,0,0,0,1,
0,604,2026-02-23 12:17:58Z,LLM_Empathetic,6.911494,7.218912,6.604076,0.6461385,0,1.621142,0,0,0,0,0,0,5.474472,4.343233,6.605722,0.592854,0.702737,0.482971,7.38729,6.228499,8.546081,0.6083708,0,2.130771,7.168253,6.088754,8.247752,9.798994,10,9.440926,6.911494,7.218912,6.604076,0.6461385,0,1.621142,0,0,0,0,0,0,5.474472,4.343233,6.605722,0.592854,0.702737,0.482971,7.38729,6.228499,8.546081,0.6083708,0,2.130771,7.168253,6.088754,8.247752,9.798994,10,9.440926,-1,-1,-1,-1,-1,-1,-1,-1,-1,-1,-1,-1,-1,-1,-1,-1,-1,-1,-1,-1,-1,-1,-1,-1,-1,-1,-1,-1,-1,-1,-1,-1,-1,-1,-1,-1,-1,-1,-1,-1,-1,-1,-1,-1,-1,-1,-1,-1,-1,-1,0,0,0,0,0,0,-1,-1,-1,-1,-1,-1,-1,-1,-1,-1,-1,-1,0,0,0,0,0,0,-1,-1,-1,-1,-1,-1,-1,-1,-1,-1,-1,-1,-1,-1,False,False,0,0,False,209,0,0,0,0,0,0,0,0,0,0,0,0,0,0,0,1,
0,605,2026-02-23 12:17:58Z,LLM_Empathetic,6.911526,7.218917,6.604134,0.6460846,0,1.621112,0,0,0,0,0,0,5.474513,4.343246,6.60579,0.592854,0.702737,0.482971,7.387309,6.22849,8.546127,0.6083363,0,2.130737,7.16831,6.088785,8.247835,9.799107,10,9.441068,6.911526,7.218917,6.604134,0.6460846,0,1.621112,0,0,0,0,0,0,5.474513,4.343246,6.60579,0.592854,0.702737,0.482971,7.387309,6.22849,8.546127,0.6083363,0,2.130737,7.16831,6.088785,8.247835,9.799107,10,9.441068,-1,-1,-1,-1,-1,-1,-1,-1,-1,-1,-1,-1,-1,-1,-1,-1,-1,-1,-1,-1,-1,-1,-1,-1,-1,-1,-1,-1,-1,-1,-1,-1,-1,-1,-1,-1,-1,-1,-1,-1,-1,-1,-1,-1,-1,-1,-1,-1,-1,-1,0,0,0,0,0,0,-1,-1,-1,-1,-1,-1,-1,-1,-1,-1,-1,-1,0,0,0,0,0,0,-1,-1,-1,-1,-1,-1,-1,-1,-1,-1,-1,-1,-1,-1,False,False,0,0,False,207,0,0,0,0,0,0,0,0,0,0,0,0,0,0,0,1,
0,606,2026-02-23 12:17:58Z,LLM_Empathetic,6.911558,7.218923,6.604192,0.6460308,0,1.621083,0,0,0,0,0,0,5.474554,4.343259,6.605858,0.592854,0.702737,0.482971,7.387327,6.22848,8.546174,0.6083018,0,2.130702,7.168366,6.088815,8.247918,9.79922,10,9.441209,6.911558,7.218923,6.604192,0.6460308,0,1.621083,0,0,0,0,0,0,5.474554,4.343259,6.605858,0.592854,0.702737,0.482971,7.387327,6.22848,8.546174,0.6083018,0,2.130702,7.168366,6.088815,8.247918,9.79922,10,9.441209,-1,-1,-1,-1,-1,-1,-1,-1,-1,-1,-1,-1,-1,-1,-1,-1,-1,-1,-1,-1,-1,-1,-1,-1,-1,-1,-1,-1,-1,-1,-1,-1,-1,-1,-1,-1,-1,-1,-1,-1,-1,-1,-1,-1,-1,-1,-1,-1,-1,-1,0,0,0,0,0,0,-1,-1,-1,-1,-1,-1,-1,-1,-1,-1,-1,-1,0,0,0,0,0,0,-1,-1,-1,-1,-1,-1,-1,-1,-1,-1,-1,-1,-1,-1,False,False,0,0,False,209,0,0,0,0,0,0,0,0,0,0,0,0,0,0,0,1,
0,607,2026-02-23 12:17:58Z,LLM_Empathetic,6.911589,7.218929,6.604249,0.6459772,0,1.621053,0,0,0,0,0,0,5.474594,4.343273,6.605926,0.592854,0.702737,0.482971,7.387345,6.228471,8.546221,0.6082674,0,2.130668,7.168422,6.088846,8.248,9.799333,10,9.441351,6.911589,7.218929,6.604249,0.6459772,0,1.621053,0,0,0,0,0,0,5.474594,4.343273,6.605926,0.592854,0.702737,0.482971,7.387345,6.228471,8.546221,0.6082674,0,2.130668,7.168422,6.088846,8.248,9.799333,10,9.441351,-1,-1,-1,-1,-1,-1,-1,-1,-1,-1,-1,-1,-1,-1,-1,-1,-1,-1,-1,-1,-1,-1,-1,-1,-1,-1,-1,-1,-1,-1,-1,-1,-1,-1,-1,-1,-1,-1,-1,-1,-1,-1,-1,-1,-1,-1,-1,-1,-1,-1,0,0,0,0,0,0,-1,-1,-1,-1,-1,-1,-1,-1,-1,-1,-1,-1,0,0,0,0,0,0,-1,-1,-1,-1,-1,-1,-1,-1,-1,-1,-1,-1,-1,-1,False,False,0,0,False,209,0,0,0,0,0,0,0,0,0,0,0,0,0,0,0,1,
0,608,2026-02-23 12:17:58Z,LLM_Empathetic,6.911621,7.218935,6.604306,0.6459237,0,1.621024,0,0,0,0,0,0,5.474635,4.343286,6.605993,0.592854,0.702737,0.482971,7.387364,6.228461,8.546267,0.6082332,0,2.130634,7.168478,6.088876,8.248082,9.799445,10,9.441491,6.911621,7.218935,6.604306,0.6459237,0,1.621024,0,0,0,0,0,0,5.474635,4.343286,6.605993,0.592854,0.702737,0.482971,7.387364,6.228461,8.546267,0.6082332,0,2.130634,7.168478,6.088876,8.248082,9.799445,10,9.441491,-1,-1,-1,-1,-1,-1,-1,-1,-1,-1,-1,-1,-1,-1,-1,-1,-1,-1,-1,-1,-1,-1,-1,-1,-1,-1,-1,-1,-1,-1,-1,-1,-1,-1,-1,-1,-1,-1,-1,-1,-1,-1,-1,-1,-1,-1,-1,-1,-1,-1,0,0,0,0,0,0,-1,-1,-1,-1,-1,-1,-1,-1,-1,-1,-1,-1,0,0,0,0,0,0,-1,-1,-1,-1,-1,-1,-1,-1,-1,-1,-1,-1,-1,-1,False,False,0,0,False,209,0,0,0,0,0,0,0,0,0,0,0,0,0,0,0,1,
0,609,2026-02-23 12:17:58Z,LLM_Empathetic,6.911652,7.21894,6.604363,0.6458704,0,1.620994,0,0,0,0,0,0,5.474675,4.343299,6.606061,0.592854,0.702737,0.482971,7.387383,6.228452,8.546313,0.6081991,0,2.130599,7.168535,6.088906,8.248163,9.799557,10,9.441632,6.911652,7.21894,6.604363,0.6458704,0,1.620994,0,0,0,0,0,0,5.474675,4.343299,6.606061,0.592854,0.702737,0.482971,7.387383,6.228452,8.546313,0.6081991,0,2.130599,7.168535,6.088906,8.248163,9.799557,10,9.441632,-1,-1,-1,-1,-1,-1,-1,-1,-1,-1,-1,-1,-1,-1,-1,-1,-1,-1,-1,-1,-1,-1,-1,-1,-1,-1,-1,-1,-1,-1,-1,-1,-1,-1,-1,-1,-1,-1,-1,-1,-1,-1,-1,-1,-1,-1,-1,-1,-1,-1,0,0,0,0,0,0,-1,-1,-1,-1,-1,-1,-1,-1,-1,-1,-1,-1,0,0,0,0,0,0,-1,-1,-1,-1,-1,-1,-1,-1,-1,-1,-1,-1,-1,-1,False,False,0,0,False,209,0,0,0,0,0,0,0,0,0,0,0,0,0,0,0,1,
0,610,2026-02-23 12:17:58Z,LLM_Empathetic,6.911683,7.218946,6.60442,0.6458172,0,1.620965,0,0,0,0,0,0,5.474715,4.343313,6.606128,0.592854,0.702737,0.482971,7.387401,6.228443,8.546359,0.608165,0,2.130565,7.168591,6.088937,8.248245,9.799668,10,9.441772,6.911683,7.218946,6.60442,0.6458172,0,1.620965,0,0,0,0,0,0,5.474715,4.343313,6.606128,0.592854,0.702737,0.482971,7.387401,6.228443,8.546359,0.608165,0,2.130565,7.168591,6.088937,8.248245,9.799668,10,9.441772,-1,-1,-1,-1,-1,-1,-1,-1,-1,-1,-1,-1,-1,-1,-1,-1,-1,-1,-1,-1,-1,-1,-1,-1,-1,-1,-1,-1,-1,-1,-1,-1,-1,-1,-1,-1,-1,-1,-1,-1,-1,-1,-1,-1,-1,-1,-1,-1,-1,-1,0,0,0,0,0,0,-1,-1,-1,-1,-1,-1,-1,-1,-1,-1,-1,-1,0,0,0,0,0,0,-1,-1,-1,-1,-1,-1,-1,-1,-1,-1,-1,-1,-1,-1,False,False,0,0,False,209,0,0,0,0,0,0,0,0,0,0,0,0,0,0,0,1,
0,611,2026-02-23 12:17:58Z,LLM_Empathetic,6.911715,7.218952,6.604477,0.6457642,0,1.620936,0,0,0,0,0,0,5.474755,4.343326,6.606195,0.592854,0.702737,0.482971,7.387419,6.228433,8.546405,0.6081311,0,2.130531,7.168646,6.088967,8.248326,9.79978,10,9.441912,6.911715,7.218952,6.604477,0.6457642,0,1.620936,0,0,0,0,0,0,5.474755,4.343326,6.606195,0.592854,0.702737,0.482971,7.387419,6.228433,8.546405,0.6081311,0,2.130531,7.168646,6.088967,8.248326,9.79978,10,9.441912,-1,-1,-1,-1,-1,-1,-1,-1,-1,-1,-1,-1,-1,-1,-1,-1,-1,-1,-1,-1,-1,-1,-1,-1,-1,-1,-1,-1,-1,-1,-1,-1,-1,-1,-1,-1,-1,-1,-1,-1,-1,-1,-1,-1,-1,-1,-1,-1,-1,-1,0,0,0,0,0,0,-1,-1,-1,-1,-1,-1,-1,-1,-1,-1,-1,-1,0,0,0,0,0,0,-1,-1,-1,-1,-1,-1,-1,-1,-1,-1,-1,-1,-1,-1,False,False,0,0,False,209,0,0,0,0,0,0,0,0,0,0,0,0,0,0,0,1,
0,612,2026-02-23 12:17:58Z,LLM_Empathetic,6.911746,7.218957,6.604534,0.6457113,0,1.620906,0,0,0,0,0,0,5.474795,4.343339,6.606262,0.592854,0.702737,0.482971,7.387437,6.228424,8.546452,0.6080972,0,2.130497,7.168702,6.088997,8.248407,9.799891,10,9.442051,6.911746,7.218957,6.604534,0.6457113,0,1.620906,0,0,0,0,0,0,5.474795,4.343339,6.606262,0.592854,0.702737,0.482971,7.387437,6.228424,8.546452,0.6080972,0,2.130497,7.168702,6.088997,8.248407,9.799891,10,9.442051,-1,-1,-1,-1,-1,-1,-1,-1,-1,-1,-1,-1,-1,-1,-1,-1,-1,-1,-1,-1,-1,-1,-1,-1,-1,-1,-1,-1,-1,-1,-1,-1,-1,-1,-1,-1,-1,-1,-1,-1,-1,-1,-1,-1,-1,-1,-1,-1,-1,-1,0,0,0,0,0,0,-1,-1,-1,-1,-1,-1,-1,-1,-1,-1,-1,-1,0,0,0,0,0,0,-1,-1,-1,-1,-1,-1,-1,-1,-1,-1,-1,-1,-1,-1,False,False,0,0,False,207,0,0,0,0,0,0,0,0,0,0,0,0,0,0,0,1,
0,613,2026-02-23 12:17:58Z,LLM_Empathetic,6.911777,7.218963,6.60459,0.6456586,0,1.620877,0,0,0,0,0,0,5.474835,4.343352,6.606328,0.592854,0.702737,0.482971,7.387455,6.228415,8.546497,0.6080634,0,2.130464,7.168757,6.089027,8.248488,9.800001,10,9.44219,6.911777,7.218963,6.60459,0.6456586,0,1.620877,0,0,0,0,0,0,5.474835,4.343352,6.606328,0.592854,0.702737,0.482971,7.387455,6.228415,8.546497,0.6080634,0,2.130464,7.168757,6.089027,8.248488,9.800001,10,9.44219,-1,-1,-1,-1,-1,-1,-1,-1,-1,-1,-1,-1,-1,-1,-1,-1,-1,-1,-1,-1,-1,-1,-1,-1,-1,-1,-1,-1,-1,-1,-1,-1,-1,-1,-1,-1,-1,-1,-1,-1,-1,-1,-1,-1,-1,-1,-1,-1,-1,-1,0,0,0,0,0,0,-1,-1,-1,-1,-1,-1,-1,-1,-1,-1,-1,-1,0,0,0,0,0,0,-1,-1,-1,-1,-1,-1,-1,-1,-1,-1,-1,-1,-1,-1,False,False,0,0,False,209,0,0,0,0,0,0,0,0,0,0,0,0,0,0,0,1,
0,614,2026-02-23 12:17:58Z,LLM_Empathetic,6.911808,7.218968,6.604646,0.645606,0,1.620848,0,0,0,0,0,0,5.474875,4.343366,6.606395,0.592854,0.702737,0.482971,7.387474,6.228405,8.546542,0.6080297,0,2.13043,7.168812,6.089057,8.248569,9.800112,10,9.442328,6.911808,7.218968,6.604646,0.645606,0,1.620848,0,0,0,0,0,0,5.474875,4.343366,6.606395,0.592854,0.702737,0.482971,7.387474,6.228405,8.546542,0.6080297,0,2.13043,7.168812,6.089057,8.248569,9.800112,10,9.442328,-1,-1,-1,-1,-1,-1,-1,-1,-1,-1,-1,-1,-1,-1,-1,-1,-1,-1,-1,-1,-1,-1,-1,-1,-1,-1,-1,-1,-1,-1,-1,-1,-1,-1,-1,-1,-1,-1,-1,-1,-1,-1,-1,-1,-1,-1,-1,-1,-1,-1,0,0,0,0,0,0,-1,-1,-1,-1,-1,-1,-1,-1,-1,-1,-1,-1,0,0,0,0,0,0,-1,-1,-1,-1,-1,-1,-1,-1,-1,-1,-1,-1,-1,-1,False,False,0,0,False,209,0,0,0,0,0,0,0,0,0,0,0,0,0,0,0,1,
0,615,2026-02-23 12:17:58Z,LLM_Empathetic,6.911839,7.218974,6.604702,0.6455535,0,1.62082,0,0,0,0,0,0,5.474915,4.343379,6.606461,0.592854,0.702737,0.482971,7.387492,6.228396,8.546588,0.6079962,0,2.130397,7.168868,6.089087,8.248649,9.800221,10,9.442467,6.911839,7.218974,6.604702,0.6455535,0,1.62082,0,0,0,0,0,0,5.474915,4.343379,6.606461,0.592854,0.702737,0.482971,7.387492,6.228396,8.546588,0.6079962,0,2.130397,7.168868,6.089087,8.248649,9.800221,10,9.442467,-1,-1,-1,-1,-1,-1,-1,-1,-1,-1,-1,-1,-1,-1,-1,-1,-1,-1,-1,-1,-1,-1,-1,-1,-1,-1,-1,-1,-1,-1,-1,-1,-1,-1,-1,-1,-1,-1,-1,-1,-1,-1,-1,-1,-1,-1,-1,-1,-1,-1,0,0,0,0,0,0,-1,-1,-1,-1,-1,-1,-1,-1,-1,-1,-1,-1,0,0,0,0,0,0,-1,-1,-1,-1,-1,-1,-1,-1,-1,-1,-1,-1,-1,-1,False,False,0,0,False,207,0,0,0,0,0,0,0,0,0,0,0,0,0,0,0,1,
0,616,2026-02-23 12:17:59Z,LLM_Empathetic,6.911869,7.21898,6.604758,0.6455013,0,1.620791,0,0,0,0,0,0,5.474954,4.343392,6.606527,0.592854,0.702737,0.482971,7.38751,6.228386,8.546634,0.6079627,0,2.130363,7.168922,6.089117,8.24873,9.800331,10,9.442604,6.911869,7.21898,6.604758,0.6455013,0,1.620791,0,0,0,0,0,0,5.474954,4.343392,6.606527,0.592854,0.702737,0.482971,7.38751,6.228386,8.546634,0.6079627,0,2.130363,7.168922,6.089117,8.24873,9.800331,10,9.442604,-1,-1,-1,-1,-1,-1,-1,-1,-1,-1,-1,-1,-1,-1,-1,-1,-1,-1,-1,-1,-1,-1,-1,-1,-1,-1,-1,-1,-1,-1,-1,-1,-1,-1,-1,-1,-1,-1,-1,-1,-1,-1,-1,-1,-1,-1,-1,-1,-1,-1,0,0,0,0,0,0,-1,-1,-1,-1,-1,-1,-1,-1,-1,-1,-1,-1,0,0,0,0,0,0,-1,-1,-1,-1,-1,-1,-1,-1,-1,-1,-1,-1,-1,-1,False,False,0,0,False,209,0,0,0,0,0,0,0,0,0,0,0,0,0,0,0,1,
0,617,2026-02-23 12:17:59Z,LLM_Empathetic,6.9119,7.218985,6.604814,0.6454491,0,1.620762,0,0,0,0,0,0,5.474994,4.343405,6.606593,0.592854,0.702737,0.482971,7.387528,6.228377,8.546679,0.6079293,0,2.13033,7.168977,6.089146,8.248809,9.800441,10,9.442741,6.9119,7.218985,6.604814,0.6454491,0,1.620762,0,0,0,0,0,0,5.474994,4.343405,6.606593,0.592854,0.702737,0.482971,7.387528,6.228377,8.546679,0.6079293,0,2.13033,7.168977,6.089146,8.248809,9.800441,10,9.442741,-1,-1,-1,-1,-1,-1,-1,-1,-1,-1,-1,-1,-1,-1,-1,-1,-1,-1,-1,-1,-1,-1,-1,-1,-1,-1,-1,-1,-1,-1,-1,-1,-1,-1,-1,-1,-1,-1,-1,-1,-1,-1,-1,-1,-1,-1,-1,-1,-1,-1,0,0,0,0,0,0,-1,-1,-1,-1,-1,-1,-1,-1,-1,-1,-1,-1,0,0,0,0,0,0,-1,-1,-1,-1,-1,-1,-1,-1,-1,-1,-1,-1,-1,-1,False,False,0,0,False,207,0,0,0,0,0,0,0,0,0,0,0,0,0,0,0,1,
0,618,2026-02-23 12:17:59Z,LLM_Empathetic,6.911931,7.218991,6.60487,0.6453971,0,1.620733,0,0,0,0,0,0,5.475033,4.343418,6.606658,0.592854,0.702737,0.482971,7.387546,6.228368,8.546723,0.607896,0,2.130296,7.169032,6.089176,8.248889,9.80055,10,9.442879,6.911931,7.218991,6.60487,0.6453971,0,1.620733,0,0,0,0,0,0,5.475033,4.343418,6.606658,0.592854,0.702737,0.482971,7.387546,6.228368,8.546723,0.607896,0,2.130296,7.169032,6.089176,8.248889,9.80055,10,9.442879,-1,-1,-1,-1,-1,-1,-1,-1,-1,-1,-1,-1,-1,-1,-1,-1,-1,-1,-1,-1,-1,-1,-1,-1,-1,-1,-1,-1,-1,-1,-1,-1,-1,-1,-1,-1,-1,-1,-1,-1,-1,-1,-1,-1,-1,-1,-1,-1,-1,-1,0,0,0,0,0,0,-1,-1,-1,-1,-1,-1,-1,-1,-1,-1,-1,-1,0,0,0,0,0,0,-1,-1,-1,-1,-1,-1,-1,-1,-1,-1,-1,-1,-1,-1,False,False,0,0,False,209,0,0,0,0,0,0,0,0,0,0,0,0,0,0,0,1,
0,619,2026-02-23 12:17:59Z,LLM_Empathetic,6.911961,7.218997,6.604925,0.6453453,0,1.620705,0,0,0,0,0,0,5.475072,4.343431,6.606724,0.592854,0.702737,0.482971,7.387564,6.228359,8.546769,0.6078628,0,2.130263,7.169086,6.089205,8.248968,9.800658,10,9.443015,6.911961,7.218997,6.604925,0.6453453,0,1.620705,0,0,0,0,0,0,5.475072,4.343431,6.606724,0.592854,0.702737,0.482971,7.387564,6.228359,8.546769,0.6078628,0,2.130263,7.169086,6.089205,8.248968,9.800658,10,9.443015,-1,-1,-1,-1,-1,-1,-1,-1,-1,-1,-1,-1,-1,-1,-1,-1,-1,-1,-1,-1,-1,-1,-1,-1,-1,-1,-1,-1,-1,-1,-1,-1,-1,-1,-1,-1,-1,-1,-1,-1,-1,-1,-1,-1,-1,-1,-1,-1,-1,-1,0,0,0,0,0,0,-1,-1,-1,-1,-1,-1,-1,-1,-1,-1,-1,-1,0,0,0,0,0,0,-1,-1,-1,-1,-1,-1,-1,-1,-1,-1,-1,-1,-1,-1,False,False,0,0,False,207,0,0,0,0,0,0,0,0,0,0,0,0,0,0,0,1,
0,620,2026-02-23 12:17:59Z,LLM_Empathetic,6.911991,7.219002,6.60498,0.6452936,0,1.620676,0,0,0,0,0,0,5.475111,4.343444,6.606789,0.592854,0.702737,0.482971,7.387581,6.22835,8.546814,0.6078297,0,2.13023,7.16914,6.089234,8.249047,9.800767,10,9.443151,6.911991,7.219002,6.60498,0.6452936,0,1.620676,0,0,0,0,0,0,5.475111,4.343444,6.606789,0.592854,0.702737,0.482971,7.387581,6.22835,8.546814,0.6078297,0,2.13023,7.16914,6.089234,8.249047,9.800767,10,9.443151,-1,-1,-1,-1,-1,-1,-1,-1,-1,-1,-1,-1,-1,-1,-1,-1,-1,-1,-1,-1,-1,-1,-1,-1,-1,-1,-1,-1,-1,-1,-1,-1,-1,-1,-1,-1,-1,-1,-1,-1,-1,-1,-1,-1,-1,-1,-1,-1,-1,-1,0,0,0,0,0,0,-1,-1,-1,-1,-1,-1,-1,-1,-1,-1,-1,-1,0,0,0,0,0,0,-1,-1,-1,-1,-1,-1,-1,-1,-1,-1,-1,-1,-1,-1,False,False,0,0,False,209,0,0,0,0,0,0,0,0,0,0,0,0,0,0,0,1,
0,621,2026-02-23 12:17:59Z,LLM_Empathetic,6.912022,7.219007,6.605036,0.645242,0,1.620648,0,0,0,0,0,0,5.475151,4.343457,6.606854,0.592854,0.702737,0.482971,7.387599,6.228341,8.546859,0.6077967,0,2.130197,7.169195,6.089264,8.249126,9.800876,10,9.443287,6.912022,7.219007,6.605036,0.645242,0,1.620648,0,0,0,0,0,0,5.475151,4.343457,6.606854,0.592854,0.702737,0.482971,7.387599,6.228341,8.546859,0.6077967,0,2.130197,7.169195,6.089264,8.249126,9.800876,10,9.443287,-1,-1,-1,-1,-1,-1,-1,-1,-1,-1,-1,-1,-1,-1,-1,-1,-1,-1,-1,-1,-1,-1,-1,-1,-1,-1,-1,-1,-1,-1,-1,-1,-1,-1,-1,-1,-1,-1,-1,-1,-1,-1,-1,-1,-1,-1,-1,-1,-1,-1,0,0,0,0,0,0,-1,-1,-1,-1,-1,-1,-1,-1,-1,-1,-1,-1,0,0,0,0,0,0,-1,-1,-1,-1,-1,-1,-1,-1,-1,-1,-1,-1,-1,-1,False,False,0,0,False,207,0,0,0,0,0,0,0,0,0,0,0,0,0,0,0,1,
0,622,2026-02-23 12:17:59Z,LLM_Empathetic,6.912052,7.219013,6.605091,0.6451907,0,1.620619,0,0,0,0,0,0,5.475189,4.34347,6.606919,0.592854,0.702737,0.482971,7.387617,6.228332,8.546903,0.6077638,0,2.130164,7.169249,6.089293,8.249206,9.800983,10,9.443422,6.912052,7.219013,6.605091,0.6451907,0,1.620619,0,0,0,0,0,0,5.475189,4.34347,6.606919,0.592854,0.702737,0.482971,7.387617,6.228332,8.546903,0.6077638,0,2.130164,7.169249,6.089293,8.249206,9.800983,10,9.443422,-1,-1,-1,-1,-1,-1,-1,-1,-1,-1,-1,-1,-1,-1,-1,-1,-1,-1,-1,-1,-1,-1,-1,-1,-1,-1,-1,-1,-1,-1,-1,-1,-1,-1,-1,-1,-1,-1,-1,-1,-1,-1,-1,-1,-1,-1,-1,-1,-1,-1,0,0,0,0,0,0,-1,-1,-1,-1,-1,-1,-1,-1,-1,-1,-1,-1,0,0,0,0,0,0,-1,-1,-1,-1,-1,-1,-1,-1,-1,-1,-1,-1,-1,-1,False,False,0,0,False,207,0,0,0,0,0,0,0,0,0,0,0,0,0,0,0,1,
0,623,2026-02-23 12:17:59Z,LLM_Empathetic,6.912082,7.219018,6.605146,0.6451393,0,1.620591,0,0,0,0,0,0,5.475228,4.343482,6.606984,0.592854,0.702737,0.482971,7.387635,6.228322,8.546947,0.6077309,0,2.130131,7.169302,6.089322,8.249284,9.801091,10,9.443557,6.912082,7.219018,6.605146,0.6451393,0,1.620591,0,0,0,0,0,0,5.475228,4.343482,6.606984,0.592854,0.702737,0.482971,7.387635,6.228322,8.546947,0.6077309,0,2.130131,7.169302,6.089322,8.249284,9.801091,10,9.443557,-1,-1,-1,-1,-1,-1,-1,-1,-1,-1,-1,-1,-1,-1,-1,-1,-1,-1,-1,-1,-1,-1,-1,-1,-1,-1,-1,-1,-1,-1,-1,-1,-1,-1,-1,-1,-1,-1,-1,-1,-1,-1,-1,-1,-1,-1,-1,-1,-1,-1,0,0,0,0,0,0,-1,-1,-1,-1,-1,-1,-1,-1,-1,-1,-1,-1,0,0,0,0,0,0,-1,-1,-1,-1,-1,-1,-1,-1,-1,-1,-1,-1,-1,-1,False,False,0,0,False,207,0,0,0,0,0,0,0,0,0,0,0,0,0,0,0,1,
0,624,2026-02-23 12:17:59Z,LLM_Empathetic,6.912112,7.219024,6.6052,0.6450883,0,1.620563,0,0,0,0,0,0,5.475267,4.343495,6.607049,0.592854,0.702737,0.482971,7.387652,6.228313,8.546992,0.6076982,0,2.130099,7.169356,6.089351,8.249362,9.801198,10,9.443692,6.912112,7.219024,6.6052,0.6450883,0,1.620563,0,0,0,0,0,0,5.475267,4.343495,6.607049,0.592854,0.702737,0.482971,7.387652,6.228313,8.546992,0.6076982,0,2.130099,7.169356,6.089351,8.249362,9.801198,10,9.443692,-1,-1,-1,-1,-1,-1,-1,-1,-1,-1,-1,-1,-1,-1,-1,-1,-1,-1,-1,-1,-1,-1,-1,-1,-1,-1,-1,-1,-1,-1,-1,-1,-1,-1,-1,-1,-1,-1,-1,-1,-1,-1,-1,-1,-1,-1,-1,-1,-1,-1,0,0,0,0,0,0,-1,-1,-1,-1,-1,-1,-1,-1,-1,-1,-1,-1,0,0,0,0,0,0,-1,-1,-1,-1,-1,-1,-1,-1,-1,-1,-1,-1,-1,-1,False,False,0,0,False,207,0,0,0,0,0,0,0,0,0,0,0,0,0,0,0,1,
0,625,2026-02-23 12:17:59Z,LLM_Empathetic,6.912142,7.219029,6.605255,0.6450372,0,1.620535,0,0,0,0,0,0,5.475306,4.343508,6.607113,0.592854,0.702737,0.482971,7.38767,6.228304,8.547036,0.6076655,0,2.130066,7.16941,6.08938,8.24944,9.801305,10,9.443826,6.912142,7.219029,6.605255,0.6450372,0,1.620535,0,0,0,0,0,0,5.475306,4.343508,6.607113,0.592854,0.702737,0.482971,7.38767,6.228304,8.547036,0.6076655,0,2.130066,7.16941,6.08938,8.24944,9.801305,10,9.443826,-1,-1,-1,-1,-1,-1,-1,-1,-1,-1,-1,-1,-1,-1,-1,-1,-1,-1,-1,-1,-1,-1,-1,-1,-1,-1,-1,-1,-1,-1,-1,-1,-1,-1,-1,-1,-1,-1,-1,-1,-1,-1,-1,-1,-1,-1,-1,-1,-1,-1,0,0,0,0,0,0,-1,-1,-1,-1,-1,-1,-1,-1,-1,-1,-1,-1,0,0,0,0,0,0,-1,-1,-1,-1,-1,-1,-1,-1,-1,-1,-1,-1,-1,-1,False,False,0,0,False,207,0,0,0,0,0,0,0,0,0,0,0,0,0,0,0,1,
0,626,2026-02-23 12:17:59Z,LLM_Empathetic,6.912172,7.219035,6.605309,0.6449864,0,1.620507,0,0,0,0,0,0,5.475344,4.343521,6.607177,0.592854,0.702737,0.482971,7.387687,6.228295,8.54708,0.607633,0,2.130033,7.169463,6.089409,8.249518,9.801412,10,9.44396,6.912172,7.219035,6.605309,0.6449864,0,1.620507,0,0,0,0,0,0,5.475344,4.343521,6.607177,0.592854,0.702737,0.482971,7.387687,6.228295,8.54708,0.607633,0,2.130033,7.169463,6.089409,8.249518,9.801412,10,9.44396,-1,-1,-1,-1,-1,-1,-1,-1,-1,-1,-1,-1,-1,-1,-1,-1,-1,-1,-1,-1,-1,-1,-1,-1,-1,-1,-1,-1,-1,-1,-1,-1,-1,-1,-1,-1,-1,-1,-1,-1,-1,-1,-1,-1,-1,-1,-1,-1,-1,-1,0,0,0,0,0,0,-1,-1,-1,-1,-1,-1,-1,-1,-1,-1,-1,-1,0,0,0,0,0,0,-1,-1,-1,-1,-1,-1,-1,-1,-1,-1,-1,-1,-1,-1,False,False,0,0,False,207,0,0,0,0,0,0,0,0,0,0,0,0,0,0,0,1,
0,627,2026-02-23 12:17:59Z,LLM_Empathetic,6.912202,7.21904,6.605364,0.6449357,0,1.620479,0,0,0,0,0,0,5.475382,4.343534,6.607242,0.592854,0.702737,0.482971,7.387705,6.228286,8.547124,0.6076005,0,2.130001,7.169517,6.089438,8.249596,9.801518,10,9.444094,6.912202,7.21904,6.605364,0.6449357,0,1.620479,0,0,0,0,0,0,5.475382,4.343534,6.607242,0.592854,0.702737,0.482971,7.387705,6.228286,8.547124,0.6076005,0,2.130001,7.169517,6.089438,8.249596,9.801518,10,9.444094,-1,-1,-1,-1,-1,-1,-1,-1,-1,-1,-1,-1,-1,-1,-1,-1,-1,-1,-1,-1,-1,-1,-1,-1,-1,-1,-1,-1,-1,-1,-1,-1,-1,-1,-1,-1,-1,-1,-1,-1,-1,-1,-1,-1,-1,-1,-1,-1,-1,-1,0,0,0,0,0,0,-1,-1,-1,-1,-1,-1,-1,-1,-1,-1,-1,-1,0,0,0,0,0,0,-1,-1,-1,-1,-1,-1,-1,-1,-1,-1,-1,-1,-1,-1,False,False,0,0,False,209,0,0,0,0,0,0,0,0,0,0,0,0,0,0,0,1,
0,628,2026-02-23 12:17:59Z,LLM_Empathetic,6.912231,7.219045,6.605418,0.6448851,0,1.620451,0,0,0,0,0,0,5.47542,4.343546,6.607306,0.592854,0.702737,0.482971,7.387722,6.228277,8.547168,0.6075681,0,2.129968,7.169569,6.089467,8.249674,9.801624,10,9.444227,6.912231,7.219045,6.605418,0.6448851,0,1.620451,0,0,0,0,0,0,5.47542,4.343546,6.607306,0.592854,0.702737,0.482971,7.387722,6.228277,8.547168,0.6075681,0,2.129968,7.169569,6.089467,8.249674,9.801624,10,9.444227,-1,-1,-1,-1,-1,-1,-1,-1,-1,-1,-1,-1,-1,-1,-1,-1,-1,-1,-1,-1,-1,-1,-1,-1,-1,-1,-1,-1,-1,-1,-1,-1,-1,-1,-1,-1,-1,-1,-1,-1,-1,-1,-1,-1,-1,-1,-1,-1,-1,-1,0,0,0,0,0,0,-1,-1,-1,-1,-1,-1,-1,-1,-1,-1,-1,-1,0,0,0,0,0,0,-1,-1,-1,-1,-1,-1,-1,-1,-1,-1,-1,-1,-1,-1,False,False,0,0,False,207,0,0,0,0,0,0,0,0,0,0,0,0,0,0,0,1,
0,629,2026-02-23 12:17:59Z,LLM_Empathetic,6.912261,7.219051,6.605472,0.6448347,0,1.620423,0,0,0,0,0,0,5.475459,4.343559,6.607369,0.592854,0.702737,0.482971,7.38774,6.228268,8.547212,0.6075358,0,2.129936,7.169623,6.089496,8.249751,9.80173,10,9.44436,6.912261,7.219051,6.605472,0.6448347,0,1.620423,0,0,0,0,0,0,5.475459,4.343559,6.607369,0.592854,0.702737,0.482971,7.38774,6.228268,8.547212,0.6075358,0,2.129936,7.169623,6.089496,8.249751,9.80173,10,9.44436,-1,-1,-1,-1,-1,-1,-1,-1,-1,-1,-1,-1,-1,-1,-1,-1,-1,-1,-1,-1,-1,-1,-1,-1,-1,-1,-1,-1,-1,-1,-1,-1,-1,-1,-1,-1,-1,-1,-1,-1,-1,-1,-1,-1,-1,-1,-1,-1,-1,-1,0,0,0,0,0,0,-1,-1,-1,-1,-1,-1,-1,-1,-1,-1,-1,-1,0,0,0,0,0,0,-1,-1,-1,-1,-1,-1,-1,-1,-1,-1,-1,-1,-1,-1,False,False,0,0,False,209,0,0,0,0,0,0,0,0,0,0,0,0,0,0,0,1,
0,630,2026-02-23 12:17:59Z,LLM_Empathetic,6.912291,7.219056,6.605525,0.6447845,0,1.620395,0,0,0,0,0,0,5.475497,4.343571,6.607432,0.592854,0.702737,0.482971,7.387757,6.228259,8.547256,0.6075037,0,2.129904,7.169675,6.089524,8.249827,9.801836,10,9.444492,6.912291,7.219056,6.605525,0.6447845,0,1.620395,0,0,0,0,0,0,5.475497,4.343571,6.607432,0.592854,0.702737,0.482971,7.387757,6.228259,8.547256,0.6075037,0,2.129904,7.169675,6.089524,8.249827,9.801836,10,9.444492,-1,-1,-1,-1,-1,-1,-1,-1,-1,-1,-1,-1,-1,-1,-1,-1,-1,-1,-1,-1,-1,-1,-1,-1,-1,-1,-1,-1,-1,-1,-1,-1,-1,-1,-1,-1,-1,-1,-1,-1,-1,-1,-1,-1,-1,-1,-1,-1,-1,-1,0,0,0,0,0,0,-1,-1,-1,-1,-1,-1,-1,-1,-1,-1,-1,-1,0,0,0,0,0,0,-1,-1,-1,-1,-1,-1,-1,-1,-1,-1,-1,-1,-1,-1,False,False,0,0,False,209,0,0,0,0,0,0,0,0,0,0,0,0,0,0,0,1,
0,631,2026-02-23 12:17:59Z,LLM_Empathetic,6.912321,7.219061,6.605579,0.6447343,0,1.620368,0,0,0,0,0,0,5.475535,4.343584,6.607496,0.592854,0.702737,0.482971,7.387774,6.228251,8.547299,0.6074715,0,2.129872,7.169728,6.089553,8.249905,9.801941,10,9.444624,6.912321,7.219061,6.605579,0.6447343,0,1.620368,0,0,0,0,0,0,5.475535,4.343584,6.607496,0.592854,0.702737,0.482971,7.387774,6.228251,8.547299,0.6074715,0,2.129872,7.169728,6.089553,8.249905,9.801941,10,9.444624,-1,-1,-1,-1,-1,-1,-1,-1,-1,-1,-1,-1,-1,-1,-1,-1,-1,-1,-1,-1,-1,-1,-1,-1,-1,-1,-1,-1,-1,-1,-1,-1,-1,-1,-1,-1,-1,-1,-1,-1,-1,-1,-1,-1,-1,-1,-1,-1,-1,-1,0,0,0,0,0,0,-1,-1,-1,-1,-1,-1,-1,-1,-1,-1,-1,-1,0,0,0,0,0,0,-1,-1,-1,-1,-1,-1,-1,-1,-1,-1,-1,-1,-1,-1,False,False,0,0,False,209,0,0,0,0,0,0,0,0,0,0,0,0,0,0,0,1,
0,632,2026-02-23 12:17:59Z,LLM_Empathetic,6.91235,7.219067,6.605633,0.6446843,0,1.62034,0,0,0,0,0,0,5.475573,4.343596,6.607559,0.592854,0.702737,0.482971,7.387792,6.228241,8.547342,0.6074395,0,2.12984,7.169781,6.089581,8.249981,9.802046,10,9.444756,6.91235,7.219067,6.605633,0.6446843,0,1.62034,0,0,0,0,0,0,5.475573,4.343596,6.607559,0.592854,0.702737,0.482971,7.387792,6.228241,8.547342,0.6074395,0,2.12984,7.169781,6.089581,8.249981,9.802046,10,9.444756,-1,-1,-1,-1,-1,-1,-1,-1,-1,-1,-1,-1,-1,-1,-1,-1,-1,-1,-1,-1,-1,-1,-1,-1,-1,-1,-1,-1,-1,-1,-1,-1,-1,-1,-1,-1,-1,-1,-1,-1,-1,-1,-1,-1,-1,-1,-1,-1,-1,-1,0,0,0,0,0,0,-1,-1,-1,-1,-1,-1,-1,-1,-1,-1,-1,-1,0,0,0,0,0,0,-1,-1,-1,-1,-1,-1,-1,-1,-1,-1,-1,-1,-1,-1,False,False,0,0,False,207,0,0,0,0,0,0,0,0,0,0,0,0,0,0,0,1,
0,633,2026-02-23 12:17:59Z,LLM_Empathetic,6.912379,7.219072,6.605686,0.6446344,0,1.620313,0,0,0,0,0,0,5.47561,4.343609,6.607622,0.592854,0.702737,0.482971,7.387809,6.228232,8.547385,0.6074076,0,2.129808,7.169833,6.08961,8.250057,9.802151,10,9.444887,6.912379,7.219072,6.605686,0.6446344,0,1.620313,0,0,0,0,0,0,5.47561,4.343609,6.607622,0.592854,0.702737,0.482971,7.387809,6.228232,8.547385,0.6074076,0,2.129808,7.169833,6.08961,8.250057,9.802151,10,9.444887,-1,-1,-1,-1,-1,-1,-1,-1,-1,-1,-1,-1,-1,-1,-1,-1,-1,-1,-1,-1,-1,-1,-1,-1,-1,-1,-1,-1,-1,-1,-1,-1,-1,-1,-1,-1,-1,-1,-1,-1,-1,-1,-1,-1,-1,-1,-1,-1,-1,-1,0,0,0,0,0,0,-1,-1,-1,-1,-1,-1,-1,-1,-1,-1,-1,-1,0,0,0,0,0,0,-1,-1,-1,-1,-1,-1,-1,-1,-1,-1,-1,-1,-1,-1,False,False,0,0,False,209,0,0,0,0,0,0,0,0,0,0,0,0,0,0,0,1,
0,634,2026-02-23 12:17:59Z,LLM_Empathetic,6.912408,7.219077,6.60574,0.6445847,0,1.620285,0,0,0,0,0,0,5.475648,4.343621,6.607685,0.592854,0.702737,0.482971,7.387826,6.228224,8.547429,0.6073757,0,2.129776,7.169886,6.089638,8.250134,9.802255,10,9.445018,6.912408,7.219077,6.60574,0.6445847,0,1.620285,0,0,0,0,0,0,5.475648,4.343621,6.607685,0.592854,0.702737,0.482971,7.387826,6.228224,8.547429,0.6073757,0,2.129776,7.169886,6.089638,8.250134,9.802255,10,9.445018,-1,-1,-1,-1,-1,-1,-1,-1,-1,-1,-1,-1,-1,-1,-1,-1,-1,-1,-1,-1,-1,-1,-1,-1,-1,-1,-1,-1,-1,-1,-1,-1,-1,-1,-1,-1,-1,-1,-1,-1,-1,-1,-1,-1,-1,-1,-1,-1,-1,-1,0,0,0,0,0,0,-1,-1,-1,-1,-1,-1,-1,-1,-1,-1,-1,-1,0,0,0,0,0,0,-1,-1,-1,-1,-1,-1,-1,-1,-1,-1,-1,-1,-1,-1,False,False,0,0,False,207,0,0,0,0,0,0,0,0,0,0,0,0,0,0,0,1,
0,635,2026-02-23 12:17:59Z,LLM_Empathetic,6.912437,7.219082,6.605793,0.6445351,0,1.620258,0,0,0,0,0,0,5.475686,4.343634,6.607748,0.592854,0.702737,0.482971,7.387843,6.228215,8.547472,0.6073439,0,2.129744,7.169938,6.089666,8.25021,9.802359,10,9.445148,6.912437,7.219082,6.605793,0.6445351,0,1.620258,0,0,0,0,0,0,5.475686,4.343634,6.607748,0.592854,0.702737,0.482971,7.387843,6.228215,8.547472,0.6073439,0,2.129744,7.169938,6.089666,8.25021,9.802359,10,9.445148,-1,-1,-1,-1,-1,-1,-1,-1,-1,-1,-1,-1,-1,-1,-1,-1,-1,-1,-1,-1,-1,-1,-1,-1,-1,-1,-1,-1,-1,-1,-1,-1,-1,-1,-1,-1,-1,-1,-1,-1,-1,-1,-1,-1,-1,-1,-1,-1,-1,-1,0,0,0,0,0,0,-1,-1,-1,-1,-1,-1,-1,-1,-1,-1,-1,-1,0,0,0,0,0,0,-1,-1,-1,-1,-1,-1,-1,-1,-1,-1,-1,-1,-1,-1,False,False,0,0,False,209,0,0,0,0,0,0,0,0,0,0,0,0,0,0,0,1,
0,636,2026-02-23 12:17:59Z,LLM_Empathetic,6.912467,7.219088,6.605845,0.6444856,0,1.620231,0,0,0,0,0,0,5.475723,4.343646,6.60781,0.592854,0.702737,0.482971,7.38786,6.228206,8.547515,0.6073123,0,2.129713,7.16999,6.089694,8.250286,9.802463,10,9.445279,6.912467,7.219088,6.605845,0.6444856,0,1.620231,0,0,0,0,0,0,5.475723,4.343646,6.60781,0.592854,0.702737,0.482971,7.38786,6.228206,8.547515,0.6073123,0,2.129713,7.16999,6.089694,8.250286,9.802463,10,9.445279,-1,-1,-1,-1,-1,-1,-1,-1,-1,-1,-1,-1,-1,-1,-1,-1,-1,-1,-1,-1,-1,-1,-1,-1,-1,-1,-1,-1,-1,-1,-1,-1,-1,-1,-1,-1,-1,-1,-1,-1,-1,-1,-1,-1,-1,-1,-1,-1,-1,-1,0,0,0,0,0,0,-1,-1,-1,-1,-1,-1,-1,-1,-1,-1,-1,-1,0,0,0,0,0,0,-1,-1,-1,-1,-1,-1,-1,-1,-1,-1,-1,-1,-1,-1,False,False,0,0,False,207,0,0,0,0,0,0,0,0,0,0,0,0,0,0,0,1,
0,637,2026-02-23 12:17:59Z,LLM_Empathetic,6.912496,7.219093,6.605898,0.6444362,0,1.620203,0,0,0,0,0,0,5.47576,4.343658,6.607872,0.592854,0.702737,0.482971,7.387877,6.228198,8.547558,0.6072807,0,2.129681,7.170042,6.089722,8.250361,9.802567,10,9.445409,6.912496,7.219093,6.605898,0.6444362,0,1.620203,0,0,0,0,0,0,5.47576,4.343658,6.607872,0.592854,0.702737,0.482971,7.387877,6.228198,8.547558,0.6072807,0,2.129681,7.170042,6.089722,8.250361,9.802567,10,9.445409,-1,-1,-1,-1,-1,-1,-1,-1,-1,-1,-1,-1,-1,-1,-1,-1,-1,-1,-1,-1,-1,-1,-1,-1,-1,-1,-1,-1,-1,-1,-1,-1,-1,-1,-1,-1,-1,-1,-1,-1,-1,-1,-1,-1,-1,-1,-1,-1,-1,-1,0,0,0,0,0,0,-1,-1,-1,-1,-1,-1,-1,-1,-1,-1,-1,-1,0,0,0,0,0,0,-1,-1,-1,-1,-1,-1,-1,-1,-1,-1,-1,-1,-1,-1,False,False,0,0,False,209,0,0,0,0,0,0,0,0,0,0,0,0,0,0,0,1,
0,638,2026-02-23 12:17:59Z,LLM_Empathetic,6.912525,7.219099,6.605951,0.644387,0,1.620176,0,0,0,0,0,0,5.475798,4.343671,6.607934,0.592854,0.702737,0.482971,7.387894,6.228189,8.547601,0.6072491,0,2.12965,7.170093,6.08975,8.250437,9.80267,10,9.445539,6.912525,7.219099,6.605951,0.644387,0,1.620176,0,0,0,0,0,0,5.475798,4.343671,6.607934,0.592854,0.702737,0.482971,7.387894,6.228189,8.547601,0.6072491,0,2.12965,7.170093,6.08975,8.250437,9.80267,10,9.445539,-1,-1,-1,-1,-1,-1,-1,-1,-1,-1,-1,-1,-1,-1,-1,-1,-1,-1,-1,-1,-1,-1,-1,-1,-1,-1,-1,-1,-1,-1,-1,-1,-1,-1,-1,-1,-1,-1,-1,-1,-1,-1,-1,-1,-1,-1,-1,-1,-1,-1,0,0,0,0,0,0,-1,-1,-1,-1,-1,-1,-1,-1,-1,-1,-1,-1,0,0,0,0,0,0,-1,-1,-1,-1,-1,-1,-1,-1,-1,-1,-1,-1,-1,-1,False,False,0,0,False,207,0,0,0,0,0,0,0,0,0,0,0,0,0,0,0,1,
0,639,2026-02-23 12:17:59Z,LLM_Empathetic,6.912554,7.219104,6.606003,0.644338,0,1.620149,0,0,0,0,0,0,5.475835,4.343683,6.607996,0.592854,0.702737,0.482971,7.387911,6.22818,8.547643,0.6072177,0,2.129618,7.170145,6.089778,8.250512,9.802773,10,9.445668,6.912554,7.219104,6.606003,0.644338,0,1.620149,0,0,0,0,0,0,5.475835,4.343683,6.607996,0.592854,0.702737,0.482971,7.387911,6.22818,8.547643,0.6072177,0,2.129618,7.170145,6.089778,8.250512,9.802773,10,9.445668,-1,-1,-1,-1,-1,-1,-1,-1,-1,-1,-1,-1,-1,-1,-1,-1,-1,-1,-1,-1,-1,-1,-1,-1,-1,-1,-1,-1,-1,-1,-1,-1,-1,-1,-1,-1,-1,-1,-1,-1,-1,-1,-1,-1,-1,-1,-1,-1,-1,-1,0,0,0,0,0,0,-1,-1,-1,-1,-1,-1,-1,-1,-1,-1,-1,-1,0,0,0,0,0,0,-1,-1,-1,-1,-1,-1,-1,-1,-1,-1,-1,-1,-1,-1,False,False,0,0,False,209,0,0,0,0,0,0,0,0,0,0,0,0,0,0,0,1,
0,640,2026-02-23 12:17:59Z,LLM_Empathetic,6.912582,7.219109,6.606056,0.644289,0,1.620122,0,0,0,0,0,0,5.475872,4.343695,6.608058,0.592854,0.702737,0.482971,7.387928,6.228171,8.547686,0.6071864,0,2.129587,7.170196,6.089806,8.250587,9.802876,10,9.445797,6.912582,7.219109,6.606056,0.644289,0,1.620122,0,0,0,0,0,0,5.475872,4.343695,6.608058,0.592854,0.702737,0.482971,7.387928,6.228171,8.547686,0.6071864,0,2.129587,7.170196,6.089806,8.250587,9.802876,10,9.445797,-1,-1,-1,-1,-1,-1,-1,-1,-1,-1,-1,-1,-1,-1,-1,-1,-1,-1,-1,-1,-1,-1,-1,-1,-1,-1,-1,-1,-1,-1,-1,-1,-1,-1,-1,-1,-1,-1,-1,-1,-1,-1,-1,-1,-1,-1,-1,-1,-1,-1,0,0,0,0,0,0,-1,-1,-1,-1,-1,-1,-1,-1,-1,-1,-1,-1,0,0,0,0,0,0,-1,-1,-1,-1,-1,-1,-1,-1,-1,-1,-1,-1,-1,-1,False,False,0,0,False,209,0,0,0,0,0,0,0,0,0,0,0,0,0,0,0,1,
0,641,2026-02-23 12:17:59Z,LLM_Empathetic,6.912611,7.219114,6.606108,0.6442402,0,1.620095,0,0,0,0,0,0,5.475909,4.343708,6.60812,0.592854,0.702737,0.482971,7.387945,6.228163,8.547728,0.6071551,0,2.129555,7.170247,6.089834,8.250662,9.802978,10,9.445926,6.912611,7.219114,6.606108,0.6442402,0,1.620095,0,0,0,0,0,0,5.475909,4.343708,6.60812,0.592854,0.702737,0.482971,7.387945,6.228163,8.547728,0.6071551,0,2.129555,7.170247,6.089834,8.250662,9.802978,10,9.445926,-1,-1,-1,-1,-1,-1,-1,-1,-1,-1,-1,-1,-1,-1,-1,-1,-1,-1,-1,-1,-1,-1,-1,-1,-1,-1,-1,-1,-1,-1,-1,-1,-1,-1,-1,-1,-1,-1,-1,-1,-1,-1,-1,-1,-1,-1,-1,-1,-1,-1,0,0,0,0,0,0,-1,-1,-1,-1,-1,-1,-1,-1,-1,-1,-1,-1,0,0,0,0,0,0,-1,-1,-1,-1,-1,-1,-1,-1,-1,-1,-1,-1,-1,-1,False,False,0,0,False,209,0,0,0,0,0,0,0,0,0,0,0,0,0,0,0,1,
0,642,2026-02-23 12:17:59Z,LLM_Empathetic,6.91264,7.219119,6.60616,0.6441916,0,1.620068,0,0,0,0,0,0,5.475945,4.343719,6.608181,0.592854,0.702737,0.482971,7.387962,6.228154,8.54777,0.607124,0,2.129524,7.170299,6.089861,8.250736,9.80308,10,9.446054,6.91264,7.219119,6.60616,0.6441916,0,1.620068,0,0,0,0,0,0,5.475945,4.343719,6.608181,0.592854,0.702737,0.482971,7.387962,6.228154,8.54777,0.607124,0,2.129524,7.170299,6.089861,8.250736,9.80308,10,9.446054,-1,-1,-1,-1,-1,-1,-1,-1,-1,-1,-1,-1,-1,-1,-1,-1,-1,-1,-1,-1,-1,-1,-1,-1,-1,-1,-1,-1,-1,-1,-1,-1,-1,-1,-1,-1,-1,-1,-1,-1,-1,-1,-1,-1,-1,-1,-1,-1,-1,-1,0,0,0,0,0,0,-1,-1,-1,-1,-1,-1,-1,-1,-1,-1,-1,-1,0,0,0,0,0,0,-1,-1,-1,-1,-1,-1,-1,-1,-1,-1,-1,-1,-1,-1,False,False,0,0,False,209,0,0,0,0,0,0,0,0,0,0,0,0,0,0,0,1,
0,643,2026-02-23 12:17:59Z,LLM_Empathetic,6.912668,7.219124,6.606212,0.644143,0,1.620042,0,0,0,0,0,0,5.475982,4.343732,6.608243,0.592854,0.702737,0.482971,7.387979,6.228145,8.547812,0.6070929,0,2.129493,7.17035,6.089889,8.250811,9.803182,10,9.446181,6.912668,7.219124,6.606212,0.644143,0,1.620042,0,0,0,0,0,0,5.475982,4.343732,6.608243,0.592854,0.702737,0.482971,7.387979,6.228145,8.547812,0.6070929,0,2.129493,7.17035,6.089889,8.250811,9.803182,10,9.446181,-1,-1,-1,-1,-1,-1,-1,-1,-1,-1,-1,-1,-1,-1,-1,-1,-1,-1,-1,-1,-1,-1,-1,-1,-1,-1,-1,-1,-1,-1,-1,-1,-1,-1,-1,-1,-1,-1,-1,-1,-1,-1,-1,-1,-1,-1,-1,-1,-1,-1,0,0,0,0,0,0,-1,-1,-1,-1,-1,-1,-1,-1,-1,-1,-1,-1,0,0,0,0,0,0,-1,-1,-1,-1,-1,-1,-1,-1,-1,-1,-1,-1,-1,-1,False,False,0,0,False,207,0,0,0,0,0,0,0,0,0,0,0,0,0,0,0,1,
0,644,2026-02-23 12:17:59Z,LLM_Empathetic,6.912697,7.21913,6.606264,0.6440946,0,1.620015,0,0,0,0,0,0,5.476019,4.343744,6.608304,0.592854,0.702737,0.482971,7.387995,6.228137,8.547854,0.6070619,0,2.129462,7.1704,6.089917,8.250885,9.803284,10,9.446309,6.912697,7.21913,6.606264,0.6440946,0,1.620015,0,0,0,0,0,0,5.476019,4.343744,6.608304,0.592854,0.702737,0.482971,7.387995,6.228137,8.547854,0.6070619,0,2.129462,7.1704,6.089917,8.250885,9.803284,10,9.446309,-1,-1,-1,-1,-1,-1,-1,-1,-1,-1,-1,-1,-1,-1,-1,-1,-1,-1,-1,-1,-1,-1,-1,-1,-1,-1,-1,-1,-1,-1,-1,-1,-1,-1,-1,-1,-1,-1,-1,-1,-1,-1,-1,-1,-1,-1,-1,-1,-1,-1,0,0,0,0,0,0,-1,-1,-1,-1,-1,-1,-1,-1,-1,-1,-1,-1,0,0,0,0,0,0,-1,-1,-1,-1,-1,-1,-1,-1,-1,-1,-1,-1,-1,-1,False,False,0,0,False,207,0,0,0,0,0,0,0,0,0,0,0,0,0,0,0,1,
0,645,2026-02-23 12:17:59Z,LLM_Empathetic,6.912725,7.219135,6.606316,0.6440463,0,1.619988,0,0,0,0,0,0,5.476055,4.343756,6.608365,0.592854,0.702737,0.482971,7.388012,6.228128,8.547896,0.6070309,0,2.129431,7.170451,6.089944,8.250958,9.803385,10,9.446436,6.912725,7.219135,6.606316,0.6440463,0,1.619988,0,0,0,0,0,0,5.476055,4.343756,6.608365,0.592854,0.702737,0.482971,7.388012,6.228128,8.547896,0.6070309,0,2.129431,7.170451,6.089944,8.250958,9.803385,10,9.446436,-1,-1,-1,-1,-1,-1,-1,-1,-1,-1,-1,-1,-1,-1,-1,-1,-1,-1,-1,-1,-1,-1,-1,-1,-1,-1,-1,-1,-1,-1,-1,-1,-1,-1,-1,-1,-1,-1,-1,-1,-1,-1,-1,-1,-1,-1,-1,-1,-1,-1,0,0,0,0,0,0,-1,-1,-1,-1,-1,-1,-1,-1,-1,-1,-1,-1,0,0,0,0,0,0,-1,-1,-1,-1,-1,-1,-1,-1,-1,-1,-1,-1,-1,-1,False,False,0,0,False,207,0,0,0,0,0,0,0,0,0,0,0,0,0,0,0,1,
0,646,2026-02-23 12:17:59Z,LLM_Empathetic,6.912754,7.21914,6.606367,0.6439981,0,1.619962,0,0,0,0,0,0,5.476092,4.343768,6.608426,0.592854,0.702737,0.482971,7.388029,6.22812,8.547937,0.6070001,0,2.1294,7.170502,6.089972,8.251033,9.803486,10,9.446563,6.912754,7.21914,6.606367,0.6439981,0,1.619962,0,0,0,0,0,0,5.476092,4.343768,6.608426,0.592854,0.702737,0.482971,7.388029,6.22812,8.547937,0.6070001,0,2.1294,7.170502,6.089972,8.251033,9.803486,10,9.446563,-1,-1,-1,-1,-1,-1,-1,-1,-1,-1,-1,-1,-1,-1,-1,-1,-1,-1,-1,-1,-1,-1,-1,-1,-1,-1,-1,-1,-1,-1,-1,-1,-1,-1,-1,-1,-1,-1,-1,-1,-1,-1,-1,-1,-1,-1,-1,-1,-1,-1,0,0,0,0,0,0,-1,-1,-1,-1,-1,-1,-1,-1,-1,-1,-1,-1,0,0,0,0,0,0,-1,-1,-1,-1,-1,-1,-1,-1,-1,-1,-1,-1,-1,-1,False,False,0,0,False,207,0,0,0,0,0,0,0,0,0,0,0,0,0,0,0,1,
0,647,2026-02-23 12:17:59Z,LLM_Empathetic,6.912782,7.219145,6.606419,0.6439501,0,1.619935,0,0,0,0,0,0,5.476128,4.34378,6.608487,0.592854,0.702737,0.482971,7.388045,6.228111,8.547979,0.6069694,0,2.12937,7.170552,6.089999,8.251106,9.803587,10,9.44669,6.912782,7.219145,6.606419,0.6439501,0,1.619935,0,0,0,0,0,0,5.476128,4.34378,6.608487,0.592854,0.702737,0.482971,7.388045,6.228111,8.547979,0.6069694,0,2.12937,7.170552,6.089999,8.251106,9.803587,10,9.44669,-1,-1,-1,-1,-1,-1,-1,-1,-1,-1,-1,-1,-1,-1,-1,-1,-1,-1,-1,-1,-1,-1,-1,-1,-1,-1,-1,-1,-1,-1,-1,-1,-1,-1,-1,-1,-1,-1,-1,-1,-1,-1,-1,-1,-1,-1,-1,-1,-1,-1,0,0,0,0,0,0,-1,-1,-1,-1,-1,-1,-1,-1,-1,-1,-1,-1,0,0,0,0,0,0,-1,-1,-1,-1,-1,-1,-1,-1,-1,-1,-1,-1,-1,-1,False,False,0,0,False,209,0,0,0,0,0,0,0,0,0,0,0,0,0,0,0,1,
0,648,2026-02-23 12:18:00Z,LLM_Empathetic,6.91281,7.21915,6.60647,0.6439022,0,1.619909,0,0,0,0,0,0,5.476164,4.343792,6.608547,0.592854,0.702737,0.482971,7.388062,6.228103,8.548021,0.6069387,0,2.129339,7.170602,6.090026,8.25118,9.803687,10,9.446815,6.91281,7.21915,6.60647,0.6439022,0,1.619909,0,0,0,0,0,0,5.476164,4.343792,6.608547,0.592854,0.702737,0.482971,7.388062,6.228103,8.548021,0.6069387,0,2.129339,7.170602,6.090026,8.25118,9.803687,10,9.446815,-1,-1,-1,-1,-1,-1,-1,-1,-1,-1,-1,-1,-1,-1,-1,-1,-1,-1,-1,-1,-1,-1,-1,-1,-1,-1,-1,-1,-1,-1,-1,-1,-1,-1,-1,-1,-1,-1,-1,-1,-1,-1,-1,-1,-1,-1,-1,-1,-1,-1,0,0,0,0,0,0,-1,-1,-1,-1,-1,-1,-1,-1,-1,-1,-1,-1,0,0,0,0,0,0,-1,-1,-1,-1,-1,-1,-1,-1,-1,-1,-1,-1,-1,-1,False,False,0,0,False,209,0,0,0,0,0,0,0,0,0,0,0,0,0,0,0,1,
0,649,2026-02-23 12:18:00Z,LLM_Empathetic,6.912838,7.219155,6.606521,0.6438544,0,1.619882,0,0,0,0,0,0,5.476201,4.343804,6.608607,0.592854,0.702737,0.482971,7.388078,6.228094,8.548062,0.6069081,0,2.129308,7.170652,6.090053,8.251253,9.803787,10,9.446941,6.912838,7.219155,6.606521,0.6438544,0,1.619882,0,0,0,0,0,0,5.476201,4.343804,6.608607,0.592854,0.702737,0.482971,7.388078,6.228094,8.548062,0.6069081,0,2.129308,7.170652,6.090053,8.251253,9.803787,10,9.446941,-1,-1,-1,-1,-1,-1,-1,-1,-1,-1,-1,-1,-1,-1,-1,-1,-1,-1,-1,-1,-1,-1,-1,-1,-1,-1,-1,-1,-1,-1,-1,-1,-1,-1,-1,-1,-1,-1,-1,-1,-1,-1,-1,-1,-1,-1,-1,-1,-1,-1,0,0,0,0,0,0,-1,-1,-1,-1,-1,-1,-1,-1,-1,-1,-1,-1,0,0,0,0,0,0,-1,-1,-1,-1,-1,-1,-1,-1,-1,-1,-1,-1,-1,-1,False,False,0,0,False,209,0,0,0,0,0,0,0,0,0,0,0,0,0,0,0,1,
0,650,2026-02-23 12:18:00Z,LLM_Empathetic,6.912866,7.21916,6.606572,0.6438068,0,1.619856,0,0,0,0,0,0,5.476237,4.343816,6.608667,0.592854,0.702737,0.482971,7.388094,6.228086,8.548103,0.6068776,0,2.129278,7.170702,6.09008,8.251326,9.803887,10,9.447067,6.912866,7.21916,6.606572,0.6438068,0,1.619856,0,0,0,0,0,0,5.476237,4.343816,6.608667,0.592854,0.702737,0.482971,7.388094,6.228086,8.548103,0.6068776,0,2.129278,7.170702,6.09008,8.251326,9.803887,10,9.447067,-1,-1,-1,-1,-1,-1,-1,-1,-1,-1,-1,-1,-1,-1,-1,-1,-1,-1,-1,-1,-1,-1,-1,-1,-1,-1,-1,-1,-1,-1,-1,-1,-1,-1,-1,-1,-1,-1,-1,-1,-1,-1,-1,-1,-1,-1,-1,-1,-1,-1,0,0,0,0,0,0,-1,-1,-1,-1,-1,-1,-1,-1,-1,-1,-1,-1,0,0,0,0,0,0,-1,-1,-1,-1,-1,-1,-1,-1,-1,-1,-1,-1,-1,-1,False,False,0,0,False,209,0,0,0,0,0,0,0,0,0,0,0,0,0,0,0,1,
0,651,2026-02-23 12:18:00Z,LLM_Empathetic,6.912894,7.219165,6.606623,0.6437593,0,1.61983,0,0,0,0,0,0,5.476273,4.343828,6.608727,0.592854,0.702737,0.482971,7.388111,6.228077,8.548145,0.6068472,0,2.129247,7.170753,6.090107,8.251399,9.803988,10,9.447192,6.912894,7.219165,6.606623,0.6437593,0,1.61983,0,0,0,0,0,0,5.476273,4.343828,6.608727,0.592854,0.702737,0.482971,7.388111,6.228077,8.548145,0.6068472,0,2.129247,7.170753,6.090107,8.251399,9.803988,10,9.447192,-1,-1,-1,-1,-1,-1,-1,-1,-1,-1,-1,-1,-1,-1,-1,-1,-1,-1,-1,-1,-1,-1,-1,-1,-1,-1,-1,-1,-1,-1,-1,-1,-1,-1,-1,-1,-1,-1,-1,-1,-1,-1,-1,-1,-1,-1,-1,-1,-1,-1,0,0,0,0,0,0,-1,-1,-1,-1,-1,-1,-1,-1,-1,-1,-1,-1,0,0,0,0,0,0,-1,-1,-1,-1,-1,-1,-1,-1,-1,-1,-1,-1,-1,-1,False,False,0,0,False,209,0,0,0,0,0,0,0,0,0,0,0,0,0,0,0,1,
0,652,2026-02-23 12:18:00Z,LLM_Empathetic,6.912922,7.21917,6.606674,0.6437119,0,1.619804,0,0,0,0,0,0,5.476308,4.34384,6.608788,0.592854,0.702737,0.482971,7.388127,6.228069,8.548186,0.6068168,0,2.129217,7.170803,6.090134,8.251472,9.804087,10,9.447317,6.912922,7.21917,6.606674,0.6437119,0,1.619804,0,0,0,0,0,0,5.476308,4.34384,6.608788,0.592854,0.702737,0.482971,7.388127,6.228069,8.548186,0.6068168,0,2.129217,7.170803,6.090134,8.251472,9.804087,10,9.447317,-1,-1,-1,-1,-1,-1,-1,-1,-1,-1,-1,-1,-1,-1,-1,-1,-1,-1,-1,-1,-1,-1,-1,-1,-1,-1,-1,-1,-1,-1,-1,-1,-1,-1,-1,-1,-1,-1,-1,-1,-1,-1,-1,-1,-1,-1,-1,-1,-1,-1,0,0,0,0,0,0,-1,-1,-1,-1,-1,-1,-1,-1,-1,-1,-1,-1,0,0,0,0,0,0,-1,-1,-1,-1,-1,-1,-1,-1,-1,-1,-1,-1,-1,-1,False,False,0,0,False,209,0,0,0,0,0,0,0,0,0,0,0,0,0,0,0,1,
0,653,2026-02-23 12:18:00Z,LLM_Empathetic,6.91295,7.219175,6.606724,0.6436646,0,1.619778,0,0,0,0,0,0,5.476344,4.343852,6.608847,0.592854,0.702737,0.482971,7.388144,6.22806,8.548227,0.6067865,0,2.129187,7.170852,6.090161,8.251544,9.804186,10,9.447441,6.91295,7.219175,6.606724,0.6436646,0,1.619778,0,0,0,0,0,0,5.476344,4.343852,6.608847,0.592854,0.702737,0.482971,7.388144,6.22806,8.548227,0.6067865,0,2.129187,7.170852,6.090161,8.251544,9.804186,10,9.447441,-1,-1,-1,-1,-1,-1,-1,-1,-1,-1,-1,-1,-1,-1,-1,-1,-1,-1,-1,-1,-1,-1,-1,-1,-1,-1,-1,-1,-1,-1,-1,-1,-1,-1,-1,-1,-1,-1,-1,-1,-1,-1,-1,-1,-1,-1,-1,-1,-1,-1,0,0,0,0,0,0,-1,-1,-1,-1,-1,-1,-1,-1,-1,-1,-1,-1,0,0,0,0,0,0,-1,-1,-1,-1,-1,-1,-1,-1,-1,-1,-1,-1,-1,-1,False,False,0,0,False,207,0,0,0,0,0,0,0,0,0,0,0,0,0,0,0,1,
0,654,2026-02-23 12:18:00Z,LLM_Empathetic,6.912978,7.21918,6.606775,0.6436175,0,1.619752,0,0,0,0,0,0,5.47638,4.343863,6.608907,0.592854,0.702737,0.482971,7.38816,6.228052,8.548268,0.6067563,0,2.129157,7.170902,6.090188,8.251616,9.804285,10,9.447566,6.912978,7.21918,6.606775,0.6436175,0,1.619752,0,0,0,0,0,0,5.47638,4.343863,6.608907,0.592854,0.702737,0.482971,7.38816,6.228052,8.548268,0.6067563,0,2.129157,7.170902,6.090188,8.251616,9.804285,10,9.447566,-1,-1,-1,-1,-1,-1,-1,-1,-1,-1,-1,-1,-1,-1,-1,-1,-1,-1,-1,-1,-1,-1,-1,-1,-1,-1,-1,-1,-1,-1,-1,-1,-1,-1,-1,-1,-1,-1,-1,-1,-1,-1,-1,-1,-1,-1,-1,-1,-1,-1,0,0,0,0,0,0,-1,-1,-1,-1,-1,-1,-1,-1,-1,-1,-1,-1,0,0,0,0,0,0,-1,-1,-1,-1,-1,-1,-1,-1,-1,-1,-1,-1,-1,-1,False,False,0,0,False,209,0,0,0,0,0,0,0,0,0,0,0,0,0,0,0,1,
0,655,2026-02-23 12:18:00Z,LLM_Empathetic,6.913005,7.219185,6.606825,0.6435704,0,1.619726,0,0,0,0,0,0,5.476416,4.343875,6.608966,0.592854,0.702737,0.482971,7.388176,6.228044,8.548309,0.6067262,0,2.129127,7.170951,6.090215,8.251688,9.804383,10,9.44769,6.913005,7.219185,6.606825,0.6435704,0,1.619726,0,0,0,0,0,0,5.476416,4.343875,6.608966,0.592854,0.702737,0.482971,7.388176,6.228044,8.548309,0.6067262,0,2.129127,7.170951,6.090215,8.251688,9.804383,10,9.44769,-1,-1,-1,-1,-1,-1,-1,-1,-1,-1,-1,-1,-1,-1,-1,-1,-1,-1,-1,-1,-1,-1,-1,-1,-1,-1,-1,-1,-1,-1,-1,-1,-1,-1,-1,-1,-1,-1,-1,-1,-1,-1,-1,-1,-1,-1,-1,-1,-1,-1,0,0,0,0,0,0,-1,-1,-1,-1,-1,-1,-1,-1,-1,-1,-1,-1,0,0,0,0,0,0,-1,-1,-1,-1,-1,-1,-1,-1,-1,-1,-1,-1,-1,-1,False,False,0,0,False,209,0,0,0,0,0,0,0,0,0,0,0,0,0,0,0,1,
0,656,2026-02-23 12:18:00Z,LLM_Empathetic,6.913033,7.21919,6.606875,0.6435235,0,1.6197,0,0,0,0,0,0,5.476451,4.343887,6.609025,0.592854,0.702737,0.482971,7.388192,6.228035,8.548349,0.6066962,0,2.129097,7.171,6.090241,8.25176,9.804482,10,9.447813,6.913033,7.21919,6.606875,0.6435235,0,1.6197,0,0,0,0,0,0,5.476451,4.343887,6.609025,0.592854,0.702737,0.482971,7.388192,6.228035,8.548349,0.6066962,0,2.129097,7.171,6.090241,8.25176,9.804482,10,9.447813,-1,-1,-1,-1,-1,-1,-1,-1,-1,-1,-1,-1,-1,-1,-1,-1,-1,-1,-1,-1,-1,-1,-1,-1,-1,-1,-1,-1,-1,-1,-1,-1,-1,-1,-1,-1,-1,-1,-1,-1,-1,-1,-1,-1,-1,-1,-1,-1,-1,-1,0,0,0,0,0,0,-1,-1,-1,-1,-1,-1,-1,-1,-1,-1,-1,-1,0,0,0,0,0,0,-1,-1,-1,-1,-1,-1,-1,-1,-1,-1,-1,-1,-1,-1,False,False,0,0,False,209,0,0,0,0,0,0,0,0,0,0,0,0,0,0,0,1,
0,657,2026-02-23 12:18:00Z,LLM_Empathetic,6.91306,7.219195,6.606925,0.6434768,0,1.619674,0,0,0,0,0,0,5.476486,4.343899,6.609085,0.592854,0.702737,0.482971,7.388208,6.228027,8.54839,0.6066662,0,2.129067,7.17105,6.090268,8.251832,9.80458,10,9.447936,6.91306,7.219195,6.606925,0.6434768,0,1.619674,0,0,0,0,0,0,5.476486,4.343899,6.609085,0.592854,0.702737,0.482971,7.388208,6.228027,8.54839,0.6066662,0,2.129067,7.17105,6.090268,8.251832,9.80458,10,9.447936,-1,-1,-1,-1,-1,-1,-1,-1,-1,-1,-1,-1,-1,-1,-1,-1,-1,-1,-1,-1,-1,-1,-1,-1,-1,-1,-1,-1,-1,-1,-1,-1,-1,-1,-1,-1,-1,-1,-1,-1,-1,-1,-1,-1,-1,-1,-1,-1,-1,-1,0,0,0,0,0,0,-1,-1,-1,-1,-1,-1,-1,-1,-1,-1,-1,-1,0,0,0,0,0,0,-1,-1,-1,-1,-1,-1,-1,-1,-1,-1,-1,-1,-1,-1,False,False,0,0,False,209,0,0,0,0,0,0,0,0,0,0,0,0,0,0,0,1,
0,658,2026-02-23 12:18:00Z,LLM_Empathetic,6.913088,7.2192,6.606975,0.6434301,0,1.619648,0,0,0,0,0,0,5.476521,4.34391,6.609143,0.592854,0.702737,0.482971,7.388225,6.228019,8.54843,0.6066363,0,2.129037,7.171098,6.090294,8.251904,9.804678,10,9.448059,6.913088,7.2192,6.606975,0.6434301,0,1.619648,0,0,0,0,0,0,5.476521,4.34391,6.609143,0.592854,0.702737,0.482971,7.388225,6.228019,8.54843,0.6066363,0,2.129037,7.171098,6.090294,8.251904,9.804678,10,9.448059,-1,-1,-1,-1,-1,-1,-1,-1,-1,-1,-1,-1,-1,-1,-1,-1,-1,-1,-1,-1,-1,-1,-1,-1,-1,-1,-1,-1,-1,-1,-1,-1,-1,-1,-1,-1,-1,-1,-1,-1,-1,-1,-1,-1,-1,-1,-1,-1,-1,-1,0,0,0,0,0,0,-1,-1,-1,-1,-1,-1,-1,-1,-1,-1,-1,-1,0,0,0,0,0,0,-1,-1,-1,-1,-1,-1,-1,-1,-1,-1,-1,-1,-1,-1,False,False,0,0,False,207,0,0,0,0,0,0,0,0,0,0,0,0,0,0,0,1,
0,659,2026-02-23 12:18:00Z,LLM_Empathetic,6.913115,7.219205,6.607025,0.6433836,0,1.619623,0,0,0,0,0,0,5.476557,4.343922,6.609202,0.592854,0.702737,0.482971,7.388241,6.228011,8.548471,0.6066065,0,2.129007,7.171147,6.090321,8.251974,9.804775,10,9.448182,6.913115,7.219205,6.607025,0.6433836,0,1.619623,0,0,0,0,0,0,5.476557,4.343922,6.609202,0.592854,0.702737,0.482971,7.388241,6.228011,8.548471,0.6066065,0,2.129007,7.171147,6.090321,8.251974,9.804775,10,9.448182,-1,-1,-1,-1,-1,-1,-1,-1,-1,-1,-1,-1,-1,-1,-1,-1,-1,-1,-1,-1,-1,-1,-1,-1,-1,-1,-1,-1,-1,-1,-1,-1,-1,-1,-1,-1,-1,-1,-1,-1,-1,-1,-1,-1,-1,-1,-1,-1,-1,-1,0,0,0,0,0,0,-1,-1,-1,-1,-1,-1,-1,-1,-1,-1,-1,-1,0,0,0,0,0,0,-1,-1,-1,-1,-1,-1,-1,-1,-1,-1,-1,-1,-1,-1,False,False,0,0,False,207,0,0,0,0,0,0,0,0,0,0,0,0,0,0,0,1,
0,660,2026-02-23 12:18:00Z,LLM_Empathetic,6.913143,7.21921,6.607075,0.6433371,0,1.619597,0,0,0,0,0,0,5.476592,4.343934,6.609261,0.592854,0.702737,0.482971,7.388257,6.228002,8.548512,0.6065768,0,2.128977,7.171196,6.090347,8.252046,9.804873,10,9.448304,6.913143,7.21921,6.607075,0.6433371,0,1.619597,0,0,0,0,0,0,5.476592,4.343934,6.609261,0.592854,0.702737,0.482971,7.388257,6.228002,8.548512,0.6065768,0,2.128977,7.171196,6.090347,8.252046,9.804873,10,9.448304,-1,-1,-1,-1,-1,-1,-1,-1,-1,-1,-1,-1,-1,-1,-1,-1,-1,-1,-1,-1,-1,-1,-1,-1,-1,-1,-1,-1,-1,-1,-1,-1,-1,-1,-1,-1,-1,-1,-1,-1,-1,-1,-1,-1,-1,-1,-1,-1,-1,-1,0,0,0,0,0,0,-1,-1,-1,-1,-1,-1,-1,-1,-1,-1,-1,-1,0,0,0,0,0,0,-1,-1,-1,-1,-1,-1,-1,-1,-1,-1,-1,-1,-1,-1,False,False,0,0,False,207,0,0,0,0,0,0,0,0,0,0,0,0,0,0,0,1,
0,661,2026-02-23 12:18:00Z,LLM_Empathetic,6.91317,7.219215,6.607124,0.6432909,0,1.619572,0,0,0,0,0,0,5.476627,4.343945,6.609319,0.592854,0.702737,0.482971,7.388273,6.227994,8.548552,0.6065472,0,2.128947,7.171245,6.090374,8.252116,9.80497,10,9.448426,6.91317,7.219215,6.607124,0.6432909,0,1.619572,0,0,0,0,0,0,5.476627,4.343945,6.609319,0.592854,0.702737,0.482971,7.388273,6.227994,8.548552,0.6065472,0,2.128947,7.171245,6.090374,8.252116,9.80497,10,9.448426,-1,-1,-1,-1,-1,-1,-1,-1,-1,-1,-1,-1,-1,-1,-1,-1,-1,-1,-1,-1,-1,-1,-1,-1,-1,-1,-1,-1,-1,-1,-1,-1,-1,-1,-1,-1,-1,-1,-1,-1,-1,-1,-1,-1,-1,-1,-1,-1,-1,-1,0,0,0,0,0,0,-1,-1,-1,-1,-1,-1,-1,-1,-1,-1,-1,-1,0,0,0,0,0,0,-1,-1,-1,-1,-1,-1,-1,-1,-1,-1,-1,-1,-1,-1,False,False,0,0,False,207,0,0,0,0,0,0,0,0,0,0,0,0,0,0,0,1,
0,662,2026-02-23 12:18:00Z,LLM_Empathetic,6.913197,7.21922,6.607173,0.6432447,0,1.619546,0,0,0,0,0,0,5.476662,4.343956,6.609377,0.592854,0.702737,0.482971,7.388288,6.227986,8.548592,0.6065176,0,2.128918,7.171293,6.0904,8.252188,9.805067,10,9.448547,6.913197,7.21922,6.607173,0.6432447,0,1.619546,0,0,0,0,0,0,5.476662,4.343956,6.609377,0.592854,0.702737,0.482971,7.388288,6.227986,8.548592,0.6065176,0,2.128918,7.171293,6.0904,8.252188,9.805067,10,9.448547,-1,-1,-1,-1,-1,-1,-1,-1,-1,-1,-1,-1,-1,-1,-1,-1,-1,-1,-1,-1,-1,-1,-1,-1,-1,-1,-1,-1,-1,-1,-1,-1,-1,-1,-1,-1,-1,-1,-1,-1,-1,-1,-1,-1,-1,-1,-1,-1,-1,-1,0,0,0,0,0,0,-1,-1,-1,-1,-1,-1,-1,-1,-1,-1,-1,-1,0,0,0,0,0,0,-1,-1,-1,-1,-1,-1,-1,-1,-1,-1,-1,-1,-1,-1,False,False,0,0,False,209,0,0,0,0,0,0,0,0,0,0,0,0,0,0,0,1,
0,663,2026-02-23 12:18:00Z,LLM_Empathetic,6.913224,7.219225,6.607223,0.6431986,0,1.619521,0,0,0,0,0,0,5.476697,4.343968,6.609436,0.592854,0.702737,0.482971,7.388304,6.227978,8.548632,0.6064881,0,2.128889,7.171341,6.090426,8.252258,9.805163,10,9.448668,6.913224,7.219225,6.607223,0.6431986,0,1.619521,0,0,0,0,0,0,5.476697,4.343968,6.609436,0.592854,0.702737,0.482971,7.388304,6.227978,8.548632,0.6064881,0,2.128889,7.171341,6.090426,8.252258,9.805163,10,9.448668,-1,-1,-1,-1,-1,-1,-1,-1,-1,-1,-1,-1,-1,-1,-1,-1,-1,-1,-1,-1,-1,-1,-1,-1,-1,-1,-1,-1,-1,-1,-1,-1,-1,-1,-1,-1,-1,-1,-1,-1,-1,-1,-1,-1,-1,-1,-1,-1,-1,-1,0,0,0,0,0,0,-1,-1,-1,-1,-1,-1,-1,-1,-1,-1,-1,-1,0,0,0,0,0,0,-1,-1,-1,-1,-1,-1,-1,-1,-1,-1,-1,-1,-1,-1,False,False,0,0,False,207,0,0,0,0,0,0,0,0,0,0,0,0,0,0,0,1,
0,664,2026-02-23 12:18:00Z,LLM_Empathetic,6.913251,7.21923,6.607272,0.6431527,0,1.619496,0,0,0,0,0,0,5.476732,4.34398,6.609494,0.592854,0.702737,0.482971,7.38832,6.22797,8.548672,0.6064587,0,2.128859,7.17139,6.090452,8.252328,9.80526,10,9.44879,6.913251,7.21923,6.607272,0.6431527,0,1.619496,0,0,0,0,0,0,5.476732,4.34398,6.609494,0.592854,0.702737,0.482971,7.38832,6.22797,8.548672,0.6064587,0,2.128859,7.17139,6.090452,8.252328,9.80526,10,9.44879,-1,-1,-1,-1,-1,-1,-1,-1,-1,-1,-1,-1,-1,-1,-1,-1,-1,-1,-1,-1,-1,-1,-1,-1,-1,-1,-1,-1,-1,-1,-1,-1,-1,-1,-1,-1,-1,-1,-1,-1,-1,-1,-1,-1,-1,-1,-1,-1,-1,-1,0,0,0,0,0,0,-1,-1,-1,-1,-1,-1,-1,-1,-1,-1,-1,-1,0,0,0,0,0,0,-1,-1,-1,-1,-1,-1,-1,-1,-1,-1,-1,-1,-1,-1,False,False,0,0,False,207,0,0,0,0,0,0,0,0,0,0,0,0,0,0,0,1,
0,665,2026-02-23 12:18:00Z,LLM_Empathetic,6.913278,7.219234,6.607321,0.6431069,0,1.61947,0,0,0,0,0,0,5.476766,4.343991,6.609551,0.592854,0.702737,0.482971,7.388336,6.227962,8.548711,0.6064293,0,2.12883,7.171438,6.090478,8.252398,9.805356,10,9.448911,6.913278,7.219234,6.607321,0.6431069,0,1.61947,0,0,0,0,0,0,5.476766,4.343991,6.609551,0.592854,0.702737,0.482971,7.388336,6.227962,8.548711,0.6064293,0,2.12883,7.171438,6.090478,8.252398,9.805356,10,9.448911,-1,-1,-1,-1,-1,-1,-1,-1,-1,-1,-1,-1,-1,-1,-1,-1,-1,-1,-1,-1,-1,-1,-1,-1,-1,-1,-1,-1,-1,-1,-1,-1,-1,-1,-1,-1,-1,-1,-1,-1,-1,-1,-1,-1,-1,-1,-1,-1,-1,-1,0,0,0,0,0,0,-1,-1,-1,-1,-1,-1,-1,-1,-1,-1,-1,-1,0,0,0,0,0,0,-1,-1,-1,-1,-1,-1,-1,-1,-1,-1,-1,-1,-1,-1,False,False,0,0,False,207,0,0,0,0,0,0,0,0,0,0,0,0,0,0,0,1,
0,666,2026-02-23 12:18:00Z,LLM_Empathetic,6.913305,7.21924,6.60737,0.6430612,0,1.619445,0,0,0,0,0,0,5.476801,4.344003,6.60961,0.592854,0.702737,0.482971,7.388352,6.227953,8.548751,0.6064001,0,2.1288,7.171486,6.090504,8.252468,9.805452,10,9.449031,6.913305,7.21924,6.60737,0.6430612,0,1.619445,0,0,0,0,0,0,5.476801,4.344003,6.60961,0.592854,0.702737,0.482971,7.388352,6.227953,8.548751,0.6064001,0,2.1288,7.171486,6.090504,8.252468,9.805452,10,9.449031,-1,-1,-1,-1,-1,-1,-1,-1,-1,-1,-1,-1,-1,-1,-1,-1,-1,-1,-1,-1,-1,-1,-1,-1,-1,-1,-1,-1,-1,-1,-1,-1,-1,-1,-1,-1,-1,-1,-1,-1,-1,-1,-1,-1,-1,-1,-1,-1,-1,-1,0,0,0,0,0,0,-1,-1,-1,-1,-1,-1,-1,-1,-1,-1,-1,-1,0,0,0,0,0,0,-1,-1,-1,-1,-1,-1,-1,-1,-1,-1,-1,-1,-1,-1,False,False,0,0,False,209,0,0,0,0,0,0,0,0,0,0,0,0,0,0,0,1,
0,667,2026-02-23 12:18:00Z,LLM_Empathetic,6.913332,7.219244,6.607419,0.6430156,0,1.61942,0,0,0,0,0,0,5.476835,4.344014,6.609667,0.592854,0.702737,0.482971,7.388368,6.227945,8.54879,0.6063709,0,2.128771,7.171534,6.09053,8.252539,9.805548,10,9.449151,6.913332,7.219244,6.607419,0.6430156,0,1.61942,0,0,0,0,0,0,5.476835,4.344014,6.609667,0.592854,0.702737,0.482971,7.388368,6.227945,8.54879,0.6063709,0,2.128771,7.171534,6.09053,8.252539,9.805548,10,9.449151,-1,-1,-1,-1,-1,-1,-1,-1,-1,-1,-1,-1,-1,-1,-1,-1,-1,-1,-1,-1,-1,-1,-1,-1,-1,-1,-1,-1,-1,-1,-1,-1,-1,-1,-1,-1,-1,-1,-1,-1,-1,-1,-1,-1,-1,-1,-1,-1,-1,-1,0,0,0,0,0,0,-1,-1,-1,-1,-1,-1,-1,-1,-1,-1,-1,-1,0,0,0,0,0,0,-1,-1,-1,-1,-1,-1,-1,-1,-1,-1,-1,-1,-1,-1,False,False,0,0,False,207,0,0,0,0,0,0,0,0,0,0,0,0,0,0,0,1,
0,668,2026-02-23 12:18:00Z,LLM_Empathetic,6.913358,7.219249,6.607468,0.6429701,0,1.619395,0,0,0,0,0,0,5.47687,4.344026,6.609725,0.592854,0.702737,0.482971,7.388383,6.227937,8.54883,0.6063418,0,2.128742,7.171582,6.090556,8.252608,9.805643,10,9.44927,6.913358,7.219249,6.607468,0.6429701,0,1.619395,0,0,0,0,0,0,5.47687,4.344026,6.609725,0.592854,0.702737,0.482971,7.388383,6.227937,8.54883,0.6063418,0,2.128742,7.171582,6.090556,8.252608,9.805643,10,9.44927,-1,-1,-1,-1,-1,-1,-1,-1,-1,-1,-1,-1,-1,-1,-1,-1,-1,-1,-1,-1,-1,-1,-1,-1,-1,-1,-1,-1,-1,-1,-1,-1,-1,-1,-1,-1,-1,-1,-1,-1,-1,-1,-1,-1,-1,-1,-1,-1,-1,-1,0,0,0,0,0,0,-1,-1,-1,-1,-1,-1,-1,-1,-1,-1,-1,-1,0,0,0,0,0,0,-1,-1,-1,-1,-1,-1,-1,-1,-1,-1,-1,-1,-1,-1,False,False,0,0,False,209,0,0,0,0,0,0,0,0,0,0,0,0,0,0,0,1,
0,669,2026-02-23 12:18:00Z,LLM_Empathetic,6.913385,7.219254,6.607516,0.6429248,0,1.61937,0,0,0,0,0,0,5.476904,4.344037,6.609782,0.592854,0.702737,0.482971,7.388399,6.227929,8.548869,0.6063128,0,2.128713,7.171629,6.090582,8.252678,9.805738,10,9.44939,6.913385,7.219254,6.607516,0.6429248,0,1.61937,0,0,0,0,0,0,5.476904,4.344037,6.609782,0.592854,0.702737,0.482971,7.388399,6.227929,8.548869,0.6063128,0,2.128713,7.171629,6.090582,8.252678,9.805738,10,9.44939,-1,-1,-1,-1,-1,-1,-1,-1,-1,-1,-1,-1,-1,-1,-1,-1,-1,-1,-1,-1,-1,-1,-1,-1,-1,-1,-1,-1,-1,-1,-1,-1,-1,-1,-1,-1,-1,-1,-1,-1,-1,-1,-1,-1,-1,-1,-1,-1,-1,-1,0,0,0,0,0,0,-1,-1,-1,-1,-1,-1,-1,-1,-1,-1,-1,-1,0,0,0,0,0,0,-1,-1,-1,-1,-1,-1,-1,-1,-1,-1,-1,-1,-1,-1,False,False,0,0,False,209,0,0,0,0,0,0,0,0,0,0,0,0,0,0,0,1,
0,670,2026-02-23 12:18:00Z,LLM_Empathetic,6.913412,7.219259,6.607564,0.6428795,0,1.619345,0,0,0,0,0,0,5.476938,4.344048,6.609839,0.592854,0.702737,0.482971,7.388414,6.227921,8.548908,0.6062838,0,2.128684,7.171677,6.090608,8.252747,9.805833,10,9.44951,6.913412,7.219259,6.607564,0.6428795,0,1.619345,0,0,0,0,0,0,5.476938,4.344048,6.609839,0.592854,0.702737,0.482971,7.388414,6.227921,8.548908,0.6062838,0,2.128684,7.171677,6.090608,8.252747,9.805833,10,9.44951,-1,-1,-1,-1,-1,-1,-1,-1,-1,-1,-1,-1,-1,-1,-1,-1,-1,-1,-1,-1,-1,-1,-1,-1,-1,-1,-1,-1,-1,-1,-1,-1,-1,-1,-1,-1,-1,-1,-1,-1,-1,-1,-1,-1,-1,-1,-1,-1,-1,-1,0,0,0,0,0,0,-1,-1,-1,-1,-1,-1,-1,-1,-1,-1,-1,-1,0,0,0,0,0,0,-1,-1,-1,-1,-1,-1,-1,-1,-1,-1,-1,-1,-1,-1,False,False,0,0,False,209,0,0,0,0,0,0,0,0,0,0,0,0,0,0,0,1,
0,671,2026-02-23 12:18:00Z,LLM_Empathetic,6.913438,7.219264,6.607613,0.6428344,0,1.61932,0,0,0,0,0,0,5.476973,4.344059,6.609896,0.592854,0.702737,0.482971,7.38843,6.227913,8.548947,0.6062549,0,2.128655,7.171724,6.090633,8.252816,9.805928,10,9.449628,6.913438,7.219264,6.607613,0.6428344,0,1.61932,0,0,0,0,0,0,5.476973,4.344059,6.609896,0.592854,0.702737,0.482971,7.38843,6.227913,8.548947,0.6062549,0,2.128655,7.171724,6.090633,8.252816,9.805928,10,9.449628,-1,-1,-1,-1,-1,-1,-1,-1,-1,-1,-1,-1,-1,-1,-1,-1,-1,-1,-1,-1,-1,-1,-1,-1,-1,-1,-1,-1,-1,-1,-1,-1,-1,-1,-1,-1,-1,-1,-1,-1,-1,-1,-1,-1,-1,-1,-1,-1,-1,-1,0,0,0,0,0,0,-1,-1,-1,-1,-1,-1,-1,-1,-1,-1,-1,-1,0,0,0,0,0,0,-1,-1,-1,-1,-1,-1,-1,-1,-1,-1,-1,-1,-1,-1,False,False,0,0,False,207,0,0,0,0,0,0,0,0,0,0,0,0,0,0,0,1,
0,672,2026-02-23 12:18:00Z,LLM_Empathetic,6.913465,7.219268,6.607661,0.6427894,0,1.619295,0,0,0,0,0,0,5.477006,4.34407,6.609952,0.592854,0.702737,0.482971,7.388446,6.227905,8.548986,0.6062261,0,2.128626,7.171772,6.090659,8.252885,9.806023,10,9.449746,6.913465,7.219268,6.607661,0.6427894,0,1.619295,0,0,0,0,0,0,5.477006,4.34407,6.609952,0.592854,0.702737,0.482971,7.388446,6.227905,8.548986,0.6062261,0,2.128626,7.171772,6.090659,8.252885,9.806023,10,9.449746,-1,-1,-1,-1,-1,-1,-1,-1,-1,-1,-1,-1,-1,-1,-1,-1,-1,-1,-1,-1,-1,-1,-1,-1,-1,-1,-1,-1,-1,-1,-1,-1,-1,-1,-1,-1,-1,-1,-1,-1,-1,-1,-1,-1,-1,-1,-1,-1,-1,-1,0,0,0,0,0,0,-1,-1,-1,-1,-1,-1,-1,-1,-1,-1,-1,-1,0,0,0,0,0,0,-1,-1,-1,-1,-1,-1,-1,-1,-1,-1,-1,-1,-1,-1,False,False,0,0,False,209,0,0,0,0,0,0,0,0,0,0,0,0,0,0,0,1,
0,673,2026-02-23 12:18:00Z,LLM_Empathetic,6.913491,7.219273,6.607709,0.6427445,0,1.61927,0,0,0,0,0,0,5.47704,4.344082,6.610009,0.592854,0.702737,0.482971,7.388461,6.227897,8.549026,0.6061974,0,2.128598,7.171819,6.090684,8.252954,9.806116,10,9.449864,6.913491,7.219273,6.607709,0.6427445,0,1.61927,0,0,0,0,0,0,5.47704,4.344082,6.610009,0.592854,0.702737,0.482971,7.388461,6.227897,8.549026,0.6061974,0,2.128598,7.171819,6.090684,8.252954,9.806116,10,9.449864,-1,-1,-1,-1,-1,-1,-1,-1,-1,-1,-1,-1,-1,-1,-1,-1,-1,-1,-1,-1,-1,-1,-1,-1,-1,-1,-1,-1,-1,-1,-1,-1,-1,-1,-1,-1,-1,-1,-1,-1,-1,-1,-1,-1,-1,-1,-1,-1,-1,-1,0,0,0,0,0,0,-1,-1,-1,-1,-1,-1,-1,-1,-1,-1,-1,-1,0,0,0,0,0,0,-1,-1,-1,-1,-1,-1,-1,-1,-1,-1,-1,-1,-1,-1,False,False,0,0,False,207,0,0,0,0,0,0,0,0,0,0,0,0,0,0,0,1,
0,674,2026-02-23 12:18:00Z,LLM_Empathetic,6.913517,7.219278,6.607757,0.6426998,0,1.619246,0,0,0,0,0,0,5.477074,4.344093,6.610066,0.592854,0.702737,0.482971,7.388476,6.227889,8.549065,0.6061687,0,2.128569,7.171865,6.09071,8.253022,9.806211,10,9.449983,6.913517,7.219278,6.607757,0.6426998,0,1.619246,0,0,0,0,0,0,5.477074,4.344093,6.610066,0.592854,0.702737,0.482971,7.388476,6.227889,8.549065,0.6061687,0,2.128569,7.171865,6.09071,8.253022,9.806211,10,9.449983,-1,-1,-1,-1,-1,-1,-1,-1,-1,-1,-1,-1,-1,-1,-1,-1,-1,-1,-1,-1,-1,-1,-1,-1,-1,-1,-1,-1,-1,-1,-1,-1,-1,-1,-1,-1,-1,-1,-1,-1,-1,-1,-1,-1,-1,-1,-1,-1,-1,-1,0,0,0,0,0,0,-1,-1,-1,-1,-1,-1,-1,-1,-1,-1,-1,-1,0,0,0,0,0,0,-1,-1,-1,-1,-1,-1,-1,-1,-1,-1,-1,-1,-1,-1,False,False,0,0,False,207,0,0,0,0,0,0,0,0,0,0,0,0,0,0,0,1,
0,675,2026-02-23 12:18:00Z,LLM_Empathetic,6.913544,7.219283,6.607805,0.6426551,0,1.619221,0,0,0,0,0,0,5.477108,4.344104,6.610122,0.592854,0.702737,0.482971,7.388492,6.227881,8.549103,0.6061401,0,2.128541,7.171913,6.090735,8.253091,9.806304,10,9.4501,6.913544,7.219283,6.607805,0.6426551,0,1.619221,0,0,0,0,0,0,5.477108,4.344104,6.610122,0.592854,0.702737,0.482971,7.388492,6.227881,8.549103,0.6061401,0,2.128541,7.171913,6.090735,8.253091,9.806304,10,9.4501,-1,-1,-1,-1,-1,-1,-1,-1,-1,-1,-1,-1,-1,-1,-1,-1,-1,-1,-1,-1,-1,-1,-1,-1,-1,-1,-1,-1,-1,-1,-1,-1,-1,-1,-1,-1,-1,-1,-1,-1,-1,-1,-1,-1,-1,-1,-1,-1,-1,-1,0,0,0,0,0,0,-1,-1,-1,-1,-1,-1,-1,-1,-1,-1,-1,-1,0,0,0,0,0,0,-1,-1,-1,-1,-1,-1,-1,-1,-1,-1,-1,-1,-1,-1,False,False,0,0,False,207,0,0,0,0,0,0,0,0,0,0,0,0,0,0,0,1,
0,676,2026-02-23 12:18:00Z,LLM_Empathetic,6.91357,7.219287,6.607852,0.6426105,0,1.619197,0,0,0,0,0,0,5.477142,4.344115,6.610178,0.592854,0.702737,0.482971,7.388507,6.227873,8.549142,0.6061115,0,2.128512,7.171959,6.090761,8.25316,9.806397,10,9.450217,6.91357,7.219287,6.607852,0.6426105,0,1.619197,0,0,0,0,0,0,5.477142,4.344115,6.610178,0.592854,0.702737,0.482971,7.388507,6.227873,8.549142,0.6061115,0,2.128512,7.171959,6.090761,8.25316,9.806397,10,9.450217,-1,-1,-1,-1,-1,-1,-1,-1,-1,-1,-1,-1,-1,-1,-1,-1,-1,-1,-1,-1,-1,-1,-1,-1,-1,-1,-1,-1,-1,-1,-1,-1,-1,-1,-1,-1,-1,-1,-1,-1,-1,-1,-1,-1,-1,-1,-1,-1,-1,-1,0,0,0,0,0,0,-1,-1,-1,-1,-1,-1,-1,-1,-1,-1,-1,-1,0,0,0,0,0,0,-1,-1,-1,-1,-1,-1,-1,-1,-1,-1,-1,-1,-1,-1,False,False,0,0,False,207,0,0,0,0,0,0,0,0,0,0,0,0,0,0,0,1,
0,677,2026-02-23 12:18:00Z,LLM_Empathetic,6.913596,7.219292,6.6079,0.6425661,0,1.619172,0,0,0,0,0,0,5.477175,4.344127,6.610235,0.592854,0.702737,0.482971,7.388523,6.227865,8.54918,0.6060831,0,2.128484,7.172006,6.090786,8.253227,9.806491,10,9.450335,6.913596,7.219292,6.6079,0.6425661,0,1.619172,0,0,0,0,0,0,5.477175,4.344127,6.610235,0.592854,0.702737,0.482971,7.388523,6.227865,8.54918,0.6060831,0,2.128484,7.172006,6.090786,8.253227,9.806491,10,9.450335,-1,-1,-1,-1,-1,-1,-1,-1,-1,-1,-1,-1,-1,-1,-1,-1,-1,-1,-1,-1,-1,-1,-1,-1,-1,-1,-1,-1,-1,-1,-1,-1,-1,-1,-1,-1,-1,-1,-1,-1,-1,-1,-1,-1,-1,-1,-1,-1,-1,-1,0,0,0,0,0,0,-1,-1,-1,-1,-1,-1,-1,-1,-1,-1,-1,-1,0,0,0,0,0,0,-1,-1,-1,-1,-1,-1,-1,-1,-1,-1,-1,-1,-1,-1,False,False,0,0,False,209,0,0,0,0,0,0,0,0,0,0,0,0,0,0,0,1,
0,678,2026-02-23 12:18:00Z,LLM_Empathetic,6.913622,7.219297,6.607947,0.6425218,0,1.619148,0,0,0,0,0,0,5.477209,4.344138,6.610291,0.592854,0.702737,0.482971,7.388538,6.227858,8.549219,0.6060547,0,2.128455,7.172053,6.090811,8.253295,9.806584,10,9.450452,6.913622,7.219297,6.607947,0.6425218,0,1.619148,0,0,0,0,0,0,5.477209,4.344138,6.610291,0.592854,0.702737,0.482971,7.388538,6.227858,8.549219,0.6060547,0,2.128455,7.172053,6.090811,8.253295,9.806584,10,9.450452,-1,-1,-1,-1,-1,-1,-1,-1,-1,-1,-1,-1,-1,-1,-1,-1,-1,-1,-1,-1,-1,-1,-1,-1,-1,-1,-1,-1,-1,-1,-1,-1,-1,-1,-1,-1,-1,-1,-1,-1,-1,-1,-1,-1,-1,-1,-1,-1,-1,-1,0,0,0,0,0,0,-1,-1,-1,-1,-1,-1,-1,-1,-1,-1,-1,-1,0,0,0,0,0,0,-1,-1,-1,-1,-1,-1,-1,-1,-1,-1,-1,-1,-1,-1,False,False,0,0,False,207,0,0,0,0,0,0,0,0,0,0,0,0,0,0,0,1,
0,679,2026-02-23 12:18:00Z,LLM_Empathetic,6.913648,7.219302,6.607995,0.6424776,0,1.619123,0,0,0,0,0,0,5.477242,4.344149,6.610347,0.592854,0.702737,0.482971,7.388553,6.227849,8.549257,0.6060264,0,2.128427,7.172099,6.090836,8.253363,9.806677,10,9.450568,6.913648,7.219302,6.607995,0.6424776,0,1.619123,0,0,0,0,0,0,5.477242,4.344149,6.610347,0.592854,0.702737,0.482971,7.388553,6.227849,8.549257,0.6060264,0,2.128427,7.172099,6.090836,8.253363,9.806677,10,9.450568,-1,-1,-1,-1,-1,-1,-1,-1,-1,-1,-1,-1,-1,-1,-1,-1,-1,-1,-1,-1,-1,-1,-1,-1,-1,-1,-1,-1,-1,-1,-1,-1,-1,-1,-1,-1,-1,-1,-1,-1,-1,-1,-1,-1,-1,-1,-1,-1,-1,-1,0,0,0,0,0,0,-1,-1,-1,-1,-1,-1,-1,-1,-1,-1,-1,-1,0,0,0,0,0,0,-1,-1,-1,-1,-1,-1,-1,-1,-1,-1,-1,-1,-1,-1,False,False,0,0,False,209,0,0,0,0,0,0,0,0,0,0,0,0,0,0,0,1,
0,680,2026-02-23 12:18:01Z,LLM_Empathetic,6.913674,7.219306,6.608042,0.6424335,0,1.619099,0,0,0,0,0,0,5.477276,4.34416,6.610402,0.592854,0.702737,0.482971,7.388568,6.227842,8.549295,0.6059982,0,2.128398,7.172145,6.090861,8.25343,9.806769,10,9.450684,6.913674,7.219306,6.608042,0.6424335,0,1.619099,0,0,0,0,0,0,5.477276,4.34416,6.610402,0.592854,0.702737,0.482971,7.388568,6.227842,8.549295,0.6059982,0,2.128398,7.172145,6.090861,8.25343,9.806769,10,9.450684,-1,-1,-1,-1,-1,-1,-1,-1,-1,-1,-1,-1,-1,-1,-1,-1,-1,-1,-1,-1,-1,-1,-1,-1,-1,-1,-1,-1,-1,-1,-1,-1,-1,-1,-1,-1,-1,-1,-1,-1,-1,-1,-1,-1,-1,-1,-1,-1,-1,-1,0,0,0,0,0,0,-1,-1,-1,-1,-1,-1,-1,-1,-1,-1,-1,-1,0,0,0,0,0,0,-1,-1,-1,-1,-1,-1,-1,-1,-1,-1,-1,-1,-1,-1,False,False,0,0,False,209,0,0,0,0,0,0,0,0,0,0,0,0,0,0,0,1,
0,681,2026-02-23 12:18:01Z,LLM_Empathetic,6.9137,7.219311,6.608089,0.6423895,0,1.619075,0,0,0,0,0,0,5.477309,4.344171,6.610458,0.592854,0.702737,0.482971,7.388584,6.227834,8.549334,0.60597,0,2.12837,7.172192,6.090886,8.253498,9.806862,10,9.4508,6.9137,7.219311,6.608089,0.6423895,0,1.619075,0,0,0,0,0,0,5.477309,4.344171,6.610458,0.592854,0.702737,0.482971,7.388584,6.227834,8.549334,0.60597,0,2.12837,7.172192,6.090886,8.253498,9.806862,10,9.4508,-1,-1,-1,-1,-1,-1,-1,-1,-1,-1,-1,-1,-1,-1,-1,-1,-1,-1,-1,-1,-1,-1,-1,-1,-1,-1,-1,-1,-1,-1,-1,-1,-1,-1,-1,-1,-1,-1,-1,-1,-1,-1,-1,-1,-1,-1,-1,-1,-1,-1,0,0,0,0,0,0,-1,-1,-1,-1,-1,-1,-1,-1,-1,-1,-1,-1,0,0,0,0,0,0,-1,-1,-1,-1,-1,-1,-1,-1,-1,-1,-1,-1,-1,-1,False,False,0,0,False,209,0,0,0,0,0,0,0,0,0,0,0,0,0,0,0,1,
0,682,2026-02-23 12:18:01Z,LLM_Empathetic,6.913726,7.219316,6.608136,0.6423457,0,1.61905,0,0,0,0,0,0,5.477342,4.344182,6.610513,0.592854,0.702737,0.482971,7.388599,6.227826,8.549372,0.6059419,0,2.128342,7.172238,6.090911,8.253565,9.806953,10,9.450915,6.913726,7.219316,6.608136,0.6423457,0,1.61905,0,0,0,0,0,0,5.477342,4.344182,6.610513,0.592854,0.702737,0.482971,7.388599,6.227826,8.549372,0.6059419,0,2.128342,7.172238,6.090911,8.253565,9.806953,10,9.450915,-1,-1,-1,-1,-1,-1,-1,-1,-1,-1,-1,-1,-1,-1,-1,-1,-1,-1,-1,-1,-1,-1,-1,-1,-1,-1,-1,-1,-1,-1,-1,-1,-1,-1,-1,-1,-1,-1,-1,-1,-1,-1,-1,-1,-1,-1,-1,-1,-1,-1,0,0,0,0,0,0,-1,-1,-1,-1,-1,-1,-1,-1,-1,-1,-1,-1,0,0,0,0,0,0,-1,-1,-1,-1,-1,-1,-1,-1,-1,-1,-1,-1,-1,-1,False,False,0,0,False,209,0,0,0,0,0,0,0,0,0,0,0,0,0,0,0,1,
0,683,2026-02-23 12:18:01Z,LLM_Empathetic,6.913752,7.21932,6.608183,0.6423019,0,1.619026,0,0,0,0,0,0,5.477376,4.344193,6.610569,0.592854,0.702737,0.482971,7.388614,6.227818,8.54941,0.6059139,0,2.128314,7.172284,6.090936,8.253633,9.807046,10,9.451031,6.913752,7.21932,6.608183,0.6423019,0,1.619026,0,0,0,0,0,0,5.477376,4.344193,6.610569,0.592854,0.702737,0.482971,7.388614,6.227818,8.54941,0.6059139,0,2.128314,7.172284,6.090936,8.253633,9.807046,10,9.451031,-1,-1,-1,-1,-1,-1,-1,-1,-1,-1,-1,-1,-1,-1,-1,-1,-1,-1,-1,-1,-1,-1,-1,-1,-1,-1,-1,-1,-1,-1,-1,-1,-1,-1,-1,-1,-1,-1,-1,-1,-1,-1,-1,-1,-1,-1,-1,-1,-1,-1,0,0,0,0,0,0,-1,-1,-1,-1,-1,-1,-1,-1,-1,-1,-1,-1,0,0,0,0,0,0,-1,-1,-1,-1,-1,-1,-1,-1,-1,-1,-1,-1,-1,-1,False,False,0,0,False,207,0,0,0,0,0,0,0,0,0,0,0,0,0,0,0,1,
0,684,2026-02-23 12:18:01Z,LLM_Empathetic,6.913777,7.219325,6.60823,0.6422582,0,1.619002,0,0,0,0,0,0,5.477408,4.344203,6.610624,0.592854,0.702737,0.482971,7.388629,6.227811,8.549448,0.6058859,0,2.128286,7.172329,6.090961,8.253699,9.807137,10,9.451146,6.913777,7.219325,6.60823,0.6422582,0,1.619002,0,0,0,0,0,0,5.477408,4.344203,6.610624,0.592854,0.702737,0.482971,7.388629,6.227811,8.549448,0.6058859,0,2.128286,7.172329,6.090961,8.253699,9.807137,10,9.451146,-1,-1,-1,-1,-1,-1,-1,-1,-1,-1,-1,-1,-1,-1,-1,-1,-1,-1,-1,-1,-1,-1,-1,-1,-1,-1,-1,-1,-1,-1,-1,-1,-1,-1,-1,-1,-1,-1,-1,-1,-1,-1,-1,-1,-1,-1,-1,-1,-1,-1,0,0,0,0,0,0,-1,-1,-1,-1,-1,-1,-1,-1,-1,-1,-1,-1,0,0,0,0,0,0,-1,-1,-1,-1,-1,-1,-1,-1,-1,-1,-1,-1,-1,-1,False,False,0,0,False,209,0,0,0,0,0,0,0,0,0,0,0,0,0,0,0,1,
0,685,2026-02-23 12:18:01Z,LLM_Empathetic,6.913803,7.21933,6.608276,0.6422147,0,1.618978,0,0,0,0,0,0,5.477441,4.344214,6.610679,0.592854,0.702737,0.482971,7.388644,6.227803,8.549485,0.605858,0,2.128258,7.172375,6.090986,8.253766,9.807229,10,9.451261,6.913803,7.21933,6.608276,0.6422147,0,1.618978,0,0,0,0,0,0,5.477441,4.344214,6.610679,0.592854,0.702737,0.482971,7.388644,6.227803,8.549485,0.605858,0,2.128258,7.172375,6.090986,8.253766,9.807229,10,9.451261,-1,-1,-1,-1,-1,-1,-1,-1,-1,-1,-1,-1,-1,-1,-1,-1,-1,-1,-1,-1,-1,-1,-1,-1,-1,-1,-1,-1,-1,-1,-1,-1,-1,-1,-1,-1,-1,-1,-1,-1,-1,-1,-1,-1,-1,-1,-1,-1,-1,-1,0,0,0,0,0,0,-1,-1,-1,-1,-1,-1,-1,-1,-1,-1,-1,-1,0,0,0,0,0,0,-1,-1,-1,-1,-1,-1,-1,-1,-1,-1,-1,-1,-1,-1,False,False,0,0,False,209,0,0,0,0,0,0,0,0,0,0,0,0,0,0,0,1,
0,686,2026-02-23 12:18:01Z,LLM_Empathetic,6.913828,7.219334,6.608323,0.6421712,0,1.618954,0,0,0,0,0,0,5.477474,4.344225,6.610734,0.592854,0.702737,0.482971,7.388659,6.227795,8.549523,0.6058302,0,2.128231,7.172421,6.091011,8.253833,9.80732,10,9.451375,6.913828,7.219334,6.608323,0.6421712,0,1.618954,0,0,0,0,0,0,5.477474,4.344225,6.610734,0.592854,0.702737,0.482971,7.388659,6.227795,8.549523,0.6058302,0,2.128231,7.172421,6.091011,8.253833,9.80732,10,9.451375,-1,-1,-1,-1,-1,-1,-1,-1,-1,-1,-1,-1,-1,-1,-1,-1,-1,-1,-1,-1,-1,-1,-1,-1,-1,-1,-1,-1,-1,-1,-1,-1,-1,-1,-1,-1,-1,-1,-1,-1,-1,-1,-1,-1,-1,-1,-1,-1,-1,-1,0,0,0,0,0,0,-1,-1,-1,-1,-1,-1,-1,-1,-1,-1,-1,-1,0,0,0,0,0,0,-1,-1,-1,-1,-1,-1,-1,-1,-1,-1,-1,-1,-1,-1,False,False,0,0,False,209,0,0,0,0,0,0,0,0,0,0,0,0,0,0,0,1,
0,687,2026-02-23 12:18:01Z,LLM_Empathetic,6.913854,7.219339,6.608369,0.6421279,0,1.61893,0,0,0,0,0,0,5.477507,4.344236,6.610788,0.592854,0.702737,0.482971,7.388674,6.227787,8.549561,0.6058025,0,2.128203,7.172466,6.091035,8.253899,9.80741,10,9.451489,6.913854,7.219339,6.608369,0.6421279,0,1.61893,0,0,0,0,0,0,5.477507,4.344236,6.610788,0.592854,0.702737,0.482971,7.388674,6.227787,8.549561,0.6058025,0,2.128203,7.172466,6.091035,8.253899,9.80741,10,9.451489,-1,-1,-1,-1,-1,-1,-1,-1,-1,-1,-1,-1,-1,-1,-1,-1,-1,-1,-1,-1,-1,-1,-1,-1,-1,-1,-1,-1,-1,-1,-1,-1,-1,-1,-1,-1,-1,-1,-1,-1,-1,-1,-1,-1,-1,-1,-1,-1,-1,-1,0,0,0,0,0,0,-1,-1,-1,-1,-1,-1,-1,-1,-1,-1,-1,-1,0,0,0,0,0,0,-1,-1,-1,-1,-1,-1,-1,-1,-1,-1,-1,-1,-1,-1,False,False,0,0,False,209,0,0,0,0,0,0,0,0,0,0,0,0,0,0,0,1,
0,688,2026-02-23 12:18:01Z,LLM_Empathetic,6.913879,7.219344,6.608415,0.6420847,0,1.618906,0,0,0,0,0,0,5.47754,4.344247,6.610843,0.592854,0.702737,0.482971,7.388689,6.22778,8.549598,0.6057748,0,2.128175,7.172512,6.09106,8.253965,9.807502,10,9.451603,6.913879,7.219344,6.608415,0.6420847,0,1.618906,0,0,0,0,0,0,5.47754,4.344247,6.610843,0.592854,0.702737,0.482971,7.388689,6.22778,8.549598,0.6057748,0,2.128175,7.172512,6.09106,8.253965,9.807502,10,9.451603,-1,-1,-1,-1,-1,-1,-1,-1,-1,-1,-1,-1,-1,-1,-1,-1,-1,-1,-1,-1,-1,-1,-1,-1,-1,-1,-1,-1,-1,-1,-1,-1,-1,-1,-1,-1,-1,-1,-1,-1,-1,-1,-1,-1,-1,-1,-1,-1,-1,-1,0,0,0,0,0,0,-1,-1,-1,-1,-1,-1,-1,-1,-1,-1,-1,-1,0,0,0,0,0,0,-1,-1,-1,-1,-1,-1,-1,-1,-1,-1,-1,-1,-1,-1,False,False,0,0,False,209,0,0,0,0,0,0,0,0,0,0,0,0,0,0,0,1,
0,689,2026-02-23 12:18:01Z,LLM_Empathetic,6.913905,7.219348,6.608461,0.6420416,0,1.618883,0,0,0,0,0,0,5.477572,4.344258,6.610898,0.592854,0.702737,0.482971,7.388704,6.227772,8.549636,0.6057472,0,2.128148,7.172557,6.091084,8.254031,9.807591,10,9.451716,6.913905,7.219348,6.608461,0.6420416,0,1.618883,0,0,0,0,0,0,5.477572,4.344258,6.610898,0.592854,0.702737,0.482971,7.388704,6.227772,8.549636,0.6057472,0,2.128148,7.172557,6.091084,8.254031,9.807591,10,9.451716,-1,-1,-1,-1,-1,-1,-1,-1,-1,-1,-1,-1,-1,-1,-1,-1,-1,-1,-1,-1,-1,-1,-1,-1,-1,-1,-1,-1,-1,-1,-1,-1,-1,-1,-1,-1,-1,-1,-1,-1,-1,-1,-1,-1,-1,-1,-1,-1,-1,-1,0,0,0,0,0,0,-1,-1,-1,-1,-1,-1,-1,-1,-1,-1,-1,-1,0,0,0,0,0,0,-1,-1,-1,-1,-1,-1,-1,-1,-1,-1,-1,-1,-1,-1,False,False,0,0,False,209,0,0,0,0,0,0,0,0,0,0,0,0,0,0,0,1,
0,690,2026-02-23 12:18:01Z,LLM_Empathetic,6.91393,7.219353,6.608507,0.6419985,0,1.618859,0,0,0,0,0,0,5.477605,4.344269,6.610952,0.592854,0.702737,0.482971,7.388719,6.227765,8.549673,0.6057196,0,2.12812,7.172603,6.091109,8.254097,9.807682,10,9.45183,6.91393,7.219353,6.608507,0.6419985,0,1.618859,0,0,0,0,0,0,5.477605,4.344269,6.610952,0.592854,0.702737,0.482971,7.388719,6.227765,8.549673,0.6057196,0,2.12812,7.172603,6.091109,8.254097,9.807682,10,9.45183,-1,-1,-1,-1,-1,-1,-1,-1,-1,-1,-1,-1,-1,-1,-1,-1,-1,-1,-1,-1,-1,-1,-1,-1,-1,-1,-1,-1,-1,-1,-1,-1,-1,-1,-1,-1,-1,-1,-1,-1,-1,-1,-1,-1,-1,-1,-1,-1,-1,-1,0,0,0,0,0,0,-1,-1,-1,-1,-1,-1,-1,-1,-1,-1,-1,-1,0,0,0,0,0,0,-1,-1,-1,-1,-1,-1,-1,-1,-1,-1,-1,-1,-1,-1,False,False,0,0,False,209,0,0,0,0,0,0,0,0,0,0,0,0,0,0,0,1,
0,691,2026-02-23 12:18:01Z,LLM_Empathetic,6.913955,7.219357,6.608553,0.6419556,0,1.618835,0,0,0,0,0,0,5.477637,4.344279,6.611006,0.592854,0.702737,0.482971,7.388733,6.227757,8.54971,0.6056921,0,2.128093,7.172647,6.091133,8.254163,9.807773,10,9.451942,6.913955,7.219357,6.608553,0.6419556,0,1.618835,0,0,0,0,0,0,5.477637,4.344279,6.611006,0.592854,0.702737,0.482971,7.388733,6.227757,8.54971,0.6056921,0,2.128093,7.172647,6.091133,8.254163,9.807773,10,9.451942,-1,-1,-1,-1,-1,-1,-1,-1,-1,-1,-1,-1,-1,-1,-1,-1,-1,-1,-1,-1,-1,-1,-1,-1,-1,-1,-1,-1,-1,-1,-1,-1,-1,-1,-1,-1,-1,-1,-1,-1,-1,-1,-1,-1,-1,-1,-1,-1,-1,-1,0,0,0,0,0,0,-1,-1,-1,-1,-1,-1,-1,-1,-1,-1,-1,-1,0,0,0,0,0,0,-1,-1,-1,-1,-1,-1,-1,-1,-1,-1,-1,-1,-1,-1,False,False,0,0,False,209,0,0,0,0,0,0,0,0,0,0,0,0,0,0,0,1,
0,692,2026-02-23 12:18:01Z,LLM_Empathetic,6.91398,7.219362,6.608599,0.6419128,0,1.618812,0,0,0,0,0,0,5.47767,4.34429,6.61106,0.592854,0.702737,0.482971,7.388748,6.227749,8.549747,0.6056647,0,2.128065,7.172692,6.091157,8.254229,9.807862,10,9.452056,6.91398,7.219362,6.608599,0.6419128,0,1.618812,0,0,0,0,0,0,5.47767,4.34429,6.61106,0.592854,0.702737,0.482971,7.388748,6.227749,8.549747,0.6056647,0,2.128065,7.172692,6.091157,8.254229,9.807862,10,9.452056,-1,-1,-1,-1,-1,-1,-1,-1,-1,-1,-1,-1,-1,-1,-1,-1,-1,-1,-1,-1,-1,-1,-1,-1,-1,-1,-1,-1,-1,-1,-1,-1,-1,-1,-1,-1,-1,-1,-1,-1,-1,-1,-1,-1,-1,-1,-1,-1,-1,-1,0,0,0,0,0,0,-1,-1,-1,-1,-1,-1,-1,-1,-1,-1,-1,-1,0,0,0,0,0,0,-1,-1,-1,-1,-1,-1,-1,-1,-1,-1,-1,-1,-1,-1,False,False,0,0,False,209,0,0,0,0,0,0,0,0,0,0,0,0,0,0,0,1,
0,693,2026-02-23 12:18:01Z,LLM_Empathetic,6.914006,7.219367,6.608645,0.6418701,0,1.618788,0,0,0,0,0,0,5.477702,4.344301,6.611114,0.592854,0.702737,0.482971,7.388763,6.227742,8.549785,0.6056374,0,2.128038,7.172737,6.091182,8.254293,9.807952,10,9.452168,6.914006,7.219367,6.608645,0.6418701,0,1.618788,0,0,0,0,0,0,5.477702,4.344301,6.611114,0.592854,0.702737,0.482971,7.388763,6.227742,8.549785,0.6056374,0,2.128038,7.172737,6.091182,8.254293,9.807952,10,9.452168,-1,-1,-1,-1,-1,-1,-1,-1,-1,-1,-1,-1,-1,-1,-1,-1,-1,-1,-1,-1,-1,-1,-1,-1,-1,-1,-1,-1,-1,-1,-1,-1,-1,-1,-1,-1,-1,-1,-1,-1,-1,-1,-1,-1,-1,-1,-1,-1,-1,-1,0,0,0,0,0,0,-1,-1,-1,-1,-1,-1,-1,-1,-1,-1,-1,-1,0,0,0,0,0,0,-1,-1,-1,-1,-1,-1,-1,-1,-1,-1,-1,-1,-1,-1,False,False,0,0,False,209,0,0,0,0,0,0,0,0,0,0,0,0,0,0,0,1,
0,694,2026-02-23 12:18:01Z,LLM_Empathetic,6.914031,7.219371,6.60869,0.6418275,0,1.618765,0,0,0,0,0,0,5.477735,4.344311,6.611168,0.592854,0.702737,0.482971,7.388778,6.227734,8.549821,0.6056101,0,2.128011,7.172782,6.091206,8.254359,9.808041,10,9.45228,6.914031,7.219371,6.60869,0.6418275,0,1.618765,0,0,0,0,0,0,5.477735,4.344311,6.611168,0.592854,0.702737,0.482971,7.388778,6.227734,8.549821,0.6056101,0,2.128011,7.172782,6.091206,8.254359,9.808041,10,9.45228,-1,-1,-1,-1,-1,-1,-1,-1,-1,-1,-1,-1,-1,-1,-1,-1,-1,-1,-1,-1,-1,-1,-1,-1,-1,-1,-1,-1,-1,-1,-1,-1,-1,-1,-1,-1,-1,-1,-1,-1,-1,-1,-1,-1,-1,-1,-1,-1,-1,-1,0,0,0,0,0,0,-1,-1,-1,-1,-1,-1,-1,-1,-1,-1,-1,-1,0,0,0,0,0,0,-1,-1,-1,-1,-1,-1,-1,-1,-1,-1,-1,-1,-1,-1,False,False,0,0,False,209,0,0,0,0,0,0,0,0,0,0,0,0,0,0,0,1,
0,695,2026-02-23 12:18:01Z,LLM_Empathetic,6.914056,7.219376,6.608736,0.6417851,0,1.618741,0,0,0,0,0,0,5.477767,4.344322,6.611221,0.592854,0.702737,0.482971,7.388792,6.227727,8.549858,0.6055829,0,2.127983,7.172827,6.09123,8.254424,9.80813,10,9.452392,6.914056,7.219376,6.608736,0.6417851,0,1.618741,0,0,0,0,0,0,5.477767,4.344322,6.611221,0.592854,0.702737,0.482971,7.388792,6.227727,8.549858,0.6055829,0,2.127983,7.172827,6.09123,8.254424,9.80813,10,9.452392,-1,-1,-1,-1,-1,-1,-1,-1,-1,-1,-1,-1,-1,-1,-1,-1,-1,-1,-1,-1,-1,-1,-1,-1,-1,-1,-1,-1,-1,-1,-1,-1,-1,-1,-1,-1,-1,-1,-1,-1,-1,-1,-1,-1,-1,-1,-1,-1,-1,-1,0,0,0,0,0,0,-1,-1,-1,-1,-1,-1,-1,-1,-1,-1,-1,-1,0,0,0,0,0,0,-1,-1,-1,-1,-1,-1,-1,-1,-1,-1,-1,-1,-1,-1,False,False,0,0,False,209,0,0,0,0,0,0,0,0,0,0,0,0,0,0,0,1,
0,696,2026-02-23 12:18:01Z,LLM_Empathetic,6.914081,7.21938,6.608781,0.6417427,0,1.618718,0,0,0,0,0,0,5.477798,4.344333,6.611275,0.592854,0.702737,0.482971,7.388807,6.227719,8.549895,0.6055558,0,2.127956,7.172871,6.091254,8.254489,9.808219,10,9.452503,6.914081,7.21938,6.608781,0.6417427,0,1.618718,0,0,0,0,0,0,5.477798,4.344333,6.611275,0.592854,0.702737,0.482971,7.388807,6.227719,8.549895,0.6055558,0,2.127956,7.172871,6.091254,8.254489,9.808219,10,9.452503,-1,-1,-1,-1,-1,-1,-1,-1,-1,-1,-1,-1,-1,-1,-1,-1,-1,-1,-1,-1,-1,-1,-1,-1,-1,-1,-1,-1,-1,-1,-1,-1,-1,-1,-1,-1,-1,-1,-1,-1,-1,-1,-1,-1,-1,-1,-1,-1,-1,-1,0,0,0,0,0,0,-1,-1,-1,-1,-1,-1,-1,-1,-1,-1,-1,-1,0,0,0,0,0,0,-1,-1,-1,-1,-1,-1,-1,-1,-1,-1,-1,-1,-1,-1,False,False,0,0,False,209,0,0,0,0,0,0,0,0,0,0,0,0,0,0,0,1,
0,697,2026-02-23 12:18:01Z,LLM_Empathetic,6.914105,7.219385,6.608827,0.6417004,0,1.618695,0,0,0,0,0,0,5.47783,4.344343,6.611329,0.592854,0.702737,0.482971,7.388822,6.227712,8.549932,0.6055287,0,2.127929,7.172915,6.091278,8.254554,9.808308,10,9.452615,6.914105,7.219385,6.608827,0.6417004,0,1.618695,0,0,0,0,0,0,5.47783,4.344343,6.611329,0.592854,0.702737,0.482971,7.388822,6.227712,8.549932,0.6055287,0,2.127929,7.172915,6.091278,8.254554,9.808308,10,9.452615,-1,-1,-1,-1,-1,-1,-1,-1,-1,-1,-1,-1,-1,-1,-1,-1,-1,-1,-1,-1,-1,-1,-1,-1,-1,-1,-1,-1,-1,-1,-1,-1,-1,-1,-1,-1,-1,-1,-1,-1,-1,-1,-1,-1,-1,-1,-1,-1,-1,-1,0,0,0,0,0,0,-1,-1,-1,-1,-1,-1,-1,-1,-1,-1,-1,-1,0,0,0,0,0,0,-1,-1,-1,-1,-1,-1,-1,-1,-1,-1,-1,-1,-1,-1,False,False,0,0,False,209,0,0,0,0,0,0,0,0,0,0,0,0,0,0,0,1,
0,698,2026-02-23 12:18:01Z,LLM_Empathetic,6.91413,7.219389,6.608871,0.6416582,0,1.618671,0,0,0,0,0,0,5.477862,4.344354,6.611382,0.592854,0.702737,0.482971,7.388836,6.227704,8.549968,0.6055017,0,2.127902,7.17296,6.091302,8.254619,9.808396,10,9.452726,6.91413,7.219389,6.608871,0.6416582,0,1.618671,0,0,0,0,0,0,5.477862,4.344354,6.611382,0.592854,0.702737,0.482971,7.388836,6.227704,8.549968,0.6055017,0,2.127902,7.17296,6.091302,8.254619,9.808396,10,9.452726,-1,-1,-1,-1,-1,-1,-1,-1,-1,-1,-1,-1,-1,-1,-1,-1,-1,-1,-1,-1,-1,-1,-1,-1,-1,-1,-1,-1,-1,-1,-1,-1,-1,-1,-1,-1,-1,-1,-1,-1,-1,-1,-1,-1,-1,-1,-1,-1,-1,-1,0,0,0,0,0,0,-1,-1,-1,-1,-1,-1,-1,-1,-1,-1,-1,-1,0,0,0,0,0,0,-1,-1,-1,-1,-1,-1,-1,-1,-1,-1,-1,-1,-1,-1,False,False,0,0,False,209,0,0,0,0,0,0,0,0,0,0,0,0,0,0,0,1,
0,699,2026-02-23 12:18:01Z,LLM_Empathetic,6.914155,7.219393,6.608917,0.6416162,0,1.618648,0,0,0,0,0,0,5.477894,4.344364,6.611435,0.592854,0.702737,0.482971,7.388851,6.227697,8.550005,0.6054747,0,2.127875,7.173004,6.091326,8.254683,9.808485,10,9.452837,6.914155,7.219393,6.608917,0.6416162,0,1.618648,0,0,0,0,0,0,5.477894,4.344364,6.611435,0.592854,0.702737,0.482971,7.388851,6.227697,8.550005,0.6054747,0,2.127875,7.173004,6.091326,8.254683,9.808485,10,9.452837,-1,-1,-1,-1,-1,-1,-1,-1,-1,-1,-1,-1,-1,-1,-1,-1,-1,-1,-1,-1,-1,-1,-1,-1,-1,-1,-1,-1,-1,-1,-1,-1,-1,-1,-1,-1,-1,-1,-1,-1,-1,-1,-1,-1,-1,-1,-1,-1,-1,-1,0,0,0,0,0,0,-1,-1,-1,-1,-1,-1,-1,-1,-1,-1,-1,-1,0,0,0,0,0,0,-1,-1,-1,-1,-1,-1,-1,-1,-1,-1,-1,-1,-1,-1,False,False,0,0,False,209,0,0,0,0,0,0,0,0,0,0,0,0,0,0,0,1,
0,700,2026-02-23 12:18:01Z,LLM_Empathetic,6.91418,7.219398,6.608962,0.6415742,0,1.618625,0,0,0,0,0,0,5.477926,4.344375,6.611488,0.592854,0.702737,0.482971,7.388865,6.227689,8.550041,0.6054478,0,2.127848,7.173048,6.09135,8.254747,9.808573,10,9.452948,6.91418,7.219398,6.608962,0.6415742,0,1.618625,0,0,0,0,0,0,5.477926,4.344375,6.611488,0.592854,0.702737,0.482971,7.388865,6.227689,8.550041,0.6054478,0,2.127848,7.173048,6.09135,8.254747,9.808573,10,9.452948,-1,-1,-1,-1,-1,-1,-1,-1,-1,-1,-1,-1,-1,-1,-1,-1,-1,-1,-1,-1,-1,-1,-1,-1,-1,-1,-1,-1,-1,-1,-1,-1,-1,-1,-1,-1,-1,-1,-1,-1,-1,-1,-1,-1,-1,-1,-1,-1,-1,-1,0,0,0,0,0,0,-1,-1,-1,-1,-1,-1,-1,-1,-1,-1,-1,-1,0,0,0,0,0,0,-1,-1,-1,-1,-1,-1,-1,-1,-1,-1,-1,-1,-1,-1,False,False,0,0,False,207,0,0,0,0,0,0,0,0,0,0,0,0,0,0,0,1,
0,701,2026-02-23 12:18:01Z,LLM_Empathetic,6.914205,7.219402,6.609006,0.6415323,0,1.618602,0,0,0,0,0,0,5.477958,4.344385,6.611541,0.592854,0.702737,0.482971,7.388879,6.227682,8.550077,0.6054211,0,2.127821,7.173092,6.091374,8.254811,9.808661,10,9.453057,6.914205,7.219402,6.609006,0.6415323,0,1.618602,0,0,0,0,0,0,5.477958,4.344385,6.611541,0.592854,0.702737,0.482971,7.388879,6.227682,8.550077,0.6054211,0,2.127821,7.173092,6.091374,8.254811,9.808661,10,9.453057,-1,-1,-1,-1,-1,-1,-1,-1,-1,-1,-1,-1,-1,-1,-1,-1,-1,-1,-1,-1,-1,-1,-1,-1,-1,-1,-1,-1,-1,-1,-1,-1,-1,-1,-1,-1,-1,-1,-1,-1,-1,-1,-1,-1,-1,-1,-1,-1,-1,-1,0,0,0,0,0,0,-1,-1,-1,-1,-1,-1,-1,-1,-1,-1,-1,-1,0,0,0,0,0,0,-1,-1,-1,-1,-1,-1,-1,-1,-1,-1,-1,-1,-1,-1,False,False,0,0,False,209,0,0,0,0,0,0,0,0,0,0,0,0,0,0,0,1,
0,702,2026-02-23 12:18:01Z,LLM_Empathetic,6.914229,7.219407,6.609051,0.6414905,0,1.618579,0,0,0,0,0,0,5.477989,4.344396,6.611593,0.592854,0.702737,0.482971,7.388894,6.227674,8.550114,0.6053943,0,2.127795,7.173136,6.091398,8.254875,9.808748,10,9.453168,6.914229,7.219407,6.609051,0.6414905,0,1.618579,0,0,0,0,0,0,5.477989,4.344396,6.611593,0.592854,0.702737,0.482971,7.388894,6.227674,8.550114,0.6053943,0,2.127795,7.173136,6.091398,8.254875,9.808748,10,9.453168,-1,-1,-1,-1,-1,-1,-1,-1,-1,-1,-1,-1,-1,-1,-1,-1,-1,-1,-1,-1,-1,-1,-1,-1,-1,-1,-1,-1,-1,-1,-1,-1,-1,-1,-1,-1,-1,-1,-1,-1,-1,-1,-1,-1,-1,-1,-1,-1,-1,-1,0,0,0,0,0,0,-1,-1,-1,-1,-1,-1,-1,-1,-1,-1,-1,-1,0,0,0,0,0,0,-1,-1,-1,-1,-1,-1,-1,-1,-1,-1,-1,-1,-1,-1,False,False,0,0,False,209,0,0,0,0,0,0,0,0,0,0,0,0,0,0,0,1,
0,703,2026-02-23 12:18:01Z,LLM_Empathetic,6.914254,7.219411,6.609096,0.6414489,0,1.618556,0,0,0,0,0,0,5.478021,4.344406,6.611646,0.592854,0.702737,0.482971,7.388908,6.227667,8.55015,0.6053676,0,2.127768,7.17318,6.091421,8.254939,9.808836,10,9.453278,6.914254,7.219411,6.609096,0.6414489,0,1.618556,0,0,0,0,0,0,5.478021,4.344406,6.611646,0.592854,0.702737,0.482971,7.388908,6.227667,8.55015,0.6053676,0,2.127768,7.17318,6.091421,8.254939,9.808836,10,9.453278,-1,-1,-1,-1,-1,-1,-1,-1,-1,-1,-1,-1,-1,-1,-1,-1,-1,-1,-1,-1,-1,-1,-1,-1,-1,-1,-1,-1,-1,-1,-1,-1,-1,-1,-1,-1,-1,-1,-1,-1,-1,-1,-1,-1,-1,-1,-1,-1,-1,-1,0,0,0,0,0,0,-1,-1,-1,-1,-1,-1,-1,-1,-1,-1,-1,-1,0,0,0,0,0,0,-1,-1,-1,-1,-1,-1,-1,-1,-1,-1,-1,-1,-1,-1,False,False,0,0,False,209,0,0,0,0,0,0,0,0,0,0,0,0,0,0,0,1,
0,704,2026-02-23 12:18:01Z,LLM_Empathetic,6.914278,7.219416,6.60914,0.6414073,0,1.618533,0,0,0,0,0,0,5.478053,4.344417,6.611699,0.592854,0.702737,0.482971,7.388923,6.22766,8.550186,0.605341,0,2.127741,7.173223,6.091445,8.255003,9.808923,10,9.453387,6.914278,7.219416,6.60914,0.6414073,0,1.618533,0,0,0,0,0,0,5.478053,4.344417,6.611699,0.592854,0.702737,0.482971,7.388923,6.22766,8.550186,0.605341,0,2.127741,7.173223,6.091445,8.255003,9.808923,10,9.453387,-1,-1,-1,-1,-1,-1,-1,-1,-1,-1,-1,-1,-1,-1,-1,-1,-1,-1,-1,-1,-1,-1,-1,-1,-1,-1,-1,-1,-1,-1,-1,-1,-1,-1,-1,-1,-1,-1,-1,-1,-1,-1,-1,-1,-1,-1,-1,-1,-1,-1,0,0,0,0,0,0,-1,-1,-1,-1,-1,-1,-1,-1,-1,-1,-1,-1,0,0,0,0,0,0,-1,-1,-1,-1,-1,-1,-1,-1,-1,-1,-1,-1,-1,-1,False,False,0,0,False,209,0,0,0,0,0,0,0,0,0,0,0,0,0,0,0,1,
0,705,2026-02-23 12:18:01Z,LLM_Empathetic,6.914302,7.21942,6.609185,0.6413658,0,1.61851,0,0,0,0,0,0,5.478084,4.344427,6.611751,0.592854,0.702737,0.482971,7.388937,6.227653,8.550222,0.6053144,0,2.127715,7.173267,6.091469,8.255067,9.80901,10,9.453496,6.914302,7.21942,6.609185,0.6413658,0,1.61851,0,0,0,0,0,0,5.478084,4.344427,6.611751,0.592854,0.702737,0.482971,7.388937,6.227653,8.550222,0.6053144,0,2.127715,7.173267,6.091469,8.255067,9.80901,10,9.453496,-1,-1,-1,-1,-1,-1,-1,-1,-1,-1,-1,-1,-1,-1,-1,-1,-1,-1,-1,-1,-1,-1,-1,-1,-1,-1,-1,-1,-1,-1,-1,-1,-1,-1,-1,-1,-1,-1,-1,-1,-1,-1,-1,-1,-1,-1,-1,-1,-1,-1,0,0,0,0,0,0,-1,-1,-1,-1,-1,-1,-1,-1,-1,-1,-1,-1,0,0,0,0,0,0,-1,-1,-1,-1,-1,-1,-1,-1,-1,-1,-1,-1,-1,-1,False,False,0,0,False,209,0,0,0,0,0,0,0,0,0,0,0,0,0,0,0,1,
0,706,2026-02-23 12:18:01Z,LLM_Empathetic,6.914327,7.219425,6.609229,0.6413245,0,1.618487,0,0,0,0,0,0,5.478115,4.344437,6.611803,0.592854,0.702737,0.482971,7.388951,6.227645,8.550258,0.605288,0,2.127688,7.173311,6.091492,8.25513,9.809096,10,9.453605,6.914327,7.219425,6.609229,0.6413245,0,1.618487,0,0,0,0,0,0,5.478115,4.344437,6.611803,0.592854,0.702737,0.482971,7.388951,6.227645,8.550258,0.605288,0,2.127688,7.173311,6.091492,8.25513,9.809096,10,9.453605,-1,-1,-1,-1,-1,-1,-1,-1,-1,-1,-1,-1,-1,-1,-1,-1,-1,-1,-1,-1,-1,-1,-1,-1,-1,-1,-1,-1,-1,-1,-1,-1,-1,-1,-1,-1,-1,-1,-1,-1,-1,-1,-1,-1,-1,-1,-1,-1,-1,-1,0,0,0,0,0,0,-1,-1,-1,-1,-1,-1,-1,-1,-1,-1,-1,-1,0,0,0,0,0,0,-1,-1,-1,-1,-1,-1,-1,-1,-1,-1,-1,-1,-1,-1,False,False,0,0,False,209,0,0,0,0,0,0,0,0,0,0,0,0,0,0,0,1,
0,707,2026-02-23 12:18:01Z,LLM_Empathetic,6.914351,7.219429,6.609273,0.6412832,0,1.618464,0,0,0,0,0,0,5.478146,4.344448,6.611856,0.592854,0.702737,0.482971,7.388966,6.227638,8.550294,0.6052616,0,2.127662,7.173354,6.091516,8.255193,9.809183,10,9.453713,6.914351,7.219429,6.609273,0.6412832,0,1.618464,0,0,0,0,0,0,5.478146,4.344448,6.611856,0.592854,0.702737,0.482971,7.388966,6.227638,8.550294,0.6052616,0,2.127662,7.173354,6.091516,8.255193,9.809183,10,9.453713,-1,-1,-1,-1,-1,-1,-1,-1,-1,-1,-1,-1,-1,-1,-1,-1,-1,-1,-1,-1,-1,-1,-1,-1,-1,-1,-1,-1,-1,-1,-1,-1,-1,-1,-1,-1,-1,-1,-1,-1,-1,-1,-1,-1,-1,-1,-1,-1,-1,-1,0,0,0,0,0,0,-1,-1,-1,-1,-1,-1,-1,-1,-1,-1,-1,-1,0,0,0,0,0,0,-1,-1,-1,-1,-1,-1,-1,-1,-1,-1,-1,-1,-1,-1,False,False,0,0,False,209,0,0,0,0,0,0,0,0,0,0,0,0,0,0,0,1,
0,708,2026-02-23 12:18:01Z,LLM_Empathetic,6.914375,7.219433,6.609317,0.641242,0,1.618442,0,0,0,0,0,0,5.478178,4.344458,6.611907,0.592854,0.702737,0.482971,7.388979,6.22763,8.550329,0.6052352,0,2.127635,7.173397,6.091539,8.255257,9.80927,10,9.453822,6.914375,7.219433,6.609317,0.641242,0,1.618442,0,0,0,0,0,0,5.478178,4.344458,6.611907,0.592854,0.702737,0.482971,7.388979,6.22763,8.550329,0.6052352,0,2.127635,7.173397,6.091539,8.255257,9.80927,10,9.453822,-1,-1,-1,-1,-1,-1,-1,-1,-1,-1,-1,-1,-1,-1,-1,-1,-1,-1,-1,-1,-1,-1,-1,-1,-1,-1,-1,-1,-1,-1,-1,-1,-1,-1,-1,-1,-1,-1,-1,-1,-1,-1,-1,-1,-1,-1,-1,-1,-1,-1,0,0,0,0,0,0,-1,-1,-1,-1,-1,-1,-1,-1,-1,-1,-1,-1,0,0,0,0,0,0,-1,-1,-1,-1,-1,-1,-1,-1,-1,-1,-1,-1,-1,-1,False,False,0,0,False,209,0,0,0,0,0,0,0,0,0,0,0,0,0,0,0,1,
0,709,2026-02-23 12:18:01Z,LLM_Empathetic,6.9144,7.219438,6.609361,0.641201,0,1.618419,0,0,0,0,0,0,5.478209,4.344468,6.611959,0.592854,0.702737,0.482971,7.388994,6.227623,8.550365,0.6052089,0,2.127609,7.17344,6.091562,8.25532,9.809356,10,9.453931,6.9144,7.219438,6.609361,0.641201,0,1.618419,0,0,0,0,0,0,5.478209,4.344468,6.611959,0.592854,0.702737,0.482971,7.388994,6.227623,8.550365,0.6052089,0,2.127609,7.17344,6.091562,8.25532,9.809356,10,9.453931,-1,-1,-1,-1,-1,-1,-1,-1,-1,-1,-1,-1,-1,-1,-1,-1,-1,-1,-1,-1,-1,-1,-1,-1,-1,-1,-1,-1,-1,-1,-1,-1,-1,-1,-1,-1,-1,-1,-1,-1,-1,-1,-1,-1,-1,-1,-1,-1,-1,-1,0,0,0,0,0,0,-1,-1,-1,-1,-1,-1,-1,-1,-1,-1,-1,-1,0,0,0,0,0,0,-1,-1,-1,-1,-1,-1,-1,-1,-1,-1,-1,-1,-1,-1,False,False,0,0,False,207,0,0,0,0,0,0,0,0,0,0,0,0,0,0,0,1,
0,710,2026-02-23 12:18:01Z,LLM_Empathetic,6.914423,7.219442,6.609405,0.64116,0,1.618397,0,0,0,0,0,0,5.47824,4.344479,6.612011,0.592854,0.702737,0.482971,7.389008,6.227616,8.550401,0.6051826,0,2.127583,7.173483,6.091586,8.255382,9.809442,10,9.454039,6.914423,7.219442,6.609405,0.64116,0,1.618397,0,0,0,0,0,0,5.47824,4.344479,6.612011,0.592854,0.702737,0.482971,7.389008,6.227616,8.550401,0.6051826,0,2.127583,7.173483,6.091586,8.255382,9.809442,10,9.454039,-1,-1,-1,-1,-1,-1,-1,-1,-1,-1,-1,-1,-1,-1,-1,-1,-1,-1,-1,-1,-1,-1,-1,-1,-1,-1,-1,-1,-1,-1,-1,-1,-1,-1,-1,-1,-1,-1,-1,-1,-1,-1,-1,-1,-1,-1,-1,-1,-1,-1,0,0,0,0,0,0,-1,-1,-1,-1,-1,-1,-1,-1,-1,-1,-1,-1,0,0,0,0,0,0,-1,-1,-1,-1,-1,-1,-1,-1,-1,-1,-1,-1,-1,-1,False,False,0,0,False,209,0,0,0,0,0,0,0,0,0,0,0,0,0,0,0,1,
0,711,2026-02-23 12:18:01Z,LLM_Empathetic,6.914448,7.219446,6.609448,0.6411191,0,1.618374,0,0,0,0,0,0,5.478271,4.344489,6.612062,0.592854,0.702737,0.482971,7.389022,6.227609,8.550436,0.6051565,0,2.127557,7.173526,6.091609,8.255445,9.809527,10,9.454146,6.914448,7.219446,6.609448,0.6411191,0,1.618374,0,0,0,0,0,0,5.478271,4.344489,6.612062,0.592854,0.702737,0.482971,7.389022,6.227609,8.550436,0.6051565,0,2.127557,7.173526,6.091609,8.255445,9.809527,10,9.454146,-1,-1,-1,-1,-1,-1,-1,-1,-1,-1,-1,-1,-1,-1,-1,-1,-1,-1,-1,-1,-1,-1,-1,-1,-1,-1,-1,-1,-1,-1,-1,-1,-1,-1,-1,-1,-1,-1,-1,-1,-1,-1,-1,-1,-1,-1,-1,-1,-1,-1,0,0,0,0,0,0,-1,-1,-1,-1,-1,-1,-1,-1,-1,-1,-1,-1,0,0,0,0,0,0,-1,-1,-1,-1,-1,-1,-1,-1,-1,-1,-1,-1,-1,-1,False,False,0,0,False,207,0,0,0,0,0,0,0,0,0,0,0,0,0,0,0,1,
0,712,2026-02-23 12:18:02Z,LLM_Empathetic,6.914472,7.219451,6.609492,0.6410784,0,1.618351,0,0,0,0,0,0,5.478302,4.344499,6.612114,0.592854,0.702737,0.482971,7.389036,6.227602,8.550471,0.6051304,0,2.127531,7.173569,6.091632,8.255507,9.809613,10,9.454253,6.914472,7.219451,6.609492,0.6410784,0,1.618351,0,0,0,0,0,0,5.478302,4.344499,6.612114,0.592854,0.702737,0.482971,7.389036,6.227602,8.550471,0.6051304,0,2.127531,7.173569,6.091632,8.255507,9.809613,10,9.454253,-1,-1,-1,-1,-1,-1,-1,-1,-1,-1,-1,-1,-1,-1,-1,-1,-1,-1,-1,-1,-1,-1,-1,-1,-1,-1,-1,-1,-1,-1,-1,-1,-1,-1,-1,-1,-1,-1,-1,-1,-1,-1,-1,-1,-1,-1,-1,-1,-1,-1,0,0,0,0,0,0,-1,-1,-1,-1,-1,-1,-1,-1,-1,-1,-1,-1,0,0,0,0,0,0,-1,-1,-1,-1,-1,-1,-1,-1,-1,-1,-1,-1,-1,-1,False,False,0,0,False,209,0,0,0,0,0,0,0,0,0,0,0,0,0,0,0,1,
0,713,2026-02-23 12:18:02Z,LLM_Empathetic,6.914495,7.219455,6.609536,0.6410377,0,1.618329,0,0,0,0,0,0,5.478332,4.344509,6.612165,0.592854,0.702737,0.482971,7.38905,6.227594,8.550507,0.6051043,0,2.127505,7.173612,6.091655,8.255569,9.809699,10,9.45436,6.914495,7.219455,6.609536,0.6410377,0,1.618329,0,0,0,0,0,0,5.478332,4.344509,6.612165,0.592854,0.702737,0.482971,7.38905,6.227594,8.550507,0.6051043,0,2.127505,7.173612,6.091655,8.255569,9.809699,10,9.45436,-1,-1,-1,-1,-1,-1,-1,-1,-1,-1,-1,-1,-1,-1,-1,-1,-1,-1,-1,-1,-1,-1,-1,-1,-1,-1,-1,-1,-1,-1,-1,-1,-1,-1,-1,-1,-1,-1,-1,-1,-1,-1,-1,-1,-1,-1,-1,-1,-1,-1,0,0,0,0,0,0,-1,-1,-1,-1,-1,-1,-1,-1,-1,-1,-1,-1,0,0,0,0,0,0,-1,-1,-1,-1,-1,-1,-1,-1,-1,-1,-1,-1,-1,-1,False,False,0,0,False,209,0,0,0,0,0,0,0,0,0,0,0,0,0,0,0,1,
0,714,2026-02-23 12:18:02Z,LLM_Empathetic,6.914519,7.21946,6.609579,0.6409971,0,1.618307,0,0,0,0,0,0,5.478363,4.344519,6.612217,0.592854,0.702737,0.482971,7.389064,6.227587,8.550542,0.6050783,0,2.127479,7.173655,6.091678,8.255631,9.809784,10,9.454468,6.914519,7.21946,6.609579,0.6409971,0,1.618307,0,0,0,0,0,0,5.478363,4.344519,6.612217,0.592854,0.702737,0.482971,7.389064,6.227587,8.550542,0.6050783,0,2.127479,7.173655,6.091678,8.255631,9.809784,10,9.454468,-1,-1,-1,-1,-1,-1,-1,-1,-1,-1,-1,-1,-1,-1,-1,-1,-1,-1,-1,-1,-1,-1,-1,-1,-1,-1,-1,-1,-1,-1,-1,-1,-1,-1,-1,-1,-1,-1,-1,-1,-1,-1,-1,-1,-1,-1,-1,-1,-1,-1,0,0,0,0,0,0,-1,-1,-1,-1,-1,-1,-1,-1,-1,-1,-1,-1,0,0,0,0,0,0,-1,-1,-1,-1,-1,-1,-1,-1,-1,-1,-1,-1,-1,-1,False,False,0,0,False,209,0,0,0,0,0,0,0,0,0,0,0,0,0,0,0,1,
0,715,2026-02-23 12:18:02Z,LLM_Empathetic,6.914543,7.219464,6.609622,0.6409566,0,1.618284,0,0,0,0,0,0,5.478394,4.344529,6.612268,0.592854,0.702737,0.482971,7.389078,6.22758,8.550577,0.6050524,0,2.127453,7.173697,6.091702,8.255693,9.809869,10,9.454574,6.914543,7.219464,6.609622,0.6409566,0,1.618284,0,0,0,0,0,0,5.478394,4.344529,6.612268,0.592854,0.702737,0.482971,7.389078,6.22758,8.550577,0.6050524,0,2.127453,7.173697,6.091702,8.255693,9.809869,10,9.454574,-1,-1,-1,-1,-1,-1,-1,-1,-1,-1,-1,-1,-1,-1,-1,-1,-1,-1,-1,-1,-1,-1,-1,-1,-1,-1,-1,-1,-1,-1,-1,-1,-1,-1,-1,-1,-1,-1,-1,-1,-1,-1,-1,-1,-1,-1,-1,-1,-1,-1,0,0,0,0,0,0,-1,-1,-1,-1,-1,-1,-1,-1,-1,-1,-1,-1,0,0,0,0,0,0,-1,-1,-1,-1,-1,-1,-1,-1,-1,-1,-1,-1,-1,-1,False,False,0,0,False,207,0,0,0,0,0,0,0,0,0,0,0,0,0,0,0,1,
0,716,2026-02-23 12:18:02Z,LLM_Empathetic,6.914567,7.219468,6.609666,0.6409162,0,1.618262,0,0,0,0,0,0,5.478424,4.34454,6.612319,0.592854,0.702737,0.482971,7.389092,6.227572,8.550612,0.6050265,0,2.127427,7.173739,6.091724,8.255755,9.809954,10,9.45468,6.914567,7.219468,6.609666,0.6409162,0,1.618262,0,0,0,0,0,0,5.478424,4.34454,6.612319,0.592854,0.702737,0.482971,7.389092,6.227572,8.550612,0.6050265,0,2.127427,7.173739,6.091724,8.255755,9.809954,10,9.45468,-1,-1,-1,-1,-1,-1,-1,-1,-1,-1,-1,-1,-1,-1,-1,-1,-1,-1,-1,-1,-1,-1,-1,-1,-1,-1,-1,-1,-1,-1,-1,-1,-1,-1,-1,-1,-1,-1,-1,-1,-1,-1,-1,-1,-1,-1,-1,-1,-1,-1,0,0,0,0,0,0,-1,-1,-1,-1,-1,-1,-1,-1,-1,-1,-1,-1,0,0,0,0,0,0,-1,-1,-1,-1,-1,-1,-1,-1,-1,-1,-1,-1,-1,-1,False,False,0,0,False,207,0,0,0,0,0,0,0,0,0,0,0,0,0,0,0,1,
0,717,2026-02-23 12:18:02Z,LLM_Empathetic,6.914591,7.219472,6.609709,0.6408759,0,1.61824,0,0,0,0,0,0,5.478455,4.34455,6.61237,0.592854,0.702737,0.482971,7.389106,6.227565,8.550647,0.6050007,0,2.127401,7.173782,6.091747,8.255817,9.810038,10,9.454786,6.914591,7.219472,6.609709,0.6408759,0,1.61824,0,0,0,0,0,0,5.478455,4.34455,6.61237,0.592854,0.702737,0.482971,7.389106,6.227565,8.550647,0.6050007,0,2.127401,7.173782,6.091747,8.255817,9.810038,10,9.454786,-1,-1,-1,-1,-1,-1,-1,-1,-1,-1,-1,-1,-1,-1,-1,-1,-1,-1,-1,-1,-1,-1,-1,-1,-1,-1,-1,-1,-1,-1,-1,-1,-1,-1,-1,-1,-1,-1,-1,-1,-1,-1,-1,-1,-1,-1,-1,-1,-1,-1,0,0,0,0,0,0,-1,-1,-1,-1,-1,-1,-1,-1,-1,-1,-1,-1,0,0,0,0,0,0,-1,-1,-1,-1,-1,-1,-1,-1,-1,-1,-1,-1,-1,-1,False,False,0,0,False,209,0,0,0,0,0,0,0,0,0,0,0,0,0,0,0,1,
0,718,2026-02-23 12:18:02Z,LLM_Empathetic,6.914614,7.219477,6.609752,0.6408358,0,1.618218,0,0,0,0,0,0,5.478485,4.34456,6.612421,0.592854,0.702737,0.482971,7.38912,6.227558,8.550682,0.604975,0,2.127375,7.173824,6.09177,8.255879,9.810122,10,9.454892,6.914614,7.219477,6.609752,0.6408358,0,1.618218,0,0,0,0,0,0,5.478485,4.34456,6.612421,0.592854,0.702737,0.482971,7.38912,6.227558,8.550682,0.604975,0,2.127375,7.173824,6.09177,8.255879,9.810122,10,9.454892,-1,-1,-1,-1,-1,-1,-1,-1,-1,-1,-1,-1,-1,-1,-1,-1,-1,-1,-1,-1,-1,-1,-1,-1,-1,-1,-1,-1,-1,-1,-1,-1,-1,-1,-1,-1,-1,-1,-1,-1,-1,-1,-1,-1,-1,-1,-1,-1,-1,-1,0,0,0,0,0,0,-1,-1,-1,-1,-1,-1,-1,-1,-1,-1,-1,-1,0,0,0,0,0,0,-1,-1,-1,-1,-1,-1,-1,-1,-1,-1,-1,-1,-1,-1,False,False,0,0,False,207,0,0,0,0,0,0,0,0,0,0,0,0,0,0,0,1,
0,719,2026-02-23 12:18:02Z,LLM_Empathetic,6.914638,7.219481,6.609795,0.6407956,0,1.618196,0,0,0,0,0,0,5.478515,4.34457,6.612471,0.592854,0.702737,0.482971,7.389134,6.227551,8.550716,0.6049493,0,2.12735,7.173866,6.091793,8.25594,9.810206,10,9.454998,6.914638,7.219481,6.609795,0.6407956,0,1.618196,0,0,0,0,0,0,5.478515,4.34457,6.612471,0.592854,0.702737,0.482971,7.389134,6.227551,8.550716,0.6049493,0,2.12735,7.173866,6.091793,8.25594,9.810206,10,9.454998,-1,-1,-1,-1,-1,-1,-1,-1,-1,-1,-1,-1,-1,-1,-1,-1,-1,-1,-1,-1,-1,-1,-1,-1,-1,-1,-1,-1,-1,-1,-1,-1,-1,-1,-1,-1,-1,-1,-1,-1,-1,-1,-1,-1,-1,-1,-1,-1,-1,-1,0,0,0,0,0,0,-1,-1,-1,-1,-1,-1,-1,-1,-1,-1,-1,-1,0,0,0,0,0,0,-1,-1,-1,-1,-1,-1,-1,-1,-1,-1,-1,-1,-1,-1,False,False,0,0,False,207,0,0,0,0,0,0,0,0,0,0,0,0,0,0,0,1,
0,720,2026-02-23 12:18:02Z,LLM_Empathetic,6.914661,7.219485,6.609838,0.6407557,0,1.618173,0,0,0,0,0,0,5.478546,4.34458,6.612522,0.592854,0.702737,0.482971,7.389148,6.227544,8.550752,0.6049237,0,2.127324,7.173908,6.091815,8.256001,9.81029,10,9.455103,6.914661,7.219485,6.609838,0.6407557,0,1.618173,0,0,0,0,0,0,5.478546,4.34458,6.612522,0.592854,0.702737,0.482971,7.389148,6.227544,8.550752,0.6049237,0,2.127324,7.173908,6.091815,8.256001,9.81029,10,9.455103,-1,-1,-1,-1,-1,-1,-1,-1,-1,-1,-1,-1,-1,-1,-1,-1,-1,-1,-1,-1,-1,-1,-1,-1,-1,-1,-1,-1,-1,-1,-1,-1,-1,-1,-1,-1,-1,-1,-1,-1,-1,-1,-1,-1,-1,-1,-1,-1,-1,-1,0,0,0,0,0,0,-1,-1,-1,-1,-1,-1,-1,-1,-1,-1,-1,-1,0,0,0,0,0,0,-1,-1,-1,-1,-1,-1,-1,-1,-1,-1,-1,-1,-1,-1,False,False,0,0,False,209,0,0,0,0,0,0,0,0,0,0,0,0,0,0,0,1,
0,721,2026-02-23 12:18:02Z,LLM_Empathetic,6.914685,7.21949,6.60988,0.6407157,0,1.618151,0,0,0,0,0,0,5.478576,4.34459,6.612572,0.592854,0.702737,0.482971,7.389161,6.227537,8.550786,0.6048981,0,2.127299,7.17395,6.091838,8.256063,9.810374,10,9.455209,6.914685,7.21949,6.60988,0.6407157,0,1.618151,0,0,0,0,0,0,5.478576,4.34459,6.612572,0.592854,0.702737,0.482971,7.389161,6.227537,8.550786,0.6048981,0,2.127299,7.17395,6.091838,8.256063,9.810374,10,9.455209,-1,-1,-1,-1,-1,-1,-1,-1,-1,-1,-1,-1,-1,-1,-1,-1,-1,-1,-1,-1,-1,-1,-1,-1,-1,-1,-1,-1,-1,-1,-1,-1,-1,-1,-1,-1,-1,-1,-1,-1,-1,-1,-1,-1,-1,-1,-1,-1,-1,-1,0,0,0,0,0,0,-1,-1,-1,-1,-1,-1,-1,-1,-1,-1,-1,-1,0,0,0,0,0,0,-1,-1,-1,-1,-1,-1,-1,-1,-1,-1,-1,-1,-1,-1,False,False,0,0,False,209,0,0,0,0,0,0,0,0,0,0,0,0,0,0,0,1,
0,722,2026-02-23 12:18:02Z,LLM_Empathetic,6.914708,7.219493,6.609923,0.6406759,0,1.618129,0,0,0,0,0,0,5.478606,4.3446,6.612623,0.592854,0.702737,0.482971,7.389175,6.22753,8.55082,0.6048726,0,2.127273,7.173992,6.091861,8.256124,9.810458,10,9.455314,6.914708,7.219493,6.609923,0.6406759,0,1.618129,0,0,0,0,0,0,5.478606,4.3446,6.612623,0.592854,0.702737,0.482971,7.389175,6.22753,8.55082,0.6048726,0,2.127273,7.173992,6.091861,8.256124,9.810458,10,9.455314,-1,-1,-1,-1,-1,-1,-1,-1,-1,-1,-1,-1,-1,-1,-1,-1,-1,-1,-1,-1,-1,-1,-1,-1,-1,-1,-1,-1,-1,-1,-1,-1,-1,-1,-1,-1,-1,-1,-1,-1,-1,-1,-1,-1,-1,-1,-1,-1,-1,-1,0,0,0,0,0,0,-1,-1,-1,-1,-1,-1,-1,-1,-1,-1,-1,-1,0,0,0,0,0,0,-1,-1,-1,-1,-1,-1,-1,-1,-1,-1,-1,-1,-1,-1,False,False,0,0,False,209,0,0,0,0,0,0,0,0,0,0,0,0,0,0,0,1,
0,723,2026-02-23 12:18:02Z,LLM_Empathetic,6.914732,7.219498,6.609965,0.6406362,0,1.618108,0,0,0,0,0,0,5.478636,4.34461,6.612673,0.592854,0.702737,0.482971,7.389189,6.227523,8.550855,0.6048472,0,2.127248,7.174034,6.091884,8.256185,9.810541,10,9.455418,6.914732,7.219498,6.609965,0.6406362,0,1.618108,0,0,0,0,0,0,5.478636,4.34461,6.612673,0.592854,0.702737,0.482971,7.389189,6.227523,8.550855,0.6048472,0,2.127248,7.174034,6.091884,8.256185,9.810541,10,9.455418,-1,-1,-1,-1,-1,-1,-1,-1,-1,-1,-1,-1,-1,-1,-1,-1,-1,-1,-1,-1,-1,-1,-1,-1,-1,-1,-1,-1,-1,-1,-1,-1,-1,-1,-1,-1,-1,-1,-1,-1,-1,-1,-1,-1,-1,-1,-1,-1,-1,-1,0,0,0,0,0,0,-1,-1,-1,-1,-1,-1,-1,-1,-1,-1,-1,-1,0,0,0,0,0,0,-1,-1,-1,-1,-1,-1,-1,-1,-1,-1,-1,-1,-1,-1,False,False,0,0,False,209,0,0,0,0,0,0,0,0,0,0,0,0,0,0,0,1,
0,724,2026-02-23 12:18:02Z,LLM_Empathetic,6.914755,7.219502,6.610008,0.6405966,0,1.618086,0,0,0,0,0,0,5.478666,4.344619,6.612723,0.592854,0.702737,0.482971,7.389203,6.227516,8.550889,0.6048218,0,2.127222,7.174076,6.091906,8.256246,9.810624,10,9.455523,6.914755,7.219502,6.610008,0.6405966,0,1.618086,0,0,0,0,0,0,5.478666,4.344619,6.612723,0.592854,0.702737,0.482971,7.389203,6.227516,8.550889,0.6048218,0,2.127222,7.174076,6.091906,8.256246,9.810624,10,9.455523,-1,-1,-1,-1,-1,-1,-1,-1,-1,-1,-1,-1,-1,-1,-1,-1,-1,-1,-1,-1,-1,-1,-1,-1,-1,-1,-1,-1,-1,-1,-1,-1,-1,-1,-1,-1,-1,-1,-1,-1,-1,-1,-1,-1,-1,-1,-1,-1,-1,-1,0,0,0,0,0,0,-1,-1,-1,-1,-1,-1,-1,-1,-1,-1,-1,-1,0,0,0,0,0,0,-1,-1,-1,-1,-1,-1,-1,-1,-1,-1,-1,-1,-1,-1,False,False,0,0,False,207,0,0,0,0,0,0,0,0,0,0,0,0,0,0,0,1,
0,725,2026-02-23 12:18:02Z,LLM_Empathetic,6.914778,7.219506,6.61005,0.640557,0,1.618064,0,0,0,0,0,0,5.478696,4.344629,6.612773,0.592854,0.702737,0.482971,7.389216,6.227509,8.550923,0.6047965,0,2.127197,7.174117,6.091928,8.256306,9.810707,10,9.455626,6.914778,7.219506,6.61005,0.640557,0,1.618064,0,0,0,0,0,0,5.478696,4.344629,6.612773,0.592854,0.702737,0.482971,7.389216,6.227509,8.550923,0.6047965,0,2.127197,7.174117,6.091928,8.256306,9.810707,10,9.455626,-1,-1,-1,-1,-1,-1,-1,-1,-1,-1,-1,-1,-1,-1,-1,-1,-1,-1,-1,-1,-1,-1,-1,-1,-1,-1,-1,-1,-1,-1,-1,-1,-1,-1,-1,-1,-1,-1,-1,-1,-1,-1,-1,-1,-1,-1,-1,-1,-1,-1,0,0,0,0,0,0,-1,-1,-1,-1,-1,-1,-1,-1,-1,-1,-1,-1,0,0,0,0,0,0,-1,-1,-1,-1,-1,-1,-1,-1,-1,-1,-1,-1,-1,-1,False,False,0,0,False,207,0,0,0,0,0,0,0,0,0,0,0,0,0,0,0,1,
0,726,2026-02-23 12:18:02Z,LLM_Empathetic,6.914802,7.219511,6.610093,0.6405176,0,1.618042,0,0,0,0,0,0,5.478726,4.344639,6.612823,0.592854,0.702737,0.482971,7.38923,6.227502,8.550958,0.6047712,0,2.127172,7.174159,6.091951,8.256367,9.81079,10,9.45573,6.914802,7.219511,6.610093,0.6405176,0,1.618042,0,0,0,0,0,0,5.478726,4.344639,6.612823,0.592854,0.702737,0.482971,7.38923,6.227502,8.550958,0.6047712,0,2.127172,7.174159,6.091951,8.256367,9.81079,10,9.45573,-1,-1,-1,-1,-1,-1,-1,-1,-1,-1,-1,-1,-1,-1,-1,-1,-1,-1,-1,-1,-1,-1,-1,-1,-1,-1,-1,-1,-1,-1,-1,-1,-1,-1,-1,-1,-1,-1,-1,-1,-1,-1,-1,-1,-1,-1,-1,-1,-1,-1,0,0,0,0,0,0,-1,-1,-1,-1,-1,-1,-1,-1,-1,-1,-1,-1,0,0,0,0,0,0,-1,-1,-1,-1,-1,-1,-1,-1,-1,-1,-1,-1,-1,-1,False,False,0,0,False,207,0,0,0,0,0,0,0,0,0,0,0,0,0,0,0,1,
0,727,2026-02-23 12:18:02Z,LLM_Empathetic,6.914824,7.219515,6.610135,0.6404782,0,1.618021,0,0,0,0,0,0,5.478755,4.344649,6.612872,0.592854,0.702737,0.482971,7.389243,6.227495,8.550992,0.604746,0,2.127146,7.1742,6.091973,8.256427,9.810873,10,9.455834,6.914824,7.219515,6.610135,0.6404782,0,1.618021,0,0,0,0,0,0,5.478755,4.344649,6.612872,0.592854,0.702737,0.482971,7.389243,6.227495,8.550992,0.604746,0,2.127146,7.1742,6.091973,8.256427,9.810873,10,9.455834,-1,-1,-1,-1,-1,-1,-1,-1,-1,-1,-1,-1,-1,-1,-1,-1,-1,-1,-1,-1,-1,-1,-1,-1,-1,-1,-1,-1,-1,-1,-1,-1,-1,-1,-1,-1,-1,-1,-1,-1,-1,-1,-1,-1,-1,-1,-1,-1,-1,-1,0,0,0,0,0,0,-1,-1,-1,-1,-1,-1,-1,-1,-1,-1,-1,-1,0,0,0,0,0,0,-1,-1,-1,-1,-1,-1,-1,-1,-1,-1,-1,-1,-1,-1,False,False,0,0,False,207,0,0,0,0,0,0,0,0,0,0,0,0,0,0,0,1,
0,728,2026-02-23 12:18:02Z,LLM_Empathetic,6.914848,7.219519,6.610177,0.6404389,0,1.617999,0,0,0,0,0,0,5.478785,4.344659,6.612922,0.592854,0.702737,0.482971,7.389257,6.227488,8.551026,0.6047209,0,2.127121,7.174241,6.091996,8.256487,9.810955,10,9.455937,6.914848,7.219519,6.610177,0.6404389,0,1.617999,0,0,0,0,0,0,5.478785,4.344659,6.612922,0.592854,0.702737,0.482971,7.389257,6.227488,8.551026,0.6047209,0,2.127121,7.174241,6.091996,8.256487,9.810955,10,9.455937,-1,-1,-1,-1,-1,-1,-1,-1,-1,-1,-1,-1,-1,-1,-1,-1,-1,-1,-1,-1,-1,-1,-1,-1,-1,-1,-1,-1,-1,-1,-1,-1,-1,-1,-1,-1,-1,-1,-1,-1,-1,-1,-1,-1,-1,-1,-1,-1,-1,-1,0,0,0,0,0,0,-1,-1,-1,-1,-1,-1,-1,-1,-1,-1,-1,-1,0,0,0,0,0,0,-1,-1,-1,-1,-1,-1,-1,-1,-1,-1,-1,-1,-1,-1,False,False,0,0,False,207,0,0,0,0,0,0,0,0,0,0,0,0,0,0,0,1,
0,729,2026-02-23 12:18:02Z,LLM_Empathetic,6.914871,7.219523,6.610219,0.6403998,0,1.617977,0,0,0,0,0,0,5.478815,4.344669,6.612971,0.592854,0.702737,0.482971,7.38927,6.227481,8.551061,0.6046958,0,2.127096,7.174282,6.092018,8.256547,9.811037,10,9.45604,6.914871,7.219523,6.610219,0.6403998,0,1.617977,0,0,0,0,0,0,5.478815,4.344669,6.612971,0.592854,0.702737,0.482971,7.38927,6.227481,8.551061,0.6046958,0,2.127096,7.174282,6.092018,8.256547,9.811037,10,9.45604,-1,-1,-1,-1,-1,-1,-1,-1,-1,-1,-1,-1,-1,-1,-1,-1,-1,-1,-1,-1,-1,-1,-1,-1,-1,-1,-1,-1,-1,-1,-1,-1,-1,-1,-1,-1,-1,-1,-1,-1,-1,-1,-1,-1,-1,-1,-1,-1,-1,-1,0,0,0,0,0,0,-1,-1,-1,-1,-1,-1,-1,-1,-1,-1,-1,-1,0,0,0,0,0,0,-1,-1,-1,-1,-1,-1,-1,-1,-1,-1,-1,-1,-1,-1,False,False,0,0,False,209,0,0,0,0,0,0,0,0,0,0,0,0,0,0,0,1,
0,730,2026-02-23 12:18:02Z,LLM_Empathetic,6.914894,7.219527,6.61026,0.6403607,0,1.617956,0,0,0,0,0,0,5.478845,4.344678,6.613021,0.592854,0.702737,0.482971,7.389284,6.227474,8.551094,0.6046708,0,2.127071,7.174323,6.09204,8.256607,9.811119,10,9.456143,6.914894,7.219527,6.61026,0.6403607,0,1.617956,0,0,0,0,0,0,5.478845,4.344678,6.613021,0.592854,0.702737,0.482971,7.389284,6.227474,8.551094,0.6046708,0,2.127071,7.174323,6.09204,8.256607,9.811119,10,9.456143,-1,-1,-1,-1,-1,-1,-1,-1,-1,-1,-1,-1,-1,-1,-1,-1,-1,-1,-1,-1,-1,-1,-1,-1,-1,-1,-1,-1,-1,-1,-1,-1,-1,-1,-1,-1,-1,-1,-1,-1,-1,-1,-1,-1,-1,-1,-1,-1,-1,-1,0,0,0,0,0,0,-1,-1,-1,-1,-1,-1,-1,-1,-1,-1,-1,-1,0,0,0,0,0,0,-1,-1,-1,-1,-1,-1,-1,-1,-1,-1,-1,-1,-1,-1,False,False,0,0,False,209,0,0,0,0,0,0,0,0,0,0,0,0,0,0,0,1,
0,731,2026-02-23 12:18:02Z,LLM_Empathetic,6.914917,7.219532,6.610302,0.6403217,0,1.617934,0,0,0,0,0,0,5.478874,4.344688,6.61307,0.592854,0.702737,0.482971,7.389297,6.227467,8.551128,0.6046458,0,2.127046,7.174364,6.092062,8.256667,9.811201,10,9.456246,6.914917,7.219532,6.610302,0.6403217,0,1.617934,0,0,0,0,0,0,5.478874,4.344688,6.61307,0.592854,0.702737,0.482971,7.389297,6.227467,8.551128,0.6046458,0,2.127046,7.174364,6.092062,8.256667,9.811201,10,9.456246,-1,-1,-1,-1,-1,-1,-1,-1,-1,-1,-1,-1,-1,-1,-1,-1,-1,-1,-1,-1,-1,-1,-1,-1,-1,-1,-1,-1,-1,-1,-1,-1,-1,-1,-1,-1,-1,-1,-1,-1,-1,-1,-1,-1,-1,-1,-1,-1,-1,-1,0,0,0,0,0,0,-1,-1,-1,-1,-1,-1,-1,-1,-1,-1,-1,-1,0,0,0,0,0,0,-1,-1,-1,-1,-1,-1,-1,-1,-1,-1,-1,-1,-1,-1,False,False,0,0,False,209,0,0,0,0,0,0,0,0,0,0,0,0,0,0,0,1,
0,732,2026-02-23 12:18:02Z,LLM_Empathetic,6.91494,7.219535,6.610344,0.6402828,0,1.617913,0,0,0,0,0,0,5.478903,4.344698,6.613119,0.592854,0.702737,0.482971,7.389311,6.22746,8.551162,0.6046209,0,2.127021,7.174405,6.092084,8.256726,9.811283,10,9.456348,6.91494,7.219535,6.610344,0.6402828,0,1.617913,0,0,0,0,0,0,5.478903,4.344698,6.613119,0.592854,0.702737,0.482971,7.389311,6.22746,8.551162,0.6046209,0,2.127021,7.174405,6.092084,8.256726,9.811283,10,9.456348,-1,-1,-1,-1,-1,-1,-1,-1,-1,-1,-1,-1,-1,-1,-1,-1,-1,-1,-1,-1,-1,-1,-1,-1,-1,-1,-1,-1,-1,-1,-1,-1,-1,-1,-1,-1,-1,-1,-1,-1,-1,-1,-1,-1,-1,-1,-1,-1,-1,-1,0,0,0,0,0,0,-1,-1,-1,-1,-1,-1,-1,-1,-1,-1,-1,-1,0,0,0,0,0,0,-1,-1,-1,-1,-1,-1,-1,-1,-1,-1,-1,-1,-1,-1,False,False,0,0,False,207,0,0,0,0,0,0,0,0,0,0,0,0,0,0,0,1,
0,733,2026-02-23 12:18:02Z,LLM_Empathetic,6.914962,7.21954,6.610385,0.640244,0,1.617891,0,0,0,0,0,0,5.478933,4.344707,6.613168,0.592854,0.702737,0.482971,7.389324,6.227453,8.551195,0.604596,0,2.126997,7.174446,6.092107,8.256785,9.811364,10,9.456451,6.914962,7.21954,6.610385,0.640244,0,1.617891,0,0,0,0,0,0,5.478933,4.344707,6.613168,0.592854,0.702737,0.482971,7.389324,6.227453,8.551195,0.604596,0,2.126997,7.174446,6.092107,8.256785,9.811364,10,9.456451,-1,-1,-1,-1,-1,-1,-1,-1,-1,-1,-1,-1,-1,-1,-1,-1,-1,-1,-1,-1,-1,-1,-1,-1,-1,-1,-1,-1,-1,-1,-1,-1,-1,-1,-1,-1,-1,-1,-1,-1,-1,-1,-1,-1,-1,-1,-1,-1,-1,-1,0,0,0,0,0,0,-1,-1,-1,-1,-1,-1,-1,-1,-1,-1,-1,-1,0,0,0,0,0,0,-1,-1,-1,-1,-1,-1,-1,-1,-1,-1,-1,-1,-1,-1,False,False,0,0,False,207,0,0,0,0,0,0,0,0,0,0,0,0,0,0,0,1,
0,734,2026-02-23 12:18:02Z,LLM_Empathetic,6.914985,7.219544,6.610427,0.6402053,0,1.61787,0,0,0,0,0,0,5.478962,4.344718,6.613217,0.592854,0.702737,0.482971,7.389338,6.227446,8.551229,0.6045712,0,2.126972,7.174487,6.092129,8.256845,9.811445,10,9.456553,6.914985,7.219544,6.610427,0.6402053,0,1.61787,0,0,0,0,0,0,5.478962,4.344718,6.613217,0.592854,0.702737,0.482971,7.389338,6.227446,8.551229,0.6045712,0,2.126972,7.174487,6.092129,8.256845,9.811445,10,9.456553,-1,-1,-1,-1,-1,-1,-1,-1,-1,-1,-1,-1,-1,-1,-1,-1,-1,-1,-1,-1,-1,-1,-1,-1,-1,-1,-1,-1,-1,-1,-1,-1,-1,-1,-1,-1,-1,-1,-1,-1,-1,-1,-1,-1,-1,-1,-1,-1,-1,-1,0,0,0,0,0,0,-1,-1,-1,-1,-1,-1,-1,-1,-1,-1,-1,-1,0,0,0,0,0,0,-1,-1,-1,-1,-1,-1,-1,-1,-1,-1,-1,-1,-1,-1,False,False,0,0,False,209,0,0,0,0,0,0,0,0,0,0,0,0,0,0,0,1,
0,735,2026-02-23 12:18:02Z,LLM_Empathetic,6.915008,7.219548,6.610468,0.6401666,0,1.617849,0,0,0,0,0,0,5.478992,4.344727,6.613266,0.592854,0.702737,0.482971,7.389351,6.227439,8.551263,0.6045465,0,2.126947,7.174527,6.092151,8.256905,9.811526,10,9.456655,6.915008,7.219548,6.610468,0.6401666,0,1.617849,0,0,0,0,0,0,5.478992,4.344727,6.613266,0.592854,0.702737,0.482971,7.389351,6.227439,8.551263,0.6045465,0,2.126947,7.174527,6.092151,8.256905,9.811526,10,9.456655,-1,-1,-1,-1,-1,-1,-1,-1,-1,-1,-1,-1,-1,-1,-1,-1,-1,-1,-1,-1,-1,-1,-1,-1,-1,-1,-1,-1,-1,-1,-1,-1,-1,-1,-1,-1,-1,-1,-1,-1,-1,-1,-1,-1,-1,-1,-1,-1,-1,-1,0,0,0,0,0,0,-1,-1,-1,-1,-1,-1,-1,-1,-1,-1,-1,-1,0,0,0,0,0,0,-1,-1,-1,-1,-1,-1,-1,-1,-1,-1,-1,-1,-1,-1,False,False,0,0,False,209,0,0,0,0,0,0,0,0,0,0,0,0,0,0,0,1,
0,736,2026-02-23 12:18:02Z,LLM_Empathetic,6.91503,7.219552,6.610509,0.6401281,0,1.617827,0,0,0,0,0,0,5.479021,4.344737,6.613315,0.592854,0.702737,0.482971,7.389364,6.227433,8.551296,0.6045218,0,2.126922,7.174568,6.092173,8.256964,9.811607,10,9.456757,6.91503,7.219552,6.610509,0.6401281,0,1.617827,0,0,0,0,0,0,5.479021,4.344737,6.613315,0.592854,0.702737,0.482971,7.389364,6.227433,8.551296,0.6045218,0,2.126922,7.174568,6.092173,8.256964,9.811607,10,9.456757,-1,-1,-1,-1,-1,-1,-1,-1,-1,-1,-1,-1,-1,-1,-1,-1,-1,-1,-1,-1,-1,-1,-1,-1,-1,-1,-1,-1,-1,-1,-1,-1,-1,-1,-1,-1,-1,-1,-1,-1,-1,-1,-1,-1,-1,-1,-1,-1,-1,-1,0,0,0,0,0,0,-1,-1,-1,-1,-1,-1,-1,-1,-1,-1,-1,-1,0,0,0,0,0,0,-1,-1,-1,-1,-1,-1,-1,-1,-1,-1,-1,-1,-1,-1,False,False,0,0,False,207,0,0,0,0,0,0,0,0,0,0,0,0,0,0,0,1,
0,737,2026-02-23 12:18:02Z,LLM_Empathetic,6.915053,7.219556,6.61055,0.6400896,0,1.617806,0,0,0,0,0,0,5.47905,4.344746,6.613363,0.592854,0.702737,0.482971,7.389378,6.227426,8.55133,0.6044972,0,2.126898,7.174608,6.092195,8.257022,9.811688,10,9.456858,6.915053,7.219556,6.61055,0.6400896,0,1.617806,0,0,0,0,0,0,5.47905,4.344746,6.613363,0.592854,0.702737,0.482971,7.389378,6.227426,8.55133,0.6044972,0,2.126898,7.174608,6.092195,8.257022,9.811688,10,9.456858,-1,-1,-1,-1,-1,-1,-1,-1,-1,-1,-1,-1,-1,-1,-1,-1,-1,-1,-1,-1,-1,-1,-1,-1,-1,-1,-1,-1,-1,-1,-1,-1,-1,-1,-1,-1,-1,-1,-1,-1,-1,-1,-1,-1,-1,-1,-1,-1,-1,-1,0,0,0,0,0,0,-1,-1,-1,-1,-1,-1,-1,-1,-1,-1,-1,-1,0,0,0,0,0,0,-1,-1,-1,-1,-1,-1,-1,-1,-1,-1,-1,-1,-1,-1,False,False,0,0,False,207,0,0,0,0,0,0,0,0,0,0,0,0,0,0,0,1,
0,738,2026-02-23 12:18:02Z,LLM_Empathetic,6.915076,7.21956,6.610591,0.6400512,0,1.617785,0,0,0,0,0,0,5.479079,4.344756,6.613411,0.592854,0.702737,0.482971,7.38939,6.227419,8.551363,0.6044726,0,2.126873,7.174648,6.092216,8.257081,9.811769,10,9.456959,6.915076,7.21956,6.610591,0.6400512,0,1.617785,0,0,0,0,0,0,5.479079,4.344756,6.613411,0.592854,0.702737,0.482971,7.38939,6.227419,8.551363,0.6044726,0,2.126873,7.174648,6.092216,8.257081,9.811769,10,9.456959,-1,-1,-1,-1,-1,-1,-1,-1,-1,-1,-1,-1,-1,-1,-1,-1,-1,-1,-1,-1,-1,-1,-1,-1,-1,-1,-1,-1,-1,-1,-1,-1,-1,-1,-1,-1,-1,-1,-1,-1,-1,-1,-1,-1,-1,-1,-1,-1,-1,-1,0,0,0,0,0,0,-1,-1,-1,-1,-1,-1,-1,-1,-1,-1,-1,-1,0,0,0,0,0,0,-1,-1,-1,-1,-1,-1,-1,-1,-1,-1,-1,-1,-1,-1,False,False,0,0,False,209,0,0,0,0,0,0,0,0,0,0,0,0,0,0,0,1,
0,739,2026-02-23 12:18:02Z,LLM_Empathetic,6.915099,7.219564,6.610632,0.640013,0,1.617764,0,0,0,0,0,0,5.479107,4.344766,6.61346,0.592854,0.702737,0.482971,7.389404,6.227412,8.551395,0.6044481,0,2.126848,7.174688,6.092238,8.25714,9.81185,10,9.45706,6.915099,7.219564,6.610632,0.640013,0,1.617764,0,0,0,0,0,0,5.479107,4.344766,6.61346,0.592854,0.702737,0.482971,7.389404,6.227412,8.551395,0.6044481,0,2.126848,7.174688,6.092238,8.25714,9.81185,10,9.45706,-1,-1,-1,-1,-1,-1,-1,-1,-1,-1,-1,-1,-1,-1,-1,-1,-1,-1,-1,-1,-1,-1,-1,-1,-1,-1,-1,-1,-1,-1,-1,-1,-1,-1,-1,-1,-1,-1,-1,-1,-1,-1,-1,-1,-1,-1,-1,-1,-1,-1,0,0,0,0,0,0,-1,-1,-1,-1,-1,-1,-1,-1,-1,-1,-1,-1,0,0,0,0,0,0,-1,-1,-1,-1,-1,-1,-1,-1,-1,-1,-1,-1,-1,-1,False,False,0,0,False,209,0,0,0,0,0,0,0,0,0,0,0,0,0,0,0,1,
0,740,2026-02-23 12:18:02Z,LLM_Empathetic,6.915121,7.219568,6.610673,0.6399748,0,1.617743,0,0,0,0,0,0,5.479136,4.344775,6.613508,0.592854,0.702737,0.482971,7.389417,6.227406,8.551429,0.6044236,0,2.126824,7.174728,6.09226,8.257198,9.81193,10,9.45716,6.915121,7.219568,6.610673,0.6399748,0,1.617743,0,0,0,0,0,0,5.479136,4.344775,6.613508,0.592854,0.702737,0.482971,7.389417,6.227406,8.551429,0.6044236,0,2.126824,7.174728,6.09226,8.257198,9.81193,10,9.45716,-1,-1,-1,-1,-1,-1,-1,-1,-1,-1,-1,-1,-1,-1,-1,-1,-1,-1,-1,-1,-1,-1,-1,-1,-1,-1,-1,-1,-1,-1,-1,-1,-1,-1,-1,-1,-1,-1,-1,-1,-1,-1,-1,-1,-1,-1,-1,-1,-1,-1,0,0,0,0,0,0,-1,-1,-1,-1,-1,-1,-1,-1,-1,-1,-1,-1,0,0,0,0,0,0,-1,-1,-1,-1,-1,-1,-1,-1,-1,-1,-1,-1,-1,-1,False,False,0,0,False,209,0,0,0,0,0,0,0,0,0,0,0,0,0,0,0,1,
0,741,2026-02-23 12:18:02Z,LLM_Empathetic,6.915143,7.219573,6.610714,0.6399367,0,1.617722,0,0,0,0,0,0,5.479166,4.344785,6.613556,0.592854,0.702737,0.482971,7.38943,6.227398,8.551462,0.6043992,0,2.1268,7.174768,6.092281,8.257257,9.812009,10,9.45726,6.915143,7.219573,6.610714,0.6399367,0,1.617722,0,0,0,0,0,0,5.479166,4.344785,6.613556,0.592854,0.702737,0.482971,7.38943,6.227398,8.551462,0.6043992,0,2.1268,7.174768,6.092281,8.257257,9.812009,10,9.45726,-1,-1,-1,-1,-1,-1,-1,-1,-1,-1,-1,-1,-1,-1,-1,-1,-1,-1,-1,-1,-1,-1,-1,-1,-1,-1,-1,-1,-1,-1,-1,-1,-1,-1,-1,-1,-1,-1,-1,-1,-1,-1,-1,-1,-1,-1,-1,-1,-1,-1,0,0,0,0,0,0,-1,-1,-1,-1,-1,-1,-1,-1,-1,-1,-1,-1,0,0,0,0,0,0,-1,-1,-1,-1,-1,-1,-1,-1,-1,-1,-1,-1,-1,-1,False,False,0,0,False,209,0,0,0,0,0,0,0,0,0,0,0,0,0,0,0,1,
0,742,2026-02-23 12:18:02Z,LLM_Empathetic,6.915166,7.219576,6.610755,0.6398987,0,1.617701,0,0,0,0,0,0,5.479194,4.344794,6.613605,0.592854,0.702737,0.482971,7.389443,6.227392,8.551496,0.6043749,0,2.126775,7.174809,6.092303,8.257315,9.812089,10,9.45736,6.915166,7.219576,6.610755,0.6398987,0,1.617701,0,0,0,0,0,0,5.479194,4.344794,6.613605,0.592854,0.702737,0.482971,7.389443,6.227392,8.551496,0.6043749,0,2.126775,7.174809,6.092303,8.257315,9.812089,10,9.45736,-1,-1,-1,-1,-1,-1,-1,-1,-1,-1,-1,-1,-1,-1,-1,-1,-1,-1,-1,-1,-1,-1,-1,-1,-1,-1,-1,-1,-1,-1,-1,-1,-1,-1,-1,-1,-1,-1,-1,-1,-1,-1,-1,-1,-1,-1,-1,-1,-1,-1,0,0,0,0,0,0,-1,-1,-1,-1,-1,-1,-1,-1,-1,-1,-1,-1,0,0,0,0,0,0,-1,-1,-1,-1,-1,-1,-1,-1,-1,-1,-1,-1,-1,-1,False,False,0,0,False,207,0,0,0,0,0,0,0,0,0,0,0,0,0,0,0,1,
0,743,2026-02-23 12:18:02Z,LLM_Empathetic,6.915188,7.21958,6.610795,0.6398607,0,1.61768,0,0,0,0,0,0,5.479223,4.344804,6.613652,0.592854,0.702737,0.482971,7.389456,6.227385,8.551528,0.6043506,0,2.126751,7.174849,6.092325,8.257373,9.812169,10,9.45746,6.915188,7.21958,6.610795,0.6398607,0,1.61768,0,0,0,0,0,0,5.479223,4.344804,6.613652,0.592854,0.702737,0.482971,7.389456,6.227385,8.551528,0.6043506,0,2.126751,7.174849,6.092325,8.257373,9.812169,10,9.45746,-1,-1,-1,-1,-1,-1,-1,-1,-1,-1,-1,-1,-1,-1,-1,-1,-1,-1,-1,-1,-1,-1,-1,-1,-1,-1,-1,-1,-1,-1,-1,-1,-1,-1,-1,-1,-1,-1,-1,-1,-1,-1,-1,-1,-1,-1,-1,-1,-1,-1,0,0,0,0,0,0,-1,-1,-1,-1,-1,-1,-1,-1,-1,-1,-1,-1,0,0,0,0,0,0,-1,-1,-1,-1,-1,-1,-1,-1,-1,-1,-1,-1,-1,-1,False,False,0,0,False,207,0,0,0,0,0,0,0,0,0,0,0,0,0,0,0,1,
0,744,2026-02-23 12:18:03Z,LLM_Empathetic,6.91521,7.219584,6.610836,0.6398228,0,1.617659,0,0,0,0,0,0,5.479251,4.344813,6.6137,0.592854,0.702737,0.482971,7.38947,6.227378,8.55156,0.6043264,0,2.126727,7.174888,6.092346,8.257431,9.812248,10,9.457561,6.91521,7.219584,6.610836,0.6398228,0,1.617659,0,0,0,0,0,0,5.479251,4.344813,6.6137,0.592854,0.702737,0.482971,7.38947,6.227378,8.55156,0.6043264,0,2.126727,7.174888,6.092346,8.257431,9.812248,10,9.457561,-1,-1,-1,-1,-1,-1,-1,-1,-1,-1,-1,-1,-1,-1,-1,-1,-1,-1,-1,-1,-1,-1,-1,-1,-1,-1,-1,-1,-1,-1,-1,-1,-1,-1,-1,-1,-1,-1,-1,-1,-1,-1,-1,-1,-1,-1,-1,-1,-1,-1,0,0,0,0,0,0,-1,-1,-1,-1,-1,-1,-1,-1,-1,-1,-1,-1,0,0,0,0,0,0,-1,-1,-1,-1,-1,-1,-1,-1,-1,-1,-1,-1,-1,-1,False,False,0,0,False,209,0,0,0,0,0,0,0,0,0,0,0,0,0,0,0,1,
0,745,2026-02-23 12:18:03Z,LLM_Empathetic,6.915233,7.219588,6.610877,0.6397851,0,1.617638,0,0,0,0,0,0,5.47928,4.344822,6.613748,0.592854,0.702737,0.482971,7.389482,6.227372,8.551594,0.6043022,0,2.126703,7.174928,6.092368,8.257489,9.812327,10,9.45766,6.915233,7.219588,6.610877,0.6397851,0,1.617638,0,0,0,0,0,0,5.47928,4.344822,6.613748,0.592854,0.702737,0.482971,7.389482,6.227372,8.551594,0.6043022,0,2.126703,7.174928,6.092368,8.257489,9.812327,10,9.45766,-1,-1,-1,-1,-1,-1,-1,-1,-1,-1,-1,-1,-1,-1,-1,-1,-1,-1,-1,-1,-1,-1,-1,-1,-1,-1,-1,-1,-1,-1,-1,-1,-1,-1,-1,-1,-1,-1,-1,-1,-1,-1,-1,-1,-1,-1,-1,-1,-1,-1,0,0,0,0,0,0,-1,-1,-1,-1,-1,-1,-1,-1,-1,-1,-1,-1,0,0,0,0,0,0,-1,-1,-1,-1,-1,-1,-1,-1,-1,-1,-1,-1,-1,-1,False,False,0,0,False,209,0,0,0,0,0,0,0,0,0,0,0,0,0,0,0,1,
0,746,2026-02-23 12:18:03Z,LLM_Empathetic,6.915255,7.219593,6.610917,0.6397474,0,1.617617,0,0,0,0,0,0,5.479309,4.344832,6.613795,0.592854,0.702737,0.482971,7.389495,6.227365,8.551626,0.604278,0,2.126678,7.174967,6.092389,8.257546,9.812407,10,9.457759,6.915255,7.219593,6.610917,0.6397474,0,1.617617,0,0,0,0,0,0,5.479309,4.344832,6.613795,0.592854,0.702737,0.482971,7.389495,6.227365,8.551626,0.604278,0,2.126678,7.174967,6.092389,8.257546,9.812407,10,9.457759,-1,-1,-1,-1,-1,-1,-1,-1,-1,-1,-1,-1,-1,-1,-1,-1,-1,-1,-1,-1,-1,-1,-1,-1,-1,-1,-1,-1,-1,-1,-1,-1,-1,-1,-1,-1,-1,-1,-1,-1,-1,-1,-1,-1,-1,-1,-1,-1,-1,-1,0,0,0,0,0,0,-1,-1,-1,-1,-1,-1,-1,-1,-1,-1,-1,-1,0,0,0,0,0,0,-1,-1,-1,-1,-1,-1,-1,-1,-1,-1,-1,-1,-1,-1,False,False,0,0,False,207,0,0,0,0,0,0,0,0,0,0,0,0,0,0,0,1,
0,747,2026-02-23 12:18:03Z,LLM_Empathetic,6.915277,7.219596,6.610957,0.6397098,0,1.617597,0,0,0,0,0,0,5.479337,4.344841,6.613843,0.592854,0.702737,0.482971,7.389508,6.227358,8.551659,0.6042539,0,2.126654,7.175007,6.092411,8.257605,9.812486,10,9.457858,6.915277,7.219596,6.610957,0.6397098,0,1.617597,0,0,0,0,0,0,5.479337,4.344841,6.613843,0.592854,0.702737,0.482971,7.389508,6.227358,8.551659,0.6042539,0,2.126654,7.175007,6.092411,8.257605,9.812486,10,9.457858,-1,-1,-1,-1,-1,-1,-1,-1,-1,-1,-1,-1,-1,-1,-1,-1,-1,-1,-1,-1,-1,-1,-1,-1,-1,-1,-1,-1,-1,-1,-1,-1,-1,-1,-1,-1,-1,-1,-1,-1,-1,-1,-1,-1,-1,-1,-1,-1,-1,-1,0,0,0,0,0,0,-1,-1,-1,-1,-1,-1,-1,-1,-1,-1,-1,-1,0,0,0,0,0,0,-1,-1,-1,-1,-1,-1,-1,-1,-1,-1,-1,-1,-1,-1,False,False,0,0,False,209,0,0,0,0,0,0,0,0,0,0,0,0,0,0,0,1,
0,748,2026-02-23 12:18:03Z,LLM_Empathetic,6.915299,7.219601,6.610997,0.6396723,0,1.617576,0,0,0,0,0,0,5.479365,4.344851,6.61389,0.592854,0.702737,0.482971,7.389522,6.227352,8.551691,0.6042299,0,2.12663,7.175046,6.092432,8.257662,9.812564,10,9.457956,6.915299,7.219601,6.610997,0.6396723,0,1.617576,0,0,0,0,0,0,5.479365,4.344851,6.61389,0.592854,0.702737,0.482971,7.389522,6.227352,8.551691,0.6042299,0,2.12663,7.175046,6.092432,8.257662,9.812564,10,9.457956,-1,-1,-1,-1,-1,-1,-1,-1,-1,-1,-1,-1,-1,-1,-1,-1,-1,-1,-1,-1,-1,-1,-1,-1,-1,-1,-1,-1,-1,-1,-1,-1,-1,-1,-1,-1,-1,-1,-1,-1,-1,-1,-1,-1,-1,-1,-1,-1,-1,-1,0,0,0,0,0,0,-1,-1,-1,-1,-1,-1,-1,-1,-1,-1,-1,-1,0,0,0,0,0,0,-1,-1,-1,-1,-1,-1,-1,-1,-1,-1,-1,-1,-1,-1,False,False,0,0,False,209,0,0,0,0,0,0,0,0,0,0,0,0,0,0,0,1,
0,749,2026-02-23 12:18:03Z,LLM_Empathetic,6.915321,7.219604,6.611037,0.6396349,0,1.617555,0,0,0,0,0,0,5.479393,4.34486,6.613937,0.592854,0.702737,0.482971,7.389534,6.227345,8.551723,0.604206,0,2.126606,7.175086,6.092453,8.257719,9.812642,10,9.458055,6.915321,7.219604,6.611037,0.6396349,0,1.617555,0,0,0,0,0,0,5.479393,4.34486,6.613937,0.592854,0.702737,0.482971,7.389534,6.227345,8.551723,0.604206,0,2.126606,7.175086,6.092453,8.257719,9.812642,10,9.458055,-1,-1,-1,-1,-1,-1,-1,-1,-1,-1,-1,-1,-1,-1,-1,-1,-1,-1,-1,-1,-1,-1,-1,-1,-1,-1,-1,-1,-1,-1,-1,-1,-1,-1,-1,-1,-1,-1,-1,-1,-1,-1,-1,-1,-1,-1,-1,-1,-1,-1,0,0,0,0,0,0,-1,-1,-1,-1,-1,-1,-1,-1,-1,-1,-1,-1,0,0,0,0,0,0,-1,-1,-1,-1,-1,-1,-1,-1,-1,-1,-1,-1,-1,-1,False,False,0,0,False,209,0,0,0,0,0,0,0,0,0,0,0,0,0,0,0,1,
0,750,2026-02-23 12:18:03Z,LLM_Empathetic,6.915343,7.219608,6.611077,0.6395976,0,1.617535,0,0,0,0,0,0,5.479422,4.34487,6.613985,0.592854,0.702737,0.482971,7.389547,6.227338,8.551756,0.6041821,0,2.126582,7.175125,6.092474,8.257776,9.812721,10,9.458154,6.915343,7.219608,6.611077,0.6395976,0,1.617535,0,0,0,0,0,0,5.479422,4.34487,6.613985,0.592854,0.702737,0.482971,7.389547,6.227338,8.551756,0.6041821,0,2.126582,7.175125,6.092474,8.257776,9.812721,10,9.458154,-1,-1,-1,-1,-1,-1,-1,-1,-1,-1,-1,-1,-1,-1,-1,-1,-1,-1,-1,-1,-1,-1,-1,-1,-1,-1,-1,-1,-1,-1,-1,-1,-1,-1,-1,-1,-1,-1,-1,-1,-1,-1,-1,-1,-1,-1,-1,-1,-1,-1,0,0,0,0,0,0,-1,-1,-1,-1,-1,-1,-1,-1,-1,-1,-1,-1,0,0,0,0,0,0,-1,-1,-1,-1,-1,-1,-1,-1,-1,-1,-1,-1,-1,-1,False,False,0,0,False,207,0,0,0,0,0,0,0,0,0,0,0,0,0,0,0,1,
0,751,2026-02-23 12:18:03Z,LLM_Empathetic,6.915365,7.219613,6.611117,0.6395603,0,1.617514,0,0,0,0,0,0,5.47945,4.344879,6.614032,0.592854,0.702737,0.482971,7.38956,6.227332,8.551788,0.6041582,0,2.126559,7.175164,6.092495,8.257833,9.812799,10,9.458252,6.915365,7.219613,6.611117,0.6395603,0,1.617514,0,0,0,0,0,0,5.47945,4.344879,6.614032,0.592854,0.702737,0.482971,7.38956,6.227332,8.551788,0.6041582,0,2.126559,7.175164,6.092495,8.257833,9.812799,10,9.458252,-1,-1,-1,-1,-1,-1,-1,-1,-1,-1,-1,-1,-1,-1,-1,-1,-1,-1,-1,-1,-1,-1,-1,-1,-1,-1,-1,-1,-1,-1,-1,-1,-1,-1,-1,-1,-1,-1,-1,-1,-1,-1,-1,-1,-1,-1,-1,-1,-1,-1,0,0,0,0,0,0,-1,-1,-1,-1,-1,-1,-1,-1,-1,-1,-1,-1,0,0,0,0,0,0,-1,-1,-1,-1,-1,-1,-1,-1,-1,-1,-1,-1,-1,-1,False,False,0,0,False,209,0,0,0,0,0,0,0,0,0,0,0,0,0,0,0,1,
0,752,2026-02-23 12:18:03Z,LLM_Empathetic,6.915387,7.219616,6.611157,0.6395231,0,1.617494,0,0,0,0,0,0,5.479478,4.344888,6.614079,0.592854,0.702737,0.482971,7.389573,6.227325,8.551821,0.6041344,0,2.126535,7.175203,6.092517,8.257891,9.812877,10,9.458349,6.915387,7.219616,6.611157,0.6395231,0,1.617494,0,0,0,0,0,0,5.479478,4.344888,6.614079,0.592854,0.702737,0.482971,7.389573,6.227325,8.551821,0.6041344,0,2.126535,7.175203,6.092517,8.257891,9.812877,10,9.458349,-1,-1,-1,-1,-1,-1,-1,-1,-1,-1,-1,-1,-1,-1,-1,-1,-1,-1,-1,-1,-1,-1,-1,-1,-1,-1,-1,-1,-1,-1,-1,-1,-1,-1,-1,-1,-1,-1,-1,-1,-1,-1,-1,-1,-1,-1,-1,-1,-1,-1,0,0,0,0,0,0,-1,-1,-1,-1,-1,-1,-1,-1,-1,-1,-1,-1,0,0,0,0,0,0,-1,-1,-1,-1,-1,-1,-1,-1,-1,-1,-1,-1,-1,-1,False,False,0,0,False,207,0,0,0,0,0,0,0,0,0,0,0,0,0,0,0,1,
0,753,2026-02-23 12:18:03Z,LLM_Empathetic,6.915409,7.21962,6.611197,0.6394861,0,1.617473,0,0,0,0,0,0,5.479506,4.344897,6.614126,0.592854,0.702737,0.482971,7.389585,6.227319,8.551853,0.6041107,0,2.126511,7.175242,6.092538,8.257947,9.812955,10,9.458447,6.915409,7.21962,6.611197,0.6394861,0,1.617473,0,0,0,0,0,0,5.479506,4.344897,6.614126,0.592854,0.702737,0.482971,7.389585,6.227319,8.551853,0.6041107,0,2.126511,7.175242,6.092538,8.257947,9.812955,10,9.458447,-1,-1,-1,-1,-1,-1,-1,-1,-1,-1,-1,-1,-1,-1,-1,-1,-1,-1,-1,-1,-1,-1,-1,-1,-1,-1,-1,-1,-1,-1,-1,-1,-1,-1,-1,-1,-1,-1,-1,-1,-1,-1,-1,-1,-1,-1,-1,-1,-1,-1,0,0,0,0,0,0,-1,-1,-1,-1,-1,-1,-1,-1,-1,-1,-1,-1,0,0,0,0,0,0,-1,-1,-1,-1,-1,-1,-1,-1,-1,-1,-1,-1,-1,-1,False,False,0,0,False,207,0,0,0,0,0,0,0,0,0,0,0,0,0,0,0,1,
0,754,2026-02-23 12:18:03Z,LLM_Empathetic,6.91543,7.219624,6.611236,0.6394491,0,1.617453,0,0,0,0,0,0,5.479534,4.344907,6.614172,0.592854,0.702737,0.482971,7.389598,6.227312,8.551886,0.604087,0,2.126487,7.175281,6.092559,8.258004,9.813032,10,9.458545,6.91543,7.219624,6.611236,0.6394491,0,1.617453,0,0,0,0,0,0,5.479534,4.344907,6.614172,0.592854,0.702737,0.482971,7.389598,6.227312,8.551886,0.604087,0,2.126487,7.175281,6.092559,8.258004,9.813032,10,9.458545,-1,-1,-1,-1,-1,-1,-1,-1,-1,-1,-1,-1,-1,-1,-1,-1,-1,-1,-1,-1,-1,-1,-1,-1,-1,-1,-1,-1,-1,-1,-1,-1,-1,-1,-1,-1,-1,-1,-1,-1,-1,-1,-1,-1,-1,-1,-1,-1,-1,-1,0,0,0,0,0,0,-1,-1,-1,-1,-1,-1,-1,-1,-1,-1,-1,-1,0,0,0,0,0,0,-1,-1,-1,-1,-1,-1,-1,-1,-1,-1,-1,-1,-1,-1,False,False,0,0,False,209,0,0,0,0,0,0,0,0,0,0,0,0,0,0,0,1,
0,755,2026-02-23 12:18:03Z,LLM_Empathetic,6.915452,7.219628,6.611276,0.6394122,0,1.617433,0,0,0,0,0,0,5.479562,4.344916,6.614219,0.592854,0.702737,0.482971,7.389611,6.227305,8.551917,0.6040633,0,2.126464,7.17532,6.09258,8.25806,9.81311,10,9.458642,6.915452,7.219628,6.611276,0.6394122,0,1.617433,0,0,0,0,0,0,5.479562,4.344916,6.614219,0.592854,0.702737,0.482971,7.389611,6.227305,8.551917,0.6040633,0,2.126464,7.17532,6.09258,8.25806,9.81311,10,9.458642,-1,-1,-1,-1,-1,-1,-1,-1,-1,-1,-1,-1,-1,-1,-1,-1,-1,-1,-1,-1,-1,-1,-1,-1,-1,-1,-1,-1,-1,-1,-1,-1,-1,-1,-1,-1,-1,-1,-1,-1,-1,-1,-1,-1,-1,-1,-1,-1,-1,-1,0,0,0,0,0,0,-1,-1,-1,-1,-1,-1,-1,-1,-1,-1,-1,-1,0,0,0,0,0,0,-1,-1,-1,-1,-1,-1,-1,-1,-1,-1,-1,-1,-1,-1,False,False,0,0,False,207,0,0,0,0,0,0,0,0,0,0,0,0,0,0,0,1,
0,756,2026-02-23 12:18:03Z,LLM_Empathetic,6.915473,7.219632,6.611315,0.6393753,0,1.617412,0,0,0,0,0,0,5.47959,4.344925,6.614265,0.592854,0.702737,0.482971,7.389624,6.227299,8.55195,0.6040397,0,2.12644,7.175358,6.092601,8.258117,9.813188,10,9.458739,6.915473,7.219632,6.611315,0.6393753,0,1.617412,0,0,0,0,0,0,5.47959,4.344925,6.614265,0.592854,0.702737,0.482971,7.389624,6.227299,8.55195,0.6040397,0,2.12644,7.175358,6.092601,8.258117,9.813188,10,9.458739,-1,-1,-1,-1,-1,-1,-1,-1,-1,-1,-1,-1,-1,-1,-1,-1,-1,-1,-1,-1,-1,-1,-1,-1,-1,-1,-1,-1,-1,-1,-1,-1,-1,-1,-1,-1,-1,-1,-1,-1,-1,-1,-1,-1,-1,-1,-1,-1,-1,-1,0,0,0,0,0,0,-1,-1,-1,-1,-1,-1,-1,-1,-1,-1,-1,-1,0,0,0,0,0,0,-1,-1,-1,-1,-1,-1,-1,-1,-1,-1,-1,-1,-1,-1,False,False,0,0,False,209,0,0,0,0,0,0,0,0,0,0,0,0,0,0,0,1,
0,757,2026-02-23 12:18:03Z,LLM_Empathetic,6.915495,7.219636,6.611354,0.6393386,0,1.617392,0,0,0,0,0,0,5.479618,4.344934,6.614312,0.592854,0.702737,0.482971,7.389637,6.227293,8.551981,0.6040162,0,2.126417,7.175397,6.092622,8.258173,9.813265,10,9.458836,6.915495,7.219636,6.611354,0.6393386,0,1.617392,0,0,0,0,0,0,5.479618,4.344934,6.614312,0.592854,0.702737,0.482971,7.389637,6.227293,8.551981,0.6040162,0,2.126417,7.175397,6.092622,8.258173,9.813265,10,9.458836,-1,-1,-1,-1,-1,-1,-1,-1,-1,-1,-1,-1,-1,-1,-1,-1,-1,-1,-1,-1,-1,-1,-1,-1,-1,-1,-1,-1,-1,-1,-1,-1,-1,-1,-1,-1,-1,-1,-1,-1,-1,-1,-1,-1,-1,-1,-1,-1,-1,-1,0,0,0,0,0,0,-1,-1,-1,-1,-1,-1,-1,-1,-1,-1,-1,-1,0,0,0,0,0,0,-1,-1,-1,-1,-1,-1,-1,-1,-1,-1,-1,-1,-1,-1,False,False,0,0,False,207,0,0,0,0,0,0,0,0,0,0,0,0,0,0,0,1,
0,758,2026-02-23 12:18:03Z,LLM_Empathetic,6.915517,7.21964,6.611393,0.6393019,0,1.617372,0,0,0,0,0,0,5.479646,4.344944,6.614358,0.592854,0.702737,0.482971,7.389649,6.227286,8.552013,0.6039927,0,2.126393,7.175436,6.092642,8.258229,9.813341,10,9.458933,6.915517,7.21964,6.611393,0.6393019,0,1.617372,0,0,0,0,0,0,5.479646,4.344944,6.614358,0.592854,0.702737,0.482971,7.389649,6.227286,8.552013,0.6039927,0,2.126393,7.175436,6.092642,8.258229,9.813341,10,9.458933,-1,-1,-1,-1,-1,-1,-1,-1,-1,-1,-1,-1,-1,-1,-1,-1,-1,-1,-1,-1,-1,-1,-1,-1,-1,-1,-1,-1,-1,-1,-1,-1,-1,-1,-1,-1,-1,-1,-1,-1,-1,-1,-1,-1,-1,-1,-1,-1,-1,-1,0,0,0,0,0,0,-1,-1,-1,-1,-1,-1,-1,-1,-1,-1,-1,-1,0,0,0,0,0,0,-1,-1,-1,-1,-1,-1,-1,-1,-1,-1,-1,-1,-1,-1,False,False,0,0,False,209,0,0,0,0,0,0,0,0,0,0,0,0,0,0,0,1,
0,759,2026-02-23 12:18:03Z,LLM_Empathetic,6.915538,7.219644,6.611433,0.6392653,0,1.617352,0,0,0,0,0,0,5.479673,4.344953,6.614405,0.592854,0.702737,0.482971,7.389662,6.22728,8.552045,0.6039693,0,2.12637,7.175474,6.092663,8.258286,9.813418,10,9.459029,6.915538,7.219644,6.611433,0.6392653,0,1.617352,0,0,0,0,0,0,5.479673,4.344953,6.614405,0.592854,0.702737,0.482971,7.389662,6.22728,8.552045,0.6039693,0,2.12637,7.175474,6.092663,8.258286,9.813418,10,9.459029,-1,-1,-1,-1,-1,-1,-1,-1,-1,-1,-1,-1,-1,-1,-1,-1,-1,-1,-1,-1,-1,-1,-1,-1,-1,-1,-1,-1,-1,-1,-1,-1,-1,-1,-1,-1,-1,-1,-1,-1,-1,-1,-1,-1,-1,-1,-1,-1,-1,-1,0,0,0,0,0,0,-1,-1,-1,-1,-1,-1,-1,-1,-1,-1,-1,-1,0,0,0,0,0,0,-1,-1,-1,-1,-1,-1,-1,-1,-1,-1,-1,-1,-1,-1,False,False,0,0,False,207,0,0,0,0,0,0,0,0,0,0,0,0,0,0,0,1,
0,760,2026-02-23 12:18:03Z,LLM_Empathetic,6.91556,7.219648,6.611472,0.6392288,0,1.617331,0,0,0,0,0,0,5.479701,4.344962,6.61445,0.592854,0.702737,0.482971,7.389675,6.227273,8.552076,0.6039459,0,2.126346,7.175512,6.092684,8.258342,9.813495,10,9.459125,6.91556,7.219648,6.611472,0.6392288,0,1.617331,0,0,0,0,0,0,5.479701,4.344962,6.61445,0.592854,0.702737,0.482971,7.389675,6.227273,8.552076,0.6039459,0,2.126346,7.175512,6.092684,8.258342,9.813495,10,9.459125,-1,-1,-1,-1,-1,-1,-1,-1,-1,-1,-1,-1,-1,-1,-1,-1,-1,-1,-1,-1,-1,-1,-1,-1,-1,-1,-1,-1,-1,-1,-1,-1,-1,-1,-1,-1,-1,-1,-1,-1,-1,-1,-1,-1,-1,-1,-1,-1,-1,-1,0,0,0,0,0,0,-1,-1,-1,-1,-1,-1,-1,-1,-1,-1,-1,-1,0,0,0,0,0,0,-1,-1,-1,-1,-1,-1,-1,-1,-1,-1,-1,-1,-1,-1,False,False,0,0,False,209,0,0,0,0,0,0,0,0,0,0,0,0,0,0,0,1,
0,761,2026-02-23 12:18:03Z,LLM_Empathetic,6.915581,7.219652,6.611511,0.6391923,0,1.617311,0,0,0,0,0,0,5.479729,4.344971,6.614497,0.592854,0.702737,0.482971,7.389687,6.227266,8.552108,0.6039225,0,2.126323,7.17555,6.092705,8.258397,9.813571,10,9.459221,6.915581,7.219652,6.611511,0.6391923,0,1.617311,0,0,0,0,0,0,5.479729,4.344971,6.614497,0.592854,0.702737,0.482971,7.389687,6.227266,8.552108,0.6039225,0,2.126323,7.17555,6.092705,8.258397,9.813571,10,9.459221,-1,-1,-1,-1,-1,-1,-1,-1,-1,-1,-1,-1,-1,-1,-1,-1,-1,-1,-1,-1,-1,-1,-1,-1,-1,-1,-1,-1,-1,-1,-1,-1,-1,-1,-1,-1,-1,-1,-1,-1,-1,-1,-1,-1,-1,-1,-1,-1,-1,-1,0,0,0,0,0,0,-1,-1,-1,-1,-1,-1,-1,-1,-1,-1,-1,-1,0,0,0,0,0,0,-1,-1,-1,-1,-1,-1,-1,-1,-1,-1,-1,-1,-1,-1,False,False,0,0,False,209,0,0,0,0,0,0,0,0,0,0,0,0,0,0,0,1,
0,762,2026-02-23 12:18:03Z,LLM_Empathetic,6.915603,7.219656,6.61155,0.639156,0,1.617291,0,0,0,0,0,0,5.479756,4.34498,6.614542,0.592854,0.702737,0.482971,7.389699,6.22726,8.552139,0.6038993,0,2.1263,7.175589,6.092725,8.258453,9.813647,10,9.459316,6.915603,7.219656,6.61155,0.639156,0,1.617291,0,0,0,0,0,0,5.479756,4.34498,6.614542,0.592854,0.702737,0.482971,7.389699,6.22726,8.552139,0.6038993,0,2.1263,7.175589,6.092725,8.258453,9.813647,10,9.459316,-1,-1,-1,-1,-1,-1,-1,-1,-1,-1,-1,-1,-1,-1,-1,-1,-1,-1,-1,-1,-1,-1,-1,-1,-1,-1,-1,-1,-1,-1,-1,-1,-1,-1,-1,-1,-1,-1,-1,-1,-1,-1,-1,-1,-1,-1,-1,-1,-1,-1,0,0,0,0,0,0,-1,-1,-1,-1,-1,-1,-1,-1,-1,-1,-1,-1,0,0,0,0,0,0,-1,-1,-1,-1,-1,-1,-1,-1,-1,-1,-1,-1,-1,-1,False,False,0,0,False,209,0,0,0,0,0,0,0,0,0,0,0,0,0,0,0,1,
0,763,2026-02-23 12:18:03Z,LLM_Empathetic,6.915624,7.219659,6.611588,0.6391197,0,1.617271,0,0,0,0,0,0,5.479784,4.344989,6.614588,0.592854,0.702737,0.482971,7.389712,6.227253,8.552171,0.6038761,0,2.126276,7.175627,6.092746,8.258509,9.813724,10,9.459413,6.915624,7.219659,6.611588,0.6391197,0,1.617271,0,0,0,0,0,0,5.479784,4.344989,6.614588,0.592854,0.702737,0.482971,7.389712,6.227253,8.552171,0.6038761,0,2.126276,7.175627,6.092746,8.258509,9.813724,10,9.459413,-1,-1,-1,-1,-1,-1,-1,-1,-1,-1,-1,-1,-1,-1,-1,-1,-1,-1,-1,-1,-1,-1,-1,-1,-1,-1,-1,-1,-1,-1,-1,-1,-1,-1,-1,-1,-1,-1,-1,-1,-1,-1,-1,-1,-1,-1,-1,-1,-1,-1,0,0,0,0,0,0,-1,-1,-1,-1,-1,-1,-1,-1,-1,-1,-1,-1,0,0,0,0,0,0,-1,-1,-1,-1,-1,-1,-1,-1,-1,-1,-1,-1,-1,-1,False,False,0,0,False,209,0,0,0,0,0,0,0,0,0,0,0,0,0,0,0,1,
0,764,2026-02-23 12:18:03Z,LLM_Empathetic,6.915645,7.219663,6.611627,0.6390835,0,1.617251,0,0,0,0,0,0,5.479811,4.344998,6.614634,0.592854,0.702737,0.482971,7.389725,6.227247,8.552202,0.6038529,0,2.126253,7.175665,6.092767,8.258564,9.8138,10,9.459508,6.915645,7.219663,6.611627,0.6390835,0,1.617251,0,0,0,0,0,0,5.479811,4.344998,6.614634,0.592854,0.702737,0.482971,7.389725,6.227247,8.552202,0.6038529,0,2.126253,7.175665,6.092767,8.258564,9.8138,10,9.459508,-1,-1,-1,-1,-1,-1,-1,-1,-1,-1,-1,-1,-1,-1,-1,-1,-1,-1,-1,-1,-1,-1,-1,-1,-1,-1,-1,-1,-1,-1,-1,-1,-1,-1,-1,-1,-1,-1,-1,-1,-1,-1,-1,-1,-1,-1,-1,-1,-1,-1,0,0,0,0,0,0,-1,-1,-1,-1,-1,-1,-1,-1,-1,-1,-1,-1,0,0,0,0,0,0,-1,-1,-1,-1,-1,-1,-1,-1,-1,-1,-1,-1,-1,-1,False,False,0,0,False,209,0,0,0,0,0,0,0,0,0,0,0,0,0,0,0,1,
0,765,2026-02-23 12:18:03Z,LLM_Empathetic,6.915667,7.219667,6.611666,0.6390474,0,1.617231,0,0,0,0,0,0,5.479838,4.345007,6.61468,0.592854,0.702737,0.482971,7.389737,6.227241,8.552234,0.6038297,0,2.12623,7.175703,6.092787,8.258619,9.813875,10,9.459602,6.915667,7.219667,6.611666,0.6390474,0,1.617231,0,0,0,0,0,0,5.479838,4.345007,6.61468,0.592854,0.702737,0.482971,7.389737,6.227241,8.552234,0.6038297,0,2.12623,7.175703,6.092787,8.258619,9.813875,10,9.459602,-1,-1,-1,-1,-1,-1,-1,-1,-1,-1,-1,-1,-1,-1,-1,-1,-1,-1,-1,-1,-1,-1,-1,-1,-1,-1,-1,-1,-1,-1,-1,-1,-1,-1,-1,-1,-1,-1,-1,-1,-1,-1,-1,-1,-1,-1,-1,-1,-1,-1,0,0,0,0,0,0,-1,-1,-1,-1,-1,-1,-1,-1,-1,-1,-1,-1,0,0,0,0,0,0,-1,-1,-1,-1,-1,-1,-1,-1,-1,-1,-1,-1,-1,-1,False,False,0,0,False,209,0,0,0,0,0,0,0,0,0,0,0,0,0,0,0,1,
0,766,2026-02-23 12:18:03Z,LLM_Empathetic,6.915688,7.219671,6.611704,0.6390114,0,1.617212,0,0,0,0,0,0,5.479866,4.345016,6.614725,0.592854,0.702737,0.482971,7.38975,6.227234,8.552265,0.6038067,0,2.126207,7.175741,6.092808,8.258675,9.813951,10,9.459698,6.915688,7.219671,6.611704,0.6390114,0,1.617212,0,0,0,0,0,0,5.479866,4.345016,6.614725,0.592854,0.702737,0.482971,7.38975,6.227234,8.552265,0.6038067,0,2.126207,7.175741,6.092808,8.258675,9.813951,10,9.459698,-1,-1,-1,-1,-1,-1,-1,-1,-1,-1,-1,-1,-1,-1,-1,-1,-1,-1,-1,-1,-1,-1,-1,-1,-1,-1,-1,-1,-1,-1,-1,-1,-1,-1,-1,-1,-1,-1,-1,-1,-1,-1,-1,-1,-1,-1,-1,-1,-1,-1,0,0,0,0,0,0,-1,-1,-1,-1,-1,-1,-1,-1,-1,-1,-1,-1,0,0,0,0,0,0,-1,-1,-1,-1,-1,-1,-1,-1,-1,-1,-1,-1,-1,-1,False,False,0,0,False,209,0,0,0,0,0,0,0,0,0,0,0,0,0,0,0,1,
0,767,2026-02-23 12:18:03Z,LLM_Empathetic,6.915709,7.219675,6.611743,0.6389754,0,1.617192,0,0,0,0,0,0,5.479893,4.345025,6.614771,0.592854,0.702737,0.482971,7.389762,6.227228,8.552297,0.6037837,0,2.126184,7.175778,6.092828,8.25873,9.814027,10,9.459792,6.915709,7.219675,6.611743,0.6389754,0,1.617192,0,0,0,0,0,0,5.479893,4.345025,6.614771,0.592854,0.702737,0.482971,7.389762,6.227228,8.552297,0.6037837,0,2.126184,7.175778,6.092828,8.25873,9.814027,10,9.459792,-1,-1,-1,-1,-1,-1,-1,-1,-1,-1,-1,-1,-1,-1,-1,-1,-1,-1,-1,-1,-1,-1,-1,-1,-1,-1,-1,-1,-1,-1,-1,-1,-1,-1,-1,-1,-1,-1,-1,-1,-1,-1,-1,-1,-1,-1,-1,-1,-1,-1,0,0,0,0,0,0,-1,-1,-1,-1,-1,-1,-1,-1,-1,-1,-1,-1,0,0,0,0,0,0,-1,-1,-1,-1,-1,-1,-1,-1,-1,-1,-1,-1,-1,-1,False,False,0,0,False,207,0,0,0,0,0,0,0,0,0,0,0,0,0,0,0,1,
0,768,2026-02-23 12:18:03Z,LLM_Empathetic,6.91573,7.219678,6.611782,0.6389396,0,1.617172,0,0,0,0,0,0,5.47992,4.345034,6.614816,0.592854,0.702737,0.482971,7.389774,6.227221,8.552327,0.6037607,0,2.126161,7.175816,6.092849,8.258785,9.814102,10,9.459887,6.91573,7.219678,6.611782,0.6389396,0,1.617172,0,0,0,0,0,0,5.47992,4.345034,6.614816,0.592854,0.702737,0.482971,7.389774,6.227221,8.552327,0.6037607,0,2.126161,7.175816,6.092849,8.258785,9.814102,10,9.459887,-1,-1,-1,-1,-1,-1,-1,-1,-1,-1,-1,-1,-1,-1,-1,-1,-1,-1,-1,-1,-1,-1,-1,-1,-1,-1,-1,-1,-1,-1,-1,-1,-1,-1,-1,-1,-1,-1,-1,-1,-1,-1,-1,-1,-1,-1,-1,-1,-1,-1,0,0,0,0,0,0,-1,-1,-1,-1,-1,-1,-1,-1,-1,-1,-1,-1,0,0,0,0,0,0,-1,-1,-1,-1,-1,-1,-1,-1,-1,-1,-1,-1,-1,-1,False,False,0,0,False,209,0,0,0,0,0,0,0,0,0,0,0,0,0,0,0,1,
0,769,2026-02-23 12:18:03Z,LLM_Empathetic,6.915751,7.219682,6.61182,0.6389037,0,1.617152,0,0,0,0,0,0,5.479947,4.345043,6.614861,0.592854,0.702737,0.482971,7.389787,6.227215,8.552359,0.6037378,0,2.126138,7.175854,6.092869,8.25884,9.814177,10,9.459981,6.915751,7.219682,6.61182,0.6389037,0,1.617152,0,0,0,0,0,0,5.479947,4.345043,6.614861,0.592854,0.702737,0.482971,7.389787,6.227215,8.552359,0.6037378,0,2.126138,7.175854,6.092869,8.25884,9.814177,10,9.459981,-1,-1,-1,-1,-1,-1,-1,-1,-1,-1,-1,-1,-1,-1,-1,-1,-1,-1,-1,-1,-1,-1,-1,-1,-1,-1,-1,-1,-1,-1,-1,-1,-1,-1,-1,-1,-1,-1,-1,-1,-1,-1,-1,-1,-1,-1,-1,-1,-1,-1,0,0,0,0,0,0,-1,-1,-1,-1,-1,-1,-1,-1,-1,-1,-1,-1,0,0,0,0,0,0,-1,-1,-1,-1,-1,-1,-1,-1,-1,-1,-1,-1,-1,-1,False,False,0,0,False,209,0,0,0,0,0,0,0,0,0,0,0,0,0,0,0,1,
0,770,2026-02-23 12:18:03Z,LLM_Empathetic,6.915772,7.219686,6.611858,0.638868,0,1.617133,0,0,0,0,0,0,5.479974,4.345052,6.614906,0.592854,0.702737,0.482971,7.389799,6.227209,8.552389,0.6037149,0,2.126115,7.175891,6.092889,8.258894,9.814252,10,9.460075,6.915772,7.219686,6.611858,0.638868,0,1.617133,0,0,0,0,0,0,5.479974,4.345052,6.614906,0.592854,0.702737,0.482971,7.389799,6.227209,8.552389,0.6037149,0,2.126115,7.175891,6.092889,8.258894,9.814252,10,9.460075,-1,-1,-1,-1,-1,-1,-1,-1,-1,-1,-1,-1,-1,-1,-1,-1,-1,-1,-1,-1,-1,-1,-1,-1,-1,-1,-1,-1,-1,-1,-1,-1,-1,-1,-1,-1,-1,-1,-1,-1,-1,-1,-1,-1,-1,-1,-1,-1,-1,-1,0,0,0,0,0,0,-1,-1,-1,-1,-1,-1,-1,-1,-1,-1,-1,-1,0,0,0,0,0,0,-1,-1,-1,-1,-1,-1,-1,-1,-1,-1,-1,-1,-1,-1,False,False,0,0,False,209,0,0,0,0,0,0,0,0,0,0,0,0,0,0,0,1,
0,771,2026-02-23 12:18:03Z,LLM_Empathetic,6.915793,7.21969,6.611896,0.6388324,0,1.617113,0,0,0,0,0,0,5.480001,4.345061,6.614951,0.592854,0.702737,0.482971,7.389811,6.227202,8.552421,0.6036921,0,2.126092,7.175929,6.092909,8.258949,9.814326,10,9.460169,6.915793,7.21969,6.611896,0.6388324,0,1.617113,0,0,0,0,0,0,5.480001,4.345061,6.614951,0.592854,0.702737,0.482971,7.389811,6.227202,8.552421,0.6036921,0,2.126092,7.175929,6.092909,8.258949,9.814326,10,9.460169,-1,-1,-1,-1,-1,-1,-1,-1,-1,-1,-1,-1,-1,-1,-1,-1,-1,-1,-1,-1,-1,-1,-1,-1,-1,-1,-1,-1,-1,-1,-1,-1,-1,-1,-1,-1,-1,-1,-1,-1,-1,-1,-1,-1,-1,-1,-1,-1,-1,-1,0,0,0,0,0,0,-1,-1,-1,-1,-1,-1,-1,-1,-1,-1,-1,-1,0,0,0,0,0,0,-1,-1,-1,-1,-1,-1,-1,-1,-1,-1,-1,-1,-1,-1,False,False,0,0,False,207,0,0,0,0,0,0,0,0,0,0,0,0,0,0,0,1,
0,772,2026-02-23 12:18:03Z,LLM_Empathetic,6.915814,7.219694,6.611934,0.6387969,0,1.617093,0,0,0,0,0,0,5.480028,4.34507,6.614996,0.592854,0.702737,0.482971,7.389823,6.227196,8.552451,0.6036693,0,2.12607,7.175966,6.09293,8.259004,9.814402,10,9.460262,6.915814,7.219694,6.611934,0.6387969,0,1.617093,0,0,0,0,0,0,5.480028,4.34507,6.614996,0.592854,0.702737,0.482971,7.389823,6.227196,8.552451,0.6036693,0,2.12607,7.175966,6.09293,8.259004,9.814402,10,9.460262,-1,-1,-1,-1,-1,-1,-1,-1,-1,-1,-1,-1,-1,-1,-1,-1,-1,-1,-1,-1,-1,-1,-1,-1,-1,-1,-1,-1,-1,-1,-1,-1,-1,-1,-1,-1,-1,-1,-1,-1,-1,-1,-1,-1,-1,-1,-1,-1,-1,-1,0,0,0,0,0,0,-1,-1,-1,-1,-1,-1,-1,-1,-1,-1,-1,-1,0,0,0,0,0,0,-1,-1,-1,-1,-1,-1,-1,-1,-1,-1,-1,-1,-1,-1,False,False,0,0,False,207,0,0,0,0,0,0,0,0,0,0,0,0,0,0,0,1,
0,773,2026-02-23 12:18:03Z,LLM_Empathetic,6.915835,7.219697,6.611972,0.6387613,0,1.617074,0,0,0,0,0,0,5.480055,4.345079,6.615041,0.592854,0.702737,0.482971,7.389836,6.22719,8.552482,0.6036466,0,2.126047,7.176003,6.09295,8.259058,9.814476,10,9.460356,6.915835,7.219697,6.611972,0.6387613,0,1.617074,0,0,0,0,0,0,5.480055,4.345079,6.615041,0.592854,0.702737,0.482971,7.389836,6.22719,8.552482,0.6036466,0,2.126047,7.176003,6.09295,8.259058,9.814476,10,9.460356,-1,-1,-1,-1,-1,-1,-1,-1,-1,-1,-1,-1,-1,-1,-1,-1,-1,-1,-1,-1,-1,-1,-1,-1,-1,-1,-1,-1,-1,-1,-1,-1,-1,-1,-1,-1,-1,-1,-1,-1,-1,-1,-1,-1,-1,-1,-1,-1,-1,-1,0,0,0,0,0,0,-1,-1,-1,-1,-1,-1,-1,-1,-1,-1,-1,-1,0,0,0,0,0,0,-1,-1,-1,-1,-1,-1,-1,-1,-1,-1,-1,-1,-1,-1,False,False,0,0,False,207,0,0,0,0,0,0,0,0,0,0,0,0,0,0,0,1,
0,774,2026-02-23 12:18:03Z,LLM_Empathetic,6.915856,7.219701,6.61201,0.6387259,0,1.617054,0,0,0,0,0,0,5.480082,4.345088,6.615086,0.592854,0.702737,0.482971,7.389848,6.227184,8.552513,0.6036239,0,2.126024,7.176041,6.09297,8.259112,9.81455,10,9.460449,6.915856,7.219701,6.61201,0.6387259,0,1.617054,0,0,0,0,0,0,5.480082,4.345088,6.615086,0.592854,0.702737,0.482971,7.389848,6.227184,8.552513,0.6036239,0,2.126024,7.176041,6.09297,8.259112,9.81455,10,9.460449,-1,-1,-1,-1,-1,-1,-1,-1,-1,-1,-1,-1,-1,-1,-1,-1,-1,-1,-1,-1,-1,-1,-1,-1,-1,-1,-1,-1,-1,-1,-1,-1,-1,-1,-1,-1,-1,-1,-1,-1,-1,-1,-1,-1,-1,-1,-1,-1,-1,-1,0,0,0,0,0,0,-1,-1,-1,-1,-1,-1,-1,-1,-1,-1,-1,-1,0,0,0,0,0,0,-1,-1,-1,-1,-1,-1,-1,-1,-1,-1,-1,-1,-1,-1,False,False,0,0,False,209,0,0,0,0,0,0,0,0,0,0,0,0,0,0,0,1,
0,775,2026-02-23 12:18:03Z,LLM_Empathetic,6.915876,7.219705,6.612048,0.6386906,0,1.617035,0,0,0,0,0,0,5.480108,4.345097,6.61513,0.592854,0.702737,0.482971,7.38986,6.227178,8.552544,0.6036013,0,2.126002,7.176078,6.09299,8.259167,9.814624,10,9.460543,6.915876,7.219705,6.612048,0.6386906,0,1.617035,0,0,0,0,0,0,5.480108,4.345097,6.61513,0.592854,0.702737,0.482971,7.38986,6.227178,8.552544,0.6036013,0,2.126002,7.176078,6.09299,8.259167,9.814624,10,9.460543,-1,-1,-1,-1,-1,-1,-1,-1,-1,-1,-1,-1,-1,-1,-1,-1,-1,-1,-1,-1,-1,-1,-1,-1,-1,-1,-1,-1,-1,-1,-1,-1,-1,-1,-1,-1,-1,-1,-1,-1,-1,-1,-1,-1,-1,-1,-1,-1,-1,-1,0,0,0,0,0,0,-1,-1,-1,-1,-1,-1,-1,-1,-1,-1,-1,-1,0,0,0,0,0,0,-1,-1,-1,-1,-1,-1,-1,-1,-1,-1,-1,-1,-1,-1,False,False,0,0,False,207,0,0,0,0,0,0,0,0,0,0,0,0,0,0,0,1,
0,776,2026-02-23 12:18:04Z,LLM_Empathetic,6.915897,7.219709,6.612086,0.6386554,0,1.617015,0,0,0,0,0,0,5.480135,4.345105,6.615175,0.592854,0.702737,0.482971,7.389873,6.227171,8.552574,0.6035787,0,2.125979,7.176115,6.09301,8.25922,9.814698,10,9.460635,6.915897,7.219709,6.612086,0.6386554,0,1.617015,0,0,0,0,0,0,5.480135,4.345105,6.615175,0.592854,0.702737,0.482971,7.389873,6.227171,8.552574,0.6035787,0,2.125979,7.176115,6.09301,8.25922,9.814698,10,9.460635,-1,-1,-1,-1,-1,-1,-1,-1,-1,-1,-1,-1,-1,-1,-1,-1,-1,-1,-1,-1,-1,-1,-1,-1,-1,-1,-1,-1,-1,-1,-1,-1,-1,-1,-1,-1,-1,-1,-1,-1,-1,-1,-1,-1,-1,-1,-1,-1,-1,-1,0,0,0,0,0,0,-1,-1,-1,-1,-1,-1,-1,-1,-1,-1,-1,-1,0,0,0,0,0,0,-1,-1,-1,-1,-1,-1,-1,-1,-1,-1,-1,-1,-1,-1,False,False,0,0,False,209,0,0,0,0,0,0,0,0,0,0,0,0,0,0,0,1,
0,777,2026-02-23 12:18:04Z,LLM_Empathetic,6.915918,7.219713,6.612123,0.6386202,0,1.616996,0,0,0,0,0,0,5.480162,4.345114,6.61522,0.592854,0.702737,0.482971,7.389884,6.227165,8.552605,0.6035562,0,2.125957,7.176152,6.09303,8.259274,9.814772,10,9.460728,6.915918,7.219713,6.612123,0.6386202,0,1.616996,0,0,0,0,0,0,5.480162,4.345114,6.61522,0.592854,0.702737,0.482971,7.389884,6.227165,8.552605,0.6035562,0,2.125957,7.176152,6.09303,8.259274,9.814772,10,9.460728,-1,-1,-1,-1,-1,-1,-1,-1,-1,-1,-1,-1,-1,-1,-1,-1,-1,-1,-1,-1,-1,-1,-1,-1,-1,-1,-1,-1,-1,-1,-1,-1,-1,-1,-1,-1,-1,-1,-1,-1,-1,-1,-1,-1,-1,-1,-1,-1,-1,-1,0,0,0,0,0,0,-1,-1,-1,-1,-1,-1,-1,-1,-1,-1,-1,-1,0,0,0,0,0,0,-1,-1,-1,-1,-1,-1,-1,-1,-1,-1,-1,-1,-1,-1,False,False,0,0,False,209,0,0,0,0,0,0,0,0,0,0,0,0,0,0,0,1,
0,778,2026-02-23 12:18:04Z,LLM_Empathetic,6.915938,7.219716,6.612161,0.6385851,0,1.616976,0,0,0,0,0,0,5.480188,4.345123,6.615264,0.592854,0.702737,0.482971,7.389896,6.227159,8.552635,0.6035337,0,2.125934,7.176188,6.09305,8.259328,9.814846,10,9.46082,6.915938,7.219716,6.612161,0.6385851,0,1.616976,0,0,0,0,0,0,5.480188,4.345123,6.615264,0.592854,0.702737,0.482971,7.389896,6.227159,8.552635,0.6035337,0,2.125934,7.176188,6.09305,8.259328,9.814846,10,9.46082,-1,-1,-1,-1,-1,-1,-1,-1,-1,-1,-1,-1,-1,-1,-1,-1,-1,-1,-1,-1,-1,-1,-1,-1,-1,-1,-1,-1,-1,-1,-1,-1,-1,-1,-1,-1,-1,-1,-1,-1,-1,-1,-1,-1,-1,-1,-1,-1,-1,-1,0,0,0,0,0,0,-1,-1,-1,-1,-1,-1,-1,-1,-1,-1,-1,-1,0,0,0,0,0,0,-1,-1,-1,-1,-1,-1,-1,-1,-1,-1,-1,-1,-1,-1,False,False,0,0,False,209,0,0,0,0,0,0,0,0,0,0,0,0,0,0,0,1,
0,779,2026-02-23 12:18:04Z,LLM_Empathetic,6.915959,7.21972,6.612198,0.63855,0,1.616957,0,0,0,0,0,0,5.480215,4.345131,6.615308,0.592854,0.702737,0.482971,7.389909,6.227152,8.552666,0.6035113,0,2.125912,7.176226,6.09307,8.259381,9.814919,10,9.460913,6.915959,7.21972,6.612198,0.63855,0,1.616957,0,0,0,0,0,0,5.480215,4.345131,6.615308,0.592854,0.702737,0.482971,7.389909,6.227152,8.552666,0.6035113,0,2.125912,7.176226,6.09307,8.259381,9.814919,10,9.460913,-1,-1,-1,-1,-1,-1,-1,-1,-1,-1,-1,-1,-1,-1,-1,-1,-1,-1,-1,-1,-1,-1,-1,-1,-1,-1,-1,-1,-1,-1,-1,-1,-1,-1,-1,-1,-1,-1,-1,-1,-1,-1,-1,-1,-1,-1,-1,-1,-1,-1,0,0,0,0,0,0,-1,-1,-1,-1,-1,-1,-1,-1,-1,-1,-1,-1,0,0,0,0,0,0,-1,-1,-1,-1,-1,-1,-1,-1,-1,-1,-1,-1,-1,-1,False,False,0,0,False,209,0,0,0,0,0,0,0,0,0,0,0,0,0,0,0,1,
0,780,2026-02-23 12:18:04Z,LLM_Empathetic,6.91598,7.219724,6.612236,0.6385151,0,1.616938,0,0,0,0,0,0,5.480241,4.34514,6.615352,0.592854,0.702737,0.482971,7.389921,6.227146,8.552695,0.6034889,0,2.125889,7.176262,6.09309,8.259436,9.814993,10,9.461004,6.91598,7.219724,6.612236,0.6385151,0,1.616938,0,0,0,0,0,0,5.480241,4.34514,6.615352,0.592854,0.702737,0.482971,7.389921,6.227146,8.552695,0.6034889,0,2.125889,7.176262,6.09309,8.259436,9.814993,10,9.461004,-1,-1,-1,-1,-1,-1,-1,-1,-1,-1,-1,-1,-1,-1,-1,-1,-1,-1,-1,-1,-1,-1,-1,-1,-1,-1,-1,-1,-1,-1,-1,-1,-1,-1,-1,-1,-1,-1,-1,-1,-1,-1,-1,-1,-1,-1,-1,-1,-1,-1,0,0,0,0,0,0,-1,-1,-1,-1,-1,-1,-1,-1,-1,-1,-1,-1,0,0,0,0,0,0,-1,-1,-1,-1,-1,-1,-1,-1,-1,-1,-1,-1,-1,-1,False,False,0,0,False,207,0,0,0,0,0,0,0,0,0,0,0,0,0,0,0,1,
0,781,2026-02-23 12:18:04Z,LLM_Empathetic,6.916,7.219728,6.612273,0.6384802,0,1.616919,0,0,0,0,0,0,5.480268,4.345149,6.615396,0.592854,0.702737,0.482971,7.389933,6.22714,8.552726,0.6034666,0,2.125867,7.176299,6.09311,8.259489,9.815065,10,9.461097,6.916,7.219728,6.612273,0.6384802,0,1.616919,0,0,0,0,0,0,5.480268,4.345149,6.615396,0.592854,0.702737,0.482971,7.389933,6.22714,8.552726,0.6034666,0,2.125867,7.176299,6.09311,8.259489,9.815065,10,9.461097,-1,-1,-1,-1,-1,-1,-1,-1,-1,-1,-1,-1,-1,-1,-1,-1,-1,-1,-1,-1,-1,-1,-1,-1,-1,-1,-1,-1,-1,-1,-1,-1,-1,-1,-1,-1,-1,-1,-1,-1,-1,-1,-1,-1,-1,-1,-1,-1,-1,-1,0,0,0,0,0,0,-1,-1,-1,-1,-1,-1,-1,-1,-1,-1,-1,-1,0,0,0,0,0,0,-1,-1,-1,-1,-1,-1,-1,-1,-1,-1,-1,-1,-1,-1,False,False,0,0,False,209,0,0,0,0,0,0,0,0,0,0,0,0,0,0,0,1,
0,782,2026-02-23 12:18:04Z,LLM_Empathetic,6.916021,7.219731,6.61231,0.6384454,0,1.616899,0,0,0,0,0,0,5.480294,4.345158,6.61544,0.592854,0.702737,0.482971,7.389945,6.227134,8.552756,0.6034443,0,2.125845,7.176335,6.09313,8.259542,9.815139,10,9.461188,6.916021,7.219731,6.61231,0.6384454,0,1.616899,0,0,0,0,0,0,5.480294,4.345158,6.61544,0.592854,0.702737,0.482971,7.389945,6.227134,8.552756,0.6034443,0,2.125845,7.176335,6.09313,8.259542,9.815139,10,9.461188,-1,-1,-1,-1,-1,-1,-1,-1,-1,-1,-1,-1,-1,-1,-1,-1,-1,-1,-1,-1,-1,-1,-1,-1,-1,-1,-1,-1,-1,-1,-1,-1,-1,-1,-1,-1,-1,-1,-1,-1,-1,-1,-1,-1,-1,-1,-1,-1,-1,-1,0,0,0,0,0,0,-1,-1,-1,-1,-1,-1,-1,-1,-1,-1,-1,-1,0,0,0,0,0,0,-1,-1,-1,-1,-1,-1,-1,-1,-1,-1,-1,-1,-1,-1,False,False,0,0,False,209,0,0,0,0,0,0,0,0,0,0,0,0,0,0,0,1,
0,783,2026-02-23 12:18:04Z,LLM_Empathetic,6.916041,7.219735,6.612348,0.6384107,0,1.61688,0,0,0,0,0,0,5.48032,4.345167,6.615484,0.592854,0.702737,0.482971,7.389957,6.227128,8.552786,0.603422,0,2.125822,7.176372,6.093149,8.259595,9.815211,10,9.46128,6.916041,7.219735,6.612348,0.6384107,0,1.61688,0,0,0,0,0,0,5.48032,4.345167,6.615484,0.592854,0.702737,0.482971,7.389957,6.227128,8.552786,0.603422,0,2.125822,7.176372,6.093149,8.259595,9.815211,10,9.46128,-1,-1,-1,-1,-1,-1,-1,-1,-1,-1,-1,-1,-1,-1,-1,-1,-1,-1,-1,-1,-1,-1,-1,-1,-1,-1,-1,-1,-1,-1,-1,-1,-1,-1,-1,-1,-1,-1,-1,-1,-1,-1,-1,-1,-1,-1,-1,-1,-1,-1,0,0,0,0,0,0,-1,-1,-1,-1,-1,-1,-1,-1,-1,-1,-1,-1,0,0,0,0,0,0,-1,-1,-1,-1,-1,-1,-1,-1,-1,-1,-1,-1,-1,-1,False,False,0,0,False,209,0,0,0,0,0,0,0,0,0,0,0,0,0,0,0,1,
0,784,2026-02-23 12:18:04Z,LLM_Empathetic,6.916061,7.219738,6.612384,0.6383761,0,1.616861,0,0,0,0,0,0,5.480346,4.345175,6.615528,0.592854,0.702737,0.482971,7.389969,6.227121,8.552816,0.6033998,0,2.1258,7.176408,6.093169,8.259648,9.815285,10,9.46137,6.916061,7.219738,6.612384,0.6383761,0,1.616861,0,0,0,0,0,0,5.480346,4.345175,6.615528,0.592854,0.702737,0.482971,7.389969,6.227121,8.552816,0.6033998,0,2.1258,7.176408,6.093169,8.259648,9.815285,10,9.46137,-1,-1,-1,-1,-1,-1,-1,-1,-1,-1,-1,-1,-1,-1,-1,-1,-1,-1,-1,-1,-1,-1,-1,-1,-1,-1,-1,-1,-1,-1,-1,-1,-1,-1,-1,-1,-1,-1,-1,-1,-1,-1,-1,-1,-1,-1,-1,-1,-1,-1,0,0,0,0,0,0,-1,-1,-1,-1,-1,-1,-1,-1,-1,-1,-1,-1,0,0,0,0,0,0,-1,-1,-1,-1,-1,-1,-1,-1,-1,-1,-1,-1,-1,-1,False,False,0,0,False,209,0,0,0,0,0,0,0,0,0,0,0,0,0,0,0,1,
0,785,2026-02-23 12:18:04Z,LLM_Empathetic,6.916082,7.219742,6.612422,0.6383415,0,1.616842,0,0,0,0,0,0,5.480372,4.345184,6.615571,0.592854,0.702737,0.482971,7.389981,6.227116,8.552846,0.6033777,0,2.125778,7.176445,6.093189,8.259702,9.815357,10,9.461462,6.916082,7.219742,6.612422,0.6383415,0,1.616842,0,0,0,0,0,0,5.480372,4.345184,6.615571,0.592854,0.702737,0.482971,7.389981,6.227116,8.552846,0.6033777,0,2.125778,7.176445,6.093189,8.259702,9.815357,10,9.461462,-1,-1,-1,-1,-1,-1,-1,-1,-1,-1,-1,-1,-1,-1,-1,-1,-1,-1,-1,-1,-1,-1,-1,-1,-1,-1,-1,-1,-1,-1,-1,-1,-1,-1,-1,-1,-1,-1,-1,-1,-1,-1,-1,-1,-1,-1,-1,-1,-1,-1,0,0,0,0,0,0,-1,-1,-1,-1,-1,-1,-1,-1,-1,-1,-1,-1,0,0,0,0,0,0,-1,-1,-1,-1,-1,-1,-1,-1,-1,-1,-1,-1,-1,-1,False,False,0,0,False,209,0,0,0,0,0,0,0,0,0,0,0,0,0,0,0,1,
0,786,2026-02-23 12:18:04Z,LLM_Empathetic,6.916102,7.219746,6.612459,0.638307,0,1.616823,0,0,0,0,0,0,5.480399,4.345192,6.615615,0.592854,0.702737,0.482971,7.389993,6.227109,8.552876,0.6033556,0,2.125756,7.176481,6.093208,8.259754,9.81543,10,9.461553,6.916102,7.219746,6.612459,0.638307,0,1.616823,0,0,0,0,0,0,5.480399,4.345192,6.615615,0.592854,0.702737,0.482971,7.389993,6.227109,8.552876,0.6033556,0,2.125756,7.176481,6.093208,8.259754,9.81543,10,9.461553,-1,-1,-1,-1,-1,-1,-1,-1,-1,-1,-1,-1,-1,-1,-1,-1,-1,-1,-1,-1,-1,-1,-1,-1,-1,-1,-1,-1,-1,-1,-1,-1,-1,-1,-1,-1,-1,-1,-1,-1,-1,-1,-1,-1,-1,-1,-1,-1,-1,-1,0,0,0,0,0,0,-1,-1,-1,-1,-1,-1,-1,-1,-1,-1,-1,-1,0,0,0,0,0,0,-1,-1,-1,-1,-1,-1,-1,-1,-1,-1,-1,-1,-1,-1,False,False,0,0,False,207,0,0,0,0,0,0,0,0,0,0,0,0,0,0,0,1,
0,787,2026-02-23 12:18:04Z,LLM_Empathetic,6.916122,7.219749,6.612495,0.6382725,0,1.616804,0,0,0,0,0,0,5.480425,4.345201,6.615659,0.592854,0.702737,0.482971,7.390005,6.227103,8.552906,0.6033335,0,2.125734,7.176517,6.093228,8.259807,9.815501,10,9.461643,6.916122,7.219749,6.612495,0.6382725,0,1.616804,0,0,0,0,0,0,5.480425,4.345201,6.615659,0.592854,0.702737,0.482971,7.390005,6.227103,8.552906,0.6033335,0,2.125734,7.176517,6.093228,8.259807,9.815501,10,9.461643,-1,-1,-1,-1,-1,-1,-1,-1,-1,-1,-1,-1,-1,-1,-1,-1,-1,-1,-1,-1,-1,-1,-1,-1,-1,-1,-1,-1,-1,-1,-1,-1,-1,-1,-1,-1,-1,-1,-1,-1,-1,-1,-1,-1,-1,-1,-1,-1,-1,-1,0,0,0,0,0,0,-1,-1,-1,-1,-1,-1,-1,-1,-1,-1,-1,-1,0,0,0,0,0,0,-1,-1,-1,-1,-1,-1,-1,-1,-1,-1,-1,-1,-1,-1,False,False,0,0,False,209,0,0,0,0,0,0,0,0,0,0,0,0,0,0,0,1,
0,788,2026-02-23 12:18:04Z,LLM_Empathetic,6.916143,7.219753,6.612532,0.6382382,0,1.616785,0,0,0,0,0,0,5.480451,4.34521,6.615702,0.592854,0.702737,0.482971,7.390017,6.227097,8.552936,0.6033115,0,2.125712,7.176553,6.093247,8.25986,9.815574,10,9.461734,6.916143,7.219753,6.612532,0.6382382,0,1.616785,0,0,0,0,0,0,5.480451,4.34521,6.615702,0.592854,0.702737,0.482971,7.390017,6.227097,8.552936,0.6033115,0,2.125712,7.176553,6.093247,8.25986,9.815574,10,9.461734,-1,-1,-1,-1,-1,-1,-1,-1,-1,-1,-1,-1,-1,-1,-1,-1,-1,-1,-1,-1,-1,-1,-1,-1,-1,-1,-1,-1,-1,-1,-1,-1,-1,-1,-1,-1,-1,-1,-1,-1,-1,-1,-1,-1,-1,-1,-1,-1,-1,-1,0,0,0,0,0,0,-1,-1,-1,-1,-1,-1,-1,-1,-1,-1,-1,-1,0,0,0,0,0,0,-1,-1,-1,-1,-1,-1,-1,-1,-1,-1,-1,-1,-1,-1,False,False,0,0,False,207,0,0,0,0,0,0,0,0,0,0,0,0,0,0,0,1,
0,789,2026-02-23 12:18:04Z,LLM_Empathetic,6.916163,7.219757,6.612569,0.6382039,0,1.616766,0,0,0,0,0,0,5.480476,4.345218,6.615745,0.592854,0.702737,0.482971,7.390028,6.227091,8.552966,0.6032896,0,2.12569,7.176589,6.093267,8.259912,9.815646,10,9.461824,6.916163,7.219757,6.612569,0.6382039,0,1.616766,0,0,0,0,0,0,5.480476,4.345218,6.615745,0.592854,0.702737,0.482971,7.390028,6.227091,8.552966,0.6032896,0,2.12569,7.176589,6.093267,8.259912,9.815646,10,9.461824,-1,-1,-1,-1,-1,-1,-1,-1,-1,-1,-1,-1,-1,-1,-1,-1,-1,-1,-1,-1,-1,-1,-1,-1,-1,-1,-1,-1,-1,-1,-1,-1,-1,-1,-1,-1,-1,-1,-1,-1,-1,-1,-1,-1,-1,-1,-1,-1,-1,-1,0,0,0,0,0,0,-1,-1,-1,-1,-1,-1,-1,-1,-1,-1,-1,-1,0,0,0,0,0,0,-1,-1,-1,-1,-1,-1,-1,-1,-1,-1,-1,-1,-1,-1,False,False,0,0,False,209,0,0,0,0,0,0,0,0,0,0,0,0,0,0,0,1,
0,790,2026-02-23 12:18:04Z,LLM_Empathetic,6.916183,7.21976,6.612606,0.6381697,0,1.616747,0,0,0,0,0,0,5.480503,4.345227,6.615788,0.592854,0.702737,0.482971,7.39004,6.227085,8.552996,0.6032677,0,2.125668,7.176625,6.093287,8.259965,9.815718,10,9.461914,6.916183,7.21976,6.612606,0.6381697,0,1.616747,0,0,0,0,0,0,5.480503,4.345227,6.615788,0.592854,0.702737,0.482971,7.39004,6.227085,8.552996,0.6032677,0,2.125668,7.176625,6.093287,8.259965,9.815718,10,9.461914,-1,-1,-1,-1,-1,-1,-1,-1,-1,-1,-1,-1,-1,-1,-1,-1,-1,-1,-1,-1,-1,-1,-1,-1,-1,-1,-1,-1,-1,-1,-1,-1,-1,-1,-1,-1,-1,-1,-1,-1,-1,-1,-1,-1,-1,-1,-1,-1,-1,-1,0,0,0,0,0,0,-1,-1,-1,-1,-1,-1,-1,-1,-1,-1,-1,-1,0,0,0,0,0,0,-1,-1,-1,-1,-1,-1,-1,-1,-1,-1,-1,-1,-1,-1,False,False,0,0,False,209,0,0,0,0,0,0,0,0,0,0,0,0,0,0,0,1,
0,791,2026-02-23 12:18:04Z,LLM_Empathetic,6.916203,7.219764,6.612642,0.6381356,0,1.616729,0,0,0,0,0,0,5.480528,4.345235,6.615832,0.592854,0.702737,0.482971,7.390052,6.227079,8.553025,0.6032459,0,2.125646,7.176661,6.093306,8.260016,9.815789,10,9.462005,6.916203,7.219764,6.612642,0.6381356,0,1.616729,0,0,0,0,0,0,5.480528,4.345235,6.615832,0.592854,0.702737,0.482971,7.390052,6.227079,8.553025,0.6032459,0,2.125646,7.176661,6.093306,8.260016,9.815789,10,9.462005,-1,-1,-1,-1,-1,-1,-1,-1,-1,-1,-1,-1,-1,-1,-1,-1,-1,-1,-1,-1,-1,-1,-1,-1,-1,-1,-1,-1,-1,-1,-1,-1,-1,-1,-1,-1,-1,-1,-1,-1,-1,-1,-1,-1,-1,-1,-1,-1,-1,-1,0,0,0,0,0,0,-1,-1,-1,-1,-1,-1,-1,-1,-1,-1,-1,-1,0,0,0,0,0,0,-1,-1,-1,-1,-1,-1,-1,-1,-1,-1,-1,-1,-1,-1,False,False,0,0,False,209,0,0,0,0,0,0,0,0,0,0,0,0,0,0,0,1,
0,792,2026-02-23 12:18:04Z,LLM_Empathetic,6.916223,7.219768,6.612679,0.6381015,0,1.61671,0,0,0,0,0,0,5.480554,4.345244,6.615875,0.592854,0.702737,0.482971,7.390063,6.227073,8.553055,0.603224,0,2.125624,7.176697,6.093325,8.260069,9.815861,10,9.462094,6.916223,7.219768,6.612679,0.6381015,0,1.61671,0,0,0,0,0,0,5.480554,4.345244,6.615875,0.592854,0.702737,0.482971,7.390063,6.227073,8.553055,0.603224,0,2.125624,7.176697,6.093325,8.260069,9.815861,10,9.462094,-1,-1,-1,-1,-1,-1,-1,-1,-1,-1,-1,-1,-1,-1,-1,-1,-1,-1,-1,-1,-1,-1,-1,-1,-1,-1,-1,-1,-1,-1,-1,-1,-1,-1,-1,-1,-1,-1,-1,-1,-1,-1,-1,-1,-1,-1,-1,-1,-1,-1,0,0,0,0,0,0,-1,-1,-1,-1,-1,-1,-1,-1,-1,-1,-1,-1,0,0,0,0,0,0,-1,-1,-1,-1,-1,-1,-1,-1,-1,-1,-1,-1,-1,-1,False,False,0,0,False,209,0,0,0,0,0,0,0,0,0,0,0,0,0,0,0,1,
0,793,2026-02-23 12:18:04Z,LLM_Empathetic,6.916243,7.219771,6.612715,0.6380675,0,1.616691,0,0,0,0,0,0,5.48058,4.345253,6.615918,0.592854,0.702737,0.482971,7.390075,6.227067,8.553084,0.6032022,0,2.125603,7.176733,6.093345,8.260121,9.815932,10,9.462184,6.916243,7.219771,6.612715,0.6380675,0,1.616691,0,0,0,0,0,0,5.48058,4.345253,6.615918,0.592854,0.702737,0.482971,7.390075,6.227067,8.553084,0.6032022,0,2.125603,7.176733,6.093345,8.260121,9.815932,10,9.462184,-1,-1,-1,-1,-1,-1,-1,-1,-1,-1,-1,-1,-1,-1,-1,-1,-1,-1,-1,-1,-1,-1,-1,-1,-1,-1,-1,-1,-1,-1,-1,-1,-1,-1,-1,-1,-1,-1,-1,-1,-1,-1,-1,-1,-1,-1,-1,-1,-1,-1,0,0,0,0,0,0,-1,-1,-1,-1,-1,-1,-1,-1,-1,-1,-1,-1,0,0,0,0,0,0,-1,-1,-1,-1,-1,-1,-1,-1,-1,-1,-1,-1,-1,-1,False,False,0,0,False,209,0,0,0,0,0,0,0,0,0,0,0,0,0,0,0,1,
0,794,2026-02-23 12:18:04Z,LLM_Empathetic,6.916263,7.219775,6.612751,0.6380336,0,1.616672,0,0,0,0,0,0,5.480606,4.345261,6.615961,0.592854,0.702737,0.482971,7.390087,6.227061,8.553114,0.6031805,0,2.125581,7.176768,6.093364,8.260173,9.816003,10,9.462273,6.916263,7.219775,6.612751,0.6380336,0,1.616672,0,0,0,0,0,0,5.480606,4.345261,6.615961,0.592854,0.702737,0.482971,7.390087,6.227061,8.553114,0.6031805,0,2.125581,7.176768,6.093364,8.260173,9.816003,10,9.462273,-1,-1,-1,-1,-1,-1,-1,-1,-1,-1,-1,-1,-1,-1,-1,-1,-1,-1,-1,-1,-1,-1,-1,-1,-1,-1,-1,-1,-1,-1,-1,-1,-1,-1,-1,-1,-1,-1,-1,-1,-1,-1,-1,-1,-1,-1,-1,-1,-1,-1,0,0,0,0,0,0,-1,-1,-1,-1,-1,-1,-1,-1,-1,-1,-1,-1,0,0,0,0,0,0,-1,-1,-1,-1,-1,-1,-1,-1,-1,-1,-1,-1,-1,-1,False,False,0,0,False,207,0,0,0,0,0,0,0,0,0,0,0,0,0,0,0,1,
0,795,2026-02-23 12:18:04Z,LLM_Empathetic,6.916283,7.219779,6.612787,0.6379997,0,1.616654,0,0,0,0,0,0,5.480631,4.345269,6.616003,0.592854,0.702737,0.482971,7.390099,6.227055,8.553143,0.6031588,0,2.125559,7.176804,6.093383,8.260225,9.816074,10,9.462362,6.916283,7.219779,6.612787,0.6379997,0,1.616654,0,0,0,0,0,0,5.480631,4.345269,6.616003,0.592854,0.702737,0.482971,7.390099,6.227055,8.553143,0.6031588,0,2.125559,7.176804,6.093383,8.260225,9.816074,10,9.462362,-1,-1,-1,-1,-1,-1,-1,-1,-1,-1,-1,-1,-1,-1,-1,-1,-1,-1,-1,-1,-1,-1,-1,-1,-1,-1,-1,-1,-1,-1,-1,-1,-1,-1,-1,-1,-1,-1,-1,-1,-1,-1,-1,-1,-1,-1,-1,-1,-1,-1,0,0,0,0,0,0,-1,-1,-1,-1,-1,-1,-1,-1,-1,-1,-1,-1,0,0,0,0,0,0,-1,-1,-1,-1,-1,-1,-1,-1,-1,-1,-1,-1,-1,-1,False,False,0,0,False,209,0,0,0,0,0,0,0,0,0,0,0,0,0,0,0,1,
0,796,2026-02-23 12:18:04Z,LLM_Empathetic,6.916303,7.219782,6.612823,0.6379659,0,1.616635,0,0,0,0,0,0,5.480657,4.345278,6.616046,0.592854,0.702737,0.482971,7.39011,6.227049,8.553172,0.6031372,0,2.125538,7.176839,6.093402,8.260277,9.816145,10,9.462451,6.916303,7.219782,6.612823,0.6379659,0,1.616635,0,0,0,0,0,0,5.480657,4.345278,6.616046,0.592854,0.702737,0.482971,7.39011,6.227049,8.553172,0.6031372,0,2.125538,7.176839,6.093402,8.260277,9.816145,10,9.462451,-1,-1,-1,-1,-1,-1,-1,-1,-1,-1,-1,-1,-1,-1,-1,-1,-1,-1,-1,-1,-1,-1,-1,-1,-1,-1,-1,-1,-1,-1,-1,-1,-1,-1,-1,-1,-1,-1,-1,-1,-1,-1,-1,-1,-1,-1,-1,-1,-1,-1,0,0,0,0,0,0,-1,-1,-1,-1,-1,-1,-1,-1,-1,-1,-1,-1,0,0,0,0,0,0,-1,-1,-1,-1,-1,-1,-1,-1,-1,-1,-1,-1,-1,-1,False,False,0,0,False,207,0,0,0,0,0,0,0,0,0,0,0,0,0,0,0,1,
0,797,2026-02-23 12:18:04Z,LLM_Empathetic,6.916323,7.219786,6.61286,0.6379322,0,1.616616,0,0,0,0,0,0,5.480682,4.345286,6.616088,0.592854,0.702737,0.482971,7.390122,6.227043,8.553202,0.6031156,0,2.125516,7.176875,6.093421,8.260328,9.816216,10,9.46254,6.916323,7.219786,6.61286,0.6379322,0,1.616616,0,0,0,0,0,0,5.480682,4.345286,6.616088,0.592854,0.702737,0.482971,7.390122,6.227043,8.553202,0.6031156,0,2.125516,7.176875,6.093421,8.260328,9.816216,10,9.46254,-1,-1,-1,-1,-1,-1,-1,-1,-1,-1,-1,-1,-1,-1,-1,-1,-1,-1,-1,-1,-1,-1,-1,-1,-1,-1,-1,-1,-1,-1,-1,-1,-1,-1,-1,-1,-1,-1,-1,-1,-1,-1,-1,-1,-1,-1,-1,-1,-1,-1,0,0,0,0,0,0,-1,-1,-1,-1,-1,-1,-1,-1,-1,-1,-1,-1,0,0,0,0,0,0,-1,-1,-1,-1,-1,-1,-1,-1,-1,-1,-1,-1,-1,-1,False,False,0,0,False,209,0,0,0,0,0,0,0,0,0,0,0,0,0,0,0,1,
0,798,2026-02-23 12:18:04Z,LLM_Empathetic,6.916343,7.21979,6.612895,0.6378986,0,1.616598,0,0,0,0,0,0,5.480708,4.345294,6.616131,0.592854,0.702737,0.482971,7.390133,6.227037,8.55323,0.6030941,0,2.125494,7.17691,6.093441,8.26038,9.816286,10,9.462628,6.916343,7.21979,6.612895,0.6378986,0,1.616598,0,0,0,0,0,0,5.480708,4.345294,6.616131,0.592854,0.702737,0.482971,7.390133,6.227037,8.55323,0.6030941,0,2.125494,7.17691,6.093441,8.26038,9.816286,10,9.462628,-1,-1,-1,-1,-1,-1,-1,-1,-1,-1,-1,-1,-1,-1,-1,-1,-1,-1,-1,-1,-1,-1,-1,-1,-1,-1,-1,-1,-1,-1,-1,-1,-1,-1,-1,-1,-1,-1,-1,-1,-1,-1,-1,-1,-1,-1,-1,-1,-1,-1,0,0,0,0,0,0,-1,-1,-1,-1,-1,-1,-1,-1,-1,-1,-1,-1,0,0,0,0,0,0,-1,-1,-1,-1,-1,-1,-1,-1,-1,-1,-1,-1,-1,-1,False,False,0,0,False,209,0,0,0,0,0,0,0,0,0,0,0,0,0,0,0,1,
0,799,2026-02-23 12:18:04Z,LLM_Empathetic,6.916362,7.219793,6.612932,0.637865,0,1.616579,0,0,0,0,0,0,5.480733,4.345303,6.616173,0.592854,0.702737,0.482971,7.390145,6.227031,8.55326,0.6030726,0,2.125473,7.176945,6.09346,8.260431,9.816357,10,9.462717,6.916362,7.219793,6.612932,0.637865,0,1.616579,0,0,0,0,0,0,5.480733,4.345303,6.616173,0.592854,0.702737,0.482971,7.390145,6.227031,8.55326,0.6030726,0,2.125473,7.176945,6.09346,8.260431,9.816357,10,9.462717,-1,-1,-1,-1,-1,-1,-1,-1,-1,-1,-1,-1,-1,-1,-1,-1,-1,-1,-1,-1,-1,-1,-1,-1,-1,-1,-1,-1,-1,-1,-1,-1,-1,-1,-1,-1,-1,-1,-1,-1,-1,-1,-1,-1,-1,-1,-1,-1,-1,-1,0,0,0,0,0,0,-1,-1,-1,-1,-1,-1,-1,-1,-1,-1,-1,-1,0,0,0,0,0,0,-1,-1,-1,-1,-1,-1,-1,-1,-1,-1,-1,-1,-1,-1,False,False,0,0,False,207,0,0,0,0,0,0,0,0,0,0,0,0,0,0,0,1,
0,800,2026-02-23 12:18:04Z,LLM_Empathetic,6.916382,7.219797,6.612967,0.6378315,0,1.616561,0,0,0,0,0,0,5.480758,4.345312,6.616216,0.592854,0.702737,0.482971,7.390157,6.227025,8.553288,0.6030511,0,2.125452,7.17698,6.093479,8.260483,9.816427,10,9.462805,6.916382,7.219797,6.612967,0.6378315,0,1.616561,0,0,0,0,0,0,5.480758,4.345312,6.616216,0.592854,0.702737,0.482971,7.390157,6.227025,8.553288,0.6030511,0,2.125452,7.17698,6.093479,8.260483,9.816427,10,9.462805,-1,-1,-1,-1,-1,-1,-1,-1,-1,-1,-1,-1,-1,-1,-1,-1,-1,-1,-1,-1,-1,-1,-1,-1,-1,-1,-1,-1,-1,-1,-1,-1,-1,-1,-1,-1,-1,-1,-1,-1,-1,-1,-1,-1,-1,-1,-1,-1,-1,-1,0,0,0,0,0,0,-1,-1,-1,-1,-1,-1,-1,-1,-1,-1,-1,-1,0,0,0,0,0,0,-1,-1,-1,-1,-1,-1,-1,-1,-1,-1,-1,-1,-1,-1,False,False,0,0,False,207,0,0,0,0,0,0,0,0,0,0,0,0,0,0,0,1,
0,801,2026-02-23 12:18:04Z,LLM_Empathetic,6.916402,7.2198,6.613003,0.6377981,0,1.616542,0,0,0,0,0,0,5.480784,4.34532,6.616258,0.592854,0.702737,0.482971,7.390168,6.227019,8.553318,0.6030297,0,2.12543,7.177015,6.093498,8.260534,9.816498,10,9.462893,6.916402,7.2198,6.613003,0.6377981,0,1.616542,0,0,0,0,0,0,5.480784,4.34532,6.616258,0.592854,0.702737,0.482971,7.390168,6.227019,8.553318,0.6030297,0,2.12543,7.177015,6.093498,8.260534,9.816498,10,9.462893,-1,-1,-1,-1,-1,-1,-1,-1,-1,-1,-1,-1,-1,-1,-1,-1,-1,-1,-1,-1,-1,-1,-1,-1,-1,-1,-1,-1,-1,-1,-1,-1,-1,-1,-1,-1,-1,-1,-1,-1,-1,-1,-1,-1,-1,-1,-1,-1,-1,-1,0,0,0,0,0,0,-1,-1,-1,-1,-1,-1,-1,-1,-1,-1,-1,-1,0,0,0,0,0,0,-1,-1,-1,-1,-1,-1,-1,-1,-1,-1,-1,-1,-1,-1,False,False,0,0,False,209,0,0,0,0,0,0,0,0,0,0,0,0,0,0,0,1,
0,802,2026-02-23 12:18:04Z,LLM_Empathetic,6.916421,7.219804,6.613039,0.6377648,0,1.616524,0,0,0,0,0,0,5.480809,4.345328,6.6163,0.592854,0.702737,0.482971,7.39018,6.227013,8.553347,0.6030084,0,2.125409,7.177051,6.093517,8.260585,9.816567,10,9.462981,6.916421,7.219804,6.613039,0.6377648,0,1.616524,0,0,0,0,0,0,5.480809,4.345328,6.6163,0.592854,0.702737,0.482971,7.39018,6.227013,8.553347,0.6030084,0,2.125409,7.177051,6.093517,8.260585,9.816567,10,9.462981,-1,-1,-1,-1,-1,-1,-1,-1,-1,-1,-1,-1,-1,-1,-1,-1,-1,-1,-1,-1,-1,-1,-1,-1,-1,-1,-1,-1,-1,-1,-1,-1,-1,-1,-1,-1,-1,-1,-1,-1,-1,-1,-1,-1,-1,-1,-1,-1,-1,-1,0,0,0,0,0,0,-1,-1,-1,-1,-1,-1,-1,-1,-1,-1,-1,-1,0,0,0,0,0,0,-1,-1,-1,-1,-1,-1,-1,-1,-1,-1,-1,-1,-1,-1,False,False,0,0,False,209,0,0,0,0,0,0,0,0,0,0,0,0,0,0,0,1,
0,803,2026-02-23 12:18:04Z,LLM_Empathetic,6.916441,7.219807,6.613074,0.6377314,0,1.616506,0,0,0,0,0,0,5.480834,4.345336,6.616342,0.592854,0.702737,0.482971,7.390191,6.227007,8.553375,0.6029871,0,2.125387,7.177085,6.093536,8.260636,9.816637,10,9.463069,6.916441,7.219807,6.613074,0.6377314,0,1.616506,0,0,0,0,0,0,5.480834,4.345336,6.616342,0.592854,0.702737,0.482971,7.390191,6.227007,8.553375,0.6029871,0,2.125387,7.177085,6.093536,8.260636,9.816637,10,9.463069,-1,-1,-1,-1,-1,-1,-1,-1,-1,-1,-1,-1,-1,-1,-1,-1,-1,-1,-1,-1,-1,-1,-1,-1,-1,-1,-1,-1,-1,-1,-1,-1,-1,-1,-1,-1,-1,-1,-1,-1,-1,-1,-1,-1,-1,-1,-1,-1,-1,-1,0,0,0,0,0,0,-1,-1,-1,-1,-1,-1,-1,-1,-1,-1,-1,-1,0,0,0,0,0,0,-1,-1,-1,-1,-1,-1,-1,-1,-1,-1,-1,-1,-1,-1,False,False,0,0,False,209,0,0,0,0,0,0,0,0,0,0,0,0,0,0,0,1,
0,804,2026-02-23 12:18:04Z,LLM_Empathetic,6.916461,7.21981,6.61311,0.6376982,0,1.616487,0,0,0,0,0,0,5.480859,4.345345,6.616384,0.592854,0.702737,0.482971,7.390203,6.227001,8.553405,0.6029658,0,2.125366,7.17712,6.093554,8.260687,9.816707,10,9.463157,6.916461,7.21981,6.61311,0.6376982,0,1.616487,0,0,0,0,0,0,5.480859,4.345345,6.616384,0.592854,0.702737,0.482971,7.390203,6.227001,8.553405,0.6029658,0,2.125366,7.17712,6.093554,8.260687,9.816707,10,9.463157,-1,-1,-1,-1,-1,-1,-1,-1,-1,-1,-1,-1,-1,-1,-1,-1,-1,-1,-1,-1,-1,-1,-1,-1,-1,-1,-1,-1,-1,-1,-1,-1,-1,-1,-1,-1,-1,-1,-1,-1,-1,-1,-1,-1,-1,-1,-1,-1,-1,-1,0,0,0,0,0,0,-1,-1,-1,-1,-1,-1,-1,-1,-1,-1,-1,-1,0,0,0,0,0,0,-1,-1,-1,-1,-1,-1,-1,-1,-1,-1,-1,-1,-1,-1,False,False,0,0,False,209,0,0,0,0,0,0,0,0,0,0,0,0,0,0,0,1,
0,805,2026-02-23 12:18:04Z,LLM_Empathetic,6.91648,7.219814,6.613145,0.6376651,0,1.616469,0,0,0,0,0,0,5.480885,4.345353,6.616426,0.592854,0.702737,0.482971,7.390214,6.226995,8.553433,0.6029446,0,2.125345,7.177155,6.093574,8.260738,9.816776,10,9.463243,6.91648,7.219814,6.613145,0.6376651,0,1.616469,0,0,0,0,0,0,5.480885,4.345353,6.616426,0.592854,0.702737,0.482971,7.390214,6.226995,8.553433,0.6029446,0,2.125345,7.177155,6.093574,8.260738,9.816776,10,9.463243,-1,-1,-1,-1,-1,-1,-1,-1,-1,-1,-1,-1,-1,-1,-1,-1,-1,-1,-1,-1,-1,-1,-1,-1,-1,-1,-1,-1,-1,-1,-1,-1,-1,-1,-1,-1,-1,-1,-1,-1,-1,-1,-1,-1,-1,-1,-1,-1,-1,-1,0,0,0,0,0,0,-1,-1,-1,-1,-1,-1,-1,-1,-1,-1,-1,-1,0,0,0,0,0,0,-1,-1,-1,-1,-1,-1,-1,-1,-1,-1,-1,-1,-1,-1,False,False,0,0,False,207,0,0,0,0,0,0,0,0,0,0,0,0,0,0,0,1,
0,806,2026-02-23 12:18:04Z,LLM_Empathetic,6.9165,7.219818,6.613181,0.637632,0,1.616451,0,0,0,0,0,0,5.480909,4.345361,6.616468,0.592854,0.702737,0.482971,7.390225,6.226989,8.553462,0.6029233,0,2.125324,7.17719,6.093592,8.260789,9.816846,10,9.46333,6.9165,7.219818,6.613181,0.637632,0,1.616451,0,0,0,0,0,0,5.480909,4.345361,6.616468,0.592854,0.702737,0.482971,7.390225,6.226989,8.553462,0.6029233,0,2.125324,7.17719,6.093592,8.260789,9.816846,10,9.46333,-1,-1,-1,-1,-1,-1,-1,-1,-1,-1,-1,-1,-1,-1,-1,-1,-1,-1,-1,-1,-1,-1,-1,-1,-1,-1,-1,-1,-1,-1,-1,-1,-1,-1,-1,-1,-1,-1,-1,-1,-1,-1,-1,-1,-1,-1,-1,-1,-1,-1,0,0,0,0,0,0,-1,-1,-1,-1,-1,-1,-1,-1,-1,-1,-1,-1,0,0,0,0,0,0,-1,-1,-1,-1,-1,-1,-1,-1,-1,-1,-1,-1,-1,-1,False,False,0,0,False,207,0,0,0,0,0,0,0,0,0,0,0,0,0,0,0,1,
0,807,2026-02-23 12:18:04Z,LLM_Empathetic,6.916519,7.219821,6.613216,0.637599,0,1.616433,0,0,0,0,0,0,5.480935,4.34537,6.616509,0.592854,0.702737,0.482971,7.390237,6.226984,8.553491,0.6029022,0,2.125303,7.177225,6.093611,8.260839,9.816916,10,9.463418,6.916519,7.219821,6.613216,0.637599,0,1.616433,0,0,0,0,0,0,5.480935,4.34537,6.616509,0.592854,0.702737,0.482971,7.390237,6.226984,8.553491,0.6029022,0,2.125303,7.177225,6.093611,8.260839,9.816916,10,9.463418,-1,-1,-1,-1,-1,-1,-1,-1,-1,-1,-1,-1,-1,-1,-1,-1,-1,-1,-1,-1,-1,-1,-1,-1,-1,-1,-1,-1,-1,-1,-1,-1,-1,-1,-1,-1,-1,-1,-1,-1,-1,-1,-1,-1,-1,-1,-1,-1,-1,-1,0,0,0,0,0,0,-1,-1,-1,-1,-1,-1,-1,-1,-1,-1,-1,-1,0,0,0,0,0,0,-1,-1,-1,-1,-1,-1,-1,-1,-1,-1,-1,-1,-1,-1,False,False,0,0,False,209,0,0,0,0,0,0,0,0,0,0,0,0,0,0,0,1,
0,808,2026-02-23 12:18:05Z,LLM_Empathetic,6.916538,7.219825,6.613252,0.637566,0,1.616414,0,0,0,0,0,0,5.480959,4.345378,6.616551,0.592854,0.702737,0.482971,7.390248,6.226978,8.553519,0.6028811,0,2.125282,7.177259,6.09363,8.26089,9.816984,10,9.463505,6.916538,7.219825,6.613252,0.637566,0,1.616414,0,0,0,0,0,0,5.480959,4.345378,6.616551,0.592854,0.702737,0.482971,7.390248,6.226978,8.553519,0.6028811,0,2.125282,7.177259,6.09363,8.26089,9.816984,10,9.463505,-1,-1,-1,-1,-1,-1,-1,-1,-1,-1,-1,-1,-1,-1,-1,-1,-1,-1,-1,-1,-1,-1,-1,-1,-1,-1,-1,-1,-1,-1,-1,-1,-1,-1,-1,-1,-1,-1,-1,-1,-1,-1,-1,-1,-1,-1,-1,-1,-1,-1,0,0,0,0,0,0,-1,-1,-1,-1,-1,-1,-1,-1,-1,-1,-1,-1,0,0,0,0,0,0,-1,-1,-1,-1,-1,-1,-1,-1,-1,-1,-1,-1,-1,-1,False,False,0,0,False,207,0,0,0,0,0,0,0,0,0,0,0,0,0,0,0,1,
0,809,2026-02-23 12:18:05Z,LLM_Empathetic,6.916558,7.219828,6.613286,0.6375331,0,1.616396,0,0,0,0,0,0,5.480984,4.345386,6.616592,0.592854,0.702737,0.482971,7.39026,6.226972,8.553548,0.6028601,0,2.12526,7.177294,6.093648,8.26094,9.817054,10,9.463591,6.916558,7.219828,6.613286,0.6375331,0,1.616396,0,0,0,0,0,0,5.480984,4.345386,6.616592,0.592854,0.702737,0.482971,7.39026,6.226972,8.553548,0.6028601,0,2.12526,7.177294,6.093648,8.26094,9.817054,10,9.463591,-1,-1,-1,-1,-1,-1,-1,-1,-1,-1,-1,-1,-1,-1,-1,-1,-1,-1,-1,-1,-1,-1,-1,-1,-1,-1,-1,-1,-1,-1,-1,-1,-1,-1,-1,-1,-1,-1,-1,-1,-1,-1,-1,-1,-1,-1,-1,-1,-1,-1,0,0,0,0,0,0,-1,-1,-1,-1,-1,-1,-1,-1,-1,-1,-1,-1,0,0,0,0,0,0,-1,-1,-1,-1,-1,-1,-1,-1,-1,-1,-1,-1,-1,-1,False,False,0,0,False,209,0,0,0,0,0,0,0,0,0,0,0,0,0,0,0,1,
0,810,2026-02-23 12:18:05Z,LLM_Empathetic,6.916577,7.219832,6.613322,0.6375003,0,1.616378,0,0,0,0,0,0,5.481009,4.345394,6.616634,0.592854,0.702737,0.482971,7.390271,6.226966,8.553576,0.6028391,0,2.125239,7.177328,6.093667,8.26099,9.817122,10,9.463677,6.916577,7.219832,6.613322,0.6375003,0,1.616378,0,0,0,0,0,0,5.481009,4.345394,6.616634,0.592854,0.702737,0.482971,7.390271,6.226966,8.553576,0.6028391,0,2.125239,7.177328,6.093667,8.26099,9.817122,10,9.463677,-1,-1,-1,-1,-1,-1,-1,-1,-1,-1,-1,-1,-1,-1,-1,-1,-1,-1,-1,-1,-1,-1,-1,-1,-1,-1,-1,-1,-1,-1,-1,-1,-1,-1,-1,-1,-1,-1,-1,-1,-1,-1,-1,-1,-1,-1,-1,-1,-1,-1,0,0,0,0,0,0,-1,-1,-1,-1,-1,-1,-1,-1,-1,-1,-1,-1,0,0,0,0,0,0,-1,-1,-1,-1,-1,-1,-1,-1,-1,-1,-1,-1,-1,-1,False,False,0,0,False,207,0,0,0,0,0,0,0,0,0,0,0,0,0,0,0,1,
0,811,2026-02-23 12:18:05Z,LLM_Empathetic,6.916596,7.219835,6.613357,0.6374676,0,1.61636,0,0,0,0,0,0,5.481034,4.345403,6.616675,0.592854,0.702737,0.482971,7.390282,6.22696,8.553605,0.6028181,0,2.125218,7.177363,6.093686,8.261041,9.817191,10,9.463763,6.916596,7.219835,6.613357,0.6374676,0,1.61636,0,0,0,0,0,0,5.481034,4.345403,6.616675,0.592854,0.702737,0.482971,7.390282,6.22696,8.553605,0.6028181,0,2.125218,7.177363,6.093686,8.261041,9.817191,10,9.463763,-1,-1,-1,-1,-1,-1,-1,-1,-1,-1,-1,-1,-1,-1,-1,-1,-1,-1,-1,-1,-1,-1,-1,-1,-1,-1,-1,-1,-1,-1,-1,-1,-1,-1,-1,-1,-1,-1,-1,-1,-1,-1,-1,-1,-1,-1,-1,-1,-1,-1,0,0,0,0,0,0,-1,-1,-1,-1,-1,-1,-1,-1,-1,-1,-1,-1,0,0,0,0,0,0,-1,-1,-1,-1,-1,-1,-1,-1,-1,-1,-1,-1,-1,-1,False,False,0,0,False,209,0,0,0,0,0,0,0,0,0,0,0,0,0,0,0,1,
0,812,2026-02-23 12:18:05Z,LLM_Empathetic,6.916615,7.219839,6.613392,0.637435,0,1.616342,0,0,0,0,0,0,5.481059,4.345411,6.616717,0.592854,0.702737,0.482971,7.390294,6.226954,8.553633,0.6027972,0,2.125198,7.177397,6.093704,8.26109,9.81726,10,9.46385,6.916615,7.219839,6.613392,0.637435,0,1.616342,0,0,0,0,0,0,5.481059,4.345411,6.616717,0.592854,0.702737,0.482971,7.390294,6.226954,8.553633,0.6027972,0,2.125198,7.177397,6.093704,8.26109,9.81726,10,9.46385,-1,-1,-1,-1,-1,-1,-1,-1,-1,-1,-1,-1,-1,-1,-1,-1,-1,-1,-1,-1,-1,-1,-1,-1,-1,-1,-1,-1,-1,-1,-1,-1,-1,-1,-1,-1,-1,-1,-1,-1,-1,-1,-1,-1,-1,-1,-1,-1,-1,-1,0,0,0,0,0,0,-1,-1,-1,-1,-1,-1,-1,-1,-1,-1,-1,-1,0,0,0,0,0,0,-1,-1,-1,-1,-1,-1,-1,-1,-1,-1,-1,-1,-1,-1,False,False,0,0,False,207,0,0,0,0,0,0,0,0,0,0,0,0,0,0,0,1,
0,813,2026-02-23 12:18:05Z,LLM_Empathetic,6.916635,7.219842,6.613427,0.6374024,0,1.616324,0,0,0,0,0,0,5.481083,4.345419,6.616758,0.592854,0.702737,0.482971,7.390305,6.226949,8.553661,0.6027763,0,2.125177,7.177431,6.093723,8.261141,9.817327,10,9.463936,6.916635,7.219842,6.613427,0.6374024,0,1.616324,0,0,0,0,0,0,5.481083,4.345419,6.616758,0.592854,0.702737,0.482971,7.390305,6.226949,8.553661,0.6027763,0,2.125177,7.177431,6.093723,8.261141,9.817327,10,9.463936,-1,-1,-1,-1,-1,-1,-1,-1,-1,-1,-1,-1,-1,-1,-1,-1,-1,-1,-1,-1,-1,-1,-1,-1,-1,-1,-1,-1,-1,-1,-1,-1,-1,-1,-1,-1,-1,-1,-1,-1,-1,-1,-1,-1,-1,-1,-1,-1,-1,-1,0,0,0,0,0,0,-1,-1,-1,-1,-1,-1,-1,-1,-1,-1,-1,-1,0,0,0,0,0,0,-1,-1,-1,-1,-1,-1,-1,-1,-1,-1,-1,-1,-1,-1,False,False,0,0,False,207,0,0,0,0,0,0,0,0,0,0,0,0,0,0,0,1,
0,814,2026-02-23 12:18:05Z,LLM_Empathetic,6.916654,7.219846,6.613461,0.6373698,0,1.616306,0,0,0,0,0,0,5.481108,4.345427,6.616799,0.592854,0.702737,0.482971,7.390316,6.226943,8.55369,0.6027554,0,2.125156,7.177465,6.093741,8.26119,9.817396,10,9.464022,6.916654,7.219846,6.613461,0.6373698,0,1.616306,0,0,0,0,0,0,5.481108,4.345427,6.616799,0.592854,0.702737,0.482971,7.390316,6.226943,8.55369,0.6027554,0,2.125156,7.177465,6.093741,8.26119,9.817396,10,9.464022,-1,-1,-1,-1,-1,-1,-1,-1,-1,-1,-1,-1,-1,-1,-1,-1,-1,-1,-1,-1,-1,-1,-1,-1,-1,-1,-1,-1,-1,-1,-1,-1,-1,-1,-1,-1,-1,-1,-1,-1,-1,-1,-1,-1,-1,-1,-1,-1,-1,-1,0,0,0,0,0,0,-1,-1,-1,-1,-1,-1,-1,-1,-1,-1,-1,-1,0,0,0,0,0,0,-1,-1,-1,-1,-1,-1,-1,-1,-1,-1,-1,-1,-1,-1,False,False,0,0,False,209,0,0,0,0,0,0,0,0,0,0,0,0,0,0,0,1,
0,815,2026-02-23 12:18:05Z,LLM_Empathetic,6.916673,7.219849,6.613496,0.6373373,0,1.616288,0,0,0,0,0,0,5.481133,4.345435,6.61684,0.592854,0.702737,0.482971,7.390327,6.226937,8.553718,0.6027347,0,2.125135,7.1775,6.09376,8.26124,9.817465,10,9.464107,6.916673,7.219849,6.613496,0.6373373,0,1.616288,0,0,0,0,0,0,5.481133,4.345435,6.61684,0.592854,0.702737,0.482971,7.390327,6.226937,8.553718,0.6027347,0,2.125135,7.1775,6.09376,8.26124,9.817465,10,9.464107,-1,-1,-1,-1,-1,-1,-1,-1,-1,-1,-1,-1,-1,-1,-1,-1,-1,-1,-1,-1,-1,-1,-1,-1,-1,-1,-1,-1,-1,-1,-1,-1,-1,-1,-1,-1,-1,-1,-1,-1,-1,-1,-1,-1,-1,-1,-1,-1,-1,-1,0,0,0,0,0,0,-1,-1,-1,-1,-1,-1,-1,-1,-1,-1,-1,-1,0,0,0,0,0,0,-1,-1,-1,-1,-1,-1,-1,-1,-1,-1,-1,-1,-1,-1,False,False,0,0,False,209,0,0,0,0,0,0,0,0,0,0,0,0,0,0,0,1,
0,816,2026-02-23 12:18:05Z,LLM_Empathetic,6.916692,7.219852,6.613531,0.6373049,0,1.61627,0,0,0,0,0,0,5.481157,4.345443,6.616881,0.592854,0.702737,0.482971,7.390338,6.226932,8.553746,0.6027139,0,2.125114,7.177534,6.093778,8.26129,9.817533,10,9.464192,6.916692,7.219852,6.613531,0.6373049,0,1.61627,0,0,0,0,0,0,5.481157,4.345443,6.616881,0.592854,0.702737,0.482971,7.390338,6.226932,8.553746,0.6027139,0,2.125114,7.177534,6.093778,8.26129,9.817533,10,9.464192,-1,-1,-1,-1,-1,-1,-1,-1,-1,-1,-1,-1,-1,-1,-1,-1,-1,-1,-1,-1,-1,-1,-1,-1,-1,-1,-1,-1,-1,-1,-1,-1,-1,-1,-1,-1,-1,-1,-1,-1,-1,-1,-1,-1,-1,-1,-1,-1,-1,-1,0,0,0,0,0,0,-1,-1,-1,-1,-1,-1,-1,-1,-1,-1,-1,-1,0,0,0,0,0,0,-1,-1,-1,-1,-1,-1,-1,-1,-1,-1,-1,-1,-1,-1,False,False,0,0,False,209,0,0,0,0,0,0,0,0,0,0,0,0,0,0,0,1,
0,817,2026-02-23 12:18:05Z,LLM_Empathetic,6.916711,7.219856,6.613565,0.6372725,0,1.616253,0,0,0,0,0,0,5.481182,4.345451,6.616922,0.592854,0.702737,0.482971,7.390349,6.226926,8.553774,0.6026932,0,2.125093,7.177567,6.093797,8.261339,9.8176,10,9.464277,6.916711,7.219856,6.613565,0.6372725,0,1.616253,0,0,0,0,0,0,5.481182,4.345451,6.616922,0.592854,0.702737,0.482971,7.390349,6.226926,8.553774,0.6026932,0,2.125093,7.177567,6.093797,8.261339,9.8176,10,9.464277,-1,-1,-1,-1,-1,-1,-1,-1,-1,-1,-1,-1,-1,-1,-1,-1,-1,-1,-1,-1,-1,-1,-1,-1,-1,-1,-1,-1,-1,-1,-1,-1,-1,-1,-1,-1,-1,-1,-1,-1,-1,-1,-1,-1,-1,-1,-1,-1,-1,-1,0,0,0,0,0,0,-1,-1,-1,-1,-1,-1,-1,-1,-1,-1,-1,-1,0,0,0,0,0,0,-1,-1,-1,-1,-1,-1,-1,-1,-1,-1,-1,-1,-1,-1,False,False,0,0,False,207,0,0,0,0,0,0,0,0,0,0,0,0,0,0,0,1,
0,818,2026-02-23 12:18:05Z,LLM_Empathetic,6.91673,7.21986,6.6136,0.6372403,0,1.616235,0,0,0,0,0,0,5.481206,4.345459,6.616962,0.592854,0.702737,0.482971,7.390361,6.22692,8.553802,0.6026725,0,2.125073,7.177601,6.093815,8.261389,9.817668,10,9.464362,6.91673,7.21986,6.6136,0.6372403,0,1.616235,0,0,0,0,0,0,5.481206,4.345459,6.616962,0.592854,0.702737,0.482971,7.390361,6.22692,8.553802,0.6026725,0,2.125073,7.177601,6.093815,8.261389,9.817668,10,9.464362,-1,-1,-1,-1,-1,-1,-1,-1,-1,-1,-1,-1,-1,-1,-1,-1,-1,-1,-1,-1,-1,-1,-1,-1,-1,-1,-1,-1,-1,-1,-1,-1,-1,-1,-1,-1,-1,-1,-1,-1,-1,-1,-1,-1,-1,-1,-1,-1,-1,-1,0,0,0,0,0,0,-1,-1,-1,-1,-1,-1,-1,-1,-1,-1,-1,-1,0,0,0,0,0,0,-1,-1,-1,-1,-1,-1,-1,-1,-1,-1,-1,-1,-1,-1,False,False,0,0,False,207,0,0,0,0,0,0,0,0,0,0,0,0,0,0,0,1,
0,819,2026-02-23 12:18:05Z,LLM_Empathetic,6.916749,7.219863,6.613635,0.6372081,0,1.616217,0,0,0,0,0,0,5.48123,4.345468,6.617003,0.592854,0.702737,0.482971,7.390372,6.226914,8.55383,0.6026519,0,2.125052,7.177635,6.093833,8.261438,9.817736,10,9.464447,6.916749,7.219863,6.613635,0.6372081,0,1.616217,0,0,0,0,0,0,5.48123,4.345468,6.617003,0.592854,0.702737,0.482971,7.390372,6.226914,8.55383,0.6026519,0,2.125052,7.177635,6.093833,8.261438,9.817736,10,9.464447,-1,-1,-1,-1,-1,-1,-1,-1,-1,-1,-1,-1,-1,-1,-1,-1,-1,-1,-1,-1,-1,-1,-1,-1,-1,-1,-1,-1,-1,-1,-1,-1,-1,-1,-1,-1,-1,-1,-1,-1,-1,-1,-1,-1,-1,-1,-1,-1,-1,-1,0,0,0,0,0,0,-1,-1,-1,-1,-1,-1,-1,-1,-1,-1,-1,-1,0,0,0,0,0,0,-1,-1,-1,-1,-1,-1,-1,-1,-1,-1,-1,-1,-1,-1,False,False,0,0,False,209,0,0,0,0,0,0,0,0,0,0,0,0,0,0,0,1,
0,820,2026-02-23 12:18:05Z,LLM_Empathetic,6.916768,7.219866,6.613669,0.6371759,0,1.616199,0,0,0,0,0,0,5.481255,4.345476,6.617044,0.592854,0.702737,0.482971,7.390383,6.226909,8.553858,0.6026313,0,2.125032,7.177669,6.093852,8.261487,9.817803,10,9.464532,6.916768,7.219866,6.613669,0.6371759,0,1.616199,0,0,0,0,0,0,5.481255,4.345476,6.617044,0.592854,0.702737,0.482971,7.390383,6.226909,8.553858,0.6026313,0,2.125032,7.177669,6.093852,8.261487,9.817803,10,9.464532,-1,-1,-1,-1,-1,-1,-1,-1,-1,-1,-1,-1,-1,-1,-1,-1,-1,-1,-1,-1,-1,-1,-1,-1,-1,-1,-1,-1,-1,-1,-1,-1,-1,-1,-1,-1,-1,-1,-1,-1,-1,-1,-1,-1,-1,-1,-1,-1,-1,-1,0,0,0,0,0,0,-1,-1,-1,-1,-1,-1,-1,-1,-1,-1,-1,-1,0,0,0,0,0,0,-1,-1,-1,-1,-1,-1,-1,-1,-1,-1,-1,-1,-1,-1,False,False,0,0,False,207,0,0,0,0,0,0,0,0,0,0,0,0,0,0,0,1,
0,821,2026-02-23 12:18:05Z,LLM_Empathetic,6.916787,7.21987,6.613703,0.6371439,0,1.616182,0,0,0,0,0,0,5.481279,4.345484,6.617085,0.592854,0.702737,0.482971,7.390394,6.226903,8.553885,0.6026108,0,2.125011,7.177703,6.09387,8.261537,9.81787,10,9.464617,6.916787,7.21987,6.613703,0.6371439,0,1.616182,0,0,0,0,0,0,5.481279,4.345484,6.617085,0.592854,0.702737,0.482971,7.390394,6.226903,8.553885,0.6026108,0,2.125011,7.177703,6.09387,8.261537,9.81787,10,9.464617,-1,-1,-1,-1,-1,-1,-1,-1,-1,-1,-1,-1,-1,-1,-1,-1,-1,-1,-1,-1,-1,-1,-1,-1,-1,-1,-1,-1,-1,-1,-1,-1,-1,-1,-1,-1,-1,-1,-1,-1,-1,-1,-1,-1,-1,-1,-1,-1,-1,-1,0,0,0,0,0,0,-1,-1,-1,-1,-1,-1,-1,-1,-1,-1,-1,-1,0,0,0,0,0,0,-1,-1,-1,-1,-1,-1,-1,-1,-1,-1,-1,-1,-1,-1,False,False,0,0,False,209,0,0,0,0,0,0,0,0,0,0,0,0,0,0,0,1,
0,822,2026-02-23 12:18:05Z,LLM_Empathetic,6.916805,7.219873,6.613738,0.6371118,0,1.616164,0,0,0,0,0,0,5.481303,4.345491,6.617125,0.592854,0.702737,0.482971,7.390405,6.226897,8.553913,0.6025903,0,2.124991,7.177736,6.093888,8.261585,9.817938,10,9.464701,6.916805,7.219873,6.613738,0.6371118,0,1.616164,0,0,0,0,0,0,5.481303,4.345491,6.617125,0.592854,0.702737,0.482971,7.390405,6.226897,8.553913,0.6025903,0,2.124991,7.177736,6.093888,8.261585,9.817938,10,9.464701,-1,-1,-1,-1,-1,-1,-1,-1,-1,-1,-1,-1,-1,-1,-1,-1,-1,-1,-1,-1,-1,-1,-1,-1,-1,-1,-1,-1,-1,-1,-1,-1,-1,-1,-1,-1,-1,-1,-1,-1,-1,-1,-1,-1,-1,-1,-1,-1,-1,-1,0,0,0,0,0,0,-1,-1,-1,-1,-1,-1,-1,-1,-1,-1,-1,-1,0,0,0,0,0,0,-1,-1,-1,-1,-1,-1,-1,-1,-1,-1,-1,-1,-1,-1,False,False,0,0,False,209,0,0,0,0,0,0,0,0,0,0,0,0,0,0,0,1,
0,823,2026-02-23 12:18:05Z,LLM_Empathetic,6.916824,7.219877,6.613772,0.6370799,0,1.616146,0,0,0,0,0,0,5.481327,4.3455,6.617165,0.592854,0.702737,0.482971,7.390416,6.226892,8.553941,0.6025698,0,2.12497,7.17777,6.093906,8.261635,9.818005,10,9.464785,6.916824,7.219877,6.613772,0.6370799,0,1.616146,0,0,0,0,0,0,5.481327,4.3455,6.617165,0.592854,0.702737,0.482971,7.390416,6.226892,8.553941,0.6025698,0,2.12497,7.17777,6.093906,8.261635,9.818005,10,9.464785,-1,-1,-1,-1,-1,-1,-1,-1,-1,-1,-1,-1,-1,-1,-1,-1,-1,-1,-1,-1,-1,-1,-1,-1,-1,-1,-1,-1,-1,-1,-1,-1,-1,-1,-1,-1,-1,-1,-1,-1,-1,-1,-1,-1,-1,-1,-1,-1,-1,-1,0,0,0,0,0,0,-1,-1,-1,-1,-1,-1,-1,-1,-1,-1,-1,-1,0,0,0,0,0,0,-1,-1,-1,-1,-1,-1,-1,-1,-1,-1,-1,-1,-1,-1,False,False,0,0,False,207,0,0,0,0,0,0,0,0,0,0,0,0,0,0,0,1,
0,824,2026-02-23 12:18:05Z,LLM_Empathetic,6.916843,7.21988,6.613806,0.637048,0,1.616129,0,0,0,0,0,0,5.481351,4.345508,6.617206,0.592854,0.702737,0.482971,7.390427,6.226886,8.553968,0.6025494,0,2.12495,7.177804,6.093925,8.261683,9.818071,10,9.464869,6.916843,7.21988,6.613806,0.637048,0,1.616129,0,0,0,0,0,0,5.481351,4.345508,6.617206,0.592854,0.702737,0.482971,7.390427,6.226886,8.553968,0.6025494,0,2.12495,7.177804,6.093925,8.261683,9.818071,10,9.464869,-1,-1,-1,-1,-1,-1,-1,-1,-1,-1,-1,-1,-1,-1,-1,-1,-1,-1,-1,-1,-1,-1,-1,-1,-1,-1,-1,-1,-1,-1,-1,-1,-1,-1,-1,-1,-1,-1,-1,-1,-1,-1,-1,-1,-1,-1,-1,-1,-1,-1,0,0,0,0,0,0,-1,-1,-1,-1,-1,-1,-1,-1,-1,-1,-1,-1,0,0,0,0,0,0,-1,-1,-1,-1,-1,-1,-1,-1,-1,-1,-1,-1,-1,-1,False,False,0,0,False,207,0,0,0,0,0,0,0,0,0,0,0,0,0,0,0,1,
0,825,2026-02-23 12:18:05Z,LLM_Empathetic,6.916862,7.219883,6.61384,0.6370162,0,1.616111,0,0,0,0,0,0,5.481375,4.345516,6.617246,0.592854,0.702737,0.482971,7.390438,6.22688,8.553996,0.602529,0,2.124929,7.177837,6.093943,8.261732,9.818138,10,9.464952,6.916862,7.219883,6.61384,0.6370162,0,1.616111,0,0,0,0,0,0,5.481375,4.345516,6.617246,0.592854,0.702737,0.482971,7.390438,6.22688,8.553996,0.602529,0,2.124929,7.177837,6.093943,8.261732,9.818138,10,9.464952,-1,-1,-1,-1,-1,-1,-1,-1,-1,-1,-1,-1,-1,-1,-1,-1,-1,-1,-1,-1,-1,-1,-1,-1,-1,-1,-1,-1,-1,-1,-1,-1,-1,-1,-1,-1,-1,-1,-1,-1,-1,-1,-1,-1,-1,-1,-1,-1,-1,-1,0,0,0,0,0,0,-1,-1,-1,-1,-1,-1,-1,-1,-1,-1,-1,-1,0,0,0,0,0,0,-1,-1,-1,-1,-1,-1,-1,-1,-1,-1,-1,-1,-1,-1,False,False,0,0,False,209,0,0,0,0,0,0,0,0,0,0,0,0,0,0,0,1,
0,826,2026-02-23 12:18:05Z,LLM_Empathetic,6.916881,7.219887,6.613874,0.6369845,0,1.616094,0,0,0,0,0,0,5.4814,4.345523,6.617286,0.592854,0.702737,0.482971,7.390449,6.226874,8.554024,0.6025087,0,2.124909,7.17787,6.093961,8.261781,9.818205,10,9.465036,6.916881,7.219887,6.613874,0.6369845,0,1.616094,0,0,0,0,0,0,5.4814,4.345523,6.617286,0.592854,0.702737,0.482971,7.390449,6.226874,8.554024,0.6025087,0,2.124909,7.17787,6.093961,8.261781,9.818205,10,9.465036,-1,-1,-1,-1,-1,-1,-1,-1,-1,-1,-1,-1,-1,-1,-1,-1,-1,-1,-1,-1,-1,-1,-1,-1,-1,-1,-1,-1,-1,-1,-1,-1,-1,-1,-1,-1,-1,-1,-1,-1,-1,-1,-1,-1,-1,-1,-1,-1,-1,-1,0,0,0,0,0,0,-1,-1,-1,-1,-1,-1,-1,-1,-1,-1,-1,-1,0,0,0,0,0,0,-1,-1,-1,-1,-1,-1,-1,-1,-1,-1,-1,-1,-1,-1,False,False,0,0,False,209,0,0,0,0,0,0,0,0,0,0,0,0,0,0,0,1,
0,827,2026-02-23 12:18:05Z,LLM_Empathetic,6.916899,7.21989,6.613908,0.6369528,0,1.616076,0,0,0,0,0,0,5.481423,4.345531,6.617326,0.592854,0.702737,0.482971,7.39046,6.226869,8.554051,0.6024884,0,2.124889,7.177904,6.093979,8.261829,9.818272,10,9.465119,6.916899,7.21989,6.613908,0.6369528,0,1.616076,0,0,0,0,0,0,5.481423,4.345531,6.617326,0.592854,0.702737,0.482971,7.39046,6.226869,8.554051,0.6024884,0,2.124889,7.177904,6.093979,8.261829,9.818272,10,9.465119,-1,-1,-1,-1,-1,-1,-1,-1,-1,-1,-1,-1,-1,-1,-1,-1,-1,-1,-1,-1,-1,-1,-1,-1,-1,-1,-1,-1,-1,-1,-1,-1,-1,-1,-1,-1,-1,-1,-1,-1,-1,-1,-1,-1,-1,-1,-1,-1,-1,-1,0,0,0,0,0,0,-1,-1,-1,-1,-1,-1,-1,-1,-1,-1,-1,-1,0,0,0,0,0,0,-1,-1,-1,-1,-1,-1,-1,-1,-1,-1,-1,-1,-1,-1,False,False,0,0,False,209,0,0,0,0,0,0,0,0,0,0,0,0,0,0,0,1,
0,828,2026-02-23 12:18:05Z,LLM_Empathetic,6.916918,7.219893,6.613942,0.6369211,0,1.616059,0,0,0,0,0,0,5.481447,4.345539,6.617366,0.592854,0.702737,0.482971,7.390471,6.226863,8.554079,0.6024681,0,2.124869,7.177937,6.093997,8.261878,9.818337,10,9.465203,6.916918,7.219893,6.613942,0.6369211,0,1.616059,0,0,0,0,0,0,5.481447,4.345539,6.617366,0.592854,0.702737,0.482971,7.390471,6.226863,8.554079,0.6024681,0,2.124869,7.177937,6.093997,8.261878,9.818337,10,9.465203,-1,-1,-1,-1,-1,-1,-1,-1,-1,-1,-1,-1,-1,-1,-1,-1,-1,-1,-1,-1,-1,-1,-1,-1,-1,-1,-1,-1,-1,-1,-1,-1,-1,-1,-1,-1,-1,-1,-1,-1,-1,-1,-1,-1,-1,-1,-1,-1,-1,-1,0,0,0,0,0,0,-1,-1,-1,-1,-1,-1,-1,-1,-1,-1,-1,-1,0,0,0,0,0,0,-1,-1,-1,-1,-1,-1,-1,-1,-1,-1,-1,-1,-1,-1,False,False,0,0,False,207,0,0,0,0,0,0,0,0,0,0,0,0,0,0,0,1,
0,829,2026-02-23 12:18:05Z,LLM_Empathetic,6.916936,7.219897,6.613976,0.6368896,0,1.616041,0,0,0,0,0,0,5.481471,4.345547,6.617405,0.592854,0.702737,0.482971,7.390482,6.226858,8.554106,0.6024479,0,2.124848,7.17797,6.094015,8.261927,9.818404,10,9.465286,6.916936,7.219897,6.613976,0.6368896,0,1.616041,0,0,0,0,0,0,5.481471,4.345547,6.617405,0.592854,0.702737,0.482971,7.390482,6.226858,8.554106,0.6024479,0,2.124848,7.17797,6.094015,8.261927,9.818404,10,9.465286,-1,-1,-1,-1,-1,-1,-1,-1,-1,-1,-1,-1,-1,-1,-1,-1,-1,-1,-1,-1,-1,-1,-1,-1,-1,-1,-1,-1,-1,-1,-1,-1,-1,-1,-1,-1,-1,-1,-1,-1,-1,-1,-1,-1,-1,-1,-1,-1,-1,-1,0,0,0,0,0,0,-1,-1,-1,-1,-1,-1,-1,-1,-1,-1,-1,-1,0,0,0,0,0,0,-1,-1,-1,-1,-1,-1,-1,-1,-1,-1,-1,-1,-1,-1,False,False,0,0,False,209,0,0,0,0,0,0,0,0,0,0,0,0,0,0,0,1,
0,830,2026-02-23 12:18:05Z,LLM_Empathetic,6.916955,7.2199,6.614009,0.6368581,0,1.616024,0,0,0,0,0,0,5.481495,4.345555,6.617445,0.592854,0.702737,0.482971,7.390492,6.226852,8.554133,0.6024278,0,2.124828,7.178003,6.094032,8.261974,9.81847,10,9.465369,6.916955,7.2199,6.614009,0.6368581,0,1.616024,0,0,0,0,0,0,5.481495,4.345555,6.617445,0.592854,0.702737,0.482971,7.390492,6.226852,8.554133,0.6024278,0,2.124828,7.178003,6.094032,8.261974,9.81847,10,9.465369,-1,-1,-1,-1,-1,-1,-1,-1,-1,-1,-1,-1,-1,-1,-1,-1,-1,-1,-1,-1,-1,-1,-1,-1,-1,-1,-1,-1,-1,-1,-1,-1,-1,-1,-1,-1,-1,-1,-1,-1,-1,-1,-1,-1,-1,-1,-1,-1,-1,-1,0,0,0,0,0,0,-1,-1,-1,-1,-1,-1,-1,-1,-1,-1,-1,-1,0,0,0,0,0,0,-1,-1,-1,-1,-1,-1,-1,-1,-1,-1,-1,-1,-1,-1,False,False,0,0,False,207,0,0,0,0,0,0,0,0,0,0,0,0,0,0,0,1,
0,831,2026-02-23 12:18:05Z,LLM_Empathetic,6.916973,7.219903,6.614043,0.6368266,0,1.616007,0,0,0,0,0,0,5.481519,4.345563,6.617485,0.592854,0.702737,0.482971,7.390503,6.226847,8.554161,0.6024076,0,2.124808,7.178036,6.09405,8.262023,9.818536,10,9.465452,6.916973,7.219903,6.614043,0.6368266,0,1.616007,0,0,0,0,0,0,5.481519,4.345563,6.617485,0.592854,0.702737,0.482971,7.390503,6.226847,8.554161,0.6024076,0,2.124808,7.178036,6.09405,8.262023,9.818536,10,9.465452,-1,-1,-1,-1,-1,-1,-1,-1,-1,-1,-1,-1,-1,-1,-1,-1,-1,-1,-1,-1,-1,-1,-1,-1,-1,-1,-1,-1,-1,-1,-1,-1,-1,-1,-1,-1,-1,-1,-1,-1,-1,-1,-1,-1,-1,-1,-1,-1,-1,-1,0,0,0,0,0,0,-1,-1,-1,-1,-1,-1,-1,-1,-1,-1,-1,-1,0,0,0,0,0,0,-1,-1,-1,-1,-1,-1,-1,-1,-1,-1,-1,-1,-1,-1,False,False,0,0,False,209,0,0,0,0,0,0,0,0,0,0,0,0,0,0,0,1,
0,832,2026-02-23 12:18:05Z,LLM_Empathetic,6.916992,7.219907,6.614077,0.6367953,0,1.615989,0,0,0,0,0,0,5.481543,4.345571,6.617525,0.592854,0.702737,0.482971,7.390514,6.226841,8.554188,0.6023875,0,2.124788,7.178069,6.094068,8.262071,9.818602,10,9.465534,6.916992,7.219907,6.614077,0.6367953,0,1.615989,0,0,0,0,0,0,5.481543,4.345571,6.617525,0.592854,0.702737,0.482971,7.390514,6.226841,8.554188,0.6023875,0,2.124788,7.178069,6.094068,8.262071,9.818602,10,9.465534,-1,-1,-1,-1,-1,-1,-1,-1,-1,-1,-1,-1,-1,-1,-1,-1,-1,-1,-1,-1,-1,-1,-1,-1,-1,-1,-1,-1,-1,-1,-1,-1,-1,-1,-1,-1,-1,-1,-1,-1,-1,-1,-1,-1,-1,-1,-1,-1,-1,-1,0,0,0,0,0,0,-1,-1,-1,-1,-1,-1,-1,-1,-1,-1,-1,-1,0,0,0,0,0,0,-1,-1,-1,-1,-1,-1,-1,-1,-1,-1,-1,-1,-1,-1,False,False,0,0,False,207,0,0,0,0,0,0,0,0,0,0,0,0,0,0,0,1,
0,833,2026-02-23 12:18:05Z,LLM_Empathetic,6.91701,7.21991,6.61411,0.6367639,0,1.615972,0,0,0,0,0,0,5.481566,4.345579,6.617564,0.592854,0.702737,0.482971,7.390525,6.226835,8.554215,0.6023675,0,2.124768,7.178102,6.094086,8.262119,9.818667,10,9.465617,6.91701,7.21991,6.61411,0.6367639,0,1.615972,0,0,0,0,0,0,5.481566,4.345579,6.617564,0.592854,0.702737,0.482971,7.390525,6.226835,8.554215,0.6023675,0,2.124768,7.178102,6.094086,8.262119,9.818667,10,9.465617,-1,-1,-1,-1,-1,-1,-1,-1,-1,-1,-1,-1,-1,-1,-1,-1,-1,-1,-1,-1,-1,-1,-1,-1,-1,-1,-1,-1,-1,-1,-1,-1,-1,-1,-1,-1,-1,-1,-1,-1,-1,-1,-1,-1,-1,-1,-1,-1,-1,-1,0,0,0,0,0,0,-1,-1,-1,-1,-1,-1,-1,-1,-1,-1,-1,-1,0,0,0,0,0,0,-1,-1,-1,-1,-1,-1,-1,-1,-1,-1,-1,-1,-1,-1,False,False,0,0,False,209,0,0,0,0,0,0,0,0,0,0,0,0,0,0,0,1,
0,834,2026-02-23 12:18:05Z,LLM_Empathetic,6.917028,7.219913,6.614143,0.6367327,0,1.615955,0,0,0,0,0,0,5.48159,4.345586,6.617604,0.592854,0.702737,0.482971,7.390536,6.22683,8.554242,0.6023475,0,2.124748,7.178135,6.094104,8.262167,9.818733,10,9.465699,6.917028,7.219913,6.614143,0.6367327,0,1.615955,0,0,0,0,0,0,5.48159,4.345586,6.617604,0.592854,0.702737,0.482971,7.390536,6.22683,8.554242,0.6023475,0,2.124748,7.178135,6.094104,8.262167,9.818733,10,9.465699,-1,-1,-1,-1,-1,-1,-1,-1,-1,-1,-1,-1,-1,-1,-1,-1,-1,-1,-1,-1,-1,-1,-1,-1,-1,-1,-1,-1,-1,-1,-1,-1,-1,-1,-1,-1,-1,-1,-1,-1,-1,-1,-1,-1,-1,-1,-1,-1,-1,-1,0,0,0,0,0,0,-1,-1,-1,-1,-1,-1,-1,-1,-1,-1,-1,-1,0,0,0,0,0,0,-1,-1,-1,-1,-1,-1,-1,-1,-1,-1,-1,-1,-1,-1,False,False,0,0,False,209,0,0,0,0,0,0,0,0,0,0,0,0,0,0,0,1,
0,835,2026-02-23 12:18:05Z,LLM_Empathetic,6.917047,7.219917,6.614177,0.6367015,0,1.615938,0,0,0,0,0,0,5.481614,4.345594,6.617643,0.592854,0.702737,0.482971,7.390547,6.226824,8.55427,0.6023275,0,2.124728,7.178167,6.094121,8.262215,9.818799,10,9.465781,6.917047,7.219917,6.614177,0.6367015,0,1.615938,0,0,0,0,0,0,5.481614,4.345594,6.617643,0.592854,0.702737,0.482971,7.390547,6.226824,8.55427,0.6023275,0,2.124728,7.178167,6.094121,8.262215,9.818799,10,9.465781,-1,-1,-1,-1,-1,-1,-1,-1,-1,-1,-1,-1,-1,-1,-1,-1,-1,-1,-1,-1,-1,-1,-1,-1,-1,-1,-1,-1,-1,-1,-1,-1,-1,-1,-1,-1,-1,-1,-1,-1,-1,-1,-1,-1,-1,-1,-1,-1,-1,-1,0,0,0,0,0,0,-1,-1,-1,-1,-1,-1,-1,-1,-1,-1,-1,-1,0,0,0,0,0,0,-1,-1,-1,-1,-1,-1,-1,-1,-1,-1,-1,-1,-1,-1,False,False,0,0,False,207,0,0,0,0,0,0,0,0,0,0,0,0,0,0,0,1,
0,836,2026-02-23 12:18:05Z,LLM_Empathetic,6.917065,7.21992,6.61421,0.6366704,0,1.615921,0,0,0,0,0,0,5.481637,4.345602,6.617682,0.592854,0.702737,0.482971,7.390557,6.226819,8.554296,0.6023076,0,2.124708,7.1782,6.094139,8.262262,9.818864,10,9.465863,6.917065,7.21992,6.61421,0.6366704,0,1.615921,0,0,0,0,0,0,5.481637,4.345602,6.617682,0.592854,0.702737,0.482971,7.390557,6.226819,8.554296,0.6023076,0,2.124708,7.1782,6.094139,8.262262,9.818864,10,9.465863,-1,-1,-1,-1,-1,-1,-1,-1,-1,-1,-1,-1,-1,-1,-1,-1,-1,-1,-1,-1,-1,-1,-1,-1,-1,-1,-1,-1,-1,-1,-1,-1,-1,-1,-1,-1,-1,-1,-1,-1,-1,-1,-1,-1,-1,-1,-1,-1,-1,-1,0,0,0,0,0,0,-1,-1,-1,-1,-1,-1,-1,-1,-1,-1,-1,-1,0,0,0,0,0,0,-1,-1,-1,-1,-1,-1,-1,-1,-1,-1,-1,-1,-1,-1,False,False,0,0,False,209,0,0,0,0,0,0,0,0,0,0,0,0,0,0,0,1,
0,837,2026-02-23 12:18:05Z,LLM_Empathetic,6.917083,7.219923,6.614244,0.6366394,0,1.615903,0,0,0,0,0,0,5.48166,4.34561,6.617722,0.592854,0.702737,0.482971,7.390568,6.226813,8.554323,0.6022877,0,2.124688,7.178233,6.094157,8.26231,9.818929,10,9.465945,6.917083,7.219923,6.614244,0.6366394,0,1.615903,0,0,0,0,0,0,5.48166,4.34561,6.617722,0.592854,0.702737,0.482971,7.390568,6.226813,8.554323,0.6022877,0,2.124688,7.178233,6.094157,8.26231,9.818929,10,9.465945,-1,-1,-1,-1,-1,-1,-1,-1,-1,-1,-1,-1,-1,-1,-1,-1,-1,-1,-1,-1,-1,-1,-1,-1,-1,-1,-1,-1,-1,-1,-1,-1,-1,-1,-1,-1,-1,-1,-1,-1,-1,-1,-1,-1,-1,-1,-1,-1,-1,-1,0,0,0,0,0,0,-1,-1,-1,-1,-1,-1,-1,-1,-1,-1,-1,-1,0,0,0,0,0,0,-1,-1,-1,-1,-1,-1,-1,-1,-1,-1,-1,-1,-1,-1,False,False,0,0,False,209,0,0,0,0,0,0,0,0,0,0,0,0,0,0,0,1,
0,838,2026-02-23 12:18:05Z,LLM_Empathetic,6.917102,7.219927,6.614276,0.6366084,0,1.615886,0,0,0,0,0,0,5.481684,4.345618,6.617761,0.592854,0.702737,0.482971,7.390579,6.226808,8.55435,0.6022679,0,2.124668,7.178266,6.094174,8.262358,9.818995,10,9.466027,6.917102,7.219927,6.614276,0.6366084,0,1.615886,0,0,0,0,0,0,5.481684,4.345618,6.617761,0.592854,0.702737,0.482971,7.390579,6.226808,8.55435,0.6022679,0,2.124668,7.178266,6.094174,8.262358,9.818995,10,9.466027,-1,-1,-1,-1,-1,-1,-1,-1,-1,-1,-1,-1,-1,-1,-1,-1,-1,-1,-1,-1,-1,-1,-1,-1,-1,-1,-1,-1,-1,-1,-1,-1,-1,-1,-1,-1,-1,-1,-1,-1,-1,-1,-1,-1,-1,-1,-1,-1,-1,-1,0,0,0,0,0,0,-1,-1,-1,-1,-1,-1,-1,-1,-1,-1,-1,-1,0,0,0,0,0,0,-1,-1,-1,-1,-1,-1,-1,-1,-1,-1,-1,-1,-1,-1,False,False,0,0,False,209,0,0,0,0,0,0,0,0,0,0,0,0,0,0,0,1,
0,839,2026-02-23 12:18:05Z,LLM_Empathetic,6.91712,7.21993,6.61431,0.6365774,0,1.615869,0,0,0,0,0,0,5.481708,4.345625,6.6178,0.592854,0.702737,0.482971,7.39059,6.226802,8.554378,0.602248,0,2.124648,7.178298,6.094192,8.262404,9.819059,10,9.466108,6.91712,7.21993,6.61431,0.6365774,0,1.615869,0,0,0,0,0,0,5.481708,4.345625,6.6178,0.592854,0.702737,0.482971,7.39059,6.226802,8.554378,0.602248,0,2.124648,7.178298,6.094192,8.262404,9.819059,10,9.466108,-1,-1,-1,-1,-1,-1,-1,-1,-1,-1,-1,-1,-1,-1,-1,-1,-1,-1,-1,-1,-1,-1,-1,-1,-1,-1,-1,-1,-1,-1,-1,-1,-1,-1,-1,-1,-1,-1,-1,-1,-1,-1,-1,-1,-1,-1,-1,-1,-1,-1,0,0,0,0,0,0,-1,-1,-1,-1,-1,-1,-1,-1,-1,-1,-1,-1,0,0,0,0,0,0,-1,-1,-1,-1,-1,-1,-1,-1,-1,-1,-1,-1,-1,-1,False,False,0,0,False,209,0,0,0,0,0,0,0,0,0,0,0,0,0,0,0,1,
0,840,2026-02-23 12:18:06Z,LLM_Empathetic,6.917138,7.219934,6.614343,0.6365466,0,1.615852,0,0,0,0,0,0,5.481731,4.345633,6.617839,0.592854,0.702737,0.482971,7.3906,6.226797,8.554404,0.6022282,0,2.124629,7.17833,6.09421,8.262452,9.819124,10,9.466189,6.917138,7.219934,6.614343,0.6365466,0,1.615852,0,0,0,0,0,0,5.481731,4.345633,6.617839,0.592854,0.702737,0.482971,7.3906,6.226797,8.554404,0.6022282,0,2.124629,7.17833,6.09421,8.262452,9.819124,10,9.466189,-1,-1,-1,-1,-1,-1,-1,-1,-1,-1,-1,-1,-1,-1,-1,-1,-1,-1,-1,-1,-1,-1,-1,-1,-1,-1,-1,-1,-1,-1,-1,-1,-1,-1,-1,-1,-1,-1,-1,-1,-1,-1,-1,-1,-1,-1,-1,-1,-1,-1,0,0,0,0,0,0,-1,-1,-1,-1,-1,-1,-1,-1,-1,-1,-1,-1,0,0,0,0,0,0,-1,-1,-1,-1,-1,-1,-1,-1,-1,-1,-1,-1,-1,-1,False,False,0,0,False,207,0,0,0,0,0,0,0,0,0,0,0,0,0,0,0,1,
0,841,2026-02-23 12:18:06Z,LLM_Empathetic,6.917156,7.219937,6.614376,0.6365157,0,1.615835,0,0,0,0,0,0,5.481754,4.345641,6.617878,0.592854,0.702737,0.482971,7.390611,6.226791,8.554431,0.6022085,0,2.124609,7.178363,6.094227,8.262499,9.819189,10,9.46627,6.917156,7.219937,6.614376,0.6365157,0,1.615835,0,0,0,0,0,0,5.481754,4.345641,6.617878,0.592854,0.702737,0.482971,7.390611,6.226791,8.554431,0.6022085,0,2.124609,7.178363,6.094227,8.262499,9.819189,10,9.46627,-1,-1,-1,-1,-1,-1,-1,-1,-1,-1,-1,-1,-1,-1,-1,-1,-1,-1,-1,-1,-1,-1,-1,-1,-1,-1,-1,-1,-1,-1,-1,-1,-1,-1,-1,-1,-1,-1,-1,-1,-1,-1,-1,-1,-1,-1,-1,-1,-1,-1,0,0,0,0,0,0,-1,-1,-1,-1,-1,-1,-1,-1,-1,-1,-1,-1,0,0,0,0,0,0,-1,-1,-1,-1,-1,-1,-1,-1,-1,-1,-1,-1,-1,-1,False,False,0,0,False,209,0,0,0,0,0,0,0,0,0,0,0,0,0,0,0,1,
0,842,2026-02-23 12:18:06Z,LLM_Empathetic,6.917174,7.21994,6.614408,0.636485,0,1.615818,0,0,0,0,0,0,5.481777,4.345648,6.617917,0.592854,0.702737,0.482971,7.390621,6.226786,8.554458,0.6021888,0,2.124589,7.178395,6.094245,8.262547,9.819253,10,9.466352,6.917174,7.21994,6.614408,0.636485,0,1.615818,0,0,0,0,0,0,5.481777,4.345648,6.617917,0.592854,0.702737,0.482971,7.390621,6.226786,8.554458,0.6021888,0,2.124589,7.178395,6.094245,8.262547,9.819253,10,9.466352,-1,-1,-1,-1,-1,-1,-1,-1,-1,-1,-1,-1,-1,-1,-1,-1,-1,-1,-1,-1,-1,-1,-1,-1,-1,-1,-1,-1,-1,-1,-1,-1,-1,-1,-1,-1,-1,-1,-1,-1,-1,-1,-1,-1,-1,-1,-1,-1,-1,-1,0,0,0,0,0,0,-1,-1,-1,-1,-1,-1,-1,-1,-1,-1,-1,-1,0,0,0,0,0,0,-1,-1,-1,-1,-1,-1,-1,-1,-1,-1,-1,-1,-1,-1,False,False,0,0,False,209,0,0,0,0,0,0,0,0,0,0,0,0,0,0,0,1,
0,843,2026-02-23 12:18:06Z,LLM_Empathetic,6.917192,7.219943,6.614441,0.6364543,0,1.615801,0,0,0,0,0,0,5.481801,4.345656,6.617956,0.592854,0.702737,0.482971,7.390632,6.22678,8.554484,0.6021692,0,2.12457,7.178427,6.094262,8.262593,9.819318,10,9.466433,6.917192,7.219943,6.614441,0.6364543,0,1.615801,0,0,0,0,0,0,5.481801,4.345656,6.617956,0.592854,0.702737,0.482971,7.390632,6.22678,8.554484,0.6021692,0,2.12457,7.178427,6.094262,8.262593,9.819318,10,9.466433,-1,-1,-1,-1,-1,-1,-1,-1,-1,-1,-1,-1,-1,-1,-1,-1,-1,-1,-1,-1,-1,-1,-1,-1,-1,-1,-1,-1,-1,-1,-1,-1,-1,-1,-1,-1,-1,-1,-1,-1,-1,-1,-1,-1,-1,-1,-1,-1,-1,-1,0,0,0,0,0,0,-1,-1,-1,-1,-1,-1,-1,-1,-1,-1,-1,-1,0,0,0,0,0,0,-1,-1,-1,-1,-1,-1,-1,-1,-1,-1,-1,-1,-1,-1,False,False,0,0,False,209,0,0,0,0,0,0,0,0,0,0,0,0,0,0,0,1,
0,844,2026-02-23 12:18:06Z,LLM_Empathetic,6.917211,7.219946,6.614474,0.6364236,0,1.615784,0,0,0,0,0,0,5.481824,4.345664,6.617994,0.592854,0.702737,0.482971,7.390643,6.226775,8.55451,0.6021495,0,2.12455,7.17846,6.09428,8.26264,9.819382,10,9.466514,6.917211,7.219946,6.614474,0.6364236,0,1.615784,0,0,0,0,0,0,5.481824,4.345664,6.617994,0.592854,0.702737,0.482971,7.390643,6.226775,8.55451,0.6021495,0,2.12455,7.17846,6.09428,8.26264,9.819382,10,9.466514,-1,-1,-1,-1,-1,-1,-1,-1,-1,-1,-1,-1,-1,-1,-1,-1,-1,-1,-1,-1,-1,-1,-1,-1,-1,-1,-1,-1,-1,-1,-1,-1,-1,-1,-1,-1,-1,-1,-1,-1,-1,-1,-1,-1,-1,-1,-1,-1,-1,-1,0,0,0,0,0,0,-1,-1,-1,-1,-1,-1,-1,-1,-1,-1,-1,-1,0,0,0,0,0,0,-1,-1,-1,-1,-1,-1,-1,-1,-1,-1,-1,-1,-1,-1,False,False,0,0,False,209,0,0,0,0,0,0,0,0,0,0,0,0,0,0,0,1,
0,845,2026-02-23 12:18:06Z,LLM_Empathetic,6.917228,7.21995,6.614507,0.6363931,0,1.615768,0,0,0,0,0,0,5.481847,4.345672,6.618033,0.592854,0.702737,0.482971,7.390653,6.226769,8.554537,0.60213,0,2.12453,7.178492,6.094297,8.262688,9.819446,10,9.466594,6.917228,7.21995,6.614507,0.6363931,0,1.615768,0,0,0,0,0,0,5.481847,4.345672,6.618033,0.592854,0.702737,0.482971,7.390653,6.226769,8.554537,0.60213,0,2.12453,7.178492,6.094297,8.262688,9.819446,10,9.466594,-1,-1,-1,-1,-1,-1,-1,-1,-1,-1,-1,-1,-1,-1,-1,-1,-1,-1,-1,-1,-1,-1,-1,-1,-1,-1,-1,-1,-1,-1,-1,-1,-1,-1,-1,-1,-1,-1,-1,-1,-1,-1,-1,-1,-1,-1,-1,-1,-1,-1,0,0,0,0,0,0,-1,-1,-1,-1,-1,-1,-1,-1,-1,-1,-1,-1,0,0,0,0,0,0,-1,-1,-1,-1,-1,-1,-1,-1,-1,-1,-1,-1,-1,-1,False,False,0,0,False,209,0,0,0,0,0,0,0,0,0,0,0,0,0,0,0,1,
0,846,2026-02-23 12:18:06Z,LLM_Empathetic,6.917246,7.219953,6.61454,0.6363626,0,1.615751,0,0,0,0,0,0,5.48187,4.345679,6.618072,0.592854,0.702737,0.482971,7.390664,6.226764,8.554564,0.6021104,0,2.124511,7.178524,6.094315,8.262734,9.81951,10,9.466674,6.917246,7.219953,6.61454,0.6363626,0,1.615751,0,0,0,0,0,0,5.48187,4.345679,6.618072,0.592854,0.702737,0.482971,7.390664,6.226764,8.554564,0.6021104,0,2.124511,7.178524,6.094315,8.262734,9.81951,10,9.466674,-1,-1,-1,-1,-1,-1,-1,-1,-1,-1,-1,-1,-1,-1,-1,-1,-1,-1,-1,-1,-1,-1,-1,-1,-1,-1,-1,-1,-1,-1,-1,-1,-1,-1,-1,-1,-1,-1,-1,-1,-1,-1,-1,-1,-1,-1,-1,-1,-1,-1,0,0,0,0,0,0,-1,-1,-1,-1,-1,-1,-1,-1,-1,-1,-1,-1,0,0,0,0,0,0,-1,-1,-1,-1,-1,-1,-1,-1,-1,-1,-1,-1,-1,-1,False,False,0,0,False,209,0,0,0,0,0,0,0,0,0,0,0,0,0,0,0,1,
0,847,2026-02-23 12:18:06Z,LLM_Empathetic,6.917264,7.219956,6.614572,0.6363321,0,1.615734,0,0,0,0,0,0,5.481893,4.345687,6.61811,0.592854,0.702737,0.482971,7.390674,6.226758,8.55459,0.602091,0,2.124491,7.178555,6.094332,8.26278,9.819574,10,9.466755,6.917264,7.219956,6.614572,0.6363321,0,1.615734,0,0,0,0,0,0,5.481893,4.345687,6.61811,0.592854,0.702737,0.482971,7.390674,6.226758,8.55459,0.602091,0,2.124491,7.178555,6.094332,8.26278,9.819574,10,9.466755,-1,-1,-1,-1,-1,-1,-1,-1,-1,-1,-1,-1,-1,-1,-1,-1,-1,-1,-1,-1,-1,-1,-1,-1,-1,-1,-1,-1,-1,-1,-1,-1,-1,-1,-1,-1,-1,-1,-1,-1,-1,-1,-1,-1,-1,-1,-1,-1,-1,-1,0,0,0,0,0,0,-1,-1,-1,-1,-1,-1,-1,-1,-1,-1,-1,-1,0,0,0,0,0,0,-1,-1,-1,-1,-1,-1,-1,-1,-1,-1,-1,-1,-1,-1,False,False,0,0,False,207,0,0,0,0,0,0,0,0,0,0,0,0,0,0,0,1,
0,848,2026-02-23 12:18:06Z,LLM_Empathetic,6.917282,7.219959,6.614605,0.6363017,0,1.615717,0,0,0,0,0,0,5.481916,4.345695,6.618148,0.592854,0.702737,0.482971,7.390685,6.226753,8.554616,0.6020715,0,2.124472,7.178587,6.094349,8.262827,9.819637,10,9.466834,6.917282,7.219959,6.614605,0.6363017,0,1.615717,0,0,0,0,0,0,5.481916,4.345695,6.618148,0.592854,0.702737,0.482971,7.390685,6.226753,8.554616,0.6020715,0,2.124472,7.178587,6.094349,8.262827,9.819637,10,9.466834,-1,-1,-1,-1,-1,-1,-1,-1,-1,-1,-1,-1,-1,-1,-1,-1,-1,-1,-1,-1,-1,-1,-1,-1,-1,-1,-1,-1,-1,-1,-1,-1,-1,-1,-1,-1,-1,-1,-1,-1,-1,-1,-1,-1,-1,-1,-1,-1,-1,-1,0,0,0,0,0,0,-1,-1,-1,-1,-1,-1,-1,-1,-1,-1,-1,-1,0,0,0,0,0,0,-1,-1,-1,-1,-1,-1,-1,-1,-1,-1,-1,-1,-1,-1,False,False,0,0,False,207,0,0,0,0,0,0,0,0,0,0,0,0,0,0,0,1,
0,849,2026-02-23 12:18:06Z,LLM_Empathetic,6.9173,7.219963,6.614637,0.6362714,0,1.6157,0,0,0,0,0,0,5.481939,4.345702,6.618186,0.592854,0.702737,0.482971,7.390695,6.226748,8.554643,0.602052,0,2.124452,7.178619,6.094366,8.262874,9.819701,10,9.466914,6.9173,7.219963,6.614637,0.6362714,0,1.6157,0,0,0,0,0,0,5.481939,4.345702,6.618186,0.592854,0.702737,0.482971,7.390695,6.226748,8.554643,0.602052,0,2.124452,7.178619,6.094366,8.262874,9.819701,10,9.466914,-1,-1,-1,-1,-1,-1,-1,-1,-1,-1,-1,-1,-1,-1,-1,-1,-1,-1,-1,-1,-1,-1,-1,-1,-1,-1,-1,-1,-1,-1,-1,-1,-1,-1,-1,-1,-1,-1,-1,-1,-1,-1,-1,-1,-1,-1,-1,-1,-1,-1,0,0,0,0,0,0,-1,-1,-1,-1,-1,-1,-1,-1,-1,-1,-1,-1,0,0,0,0,0,0,-1,-1,-1,-1,-1,-1,-1,-1,-1,-1,-1,-1,-1,-1,False,False,0,0,False,209,0,0,0,0,0,0,0,0,0,0,0,0,0,0,0,1,
0,850,2026-02-23 12:18:06Z,LLM_Empathetic,6.917318,7.219966,6.61467,0.6362411,0,1.615684,0,0,0,0,0,0,5.481962,4.345709,6.618225,0.592854,0.702737,0.482971,7.390706,6.226743,8.554669,0.6020327,0,2.124433,7.178651,6.094383,8.26292,9.819765,10,9.466994,6.917318,7.219966,6.61467,0.6362411,0,1.615684,0,0,0,0,0,0,5.481962,4.345709,6.618225,0.592854,0.702737,0.482971,7.390706,6.226743,8.554669,0.6020327,0,2.124433,7.178651,6.094383,8.26292,9.819765,10,9.466994,-1,-1,-1,-1,-1,-1,-1,-1,-1,-1,-1,-1,-1,-1,-1,-1,-1,-1,-1,-1,-1,-1,-1,-1,-1,-1,-1,-1,-1,-1,-1,-1,-1,-1,-1,-1,-1,-1,-1,-1,-1,-1,-1,-1,-1,-1,-1,-1,-1,-1,0,0,0,0,0,0,-1,-1,-1,-1,-1,-1,-1,-1,-1,-1,-1,-1,0,0,0,0,0,0,-1,-1,-1,-1,-1,-1,-1,-1,-1,-1,-1,-1,-1,-1,False,False,0,0,False,209,0,0,0,0,0,0,0,0,0,0,0,0,0,0,0,1,
0,851,2026-02-23 12:18:06Z,LLM_Empathetic,6.917336,7.219969,6.614702,0.6362109,0,1.615667,0,0,0,0,0,0,5.481985,4.345717,6.618263,0.592854,0.702737,0.482971,7.390716,6.226737,8.554695,0.6020133,0,2.124414,7.178683,6.0944,8.262966,9.819828,10,9.467073,6.917336,7.219969,6.614702,0.6362109,0,1.615667,0,0,0,0,0,0,5.481985,4.345717,6.618263,0.592854,0.702737,0.482971,7.390716,6.226737,8.554695,0.6020133,0,2.124414,7.178683,6.0944,8.262966,9.819828,10,9.467073,-1,-1,-1,-1,-1,-1,-1,-1,-1,-1,-1,-1,-1,-1,-1,-1,-1,-1,-1,-1,-1,-1,-1,-1,-1,-1,-1,-1,-1,-1,-1,-1,-1,-1,-1,-1,-1,-1,-1,-1,-1,-1,-1,-1,-1,-1,-1,-1,-1,-1,0,0,0,0,0,0,-1,-1,-1,-1,-1,-1,-1,-1,-1,-1,-1,-1,0,0,0,0,0,0,-1,-1,-1,-1,-1,-1,-1,-1,-1,-1,-1,-1,-1,-1,False,False,0,0,False,209,0,0,0,0,0,0,0,0,0,0,0,0,0,0,0,1,
0,852,2026-02-23 12:18:06Z,LLM_Empathetic,6.917353,7.219972,6.614734,0.6361807,0,1.61565,0,0,0,0,0,0,5.482008,4.345725,6.618301,0.592854,0.702737,0.482971,7.390727,6.226732,8.554721,0.601994,0,2.124394,7.178715,6.094418,8.263013,9.819892,10,9.467154,6.917353,7.219972,6.614734,0.6361807,0,1.61565,0,0,0,0,0,0,5.482008,4.345725,6.618301,0.592854,0.702737,0.482971,7.390727,6.226732,8.554721,0.601994,0,2.124394,7.178715,6.094418,8.263013,9.819892,10,9.467154,-1,-1,-1,-1,-1,-1,-1,-1,-1,-1,-1,-1,-1,-1,-1,-1,-1,-1,-1,-1,-1,-1,-1,-1,-1,-1,-1,-1,-1,-1,-1,-1,-1,-1,-1,-1,-1,-1,-1,-1,-1,-1,-1,-1,-1,-1,-1,-1,-1,-1,0,0,0,0,0,0,-1,-1,-1,-1,-1,-1,-1,-1,-1,-1,-1,-1,0,0,0,0,0,0,-1,-1,-1,-1,-1,-1,-1,-1,-1,-1,-1,-1,-1,-1,False,False,0,0,False,207,0,0,0,0,0,0,0,0,0,0,0,0,0,0,0,1,
0,853,2026-02-23 12:18:06Z,LLM_Empathetic,6.917371,7.219975,6.614767,0.6361506,0,1.615634,0,0,0,0,0,0,5.48203,4.345732,6.618339,0.592854,0.702737,0.482971,7.390737,6.226727,8.554748,0.6019747,0,2.124375,7.178746,6.094435,8.263059,9.819955,10,9.467233,6.917371,7.219975,6.614767,0.6361506,0,1.615634,0,0,0,0,0,0,5.48203,4.345732,6.618339,0.592854,0.702737,0.482971,7.390737,6.226727,8.554748,0.6019747,0,2.124375,7.178746,6.094435,8.263059,9.819955,10,9.467233,-1,-1,-1,-1,-1,-1,-1,-1,-1,-1,-1,-1,-1,-1,-1,-1,-1,-1,-1,-1,-1,-1,-1,-1,-1,-1,-1,-1,-1,-1,-1,-1,-1,-1,-1,-1,-1,-1,-1,-1,-1,-1,-1,-1,-1,-1,-1,-1,-1,-1,0,0,0,0,0,0,-1,-1,-1,-1,-1,-1,-1,-1,-1,-1,-1,-1,0,0,0,0,0,0,-1,-1,-1,-1,-1,-1,-1,-1,-1,-1,-1,-1,-1,-1,False,False,0,0,False,209,0,0,0,0,0,0,0,0,0,0,0,0,0,0,0,1,
0,854,2026-02-23 12:18:06Z,LLM_Empathetic,6.917389,7.219979,6.614799,0.6361206,0,1.615617,0,0,0,0,0,0,5.482053,4.34574,6.618377,0.592854,0.702737,0.482971,7.390747,6.226721,8.554773,0.6019555,0,2.124356,7.178778,6.094452,8.263104,9.820018,10,9.467312,6.917389,7.219979,6.614799,0.6361206,0,1.615617,0,0,0,0,0,0,5.482053,4.34574,6.618377,0.592854,0.702737,0.482971,7.390747,6.226721,8.554773,0.6019555,0,2.124356,7.178778,6.094452,8.263104,9.820018,10,9.467312,-1,-1,-1,-1,-1,-1,-1,-1,-1,-1,-1,-1,-1,-1,-1,-1,-1,-1,-1,-1,-1,-1,-1,-1,-1,-1,-1,-1,-1,-1,-1,-1,-1,-1,-1,-1,-1,-1,-1,-1,-1,-1,-1,-1,-1,-1,-1,-1,-1,-1,0,0,0,0,0,0,-1,-1,-1,-1,-1,-1,-1,-1,-1,-1,-1,-1,0,0,0,0,0,0,-1,-1,-1,-1,-1,-1,-1,-1,-1,-1,-1,-1,-1,-1,False,False,0,0,False,209,0,0,0,0,0,0,0,0,0,0,0,0,0,0,0,1,
0,855,2026-02-23 12:18:06Z,LLM_Empathetic,6.917407,7.219982,6.61483,0.6360906,0,1.615601,0,0,0,0,0,0,5.482076,4.345747,6.618415,0.592854,0.702737,0.482971,7.390758,6.226716,8.554799,0.6019363,0,2.124337,7.17881,6.094469,8.263151,9.820081,10,9.46739,6.917407,7.219982,6.61483,0.6360906,0,1.615601,0,0,0,0,0,0,5.482076,4.345747,6.618415,0.592854,0.702737,0.482971,7.390758,6.226716,8.554799,0.6019363,0,2.124337,7.17881,6.094469,8.263151,9.820081,10,9.46739,-1,-1,-1,-1,-1,-1,-1,-1,-1,-1,-1,-1,-1,-1,-1,-1,-1,-1,-1,-1,-1,-1,-1,-1,-1,-1,-1,-1,-1,-1,-1,-1,-1,-1,-1,-1,-1,-1,-1,-1,-1,-1,-1,-1,-1,-1,-1,-1,-1,-1,0,0,0,0,0,0,-1,-1,-1,-1,-1,-1,-1,-1,-1,-1,-1,-1,0,0,0,0,0,0,-1,-1,-1,-1,-1,-1,-1,-1,-1,-1,-1,-1,-1,-1,False,False,0,0,False,207,0,0,0,0,0,0,0,0,0,0,0,0,0,0,0,1,
0,856,2026-02-23 12:18:06Z,LLM_Empathetic,6.917424,7.219985,6.614863,0.6360607,0,1.615584,0,0,0,0,0,0,5.482099,4.345755,6.618453,0.592854,0.702737,0.482971,7.390768,6.22671,8.554826,0.6019171,0,2.124317,7.178841,6.094486,8.263197,9.820144,10,9.467469,6.917424,7.219985,6.614863,0.6360607,0,1.615584,0,0,0,0,0,0,5.482099,4.345755,6.618453,0.592854,0.702737,0.482971,7.390768,6.22671,8.554826,0.6019171,0,2.124317,7.178841,6.094486,8.263197,9.820144,10,9.467469,-1,-1,-1,-1,-1,-1,-1,-1,-1,-1,-1,-1,-1,-1,-1,-1,-1,-1,-1,-1,-1,-1,-1,-1,-1,-1,-1,-1,-1,-1,-1,-1,-1,-1,-1,-1,-1,-1,-1,-1,-1,-1,-1,-1,-1,-1,-1,-1,-1,-1,0,0,0,0,0,0,-1,-1,-1,-1,-1,-1,-1,-1,-1,-1,-1,-1,0,0,0,0,0,0,-1,-1,-1,-1,-1,-1,-1,-1,-1,-1,-1,-1,-1,-1,False,False,0,0,False,207,0,0,0,0,0,0,0,0,0,0,0,0,0,0,0,1,
0,857,2026-02-23 12:18:06Z,LLM_Empathetic,6.917441,7.219988,6.614895,0.6360308,0,1.615568,0,0,0,0,0,0,5.482121,4.345762,6.61849,0.592854,0.702737,0.482971,7.390778,6.226705,8.554852,0.601898,0,2.124298,7.178872,6.094503,8.263243,9.820207,10,9.467548,6.917441,7.219988,6.614895,0.6360308,0,1.615568,0,0,0,0,0,0,5.482121,4.345762,6.61849,0.592854,0.702737,0.482971,7.390778,6.226705,8.554852,0.601898,0,2.124298,7.178872,6.094503,8.263243,9.820207,10,9.467548,-1,-1,-1,-1,-1,-1,-1,-1,-1,-1,-1,-1,-1,-1,-1,-1,-1,-1,-1,-1,-1,-1,-1,-1,-1,-1,-1,-1,-1,-1,-1,-1,-1,-1,-1,-1,-1,-1,-1,-1,-1,-1,-1,-1,-1,-1,-1,-1,-1,-1,0,0,0,0,0,0,-1,-1,-1,-1,-1,-1,-1,-1,-1,-1,-1,-1,0,0,0,0,0,0,-1,-1,-1,-1,-1,-1,-1,-1,-1,-1,-1,-1,-1,-1,False,False,0,0,False,209,0,0,0,0,0,0,0,0,0,0,0,0,0,0,0,1,
0,858,2026-02-23 12:18:06Z,LLM_Empathetic,6.917459,7.219991,6.614927,0.636001,0,1.615551,0,0,0,0,0,0,5.482144,4.345769,6.618528,0.592854,0.702737,0.482971,7.390789,6.2267,8.554877,0.6018789,0,2.124279,7.178904,6.09452,8.263288,9.820269,10,9.467627,6.917459,7.219991,6.614927,0.636001,0,1.615551,0,0,0,0,0,0,5.482144,4.345769,6.618528,0.592854,0.702737,0.482971,7.390789,6.2267,8.554877,0.6018789,0,2.124279,7.178904,6.09452,8.263288,9.820269,10,9.467627,-1,-1,-1,-1,-1,-1,-1,-1,-1,-1,-1,-1,-1,-1,-1,-1,-1,-1,-1,-1,-1,-1,-1,-1,-1,-1,-1,-1,-1,-1,-1,-1,-1,-1,-1,-1,-1,-1,-1,-1,-1,-1,-1,-1,-1,-1,-1,-1,-1,-1,0,0,0,0,0,0,-1,-1,-1,-1,-1,-1,-1,-1,-1,-1,-1,-1,0,0,0,0,0,0,-1,-1,-1,-1,-1,-1,-1,-1,-1,-1,-1,-1,-1,-1,False,False,0,0,False,207,0,0,0,0,0,0,0,0,0,0,0,0,0,0,0,1,
0,859,2026-02-23 12:18:06Z,LLM_Empathetic,6.917477,7.219995,6.614958,0.6359712,0,1.615535,0,0,0,0,0,0,5.482166,4.345777,6.618566,0.592854,0.702737,0.482971,7.390799,6.226695,8.554903,0.6018599,0,2.12426,7.178935,6.094537,8.263333,9.820332,10,9.467705,6.917477,7.219995,6.614958,0.6359712,0,1.615535,0,0,0,0,0,0,5.482166,4.345777,6.618566,0.592854,0.702737,0.482971,7.390799,6.226695,8.554903,0.6018599,0,2.12426,7.178935,6.094537,8.263333,9.820332,10,9.467705,-1,-1,-1,-1,-1,-1,-1,-1,-1,-1,-1,-1,-1,-1,-1,-1,-1,-1,-1,-1,-1,-1,-1,-1,-1,-1,-1,-1,-1,-1,-1,-1,-1,-1,-1,-1,-1,-1,-1,-1,-1,-1,-1,-1,-1,-1,-1,-1,-1,-1,0,0,0,0,0,0,-1,-1,-1,-1,-1,-1,-1,-1,-1,-1,-1,-1,0,0,0,0,0,0,-1,-1,-1,-1,-1,-1,-1,-1,-1,-1,-1,-1,-1,-1,False,False,0,0,False,209,0,0,0,0,0,0,0,0,0,0,0,0,0,0,0,1,
0,860,2026-02-23 12:18:06Z,LLM_Empathetic,6.917494,7.219998,6.61499,0.6359416,0,1.615519,0,0,0,0,0,0,5.482189,4.345785,6.618603,0.592854,0.702737,0.482971,7.390809,6.226689,8.554929,0.6018409,0,2.124241,7.178966,6.094554,8.263379,9.820394,10,9.467783,6.917494,7.219998,6.61499,0.6359416,0,1.615519,0,0,0,0,0,0,5.482189,4.345785,6.618603,0.592854,0.702737,0.482971,7.390809,6.226689,8.554929,0.6018409,0,2.124241,7.178966,6.094554,8.263379,9.820394,10,9.467783,-1,-1,-1,-1,-1,-1,-1,-1,-1,-1,-1,-1,-1,-1,-1,-1,-1,-1,-1,-1,-1,-1,-1,-1,-1,-1,-1,-1,-1,-1,-1,-1,-1,-1,-1,-1,-1,-1,-1,-1,-1,-1,-1,-1,-1,-1,-1,-1,-1,-1,0,0,0,0,0,0,-1,-1,-1,-1,-1,-1,-1,-1,-1,-1,-1,-1,0,0,0,0,0,0,-1,-1,-1,-1,-1,-1,-1,-1,-1,-1,-1,-1,-1,-1,False,False,0,0,False,207,0,0,0,0,0,0,0,0,0,0,0,0,0,0,0,1,
0,861,2026-02-23 12:18:06Z,LLM_Empathetic,6.917511,7.220001,6.615022,0.6359119,0,1.615502,0,0,0,0,0,0,5.482211,4.345792,6.61864,0.592854,0.702737,0.482971,7.390819,6.226684,8.554955,0.6018219,0,2.124222,7.178997,6.094571,8.263425,9.820456,10,9.467861,6.917511,7.220001,6.615022,0.6359119,0,1.615502,0,0,0,0,0,0,5.482211,4.345792,6.61864,0.592854,0.702737,0.482971,7.390819,6.226684,8.554955,0.6018219,0,2.124222,7.178997,6.094571,8.263425,9.820456,10,9.467861,-1,-1,-1,-1,-1,-1,-1,-1,-1,-1,-1,-1,-1,-1,-1,-1,-1,-1,-1,-1,-1,-1,-1,-1,-1,-1,-1,-1,-1,-1,-1,-1,-1,-1,-1,-1,-1,-1,-1,-1,-1,-1,-1,-1,-1,-1,-1,-1,-1,-1,0,0,0,0,0,0,-1,-1,-1,-1,-1,-1,-1,-1,-1,-1,-1,-1,0,0,0,0,0,0,-1,-1,-1,-1,-1,-1,-1,-1,-1,-1,-1,-1,-1,-1,False,False,0,0,False,209,0,0,0,0,0,0,0,0,0,0,0,0,0,0,0,1,
0,862,2026-02-23 12:18:06Z,LLM_Empathetic,6.917529,7.220004,6.615054,0.6358824,0,1.615486,0,0,0,0,0,0,5.482234,4.345799,6.618678,0.592854,0.702737,0.482971,7.39083,6.226679,8.55498,0.6018029,0,2.124203,7.179028,6.094587,8.26347,9.820518,10,9.467939,6.917529,7.220004,6.615054,0.6358824,0,1.615486,0,0,0,0,0,0,5.482234,4.345799,6.618678,0.592854,0.702737,0.482971,7.39083,6.226679,8.55498,0.6018029,0,2.124203,7.179028,6.094587,8.26347,9.820518,10,9.467939,-1,-1,-1,-1,-1,-1,-1,-1,-1,-1,-1,-1,-1,-1,-1,-1,-1,-1,-1,-1,-1,-1,-1,-1,-1,-1,-1,-1,-1,-1,-1,-1,-1,-1,-1,-1,-1,-1,-1,-1,-1,-1,-1,-1,-1,-1,-1,-1,-1,-1,0,0,0,0,0,0,-1,-1,-1,-1,-1,-1,-1,-1,-1,-1,-1,-1,0,0,0,0,0,0,-1,-1,-1,-1,-1,-1,-1,-1,-1,-1,-1,-1,-1,-1,False,False,0,0,False,207,0,0,0,0,0,0,0,0,0,0,0,0,0,0,0,1,
0,863,2026-02-23 12:18:06Z,LLM_Empathetic,6.917546,7.220007,6.615085,0.6358528,0,1.61547,0,0,0,0,0,0,5.482256,4.345807,6.618715,0.592854,0.702737,0.482971,7.39084,6.226674,8.555006,0.6017841,0,2.124184,7.179059,6.094604,8.263515,9.82058,10,9.468017,6.917546,7.220007,6.615085,0.6358528,0,1.61547,0,0,0,0,0,0,5.482256,4.345807,6.618715,0.592854,0.702737,0.482971,7.39084,6.226674,8.555006,0.6017841,0,2.124184,7.179059,6.094604,8.263515,9.82058,10,9.468017,-1,-1,-1,-1,-1,-1,-1,-1,-1,-1,-1,-1,-1,-1,-1,-1,-1,-1,-1,-1,-1,-1,-1,-1,-1,-1,-1,-1,-1,-1,-1,-1,-1,-1,-1,-1,-1,-1,-1,-1,-1,-1,-1,-1,-1,-1,-1,-1,-1,-1,0,0,0,0,0,0,-1,-1,-1,-1,-1,-1,-1,-1,-1,-1,-1,-1,0,0,0,0,0,0,-1,-1,-1,-1,-1,-1,-1,-1,-1,-1,-1,-1,-1,-1,False,False,0,0,False,207,0,0,0,0,0,0,0,0,0,0,0,0,0,0,0,1,
0,864,2026-02-23 12:18:06Z,LLM_Empathetic,6.917563,7.22001,6.615117,0.6358234,0,1.615453,0,0,0,0,0,0,5.482278,4.345814,6.618752,0.592854,0.702737,0.482971,7.39085,6.226668,8.555032,0.6017652,0,2.124166,7.17909,6.094621,8.26356,9.820642,10,9.468094,6.917563,7.22001,6.615117,0.6358234,0,1.615453,0,0,0,0,0,0,5.482278,4.345814,6.618752,0.592854,0.702737,0.482971,7.39085,6.226668,8.555032,0.6017652,0,2.124166,7.17909,6.094621,8.26356,9.820642,10,9.468094,-1,-1,-1,-1,-1,-1,-1,-1,-1,-1,-1,-1,-1,-1,-1,-1,-1,-1,-1,-1,-1,-1,-1,-1,-1,-1,-1,-1,-1,-1,-1,-1,-1,-1,-1,-1,-1,-1,-1,-1,-1,-1,-1,-1,-1,-1,-1,-1,-1,-1,0,0,0,0,0,0,-1,-1,-1,-1,-1,-1,-1,-1,-1,-1,-1,-1,0,0,0,0,0,0,-1,-1,-1,-1,-1,-1,-1,-1,-1,-1,-1,-1,-1,-1,False,False,0,0,False,209,0,0,0,0,0,0,0,0,0,0,0,0,0,0,0,1,
0,865,2026-02-23 12:18:06Z,LLM_Empathetic,6.917581,7.220014,6.615148,0.635794,0,1.615437,0,0,0,0,0,0,5.4823,4.345821,6.61879,0.592854,0.702737,0.482971,7.39086,6.226663,8.555057,0.6017463,0,2.124147,7.179121,6.094638,8.263605,9.820704,10,9.468172,6.917581,7.220014,6.615148,0.635794,0,1.615437,0,0,0,0,0,0,5.4823,4.345821,6.61879,0.592854,0.702737,0.482971,7.39086,6.226663,8.555057,0.6017463,0,2.124147,7.179121,6.094638,8.263605,9.820704,10,9.468172,-1,-1,-1,-1,-1,-1,-1,-1,-1,-1,-1,-1,-1,-1,-1,-1,-1,-1,-1,-1,-1,-1,-1,-1,-1,-1,-1,-1,-1,-1,-1,-1,-1,-1,-1,-1,-1,-1,-1,-1,-1,-1,-1,-1,-1,-1,-1,-1,-1,-1,0,0,0,0,0,0,-1,-1,-1,-1,-1,-1,-1,-1,-1,-1,-1,-1,0,0,0,0,0,0,-1,-1,-1,-1,-1,-1,-1,-1,-1,-1,-1,-1,-1,-1,False,False,0,0,False,207,0,0,0,0,0,0,0,0,0,0,0,0,0,0,0,1,
0,866,2026-02-23 12:18:06Z,LLM_Empathetic,6.917598,7.220016,6.61518,0.6357646,0,1.615421,0,0,0,0,0,0,5.482323,4.345829,6.618827,0.592854,0.702737,0.482971,7.39087,6.226658,8.555082,0.6017275,0,2.124128,7.179152,6.094655,8.26365,9.820765,10,9.468249,6.917598,7.220016,6.61518,0.6357646,0,1.615421,0,0,0,0,0,0,5.482323,4.345829,6.618827,0.592854,0.702737,0.482971,7.39087,6.226658,8.555082,0.6017275,0,2.124128,7.179152,6.094655,8.26365,9.820765,10,9.468249,-1,-1,-1,-1,-1,-1,-1,-1,-1,-1,-1,-1,-1,-1,-1,-1,-1,-1,-1,-1,-1,-1,-1,-1,-1,-1,-1,-1,-1,-1,-1,-1,-1,-1,-1,-1,-1,-1,-1,-1,-1,-1,-1,-1,-1,-1,-1,-1,-1,-1,0,0,0,0,0,0,-1,-1,-1,-1,-1,-1,-1,-1,-1,-1,-1,-1,0,0,0,0,0,0,-1,-1,-1,-1,-1,-1,-1,-1,-1,-1,-1,-1,-1,-1,False,False,0,0,False,209,0,0,0,0,0,0,0,0,0,0,0,0,0,0,0,1,
0,867,2026-02-23 12:18:06Z,LLM_Empathetic,6.917615,7.22002,6.615211,0.6357353,0,1.615405,0,0,0,0,0,0,5.482345,4.345836,6.618864,0.592854,0.702737,0.482971,7.39088,6.226653,8.555108,0.6017088,0,2.124109,7.179183,6.094671,8.263695,9.820827,10,9.468327,6.917615,7.22002,6.615211,0.6357353,0,1.615405,0,0,0,0,0,0,5.482345,4.345836,6.618864,0.592854,0.702737,0.482971,7.39088,6.226653,8.555108,0.6017088,0,2.124109,7.179183,6.094671,8.263695,9.820827,10,9.468327,-1,-1,-1,-1,-1,-1,-1,-1,-1,-1,-1,-1,-1,-1,-1,-1,-1,-1,-1,-1,-1,-1,-1,-1,-1,-1,-1,-1,-1,-1,-1,-1,-1,-1,-1,-1,-1,-1,-1,-1,-1,-1,-1,-1,-1,-1,-1,-1,-1,-1,0,0,0,0,0,0,-1,-1,-1,-1,-1,-1,-1,-1,-1,-1,-1,-1,0,0,0,0,0,0,-1,-1,-1,-1,-1,-1,-1,-1,-1,-1,-1,-1,-1,-1,False,False,0,0,False,207,0,0,0,0,0,0,0,0,0,0,0,0,0,0,0,1,
0,868,2026-02-23 12:18:06Z,LLM_Empathetic,6.917633,7.220023,6.615242,0.6357061,0,1.615389,0,0,0,0,0,0,5.482367,4.345843,6.618901,0.592854,0.702737,0.482971,7.39089,6.226647,8.555133,0.6016901,0,2.12409,7.179214,6.094688,8.26374,9.820888,10,9.468403,6.917633,7.220023,6.615242,0.6357061,0,1.615389,0,0,0,0,0,0,5.482367,4.345843,6.618901,0.592854,0.702737,0.482971,7.39089,6.226647,8.555133,0.6016901,0,2.12409,7.179214,6.094688,8.26374,9.820888,10,9.468403,-1,-1,-1,-1,-1,-1,-1,-1,-1,-1,-1,-1,-1,-1,-1,-1,-1,-1,-1,-1,-1,-1,-1,-1,-1,-1,-1,-1,-1,-1,-1,-1,-1,-1,-1,-1,-1,-1,-1,-1,-1,-1,-1,-1,-1,-1,-1,-1,-1,-1,0,0,0,0,0,0,-1,-1,-1,-1,-1,-1,-1,-1,-1,-1,-1,-1,0,0,0,0,0,0,-1,-1,-1,-1,-1,-1,-1,-1,-1,-1,-1,-1,-1,-1,False,False,0,0,False,209,0,0,0,0,0,0,0,0,0,0,0,0,0,0,0,1,
0,869,2026-02-23 12:18:06Z,LLM_Empathetic,6.91765,7.220026,6.615273,0.6356769,0,1.615373,0,0,0,0,0,0,5.482389,4.34585,6.618937,0.592854,0.702737,0.482971,7.3909,6.226643,8.555159,0.6016713,0,2.124072,7.179244,6.094704,8.263784,9.820949,10,9.46848,6.91765,7.220026,6.615273,0.6356769,0,1.615373,0,0,0,0,0,0,5.482389,4.34585,6.618937,0.592854,0.702737,0.482971,7.3909,6.226643,8.555159,0.6016713,0,2.124072,7.179244,6.094704,8.263784,9.820949,10,9.46848,-1,-1,-1,-1,-1,-1,-1,-1,-1,-1,-1,-1,-1,-1,-1,-1,-1,-1,-1,-1,-1,-1,-1,-1,-1,-1,-1,-1,-1,-1,-1,-1,-1,-1,-1,-1,-1,-1,-1,-1,-1,-1,-1,-1,-1,-1,-1,-1,-1,-1,0,0,0,0,0,0,-1,-1,-1,-1,-1,-1,-1,-1,-1,-1,-1,-1,0,0,0,0,0,0,-1,-1,-1,-1,-1,-1,-1,-1,-1,-1,-1,-1,-1,-1,False,False,0,0,False,207,0,0,0,0,0,0,0,0,0,0,0,0,0,0,0,1,
0,870,2026-02-23 12:18:06Z,LLM_Empathetic,6.917667,7.220029,6.615304,0.6356478,0,1.615357,0,0,0,0,0,0,5.482411,4.345858,6.618974,0.592854,0.702737,0.482971,7.39091,6.226637,8.555183,0.6016527,0,2.124053,7.179275,6.094721,8.263829,9.82101,10,9.468556,6.917667,7.220029,6.615304,0.6356478,0,1.615357,0,0,0,0,0,0,5.482411,4.345858,6.618974,0.592854,0.702737,0.482971,7.39091,6.226637,8.555183,0.6016527,0,2.124053,7.179275,6.094721,8.263829,9.82101,10,9.468556,-1,-1,-1,-1,-1,-1,-1,-1,-1,-1,-1,-1,-1,-1,-1,-1,-1,-1,-1,-1,-1,-1,-1,-1,-1,-1,-1,-1,-1,-1,-1,-1,-1,-1,-1,-1,-1,-1,-1,-1,-1,-1,-1,-1,-1,-1,-1,-1,-1,-1,0,0,0,0,0,0,-1,-1,-1,-1,-1,-1,-1,-1,-1,-1,-1,-1,0,0,0,0,0,0,-1,-1,-1,-1,-1,-1,-1,-1,-1,-1,-1,-1,-1,-1,False,False,0,0,False,209,0,0,0,0,0,0,0,0,0,0,0,0,0,0,0,1,
0,871,2026-02-23 12:18:07Z,LLM_Empathetic,6.917684,7.220032,6.615336,0.6356187,0,1.61534,0,0,0,0,0,0,5.482433,4.345865,6.619011,0.592854,0.702737,0.482971,7.39092,6.226632,8.555209,0.6016341,0,2.124034,7.179305,6.094738,8.263874,9.821071,10,9.468634,6.917684,7.220032,6.615336,0.6356187,0,1.61534,0,0,0,0,0,0,5.482433,4.345865,6.619011,0.592854,0.702737,0.482971,7.39092,6.226632,8.555209,0.6016341,0,2.124034,7.179305,6.094738,8.263874,9.821071,10,9.468634,-1,-1,-1,-1,-1,-1,-1,-1,-1,-1,-1,-1,-1,-1,-1,-1,-1,-1,-1,-1,-1,-1,-1,-1,-1,-1,-1,-1,-1,-1,-1,-1,-1,-1,-1,-1,-1,-1,-1,-1,-1,-1,-1,-1,-1,-1,-1,-1,-1,-1,0,0,0,0,0,0,-1,-1,-1,-1,-1,-1,-1,-1,-1,-1,-1,-1,0,0,0,0,0,0,-1,-1,-1,-1,-1,-1,-1,-1,-1,-1,-1,-1,-1,-1,False,False,0,0,False,207,0,0,0,0,0,0,0,0,0,0,0,0,0,0,0,1,
0,872,2026-02-23 12:18:07Z,LLM_Empathetic,6.917701,7.220035,6.615367,0.6355897,0,1.615324,0,0,0,0,0,0,5.482455,4.345872,6.619048,0.592854,0.702737,0.482971,7.39093,6.226627,8.555234,0.6016155,0,2.124016,7.179336,6.094754,8.263918,9.821132,10,9.46871,6.917701,7.220035,6.615367,0.6355897,0,1.615324,0,0,0,0,0,0,5.482455,4.345872,6.619048,0.592854,0.702737,0.482971,7.39093,6.226627,8.555234,0.6016155,0,2.124016,7.179336,6.094754,8.263918,9.821132,10,9.46871,-1,-1,-1,-1,-1,-1,-1,-1,-1,-1,-1,-1,-1,-1,-1,-1,-1,-1,-1,-1,-1,-1,-1,-1,-1,-1,-1,-1,-1,-1,-1,-1,-1,-1,-1,-1,-1,-1,-1,-1,-1,-1,-1,-1,-1,-1,-1,-1,-1,-1,0,0,0,0,0,0,-1,-1,-1,-1,-1,-1,-1,-1,-1,-1,-1,-1,0,0,0,0,0,0,-1,-1,-1,-1,-1,-1,-1,-1,-1,-1,-1,-1,-1,-1,False,False,0,0,False,209,0,0,0,0,0,0,0,0,0,0,0,0,0,0,0,1,
0,873,2026-02-23 12:18:07Z,LLM_Empathetic,6.917718,7.220038,6.615398,0.6355608,0,1.615309,0,0,0,0,0,0,5.482477,4.34588,6.619084,0.592854,0.702737,0.482971,7.39094,6.226622,8.55526,0.601597,0,2.123997,7.179366,6.09477,8.263963,9.821193,10,9.468786,6.917718,7.220038,6.615398,0.6355608,0,1.615309,0,0,0,0,0,0,5.482477,4.34588,6.619084,0.592854,0.702737,0.482971,7.39094,6.226622,8.55526,0.601597,0,2.123997,7.179366,6.09477,8.263963,9.821193,10,9.468786,-1,-1,-1,-1,-1,-1,-1,-1,-1,-1,-1,-1,-1,-1,-1,-1,-1,-1,-1,-1,-1,-1,-1,-1,-1,-1,-1,-1,-1,-1,-1,-1,-1,-1,-1,-1,-1,-1,-1,-1,-1,-1,-1,-1,-1,-1,-1,-1,-1,-1,0,0,0,0,0,0,-1,-1,-1,-1,-1,-1,-1,-1,-1,-1,-1,-1,0,0,0,0,0,0,-1,-1,-1,-1,-1,-1,-1,-1,-1,-1,-1,-1,-1,-1,False,False,0,0,False,209,0,0,0,0,0,0,0,0,0,0,0,0,0,0,0,1,
0,874,2026-02-23 12:18:07Z,LLM_Empathetic,6.917735,7.220041,6.615429,0.6355318,0,1.615293,0,0,0,0,0,0,5.482499,4.345887,6.619121,0.592854,0.702737,0.482971,7.39095,6.226617,8.555285,0.6015785,0,2.123979,7.179397,6.094787,8.264007,9.821254,10,9.468863,6.917735,7.220041,6.615429,0.6355318,0,1.615293,0,0,0,0,0,0,5.482499,4.345887,6.619121,0.592854,0.702737,0.482971,7.39095,6.226617,8.555285,0.6015785,0,2.123979,7.179397,6.094787,8.264007,9.821254,10,9.468863,-1,-1,-1,-1,-1,-1,-1,-1,-1,-1,-1,-1,-1,-1,-1,-1,-1,-1,-1,-1,-1,-1,-1,-1,-1,-1,-1,-1,-1,-1,-1,-1,-1,-1,-1,-1,-1,-1,-1,-1,-1,-1,-1,-1,-1,-1,-1,-1,-1,-1,0,0,0,0,0,0,-1,-1,-1,-1,-1,-1,-1,-1,-1,-1,-1,-1,0,0,0,0,0,0,-1,-1,-1,-1,-1,-1,-1,-1,-1,-1,-1,-1,-1,-1,False,False,0,0,False,209,0,0,0,0,0,0,0,0,0,0,0,0,0,0,0,1,
0,875,2026-02-23 12:18:07Z,LLM_Empathetic,6.917752,7.220045,6.615459,0.635503,0,1.615277,0,0,0,0,0,0,5.482521,4.345894,6.619157,0.592854,0.702737,0.482971,7.39096,6.226612,8.555309,0.60156,0,2.12396,7.179427,6.094803,8.264051,9.821314,10,9.468938,6.917752,7.220045,6.615459,0.635503,0,1.615277,0,0,0,0,0,0,5.482521,4.345894,6.619157,0.592854,0.702737,0.482971,7.39096,6.226612,8.555309,0.60156,0,2.12396,7.179427,6.094803,8.264051,9.821314,10,9.468938,-1,-1,-1,-1,-1,-1,-1,-1,-1,-1,-1,-1,-1,-1,-1,-1,-1,-1,-1,-1,-1,-1,-1,-1,-1,-1,-1,-1,-1,-1,-1,-1,-1,-1,-1,-1,-1,-1,-1,-1,-1,-1,-1,-1,-1,-1,-1,-1,-1,-1,0,0,0,0,0,0,-1,-1,-1,-1,-1,-1,-1,-1,-1,-1,-1,-1,0,0,0,0,0,0,-1,-1,-1,-1,-1,-1,-1,-1,-1,-1,-1,-1,-1,-1,False,False,0,0,False,209,0,0,0,0,0,0,0,0,0,0,0,0,0,0,0,1,
0,876,2026-02-23 12:18:07Z,LLM_Empathetic,6.917769,7.220047,6.61549,0.6354742,0,1.615261,0,0,0,0,0,0,5.482543,4.345901,6.619194,0.592854,0.702737,0.482971,7.39097,6.226606,8.555334,0.6015415,0,2.123942,7.179457,6.09482,8.264095,9.821374,10,9.469014,6.917769,7.220047,6.61549,0.6354742,0,1.615261,0,0,0,0,0,0,5.482543,4.345901,6.619194,0.592854,0.702737,0.482971,7.39097,6.226606,8.555334,0.6015415,0,2.123942,7.179457,6.09482,8.264095,9.821374,10,9.469014,-1,-1,-1,-1,-1,-1,-1,-1,-1,-1,-1,-1,-1,-1,-1,-1,-1,-1,-1,-1,-1,-1,-1,-1,-1,-1,-1,-1,-1,-1,-1,-1,-1,-1,-1,-1,-1,-1,-1,-1,-1,-1,-1,-1,-1,-1,-1,-1,-1,-1,0,0,0,0,0,0,-1,-1,-1,-1,-1,-1,-1,-1,-1,-1,-1,-1,0,0,0,0,0,0,-1,-1,-1,-1,-1,-1,-1,-1,-1,-1,-1,-1,-1,-1,False,False,0,0,False,207,0,0,0,0,0,0,0,0,0,0,0,0,0,0,0,1,
0,877,2026-02-23 12:18:07Z,LLM_Empathetic,6.917786,7.220051,6.615521,0.6354454,0,1.615245,0,0,0,0,0,0,5.482564,4.345909,6.61923,0.592854,0.702737,0.482971,7.39098,6.226601,8.555359,0.6015232,0,2.123924,7.179487,6.094836,8.264139,9.821435,10,9.46909,6.917786,7.220051,6.615521,0.6354454,0,1.615245,0,0,0,0,0,0,5.482564,4.345909,6.61923,0.592854,0.702737,0.482971,7.39098,6.226601,8.555359,0.6015232,0,2.123924,7.179487,6.094836,8.264139,9.821435,10,9.46909,-1,-1,-1,-1,-1,-1,-1,-1,-1,-1,-1,-1,-1,-1,-1,-1,-1,-1,-1,-1,-1,-1,-1,-1,-1,-1,-1,-1,-1,-1,-1,-1,-1,-1,-1,-1,-1,-1,-1,-1,-1,-1,-1,-1,-1,-1,-1,-1,-1,-1,0,0,0,0,0,0,-1,-1,-1,-1,-1,-1,-1,-1,-1,-1,-1,-1,0,0,0,0,0,0,-1,-1,-1,-1,-1,-1,-1,-1,-1,-1,-1,-1,-1,-1,False,False,0,0,False,207,0,0,0,0,0,0,0,0,0,0,0,0,0,0,0,1,
0,878,2026-02-23 12:18:07Z,LLM_Empathetic,6.917803,7.220054,6.615552,0.6354167,0,1.615229,0,0,0,0,0,0,5.482586,4.345916,6.619266,0.592854,0.702737,0.482971,7.39099,6.226596,8.555385,0.6015047,0,2.123905,7.179517,6.094852,8.264183,9.821495,10,9.469166,6.917803,7.220054,6.615552,0.6354167,0,1.615229,0,0,0,0,0,0,5.482586,4.345916,6.619266,0.592854,0.702737,0.482971,7.39099,6.226596,8.555385,0.6015047,0,2.123905,7.179517,6.094852,8.264183,9.821495,10,9.469166,-1,-1,-1,-1,-1,-1,-1,-1,-1,-1,-1,-1,-1,-1,-1,-1,-1,-1,-1,-1,-1,-1,-1,-1,-1,-1,-1,-1,-1,-1,-1,-1,-1,-1,-1,-1,-1,-1,-1,-1,-1,-1,-1,-1,-1,-1,-1,-1,-1,-1,0,0,0,0,0,0,-1,-1,-1,-1,-1,-1,-1,-1,-1,-1,-1,-1,0,0,0,0,0,0,-1,-1,-1,-1,-1,-1,-1,-1,-1,-1,-1,-1,-1,-1,False,False,0,0,False,209,0,0,0,0,0,0,0,0,0,0,0,0,0,0,0,1,
0,879,2026-02-23 12:18:07Z,LLM_Empathetic,6.917819,7.220057,6.615582,0.6353881,0,1.615213,0,0,0,0,0,0,5.482607,4.345923,6.619302,0.592854,0.702737,0.482971,7.391,6.226591,8.555409,0.6014864,0,2.123887,7.179547,6.094869,8.264227,9.821555,10,9.469241,6.917819,7.220057,6.615582,0.6353881,0,1.615213,0,0,0,0,0,0,5.482607,4.345923,6.619302,0.592854,0.702737,0.482971,7.391,6.226591,8.555409,0.6014864,0,2.123887,7.179547,6.094869,8.264227,9.821555,10,9.469241,-1,-1,-1,-1,-1,-1,-1,-1,-1,-1,-1,-1,-1,-1,-1,-1,-1,-1,-1,-1,-1,-1,-1,-1,-1,-1,-1,-1,-1,-1,-1,-1,-1,-1,-1,-1,-1,-1,-1,-1,-1,-1,-1,-1,-1,-1,-1,-1,-1,-1,0,0,0,0,0,0,-1,-1,-1,-1,-1,-1,-1,-1,-1,-1,-1,-1,0,0,0,0,0,0,-1,-1,-1,-1,-1,-1,-1,-1,-1,-1,-1,-1,-1,-1,False,False,0,0,False,207,0,0,0,0,0,0,0,0,0,0,0,0,0,0,0,1,
0,880,2026-02-23 12:18:07Z,LLM_Empathetic,6.917837,7.22006,6.615613,0.6353595,0,1.615198,0,0,0,0,0,0,5.482629,4.34593,6.619339,0.592854,0.702737,0.482971,7.39101,6.226586,8.555434,0.6014681,0,2.123868,7.179577,6.094885,8.264271,9.821615,10,9.469316,6.917837,7.22006,6.615613,0.6353595,0,1.615198,0,0,0,0,0,0,5.482629,4.34593,6.619339,0.592854,0.702737,0.482971,7.39101,6.226586,8.555434,0.6014681,0,2.123868,7.179577,6.094885,8.264271,9.821615,10,9.469316,-1,-1,-1,-1,-1,-1,-1,-1,-1,-1,-1,-1,-1,-1,-1,-1,-1,-1,-1,-1,-1,-1,-1,-1,-1,-1,-1,-1,-1,-1,-1,-1,-1,-1,-1,-1,-1,-1,-1,-1,-1,-1,-1,-1,-1,-1,-1,-1,-1,-1,0,0,0,0,0,0,-1,-1,-1,-1,-1,-1,-1,-1,-1,-1,-1,-1,0,0,0,0,0,0,-1,-1,-1,-1,-1,-1,-1,-1,-1,-1,-1,-1,-1,-1,False,False,0,0,False,209,0,0,0,0,0,0,0,0,0,0,0,0,0,0,0,1,
0,881,2026-02-23 12:18:07Z,LLM_Empathetic,6.917853,7.220063,6.615644,0.635331,0,1.615182,0,0,0,0,0,0,5.482651,4.345937,6.619374,0.592854,0.702737,0.482971,7.39102,6.226581,8.555459,0.6014498,0,2.12385,7.179607,6.094901,8.264315,9.821675,10,9.469391,6.917853,7.220063,6.615644,0.635331,0,1.615182,0,0,0,0,0,0,5.482651,4.345937,6.619374,0.592854,0.702737,0.482971,7.39102,6.226581,8.555459,0.6014498,0,2.12385,7.179607,6.094901,8.264315,9.821675,10,9.469391,-1,-1,-1,-1,-1,-1,-1,-1,-1,-1,-1,-1,-1,-1,-1,-1,-1,-1,-1,-1,-1,-1,-1,-1,-1,-1,-1,-1,-1,-1,-1,-1,-1,-1,-1,-1,-1,-1,-1,-1,-1,-1,-1,-1,-1,-1,-1,-1,-1,-1,0,0,0,0,0,0,-1,-1,-1,-1,-1,-1,-1,-1,-1,-1,-1,-1,0,0,0,0,0,0,-1,-1,-1,-1,-1,-1,-1,-1,-1,-1,-1,-1,-1,-1,False,False,0,0,False,209,0,0,0,0,0,0,0,0,0,0,0,0,0,0,0,1,
0,882,2026-02-23 12:18:07Z,LLM_Empathetic,6.91787,7.220066,6.615674,0.6353025,0,1.615166,0,0,0,0,0,0,5.482672,4.345944,6.619411,0.592854,0.702737,0.482971,7.391029,6.226576,8.555484,0.6014316,0,2.123832,7.179637,6.094917,8.264359,9.821734,10,9.469466,6.91787,7.220066,6.615674,0.6353025,0,1.615166,0,0,0,0,0,0,5.482672,4.345944,6.619411,0.592854,0.702737,0.482971,7.391029,6.226576,8.555484,0.6014316,0,2.123832,7.179637,6.094917,8.264359,9.821734,10,9.469466,-1,-1,-1,-1,-1,-1,-1,-1,-1,-1,-1,-1,-1,-1,-1,-1,-1,-1,-1,-1,-1,-1,-1,-1,-1,-1,-1,-1,-1,-1,-1,-1,-1,-1,-1,-1,-1,-1,-1,-1,-1,-1,-1,-1,-1,-1,-1,-1,-1,-1,0,0,0,0,0,0,-1,-1,-1,-1,-1,-1,-1,-1,-1,-1,-1,-1,0,0,0,0,0,0,-1,-1,-1,-1,-1,-1,-1,-1,-1,-1,-1,-1,-1,-1,False,False,0,0,False,207,0,0,0,0,0,0,0,0,0,0,0,0,0,0,0,1,
0,883,2026-02-23 12:18:07Z,LLM_Empathetic,6.917887,7.220069,6.615705,0.6352741,0,1.61515,0,0,0,0,0,0,5.482694,4.345952,6.619446,0.592854,0.702737,0.482971,7.391039,6.226571,8.555508,0.6014134,0,2.123814,7.179667,6.094934,8.264402,9.821795,10,9.469541,6.917887,7.220069,6.615705,0.6352741,0,1.61515,0,0,0,0,0,0,5.482694,4.345952,6.619446,0.592854,0.702737,0.482971,7.391039,6.226571,8.555508,0.6014134,0,2.123814,7.179667,6.094934,8.264402,9.821795,10,9.469541,-1,-1,-1,-1,-1,-1,-1,-1,-1,-1,-1,-1,-1,-1,-1,-1,-1,-1,-1,-1,-1,-1,-1,-1,-1,-1,-1,-1,-1,-1,-1,-1,-1,-1,-1,-1,-1,-1,-1,-1,-1,-1,-1,-1,-1,-1,-1,-1,-1,-1,0,0,0,0,0,0,-1,-1,-1,-1,-1,-1,-1,-1,-1,-1,-1,-1,0,0,0,0,0,0,-1,-1,-1,-1,-1,-1,-1,-1,-1,-1,-1,-1,-1,-1,False,False,0,0,False,209,0,0,0,0,0,0,0,0,0,0,0,0,0,0,0,1,
0,884,2026-02-23 12:18:07Z,LLM_Empathetic,6.917903,7.220072,6.615735,0.6352457,0,1.615135,0,0,0,0,0,0,5.482715,4.345959,6.619482,0.592854,0.702737,0.482971,7.391049,6.226566,8.555532,0.6013952,0,2.123796,7.179697,6.09495,8.264445,9.821854,10,9.469616,6.917903,7.220072,6.615735,0.6352457,0,1.615135,0,0,0,0,0,0,5.482715,4.345959,6.619482,0.592854,0.702737,0.482971,7.391049,6.226566,8.555532,0.6013952,0,2.123796,7.179697,6.09495,8.264445,9.821854,10,9.469616,-1,-1,-1,-1,-1,-1,-1,-1,-1,-1,-1,-1,-1,-1,-1,-1,-1,-1,-1,-1,-1,-1,-1,-1,-1,-1,-1,-1,-1,-1,-1,-1,-1,-1,-1,-1,-1,-1,-1,-1,-1,-1,-1,-1,-1,-1,-1,-1,-1,-1,0,0,0,0,0,0,-1,-1,-1,-1,-1,-1,-1,-1,-1,-1,-1,-1,0,0,0,0,0,0,-1,-1,-1,-1,-1,-1,-1,-1,-1,-1,-1,-1,-1,-1,False,False,0,0,False,207,0,0,0,0,0,0,0,0,0,0,0,0,0,0,0,1,
0,885,2026-02-23 12:18:07Z,LLM_Empathetic,6.91792,7.220075,6.615765,0.6352174,0,1.615119,0,0,0,0,0,0,5.482737,4.345966,6.619518,0.592854,0.702737,0.482971,7.391059,6.226561,8.555557,0.6013771,0,2.123777,7.179727,6.094965,8.264489,9.821913,10,9.46969,6.91792,7.220075,6.615765,0.6352174,0,1.615119,0,0,0,0,0,0,5.482737,4.345966,6.619518,0.592854,0.702737,0.482971,7.391059,6.226561,8.555557,0.6013771,0,2.123777,7.179727,6.094965,8.264489,9.821913,10,9.46969,-1,-1,-1,-1,-1,-1,-1,-1,-1,-1,-1,-1,-1,-1,-1,-1,-1,-1,-1,-1,-1,-1,-1,-1,-1,-1,-1,-1,-1,-1,-1,-1,-1,-1,-1,-1,-1,-1,-1,-1,-1,-1,-1,-1,-1,-1,-1,-1,-1,-1,0,0,0,0,0,0,-1,-1,-1,-1,-1,-1,-1,-1,-1,-1,-1,-1,0,0,0,0,0,0,-1,-1,-1,-1,-1,-1,-1,-1,-1,-1,-1,-1,-1,-1,False,False,0,0,False,207,0,0,0,0,0,0,0,0,0,0,0,0,0,0,0,1,
0,886,2026-02-23 12:18:07Z,LLM_Empathetic,6.917937,7.220078,6.615796,0.6351892,0,1.615104,0,0,0,0,0,0,5.482758,4.345973,6.619554,0.592854,0.702737,0.482971,7.391068,6.226556,8.555582,0.601359,0,2.12376,7.179757,6.094982,8.264532,9.821973,10,9.469765,6.917937,7.220078,6.615796,0.6351892,0,1.615104,0,0,0,0,0,0,5.482758,4.345973,6.619554,0.592854,0.702737,0.482971,7.391068,6.226556,8.555582,0.601359,0,2.12376,7.179757,6.094982,8.264532,9.821973,10,9.469765,-1,-1,-1,-1,-1,-1,-1,-1,-1,-1,-1,-1,-1,-1,-1,-1,-1,-1,-1,-1,-1,-1,-1,-1,-1,-1,-1,-1,-1,-1,-1,-1,-1,-1,-1,-1,-1,-1,-1,-1,-1,-1,-1,-1,-1,-1,-1,-1,-1,-1,0,0,0,0,0,0,-1,-1,-1,-1,-1,-1,-1,-1,-1,-1,-1,-1,0,0,0,0,0,0,-1,-1,-1,-1,-1,-1,-1,-1,-1,-1,-1,-1,-1,-1,False,False,0,0,False,209,0,0,0,0,0,0,0,0,0,0,0,0,0,0,0,1,
0,887,2026-02-23 12:18:07Z,LLM_Empathetic,6.917953,7.220081,6.615826,0.635161,0,1.615088,0,0,0,0,0,0,5.48278,4.34598,6.619589,0.592854,0.702737,0.482971,7.391078,6.226551,8.555606,0.6013409,0,2.123741,7.179786,6.094998,8.264575,9.822032,10,9.469839,6.917953,7.220081,6.615826,0.635161,0,1.615088,0,0,0,0,0,0,5.48278,4.34598,6.619589,0.592854,0.702737,0.482971,7.391078,6.226551,8.555606,0.6013409,0,2.123741,7.179786,6.094998,8.264575,9.822032,10,9.469839,-1,-1,-1,-1,-1,-1,-1,-1,-1,-1,-1,-1,-1,-1,-1,-1,-1,-1,-1,-1,-1,-1,-1,-1,-1,-1,-1,-1,-1,-1,-1,-1,-1,-1,-1,-1,-1,-1,-1,-1,-1,-1,-1,-1,-1,-1,-1,-1,-1,-1,0,0,0,0,0,0,-1,-1,-1,-1,-1,-1,-1,-1,-1,-1,-1,-1,0,0,0,0,0,0,-1,-1,-1,-1,-1,-1,-1,-1,-1,-1,-1,-1,-1,-1,False,False,0,0,False,209,0,0,0,0,0,0,0,0,0,0,0,0,0,0,0,1,
0,888,2026-02-23 12:18:07Z,LLM_Empathetic,6.91797,7.220084,6.615856,0.6351328,0,1.615072,0,0,0,0,0,0,5.4828,4.345987,6.619625,0.592854,0.702737,0.482971,7.391088,6.226546,8.555631,0.6013229,0,2.123723,7.179816,6.095014,8.264619,9.822091,10,9.469913,6.91797,7.220084,6.615856,0.6351328,0,1.615072,0,0,0,0,0,0,5.4828,4.345987,6.619625,0.592854,0.702737,0.482971,7.391088,6.226546,8.555631,0.6013229,0,2.123723,7.179816,6.095014,8.264619,9.822091,10,9.469913,-1,-1,-1,-1,-1,-1,-1,-1,-1,-1,-1,-1,-1,-1,-1,-1,-1,-1,-1,-1,-1,-1,-1,-1,-1,-1,-1,-1,-1,-1,-1,-1,-1,-1,-1,-1,-1,-1,-1,-1,-1,-1,-1,-1,-1,-1,-1,-1,-1,-1,0,0,0,0,0,0,-1,-1,-1,-1,-1,-1,-1,-1,-1,-1,-1,-1,0,0,0,0,0,0,-1,-1,-1,-1,-1,-1,-1,-1,-1,-1,-1,-1,-1,-1,False,False,0,0,False,209,0,0,0,0,0,0,0,0,0,0,0,0,0,0,0,1,
0,889,2026-02-23 12:18:07Z,LLM_Empathetic,6.917986,7.220087,6.615886,0.6351047,0,1.615057,0,0,0,0,0,0,5.482822,4.345994,6.61966,0.592854,0.702737,0.482971,7.391098,6.226541,8.555655,0.6013049,0,2.123705,7.179845,6.09503,8.264662,9.82215,10,9.469987,6.917986,7.220087,6.615886,0.6351047,0,1.615057,0,0,0,0,0,0,5.482822,4.345994,6.61966,0.592854,0.702737,0.482971,7.391098,6.226541,8.555655,0.6013049,0,2.123705,7.179845,6.09503,8.264662,9.82215,10,9.469987,-1,-1,-1,-1,-1,-1,-1,-1,-1,-1,-1,-1,-1,-1,-1,-1,-1,-1,-1,-1,-1,-1,-1,-1,-1,-1,-1,-1,-1,-1,-1,-1,-1,-1,-1,-1,-1,-1,-1,-1,-1,-1,-1,-1,-1,-1,-1,-1,-1,-1,0,0,0,0,0,0,-1,-1,-1,-1,-1,-1,-1,-1,-1,-1,-1,-1,0,0,0,0,0,0,-1,-1,-1,-1,-1,-1,-1,-1,-1,-1,-1,-1,-1,-1,False,False,0,0,False,209,0,0,0,0,0,0,0,0,0,0,0,0,0,0,0,1,
0,890,2026-02-23 12:18:07Z,LLM_Empathetic,6.918003,7.22009,6.615916,0.6350766,0,1.615042,0,0,0,0,0,0,5.482843,4.346001,6.619696,0.592854,0.702737,0.482971,7.391108,6.226536,8.555679,0.601287,0,2.123687,7.179875,6.095046,8.264705,9.822208,10,9.470061,6.918003,7.22009,6.615916,0.6350766,0,1.615042,0,0,0,0,0,0,5.482843,4.346001,6.619696,0.592854,0.702737,0.482971,7.391108,6.226536,8.555679,0.601287,0,2.123687,7.179875,6.095046,8.264705,9.822208,10,9.470061,-1,-1,-1,-1,-1,-1,-1,-1,-1,-1,-1,-1,-1,-1,-1,-1,-1,-1,-1,-1,-1,-1,-1,-1,-1,-1,-1,-1,-1,-1,-1,-1,-1,-1,-1,-1,-1,-1,-1,-1,-1,-1,-1,-1,-1,-1,-1,-1,-1,-1,0,0,0,0,0,0,-1,-1,-1,-1,-1,-1,-1,-1,-1,-1,-1,-1,0,0,0,0,0,0,-1,-1,-1,-1,-1,-1,-1,-1,-1,-1,-1,-1,-1,-1,False,False,0,0,False,209,0,0,0,0,0,0,0,0,0,0,0,0,0,0,0,1,
0,891,2026-02-23 12:18:07Z,LLM_Empathetic,6.918019,7.220093,6.615946,0.6350487,0,1.615026,0,0,0,0,0,0,5.482864,4.346008,6.619731,0.592854,0.702737,0.482971,7.391117,6.226531,8.555704,0.6012691,0,2.123669,7.179904,6.095062,8.264748,9.822268,10,9.470135,6.918019,7.220093,6.615946,0.6350487,0,1.615026,0,0,0,0,0,0,5.482864,4.346008,6.619731,0.592854,0.702737,0.482971,7.391117,6.226531,8.555704,0.6012691,0,2.123669,7.179904,6.095062,8.264748,9.822268,10,9.470135,-1,-1,-1,-1,-1,-1,-1,-1,-1,-1,-1,-1,-1,-1,-1,-1,-1,-1,-1,-1,-1,-1,-1,-1,-1,-1,-1,-1,-1,-1,-1,-1,-1,-1,-1,-1,-1,-1,-1,-1,-1,-1,-1,-1,-1,-1,-1,-1,-1,-1,0,0,0,0,0,0,-1,-1,-1,-1,-1,-1,-1,-1,-1,-1,-1,-1,0,0,0,0,0,0,-1,-1,-1,-1,-1,-1,-1,-1,-1,-1,-1,-1,-1,-1,False,False,0,0,False,207,0,0,0,0,0,0,0,0,0,0,0,0,0,0,0,1,
0,892,2026-02-23 12:18:07Z,LLM_Empathetic,6.918036,7.220096,6.615976,0.6350207,0,1.615011,0,0,0,0,0,0,5.482885,4.346015,6.619766,0.592854,0.702737,0.482971,7.391127,6.226526,8.555728,0.6012511,0,2.123652,7.179934,6.095078,8.264791,9.822326,10,9.470208,6.918036,7.220096,6.615976,0.6350207,0,1.615011,0,0,0,0,0,0,5.482885,4.346015,6.619766,0.592854,0.702737,0.482971,7.391127,6.226526,8.555728,0.6012511,0,2.123652,7.179934,6.095078,8.264791,9.822326,10,9.470208,-1,-1,-1,-1,-1,-1,-1,-1,-1,-1,-1,-1,-1,-1,-1,-1,-1,-1,-1,-1,-1,-1,-1,-1,-1,-1,-1,-1,-1,-1,-1,-1,-1,-1,-1,-1,-1,-1,-1,-1,-1,-1,-1,-1,-1,-1,-1,-1,-1,-1,0,0,0,0,0,0,-1,-1,-1,-1,-1,-1,-1,-1,-1,-1,-1,-1,0,0,0,0,0,0,-1,-1,-1,-1,-1,-1,-1,-1,-1,-1,-1,-1,-1,-1,False,False,0,0,False,209,0,0,0,0,0,0,0,0,0,0,0,0,0,0,0,1,
0,893,2026-02-23 12:18:07Z,LLM_Empathetic,6.918052,7.220099,6.616005,0.6349928,0,1.614995,0,0,0,0,0,0,5.482907,4.346022,6.619802,0.592854,0.702737,0.482971,7.391136,6.226521,8.555752,0.6012333,0,2.123634,7.179963,6.095093,8.264833,9.822385,10,9.470282,6.918052,7.220099,6.616005,0.6349928,0,1.614995,0,0,0,0,0,0,5.482907,4.346022,6.619802,0.592854,0.702737,0.482971,7.391136,6.226521,8.555752,0.6012333,0,2.123634,7.179963,6.095093,8.264833,9.822385,10,9.470282,-1,-1,-1,-1,-1,-1,-1,-1,-1,-1,-1,-1,-1,-1,-1,-1,-1,-1,-1,-1,-1,-1,-1,-1,-1,-1,-1,-1,-1,-1,-1,-1,-1,-1,-1,-1,-1,-1,-1,-1,-1,-1,-1,-1,-1,-1,-1,-1,-1,-1,0,0,0,0,0,0,-1,-1,-1,-1,-1,-1,-1,-1,-1,-1,-1,-1,0,0,0,0,0,0,-1,-1,-1,-1,-1,-1,-1,-1,-1,-1,-1,-1,-1,-1,False,False,0,0,False,209,0,0,0,0,0,0,0,0,0,0,0,0,0,0,0,1,
0,894,2026-02-23 12:18:07Z,LLM_Empathetic,6.918069,7.220102,6.616035,0.634965,0,1.61498,0,0,0,0,0,0,5.482928,4.346029,6.619837,0.592854,0.702737,0.482971,7.391146,6.226516,8.555777,0.6012155,0,2.123616,7.179992,6.095109,8.264875,9.822443,10,9.470355,6.918069,7.220102,6.616035,0.634965,0,1.61498,0,0,0,0,0,0,5.482928,4.346029,6.619837,0.592854,0.702737,0.482971,7.391146,6.226516,8.555777,0.6012155,0,2.123616,7.179992,6.095109,8.264875,9.822443,10,9.470355,-1,-1,-1,-1,-1,-1,-1,-1,-1,-1,-1,-1,-1,-1,-1,-1,-1,-1,-1,-1,-1,-1,-1,-1,-1,-1,-1,-1,-1,-1,-1,-1,-1,-1,-1,-1,-1,-1,-1,-1,-1,-1,-1,-1,-1,-1,-1,-1,-1,-1,0,0,0,0,0,0,-1,-1,-1,-1,-1,-1,-1,-1,-1,-1,-1,-1,0,0,0,0,0,0,-1,-1,-1,-1,-1,-1,-1,-1,-1,-1,-1,-1,-1,-1,False,False,0,0,False,209,0,0,0,0,0,0,0,0,0,0,0,0,0,0,0,1,
0,895,2026-02-23 12:18:07Z,LLM_Empathetic,6.918085,7.220105,6.616065,0.6349372,0,1.614965,0,0,0,0,0,0,5.482949,4.346036,6.619872,0.592854,0.702737,0.482971,7.391156,6.226511,8.5558,0.6011977,0,2.123598,7.180021,6.095125,8.264918,9.822501,10,9.470428,6.918085,7.220105,6.616065,0.6349372,0,1.614965,0,0,0,0,0,0,5.482949,4.346036,6.619872,0.592854,0.702737,0.482971,7.391156,6.226511,8.5558,0.6011977,0,2.123598,7.180021,6.095125,8.264918,9.822501,10,9.470428,-1,-1,-1,-1,-1,-1,-1,-1,-1,-1,-1,-1,-1,-1,-1,-1,-1,-1,-1,-1,-1,-1,-1,-1,-1,-1,-1,-1,-1,-1,-1,-1,-1,-1,-1,-1,-1,-1,-1,-1,-1,-1,-1,-1,-1,-1,-1,-1,-1,-1,0,0,0,0,0,0,-1,-1,-1,-1,-1,-1,-1,-1,-1,-1,-1,-1,0,0,0,0,0,0,-1,-1,-1,-1,-1,-1,-1,-1,-1,-1,-1,-1,-1,-1,False,False,0,0,False,207,0,0,0,0,0,0,0,0,0,0,0,0,0,0,0,1,
0,896,2026-02-23 12:18:07Z,LLM_Empathetic,6.918101,7.220108,6.616095,0.6349095,0,1.614949,0,0,0,0,0,0,5.48297,4.346043,6.619907,0.592854,0.702737,0.482971,7.391165,6.226506,8.555824,0.6011799,0,2.12358,7.18005,6.095141,8.264961,9.822559,10,9.470502,6.918101,7.220108,6.616095,0.6349095,0,1.614949,0,0,0,0,0,0,5.48297,4.346043,6.619907,0.592854,0.702737,0.482971,7.391165,6.226506,8.555824,0.6011799,0,2.12358,7.18005,6.095141,8.264961,9.822559,10,9.470502,-1,-1,-1,-1,-1,-1,-1,-1,-1,-1,-1,-1,-1,-1,-1,-1,-1,-1,-1,-1,-1,-1,-1,-1,-1,-1,-1,-1,-1,-1,-1,-1,-1,-1,-1,-1,-1,-1,-1,-1,-1,-1,-1,-1,-1,-1,-1,-1,-1,-1,0,0,0,0,0,0,-1,-1,-1,-1,-1,-1,-1,-1,-1,-1,-1,-1,0,0,0,0,0,0,-1,-1,-1,-1,-1,-1,-1,-1,-1,-1,-1,-1,-1,-1,False,False,0,0,False,207,0,0,0,0,0,0,0,0,0,0,0,0,0,0,0,1,
0,897,2026-02-23 12:18:07Z,LLM_Empathetic,6.918118,7.22011,6.616125,0.6348817,0,1.614934,0,0,0,0,0,0,5.482991,4.34605,6.619942,0.592854,0.702737,0.482971,7.391175,6.226501,8.555848,0.6011622,0,2.123563,7.180079,6.095157,8.265003,9.822618,10,9.470574,6.918118,7.22011,6.616125,0.6348817,0,1.614934,0,0,0,0,0,0,5.482991,4.34605,6.619942,0.592854,0.702737,0.482971,7.391175,6.226501,8.555848,0.6011622,0,2.123563,7.180079,6.095157,8.265003,9.822618,10,9.470574,-1,-1,-1,-1,-1,-1,-1,-1,-1,-1,-1,-1,-1,-1,-1,-1,-1,-1,-1,-1,-1,-1,-1,-1,-1,-1,-1,-1,-1,-1,-1,-1,-1,-1,-1,-1,-1,-1,-1,-1,-1,-1,-1,-1,-1,-1,-1,-1,-1,-1,0,0,0,0,0,0,-1,-1,-1,-1,-1,-1,-1,-1,-1,-1,-1,-1,0,0,0,0,0,0,-1,-1,-1,-1,-1,-1,-1,-1,-1,-1,-1,-1,-1,-1,False,False,0,0,False,207,0,0,0,0,0,0,0,0,0,0,0,0,0,0,0,1,
0,898,2026-02-23 12:18:07Z,LLM_Empathetic,6.918134,7.220114,6.616154,0.6348541,0,1.614919,0,0,0,0,0,0,5.483012,4.346056,6.619977,0.592854,0.702737,0.482971,7.391184,6.226496,8.555873,0.6011445,0,2.123545,7.180109,6.095172,8.265045,9.822676,10,9.470647,6.918134,7.220114,6.616154,0.6348541,0,1.614919,0,0,0,0,0,0,5.483012,4.346056,6.619977,0.592854,0.702737,0.482971,7.391184,6.226496,8.555873,0.6011445,0,2.123545,7.180109,6.095172,8.265045,9.822676,10,9.470647,-1,-1,-1,-1,-1,-1,-1,-1,-1,-1,-1,-1,-1,-1,-1,-1,-1,-1,-1,-1,-1,-1,-1,-1,-1,-1,-1,-1,-1,-1,-1,-1,-1,-1,-1,-1,-1,-1,-1,-1,-1,-1,-1,-1,-1,-1,-1,-1,-1,-1,0,0,0,0,0,0,-1,-1,-1,-1,-1,-1,-1,-1,-1,-1,-1,-1,0,0,0,0,0,0,-1,-1,-1,-1,-1,-1,-1,-1,-1,-1,-1,-1,-1,-1,False,False,0,0,False,209,0,0,0,0,0,0,0,0,0,0,0,0,0,0,0,1,
0,899,2026-02-23 12:18:07Z,LLM_Empathetic,6.91815,7.220117,6.616184,0.6348265,0,1.614904,0,0,0,0,0,0,5.483032,4.346064,6.620012,0.592854,0.702737,0.482971,7.391194,6.226491,8.555897,0.6011268,0,2.123527,7.180138,6.095188,8.265088,9.822734,10,9.47072,6.91815,7.220117,6.616184,0.6348265,0,1.614904,0,0,0,0,0,0,5.483032,4.346064,6.620012,0.592854,0.702737,0.482971,7.391194,6.226491,8.555897,0.6011268,0,2.123527,7.180138,6.095188,8.265088,9.822734,10,9.47072,-1,-1,-1,-1,-1,-1,-1,-1,-1,-1,-1,-1,-1,-1,-1,-1,-1,-1,-1,-1,-1,-1,-1,-1,-1,-1,-1,-1,-1,-1,-1,-1,-1,-1,-1,-1,-1,-1,-1,-1,-1,-1,-1,-1,-1,-1,-1,-1,-1,-1,0,0,0,0,0,0,-1,-1,-1,-1,-1,-1,-1,-1,-1,-1,-1,-1,0,0,0,0,0,0,-1,-1,-1,-1,-1,-1,-1,-1,-1,-1,-1,-1,-1,-1,False,False,0,0,False,209,0,0,0,0,0,0,0,0,0,0,0,0,0,0,0,1,
0,900,2026-02-23 12:18:07Z,LLM_Empathetic,6.918166,7.220119,6.616213,0.634799,0,1.614888,0,0,0,0,0,0,5.483053,4.34607,6.620047,0.592854,0.702737,0.482971,7.391203,6.226487,8.555921,0.6011091,0,2.12351,7.180166,6.095204,8.26513,9.822791,10,9.470793,6.918166,7.220119,6.616213,0.634799,0,1.614888,0,0,0,0,0,0,5.483053,4.34607,6.620047,0.592854,0.702737,0.482971,7.391203,6.226487,8.555921,0.6011091,0,2.12351,7.180166,6.095204,8.26513,9.822791,10,9.470793,-1,-1,-1,-1,-1,-1,-1,-1,-1,-1,-1,-1,-1,-1,-1,-1,-1,-1,-1,-1,-1,-1,-1,-1,-1,-1,-1,-1,-1,-1,-1,-1,-1,-1,-1,-1,-1,-1,-1,-1,-1,-1,-1,-1,-1,-1,-1,-1,-1,-1,0,0,0,0,0,0,-1,-1,-1,-1,-1,-1,-1,-1,-1,-1,-1,-1,0,0,0,0,0,0,-1,-1,-1,-1,-1,-1,-1,-1,-1,-1,-1,-1,-1,-1,False,False,0,0,False,209,0,0,0,0,0,0,0,0,0,0,0,0,0,0,0,1,
0,901,2026-02-23 12:18:07Z,LLM_Empathetic,6.918182,7.220122,6.616242,0.6347715,0,1.614873,0,0,0,0,0,0,5.483074,4.346077,6.620081,0.592854,0.702737,0.482971,7.391213,6.226481,8.555944,0.6010916,0,2.123492,7.180195,6.095219,8.265172,9.822849,10,9.470865,6.918182,7.220122,6.616242,0.6347715,0,1.614873,0,0,0,0,0,0,5.483074,4.346077,6.620081,0.592854,0.702737,0.482971,7.391213,6.226481,8.555944,0.6010916,0,2.123492,7.180195,6.095219,8.265172,9.822849,10,9.470865,-1,-1,-1,-1,-1,-1,-1,-1,-1,-1,-1,-1,-1,-1,-1,-1,-1,-1,-1,-1,-1,-1,-1,-1,-1,-1,-1,-1,-1,-1,-1,-1,-1,-1,-1,-1,-1,-1,-1,-1,-1,-1,-1,-1,-1,-1,-1,-1,-1,-1,0,0,0,0,0,0,-1,-1,-1,-1,-1,-1,-1,-1,-1,-1,-1,-1,0,0,0,0,0,0,-1,-1,-1,-1,-1,-1,-1,-1,-1,-1,-1,-1,-1,-1,False,False,0,0,False,207,0,0,0,0,0,0,0,0,0,0,0,0,0,0,0,1,
0,902,2026-02-23 12:18:08Z,LLM_Empathetic,6.918199,7.220125,6.616272,0.634744,0,1.614858,0,0,0,0,0,0,5.483095,4.346084,6.620116,0.592854,0.702737,0.482971,7.391222,6.226477,8.555968,0.601074,0,2.123474,7.180224,6.095235,8.265214,9.822906,10,9.470937,6.918199,7.220125,6.616272,0.634744,0,1.614858,0,0,0,0,0,0,5.483095,4.346084,6.620116,0.592854,0.702737,0.482971,7.391222,6.226477,8.555968,0.601074,0,2.123474,7.180224,6.095235,8.265214,9.822906,10,9.470937,-1,-1,-1,-1,-1,-1,-1,-1,-1,-1,-1,-1,-1,-1,-1,-1,-1,-1,-1,-1,-1,-1,-1,-1,-1,-1,-1,-1,-1,-1,-1,-1,-1,-1,-1,-1,-1,-1,-1,-1,-1,-1,-1,-1,-1,-1,-1,-1,-1,-1,0,0,0,0,0,0,-1,-1,-1,-1,-1,-1,-1,-1,-1,-1,-1,-1,0,0,0,0,0,0,-1,-1,-1,-1,-1,-1,-1,-1,-1,-1,-1,-1,-1,-1,False,False,0,0,False,209,0,0,0,0,0,0,0,0,0,0,0,0,0,0,0,1,
0,903,2026-02-23 12:18:08Z,LLM_Empathetic,6.918215,7.220128,6.616301,0.6347167,0,1.614843,0,0,0,0,0,0,5.483116,4.346091,6.620151,0.592854,0.702737,0.482971,7.391232,6.226472,8.555992,0.6010565,0,2.123457,7.180253,6.095251,8.265256,9.822964,10,9.471009,6.918215,7.220128,6.616301,0.6347167,0,1.614843,0,0,0,0,0,0,5.483116,4.346091,6.620151,0.592854,0.702737,0.482971,7.391232,6.226472,8.555992,0.6010565,0,2.123457,7.180253,6.095251,8.265256,9.822964,10,9.471009,-1,-1,-1,-1,-1,-1,-1,-1,-1,-1,-1,-1,-1,-1,-1,-1,-1,-1,-1,-1,-1,-1,-1,-1,-1,-1,-1,-1,-1,-1,-1,-1,-1,-1,-1,-1,-1,-1,-1,-1,-1,-1,-1,-1,-1,-1,-1,-1,-1,-1,0,0,0,0,0,0,-1,-1,-1,-1,-1,-1,-1,-1,-1,-1,-1,-1,0,0,0,0,0,0,-1,-1,-1,-1,-1,-1,-1,-1,-1,-1,-1,-1,-1,-1,False,False,0,0,False,209,0,0,0,0,0,0,0,0,0,0,0,0,0,0,0,1,
0,904,2026-02-23 12:18:08Z,LLM_Empathetic,6.918231,7.220131,6.616331,0.6346893,0,1.614828,0,0,0,0,0,0,5.483136,4.346098,6.620185,0.592854,0.702737,0.482971,7.391241,6.226467,8.556015,0.6010389,0,2.123439,7.180282,6.095266,8.265298,9.823022,10,9.471081,6.918231,7.220131,6.616331,0.6346893,0,1.614828,0,0,0,0,0,0,5.483136,4.346098,6.620185,0.592854,0.702737,0.482971,7.391241,6.226467,8.556015,0.6010389,0,2.123439,7.180282,6.095266,8.265298,9.823022,10,9.471081,-1,-1,-1,-1,-1,-1,-1,-1,-1,-1,-1,-1,-1,-1,-1,-1,-1,-1,-1,-1,-1,-1,-1,-1,-1,-1,-1,-1,-1,-1,-1,-1,-1,-1,-1,-1,-1,-1,-1,-1,-1,-1,-1,-1,-1,-1,-1,-1,-1,-1,0,0,0,0,0,0,-1,-1,-1,-1,-1,-1,-1,-1,-1,-1,-1,-1,0,0,0,0,0,0,-1,-1,-1,-1,-1,-1,-1,-1,-1,-1,-1,-1,-1,-1,False,False,0,0,False,207,0,0,0,0,0,0,0,0,0,0,0,0,0,0,0,1,
0,905,2026-02-23 12:18:08Z,LLM_Empathetic,6.918247,7.220134,6.61636,0.6346621,0,1.614813,0,0,0,0,0,0,5.483157,4.346105,6.620219,0.592854,0.702737,0.482971,7.391251,6.226462,8.556039,0.6010215,0,2.123422,7.18031,6.095282,8.26534,9.823079,10,9.471153,6.918247,7.220134,6.61636,0.6346621,0,1.614813,0,0,0,0,0,0,5.483157,4.346105,6.620219,0.592854,0.702737,0.482971,7.391251,6.226462,8.556039,0.6010215,0,2.123422,7.18031,6.095282,8.26534,9.823079,10,9.471153,-1,-1,-1,-1,-1,-1,-1,-1,-1,-1,-1,-1,-1,-1,-1,-1,-1,-1,-1,-1,-1,-1,-1,-1,-1,-1,-1,-1,-1,-1,-1,-1,-1,-1,-1,-1,-1,-1,-1,-1,-1,-1,-1,-1,-1,-1,-1,-1,-1,-1,0,0,0,0,0,0,-1,-1,-1,-1,-1,-1,-1,-1,-1,-1,-1,-1,0,0,0,0,0,0,-1,-1,-1,-1,-1,-1,-1,-1,-1,-1,-1,-1,-1,-1,False,False,0,0,False,207,0,0,0,0,0,0,0,0,0,0,0,0,0,0,0,1,
0,906,2026-02-23 12:18:08Z,LLM_Empathetic,6.918263,7.220137,6.616389,0.6346349,0,1.614798,0,0,0,0,0,0,5.483178,4.346111,6.620254,0.592854,0.702737,0.482971,7.39126,6.226458,8.556063,0.6010041,0,2.123405,7.180339,6.095297,8.265382,9.823136,10,9.471225,6.918263,7.220137,6.616389,0.6346349,0,1.614798,0,0,0,0,0,0,5.483178,4.346111,6.620254,0.592854,0.702737,0.482971,7.39126,6.226458,8.556063,0.6010041,0,2.123405,7.180339,6.095297,8.265382,9.823136,10,9.471225,-1,-1,-1,-1,-1,-1,-1,-1,-1,-1,-1,-1,-1,-1,-1,-1,-1,-1,-1,-1,-1,-1,-1,-1,-1,-1,-1,-1,-1,-1,-1,-1,-1,-1,-1,-1,-1,-1,-1,-1,-1,-1,-1,-1,-1,-1,-1,-1,-1,-1,0,0,0,0,0,0,-1,-1,-1,-1,-1,-1,-1,-1,-1,-1,-1,-1,0,0,0,0,0,0,-1,-1,-1,-1,-1,-1,-1,-1,-1,-1,-1,-1,-1,-1,False,False,0,0,False,209,0,0,0,0,0,0,0,0,0,0,0,0,0,0,0,1,
0,907,2026-02-23 12:18:08Z,LLM_Empathetic,6.918279,7.22014,6.616418,0.6346077,0,1.614783,0,0,0,0,0,0,5.483198,4.346118,6.620288,0.592854,0.702737,0.482971,7.391269,6.226452,8.556087,0.6009867,0,2.123387,7.180367,6.095313,8.265423,9.823193,10,9.471296,6.918279,7.22014,6.616418,0.6346077,0,1.614783,0,0,0,0,0,0,5.483198,4.346118,6.620288,0.592854,0.702737,0.482971,7.391269,6.226452,8.556087,0.6009867,0,2.123387,7.180367,6.095313,8.265423,9.823193,10,9.471296,-1,-1,-1,-1,-1,-1,-1,-1,-1,-1,-1,-1,-1,-1,-1,-1,-1,-1,-1,-1,-1,-1,-1,-1,-1,-1,-1,-1,-1,-1,-1,-1,-1,-1,-1,-1,-1,-1,-1,-1,-1,-1,-1,-1,-1,-1,-1,-1,-1,-1,0,0,0,0,0,0,-1,-1,-1,-1,-1,-1,-1,-1,-1,-1,-1,-1,0,0,0,0,0,0,-1,-1,-1,-1,-1,-1,-1,-1,-1,-1,-1,-1,-1,-1,False,False,0,0,False,209,0,0,0,0,0,0,0,0,0,0,0,0,0,0,0,1,
0,908,2026-02-23 12:18:08Z,LLM_Empathetic,6.918295,7.220143,6.616447,0.6345805,0,1.614768,0,0,0,0,0,0,5.483219,4.346125,6.620323,0.592854,0.702737,0.482971,7.391279,6.226448,8.556109,0.6009693,0,2.12337,7.180396,6.095328,8.265465,9.82325,10,9.471368,6.918295,7.220143,6.616447,0.6345805,0,1.614768,0,0,0,0,0,0,5.483219,4.346125,6.620323,0.592854,0.702737,0.482971,7.391279,6.226448,8.556109,0.6009693,0,2.12337,7.180396,6.095328,8.265465,9.82325,10,9.471368,-1,-1,-1,-1,-1,-1,-1,-1,-1,-1,-1,-1,-1,-1,-1,-1,-1,-1,-1,-1,-1,-1,-1,-1,-1,-1,-1,-1,-1,-1,-1,-1,-1,-1,-1,-1,-1,-1,-1,-1,-1,-1,-1,-1,-1,-1,-1,-1,-1,-1,0,0,0,0,0,0,-1,-1,-1,-1,-1,-1,-1,-1,-1,-1,-1,-1,0,0,0,0,0,0,-1,-1,-1,-1,-1,-1,-1,-1,-1,-1,-1,-1,-1,-1,False,False,0,0,False,209,0,0,0,0,0,0,0,0,0,0,0,0,0,0,0,1,
0,909,2026-02-23 12:18:08Z,LLM_Empathetic,6.918311,7.220146,6.616476,0.6345534,0,1.614753,0,0,0,0,0,0,5.483239,4.346132,6.620357,0.592854,0.702737,0.482971,7.391288,6.226443,8.556133,0.6009519,0,2.123352,7.180424,6.095344,8.265507,9.823307,10,9.471439,6.918311,7.220146,6.616476,0.6345534,0,1.614753,0,0,0,0,0,0,5.483239,4.346132,6.620357,0.592854,0.702737,0.482971,7.391288,6.226443,8.556133,0.6009519,0,2.123352,7.180424,6.095344,8.265507,9.823307,10,9.471439,-1,-1,-1,-1,-1,-1,-1,-1,-1,-1,-1,-1,-1,-1,-1,-1,-1,-1,-1,-1,-1,-1,-1,-1,-1,-1,-1,-1,-1,-1,-1,-1,-1,-1,-1,-1,-1,-1,-1,-1,-1,-1,-1,-1,-1,-1,-1,-1,-1,-1,0,0,0,0,0,0,-1,-1,-1,-1,-1,-1,-1,-1,-1,-1,-1,-1,0,0,0,0,0,0,-1,-1,-1,-1,-1,-1,-1,-1,-1,-1,-1,-1,-1,-1,False,False,0,0,False,209,0,0,0,0,0,0,0,0,0,0,0,0,0,0,0,1,
0,910,2026-02-23 12:18:08Z,LLM_Empathetic,6.918327,7.220149,6.616505,0.6345264,0,1.614738,0,0,0,0,0,0,5.48326,4.346138,6.620391,0.592854,0.702737,0.482971,7.391297,6.226438,8.556157,0.6009346,0,2.123335,7.180453,6.095359,8.265548,9.823363,10,9.471511,6.918327,7.220149,6.616505,0.6345264,0,1.614738,0,0,0,0,0,0,5.48326,4.346138,6.620391,0.592854,0.702737,0.482971,7.391297,6.226438,8.556157,0.6009346,0,2.123335,7.180453,6.095359,8.265548,9.823363,10,9.471511,-1,-1,-1,-1,-1,-1,-1,-1,-1,-1,-1,-1,-1,-1,-1,-1,-1,-1,-1,-1,-1,-1,-1,-1,-1,-1,-1,-1,-1,-1,-1,-1,-1,-1,-1,-1,-1,-1,-1,-1,-1,-1,-1,-1,-1,-1,-1,-1,-1,-1,0,0,0,0,0,0,-1,-1,-1,-1,-1,-1,-1,-1,-1,-1,-1,-1,0,0,0,0,0,0,-1,-1,-1,-1,-1,-1,-1,-1,-1,-1,-1,-1,-1,-1,False,False,0,0,False,209,0,0,0,0,0,0,0,0,0,0,0,0,0,0,0,1,
0,911,2026-02-23 12:18:08Z,LLM_Empathetic,6.918343,7.220151,6.616534,0.6344994,0,1.614723,0,0,0,0,0,0,5.48328,4.346146,6.620425,0.592854,0.702737,0.482971,7.391306,6.226433,8.55618,0.6009173,0,2.123318,7.180481,6.095374,8.265589,9.823421,10,9.471581,6.918343,7.220151,6.616534,0.6344994,0,1.614723,0,0,0,0,0,0,5.48328,4.346146,6.620425,0.592854,0.702737,0.482971,7.391306,6.226433,8.55618,0.6009173,0,2.123318,7.180481,6.095374,8.265589,9.823421,10,9.471581,-1,-1,-1,-1,-1,-1,-1,-1,-1,-1,-1,-1,-1,-1,-1,-1,-1,-1,-1,-1,-1,-1,-1,-1,-1,-1,-1,-1,-1,-1,-1,-1,-1,-1,-1,-1,-1,-1,-1,-1,-1,-1,-1,-1,-1,-1,-1,-1,-1,-1,0,0,0,0,0,0,-1,-1,-1,-1,-1,-1,-1,-1,-1,-1,-1,-1,0,0,0,0,0,0,-1,-1,-1,-1,-1,-1,-1,-1,-1,-1,-1,-1,-1,-1,False,False,0,0,False,209,0,0,0,0,0,0,0,0,0,0,0,0,0,0,0,1,
0,912,2026-02-23 12:18:08Z,LLM_Empathetic,6.918358,7.220154,6.616563,0.6344724,0,1.614708,0,0,0,0,0,0,5.4833,4.346152,6.620459,0.592854,0.702737,0.482971,7.391316,6.226429,8.556204,0.6009001,0,2.123301,7.18051,6.095389,8.265631,9.823477,10,9.471652,6.918358,7.220154,6.616563,0.6344724,0,1.614708,0,0,0,0,0,0,5.4833,4.346152,6.620459,0.592854,0.702737,0.482971,7.391316,6.226429,8.556204,0.6009001,0,2.123301,7.18051,6.095389,8.265631,9.823477,10,9.471652,-1,-1,-1,-1,-1,-1,-1,-1,-1,-1,-1,-1,-1,-1,-1,-1,-1,-1,-1,-1,-1,-1,-1,-1,-1,-1,-1,-1,-1,-1,-1,-1,-1,-1,-1,-1,-1,-1,-1,-1,-1,-1,-1,-1,-1,-1,-1,-1,-1,-1,0,0,0,0,0,0,-1,-1,-1,-1,-1,-1,-1,-1,-1,-1,-1,-1,0,0,0,0,0,0,-1,-1,-1,-1,-1,-1,-1,-1,-1,-1,-1,-1,-1,-1,False,False,0,0,False,209,0,0,0,0,0,0,0,0,0,0,0,0,0,0,0,1,
0,913,2026-02-23 12:18:08Z,LLM_Empathetic,6.918375,7.220157,6.616591,0.6344455,0,1.614694,0,0,0,0,0,0,5.483321,4.346159,6.620493,0.592854,0.702737,0.482971,7.391325,6.226424,8.556227,0.6008828,0,2.123283,7.180538,6.095405,8.265672,9.823533,10,9.471724,6.918375,7.220157,6.616591,0.6344455,0,1.614694,0,0,0,0,0,0,5.483321,4.346159,6.620493,0.592854,0.702737,0.482971,7.391325,6.226424,8.556227,0.6008828,0,2.123283,7.180538,6.095405,8.265672,9.823533,10,9.471724,-1,-1,-1,-1,-1,-1,-1,-1,-1,-1,-1,-1,-1,-1,-1,-1,-1,-1,-1,-1,-1,-1,-1,-1,-1,-1,-1,-1,-1,-1,-1,-1,-1,-1,-1,-1,-1,-1,-1,-1,-1,-1,-1,-1,-1,-1,-1,-1,-1,-1,0,0,0,0,0,0,-1,-1,-1,-1,-1,-1,-1,-1,-1,-1,-1,-1,0,0,0,0,0,0,-1,-1,-1,-1,-1,-1,-1,-1,-1,-1,-1,-1,-1,-1,False,False,0,0,False,207,0,0,0,0,0,0,0,0,0,0,0,0,0,0,0,1,
0,914,2026-02-23 12:18:08Z,LLM_Empathetic,6.91839,7.22016,6.61662,0.6344187,0,1.614679,0,0,0,0,0,0,5.483341,4.346166,6.620527,0.592854,0.702737,0.482971,7.391335,6.226419,8.556251,0.6008657,0,2.123266,7.180566,6.09542,8.265713,9.823589,10,9.471794,6.91839,7.22016,6.61662,0.6344187,0,1.614679,0,0,0,0,0,0,5.483341,4.346166,6.620527,0.592854,0.702737,0.482971,7.391335,6.226419,8.556251,0.6008657,0,2.123266,7.180566,6.09542,8.265713,9.823589,10,9.471794,-1,-1,-1,-1,-1,-1,-1,-1,-1,-1,-1,-1,-1,-1,-1,-1,-1,-1,-1,-1,-1,-1,-1,-1,-1,-1,-1,-1,-1,-1,-1,-1,-1,-1,-1,-1,-1,-1,-1,-1,-1,-1,-1,-1,-1,-1,-1,-1,-1,-1,0,0,0,0,0,0,-1,-1,-1,-1,-1,-1,-1,-1,-1,-1,-1,-1,0,0,0,0,0,0,-1,-1,-1,-1,-1,-1,-1,-1,-1,-1,-1,-1,-1,-1,False,False,0,0,False,207,0,0,0,0,0,0,0,0,0,0,0,0,0,0,0,1,
0,915,2026-02-23 12:18:08Z,LLM_Empathetic,6.918406,7.220163,6.616649,0.6343919,0,1.614664,0,0,0,0,0,0,5.483361,4.346172,6.620561,0.592854,0.702737,0.482971,7.391344,6.226414,8.556273,0.6008485,0,2.123249,7.180594,6.095435,8.265754,9.823646,10,9.471865,6.918406,7.220163,6.616649,0.6343919,0,1.614664,0,0,0,0,0,0,5.483361,4.346172,6.620561,0.592854,0.702737,0.482971,7.391344,6.226414,8.556273,0.6008485,0,2.123249,7.180594,6.095435,8.265754,9.823646,10,9.471865,-1,-1,-1,-1,-1,-1,-1,-1,-1,-1,-1,-1,-1,-1,-1,-1,-1,-1,-1,-1,-1,-1,-1,-1,-1,-1,-1,-1,-1,-1,-1,-1,-1,-1,-1,-1,-1,-1,-1,-1,-1,-1,-1,-1,-1,-1,-1,-1,-1,-1,0,0,0,0,0,0,-1,-1,-1,-1,-1,-1,-1,-1,-1,-1,-1,-1,0,0,0,0,0,0,-1,-1,-1,-1,-1,-1,-1,-1,-1,-1,-1,-1,-1,-1,False,False,0,0,False,209,0,0,0,0,0,0,0,0,0,0,0,0,0,0,0,1,
0,916,2026-02-23 12:18:08Z,LLM_Empathetic,6.918422,7.220166,6.616677,0.6343652,0,1.614649,0,0,0,0,0,0,5.483382,4.346179,6.620595,0.592854,0.702737,0.482971,7.391353,6.226409,8.556296,0.6008314,0,2.123232,7.180622,6.09545,8.265795,9.823702,10,9.471935,6.918422,7.220166,6.616677,0.6343652,0,1.614649,0,0,0,0,0,0,5.483382,4.346179,6.620595,0.592854,0.702737,0.482971,7.391353,6.226409,8.556296,0.6008314,0,2.123232,7.180622,6.09545,8.265795,9.823702,10,9.471935,-1,-1,-1,-1,-1,-1,-1,-1,-1,-1,-1,-1,-1,-1,-1,-1,-1,-1,-1,-1,-1,-1,-1,-1,-1,-1,-1,-1,-1,-1,-1,-1,-1,-1,-1,-1,-1,-1,-1,-1,-1,-1,-1,-1,-1,-1,-1,-1,-1,-1,0,0,0,0,0,0,-1,-1,-1,-1,-1,-1,-1,-1,-1,-1,-1,-1,0,0,0,0,0,0,-1,-1,-1,-1,-1,-1,-1,-1,-1,-1,-1,-1,-1,-1,False,False,0,0,False,209,0,0,0,0,0,0,0,0,0,0,0,0,0,0,0,1,
0,917,2026-02-23 12:18:08Z,LLM_Empathetic,6.918437,7.220169,6.616706,0.6343385,0,1.614635,0,0,0,0,0,0,5.483402,4.346186,6.620628,0.592854,0.702737,0.482971,7.391362,6.226405,8.55632,0.6008143,0,2.123215,7.18065,6.095466,8.265836,9.823758,10,9.472005,6.918437,7.220169,6.616706,0.6343385,0,1.614635,0,0,0,0,0,0,5.483402,4.346186,6.620628,0.592854,0.702737,0.482971,7.391362,6.226405,8.55632,0.6008143,0,2.123215,7.18065,6.095466,8.265836,9.823758,10,9.472005,-1,-1,-1,-1,-1,-1,-1,-1,-1,-1,-1,-1,-1,-1,-1,-1,-1,-1,-1,-1,-1,-1,-1,-1,-1,-1,-1,-1,-1,-1,-1,-1,-1,-1,-1,-1,-1,-1,-1,-1,-1,-1,-1,-1,-1,-1,-1,-1,-1,-1,0,0,0,0,0,0,-1,-1,-1,-1,-1,-1,-1,-1,-1,-1,-1,-1,0,0,0,0,0,0,-1,-1,-1,-1,-1,-1,-1,-1,-1,-1,-1,-1,-1,-1,False,False,0,0,False,209,0,0,0,0,0,0,0,0,0,0,0,0,0,0,0,1,
0,918,2026-02-23 12:18:08Z,LLM_Empathetic,6.918453,7.220171,6.616735,0.6343119,0,1.61462,0,0,0,0,0,0,5.483422,4.346192,6.620662,0.592854,0.702737,0.482971,7.391371,6.2264,8.556343,0.6007972,0,2.123198,7.180678,6.095481,8.265877,9.823813,10,9.472075,6.918453,7.220171,6.616735,0.6343119,0,1.61462,0,0,0,0,0,0,5.483422,4.346192,6.620662,0.592854,0.702737,0.482971,7.391371,6.2264,8.556343,0.6007972,0,2.123198,7.180678,6.095481,8.265877,9.823813,10,9.472075,-1,-1,-1,-1,-1,-1,-1,-1,-1,-1,-1,-1,-1,-1,-1,-1,-1,-1,-1,-1,-1,-1,-1,-1,-1,-1,-1,-1,-1,-1,-1,-1,-1,-1,-1,-1,-1,-1,-1,-1,-1,-1,-1,-1,-1,-1,-1,-1,-1,-1,0,0,0,0,0,0,-1,-1,-1,-1,-1,-1,-1,-1,-1,-1,-1,-1,0,0,0,0,0,0,-1,-1,-1,-1,-1,-1,-1,-1,-1,-1,-1,-1,-1,-1,False,False,0,0,False,209,0,0,0,0,0,0,0,0,0,0,0,0,0,0,0,1,
0,919,2026-02-23 12:18:08Z,LLM_Empathetic,6.918468,7.220174,6.616763,0.6342852,0,1.614605,0,0,0,0,0,0,5.483442,4.346199,6.620696,0.592854,0.702737,0.482971,7.39138,6.226395,8.556366,0.6007802,0,2.123181,7.180706,6.095496,8.265918,9.82387,10,9.472146,6.918468,7.220174,6.616763,0.6342852,0,1.614605,0,0,0,0,0,0,5.483442,4.346199,6.620696,0.592854,0.702737,0.482971,7.39138,6.226395,8.556366,0.6007802,0,2.123181,7.180706,6.095496,8.265918,9.82387,10,9.472146,-1,-1,-1,-1,-1,-1,-1,-1,-1,-1,-1,-1,-1,-1,-1,-1,-1,-1,-1,-1,-1,-1,-1,-1,-1,-1,-1,-1,-1,-1,-1,-1,-1,-1,-1,-1,-1,-1,-1,-1,-1,-1,-1,-1,-1,-1,-1,-1,-1,-1,0,0,0,0,0,0,-1,-1,-1,-1,-1,-1,-1,-1,-1,-1,-1,-1,0,0,0,0,0,0,-1,-1,-1,-1,-1,-1,-1,-1,-1,-1,-1,-1,-1,-1,False,False,0,0,False,209,0,0,0,0,0,0,0,0,0,0,0,0,0,0,0,1,
0,920,2026-02-23 12:18:08Z,LLM_Empathetic,6.918484,7.220177,6.616791,0.6342587,0,1.61459,0,0,0,0,0,0,5.483462,4.346206,6.620729,0.592854,0.702737,0.482971,7.39139,6.226391,8.556389,0.6007631,0,2.123163,7.180734,6.095511,8.265958,9.823925,10,9.472216,6.918484,7.220177,6.616791,0.6342587,0,1.61459,0,0,0,0,0,0,5.483462,4.346206,6.620729,0.592854,0.702737,0.482971,7.39139,6.226391,8.556389,0.6007631,0,2.123163,7.180734,6.095511,8.265958,9.823925,10,9.472216,-1,-1,-1,-1,-1,-1,-1,-1,-1,-1,-1,-1,-1,-1,-1,-1,-1,-1,-1,-1,-1,-1,-1,-1,-1,-1,-1,-1,-1,-1,-1,-1,-1,-1,-1,-1,-1,-1,-1,-1,-1,-1,-1,-1,-1,-1,-1,-1,-1,-1,0,0,0,0,0,0,-1,-1,-1,-1,-1,-1,-1,-1,-1,-1,-1,-1,0,0,0,0,0,0,-1,-1,-1,-1,-1,-1,-1,-1,-1,-1,-1,-1,-1,-1,False,False,0,0,False,207,0,0,0,0,0,0,0,0,0,0,0,0,0,0,0,1,
0,921,2026-02-23 12:18:08Z,LLM_Empathetic,6.9185,7.22018,6.61682,0.6342322,0,1.614576,0,0,0,0,0,0,5.483482,4.346212,6.620762,0.592854,0.702737,0.482971,7.391399,6.226386,8.556412,0.6007462,0,2.123147,7.180762,6.095526,8.265999,9.823981,10,9.472285,6.9185,7.22018,6.61682,0.6342322,0,1.614576,0,0,0,0,0,0,5.483482,4.346212,6.620762,0.592854,0.702737,0.482971,7.391399,6.226386,8.556412,0.6007462,0,2.123147,7.180762,6.095526,8.265999,9.823981,10,9.472285,-1,-1,-1,-1,-1,-1,-1,-1,-1,-1,-1,-1,-1,-1,-1,-1,-1,-1,-1,-1,-1,-1,-1,-1,-1,-1,-1,-1,-1,-1,-1,-1,-1,-1,-1,-1,-1,-1,-1,-1,-1,-1,-1,-1,-1,-1,-1,-1,-1,-1,0,0,0,0,0,0,-1,-1,-1,-1,-1,-1,-1,-1,-1,-1,-1,-1,0,0,0,0,0,0,-1,-1,-1,-1,-1,-1,-1,-1,-1,-1,-1,-1,-1,-1,False,False,0,0,False,209,0,0,0,0,0,0,0,0,0,0,0,0,0,0,0,1,
0,922,2026-02-23 12:18:08Z,LLM_Empathetic,6.918516,7.220182,6.616848,0.6342057,0,1.614561,0,0,0,0,0,0,5.483502,4.346219,6.620796,0.592854,0.702737,0.482971,7.391408,6.226381,8.556436,0.6007292,0,2.12313,7.18079,6.095541,8.266039,9.824037,10,9.472355,6.918516,7.220182,6.616848,0.6342057,0,1.614561,0,0,0,0,0,0,5.483502,4.346219,6.620796,0.592854,0.702737,0.482971,7.391408,6.226381,8.556436,0.6007292,0,2.12313,7.18079,6.095541,8.266039,9.824037,10,9.472355,-1,-1,-1,-1,-1,-1,-1,-1,-1,-1,-1,-1,-1,-1,-1,-1,-1,-1,-1,-1,-1,-1,-1,-1,-1,-1,-1,-1,-1,-1,-1,-1,-1,-1,-1,-1,-1,-1,-1,-1,-1,-1,-1,-1,-1,-1,-1,-1,-1,-1,0,0,0,0,0,0,-1,-1,-1,-1,-1,-1,-1,-1,-1,-1,-1,-1,0,0,0,0,0,0,-1,-1,-1,-1,-1,-1,-1,-1,-1,-1,-1,-1,-1,-1,False,False,0,0,False,207,0,0,0,0,0,0,0,0,0,0,0,0,0,0,0,1,
0,923,2026-02-23 12:18:08Z,LLM_Empathetic,6.918531,7.220185,6.616877,0.6341793,0,1.614547,0,0,0,0,0,0,5.483522,4.346226,6.620829,0.592854,0.702737,0.482971,7.391417,6.226377,8.556458,0.6007123,0,2.123113,7.180818,6.095556,8.26608,9.824092,10,9.472425,6.918531,7.220185,6.616877,0.6341793,0,1.614547,0,0,0,0,0,0,5.483522,4.346226,6.620829,0.592854,0.702737,0.482971,7.391417,6.226377,8.556458,0.6007123,0,2.123113,7.180818,6.095556,8.26608,9.824092,10,9.472425,-1,-1,-1,-1,-1,-1,-1,-1,-1,-1,-1,-1,-1,-1,-1,-1,-1,-1,-1,-1,-1,-1,-1,-1,-1,-1,-1,-1,-1,-1,-1,-1,-1,-1,-1,-1,-1,-1,-1,-1,-1,-1,-1,-1,-1,-1,-1,-1,-1,-1,0,0,0,0,0,0,-1,-1,-1,-1,-1,-1,-1,-1,-1,-1,-1,-1,0,0,0,0,0,0,-1,-1,-1,-1,-1,-1,-1,-1,-1,-1,-1,-1,-1,-1,False,False,0,0,False,209,0,0,0,0,0,0,0,0,0,0,0,0,0,0,0,1,
0,924,2026-02-23 12:18:08Z,LLM_Empathetic,6.918547,7.220188,6.616905,0.6341529,0,1.614532,0,0,0,0,0,0,5.483542,4.346232,6.620862,0.592854,0.702737,0.482971,7.391426,6.226372,8.556481,0.6006954,0,2.123096,7.180845,6.095571,8.26612,9.824147,10,9.472494,6.918547,7.220188,6.616905,0.6341529,0,1.614532,0,0,0,0,0,0,5.483542,4.346232,6.620862,0.592854,0.702737,0.482971,7.391426,6.226372,8.556481,0.6006954,0,2.123096,7.180845,6.095571,8.26612,9.824147,10,9.472494,-1,-1,-1,-1,-1,-1,-1,-1,-1,-1,-1,-1,-1,-1,-1,-1,-1,-1,-1,-1,-1,-1,-1,-1,-1,-1,-1,-1,-1,-1,-1,-1,-1,-1,-1,-1,-1,-1,-1,-1,-1,-1,-1,-1,-1,-1,-1,-1,-1,-1,0,0,0,0,0,0,-1,-1,-1,-1,-1,-1,-1,-1,-1,-1,-1,-1,0,0,0,0,0,0,-1,-1,-1,-1,-1,-1,-1,-1,-1,-1,-1,-1,-1,-1,False,False,0,0,False,207,0,0,0,0,0,0,0,0,0,0,0,0,0,0,0,1,
0,925,2026-02-23 12:18:08Z,LLM_Empathetic,6.918562,7.220191,6.616933,0.6341266,0,1.614518,0,0,0,0,0,0,5.483562,4.346239,6.620896,0.592854,0.702737,0.482971,7.391435,6.226367,8.556503,0.6006786,0,2.123079,7.180873,6.095586,8.26616,9.824203,10,9.472564,6.918562,7.220191,6.616933,0.6341266,0,1.614518,0,0,0,0,0,0,5.483562,4.346239,6.620896,0.592854,0.702737,0.482971,7.391435,6.226367,8.556503,0.6006786,0,2.123079,7.180873,6.095586,8.26616,9.824203,10,9.472564,-1,-1,-1,-1,-1,-1,-1,-1,-1,-1,-1,-1,-1,-1,-1,-1,-1,-1,-1,-1,-1,-1,-1,-1,-1,-1,-1,-1,-1,-1,-1,-1,-1,-1,-1,-1,-1,-1,-1,-1,-1,-1,-1,-1,-1,-1,-1,-1,-1,-1,0,0,0,0,0,0,-1,-1,-1,-1,-1,-1,-1,-1,-1,-1,-1,-1,0,0,0,0,0,0,-1,-1,-1,-1,-1,-1,-1,-1,-1,-1,-1,-1,-1,-1,False,False,0,0,False,207,0,0,0,0,0,0,0,0,0,0,0,0,0,0,0,1,
0,926,2026-02-23 12:18:08Z,LLM_Empathetic,6.918578,7.220194,6.616961,0.6341003,0,1.614503,0,0,0,0,0,0,5.483582,4.346245,6.620929,0.592854,0.702737,0.482971,7.391444,6.226363,8.556526,0.6006618,0,2.123062,7.180901,6.095601,8.266201,9.824258,10,9.472632,6.918578,7.220194,6.616961,0.6341003,0,1.614503,0,0,0,0,0,0,5.483582,4.346245,6.620929,0.592854,0.702737,0.482971,7.391444,6.226363,8.556526,0.6006618,0,2.123062,7.180901,6.095601,8.266201,9.824258,10,9.472632,-1,-1,-1,-1,-1,-1,-1,-1,-1,-1,-1,-1,-1,-1,-1,-1,-1,-1,-1,-1,-1,-1,-1,-1,-1,-1,-1,-1,-1,-1,-1,-1,-1,-1,-1,-1,-1,-1,-1,-1,-1,-1,-1,-1,-1,-1,-1,-1,-1,-1,0,0,0,0,0,0,-1,-1,-1,-1,-1,-1,-1,-1,-1,-1,-1,-1,0,0,0,0,0,0,-1,-1,-1,-1,-1,-1,-1,-1,-1,-1,-1,-1,-1,-1,False,False,0,0,False,209,0,0,0,0,0,0,0,0,0,0,0,0,0,0,0,1,
0,927,2026-02-23 12:18:08Z,LLM_Empathetic,6.918593,7.220197,6.616989,0.6340741,0,1.614489,0,0,0,0,0,0,5.483602,4.346252,6.620962,0.592854,0.702737,0.482971,7.391453,6.226358,8.556549,0.6006449,0,2.123045,7.180928,6.095616,8.266241,9.824312,10,9.472702,6.918593,7.220197,6.616989,0.6340741,0,1.614489,0,0,0,0,0,0,5.483602,4.346252,6.620962,0.592854,0.702737,0.482971,7.391453,6.226358,8.556549,0.6006449,0,2.123045,7.180928,6.095616,8.266241,9.824312,10,9.472702,-1,-1,-1,-1,-1,-1,-1,-1,-1,-1,-1,-1,-1,-1,-1,-1,-1,-1,-1,-1,-1,-1,-1,-1,-1,-1,-1,-1,-1,-1,-1,-1,-1,-1,-1,-1,-1,-1,-1,-1,-1,-1,-1,-1,-1,-1,-1,-1,-1,-1,0,0,0,0,0,0,-1,-1,-1,-1,-1,-1,-1,-1,-1,-1,-1,-1,0,0,0,0,0,0,-1,-1,-1,-1,-1,-1,-1,-1,-1,-1,-1,-1,-1,-1,False,False,0,0,False,207,0,0,0,0,0,0,0,0,0,0,0,0,0,0,0,1,
0,928,2026-02-23 12:18:08Z,LLM_Empathetic,6.918608,7.2202,6.617017,0.6340479,0,1.614474,0,0,0,0,0,0,5.483622,4.346258,6.620995,0.592854,0.702737,0.482971,7.391462,6.226353,8.556572,0.6006282,0,2.123029,7.180955,6.095631,8.266281,9.824368,10,9.472771,6.918608,7.2202,6.617017,0.6340479,0,1.614474,0,0,0,0,0,0,5.483622,4.346258,6.620995,0.592854,0.702737,0.482971,7.391462,6.226353,8.556572,0.6006282,0,2.123029,7.180955,6.095631,8.266281,9.824368,10,9.472771,-1,-1,-1,-1,-1,-1,-1,-1,-1,-1,-1,-1,-1,-1,-1,-1,-1,-1,-1,-1,-1,-1,-1,-1,-1,-1,-1,-1,-1,-1,-1,-1,-1,-1,-1,-1,-1,-1,-1,-1,-1,-1,-1,-1,-1,-1,-1,-1,-1,-1,0,0,0,0,0,0,-1,-1,-1,-1,-1,-1,-1,-1,-1,-1,-1,-1,0,0,0,0,0,0,-1,-1,-1,-1,-1,-1,-1,-1,-1,-1,-1,-1,-1,-1,False,False,0,0,False,207,0,0,0,0,0,0,0,0,0,0,0,0,0,0,0,1,
0,929,2026-02-23 12:18:08Z,LLM_Empathetic,6.918623,7.220202,6.617045,0.6340218,0,1.61446,0,0,0,0,0,0,5.483642,4.346265,6.621028,0.592854,0.702737,0.482971,7.391471,6.226348,8.556595,0.6006114,0,2.123012,7.180983,6.095646,8.266321,9.824423,10,9.472839,6.918623,7.220202,6.617045,0.6340218,0,1.61446,0,0,0,0,0,0,5.483642,4.346265,6.621028,0.592854,0.702737,0.482971,7.391471,6.226348,8.556595,0.6006114,0,2.123012,7.180983,6.095646,8.266321,9.824423,10,9.472839,-1,-1,-1,-1,-1,-1,-1,-1,-1,-1,-1,-1,-1,-1,-1,-1,-1,-1,-1,-1,-1,-1,-1,-1,-1,-1,-1,-1,-1,-1,-1,-1,-1,-1,-1,-1,-1,-1,-1,-1,-1,-1,-1,-1,-1,-1,-1,-1,-1,-1,0,0,0,0,0,0,-1,-1,-1,-1,-1,-1,-1,-1,-1,-1,-1,-1,0,0,0,0,0,0,-1,-1,-1,-1,-1,-1,-1,-1,-1,-1,-1,-1,-1,-1,False,False,0,0,False,209,0,0,0,0,0,0,0,0,0,0,0,0,0,0,0,1,
0,930,2026-02-23 12:18:08Z,LLM_Empathetic,6.918639,7.220205,6.617073,0.6339957,0,1.614445,0,0,0,0,0,0,5.483661,4.346272,6.621061,0.592854,0.702737,0.482971,7.39148,6.226344,8.556618,0.6005948,0,2.122995,7.18101,6.095661,8.266361,9.824477,10,9.472908,6.918639,7.220205,6.617073,0.6339957,0,1.614445,0,0,0,0,0,0,5.483661,4.346272,6.621061,0.592854,0.702737,0.482971,7.39148,6.226344,8.556618,0.6005948,0,2.122995,7.18101,6.095661,8.266361,9.824477,10,9.472908,-1,-1,-1,-1,-1,-1,-1,-1,-1,-1,-1,-1,-1,-1,-1,-1,-1,-1,-1,-1,-1,-1,-1,-1,-1,-1,-1,-1,-1,-1,-1,-1,-1,-1,-1,-1,-1,-1,-1,-1,-1,-1,-1,-1,-1,-1,-1,-1,-1,-1,0,0,0,0,0,0,-1,-1,-1,-1,-1,-1,-1,-1,-1,-1,-1,-1,0,0,0,0,0,0,-1,-1,-1,-1,-1,-1,-1,-1,-1,-1,-1,-1,-1,-1,False,False,0,0,False,209,0,0,0,0,0,0,0,0,0,0,0,0,0,0,0,1,
0,931,2026-02-23 12:18:08Z,LLM_Empathetic,6.918654,7.220208,6.617101,0.6339697,0,1.614431,0,0,0,0,0,0,5.483681,4.346278,6.621094,0.592854,0.702737,0.482971,7.39149,6.226339,8.55664,0.6005781,0,2.122978,7.181038,6.095675,8.266401,9.824532,10,9.472977,6.918654,7.220208,6.617101,0.6339697,0,1.614431,0,0,0,0,0,0,5.483681,4.346278,6.621094,0.592854,0.702737,0.482971,7.39149,6.226339,8.55664,0.6005781,0,2.122978,7.181038,6.095675,8.266401,9.824532,10,9.472977,-1,-1,-1,-1,-1,-1,-1,-1,-1,-1,-1,-1,-1,-1,-1,-1,-1,-1,-1,-1,-1,-1,-1,-1,-1,-1,-1,-1,-1,-1,-1,-1,-1,-1,-1,-1,-1,-1,-1,-1,-1,-1,-1,-1,-1,-1,-1,-1,-1,-1,0,0,0,0,0,0,-1,-1,-1,-1,-1,-1,-1,-1,-1,-1,-1,-1,0,0,0,0,0,0,-1,-1,-1,-1,-1,-1,-1,-1,-1,-1,-1,-1,-1,-1,False,False,0,0,False,207,0,0,0,0,0,0,0,0,0,0,0,0,0,0,0,1,
0,932,2026-02-23 12:18:08Z,LLM_Empathetic,6.91867,7.220211,6.617128,0.6339437,0,1.614417,0,0,0,0,0,0,5.483701,4.346284,6.621127,0.592854,0.702737,0.482971,7.391499,6.226335,8.556663,0.6005614,0,2.122962,7.181065,6.09569,8.26644,9.824586,10,9.473045,6.91867,7.220211,6.617128,0.6339437,0,1.614417,0,0,0,0,0,0,5.483701,4.346284,6.621127,0.592854,0.702737,0.482971,7.391499,6.226335,8.556663,0.6005614,0,2.122962,7.181065,6.09569,8.26644,9.824586,10,9.473045,-1,-1,-1,-1,-1,-1,-1,-1,-1,-1,-1,-1,-1,-1,-1,-1,-1,-1,-1,-1,-1,-1,-1,-1,-1,-1,-1,-1,-1,-1,-1,-1,-1,-1,-1,-1,-1,-1,-1,-1,-1,-1,-1,-1,-1,-1,-1,-1,-1,-1,0,0,0,0,0,0,-1,-1,-1,-1,-1,-1,-1,-1,-1,-1,-1,-1,0,0,0,0,0,0,-1,-1,-1,-1,-1,-1,-1,-1,-1,-1,-1,-1,-1,-1,False,False,0,0,False,207,0,0,0,0,0,0,0,0,0,0,0,0,0,0,0,1,
0,933,2026-02-23 12:18:09Z,LLM_Empathetic,6.918685,7.220213,6.617157,0.6339177,0,1.614402,0,0,0,0,0,0,5.48372,4.346291,6.62116,0.592854,0.702737,0.482971,7.391507,6.22633,8.556685,0.6005448,0,2.122945,7.181092,6.095705,8.26648,9.824641,10,9.473113,6.918685,7.220213,6.617157,0.6339177,0,1.614402,0,0,0,0,0,0,5.48372,4.346291,6.62116,0.592854,0.702737,0.482971,7.391507,6.22633,8.556685,0.6005448,0,2.122945,7.181092,6.095705,8.26648,9.824641,10,9.473113,-1,-1,-1,-1,-1,-1,-1,-1,-1,-1,-1,-1,-1,-1,-1,-1,-1,-1,-1,-1,-1,-1,-1,-1,-1,-1,-1,-1,-1,-1,-1,-1,-1,-1,-1,-1,-1,-1,-1,-1,-1,-1,-1,-1,-1,-1,-1,-1,-1,-1,0,0,0,0,0,0,-1,-1,-1,-1,-1,-1,-1,-1,-1,-1,-1,-1,0,0,0,0,0,0,-1,-1,-1,-1,-1,-1,-1,-1,-1,-1,-1,-1,-1,-1,False,False,0,0,False,207,0,0,0,0,0,0,0,0,0,0,0,0,0,0,0,1,
0,934,2026-02-23 12:18:09Z,LLM_Empathetic,6.9187,7.220216,6.617184,0.6338918,0,1.614388,0,0,0,0,0,0,5.48374,4.346297,6.621192,0.592854,0.702737,0.482971,7.391516,6.226326,8.556707,0.6005282,0,2.122929,7.181119,6.09572,8.266521,9.824696,10,9.473182,6.9187,7.220216,6.617184,0.6338918,0,1.614388,0,0,0,0,0,0,5.48374,4.346297,6.621192,0.592854,0.702737,0.482971,7.391516,6.226326,8.556707,0.6005282,0,2.122929,7.181119,6.09572,8.266521,9.824696,10,9.473182,-1,-1,-1,-1,-1,-1,-1,-1,-1,-1,-1,-1,-1,-1,-1,-1,-1,-1,-1,-1,-1,-1,-1,-1,-1,-1,-1,-1,-1,-1,-1,-1,-1,-1,-1,-1,-1,-1,-1,-1,-1,-1,-1,-1,-1,-1,-1,-1,-1,-1,0,0,0,0,0,0,-1,-1,-1,-1,-1,-1,-1,-1,-1,-1,-1,-1,0,0,0,0,0,0,-1,-1,-1,-1,-1,-1,-1,-1,-1,-1,-1,-1,-1,-1,False,False,0,0,False,209,0,0,0,0,0,0,0,0,0,0,0,0,0,0,0,1,
0,935,2026-02-23 12:18:09Z,LLM_Empathetic,6.918715,7.220219,6.617212,0.633866,0,1.614374,0,0,0,0,0,0,5.483759,4.346304,6.621225,0.592854,0.702737,0.482971,7.391525,6.226321,8.55673,0.6005117,0,2.122912,7.181147,6.095735,8.26656,9.824749,10,9.473249,6.918715,7.220219,6.617212,0.633866,0,1.614374,0,0,0,0,0,0,5.483759,4.346304,6.621225,0.592854,0.702737,0.482971,7.391525,6.226321,8.55673,0.6005117,0,2.122912,7.181147,6.095735,8.26656,9.824749,10,9.473249,-1,-1,-1,-1,-1,-1,-1,-1,-1,-1,-1,-1,-1,-1,-1,-1,-1,-1,-1,-1,-1,-1,-1,-1,-1,-1,-1,-1,-1,-1,-1,-1,-1,-1,-1,-1,-1,-1,-1,-1,-1,-1,-1,-1,-1,-1,-1,-1,-1,-1,0,0,0,0,0,0,-1,-1,-1,-1,-1,-1,-1,-1,-1,-1,-1,-1,0,0,0,0,0,0,-1,-1,-1,-1,-1,-1,-1,-1,-1,-1,-1,-1,-1,-1,False,False,0,0,False,209,0,0,0,0,0,0,0,0,0,0,0,0,0,0,0,1,
0,936,2026-02-23 12:18:09Z,LLM_Empathetic,6.918731,7.220222,6.617239,0.6338401,0,1.61436,0,0,0,0,0,0,5.483779,4.346311,6.621258,0.592854,0.702737,0.482971,7.391534,6.226316,8.556752,0.6004952,0,2.122895,7.181174,6.095749,8.2666,9.824803,10,9.473318,6.918731,7.220222,6.617239,0.6338401,0,1.61436,0,0,0,0,0,0,5.483779,4.346311,6.621258,0.592854,0.702737,0.482971,7.391534,6.226316,8.556752,0.6004952,0,2.122895,7.181174,6.095749,8.2666,9.824803,10,9.473318,-1,-1,-1,-1,-1,-1,-1,-1,-1,-1,-1,-1,-1,-1,-1,-1,-1,-1,-1,-1,-1,-1,-1,-1,-1,-1,-1,-1,-1,-1,-1,-1,-1,-1,-1,-1,-1,-1,-1,-1,-1,-1,-1,-1,-1,-1,-1,-1,-1,-1,0,0,0,0,0,0,-1,-1,-1,-1,-1,-1,-1,-1,-1,-1,-1,-1,0,0,0,0,0,0,-1,-1,-1,-1,-1,-1,-1,-1,-1,-1,-1,-1,-1,-1,False,False,0,0,False,209,0,0,0,0,0,0,0,0,0,0,0,0,0,0,0,1,
0,937,2026-02-23 12:18:09Z,LLM_Empathetic,6.918746,7.220224,6.617267,0.6338144,0,1.614345,0,0,0,0,0,0,5.483799,4.346317,6.62129,0.592854,0.702737,0.482971,7.391543,6.226312,8.556775,0.6004786,0,2.122879,7.181201,6.095764,8.266639,9.824858,10,9.473386,6.918746,7.220224,6.617267,0.6338144,0,1.614345,0,0,0,0,0,0,5.483799,4.346317,6.62129,0.592854,0.702737,0.482971,7.391543,6.226312,8.556775,0.6004786,0,2.122879,7.181201,6.095764,8.266639,9.824858,10,9.473386,-1,-1,-1,-1,-1,-1,-1,-1,-1,-1,-1,-1,-1,-1,-1,-1,-1,-1,-1,-1,-1,-1,-1,-1,-1,-1,-1,-1,-1,-1,-1,-1,-1,-1,-1,-1,-1,-1,-1,-1,-1,-1,-1,-1,-1,-1,-1,-1,-1,-1,0,0,0,0,0,0,-1,-1,-1,-1,-1,-1,-1,-1,-1,-1,-1,-1,0,0,0,0,0,0,-1,-1,-1,-1,-1,-1,-1,-1,-1,-1,-1,-1,-1,-1,False,False,0,0,False,209,0,0,0,0,0,0,0,0,0,0,0,0,0,0,0,1,
0,938,2026-02-23 12:18:09Z,LLM_Empathetic,6.918761,7.220227,6.617294,0.6337887,0,1.614331,0,0,0,0,0,0,5.483818,4.346323,6.621323,0.592854,0.702737,0.482971,7.391552,6.226307,8.556797,0.6004622,0,2.122863,7.181228,6.095778,8.266678,9.824912,10,9.473454,6.918761,7.220227,6.617294,0.6337887,0,1.614331,0,0,0,0,0,0,5.483818,4.346323,6.621323,0.592854,0.702737,0.482971,7.391552,6.226307,8.556797,0.6004622,0,2.122863,7.181228,6.095778,8.266678,9.824912,10,9.473454,-1,-1,-1,-1,-1,-1,-1,-1,-1,-1,-1,-1,-1,-1,-1,-1,-1,-1,-1,-1,-1,-1,-1,-1,-1,-1,-1,-1,-1,-1,-1,-1,-1,-1,-1,-1,-1,-1,-1,-1,-1,-1,-1,-1,-1,-1,-1,-1,-1,-1,0,0,0,0,0,0,-1,-1,-1,-1,-1,-1,-1,-1,-1,-1,-1,-1,0,0,0,0,0,0,-1,-1,-1,-1,-1,-1,-1,-1,-1,-1,-1,-1,-1,-1,False,False,0,0,False,209,0,0,0,0,0,0,0,0,0,0,0,0,0,0,0,1,
0,939,2026-02-23 12:18:09Z,LLM_Empathetic,6.918776,7.22023,6.617322,0.633763,0,1.614317,0,0,0,0,0,0,5.483837,4.34633,6.621355,0.592854,0.702737,0.482971,7.391561,6.226303,8.556819,0.6004457,0,2.122846,7.181255,6.095793,8.266718,9.824965,10,9.473521,6.918776,7.22023,6.617322,0.633763,0,1.614317,0,0,0,0,0,0,5.483837,4.34633,6.621355,0.592854,0.702737,0.482971,7.391561,6.226303,8.556819,0.6004457,0,2.122846,7.181255,6.095793,8.266718,9.824965,10,9.473521,-1,-1,-1,-1,-1,-1,-1,-1,-1,-1,-1,-1,-1,-1,-1,-1,-1,-1,-1,-1,-1,-1,-1,-1,-1,-1,-1,-1,-1,-1,-1,-1,-1,-1,-1,-1,-1,-1,-1,-1,-1,-1,-1,-1,-1,-1,-1,-1,-1,-1,0,0,0,0,0,0,-1,-1,-1,-1,-1,-1,-1,-1,-1,-1,-1,-1,0,0,0,0,0,0,-1,-1,-1,-1,-1,-1,-1,-1,-1,-1,-1,-1,-1,-1,False,False,0,0,False,207,0,0,0,0,0,0,0,0,0,0,0,0,0,0,0,1,
0,940,2026-02-23 12:18:09Z,LLM_Empathetic,6.918791,7.220232,6.617349,0.6337374,0,1.614303,0,0,0,0,0,0,5.483857,4.346336,6.621387,0.592854,0.702737,0.482971,7.39157,6.226298,8.556842,0.6004294,0,2.12283,7.181282,6.095808,8.266757,9.825019,10,9.473589,6.918791,7.220232,6.617349,0.6337374,0,1.614303,0,0,0,0,0,0,5.483857,4.346336,6.621387,0.592854,0.702737,0.482971,7.39157,6.226298,8.556842,0.6004294,0,2.12283,7.181282,6.095808,8.266757,9.825019,10,9.473589,-1,-1,-1,-1,-1,-1,-1,-1,-1,-1,-1,-1,-1,-1,-1,-1,-1,-1,-1,-1,-1,-1,-1,-1,-1,-1,-1,-1,-1,-1,-1,-1,-1,-1,-1,-1,-1,-1,-1,-1,-1,-1,-1,-1,-1,-1,-1,-1,-1,-1,0,0,0,0,0,0,-1,-1,-1,-1,-1,-1,-1,-1,-1,-1,-1,-1,0,0,0,0,0,0,-1,-1,-1,-1,-1,-1,-1,-1,-1,-1,-1,-1,-1,-1,False,False,0,0,False,209,0,0,0,0,0,0,0,0,0,0,0,0,0,0,0,1,
0,941,2026-02-23 12:18:09Z,LLM_Empathetic,6.918806,7.220235,6.617377,0.6337118,0,1.614289,0,0,0,0,0,0,5.483876,4.346343,6.62142,0.592854,0.702737,0.482971,7.391579,6.226294,8.556864,0.600413,0,2.122813,7.181309,6.095822,8.266796,9.825073,10,9.473656,6.918806,7.220235,6.617377,0.6337118,0,1.614289,0,0,0,0,0,0,5.483876,4.346343,6.62142,0.592854,0.702737,0.482971,7.391579,6.226294,8.556864,0.600413,0,2.122813,7.181309,6.095822,8.266796,9.825073,10,9.473656,-1,-1,-1,-1,-1,-1,-1,-1,-1,-1,-1,-1,-1,-1,-1,-1,-1,-1,-1,-1,-1,-1,-1,-1,-1,-1,-1,-1,-1,-1,-1,-1,-1,-1,-1,-1,-1,-1,-1,-1,-1,-1,-1,-1,-1,-1,-1,-1,-1,-1,0,0,0,0,0,0,-1,-1,-1,-1,-1,-1,-1,-1,-1,-1,-1,-1,0,0,0,0,0,0,-1,-1,-1,-1,-1,-1,-1,-1,-1,-1,-1,-1,-1,-1,False,False,0,0,False,207,0,0,0,0,0,0,0,0,0,0,0,0,0,0,0,1,
0,942,2026-02-23 12:18:09Z,LLM_Empathetic,6.918821,7.220238,6.617404,0.6336862,0,1.614275,0,0,0,0,0,0,5.483895,4.346349,6.621452,0.592854,0.702737,0.482971,7.391587,6.226289,8.556886,0.6003966,0,2.122797,7.181335,6.095837,8.266835,9.825127,10,9.473723,6.918821,7.220238,6.617404,0.6336862,0,1.614275,0,0,0,0,0,0,5.483895,4.346349,6.621452,0.592854,0.702737,0.482971,7.391587,6.226289,8.556886,0.6003966,0,2.122797,7.181335,6.095837,8.266835,9.825127,10,9.473723,-1,-1,-1,-1,-1,-1,-1,-1,-1,-1,-1,-1,-1,-1,-1,-1,-1,-1,-1,-1,-1,-1,-1,-1,-1,-1,-1,-1,-1,-1,-1,-1,-1,-1,-1,-1,-1,-1,-1,-1,-1,-1,-1,-1,-1,-1,-1,-1,-1,-1,0,0,0,0,0,0,-1,-1,-1,-1,-1,-1,-1,-1,-1,-1,-1,-1,0,0,0,0,0,0,-1,-1,-1,-1,-1,-1,-1,-1,-1,-1,-1,-1,-1,-1,False,False,0,0,False,209,0,0,0,0,0,0,0,0,0,0,0,0,0,0,0,1,
0,943,2026-02-23 12:18:09Z,LLM_Empathetic,6.918836,7.220241,6.617431,0.6336607,0,1.614261,0,0,0,0,0,0,5.483915,4.346355,6.621484,0.592854,0.702737,0.482971,7.391596,6.226285,8.556908,0.6003802,0,2.122781,7.181362,6.095851,8.266874,9.82518,10,9.47379,6.918836,7.220241,6.617431,0.6336607,0,1.614261,0,0,0,0,0,0,5.483915,4.346355,6.621484,0.592854,0.702737,0.482971,7.391596,6.226285,8.556908,0.6003802,0,2.122781,7.181362,6.095851,8.266874,9.82518,10,9.47379,-1,-1,-1,-1,-1,-1,-1,-1,-1,-1,-1,-1,-1,-1,-1,-1,-1,-1,-1,-1,-1,-1,-1,-1,-1,-1,-1,-1,-1,-1,-1,-1,-1,-1,-1,-1,-1,-1,-1,-1,-1,-1,-1,-1,-1,-1,-1,-1,-1,-1,0,0,0,0,0,0,-1,-1,-1,-1,-1,-1,-1,-1,-1,-1,-1,-1,0,0,0,0,0,0,-1,-1,-1,-1,-1,-1,-1,-1,-1,-1,-1,-1,-1,-1,False,False,0,0,False,209,0,0,0,0,0,0,0,0,0,0,0,0,0,0,0,1,
0,944,2026-02-23 12:18:09Z,LLM_Empathetic,6.918851,7.220243,6.617459,0.6336353,0,1.614247,0,0,0,0,0,0,5.483934,4.346362,6.621517,0.592854,0.702737,0.482971,7.391605,6.22628,8.556931,0.600364,0,2.122764,7.181389,6.095866,8.266913,9.825233,10,9.473858,6.918851,7.220243,6.617459,0.6336353,0,1.614247,0,0,0,0,0,0,5.483934,4.346362,6.621517,0.592854,0.702737,0.482971,7.391605,6.22628,8.556931,0.600364,0,2.122764,7.181389,6.095866,8.266913,9.825233,10,9.473858,-1,-1,-1,-1,-1,-1,-1,-1,-1,-1,-1,-1,-1,-1,-1,-1,-1,-1,-1,-1,-1,-1,-1,-1,-1,-1,-1,-1,-1,-1,-1,-1,-1,-1,-1,-1,-1,-1,-1,-1,-1,-1,-1,-1,-1,-1,-1,-1,-1,-1,0,0,0,0,0,0,-1,-1,-1,-1,-1,-1,-1,-1,-1,-1,-1,-1,0,0,0,0,0,0,-1,-1,-1,-1,-1,-1,-1,-1,-1,-1,-1,-1,-1,-1,False,False,0,0,False,207,0,0,0,0,0,0,0,0,0,0,0,0,0,0,0,1,
0,945,2026-02-23 12:18:09Z,LLM_Empathetic,6.918866,7.220246,6.617486,0.6336099,0,1.614233,0,0,0,0,0,0,5.483953,4.346368,6.621549,0.592854,0.702737,0.482971,7.391613,6.226275,8.556952,0.6003477,0,2.122748,7.181416,6.09588,8.266953,9.825287,10,9.473925,6.918866,7.220246,6.617486,0.6336099,0,1.614233,0,0,0,0,0,0,5.483953,4.346368,6.621549,0.592854,0.702737,0.482971,7.391613,6.226275,8.556952,0.6003477,0,2.122748,7.181416,6.09588,8.266953,9.825287,10,9.473925,-1,-1,-1,-1,-1,-1,-1,-1,-1,-1,-1,-1,-1,-1,-1,-1,-1,-1,-1,-1,-1,-1,-1,-1,-1,-1,-1,-1,-1,-1,-1,-1,-1,-1,-1,-1,-1,-1,-1,-1,-1,-1,-1,-1,-1,-1,-1,-1,-1,-1,0,0,0,0,0,0,-1,-1,-1,-1,-1,-1,-1,-1,-1,-1,-1,-1,0,0,0,0,0,0,-1,-1,-1,-1,-1,-1,-1,-1,-1,-1,-1,-1,-1,-1,False,False,0,0,False,209,0,0,0,0,0,0,0,0,0,0,0,0,0,0,0,1,
0,946,2026-02-23 12:18:09Z,LLM_Empathetic,6.918881,7.220249,6.617513,0.6335846,0,1.614219,0,0,0,0,0,0,5.483973,4.346375,6.621581,0.592854,0.702737,0.482971,7.391623,6.226271,8.556974,0.6003314,0,2.122732,7.181442,6.095894,8.266992,9.82534,10,9.473991,6.918881,7.220249,6.617513,0.6335846,0,1.614219,0,0,0,0,0,0,5.483973,4.346375,6.621581,0.592854,0.702737,0.482971,7.391623,6.226271,8.556974,0.6003314,0,2.122732,7.181442,6.095894,8.266992,9.82534,10,9.473991,-1,-1,-1,-1,-1,-1,-1,-1,-1,-1,-1,-1,-1,-1,-1,-1,-1,-1,-1,-1,-1,-1,-1,-1,-1,-1,-1,-1,-1,-1,-1,-1,-1,-1,-1,-1,-1,-1,-1,-1,-1,-1,-1,-1,-1,-1,-1,-1,-1,-1,0,0,0,0,0,0,-1,-1,-1,-1,-1,-1,-1,-1,-1,-1,-1,-1,0,0,0,0,0,0,-1,-1,-1,-1,-1,-1,-1,-1,-1,-1,-1,-1,-1,-1,False,False,0,0,False,207,0,0,0,0,0,0,0,0,0,0,0,0,0,0,0,1,
0,947,2026-02-23 12:18:09Z,LLM_Empathetic,6.918896,7.220252,6.61754,0.6335592,0,1.614205,0,0,0,0,0,0,5.483992,4.346381,6.621613,0.592854,0.702737,0.482971,7.391631,6.226266,8.556996,0.6003152,0,2.122716,7.181469,6.095909,8.26703,9.825393,10,9.474058,6.918896,7.220252,6.61754,0.6335592,0,1.614205,0,0,0,0,0,0,5.483992,4.346381,6.621613,0.592854,0.702737,0.482971,7.391631,6.226266,8.556996,0.6003152,0,2.122716,7.181469,6.095909,8.26703,9.825393,10,9.474058,-1,-1,-1,-1,-1,-1,-1,-1,-1,-1,-1,-1,-1,-1,-1,-1,-1,-1,-1,-1,-1,-1,-1,-1,-1,-1,-1,-1,-1,-1,-1,-1,-1,-1,-1,-1,-1,-1,-1,-1,-1,-1,-1,-1,-1,-1,-1,-1,-1,-1,0,0,0,0,0,0,-1,-1,-1,-1,-1,-1,-1,-1,-1,-1,-1,-1,0,0,0,0,0,0,-1,-1,-1,-1,-1,-1,-1,-1,-1,-1,-1,-1,-1,-1,False,False,0,0,False,207,0,0,0,0,0,0,0,0,0,0,0,0,0,0,0,1,
0,948,2026-02-23 12:18:09Z,LLM_Empathetic,6.918911,7.220254,6.617567,0.633534,0,1.614191,0,0,0,0,0,0,5.484011,4.346387,6.621644,0.592854,0.702737,0.482971,7.39164,6.226262,8.557018,0.6002991,0,2.122699,7.181496,6.095923,8.267069,9.825446,10,9.474124,6.918911,7.220254,6.617567,0.633534,0,1.614191,0,0,0,0,0,0,5.484011,4.346387,6.621644,0.592854,0.702737,0.482971,7.39164,6.226262,8.557018,0.6002991,0,2.122699,7.181496,6.095923,8.267069,9.825446,10,9.474124,-1,-1,-1,-1,-1,-1,-1,-1,-1,-1,-1,-1,-1,-1,-1,-1,-1,-1,-1,-1,-1,-1,-1,-1,-1,-1,-1,-1,-1,-1,-1,-1,-1,-1,-1,-1,-1,-1,-1,-1,-1,-1,-1,-1,-1,-1,-1,-1,-1,-1,0,0,0,0,0,0,-1,-1,-1,-1,-1,-1,-1,-1,-1,-1,-1,-1,0,0,0,0,0,0,-1,-1,-1,-1,-1,-1,-1,-1,-1,-1,-1,-1,-1,-1,False,False,0,0,False,209,0,0,0,0,0,0,0,0,0,0,0,0,0,0,0,1,
0,949,2026-02-23 12:18:09Z,LLM_Empathetic,6.918926,7.220257,6.617594,0.6335087,0,1.614177,0,0,0,0,0,0,5.48403,4.346394,6.621676,0.592854,0.702737,0.482971,7.391648,6.226257,8.55704,0.6002829,0,2.122683,7.181522,6.095938,8.267107,9.8255,10,9.474191,6.918926,7.220257,6.617594,0.6335087,0,1.614177,0,0,0,0,0,0,5.48403,4.346394,6.621676,0.592854,0.702737,0.482971,7.391648,6.226257,8.55704,0.6002829,0,2.122683,7.181522,6.095938,8.267107,9.8255,10,9.474191,-1,-1,-1,-1,-1,-1,-1,-1,-1,-1,-1,-1,-1,-1,-1,-1,-1,-1,-1,-1,-1,-1,-1,-1,-1,-1,-1,-1,-1,-1,-1,-1,-1,-1,-1,-1,-1,-1,-1,-1,-1,-1,-1,-1,-1,-1,-1,-1,-1,-1,0,0,0,0,0,0,-1,-1,-1,-1,-1,-1,-1,-1,-1,-1,-1,-1,0,0,0,0,0,0,-1,-1,-1,-1,-1,-1,-1,-1,-1,-1,-1,-1,-1,-1,False,False,0,0,False,207,0,0,0,0,0,0,0,0,0,0,0,0,0,0,0,1,
0,950,2026-02-23 12:18:09Z,LLM_Empathetic,6.918941,7.22026,6.617621,0.6334835,0,1.614163,0,0,0,0,0,0,5.484049,4.3464,6.621708,0.592854,0.702737,0.482971,7.391657,6.226253,8.557062,0.6002668,0,2.122667,7.181549,6.095952,8.267146,9.825552,10,9.474257,6.918941,7.22026,6.617621,0.6334835,0,1.614163,0,0,0,0,0,0,5.484049,4.3464,6.621708,0.592854,0.702737,0.482971,7.391657,6.226253,8.557062,0.6002668,0,2.122667,7.181549,6.095952,8.267146,9.825552,10,9.474257,-1,-1,-1,-1,-1,-1,-1,-1,-1,-1,-1,-1,-1,-1,-1,-1,-1,-1,-1,-1,-1,-1,-1,-1,-1,-1,-1,-1,-1,-1,-1,-1,-1,-1,-1,-1,-1,-1,-1,-1,-1,-1,-1,-1,-1,-1,-1,-1,-1,-1,0,0,0,0,0,0,-1,-1,-1,-1,-1,-1,-1,-1,-1,-1,-1,-1,0,0,0,0,0,0,-1,-1,-1,-1,-1,-1,-1,-1,-1,-1,-1,-1,-1,-1,False,False,0,0,False,209,0,0,0,0,0,0,0,0,0,0,0,0,0,0,0,1,
0,951,2026-02-23 12:18:09Z,LLM_Empathetic,6.918955,7.220262,6.617648,0.6334584,0,1.614149,0,0,0,0,0,0,5.484068,4.346406,6.62174,0.592854,0.702737,0.482971,7.391666,6.226249,8.557084,0.6002507,0,2.122651,7.181575,6.095966,8.267184,9.825604,10,9.474323,6.918955,7.220262,6.617648,0.6334584,0,1.614149,0,0,0,0,0,0,5.484068,4.346406,6.62174,0.592854,0.702737,0.482971,7.391666,6.226249,8.557084,0.6002507,0,2.122651,7.181575,6.095966,8.267184,9.825604,10,9.474323,-1,-1,-1,-1,-1,-1,-1,-1,-1,-1,-1,-1,-1,-1,-1,-1,-1,-1,-1,-1,-1,-1,-1,-1,-1,-1,-1,-1,-1,-1,-1,-1,-1,-1,-1,-1,-1,-1,-1,-1,-1,-1,-1,-1,-1,-1,-1,-1,-1,-1,0,0,0,0,0,0,-1,-1,-1,-1,-1,-1,-1,-1,-1,-1,-1,-1,0,0,0,0,0,0,-1,-1,-1,-1,-1,-1,-1,-1,-1,-1,-1,-1,-1,-1,False,False,0,0,False,207,0,0,0,0,0,0,0,0,0,0,0,0,0,0,0,1,
0,952,2026-02-23 12:18:09Z,LLM_Empathetic,6.91897,7.220265,6.617675,0.6334333,0,1.614135,0,0,0,0,0,0,5.484087,4.346412,6.621772,0.592854,0.702737,0.482971,7.391675,6.226244,8.557105,0.6002346,0,2.122635,7.181601,6.095981,8.267223,9.825658,10,9.474389,6.91897,7.220265,6.617675,0.6334333,0,1.614135,0,0,0,0,0,0,5.484087,4.346412,6.621772,0.592854,0.702737,0.482971,7.391675,6.226244,8.557105,0.6002346,0,2.122635,7.181601,6.095981,8.267223,9.825658,10,9.474389,-1,-1,-1,-1,-1,-1,-1,-1,-1,-1,-1,-1,-1,-1,-1,-1,-1,-1,-1,-1,-1,-1,-1,-1,-1,-1,-1,-1,-1,-1,-1,-1,-1,-1,-1,-1,-1,-1,-1,-1,-1,-1,-1,-1,-1,-1,-1,-1,-1,-1,0,0,0,0,0,0,-1,-1,-1,-1,-1,-1,-1,-1,-1,-1,-1,-1,0,0,0,0,0,0,-1,-1,-1,-1,-1,-1,-1,-1,-1,-1,-1,-1,-1,-1,False,False,0,0,False,207,0,0,0,0,0,0,0,0,0,0,0,0,0,0,0,1,
0,953,2026-02-23 12:18:09Z,LLM_Empathetic,6.918985,7.220268,6.617702,0.6334082,0,1.614121,0,0,0,0,0,0,5.484106,4.346418,6.621803,0.592854,0.702737,0.482971,7.391683,6.22624,8.557127,0.6002185,0,2.122619,7.181628,6.095995,8.267262,9.82571,10,9.474456,6.918985,7.220268,6.617702,0.6334082,0,1.614121,0,0,0,0,0,0,5.484106,4.346418,6.621803,0.592854,0.702737,0.482971,7.391683,6.22624,8.557127,0.6002185,0,2.122619,7.181628,6.095995,8.267262,9.82571,10,9.474456,-1,-1,-1,-1,-1,-1,-1,-1,-1,-1,-1,-1,-1,-1,-1,-1,-1,-1,-1,-1,-1,-1,-1,-1,-1,-1,-1,-1,-1,-1,-1,-1,-1,-1,-1,-1,-1,-1,-1,-1,-1,-1,-1,-1,-1,-1,-1,-1,-1,-1,0,0,0,0,0,0,-1,-1,-1,-1,-1,-1,-1,-1,-1,-1,-1,-1,0,0,0,0,0,0,-1,-1,-1,-1,-1,-1,-1,-1,-1,-1,-1,-1,-1,-1,False,False,0,0,False,209,0,0,0,0,0,0,0,0,0,0,0,0,0,0,0,1,
0,954,2026-02-23 12:18:09Z,LLM_Empathetic,6.918999,7.22027,6.617728,0.6333832,0,1.614108,0,0,0,0,0,0,5.484125,4.346425,6.621835,0.592854,0.702737,0.482971,7.391692,6.226235,8.557149,0.6002025,0,2.122603,7.181654,6.096009,8.2673,9.825763,10,9.474522,6.918999,7.22027,6.617728,0.6333832,0,1.614108,0,0,0,0,0,0,5.484125,4.346425,6.621835,0.592854,0.702737,0.482971,7.391692,6.226235,8.557149,0.6002025,0,2.122603,7.181654,6.096009,8.2673,9.825763,10,9.474522,-1,-1,-1,-1,-1,-1,-1,-1,-1,-1,-1,-1,-1,-1,-1,-1,-1,-1,-1,-1,-1,-1,-1,-1,-1,-1,-1,-1,-1,-1,-1,-1,-1,-1,-1,-1,-1,-1,-1,-1,-1,-1,-1,-1,-1,-1,-1,-1,-1,-1,0,0,0,0,0,0,-1,-1,-1,-1,-1,-1,-1,-1,-1,-1,-1,-1,0,0,0,0,0,0,-1,-1,-1,-1,-1,-1,-1,-1,-1,-1,-1,-1,-1,-1,False,False,0,0,False,209,0,0,0,0,0,0,0,0,0,0,0,0,0,0,0,1,
0,955,2026-02-23 12:18:09Z,LLM_Empathetic,6.919014,7.220273,6.617755,0.6333582,0,1.614094,0,0,0,0,0,0,5.484144,4.346431,6.621867,0.592854,0.702737,0.482971,7.3917,6.226231,8.557171,0.6001865,0,2.122587,7.18168,6.096023,8.267338,9.825815,10,9.474587,6.919014,7.220273,6.617755,0.6333582,0,1.614094,0,0,0,0,0,0,5.484144,4.346431,6.621867,0.592854,0.702737,0.482971,7.3917,6.226231,8.557171,0.6001865,0,2.122587,7.18168,6.096023,8.267338,9.825815,10,9.474587,-1,-1,-1,-1,-1,-1,-1,-1,-1,-1,-1,-1,-1,-1,-1,-1,-1,-1,-1,-1,-1,-1,-1,-1,-1,-1,-1,-1,-1,-1,-1,-1,-1,-1,-1,-1,-1,-1,-1,-1,-1,-1,-1,-1,-1,-1,-1,-1,-1,-1,0,0,0,0,0,0,-1,-1,-1,-1,-1,-1,-1,-1,-1,-1,-1,-1,0,0,0,0,0,0,-1,-1,-1,-1,-1,-1,-1,-1,-1,-1,-1,-1,-1,-1,False,False,0,0,False,209,0,0,0,0,0,0,0,0,0,0,0,0,0,0,0,1,
0,956,2026-02-23 12:18:09Z,LLM_Empathetic,6.919029,7.220275,6.617782,0.6333333,0,1.61408,0,0,0,0,0,0,5.484162,4.346437,6.621898,0.592854,0.702737,0.482971,7.391709,6.226226,8.557192,0.6001706,0,2.122571,7.181706,6.096037,8.267376,9.825868,10,9.474653,6.919029,7.220275,6.617782,0.6333333,0,1.61408,0,0,0,0,0,0,5.484162,4.346437,6.621898,0.592854,0.702737,0.482971,7.391709,6.226226,8.557192,0.6001706,0,2.122571,7.181706,6.096037,8.267376,9.825868,10,9.474653,-1,-1,-1,-1,-1,-1,-1,-1,-1,-1,-1,-1,-1,-1,-1,-1,-1,-1,-1,-1,-1,-1,-1,-1,-1,-1,-1,-1,-1,-1,-1,-1,-1,-1,-1,-1,-1,-1,-1,-1,-1,-1,-1,-1,-1,-1,-1,-1,-1,-1,0,0,0,0,0,0,-1,-1,-1,-1,-1,-1,-1,-1,-1,-1,-1,-1,0,0,0,0,0,0,-1,-1,-1,-1,-1,-1,-1,-1,-1,-1,-1,-1,-1,-1,False,False,0,0,False,209,0,0,0,0,0,0,0,0,0,0,0,0,0,0,0,1,
0,957,2026-02-23 12:18:09Z,LLM_Empathetic,6.919044,7.220278,6.617808,0.6333084,0,1.614066,0,0,0,0,0,0,5.484181,4.346444,6.62193,0.592854,0.702737,0.482971,7.391717,6.226222,8.557214,0.6001546,0,2.122555,7.181733,6.096052,8.267414,9.825919,10,9.474718,6.919044,7.220278,6.617808,0.6333084,0,1.614066,0,0,0,0,0,0,5.484181,4.346444,6.62193,0.592854,0.702737,0.482971,7.391717,6.226222,8.557214,0.6001546,0,2.122555,7.181733,6.096052,8.267414,9.825919,10,9.474718,-1,-1,-1,-1,-1,-1,-1,-1,-1,-1,-1,-1,-1,-1,-1,-1,-1,-1,-1,-1,-1,-1,-1,-1,-1,-1,-1,-1,-1,-1,-1,-1,-1,-1,-1,-1,-1,-1,-1,-1,-1,-1,-1,-1,-1,-1,-1,-1,-1,-1,0,0,0,0,0,0,-1,-1,-1,-1,-1,-1,-1,-1,-1,-1,-1,-1,0,0,0,0,0,0,-1,-1,-1,-1,-1,-1,-1,-1,-1,-1,-1,-1,-1,-1,False,False,0,0,False,207,0,0,0,0,0,0,0,0,0,0,0,0,0,0,0,1,
0,958,2026-02-23 12:18:09Z,LLM_Empathetic,6.919058,7.220281,6.617835,0.6332836,0,1.614053,0,0,0,0,0,0,5.4842,4.34645,6.621961,0.592854,0.702737,0.482971,7.391726,6.226218,8.557236,0.6001387,0,2.122539,7.181758,6.096066,8.267452,9.825972,10,9.474784,6.919058,7.220281,6.617835,0.6332836,0,1.614053,0,0,0,0,0,0,5.4842,4.34645,6.621961,0.592854,0.702737,0.482971,7.391726,6.226218,8.557236,0.6001387,0,2.122539,7.181758,6.096066,8.267452,9.825972,10,9.474784,-1,-1,-1,-1,-1,-1,-1,-1,-1,-1,-1,-1,-1,-1,-1,-1,-1,-1,-1,-1,-1,-1,-1,-1,-1,-1,-1,-1,-1,-1,-1,-1,-1,-1,-1,-1,-1,-1,-1,-1,-1,-1,-1,-1,-1,-1,-1,-1,-1,-1,0,0,0,0,0,0,-1,-1,-1,-1,-1,-1,-1,-1,-1,-1,-1,-1,0,0,0,0,0,0,-1,-1,-1,-1,-1,-1,-1,-1,-1,-1,-1,-1,-1,-1,False,False,0,0,False,209,0,0,0,0,0,0,0,0,0,0,0,0,0,0,0,1,
0,959,2026-02-23 12:18:09Z,LLM_Empathetic,6.919073,7.220284,6.617862,0.6332588,0,1.614039,0,0,0,0,0,0,5.484219,4.346456,6.621992,0.592854,0.702737,0.482971,7.391735,6.226213,8.557257,0.6001229,0,2.122523,7.181785,6.09608,8.26749,9.826024,10,9.474849,6.919073,7.220284,6.617862,0.6332588,0,1.614039,0,0,0,0,0,0,5.484219,4.346456,6.621992,0.592854,0.702737,0.482971,7.391735,6.226213,8.557257,0.6001229,0,2.122523,7.181785,6.09608,8.26749,9.826024,10,9.474849,-1,-1,-1,-1,-1,-1,-1,-1,-1,-1,-1,-1,-1,-1,-1,-1,-1,-1,-1,-1,-1,-1,-1,-1,-1,-1,-1,-1,-1,-1,-1,-1,-1,-1,-1,-1,-1,-1,-1,-1,-1,-1,-1,-1,-1,-1,-1,-1,-1,-1,0,0,0,0,0,0,-1,-1,-1,-1,-1,-1,-1,-1,-1,-1,-1,-1,0,0,0,0,0,0,-1,-1,-1,-1,-1,-1,-1,-1,-1,-1,-1,-1,-1,-1,False,False,0,0,False,207,0,0,0,0,0,0,0,0,0,0,0,0,0,0,0,1,
0,960,2026-02-23 12:18:09Z,LLM_Empathetic,6.919087,7.220286,6.617888,0.633234,0,1.614025,0,0,0,0,0,0,5.484238,4.346462,6.622024,0.592854,0.702737,0.482971,7.391743,6.226209,8.557279,0.600107,0,2.122507,7.18181,6.096094,8.267529,9.826076,10,9.474915,6.919087,7.220286,6.617888,0.633234,0,1.614025,0,0,0,0,0,0,5.484238,4.346462,6.622024,0.592854,0.702737,0.482971,7.391743,6.226209,8.557279,0.600107,0,2.122507,7.18181,6.096094,8.267529,9.826076,10,9.474915,-1,-1,-1,-1,-1,-1,-1,-1,-1,-1,-1,-1,-1,-1,-1,-1,-1,-1,-1,-1,-1,-1,-1,-1,-1,-1,-1,-1,-1,-1,-1,-1,-1,-1,-1,-1,-1,-1,-1,-1,-1,-1,-1,-1,-1,-1,-1,-1,-1,-1,0,0,0,0,0,0,-1,-1,-1,-1,-1,-1,-1,-1,-1,-1,-1,-1,0,0,0,0,0,0,-1,-1,-1,-1,-1,-1,-1,-1,-1,-1,-1,-1,-1,-1,False,False,0,0,False,209,0,0,0,0,0,0,0,0,0,0,0,0,0,0,0,1,
0,961,2026-02-23 12:18:09Z,LLM_Empathetic,6.919102,7.220289,6.617915,0.6332093,0,1.614012,0,0,0,0,0,0,5.484256,4.346468,6.622055,0.592854,0.702737,0.482971,7.391752,6.226204,8.5573,0.6000912,0,2.122492,7.181837,6.096108,8.267566,9.826127,10,9.474979,6.919102,7.220289,6.617915,0.6332093,0,1.614012,0,0,0,0,0,0,5.484256,4.346468,6.622055,0.592854,0.702737,0.482971,7.391752,6.226204,8.5573,0.6000912,0,2.122492,7.181837,6.096108,8.267566,9.826127,10,9.474979,-1,-1,-1,-1,-1,-1,-1,-1,-1,-1,-1,-1,-1,-1,-1,-1,-1,-1,-1,-1,-1,-1,-1,-1,-1,-1,-1,-1,-1,-1,-1,-1,-1,-1,-1,-1,-1,-1,-1,-1,-1,-1,-1,-1,-1,-1,-1,-1,-1,-1,0,0,0,0,0,0,-1,-1,-1,-1,-1,-1,-1,-1,-1,-1,-1,-1,0,0,0,0,0,0,-1,-1,-1,-1,-1,-1,-1,-1,-1,-1,-1,-1,-1,-1,False,False,0,0,False,209,0,0,0,0,0,0,0,0,0,0,0,0,0,0,0,1,
0,962,2026-02-23 12:18:09Z,LLM_Empathetic,6.919116,7.220292,6.617941,0.6331846,0,1.613998,0,0,0,0,0,0,5.484275,4.346475,6.622086,0.592854,0.702737,0.482971,7.39176,6.2262,8.557322,0.6000754,0,2.122476,7.181862,6.096122,8.267604,9.82618,10,9.475044,6.919116,7.220292,6.617941,0.6331846,0,1.613998,0,0,0,0,0,0,5.484275,4.346475,6.622086,0.592854,0.702737,0.482971,7.39176,6.2262,8.557322,0.6000754,0,2.122476,7.181862,6.096122,8.267604,9.82618,10,9.475044,-1,-1,-1,-1,-1,-1,-1,-1,-1,-1,-1,-1,-1,-1,-1,-1,-1,-1,-1,-1,-1,-1,-1,-1,-1,-1,-1,-1,-1,-1,-1,-1,-1,-1,-1,-1,-1,-1,-1,-1,-1,-1,-1,-1,-1,-1,-1,-1,-1,-1,0,0,0,0,0,0,-1,-1,-1,-1,-1,-1,-1,-1,-1,-1,-1,-1,0,0,0,0,0,0,-1,-1,-1,-1,-1,-1,-1,-1,-1,-1,-1,-1,-1,-1,False,False,0,0,False,209,0,0,0,0,0,0,0,0,0,0,0,0,0,0,0,1,
0,963,2026-02-23 12:18:09Z,LLM_Empathetic,6.919131,7.220294,6.617967,0.63316,0,1.613985,0,0,0,0,0,0,5.484293,4.346481,6.622117,0.592854,0.702737,0.482971,7.391769,6.226196,8.557343,0.6000596,0,2.12246,7.181889,6.096136,8.267642,9.826231,10,9.475109,6.919131,7.220294,6.617967,0.63316,0,1.613985,0,0,0,0,0,0,5.484293,4.346481,6.622117,0.592854,0.702737,0.482971,7.391769,6.226196,8.557343,0.6000596,0,2.12246,7.181889,6.096136,8.267642,9.826231,10,9.475109,-1,-1,-1,-1,-1,-1,-1,-1,-1,-1,-1,-1,-1,-1,-1,-1,-1,-1,-1,-1,-1,-1,-1,-1,-1,-1,-1,-1,-1,-1,-1,-1,-1,-1,-1,-1,-1,-1,-1,-1,-1,-1,-1,-1,-1,-1,-1,-1,-1,-1,0,0,0,0,0,0,-1,-1,-1,-1,-1,-1,-1,-1,-1,-1,-1,-1,0,0,0,0,0,0,-1,-1,-1,-1,-1,-1,-1,-1,-1,-1,-1,-1,-1,-1,False,False,0,0,False,207,0,0,0,0,0,0,0,0,0,0,0,0,0,0,0,1,
0,964,2026-02-23 12:18:09Z,LLM_Empathetic,6.919145,7.220297,6.617994,0.6331354,0,1.613971,0,0,0,0,0,0,5.484312,4.346487,6.622148,0.592854,0.702737,0.482971,7.391778,6.226191,8.557364,0.6000438,0,2.122444,7.181914,6.09615,8.267679,9.826283,10,9.475174,6.919145,7.220297,6.617994,0.6331354,0,1.613971,0,0,0,0,0,0,5.484312,4.346487,6.622148,0.592854,0.702737,0.482971,7.391778,6.226191,8.557364,0.6000438,0,2.122444,7.181914,6.09615,8.267679,9.826283,10,9.475174,-1,-1,-1,-1,-1,-1,-1,-1,-1,-1,-1,-1,-1,-1,-1,-1,-1,-1,-1,-1,-1,-1,-1,-1,-1,-1,-1,-1,-1,-1,-1,-1,-1,-1,-1,-1,-1,-1,-1,-1,-1,-1,-1,-1,-1,-1,-1,-1,-1,-1,0,0,0,0,0,0,-1,-1,-1,-1,-1,-1,-1,-1,-1,-1,-1,-1,0,0,0,0,0,0,-1,-1,-1,-1,-1,-1,-1,-1,-1,-1,-1,-1,-1,-1,False,False,0,0,False,207,0,0,0,0,0,0,0,0,0,0,0,0,0,0,0,1,
0,965,2026-02-23 12:18:10Z,LLM_Empathetic,6.91916,7.220299,6.61802,0.6331109,0,1.613957,0,0,0,0,0,0,5.484331,4.346493,6.622179,0.592854,0.702737,0.482971,7.391786,6.226187,8.557385,0.6000281,0,2.122428,7.18194,6.096164,8.267717,9.826334,10,9.475239,6.91916,7.220299,6.61802,0.6331109,0,1.613957,0,0,0,0,0,0,5.484331,4.346493,6.622179,0.592854,0.702737,0.482971,7.391786,6.226187,8.557385,0.6000281,0,2.122428,7.18194,6.096164,8.267717,9.826334,10,9.475239,-1,-1,-1,-1,-1,-1,-1,-1,-1,-1,-1,-1,-1,-1,-1,-1,-1,-1,-1,-1,-1,-1,-1,-1,-1,-1,-1,-1,-1,-1,-1,-1,-1,-1,-1,-1,-1,-1,-1,-1,-1,-1,-1,-1,-1,-1,-1,-1,-1,-1,0,0,0,0,0,0,-1,-1,-1,-1,-1,-1,-1,-1,-1,-1,-1,-1,0,0,0,0,0,0,-1,-1,-1,-1,-1,-1,-1,-1,-1,-1,-1,-1,-1,-1,False,False,0,0,False,207,0,0,0,0,0,0,0,0,0,0,0,0,0,0,0,1,
0,966,2026-02-23 12:18:10Z,LLM_Empathetic,6.919174,7.220302,6.618046,0.6330864,0,1.613944,0,0,0,0,0,0,5.484349,4.346499,6.62221,0.592854,0.702737,0.482971,7.391794,6.226182,8.557406,0.6000124,0,2.122413,7.181966,6.096178,8.267755,9.826385,10,9.475304,6.919174,7.220302,6.618046,0.6330864,0,1.613944,0,0,0,0,0,0,5.484349,4.346499,6.62221,0.592854,0.702737,0.482971,7.391794,6.226182,8.557406,0.6000124,0,2.122413,7.181966,6.096178,8.267755,9.826385,10,9.475304,-1,-1,-1,-1,-1,-1,-1,-1,-1,-1,-1,-1,-1,-1,-1,-1,-1,-1,-1,-1,-1,-1,-1,-1,-1,-1,-1,-1,-1,-1,-1,-1,-1,-1,-1,-1,-1,-1,-1,-1,-1,-1,-1,-1,-1,-1,-1,-1,-1,-1,0,0,0,0,0,0,-1,-1,-1,-1,-1,-1,-1,-1,-1,-1,-1,-1,0,0,0,0,0,0,-1,-1,-1,-1,-1,-1,-1,-1,-1,-1,-1,-1,-1,-1,False,False,0,0,False,209,0,0,0,0,0,0,0,0,0,0,0,0,0,0,0,1,
0,967,2026-02-23 12:18:10Z,LLM_Empathetic,6.919188,7.220304,6.618073,0.6330619,0,1.61393,0,0,0,0,0,0,5.484368,4.346505,6.622241,0.592854,0.702737,0.482971,7.391803,6.226178,8.557427,0.5999967,0,2.122397,7.181992,6.096192,8.267792,9.826437,10,9.475368,6.919188,7.220304,6.618073,0.6330619,0,1.61393,0,0,0,0,0,0,5.484368,4.346505,6.622241,0.592854,0.702737,0.482971,7.391803,6.226178,8.557427,0.5999967,0,2.122397,7.181992,6.096192,8.267792,9.826437,10,9.475368,-1,-1,-1,-1,-1,-1,-1,-1,-1,-1,-1,-1,-1,-1,-1,-1,-1,-1,-1,-1,-1,-1,-1,-1,-1,-1,-1,-1,-1,-1,-1,-1,-1,-1,-1,-1,-1,-1,-1,-1,-1,-1,-1,-1,-1,-1,-1,-1,-1,-1,0,0,0,0,0,0,-1,-1,-1,-1,-1,-1,-1,-1,-1,-1,-1,-1,0,0,0,0,0,0,-1,-1,-1,-1,-1,-1,-1,-1,-1,-1,-1,-1,-1,-1,False,False,0,0,False,209,0,0,0,0,0,0,0,0,0,0,0,0,0,0,0,1,
0,968,2026-02-23 12:18:10Z,LLM_Empathetic,6.919203,7.220307,6.618098,0.6330374,0,1.613917,0,0,0,0,0,0,5.484386,4.346511,6.622272,0.592854,0.702737,0.482971,7.391811,6.226174,8.557448,0.5999811,0,2.122381,7.182017,6.096206,8.26783,9.826488,10,9.475432,6.919203,7.220307,6.618098,0.6330374,0,1.613917,0,0,0,0,0,0,5.484386,4.346511,6.622272,0.592854,0.702737,0.482971,7.391811,6.226174,8.557448,0.5999811,0,2.122381,7.182017,6.096206,8.26783,9.826488,10,9.475432,-1,-1,-1,-1,-1,-1,-1,-1,-1,-1,-1,-1,-1,-1,-1,-1,-1,-1,-1,-1,-1,-1,-1,-1,-1,-1,-1,-1,-1,-1,-1,-1,-1,-1,-1,-1,-1,-1,-1,-1,-1,-1,-1,-1,-1,-1,-1,-1,-1,-1,0,0,0,0,0,0,-1,-1,-1,-1,-1,-1,-1,-1,-1,-1,-1,-1,0,0,0,0,0,0,-1,-1,-1,-1,-1,-1,-1,-1,-1,-1,-1,-1,-1,-1,False,False,0,0,False,209,0,0,0,0,0,0,0,0,0,0,0,0,0,0,0,1,
0,969,2026-02-23 12:18:10Z,LLM_Empathetic,6.919217,7.22031,6.618124,0.6330131,0,1.613904,0,0,0,0,0,0,5.484405,4.346518,6.622303,0.592854,0.702737,0.482971,7.391819,6.22617,8.55747,0.5999655,0,2.122366,7.182043,6.09622,8.267867,9.826539,10,9.475496,6.919217,7.22031,6.618124,0.6330131,0,1.613904,0,0,0,0,0,0,5.484405,4.346518,6.622303,0.592854,0.702737,0.482971,7.391819,6.22617,8.55747,0.5999655,0,2.122366,7.182043,6.09622,8.267867,9.826539,10,9.475496,-1,-1,-1,-1,-1,-1,-1,-1,-1,-1,-1,-1,-1,-1,-1,-1,-1,-1,-1,-1,-1,-1,-1,-1,-1,-1,-1,-1,-1,-1,-1,-1,-1,-1,-1,-1,-1,-1,-1,-1,-1,-1,-1,-1,-1,-1,-1,-1,-1,-1,0,0,0,0,0,0,-1,-1,-1,-1,-1,-1,-1,-1,-1,-1,-1,-1,0,0,0,0,0,0,-1,-1,-1,-1,-1,-1,-1,-1,-1,-1,-1,-1,-1,-1,False,False,0,0,False,207,0,0,0,0,0,0,0,0,0,0,0,0,0,0,0,1,
0,970,2026-02-23 12:18:10Z,LLM_Empathetic,6.919231,7.220312,6.618151,0.6329888,0,1.61389,0,0,0,0,0,0,5.484423,4.346523,6.622333,0.592854,0.702737,0.482971,7.391828,6.226165,8.557491,0.5999499,0,2.12235,7.182068,6.096233,8.267904,9.826591,10,9.47556,6.919231,7.220312,6.618151,0.6329888,0,1.61389,0,0,0,0,0,0,5.484423,4.346523,6.622333,0.592854,0.702737,0.482971,7.391828,6.226165,8.557491,0.5999499,0,2.12235,7.182068,6.096233,8.267904,9.826591,10,9.47556,-1,-1,-1,-1,-1,-1,-1,-1,-1,-1,-1,-1,-1,-1,-1,-1,-1,-1,-1,-1,-1,-1,-1,-1,-1,-1,-1,-1,-1,-1,-1,-1,-1,-1,-1,-1,-1,-1,-1,-1,-1,-1,-1,-1,-1,-1,-1,-1,-1,-1,0,0,0,0,0,0,-1,-1,-1,-1,-1,-1,-1,-1,-1,-1,-1,-1,0,0,0,0,0,0,-1,-1,-1,-1,-1,-1,-1,-1,-1,-1,-1,-1,-1,-1,False,False,0,0,False,207,0,0,0,0,0,0,0,0,0,0,0,0,0,0,0,1,
0,971,2026-02-23 12:18:10Z,LLM_Empathetic,6.919246,7.220315,6.618176,0.6329644,0,1.613877,0,0,0,0,0,0,5.484442,4.346529,6.622364,0.592854,0.702737,0.482971,7.391836,6.226161,8.557512,0.5999343,0,2.122335,7.182094,6.096247,8.267941,9.826641,10,9.475624,6.919246,7.220315,6.618176,0.6329644,0,1.613877,0,0,0,0,0,0,5.484442,4.346529,6.622364,0.592854,0.702737,0.482971,7.391836,6.226161,8.557512,0.5999343,0,2.122335,7.182094,6.096247,8.267941,9.826641,10,9.475624,-1,-1,-1,-1,-1,-1,-1,-1,-1,-1,-1,-1,-1,-1,-1,-1,-1,-1,-1,-1,-1,-1,-1,-1,-1,-1,-1,-1,-1,-1,-1,-1,-1,-1,-1,-1,-1,-1,-1,-1,-1,-1,-1,-1,-1,-1,-1,-1,-1,-1,0,0,0,0,0,0,-1,-1,-1,-1,-1,-1,-1,-1,-1,-1,-1,-1,0,0,0,0,0,0,-1,-1,-1,-1,-1,-1,-1,-1,-1,-1,-1,-1,-1,-1,False,False,0,0,False,209,0,0,0,0,0,0,0,0,0,0,0,0,0,0,0,1,
0,972,2026-02-23 12:18:10Z,LLM_Empathetic,6.91926,7.220317,6.618203,0.6329402,0,1.613863,0,0,0,0,0,0,5.48446,4.346536,6.622395,0.592854,0.702737,0.482971,7.391845,6.226157,8.557533,0.5999188,0,2.122319,7.182119,6.096261,8.267979,9.826693,10,9.475688,6.91926,7.220317,6.618203,0.6329402,0,1.613863,0,0,0,0,0,0,5.48446,4.346536,6.622395,0.592854,0.702737,0.482971,7.391845,6.226157,8.557533,0.5999188,0,2.122319,7.182119,6.096261,8.267979,9.826693,10,9.475688,-1,-1,-1,-1,-1,-1,-1,-1,-1,-1,-1,-1,-1,-1,-1,-1,-1,-1,-1,-1,-1,-1,-1,-1,-1,-1,-1,-1,-1,-1,-1,-1,-1,-1,-1,-1,-1,-1,-1,-1,-1,-1,-1,-1,-1,-1,-1,-1,-1,-1,0,0,0,0,0,0,-1,-1,-1,-1,-1,-1,-1,-1,-1,-1,-1,-1,0,0,0,0,0,0,-1,-1,-1,-1,-1,-1,-1,-1,-1,-1,-1,-1,-1,-1,False,False,0,0,False,209,0,0,0,0,0,0,0,0,0,0,0,0,0,0,0,1,
0,973,2026-02-23 12:18:10Z,LLM_Empathetic,6.919274,7.22032,6.618228,0.632916,0,1.61385,0,0,0,0,0,0,5.484478,4.346542,6.622425,0.592854,0.702737,0.482971,7.391853,6.226152,8.557554,0.5999033,0,2.122304,7.182145,6.096275,8.268016,9.826743,10,9.475752,6.919274,7.22032,6.618228,0.632916,0,1.61385,0,0,0,0,0,0,5.484478,4.346542,6.622425,0.592854,0.702737,0.482971,7.391853,6.226152,8.557554,0.5999033,0,2.122304,7.182145,6.096275,8.268016,9.826743,10,9.475752,-1,-1,-1,-1,-1,-1,-1,-1,-1,-1,-1,-1,-1,-1,-1,-1,-1,-1,-1,-1,-1,-1,-1,-1,-1,-1,-1,-1,-1,-1,-1,-1,-1,-1,-1,-1,-1,-1,-1,-1,-1,-1,-1,-1,-1,-1,-1,-1,-1,-1,0,0,0,0,0,0,-1,-1,-1,-1,-1,-1,-1,-1,-1,-1,-1,-1,0,0,0,0,0,0,-1,-1,-1,-1,-1,-1,-1,-1,-1,-1,-1,-1,-1,-1,False,False,0,0,False,209,0,0,0,0,0,0,0,0,0,0,0,0,0,0,0,1,
0,974,2026-02-23 12:18:10Z,LLM_Empathetic,6.919289,7.220323,6.618254,0.6328918,0,1.613837,0,0,0,0,0,0,5.484497,4.346548,6.622456,0.592854,0.702737,0.482971,7.391861,6.226148,8.557575,0.5998878,0,2.122288,7.18217,6.096289,8.268053,9.826794,10,9.475816,6.919289,7.220323,6.618254,0.6328918,0,1.613837,0,0,0,0,0,0,5.484497,4.346548,6.622456,0.592854,0.702737,0.482971,7.391861,6.226148,8.557575,0.5998878,0,2.122288,7.18217,6.096289,8.268053,9.826794,10,9.475816,-1,-1,-1,-1,-1,-1,-1,-1,-1,-1,-1,-1,-1,-1,-1,-1,-1,-1,-1,-1,-1,-1,-1,-1,-1,-1,-1,-1,-1,-1,-1,-1,-1,-1,-1,-1,-1,-1,-1,-1,-1,-1,-1,-1,-1,-1,-1,-1,-1,-1,0,0,0,0,0,0,-1,-1,-1,-1,-1,-1,-1,-1,-1,-1,-1,-1,0,0,0,0,0,0,-1,-1,-1,-1,-1,-1,-1,-1,-1,-1,-1,-1,-1,-1,False,False,0,0,False,207,0,0,0,0,0,0,0,0,0,0,0,0,0,0,0,1,
0,975,2026-02-23 12:18:10Z,LLM_Empathetic,6.919303,7.220325,6.61828,0.6328677,0,1.613823,0,0,0,0,0,0,5.484515,4.346554,6.622486,0.592854,0.702737,0.482971,7.39187,6.226144,8.557596,0.5998724,0,2.122273,7.182196,6.096302,8.268089,9.826844,10,9.47588,6.919303,7.220325,6.61828,0.6328677,0,1.613823,0,0,0,0,0,0,5.484515,4.346554,6.622486,0.592854,0.702737,0.482971,7.39187,6.226144,8.557596,0.5998724,0,2.122273,7.182196,6.096302,8.268089,9.826844,10,9.47588,-1,-1,-1,-1,-1,-1,-1,-1,-1,-1,-1,-1,-1,-1,-1,-1,-1,-1,-1,-1,-1,-1,-1,-1,-1,-1,-1,-1,-1,-1,-1,-1,-1,-1,-1,-1,-1,-1,-1,-1,-1,-1,-1,-1,-1,-1,-1,-1,-1,-1,0,0,0,0,0,0,-1,-1,-1,-1,-1,-1,-1,-1,-1,-1,-1,-1,0,0,0,0,0,0,-1,-1,-1,-1,-1,-1,-1,-1,-1,-1,-1,-1,-1,-1,False,False,0,0,False,209,0,0,0,0,0,0,0,0,0,0,0,0,0,0,0,1,
0,976,2026-02-23 12:18:10Z,LLM_Empathetic,6.919317,7.220328,6.618306,0.6328436,0,1.61381,0,0,0,0,0,0,5.484533,4.34656,6.622517,0.592854,0.702737,0.482971,7.391878,6.22614,8.557617,0.599857,0,2.122257,7.182221,6.096316,8.268126,9.826895,10,9.475943,6.919317,7.220328,6.618306,0.6328436,0,1.61381,0,0,0,0,0,0,5.484533,4.34656,6.622517,0.592854,0.702737,0.482971,7.391878,6.22614,8.557617,0.599857,0,2.122257,7.182221,6.096316,8.268126,9.826895,10,9.475943,-1,-1,-1,-1,-1,-1,-1,-1,-1,-1,-1,-1,-1,-1,-1,-1,-1,-1,-1,-1,-1,-1,-1,-1,-1,-1,-1,-1,-1,-1,-1,-1,-1,-1,-1,-1,-1,-1,-1,-1,-1,-1,-1,-1,-1,-1,-1,-1,-1,-1,0,0,0,0,0,0,-1,-1,-1,-1,-1,-1,-1,-1,-1,-1,-1,-1,0,0,0,0,0,0,-1,-1,-1,-1,-1,-1,-1,-1,-1,-1,-1,-1,-1,-1,False,False,0,0,False,209,0,0,0,0,0,0,0,0,0,0,0,0,0,0,0,1,
0,977,2026-02-23 12:18:10Z,LLM_Empathetic,6.919331,7.22033,6.618332,0.6328195,0,1.613797,0,0,0,0,0,0,5.484551,4.346566,6.622547,0.592854,0.702737,0.482971,7.391886,6.226135,8.557638,0.5998415,0,2.122242,7.182246,6.09633,8.268164,9.826945,10,9.476007,6.919331,7.22033,6.618332,0.6328195,0,1.613797,0,0,0,0,0,0,5.484551,4.346566,6.622547,0.592854,0.702737,0.482971,7.391886,6.226135,8.557638,0.5998415,0,2.122242,7.182246,6.09633,8.268164,9.826945,10,9.476007,-1,-1,-1,-1,-1,-1,-1,-1,-1,-1,-1,-1,-1,-1,-1,-1,-1,-1,-1,-1,-1,-1,-1,-1,-1,-1,-1,-1,-1,-1,-1,-1,-1,-1,-1,-1,-1,-1,-1,-1,-1,-1,-1,-1,-1,-1,-1,-1,-1,-1,0,0,0,0,0,0,-1,-1,-1,-1,-1,-1,-1,-1,-1,-1,-1,-1,0,0,0,0,0,0,-1,-1,-1,-1,-1,-1,-1,-1,-1,-1,-1,-1,-1,-1,False,False,0,0,False,207,0,0,0,0,0,0,0,0,0,0,0,0,0,0,0,1,
0,978,2026-02-23 12:18:10Z,LLM_Empathetic,6.919345,7.220333,6.618358,0.6327955,0,1.613783,0,0,0,0,0,0,5.48457,4.346572,6.622577,0.592854,0.702737,0.482971,7.391895,6.226131,8.557659,0.5998262,0,2.122226,7.182271,6.096343,8.2682,9.826996,10,9.476069,6.919345,7.220333,6.618358,0.6327955,0,1.613783,0,0,0,0,0,0,5.48457,4.346572,6.622577,0.592854,0.702737,0.482971,7.391895,6.226131,8.557659,0.5998262,0,2.122226,7.182271,6.096343,8.2682,9.826996,10,9.476069,-1,-1,-1,-1,-1,-1,-1,-1,-1,-1,-1,-1,-1,-1,-1,-1,-1,-1,-1,-1,-1,-1,-1,-1,-1,-1,-1,-1,-1,-1,-1,-1,-1,-1,-1,-1,-1,-1,-1,-1,-1,-1,-1,-1,-1,-1,-1,-1,-1,-1,0,0,0,0,0,0,-1,-1,-1,-1,-1,-1,-1,-1,-1,-1,-1,-1,0,0,0,0,0,0,-1,-1,-1,-1,-1,-1,-1,-1,-1,-1,-1,-1,-1,-1,False,False,0,0,False,209,0,0,0,0,0,0,0,0,0,0,0,0,0,0,0,1,
0,979,2026-02-23 12:18:10Z,LLM_Empathetic,6.919359,7.220335,6.618383,0.6327716,0,1.61377,0,0,0,0,0,0,5.484588,4.346578,6.622608,0.592854,0.702737,0.482971,7.391903,6.226127,8.557679,0.5998108,0,2.122211,7.182297,6.096357,8.268237,9.827046,10,9.476132,6.919359,7.220335,6.618383,0.6327716,0,1.61377,0,0,0,0,0,0,5.484588,4.346578,6.622608,0.592854,0.702737,0.482971,7.391903,6.226127,8.557679,0.5998108,0,2.122211,7.182297,6.096357,8.268237,9.827046,10,9.476132,-1,-1,-1,-1,-1,-1,-1,-1,-1,-1,-1,-1,-1,-1,-1,-1,-1,-1,-1,-1,-1,-1,-1,-1,-1,-1,-1,-1,-1,-1,-1,-1,-1,-1,-1,-1,-1,-1,-1,-1,-1,-1,-1,-1,-1,-1,-1,-1,-1,-1,0,0,0,0,0,0,-1,-1,-1,-1,-1,-1,-1,-1,-1,-1,-1,-1,0,0,0,0,0,0,-1,-1,-1,-1,-1,-1,-1,-1,-1,-1,-1,-1,-1,-1,False,False,0,0,False,209,0,0,0,0,0,0,0,0,0,0,0,0,0,0,0,1,
0,980,2026-02-23 12:18:10Z,LLM_Empathetic,6.919374,7.220338,6.618409,0.6327476,0,1.613757,0,0,0,0,0,0,5.484606,4.346584,6.622638,0.592854,0.702737,0.482971,7.391911,6.226122,8.5577,0.5997955,0,2.122196,7.182322,6.096371,8.268273,9.827097,10,9.476195,6.919374,7.220338,6.618409,0.6327476,0,1.613757,0,0,0,0,0,0,5.484606,4.346584,6.622638,0.592854,0.702737,0.482971,7.391911,6.226122,8.5577,0.5997955,0,2.122196,7.182322,6.096371,8.268273,9.827097,10,9.476195,-1,-1,-1,-1,-1,-1,-1,-1,-1,-1,-1,-1,-1,-1,-1,-1,-1,-1,-1,-1,-1,-1,-1,-1,-1,-1,-1,-1,-1,-1,-1,-1,-1,-1,-1,-1,-1,-1,-1,-1,-1,-1,-1,-1,-1,-1,-1,-1,-1,-1,0,0,0,0,0,0,-1,-1,-1,-1,-1,-1,-1,-1,-1,-1,-1,-1,0,0,0,0,0,0,-1,-1,-1,-1,-1,-1,-1,-1,-1,-1,-1,-1,-1,-1,False,False,0,0,False,209,0,0,0,0,0,0,0,0,0,0,0,0,0,0,0,1,
0,981,2026-02-23 12:18:10Z,LLM_Empathetic,6.919387,7.22034,6.618434,0.6327237,0,1.613744,0,0,0,0,0,0,5.484624,4.34659,6.622668,0.592854,0.702737,0.482971,7.39192,6.226118,8.557721,0.5997802,0,2.12218,7.182347,6.096384,8.268311,9.827147,10,9.476258,6.919387,7.22034,6.618434,0.6327237,0,1.613744,0,0,0,0,0,0,5.484624,4.34659,6.622668,0.592854,0.702737,0.482971,7.39192,6.226118,8.557721,0.5997802,0,2.12218,7.182347,6.096384,8.268311,9.827147,10,9.476258,-1,-1,-1,-1,-1,-1,-1,-1,-1,-1,-1,-1,-1,-1,-1,-1,-1,-1,-1,-1,-1,-1,-1,-1,-1,-1,-1,-1,-1,-1,-1,-1,-1,-1,-1,-1,-1,-1,-1,-1,-1,-1,-1,-1,-1,-1,-1,-1,-1,-1,0,0,0,0,0,0,-1,-1,-1,-1,-1,-1,-1,-1,-1,-1,-1,-1,0,0,0,0,0,0,-1,-1,-1,-1,-1,-1,-1,-1,-1,-1,-1,-1,-1,-1,False,False,0,0,False,209,0,0,0,0,0,0,0,0,0,0,0,0,0,0,0,1,
0,982,2026-02-23 12:18:10Z,LLM_Empathetic,6.919402,7.220343,6.61846,0.6326998,0,1.613731,0,0,0,0,0,0,5.484642,4.346596,6.622698,0.592854,0.702737,0.482971,7.391928,6.226114,8.557742,0.5997649,0,2.122165,7.182372,6.096397,8.268347,9.827197,10,9.476321,6.919402,7.220343,6.61846,0.6326998,0,1.613731,0,0,0,0,0,0,5.484642,4.346596,6.622698,0.592854,0.702737,0.482971,7.391928,6.226114,8.557742,0.5997649,0,2.122165,7.182372,6.096397,8.268347,9.827197,10,9.476321,-1,-1,-1,-1,-1,-1,-1,-1,-1,-1,-1,-1,-1,-1,-1,-1,-1,-1,-1,-1,-1,-1,-1,-1,-1,-1,-1,-1,-1,-1,-1,-1,-1,-1,-1,-1,-1,-1,-1,-1,-1,-1,-1,-1,-1,-1,-1,-1,-1,-1,0,0,0,0,0,0,-1,-1,-1,-1,-1,-1,-1,-1,-1,-1,-1,-1,0,0,0,0,0,0,-1,-1,-1,-1,-1,-1,-1,-1,-1,-1,-1,-1,-1,-1,False,False,0,0,False,209,0,0,0,0,0,0,0,0,0,0,0,0,0,0,0,1,
0,983,2026-02-23 12:18:10Z,LLM_Empathetic,6.919415,7.220345,6.618485,0.632676,0,1.613718,0,0,0,0,0,0,5.48466,4.346602,6.622728,0.592854,0.702737,0.482971,7.391936,6.22611,8.557762,0.5997497,0,2.12215,7.182397,6.096411,8.268383,9.827247,10,9.476384,6.919415,7.220345,6.618485,0.632676,0,1.613718,0,0,0,0,0,0,5.48466,4.346602,6.622728,0.592854,0.702737,0.482971,7.391936,6.22611,8.557762,0.5997497,0,2.12215,7.182397,6.096411,8.268383,9.827247,10,9.476384,-1,-1,-1,-1,-1,-1,-1,-1,-1,-1,-1,-1,-1,-1,-1,-1,-1,-1,-1,-1,-1,-1,-1,-1,-1,-1,-1,-1,-1,-1,-1,-1,-1,-1,-1,-1,-1,-1,-1,-1,-1,-1,-1,-1,-1,-1,-1,-1,-1,-1,0,0,0,0,0,0,-1,-1,-1,-1,-1,-1,-1,-1,-1,-1,-1,-1,0,0,0,0,0,0,-1,-1,-1,-1,-1,-1,-1,-1,-1,-1,-1,-1,-1,-1,False,False,0,0,False,209,0,0,0,0,0,0,0,0,0,0,0,0,0,0,0,1,
0,984,2026-02-23 12:18:10Z,LLM_Empathetic,6.919429,7.220348,6.618511,0.6326523,0,1.613705,0,0,0,0,0,0,5.484678,4.346608,6.622758,0.592854,0.702737,0.482971,7.391944,6.226106,8.557783,0.5997344,0,2.122135,7.182422,6.096425,8.26842,9.827296,10,9.476447,6.919429,7.220348,6.618511,0.6326523,0,1.613705,0,0,0,0,0,0,5.484678,4.346608,6.622758,0.592854,0.702737,0.482971,7.391944,6.226106,8.557783,0.5997344,0,2.122135,7.182422,6.096425,8.26842,9.827296,10,9.476447,-1,-1,-1,-1,-1,-1,-1,-1,-1,-1,-1,-1,-1,-1,-1,-1,-1,-1,-1,-1,-1,-1,-1,-1,-1,-1,-1,-1,-1,-1,-1,-1,-1,-1,-1,-1,-1,-1,-1,-1,-1,-1,-1,-1,-1,-1,-1,-1,-1,-1,0,0,0,0,0,0,-1,-1,-1,-1,-1,-1,-1,-1,-1,-1,-1,-1,0,0,0,0,0,0,-1,-1,-1,-1,-1,-1,-1,-1,-1,-1,-1,-1,-1,-1,False,False,0,0,False,207,0,0,0,0,0,0,0,0,0,0,0,0,0,0,0,1,
0,985,2026-02-23 12:18:10Z,LLM_Empathetic,6.919444,7.220351,6.618536,0.6326285,0,1.613691,0,0,0,0,0,0,5.484696,4.346613,6.622788,0.592854,0.702737,0.482971,7.391953,6.226101,8.557804,0.5997192,0,2.12212,7.182447,6.096438,8.268456,9.827347,10,9.476509,6.919444,7.220351,6.618536,0.6326285,0,1.613691,0,0,0,0,0,0,5.484696,4.346613,6.622788,0.592854,0.702737,0.482971,7.391953,6.226101,8.557804,0.5997192,0,2.12212,7.182447,6.096438,8.268456,9.827347,10,9.476509,-1,-1,-1,-1,-1,-1,-1,-1,-1,-1,-1,-1,-1,-1,-1,-1,-1,-1,-1,-1,-1,-1,-1,-1,-1,-1,-1,-1,-1,-1,-1,-1,-1,-1,-1,-1,-1,-1,-1,-1,-1,-1,-1,-1,-1,-1,-1,-1,-1,-1,0,0,0,0,0,0,-1,-1,-1,-1,-1,-1,-1,-1,-1,-1,-1,-1,0,0,0,0,0,0,-1,-1,-1,-1,-1,-1,-1,-1,-1,-1,-1,-1,-1,-1,False,False,0,0,False,209,0,0,0,0,0,0,0,0,0,0,0,0,0,0,0,1,
0,986,2026-02-23 12:18:10Z,LLM_Empathetic,6.919457,7.220353,6.618562,0.6326048,0,1.613678,0,0,0,0,0,0,5.484714,4.34662,6.622818,0.592854,0.702737,0.482971,7.391961,6.226097,8.557824,0.5997041,0,2.122104,7.182472,6.096452,8.268493,9.827396,10,9.476572,6.919457,7.220353,6.618562,0.6326048,0,1.613678,0,0,0,0,0,0,5.484714,4.34662,6.622818,0.592854,0.702737,0.482971,7.391961,6.226097,8.557824,0.5997041,0,2.122104,7.182472,6.096452,8.268493,9.827396,10,9.476572,-1,-1,-1,-1,-1,-1,-1,-1,-1,-1,-1,-1,-1,-1,-1,-1,-1,-1,-1,-1,-1,-1,-1,-1,-1,-1,-1,-1,-1,-1,-1,-1,-1,-1,-1,-1,-1,-1,-1,-1,-1,-1,-1,-1,-1,-1,-1,-1,-1,-1,0,0,0,0,0,0,-1,-1,-1,-1,-1,-1,-1,-1,-1,-1,-1,-1,0,0,0,0,0,0,-1,-1,-1,-1,-1,-1,-1,-1,-1,-1,-1,-1,-1,-1,False,False,0,0,False,207,0,0,0,0,0,0,0,0,0,0,0,0,0,0,0,1,
0,987,2026-02-23 12:18:10Z,LLM_Empathetic,6.919471,7.220356,6.618587,0.6325812,0,1.613665,0,0,0,0,0,0,5.484732,4.346625,6.622848,0.592854,0.702737,0.482971,7.391969,6.226093,8.557845,0.5996889,0,2.122089,7.182497,6.096465,8.268529,9.827446,10,9.476634,6.919471,7.220356,6.618587,0.6325812,0,1.613665,0,0,0,0,0,0,5.484732,4.346625,6.622848,0.592854,0.702737,0.482971,7.391969,6.226093,8.557845,0.5996889,0,2.122089,7.182497,6.096465,8.268529,9.827446,10,9.476634,-1,-1,-1,-1,-1,-1,-1,-1,-1,-1,-1,-1,-1,-1,-1,-1,-1,-1,-1,-1,-1,-1,-1,-1,-1,-1,-1,-1,-1,-1,-1,-1,-1,-1,-1,-1,-1,-1,-1,-1,-1,-1,-1,-1,-1,-1,-1,-1,-1,-1,0,0,0,0,0,0,-1,-1,-1,-1,-1,-1,-1,-1,-1,-1,-1,-1,0,0,0,0,0,0,-1,-1,-1,-1,-1,-1,-1,-1,-1,-1,-1,-1,-1,-1,False,False,0,0,False,207,0,0,0,0,0,0,0,0,0,0,0,0,0,0,0,1,
0,988,2026-02-23 12:18:10Z,LLM_Empathetic,6.919485,7.220358,6.618612,0.6325576,0,1.613652,0,0,0,0,0,0,5.484749,4.346632,6.622878,0.592854,0.702737,0.482971,7.391977,6.226089,8.557865,0.5996738,0,2.122074,7.182521,6.096478,8.268565,9.827496,10,9.476696,6.919485,7.220358,6.618612,0.6325576,0,1.613652,0,0,0,0,0,0,5.484749,4.346632,6.622878,0.592854,0.702737,0.482971,7.391977,6.226089,8.557865,0.5996738,0,2.122074,7.182521,6.096478,8.268565,9.827496,10,9.476696,-1,-1,-1,-1,-1,-1,-1,-1,-1,-1,-1,-1,-1,-1,-1,-1,-1,-1,-1,-1,-1,-1,-1,-1,-1,-1,-1,-1,-1,-1,-1,-1,-1,-1,-1,-1,-1,-1,-1,-1,-1,-1,-1,-1,-1,-1,-1,-1,-1,-1,0,0,0,0,0,0,-1,-1,-1,-1,-1,-1,-1,-1,-1,-1,-1,-1,0,0,0,0,0,0,-1,-1,-1,-1,-1,-1,-1,-1,-1,-1,-1,-1,-1,-1,False,False,0,0,False,207,0,0,0,0,0,0,0,0,0,0,0,0,0,0,0,1,
0,989,2026-02-23 12:18:10Z,LLM_Empathetic,6.919499,7.220361,6.618638,0.632534,0,1.613639,0,0,0,0,0,0,5.484767,4.346637,6.622908,0.592854,0.702737,0.482971,7.391985,6.226084,8.557886,0.5996587,0,2.122059,7.182546,6.096492,8.268601,9.827545,10,9.476758,6.919499,7.220361,6.618638,0.632534,0,1.613639,0,0,0,0,0,0,5.484767,4.346637,6.622908,0.592854,0.702737,0.482971,7.391985,6.226084,8.557886,0.5996587,0,2.122059,7.182546,6.096492,8.268601,9.827545,10,9.476758,-1,-1,-1,-1,-1,-1,-1,-1,-1,-1,-1,-1,-1,-1,-1,-1,-1,-1,-1,-1,-1,-1,-1,-1,-1,-1,-1,-1,-1,-1,-1,-1,-1,-1,-1,-1,-1,-1,-1,-1,-1,-1,-1,-1,-1,-1,-1,-1,-1,-1,0,0,0,0,0,0,-1,-1,-1,-1,-1,-1,-1,-1,-1,-1,-1,-1,0,0,0,0,0,0,-1,-1,-1,-1,-1,-1,-1,-1,-1,-1,-1,-1,-1,-1,False,False,0,0,False,207,0,0,0,0,0,0,0,0,0,0,0,0,0,0,0,1,
0,990,2026-02-23 12:18:10Z,LLM_Empathetic,6.919513,7.220363,6.618662,0.6325104,0,1.613626,0,0,0,0,0,0,5.484785,4.346643,6.622938,0.592854,0.702737,0.482971,7.391993,6.22608,8.557906,0.5996436,0,2.122044,7.182571,6.096505,8.268638,9.827594,10,9.47682,6.919513,7.220363,6.618662,0.6325104,0,1.613626,0,0,0,0,0,0,5.484785,4.346643,6.622938,0.592854,0.702737,0.482971,7.391993,6.22608,8.557906,0.5996436,0,2.122044,7.182571,6.096505,8.268638,9.827594,10,9.47682,-1,-1,-1,-1,-1,-1,-1,-1,-1,-1,-1,-1,-1,-1,-1,-1,-1,-1,-1,-1,-1,-1,-1,-1,-1,-1,-1,-1,-1,-1,-1,-1,-1,-1,-1,-1,-1,-1,-1,-1,-1,-1,-1,-1,-1,-1,-1,-1,-1,-1,0,0,0,0,0,0,-1,-1,-1,-1,-1,-1,-1,-1,-1,-1,-1,-1,0,0,0,0,0,0,-1,-1,-1,-1,-1,-1,-1,-1,-1,-1,-1,-1,-1,-1,False,False,0,0,False,207,0,0,0,0,0,0,0,0,0,0,0,0,0,0,0,1,
0,991,2026-02-23 12:18:10Z,LLM_Empathetic,6.919527,7.220366,6.618688,0.6324869,0,1.613613,0,0,0,0,0,0,5.484803,4.346649,6.622967,0.592854,0.702737,0.482971,7.392001,6.226076,8.557926,0.5996286,0,2.122029,7.182596,6.096519,8.268673,9.827643,10,9.476882,6.919527,7.220366,6.618688,0.6324869,0,1.613613,0,0,0,0,0,0,5.484803,4.346649,6.622967,0.592854,0.702737,0.482971,7.392001,6.226076,8.557926,0.5996286,0,2.122029,7.182596,6.096519,8.268673,9.827643,10,9.476882,-1,-1,-1,-1,-1,-1,-1,-1,-1,-1,-1,-1,-1,-1,-1,-1,-1,-1,-1,-1,-1,-1,-1,-1,-1,-1,-1,-1,-1,-1,-1,-1,-1,-1,-1,-1,-1,-1,-1,-1,-1,-1,-1,-1,-1,-1,-1,-1,-1,-1,0,0,0,0,0,0,-1,-1,-1,-1,-1,-1,-1,-1,-1,-1,-1,-1,0,0,0,0,0,0,-1,-1,-1,-1,-1,-1,-1,-1,-1,-1,-1,-1,-1,-1,False,False,0,0,False,209,0,0,0,0,0,0,0,0,0,0,0,0,0,0,0,1,
0,992,2026-02-23 12:18:10Z,LLM_Empathetic,6.91954,7.220368,6.618713,0.6324635,0,1.6136,0,0,0,0,0,0,5.484821,4.346655,6.622997,0.592854,0.702737,0.482971,7.392009,6.226072,8.557947,0.5996135,0,2.122014,7.18262,6.096532,8.268709,9.827693,10,9.476944,6.91954,7.220368,6.618713,0.6324635,0,1.6136,0,0,0,0,0,0,5.484821,4.346655,6.622997,0.592854,0.702737,0.482971,7.392009,6.226072,8.557947,0.5996135,0,2.122014,7.18262,6.096532,8.268709,9.827693,10,9.476944,-1,-1,-1,-1,-1,-1,-1,-1,-1,-1,-1,-1,-1,-1,-1,-1,-1,-1,-1,-1,-1,-1,-1,-1,-1,-1,-1,-1,-1,-1,-1,-1,-1,-1,-1,-1,-1,-1,-1,-1,-1,-1,-1,-1,-1,-1,-1,-1,-1,-1,0,0,0,0,0,0,-1,-1,-1,-1,-1,-1,-1,-1,-1,-1,-1,-1,0,0,0,0,0,0,-1,-1,-1,-1,-1,-1,-1,-1,-1,-1,-1,-1,-1,-1,False,False,0,0,False,207,0,0,0,0,0,0,0,0,0,0,0,0,0,0,0,1,
0,993,2026-02-23 12:18:10Z,LLM_Empathetic,6.919554,7.220371,6.618738,0.63244,0,1.613587,0,0,0,0,0,0,5.484838,4.346661,6.623026,0.592854,0.702737,0.482971,7.392017,6.226068,8.557967,0.5995985,0,2.121999,7.182645,6.096545,8.268745,9.827742,10,9.477006,6.919554,7.220371,6.618738,0.63244,0,1.613587,0,0,0,0,0,0,5.484838,4.346661,6.623026,0.592854,0.702737,0.482971,7.392017,6.226068,8.557967,0.5995985,0,2.121999,7.182645,6.096545,8.268745,9.827742,10,9.477006,-1,-1,-1,-1,-1,-1,-1,-1,-1,-1,-1,-1,-1,-1,-1,-1,-1,-1,-1,-1,-1,-1,-1,-1,-1,-1,-1,-1,-1,-1,-1,-1,-1,-1,-1,-1,-1,-1,-1,-1,-1,-1,-1,-1,-1,-1,-1,-1,-1,-1,0,0,0,0,0,0,-1,-1,-1,-1,-1,-1,-1,-1,-1,-1,-1,-1,0,0,0,0,0,0,-1,-1,-1,-1,-1,-1,-1,-1,-1,-1,-1,-1,-1,-1,False,False,0,0,False,209,0,0,0,0,0,0,0,0,0,0,0,0,0,0,0,1,
0,994,2026-02-23 12:18:10Z,LLM_Empathetic,6.919568,7.220373,6.618763,0.6324167,0,1.613575,0,0,0,0,0,0,5.484856,4.346667,6.623056,0.592854,0.702737,0.482971,7.392025,6.226064,8.557987,0.5995836,0,2.121984,7.182669,6.096559,8.268781,9.827791,10,9.477067,6.919568,7.220373,6.618763,0.6324167,0,1.613575,0,0,0,0,0,0,5.484856,4.346667,6.623056,0.592854,0.702737,0.482971,7.392025,6.226064,8.557987,0.5995836,0,2.121984,7.182669,6.096559,8.268781,9.827791,10,9.477067,-1,-1,-1,-1,-1,-1,-1,-1,-1,-1,-1,-1,-1,-1,-1,-1,-1,-1,-1,-1,-1,-1,-1,-1,-1,-1,-1,-1,-1,-1,-1,-1,-1,-1,-1,-1,-1,-1,-1,-1,-1,-1,-1,-1,-1,-1,-1,-1,-1,-1,0,0,0,0,0,0,-1,-1,-1,-1,-1,-1,-1,-1,-1,-1,-1,-1,0,0,0,0,0,0,-1,-1,-1,-1,-1,-1,-1,-1,-1,-1,-1,-1,-1,-1,False,False,0,0,False,207,0,0,0,0,0,0,0,0,0,0,0,0,0,0,0,1,
0,995,2026-02-23 12:18:11Z,LLM_Empathetic,6.919582,7.220376,6.618788,0.6323933,0,1.613562,0,0,0,0,0,0,5.484874,4.346673,6.623085,0.592854,0.702737,0.482971,7.392034,6.226059,8.558008,0.5995686,0,2.121969,7.182694,6.096572,8.268817,9.82784,10,9.477129,6.919582,7.220376,6.618788,0.6323933,0,1.613562,0,0,0,0,0,0,5.484874,4.346673,6.623085,0.592854,0.702737,0.482971,7.392034,6.226059,8.558008,0.5995686,0,2.121969,7.182694,6.096572,8.268817,9.82784,10,9.477129,-1,-1,-1,-1,-1,-1,-1,-1,-1,-1,-1,-1,-1,-1,-1,-1,-1,-1,-1,-1,-1,-1,-1,-1,-1,-1,-1,-1,-1,-1,-1,-1,-1,-1,-1,-1,-1,-1,-1,-1,-1,-1,-1,-1,-1,-1,-1,-1,-1,-1,0,0,0,0,0,0,-1,-1,-1,-1,-1,-1,-1,-1,-1,-1,-1,-1,0,0,0,0,0,0,-1,-1,-1,-1,-1,-1,-1,-1,-1,-1,-1,-1,-1,-1,False,False,0,0,False,209,0,0,0,0,0,0,0,0,0,0,0,0,0,0,0,1,
0,996,2026-02-23 12:18:11Z,LLM_Empathetic,6.919596,7.220378,6.618813,0.63237,0,1.613549,0,0,0,0,0,0,5.484891,4.346678,6.623115,0.592854,0.702737,0.482971,7.392042,6.226055,8.558028,0.5995537,0,2.121954,7.182718,6.096585,8.268852,9.827888,10,9.47719,6.919596,7.220378,6.618813,0.63237,0,1.613549,0,0,0,0,0,0,5.484891,4.346678,6.623115,0.592854,0.702737,0.482971,7.392042,6.226055,8.558028,0.5995537,0,2.121954,7.182718,6.096585,8.268852,9.827888,10,9.47719,-1,-1,-1,-1,-1,-1,-1,-1,-1,-1,-1,-1,-1,-1,-1,-1,-1,-1,-1,-1,-1,-1,-1,-1,-1,-1,-1,-1,-1,-1,-1,-1,-1,-1,-1,-1,-1,-1,-1,-1,-1,-1,-1,-1,-1,-1,-1,-1,-1,-1,0,0,0,0,0,0,-1,-1,-1,-1,-1,-1,-1,-1,-1,-1,-1,-1,0,0,0,0,0,0,-1,-1,-1,-1,-1,-1,-1,-1,-1,-1,-1,-1,-1,-1,False,False,0,0,False,209,0,0,0,0,0,0,0,0,0,0,0,0,0,0,0,1,
0,997,2026-02-23 12:18:11Z,LLM_Empathetic,6.919609,7.220381,6.618838,0.6323467,0,1.613536,0,0,0,0,0,0,5.484909,4.346684,6.623144,0.592854,0.702737,0.482971,7.392049,6.226051,8.558048,0.5995388,0,2.121939,7.182743,6.096599,8.268888,9.827938,10,9.477251,6.919609,7.220381,6.618838,0.6323467,0,1.613536,0,0,0,0,0,0,5.484909,4.346684,6.623144,0.592854,0.702737,0.482971,7.392049,6.226051,8.558048,0.5995388,0,2.121939,7.182743,6.096599,8.268888,9.827938,10,9.477251,-1,-1,-1,-1,-1,-1,-1,-1,-1,-1,-1,-1,-1,-1,-1,-1,-1,-1,-1,-1,-1,-1,-1,-1,-1,-1,-1,-1,-1,-1,-1,-1,-1,-1,-1,-1,-1,-1,-1,-1,-1,-1,-1,-1,-1,-1,-1,-1,-1,-1,0,0,0,0,0,0,-1,-1,-1,-1,-1,-1,-1,-1,-1,-1,-1,-1,0,0,0,0,0,0,-1,-1,-1,-1,-1,-1,-1,-1,-1,-1,-1,-1,-1,-1,False,False,0,0,False,207,0,0,0,0,0,0,0,0,0,0,0,0,0,0,0,1,
0,998,2026-02-23 12:18:11Z,LLM_Empathetic,6.919623,7.220383,6.618863,0.6323235,0,1.613523,0,0,0,0,0,0,5.484927,4.34669,6.623174,0.592854,0.702737,0.482971,7.392057,6.226047,8.558068,0.5995239,0,2.121924,7.182767,6.096611,8.268924,9.827987,10,9.477312,6.919623,7.220383,6.618863,0.6323235,0,1.613523,0,0,0,0,0,0,5.484927,4.34669,6.623174,0.592854,0.702737,0.482971,7.392057,6.226047,8.558068,0.5995239,0,2.121924,7.182767,6.096611,8.268924,9.827987,10,9.477312,-1,-1,-1,-1,-1,-1,-1,-1,-1,-1,-1,-1,-1,-1,-1,-1,-1,-1,-1,-1,-1,-1,-1,-1,-1,-1,-1,-1,-1,-1,-1,-1,-1,-1,-1,-1,-1,-1,-1,-1,-1,-1,-1,-1,-1,-1,-1,-1,-1,-1,0,0,0,0,0,0,-1,-1,-1,-1,-1,-1,-1,-1,-1,-1,-1,-1,0,0,0,0,0,0,-1,-1,-1,-1,-1,-1,-1,-1,-1,-1,-1,-1,-1,-1,False,False,0,0,False,209,0,0,0,0,0,0,0,0,0,0,0,0,0,0,0,1,
0,999,2026-02-23 12:18:11Z,LLM_Empathetic,6.919637,7.220386,6.618887,0.6323003,0,1.61351,0,0,0,0,0,0,5.484944,4.346696,6.623203,0.592854,0.702737,0.482971,7.392066,6.226043,8.558088,0.5995091,0,2.121909,7.182792,6.096625,8.268959,9.828035,10,9.477374,6.919637,7.220386,6.618887,0.6323003,0,1.61351,0,0,0,0,0,0,5.484944,4.346696,6.623203,0.592854,0.702737,0.482971,7.392066,6.226043,8.558088,0.5995091,0,2.121909,7.182792,6.096625,8.268959,9.828035,10,9.477374,-1,-1,-1,-1,-1,-1,-1,-1,-1,-1,-1,-1,-1,-1,-1,-1,-1,-1,-1,-1,-1,-1,-1,-1,-1,-1,-1,-1,-1,-1,-1,-1,-1,-1,-1,-1,-1,-1,-1,-1,-1,-1,-1,-1,-1,-1,-1,-1,-1,-1,0,0,0,0,0,0,-1,-1,-1,-1,-1,-1,-1,-1,-1,-1,-1,-1,0,0,0,0,0,0,-1,-1,-1,-1,-1,-1,-1,-1,-1,-1,-1,-1,-1,-1,False,False,0,0,False,207,0,0,0,0,0,0,0,0,0,0,0,0,0,0,0,1,
0,1000,2026-02-23 12:18:11Z,LLM_Empathetic,6.91965,7.220388,6.618912,0.6322772,0,1.613498,0,0,0,0,0,0,5.484962,4.346702,6.623232,0.592854,0.702737,0.482971,7.392074,6.226039,8.558108,0.5994942,0,2.121895,7.182816,6.096638,8.268994,9.828084,10,9.477434,6.91965,7.220388,6.618912,0.6322772,0,1.613498,0,0,0,0,0,0,5.484962,4.346702,6.623232,0.592854,0.702737,0.482971,7.392074,6.226039,8.558108,0.5994942,0,2.121895,7.182816,6.096638,8.268994,9.828084,10,9.477434,-1,-1,-1,-1,-1,-1,-1,-1,-1,-1,-1,-1,-1,-1,-1,-1,-1,-1,-1,-1,-1,-1,-1,-1,-1,-1,-1,-1,-1,-1,-1,-1,-1,-1,-1,-1,-1,-1,-1,-1,-1,-1,-1,-1,-1,-1,-1,-1,-1,-1,0,0,0,0,0,0,-1,-1,-1,-1,-1,-1,-1,-1,-1,-1,-1,-1,0,0,0,0,0,0,-1,-1,-1,-1,-1,-1,-1,-1,-1,-1,-1,-1,-1,-1,False,False,0,0,False,209,0,0,0,0,0,0,0,0,0,0,0,0,0,0,0,1,
0,1001,2026-02-23 12:18:11Z,LLM_Empathetic,6.919664,7.22039,6.618937,0.6322541,0,1.613485,0,0,0,0,0,0,5.484979,4.346707,6.623261,0.592854,0.702737,0.482971,7.392082,6.226035,8.558128,0.5994794,0,2.12188,7.18284,6.096651,8.26903,9.828133,10,9.477495,6.919664,7.22039,6.618937,0.6322541,0,1.613485,0,0,0,0,0,0,5.484979,4.346707,6.623261,0.592854,0.702737,0.482971,7.392082,6.226035,8.558128,0.5994794,0,2.12188,7.18284,6.096651,8.26903,9.828133,10,9.477495,-1,-1,-1,-1,-1,-1,-1,-1,-1,-1,-1,-1,-1,-1,-1,-1,-1,-1,-1,-1,-1,-1,-1,-1,-1,-1,-1,-1,-1,-1,-1,-1,-1,-1,-1,-1,-1,-1,-1,-1,-1,-1,-1,-1,-1,-1,-1,-1,-1,-1,0,0,0,0,0,0,-1,-1,-1,-1,-1,-1,-1,-1,-1,-1,-1,-1,0,0,0,0,0,0,-1,-1,-1,-1,-1,-1,-1,-1,-1,-1,-1,-1,-1,-1,False,False,0,0,False,209,0,0,0,0,0,0,0,0,0,0,0,0,0,0,0,1,
0,1002,2026-02-23 12:18:11Z,LLM_Empathetic,6.919677,7.220393,6.618962,0.632231,0,1.613472,0,0,0,0,0,0,5.484997,4.346713,6.623291,0.592854,0.702737,0.482971,7.392089,6.226031,8.558148,0.5994647,0,2.121865,7.182865,6.096664,8.269066,9.82818,10,9.477556,6.919677,7.220393,6.618962,0.632231,0,1.613472,0,0,0,0,0,0,5.484997,4.346713,6.623291,0.592854,0.702737,0.482971,7.392089,6.226031,8.558148,0.5994647,0,2.121865,7.182865,6.096664,8.269066,9.82818,10,9.477556,-1,-1,-1,-1,-1,-1,-1,-1,-1,-1,-1,-1,-1,-1,-1,-1,-1,-1,-1,-1,-1,-1,-1,-1,-1,-1,-1,-1,-1,-1,-1,-1,-1,-1,-1,-1,-1,-1,-1,-1,-1,-1,-1,-1,-1,-1,-1,-1,-1,-1,0,0,0,0,0,0,-1,-1,-1,-1,-1,-1,-1,-1,-1,-1,-1,-1,0,0,0,0,0,0,-1,-1,-1,-1,-1,-1,-1,-1,-1,-1,-1,-1,-1,-1,False,False,0,0,False,209,0,0,0,0,0,0,0,0,0,0,0,0,0,0,0,1,
0,1003,2026-02-23 12:18:11Z,LLM_Empathetic,6.919691,7.220396,6.618986,0.6322079,0,1.613459,0,0,0,0,0,0,5.485014,4.346719,6.62332,0.592854,0.702737,0.482971,7.392097,6.226027,8.558168,0.5994499,0,2.12185,7.182889,6.096677,8.269101,9.828229,10,9.477617,6.919691,7.220396,6.618986,0.6322079,0,1.613459,0,0,0,0,0,0,5.485014,4.346719,6.62332,0.592854,0.702737,0.482971,7.392097,6.226027,8.558168,0.5994499,0,2.12185,7.182889,6.096677,8.269101,9.828229,10,9.477617,-1,-1,-1,-1,-1,-1,-1,-1,-1,-1,-1,-1,-1,-1,-1,-1,-1,-1,-1,-1,-1,-1,-1,-1,-1,-1,-1,-1,-1,-1,-1,-1,-1,-1,-1,-1,-1,-1,-1,-1,-1,-1,-1,-1,-1,-1,-1,-1,-1,-1,0,0,0,0,0,0,-1,-1,-1,-1,-1,-1,-1,-1,-1,-1,-1,-1,0,0,0,0,0,0,-1,-1,-1,-1,-1,-1,-1,-1,-1,-1,-1,-1,-1,-1,False,False,0,0,False,209,0,0,0,0,0,0,0,0,0,0,0,0,0,0,0,1,
0,1004,2026-02-23 12:18:11Z,LLM_Empathetic,6.919704,7.220398,6.619011,0.6321849,0,1.613447,0,0,0,0,0,0,5.485032,4.346725,6.623349,0.592854,0.702737,0.482971,7.392106,6.226023,8.558188,0.5994352,0,2.121835,7.182913,6.096691,8.269136,9.828278,10,9.477677,6.919704,7.220398,6.619011,0.6321849,0,1.613447,0,0,0,0,0,0,5.485032,4.346725,6.623349,0.592854,0.702737,0.482971,7.392106,6.226023,8.558188,0.5994352,0,2.121835,7.182913,6.096691,8.269136,9.828278,10,9.477677,-1,-1,-1,-1,-1,-1,-1,-1,-1,-1,-1,-1,-1,-1,-1,-1,-1,-1,-1,-1,-1,-1,-1,-1,-1,-1,-1,-1,-1,-1,-1,-1,-1,-1,-1,-1,-1,-1,-1,-1,-1,-1,-1,-1,-1,-1,-1,-1,-1,-1,0,0,0,0,0,0,-1,-1,-1,-1,-1,-1,-1,-1,-1,-1,-1,-1,0,0,0,0,0,0,-1,-1,-1,-1,-1,-1,-1,-1,-1,-1,-1,-1,-1,-1,False,False,0,0,False,209,0,0,0,0,0,0,0,0,0,0,0,0,0,0,0,1,
0,1005,2026-02-23 12:18:11Z,LLM_Empathetic,6.919718,7.2204,6.619036,0.632162,0,1.613434,0,0,0,0,0,0,5.485049,4.34673,6.623378,0.592854,0.702737,0.482971,7.392113,6.226018,8.558208,0.5994205,0,2.121821,7.182937,6.096704,8.269171,9.828325,10,9.477738,6.919718,7.2204,6.619036,0.632162,0,1.613434,0,0,0,0,0,0,5.485049,4.34673,6.623378,0.592854,0.702737,0.482971,7.392113,6.226018,8.558208,0.5994205,0,2.121821,7.182937,6.096704,8.269171,9.828325,10,9.477738,-1,-1,-1,-1,-1,-1,-1,-1,-1,-1,-1,-1,-1,-1,-1,-1,-1,-1,-1,-1,-1,-1,-1,-1,-1,-1,-1,-1,-1,-1,-1,-1,-1,-1,-1,-1,-1,-1,-1,-1,-1,-1,-1,-1,-1,-1,-1,-1,-1,-1,0,0,0,0,0,0,-1,-1,-1,-1,-1,-1,-1,-1,-1,-1,-1,-1,0,0,0,0,0,0,-1,-1,-1,-1,-1,-1,-1,-1,-1,-1,-1,-1,-1,-1,False,False,0,0,False,209,0,0,0,0,0,0,0,0,0,0,0,0,0,0,0,1,
0,1006,2026-02-23 12:18:11Z,LLM_Empathetic,6.919732,7.220403,6.61906,0.632139,0,1.613421,0,0,0,0,0,0,5.485066,4.346736,6.623407,0.592854,0.702737,0.482971,7.392121,6.226014,8.558228,0.5994058,0,2.121806,7.182961,6.096716,8.269206,9.828374,10,9.477798,6.919732,7.220403,6.61906,0.632139,0,1.613421,0,0,0,0,0,0,5.485066,4.346736,6.623407,0.592854,0.702737,0.482971,7.392121,6.226014,8.558228,0.5994058,0,2.121806,7.182961,6.096716,8.269206,9.828374,10,9.477798,-1,-1,-1,-1,-1,-1,-1,-1,-1,-1,-1,-1,-1,-1,-1,-1,-1,-1,-1,-1,-1,-1,-1,-1,-1,-1,-1,-1,-1,-1,-1,-1,-1,-1,-1,-1,-1,-1,-1,-1,-1,-1,-1,-1,-1,-1,-1,-1,-1,-1,0,0,0,0,0,0,-1,-1,-1,-1,-1,-1,-1,-1,-1,-1,-1,-1,0,0,0,0,0,0,-1,-1,-1,-1,-1,-1,-1,-1,-1,-1,-1,-1,-1,-1,False,False,0,0,False,207,0,0,0,0,0,0,0,0,0,0,0,0,0,0,0,1,
0,1007,2026-02-23 12:18:11Z,LLM_Empathetic,6.919745,7.220405,6.619085,0.6321161,0,1.613409,0,0,0,0,0,0,5.485084,4.346742,6.623435,0.592854,0.702737,0.482971,7.392129,6.22601,8.558249,0.5993911,0,2.121792,7.182985,6.09673,8.269241,9.828422,10,9.477859,6.919745,7.220405,6.619085,0.6321161,0,1.613409,0,0,0,0,0,0,5.485084,4.346742,6.623435,0.592854,0.702737,0.482971,7.392129,6.22601,8.558249,0.5993911,0,2.121792,7.182985,6.09673,8.269241,9.828422,10,9.477859,-1,-1,-1,-1,-1,-1,-1,-1,-1,-1,-1,-1,-1,-1,-1,-1,-1,-1,-1,-1,-1,-1,-1,-1,-1,-1,-1,-1,-1,-1,-1,-1,-1,-1,-1,-1,-1,-1,-1,-1,-1,-1,-1,-1,-1,-1,-1,-1,-1,-1,0,0,0,0,0,0,-1,-1,-1,-1,-1,-1,-1,-1,-1,-1,-1,-1,0,0,0,0,0,0,-1,-1,-1,-1,-1,-1,-1,-1,-1,-1,-1,-1,-1,-1,False,False,0,0,False,207,0,0,0,0,0,0,0,0,0,0,0,0,0,0,0,1,
0,1008,2026-02-23 12:18:11Z,LLM_Empathetic,6.919758,7.220407,6.619109,0.6320933,0,1.613396,0,0,0,0,0,0,5.485101,4.346747,6.623465,0.592854,0.702737,0.482971,7.392137,6.226006,8.558269,0.5993765,0,2.121777,7.183009,6.096743,8.269277,9.828469,10,9.477919,6.919758,7.220407,6.619109,0.6320933,0,1.613396,0,0,0,0,0,0,5.485101,4.346747,6.623465,0.592854,0.702737,0.482971,7.392137,6.226006,8.558269,0.5993765,0,2.121777,7.183009,6.096743,8.269277,9.828469,10,9.477919,-1,-1,-1,-1,-1,-1,-1,-1,-1,-1,-1,-1,-1,-1,-1,-1,-1,-1,-1,-1,-1,-1,-1,-1,-1,-1,-1,-1,-1,-1,-1,-1,-1,-1,-1,-1,-1,-1,-1,-1,-1,-1,-1,-1,-1,-1,-1,-1,-1,-1,0,0,0,0,0,0,-1,-1,-1,-1,-1,-1,-1,-1,-1,-1,-1,-1,0,0,0,0,0,0,-1,-1,-1,-1,-1,-1,-1,-1,-1,-1,-1,-1,-1,-1,False,False,0,0,False,209,0,0,0,0,0,0,0,0,0,0,0,0,0,0,0,1,
0,1009,2026-02-23 12:18:11Z,LLM_Empathetic,6.919772,7.22041,6.619133,0.6320705,0,1.613384,0,0,0,0,0,0,5.485118,4.346753,6.623493,0.592854,0.702737,0.482971,7.392145,6.226002,8.558288,0.5993619,0,2.121762,7.183033,6.096756,8.269311,9.828518,10,9.477979,6.919772,7.22041,6.619133,0.6320705,0,1.613384,0,0,0,0,0,0,5.485118,4.346753,6.623493,0.592854,0.702737,0.482971,7.392145,6.226002,8.558288,0.5993619,0,2.121762,7.183033,6.096756,8.269311,9.828518,10,9.477979,-1,-1,-1,-1,-1,-1,-1,-1,-1,-1,-1,-1,-1,-1,-1,-1,-1,-1,-1,-1,-1,-1,-1,-1,-1,-1,-1,-1,-1,-1,-1,-1,-1,-1,-1,-1,-1,-1,-1,-1,-1,-1,-1,-1,-1,-1,-1,-1,-1,-1,0,0,0,0,0,0,-1,-1,-1,-1,-1,-1,-1,-1,-1,-1,-1,-1,0,0,0,0,0,0,-1,-1,-1,-1,-1,-1,-1,-1,-1,-1,-1,-1,-1,-1,False,False,0,0,False,209,0,0,0,0,0,0,0,0,0,0,0,0,0,0,0,1,
0,1010,2026-02-23 12:18:11Z,LLM_Empathetic,6.919785,7.220412,6.619158,0.6320477,0,1.613371,0,0,0,0,0,0,5.485136,4.346759,6.623522,0.592854,0.702737,0.482971,7.392153,6.225998,8.558308,0.5993473,0,2.121748,7.183057,6.096768,8.269346,9.828566,10,9.478039,6.919785,7.220412,6.619158,0.6320477,0,1.613371,0,0,0,0,0,0,5.485136,4.346759,6.623522,0.592854,0.702737,0.482971,7.392153,6.225998,8.558308,0.5993473,0,2.121748,7.183057,6.096768,8.269346,9.828566,10,9.478039,-1,-1,-1,-1,-1,-1,-1,-1,-1,-1,-1,-1,-1,-1,-1,-1,-1,-1,-1,-1,-1,-1,-1,-1,-1,-1,-1,-1,-1,-1,-1,-1,-1,-1,-1,-1,-1,-1,-1,-1,-1,-1,-1,-1,-1,-1,-1,-1,-1,-1,0,0,0,0,0,0,-1,-1,-1,-1,-1,-1,-1,-1,-1,-1,-1,-1,0,0,0,0,0,0,-1,-1,-1,-1,-1,-1,-1,-1,-1,-1,-1,-1,-1,-1,False,False,0,0,False,209,0,0,0,0,0,0,0,0,0,0,0,0,0,0,0,1,
0,1011,2026-02-23 12:18:11Z,LLM_Empathetic,6.919799,7.220415,6.619182,0.6320249,0,1.613358,0,0,0,0,0,0,5.485153,4.346765,6.623551,0.592854,0.702737,0.482971,7.39216,6.225994,8.558328,0.5993327,0,2.121733,7.183081,6.096782,8.269382,9.828613,10,9.478099,6.919799,7.220415,6.619182,0.6320249,0,1.613358,0,0,0,0,0,0,5.485153,4.346765,6.623551,0.592854,0.702737,0.482971,7.39216,6.225994,8.558328,0.5993327,0,2.121733,7.183081,6.096782,8.269382,9.828613,10,9.478099,-1,-1,-1,-1,-1,-1,-1,-1,-1,-1,-1,-1,-1,-1,-1,-1,-1,-1,-1,-1,-1,-1,-1,-1,-1,-1,-1,-1,-1,-1,-1,-1,-1,-1,-1,-1,-1,-1,-1,-1,-1,-1,-1,-1,-1,-1,-1,-1,-1,-1,0,0,0,0,0,0,-1,-1,-1,-1,-1,-1,-1,-1,-1,-1,-1,-1,0,0,0,0,0,0,-1,-1,-1,-1,-1,-1,-1,-1,-1,-1,-1,-1,-1,-1,False,False,0,0,False,209,0,0,0,0,0,0,0,0,0,0,0,0,0,0,0,1,
0,1012,2026-02-23 12:18:11Z,LLM_Empathetic,6.919812,7.220417,6.619206,0.6320022,0,1.613346,0,0,0,0,0,0,5.48517,4.34677,6.62358,0.592854,0.702737,0.482971,7.392169,6.22599,8.558347,0.5993182,0,2.121719,7.183105,6.096795,8.269416,9.828661,10,9.478159,6.919812,7.220417,6.619206,0.6320022,0,1.613346,0,0,0,0,0,0,5.48517,4.34677,6.62358,0.592854,0.702737,0.482971,7.392169,6.22599,8.558347,0.5993182,0,2.121719,7.183105,6.096795,8.269416,9.828661,10,9.478159,-1,-1,-1,-1,-1,-1,-1,-1,-1,-1,-1,-1,-1,-1,-1,-1,-1,-1,-1,-1,-1,-1,-1,-1,-1,-1,-1,-1,-1,-1,-1,-1,-1,-1,-1,-1,-1,-1,-1,-1,-1,-1,-1,-1,-1,-1,-1,-1,-1,-1,0,0,0,0,0,0,-1,-1,-1,-1,-1,-1,-1,-1,-1,-1,-1,-1,0,0,0,0,0,0,-1,-1,-1,-1,-1,-1,-1,-1,-1,-1,-1,-1,-1,-1,False,False,0,0,False,207,0,0,0,0,0,0,0,0,0,0,0,0,0,0,0,1,
0,1013,2026-02-23 12:18:11Z,LLM_Empathetic,6.919826,7.22042,6.619231,0.6319796,0,1.613333,0,0,0,0,0,0,5.485187,4.346776,6.623608,0.592854,0.702737,0.482971,7.392176,6.225986,8.558367,0.5993037,0,2.121704,7.183128,6.096807,8.269451,9.828709,10,9.478218,6.919826,7.22042,6.619231,0.6319796,0,1.613333,0,0,0,0,0,0,5.485187,4.346776,6.623608,0.592854,0.702737,0.482971,7.392176,6.225986,8.558367,0.5993037,0,2.121704,7.183128,6.096807,8.269451,9.828709,10,9.478218,-1,-1,-1,-1,-1,-1,-1,-1,-1,-1,-1,-1,-1,-1,-1,-1,-1,-1,-1,-1,-1,-1,-1,-1,-1,-1,-1,-1,-1,-1,-1,-1,-1,-1,-1,-1,-1,-1,-1,-1,-1,-1,-1,-1,-1,-1,-1,-1,-1,-1,0,0,0,0,0,0,-1,-1,-1,-1,-1,-1,-1,-1,-1,-1,-1,-1,0,0,0,0,0,0,-1,-1,-1,-1,-1,-1,-1,-1,-1,-1,-1,-1,-1,-1,False,False,0,0,False,209,0,0,0,0,0,0,0,0,0,0,0,0,0,0,0,1,
0,1014,2026-02-23 12:18:11Z,LLM_Empathetic,6.919838,7.220422,6.619255,0.6319569,0,1.613321,0,0,0,0,0,0,5.485204,4.346782,6.623637,0.592854,0.702737,0.482971,7.392184,6.225982,8.558387,0.5992892,0,2.12169,7.183152,6.09682,8.269485,9.828755,10,9.478278,6.919838,7.220422,6.619255,0.6319569,0,1.613321,0,0,0,0,0,0,5.485204,4.346782,6.623637,0.592854,0.702737,0.482971,7.392184,6.225982,8.558387,0.5992892,0,2.12169,7.183152,6.09682,8.269485,9.828755,10,9.478278,-1,-1,-1,-1,-1,-1,-1,-1,-1,-1,-1,-1,-1,-1,-1,-1,-1,-1,-1,-1,-1,-1,-1,-1,-1,-1,-1,-1,-1,-1,-1,-1,-1,-1,-1,-1,-1,-1,-1,-1,-1,-1,-1,-1,-1,-1,-1,-1,-1,-1,0,0,0,0,0,0,-1,-1,-1,-1,-1,-1,-1,-1,-1,-1,-1,-1,0,0,0,0,0,0,-1,-1,-1,-1,-1,-1,-1,-1,-1,-1,-1,-1,-1,-1,False,False,0,0,False,209,0,0,0,0,0,0,0,0,0,0,0,0,0,0,0,1,
0,1015,2026-02-23 12:18:11Z,LLM_Empathetic,6.919852,7.220425,6.619279,0.6319343,0,1.613309,0,0,0,0,0,0,5.485221,4.346787,6.623665,0.592854,0.702737,0.482971,7.392192,6.225978,8.558406,0.5992747,0,2.121675,7.183176,6.096833,8.26952,9.828803,10,9.478337,6.919852,7.220425,6.619279,0.6319343,0,1.613309,0,0,0,0,0,0,5.485221,4.346787,6.623665,0.592854,0.702737,0.482971,7.392192,6.225978,8.558406,0.5992747,0,2.121675,7.183176,6.096833,8.26952,9.828803,10,9.478337,-1,-1,-1,-1,-1,-1,-1,-1,-1,-1,-1,-1,-1,-1,-1,-1,-1,-1,-1,-1,-1,-1,-1,-1,-1,-1,-1,-1,-1,-1,-1,-1,-1,-1,-1,-1,-1,-1,-1,-1,-1,-1,-1,-1,-1,-1,-1,-1,-1,-1,0,0,0,0,0,0,-1,-1,-1,-1,-1,-1,-1,-1,-1,-1,-1,-1,0,0,0,0,0,0,-1,-1,-1,-1,-1,-1,-1,-1,-1,-1,-1,-1,-1,-1,False,False,0,0,False,207,0,0,0,0,0,0,0,0,0,0,0,0,0,0,0,1,
0,1016,2026-02-23 12:18:11Z,LLM_Empathetic,6.919865,7.220427,6.619303,0.6319118,0,1.613296,0,0,0,0,0,0,5.485238,4.346793,6.623694,0.592854,0.702737,0.482971,7.3922,6.225974,8.558426,0.5992603,0,2.121661,7.1832,6.096846,8.269555,9.828851,10,9.478397,6.919865,7.220427,6.619303,0.6319118,0,1.613296,0,0,0,0,0,0,5.485238,4.346793,6.623694,0.592854,0.702737,0.482971,7.3922,6.225974,8.558426,0.5992603,0,2.121661,7.1832,6.096846,8.269555,9.828851,10,9.478397,-1,-1,-1,-1,-1,-1,-1,-1,-1,-1,-1,-1,-1,-1,-1,-1,-1,-1,-1,-1,-1,-1,-1,-1,-1,-1,-1,-1,-1,-1,-1,-1,-1,-1,-1,-1,-1,-1,-1,-1,-1,-1,-1,-1,-1,-1,-1,-1,-1,-1,0,0,0,0,0,0,-1,-1,-1,-1,-1,-1,-1,-1,-1,-1,-1,-1,0,0,0,0,0,0,-1,-1,-1,-1,-1,-1,-1,-1,-1,-1,-1,-1,-1,-1,False,False,0,0,False,209,0,0,0,0,0,0,0,0,0,0,0,0,0,0,0,1,
0,1017,2026-02-23 12:18:11Z,LLM_Empathetic,6.919878,7.220429,6.619328,0.6318892,0,1.613284,0,0,0,0,0,0,5.485255,4.346799,6.623722,0.592854,0.702737,0.482971,7.392208,6.22597,8.558445,0.5992458,0,2.121646,7.183223,6.096859,8.269589,9.828897,10,9.478456,6.919878,7.220429,6.619328,0.6318892,0,1.613284,0,0,0,0,0,0,5.485255,4.346799,6.623722,0.592854,0.702737,0.482971,7.392208,6.22597,8.558445,0.5992458,0,2.121646,7.183223,6.096859,8.269589,9.828897,10,9.478456,-1,-1,-1,-1,-1,-1,-1,-1,-1,-1,-1,-1,-1,-1,-1,-1,-1,-1,-1,-1,-1,-1,-1,-1,-1,-1,-1,-1,-1,-1,-1,-1,-1,-1,-1,-1,-1,-1,-1,-1,-1,-1,-1,-1,-1,-1,-1,-1,-1,-1,0,0,0,0,0,0,-1,-1,-1,-1,-1,-1,-1,-1,-1,-1,-1,-1,0,0,0,0,0,0,-1,-1,-1,-1,-1,-1,-1,-1,-1,-1,-1,-1,-1,-1,False,False,0,0,False,207,0,0,0,0,0,0,0,0,0,0,0,0,0,0,0,1,
0,1018,2026-02-23 12:18:11Z,LLM_Empathetic,6.919892,7.220432,6.619351,0.6318668,0,1.613271,0,0,0,0,0,0,5.485272,4.346804,6.623751,0.592854,0.702737,0.482971,7.392215,6.225966,8.558465,0.5992314,0,2.121632,7.183247,6.096871,8.269624,9.828945,10,9.478516,6.919892,7.220432,6.619351,0.6318668,0,1.613271,0,0,0,0,0,0,5.485272,4.346804,6.623751,0.592854,0.702737,0.482971,7.392215,6.225966,8.558465,0.5992314,0,2.121632,7.183247,6.096871,8.269624,9.828945,10,9.478516,-1,-1,-1,-1,-1,-1,-1,-1,-1,-1,-1,-1,-1,-1,-1,-1,-1,-1,-1,-1,-1,-1,-1,-1,-1,-1,-1,-1,-1,-1,-1,-1,-1,-1,-1,-1,-1,-1,-1,-1,-1,-1,-1,-1,-1,-1,-1,-1,-1,-1,0,0,0,0,0,0,-1,-1,-1,-1,-1,-1,-1,-1,-1,-1,-1,-1,0,0,0,0,0,0,-1,-1,-1,-1,-1,-1,-1,-1,-1,-1,-1,-1,-1,-1,False,False,0,0,False,209,0,0,0,0,0,0,0,0,0,0,0,0,0,0,0,1,
0,1019,2026-02-23 12:18:11Z,LLM_Empathetic,6.919905,7.220434,6.619376,0.6318443,0,1.613259,0,0,0,0,0,0,5.485289,4.34681,6.623779,0.592854,0.702737,0.482971,7.392223,6.225962,8.558484,0.5992171,0,2.121617,7.18327,6.096884,8.269658,9.828992,10,9.478575,6.919905,7.220434,6.619376,0.6318443,0,1.613259,0,0,0,0,0,0,5.485289,4.34681,6.623779,0.592854,0.702737,0.482971,7.392223,6.225962,8.558484,0.5992171,0,2.121617,7.18327,6.096884,8.269658,9.828992,10,9.478575,-1,-1,-1,-1,-1,-1,-1,-1,-1,-1,-1,-1,-1,-1,-1,-1,-1,-1,-1,-1,-1,-1,-1,-1,-1,-1,-1,-1,-1,-1,-1,-1,-1,-1,-1,-1,-1,-1,-1,-1,-1,-1,-1,-1,-1,-1,-1,-1,-1,-1,0,0,0,0,0,0,-1,-1,-1,-1,-1,-1,-1,-1,-1,-1,-1,-1,0,0,0,0,0,0,-1,-1,-1,-1,-1,-1,-1,-1,-1,-1,-1,-1,-1,-1,False,False,0,0,False,207,0,0,0,0,0,0,0,0,0,0,0,0,0,0,0,1,
0,1020,2026-02-23 12:18:11Z,LLM_Empathetic,6.919918,7.220437,6.6194,0.6318219,0,1.613247,0,0,0,0,0,0,5.485306,4.346816,6.623807,0.592854,0.702737,0.482971,7.392231,6.225958,8.558504,0.5992027,0,2.121603,7.183294,6.096897,8.269692,9.82904,10,9.478634,6.919918,7.220437,6.6194,0.6318219,0,1.613247,0,0,0,0,0,0,5.485306,4.346816,6.623807,0.592854,0.702737,0.482971,7.392231,6.225958,8.558504,0.5992027,0,2.121603,7.183294,6.096897,8.269692,9.82904,10,9.478634,-1,-1,-1,-1,-1,-1,-1,-1,-1,-1,-1,-1,-1,-1,-1,-1,-1,-1,-1,-1,-1,-1,-1,-1,-1,-1,-1,-1,-1,-1,-1,-1,-1,-1,-1,-1,-1,-1,-1,-1,-1,-1,-1,-1,-1,-1,-1,-1,-1,-1,0,0,0,0,0,0,-1,-1,-1,-1,-1,-1,-1,-1,-1,-1,-1,-1,0,0,0,0,0,0,-1,-1,-1,-1,-1,-1,-1,-1,-1,-1,-1,-1,-1,-1,False,False,0,0,False,207,0,0,0,0,0,0,0,0,0,0,0,0,0,0,0,1,
0,1021,2026-02-23 12:18:11Z,LLM_Empathetic,6.919931,7.220439,6.619423,0.6317995,0,1.613234,0,0,0,0,0,0,5.485323,4.346821,6.623836,0.592854,0.702737,0.482971,7.392239,6.225954,8.558523,0.5991883,0,2.121589,7.183318,6.09691,8.269727,9.829086,10,9.478693,6.919931,7.220439,6.619423,0.6317995,0,1.613234,0,0,0,0,0,0,5.485323,4.346821,6.623836,0.592854,0.702737,0.482971,7.392239,6.225954,8.558523,0.5991883,0,2.121589,7.183318,6.09691,8.269727,9.829086,10,9.478693,-1,-1,-1,-1,-1,-1,-1,-1,-1,-1,-1,-1,-1,-1,-1,-1,-1,-1,-1,-1,-1,-1,-1,-1,-1,-1,-1,-1,-1,-1,-1,-1,-1,-1,-1,-1,-1,-1,-1,-1,-1,-1,-1,-1,-1,-1,-1,-1,-1,-1,0,0,0,0,0,0,-1,-1,-1,-1,-1,-1,-1,-1,-1,-1,-1,-1,0,0,0,0,0,0,-1,-1,-1,-1,-1,-1,-1,-1,-1,-1,-1,-1,-1,-1,False,False,0,0,False,207,0,0,0,0,0,0,0,0,0,0,0,0,0,0,0,1,
0,1022,2026-02-23 12:18:11Z,LLM_Empathetic,6.919944,7.220441,6.619447,0.6317772,0,1.613222,0,0,0,0,0,0,5.48534,4.346827,6.623864,0.592854,0.702737,0.482971,7.392246,6.22595,8.558542,0.599174,0,2.121574,7.183341,6.096922,8.269761,9.829133,10,9.478751,6.919944,7.220441,6.619447,0.6317772,0,1.613222,0,0,0,0,0,0,5.48534,4.346827,6.623864,0.592854,0.702737,0.482971,7.392246,6.22595,8.558542,0.599174,0,2.121574,7.183341,6.096922,8.269761,9.829133,10,9.478751,-1,-1,-1,-1,-1,-1,-1,-1,-1,-1,-1,-1,-1,-1,-1,-1,-1,-1,-1,-1,-1,-1,-1,-1,-1,-1,-1,-1,-1,-1,-1,-1,-1,-1,-1,-1,-1,-1,-1,-1,-1,-1,-1,-1,-1,-1,-1,-1,-1,-1,0,0,0,0,0,0,-1,-1,-1,-1,-1,-1,-1,-1,-1,-1,-1,-1,0,0,0,0,0,0,-1,-1,-1,-1,-1,-1,-1,-1,-1,-1,-1,-1,-1,-1,False,False,0,0,False,207,0,0,0,0,0,0,0,0,0,0,0,0,0,0,0,1,
0,1023,2026-02-23 12:18:11Z,LLM_Empathetic,6.919958,7.220444,6.619471,0.6317548,0,1.61321,0,0,0,0,0,0,5.485357,4.346832,6.623892,0.592854,0.702737,0.482971,7.392254,6.225946,8.558562,0.5991598,0,2.12156,7.183365,6.096935,8.269795,9.82918,10,9.47881,6.919958,7.220444,6.619471,0.6317548,0,1.61321,0,0,0,0,0,0,5.485357,4.346832,6.623892,0.592854,0.702737,0.482971,7.392254,6.225946,8.558562,0.5991598,0,2.12156,7.183365,6.096935,8.269795,9.82918,10,9.47881,-1,-1,-1,-1,-1,-1,-1,-1,-1,-1,-1,-1,-1,-1,-1,-1,-1,-1,-1,-1,-1,-1,-1,-1,-1,-1,-1,-1,-1,-1,-1,-1,-1,-1,-1,-1,-1,-1,-1,-1,-1,-1,-1,-1,-1,-1,-1,-1,-1,-1,0,0,0,0,0,0,-1,-1,-1,-1,-1,-1,-1,-1,-1,-1,-1,-1,0,0,0,0,0,0,-1,-1,-1,-1,-1,-1,-1,-1,-1,-1,-1,-1,-1,-1,False,False,0,0,False,209,0,0,0,0,0,0,0,0,0,0,0,0,0,0,0,1,
0,1024,2026-02-23 12:18:11Z,LLM_Empathetic,6.919971,7.220446,6.619495,0.6317326,0,1.613197,0,0,0,0,0,0,5.485374,4.346838,6.62392,0.592854,0.702737,0.482971,7.392262,6.225942,8.558581,0.5991455,0,2.121546,7.183388,6.096948,8.269829,9.829226,10,9.478869,6.919971,7.220446,6.619495,0.6317326,0,1.613197,0,0,0,0,0,0,5.485374,4.346838,6.62392,0.592854,0.702737,0.482971,7.392262,6.225942,8.558581,0.5991455,0,2.121546,7.183388,6.096948,8.269829,9.829226,10,9.478869,-1,-1,-1,-1,-1,-1,-1,-1,-1,-1,-1,-1,-1,-1,-1,-1,-1,-1,-1,-1,-1,-1,-1,-1,-1,-1,-1,-1,-1,-1,-1,-1,-1,-1,-1,-1,-1,-1,-1,-1,-1,-1,-1,-1,-1,-1,-1,-1,-1,-1,0,0,0,0,0,0,-1,-1,-1,-1,-1,-1,-1,-1,-1,-1,-1,-1,0,0,0,0,0,0,-1,-1,-1,-1,-1,-1,-1,-1,-1,-1,-1,-1,-1,-1,False,False,0,0,False,209,0,0,0,0,0,0,0,0,0,0,0,0,0,0,0,1,
0,1025,2026-02-23 12:18:11Z,LLM_Empathetic,6.919984,7.220448,6.619519,0.6317104,0,1.613185,0,0,0,0,0,0,5.485391,4.346843,6.623948,0.592854,0.702737,0.482971,7.392269,6.225938,8.5586,0.5991312,0,2.121532,7.183412,6.096961,8.269863,9.829273,10,9.478928,6.919984,7.220448,6.619519,0.6317104,0,1.613185,0,0,0,0,0,0,5.485391,4.346843,6.623948,0.592854,0.702737,0.482971,7.392269,6.225938,8.5586,0.5991312,0,2.121532,7.183412,6.096961,8.269863,9.829273,10,9.478928,-1,-1,-1,-1,-1,-1,-1,-1,-1,-1,-1,-1,-1,-1,-1,-1,-1,-1,-1,-1,-1,-1,-1,-1,-1,-1,-1,-1,-1,-1,-1,-1,-1,-1,-1,-1,-1,-1,-1,-1,-1,-1,-1,-1,-1,-1,-1,-1,-1,-1,0,0,0,0,0,0,-1,-1,-1,-1,-1,-1,-1,-1,-1,-1,-1,-1,0,0,0,0,0,0,-1,-1,-1,-1,-1,-1,-1,-1,-1,-1,-1,-1,-1,-1,False,False,0,0,False,209,0,0,0,0,0,0,0,0,0,0,0,0,0,0,0,1,
0,1026,2026-02-23 12:18:11Z,LLM_Empathetic,6.919997,7.220451,6.619543,0.6316881,0,1.613173,0,0,0,0,0,0,5.485407,4.346849,6.623976,0.592854,0.702737,0.482971,7.392277,6.225935,8.558619,0.599117,0,2.121517,7.183435,6.096973,8.269897,9.82932,10,9.478986,6.919997,7.220451,6.619543,0.6316881,0,1.613173,0,0,0,0,0,0,5.485407,4.346849,6.623976,0.592854,0.702737,0.482971,7.392277,6.225935,8.558619,0.599117,0,2.121517,7.183435,6.096973,8.269897,9.82932,10,9.478986,-1,-1,-1,-1,-1,-1,-1,-1,-1,-1,-1,-1,-1,-1,-1,-1,-1,-1,-1,-1,-1,-1,-1,-1,-1,-1,-1,-1,-1,-1,-1,-1,-1,-1,-1,-1,-1,-1,-1,-1,-1,-1,-1,-1,-1,-1,-1,-1,-1,-1,0,0,0,0,0,0,-1,-1,-1,-1,-1,-1,-1,-1,-1,-1,-1,-1,0,0,0,0,0,0,-1,-1,-1,-1,-1,-1,-1,-1,-1,-1,-1,-1,-1,-1,False,False,0,0,False,207,0,0,0,0,0,0,0,0,0,0,0,0,0,0,0,1,
0,1027,2026-02-23 12:18:12Z,LLM_Empathetic,6.92001,7.220453,6.619566,0.6316659,0,1.613161,0,0,0,0,0,0,5.485424,4.346855,6.624004,0.592854,0.702737,0.482971,7.392284,6.22593,8.558639,0.5991029,0,2.121503,7.183458,6.096986,8.269931,9.829367,10,9.479044,6.92001,7.220453,6.619566,0.6316659,0,1.613161,0,0,0,0,0,0,5.485424,4.346855,6.624004,0.592854,0.702737,0.482971,7.392284,6.22593,8.558639,0.5991029,0,2.121503,7.183458,6.096986,8.269931,9.829367,10,9.479044,-1,-1,-1,-1,-1,-1,-1,-1,-1,-1,-1,-1,-1,-1,-1,-1,-1,-1,-1,-1,-1,-1,-1,-1,-1,-1,-1,-1,-1,-1,-1,-1,-1,-1,-1,-1,-1,-1,-1,-1,-1,-1,-1,-1,-1,-1,-1,-1,-1,-1,0,0,0,0,0,0,-1,-1,-1,-1,-1,-1,-1,-1,-1,-1,-1,-1,0,0,0,0,0,0,-1,-1,-1,-1,-1,-1,-1,-1,-1,-1,-1,-1,-1,-1,False,False,0,0,False,207,0,0,0,0,0,0,0,0,0,0,0,0,0,0,0,1,
0,1028,2026-02-23 12:18:12Z,LLM_Empathetic,6.920023,7.220456,6.61959,0.6316438,0,1.613148,0,0,0,0,0,0,5.485441,4.34686,6.624032,0.592854,0.702737,0.482971,7.392292,6.225926,8.558659,0.5990887,0,2.121489,7.183481,6.096998,8.269965,9.829412,10,9.479103,6.920023,7.220456,6.61959,0.6316438,0,1.613148,0,0,0,0,0,0,5.485441,4.34686,6.624032,0.592854,0.702737,0.482971,7.392292,6.225926,8.558659,0.5990887,0,2.121489,7.183481,6.096998,8.269965,9.829412,10,9.479103,-1,-1,-1,-1,-1,-1,-1,-1,-1,-1,-1,-1,-1,-1,-1,-1,-1,-1,-1,-1,-1,-1,-1,-1,-1,-1,-1,-1,-1,-1,-1,-1,-1,-1,-1,-1,-1,-1,-1,-1,-1,-1,-1,-1,-1,-1,-1,-1,-1,-1,0,0,0,0,0,0,-1,-1,-1,-1,-1,-1,-1,-1,-1,-1,-1,-1,0,0,0,0,0,0,-1,-1,-1,-1,-1,-1,-1,-1,-1,-1,-1,-1,-1,-1,False,False,0,0,False,207,0,0,0,0,0,0,0,0,0,0,0,0,0,0,0,1,
0,1029,2026-02-23 12:18:12Z,LLM_Empathetic,6.920036,7.220458,6.619614,0.6316217,0,1.613136,0,0,0,0,0,0,5.485458,4.346866,6.62406,0.592854,0.702737,0.482971,7.3923,6.225923,8.558678,0.5990745,0,2.121475,7.183505,6.097011,8.27,9.829459,10,9.479161,6.920036,7.220458,6.619614,0.6316217,0,1.613136,0,0,0,0,0,0,5.485458,4.346866,6.62406,0.592854,0.702737,0.482971,7.3923,6.225923,8.558678,0.5990745,0,2.121475,7.183505,6.097011,8.27,9.829459,10,9.479161,-1,-1,-1,-1,-1,-1,-1,-1,-1,-1,-1,-1,-1,-1,-1,-1,-1,-1,-1,-1,-1,-1,-1,-1,-1,-1,-1,-1,-1,-1,-1,-1,-1,-1,-1,-1,-1,-1,-1,-1,-1,-1,-1,-1,-1,-1,-1,-1,-1,-1,0,0,0,0,0,0,-1,-1,-1,-1,-1,-1,-1,-1,-1,-1,-1,-1,0,0,0,0,0,0,-1,-1,-1,-1,-1,-1,-1,-1,-1,-1,-1,-1,-1,-1,False,False,0,0,False,209,0,0,0,0,0,0,0,0,0,0,0,0,0,0,0,1,
0,1030,2026-02-23 12:18:12Z,LLM_Empathetic,6.920049,7.22046,6.619637,0.6315997,0,1.613124,0,0,0,0,0,0,5.485475,4.346871,6.624088,0.592854,0.702737,0.482971,7.392307,6.225919,8.558697,0.5990604,0,2.121461,7.183527,6.097023,8.270033,9.829506,10,9.479219,6.920049,7.22046,6.619637,0.6315997,0,1.613124,0,0,0,0,0,0,5.485475,4.346871,6.624088,0.592854,0.702737,0.482971,7.392307,6.225919,8.558697,0.5990604,0,2.121461,7.183527,6.097023,8.270033,9.829506,10,9.479219,-1,-1,-1,-1,-1,-1,-1,-1,-1,-1,-1,-1,-1,-1,-1,-1,-1,-1,-1,-1,-1,-1,-1,-1,-1,-1,-1,-1,-1,-1,-1,-1,-1,-1,-1,-1,-1,-1,-1,-1,-1,-1,-1,-1,-1,-1,-1,-1,-1,-1,0,0,0,0,0,0,-1,-1,-1,-1,-1,-1,-1,-1,-1,-1,-1,-1,0,0,0,0,0,0,-1,-1,-1,-1,-1,-1,-1,-1,-1,-1,-1,-1,-1,-1,False,False,0,0,False,209,0,0,0,0,0,0,0,0,0,0,0,0,0,0,0,1,
0,1031,2026-02-23 12:18:12Z,LLM_Empathetic,6.920062,7.220462,6.619661,0.6315776,0,1.613112,0,0,0,0,0,0,5.485491,4.346877,6.624116,0.592854,0.702737,0.482971,7.392315,6.225914,8.558716,0.5990463,0,2.121447,7.183551,6.097036,8.270066,9.829552,10,9.479277,6.920062,7.220462,6.619661,0.6315776,0,1.613112,0,0,0,0,0,0,5.485491,4.346877,6.624116,0.592854,0.702737,0.482971,7.392315,6.225914,8.558716,0.5990463,0,2.121447,7.183551,6.097036,8.270066,9.829552,10,9.479277,-1,-1,-1,-1,-1,-1,-1,-1,-1,-1,-1,-1,-1,-1,-1,-1,-1,-1,-1,-1,-1,-1,-1,-1,-1,-1,-1,-1,-1,-1,-1,-1,-1,-1,-1,-1,-1,-1,-1,-1,-1,-1,-1,-1,-1,-1,-1,-1,-1,-1,0,0,0,0,0,0,-1,-1,-1,-1,-1,-1,-1,-1,-1,-1,-1,-1,0,0,0,0,0,0,-1,-1,-1,-1,-1,-1,-1,-1,-1,-1,-1,-1,-1,-1,False,False,0,0,False,209,0,0,0,0,0,0,0,0,0,0,0,0,0,0,0,1,
0,1032,2026-02-23 12:18:12Z,LLM_Empathetic,6.920075,7.220465,6.619685,0.6315556,0,1.6131,0,0,0,0,0,0,5.485507,4.346882,6.624144,0.592854,0.702737,0.482971,7.392323,6.225911,8.558735,0.5990322,0,2.121433,7.183574,6.097048,8.270101,9.829598,10,9.479335,6.920075,7.220465,6.619685,0.6315556,0,1.6131,0,0,0,0,0,0,5.485507,4.346882,6.624144,0.592854,0.702737,0.482971,7.392323,6.225911,8.558735,0.5990322,0,2.121433,7.183574,6.097048,8.270101,9.829598,10,9.479335,-1,-1,-1,-1,-1,-1,-1,-1,-1,-1,-1,-1,-1,-1,-1,-1,-1,-1,-1,-1,-1,-1,-1,-1,-1,-1,-1,-1,-1,-1,-1,-1,-1,-1,-1,-1,-1,-1,-1,-1,-1,-1,-1,-1,-1,-1,-1,-1,-1,-1,0,0,0,0,0,0,-1,-1,-1,-1,-1,-1,-1,-1,-1,-1,-1,-1,0,0,0,0,0,0,-1,-1,-1,-1,-1,-1,-1,-1,-1,-1,-1,-1,-1,-1,False,False,0,0,False,209,0,0,0,0,0,0,0,0,0,0,0,0,0,0,0,1,
0,1033,2026-02-23 12:18:12Z,LLM_Empathetic,6.920088,7.220467,6.619708,0.6315337,0,1.613088,0,0,0,0,0,0,5.485524,4.346888,6.624171,0.592854,0.702737,0.482971,7.39233,6.225907,8.558754,0.5990182,0,2.121418,7.183597,6.097061,8.270134,9.829644,10,9.479393,6.920088,7.220467,6.619708,0.6315337,0,1.613088,0,0,0,0,0,0,5.485524,4.346888,6.624171,0.592854,0.702737,0.482971,7.39233,6.225907,8.558754,0.5990182,0,2.121418,7.183597,6.097061,8.270134,9.829644,10,9.479393,-1,-1,-1,-1,-1,-1,-1,-1,-1,-1,-1,-1,-1,-1,-1,-1,-1,-1,-1,-1,-1,-1,-1,-1,-1,-1,-1,-1,-1,-1,-1,-1,-1,-1,-1,-1,-1,-1,-1,-1,-1,-1,-1,-1,-1,-1,-1,-1,-1,-1,0,0,0,0,0,0,-1,-1,-1,-1,-1,-1,-1,-1,-1,-1,-1,-1,0,0,0,0,0,0,-1,-1,-1,-1,-1,-1,-1,-1,-1,-1,-1,-1,-1,-1,False,False,0,0,False,209,0,0,0,0,0,0,0,0,0,0,0,0,0,0,0,1,
0,1034,2026-02-23 12:18:12Z,LLM_Empathetic,6.920101,7.220469,6.619731,0.6315117,0,1.613075,0,0,0,0,0,0,5.485541,4.346893,6.624199,0.592854,0.702737,0.482971,7.392338,6.225903,8.558773,0.5990041,0,2.121404,7.18362,6.097074,8.270167,9.82969,10,9.47945,6.920101,7.220469,6.619731,0.6315117,0,1.613075,0,0,0,0,0,0,5.485541,4.346893,6.624199,0.592854,0.702737,0.482971,7.392338,6.225903,8.558773,0.5990041,0,2.121404,7.18362,6.097074,8.270167,9.82969,10,9.47945,-1,-1,-1,-1,-1,-1,-1,-1,-1,-1,-1,-1,-1,-1,-1,-1,-1,-1,-1,-1,-1,-1,-1,-1,-1,-1,-1,-1,-1,-1,-1,-1,-1,-1,-1,-1,-1,-1,-1,-1,-1,-1,-1,-1,-1,-1,-1,-1,-1,-1,0,0,0,0,0,0,-1,-1,-1,-1,-1,-1,-1,-1,-1,-1,-1,-1,0,0,0,0,0,0,-1,-1,-1,-1,-1,-1,-1,-1,-1,-1,-1,-1,-1,-1,False,False,0,0,False,209,0,0,0,0,0,0,0,0,0,0,0,0,0,0,0,1,
0,1035,2026-02-23 12:18:12Z,LLM_Empathetic,6.920114,7.220472,6.619755,0.6314899,0,1.613063,0,0,0,0,0,0,5.485558,4.346899,6.624227,0.592854,0.702737,0.482971,7.392345,6.225899,8.558792,0.5989901,0,2.12139,7.183643,6.097086,8.270201,9.829736,10,9.479508,6.920114,7.220472,6.619755,0.6314899,0,1.613063,0,0,0,0,0,0,5.485558,4.346899,6.624227,0.592854,0.702737,0.482971,7.392345,6.225899,8.558792,0.5989901,0,2.12139,7.183643,6.097086,8.270201,9.829736,10,9.479508,-1,-1,-1,-1,-1,-1,-1,-1,-1,-1,-1,-1,-1,-1,-1,-1,-1,-1,-1,-1,-1,-1,-1,-1,-1,-1,-1,-1,-1,-1,-1,-1,-1,-1,-1,-1,-1,-1,-1,-1,-1,-1,-1,-1,-1,-1,-1,-1,-1,-1,0,0,0,0,0,0,-1,-1,-1,-1,-1,-1,-1,-1,-1,-1,-1,-1,0,0,0,0,0,0,-1,-1,-1,-1,-1,-1,-1,-1,-1,-1,-1,-1,-1,-1,False,False,0,0,False,207,0,0,0,0,0,0,0,0,0,0,0,0,0,0,0,1,
0,1036,2026-02-23 12:18:12Z,LLM_Empathetic,6.920126,7.220474,6.619778,0.631468,0,1.613051,0,0,0,0,0,0,5.485574,4.346904,6.624254,0.592854,0.702737,0.482971,7.392353,6.225895,8.558811,0.5989761,0,2.121377,7.183666,6.097098,8.270235,9.829782,10,9.479566,6.920126,7.220474,6.619778,0.631468,0,1.613051,0,0,0,0,0,0,5.485574,4.346904,6.624254,0.592854,0.702737,0.482971,7.392353,6.225895,8.558811,0.5989761,0,2.121377,7.183666,6.097098,8.270235,9.829782,10,9.479566,-1,-1,-1,-1,-1,-1,-1,-1,-1,-1,-1,-1,-1,-1,-1,-1,-1,-1,-1,-1,-1,-1,-1,-1,-1,-1,-1,-1,-1,-1,-1,-1,-1,-1,-1,-1,-1,-1,-1,-1,-1,-1,-1,-1,-1,-1,-1,-1,-1,-1,0,0,0,0,0,0,-1,-1,-1,-1,-1,-1,-1,-1,-1,-1,-1,-1,0,0,0,0,0,0,-1,-1,-1,-1,-1,-1,-1,-1,-1,-1,-1,-1,-1,-1,False,False,0,0,False,207,0,0,0,0,0,0,0,0,0,0,0,0,0,0,0,1,
0,1037,2026-02-23 12:18:12Z,LLM_Empathetic,6.920139,7.220477,6.619802,0.6314462,0,1.613039,0,0,0,0,0,0,5.48559,4.34691,6.624282,0.592854,0.702737,0.482971,7.39236,6.225891,8.558829,0.5989621,0,2.121362,7.183689,6.097111,8.270268,9.829827,10,9.479623,6.920139,7.220477,6.619802,0.6314462,0,1.613039,0,0,0,0,0,0,5.48559,4.34691,6.624282,0.592854,0.702737,0.482971,7.39236,6.225891,8.558829,0.5989621,0,2.121362,7.183689,6.097111,8.270268,9.829827,10,9.479623,-1,-1,-1,-1,-1,-1,-1,-1,-1,-1,-1,-1,-1,-1,-1,-1,-1,-1,-1,-1,-1,-1,-1,-1,-1,-1,-1,-1,-1,-1,-1,-1,-1,-1,-1,-1,-1,-1,-1,-1,-1,-1,-1,-1,-1,-1,-1,-1,-1,-1,0,0,0,0,0,0,-1,-1,-1,-1,-1,-1,-1,-1,-1,-1,-1,-1,0,0,0,0,0,0,-1,-1,-1,-1,-1,-1,-1,-1,-1,-1,-1,-1,-1,-1,False,False,0,0,False,209,0,0,0,0,0,0,0,0,0,0,0,0,0,0,0,1,
0,1038,2026-02-23 12:18:12Z,LLM_Empathetic,6.920152,7.220479,6.619825,0.6314244,0,1.613027,0,0,0,0,0,0,5.485607,4.346915,6.62431,0.592854,0.702737,0.482971,7.392368,6.225887,8.558848,0.5989482,0,2.121349,7.183712,6.097123,8.270302,9.829873,10,9.479681,6.920152,7.220479,6.619825,0.6314244,0,1.613027,0,0,0,0,0,0,5.485607,4.346915,6.62431,0.592854,0.702737,0.482971,7.392368,6.225887,8.558848,0.5989482,0,2.121349,7.183712,6.097123,8.270302,9.829873,10,9.479681,-1,-1,-1,-1,-1,-1,-1,-1,-1,-1,-1,-1,-1,-1,-1,-1,-1,-1,-1,-1,-1,-1,-1,-1,-1,-1,-1,-1,-1,-1,-1,-1,-1,-1,-1,-1,-1,-1,-1,-1,-1,-1,-1,-1,-1,-1,-1,-1,-1,-1,0,0,0,0,0,0,-1,-1,-1,-1,-1,-1,-1,-1,-1,-1,-1,-1,0,0,0,0,0,0,-1,-1,-1,-1,-1,-1,-1,-1,-1,-1,-1,-1,-1,-1,False,False,0,0,False,207,0,0,0,0,0,0,0,0,0,0,0,0,0,0,0,1,
0,1039,2026-02-23 12:18:12Z,LLM_Empathetic,6.920165,7.220481,6.619848,0.6314027,0,1.613015,0,0,0,0,0,0,5.485623,4.34692,6.624337,0.592854,0.702737,0.482971,7.392375,6.225883,8.558867,0.5989342,0,2.121335,7.183735,6.097136,8.270335,9.829919,10,9.479738,6.920165,7.220481,6.619848,0.6314027,0,1.613015,0,0,0,0,0,0,5.485623,4.34692,6.624337,0.592854,0.702737,0.482971,7.392375,6.225883,8.558867,0.5989342,0,2.121335,7.183735,6.097136,8.270335,9.829919,10,9.479738,-1,-1,-1,-1,-1,-1,-1,-1,-1,-1,-1,-1,-1,-1,-1,-1,-1,-1,-1,-1,-1,-1,-1,-1,-1,-1,-1,-1,-1,-1,-1,-1,-1,-1,-1,-1,-1,-1,-1,-1,-1,-1,-1,-1,-1,-1,-1,-1,-1,-1,0,0,0,0,0,0,-1,-1,-1,-1,-1,-1,-1,-1,-1,-1,-1,-1,0,0,0,0,0,0,-1,-1,-1,-1,-1,-1,-1,-1,-1,-1,-1,-1,-1,-1,False,False,0,0,False,209,0,0,0,0,0,0,0,0,0,0,0,0,0,0,0,1,
0,1040,2026-02-23 12:18:12Z,LLM_Empathetic,6.920177,7.220483,6.619872,0.6313809,0,1.613003,0,0,0,0,0,0,5.48564,4.346926,6.624364,0.592854,0.702737,0.482971,7.392383,6.22588,8.558887,0.5989203,0,2.121321,7.183757,6.097148,8.270368,9.829965,10,9.479795,6.920177,7.220483,6.619872,0.6313809,0,1.613003,0,0,0,0,0,0,5.48564,4.346926,6.624364,0.592854,0.702737,0.482971,7.392383,6.22588,8.558887,0.5989203,0,2.121321,7.183757,6.097148,8.270368,9.829965,10,9.479795,-1,-1,-1,-1,-1,-1,-1,-1,-1,-1,-1,-1,-1,-1,-1,-1,-1,-1,-1,-1,-1,-1,-1,-1,-1,-1,-1,-1,-1,-1,-1,-1,-1,-1,-1,-1,-1,-1,-1,-1,-1,-1,-1,-1,-1,-1,-1,-1,-1,-1,0,0,0,0,0,0,-1,-1,-1,-1,-1,-1,-1,-1,-1,-1,-1,-1,0,0,0,0,0,0,-1,-1,-1,-1,-1,-1,-1,-1,-1,-1,-1,-1,-1,-1,False,False,0,0,False,209,0,0,0,0,0,0,0,0,0,0,0,0,0,0,0,1,
0,1041,2026-02-23 12:18:12Z,LLM_Empathetic,6.92019,7.220486,6.619895,0.6313593,0,1.612991,0,0,0,0,0,0,5.485656,4.346931,6.624392,0.592854,0.702737,0.482971,7.39239,6.225876,8.558906,0.5989065,0,2.121307,7.18378,6.09716,8.270401,9.83001,10,9.479853,6.92019,7.220486,6.619895,0.6313593,0,1.612991,0,0,0,0,0,0,5.485656,4.346931,6.624392,0.592854,0.702737,0.482971,7.39239,6.225876,8.558906,0.5989065,0,2.121307,7.18378,6.09716,8.270401,9.83001,10,9.479853,-1,-1,-1,-1,-1,-1,-1,-1,-1,-1,-1,-1,-1,-1,-1,-1,-1,-1,-1,-1,-1,-1,-1,-1,-1,-1,-1,-1,-1,-1,-1,-1,-1,-1,-1,-1,-1,-1,-1,-1,-1,-1,-1,-1,-1,-1,-1,-1,-1,-1,0,0,0,0,0,0,-1,-1,-1,-1,-1,-1,-1,-1,-1,-1,-1,-1,0,0,0,0,0,0,-1,-1,-1,-1,-1,-1,-1,-1,-1,-1,-1,-1,-1,-1,False,False,0,0,False,209,0,0,0,0,0,0,0,0,0,0,0,0,0,0,0,1,
0,1042,2026-02-23 12:18:12Z,LLM_Empathetic,6.920203,7.220488,6.619918,0.6313376,0,1.61298,0,0,0,0,0,0,5.485672,4.346937,6.624419,0.592854,0.702737,0.482971,7.392398,6.225872,8.558924,0.5988926,0,2.121293,7.183803,6.097172,8.270434,9.830055,10,9.479909,6.920203,7.220488,6.619918,0.6313376,0,1.61298,0,0,0,0,0,0,5.485672,4.346937,6.624419,0.592854,0.702737,0.482971,7.392398,6.225872,8.558924,0.5988926,0,2.121293,7.183803,6.097172,8.270434,9.830055,10,9.479909,-1,-1,-1,-1,-1,-1,-1,-1,-1,-1,-1,-1,-1,-1,-1,-1,-1,-1,-1,-1,-1,-1,-1,-1,-1,-1,-1,-1,-1,-1,-1,-1,-1,-1,-1,-1,-1,-1,-1,-1,-1,-1,-1,-1,-1,-1,-1,-1,-1,-1,0,0,0,0,0,0,-1,-1,-1,-1,-1,-1,-1,-1,-1,-1,-1,-1,0,0,0,0,0,0,-1,-1,-1,-1,-1,-1,-1,-1,-1,-1,-1,-1,-1,-1,False,False,0,0,False,207,0,0,0,0,0,0,0,0,0,0,0,0,0,0,0,1,
0,1043,2026-02-23 12:18:12Z,LLM_Empathetic,6.920216,7.22049,6.619941,0.631316,0,1.612968,0,0,0,0,0,0,5.485689,4.346942,6.624446,0.592854,0.702737,0.482971,7.392405,6.225868,8.558943,0.5988787,0,2.121279,7.183825,6.097185,8.270468,9.830101,10,9.479966,6.920216,7.22049,6.619941,0.631316,0,1.612968,0,0,0,0,0,0,5.485689,4.346942,6.624446,0.592854,0.702737,0.482971,7.392405,6.225868,8.558943,0.5988787,0,2.121279,7.183825,6.097185,8.270468,9.830101,10,9.479966,-1,-1,-1,-1,-1,-1,-1,-1,-1,-1,-1,-1,-1,-1,-1,-1,-1,-1,-1,-1,-1,-1,-1,-1,-1,-1,-1,-1,-1,-1,-1,-1,-1,-1,-1,-1,-1,-1,-1,-1,-1,-1,-1,-1,-1,-1,-1,-1,-1,-1,0,0,0,0,0,0,-1,-1,-1,-1,-1,-1,-1,-1,-1,-1,-1,-1,0,0,0,0,0,0,-1,-1,-1,-1,-1,-1,-1,-1,-1,-1,-1,-1,-1,-1,False,False,0,0,False,209,0,0,0,0,0,0,0,0,0,0,0,0,0,0,0,1,
0,1044,2026-02-23 12:18:12Z,LLM_Empathetic,6.920228,7.220493,6.619964,0.6312944,0,1.612956,0,0,0,0,0,0,5.485705,4.346948,6.624474,0.592854,0.702737,0.482971,7.392413,6.225864,8.558962,0.5988649,0,2.121265,7.183848,6.097197,8.270501,9.830146,10,9.480023,6.920228,7.220493,6.619964,0.6312944,0,1.612956,0,0,0,0,0,0,5.485705,4.346948,6.624474,0.592854,0.702737,0.482971,7.392413,6.225864,8.558962,0.5988649,0,2.121265,7.183848,6.097197,8.270501,9.830146,10,9.480023,-1,-1,-1,-1,-1,-1,-1,-1,-1,-1,-1,-1,-1,-1,-1,-1,-1,-1,-1,-1,-1,-1,-1,-1,-1,-1,-1,-1,-1,-1,-1,-1,-1,-1,-1,-1,-1,-1,-1,-1,-1,-1,-1,-1,-1,-1,-1,-1,-1,-1,0,0,0,0,0,0,-1,-1,-1,-1,-1,-1,-1,-1,-1,-1,-1,-1,0,0,0,0,0,0,-1,-1,-1,-1,-1,-1,-1,-1,-1,-1,-1,-1,-1,-1,False,False,0,0,False,207,0,0,0,0,0,0,0,0,0,0,0,0,0,0,0,1,
0,1045,2026-02-23 12:18:12Z,LLM_Empathetic,6.920241,7.220495,6.619987,0.6312729,0,1.612944,0,0,0,0,0,0,5.485722,4.346953,6.624501,0.592854,0.702737,0.482971,7.39242,6.225861,8.55898,0.5988511,0,2.121252,7.183871,6.097209,8.270534,9.830192,10,9.48008,6.920241,7.220495,6.619987,0.6312729,0,1.612944,0,0,0,0,0,0,5.485722,4.346953,6.624501,0.592854,0.702737,0.482971,7.39242,6.225861,8.55898,0.5988511,0,2.121252,7.183871,6.097209,8.270534,9.830192,10,9.48008,-1,-1,-1,-1,-1,-1,-1,-1,-1,-1,-1,-1,-1,-1,-1,-1,-1,-1,-1,-1,-1,-1,-1,-1,-1,-1,-1,-1,-1,-1,-1,-1,-1,-1,-1,-1,-1,-1,-1,-1,-1,-1,-1,-1,-1,-1,-1,-1,-1,-1,0,0,0,0,0,0,-1,-1,-1,-1,-1,-1,-1,-1,-1,-1,-1,-1,0,0,0,0,0,0,-1,-1,-1,-1,-1,-1,-1,-1,-1,-1,-1,-1,-1,-1,False,False,0,0,False,207,0,0,0,0,0,0,0,0,0,0,0,0,0,0,0,1,
0,1046,2026-02-23 12:18:12Z,LLM_Empathetic,6.920254,7.220497,6.62001,0.6312513,0,1.612932,0,0,0,0,0,0,5.485738,4.346958,6.624528,0.592854,0.702737,0.482971,7.392427,6.225857,8.558999,0.5988373,0,2.121238,7.183894,6.097221,8.270567,9.830236,10,9.480137,6.920254,7.220497,6.62001,0.6312513,0,1.612932,0,0,0,0,0,0,5.485738,4.346958,6.624528,0.592854,0.702737,0.482971,7.392427,6.225857,8.558999,0.5988373,0,2.121238,7.183894,6.097221,8.270567,9.830236,10,9.480137,-1,-1,-1,-1,-1,-1,-1,-1,-1,-1,-1,-1,-1,-1,-1,-1,-1,-1,-1,-1,-1,-1,-1,-1,-1,-1,-1,-1,-1,-1,-1,-1,-1,-1,-1,-1,-1,-1,-1,-1,-1,-1,-1,-1,-1,-1,-1,-1,-1,-1,0,0,0,0,0,0,-1,-1,-1,-1,-1,-1,-1,-1,-1,-1,-1,-1,0,0,0,0,0,0,-1,-1,-1,-1,-1,-1,-1,-1,-1,-1,-1,-1,-1,-1,False,False,0,0,False,209,0,0,0,0,0,0,0,0,0,0,0,0,0,0,0,1,
0,1047,2026-02-23 12:18:12Z,LLM_Empathetic,6.920267,7.2205,6.620033,0.6312299,0,1.61292,0,0,0,0,0,0,5.485754,4.346964,6.624555,0.592854,0.702737,0.482971,7.392435,6.225853,8.559017,0.5988235,0,2.121224,7.183916,6.097234,8.270599,9.830281,10,9.480193,6.920267,7.2205,6.620033,0.6312299,0,1.61292,0,0,0,0,0,0,5.485754,4.346964,6.624555,0.592854,0.702737,0.482971,7.392435,6.225853,8.559017,0.5988235,0,2.121224,7.183916,6.097234,8.270599,9.830281,10,9.480193,-1,-1,-1,-1,-1,-1,-1,-1,-1,-1,-1,-1,-1,-1,-1,-1,-1,-1,-1,-1,-1,-1,-1,-1,-1,-1,-1,-1,-1,-1,-1,-1,-1,-1,-1,-1,-1,-1,-1,-1,-1,-1,-1,-1,-1,-1,-1,-1,-1,-1,0,0,0,0,0,0,-1,-1,-1,-1,-1,-1,-1,-1,-1,-1,-1,-1,0,0,0,0,0,0,-1,-1,-1,-1,-1,-1,-1,-1,-1,-1,-1,-1,-1,-1,False,False,0,0,False,209,0,0,0,0,0,0,0,0,0,0,0,0,0,0,0,1,
0,1048,2026-02-23 12:18:12Z,LLM_Empathetic,6.920279,7.220502,6.620056,0.6312084,0,1.612908,0,0,0,0,0,0,5.485771,4.346969,6.624582,0.592854,0.702737,0.482971,7.392442,6.225849,8.559036,0.5988098,0,2.12121,7.183939,6.097246,8.270633,9.830327,10,9.480249,6.920279,7.220502,6.620056,0.6312084,0,1.612908,0,0,0,0,0,0,5.485771,4.346969,6.624582,0.592854,0.702737,0.482971,7.392442,6.225849,8.559036,0.5988098,0,2.12121,7.183939,6.097246,8.270633,9.830327,10,9.480249,-1,-1,-1,-1,-1,-1,-1,-1,-1,-1,-1,-1,-1,-1,-1,-1,-1,-1,-1,-1,-1,-1,-1,-1,-1,-1,-1,-1,-1,-1,-1,-1,-1,-1,-1,-1,-1,-1,-1,-1,-1,-1,-1,-1,-1,-1,-1,-1,-1,-1,0,0,0,0,0,0,-1,-1,-1,-1,-1,-1,-1,-1,-1,-1,-1,-1,0,0,0,0,0,0,-1,-1,-1,-1,-1,-1,-1,-1,-1,-1,-1,-1,-1,-1,False,False,0,0,False,209,0,0,0,0,0,0,0,0,0,0,0,0,0,0,0,1,
0,1049,2026-02-23 12:18:12Z,LLM_Empathetic,6.920291,7.220504,6.620079,0.631187,0,1.612896,0,0,0,0,0,0,5.485787,4.346974,6.624609,0.592854,0.702737,0.482971,7.39245,6.225845,8.559054,0.5987961,0,2.121197,7.183961,6.097258,8.270665,9.830372,10,9.480306,6.920291,7.220504,6.620079,0.631187,0,1.612896,0,0,0,0,0,0,5.485787,4.346974,6.624609,0.592854,0.702737,0.482971,7.39245,6.225845,8.559054,0.5987961,0,2.121197,7.183961,6.097258,8.270665,9.830372,10,9.480306,-1,-1,-1,-1,-1,-1,-1,-1,-1,-1,-1,-1,-1,-1,-1,-1,-1,-1,-1,-1,-1,-1,-1,-1,-1,-1,-1,-1,-1,-1,-1,-1,-1,-1,-1,-1,-1,-1,-1,-1,-1,-1,-1,-1,-1,-1,-1,-1,-1,-1,0,0,0,0,0,0,-1,-1,-1,-1,-1,-1,-1,-1,-1,-1,-1,-1,0,0,0,0,0,0,-1,-1,-1,-1,-1,-1,-1,-1,-1,-1,-1,-1,-1,-1,False,False,0,0,False,209,0,0,0,0,0,0,0,0,0,0,0,0,0,0,0,1,
0,1050,2026-02-23 12:18:12Z,LLM_Empathetic,6.920304,7.220506,6.620102,0.6311656,0,1.612885,0,0,0,0,0,0,5.485803,4.34698,6.624636,0.592854,0.702737,0.482971,7.392457,6.225842,8.559073,0.5987824,0,2.121183,7.183984,6.09727,8.270698,9.830417,10,9.480362,6.920304,7.220506,6.620102,0.6311656,0,1.612885,0,0,0,0,0,0,5.485803,4.34698,6.624636,0.592854,0.702737,0.482971,7.392457,6.225842,8.559073,0.5987824,0,2.121183,7.183984,6.09727,8.270698,9.830417,10,9.480362,-1,-1,-1,-1,-1,-1,-1,-1,-1,-1,-1,-1,-1,-1,-1,-1,-1,-1,-1,-1,-1,-1,-1,-1,-1,-1,-1,-1,-1,-1,-1,-1,-1,-1,-1,-1,-1,-1,-1,-1,-1,-1,-1,-1,-1,-1,-1,-1,-1,-1,0,0,0,0,0,0,-1,-1,-1,-1,-1,-1,-1,-1,-1,-1,-1,-1,0,0,0,0,0,0,-1,-1,-1,-1,-1,-1,-1,-1,-1,-1,-1,-1,-1,-1,False,False,0,0,False,209,0,0,0,0,0,0,0,0,0,0,0,0,0,0,0,1,
0,1051,2026-02-23 12:18:12Z,LLM_Empathetic,6.920317,7.220509,6.620125,0.6311443,0,1.612873,0,0,0,0,0,0,5.485819,4.346985,6.624663,0.592854,0.702737,0.482971,7.392465,6.225838,8.559092,0.5987688,0,2.121169,7.184006,6.097282,8.270731,9.830462,10,9.480418,6.920317,7.220509,6.620125,0.6311443,0,1.612873,0,0,0,0,0,0,5.485819,4.346985,6.624663,0.592854,0.702737,0.482971,7.392465,6.225838,8.559092,0.5987688,0,2.121169,7.184006,6.097282,8.270731,9.830462,10,9.480418,-1,-1,-1,-1,-1,-1,-1,-1,-1,-1,-1,-1,-1,-1,-1,-1,-1,-1,-1,-1,-1,-1,-1,-1,-1,-1,-1,-1,-1,-1,-1,-1,-1,-1,-1,-1,-1,-1,-1,-1,-1,-1,-1,-1,-1,-1,-1,-1,-1,-1,0,0,0,0,0,0,-1,-1,-1,-1,-1,-1,-1,-1,-1,-1,-1,-1,0,0,0,0,0,0,-1,-1,-1,-1,-1,-1,-1,-1,-1,-1,-1,-1,-1,-1,False,False,0,0,False,207,0,0,0,0,0,0,0,0,0,0,0,0,0,0,0,1,
0,1052,2026-02-23 12:18:12Z,LLM_Empathetic,6.92033,7.220511,6.620148,0.6311229,0,1.612861,0,0,0,0,0,0,5.485835,4.346991,6.62469,0.592854,0.702737,0.482971,7.392472,6.225834,8.559111,0.5987551,0,2.121156,7.184029,6.097294,8.270763,9.830506,10,9.480474,6.92033,7.220511,6.620148,0.6311229,0,1.612861,0,0,0,0,0,0,5.485835,4.346991,6.62469,0.592854,0.702737,0.482971,7.392472,6.225834,8.559111,0.5987551,0,2.121156,7.184029,6.097294,8.270763,9.830506,10,9.480474,-1,-1,-1,-1,-1,-1,-1,-1,-1,-1,-1,-1,-1,-1,-1,-1,-1,-1,-1,-1,-1,-1,-1,-1,-1,-1,-1,-1,-1,-1,-1,-1,-1,-1,-1,-1,-1,-1,-1,-1,-1,-1,-1,-1,-1,-1,-1,-1,-1,-1,0,0,0,0,0,0,-1,-1,-1,-1,-1,-1,-1,-1,-1,-1,-1,-1,0,0,0,0,0,0,-1,-1,-1,-1,-1,-1,-1,-1,-1,-1,-1,-1,-1,-1,False,False,0,0,False,207,0,0,0,0,0,0,0,0,0,0,0,0,0,0,0,1,
0,1053,2026-02-23 12:18:12Z,LLM_Empathetic,6.920342,7.220513,6.620171,0.6311017,0,1.612849,0,0,0,0,0,0,5.485851,4.346996,6.624717,0.592854,0.702737,0.482971,7.392479,6.22583,8.559129,0.5987415,0,2.121142,7.184051,6.097307,8.270796,9.83055,10,9.480531,6.920342,7.220513,6.620171,0.6311017,0,1.612849,0,0,0,0,0,0,5.485851,4.346996,6.624717,0.592854,0.702737,0.482971,7.392479,6.22583,8.559129,0.5987415,0,2.121142,7.184051,6.097307,8.270796,9.83055,10,9.480531,-1,-1,-1,-1,-1,-1,-1,-1,-1,-1,-1,-1,-1,-1,-1,-1,-1,-1,-1,-1,-1,-1,-1,-1,-1,-1,-1,-1,-1,-1,-1,-1,-1,-1,-1,-1,-1,-1,-1,-1,-1,-1,-1,-1,-1,-1,-1,-1,-1,-1,0,0,0,0,0,0,-1,-1,-1,-1,-1,-1,-1,-1,-1,-1,-1,-1,0,0,0,0,0,0,-1,-1,-1,-1,-1,-1,-1,-1,-1,-1,-1,-1,-1,-1,False,False,0,0,False,207,0,0,0,0,0,0,0,0,0,0,0,0,0,0,0,1,
0,1054,2026-02-23 12:18:12Z,LLM_Empathetic,6.920354,7.220515,6.620193,0.6310804,0,1.612838,0,0,0,0,0,0,5.485868,4.347001,6.624744,0.592854,0.702737,0.482971,7.392487,6.225826,8.559147,0.5987279,0,2.121128,7.184073,6.097319,8.270828,9.830595,10,9.480587,6.920354,7.220515,6.620193,0.6310804,0,1.612838,0,0,0,0,0,0,5.485868,4.347001,6.624744,0.592854,0.702737,0.482971,7.392487,6.225826,8.559147,0.5987279,0,2.121128,7.184073,6.097319,8.270828,9.830595,10,9.480587,-1,-1,-1,-1,-1,-1,-1,-1,-1,-1,-1,-1,-1,-1,-1,-1,-1,-1,-1,-1,-1,-1,-1,-1,-1,-1,-1,-1,-1,-1,-1,-1,-1,-1,-1,-1,-1,-1,-1,-1,-1,-1,-1,-1,-1,-1,-1,-1,-1,-1,0,0,0,0,0,0,-1,-1,-1,-1,-1,-1,-1,-1,-1,-1,-1,-1,0,0,0,0,0,0,-1,-1,-1,-1,-1,-1,-1,-1,-1,-1,-1,-1,-1,-1,False,False,0,0,False,207,0,0,0,0,0,0,0,0,0,0,0,0,0,0,0,1,
0,1055,2026-02-23 12:18:12Z,LLM_Empathetic,6.920367,7.220518,6.620216,0.6310592,0,1.612826,0,0,0,0,0,0,5.485883,4.347006,6.624771,0.592854,0.702737,0.482971,7.392494,6.225822,8.559166,0.5987143,0,2.121115,7.184095,6.097331,8.270861,9.83064,10,9.480642,6.920367,7.220518,6.620216,0.6310592,0,1.612826,0,0,0,0,0,0,5.485883,4.347006,6.624771,0.592854,0.702737,0.482971,7.392494,6.225822,8.559166,0.5987143,0,2.121115,7.184095,6.097331,8.270861,9.83064,10,9.480642,-1,-1,-1,-1,-1,-1,-1,-1,-1,-1,-1,-1,-1,-1,-1,-1,-1,-1,-1,-1,-1,-1,-1,-1,-1,-1,-1,-1,-1,-1,-1,-1,-1,-1,-1,-1,-1,-1,-1,-1,-1,-1,-1,-1,-1,-1,-1,-1,-1,-1,0,0,0,0,0,0,-1,-1,-1,-1,-1,-1,-1,-1,-1,-1,-1,-1,0,0,0,0,0,0,-1,-1,-1,-1,-1,-1,-1,-1,-1,-1,-1,-1,-1,-1,False,False,0,0,False,209,0,0,0,0,0,0,0,0,0,0,0,0,0,0,0,1,
0,1056,2026-02-23 12:18:12Z,LLM_Empathetic,6.920379,7.22052,6.620238,0.631038,0,1.612814,0,0,0,0,0,0,5.485899,4.347012,6.624797,0.592854,0.702737,0.482971,7.392501,6.225819,8.559184,0.5987007,0,2.121101,7.184118,6.097343,8.270894,9.830685,10,9.480699,6.920379,7.22052,6.620238,0.631038,0,1.612814,0,0,0,0,0,0,5.485899,4.347012,6.624797,0.592854,0.702737,0.482971,7.392501,6.225819,8.559184,0.5987007,0,2.121101,7.184118,6.097343,8.270894,9.830685,10,9.480699,-1,-1,-1,-1,-1,-1,-1,-1,-1,-1,-1,-1,-1,-1,-1,-1,-1,-1,-1,-1,-1,-1,-1,-1,-1,-1,-1,-1,-1,-1,-1,-1,-1,-1,-1,-1,-1,-1,-1,-1,-1,-1,-1,-1,-1,-1,-1,-1,-1,-1,0,0,0,0,0,0,-1,-1,-1,-1,-1,-1,-1,-1,-1,-1,-1,-1,0,0,0,0,0,0,-1,-1,-1,-1,-1,-1,-1,-1,-1,-1,-1,-1,-1,-1,False,False,0,0,False,207,0,0,0,0,0,0,0,0,0,0,0,0,0,0,0,1,
0,1057,2026-02-23 12:18:12Z,LLM_Empathetic,6.920392,7.220522,6.620261,0.6310169,0,1.612803,0,0,0,0,0,0,5.485916,4.347017,6.624824,0.592854,0.702737,0.482971,7.392509,6.225815,8.559202,0.5986872,0,2.121088,7.18414,6.097355,8.270926,9.830729,10,9.480754,6.920392,7.220522,6.620261,0.6310169,0,1.612803,0,0,0,0,0,0,5.485916,4.347017,6.624824,0.592854,0.702737,0.482971,7.392509,6.225815,8.559202,0.5986872,0,2.121088,7.18414,6.097355,8.270926,9.830729,10,9.480754,-1,-1,-1,-1,-1,-1,-1,-1,-1,-1,-1,-1,-1,-1,-1,-1,-1,-1,-1,-1,-1,-1,-1,-1,-1,-1,-1,-1,-1,-1,-1,-1,-1,-1,-1,-1,-1,-1,-1,-1,-1,-1,-1,-1,-1,-1,-1,-1,-1,-1,0,0,0,0,0,0,-1,-1,-1,-1,-1,-1,-1,-1,-1,-1,-1,-1,0,0,0,0,0,0,-1,-1,-1,-1,-1,-1,-1,-1,-1,-1,-1,-1,-1,-1,False,False,0,0,False,207,0,0,0,0,0,0,0,0,0,0,0,0,0,0,0,1,
0,1058,2026-02-23 12:18:12Z,LLM_Empathetic,6.920404,7.220524,6.620284,0.6309958,0,1.612791,0,0,0,0,0,0,5.485931,4.347022,6.624851,0.592854,0.702737,0.482971,7.392516,6.225811,8.55922,0.5986736,0,2.121074,7.184162,6.097367,8.270958,9.830773,10,9.480809,6.920404,7.220524,6.620284,0.6309958,0,1.612791,0,0,0,0,0,0,5.485931,4.347022,6.624851,0.592854,0.702737,0.482971,7.392516,6.225811,8.55922,0.5986736,0,2.121074,7.184162,6.097367,8.270958,9.830773,10,9.480809,-1,-1,-1,-1,-1,-1,-1,-1,-1,-1,-1,-1,-1,-1,-1,-1,-1,-1,-1,-1,-1,-1,-1,-1,-1,-1,-1,-1,-1,-1,-1,-1,-1,-1,-1,-1,-1,-1,-1,-1,-1,-1,-1,-1,-1,-1,-1,-1,-1,-1,0,0,0,0,0,0,-1,-1,-1,-1,-1,-1,-1,-1,-1,-1,-1,-1,0,0,0,0,0,0,-1,-1,-1,-1,-1,-1,-1,-1,-1,-1,-1,-1,-1,-1,False,False,0,0,False,207,0,0,0,0,0,0,0,0,0,0,0,0,0,0,0,1,
0,1059,2026-02-23 12:18:12Z,LLM_Empathetic,6.920417,7.220527,6.620306,0.6309747,0,1.612779,0,0,0,0,0,0,5.485947,4.347028,6.624877,0.592854,0.702737,0.482971,7.392523,6.225808,8.559238,0.5986602,0,2.121061,7.184185,6.097379,8.27099,9.830817,10,9.480865,6.920417,7.220527,6.620306,0.6309747,0,1.612779,0,0,0,0,0,0,5.485947,4.347028,6.624877,0.592854,0.702737,0.482971,7.392523,6.225808,8.559238,0.5986602,0,2.121061,7.184185,6.097379,8.27099,9.830817,10,9.480865,-1,-1,-1,-1,-1,-1,-1,-1,-1,-1,-1,-1,-1,-1,-1,-1,-1,-1,-1,-1,-1,-1,-1,-1,-1,-1,-1,-1,-1,-1,-1,-1,-1,-1,-1,-1,-1,-1,-1,-1,-1,-1,-1,-1,-1,-1,-1,-1,-1,-1,0,0,0,0,0,0,-1,-1,-1,-1,-1,-1,-1,-1,-1,-1,-1,-1,0,0,0,0,0,0,-1,-1,-1,-1,-1,-1,-1,-1,-1,-1,-1,-1,-1,-1,False,False,0,0,False,207,0,0,0,0,0,0,0,0,0,0,0,0,0,0,0,1,
0,1060,2026-02-23 12:18:13Z,LLM_Empathetic,6.920429,7.220529,6.620329,0.6309536,0,1.612768,0,0,0,0,0,0,5.485963,4.347033,6.624904,0.592854,0.702737,0.482971,7.39253,6.225804,8.559258,0.5986466,0,2.121047,7.184206,6.097391,8.271023,9.830861,10,9.480921,6.920429,7.220529,6.620329,0.6309536,0,1.612768,0,0,0,0,0,0,5.485963,4.347033,6.624904,0.592854,0.702737,0.482971,7.39253,6.225804,8.559258,0.5986466,0,2.121047,7.184206,6.097391,8.271023,9.830861,10,9.480921,-1,-1,-1,-1,-1,-1,-1,-1,-1,-1,-1,-1,-1,-1,-1,-1,-1,-1,-1,-1,-1,-1,-1,-1,-1,-1,-1,-1,-1,-1,-1,-1,-1,-1,-1,-1,-1,-1,-1,-1,-1,-1,-1,-1,-1,-1,-1,-1,-1,-1,0,0,0,0,0,0,-1,-1,-1,-1,-1,-1,-1,-1,-1,-1,-1,-1,0,0,0,0,0,0,-1,-1,-1,-1,-1,-1,-1,-1,-1,-1,-1,-1,-1,-1,False,False,0,0,False,209,0,0,0,0,0,0,0,0,0,0,0,0,0,0,0,1,
0,1061,2026-02-23 12:18:13Z,LLM_Empathetic,6.920441,7.220531,6.620351,0.6309326,0,1.612756,0,0,0,0,0,0,5.485979,4.347038,6.624931,0.592854,0.702737,0.482971,7.392538,6.2258,8.559276,0.5986332,0,2.121034,7.184228,6.097403,8.271055,9.830906,10,9.480976,6.920441,7.220531,6.620351,0.6309326,0,1.612756,0,0,0,0,0,0,5.485979,4.347038,6.624931,0.592854,0.702737,0.482971,7.392538,6.2258,8.559276,0.5986332,0,2.121034,7.184228,6.097403,8.271055,9.830906,10,9.480976,-1,-1,-1,-1,-1,-1,-1,-1,-1,-1,-1,-1,-1,-1,-1,-1,-1,-1,-1,-1,-1,-1,-1,-1,-1,-1,-1,-1,-1,-1,-1,-1,-1,-1,-1,-1,-1,-1,-1,-1,-1,-1,-1,-1,-1,-1,-1,-1,-1,-1,0,0,0,0,0,0,-1,-1,-1,-1,-1,-1,-1,-1,-1,-1,-1,-1,0,0,0,0,0,0,-1,-1,-1,-1,-1,-1,-1,-1,-1,-1,-1,-1,-1,-1,False,False,0,0,False,207,0,0,0,0,0,0,0,0,0,0,0,0,0,0,0,1,
0,1062,2026-02-23 12:18:13Z,LLM_Empathetic,6.920454,7.220533,6.620374,0.6309116,0,1.612745,0,0,0,0,0,0,5.485995,4.347044,6.624957,0.592854,0.702737,0.482971,7.392545,6.225796,8.559294,0.5986198,0,2.12102,7.18425,6.097415,8.271088,9.83095,10,9.481031,6.920454,7.220533,6.620374,0.6309116,0,1.612745,0,0,0,0,0,0,5.485995,4.347044,6.624957,0.592854,0.702737,0.482971,7.392545,6.225796,8.559294,0.5986198,0,2.12102,7.18425,6.097415,8.271088,9.83095,10,9.481031,-1,-1,-1,-1,-1,-1,-1,-1,-1,-1,-1,-1,-1,-1,-1,-1,-1,-1,-1,-1,-1,-1,-1,-1,-1,-1,-1,-1,-1,-1,-1,-1,-1,-1,-1,-1,-1,-1,-1,-1,-1,-1,-1,-1,-1,-1,-1,-1,-1,-1,0,0,0,0,0,0,-1,-1,-1,-1,-1,-1,-1,-1,-1,-1,-1,-1,0,0,0,0,0,0,-1,-1,-1,-1,-1,-1,-1,-1,-1,-1,-1,-1,-1,-1,False,False,0,0,False,209,0,0,0,0,0,0,0,0,0,0,0,0,0,0,0,1,
0,1063,2026-02-23 12:18:13Z,LLM_Empathetic,6.920466,7.220536,6.620396,0.6308907,0,1.612733,0,0,0,0,0,0,5.486011,4.347049,6.624984,0.592854,0.702737,0.482971,7.392552,6.225793,8.559312,0.5986063,0,2.121007,7.184273,6.097427,8.271119,9.830994,10,9.481087,6.920466,7.220536,6.620396,0.6308907,0,1.612733,0,0,0,0,0,0,5.486011,4.347049,6.624984,0.592854,0.702737,0.482971,7.392552,6.225793,8.559312,0.5986063,0,2.121007,7.184273,6.097427,8.271119,9.830994,10,9.481087,-1,-1,-1,-1,-1,-1,-1,-1,-1,-1,-1,-1,-1,-1,-1,-1,-1,-1,-1,-1,-1,-1,-1,-1,-1,-1,-1,-1,-1,-1,-1,-1,-1,-1,-1,-1,-1,-1,-1,-1,-1,-1,-1,-1,-1,-1,-1,-1,-1,-1,0,0,0,0,0,0,-1,-1,-1,-1,-1,-1,-1,-1,-1,-1,-1,-1,0,0,0,0,0,0,-1,-1,-1,-1,-1,-1,-1,-1,-1,-1,-1,-1,-1,-1,False,False,0,0,False,207,0,0,0,0,0,0,0,0,0,0,0,0,0,0,0,1,
0,1064,2026-02-23 12:18:13Z,LLM_Empathetic,6.920478,7.220538,6.620419,0.6308697,0,1.612721,0,0,0,0,0,0,5.486027,4.347054,6.62501,0.592854,0.702737,0.482971,7.392559,6.225789,8.55933,0.5985929,0,2.120993,7.184295,6.097438,8.271152,9.831038,10,9.481142,6.920478,7.220538,6.620419,0.6308697,0,1.612721,0,0,0,0,0,0,5.486027,4.347054,6.62501,0.592854,0.702737,0.482971,7.392559,6.225789,8.55933,0.5985929,0,2.120993,7.184295,6.097438,8.271152,9.831038,10,9.481142,-1,-1,-1,-1,-1,-1,-1,-1,-1,-1,-1,-1,-1,-1,-1,-1,-1,-1,-1,-1,-1,-1,-1,-1,-1,-1,-1,-1,-1,-1,-1,-1,-1,-1,-1,-1,-1,-1,-1,-1,-1,-1,-1,-1,-1,-1,-1,-1,-1,-1,0,0,0,0,0,0,-1,-1,-1,-1,-1,-1,-1,-1,-1,-1,-1,-1,0,0,0,0,0,0,-1,-1,-1,-1,-1,-1,-1,-1,-1,-1,-1,-1,-1,-1,False,False,0,0,False,209,0,0,0,0,0,0,0,0,0,0,0,0,0,0,0,1,
0,1065,2026-02-23 12:18:13Z,LLM_Empathetic,6.920491,7.22054,6.620441,0.6308488,0,1.61271,0,0,0,0,0,0,5.486042,4.347059,6.625036,0.592854,0.702737,0.482971,7.392567,6.225785,8.559348,0.5985796,0,2.12098,7.184317,6.09745,8.271184,9.831081,10,9.481196,6.920491,7.22054,6.620441,0.6308488,0,1.61271,0,0,0,0,0,0,5.486042,4.347059,6.625036,0.592854,0.702737,0.482971,7.392567,6.225785,8.559348,0.5985796,0,2.12098,7.184317,6.09745,8.271184,9.831081,10,9.481196,-1,-1,-1,-1,-1,-1,-1,-1,-1,-1,-1,-1,-1,-1,-1,-1,-1,-1,-1,-1,-1,-1,-1,-1,-1,-1,-1,-1,-1,-1,-1,-1,-1,-1,-1,-1,-1,-1,-1,-1,-1,-1,-1,-1,-1,-1,-1,-1,-1,-1,0,0,0,0,0,0,-1,-1,-1,-1,-1,-1,-1,-1,-1,-1,-1,-1,0,0,0,0,0,0,-1,-1,-1,-1,-1,-1,-1,-1,-1,-1,-1,-1,-1,-1,False,False,0,0,False,209,0,0,0,0,0,0,0,0,0,0,0,0,0,0,0,1,
0,1066,2026-02-23 12:18:13Z,LLM_Empathetic,6.920503,7.220542,6.620463,0.630828,0,1.612698,0,0,0,0,0,0,5.486058,4.347064,6.625063,0.592854,0.702737,0.482971,7.392574,6.225781,8.559366,0.5985662,0,2.120967,7.184339,6.097462,8.271215,9.831125,10,9.481252,6.920503,7.220542,6.620463,0.630828,0,1.612698,0,0,0,0,0,0,5.486058,4.347064,6.625063,0.592854,0.702737,0.482971,7.392574,6.225781,8.559366,0.5985662,0,2.120967,7.184339,6.097462,8.271215,9.831125,10,9.481252,-1,-1,-1,-1,-1,-1,-1,-1,-1,-1,-1,-1,-1,-1,-1,-1,-1,-1,-1,-1,-1,-1,-1,-1,-1,-1,-1,-1,-1,-1,-1,-1,-1,-1,-1,-1,-1,-1,-1,-1,-1,-1,-1,-1,-1,-1,-1,-1,-1,-1,0,0,0,0,0,0,-1,-1,-1,-1,-1,-1,-1,-1,-1,-1,-1,-1,0,0,0,0,0,0,-1,-1,-1,-1,-1,-1,-1,-1,-1,-1,-1,-1,-1,-1,False,False,0,0,False,207,0,0,0,0,0,0,0,0,0,0,0,0,0,0,0,1,
0,1067,2026-02-23 12:18:13Z,LLM_Empathetic,6.920515,7.220545,6.620486,0.6308072,0,1.612687,0,0,0,0,0,0,5.486074,4.347069,6.625089,0.592854,0.702737,0.482971,7.392581,6.225778,8.559384,0.5985529,0,2.120953,7.184361,6.097474,8.271248,9.831169,10,9.481306,6.920515,7.220545,6.620486,0.6308072,0,1.612687,0,0,0,0,0,0,5.486074,4.347069,6.625089,0.592854,0.702737,0.482971,7.392581,6.225778,8.559384,0.5985529,0,2.120953,7.184361,6.097474,8.271248,9.831169,10,9.481306,-1,-1,-1,-1,-1,-1,-1,-1,-1,-1,-1,-1,-1,-1,-1,-1,-1,-1,-1,-1,-1,-1,-1,-1,-1,-1,-1,-1,-1,-1,-1,-1,-1,-1,-1,-1,-1,-1,-1,-1,-1,-1,-1,-1,-1,-1,-1,-1,-1,-1,0,0,0,0,0,0,-1,-1,-1,-1,-1,-1,-1,-1,-1,-1,-1,-1,0,0,0,0,0,0,-1,-1,-1,-1,-1,-1,-1,-1,-1,-1,-1,-1,-1,-1,False,False,0,0,False,209,0,0,0,0,0,0,0,0,0,0,0,0,0,0,0,1,
0,1068,2026-02-23 12:18:13Z,LLM_Empathetic,6.920527,7.220547,6.620508,0.6307864,0,1.612675,0,0,0,0,0,0,5.48609,4.347075,6.625115,0.592854,0.702737,0.482971,7.392588,6.225774,8.559402,0.5985395,0,2.12094,7.184382,6.097486,8.271279,9.831212,10,9.481361,6.920527,7.220547,6.620508,0.6307864,0,1.612675,0,0,0,0,0,0,5.48609,4.347075,6.625115,0.592854,0.702737,0.482971,7.392588,6.225774,8.559402,0.5985395,0,2.12094,7.184382,6.097486,8.271279,9.831212,10,9.481361,-1,-1,-1,-1,-1,-1,-1,-1,-1,-1,-1,-1,-1,-1,-1,-1,-1,-1,-1,-1,-1,-1,-1,-1,-1,-1,-1,-1,-1,-1,-1,-1,-1,-1,-1,-1,-1,-1,-1,-1,-1,-1,-1,-1,-1,-1,-1,-1,-1,-1,0,0,0,0,0,0,-1,-1,-1,-1,-1,-1,-1,-1,-1,-1,-1,-1,0,0,0,0,0,0,-1,-1,-1,-1,-1,-1,-1,-1,-1,-1,-1,-1,-1,-1,False,False,0,0,False,209,0,0,0,0,0,0,0,0,0,0,0,0,0,0,0,1,
0,1069,2026-02-23 12:18:13Z,LLM_Empathetic,6.92054,7.220549,6.62053,0.6307656,0,1.612664,0,0,0,0,0,0,5.486105,4.34708,6.625142,0.592854,0.702737,0.482971,7.392595,6.22577,8.559421,0.5985262,0,2.120927,7.184404,6.097498,8.271311,9.831256,10,9.481416,6.92054,7.220549,6.62053,0.6307656,0,1.612664,0,0,0,0,0,0,5.486105,4.34708,6.625142,0.592854,0.702737,0.482971,7.392595,6.22577,8.559421,0.5985262,0,2.120927,7.184404,6.097498,8.271311,9.831256,10,9.481416,-1,-1,-1,-1,-1,-1,-1,-1,-1,-1,-1,-1,-1,-1,-1,-1,-1,-1,-1,-1,-1,-1,-1,-1,-1,-1,-1,-1,-1,-1,-1,-1,-1,-1,-1,-1,-1,-1,-1,-1,-1,-1,-1,-1,-1,-1,-1,-1,-1,-1,0,0,0,0,0,0,-1,-1,-1,-1,-1,-1,-1,-1,-1,-1,-1,-1,0,0,0,0,0,0,-1,-1,-1,-1,-1,-1,-1,-1,-1,-1,-1,-1,-1,-1,False,False,0,0,False,209,0,0,0,0,0,0,0,0,0,0,0,0,0,0,0,1,
0,1070,2026-02-23 12:18:13Z,LLM_Empathetic,6.920552,7.220551,6.620553,0.6307448,0,1.612653,0,0,0,0,0,0,5.486121,4.347085,6.625168,0.592854,0.702737,0.482971,7.392602,6.225767,8.559439,0.5985129,0,2.120913,7.184426,6.097509,8.271343,9.8313,10,9.48147,6.920552,7.220551,6.620553,0.6307448,0,1.612653,0,0,0,0,0,0,5.486121,4.347085,6.625168,0.592854,0.702737,0.482971,7.392602,6.225767,8.559439,0.5985129,0,2.120913,7.184426,6.097509,8.271343,9.8313,10,9.48147,-1,-1,-1,-1,-1,-1,-1,-1,-1,-1,-1,-1,-1,-1,-1,-1,-1,-1,-1,-1,-1,-1,-1,-1,-1,-1,-1,-1,-1,-1,-1,-1,-1,-1,-1,-1,-1,-1,-1,-1,-1,-1,-1,-1,-1,-1,-1,-1,-1,-1,0,0,0,0,0,0,-1,-1,-1,-1,-1,-1,-1,-1,-1,-1,-1,-1,0,0,0,0,0,0,-1,-1,-1,-1,-1,-1,-1,-1,-1,-1,-1,-1,-1,-1,False,False,0,0,False,207,0,0,0,0,0,0,0,0,0,0,0,0,0,0,0,1,
0,1071,2026-02-23 12:18:13Z,LLM_Empathetic,6.920564,7.220553,6.620574,0.6307241,0,1.612641,0,0,0,0,0,0,5.486137,4.34709,6.625194,0.592854,0.702737,0.482971,7.39261,6.225763,8.559456,0.5984997,0,2.1209,7.184448,6.097521,8.271375,9.831343,10,9.481525,6.920564,7.220553,6.620574,0.6307241,0,1.612641,0,0,0,0,0,0,5.486137,4.34709,6.625194,0.592854,0.702737,0.482971,7.39261,6.225763,8.559456,0.5984997,0,2.1209,7.184448,6.097521,8.271375,9.831343,10,9.481525,-1,-1,-1,-1,-1,-1,-1,-1,-1,-1,-1,-1,-1,-1,-1,-1,-1,-1,-1,-1,-1,-1,-1,-1,-1,-1,-1,-1,-1,-1,-1,-1,-1,-1,-1,-1,-1,-1,-1,-1,-1,-1,-1,-1,-1,-1,-1,-1,-1,-1,0,0,0,0,0,0,-1,-1,-1,-1,-1,-1,-1,-1,-1,-1,-1,-1,0,0,0,0,0,0,-1,-1,-1,-1,-1,-1,-1,-1,-1,-1,-1,-1,-1,-1,False,False,0,0,False,209,0,0,0,0,0,0,0,0,0,0,0,0,0,0,0,1,
0,1072,2026-02-23 12:18:13Z,LLM_Empathetic,6.920576,7.220556,6.620596,0.6307034,0,1.61263,0,0,0,0,0,0,5.486153,4.347095,6.62522,0.592854,0.702737,0.482971,7.392617,6.22576,8.559474,0.5984865,0,2.120887,7.184469,6.097533,8.271406,9.831387,10,9.48158,6.920576,7.220556,6.620596,0.6307034,0,1.61263,0,0,0,0,0,0,5.486153,4.347095,6.62522,0.592854,0.702737,0.482971,7.392617,6.22576,8.559474,0.5984865,0,2.120887,7.184469,6.097533,8.271406,9.831387,10,9.48158,-1,-1,-1,-1,-1,-1,-1,-1,-1,-1,-1,-1,-1,-1,-1,-1,-1,-1,-1,-1,-1,-1,-1,-1,-1,-1,-1,-1,-1,-1,-1,-1,-1,-1,-1,-1,-1,-1,-1,-1,-1,-1,-1,-1,-1,-1,-1,-1,-1,-1,0,0,0,0,0,0,-1,-1,-1,-1,-1,-1,-1,-1,-1,-1,-1,-1,0,0,0,0,0,0,-1,-1,-1,-1,-1,-1,-1,-1,-1,-1,-1,-1,-1,-1,False,False,0,0,False,209,0,0,0,0,0,0,0,0,0,0,0,0,0,0,0,1,
0,1073,2026-02-23 12:18:13Z,LLM_Empathetic,6.920588,7.220558,6.620619,0.6306828,0,1.612618,0,0,0,0,0,0,5.486168,4.347101,6.625246,0.592854,0.702737,0.482971,7.392624,6.225756,8.559492,0.5984733,0,2.120874,7.184491,6.097545,8.271438,9.831429,10,9.481634,6.920588,7.220558,6.620619,0.6306828,0,1.612618,0,0,0,0,0,0,5.486168,4.347101,6.625246,0.592854,0.702737,0.482971,7.392624,6.225756,8.559492,0.5984733,0,2.120874,7.184491,6.097545,8.271438,9.831429,10,9.481634,-1,-1,-1,-1,-1,-1,-1,-1,-1,-1,-1,-1,-1,-1,-1,-1,-1,-1,-1,-1,-1,-1,-1,-1,-1,-1,-1,-1,-1,-1,-1,-1,-1,-1,-1,-1,-1,-1,-1,-1,-1,-1,-1,-1,-1,-1,-1,-1,-1,-1,0,0,0,0,0,0,-1,-1,-1,-1,-1,-1,-1,-1,-1,-1,-1,-1,0,0,0,0,0,0,-1,-1,-1,-1,-1,-1,-1,-1,-1,-1,-1,-1,-1,-1,False,False,0,0,False,207,0,0,0,0,0,0,0,0,0,0,0,0,0,0,0,1,
0,1074,2026-02-23 12:18:13Z,LLM_Empathetic,6.9206,7.22056,6.620641,0.6306622,0,1.612607,0,0,0,0,0,0,5.486184,4.347106,6.625272,0.592854,0.702737,0.482971,7.392631,6.225752,8.55951,0.5984601,0,2.12086,7.184513,6.097557,8.271469,9.831473,10,9.481688,6.9206,7.22056,6.620641,0.6306622,0,1.612607,0,0,0,0,0,0,5.486184,4.347106,6.625272,0.592854,0.702737,0.482971,7.392631,6.225752,8.55951,0.5984601,0,2.12086,7.184513,6.097557,8.271469,9.831473,10,9.481688,-1,-1,-1,-1,-1,-1,-1,-1,-1,-1,-1,-1,-1,-1,-1,-1,-1,-1,-1,-1,-1,-1,-1,-1,-1,-1,-1,-1,-1,-1,-1,-1,-1,-1,-1,-1,-1,-1,-1,-1,-1,-1,-1,-1,-1,-1,-1,-1,-1,-1,0,0,0,0,0,0,-1,-1,-1,-1,-1,-1,-1,-1,-1,-1,-1,-1,0,0,0,0,0,0,-1,-1,-1,-1,-1,-1,-1,-1,-1,-1,-1,-1,-1,-1,False,False,0,0,False,207,0,0,0,0,0,0,0,0,0,0,0,0,0,0,0,1,
0,1075,2026-02-23 12:18:13Z,LLM_Empathetic,6.920612,7.220562,6.620663,0.6306416,0,1.612596,0,0,0,0,0,0,5.486199,4.347111,6.625298,0.592854,0.702737,0.482971,7.392638,6.225749,8.559527,0.5984469,0,2.120847,7.184534,6.097569,8.271501,9.831516,10,9.481742,6.920612,7.220562,6.620663,0.6306416,0,1.612596,0,0,0,0,0,0,5.486199,4.347111,6.625298,0.592854,0.702737,0.482971,7.392638,6.225749,8.559527,0.5984469,0,2.120847,7.184534,6.097569,8.271501,9.831516,10,9.481742,-1,-1,-1,-1,-1,-1,-1,-1,-1,-1,-1,-1,-1,-1,-1,-1,-1,-1,-1,-1,-1,-1,-1,-1,-1,-1,-1,-1,-1,-1,-1,-1,-1,-1,-1,-1,-1,-1,-1,-1,-1,-1,-1,-1,-1,-1,-1,-1,-1,-1,0,0,0,0,0,0,-1,-1,-1,-1,-1,-1,-1,-1,-1,-1,-1,-1,0,0,0,0,0,0,-1,-1,-1,-1,-1,-1,-1,-1,-1,-1,-1,-1,-1,-1,False,False,0,0,False,207,0,0,0,0,0,0,0,0,0,0,0,0,0,0,0,1,
0,1076,2026-02-23 12:18:13Z,LLM_Empathetic,6.920625,7.220564,6.620685,0.6306211,0,1.612584,0,0,0,0,0,0,5.486215,4.347116,6.625324,0.592854,0.702737,0.482971,7.392645,6.225745,8.559546,0.5984337,0,2.120834,7.184556,6.09758,8.271532,9.831559,10,9.481796,6.920625,7.220564,6.620685,0.6306211,0,1.612584,0,0,0,0,0,0,5.486215,4.347116,6.625324,0.592854,0.702737,0.482971,7.392645,6.225745,8.559546,0.5984337,0,2.120834,7.184556,6.09758,8.271532,9.831559,10,9.481796,-1,-1,-1,-1,-1,-1,-1,-1,-1,-1,-1,-1,-1,-1,-1,-1,-1,-1,-1,-1,-1,-1,-1,-1,-1,-1,-1,-1,-1,-1,-1,-1,-1,-1,-1,-1,-1,-1,-1,-1,-1,-1,-1,-1,-1,-1,-1,-1,-1,-1,0,0,0,0,0,0,-1,-1,-1,-1,-1,-1,-1,-1,-1,-1,-1,-1,0,0,0,0,0,0,-1,-1,-1,-1,-1,-1,-1,-1,-1,-1,-1,-1,-1,-1,False,False,0,0,False,207,0,0,0,0,0,0,0,0,0,0,0,0,0,0,0,1,
0,1077,2026-02-23 12:18:13Z,LLM_Empathetic,6.920637,7.220567,6.620707,0.6306006,0,1.612573,0,0,0,0,0,0,5.48623,4.347121,6.62535,0.592854,0.702737,0.482971,7.392652,6.225741,8.559564,0.5984206,0,2.120821,7.184577,6.097592,8.271564,9.831602,10,9.481851,6.920637,7.220567,6.620707,0.6306006,0,1.612573,0,0,0,0,0,0,5.48623,4.347121,6.62535,0.592854,0.702737,0.482971,7.392652,6.225741,8.559564,0.5984206,0,2.120821,7.184577,6.097592,8.271564,9.831602,10,9.481851,-1,-1,-1,-1,-1,-1,-1,-1,-1,-1,-1,-1,-1,-1,-1,-1,-1,-1,-1,-1,-1,-1,-1,-1,-1,-1,-1,-1,-1,-1,-1,-1,-1,-1,-1,-1,-1,-1,-1,-1,-1,-1,-1,-1,-1,-1,-1,-1,-1,-1,0,0,0,0,0,0,-1,-1,-1,-1,-1,-1,-1,-1,-1,-1,-1,-1,0,0,0,0,0,0,-1,-1,-1,-1,-1,-1,-1,-1,-1,-1,-1,-1,-1,-1,False,False,0,0,False,207,0,0,0,0,0,0,0,0,0,0,0,0,0,0,0,1,
0,1078,2026-02-23 12:18:13Z,LLM_Empathetic,6.920649,7.220569,6.620728,0.6305801,0,1.612562,0,0,0,0,0,0,5.486246,4.347126,6.625376,0.592854,0.702737,0.482971,7.392659,6.225738,8.559581,0.5984074,0,2.120808,7.184599,6.097603,8.271595,9.831645,10,9.481904,6.920649,7.220569,6.620728,0.6305801,0,1.612562,0,0,0,0,0,0,5.486246,4.347126,6.625376,0.592854,0.702737,0.482971,7.392659,6.225738,8.559581,0.5984074,0,2.120808,7.184599,6.097603,8.271595,9.831645,10,9.481904,-1,-1,-1,-1,-1,-1,-1,-1,-1,-1,-1,-1,-1,-1,-1,-1,-1,-1,-1,-1,-1,-1,-1,-1,-1,-1,-1,-1,-1,-1,-1,-1,-1,-1,-1,-1,-1,-1,-1,-1,-1,-1,-1,-1,-1,-1,-1,-1,-1,-1,0,0,0,0,0,0,-1,-1,-1,-1,-1,-1,-1,-1,-1,-1,-1,-1,0,0,0,0,0,0,-1,-1,-1,-1,-1,-1,-1,-1,-1,-1,-1,-1,-1,-1,False,False,0,0,False,207,0,0,0,0,0,0,0,0,0,0,0,0,0,0,0,1,
0,1079,2026-02-23 12:18:13Z,LLM_Empathetic,6.920661,7.220571,6.62075,0.6305596,0,1.61255,0,0,0,0,0,0,5.486261,4.347131,6.625402,0.592854,0.702737,0.482971,7.392666,6.225734,8.559599,0.5983944,0,2.120795,7.18462,6.097615,8.271626,9.831688,10,9.481958,6.920661,7.220571,6.62075,0.6305596,0,1.61255,0,0,0,0,0,0,5.486261,4.347131,6.625402,0.592854,0.702737,0.482971,7.392666,6.225734,8.559599,0.5983944,0,2.120795,7.18462,6.097615,8.271626,9.831688,10,9.481958,-1,-1,-1,-1,-1,-1,-1,-1,-1,-1,-1,-1,-1,-1,-1,-1,-1,-1,-1,-1,-1,-1,-1,-1,-1,-1,-1,-1,-1,-1,-1,-1,-1,-1,-1,-1,-1,-1,-1,-1,-1,-1,-1,-1,-1,-1,-1,-1,-1,-1,0,0,0,0,0,0,-1,-1,-1,-1,-1,-1,-1,-1,-1,-1,-1,-1,0,0,0,0,0,0,-1,-1,-1,-1,-1,-1,-1,-1,-1,-1,-1,-1,-1,-1,False,False,0,0,False,209,0,0,0,0,0,0,0,0,0,0,0,0,0,0,0,1,
0,1080,2026-02-23 12:18:13Z,LLM_Empathetic,6.920673,7.220573,6.620772,0.6305392,0,1.612539,0,0,0,0,0,0,5.486277,4.347136,6.625428,0.592854,0.702737,0.482971,7.392673,6.22573,8.559617,0.5983813,0,2.120782,7.184642,6.097627,8.271658,9.831731,10,9.482012,6.920673,7.220573,6.620772,0.6305392,0,1.612539,0,0,0,0,0,0,5.486277,4.347136,6.625428,0.592854,0.702737,0.482971,7.392673,6.22573,8.559617,0.5983813,0,2.120782,7.184642,6.097627,8.271658,9.831731,10,9.482012,-1,-1,-1,-1,-1,-1,-1,-1,-1,-1,-1,-1,-1,-1,-1,-1,-1,-1,-1,-1,-1,-1,-1,-1,-1,-1,-1,-1,-1,-1,-1,-1,-1,-1,-1,-1,-1,-1,-1,-1,-1,-1,-1,-1,-1,-1,-1,-1,-1,-1,0,0,0,0,0,0,-1,-1,-1,-1,-1,-1,-1,-1,-1,-1,-1,-1,0,0,0,0,0,0,-1,-1,-1,-1,-1,-1,-1,-1,-1,-1,-1,-1,-1,-1,False,False,0,0,False,207,0,0,0,0,0,0,0,0,0,0,0,0,0,0,0,1,
0,1081,2026-02-23 12:18:13Z,LLM_Empathetic,6.920685,7.220575,6.620794,0.6305188,0,1.612528,0,0,0,0,0,0,5.486292,4.347142,6.625453,0.592854,0.702737,0.482971,7.39268,6.225727,8.559634,0.5983682,0,2.120769,7.184663,6.097638,8.271689,9.831774,10,9.482066,6.920685,7.220575,6.620794,0.6305188,0,1.612528,0,0,0,0,0,0,5.486292,4.347142,6.625453,0.592854,0.702737,0.482971,7.39268,6.225727,8.559634,0.5983682,0,2.120769,7.184663,6.097638,8.271689,9.831774,10,9.482066,-1,-1,-1,-1,-1,-1,-1,-1,-1,-1,-1,-1,-1,-1,-1,-1,-1,-1,-1,-1,-1,-1,-1,-1,-1,-1,-1,-1,-1,-1,-1,-1,-1,-1,-1,-1,-1,-1,-1,-1,-1,-1,-1,-1,-1,-1,-1,-1,-1,-1,0,0,0,0,0,0,-1,-1,-1,-1,-1,-1,-1,-1,-1,-1,-1,-1,0,0,0,0,0,0,-1,-1,-1,-1,-1,-1,-1,-1,-1,-1,-1,-1,-1,-1,False,False,0,0,False,209,0,0,0,0,0,0,0,0,0,0,0,0,0,0,0,1,
0,1082,2026-02-23 12:18:13Z,LLM_Empathetic,6.920697,7.220577,6.620816,0.6304985,0,1.612517,0,0,0,0,0,0,5.486308,4.347147,6.625479,0.592854,0.702737,0.482971,7.392687,6.225723,8.559652,0.5983552,0,2.120756,7.184685,6.09765,8.271721,9.831817,10,9.48212,6.920697,7.220577,6.620816,0.6304985,0,1.612517,0,0,0,0,0,0,5.486308,4.347147,6.625479,0.592854,0.702737,0.482971,7.392687,6.225723,8.559652,0.5983552,0,2.120756,7.184685,6.09765,8.271721,9.831817,10,9.48212,-1,-1,-1,-1,-1,-1,-1,-1,-1,-1,-1,-1,-1,-1,-1,-1,-1,-1,-1,-1,-1,-1,-1,-1,-1,-1,-1,-1,-1,-1,-1,-1,-1,-1,-1,-1,-1,-1,-1,-1,-1,-1,-1,-1,-1,-1,-1,-1,-1,-1,0,0,0,0,0,0,-1,-1,-1,-1,-1,-1,-1,-1,-1,-1,-1,-1,0,0,0,0,0,0,-1,-1,-1,-1,-1,-1,-1,-1,-1,-1,-1,-1,-1,-1,False,False,0,0,False,207,0,0,0,0,0,0,0,0,0,0,0,0,0,0,0,1,
0,1083,2026-02-23 12:18:13Z,LLM_Empathetic,6.920709,7.22058,6.620838,0.6304781,0,1.612505,0,0,0,0,0,0,5.486323,4.347152,6.625505,0.592854,0.702737,0.482971,7.392694,6.225719,8.559669,0.5983422,0,2.120743,7.184706,6.097661,8.271751,9.83186,10,9.482173,6.920709,7.22058,6.620838,0.6304781,0,1.612505,0,0,0,0,0,0,5.486323,4.347152,6.625505,0.592854,0.702737,0.482971,7.392694,6.225719,8.559669,0.5983422,0,2.120743,7.184706,6.097661,8.271751,9.83186,10,9.482173,-1,-1,-1,-1,-1,-1,-1,-1,-1,-1,-1,-1,-1,-1,-1,-1,-1,-1,-1,-1,-1,-1,-1,-1,-1,-1,-1,-1,-1,-1,-1,-1,-1,-1,-1,-1,-1,-1,-1,-1,-1,-1,-1,-1,-1,-1,-1,-1,-1,-1,0,0,0,0,0,0,-1,-1,-1,-1,-1,-1,-1,-1,-1,-1,-1,-1,0,0,0,0,0,0,-1,-1,-1,-1,-1,-1,-1,-1,-1,-1,-1,-1,-1,-1,False,False,0,0,False,207,0,0,0,0,0,0,0,0,0,0,0,0,0,0,0,1,
0,1084,2026-02-23 12:18:13Z,LLM_Empathetic,6.920721,7.220582,6.62086,0.6304578,0,1.612494,0,0,0,0,0,0,5.486339,4.347157,6.62553,0.592854,0.702737,0.482971,7.392702,6.225716,8.559688,0.5983292,0,2.120729,7.184727,6.097673,8.271783,9.831902,10,9.482226,6.920721,7.220582,6.62086,0.6304578,0,1.612494,0,0,0,0,0,0,5.486339,4.347157,6.62553,0.592854,0.702737,0.482971,7.392702,6.225716,8.559688,0.5983292,0,2.120729,7.184727,6.097673,8.271783,9.831902,10,9.482226,-1,-1,-1,-1,-1,-1,-1,-1,-1,-1,-1,-1,-1,-1,-1,-1,-1,-1,-1,-1,-1,-1,-1,-1,-1,-1,-1,-1,-1,-1,-1,-1,-1,-1,-1,-1,-1,-1,-1,-1,-1,-1,-1,-1,-1,-1,-1,-1,-1,-1,0,0,0,0,0,0,-1,-1,-1,-1,-1,-1,-1,-1,-1,-1,-1,-1,0,0,0,0,0,0,-1,-1,-1,-1,-1,-1,-1,-1,-1,-1,-1,-1,-1,-1,False,False,0,0,False,209,0,0,0,0,0,0,0,0,0,0,0,0,0,0,0,1,
0,1085,2026-02-23 12:18:13Z,LLM_Empathetic,6.920732,7.220584,6.620881,0.6304376,0,1.612483,0,0,0,0,0,0,5.486354,4.347162,6.625556,0.592854,0.702737,0.482971,7.392708,6.225712,8.559705,0.5983162,0,2.120717,7.184749,6.097684,8.271813,9.831944,10,9.48228,6.920732,7.220584,6.620881,0.6304376,0,1.612483,0,0,0,0,0,0,5.486354,4.347162,6.625556,0.592854,0.702737,0.482971,7.392708,6.225712,8.559705,0.5983162,0,2.120717,7.184749,6.097684,8.271813,9.831944,10,9.48228,-1,-1,-1,-1,-1,-1,-1,-1,-1,-1,-1,-1,-1,-1,-1,-1,-1,-1,-1,-1,-1,-1,-1,-1,-1,-1,-1,-1,-1,-1,-1,-1,-1,-1,-1,-1,-1,-1,-1,-1,-1,-1,-1,-1,-1,-1,-1,-1,-1,-1,0,0,0,0,0,0,-1,-1,-1,-1,-1,-1,-1,-1,-1,-1,-1,-1,0,0,0,0,0,0,-1,-1,-1,-1,-1,-1,-1,-1,-1,-1,-1,-1,-1,-1,False,False,0,0,False,209,0,0,0,0,0,0,0,0,0,0,0,0,0,0,0,1,
0,1086,2026-02-23 12:18:13Z,LLM_Empathetic,6.920744,7.220586,6.620903,0.6304173,0,1.612472,0,0,0,0,0,0,5.486369,4.347167,6.625582,0.592854,0.702737,0.482971,7.392715,6.225708,8.559723,0.5983033,0,2.120704,7.18477,6.097696,8.271845,9.831986,10,9.482333,6.920744,7.220586,6.620903,0.6304173,0,1.612472,0,0,0,0,0,0,5.486369,4.347167,6.625582,0.592854,0.702737,0.482971,7.392715,6.225708,8.559723,0.5983033,0,2.120704,7.18477,6.097696,8.271845,9.831986,10,9.482333,-1,-1,-1,-1,-1,-1,-1,-1,-1,-1,-1,-1,-1,-1,-1,-1,-1,-1,-1,-1,-1,-1,-1,-1,-1,-1,-1,-1,-1,-1,-1,-1,-1,-1,-1,-1,-1,-1,-1,-1,-1,-1,-1,-1,-1,-1,-1,-1,-1,-1,0,0,0,0,0,0,-1,-1,-1,-1,-1,-1,-1,-1,-1,-1,-1,-1,0,0,0,0,0,0,-1,-1,-1,-1,-1,-1,-1,-1,-1,-1,-1,-1,-1,-1,False,False,0,0,False,209,0,0,0,0,0,0,0,0,0,0,0,0,0,0,0,1,
0,1087,2026-02-23 12:18:13Z,LLM_Empathetic,6.920756,7.220588,6.620924,0.6303971,0,1.612461,0,0,0,0,0,0,5.486384,4.347172,6.625607,0.592854,0.702737,0.482971,7.392723,6.225705,8.55974,0.5982903,0,2.120691,7.184791,6.097707,8.271875,9.832029,10,9.482387,6.920756,7.220588,6.620924,0.6303971,0,1.612461,0,0,0,0,0,0,5.486384,4.347172,6.625607,0.592854,0.702737,0.482971,7.392723,6.225705,8.55974,0.5982903,0,2.120691,7.184791,6.097707,8.271875,9.832029,10,9.482387,-1,-1,-1,-1,-1,-1,-1,-1,-1,-1,-1,-1,-1,-1,-1,-1,-1,-1,-1,-1,-1,-1,-1,-1,-1,-1,-1,-1,-1,-1,-1,-1,-1,-1,-1,-1,-1,-1,-1,-1,-1,-1,-1,-1,-1,-1,-1,-1,-1,-1,0,0,0,0,0,0,-1,-1,-1,-1,-1,-1,-1,-1,-1,-1,-1,-1,0,0,0,0,0,0,-1,-1,-1,-1,-1,-1,-1,-1,-1,-1,-1,-1,-1,-1,False,False,0,0,False,209,0,0,0,0,0,0,0,0,0,0,0,0,0,0,0,1,
0,1088,2026-02-23 12:18:13Z,LLM_Empathetic,6.920768,7.220591,6.620946,0.6303769,0,1.61245,0,0,0,0,0,0,5.4864,4.347177,6.625633,0.592854,0.702737,0.482971,7.392729,6.225701,8.559757,0.5982774,0,2.120678,7.184813,6.097719,8.271907,9.832071,10,9.48244,6.920768,7.220591,6.620946,0.6303769,0,1.61245,0,0,0,0,0,0,5.4864,4.347177,6.625633,0.592854,0.702737,0.482971,7.392729,6.225701,8.559757,0.5982774,0,2.120678,7.184813,6.097719,8.271907,9.832071,10,9.48244,-1,-1,-1,-1,-1,-1,-1,-1,-1,-1,-1,-1,-1,-1,-1,-1,-1,-1,-1,-1,-1,-1,-1,-1,-1,-1,-1,-1,-1,-1,-1,-1,-1,-1,-1,-1,-1,-1,-1,-1,-1,-1,-1,-1,-1,-1,-1,-1,-1,-1,0,0,0,0,0,0,-1,-1,-1,-1,-1,-1,-1,-1,-1,-1,-1,-1,0,0,0,0,0,0,-1,-1,-1,-1,-1,-1,-1,-1,-1,-1,-1,-1,-1,-1,False,False,0,0,False,209,0,0,0,0,0,0,0,0,0,0,0,0,0,0,0,1,
0,1089,2026-02-23 12:18:13Z,LLM_Empathetic,6.92078,7.220592,6.620968,0.6303568,0,1.612439,0,0,0,0,0,0,5.486415,4.347182,6.625658,0.592854,0.702737,0.482971,7.392736,6.225698,8.559775,0.5982645,0,2.120665,7.184834,6.09773,8.271937,9.832114,10,9.482492,6.92078,7.220592,6.620968,0.6303568,0,1.612439,0,0,0,0,0,0,5.486415,4.347182,6.625658,0.592854,0.702737,0.482971,7.392736,6.225698,8.559775,0.5982645,0,2.120665,7.184834,6.09773,8.271937,9.832114,10,9.482492,-1,-1,-1,-1,-1,-1,-1,-1,-1,-1,-1,-1,-1,-1,-1,-1,-1,-1,-1,-1,-1,-1,-1,-1,-1,-1,-1,-1,-1,-1,-1,-1,-1,-1,-1,-1,-1,-1,-1,-1,-1,-1,-1,-1,-1,-1,-1,-1,-1,-1,0,0,0,0,0,0,-1,-1,-1,-1,-1,-1,-1,-1,-1,-1,-1,-1,0,0,0,0,0,0,-1,-1,-1,-1,-1,-1,-1,-1,-1,-1,-1,-1,-1,-1,False,False,0,0,False,209,0,0,0,0,0,0,0,0,0,0,0,0,0,0,0,1,
0,1090,2026-02-23 12:18:13Z,LLM_Empathetic,6.920792,7.220595,6.620989,0.6303366,0,1.612427,0,0,0,0,0,0,5.48643,4.347187,6.625683,0.592854,0.702737,0.482971,7.392743,6.225694,8.559793,0.5982516,0,2.120652,7.184855,6.097742,8.271969,9.832156,10,9.482546,6.920792,7.220595,6.620989,0.6303366,0,1.612427,0,0,0,0,0,0,5.48643,4.347187,6.625683,0.592854,0.702737,0.482971,7.392743,6.225694,8.559793,0.5982516,0,2.120652,7.184855,6.097742,8.271969,9.832156,10,9.482546,-1,-1,-1,-1,-1,-1,-1,-1,-1,-1,-1,-1,-1,-1,-1,-1,-1,-1,-1,-1,-1,-1,-1,-1,-1,-1,-1,-1,-1,-1,-1,-1,-1,-1,-1,-1,-1,-1,-1,-1,-1,-1,-1,-1,-1,-1,-1,-1,-1,-1,0,0,0,0,0,0,-1,-1,-1,-1,-1,-1,-1,-1,-1,-1,-1,-1,0,0,0,0,0,0,-1,-1,-1,-1,-1,-1,-1,-1,-1,-1,-1,-1,-1,-1,False,False,0,0,False,207,0,0,0,0,0,0,0,0,0,0,0,0,0,0,0,1,
0,1091,2026-02-23 12:18:13Z,LLM_Empathetic,6.920804,7.220597,6.621011,0.6303166,0,1.612416,0,0,0,0,0,0,5.486445,4.347192,6.625709,0.592854,0.702737,0.482971,7.39275,6.225691,8.55981,0.5982387,0,2.120639,7.184876,6.097753,8.271999,9.832198,10,9.482598,6.920804,7.220597,6.621011,0.6303166,0,1.612416,0,0,0,0,0,0,5.486445,4.347192,6.625709,0.592854,0.702737,0.482971,7.39275,6.225691,8.55981,0.5982387,0,2.120639,7.184876,6.097753,8.271999,9.832198,10,9.482598,-1,-1,-1,-1,-1,-1,-1,-1,-1,-1,-1,-1,-1,-1,-1,-1,-1,-1,-1,-1,-1,-1,-1,-1,-1,-1,-1,-1,-1,-1,-1,-1,-1,-1,-1,-1,-1,-1,-1,-1,-1,-1,-1,-1,-1,-1,-1,-1,-1,-1,0,0,0,0,0,0,-1,-1,-1,-1,-1,-1,-1,-1,-1,-1,-1,-1,0,0,0,0,0,0,-1,-1,-1,-1,-1,-1,-1,-1,-1,-1,-1,-1,-1,-1,False,False,0,0,False,209,0,0,0,0,0,0,0,0,0,0,0,0,0,0,0,1,
0,1092,2026-02-23 12:18:14Z,LLM_Empathetic,6.920815,7.220599,6.621032,0.6302965,0,1.612405,0,0,0,0,0,0,5.486461,4.347197,6.625734,0.592854,0.702737,0.482971,7.392757,6.225687,8.559828,0.5982259,0,2.120626,7.184897,6.097764,8.27203,9.83224,10,9.482652,6.920815,7.220599,6.621032,0.6302965,0,1.612405,0,0,0,0,0,0,5.486461,4.347197,6.625734,0.592854,0.702737,0.482971,7.392757,6.225687,8.559828,0.5982259,0,2.120626,7.184897,6.097764,8.27203,9.83224,10,9.482652,-1,-1,-1,-1,-1,-1,-1,-1,-1,-1,-1,-1,-1,-1,-1,-1,-1,-1,-1,-1,-1,-1,-1,-1,-1,-1,-1,-1,-1,-1,-1,-1,-1,-1,-1,-1,-1,-1,-1,-1,-1,-1,-1,-1,-1,-1,-1,-1,-1,-1,0,0,0,0,0,0,-1,-1,-1,-1,-1,-1,-1,-1,-1,-1,-1,-1,0,0,0,0,0,0,-1,-1,-1,-1,-1,-1,-1,-1,-1,-1,-1,-1,-1,-1,False,False,0,0,False,209,0,0,0,0,0,0,0,0,0,0,0,0,0,0,0,1,
0,1093,2026-02-23 12:18:14Z,LLM_Empathetic,6.920827,7.220601,6.621054,0.6302765,0,1.612394,0,0,0,0,0,0,5.486476,4.347202,6.62576,0.592854,0.702737,0.482971,7.392764,6.225684,8.559845,0.598213,0,2.120613,7.184918,6.097776,8.27206,9.832282,10,9.482704,6.920827,7.220601,6.621054,0.6302765,0,1.612394,0,0,0,0,0,0,5.486476,4.347202,6.62576,0.592854,0.702737,0.482971,7.392764,6.225684,8.559845,0.598213,0,2.120613,7.184918,6.097776,8.27206,9.832282,10,9.482704,-1,-1,-1,-1,-1,-1,-1,-1,-1,-1,-1,-1,-1,-1,-1,-1,-1,-1,-1,-1,-1,-1,-1,-1,-1,-1,-1,-1,-1,-1,-1,-1,-1,-1,-1,-1,-1,-1,-1,-1,-1,-1,-1,-1,-1,-1,-1,-1,-1,-1,0,0,0,0,0,0,-1,-1,-1,-1,-1,-1,-1,-1,-1,-1,-1,-1,0,0,0,0,0,0,-1,-1,-1,-1,-1,-1,-1,-1,-1,-1,-1,-1,-1,-1,False,False,0,0,False,209,0,0,0,0,0,0,0,0,0,0,0,0,0,0,0,1,
0,1094,2026-02-23 12:18:14Z,LLM_Empathetic,6.920839,7.220603,6.621075,0.6302565,0,1.612383,0,0,0,0,0,0,5.486491,4.347207,6.625785,0.592854,0.702737,0.482971,7.392771,6.22568,8.559862,0.5982003,0,2.120601,7.184939,6.097787,8.272091,9.832324,10,9.482757,6.920839,7.220603,6.621075,0.6302565,0,1.612383,0,0,0,0,0,0,5.486491,4.347207,6.625785,0.592854,0.702737,0.482971,7.392771,6.22568,8.559862,0.5982003,0,2.120601,7.184939,6.097787,8.272091,9.832324,10,9.482757,-1,-1,-1,-1,-1,-1,-1,-1,-1,-1,-1,-1,-1,-1,-1,-1,-1,-1,-1,-1,-1,-1,-1,-1,-1,-1,-1,-1,-1,-1,-1,-1,-1,-1,-1,-1,-1,-1,-1,-1,-1,-1,-1,-1,-1,-1,-1,-1,-1,-1,0,0,0,0,0,0,-1,-1,-1,-1,-1,-1,-1,-1,-1,-1,-1,-1,0,0,0,0,0,0,-1,-1,-1,-1,-1,-1,-1,-1,-1,-1,-1,-1,-1,-1,False,False,0,0,False,209,0,0,0,0,0,0,0,0,0,0,0,0,0,0,0,1,
0,1095,2026-02-23 12:18:14Z,LLM_Empathetic,6.920851,7.220605,6.621097,0.6302365,0,1.612372,0,0,0,0,0,0,5.486506,4.347212,6.62581,0.592854,0.702737,0.482971,7.392778,6.225677,8.559879,0.5981874,0,2.120588,7.18496,6.097799,8.272121,9.832366,10,9.482809,6.920851,7.220605,6.621097,0.6302365,0,1.612372,0,0,0,0,0,0,5.486506,4.347212,6.62581,0.592854,0.702737,0.482971,7.392778,6.225677,8.559879,0.5981874,0,2.120588,7.18496,6.097799,8.272121,9.832366,10,9.482809,-1,-1,-1,-1,-1,-1,-1,-1,-1,-1,-1,-1,-1,-1,-1,-1,-1,-1,-1,-1,-1,-1,-1,-1,-1,-1,-1,-1,-1,-1,-1,-1,-1,-1,-1,-1,-1,-1,-1,-1,-1,-1,-1,-1,-1,-1,-1,-1,-1,-1,0,0,0,0,0,0,-1,-1,-1,-1,-1,-1,-1,-1,-1,-1,-1,-1,0,0,0,0,0,0,-1,-1,-1,-1,-1,-1,-1,-1,-1,-1,-1,-1,-1,-1,False,False,0,0,False,209,0,0,0,0,0,0,0,0,0,0,0,0,0,0,0,1,
0,1096,2026-02-23 12:18:14Z,LLM_Empathetic,6.920863,7.220607,6.621118,0.6302166,0,1.612361,0,0,0,0,0,0,5.486521,4.347217,6.625835,0.592854,0.702737,0.482971,7.392785,6.225673,8.559896,0.5981747,0,2.120575,7.184981,6.09781,8.272153,9.832408,10,9.482862,6.920863,7.220607,6.621118,0.6302166,0,1.612361,0,0,0,0,0,0,5.486521,4.347217,6.625835,0.592854,0.702737,0.482971,7.392785,6.225673,8.559896,0.5981747,0,2.120575,7.184981,6.09781,8.272153,9.832408,10,9.482862,-1,-1,-1,-1,-1,-1,-1,-1,-1,-1,-1,-1,-1,-1,-1,-1,-1,-1,-1,-1,-1,-1,-1,-1,-1,-1,-1,-1,-1,-1,-1,-1,-1,-1,-1,-1,-1,-1,-1,-1,-1,-1,-1,-1,-1,-1,-1,-1,-1,-1,0,0,0,0,0,0,-1,-1,-1,-1,-1,-1,-1,-1,-1,-1,-1,-1,0,0,0,0,0,0,-1,-1,-1,-1,-1,-1,-1,-1,-1,-1,-1,-1,-1,-1,False,False,0,0,False,207,0,0,0,0,0,0,0,0,0,0,0,0,0,0,0,1,
0,1097,2026-02-23 12:18:14Z,LLM_Empathetic,6.920875,7.22061,6.621139,0.6301966,0,1.61235,0,0,0,0,0,0,5.486536,4.347222,6.62586,0.592854,0.702737,0.482971,7.392792,6.225669,8.559914,0.5981619,0,2.120562,7.185002,6.097821,8.272183,9.83245,10,9.482914,6.920875,7.22061,6.621139,0.6301966,0,1.61235,0,0,0,0,0,0,5.486536,4.347222,6.62586,0.592854,0.702737,0.482971,7.392792,6.225669,8.559914,0.5981619,0,2.120562,7.185002,6.097821,8.272183,9.83245,10,9.482914,-1,-1,-1,-1,-1,-1,-1,-1,-1,-1,-1,-1,-1,-1,-1,-1,-1,-1,-1,-1,-1,-1,-1,-1,-1,-1,-1,-1,-1,-1,-1,-1,-1,-1,-1,-1,-1,-1,-1,-1,-1,-1,-1,-1,-1,-1,-1,-1,-1,-1,0,0,0,0,0,0,-1,-1,-1,-1,-1,-1,-1,-1,-1,-1,-1,-1,0,0,0,0,0,0,-1,-1,-1,-1,-1,-1,-1,-1,-1,-1,-1,-1,-1,-1,False,False,0,0,False,209,0,0,0,0,0,0,0,0,0,0,0,0,0,0,0,1,
0,1098,2026-02-23 12:18:14Z,LLM_Empathetic,6.920886,7.220612,6.621161,0.6301768,0,1.612339,0,0,0,0,0,0,5.486551,4.347227,6.625885,0.592854,0.702737,0.482971,7.392798,6.225666,8.559931,0.5981492,0,2.12055,7.185023,6.097833,8.272213,9.832492,10,9.482966,6.920886,7.220612,6.621161,0.6301768,0,1.612339,0,0,0,0,0,0,5.486551,4.347227,6.625885,0.592854,0.702737,0.482971,7.392798,6.225666,8.559931,0.5981492,0,2.12055,7.185023,6.097833,8.272213,9.832492,10,9.482966,-1,-1,-1,-1,-1,-1,-1,-1,-1,-1,-1,-1,-1,-1,-1,-1,-1,-1,-1,-1,-1,-1,-1,-1,-1,-1,-1,-1,-1,-1,-1,-1,-1,-1,-1,-1,-1,-1,-1,-1,-1,-1,-1,-1,-1,-1,-1,-1,-1,-1,0,0,0,0,0,0,-1,-1,-1,-1,-1,-1,-1,-1,-1,-1,-1,-1,0,0,0,0,0,0,-1,-1,-1,-1,-1,-1,-1,-1,-1,-1,-1,-1,-1,-1,False,False,0,0,False,207,0,0,0,0,0,0,0,0,0,0,0,0,0,0,0,1,
0,1099,2026-02-23 12:18:14Z,LLM_Empathetic,6.920898,7.220614,6.621181,0.6301569,0,1.612328,0,0,0,0,0,0,5.486566,4.347232,6.625911,0.592854,0.702737,0.482971,7.392805,6.225662,8.559949,0.5981365,0,2.120537,7.185043,6.097844,8.272243,9.832533,10,9.483019,6.920898,7.220614,6.621181,0.6301569,0,1.612328,0,0,0,0,0,0,5.486566,4.347232,6.625911,0.592854,0.702737,0.482971,7.392805,6.225662,8.559949,0.5981365,0,2.120537,7.185043,6.097844,8.272243,9.832533,10,9.483019,-1,-1,-1,-1,-1,-1,-1,-1,-1,-1,-1,-1,-1,-1,-1,-1,-1,-1,-1,-1,-1,-1,-1,-1,-1,-1,-1,-1,-1,-1,-1,-1,-1,-1,-1,-1,-1,-1,-1,-1,-1,-1,-1,-1,-1,-1,-1,-1,-1,-1,0,0,0,0,0,0,-1,-1,-1,-1,-1,-1,-1,-1,-1,-1,-1,-1,0,0,0,0,0,0,-1,-1,-1,-1,-1,-1,-1,-1,-1,-1,-1,-1,-1,-1,False,False,0,0,False,209,0,0,0,0,0,0,0,0,0,0,0,0,0,0,0,1,
0,1100,2026-02-23 12:18:14Z,LLM_Empathetic,6.920909,7.220616,6.621203,0.6301371,0,1.612317,0,0,0,0,0,0,5.486581,4.347237,6.625936,0.592854,0.702737,0.482971,7.392812,6.225659,8.559966,0.5981238,0,2.120524,7.185064,6.097855,8.272274,9.832575,10,9.483071,6.920909,7.220616,6.621203,0.6301371,0,1.612317,0,0,0,0,0,0,5.486581,4.347237,6.625936,0.592854,0.702737,0.482971,7.392812,6.225659,8.559966,0.5981238,0,2.120524,7.185064,6.097855,8.272274,9.832575,10,9.483071,-1,-1,-1,-1,-1,-1,-1,-1,-1,-1,-1,-1,-1,-1,-1,-1,-1,-1,-1,-1,-1,-1,-1,-1,-1,-1,-1,-1,-1,-1,-1,-1,-1,-1,-1,-1,-1,-1,-1,-1,-1,-1,-1,-1,-1,-1,-1,-1,-1,-1,0,0,0,0,0,0,-1,-1,-1,-1,-1,-1,-1,-1,-1,-1,-1,-1,0,0,0,0,0,0,-1,-1,-1,-1,-1,-1,-1,-1,-1,-1,-1,-1,-1,-1,False,False,0,0,False,207,0,0,0,0,0,0,0,0,0,0,0,0,0,0,0,1,
0,1101,2026-02-23 12:18:14Z,LLM_Empathetic,6.920921,7.220618,6.621224,0.6301173,0,1.612306,0,0,0,0,0,0,5.486596,4.347242,6.62596,0.592854,0.702737,0.482971,7.392819,6.225656,8.559983,0.5981111,0,2.120512,7.185085,6.097867,8.272305,9.832617,10,9.483124,6.920921,7.220618,6.621224,0.6301173,0,1.612306,0,0,0,0,0,0,5.486596,4.347242,6.62596,0.592854,0.702737,0.482971,7.392819,6.225656,8.559983,0.5981111,0,2.120512,7.185085,6.097867,8.272305,9.832617,10,9.483124,-1,-1,-1,-1,-1,-1,-1,-1,-1,-1,-1,-1,-1,-1,-1,-1,-1,-1,-1,-1,-1,-1,-1,-1,-1,-1,-1,-1,-1,-1,-1,-1,-1,-1,-1,-1,-1,-1,-1,-1,-1,-1,-1,-1,-1,-1,-1,-1,-1,-1,0,0,0,0,0,0,-1,-1,-1,-1,-1,-1,-1,-1,-1,-1,-1,-1,0,0,0,0,0,0,-1,-1,-1,-1,-1,-1,-1,-1,-1,-1,-1,-1,-1,-1,False,False,0,0,False,209,0,0,0,0,0,0,0,0,0,0,0,0,0,0,0,1,
0,1102,2026-02-23 12:18:14Z,LLM_Empathetic,6.920933,7.22062,6.621245,0.6300975,0,1.612296,0,0,0,0,0,0,5.486611,4.347247,6.625986,0.592854,0.702737,0.482971,7.392826,6.225652,8.56,0.5980985,0,2.120499,7.185106,6.097878,8.272335,9.832658,10,9.483175,6.920933,7.22062,6.621245,0.6300975,0,1.612296,0,0,0,0,0,0,5.486611,4.347247,6.625986,0.592854,0.702737,0.482971,7.392826,6.225652,8.56,0.5980985,0,2.120499,7.185106,6.097878,8.272335,9.832658,10,9.483175,-1,-1,-1,-1,-1,-1,-1,-1,-1,-1,-1,-1,-1,-1,-1,-1,-1,-1,-1,-1,-1,-1,-1,-1,-1,-1,-1,-1,-1,-1,-1,-1,-1,-1,-1,-1,-1,-1,-1,-1,-1,-1,-1,-1,-1,-1,-1,-1,-1,-1,0,0,0,0,0,0,-1,-1,-1,-1,-1,-1,-1,-1,-1,-1,-1,-1,0,0,0,0,0,0,-1,-1,-1,-1,-1,-1,-1,-1,-1,-1,-1,-1,-1,-1,False,False,0,0,False,209,0,0,0,0,0,0,0,0,0,0,0,0,0,0,0,1,
0,1103,2026-02-23 12:18:14Z,LLM_Empathetic,6.920944,7.220622,6.621266,0.6300778,0,1.612285,0,0,0,0,0,0,5.486626,4.347252,6.62601,0.592854,0.702737,0.482971,7.392833,6.225648,8.560018,0.5980858,0,2.120486,7.185127,6.097889,8.272366,9.8327,10,9.483228,6.920944,7.220622,6.621266,0.6300778,0,1.612285,0,0,0,0,0,0,5.486626,4.347252,6.62601,0.592854,0.702737,0.482971,7.392833,6.225648,8.560018,0.5980858,0,2.120486,7.185127,6.097889,8.272366,9.8327,10,9.483228,-1,-1,-1,-1,-1,-1,-1,-1,-1,-1,-1,-1,-1,-1,-1,-1,-1,-1,-1,-1,-1,-1,-1,-1,-1,-1,-1,-1,-1,-1,-1,-1,-1,-1,-1,-1,-1,-1,-1,-1,-1,-1,-1,-1,-1,-1,-1,-1,-1,-1,0,0,0,0,0,0,-1,-1,-1,-1,-1,-1,-1,-1,-1,-1,-1,-1,0,0,0,0,0,0,-1,-1,-1,-1,-1,-1,-1,-1,-1,-1,-1,-1,-1,-1,False,False,0,0,False,207,0,0,0,0,0,0,0,0,0,0,0,0,0,0,0,1,
0,1104,2026-02-23 12:18:14Z,LLM_Empathetic,6.920956,7.220624,6.621287,0.6300581,0,1.612274,0,0,0,0,0,0,5.486641,4.347257,6.626035,0.592854,0.702737,0.482971,7.392839,6.225645,8.560034,0.5980732,0,2.120474,7.185147,6.0979,8.272395,9.832741,10,9.483279,6.920956,7.220624,6.621287,0.6300581,0,1.612274,0,0,0,0,0,0,5.486641,4.347257,6.626035,0.592854,0.702737,0.482971,7.392839,6.225645,8.560034,0.5980732,0,2.120474,7.185147,6.0979,8.272395,9.832741,10,9.483279,-1,-1,-1,-1,-1,-1,-1,-1,-1,-1,-1,-1,-1,-1,-1,-1,-1,-1,-1,-1,-1,-1,-1,-1,-1,-1,-1,-1,-1,-1,-1,-1,-1,-1,-1,-1,-1,-1,-1,-1,-1,-1,-1,-1,-1,-1,-1,-1,-1,-1,0,0,0,0,0,0,-1,-1,-1,-1,-1,-1,-1,-1,-1,-1,-1,-1,0,0,0,0,0,0,-1,-1,-1,-1,-1,-1,-1,-1,-1,-1,-1,-1,-1,-1,False,False,0,0,False,209,0,0,0,0,0,0,0,0,0,0,0,0,0,0,0,1,
0,1105,2026-02-23 12:18:14Z,LLM_Empathetic,6.920968,7.220626,6.621308,0.6300384,0,1.612263,0,0,0,0,0,0,5.486656,4.347262,6.62606,0.592854,0.702737,0.482971,7.392846,6.225641,8.560051,0.5980606,0,2.120461,7.185168,6.097911,8.272426,9.832782,10,9.483331,6.920968,7.220626,6.621308,0.6300384,0,1.612263,0,0,0,0,0,0,5.486656,4.347262,6.62606,0.592854,0.702737,0.482971,7.392846,6.225641,8.560051,0.5980606,0,2.120461,7.185168,6.097911,8.272426,9.832782,10,9.483331,-1,-1,-1,-1,-1,-1,-1,-1,-1,-1,-1,-1,-1,-1,-1,-1,-1,-1,-1,-1,-1,-1,-1,-1,-1,-1,-1,-1,-1,-1,-1,-1,-1,-1,-1,-1,-1,-1,-1,-1,-1,-1,-1,-1,-1,-1,-1,-1,-1,-1,0,0,0,0,0,0,-1,-1,-1,-1,-1,-1,-1,-1,-1,-1,-1,-1,0,0,0,0,0,0,-1,-1,-1,-1,-1,-1,-1,-1,-1,-1,-1,-1,-1,-1,False,False,0,0,False,209,0,0,0,0,0,0,0,0,0,0,0,0,0,0,0,1,
0,1106,2026-02-23 12:18:14Z,LLM_Empathetic,6.920979,7.220629,6.621329,0.6300188,0,1.612252,0,0,0,0,0,0,5.486671,4.347267,6.626085,0.592854,0.702737,0.482971,7.392853,6.225638,8.560068,0.598048,0,2.120448,7.185189,6.097923,8.272455,9.832824,10,9.483383,6.920979,7.220629,6.621329,0.6300188,0,1.612252,0,0,0,0,0,0,5.486671,4.347267,6.626085,0.592854,0.702737,0.482971,7.392853,6.225638,8.560068,0.598048,0,2.120448,7.185189,6.097923,8.272455,9.832824,10,9.483383,-1,-1,-1,-1,-1,-1,-1,-1,-1,-1,-1,-1,-1,-1,-1,-1,-1,-1,-1,-1,-1,-1,-1,-1,-1,-1,-1,-1,-1,-1,-1,-1,-1,-1,-1,-1,-1,-1,-1,-1,-1,-1,-1,-1,-1,-1,-1,-1,-1,-1,0,0,0,0,0,0,-1,-1,-1,-1,-1,-1,-1,-1,-1,-1,-1,-1,0,0,0,0,0,0,-1,-1,-1,-1,-1,-1,-1,-1,-1,-1,-1,-1,-1,-1,False,False,0,0,False,207,0,0,0,0,0,0,0,0,0,0,0,0,0,0,0,1,
0,1107,2026-02-23 12:18:14Z,LLM_Empathetic,6.92099,7.220631,6.62135,0.6299992,0,1.612241,0,0,0,0,0,0,5.486686,4.347272,6.62611,0.592854,0.702737,0.482971,7.39286,6.225635,8.560085,0.5980355,0,2.120436,7.185209,6.097934,8.272486,9.832865,10,9.483435,6.92099,7.220631,6.62135,0.6299992,0,1.612241,0,0,0,0,0,0,5.486686,4.347272,6.62611,0.592854,0.702737,0.482971,7.39286,6.225635,8.560085,0.5980355,0,2.120436,7.185209,6.097934,8.272486,9.832865,10,9.483435,-1,-1,-1,-1,-1,-1,-1,-1,-1,-1,-1,-1,-1,-1,-1,-1,-1,-1,-1,-1,-1,-1,-1,-1,-1,-1,-1,-1,-1,-1,-1,-1,-1,-1,-1,-1,-1,-1,-1,-1,-1,-1,-1,-1,-1,-1,-1,-1,-1,-1,0,0,0,0,0,0,-1,-1,-1,-1,-1,-1,-1,-1,-1,-1,-1,-1,0,0,0,0,0,0,-1,-1,-1,-1,-1,-1,-1,-1,-1,-1,-1,-1,-1,-1,False,False,0,0,False,209,0,0,0,0,0,0,0,0,0,0,0,0,0,0,0,1,
0,1108,2026-02-23 12:18:14Z,LLM_Empathetic,6.921002,7.220633,6.621371,0.6299796,0,1.612231,0,0,0,0,0,0,5.486701,4.347277,6.626134,0.592854,0.702737,0.482971,7.392867,6.225631,8.560102,0.5980229,0,2.120423,7.18523,6.097945,8.272515,9.832906,10,9.483486,6.921002,7.220633,6.621371,0.6299796,0,1.612231,0,0,0,0,0,0,5.486701,4.347277,6.626134,0.592854,0.702737,0.482971,7.392867,6.225631,8.560102,0.5980229,0,2.120423,7.18523,6.097945,8.272515,9.832906,10,9.483486,-1,-1,-1,-1,-1,-1,-1,-1,-1,-1,-1,-1,-1,-1,-1,-1,-1,-1,-1,-1,-1,-1,-1,-1,-1,-1,-1,-1,-1,-1,-1,-1,-1,-1,-1,-1,-1,-1,-1,-1,-1,-1,-1,-1,-1,-1,-1,-1,-1,-1,0,0,0,0,0,0,-1,-1,-1,-1,-1,-1,-1,-1,-1,-1,-1,-1,0,0,0,0,0,0,-1,-1,-1,-1,-1,-1,-1,-1,-1,-1,-1,-1,-1,-1,False,False,0,0,False,207,0,0,0,0,0,0,0,0,0,0,0,0,0,0,0,1,
0,1109,2026-02-23 12:18:14Z,LLM_Empathetic,6.921014,7.220635,6.621392,0.62996,0,1.61222,0,0,0,0,0,0,5.486715,4.347281,6.626159,0.592854,0.702737,0.482971,7.392873,6.225627,8.56012,0.5980104,0,2.120411,7.18525,6.097956,8.272546,9.832947,10,9.483538,6.921014,7.220635,6.621392,0.62996,0,1.61222,0,0,0,0,0,0,5.486715,4.347281,6.626159,0.592854,0.702737,0.482971,7.392873,6.225627,8.56012,0.5980104,0,2.120411,7.18525,6.097956,8.272546,9.832947,10,9.483538,-1,-1,-1,-1,-1,-1,-1,-1,-1,-1,-1,-1,-1,-1,-1,-1,-1,-1,-1,-1,-1,-1,-1,-1,-1,-1,-1,-1,-1,-1,-1,-1,-1,-1,-1,-1,-1,-1,-1,-1,-1,-1,-1,-1,-1,-1,-1,-1,-1,-1,0,0,0,0,0,0,-1,-1,-1,-1,-1,-1,-1,-1,-1,-1,-1,-1,0,0,0,0,0,0,-1,-1,-1,-1,-1,-1,-1,-1,-1,-1,-1,-1,-1,-1,False,False,0,0,False,207,0,0,0,0,0,0,0,0,0,0,0,0,0,0,0,1,
0,1110,2026-02-23 12:18:14Z,LLM_Empathetic,6.921025,7.220637,6.621413,0.6299405,0,1.612209,0,0,0,0,0,0,5.48673,4.347286,6.626184,0.592854,0.702737,0.482971,7.39288,6.225624,8.560136,0.5979978,0,2.120398,7.185271,6.097967,8.272575,9.832988,10,9.483589,6.921025,7.220637,6.621413,0.6299405,0,1.612209,0,0,0,0,0,0,5.48673,4.347286,6.626184,0.592854,0.702737,0.482971,7.39288,6.225624,8.560136,0.5979978,0,2.120398,7.185271,6.097967,8.272575,9.832988,10,9.483589,-1,-1,-1,-1,-1,-1,-1,-1,-1,-1,-1,-1,-1,-1,-1,-1,-1,-1,-1,-1,-1,-1,-1,-1,-1,-1,-1,-1,-1,-1,-1,-1,-1,-1,-1,-1,-1,-1,-1,-1,-1,-1,-1,-1,-1,-1,-1,-1,-1,-1,0,0,0,0,0,0,-1,-1,-1,-1,-1,-1,-1,-1,-1,-1,-1,-1,0,0,0,0,0,0,-1,-1,-1,-1,-1,-1,-1,-1,-1,-1,-1,-1,-1,-1,False,False,0,0,False,207,0,0,0,0,0,0,0,0,0,0,0,0,0,0,0,1,
0,1111,2026-02-23 12:18:14Z,LLM_Empathetic,6.921037,7.220639,6.621434,0.629921,0,1.612198,0,0,0,0,0,0,5.486745,4.347291,6.626209,0.592854,0.702737,0.482971,7.392887,6.225621,8.560153,0.5979854,0,2.120386,7.185291,6.097978,8.272606,9.833029,10,9.483641,6.921037,7.220639,6.621434,0.629921,0,1.612198,0,0,0,0,0,0,5.486745,4.347291,6.626209,0.592854,0.702737,0.482971,7.392887,6.225621,8.560153,0.5979854,0,2.120386,7.185291,6.097978,8.272606,9.833029,10,9.483641,-1,-1,-1,-1,-1,-1,-1,-1,-1,-1,-1,-1,-1,-1,-1,-1,-1,-1,-1,-1,-1,-1,-1,-1,-1,-1,-1,-1,-1,-1,-1,-1,-1,-1,-1,-1,-1,-1,-1,-1,-1,-1,-1,-1,-1,-1,-1,-1,-1,-1,0,0,0,0,0,0,-1,-1,-1,-1,-1,-1,-1,-1,-1,-1,-1,-1,0,0,0,0,0,0,-1,-1,-1,-1,-1,-1,-1,-1,-1,-1,-1,-1,-1,-1,False,False,0,0,False,207,0,0,0,0,0,0,0,0,0,0,0,0,0,0,0,1,
0,1112,2026-02-23 12:18:14Z,LLM_Empathetic,6.921048,7.220641,6.621455,0.6299015,0,1.612188,0,0,0,0,0,0,5.48676,4.347296,6.626233,0.592854,0.702737,0.482971,7.392893,6.225617,8.56017,0.5979729,0,2.120373,7.185312,6.097989,8.272635,9.83307,10,9.483692,6.921048,7.220641,6.621455,0.6299015,0,1.612188,0,0,0,0,0,0,5.48676,4.347296,6.626233,0.592854,0.702737,0.482971,7.392893,6.225617,8.56017,0.5979729,0,2.120373,7.185312,6.097989,8.272635,9.83307,10,9.483692,-1,-1,-1,-1,-1,-1,-1,-1,-1,-1,-1,-1,-1,-1,-1,-1,-1,-1,-1,-1,-1,-1,-1,-1,-1,-1,-1,-1,-1,-1,-1,-1,-1,-1,-1,-1,-1,-1,-1,-1,-1,-1,-1,-1,-1,-1,-1,-1,-1,-1,0,0,0,0,0,0,-1,-1,-1,-1,-1,-1,-1,-1,-1,-1,-1,-1,0,0,0,0,0,0,-1,-1,-1,-1,-1,-1,-1,-1,-1,-1,-1,-1,-1,-1,False,False,0,0,False,209,0,0,0,0,0,0,0,0,0,0,0,0,0,0,0,1,
0,1113,2026-02-23 12:18:14Z,LLM_Empathetic,6.92106,7.220643,6.621476,0.629882,0,1.612177,0,0,0,0,0,0,5.486774,4.347301,6.626258,0.592854,0.702737,0.482971,7.3929,6.225614,8.560187,0.5979604,0,2.120361,7.185332,6.098001,8.272665,9.83311,10,9.483743,6.92106,7.220643,6.621476,0.629882,0,1.612177,0,0,0,0,0,0,5.486774,4.347301,6.626258,0.592854,0.702737,0.482971,7.3929,6.225614,8.560187,0.5979604,0,2.120361,7.185332,6.098001,8.272665,9.83311,10,9.483743,-1,-1,-1,-1,-1,-1,-1,-1,-1,-1,-1,-1,-1,-1,-1,-1,-1,-1,-1,-1,-1,-1,-1,-1,-1,-1,-1,-1,-1,-1,-1,-1,-1,-1,-1,-1,-1,-1,-1,-1,-1,-1,-1,-1,-1,-1,-1,-1,-1,-1,0,0,0,0,0,0,-1,-1,-1,-1,-1,-1,-1,-1,-1,-1,-1,-1,0,0,0,0,0,0,-1,-1,-1,-1,-1,-1,-1,-1,-1,-1,-1,-1,-1,-1,False,False,0,0,False,207,0,0,0,0,0,0,0,0,0,0,0,0,0,0,0,1,
0,1114,2026-02-23 12:18:14Z,LLM_Empathetic,6.921071,7.220645,6.621497,0.6298626,0,1.612166,0,0,0,0,0,0,5.486789,4.347306,6.626282,0.592854,0.702737,0.482971,7.392907,6.22561,8.560204,0.597948,0,2.120348,7.185353,6.098011,8.272695,9.833151,10,9.483794,6.921071,7.220645,6.621497,0.6298626,0,1.612166,0,0,0,0,0,0,5.486789,4.347306,6.626282,0.592854,0.702737,0.482971,7.392907,6.22561,8.560204,0.597948,0,2.120348,7.185353,6.098011,8.272695,9.833151,10,9.483794,-1,-1,-1,-1,-1,-1,-1,-1,-1,-1,-1,-1,-1,-1,-1,-1,-1,-1,-1,-1,-1,-1,-1,-1,-1,-1,-1,-1,-1,-1,-1,-1,-1,-1,-1,-1,-1,-1,-1,-1,-1,-1,-1,-1,-1,-1,-1,-1,-1,-1,0,0,0,0,0,0,-1,-1,-1,-1,-1,-1,-1,-1,-1,-1,-1,-1,0,0,0,0,0,0,-1,-1,-1,-1,-1,-1,-1,-1,-1,-1,-1,-1,-1,-1,False,False,0,0,False,207,0,0,0,0,0,0,0,0,0,0,0,0,0,0,0,1,
0,1115,2026-02-23 12:18:14Z,LLM_Empathetic,6.921082,7.220647,6.621517,0.6298432,0,1.612155,0,0,0,0,0,0,5.486804,4.347311,6.626307,0.592854,0.702737,0.482971,7.392913,6.225607,8.560221,0.5979356,0,2.120336,7.185373,6.098022,8.272724,9.833192,10,9.483846,6.921082,7.220647,6.621517,0.6298432,0,1.612155,0,0,0,0,0,0,5.486804,4.347311,6.626307,0.592854,0.702737,0.482971,7.392913,6.225607,8.560221,0.5979356,0,2.120336,7.185373,6.098022,8.272724,9.833192,10,9.483846,-1,-1,-1,-1,-1,-1,-1,-1,-1,-1,-1,-1,-1,-1,-1,-1,-1,-1,-1,-1,-1,-1,-1,-1,-1,-1,-1,-1,-1,-1,-1,-1,-1,-1,-1,-1,-1,-1,-1,-1,-1,-1,-1,-1,-1,-1,-1,-1,-1,-1,0,0,0,0,0,0,-1,-1,-1,-1,-1,-1,-1,-1,-1,-1,-1,-1,0,0,0,0,0,0,-1,-1,-1,-1,-1,-1,-1,-1,-1,-1,-1,-1,-1,-1,False,False,0,0,False,209,0,0,0,0,0,0,0,0,0,0,0,0,0,0,0,1,
0,1116,2026-02-23 12:18:14Z,LLM_Empathetic,6.921094,7.220649,6.621538,0.6298239,0,1.612145,0,0,0,0,0,0,5.486818,4.347316,6.626331,0.592854,0.702737,0.482971,7.39292,6.225603,8.560238,0.5979232,0,2.120324,7.185393,6.098033,8.272755,9.833232,10,9.483896,6.921094,7.220649,6.621538,0.6298239,0,1.612145,0,0,0,0,0,0,5.486818,4.347316,6.626331,0.592854,0.702737,0.482971,7.39292,6.225603,8.560238,0.5979232,0,2.120324,7.185393,6.098033,8.272755,9.833232,10,9.483896,-1,-1,-1,-1,-1,-1,-1,-1,-1,-1,-1,-1,-1,-1,-1,-1,-1,-1,-1,-1,-1,-1,-1,-1,-1,-1,-1,-1,-1,-1,-1,-1,-1,-1,-1,-1,-1,-1,-1,-1,-1,-1,-1,-1,-1,-1,-1,-1,-1,-1,0,0,0,0,0,0,-1,-1,-1,-1,-1,-1,-1,-1,-1,-1,-1,-1,0,0,0,0,0,0,-1,-1,-1,-1,-1,-1,-1,-1,-1,-1,-1,-1,-1,-1,False,False,0,0,False,207,0,0,0,0,0,0,0,0,0,0,0,0,0,0,0,1,
0,1117,2026-02-23 12:18:14Z,LLM_Empathetic,6.921105,7.220651,6.621559,0.6298045,0,1.612134,0,0,0,0,0,0,5.486833,4.347321,6.626356,0.592854,0.702737,0.482971,7.392927,6.2256,8.560254,0.5979108,0,2.120311,7.185414,6.098044,8.272784,9.833273,10,9.483947,6.921105,7.220651,6.621559,0.6298045,0,1.612134,0,0,0,0,0,0,5.486833,4.347321,6.626356,0.592854,0.702737,0.482971,7.392927,6.2256,8.560254,0.5979108,0,2.120311,7.185414,6.098044,8.272784,9.833273,10,9.483947,-1,-1,-1,-1,-1,-1,-1,-1,-1,-1,-1,-1,-1,-1,-1,-1,-1,-1,-1,-1,-1,-1,-1,-1,-1,-1,-1,-1,-1,-1,-1,-1,-1,-1,-1,-1,-1,-1,-1,-1,-1,-1,-1,-1,-1,-1,-1,-1,-1,-1,0,0,0,0,0,0,-1,-1,-1,-1,-1,-1,-1,-1,-1,-1,-1,-1,0,0,0,0,0,0,-1,-1,-1,-1,-1,-1,-1,-1,-1,-1,-1,-1,-1,-1,False,False,0,0,False,207,0,0,0,0,0,0,0,0,0,0,0,0,0,0,0,1,
0,1118,2026-02-23 12:18:14Z,LLM_Empathetic,6.921116,7.220654,6.62158,0.6297852,0,1.612123,0,0,0,0,0,0,5.486847,4.347325,6.62638,0.592854,0.702737,0.482971,7.392933,6.225596,8.560271,0.5978984,0,2.120299,7.185434,6.098055,8.272814,9.833313,10,9.483998,6.921116,7.220654,6.62158,0.6297852,0,1.612123,0,0,0,0,0,0,5.486847,4.347325,6.62638,0.592854,0.702737,0.482971,7.392933,6.225596,8.560271,0.5978984,0,2.120299,7.185434,6.098055,8.272814,9.833313,10,9.483998,-1,-1,-1,-1,-1,-1,-1,-1,-1,-1,-1,-1,-1,-1,-1,-1,-1,-1,-1,-1,-1,-1,-1,-1,-1,-1,-1,-1,-1,-1,-1,-1,-1,-1,-1,-1,-1,-1,-1,-1,-1,-1,-1,-1,-1,-1,-1,-1,-1,-1,0,0,0,0,0,0,-1,-1,-1,-1,-1,-1,-1,-1,-1,-1,-1,-1,0,0,0,0,0,0,-1,-1,-1,-1,-1,-1,-1,-1,-1,-1,-1,-1,-1,-1,False,False,0,0,False,207,0,0,0,0,0,0,0,0,0,0,0,0,0,0,0,1,
0,1119,2026-02-23 12:18:14Z,LLM_Empathetic,6.921128,7.220655,6.6216,0.6297659,0,1.612113,0,0,0,0,0,0,5.486862,4.34733,6.626404,0.592854,0.702737,0.482971,7.39294,6.225593,8.560287,0.5978861,0,2.120286,7.185454,6.098066,8.272843,9.833354,10,9.484049,6.921128,7.220655,6.6216,0.6297659,0,1.612113,0,0,0,0,0,0,5.486862,4.34733,6.626404,0.592854,0.702737,0.482971,7.39294,6.225593,8.560287,0.5978861,0,2.120286,7.185454,6.098066,8.272843,9.833354,10,9.484049,-1,-1,-1,-1,-1,-1,-1,-1,-1,-1,-1,-1,-1,-1,-1,-1,-1,-1,-1,-1,-1,-1,-1,-1,-1,-1,-1,-1,-1,-1,-1,-1,-1,-1,-1,-1,-1,-1,-1,-1,-1,-1,-1,-1,-1,-1,-1,-1,-1,-1,0,0,0,0,0,0,-1,-1,-1,-1,-1,-1,-1,-1,-1,-1,-1,-1,0,0,0,0,0,0,-1,-1,-1,-1,-1,-1,-1,-1,-1,-1,-1,-1,-1,-1,False,False,0,0,False,209,0,0,0,0,0,0,0,0,0,0,0,0,0,0,0,1,
0,1120,2026-02-23 12:18:14Z,LLM_Empathetic,6.921139,7.220657,6.621621,0.6297467,0,1.612102,0,0,0,0,0,0,5.486876,4.347335,6.626429,0.592854,0.702737,0.482971,7.392947,6.22559,8.560305,0.5978737,0,2.120274,7.185474,6.098077,8.272873,9.833394,10,9.484099,6.921139,7.220657,6.621621,0.6297467,0,1.612102,0,0,0,0,0,0,5.486876,4.347335,6.626429,0.592854,0.702737,0.482971,7.392947,6.22559,8.560305,0.5978737,0,2.120274,7.185474,6.098077,8.272873,9.833394,10,9.484099,-1,-1,-1,-1,-1,-1,-1,-1,-1,-1,-1,-1,-1,-1,-1,-1,-1,-1,-1,-1,-1,-1,-1,-1,-1,-1,-1,-1,-1,-1,-1,-1,-1,-1,-1,-1,-1,-1,-1,-1,-1,-1,-1,-1,-1,-1,-1,-1,-1,-1,0,0,0,0,0,0,-1,-1,-1,-1,-1,-1,-1,-1,-1,-1,-1,-1,0,0,0,0,0,0,-1,-1,-1,-1,-1,-1,-1,-1,-1,-1,-1,-1,-1,-1,False,False,0,0,False,207,0,0,0,0,0,0,0,0,0,0,0,0,0,0,0,1,
0,1121,2026-02-23 12:18:14Z,LLM_Empathetic,6.921151,7.22066,6.621641,0.6297274,0,1.612092,0,0,0,0,0,0,5.486891,4.34734,6.626453,0.592854,0.702737,0.482971,7.392953,6.225586,8.560321,0.5978615,0,2.120262,7.185495,6.098088,8.272902,9.833435,10,9.48415,6.921151,7.22066,6.621641,0.6297274,0,1.612092,0,0,0,0,0,0,5.486891,4.34734,6.626453,0.592854,0.702737,0.482971,7.392953,6.225586,8.560321,0.5978615,0,2.120262,7.185495,6.098088,8.272902,9.833435,10,9.48415,-1,-1,-1,-1,-1,-1,-1,-1,-1,-1,-1,-1,-1,-1,-1,-1,-1,-1,-1,-1,-1,-1,-1,-1,-1,-1,-1,-1,-1,-1,-1,-1,-1,-1,-1,-1,-1,-1,-1,-1,-1,-1,-1,-1,-1,-1,-1,-1,-1,-1,0,0,0,0,0,0,-1,-1,-1,-1,-1,-1,-1,-1,-1,-1,-1,-1,0,0,0,0,0,0,-1,-1,-1,-1,-1,-1,-1,-1,-1,-1,-1,-1,-1,-1,False,False,0,0,False,207,0,0,0,0,0,0,0,0,0,0,0,0,0,0,0,1,
0,1122,2026-02-23 12:18:14Z,LLM_Empathetic,6.921162,7.220662,6.621662,0.6297082,0,1.612081,0,0,0,0,0,0,5.486906,4.347344,6.626477,0.592854,0.702737,0.482971,7.39296,6.225583,8.560338,0.5978491,0,2.12025,7.185515,6.098099,8.272931,9.833475,10,9.4842,6.921162,7.220662,6.621662,0.6297082,0,1.612081,0,0,0,0,0,0,5.486906,4.347344,6.626477,0.592854,0.702737,0.482971,7.39296,6.225583,8.560338,0.5978491,0,2.12025,7.185515,6.098099,8.272931,9.833475,10,9.4842,-1,-1,-1,-1,-1,-1,-1,-1,-1,-1,-1,-1,-1,-1,-1,-1,-1,-1,-1,-1,-1,-1,-1,-1,-1,-1,-1,-1,-1,-1,-1,-1,-1,-1,-1,-1,-1,-1,-1,-1,-1,-1,-1,-1,-1,-1,-1,-1,-1,-1,0,0,0,0,0,0,-1,-1,-1,-1,-1,-1,-1,-1,-1,-1,-1,-1,0,0,0,0,0,0,-1,-1,-1,-1,-1,-1,-1,-1,-1,-1,-1,-1,-1,-1,False,False,0,0,False,207,0,0,0,0,0,0,0,0,0,0,0,0,0,0,0,1,
0,1123,2026-02-23 12:18:14Z,LLM_Empathetic,6.921173,7.220664,6.621682,0.6296891,0,1.61207,0,0,0,0,0,0,5.48692,4.347349,6.626502,0.592854,0.702737,0.482971,7.392967,6.225579,8.560354,0.5978369,0,2.120237,7.185535,6.09811,8.272961,9.833515,10,9.484251,6.921173,7.220664,6.621682,0.6296891,0,1.61207,0,0,0,0,0,0,5.48692,4.347349,6.626502,0.592854,0.702737,0.482971,7.392967,6.225579,8.560354,0.5978369,0,2.120237,7.185535,6.09811,8.272961,9.833515,10,9.484251,-1,-1,-1,-1,-1,-1,-1,-1,-1,-1,-1,-1,-1,-1,-1,-1,-1,-1,-1,-1,-1,-1,-1,-1,-1,-1,-1,-1,-1,-1,-1,-1,-1,-1,-1,-1,-1,-1,-1,-1,-1,-1,-1,-1,-1,-1,-1,-1,-1,-1,0,0,0,0,0,0,-1,-1,-1,-1,-1,-1,-1,-1,-1,-1,-1,-1,0,0,0,0,0,0,-1,-1,-1,-1,-1,-1,-1,-1,-1,-1,-1,-1,-1,-1,False,False,0,0,False,207,0,0,0,0,0,0,0,0,0,0,0,0,0,0,0,1,
0,1124,2026-02-23 12:18:15Z,LLM_Empathetic,6.921185,7.220665,6.621703,0.62967,0,1.61206,0,0,0,0,0,0,5.486935,4.347354,6.626526,0.592854,0.702737,0.482971,7.392973,6.225576,8.560371,0.5978246,0,2.120225,7.185555,6.098121,8.27299,9.833555,10,9.484302,6.921185,7.220665,6.621703,0.62967,0,1.61206,0,0,0,0,0,0,5.486935,4.347354,6.626526,0.592854,0.702737,0.482971,7.392973,6.225576,8.560371,0.5978246,0,2.120225,7.185555,6.098121,8.27299,9.833555,10,9.484302,-1,-1,-1,-1,-1,-1,-1,-1,-1,-1,-1,-1,-1,-1,-1,-1,-1,-1,-1,-1,-1,-1,-1,-1,-1,-1,-1,-1,-1,-1,-1,-1,-1,-1,-1,-1,-1,-1,-1,-1,-1,-1,-1,-1,-1,-1,-1,-1,-1,-1,0,0,0,0,0,0,-1,-1,-1,-1,-1,-1,-1,-1,-1,-1,-1,-1,0,0,0,0,0,0,-1,-1,-1,-1,-1,-1,-1,-1,-1,-1,-1,-1,-1,-1,False,False,0,0,False,209,0,0,0,0,0,0,0,0,0,0,0,0,0,0,0,1,
0,1125,2026-02-23 12:18:15Z,LLM_Empathetic,6.921196,7.220668,6.621723,0.6296508,0,1.612049,0,0,0,0,0,0,5.486949,4.347359,6.62655,0.592854,0.702737,0.482971,7.39298,6.225573,8.560388,0.5978124,0,2.120213,7.185575,6.098132,8.27302,9.833595,10,9.484352,6.921196,7.220668,6.621723,0.6296508,0,1.612049,0,0,0,0,0,0,5.486949,4.347359,6.62655,0.592854,0.702737,0.482971,7.39298,6.225573,8.560388,0.5978124,0,2.120213,7.185575,6.098132,8.27302,9.833595,10,9.484352,-1,-1,-1,-1,-1,-1,-1,-1,-1,-1,-1,-1,-1,-1,-1,-1,-1,-1,-1,-1,-1,-1,-1,-1,-1,-1,-1,-1,-1,-1,-1,-1,-1,-1,-1,-1,-1,-1,-1,-1,-1,-1,-1,-1,-1,-1,-1,-1,-1,-1,0,0,0,0,0,0,-1,-1,-1,-1,-1,-1,-1,-1,-1,-1,-1,-1,0,0,0,0,0,0,-1,-1,-1,-1,-1,-1,-1,-1,-1,-1,-1,-1,-1,-1,False,False,0,0,False,207,0,0,0,0,0,0,0,0,0,0,0,0,0,0,0,1,
0,1126,2026-02-23 12:18:15Z,LLM_Empathetic,6.921207,7.22067,6.621744,0.6296318,0,1.612039,0,0,0,0,0,0,5.486964,4.347363,6.626574,0.592854,0.702737,0.482971,7.392986,6.225569,8.560404,0.5978001,0,2.120201,7.185595,6.098143,8.273048,9.833635,10,9.484403,6.921207,7.22067,6.621744,0.6296318,0,1.612039,0,0,0,0,0,0,5.486964,4.347363,6.626574,0.592854,0.702737,0.482971,7.392986,6.225569,8.560404,0.5978001,0,2.120201,7.185595,6.098143,8.273048,9.833635,10,9.484403,-1,-1,-1,-1,-1,-1,-1,-1,-1,-1,-1,-1,-1,-1,-1,-1,-1,-1,-1,-1,-1,-1,-1,-1,-1,-1,-1,-1,-1,-1,-1,-1,-1,-1,-1,-1,-1,-1,-1,-1,-1,-1,-1,-1,-1,-1,-1,-1,-1,-1,0,0,0,0,0,0,-1,-1,-1,-1,-1,-1,-1,-1,-1,-1,-1,-1,0,0,0,0,0,0,-1,-1,-1,-1,-1,-1,-1,-1,-1,-1,-1,-1,-1,-1,False,False,0,0,False,209,0,0,0,0,0,0,0,0,0,0,0,0,0,0,0,1,
0,1127,2026-02-23 12:18:15Z,LLM_Empathetic,6.921218,7.220672,6.621764,0.6296127,0,1.612028,0,0,0,0,0,0,5.486978,4.347368,6.626598,0.592854,0.702737,0.482971,7.392993,6.225566,8.560421,0.597788,0,2.120188,7.185615,6.098154,8.273078,9.833675,10,9.484452,6.921218,7.220672,6.621764,0.6296127,0,1.612028,0,0,0,0,0,0,5.486978,4.347368,6.626598,0.592854,0.702737,0.482971,7.392993,6.225566,8.560421,0.597788,0,2.120188,7.185615,6.098154,8.273078,9.833675,10,9.484452,-1,-1,-1,-1,-1,-1,-1,-1,-1,-1,-1,-1,-1,-1,-1,-1,-1,-1,-1,-1,-1,-1,-1,-1,-1,-1,-1,-1,-1,-1,-1,-1,-1,-1,-1,-1,-1,-1,-1,-1,-1,-1,-1,-1,-1,-1,-1,-1,-1,-1,0,0,0,0,0,0,-1,-1,-1,-1,-1,-1,-1,-1,-1,-1,-1,-1,0,0,0,0,0,0,-1,-1,-1,-1,-1,-1,-1,-1,-1,-1,-1,-1,-1,-1,False,False,0,0,False,209,0,0,0,0,0,0,0,0,0,0,0,0,0,0,0,1,
0,1128,2026-02-23 12:18:15Z,LLM_Empathetic,6.921229,7.220674,6.621785,0.6295937,0,1.612018,0,0,0,0,0,0,5.486992,4.347373,6.626622,0.592854,0.702737,0.482971,7.393,6.225563,8.560437,0.5977758,0,2.120176,7.185635,6.098165,8.273107,9.833715,10,9.484503,6.921229,7.220674,6.621785,0.6295937,0,1.612018,0,0,0,0,0,0,5.486992,4.347373,6.626622,0.592854,0.702737,0.482971,7.393,6.225563,8.560437,0.5977758,0,2.120176,7.185635,6.098165,8.273107,9.833715,10,9.484503,-1,-1,-1,-1,-1,-1,-1,-1,-1,-1,-1,-1,-1,-1,-1,-1,-1,-1,-1,-1,-1,-1,-1,-1,-1,-1,-1,-1,-1,-1,-1,-1,-1,-1,-1,-1,-1,-1,-1,-1,-1,-1,-1,-1,-1,-1,-1,-1,-1,-1,0,0,0,0,0,0,-1,-1,-1,-1,-1,-1,-1,-1,-1,-1,-1,-1,0,0,0,0,0,0,-1,-1,-1,-1,-1,-1,-1,-1,-1,-1,-1,-1,-1,-1,False,False,0,0,False,209,0,0,0,0,0,0,0,0,0,0,0,0,0,0,0,1,
0,1129,2026-02-23 12:18:15Z,LLM_Empathetic,6.92124,7.220676,6.621805,0.6295747,0,1.612007,0,0,0,0,0,0,5.487007,4.347378,6.626646,0.592854,0.702737,0.482971,7.393006,6.225559,8.560453,0.5977636,0,2.120164,7.185655,6.098175,8.273136,9.833755,10,9.484552,6.92124,7.220676,6.621805,0.6295747,0,1.612007,0,0,0,0,0,0,5.487007,4.347378,6.626646,0.592854,0.702737,0.482971,7.393006,6.225559,8.560453,0.5977636,0,2.120164,7.185655,6.098175,8.273136,9.833755,10,9.484552,-1,-1,-1,-1,-1,-1,-1,-1,-1,-1,-1,-1,-1,-1,-1,-1,-1,-1,-1,-1,-1,-1,-1,-1,-1,-1,-1,-1,-1,-1,-1,-1,-1,-1,-1,-1,-1,-1,-1,-1,-1,-1,-1,-1,-1,-1,-1,-1,-1,-1,0,0,0,0,0,0,-1,-1,-1,-1,-1,-1,-1,-1,-1,-1,-1,-1,0,0,0,0,0,0,-1,-1,-1,-1,-1,-1,-1,-1,-1,-1,-1,-1,-1,-1,False,False,0,0,False,207,0,0,0,0,0,0,0,0,0,0,0,0,0,0,0,1,
0,1130,2026-02-23 12:18:15Z,LLM_Empathetic,6.921252,7.220678,6.621825,0.6295556,0,1.611997,0,0,0,0,0,0,5.487021,4.347383,6.62667,0.592854,0.702737,0.482971,7.393013,6.225556,8.560471,0.5977514,0,2.120152,7.185675,6.098186,8.273166,9.833796,10,9.484603,6.921252,7.220678,6.621825,0.6295556,0,1.611997,0,0,0,0,0,0,5.487021,4.347383,6.62667,0.592854,0.702737,0.482971,7.393013,6.225556,8.560471,0.5977514,0,2.120152,7.185675,6.098186,8.273166,9.833796,10,9.484603,-1,-1,-1,-1,-1,-1,-1,-1,-1,-1,-1,-1,-1,-1,-1,-1,-1,-1,-1,-1,-1,-1,-1,-1,-1,-1,-1,-1,-1,-1,-1,-1,-1,-1,-1,-1,-1,-1,-1,-1,-1,-1,-1,-1,-1,-1,-1,-1,-1,-1,0,0,0,0,0,0,-1,-1,-1,-1,-1,-1,-1,-1,-1,-1,-1,-1,0,0,0,0,0,0,-1,-1,-1,-1,-1,-1,-1,-1,-1,-1,-1,-1,-1,-1,False,False,0,0,False,207,0,0,0,0,0,0,0,0,0,0,0,0,0,0,0,1,
0,1131,2026-02-23 12:18:15Z,LLM_Empathetic,6.921263,7.22068,6.621845,0.6295367,0,1.611986,0,0,0,0,0,0,5.487036,4.347387,6.626694,0.592854,0.702737,0.482971,7.393019,6.225553,8.560487,0.5977393,0,2.12014,7.185695,6.098197,8.273194,9.833835,10,9.484653,6.921263,7.22068,6.621845,0.6295367,0,1.611986,0,0,0,0,0,0,5.487036,4.347387,6.626694,0.592854,0.702737,0.482971,7.393019,6.225553,8.560487,0.5977393,0,2.12014,7.185695,6.098197,8.273194,9.833835,10,9.484653,-1,-1,-1,-1,-1,-1,-1,-1,-1,-1,-1,-1,-1,-1,-1,-1,-1,-1,-1,-1,-1,-1,-1,-1,-1,-1,-1,-1,-1,-1,-1,-1,-1,-1,-1,-1,-1,-1,-1,-1,-1,-1,-1,-1,-1,-1,-1,-1,-1,-1,0,0,0,0,0,0,-1,-1,-1,-1,-1,-1,-1,-1,-1,-1,-1,-1,0,0,0,0,0,0,-1,-1,-1,-1,-1,-1,-1,-1,-1,-1,-1,-1,-1,-1,False,False,0,0,False,209,0,0,0,0,0,0,0,0,0,0,0,0,0,0,0,1,
0,1132,2026-02-23 12:18:15Z,LLM_Empathetic,6.921274,7.220682,6.621866,0.6295178,0,1.611976,0,0,0,0,0,0,5.48705,4.347392,6.626718,0.592854,0.702737,0.482971,7.393026,6.225549,8.560503,0.5977272,0,2.120128,7.185715,6.098207,8.273223,9.833875,10,9.484702,6.921274,7.220682,6.621866,0.6295178,0,1.611976,0,0,0,0,0,0,5.48705,4.347392,6.626718,0.592854,0.702737,0.482971,7.393026,6.225549,8.560503,0.5977272,0,2.120128,7.185715,6.098207,8.273223,9.833875,10,9.484702,-1,-1,-1,-1,-1,-1,-1,-1,-1,-1,-1,-1,-1,-1,-1,-1,-1,-1,-1,-1,-1,-1,-1,-1,-1,-1,-1,-1,-1,-1,-1,-1,-1,-1,-1,-1,-1,-1,-1,-1,-1,-1,-1,-1,-1,-1,-1,-1,-1,-1,0,0,0,0,0,0,-1,-1,-1,-1,-1,-1,-1,-1,-1,-1,-1,-1,0,0,0,0,0,0,-1,-1,-1,-1,-1,-1,-1,-1,-1,-1,-1,-1,-1,-1,False,False,0,0,False,209,0,0,0,0,0,0,0,0,0,0,0,0,0,0,0,1,
0,1133,2026-02-23 12:18:15Z,LLM_Empathetic,6.921285,7.220684,6.621886,0.6294989,0,1.611965,0,0,0,0,0,0,5.487064,4.347397,6.626742,0.592854,0.702737,0.482971,7.393033,6.225546,8.560519,0.5977151,0,2.120116,7.185735,6.098218,8.273252,9.833915,10,9.484753,6.921285,7.220684,6.621886,0.6294989,0,1.611965,0,0,0,0,0,0,5.487064,4.347397,6.626742,0.592854,0.702737,0.482971,7.393033,6.225546,8.560519,0.5977151,0,2.120116,7.185735,6.098218,8.273252,9.833915,10,9.484753,-1,-1,-1,-1,-1,-1,-1,-1,-1,-1,-1,-1,-1,-1,-1,-1,-1,-1,-1,-1,-1,-1,-1,-1,-1,-1,-1,-1,-1,-1,-1,-1,-1,-1,-1,-1,-1,-1,-1,-1,-1,-1,-1,-1,-1,-1,-1,-1,-1,-1,0,0,0,0,0,0,-1,-1,-1,-1,-1,-1,-1,-1,-1,-1,-1,-1,0,0,0,0,0,0,-1,-1,-1,-1,-1,-1,-1,-1,-1,-1,-1,-1,-1,-1,False,False,0,0,False,207,0,0,0,0,0,0,0,0,0,0,0,0,0,0,0,1,
0,1134,2026-02-23 12:18:15Z,LLM_Empathetic,6.921296,7.220686,6.621906,0.62948,0,1.611955,0,0,0,0,0,0,5.487079,4.347402,6.626766,0.592854,0.702737,0.482971,7.393039,6.225542,8.560535,0.597703,0,2.120103,7.185755,6.098229,8.273281,9.833954,10,9.484802,6.921296,7.220686,6.621906,0.62948,0,1.611955,0,0,0,0,0,0,5.487079,4.347402,6.626766,0.592854,0.702737,0.482971,7.393039,6.225542,8.560535,0.597703,0,2.120103,7.185755,6.098229,8.273281,9.833954,10,9.484802,-1,-1,-1,-1,-1,-1,-1,-1,-1,-1,-1,-1,-1,-1,-1,-1,-1,-1,-1,-1,-1,-1,-1,-1,-1,-1,-1,-1,-1,-1,-1,-1,-1,-1,-1,-1,-1,-1,-1,-1,-1,-1,-1,-1,-1,-1,-1,-1,-1,-1,0,0,0,0,0,0,-1,-1,-1,-1,-1,-1,-1,-1,-1,-1,-1,-1,0,0,0,0,0,0,-1,-1,-1,-1,-1,-1,-1,-1,-1,-1,-1,-1,-1,-1,False,False,0,0,False,209,0,0,0,0,0,0,0,0,0,0,0,0,0,0,0,1,
0,1135,2026-02-23 12:18:15Z,LLM_Empathetic,6.921307,7.220688,6.621926,0.6294612,0,1.611945,0,0,0,0,0,0,5.487092,4.347406,6.62679,0.592854,0.702737,0.482971,7.393045,6.225539,8.560553,0.5976909,0,2.120091,7.185774,6.09824,8.27331,9.833994,10,9.484852,6.921307,7.220688,6.621926,0.6294612,0,1.611945,0,0,0,0,0,0,5.487092,4.347406,6.62679,0.592854,0.702737,0.482971,7.393045,6.225539,8.560553,0.5976909,0,2.120091,7.185774,6.09824,8.27331,9.833994,10,9.484852,-1,-1,-1,-1,-1,-1,-1,-1,-1,-1,-1,-1,-1,-1,-1,-1,-1,-1,-1,-1,-1,-1,-1,-1,-1,-1,-1,-1,-1,-1,-1,-1,-1,-1,-1,-1,-1,-1,-1,-1,-1,-1,-1,-1,-1,-1,-1,-1,-1,-1,0,0,0,0,0,0,-1,-1,-1,-1,-1,-1,-1,-1,-1,-1,-1,-1,0,0,0,0,0,0,-1,-1,-1,-1,-1,-1,-1,-1,-1,-1,-1,-1,-1,-1,False,False,0,0,False,207,0,0,0,0,0,0,0,0,0,0,0,0,0,0,0,1,
0,1136,2026-02-23 12:18:15Z,LLM_Empathetic,6.921318,7.22069,6.621946,0.6294424,0,1.611934,0,0,0,0,0,0,5.487107,4.347411,6.626813,0.592854,0.702737,0.482971,7.393052,6.225535,8.560569,0.5976789,0,2.120079,7.185794,6.09825,8.273339,9.834033,10,9.484901,6.921318,7.22069,6.621946,0.6294424,0,1.611934,0,0,0,0,0,0,5.487107,4.347411,6.626813,0.592854,0.702737,0.482971,7.393052,6.225535,8.560569,0.5976789,0,2.120079,7.185794,6.09825,8.273339,9.834033,10,9.484901,-1,-1,-1,-1,-1,-1,-1,-1,-1,-1,-1,-1,-1,-1,-1,-1,-1,-1,-1,-1,-1,-1,-1,-1,-1,-1,-1,-1,-1,-1,-1,-1,-1,-1,-1,-1,-1,-1,-1,-1,-1,-1,-1,-1,-1,-1,-1,-1,-1,-1,0,0,0,0,0,0,-1,-1,-1,-1,-1,-1,-1,-1,-1,-1,-1,-1,0,0,0,0,0,0,-1,-1,-1,-1,-1,-1,-1,-1,-1,-1,-1,-1,-1,-1,False,False,0,0,False,209,0,0,0,0,0,0,0,0,0,0,0,0,0,0,0,1,
0,1137,2026-02-23 12:18:15Z,LLM_Empathetic,6.921329,7.220692,6.621966,0.6294236,0,1.611924,0,0,0,0,0,0,5.487121,4.347416,6.626837,0.592854,0.702737,0.482971,7.393058,6.225532,8.560585,0.5976669,0,2.120067,7.185814,6.098261,8.273368,9.834072,10,9.484951,6.921329,7.220692,6.621966,0.6294236,0,1.611924,0,0,0,0,0,0,5.487121,4.347416,6.626837,0.592854,0.702737,0.482971,7.393058,6.225532,8.560585,0.5976669,0,2.120067,7.185814,6.098261,8.273368,9.834072,10,9.484951,-1,-1,-1,-1,-1,-1,-1,-1,-1,-1,-1,-1,-1,-1,-1,-1,-1,-1,-1,-1,-1,-1,-1,-1,-1,-1,-1,-1,-1,-1,-1,-1,-1,-1,-1,-1,-1,-1,-1,-1,-1,-1,-1,-1,-1,-1,-1,-1,-1,-1,0,0,0,0,0,0,-1,-1,-1,-1,-1,-1,-1,-1,-1,-1,-1,-1,0,0,0,0,0,0,-1,-1,-1,-1,-1,-1,-1,-1,-1,-1,-1,-1,-1,-1,False,False,0,0,False,209,0,0,0,0,0,0,0,0,0,0,0,0,0,0,0,1,
0,1138,2026-02-23 12:18:15Z,LLM_Empathetic,6.92134,7.220694,6.621986,0.6294048,0,1.611914,0,0,0,0,0,0,5.487135,4.34742,6.626861,0.592854,0.702737,0.482971,7.393065,6.225529,8.560601,0.5976548,0,2.120055,7.185833,6.098272,8.273396,9.834112,10,9.485,6.92134,7.220694,6.621986,0.6294048,0,1.611914,0,0,0,0,0,0,5.487135,4.34742,6.626861,0.592854,0.702737,0.482971,7.393065,6.225529,8.560601,0.5976548,0,2.120055,7.185833,6.098272,8.273396,9.834112,10,9.485,-1,-1,-1,-1,-1,-1,-1,-1,-1,-1,-1,-1,-1,-1,-1,-1,-1,-1,-1,-1,-1,-1,-1,-1,-1,-1,-1,-1,-1,-1,-1,-1,-1,-1,-1,-1,-1,-1,-1,-1,-1,-1,-1,-1,-1,-1,-1,-1,-1,-1,0,0,0,0,0,0,-1,-1,-1,-1,-1,-1,-1,-1,-1,-1,-1,-1,0,0,0,0,0,0,-1,-1,-1,-1,-1,-1,-1,-1,-1,-1,-1,-1,-1,-1,False,False,0,0,False,209,0,0,0,0,0,0,0,0,0,0,0,0,0,0,0,1,
0,1139,2026-02-23 12:18:15Z,LLM_Empathetic,6.921351,7.220696,6.622006,0.6293861,0,1.611903,0,0,0,0,0,0,5.48715,4.347425,6.626884,0.592854,0.702737,0.482971,7.393071,6.225526,8.560617,0.5976428,0,2.120043,7.185853,6.098282,8.273425,9.834151,10,9.485049,6.921351,7.220696,6.622006,0.6293861,0,1.611903,0,0,0,0,0,0,5.48715,4.347425,6.626884,0.592854,0.702737,0.482971,7.393071,6.225526,8.560617,0.5976428,0,2.120043,7.185853,6.098282,8.273425,9.834151,10,9.485049,-1,-1,-1,-1,-1,-1,-1,-1,-1,-1,-1,-1,-1,-1,-1,-1,-1,-1,-1,-1,-1,-1,-1,-1,-1,-1,-1,-1,-1,-1,-1,-1,-1,-1,-1,-1,-1,-1,-1,-1,-1,-1,-1,-1,-1,-1,-1,-1,-1,-1,0,0,0,0,0,0,-1,-1,-1,-1,-1,-1,-1,-1,-1,-1,-1,-1,0,0,0,0,0,0,-1,-1,-1,-1,-1,-1,-1,-1,-1,-1,-1,-1,-1,-1,False,False,0,0,False,207,0,0,0,0,0,0,0,0,0,0,0,0,0,0,0,1,
0,1140,2026-02-23 12:18:15Z,LLM_Empathetic,6.921362,7.220698,6.622026,0.6293674,0,1.611893,0,0,0,0,0,0,5.487164,4.34743,6.626908,0.592854,0.702737,0.482971,7.393078,6.225523,8.560634,0.5976309,0,2.120031,7.185873,6.098293,8.273454,9.83419,10,9.485099,6.921362,7.220698,6.622026,0.6293674,0,1.611893,0,0,0,0,0,0,5.487164,4.34743,6.626908,0.592854,0.702737,0.482971,7.393078,6.225523,8.560634,0.5976309,0,2.120031,7.185873,6.098293,8.273454,9.83419,10,9.485099,-1,-1,-1,-1,-1,-1,-1,-1,-1,-1,-1,-1,-1,-1,-1,-1,-1,-1,-1,-1,-1,-1,-1,-1,-1,-1,-1,-1,-1,-1,-1,-1,-1,-1,-1,-1,-1,-1,-1,-1,-1,-1,-1,-1,-1,-1,-1,-1,-1,-1,0,0,0,0,0,0,-1,-1,-1,-1,-1,-1,-1,-1,-1,-1,-1,-1,0,0,0,0,0,0,-1,-1,-1,-1,-1,-1,-1,-1,-1,-1,-1,-1,-1,-1,False,False,0,0,False,209,0,0,0,0,0,0,0,0,0,0,0,0,0,0,0,1,
0,1141,2026-02-23 12:18:15Z,LLM_Empathetic,6.921373,7.2207,6.622046,0.6293487,0,1.611883,0,0,0,0,0,0,5.487178,4.347435,6.626932,0.592854,0.702737,0.482971,7.393084,6.225519,8.56065,0.5976189,0,2.120019,7.185893,6.098304,8.273482,9.834229,10,9.485147,6.921373,7.2207,6.622046,0.6293487,0,1.611883,0,0,0,0,0,0,5.487178,4.347435,6.626932,0.592854,0.702737,0.482971,7.393084,6.225519,8.56065,0.5976189,0,2.120019,7.185893,6.098304,8.273482,9.834229,10,9.485147,-1,-1,-1,-1,-1,-1,-1,-1,-1,-1,-1,-1,-1,-1,-1,-1,-1,-1,-1,-1,-1,-1,-1,-1,-1,-1,-1,-1,-1,-1,-1,-1,-1,-1,-1,-1,-1,-1,-1,-1,-1,-1,-1,-1,-1,-1,-1,-1,-1,-1,0,0,0,0,0,0,-1,-1,-1,-1,-1,-1,-1,-1,-1,-1,-1,-1,0,0,0,0,0,0,-1,-1,-1,-1,-1,-1,-1,-1,-1,-1,-1,-1,-1,-1,False,False,0,0,False,209,0,0,0,0,0,0,0,0,0,0,0,0,0,0,0,1,
0,1142,2026-02-23 12:18:15Z,LLM_Empathetic,6.921384,7.220702,6.622066,0.62933,0,1.611872,0,0,0,0,0,0,5.487192,4.347439,6.626955,0.592854,0.702737,0.482971,7.393091,6.225516,8.560666,0.597607,0,2.120007,7.185912,6.098314,8.273511,9.834269,10,9.485197,6.921384,7.220702,6.622066,0.62933,0,1.611872,0,0,0,0,0,0,5.487192,4.347439,6.626955,0.592854,0.702737,0.482971,7.393091,6.225516,8.560666,0.597607,0,2.120007,7.185912,6.098314,8.273511,9.834269,10,9.485197,-1,-1,-1,-1,-1,-1,-1,-1,-1,-1,-1,-1,-1,-1,-1,-1,-1,-1,-1,-1,-1,-1,-1,-1,-1,-1,-1,-1,-1,-1,-1,-1,-1,-1,-1,-1,-1,-1,-1,-1,-1,-1,-1,-1,-1,-1,-1,-1,-1,-1,0,0,0,0,0,0,-1,-1,-1,-1,-1,-1,-1,-1,-1,-1,-1,-1,0,0,0,0,0,0,-1,-1,-1,-1,-1,-1,-1,-1,-1,-1,-1,-1,-1,-1,False,False,0,0,False,209,0,0,0,0,0,0,0,0,0,0,0,0,0,0,0,1,
0,1143,2026-02-23 12:18:15Z,LLM_Empathetic,6.921395,7.220704,6.622087,0.6293114,0,1.611862,0,0,0,0,0,0,5.487206,4.347444,6.626978,0.592854,0.702737,0.482971,7.393097,6.225513,8.560682,0.597595,0,2.119995,7.185932,6.098325,8.27354,9.834308,10,9.485246,6.921395,7.220704,6.622087,0.6293114,0,1.611862,0,0,0,0,0,0,5.487206,4.347444,6.626978,0.592854,0.702737,0.482971,7.393097,6.225513,8.560682,0.597595,0,2.119995,7.185932,6.098325,8.27354,9.834308,10,9.485246,-1,-1,-1,-1,-1,-1,-1,-1,-1,-1,-1,-1,-1,-1,-1,-1,-1,-1,-1,-1,-1,-1,-1,-1,-1,-1,-1,-1,-1,-1,-1,-1,-1,-1,-1,-1,-1,-1,-1,-1,-1,-1,-1,-1,-1,-1,-1,-1,-1,-1,0,0,0,0,0,0,-1,-1,-1,-1,-1,-1,-1,-1,-1,-1,-1,-1,0,0,0,0,0,0,-1,-1,-1,-1,-1,-1,-1,-1,-1,-1,-1,-1,-1,-1,False,False,0,0,False,207,0,0,0,0,0,0,0,0,0,0,0,0,0,0,0,1,
0,1144,2026-02-23 12:18:15Z,LLM_Empathetic,6.921406,7.220706,6.622107,0.6292928,0,1.611852,0,0,0,0,0,0,5.48722,4.347448,6.627002,0.592854,0.702737,0.482971,7.393104,6.225509,8.560699,0.5975831,0,2.119983,7.185951,6.098335,8.273568,9.834347,10,9.485295,6.921406,7.220706,6.622107,0.6292928,0,1.611852,0,0,0,0,0,0,5.48722,4.347448,6.627002,0.592854,0.702737,0.482971,7.393104,6.225509,8.560699,0.5975831,0,2.119983,7.185951,6.098335,8.273568,9.834347,10,9.485295,-1,-1,-1,-1,-1,-1,-1,-1,-1,-1,-1,-1,-1,-1,-1,-1,-1,-1,-1,-1,-1,-1,-1,-1,-1,-1,-1,-1,-1,-1,-1,-1,-1,-1,-1,-1,-1,-1,-1,-1,-1,-1,-1,-1,-1,-1,-1,-1,-1,-1,0,0,0,0,0,0,-1,-1,-1,-1,-1,-1,-1,-1,-1,-1,-1,-1,0,0,0,0,0,0,-1,-1,-1,-1,-1,-1,-1,-1,-1,-1,-1,-1,-1,-1,False,False,0,0,False,207,0,0,0,0,0,0,0,0,0,0,0,0,0,0,0,1,
0,1145,2026-02-23 12:18:15Z,LLM_Empathetic,6.921417,7.220708,6.622126,0.6292742,0,1.611842,0,0,0,0,0,0,5.487234,4.347453,6.627026,0.592854,0.702737,0.482971,7.39311,6.225506,8.560715,0.5975712,0,2.119972,7.185971,6.098346,8.273597,9.834386,10,9.485344,6.921417,7.220708,6.622126,0.6292742,0,1.611842,0,0,0,0,0,0,5.487234,4.347453,6.627026,0.592854,0.702737,0.482971,7.39311,6.225506,8.560715,0.5975712,0,2.119972,7.185971,6.098346,8.273597,9.834386,10,9.485344,-1,-1,-1,-1,-1,-1,-1,-1,-1,-1,-1,-1,-1,-1,-1,-1,-1,-1,-1,-1,-1,-1,-1,-1,-1,-1,-1,-1,-1,-1,-1,-1,-1,-1,-1,-1,-1,-1,-1,-1,-1,-1,-1,-1,-1,-1,-1,-1,-1,-1,0,0,0,0,0,0,-1,-1,-1,-1,-1,-1,-1,-1,-1,-1,-1,-1,0,0,0,0,0,0,-1,-1,-1,-1,-1,-1,-1,-1,-1,-1,-1,-1,-1,-1,False,False,0,0,False,209,0,0,0,0,0,0,0,0,0,0,0,0,0,0,0,1,
0,1146,2026-02-23 12:18:15Z,LLM_Empathetic,6.921428,7.22071,6.622146,0.6292557,0,1.611831,0,0,0,0,0,0,5.487248,4.347458,6.627049,0.592854,0.702737,0.482971,7.393116,6.225502,8.560731,0.5975593,0,2.11996,7.18599,6.098357,8.273625,9.834425,10,9.485393,6.921428,7.22071,6.622146,0.6292557,0,1.611831,0,0,0,0,0,0,5.487248,4.347458,6.627049,0.592854,0.702737,0.482971,7.393116,6.225502,8.560731,0.5975593,0,2.11996,7.18599,6.098357,8.273625,9.834425,10,9.485393,-1,-1,-1,-1,-1,-1,-1,-1,-1,-1,-1,-1,-1,-1,-1,-1,-1,-1,-1,-1,-1,-1,-1,-1,-1,-1,-1,-1,-1,-1,-1,-1,-1,-1,-1,-1,-1,-1,-1,-1,-1,-1,-1,-1,-1,-1,-1,-1,-1,-1,0,0,0,0,0,0,-1,-1,-1,-1,-1,-1,-1,-1,-1,-1,-1,-1,0,0,0,0,0,0,-1,-1,-1,-1,-1,-1,-1,-1,-1,-1,-1,-1,-1,-1,False,False,0,0,False,207,0,0,0,0,0,0,0,0,0,0,0,0,0,0,0,1,
0,1147,2026-02-23 12:18:15Z,LLM_Empathetic,6.921439,7.220712,6.622166,0.6292372,0,1.611821,0,0,0,0,0,0,5.487262,4.347462,6.627072,0.592854,0.702737,0.482971,7.393123,6.225499,8.560746,0.5975475,0,2.119948,7.18601,6.098367,8.273653,9.834464,10,9.485441,6.921439,7.220712,6.622166,0.6292372,0,1.611821,0,0,0,0,0,0,5.487262,4.347462,6.627072,0.592854,0.702737,0.482971,7.393123,6.225499,8.560746,0.5975475,0,2.119948,7.18601,6.098367,8.273653,9.834464,10,9.485441,-1,-1,-1,-1,-1,-1,-1,-1,-1,-1,-1,-1,-1,-1,-1,-1,-1,-1,-1,-1,-1,-1,-1,-1,-1,-1,-1,-1,-1,-1,-1,-1,-1,-1,-1,-1,-1,-1,-1,-1,-1,-1,-1,-1,-1,-1,-1,-1,-1,-1,0,0,0,0,0,0,-1,-1,-1,-1,-1,-1,-1,-1,-1,-1,-1,-1,0,0,0,0,0,0,-1,-1,-1,-1,-1,-1,-1,-1,-1,-1,-1,-1,-1,-1,False,False,0,0,False,207,0,0,0,0,0,0,0,0,0,0,0,0,0,0,0,1,
0,1148,2026-02-23 12:18:15Z,LLM_Empathetic,6.92145,7.220714,6.622186,0.6292186,0,1.611811,0,0,0,0,0,0,5.487276,4.347467,6.627096,0.592854,0.702737,0.482971,7.393129,6.225496,8.560762,0.5975356,0,2.119936,7.186029,6.098378,8.273682,9.834502,10,9.48549,6.92145,7.220714,6.622186,0.6292186,0,1.611811,0,0,0,0,0,0,5.487276,4.347467,6.627096,0.592854,0.702737,0.482971,7.393129,6.225496,8.560762,0.5975356,0,2.119936,7.186029,6.098378,8.273682,9.834502,10,9.48549,-1,-1,-1,-1,-1,-1,-1,-1,-1,-1,-1,-1,-1,-1,-1,-1,-1,-1,-1,-1,-1,-1,-1,-1,-1,-1,-1,-1,-1,-1,-1,-1,-1,-1,-1,-1,-1,-1,-1,-1,-1,-1,-1,-1,-1,-1,-1,-1,-1,-1,0,0,0,0,0,0,-1,-1,-1,-1,-1,-1,-1,-1,-1,-1,-1,-1,0,0,0,0,0,0,-1,-1,-1,-1,-1,-1,-1,-1,-1,-1,-1,-1,-1,-1,False,False,0,0,False,209,0,0,0,0,0,0,0,0,0,0,0,0,0,0,0,1,
0,1149,2026-02-23 12:18:15Z,LLM_Empathetic,6.921461,7.220716,6.622206,0.6292002,0,1.611801,0,0,0,0,0,0,5.48729,4.347472,6.627119,0.592854,0.702737,0.482971,7.393136,6.225492,8.560779,0.5975238,0,2.119924,7.186049,6.098388,8.27371,9.834541,10,9.485539,6.921461,7.220716,6.622206,0.6292002,0,1.611801,0,0,0,0,0,0,5.48729,4.347472,6.627119,0.592854,0.702737,0.482971,7.393136,6.225492,8.560779,0.5975238,0,2.119924,7.186049,6.098388,8.27371,9.834541,10,9.485539,-1,-1,-1,-1,-1,-1,-1,-1,-1,-1,-1,-1,-1,-1,-1,-1,-1,-1,-1,-1,-1,-1,-1,-1,-1,-1,-1,-1,-1,-1,-1,-1,-1,-1,-1,-1,-1,-1,-1,-1,-1,-1,-1,-1,-1,-1,-1,-1,-1,-1,0,0,0,0,0,0,-1,-1,-1,-1,-1,-1,-1,-1,-1,-1,-1,-1,0,0,0,0,0,0,-1,-1,-1,-1,-1,-1,-1,-1,-1,-1,-1,-1,-1,-1,False,False,0,0,False,209,0,0,0,0,0,0,0,0,0,0,0,0,0,0,0,1,
0,1150,2026-02-23 12:18:15Z,LLM_Empathetic,6.921472,7.220718,6.622225,0.6291817,0,1.611791,0,0,0,0,0,0,5.487304,4.347476,6.627142,0.592854,0.702737,0.482971,7.393142,6.225489,8.560795,0.597512,0,2.119912,7.186068,6.098399,8.273738,9.834579,10,9.485587,6.921472,7.220718,6.622225,0.6291817,0,1.611791,0,0,0,0,0,0,5.487304,4.347476,6.627142,0.592854,0.702737,0.482971,7.393142,6.225489,8.560795,0.597512,0,2.119912,7.186068,6.098399,8.273738,9.834579,10,9.485587,-1,-1,-1,-1,-1,-1,-1,-1,-1,-1,-1,-1,-1,-1,-1,-1,-1,-1,-1,-1,-1,-1,-1,-1,-1,-1,-1,-1,-1,-1,-1,-1,-1,-1,-1,-1,-1,-1,-1,-1,-1,-1,-1,-1,-1,-1,-1,-1,-1,-1,0,0,0,0,0,0,-1,-1,-1,-1,-1,-1,-1,-1,-1,-1,-1,-1,0,0,0,0,0,0,-1,-1,-1,-1,-1,-1,-1,-1,-1,-1,-1,-1,-1,-1,False,False,0,0,False,207,0,0,0,0,0,0,0,0,0,0,0,0,0,0,0,1,
0,1151,2026-02-23 12:18:15Z,LLM_Empathetic,6.921483,7.22072,6.622245,0.6291633,0,1.61178,0,0,0,0,0,0,5.487318,4.347481,6.627166,0.592854,0.702737,0.482971,7.393148,6.225486,8.560811,0.5975002,0,2.1199,7.186088,6.098409,8.273767,9.834619,10,9.485636,6.921483,7.22072,6.622245,0.6291633,0,1.61178,0,0,0,0,0,0,5.487318,4.347481,6.627166,0.592854,0.702737,0.482971,7.393148,6.225486,8.560811,0.5975002,0,2.1199,7.186088,6.098409,8.273767,9.834619,10,9.485636,-1,-1,-1,-1,-1,-1,-1,-1,-1,-1,-1,-1,-1,-1,-1,-1,-1,-1,-1,-1,-1,-1,-1,-1,-1,-1,-1,-1,-1,-1,-1,-1,-1,-1,-1,-1,-1,-1,-1,-1,-1,-1,-1,-1,-1,-1,-1,-1,-1,-1,0,0,0,0,0,0,-1,-1,-1,-1,-1,-1,-1,-1,-1,-1,-1,-1,0,0,0,0,0,0,-1,-1,-1,-1,-1,-1,-1,-1,-1,-1,-1,-1,-1,-1,False,False,0,0,False,209,0,0,0,0,0,0,0,0,0,0,0,0,0,0,0,1,
0,1152,2026-02-23 12:18:15Z,LLM_Empathetic,6.921493,7.220722,6.622265,0.6291449,0,1.61177,0,0,0,0,0,0,5.487332,4.347486,6.627189,0.592854,0.702737,0.482971,7.393155,6.225483,8.560826,0.5974884,0,2.119889,7.186107,6.09842,8.273795,9.834657,10,9.485684,6.921493,7.220722,6.622265,0.6291449,0,1.61177,0,0,0,0,0,0,5.487332,4.347486,6.627189,0.592854,0.702737,0.482971,7.393155,6.225483,8.560826,0.5974884,0,2.119889,7.186107,6.09842,8.273795,9.834657,10,9.485684,-1,-1,-1,-1,-1,-1,-1,-1,-1,-1,-1,-1,-1,-1,-1,-1,-1,-1,-1,-1,-1,-1,-1,-1,-1,-1,-1,-1,-1,-1,-1,-1,-1,-1,-1,-1,-1,-1,-1,-1,-1,-1,-1,-1,-1,-1,-1,-1,-1,-1,0,0,0,0,0,0,-1,-1,-1,-1,-1,-1,-1,-1,-1,-1,-1,-1,0,0,0,0,0,0,-1,-1,-1,-1,-1,-1,-1,-1,-1,-1,-1,-1,-1,-1,False,False,0,0,False,209,0,0,0,0,0,0,0,0,0,0,0,0,0,0,0,1,
0,1153,2026-02-23 12:18:15Z,LLM_Empathetic,6.921504,7.220724,6.622284,0.6291265,0,1.61176,0,0,0,0,0,0,5.487346,4.34749,6.627212,0.592854,0.702737,0.482971,7.393161,6.22548,8.560843,0.5974767,0,2.119877,7.186126,6.09843,8.273823,9.834696,10,9.485733,6.921504,7.220724,6.622284,0.6291265,0,1.61176,0,0,0,0,0,0,5.487346,4.34749,6.627212,0.592854,0.702737,0.482971,7.393161,6.22548,8.560843,0.5974767,0,2.119877,7.186126,6.09843,8.273823,9.834696,10,9.485733,-1,-1,-1,-1,-1,-1,-1,-1,-1,-1,-1,-1,-1,-1,-1,-1,-1,-1,-1,-1,-1,-1,-1,-1,-1,-1,-1,-1,-1,-1,-1,-1,-1,-1,-1,-1,-1,-1,-1,-1,-1,-1,-1,-1,-1,-1,-1,-1,-1,-1,0,0,0,0,0,0,-1,-1,-1,-1,-1,-1,-1,-1,-1,-1,-1,-1,0,0,0,0,0,0,-1,-1,-1,-1,-1,-1,-1,-1,-1,-1,-1,-1,-1,-1,False,False,0,0,False,207,0,0,0,0,0,0,0,0,0,0,0,0,0,0,0,1,
0,1154,2026-02-23 12:18:15Z,LLM_Empathetic,6.921515,7.220726,6.622304,0.6291082,0,1.61175,0,0,0,0,0,0,5.48736,4.347495,6.627235,0.592854,0.702737,0.482971,7.393167,6.225476,8.560859,0.5974649,0,2.119865,7.186145,6.098441,8.273851,9.834734,10,9.485782,6.921515,7.220726,6.622304,0.6291082,0,1.61175,0,0,0,0,0,0,5.48736,4.347495,6.627235,0.592854,0.702737,0.482971,7.393167,6.225476,8.560859,0.5974649,0,2.119865,7.186145,6.098441,8.273851,9.834734,10,9.485782,-1,-1,-1,-1,-1,-1,-1,-1,-1,-1,-1,-1,-1,-1,-1,-1,-1,-1,-1,-1,-1,-1,-1,-1,-1,-1,-1,-1,-1,-1,-1,-1,-1,-1,-1,-1,-1,-1,-1,-1,-1,-1,-1,-1,-1,-1,-1,-1,-1,-1,0,0,0,0,0,0,-1,-1,-1,-1,-1,-1,-1,-1,-1,-1,-1,-1,0,0,0,0,0,0,-1,-1,-1,-1,-1,-1,-1,-1,-1,-1,-1,-1,-1,-1,False,False,0,0,False,207,0,0,0,0,0,0,0,0,0,0,0,0,0,0,0,1,
0,1155,2026-02-23 12:18:16Z,LLM_Empathetic,6.921525,7.220727,6.622324,0.6290899,0,1.61174,0,0,0,0,0,0,5.487374,4.347499,6.627258,0.592854,0.702737,0.482971,7.393174,6.225473,8.560874,0.5974532,0,2.119853,7.186164,6.098451,8.273879,9.834773,10,9.485829,6.921525,7.220727,6.622324,0.6290899,0,1.61174,0,0,0,0,0,0,5.487374,4.347499,6.627258,0.592854,0.702737,0.482971,7.393174,6.225473,8.560874,0.5974532,0,2.119853,7.186164,6.098451,8.273879,9.834773,10,9.485829,-1,-1,-1,-1,-1,-1,-1,-1,-1,-1,-1,-1,-1,-1,-1,-1,-1,-1,-1,-1,-1,-1,-1,-1,-1,-1,-1,-1,-1,-1,-1,-1,-1,-1,-1,-1,-1,-1,-1,-1,-1,-1,-1,-1,-1,-1,-1,-1,-1,-1,0,0,0,0,0,0,-1,-1,-1,-1,-1,-1,-1,-1,-1,-1,-1,-1,0,0,0,0,0,0,-1,-1,-1,-1,-1,-1,-1,-1,-1,-1,-1,-1,-1,-1,False,False,0,0,False,209,0,0,0,0,0,0,0,0,0,0,0,0,0,0,0,1,
0,1156,2026-02-23 12:18:16Z,LLM_Empathetic,6.921536,7.220729,6.622343,0.6290716,0,1.61173,0,0,0,0,0,0,5.487388,4.347504,6.627282,0.592854,0.702737,0.482971,7.39318,6.22547,8.56089,0.5974415,0,2.119842,7.186184,6.098461,8.273907,9.834811,10,9.485878,6.921536,7.220729,6.622343,0.6290716,0,1.61173,0,0,0,0,0,0,5.487388,4.347504,6.627282,0.592854,0.702737,0.482971,7.39318,6.22547,8.56089,0.5974415,0,2.119842,7.186184,6.098461,8.273907,9.834811,10,9.485878,-1,-1,-1,-1,-1,-1,-1,-1,-1,-1,-1,-1,-1,-1,-1,-1,-1,-1,-1,-1,-1,-1,-1,-1,-1,-1,-1,-1,-1,-1,-1,-1,-1,-1,-1,-1,-1,-1,-1,-1,-1,-1,-1,-1,-1,-1,-1,-1,-1,-1,0,0,0,0,0,0,-1,-1,-1,-1,-1,-1,-1,-1,-1,-1,-1,-1,0,0,0,0,0,0,-1,-1,-1,-1,-1,-1,-1,-1,-1,-1,-1,-1,-1,-1,False,False,0,0,False,207,0,0,0,0,0,0,0,0,0,0,0,0,0,0,0,1,
0,1157,2026-02-23 12:18:16Z,LLM_Empathetic,6.921547,7.220731,6.622363,0.6290534,0,1.61172,0,0,0,0,0,0,5.487401,4.347508,6.627305,0.592854,0.702737,0.482971,7.393186,6.225467,8.560906,0.5974298,0,2.11983,7.186203,6.098472,8.273935,9.834849,10,9.485926,6.921547,7.220731,6.622363,0.6290534,0,1.61172,0,0,0,0,0,0,5.487401,4.347508,6.627305,0.592854,0.702737,0.482971,7.393186,6.225467,8.560906,0.5974298,0,2.11983,7.186203,6.098472,8.273935,9.834849,10,9.485926,-1,-1,-1,-1,-1,-1,-1,-1,-1,-1,-1,-1,-1,-1,-1,-1,-1,-1,-1,-1,-1,-1,-1,-1,-1,-1,-1,-1,-1,-1,-1,-1,-1,-1,-1,-1,-1,-1,-1,-1,-1,-1,-1,-1,-1,-1,-1,-1,-1,-1,0,0,0,0,0,0,-1,-1,-1,-1,-1,-1,-1,-1,-1,-1,-1,-1,0,0,0,0,0,0,-1,-1,-1,-1,-1,-1,-1,-1,-1,-1,-1,-1,-1,-1,False,False,0,0,False,207,0,0,0,0,0,0,0,0,0,0,0,0,0,0,0,1,
0,1158,2026-02-23 12:18:16Z,LLM_Empathetic,6.921558,7.220733,6.622382,0.6290351,0,1.61171,0,0,0,0,0,0,5.487415,4.347513,6.627327,0.592854,0.702737,0.482971,7.393192,6.225463,8.560922,0.5974181,0,2.119818,7.186222,6.098482,8.273963,9.834888,10,9.485973,6.921558,7.220733,6.622382,0.6290351,0,1.61171,0,0,0,0,0,0,5.487415,4.347513,6.627327,0.592854,0.702737,0.482971,7.393192,6.225463,8.560922,0.5974181,0,2.119818,7.186222,6.098482,8.273963,9.834888,10,9.485973,-1,-1,-1,-1,-1,-1,-1,-1,-1,-1,-1,-1,-1,-1,-1,-1,-1,-1,-1,-1,-1,-1,-1,-1,-1,-1,-1,-1,-1,-1,-1,-1,-1,-1,-1,-1,-1,-1,-1,-1,-1,-1,-1,-1,-1,-1,-1,-1,-1,-1,0,0,0,0,0,0,-1,-1,-1,-1,-1,-1,-1,-1,-1,-1,-1,-1,0,0,0,0,0,0,-1,-1,-1,-1,-1,-1,-1,-1,-1,-1,-1,-1,-1,-1,False,False,0,0,False,209,0,0,0,0,0,0,0,0,0,0,0,0,0,0,0,1,
0,1159,2026-02-23 12:18:16Z,LLM_Empathetic,6.921568,7.220735,6.622402,0.6290169,0,1.6117,0,0,0,0,0,0,5.487429,4.347517,6.627351,0.592854,0.702737,0.482971,7.393198,6.22546,8.560938,0.5974064,0,2.119807,7.186241,6.098493,8.273991,9.834926,10,9.486022,6.921568,7.220735,6.622402,0.6290169,0,1.6117,0,0,0,0,0,0,5.487429,4.347517,6.627351,0.592854,0.702737,0.482971,7.393198,6.22546,8.560938,0.5974064,0,2.119807,7.186241,6.098493,8.273991,9.834926,10,9.486022,-1,-1,-1,-1,-1,-1,-1,-1,-1,-1,-1,-1,-1,-1,-1,-1,-1,-1,-1,-1,-1,-1,-1,-1,-1,-1,-1,-1,-1,-1,-1,-1,-1,-1,-1,-1,-1,-1,-1,-1,-1,-1,-1,-1,-1,-1,-1,-1,-1,-1,0,0,0,0,0,0,-1,-1,-1,-1,-1,-1,-1,-1,-1,-1,-1,-1,0,0,0,0,0,0,-1,-1,-1,-1,-1,-1,-1,-1,-1,-1,-1,-1,-1,-1,False,False,0,0,False,209,0,0,0,0,0,0,0,0,0,0,0,0,0,0,0,1,
0,1160,2026-02-23 12:18:16Z,LLM_Empathetic,6.921579,7.220737,6.622421,0.6289987,0,1.61169,0,0,0,0,0,0,5.487442,4.347522,6.627374,0.592854,0.702737,0.482971,7.393205,6.225457,8.560953,0.5973948,0,2.119795,7.18626,6.098503,8.274019,9.834964,10,9.48607,6.921579,7.220737,6.622421,0.6289987,0,1.61169,0,0,0,0,0,0,5.487442,4.347522,6.627374,0.592854,0.702737,0.482971,7.393205,6.225457,8.560953,0.5973948,0,2.119795,7.18626,6.098503,8.274019,9.834964,10,9.48607,-1,-1,-1,-1,-1,-1,-1,-1,-1,-1,-1,-1,-1,-1,-1,-1,-1,-1,-1,-1,-1,-1,-1,-1,-1,-1,-1,-1,-1,-1,-1,-1,-1,-1,-1,-1,-1,-1,-1,-1,-1,-1,-1,-1,-1,-1,-1,-1,-1,-1,0,0,0,0,0,0,-1,-1,-1,-1,-1,-1,-1,-1,-1,-1,-1,-1,0,0,0,0,0,0,-1,-1,-1,-1,-1,-1,-1,-1,-1,-1,-1,-1,-1,-1,False,False,0,0,False,209,0,0,0,0,0,0,0,0,0,0,0,0,0,0,0,1,
0,1161,2026-02-23 12:18:16Z,LLM_Empathetic,6.92159,7.220739,6.622441,0.6289805,0,1.61168,0,0,0,0,0,0,5.487456,4.347527,6.627397,0.592854,0.702737,0.482971,7.393211,6.225454,8.560969,0.5973831,0,2.119784,7.186279,6.098513,8.274047,9.835002,10,9.486117,6.92159,7.220739,6.622441,0.6289805,0,1.61168,0,0,0,0,0,0,5.487456,4.347527,6.627397,0.592854,0.702737,0.482971,7.393211,6.225454,8.560969,0.5973831,0,2.119784,7.186279,6.098513,8.274047,9.835002,10,9.486117,-1,-1,-1,-1,-1,-1,-1,-1,-1,-1,-1,-1,-1,-1,-1,-1,-1,-1,-1,-1,-1,-1,-1,-1,-1,-1,-1,-1,-1,-1,-1,-1,-1,-1,-1,-1,-1,-1,-1,-1,-1,-1,-1,-1,-1,-1,-1,-1,-1,-1,0,0,0,0,0,0,-1,-1,-1,-1,-1,-1,-1,-1,-1,-1,-1,-1,0,0,0,0,0,0,-1,-1,-1,-1,-1,-1,-1,-1,-1,-1,-1,-1,-1,-1,False,False,0,0,False,207,0,0,0,0,0,0,0,0,0,0,0,0,0,0,0,1,
0,1162,2026-02-23 12:18:16Z,LLM_Empathetic,6.921601,7.220741,6.62246,0.6289624,0,1.61167,0,0,0,0,0,0,5.48747,4.347531,6.627419,0.592854,0.702737,0.482971,7.393218,6.225451,8.560985,0.5973715,0,2.119772,7.186298,6.098524,8.274075,9.83504,10,9.486165,6.921601,7.220741,6.62246,0.6289624,0,1.61167,0,0,0,0,0,0,5.48747,4.347531,6.627419,0.592854,0.702737,0.482971,7.393218,6.225451,8.560985,0.5973715,0,2.119772,7.186298,6.098524,8.274075,9.83504,10,9.486165,-1,-1,-1,-1,-1,-1,-1,-1,-1,-1,-1,-1,-1,-1,-1,-1,-1,-1,-1,-1,-1,-1,-1,-1,-1,-1,-1,-1,-1,-1,-1,-1,-1,-1,-1,-1,-1,-1,-1,-1,-1,-1,-1,-1,-1,-1,-1,-1,-1,-1,0,0,0,0,0,0,-1,-1,-1,-1,-1,-1,-1,-1,-1,-1,-1,-1,0,0,0,0,0,0,-1,-1,-1,-1,-1,-1,-1,-1,-1,-1,-1,-1,-1,-1,False,False,0,0,False,209,0,0,0,0,0,0,0,0,0,0,0,0,0,0,0,1,
0,1163,2026-02-23 12:18:16Z,LLM_Empathetic,6.921611,7.220743,6.622479,0.6289443,0,1.61166,0,0,0,0,0,0,5.487484,4.347536,6.627442,0.592854,0.702737,0.482971,7.393224,6.225447,8.561001,0.59736,0,2.11976,7.186317,6.098534,8.274102,9.835078,10,9.486213,6.921611,7.220743,6.622479,0.6289443,0,1.61166,0,0,0,0,0,0,5.487484,4.347536,6.627442,0.592854,0.702737,0.482971,7.393224,6.225447,8.561001,0.59736,0,2.11976,7.186317,6.098534,8.274102,9.835078,10,9.486213,-1,-1,-1,-1,-1,-1,-1,-1,-1,-1,-1,-1,-1,-1,-1,-1,-1,-1,-1,-1,-1,-1,-1,-1,-1,-1,-1,-1,-1,-1,-1,-1,-1,-1,-1,-1,-1,-1,-1,-1,-1,-1,-1,-1,-1,-1,-1,-1,-1,-1,0,0,0,0,0,0,-1,-1,-1,-1,-1,-1,-1,-1,-1,-1,-1,-1,0,0,0,0,0,0,-1,-1,-1,-1,-1,-1,-1,-1,-1,-1,-1,-1,-1,-1,False,False,0,0,False,207,0,0,0,0,0,0,0,0,0,0,0,0,0,0,0,1,
0,1164,2026-02-23 12:18:16Z,LLM_Empathetic,6.921622,7.220745,6.622499,0.6289262,0,1.61165,0,0,0,0,0,0,5.487497,4.34754,6.627465,0.592854,0.702737,0.482971,7.39323,6.225444,8.561016,0.5973483,0,2.119749,7.186337,6.098544,8.27413,9.835116,10,9.48626,6.921622,7.220745,6.622499,0.6289262,0,1.61165,0,0,0,0,0,0,5.487497,4.34754,6.627465,0.592854,0.702737,0.482971,7.39323,6.225444,8.561016,0.5973483,0,2.119749,7.186337,6.098544,8.27413,9.835116,10,9.48626,-1,-1,-1,-1,-1,-1,-1,-1,-1,-1,-1,-1,-1,-1,-1,-1,-1,-1,-1,-1,-1,-1,-1,-1,-1,-1,-1,-1,-1,-1,-1,-1,-1,-1,-1,-1,-1,-1,-1,-1,-1,-1,-1,-1,-1,-1,-1,-1,-1,-1,0,0,0,0,0,0,-1,-1,-1,-1,-1,-1,-1,-1,-1,-1,-1,-1,0,0,0,0,0,0,-1,-1,-1,-1,-1,-1,-1,-1,-1,-1,-1,-1,-1,-1,False,False,0,0,False,207,0,0,0,0,0,0,0,0,0,0,0,0,0,0,0,1,
0,1165,2026-02-23 12:18:16Z,LLM_Empathetic,6.921633,7.220747,6.622518,0.6289081,0,1.61164,0,0,0,0,0,0,5.487511,4.347545,6.627488,0.592854,0.702737,0.482971,7.393236,6.225441,8.561032,0.5973368,0,2.119737,7.186356,6.098554,8.274158,9.835155,10,9.486308,6.921633,7.220747,6.622518,0.6289081,0,1.61164,0,0,0,0,0,0,5.487511,4.347545,6.627488,0.592854,0.702737,0.482971,7.393236,6.225441,8.561032,0.5973368,0,2.119737,7.186356,6.098554,8.274158,9.835155,10,9.486308,-1,-1,-1,-1,-1,-1,-1,-1,-1,-1,-1,-1,-1,-1,-1,-1,-1,-1,-1,-1,-1,-1,-1,-1,-1,-1,-1,-1,-1,-1,-1,-1,-1,-1,-1,-1,-1,-1,-1,-1,-1,-1,-1,-1,-1,-1,-1,-1,-1,-1,0,0,0,0,0,0,-1,-1,-1,-1,-1,-1,-1,-1,-1,-1,-1,-1,0,0,0,0,0,0,-1,-1,-1,-1,-1,-1,-1,-1,-1,-1,-1,-1,-1,-1,False,False,0,0,False,207,0,0,0,0,0,0,0,0,0,0,0,0,0,0,0,1,
0,1166,2026-02-23 12:18:16Z,LLM_Empathetic,6.921643,7.220749,6.622538,0.6288901,0,1.61163,0,0,0,0,0,0,5.487525,4.347549,6.627511,0.592854,0.702737,0.482971,7.393242,6.225438,8.561048,0.5973252,0,2.119726,7.186375,6.098565,8.274185,9.835192,10,9.486356,6.921643,7.220749,6.622538,0.6288901,0,1.61163,0,0,0,0,0,0,5.487525,4.347549,6.627511,0.592854,0.702737,0.482971,7.393242,6.225438,8.561048,0.5973252,0,2.119726,7.186375,6.098565,8.274185,9.835192,10,9.486356,-1,-1,-1,-1,-1,-1,-1,-1,-1,-1,-1,-1,-1,-1,-1,-1,-1,-1,-1,-1,-1,-1,-1,-1,-1,-1,-1,-1,-1,-1,-1,-1,-1,-1,-1,-1,-1,-1,-1,-1,-1,-1,-1,-1,-1,-1,-1,-1,-1,-1,0,0,0,0,0,0,-1,-1,-1,-1,-1,-1,-1,-1,-1,-1,-1,-1,0,0,0,0,0,0,-1,-1,-1,-1,-1,-1,-1,-1,-1,-1,-1,-1,-1,-1,False,False,0,0,False,209,0,0,0,0,0,0,0,0,0,0,0,0,0,0,0,1,
0,1167,2026-02-23 12:18:16Z,LLM_Empathetic,6.921654,7.220751,6.622557,0.6288721,0,1.61162,0,0,0,0,0,0,5.487538,4.347554,6.627533,0.592854,0.702737,0.482971,7.393249,6.225434,8.561064,0.5973137,0,2.119714,7.186393,6.098575,8.274213,9.83523,10,9.486403,6.921654,7.220751,6.622557,0.6288721,0,1.61162,0,0,0,0,0,0,5.487538,4.347554,6.627533,0.592854,0.702737,0.482971,7.393249,6.225434,8.561064,0.5973137,0,2.119714,7.186393,6.098575,8.274213,9.83523,10,9.486403,-1,-1,-1,-1,-1,-1,-1,-1,-1,-1,-1,-1,-1,-1,-1,-1,-1,-1,-1,-1,-1,-1,-1,-1,-1,-1,-1,-1,-1,-1,-1,-1,-1,-1,-1,-1,-1,-1,-1,-1,-1,-1,-1,-1,-1,-1,-1,-1,-1,-1,0,0,0,0,0,0,-1,-1,-1,-1,-1,-1,-1,-1,-1,-1,-1,-1,0,0,0,0,0,0,-1,-1,-1,-1,-1,-1,-1,-1,-1,-1,-1,-1,-1,-1,False,False,0,0,False,207,0,0,0,0,0,0,0,0,0,0,0,0,0,0,0,1,
0,1168,2026-02-23 12:18:16Z,LLM_Empathetic,6.921664,7.220753,6.622576,0.6288541,0,1.61161,0,0,0,0,0,0,5.487552,4.347558,6.627556,0.592854,0.702737,0.482971,7.393255,6.225431,8.561079,0.5973022,0,2.119703,7.186412,6.098585,8.27424,9.835267,10,9.48645,6.921664,7.220753,6.622576,0.6288541,0,1.61161,0,0,0,0,0,0,5.487552,4.347558,6.627556,0.592854,0.702737,0.482971,7.393255,6.225431,8.561079,0.5973022,0,2.119703,7.186412,6.098585,8.27424,9.835267,10,9.48645,-1,-1,-1,-1,-1,-1,-1,-1,-1,-1,-1,-1,-1,-1,-1,-1,-1,-1,-1,-1,-1,-1,-1,-1,-1,-1,-1,-1,-1,-1,-1,-1,-1,-1,-1,-1,-1,-1,-1,-1,-1,-1,-1,-1,-1,-1,-1,-1,-1,-1,0,0,0,0,0,0,-1,-1,-1,-1,-1,-1,-1,-1,-1,-1,-1,-1,0,0,0,0,0,0,-1,-1,-1,-1,-1,-1,-1,-1,-1,-1,-1,-1,-1,-1,False,False,0,0,False,207,0,0,0,0,0,0,0,0,0,0,0,0,0,0,0,1,
0,1169,2026-02-23 12:18:16Z,LLM_Empathetic,6.921675,7.220755,6.622595,0.6288361,0,1.6116,0,0,0,0,0,0,5.487566,4.347563,6.627579,0.592854,0.702737,0.482971,7.393261,6.225428,8.561094,0.5972907,0,2.119691,7.186431,6.098595,8.274268,9.835305,10,9.486498,6.921675,7.220755,6.622595,0.6288361,0,1.6116,0,0,0,0,0,0,5.487566,4.347563,6.627579,0.592854,0.702737,0.482971,7.393261,6.225428,8.561094,0.5972907,0,2.119691,7.186431,6.098595,8.274268,9.835305,10,9.486498,-1,-1,-1,-1,-1,-1,-1,-1,-1,-1,-1,-1,-1,-1,-1,-1,-1,-1,-1,-1,-1,-1,-1,-1,-1,-1,-1,-1,-1,-1,-1,-1,-1,-1,-1,-1,-1,-1,-1,-1,-1,-1,-1,-1,-1,-1,-1,-1,-1,-1,0,0,0,0,0,0,-1,-1,-1,-1,-1,-1,-1,-1,-1,-1,-1,-1,0,0,0,0,0,0,-1,-1,-1,-1,-1,-1,-1,-1,-1,-1,-1,-1,-1,-1,False,False,0,0,False,207,0,0,0,0,0,0,0,0,0,0,0,0,0,0,0,1,
0,1170,2026-02-23 12:18:16Z,LLM_Empathetic,6.921686,7.220757,6.622614,0.6288182,0,1.61159,0,0,0,0,0,0,5.487579,4.347567,6.627602,0.592854,0.702737,0.482971,7.393267,6.225425,8.56111,0.5972792,0,2.119679,7.18645,6.098606,8.274296,9.835342,10,9.486546,6.921686,7.220757,6.622614,0.6288182,0,1.61159,0,0,0,0,0,0,5.487579,4.347567,6.627602,0.592854,0.702737,0.482971,7.393267,6.225425,8.56111,0.5972792,0,2.119679,7.18645,6.098606,8.274296,9.835342,10,9.486546,-1,-1,-1,-1,-1,-1,-1,-1,-1,-1,-1,-1,-1,-1,-1,-1,-1,-1,-1,-1,-1,-1,-1,-1,-1,-1,-1,-1,-1,-1,-1,-1,-1,-1,-1,-1,-1,-1,-1,-1,-1,-1,-1,-1,-1,-1,-1,-1,-1,-1,0,0,0,0,0,0,-1,-1,-1,-1,-1,-1,-1,-1,-1,-1,-1,-1,0,0,0,0,0,0,-1,-1,-1,-1,-1,-1,-1,-1,-1,-1,-1,-1,-1,-1,False,False,0,0,False,207,0,0,0,0,0,0,0,0,0,0,0,0,0,0,0,1,
0,1171,2026-02-23 12:18:16Z,LLM_Empathetic,6.921696,7.220758,6.622633,0.6288003,0,1.61158,0,0,0,0,0,0,5.487593,4.347572,6.627625,0.592854,0.702737,0.482971,7.393273,6.225421,8.561126,0.5972677,0,2.119668,7.186469,6.098616,8.274323,9.835381,10,9.486592,6.921696,7.220758,6.622633,0.6288003,0,1.61158,0,0,0,0,0,0,5.487593,4.347572,6.627625,0.592854,0.702737,0.482971,7.393273,6.225421,8.561126,0.5972677,0,2.119668,7.186469,6.098616,8.274323,9.835381,10,9.486592,-1,-1,-1,-1,-1,-1,-1,-1,-1,-1,-1,-1,-1,-1,-1,-1,-1,-1,-1,-1,-1,-1,-1,-1,-1,-1,-1,-1,-1,-1,-1,-1,-1,-1,-1,-1,-1,-1,-1,-1,-1,-1,-1,-1,-1,-1,-1,-1,-1,-1,0,0,0,0,0,0,-1,-1,-1,-1,-1,-1,-1,-1,-1,-1,-1,-1,0,0,0,0,0,0,-1,-1,-1,-1,-1,-1,-1,-1,-1,-1,-1,-1,-1,-1,False,False,0,0,False,207,0,0,0,0,0,0,0,0,0,0,0,0,0,0,0,1,
0,1172,2026-02-23 12:18:16Z,LLM_Empathetic,6.921707,7.22076,6.622653,0.6287824,0,1.61157,0,0,0,0,0,0,5.487607,4.347576,6.627647,0.592854,0.702737,0.482971,7.39328,6.225419,8.561141,0.5972562,0,2.119657,7.186488,6.098626,8.27435,9.835418,10,9.486639,6.921707,7.22076,6.622653,0.6287824,0,1.61157,0,0,0,0,0,0,5.487607,4.347576,6.627647,0.592854,0.702737,0.482971,7.39328,6.225419,8.561141,0.5972562,0,2.119657,7.186488,6.098626,8.27435,9.835418,10,9.486639,-1,-1,-1,-1,-1,-1,-1,-1,-1,-1,-1,-1,-1,-1,-1,-1,-1,-1,-1,-1,-1,-1,-1,-1,-1,-1,-1,-1,-1,-1,-1,-1,-1,-1,-1,-1,-1,-1,-1,-1,-1,-1,-1,-1,-1,-1,-1,-1,-1,-1,0,0,0,0,0,0,-1,-1,-1,-1,-1,-1,-1,-1,-1,-1,-1,-1,0,0,0,0,0,0,-1,-1,-1,-1,-1,-1,-1,-1,-1,-1,-1,-1,-1,-1,False,False,0,0,False,209,0,0,0,0,0,0,0,0,0,0,0,0,0,0,0,1,
0,1173,2026-02-23 12:18:16Z,LLM_Empathetic,6.921717,7.220762,6.622672,0.6287645,0,1.61156,0,0,0,0,0,0,5.48762,4.347581,6.627669,0.592854,0.702737,0.482971,7.393286,6.225415,8.561156,0.5972448,0,2.119645,7.186506,6.098636,8.274378,9.835456,10,9.486687,6.921717,7.220762,6.622672,0.6287645,0,1.61156,0,0,0,0,0,0,5.48762,4.347581,6.627669,0.592854,0.702737,0.482971,7.393286,6.225415,8.561156,0.5972448,0,2.119645,7.186506,6.098636,8.274378,9.835456,10,9.486687,-1,-1,-1,-1,-1,-1,-1,-1,-1,-1,-1,-1,-1,-1,-1,-1,-1,-1,-1,-1,-1,-1,-1,-1,-1,-1,-1,-1,-1,-1,-1,-1,-1,-1,-1,-1,-1,-1,-1,-1,-1,-1,-1,-1,-1,-1,-1,-1,-1,-1,0,0,0,0,0,0,-1,-1,-1,-1,-1,-1,-1,-1,-1,-1,-1,-1,0,0,0,0,0,0,-1,-1,-1,-1,-1,-1,-1,-1,-1,-1,-1,-1,-1,-1,False,False,0,0,False,207,0,0,0,0,0,0,0,0,0,0,0,0,0,0,0,1,
0,1174,2026-02-23 12:18:16Z,LLM_Empathetic,6.921728,7.220764,6.622691,0.6287467,0,1.611551,0,0,0,0,0,0,5.487633,4.347585,6.627692,0.592854,0.702737,0.482971,7.393292,6.225412,8.561172,0.5972334,0,2.119634,7.186525,6.098646,8.274405,9.835493,10,9.486733,6.921728,7.220764,6.622691,0.6287467,0,1.611551,0,0,0,0,0,0,5.487633,4.347585,6.627692,0.592854,0.702737,0.482971,7.393292,6.225412,8.561172,0.5972334,0,2.119634,7.186525,6.098646,8.274405,9.835493,10,9.486733,-1,-1,-1,-1,-1,-1,-1,-1,-1,-1,-1,-1,-1,-1,-1,-1,-1,-1,-1,-1,-1,-1,-1,-1,-1,-1,-1,-1,-1,-1,-1,-1,-1,-1,-1,-1,-1,-1,-1,-1,-1,-1,-1,-1,-1,-1,-1,-1,-1,-1,0,0,0,0,0,0,-1,-1,-1,-1,-1,-1,-1,-1,-1,-1,-1,-1,0,0,0,0,0,0,-1,-1,-1,-1,-1,-1,-1,-1,-1,-1,-1,-1,-1,-1,False,False,0,0,False,207,0,0,0,0,0,0,0,0,0,0,0,0,0,0,0,1,
0,1175,2026-02-23 12:18:16Z,LLM_Empathetic,6.921738,7.220766,6.62271,0.6287289,0,1.611541,0,0,0,0,0,0,5.487647,4.347589,6.627715,0.592854,0.702737,0.482971,7.393298,6.225409,8.561188,0.597222,0,2.119622,7.186544,6.098656,8.274432,9.83553,10,9.48678,6.921738,7.220766,6.62271,0.6287289,0,1.611541,0,0,0,0,0,0,5.487647,4.347589,6.627715,0.592854,0.702737,0.482971,7.393298,6.225409,8.561188,0.597222,0,2.119622,7.186544,6.098656,8.274432,9.83553,10,9.48678,-1,-1,-1,-1,-1,-1,-1,-1,-1,-1,-1,-1,-1,-1,-1,-1,-1,-1,-1,-1,-1,-1,-1,-1,-1,-1,-1,-1,-1,-1,-1,-1,-1,-1,-1,-1,-1,-1,-1,-1,-1,-1,-1,-1,-1,-1,-1,-1,-1,-1,0,0,0,0,0,0,-1,-1,-1,-1,-1,-1,-1,-1,-1,-1,-1,-1,0,0,0,0,0,0,-1,-1,-1,-1,-1,-1,-1,-1,-1,-1,-1,-1,-1,-1,False,False,0,0,False,209,0,0,0,0,0,0,0,0,0,0,0,0,0,0,0,1,
0,1176,2026-02-23 12:18:16Z,LLM_Empathetic,6.921749,7.220768,6.622729,0.628711,0,1.611531,0,0,0,0,0,0,5.48766,4.347594,6.627737,0.592854,0.702737,0.482971,7.393304,6.225406,8.561203,0.5972106,0,2.119611,7.186563,6.098666,8.27446,9.835567,10,9.486827,6.921749,7.220768,6.622729,0.628711,0,1.611531,0,0,0,0,0,0,5.48766,4.347594,6.627737,0.592854,0.702737,0.482971,7.393304,6.225406,8.561203,0.5972106,0,2.119611,7.186563,6.098666,8.27446,9.835567,10,9.486827,-1,-1,-1,-1,-1,-1,-1,-1,-1,-1,-1,-1,-1,-1,-1,-1,-1,-1,-1,-1,-1,-1,-1,-1,-1,-1,-1,-1,-1,-1,-1,-1,-1,-1,-1,-1,-1,-1,-1,-1,-1,-1,-1,-1,-1,-1,-1,-1,-1,-1,0,0,0,0,0,0,-1,-1,-1,-1,-1,-1,-1,-1,-1,-1,-1,-1,0,0,0,0,0,0,-1,-1,-1,-1,-1,-1,-1,-1,-1,-1,-1,-1,-1,-1,False,False,0,0,False,207,0,0,0,0,0,0,0,0,0,0,0,0,0,0,0,1,
0,1177,2026-02-23 12:18:16Z,LLM_Empathetic,6.921759,7.22077,6.622748,0.6286933,0,1.611521,0,0,0,0,0,0,5.487674,4.347599,6.627759,0.592854,0.702737,0.482971,7.393311,6.225403,8.561218,0.5971992,0,2.1196,7.186581,6.098677,8.274487,9.835605,10,9.486874,6.921759,7.22077,6.622748,0.6286933,0,1.611521,0,0,0,0,0,0,5.487674,4.347599,6.627759,0.592854,0.702737,0.482971,7.393311,6.225403,8.561218,0.5971992,0,2.1196,7.186581,6.098677,8.274487,9.835605,10,9.486874,-1,-1,-1,-1,-1,-1,-1,-1,-1,-1,-1,-1,-1,-1,-1,-1,-1,-1,-1,-1,-1,-1,-1,-1,-1,-1,-1,-1,-1,-1,-1,-1,-1,-1,-1,-1,-1,-1,-1,-1,-1,-1,-1,-1,-1,-1,-1,-1,-1,-1,0,0,0,0,0,0,-1,-1,-1,-1,-1,-1,-1,-1,-1,-1,-1,-1,0,0,0,0,0,0,-1,-1,-1,-1,-1,-1,-1,-1,-1,-1,-1,-1,-1,-1,False,False,0,0,False,209,0,0,0,0,0,0,0,0,0,0,0,0,0,0,0,1,
0,1178,2026-02-23 12:18:16Z,LLM_Empathetic,6.92177,7.220772,6.622767,0.6286756,0,1.611511,0,0,0,0,0,0,5.487687,4.347603,6.627782,0.592854,0.702737,0.482971,7.393316,6.225399,8.561234,0.5971878,0,2.119588,7.1866,6.098687,8.274514,9.835642,10,9.48692,6.92177,7.220772,6.622767,0.6286756,0,1.611511,0,0,0,0,0,0,5.487687,4.347603,6.627782,0.592854,0.702737,0.482971,7.393316,6.225399,8.561234,0.5971878,0,2.119588,7.1866,6.098687,8.274514,9.835642,10,9.48692,-1,-1,-1,-1,-1,-1,-1,-1,-1,-1,-1,-1,-1,-1,-1,-1,-1,-1,-1,-1,-1,-1,-1,-1,-1,-1,-1,-1,-1,-1,-1,-1,-1,-1,-1,-1,-1,-1,-1,-1,-1,-1,-1,-1,-1,-1,-1,-1,-1,-1,0,0,0,0,0,0,-1,-1,-1,-1,-1,-1,-1,-1,-1,-1,-1,-1,0,0,0,0,0,0,-1,-1,-1,-1,-1,-1,-1,-1,-1,-1,-1,-1,-1,-1,False,False,0,0,False,207,0,0,0,0,0,0,0,0,0,0,0,0,0,0,0,1,
0,1179,2026-02-23 12:18:16Z,LLM_Empathetic,6.92178,7.220774,6.622786,0.6286578,0,1.611502,0,0,0,0,0,0,5.4877,4.347608,6.627804,0.592854,0.702737,0.482971,7.393322,6.225396,8.56125,0.5971765,0,2.119577,7.186618,6.098697,8.274541,9.835679,10,9.486967,6.92178,7.220774,6.622786,0.6286578,0,1.611502,0,0,0,0,0,0,5.4877,4.347608,6.627804,0.592854,0.702737,0.482971,7.393322,6.225396,8.56125,0.5971765,0,2.119577,7.186618,6.098697,8.274541,9.835679,10,9.486967,-1,-1,-1,-1,-1,-1,-1,-1,-1,-1,-1,-1,-1,-1,-1,-1,-1,-1,-1,-1,-1,-1,-1,-1,-1,-1,-1,-1,-1,-1,-1,-1,-1,-1,-1,-1,-1,-1,-1,-1,-1,-1,-1,-1,-1,-1,-1,-1,-1,-1,0,0,0,0,0,0,-1,-1,-1,-1,-1,-1,-1,-1,-1,-1,-1,-1,0,0,0,0,0,0,-1,-1,-1,-1,-1,-1,-1,-1,-1,-1,-1,-1,-1,-1,False,False,0,0,False,209,0,0,0,0,0,0,0,0,0,0,0,0,0,0,0,1,
0,1180,2026-02-23 12:18:16Z,LLM_Empathetic,6.92179,7.220775,6.622805,0.6286402,0,1.611492,0,0,0,0,0,0,5.487714,4.347612,6.627827,0.592854,0.702737,0.482971,7.393329,6.225393,8.561265,0.5971652,0,2.119565,7.186637,6.098707,8.274569,9.835716,10,9.487014,6.92179,7.220775,6.622805,0.6286402,0,1.611492,0,0,0,0,0,0,5.487714,4.347612,6.627827,0.592854,0.702737,0.482971,7.393329,6.225393,8.561265,0.5971652,0,2.119565,7.186637,6.098707,8.274569,9.835716,10,9.487014,-1,-1,-1,-1,-1,-1,-1,-1,-1,-1,-1,-1,-1,-1,-1,-1,-1,-1,-1,-1,-1,-1,-1,-1,-1,-1,-1,-1,-1,-1,-1,-1,-1,-1,-1,-1,-1,-1,-1,-1,-1,-1,-1,-1,-1,-1,-1,-1,-1,-1,0,0,0,0,0,0,-1,-1,-1,-1,-1,-1,-1,-1,-1,-1,-1,-1,0,0,0,0,0,0,-1,-1,-1,-1,-1,-1,-1,-1,-1,-1,-1,-1,-1,-1,False,False,0,0,False,209,0,0,0,0,0,0,0,0,0,0,0,0,0,0,0,1,
0,1181,2026-02-23 12:18:16Z,LLM_Empathetic,6.921801,7.220777,6.622824,0.6286225,0,1.611482,0,0,0,0,0,0,5.487727,4.347616,6.627849,0.592854,0.702737,0.482971,7.393335,6.22539,8.56128,0.5971538,0,2.119554,7.186656,6.098717,8.274595,9.835753,10,9.487061,6.921801,7.220777,6.622824,0.6286225,0,1.611482,0,0,0,0,0,0,5.487727,4.347616,6.627849,0.592854,0.702737,0.482971,7.393335,6.22539,8.56128,0.5971538,0,2.119554,7.186656,6.098717,8.274595,9.835753,10,9.487061,-1,-1,-1,-1,-1,-1,-1,-1,-1,-1,-1,-1,-1,-1,-1,-1,-1,-1,-1,-1,-1,-1,-1,-1,-1,-1,-1,-1,-1,-1,-1,-1,-1,-1,-1,-1,-1,-1,-1,-1,-1,-1,-1,-1,-1,-1,-1,-1,-1,-1,0,0,0,0,0,0,-1,-1,-1,-1,-1,-1,-1,-1,-1,-1,-1,-1,0,0,0,0,0,0,-1,-1,-1,-1,-1,-1,-1,-1,-1,-1,-1,-1,-1,-1,False,False,0,0,False,209,0,0,0,0,0,0,0,0,0,0,0,0,0,0,0,1,
0,1182,2026-02-23 12:18:16Z,LLM_Empathetic,6.921811,7.220779,6.622843,0.6286048,0,1.611472,0,0,0,0,0,0,5.487741,4.34762,6.627871,0.592854,0.702737,0.482971,7.393341,6.225387,8.561296,0.5971426,0,2.119543,7.186674,6.098727,8.274622,9.835791,10,9.487107,6.921811,7.220779,6.622843,0.6286048,0,1.611472,0,0,0,0,0,0,5.487741,4.34762,6.627871,0.592854,0.702737,0.482971,7.393341,6.225387,8.561296,0.5971426,0,2.119543,7.186674,6.098727,8.274622,9.835791,10,9.487107,-1,-1,-1,-1,-1,-1,-1,-1,-1,-1,-1,-1,-1,-1,-1,-1,-1,-1,-1,-1,-1,-1,-1,-1,-1,-1,-1,-1,-1,-1,-1,-1,-1,-1,-1,-1,-1,-1,-1,-1,-1,-1,-1,-1,-1,-1,-1,-1,-1,-1,0,0,0,0,0,0,-1,-1,-1,-1,-1,-1,-1,-1,-1,-1,-1,-1,0,0,0,0,0,0,-1,-1,-1,-1,-1,-1,-1,-1,-1,-1,-1,-1,-1,-1,False,False,0,0,False,209,0,0,0,0,0,0,0,0,0,0,0,0,0,0,0,1,
0,1183,2026-02-23 12:18:16Z,LLM_Empathetic,6.921822,7.220781,6.622862,0.6285872,0,1.611463,0,0,0,0,0,0,5.487754,4.347625,6.627893,0.592854,0.702737,0.482971,7.393347,6.225384,8.561311,0.5971313,0,2.119532,7.186693,6.098737,8.27465,9.835828,10,9.487153,6.921822,7.220781,6.622862,0.6285872,0,1.611463,0,0,0,0,0,0,5.487754,4.347625,6.627893,0.592854,0.702737,0.482971,7.393347,6.225384,8.561311,0.5971313,0,2.119532,7.186693,6.098737,8.27465,9.835828,10,9.487153,-1,-1,-1,-1,-1,-1,-1,-1,-1,-1,-1,-1,-1,-1,-1,-1,-1,-1,-1,-1,-1,-1,-1,-1,-1,-1,-1,-1,-1,-1,-1,-1,-1,-1,-1,-1,-1,-1,-1,-1,-1,-1,-1,-1,-1,-1,-1,-1,-1,-1,0,0,0,0,0,0,-1,-1,-1,-1,-1,-1,-1,-1,-1,-1,-1,-1,0,0,0,0,0,0,-1,-1,-1,-1,-1,-1,-1,-1,-1,-1,-1,-1,-1,-1,False,False,0,0,False,209,0,0,0,0,0,0,0,0,0,0,0,0,0,0,0,1,
0,1184,2026-02-23 12:18:16Z,LLM_Empathetic,6.921832,7.220783,6.62288,0.6285696,0,1.611453,0,0,0,0,0,0,5.487767,4.34763,6.627916,0.592854,0.702737,0.482971,7.393353,6.225381,8.561326,0.59712,0,2.11952,7.186711,6.098747,8.274676,9.835864,10,9.4872,6.921832,7.220783,6.62288,0.6285696,0,1.611453,0,0,0,0,0,0,5.487767,4.34763,6.627916,0.592854,0.702737,0.482971,7.393353,6.225381,8.561326,0.59712,0,2.11952,7.186711,6.098747,8.274676,9.835864,10,9.4872,-1,-1,-1,-1,-1,-1,-1,-1,-1,-1,-1,-1,-1,-1,-1,-1,-1,-1,-1,-1,-1,-1,-1,-1,-1,-1,-1,-1,-1,-1,-1,-1,-1,-1,-1,-1,-1,-1,-1,-1,-1,-1,-1,-1,-1,-1,-1,-1,-1,-1,0,0,0,0,0,0,-1,-1,-1,-1,-1,-1,-1,-1,-1,-1,-1,-1,0,0,0,0,0,0,-1,-1,-1,-1,-1,-1,-1,-1,-1,-1,-1,-1,-1,-1,False,False,0,0,False,207,0,0,0,0,0,0,0,0,0,0,0,0,0,0,0,1,
0,1185,2026-02-23 12:18:16Z,LLM_Empathetic,6.921842,7.220785,6.622899,0.628552,0,1.611443,0,0,0,0,0,0,5.487781,4.347634,6.627938,0.592854,0.702737,0.482971,7.393359,6.225378,8.561341,0.5971087,0,2.119509,7.186729,6.098757,8.274703,9.835901,10,9.487247,6.921842,7.220785,6.622899,0.628552,0,1.611443,0,0,0,0,0,0,5.487781,4.347634,6.627938,0.592854,0.702737,0.482971,7.393359,6.225378,8.561341,0.5971087,0,2.119509,7.186729,6.098757,8.274703,9.835901,10,9.487247,-1,-1,-1,-1,-1,-1,-1,-1,-1,-1,-1,-1,-1,-1,-1,-1,-1,-1,-1,-1,-1,-1,-1,-1,-1,-1,-1,-1,-1,-1,-1,-1,-1,-1,-1,-1,-1,-1,-1,-1,-1,-1,-1,-1,-1,-1,-1,-1,-1,-1,0,0,0,0,0,0,-1,-1,-1,-1,-1,-1,-1,-1,-1,-1,-1,-1,0,0,0,0,0,0,-1,-1,-1,-1,-1,-1,-1,-1,-1,-1,-1,-1,-1,-1,False,False,0,0,False,209,0,0,0,0,0,0,0,0,0,0,0,0,0,0,0,1,
0,1186,2026-02-23 12:18:16Z,LLM_Empathetic,6.921853,7.220787,6.622918,0.6285345,0,1.611434,0,0,0,0,0,0,5.487794,4.347638,6.62796,0.592854,0.702737,0.482971,7.393365,6.225374,8.561357,0.5970975,0,2.119498,7.186748,6.098767,8.27473,9.835938,10,9.487292,6.921853,7.220787,6.622918,0.6285345,0,1.611434,0,0,0,0,0,0,5.487794,4.347638,6.62796,0.592854,0.702737,0.482971,7.393365,6.225374,8.561357,0.5970975,0,2.119498,7.186748,6.098767,8.27473,9.835938,10,9.487292,-1,-1,-1,-1,-1,-1,-1,-1,-1,-1,-1,-1,-1,-1,-1,-1,-1,-1,-1,-1,-1,-1,-1,-1,-1,-1,-1,-1,-1,-1,-1,-1,-1,-1,-1,-1,-1,-1,-1,-1,-1,-1,-1,-1,-1,-1,-1,-1,-1,-1,0,0,0,0,0,0,-1,-1,-1,-1,-1,-1,-1,-1,-1,-1,-1,-1,0,0,0,0,0,0,-1,-1,-1,-1,-1,-1,-1,-1,-1,-1,-1,-1,-1,-1,False,False,0,0,False,209,0,0,0,0,0,0,0,0,0,0,0,0,0,0,0,1,
0,1187,2026-02-23 12:18:17Z,LLM_Empathetic,6.921863,7.220788,6.622937,0.628517,0,1.611424,0,0,0,0,0,0,5.487807,4.347642,6.627982,0.592854,0.702737,0.482971,7.393371,6.225371,8.561372,0.5970863,0,2.119487,7.186767,6.098777,8.274757,9.835975,10,9.487338,6.921863,7.220788,6.622937,0.628517,0,1.611424,0,0,0,0,0,0,5.487807,4.347642,6.627982,0.592854,0.702737,0.482971,7.393371,6.225371,8.561372,0.5970863,0,2.119487,7.186767,6.098777,8.274757,9.835975,10,9.487338,-1,-1,-1,-1,-1,-1,-1,-1,-1,-1,-1,-1,-1,-1,-1,-1,-1,-1,-1,-1,-1,-1,-1,-1,-1,-1,-1,-1,-1,-1,-1,-1,-1,-1,-1,-1,-1,-1,-1,-1,-1,-1,-1,-1,-1,-1,-1,-1,-1,-1,0,0,0,0,0,0,-1,-1,-1,-1,-1,-1,-1,-1,-1,-1,-1,-1,0,0,0,0,0,0,-1,-1,-1,-1,-1,-1,-1,-1,-1,-1,-1,-1,-1,-1,False,False,0,0,False,209,0,0,0,0,0,0,0,0,0,0,0,0,0,0,0,1,
0,1188,2026-02-23 12:18:17Z,LLM_Empathetic,6.921873,7.22079,6.622956,0.6284994,0,1.611414,0,0,0,0,0,0,5.487821,4.347647,6.628004,0.592854,0.702737,0.482971,7.393377,6.225368,8.561387,0.5970751,0,2.119475,7.186785,6.098787,8.274784,9.836012,10,9.487385,6.921873,7.22079,6.622956,0.6284994,0,1.611414,0,0,0,0,0,0,5.487821,4.347647,6.628004,0.592854,0.702737,0.482971,7.393377,6.225368,8.561387,0.5970751,0,2.119475,7.186785,6.098787,8.274784,9.836012,10,9.487385,-1,-1,-1,-1,-1,-1,-1,-1,-1,-1,-1,-1,-1,-1,-1,-1,-1,-1,-1,-1,-1,-1,-1,-1,-1,-1,-1,-1,-1,-1,-1,-1,-1,-1,-1,-1,-1,-1,-1,-1,-1,-1,-1,-1,-1,-1,-1,-1,-1,-1,0,0,0,0,0,0,-1,-1,-1,-1,-1,-1,-1,-1,-1,-1,-1,-1,0,0,0,0,0,0,-1,-1,-1,-1,-1,-1,-1,-1,-1,-1,-1,-1,-1,-1,False,False,0,0,False,207,0,0,0,0,0,0,0,0,0,0,0,0,0,0,0,1,
0,1189,2026-02-23 12:18:17Z,LLM_Empathetic,6.921883,7.220792,6.622974,0.628482,0,1.611405,0,0,0,0,0,0,5.487833,4.347651,6.628026,0.592854,0.702737,0.482971,7.393384,6.225365,8.561402,0.5970639,0,2.119464,7.186803,6.098797,8.274811,9.836048,10,9.487431,6.921883,7.220792,6.622974,0.628482,0,1.611405,0,0,0,0,0,0,5.487833,4.347651,6.628026,0.592854,0.702737,0.482971,7.393384,6.225365,8.561402,0.5970639,0,2.119464,7.186803,6.098797,8.274811,9.836048,10,9.487431,-1,-1,-1,-1,-1,-1,-1,-1,-1,-1,-1,-1,-1,-1,-1,-1,-1,-1,-1,-1,-1,-1,-1,-1,-1,-1,-1,-1,-1,-1,-1,-1,-1,-1,-1,-1,-1,-1,-1,-1,-1,-1,-1,-1,-1,-1,-1,-1,-1,-1,0,0,0,0,0,0,-1,-1,-1,-1,-1,-1,-1,-1,-1,-1,-1,-1,0,0,0,0,0,0,-1,-1,-1,-1,-1,-1,-1,-1,-1,-1,-1,-1,-1,-1,False,False,0,0,False,209,0,0,0,0,0,0,0,0,0,0,0,0,0,0,0,1,
0,1190,2026-02-23 12:18:17Z,LLM_Empathetic,6.921894,7.220794,6.622993,0.6284645,0,1.611395,0,0,0,0,0,0,5.487847,4.347656,6.628048,0.592854,0.702737,0.482971,7.393389,6.225362,8.561417,0.5970527,0,2.119453,7.186821,6.098806,8.274837,9.836085,10,9.487476,6.921894,7.220794,6.622993,0.6284645,0,1.611395,0,0,0,0,0,0,5.487847,4.347656,6.628048,0.592854,0.702737,0.482971,7.393389,6.225362,8.561417,0.5970527,0,2.119453,7.186821,6.098806,8.274837,9.836085,10,9.487476,-1,-1,-1,-1,-1,-1,-1,-1,-1,-1,-1,-1,-1,-1,-1,-1,-1,-1,-1,-1,-1,-1,-1,-1,-1,-1,-1,-1,-1,-1,-1,-1,-1,-1,-1,-1,-1,-1,-1,-1,-1,-1,-1,-1,-1,-1,-1,-1,-1,-1,0,0,0,0,0,0,-1,-1,-1,-1,-1,-1,-1,-1,-1,-1,-1,-1,0,0,0,0,0,0,-1,-1,-1,-1,-1,-1,-1,-1,-1,-1,-1,-1,-1,-1,False,False,0,0,False,207,0,0,0,0,0,0,0,0,0,0,0,0,0,0,0,1,
0,1191,2026-02-23 12:18:17Z,LLM_Empathetic,6.921904,7.220796,6.623012,0.6284471,0,1.611385,0,0,0,0,0,0,5.48786,4.34766,6.62807,0.592854,0.702737,0.482971,7.393395,6.225359,8.561432,0.5970415,0,2.119442,7.18684,6.098816,8.274864,9.836122,10,9.487522,6.921904,7.220796,6.623012,0.6284471,0,1.611385,0,0,0,0,0,0,5.48786,4.34766,6.62807,0.592854,0.702737,0.482971,7.393395,6.225359,8.561432,0.5970415,0,2.119442,7.18684,6.098816,8.274864,9.836122,10,9.487522,-1,-1,-1,-1,-1,-1,-1,-1,-1,-1,-1,-1,-1,-1,-1,-1,-1,-1,-1,-1,-1,-1,-1,-1,-1,-1,-1,-1,-1,-1,-1,-1,-1,-1,-1,-1,-1,-1,-1,-1,-1,-1,-1,-1,-1,-1,-1,-1,-1,-1,0,0,0,0,0,0,-1,-1,-1,-1,-1,-1,-1,-1,-1,-1,-1,-1,0,0,0,0,0,0,-1,-1,-1,-1,-1,-1,-1,-1,-1,-1,-1,-1,-1,-1,False,False,0,0,False,207,0,0,0,0,0,0,0,0,0,0,0,0,0,0,0,1,
0,1192,2026-02-23 12:18:17Z,LLM_Empathetic,6.921914,7.220798,6.62303,0.6284297,0,1.611376,0,0,0,0,0,0,5.487873,4.347664,6.628092,0.592854,0.702737,0.482971,7.393401,6.225356,8.561447,0.5970304,0,2.119431,7.186858,6.098826,8.274891,9.836158,10,9.487568,6.921914,7.220798,6.62303,0.6284297,0,1.611376,0,0,0,0,0,0,5.487873,4.347664,6.628092,0.592854,0.702737,0.482971,7.393401,6.225356,8.561447,0.5970304,0,2.119431,7.186858,6.098826,8.274891,9.836158,10,9.487568,-1,-1,-1,-1,-1,-1,-1,-1,-1,-1,-1,-1,-1,-1,-1,-1,-1,-1,-1,-1,-1,-1,-1,-1,-1,-1,-1,-1,-1,-1,-1,-1,-1,-1,-1,-1,-1,-1,-1,-1,-1,-1,-1,-1,-1,-1,-1,-1,-1,-1,0,0,0,0,0,0,-1,-1,-1,-1,-1,-1,-1,-1,-1,-1,-1,-1,0,0,0,0,0,0,-1,-1,-1,-1,-1,-1,-1,-1,-1,-1,-1,-1,-1,-1,False,False,0,0,False,209,0,0,0,0,0,0,0,0,0,0,0,0,0,0,0,1,
0,1193,2026-02-23 12:18:17Z,LLM_Empathetic,6.921924,7.220799,6.623049,0.6284123,0,1.611366,0,0,0,0,0,0,5.487886,4.347669,6.628114,0.592854,0.702737,0.482971,7.393407,6.225353,8.561462,0.5970193,0,2.11942,7.186876,6.098836,8.274918,9.836195,10,9.487614,6.921924,7.220799,6.623049,0.6284123,0,1.611366,0,0,0,0,0,0,5.487886,4.347669,6.628114,0.592854,0.702737,0.482971,7.393407,6.225353,8.561462,0.5970193,0,2.11942,7.186876,6.098836,8.274918,9.836195,10,9.487614,-1,-1,-1,-1,-1,-1,-1,-1,-1,-1,-1,-1,-1,-1,-1,-1,-1,-1,-1,-1,-1,-1,-1,-1,-1,-1,-1,-1,-1,-1,-1,-1,-1,-1,-1,-1,-1,-1,-1,-1,-1,-1,-1,-1,-1,-1,-1,-1,-1,-1,0,0,0,0,0,0,-1,-1,-1,-1,-1,-1,-1,-1,-1,-1,-1,-1,0,0,0,0,0,0,-1,-1,-1,-1,-1,-1,-1,-1,-1,-1,-1,-1,-1,-1,False,False,0,0,False,209,0,0,0,0,0,0,0,0,0,0,0,0,0,0,0,1,
0,1194,2026-02-23 12:18:17Z,LLM_Empathetic,6.921935,7.220801,6.623067,0.628395,0,1.611357,0,0,0,0,0,0,5.4879,4.347673,6.628136,0.592854,0.702737,0.482971,7.393414,6.22535,8.561478,0.5970082,0,2.119409,7.186894,6.098846,8.274944,9.836231,10,9.487659,6.921935,7.220801,6.623067,0.628395,0,1.611357,0,0,0,0,0,0,5.4879,4.347673,6.628136,0.592854,0.702737,0.482971,7.393414,6.22535,8.561478,0.5970082,0,2.119409,7.186894,6.098846,8.274944,9.836231,10,9.487659,-1,-1,-1,-1,-1,-1,-1,-1,-1,-1,-1,-1,-1,-1,-1,-1,-1,-1,-1,-1,-1,-1,-1,-1,-1,-1,-1,-1,-1,-1,-1,-1,-1,-1,-1,-1,-1,-1,-1,-1,-1,-1,-1,-1,-1,-1,-1,-1,-1,-1,0,0,0,0,0,0,-1,-1,-1,-1,-1,-1,-1,-1,-1,-1,-1,-1,0,0,0,0,0,0,-1,-1,-1,-1,-1,-1,-1,-1,-1,-1,-1,-1,-1,-1,False,False,0,0,False,207,0,0,0,0,0,0,0,0,0,0,0,0,0,0,0,1,
0,1195,2026-02-23 12:18:17Z,LLM_Empathetic,6.921945,7.220803,6.623086,0.6283776,0,1.611347,0,0,0,0,0,0,5.487913,4.347678,6.628158,0.592854,0.702737,0.482971,7.393419,6.225347,8.561493,0.596997,0,2.119397,7.186913,6.098856,8.274971,9.836267,10,9.487705,6.921945,7.220803,6.623086,0.6283776,0,1.611347,0,0,0,0,0,0,5.487913,4.347678,6.628158,0.592854,0.702737,0.482971,7.393419,6.225347,8.561493,0.596997,0,2.119397,7.186913,6.098856,8.274971,9.836267,10,9.487705,-1,-1,-1,-1,-1,-1,-1,-1,-1,-1,-1,-1,-1,-1,-1,-1,-1,-1,-1,-1,-1,-1,-1,-1,-1,-1,-1,-1,-1,-1,-1,-1,-1,-1,-1,-1,-1,-1,-1,-1,-1,-1,-1,-1,-1,-1,-1,-1,-1,-1,0,0,0,0,0,0,-1,-1,-1,-1,-1,-1,-1,-1,-1,-1,-1,-1,0,0,0,0,0,0,-1,-1,-1,-1,-1,-1,-1,-1,-1,-1,-1,-1,-1,-1,False,False,0,0,False,209,0,0,0,0,0,0,0,0,0,0,0,0,0,0,0,1,
0,1196,2026-02-23 12:18:17Z,LLM_Empathetic,6.921955,7.220805,6.623105,0.6283603,0,1.611338,0,0,0,0,0,0,5.487926,4.347682,6.62818,0.592854,0.702737,0.482971,7.393425,6.225344,8.561507,0.5969859,0,2.119386,7.186931,6.098866,8.274997,9.836304,10,9.487751,6.921955,7.220805,6.623105,0.6283603,0,1.611338,0,0,0,0,0,0,5.487926,4.347682,6.62818,0.592854,0.702737,0.482971,7.393425,6.225344,8.561507,0.5969859,0,2.119386,7.186931,6.098866,8.274997,9.836304,10,9.487751,-1,-1,-1,-1,-1,-1,-1,-1,-1,-1,-1,-1,-1,-1,-1,-1,-1,-1,-1,-1,-1,-1,-1,-1,-1,-1,-1,-1,-1,-1,-1,-1,-1,-1,-1,-1,-1,-1,-1,-1,-1,-1,-1,-1,-1,-1,-1,-1,-1,-1,0,0,0,0,0,0,-1,-1,-1,-1,-1,-1,-1,-1,-1,-1,-1,-1,0,0,0,0,0,0,-1,-1,-1,-1,-1,-1,-1,-1,-1,-1,-1,-1,-1,-1,False,False,0,0,False,207,0,0,0,0,0,0,0,0,0,0,0,0,0,0,0,1,
0,1197,2026-02-23 12:18:17Z,LLM_Empathetic,6.921965,7.220807,6.623123,0.628343,0,1.611328,0,0,0,0,0,0,5.487939,4.347686,6.628202,0.592854,0.702737,0.482971,7.393431,6.22534,8.561522,0.5969749,0,2.119375,7.186949,6.098876,8.275023,9.83634,10,9.487797,6.921965,7.220807,6.623123,0.628343,0,1.611328,0,0,0,0,0,0,5.487939,4.347686,6.628202,0.592854,0.702737,0.482971,7.393431,6.22534,8.561522,0.5969749,0,2.119375,7.186949,6.098876,8.275023,9.83634,10,9.487797,-1,-1,-1,-1,-1,-1,-1,-1,-1,-1,-1,-1,-1,-1,-1,-1,-1,-1,-1,-1,-1,-1,-1,-1,-1,-1,-1,-1,-1,-1,-1,-1,-1,-1,-1,-1,-1,-1,-1,-1,-1,-1,-1,-1,-1,-1,-1,-1,-1,-1,0,0,0,0,0,0,-1,-1,-1,-1,-1,-1,-1,-1,-1,-1,-1,-1,0,0,0,0,0,0,-1,-1,-1,-1,-1,-1,-1,-1,-1,-1,-1,-1,-1,-1,False,False,0,0,False,207,0,0,0,0,0,0,0,0,0,0,0,0,0,0,0,1,
0,1198,2026-02-23 12:18:17Z,LLM_Empathetic,6.921975,7.220809,6.623141,0.6283258,0,1.611318,0,0,0,0,0,0,5.487952,4.347691,6.628224,0.592854,0.702737,0.482971,7.393437,6.225338,8.561538,0.5969638,0,2.119364,7.186967,6.098886,8.27505,9.836376,10,9.487843,6.921975,7.220809,6.623141,0.6283258,0,1.611318,0,0,0,0,0,0,5.487952,4.347691,6.628224,0.592854,0.702737,0.482971,7.393437,6.225338,8.561538,0.5969638,0,2.119364,7.186967,6.098886,8.27505,9.836376,10,9.487843,-1,-1,-1,-1,-1,-1,-1,-1,-1,-1,-1,-1,-1,-1,-1,-1,-1,-1,-1,-1,-1,-1,-1,-1,-1,-1,-1,-1,-1,-1,-1,-1,-1,-1,-1,-1,-1,-1,-1,-1,-1,-1,-1,-1,-1,-1,-1,-1,-1,-1,0,0,0,0,0,0,-1,-1,-1,-1,-1,-1,-1,-1,-1,-1,-1,-1,0,0,0,0,0,0,-1,-1,-1,-1,-1,-1,-1,-1,-1,-1,-1,-1,-1,-1,False,False,0,0,False,207,0,0,0,0,0,0,0,0,0,0,0,0,0,0,0,1,
0,1199,2026-02-23 12:18:17Z,LLM_Empathetic,6.921986,7.220811,6.62316,0.6283085,0,1.611309,0,0,0,0,0,0,5.487965,4.347695,6.628245,0.592854,0.702737,0.482971,7.393443,6.225334,8.561552,0.5969528,0,2.119353,7.186985,6.098896,8.275077,9.836412,10,9.487887,6.921986,7.220811,6.62316,0.6283085,0,1.611309,0,0,0,0,0,0,5.487965,4.347695,6.628245,0.592854,0.702737,0.482971,7.393443,6.225334,8.561552,0.5969528,0,2.119353,7.186985,6.098896,8.275077,9.836412,10,9.487887,-1,-1,-1,-1,-1,-1,-1,-1,-1,-1,-1,-1,-1,-1,-1,-1,-1,-1,-1,-1,-1,-1,-1,-1,-1,-1,-1,-1,-1,-1,-1,-1,-1,-1,-1,-1,-1,-1,-1,-1,-1,-1,-1,-1,-1,-1,-1,-1,-1,-1,0,0,0,0,0,0,-1,-1,-1,-1,-1,-1,-1,-1,-1,-1,-1,-1,0,0,0,0,0,0,-1,-1,-1,-1,-1,-1,-1,-1,-1,-1,-1,-1,-1,-1,False,False,0,0,False,209,0,0,0,0,0,0,0,0,0,0,0,0,0,0,0,1,
0,1200,2026-02-23 12:18:17Z,LLM_Empathetic,6.921996,7.220812,6.623178,0.6282912,0,1.611299,0,0,0,0,0,0,5.487978,4.347699,6.628267,0.592854,0.702737,0.482971,7.393449,6.225331,8.561567,0.5969418,0,2.119342,7.187004,6.098905,8.275103,9.836449,10,9.487933,6.921996,7.220812,6.623178,0.6282912,0,1.611299,0,0,0,0,0,0,5.487978,4.347699,6.628267,0.592854,0.702737,0.482971,7.393449,6.225331,8.561567,0.5969418,0,2.119342,7.187004,6.098905,8.275103,9.836449,10,9.487933,-1,-1,-1,-1,-1,-1,-1,-1,-1,-1,-1,-1,-1,-1,-1,-1,-1,-1,-1,-1,-1,-1,-1,-1,-1,-1,-1,-1,-1,-1,-1,-1,-1,-1,-1,-1,-1,-1,-1,-1,-1,-1,-1,-1,-1,-1,-1,-1,-1,-1,0,0,0,0,0,0,-1,-1,-1,-1,-1,-1,-1,-1,-1,-1,-1,-1,0,0,0,0,0,0,-1,-1,-1,-1,-1,-1,-1,-1,-1,-1,-1,-1,-1,-1,False,False,0,0,False,209,0,0,0,0,0,0,0,0,0,0,0,0,0,0,0,1,
0,1201,2026-02-23 12:18:17Z,LLM_Empathetic,6.922006,7.220814,6.623197,0.6282741,0,1.61129,0,0,0,0,0,0,5.487991,4.347703,6.628289,0.592854,0.702737,0.482971,7.393455,6.225328,8.561583,0.5969307,0,2.119331,7.187022,6.098915,8.275129,9.836485,10,9.487978,6.922006,7.220814,6.623197,0.6282741,0,1.61129,0,0,0,0,0,0,5.487991,4.347703,6.628289,0.592854,0.702737,0.482971,7.393455,6.225328,8.561583,0.5969307,0,2.119331,7.187022,6.098915,8.275129,9.836485,10,9.487978,-1,-1,-1,-1,-1,-1,-1,-1,-1,-1,-1,-1,-1,-1,-1,-1,-1,-1,-1,-1,-1,-1,-1,-1,-1,-1,-1,-1,-1,-1,-1,-1,-1,-1,-1,-1,-1,-1,-1,-1,-1,-1,-1,-1,-1,-1,-1,-1,-1,-1,0,0,0,0,0,0,-1,-1,-1,-1,-1,-1,-1,-1,-1,-1,-1,-1,0,0,0,0,0,0,-1,-1,-1,-1,-1,-1,-1,-1,-1,-1,-1,-1,-1,-1,False,False,0,0,False,209,0,0,0,0,0,0,0,0,0,0,0,0,0,0,0,1,
0,1202,2026-02-23 12:18:17Z,LLM_Empathetic,6.922016,7.220816,6.623215,0.6282569,0,1.61128,0,0,0,0,0,0,5.488004,4.347708,6.628311,0.592854,0.702737,0.482971,7.393461,6.225325,8.561597,0.5969197,0,2.11932,7.18704,6.098925,8.275156,9.836521,10,9.488024,6.922016,7.220816,6.623215,0.6282569,0,1.61128,0,0,0,0,0,0,5.488004,4.347708,6.628311,0.592854,0.702737,0.482971,7.393461,6.225325,8.561597,0.5969197,0,2.11932,7.18704,6.098925,8.275156,9.836521,10,9.488024,-1,-1,-1,-1,-1,-1,-1,-1,-1,-1,-1,-1,-1,-1,-1,-1,-1,-1,-1,-1,-1,-1,-1,-1,-1,-1,-1,-1,-1,-1,-1,-1,-1,-1,-1,-1,-1,-1,-1,-1,-1,-1,-1,-1,-1,-1,-1,-1,-1,-1,0,0,0,0,0,0,-1,-1,-1,-1,-1,-1,-1,-1,-1,-1,-1,-1,0,0,0,0,0,0,-1,-1,-1,-1,-1,-1,-1,-1,-1,-1,-1,-1,-1,-1,False,False,0,0,False,207,0,0,0,0,0,0,0,0,0,0,0,0,0,0,0,1,
0,1203,2026-02-23 12:18:17Z,LLM_Empathetic,6.922026,7.220818,6.623233,0.6282398,0,1.611271,0,0,0,0,0,0,5.488017,4.347712,6.628332,0.592854,0.702737,0.482971,7.393467,6.225322,8.561612,0.5969087,0,2.119309,7.187057,6.098935,8.275182,9.836556,10,9.488069,6.922026,7.220818,6.623233,0.6282398,0,1.611271,0,0,0,0,0,0,5.488017,4.347712,6.628332,0.592854,0.702737,0.482971,7.393467,6.225322,8.561612,0.5969087,0,2.119309,7.187057,6.098935,8.275182,9.836556,10,9.488069,-1,-1,-1,-1,-1,-1,-1,-1,-1,-1,-1,-1,-1,-1,-1,-1,-1,-1,-1,-1,-1,-1,-1,-1,-1,-1,-1,-1,-1,-1,-1,-1,-1,-1,-1,-1,-1,-1,-1,-1,-1,-1,-1,-1,-1,-1,-1,-1,-1,-1,0,0,0,0,0,0,-1,-1,-1,-1,-1,-1,-1,-1,-1,-1,-1,-1,0,0,0,0,0,0,-1,-1,-1,-1,-1,-1,-1,-1,-1,-1,-1,-1,-1,-1,False,False,0,0,False,209,0,0,0,0,0,0,0,0,0,0,0,0,0,0,0,1,
0,1204,2026-02-23 12:18:17Z,LLM_Empathetic,6.922036,7.22082,6.623252,0.6282226,0,1.611262,0,0,0,0,0,0,5.48803,4.347716,6.628354,0.592854,0.702737,0.482971,7.393473,6.225319,8.561627,0.5968978,0,2.119298,7.187076,6.098944,8.275208,9.836593,10,9.488113,6.922036,7.22082,6.623252,0.6282226,0,1.611262,0,0,0,0,0,0,5.48803,4.347716,6.628354,0.592854,0.702737,0.482971,7.393473,6.225319,8.561627,0.5968978,0,2.119298,7.187076,6.098944,8.275208,9.836593,10,9.488113,-1,-1,-1,-1,-1,-1,-1,-1,-1,-1,-1,-1,-1,-1,-1,-1,-1,-1,-1,-1,-1,-1,-1,-1,-1,-1,-1,-1,-1,-1,-1,-1,-1,-1,-1,-1,-1,-1,-1,-1,-1,-1,-1,-1,-1,-1,-1,-1,-1,-1,0,0,0,0,0,0,-1,-1,-1,-1,-1,-1,-1,-1,-1,-1,-1,-1,0,0,0,0,0,0,-1,-1,-1,-1,-1,-1,-1,-1,-1,-1,-1,-1,-1,-1,False,False,0,0,False,209,0,0,0,0,0,0,0,0,0,0,0,0,0,0,0,1,
0,1205,2026-02-23 12:18:17Z,LLM_Empathetic,6.922046,7.220822,6.62327,0.6282055,0,1.611252,0,0,0,0,0,0,5.488043,4.347721,6.628376,0.592854,0.702737,0.482971,7.393479,6.225316,8.561642,0.5968868,0,2.119287,7.187094,6.098954,8.275234,9.836629,10,9.488159,6.922046,7.220822,6.62327,0.6282055,0,1.611252,0,0,0,0,0,0,5.488043,4.347721,6.628376,0.592854,0.702737,0.482971,7.393479,6.225316,8.561642,0.5968868,0,2.119287,7.187094,6.098954,8.275234,9.836629,10,9.488159,-1,-1,-1,-1,-1,-1,-1,-1,-1,-1,-1,-1,-1,-1,-1,-1,-1,-1,-1,-1,-1,-1,-1,-1,-1,-1,-1,-1,-1,-1,-1,-1,-1,-1,-1,-1,-1,-1,-1,-1,-1,-1,-1,-1,-1,-1,-1,-1,-1,-1,0,0,0,0,0,0,-1,-1,-1,-1,-1,-1,-1,-1,-1,-1,-1,-1,0,0,0,0,0,0,-1,-1,-1,-1,-1,-1,-1,-1,-1,-1,-1,-1,-1,-1,False,False,0,0,False,207,0,0,0,0,0,0,0,0,0,0,0,0,0,0,0,1,
0,1206,2026-02-23 12:18:17Z,LLM_Empathetic,6.922056,7.220823,6.623289,0.6281884,0,1.611243,0,0,0,0,0,0,5.488056,4.347725,6.628397,0.592854,0.702737,0.482971,7.393485,6.225313,8.561657,0.5968759,0,2.119276,7.187111,6.098964,8.275261,9.836664,10,9.488204,6.922056,7.220823,6.623289,0.6281884,0,1.611243,0,0,0,0,0,0,5.488056,4.347725,6.628397,0.592854,0.702737,0.482971,7.393485,6.225313,8.561657,0.5968759,0,2.119276,7.187111,6.098964,8.275261,9.836664,10,9.488204,-1,-1,-1,-1,-1,-1,-1,-1,-1,-1,-1,-1,-1,-1,-1,-1,-1,-1,-1,-1,-1,-1,-1,-1,-1,-1,-1,-1,-1,-1,-1,-1,-1,-1,-1,-1,-1,-1,-1,-1,-1,-1,-1,-1,-1,-1,-1,-1,-1,-1,0,0,0,0,0,0,-1,-1,-1,-1,-1,-1,-1,-1,-1,-1,-1,-1,0,0,0,0,0,0,-1,-1,-1,-1,-1,-1,-1,-1,-1,-1,-1,-1,-1,-1,False,False,0,0,False,209,0,0,0,0,0,0,0,0,0,0,0,0,0,0,0,1,
0,1207,2026-02-23 12:18:17Z,LLM_Empathetic,6.922066,7.220825,6.623307,0.6281714,0,1.611233,0,0,0,0,0,0,5.488069,4.347729,6.628419,0.592854,0.702737,0.482971,7.39349,6.22531,8.561671,0.596865,0,2.119265,7.187129,6.098973,8.275287,9.8367,10,9.488249,6.922066,7.220825,6.623307,0.6281714,0,1.611233,0,0,0,0,0,0,5.488069,4.347729,6.628419,0.592854,0.702737,0.482971,7.39349,6.22531,8.561671,0.596865,0,2.119265,7.187129,6.098973,8.275287,9.8367,10,9.488249,-1,-1,-1,-1,-1,-1,-1,-1,-1,-1,-1,-1,-1,-1,-1,-1,-1,-1,-1,-1,-1,-1,-1,-1,-1,-1,-1,-1,-1,-1,-1,-1,-1,-1,-1,-1,-1,-1,-1,-1,-1,-1,-1,-1,-1,-1,-1,-1,-1,-1,0,0,0,0,0,0,-1,-1,-1,-1,-1,-1,-1,-1,-1,-1,-1,-1,0,0,0,0,0,0,-1,-1,-1,-1,-1,-1,-1,-1,-1,-1,-1,-1,-1,-1,False,False,0,0,False,207,0,0,0,0,0,0,0,0,0,0,0,0,0,0,0,1,
0,1208,2026-02-23 12:18:17Z,LLM_Empathetic,6.922076,7.220827,6.623325,0.6281543,0,1.611224,0,0,0,0,0,0,5.488081,4.347733,6.62844,0.592854,0.702737,0.482971,7.393497,6.225307,8.561687,0.5968541,0,2.119254,7.187148,6.098983,8.275312,9.836736,10,9.488294,6.922076,7.220827,6.623325,0.6281543,0,1.611224,0,0,0,0,0,0,5.488081,4.347733,6.62844,0.592854,0.702737,0.482971,7.393497,6.225307,8.561687,0.5968541,0,2.119254,7.187148,6.098983,8.275312,9.836736,10,9.488294,-1,-1,-1,-1,-1,-1,-1,-1,-1,-1,-1,-1,-1,-1,-1,-1,-1,-1,-1,-1,-1,-1,-1,-1,-1,-1,-1,-1,-1,-1,-1,-1,-1,-1,-1,-1,-1,-1,-1,-1,-1,-1,-1,-1,-1,-1,-1,-1,-1,-1,0,0,0,0,0,0,-1,-1,-1,-1,-1,-1,-1,-1,-1,-1,-1,-1,0,0,0,0,0,0,-1,-1,-1,-1,-1,-1,-1,-1,-1,-1,-1,-1,-1,-1,False,False,0,0,False,207,0,0,0,0,0,0,0,0,0,0,0,0,0,0,0,1,
0,1209,2026-02-23 12:18:17Z,LLM_Empathetic,6.922086,7.220829,6.623343,0.6281373,0,1.611215,0,0,0,0,0,0,5.488094,4.347738,6.628462,0.592854,0.702737,0.482971,7.393502,6.225304,8.561701,0.5968432,0,2.119244,7.187165,6.098993,8.275339,9.836772,10,9.488338,6.922086,7.220829,6.623343,0.6281373,0,1.611215,0,0,0,0,0,0,5.488094,4.347738,6.628462,0.592854,0.702737,0.482971,7.393502,6.225304,8.561701,0.5968432,0,2.119244,7.187165,6.098993,8.275339,9.836772,10,9.488338,-1,-1,-1,-1,-1,-1,-1,-1,-1,-1,-1,-1,-1,-1,-1,-1,-1,-1,-1,-1,-1,-1,-1,-1,-1,-1,-1,-1,-1,-1,-1,-1,-1,-1,-1,-1,-1,-1,-1,-1,-1,-1,-1,-1,-1,-1,-1,-1,-1,-1,0,0,0,0,0,0,-1,-1,-1,-1,-1,-1,-1,-1,-1,-1,-1,-1,0,0,0,0,0,0,-1,-1,-1,-1,-1,-1,-1,-1,-1,-1,-1,-1,-1,-1,False,False,0,0,False,207,0,0,0,0,0,0,0,0,0,0,0,0,0,0,0,1,
0,1210,2026-02-23 12:18:17Z,LLM_Empathetic,6.922096,7.220831,6.623362,0.6281203,0,1.611205,0,0,0,0,0,0,5.488107,4.347742,6.628483,0.592854,0.702737,0.482971,7.393508,6.225301,8.561716,0.5968323,0,2.119233,7.187183,6.099002,8.275365,9.836807,10,9.488383,6.922096,7.220831,6.623362,0.6281203,0,1.611205,0,0,0,0,0,0,5.488107,4.347742,6.628483,0.592854,0.702737,0.482971,7.393508,6.225301,8.561716,0.5968323,0,2.119233,7.187183,6.099002,8.275365,9.836807,10,9.488383,-1,-1,-1,-1,-1,-1,-1,-1,-1,-1,-1,-1,-1,-1,-1,-1,-1,-1,-1,-1,-1,-1,-1,-1,-1,-1,-1,-1,-1,-1,-1,-1,-1,-1,-1,-1,-1,-1,-1,-1,-1,-1,-1,-1,-1,-1,-1,-1,-1,-1,0,0,0,0,0,0,-1,-1,-1,-1,-1,-1,-1,-1,-1,-1,-1,-1,0,0,0,0,0,0,-1,-1,-1,-1,-1,-1,-1,-1,-1,-1,-1,-1,-1,-1,False,False,0,0,False,207,0,0,0,0,0,0,0,0,0,0,0,0,0,0,0,1,
0,1211,2026-02-23 12:18:17Z,LLM_Empathetic,6.922106,7.220832,6.62338,0.6281034,0,1.611196,0,0,0,0,0,0,5.48812,4.347746,6.628505,0.592854,0.702737,0.482971,7.393514,6.225298,8.56173,0.5968214,0,2.119222,7.187201,6.099012,8.275391,9.836843,10,9.488428,6.922106,7.220832,6.62338,0.6281034,0,1.611196,0,0,0,0,0,0,5.48812,4.347746,6.628505,0.592854,0.702737,0.482971,7.393514,6.225298,8.56173,0.5968214,0,2.119222,7.187201,6.099012,8.275391,9.836843,10,9.488428,-1,-1,-1,-1,-1,-1,-1,-1,-1,-1,-1,-1,-1,-1,-1,-1,-1,-1,-1,-1,-1,-1,-1,-1,-1,-1,-1,-1,-1,-1,-1,-1,-1,-1,-1,-1,-1,-1,-1,-1,-1,-1,-1,-1,-1,-1,-1,-1,-1,-1,0,0,0,0,0,0,-1,-1,-1,-1,-1,-1,-1,-1,-1,-1,-1,-1,0,0,0,0,0,0,-1,-1,-1,-1,-1,-1,-1,-1,-1,-1,-1,-1,-1,-1,False,False,0,0,False,207,0,0,0,0,0,0,0,0,0,0,0,0,0,0,0,1,
0,1212,2026-02-23 12:18:17Z,LLM_Empathetic,6.922116,7.220834,6.623398,0.6280864,0,1.611187,0,0,0,0,0,0,5.488133,4.34775,6.628526,0.592854,0.702737,0.482971,7.39352,6.225295,8.561745,0.5968106,0,2.119211,7.187219,6.099021,8.275416,9.836879,10,9.488473,6.922116,7.220834,6.623398,0.6280864,0,1.611187,0,0,0,0,0,0,5.488133,4.34775,6.628526,0.592854,0.702737,0.482971,7.39352,6.225295,8.561745,0.5968106,0,2.119211,7.187219,6.099021,8.275416,9.836879,10,9.488473,-1,-1,-1,-1,-1,-1,-1,-1,-1,-1,-1,-1,-1,-1,-1,-1,-1,-1,-1,-1,-1,-1,-1,-1,-1,-1,-1,-1,-1,-1,-1,-1,-1,-1,-1,-1,-1,-1,-1,-1,-1,-1,-1,-1,-1,-1,-1,-1,-1,-1,0,0,0,0,0,0,-1,-1,-1,-1,-1,-1,-1,-1,-1,-1,-1,-1,0,0,0,0,0,0,-1,-1,-1,-1,-1,-1,-1,-1,-1,-1,-1,-1,-1,-1,False,False,0,0,False,209,0,0,0,0,0,0,0,0,0,0,0,0,0,0,0,1,
0,1213,2026-02-23 12:18:17Z,LLM_Empathetic,6.922126,7.220836,6.623416,0.6280695,0,1.611177,0,0,0,0,0,0,5.488146,4.347754,6.628548,0.592854,0.702737,0.482971,7.393526,6.225292,8.56176,0.5967997,0,2.1192,7.187237,6.099031,8.275443,9.836914,10,9.488517,6.922126,7.220836,6.623416,0.6280695,0,1.611177,0,0,0,0,0,0,5.488146,4.347754,6.628548,0.592854,0.702737,0.482971,7.393526,6.225292,8.56176,0.5967997,0,2.1192,7.187237,6.099031,8.275443,9.836914,10,9.488517,-1,-1,-1,-1,-1,-1,-1,-1,-1,-1,-1,-1,-1,-1,-1,-1,-1,-1,-1,-1,-1,-1,-1,-1,-1,-1,-1,-1,-1,-1,-1,-1,-1,-1,-1,-1,-1,-1,-1,-1,-1,-1,-1,-1,-1,-1,-1,-1,-1,-1,0,0,0,0,0,0,-1,-1,-1,-1,-1,-1,-1,-1,-1,-1,-1,-1,0,0,0,0,0,0,-1,-1,-1,-1,-1,-1,-1,-1,-1,-1,-1,-1,-1,-1,False,False,0,0,False,209,0,0,0,0,0,0,0,0,0,0,0,0,0,0,0,1,
0,1214,2026-02-23 12:18:17Z,LLM_Empathetic,6.922136,7.220838,6.623434,0.6280526,0,1.611168,0,0,0,0,0,0,5.488159,4.347759,6.628569,0.592854,0.702737,0.482971,7.393531,6.225289,8.561774,0.5967889,0,2.119189,7.187254,6.099041,8.275469,9.836949,10,9.488562,6.922136,7.220838,6.623434,0.6280526,0,1.611168,0,0,0,0,0,0,5.488159,4.347759,6.628569,0.592854,0.702737,0.482971,7.393531,6.225289,8.561774,0.5967889,0,2.119189,7.187254,6.099041,8.275469,9.836949,10,9.488562,-1,-1,-1,-1,-1,-1,-1,-1,-1,-1,-1,-1,-1,-1,-1,-1,-1,-1,-1,-1,-1,-1,-1,-1,-1,-1,-1,-1,-1,-1,-1,-1,-1,-1,-1,-1,-1,-1,-1,-1,-1,-1,-1,-1,-1,-1,-1,-1,-1,-1,0,0,0,0,0,0,-1,-1,-1,-1,-1,-1,-1,-1,-1,-1,-1,-1,0,0,0,0,0,0,-1,-1,-1,-1,-1,-1,-1,-1,-1,-1,-1,-1,-1,-1,False,False,0,0,False,207,0,0,0,0,0,0,0,0,0,0,0,0,0,0,0,1,
0,1215,2026-02-23 12:18:17Z,LLM_Empathetic,6.922146,7.22084,6.623452,0.6280357,0,1.611158,0,0,0,0,0,0,5.488172,4.347763,6.62859,0.592854,0.702737,0.482971,7.393538,6.225286,8.56179,0.5967781,0,2.119179,7.187272,6.099051,8.275495,9.836985,10,9.488606,6.922146,7.22084,6.623452,0.6280357,0,1.611158,0,0,0,0,0,0,5.488172,4.347763,6.62859,0.592854,0.702737,0.482971,7.393538,6.225286,8.56179,0.5967781,0,2.119179,7.187272,6.099051,8.275495,9.836985,10,9.488606,-1,-1,-1,-1,-1,-1,-1,-1,-1,-1,-1,-1,-1,-1,-1,-1,-1,-1,-1,-1,-1,-1,-1,-1,-1,-1,-1,-1,-1,-1,-1,-1,-1,-1,-1,-1,-1,-1,-1,-1,-1,-1,-1,-1,-1,-1,-1,-1,-1,-1,0,0,0,0,0,0,-1,-1,-1,-1,-1,-1,-1,-1,-1,-1,-1,-1,0,0,0,0,0,0,-1,-1,-1,-1,-1,-1,-1,-1,-1,-1,-1,-1,-1,-1,False,False,0,0,False,207,0,0,0,0,0,0,0,0,0,0,0,0,0,0,0,1,
0,1216,2026-02-23 12:18:17Z,LLM_Empathetic,6.922156,7.220841,6.62347,0.6280189,0,1.611149,0,0,0,0,0,0,5.488184,4.347767,6.628612,0.592854,0.702737,0.482971,7.393543,6.225283,8.561804,0.5967673,0,2.119168,7.18729,6.09906,8.27552,9.83702,10,9.48865,6.922156,7.220841,6.62347,0.6280189,0,1.611149,0,0,0,0,0,0,5.488184,4.347767,6.628612,0.592854,0.702737,0.482971,7.393543,6.225283,8.561804,0.5967673,0,2.119168,7.18729,6.09906,8.27552,9.83702,10,9.48865,-1,-1,-1,-1,-1,-1,-1,-1,-1,-1,-1,-1,-1,-1,-1,-1,-1,-1,-1,-1,-1,-1,-1,-1,-1,-1,-1,-1,-1,-1,-1,-1,-1,-1,-1,-1,-1,-1,-1,-1,-1,-1,-1,-1,-1,-1,-1,-1,-1,-1,0,0,0,0,0,0,-1,-1,-1,-1,-1,-1,-1,-1,-1,-1,-1,-1,0,0,0,0,0,0,-1,-1,-1,-1,-1,-1,-1,-1,-1,-1,-1,-1,-1,-1,False,False,0,0,False,207,0,0,0,0,0,0,0,0,0,0,0,0,0,0,0,1,
0,1217,2026-02-23 12:18:17Z,LLM_Empathetic,6.922166,7.220843,6.623488,0.628002,0,1.61114,0,0,0,0,0,0,5.488197,4.347772,6.628633,0.592854,0.702737,0.482971,7.393549,6.22528,8.561818,0.5967565,0,2.119157,7.187307,6.09907,8.275546,9.837056,10,9.488695,6.922166,7.220843,6.623488,0.628002,0,1.61114,0,0,0,0,0,0,5.488197,4.347772,6.628633,0.592854,0.702737,0.482971,7.393549,6.22528,8.561818,0.5967565,0,2.119157,7.187307,6.09907,8.275546,9.837056,10,9.488695,-1,-1,-1,-1,-1,-1,-1,-1,-1,-1,-1,-1,-1,-1,-1,-1,-1,-1,-1,-1,-1,-1,-1,-1,-1,-1,-1,-1,-1,-1,-1,-1,-1,-1,-1,-1,-1,-1,-1,-1,-1,-1,-1,-1,-1,-1,-1,-1,-1,-1,0,0,0,0,0,0,-1,-1,-1,-1,-1,-1,-1,-1,-1,-1,-1,-1,0,0,0,0,0,0,-1,-1,-1,-1,-1,-1,-1,-1,-1,-1,-1,-1,-1,-1,False,False,0,0,False,209,0,0,0,0,0,0,0,0,0,0,0,0,0,0,0,1,
0,1218,2026-02-23 12:18:17Z,LLM_Empathetic,6.922175,7.220845,6.623506,0.6279852,0,1.611131,0,0,0,0,0,0,5.48821,4.347776,6.628654,0.592854,0.702737,0.482971,7.393555,6.225277,8.561833,0.5967457,0,2.119146,7.187325,6.099079,8.275572,9.837091,10,9.488739,6.922175,7.220845,6.623506,0.6279852,0,1.611131,0,0,0,0,0,0,5.48821,4.347776,6.628654,0.592854,0.702737,0.482971,7.393555,6.225277,8.561833,0.5967457,0,2.119146,7.187325,6.099079,8.275572,9.837091,10,9.488739,-1,-1,-1,-1,-1,-1,-1,-1,-1,-1,-1,-1,-1,-1,-1,-1,-1,-1,-1,-1,-1,-1,-1,-1,-1,-1,-1,-1,-1,-1,-1,-1,-1,-1,-1,-1,-1,-1,-1,-1,-1,-1,-1,-1,-1,-1,-1,-1,-1,-1,0,0,0,0,0,0,-1,-1,-1,-1,-1,-1,-1,-1,-1,-1,-1,-1,0,0,0,0,0,0,-1,-1,-1,-1,-1,-1,-1,-1,-1,-1,-1,-1,-1,-1,False,False,0,0,False,207,0,0,0,0,0,0,0,0,0,0,0,0,0,0,0,1,
0,1219,2026-02-23 12:18:18Z,LLM_Empathetic,6.922185,7.220847,6.623524,0.6279684,0,1.611121,0,0,0,0,0,0,5.488223,4.34778,6.628675,0.592854,0.702737,0.482971,7.39356,6.225274,8.561848,0.596735,0,2.119135,7.187343,6.099089,8.275598,9.837126,10,9.488783,6.922185,7.220847,6.623524,0.6279684,0,1.611121,0,0,0,0,0,0,5.488223,4.34778,6.628675,0.592854,0.702737,0.482971,7.39356,6.225274,8.561848,0.596735,0,2.119135,7.187343,6.099089,8.275598,9.837126,10,9.488783,-1,-1,-1,-1,-1,-1,-1,-1,-1,-1,-1,-1,-1,-1,-1,-1,-1,-1,-1,-1,-1,-1,-1,-1,-1,-1,-1,-1,-1,-1,-1,-1,-1,-1,-1,-1,-1,-1,-1,-1,-1,-1,-1,-1,-1,-1,-1,-1,-1,-1,0,0,0,0,0,0,-1,-1,-1,-1,-1,-1,-1,-1,-1,-1,-1,-1,0,0,0,0,0,0,-1,-1,-1,-1,-1,-1,-1,-1,-1,-1,-1,-1,-1,-1,False,False,0,0,False,209,0,0,0,0,0,0,0,0,0,0,0,0,0,0,0,1,
0,1220,2026-02-23 12:18:18Z,LLM_Empathetic,6.922195,7.220849,6.623542,0.6279516,0,1.611112,0,0,0,0,0,0,5.488235,4.347784,6.628696,0.592854,0.702737,0.482971,7.393566,6.225271,8.561862,0.5967243,0,2.119125,7.18736,6.099098,8.275623,9.837161,10,9.488828,6.922195,7.220849,6.623542,0.6279516,0,1.611112,0,0,0,0,0,0,5.488235,4.347784,6.628696,0.592854,0.702737,0.482971,7.393566,6.225271,8.561862,0.5967243,0,2.119125,7.18736,6.099098,8.275623,9.837161,10,9.488828,-1,-1,-1,-1,-1,-1,-1,-1,-1,-1,-1,-1,-1,-1,-1,-1,-1,-1,-1,-1,-1,-1,-1,-1,-1,-1,-1,-1,-1,-1,-1,-1,-1,-1,-1,-1,-1,-1,-1,-1,-1,-1,-1,-1,-1,-1,-1,-1,-1,-1,0,0,0,0,0,0,-1,-1,-1,-1,-1,-1,-1,-1,-1,-1,-1,-1,0,0,0,0,0,0,-1,-1,-1,-1,-1,-1,-1,-1,-1,-1,-1,-1,-1,-1,False,False,0,0,False,209,0,0,0,0,0,0,0,0,0,0,0,0,0,0,0,1,
0,1221,2026-02-23 12:18:18Z,LLM_Empathetic,6.922205,7.22085,6.62356,0.6279349,0,1.611103,0,0,0,0,0,0,5.488248,4.347788,6.628717,0.592854,0.702737,0.482971,7.393572,6.225268,8.561876,0.5967135,0,2.119114,7.187378,6.099108,8.275649,9.837196,10,9.488872,6.922205,7.22085,6.62356,0.6279349,0,1.611103,0,0,0,0,0,0,5.488248,4.347788,6.628717,0.592854,0.702737,0.482971,7.393572,6.225268,8.561876,0.5967135,0,2.119114,7.187378,6.099108,8.275649,9.837196,10,9.488872,-1,-1,-1,-1,-1,-1,-1,-1,-1,-1,-1,-1,-1,-1,-1,-1,-1,-1,-1,-1,-1,-1,-1,-1,-1,-1,-1,-1,-1,-1,-1,-1,-1,-1,-1,-1,-1,-1,-1,-1,-1,-1,-1,-1,-1,-1,-1,-1,-1,-1,0,0,0,0,0,0,-1,-1,-1,-1,-1,-1,-1,-1,-1,-1,-1,-1,0,0,0,0,0,0,-1,-1,-1,-1,-1,-1,-1,-1,-1,-1,-1,-1,-1,-1,False,False,0,0,False,207,0,0,0,0,0,0,0,0,0,0,0,0,0,0,0,1,
0,1222,2026-02-23 12:18:18Z,LLM_Empathetic,6.922215,7.220852,6.623578,0.6279182,0,1.611094,0,0,0,0,0,0,5.48826,4.347793,6.628738,0.592854,0.702737,0.482971,7.393578,6.225265,8.561892,0.5967028,0,2.119103,7.187396,6.099117,8.275675,9.837232,10,9.488915,6.922215,7.220852,6.623578,0.6279182,0,1.611094,0,0,0,0,0,0,5.48826,4.347793,6.628738,0.592854,0.702737,0.482971,7.393578,6.225265,8.561892,0.5967028,0,2.119103,7.187396,6.099117,8.275675,9.837232,10,9.488915,-1,-1,-1,-1,-1,-1,-1,-1,-1,-1,-1,-1,-1,-1,-1,-1,-1,-1,-1,-1,-1,-1,-1,-1,-1,-1,-1,-1,-1,-1,-1,-1,-1,-1,-1,-1,-1,-1,-1,-1,-1,-1,-1,-1,-1,-1,-1,-1,-1,-1,0,0,0,0,0,0,-1,-1,-1,-1,-1,-1,-1,-1,-1,-1,-1,-1,0,0,0,0,0,0,-1,-1,-1,-1,-1,-1,-1,-1,-1,-1,-1,-1,-1,-1,False,False,0,0,False,207,0,0,0,0,0,0,0,0,0,0,0,0,0,0,0,1,
0,1223,2026-02-23 12:18:18Z,LLM_Empathetic,6.922225,7.220854,6.623596,0.6279015,0,1.611084,0,0,0,0,0,0,5.488273,4.347797,6.62876,0.592854,0.702737,0.482971,7.393584,6.225262,8.561906,0.5966921,0,2.119092,7.187413,6.099127,8.275701,9.837267,10,9.488959,6.922225,7.220854,6.623596,0.6279015,0,1.611084,0,0,0,0,0,0,5.488273,4.347797,6.62876,0.592854,0.702737,0.482971,7.393584,6.225262,8.561906,0.5966921,0,2.119092,7.187413,6.099127,8.275701,9.837267,10,9.488959,-1,-1,-1,-1,-1,-1,-1,-1,-1,-1,-1,-1,-1,-1,-1,-1,-1,-1,-1,-1,-1,-1,-1,-1,-1,-1,-1,-1,-1,-1,-1,-1,-1,-1,-1,-1,-1,-1,-1,-1,-1,-1,-1,-1,-1,-1,-1,-1,-1,-1,0,0,0,0,0,0,-1,-1,-1,-1,-1,-1,-1,-1,-1,-1,-1,-1,0,0,0,0,0,0,-1,-1,-1,-1,-1,-1,-1,-1,-1,-1,-1,-1,-1,-1,False,False,0,0,False,209,0,0,0,0,0,0,0,0,0,0,0,0,0,0,0,1,
0,1224,2026-02-23 12:18:18Z,LLM_Empathetic,6.922235,7.220856,6.623613,0.6278848,0,1.611075,0,0,0,0,0,0,5.488286,4.347801,6.628781,0.592854,0.702737,0.482971,7.393589,6.225259,8.56192,0.5966815,0,2.119082,7.187431,6.099136,8.275725,9.837301,10,9.489003,6.922235,7.220856,6.623613,0.6278848,0,1.611075,0,0,0,0,0,0,5.488286,4.347801,6.628781,0.592854,0.702737,0.482971,7.393589,6.225259,8.56192,0.5966815,0,2.119082,7.187431,6.099136,8.275725,9.837301,10,9.489003,-1,-1,-1,-1,-1,-1,-1,-1,-1,-1,-1,-1,-1,-1,-1,-1,-1,-1,-1,-1,-1,-1,-1,-1,-1,-1,-1,-1,-1,-1,-1,-1,-1,-1,-1,-1,-1,-1,-1,-1,-1,-1,-1,-1,-1,-1,-1,-1,-1,-1,0,0,0,0,0,0,-1,-1,-1,-1,-1,-1,-1,-1,-1,-1,-1,-1,0,0,0,0,0,0,-1,-1,-1,-1,-1,-1,-1,-1,-1,-1,-1,-1,-1,-1,False,False,0,0,False,207,0,0,0,0,0,0,0,0,0,0,0,0,0,0,0,1,
0,1225,2026-02-23 12:18:18Z,LLM_Empathetic,6.922245,7.220858,6.623631,0.6278681,0,1.611066,0,0,0,0,0,0,5.488298,4.347805,6.628802,0.592854,0.702737,0.482971,7.393595,6.225256,8.561934,0.5966708,0,2.119071,7.187448,6.099146,8.275751,9.837337,10,9.489047,6.922245,7.220858,6.623631,0.6278681,0,1.611066,0,0,0,0,0,0,5.488298,4.347805,6.628802,0.592854,0.702737,0.482971,7.393595,6.225256,8.561934,0.5966708,0,2.119071,7.187448,6.099146,8.275751,9.837337,10,9.489047,-1,-1,-1,-1,-1,-1,-1,-1,-1,-1,-1,-1,-1,-1,-1,-1,-1,-1,-1,-1,-1,-1,-1,-1,-1,-1,-1,-1,-1,-1,-1,-1,-1,-1,-1,-1,-1,-1,-1,-1,-1,-1,-1,-1,-1,-1,-1,-1,-1,-1,0,0,0,0,0,0,-1,-1,-1,-1,-1,-1,-1,-1,-1,-1,-1,-1,0,0,0,0,0,0,-1,-1,-1,-1,-1,-1,-1,-1,-1,-1,-1,-1,-1,-1,False,False,0,0,False,207,0,0,0,0,0,0,0,0,0,0,0,0,0,0,0,1,
0,1226,2026-02-23 12:18:18Z,LLM_Empathetic,6.922254,7.22086,6.623649,0.6278515,0,1.611057,0,0,0,0,0,0,5.488311,4.347809,6.628823,0.592854,0.702737,0.482971,7.393601,6.225253,8.561949,0.5966601,0,2.119061,7.187466,6.099155,8.275777,9.837372,10,9.489091,6.922254,7.22086,6.623649,0.6278515,0,1.611057,0,0,0,0,0,0,5.488311,4.347809,6.628823,0.592854,0.702737,0.482971,7.393601,6.225253,8.561949,0.5966601,0,2.119061,7.187466,6.099155,8.275777,9.837372,10,9.489091,-1,-1,-1,-1,-1,-1,-1,-1,-1,-1,-1,-1,-1,-1,-1,-1,-1,-1,-1,-1,-1,-1,-1,-1,-1,-1,-1,-1,-1,-1,-1,-1,-1,-1,-1,-1,-1,-1,-1,-1,-1,-1,-1,-1,-1,-1,-1,-1,-1,-1,0,0,0,0,0,0,-1,-1,-1,-1,-1,-1,-1,-1,-1,-1,-1,-1,0,0,0,0,0,0,-1,-1,-1,-1,-1,-1,-1,-1,-1,-1,-1,-1,-1,-1,False,False,0,0,False,209,0,0,0,0,0,0,0,0,0,0,0,0,0,0,0,1,
0,1227,2026-02-23 12:18:18Z,LLM_Empathetic,6.922264,7.220861,6.623667,0.6278349,0,1.611048,0,0,0,0,0,0,5.488323,4.347813,6.628844,0.592854,0.702737,0.482971,7.393607,6.22525,8.561963,0.5966495,0,2.11905,7.187483,6.099165,8.275803,9.837406,10,9.489135,6.922264,7.220861,6.623667,0.6278349,0,1.611048,0,0,0,0,0,0,5.488323,4.347813,6.628844,0.592854,0.702737,0.482971,7.393607,6.22525,8.561963,0.5966495,0,2.11905,7.187483,6.099165,8.275803,9.837406,10,9.489135,-1,-1,-1,-1,-1,-1,-1,-1,-1,-1,-1,-1,-1,-1,-1,-1,-1,-1,-1,-1,-1,-1,-1,-1,-1,-1,-1,-1,-1,-1,-1,-1,-1,-1,-1,-1,-1,-1,-1,-1,-1,-1,-1,-1,-1,-1,-1,-1,-1,-1,0,0,0,0,0,0,-1,-1,-1,-1,-1,-1,-1,-1,-1,-1,-1,-1,0,0,0,0,0,0,-1,-1,-1,-1,-1,-1,-1,-1,-1,-1,-1,-1,-1,-1,False,False,0,0,False,209,0,0,0,0,0,0,0,0,0,0,0,0,0,0,0,1,
0,1228,2026-02-23 12:18:18Z,LLM_Empathetic,6.922274,7.220863,6.623684,0.6278183,0,1.611039,0,0,0,0,0,0,5.488336,4.347817,6.628865,0.592854,0.702737,0.482971,7.393612,6.225247,8.561977,0.5966389,0,2.119039,7.1875,6.099174,8.275827,9.837441,10,9.489179,6.922274,7.220863,6.623684,0.6278183,0,1.611039,0,0,0,0,0,0,5.488336,4.347817,6.628865,0.592854,0.702737,0.482971,7.393612,6.225247,8.561977,0.5966389,0,2.119039,7.1875,6.099174,8.275827,9.837441,10,9.489179,-1,-1,-1,-1,-1,-1,-1,-1,-1,-1,-1,-1,-1,-1,-1,-1,-1,-1,-1,-1,-1,-1,-1,-1,-1,-1,-1,-1,-1,-1,-1,-1,-1,-1,-1,-1,-1,-1,-1,-1,-1,-1,-1,-1,-1,-1,-1,-1,-1,-1,0,0,0,0,0,0,-1,-1,-1,-1,-1,-1,-1,-1,-1,-1,-1,-1,0,0,0,0,0,0,-1,-1,-1,-1,-1,-1,-1,-1,-1,-1,-1,-1,-1,-1,False,False,0,0,False,207,0,0,0,0,0,0,0,0,0,0,0,0,0,0,0,1,
0,1229,2026-02-23 12:18:18Z,LLM_Empathetic,6.922284,7.220865,6.623703,0.6278017,0,1.61103,0,0,0,0,0,0,5.488348,4.347822,6.628886,0.592854,0.702737,0.482971,7.393618,6.225245,8.561993,0.5966282,0,2.119029,7.187518,6.099184,8.275853,9.837476,10,9.489223,6.922284,7.220865,6.623703,0.6278017,0,1.61103,0,0,0,0,0,0,5.488348,4.347822,6.628886,0.592854,0.702737,0.482971,7.393618,6.225245,8.561993,0.5966282,0,2.119029,7.187518,6.099184,8.275853,9.837476,10,9.489223,-1,-1,-1,-1,-1,-1,-1,-1,-1,-1,-1,-1,-1,-1,-1,-1,-1,-1,-1,-1,-1,-1,-1,-1,-1,-1,-1,-1,-1,-1,-1,-1,-1,-1,-1,-1,-1,-1,-1,-1,-1,-1,-1,-1,-1,-1,-1,-1,-1,-1,0,0,0,0,0,0,-1,-1,-1,-1,-1,-1,-1,-1,-1,-1,-1,-1,0,0,0,0,0,0,-1,-1,-1,-1,-1,-1,-1,-1,-1,-1,-1,-1,-1,-1,False,False,0,0,False,209,0,0,0,0,0,0,0,0,0,0,0,0,0,0,0,1,
0,1230,2026-02-23 12:18:18Z,LLM_Empathetic,6.922293,7.220866,6.62372,0.6277851,0,1.61102,0,0,0,0,0,0,5.488361,4.347826,6.628907,0.592854,0.702737,0.482971,7.393624,6.225241,8.562007,0.5966176,0,2.119018,7.187535,6.099193,8.275879,9.837511,10,9.489266,6.922293,7.220866,6.62372,0.6277851,0,1.61102,0,0,0,0,0,0,5.488361,4.347826,6.628907,0.592854,0.702737,0.482971,7.393624,6.225241,8.562007,0.5966176,0,2.119018,7.187535,6.099193,8.275879,9.837511,10,9.489266,-1,-1,-1,-1,-1,-1,-1,-1,-1,-1,-1,-1,-1,-1,-1,-1,-1,-1,-1,-1,-1,-1,-1,-1,-1,-1,-1,-1,-1,-1,-1,-1,-1,-1,-1,-1,-1,-1,-1,-1,-1,-1,-1,-1,-1,-1,-1,-1,-1,-1,0,0,0,0,0,0,-1,-1,-1,-1,-1,-1,-1,-1,-1,-1,-1,-1,0,0,0,0,0,0,-1,-1,-1,-1,-1,-1,-1,-1,-1,-1,-1,-1,-1,-1,False,False,0,0,False,207,0,0,0,0,0,0,0,0,0,0,0,0,0,0,0,1,
0,1231,2026-02-23 12:18:18Z,LLM_Empathetic,6.922303,7.220868,6.623738,0.6277686,0,1.611011,0,0,0,0,0,0,5.488374,4.34783,6.628928,0.592854,0.702737,0.482971,7.39363,6.225238,8.562021,0.5966071,0,2.119007,7.187552,6.099203,8.275904,9.837545,10,9.489309,6.922303,7.220868,6.623738,0.6277686,0,1.611011,0,0,0,0,0,0,5.488374,4.34783,6.628928,0.592854,0.702737,0.482971,7.39363,6.225238,8.562021,0.5966071,0,2.119007,7.187552,6.099203,8.275904,9.837545,10,9.489309,-1,-1,-1,-1,-1,-1,-1,-1,-1,-1,-1,-1,-1,-1,-1,-1,-1,-1,-1,-1,-1,-1,-1,-1,-1,-1,-1,-1,-1,-1,-1,-1,-1,-1,-1,-1,-1,-1,-1,-1,-1,-1,-1,-1,-1,-1,-1,-1,-1,-1,0,0,0,0,0,0,-1,-1,-1,-1,-1,-1,-1,-1,-1,-1,-1,-1,0,0,0,0,0,0,-1,-1,-1,-1,-1,-1,-1,-1,-1,-1,-1,-1,-1,-1,False,False,0,0,False,209,0,0,0,0,0,0,0,0,0,0,0,0,0,0,0,1,
0,1232,2026-02-23 12:18:18Z,LLM_Empathetic,6.922313,7.22087,6.623755,0.6277521,0,1.611002,0,0,0,0,0,0,5.488386,4.347834,6.628948,0.592854,0.702737,0.482971,7.393635,6.225235,8.562036,0.5965965,0,2.118997,7.18757,6.099212,8.275929,9.83758,10,9.489353,6.922313,7.22087,6.623755,0.6277521,0,1.611002,0,0,0,0,0,0,5.488386,4.347834,6.628948,0.592854,0.702737,0.482971,7.393635,6.225235,8.562036,0.5965965,0,2.118997,7.18757,6.099212,8.275929,9.83758,10,9.489353,-1,-1,-1,-1,-1,-1,-1,-1,-1,-1,-1,-1,-1,-1,-1,-1,-1,-1,-1,-1,-1,-1,-1,-1,-1,-1,-1,-1,-1,-1,-1,-1,-1,-1,-1,-1,-1,-1,-1,-1,-1,-1,-1,-1,-1,-1,-1,-1,-1,-1,0,0,0,0,0,0,-1,-1,-1,-1,-1,-1,-1,-1,-1,-1,-1,-1,0,0,0,0,0,0,-1,-1,-1,-1,-1,-1,-1,-1,-1,-1,-1,-1,-1,-1,False,False,0,0,False,207,0,0,0,0,0,0,0,0,0,0,0,0,0,0,0,1,
0,1233,2026-02-23 12:18:18Z,LLM_Empathetic,6.922322,7.220872,6.623773,0.6277357,0,1.610993,0,0,0,0,0,0,5.488399,4.347838,6.628969,0.592854,0.702737,0.482971,7.393641,6.225233,8.56205,0.5965859,0,2.118986,7.187587,6.099221,8.275954,9.837615,10,9.489396,6.922322,7.220872,6.623773,0.6277357,0,1.610993,0,0,0,0,0,0,5.488399,4.347838,6.628969,0.592854,0.702737,0.482971,7.393641,6.225233,8.56205,0.5965859,0,2.118986,7.187587,6.099221,8.275954,9.837615,10,9.489396,-1,-1,-1,-1,-1,-1,-1,-1,-1,-1,-1,-1,-1,-1,-1,-1,-1,-1,-1,-1,-1,-1,-1,-1,-1,-1,-1,-1,-1,-1,-1,-1,-1,-1,-1,-1,-1,-1,-1,-1,-1,-1,-1,-1,-1,-1,-1,-1,-1,-1,0,0,0,0,0,0,-1,-1,-1,-1,-1,-1,-1,-1,-1,-1,-1,-1,0,0,0,0,0,0,-1,-1,-1,-1,-1,-1,-1,-1,-1,-1,-1,-1,-1,-1,False,False,0,0,False,209,0,0,0,0,0,0,0,0,0,0,0,0,0,0,0,1,
0,1234,2026-02-23 12:18:18Z,LLM_Empathetic,6.922332,7.220873,6.623791,0.6277192,0,1.610984,0,0,0,0,0,0,5.488411,4.347842,6.62899,0.592854,0.702737,0.482971,7.393647,6.22523,8.562064,0.5965754,0,2.118976,7.187604,6.099231,8.27598,9.837649,10,9.48944,6.922332,7.220873,6.623791,0.6277192,0,1.610984,0,0,0,0,0,0,5.488411,4.347842,6.62899,0.592854,0.702737,0.482971,7.393647,6.22523,8.562064,0.5965754,0,2.118976,7.187604,6.099231,8.27598,9.837649,10,9.48944,-1,-1,-1,-1,-1,-1,-1,-1,-1,-1,-1,-1,-1,-1,-1,-1,-1,-1,-1,-1,-1,-1,-1,-1,-1,-1,-1,-1,-1,-1,-1,-1,-1,-1,-1,-1,-1,-1,-1,-1,-1,-1,-1,-1,-1,-1,-1,-1,-1,-1,0,0,0,0,0,0,-1,-1,-1,-1,-1,-1,-1,-1,-1,-1,-1,-1,0,0,0,0,0,0,-1,-1,-1,-1,-1,-1,-1,-1,-1,-1,-1,-1,-1,-1,False,False,0,0,False,209,0,0,0,0,0,0,0,0,0,0,0,0,0,0,0,1,
0,1235,2026-02-23 12:18:18Z,LLM_Empathetic,6.922342,7.220875,6.623808,0.6277028,0,1.610975,0,0,0,0,0,0,5.488423,4.347847,6.629011,0.592854,0.702737,0.482971,7.393652,6.225227,8.562078,0.5965649,0,2.118965,7.187622,6.09924,8.276005,9.837684,10,9.489483,6.922342,7.220875,6.623808,0.6277028,0,1.610975,0,0,0,0,0,0,5.488423,4.347847,6.629011,0.592854,0.702737,0.482971,7.393652,6.225227,8.562078,0.5965649,0,2.118965,7.187622,6.09924,8.276005,9.837684,10,9.489483,-1,-1,-1,-1,-1,-1,-1,-1,-1,-1,-1,-1,-1,-1,-1,-1,-1,-1,-1,-1,-1,-1,-1,-1,-1,-1,-1,-1,-1,-1,-1,-1,-1,-1,-1,-1,-1,-1,-1,-1,-1,-1,-1,-1,-1,-1,-1,-1,-1,-1,0,0,0,0,0,0,-1,-1,-1,-1,-1,-1,-1,-1,-1,-1,-1,-1,0,0,0,0,0,0,-1,-1,-1,-1,-1,-1,-1,-1,-1,-1,-1,-1,-1,-1,False,False,0,0,False,209,0,0,0,0,0,0,0,0,0,0,0,0,0,0,0,1,
0,1236,2026-02-23 12:18:18Z,LLM_Empathetic,6.922351,7.220877,6.623826,0.6276863,0,1.610966,0,0,0,0,0,0,5.488436,4.34785,6.629032,0.592854,0.702737,0.482971,7.393658,6.225224,8.562093,0.5965543,0,2.118955,7.187639,6.099249,8.27603,9.837718,10,9.489527,6.922351,7.220877,6.623826,0.6276863,0,1.610966,0,0,0,0,0,0,5.488436,4.34785,6.629032,0.592854,0.702737,0.482971,7.393658,6.225224,8.562093,0.5965543,0,2.118955,7.187639,6.099249,8.27603,9.837718,10,9.489527,-1,-1,-1,-1,-1,-1,-1,-1,-1,-1,-1,-1,-1,-1,-1,-1,-1,-1,-1,-1,-1,-1,-1,-1,-1,-1,-1,-1,-1,-1,-1,-1,-1,-1,-1,-1,-1,-1,-1,-1,-1,-1,-1,-1,-1,-1,-1,-1,-1,-1,0,0,0,0,0,0,-1,-1,-1,-1,-1,-1,-1,-1,-1,-1,-1,-1,0,0,0,0,0,0,-1,-1,-1,-1,-1,-1,-1,-1,-1,-1,-1,-1,-1,-1,False,False,0,0,False,207,0,0,0,0,0,0,0,0,0,0,0,0,0,0,0,1,
0,1237,2026-02-23 12:18:18Z,LLM_Empathetic,6.922361,7.220879,6.623843,0.6276699,0,1.610957,0,0,0,0,0,0,5.488448,4.347855,6.629052,0.592854,0.702737,0.482971,7.393663,6.225221,8.562106,0.5965438,0,2.118944,7.187656,6.099258,8.276055,9.837752,10,9.48957,6.922361,7.220879,6.623843,0.6276699,0,1.610957,0,0,0,0,0,0,5.488448,4.347855,6.629052,0.592854,0.702737,0.482971,7.393663,6.225221,8.562106,0.5965438,0,2.118944,7.187656,6.099258,8.276055,9.837752,10,9.48957,-1,-1,-1,-1,-1,-1,-1,-1,-1,-1,-1,-1,-1,-1,-1,-1,-1,-1,-1,-1,-1,-1,-1,-1,-1,-1,-1,-1,-1,-1,-1,-1,-1,-1,-1,-1,-1,-1,-1,-1,-1,-1,-1,-1,-1,-1,-1,-1,-1,-1,0,0,0,0,0,0,-1,-1,-1,-1,-1,-1,-1,-1,-1,-1,-1,-1,0,0,0,0,0,0,-1,-1,-1,-1,-1,-1,-1,-1,-1,-1,-1,-1,-1,-1,False,False,0,0,False,207,0,0,0,0,0,0,0,0,0,0,0,0,0,0,0,1,
0,1238,2026-02-23 12:18:18Z,LLM_Empathetic,6.922371,7.220881,6.623861,0.6276535,0,1.610948,0,0,0,0,0,0,5.488461,4.347859,6.629073,0.592854,0.702737,0.482971,7.393669,6.225218,8.56212,0.5965334,0,2.118934,7.187674,6.099268,8.27608,9.837787,10,9.489613,6.922371,7.220881,6.623861,0.6276535,0,1.610948,0,0,0,0,0,0,5.488461,4.347859,6.629073,0.592854,0.702737,0.482971,7.393669,6.225218,8.56212,0.5965334,0,2.118934,7.187674,6.099268,8.27608,9.837787,10,9.489613,-1,-1,-1,-1,-1,-1,-1,-1,-1,-1,-1,-1,-1,-1,-1,-1,-1,-1,-1,-1,-1,-1,-1,-1,-1,-1,-1,-1,-1,-1,-1,-1,-1,-1,-1,-1,-1,-1,-1,-1,-1,-1,-1,-1,-1,-1,-1,-1,-1,-1,0,0,0,0,0,0,-1,-1,-1,-1,-1,-1,-1,-1,-1,-1,-1,-1,0,0,0,0,0,0,-1,-1,-1,-1,-1,-1,-1,-1,-1,-1,-1,-1,-1,-1,False,False,0,0,False,207,0,0,0,0,0,0,0,0,0,0,0,0,0,0,0,1,
0,1239,2026-02-23 12:18:18Z,LLM_Empathetic,6.92238,7.220882,6.623878,0.6276372,0,1.610939,0,0,0,0,0,0,5.488473,4.347863,6.629094,0.592854,0.702737,0.482971,7.393675,6.225215,8.562135,0.5965229,0,2.118923,7.187691,6.099277,8.276105,9.837821,10,9.489655,6.92238,7.220882,6.623878,0.6276372,0,1.610939,0,0,0,0,0,0,5.488473,4.347863,6.629094,0.592854,0.702737,0.482971,7.393675,6.225215,8.562135,0.5965229,0,2.118923,7.187691,6.099277,8.276105,9.837821,10,9.489655,-1,-1,-1,-1,-1,-1,-1,-1,-1,-1,-1,-1,-1,-1,-1,-1,-1,-1,-1,-1,-1,-1,-1,-1,-1,-1,-1,-1,-1,-1,-1,-1,-1,-1,-1,-1,-1,-1,-1,-1,-1,-1,-1,-1,-1,-1,-1,-1,-1,-1,0,0,0,0,0,0,-1,-1,-1,-1,-1,-1,-1,-1,-1,-1,-1,-1,0,0,0,0,0,0,-1,-1,-1,-1,-1,-1,-1,-1,-1,-1,-1,-1,-1,-1,False,False,0,0,False,207,0,0,0,0,0,0,0,0,0,0,0,0,0,0,0,1,
0,1240,2026-02-23 12:18:18Z,LLM_Empathetic,6.92239,7.220884,6.623896,0.6276209,0,1.61093,0,0,0,0,0,0,5.488485,4.347867,6.629114,0.592854,0.702737,0.482971,7.393681,6.225212,8.562149,0.5965124,0,2.118913,7.187708,6.099287,8.276131,9.837855,10,9.489698,6.92239,7.220884,6.623896,0.6276209,0,1.61093,0,0,0,0,0,0,5.488485,4.347867,6.629114,0.592854,0.702737,0.482971,7.393681,6.225212,8.562149,0.5965124,0,2.118913,7.187708,6.099287,8.276131,9.837855,10,9.489698,-1,-1,-1,-1,-1,-1,-1,-1,-1,-1,-1,-1,-1,-1,-1,-1,-1,-1,-1,-1,-1,-1,-1,-1,-1,-1,-1,-1,-1,-1,-1,-1,-1,-1,-1,-1,-1,-1,-1,-1,-1,-1,-1,-1,-1,-1,-1,-1,-1,-1,0,0,0,0,0,0,-1,-1,-1,-1,-1,-1,-1,-1,-1,-1,-1,-1,0,0,0,0,0,0,-1,-1,-1,-1,-1,-1,-1,-1,-1,-1,-1,-1,-1,-1,False,False,0,0,False,209,0,0,0,0,0,0,0,0,0,0,0,0,0,0,0,1,
0,1241,2026-02-23 12:18:18Z,LLM_Empathetic,6.9224,7.220886,6.623913,0.6276045,0,1.610921,0,0,0,0,0,0,5.488498,4.347871,6.629135,0.592854,0.702737,0.482971,7.393686,6.225209,8.562163,0.596502,0,2.118902,7.187725,6.099296,8.276155,9.83789,10,9.489741,6.9224,7.220886,6.623913,0.6276045,0,1.610921,0,0,0,0,0,0,5.488498,4.347871,6.629135,0.592854,0.702737,0.482971,7.393686,6.225209,8.562163,0.596502,0,2.118902,7.187725,6.099296,8.276155,9.83789,10,9.489741,-1,-1,-1,-1,-1,-1,-1,-1,-1,-1,-1,-1,-1,-1,-1,-1,-1,-1,-1,-1,-1,-1,-1,-1,-1,-1,-1,-1,-1,-1,-1,-1,-1,-1,-1,-1,-1,-1,-1,-1,-1,-1,-1,-1,-1,-1,-1,-1,-1,-1,0,0,0,0,0,0,-1,-1,-1,-1,-1,-1,-1,-1,-1,-1,-1,-1,0,0,0,0,0,0,-1,-1,-1,-1,-1,-1,-1,-1,-1,-1,-1,-1,-1,-1,False,False,0,0,False,209,0,0,0,0,0,0,0,0,0,0,0,0,0,0,0,1,
0,1242,2026-02-23 12:18:18Z,LLM_Empathetic,6.922409,7.220887,6.623931,0.6275883,0,1.610912,0,0,0,0,0,0,5.48851,4.347875,6.629155,0.592854,0.702737,0.482971,7.393692,6.225206,8.562178,0.5964916,0,2.118892,7.187742,6.099305,8.27618,9.837924,10,9.489784,6.922409,7.220887,6.623931,0.6275883,0,1.610912,0,0,0,0,0,0,5.48851,4.347875,6.629155,0.592854,0.702737,0.482971,7.393692,6.225206,8.562178,0.5964916,0,2.118892,7.187742,6.099305,8.27618,9.837924,10,9.489784,-1,-1,-1,-1,-1,-1,-1,-1,-1,-1,-1,-1,-1,-1,-1,-1,-1,-1,-1,-1,-1,-1,-1,-1,-1,-1,-1,-1,-1,-1,-1,-1,-1,-1,-1,-1,-1,-1,-1,-1,-1,-1,-1,-1,-1,-1,-1,-1,-1,-1,0,0,0,0,0,0,-1,-1,-1,-1,-1,-1,-1,-1,-1,-1,-1,-1,0,0,0,0,0,0,-1,-1,-1,-1,-1,-1,-1,-1,-1,-1,-1,-1,-1,-1,False,False,0,0,False,207,0,0,0,0,0,0,0,0,0,0,0,0,0,0,0,1,
0,1243,2026-02-23 12:18:18Z,LLM_Empathetic,6.922419,7.220889,6.623948,0.627572,0,1.610903,0,0,0,0,0,0,5.488523,4.347879,6.629176,0.592854,0.702737,0.482971,7.393697,6.225204,8.562192,0.5964811,0,2.118881,7.187759,6.099314,8.276205,9.837958,10,9.489827,6.922419,7.220889,6.623948,0.627572,0,1.610903,0,0,0,0,0,0,5.488523,4.347879,6.629176,0.592854,0.702737,0.482971,7.393697,6.225204,8.562192,0.5964811,0,2.118881,7.187759,6.099314,8.276205,9.837958,10,9.489827,-1,-1,-1,-1,-1,-1,-1,-1,-1,-1,-1,-1,-1,-1,-1,-1,-1,-1,-1,-1,-1,-1,-1,-1,-1,-1,-1,-1,-1,-1,-1,-1,-1,-1,-1,-1,-1,-1,-1,-1,-1,-1,-1,-1,-1,-1,-1,-1,-1,-1,0,0,0,0,0,0,-1,-1,-1,-1,-1,-1,-1,-1,-1,-1,-1,-1,0,0,0,0,0,0,-1,-1,-1,-1,-1,-1,-1,-1,-1,-1,-1,-1,-1,-1,False,False,0,0,False,209,0,0,0,0,0,0,0,0,0,0,0,0,0,0,0,1,
0,1244,2026-02-23 12:18:18Z,LLM_Empathetic,6.922428,7.220891,6.623966,0.6275557,0,1.610894,0,0,0,0,0,0,5.488534,4.347883,6.629197,0.592854,0.702737,0.482971,7.393703,6.225201,8.562205,0.5964707,0,2.118871,7.187777,6.099323,8.27623,9.837993,10,9.48987,6.922428,7.220891,6.623966,0.6275557,0,1.610894,0,0,0,0,0,0,5.488534,4.347883,6.629197,0.592854,0.702737,0.482971,7.393703,6.225201,8.562205,0.5964707,0,2.118871,7.187777,6.099323,8.27623,9.837993,10,9.48987,-1,-1,-1,-1,-1,-1,-1,-1,-1,-1,-1,-1,-1,-1,-1,-1,-1,-1,-1,-1,-1,-1,-1,-1,-1,-1,-1,-1,-1,-1,-1,-1,-1,-1,-1,-1,-1,-1,-1,-1,-1,-1,-1,-1,-1,-1,-1,-1,-1,-1,0,0,0,0,0,0,-1,-1,-1,-1,-1,-1,-1,-1,-1,-1,-1,-1,0,0,0,0,0,0,-1,-1,-1,-1,-1,-1,-1,-1,-1,-1,-1,-1,-1,-1,False,False,0,0,False,209,0,0,0,0,0,0,0,0,0,0,0,0,0,0,0,1,
0,1245,2026-02-23 12:18:18Z,LLM_Empathetic,6.922438,7.220892,6.623983,0.6275395,0,1.610885,0,0,0,0,0,0,5.488547,4.347888,6.629217,0.592854,0.702737,0.482971,7.393709,6.225198,8.56222,0.5964603,0,2.118861,7.187793,6.099333,8.276255,9.838026,10,9.489913,6.922438,7.220892,6.623983,0.6275395,0,1.610885,0,0,0,0,0,0,5.488547,4.347888,6.629217,0.592854,0.702737,0.482971,7.393709,6.225198,8.56222,0.5964603,0,2.118861,7.187793,6.099333,8.276255,9.838026,10,9.489913,-1,-1,-1,-1,-1,-1,-1,-1,-1,-1,-1,-1,-1,-1,-1,-1,-1,-1,-1,-1,-1,-1,-1,-1,-1,-1,-1,-1,-1,-1,-1,-1,-1,-1,-1,-1,-1,-1,-1,-1,-1,-1,-1,-1,-1,-1,-1,-1,-1,-1,0,0,0,0,0,0,-1,-1,-1,-1,-1,-1,-1,-1,-1,-1,-1,-1,0,0,0,0,0,0,-1,-1,-1,-1,-1,-1,-1,-1,-1,-1,-1,-1,-1,-1,False,False,0,0,False,209,0,0,0,0,0,0,0,0,0,0,0,0,0,0,0,1,
0,1246,2026-02-23 12:18:18Z,LLM_Empathetic,6.922447,7.220894,6.624001,0.6275233,0,1.610876,0,0,0,0,0,0,5.488559,4.347891,6.629238,0.592854,0.702737,0.482971,7.393714,6.225195,8.562234,0.59645,0,2.11885,7.18781,6.099342,8.276279,9.83806,10,9.489956,6.922447,7.220894,6.624001,0.6275233,0,1.610876,0,0,0,0,0,0,5.488559,4.347891,6.629238,0.592854,0.702737,0.482971,7.393714,6.225195,8.562234,0.59645,0,2.11885,7.18781,6.099342,8.276279,9.83806,10,9.489956,-1,-1,-1,-1,-1,-1,-1,-1,-1,-1,-1,-1,-1,-1,-1,-1,-1,-1,-1,-1,-1,-1,-1,-1,-1,-1,-1,-1,-1,-1,-1,-1,-1,-1,-1,-1,-1,-1,-1,-1,-1,-1,-1,-1,-1,-1,-1,-1,-1,-1,0,0,0,0,0,0,-1,-1,-1,-1,-1,-1,-1,-1,-1,-1,-1,-1,0,0,0,0,0,0,-1,-1,-1,-1,-1,-1,-1,-1,-1,-1,-1,-1,-1,-1,False,False,0,0,False,207,0,0,0,0,0,0,0,0,0,0,0,0,0,0,0,1,
0,1247,2026-02-23 12:18:18Z,LLM_Empathetic,6.922457,7.220896,6.624018,0.6275071,0,1.610867,0,0,0,0,0,0,5.488572,4.347896,6.629258,0.592854,0.702737,0.482971,7.39372,6.225192,8.562248,0.5964396,0,2.11884,7.187828,6.099351,8.276304,9.838095,10,9.489998,6.922457,7.220896,6.624018,0.6275071,0,1.610867,0,0,0,0,0,0,5.488572,4.347896,6.629258,0.592854,0.702737,0.482971,7.39372,6.225192,8.562248,0.5964396,0,2.11884,7.187828,6.099351,8.276304,9.838095,10,9.489998,-1,-1,-1,-1,-1,-1,-1,-1,-1,-1,-1,-1,-1,-1,-1,-1,-1,-1,-1,-1,-1,-1,-1,-1,-1,-1,-1,-1,-1,-1,-1,-1,-1,-1,-1,-1,-1,-1,-1,-1,-1,-1,-1,-1,-1,-1,-1,-1,-1,-1,0,0,0,0,0,0,-1,-1,-1,-1,-1,-1,-1,-1,-1,-1,-1,-1,0,0,0,0,0,0,-1,-1,-1,-1,-1,-1,-1,-1,-1,-1,-1,-1,-1,-1,False,False,0,0,False,207,0,0,0,0,0,0,0,0,0,0,0,0,0,0,0,1,
0,1248,2026-02-23 12:18:18Z,LLM_Empathetic,6.922466,7.220898,6.624035,0.6274909,0,1.610858,0,0,0,0,0,0,5.488584,4.347899,6.629278,0.592854,0.702737,0.482971,7.393725,6.225189,8.562262,0.5964292,0,2.11883,7.187844,6.09936,8.276329,9.838128,10,9.490041,6.922466,7.220898,6.624035,0.6274909,0,1.610858,0,0,0,0,0,0,5.488584,4.347899,6.629278,0.592854,0.702737,0.482971,7.393725,6.225189,8.562262,0.5964292,0,2.11883,7.187844,6.09936,8.276329,9.838128,10,9.490041,-1,-1,-1,-1,-1,-1,-1,-1,-1,-1,-1,-1,-1,-1,-1,-1,-1,-1,-1,-1,-1,-1,-1,-1,-1,-1,-1,-1,-1,-1,-1,-1,-1,-1,-1,-1,-1,-1,-1,-1,-1,-1,-1,-1,-1,-1,-1,-1,-1,-1,0,0,0,0,0,0,-1,-1,-1,-1,-1,-1,-1,-1,-1,-1,-1,-1,0,0,0,0,0,0,-1,-1,-1,-1,-1,-1,-1,-1,-1,-1,-1,-1,-1,-1,False,False,0,0,False,209,0,0,0,0,0,0,0,0,0,0,0,0,0,0,0,1,
0,1249,2026-02-23 12:18:18Z,LLM_Empathetic,6.922476,7.2209,6.624052,0.6274748,0,1.610849,0,0,0,0,0,0,5.488596,4.347903,6.629299,0.592854,0.702737,0.482971,7.393731,6.225186,8.562276,0.5964189,0,2.118819,7.187861,6.09937,8.276354,9.838162,10,9.490084,6.922476,7.2209,6.624052,0.6274748,0,1.610849,0,0,0,0,0,0,5.488596,4.347903,6.629299,0.592854,0.702737,0.482971,7.393731,6.225186,8.562276,0.5964189,0,2.118819,7.187861,6.09937,8.276354,9.838162,10,9.490084,-1,-1,-1,-1,-1,-1,-1,-1,-1,-1,-1,-1,-1,-1,-1,-1,-1,-1,-1,-1,-1,-1,-1,-1,-1,-1,-1,-1,-1,-1,-1,-1,-1,-1,-1,-1,-1,-1,-1,-1,-1,-1,-1,-1,-1,-1,-1,-1,-1,-1,0,0,0,0,0,0,-1,-1,-1,-1,-1,-1,-1,-1,-1,-1,-1,-1,0,0,0,0,0,0,-1,-1,-1,-1,-1,-1,-1,-1,-1,-1,-1,-1,-1,-1,False,False,0,0,False,207,0,0,0,0,0,0,0,0,0,0,0,0,0,0,0,1,
0,1250,2026-02-23 12:18:18Z,LLM_Empathetic,6.922485,7.220901,6.62407,0.6274586,0,1.61084,0,0,0,0,0,0,5.488608,4.347908,6.629319,0.592854,0.702737,0.482971,7.393736,6.225183,8.56229,0.5964085,0,2.118809,7.187878,6.099379,8.276379,9.838196,10,9.490126,6.922485,7.220901,6.62407,0.6274586,0,1.61084,0,0,0,0,0,0,5.488608,4.347908,6.629319,0.592854,0.702737,0.482971,7.393736,6.225183,8.56229,0.5964085,0,2.118809,7.187878,6.099379,8.276379,9.838196,10,9.490126,-1,-1,-1,-1,-1,-1,-1,-1,-1,-1,-1,-1,-1,-1,-1,-1,-1,-1,-1,-1,-1,-1,-1,-1,-1,-1,-1,-1,-1,-1,-1,-1,-1,-1,-1,-1,-1,-1,-1,-1,-1,-1,-1,-1,-1,-1,-1,-1,-1,-1,0,0,0,0,0,0,-1,-1,-1,-1,-1,-1,-1,-1,-1,-1,-1,-1,0,0,0,0,0,0,-1,-1,-1,-1,-1,-1,-1,-1,-1,-1,-1,-1,-1,-1,False,False,0,0,False,207,0,0,0,0,0,0,0,0,0,0,0,0,0,0,0,1,
0,1251,2026-02-23 12:18:19Z,LLM_Empathetic,6.922495,7.220903,6.624087,0.6274425,0,1.610831,0,0,0,0,0,0,5.48862,4.347911,6.629339,0.592854,0.702737,0.482971,7.393742,6.225181,8.562304,0.5963982,0,2.118799,7.187895,6.099388,8.276403,9.83823,10,9.490169,6.922495,7.220903,6.624087,0.6274425,0,1.610831,0,0,0,0,0,0,5.48862,4.347911,6.629339,0.592854,0.702737,0.482971,7.393742,6.225181,8.562304,0.5963982,0,2.118799,7.187895,6.099388,8.276403,9.83823,10,9.490169,-1,-1,-1,-1,-1,-1,-1,-1,-1,-1,-1,-1,-1,-1,-1,-1,-1,-1,-1,-1,-1,-1,-1,-1,-1,-1,-1,-1,-1,-1,-1,-1,-1,-1,-1,-1,-1,-1,-1,-1,-1,-1,-1,-1,-1,-1,-1,-1,-1,-1,0,0,0,0,0,0,-1,-1,-1,-1,-1,-1,-1,-1,-1,-1,-1,-1,0,0,0,0,0,0,-1,-1,-1,-1,-1,-1,-1,-1,-1,-1,-1,-1,-1,-1,False,False,0,0,False,209,0,0,0,0,0,0,0,0,0,0,0,0,0,0,0,1,
0,1252,2026-02-23 12:18:19Z,LLM_Empathetic,6.922504,7.220905,6.624104,0.6274264,0,1.610823,0,0,0,0,0,0,5.488633,4.347916,6.62936,0.592854,0.702737,0.482971,7.393748,6.225178,8.562318,0.596388,0,2.118788,7.187912,6.099397,8.276428,9.838264,10,9.490211,6.922504,7.220905,6.624104,0.6274264,0,1.610823,0,0,0,0,0,0,5.488633,4.347916,6.62936,0.592854,0.702737,0.482971,7.393748,6.225178,8.562318,0.596388,0,2.118788,7.187912,6.099397,8.276428,9.838264,10,9.490211,-1,-1,-1,-1,-1,-1,-1,-1,-1,-1,-1,-1,-1,-1,-1,-1,-1,-1,-1,-1,-1,-1,-1,-1,-1,-1,-1,-1,-1,-1,-1,-1,-1,-1,-1,-1,-1,-1,-1,-1,-1,-1,-1,-1,-1,-1,-1,-1,-1,-1,0,0,0,0,0,0,-1,-1,-1,-1,-1,-1,-1,-1,-1,-1,-1,-1,0,0,0,0,0,0,-1,-1,-1,-1,-1,-1,-1,-1,-1,-1,-1,-1,-1,-1,False,False,0,0,False,207,0,0,0,0,0,0,0,0,0,0,0,0,0,0,0,1,
0,1253,2026-02-23 12:18:19Z,LLM_Empathetic,6.922514,7.220906,6.624121,0.6274104,0,1.610814,0,0,0,0,0,0,5.488645,4.347919,6.62938,0.592854,0.702737,0.482971,7.393753,6.225175,8.562332,0.5963777,0,2.118778,7.187929,6.099406,8.276453,9.838297,10,9.490253,6.922514,7.220906,6.624121,0.6274104,0,1.610814,0,0,0,0,0,0,5.488645,4.347919,6.62938,0.592854,0.702737,0.482971,7.393753,6.225175,8.562332,0.5963777,0,2.118778,7.187929,6.099406,8.276453,9.838297,10,9.490253,-1,-1,-1,-1,-1,-1,-1,-1,-1,-1,-1,-1,-1,-1,-1,-1,-1,-1,-1,-1,-1,-1,-1,-1,-1,-1,-1,-1,-1,-1,-1,-1,-1,-1,-1,-1,-1,-1,-1,-1,-1,-1,-1,-1,-1,-1,-1,-1,-1,-1,0,0,0,0,0,0,-1,-1,-1,-1,-1,-1,-1,-1,-1,-1,-1,-1,0,0,0,0,0,0,-1,-1,-1,-1,-1,-1,-1,-1,-1,-1,-1,-1,-1,-1,False,False,0,0,False,207,0,0,0,0,0,0,0,0,0,0,0,0,0,0,0,1,
0,1254,2026-02-23 12:18:19Z,LLM_Empathetic,6.922523,7.220908,6.624138,0.6273944,0,1.610805,0,0,0,0,0,0,5.488657,4.347924,6.6294,0.592854,0.702737,0.482971,7.393759,6.225172,8.562346,0.5963674,0,2.118768,7.187946,6.099415,8.276478,9.838331,10,9.490295,6.922523,7.220908,6.624138,0.6273944,0,1.610805,0,0,0,0,0,0,5.488657,4.347924,6.6294,0.592854,0.702737,0.482971,7.393759,6.225172,8.562346,0.5963674,0,2.118768,7.187946,6.099415,8.276478,9.838331,10,9.490295,-1,-1,-1,-1,-1,-1,-1,-1,-1,-1,-1,-1,-1,-1,-1,-1,-1,-1,-1,-1,-1,-1,-1,-1,-1,-1,-1,-1,-1,-1,-1,-1,-1,-1,-1,-1,-1,-1,-1,-1,-1,-1,-1,-1,-1,-1,-1,-1,-1,-1,0,0,0,0,0,0,-1,-1,-1,-1,-1,-1,-1,-1,-1,-1,-1,-1,0,0,0,0,0,0,-1,-1,-1,-1,-1,-1,-1,-1,-1,-1,-1,-1,-1,-1,False,False,0,0,False,207,0,0,0,0,0,0,0,0,0,0,0,0,0,0,0,1,
0,1255,2026-02-23 12:18:19Z,LLM_Empathetic,6.922533,7.22091,6.624156,0.6273783,0,1.610796,0,0,0,0,0,0,5.488669,4.347928,6.629421,0.592854,0.702737,0.482971,7.393764,6.225169,8.56236,0.5963571,0,2.118757,7.187963,6.099424,8.276502,9.838365,10,9.490337,6.922533,7.22091,6.624156,0.6273783,0,1.610796,0,0,0,0,0,0,5.488669,4.347928,6.629421,0.592854,0.702737,0.482971,7.393764,6.225169,8.56236,0.5963571,0,2.118757,7.187963,6.099424,8.276502,9.838365,10,9.490337,-1,-1,-1,-1,-1,-1,-1,-1,-1,-1,-1,-1,-1,-1,-1,-1,-1,-1,-1,-1,-1,-1,-1,-1,-1,-1,-1,-1,-1,-1,-1,-1,-1,-1,-1,-1,-1,-1,-1,-1,-1,-1,-1,-1,-1,-1,-1,-1,-1,-1,0,0,0,0,0,0,-1,-1,-1,-1,-1,-1,-1,-1,-1,-1,-1,-1,0,0,0,0,0,0,-1,-1,-1,-1,-1,-1,-1,-1,-1,-1,-1,-1,-1,-1,False,False,0,0,False,207,0,0,0,0,0,0,0,0,0,0,0,0,0,0,0,1,
0,1256,2026-02-23 12:18:19Z,LLM_Empathetic,6.922542,7.220912,6.624173,0.6273624,0,1.610787,0,0,0,0,0,0,5.488681,4.347932,6.629441,0.592854,0.702737,0.482971,7.39377,6.225166,8.562373,0.5963469,0,2.118747,7.18798,6.099433,8.276526,9.838398,10,9.490379,6.922542,7.220912,6.624173,0.6273624,0,1.610787,0,0,0,0,0,0,5.488681,4.347932,6.629441,0.592854,0.702737,0.482971,7.39377,6.225166,8.562373,0.5963469,0,2.118747,7.18798,6.099433,8.276526,9.838398,10,9.490379,-1,-1,-1,-1,-1,-1,-1,-1,-1,-1,-1,-1,-1,-1,-1,-1,-1,-1,-1,-1,-1,-1,-1,-1,-1,-1,-1,-1,-1,-1,-1,-1,-1,-1,-1,-1,-1,-1,-1,-1,-1,-1,-1,-1,-1,-1,-1,-1,-1,-1,0,0,0,0,0,0,-1,-1,-1,-1,-1,-1,-1,-1,-1,-1,-1,-1,0,0,0,0,0,0,-1,-1,-1,-1,-1,-1,-1,-1,-1,-1,-1,-1,-1,-1,False,False,0,0,False,209,0,0,0,0,0,0,0,0,0,0,0,0,0,0,0,1,
0,1257,2026-02-23 12:18:19Z,LLM_Empathetic,6.922552,7.220913,6.62419,0.6273463,0,1.610778,0,0,0,0,0,0,5.488693,4.347936,6.629461,0.592854,0.702737,0.482971,7.393775,6.225163,8.562387,0.5963367,0,2.118737,7.187996,6.099442,8.276551,9.838431,10,9.490421,6.922552,7.220913,6.62419,0.6273463,0,1.610778,0,0,0,0,0,0,5.488693,4.347936,6.629461,0.592854,0.702737,0.482971,7.393775,6.225163,8.562387,0.5963367,0,2.118737,7.187996,6.099442,8.276551,9.838431,10,9.490421,-1,-1,-1,-1,-1,-1,-1,-1,-1,-1,-1,-1,-1,-1,-1,-1,-1,-1,-1,-1,-1,-1,-1,-1,-1,-1,-1,-1,-1,-1,-1,-1,-1,-1,-1,-1,-1,-1,-1,-1,-1,-1,-1,-1,-1,-1,-1,-1,-1,-1,0,0,0,0,0,0,-1,-1,-1,-1,-1,-1,-1,-1,-1,-1,-1,-1,0,0,0,0,0,0,-1,-1,-1,-1,-1,-1,-1,-1,-1,-1,-1,-1,-1,-1,False,False,0,0,False,209,0,0,0,0,0,0,0,0,0,0,0,0,0,0,0,1,
0,1258,2026-02-23 12:18:19Z,LLM_Empathetic,6.922561,7.220915,6.624207,0.6273304,0,1.61077,0,0,0,0,0,0,5.488705,4.347939,6.629481,0.592854,0.702737,0.482971,7.393781,6.225161,8.562401,0.5963264,0,2.118727,7.188013,6.099452,8.276575,9.838465,10,9.490464,6.922561,7.220915,6.624207,0.6273304,0,1.61077,0,0,0,0,0,0,5.488705,4.347939,6.629481,0.592854,0.702737,0.482971,7.393781,6.225161,8.562401,0.5963264,0,2.118727,7.188013,6.099452,8.276575,9.838465,10,9.490464,-1,-1,-1,-1,-1,-1,-1,-1,-1,-1,-1,-1,-1,-1,-1,-1,-1,-1,-1,-1,-1,-1,-1,-1,-1,-1,-1,-1,-1,-1,-1,-1,-1,-1,-1,-1,-1,-1,-1,-1,-1,-1,-1,-1,-1,-1,-1,-1,-1,-1,0,0,0,0,0,0,-1,-1,-1,-1,-1,-1,-1,-1,-1,-1,-1,-1,0,0,0,0,0,0,-1,-1,-1,-1,-1,-1,-1,-1,-1,-1,-1,-1,-1,-1,False,False,0,0,False,209,0,0,0,0,0,0,0,0,0,0,0,0,0,0,0,1,
0,1259,2026-02-23 12:18:19Z,LLM_Empathetic,6.92257,7.220917,6.624224,0.6273144,0,1.610761,0,0,0,0,0,0,5.488717,4.347944,6.629501,0.592854,0.702737,0.482971,7.393786,6.225158,8.562415,0.5963162,0,2.118717,7.18803,6.099461,8.2766,9.838499,10,9.490506,6.92257,7.220917,6.624224,0.6273144,0,1.610761,0,0,0,0,0,0,5.488717,4.347944,6.629501,0.592854,0.702737,0.482971,7.393786,6.225158,8.562415,0.5963162,0,2.118717,7.18803,6.099461,8.2766,9.838499,10,9.490506,-1,-1,-1,-1,-1,-1,-1,-1,-1,-1,-1,-1,-1,-1,-1,-1,-1,-1,-1,-1,-1,-1,-1,-1,-1,-1,-1,-1,-1,-1,-1,-1,-1,-1,-1,-1,-1,-1,-1,-1,-1,-1,-1,-1,-1,-1,-1,-1,-1,-1,0,0,0,0,0,0,-1,-1,-1,-1,-1,-1,-1,-1,-1,-1,-1,-1,0,0,0,0,0,0,-1,-1,-1,-1,-1,-1,-1,-1,-1,-1,-1,-1,-1,-1,False,False,0,0,False,207,0,0,0,0,0,0,0,0,0,0,0,0,0,0,0,1,
0,1260,2026-02-23 12:18:19Z,LLM_Empathetic,6.92258,7.220918,6.624241,0.6272985,0,1.610752,0,0,0,0,0,0,5.488729,4.347948,6.629521,0.592854,0.702737,0.482971,7.393792,6.225155,8.562428,0.596306,0,2.118706,7.188046,6.09947,8.276625,9.838532,10,9.490548,6.92258,7.220918,6.624241,0.6272985,0,1.610752,0,0,0,0,0,0,5.488729,4.347948,6.629521,0.592854,0.702737,0.482971,7.393792,6.225155,8.562428,0.596306,0,2.118706,7.188046,6.09947,8.276625,9.838532,10,9.490548,-1,-1,-1,-1,-1,-1,-1,-1,-1,-1,-1,-1,-1,-1,-1,-1,-1,-1,-1,-1,-1,-1,-1,-1,-1,-1,-1,-1,-1,-1,-1,-1,-1,-1,-1,-1,-1,-1,-1,-1,-1,-1,-1,-1,-1,-1,-1,-1,-1,-1,0,0,0,0,0,0,-1,-1,-1,-1,-1,-1,-1,-1,-1,-1,-1,-1,0,0,0,0,0,0,-1,-1,-1,-1,-1,-1,-1,-1,-1,-1,-1,-1,-1,-1,False,False,0,0,False,209,0,0,0,0,0,0,0,0,0,0,0,0,0,0,0,1,
0,1261,2026-02-23 12:18:19Z,LLM_Empathetic,6.922589,7.22092,6.624258,0.6272826,0,1.610743,0,0,0,0,0,0,5.488741,4.347951,6.629541,0.592854,0.702737,0.482971,7.393797,6.225152,8.562443,0.5962958,0,2.118696,7.188063,6.099479,8.276649,9.838566,10,9.490589,6.922589,7.22092,6.624258,0.6272826,0,1.610743,0,0,0,0,0,0,5.488741,4.347951,6.629541,0.592854,0.702737,0.482971,7.393797,6.225152,8.562443,0.5962958,0,2.118696,7.188063,6.099479,8.276649,9.838566,10,9.490589,-1,-1,-1,-1,-1,-1,-1,-1,-1,-1,-1,-1,-1,-1,-1,-1,-1,-1,-1,-1,-1,-1,-1,-1,-1,-1,-1,-1,-1,-1,-1,-1,-1,-1,-1,-1,-1,-1,-1,-1,-1,-1,-1,-1,-1,-1,-1,-1,-1,-1,0,0,0,0,0,0,-1,-1,-1,-1,-1,-1,-1,-1,-1,-1,-1,-1,0,0,0,0,0,0,-1,-1,-1,-1,-1,-1,-1,-1,-1,-1,-1,-1,-1,-1,False,False,0,0,False,207,0,0,0,0,0,0,0,0,0,0,0,0,0,0,0,1,
0,1262,2026-02-23 12:18:19Z,LLM_Empathetic,6.922598,7.220922,6.624275,0.6272668,0,1.610734,0,0,0,0,0,0,5.488753,4.347956,6.629561,0.592854,0.702737,0.482971,7.393803,6.225149,8.562456,0.5962857,0,2.118686,7.18808,6.099488,8.276673,9.838599,10,9.490631,6.922598,7.220922,6.624275,0.6272668,0,1.610734,0,0,0,0,0,0,5.488753,4.347956,6.629561,0.592854,0.702737,0.482971,7.393803,6.225149,8.562456,0.5962857,0,2.118686,7.18808,6.099488,8.276673,9.838599,10,9.490631,-1,-1,-1,-1,-1,-1,-1,-1,-1,-1,-1,-1,-1,-1,-1,-1,-1,-1,-1,-1,-1,-1,-1,-1,-1,-1,-1,-1,-1,-1,-1,-1,-1,-1,-1,-1,-1,-1,-1,-1,-1,-1,-1,-1,-1,-1,-1,-1,-1,-1,0,0,0,0,0,0,-1,-1,-1,-1,-1,-1,-1,-1,-1,-1,-1,-1,0,0,0,0,0,0,-1,-1,-1,-1,-1,-1,-1,-1,-1,-1,-1,-1,-1,-1,False,False,0,0,False,207,0,0,0,0,0,0,0,0,0,0,0,0,0,0,0,1,
0,1263,2026-02-23 12:18:19Z,LLM_Empathetic,6.922608,7.220923,6.624292,0.6272509,0,1.610726,0,0,0,0,0,0,5.488765,4.34796,6.629581,0.592854,0.702737,0.482971,7.393808,6.225147,8.56247,0.5962755,0,2.118676,7.188097,6.099497,8.276697,9.838632,10,9.490673,6.922608,7.220923,6.624292,0.6272509,0,1.610726,0,0,0,0,0,0,5.488765,4.34796,6.629581,0.592854,0.702737,0.482971,7.393808,6.225147,8.56247,0.5962755,0,2.118676,7.188097,6.099497,8.276697,9.838632,10,9.490673,-1,-1,-1,-1,-1,-1,-1,-1,-1,-1,-1,-1,-1,-1,-1,-1,-1,-1,-1,-1,-1,-1,-1,-1,-1,-1,-1,-1,-1,-1,-1,-1,-1,-1,-1,-1,-1,-1,-1,-1,-1,-1,-1,-1,-1,-1,-1,-1,-1,-1,0,0,0,0,0,0,-1,-1,-1,-1,-1,-1,-1,-1,-1,-1,-1,-1,0,0,0,0,0,0,-1,-1,-1,-1,-1,-1,-1,-1,-1,-1,-1,-1,-1,-1,False,False,0,0,False,209,0,0,0,0,0,0,0,0,0,0,0,0,0,0,0,1,
0,1264,2026-02-23 12:18:19Z,LLM_Empathetic,6.922617,7.220925,6.624309,0.6272351,0,1.610717,0,0,0,0,0,0,5.488777,4.347963,6.629601,0.592854,0.702737,0.482971,7.393814,6.225144,8.562484,0.5962654,0,2.118666,7.188113,6.099506,8.276722,9.838665,10,9.490715,6.922617,7.220925,6.624309,0.6272351,0,1.610717,0,0,0,0,0,0,5.488777,4.347963,6.629601,0.592854,0.702737,0.482971,7.393814,6.225144,8.562484,0.5962654,0,2.118666,7.188113,6.099506,8.276722,9.838665,10,9.490715,-1,-1,-1,-1,-1,-1,-1,-1,-1,-1,-1,-1,-1,-1,-1,-1,-1,-1,-1,-1,-1,-1,-1,-1,-1,-1,-1,-1,-1,-1,-1,-1,-1,-1,-1,-1,-1,-1,-1,-1,-1,-1,-1,-1,-1,-1,-1,-1,-1,-1,0,0,0,0,0,0,-1,-1,-1,-1,-1,-1,-1,-1,-1,-1,-1,-1,0,0,0,0,0,0,-1,-1,-1,-1,-1,-1,-1,-1,-1,-1,-1,-1,-1,-1,False,False,0,0,False,207,0,0,0,0,0,0,0,0,0,0,0,0,0,0,0,1,
0,1265,2026-02-23 12:18:19Z,LLM_Empathetic,6.922626,7.220927,6.624326,0.6272193,0,1.610708,0,0,0,0,0,0,5.488789,4.347968,6.629622,0.592854,0.702737,0.482971,7.393819,6.225141,8.562498,0.5962552,0,2.118656,7.18813,6.099515,8.276746,9.838698,10,9.490757,6.922626,7.220927,6.624326,0.6272193,0,1.610708,0,0,0,0,0,0,5.488789,4.347968,6.629622,0.592854,0.702737,0.482971,7.393819,6.225141,8.562498,0.5962552,0,2.118656,7.18813,6.099515,8.276746,9.838698,10,9.490757,-1,-1,-1,-1,-1,-1,-1,-1,-1,-1,-1,-1,-1,-1,-1,-1,-1,-1,-1,-1,-1,-1,-1,-1,-1,-1,-1,-1,-1,-1,-1,-1,-1,-1,-1,-1,-1,-1,-1,-1,-1,-1,-1,-1,-1,-1,-1,-1,-1,-1,0,0,0,0,0,0,-1,-1,-1,-1,-1,-1,-1,-1,-1,-1,-1,-1,0,0,0,0,0,0,-1,-1,-1,-1,-1,-1,-1,-1,-1,-1,-1,-1,-1,-1,False,False,0,0,False,209,0,0,0,0,0,0,0,0,0,0,0,0,0,0,0,1,
0,1266,2026-02-23 12:18:19Z,LLM_Empathetic,6.922636,7.220928,6.624343,0.6272035,0,1.6107,0,0,0,0,0,0,5.488801,4.347971,6.629642,0.592854,0.702737,0.482971,7.393825,6.225138,8.562511,0.5962451,0,2.118645,7.188147,6.099524,8.27677,9.838732,10,9.490798,6.922636,7.220928,6.624343,0.6272035,0,1.6107,0,0,0,0,0,0,5.488801,4.347971,6.629642,0.592854,0.702737,0.482971,7.393825,6.225138,8.562511,0.5962451,0,2.118645,7.188147,6.099524,8.27677,9.838732,10,9.490798,-1,-1,-1,-1,-1,-1,-1,-1,-1,-1,-1,-1,-1,-1,-1,-1,-1,-1,-1,-1,-1,-1,-1,-1,-1,-1,-1,-1,-1,-1,-1,-1,-1,-1,-1,-1,-1,-1,-1,-1,-1,-1,-1,-1,-1,-1,-1,-1,-1,-1,0,0,0,0,0,0,-1,-1,-1,-1,-1,-1,-1,-1,-1,-1,-1,-1,0,0,0,0,0,0,-1,-1,-1,-1,-1,-1,-1,-1,-1,-1,-1,-1,-1,-1,False,False,0,0,False,207,0,0,0,0,0,0,0,0,0,0,0,0,0,0,0,1,
0,1267,2026-02-23 12:18:19Z,LLM_Empathetic,6.922645,7.22093,6.62436,0.6271877,0,1.610691,0,0,0,0,0,0,5.488813,4.347975,6.629662,0.592854,0.702737,0.482971,7.39383,6.225135,8.562525,0.596235,0,2.118635,7.188163,6.099533,8.276794,9.838765,10,9.49084,6.922645,7.22093,6.62436,0.6271877,0,1.610691,0,0,0,0,0,0,5.488813,4.347975,6.629662,0.592854,0.702737,0.482971,7.39383,6.225135,8.562525,0.596235,0,2.118635,7.188163,6.099533,8.276794,9.838765,10,9.49084,-1,-1,-1,-1,-1,-1,-1,-1,-1,-1,-1,-1,-1,-1,-1,-1,-1,-1,-1,-1,-1,-1,-1,-1,-1,-1,-1,-1,-1,-1,-1,-1,-1,-1,-1,-1,-1,-1,-1,-1,-1,-1,-1,-1,-1,-1,-1,-1,-1,-1,0,0,0,0,0,0,-1,-1,-1,-1,-1,-1,-1,-1,-1,-1,-1,-1,0,0,0,0,0,0,-1,-1,-1,-1,-1,-1,-1,-1,-1,-1,-1,-1,-1,-1,False,False,0,0,False,209,0,0,0,0,0,0,0,0,0,0,0,0,0,0,0,1,
0,1268,2026-02-23 12:18:19Z,LLM_Empathetic,6.922654,7.220932,6.624376,0.6271719,0,1.610682,0,0,0,0,0,0,5.488825,4.347979,6.629681,0.592854,0.702737,0.482971,7.393836,6.225132,8.562539,0.5962249,0,2.118625,7.188179,6.099542,8.276818,9.838798,10,9.490881,6.922654,7.220932,6.624376,0.6271719,0,1.610682,0,0,0,0,0,0,5.488825,4.347979,6.629681,0.592854,0.702737,0.482971,7.393836,6.225132,8.562539,0.5962249,0,2.118625,7.188179,6.099542,8.276818,9.838798,10,9.490881,-1,-1,-1,-1,-1,-1,-1,-1,-1,-1,-1,-1,-1,-1,-1,-1,-1,-1,-1,-1,-1,-1,-1,-1,-1,-1,-1,-1,-1,-1,-1,-1,-1,-1,-1,-1,-1,-1,-1,-1,-1,-1,-1,-1,-1,-1,-1,-1,-1,-1,0,0,0,0,0,0,-1,-1,-1,-1,-1,-1,-1,-1,-1,-1,-1,-1,0,0,0,0,0,0,-1,-1,-1,-1,-1,-1,-1,-1,-1,-1,-1,-1,-1,-1,False,False,0,0,False,207,0,0,0,0,0,0,0,0,0,0,0,0,0,0,0,1,
0,1269,2026-02-23 12:18:19Z,LLM_Empathetic,6.922663,7.220933,6.624393,0.6271561,0,1.610673,0,0,0,0,0,0,5.488837,4.347983,6.629701,0.592854,0.702737,0.482971,7.393841,6.22513,8.562552,0.5962148,0,2.118615,7.188196,6.099551,8.276842,9.838831,10,9.490923,6.922663,7.220933,6.624393,0.6271561,0,1.610673,0,0,0,0,0,0,5.488837,4.347983,6.629701,0.592854,0.702737,0.482971,7.393841,6.22513,8.562552,0.5962148,0,2.118615,7.188196,6.099551,8.276842,9.838831,10,9.490923,-1,-1,-1,-1,-1,-1,-1,-1,-1,-1,-1,-1,-1,-1,-1,-1,-1,-1,-1,-1,-1,-1,-1,-1,-1,-1,-1,-1,-1,-1,-1,-1,-1,-1,-1,-1,-1,-1,-1,-1,-1,-1,-1,-1,-1,-1,-1,-1,-1,-1,0,0,0,0,0,0,-1,-1,-1,-1,-1,-1,-1,-1,-1,-1,-1,-1,0,0,0,0,0,0,-1,-1,-1,-1,-1,-1,-1,-1,-1,-1,-1,-1,-1,-1,False,False,0,0,False,207,0,0,0,0,0,0,0,0,0,0,0,0,0,0,0,1,
0,1270,2026-02-23 12:18:19Z,LLM_Empathetic,6.922673,7.220935,6.62441,0.6271405,0,1.610665,0,0,0,0,0,0,5.488849,4.347987,6.629721,0.592854,0.702737,0.482971,7.393847,6.225127,8.562566,0.5962048,0,2.118605,7.188213,6.09956,8.276867,9.838863,10,9.490964,6.922673,7.220935,6.62441,0.6271405,0,1.610665,0,0,0,0,0,0,5.488849,4.347987,6.629721,0.592854,0.702737,0.482971,7.393847,6.225127,8.562566,0.5962048,0,2.118605,7.188213,6.09956,8.276867,9.838863,10,9.490964,-1,-1,-1,-1,-1,-1,-1,-1,-1,-1,-1,-1,-1,-1,-1,-1,-1,-1,-1,-1,-1,-1,-1,-1,-1,-1,-1,-1,-1,-1,-1,-1,-1,-1,-1,-1,-1,-1,-1,-1,-1,-1,-1,-1,-1,-1,-1,-1,-1,-1,0,0,0,0,0,0,-1,-1,-1,-1,-1,-1,-1,-1,-1,-1,-1,-1,0,0,0,0,0,0,-1,-1,-1,-1,-1,-1,-1,-1,-1,-1,-1,-1,-1,-1,False,False,0,0,False,209,0,0,0,0,0,0,0,0,0,0,0,0,0,0,0,1,
0,1271,2026-02-23 12:18:19Z,LLM_Empathetic,6.922682,7.220937,6.624427,0.6271247,0,1.610656,0,0,0,0,0,0,5.488861,4.347991,6.629741,0.592854,0.702737,0.482971,7.393852,6.225124,8.562579,0.5961947,0,2.118595,7.188229,6.099569,8.276891,9.838897,10,9.491005,6.922682,7.220937,6.624427,0.6271247,0,1.610656,0,0,0,0,0,0,5.488861,4.347991,6.629741,0.592854,0.702737,0.482971,7.393852,6.225124,8.562579,0.5961947,0,2.118595,7.188229,6.099569,8.276891,9.838897,10,9.491005,-1,-1,-1,-1,-1,-1,-1,-1,-1,-1,-1,-1,-1,-1,-1,-1,-1,-1,-1,-1,-1,-1,-1,-1,-1,-1,-1,-1,-1,-1,-1,-1,-1,-1,-1,-1,-1,-1,-1,-1,-1,-1,-1,-1,-1,-1,-1,-1,-1,-1,0,0,0,0,0,0,-1,-1,-1,-1,-1,-1,-1,-1,-1,-1,-1,-1,0,0,0,0,0,0,-1,-1,-1,-1,-1,-1,-1,-1,-1,-1,-1,-1,-1,-1,False,False,0,0,False,209,0,0,0,0,0,0,0,0,0,0,0,0,0,0,0,1,
0,1272,2026-02-23 12:18:19Z,LLM_Empathetic,6.922691,7.220938,6.624444,0.6271091,0,1.610647,0,0,0,0,0,0,5.488873,4.347995,6.629761,0.592854,0.702737,0.482971,7.393857,6.225121,8.562593,0.5961847,0,2.118585,7.188246,6.099577,8.276915,9.83893,10,9.491047,6.922691,7.220938,6.624444,0.6271091,0,1.610647,0,0,0,0,0,0,5.488873,4.347995,6.629761,0.592854,0.702737,0.482971,7.393857,6.225121,8.562593,0.5961847,0,2.118585,7.188246,6.099577,8.276915,9.83893,10,9.491047,-1,-1,-1,-1,-1,-1,-1,-1,-1,-1,-1,-1,-1,-1,-1,-1,-1,-1,-1,-1,-1,-1,-1,-1,-1,-1,-1,-1,-1,-1,-1,-1,-1,-1,-1,-1,-1,-1,-1,-1,-1,-1,-1,-1,-1,-1,-1,-1,-1,-1,0,0,0,0,0,0,-1,-1,-1,-1,-1,-1,-1,-1,-1,-1,-1,-1,0,0,0,0,0,0,-1,-1,-1,-1,-1,-1,-1,-1,-1,-1,-1,-1,-1,-1,False,False,0,0,False,209,0,0,0,0,0,0,0,0,0,0,0,0,0,0,0,1,
0,1273,2026-02-23 12:18:19Z,LLM_Empathetic,6.9227,7.22094,6.624461,0.6270934,0,1.610639,0,0,0,0,0,0,5.488884,4.347999,6.62978,0.592854,0.702737,0.482971,7.393863,6.225119,8.562607,0.5961747,0,2.118575,7.188262,6.099586,8.276938,9.838963,10,9.491088,6.9227,7.22094,6.624461,0.6270934,0,1.610639,0,0,0,0,0,0,5.488884,4.347999,6.62978,0.592854,0.702737,0.482971,7.393863,6.225119,8.562607,0.5961747,0,2.118575,7.188262,6.099586,8.276938,9.838963,10,9.491088,-1,-1,-1,-1,-1,-1,-1,-1,-1,-1,-1,-1,-1,-1,-1,-1,-1,-1,-1,-1,-1,-1,-1,-1,-1,-1,-1,-1,-1,-1,-1,-1,-1,-1,-1,-1,-1,-1,-1,-1,-1,-1,-1,-1,-1,-1,-1,-1,-1,-1,0,0,0,0,0,0,-1,-1,-1,-1,-1,-1,-1,-1,-1,-1,-1,-1,0,0,0,0,0,0,-1,-1,-1,-1,-1,-1,-1,-1,-1,-1,-1,-1,-1,-1,False,False,0,0,False,207,0,0,0,0,0,0,0,0,0,0,0,0,0,0,0,1,
0,1274,2026-02-23 12:18:19Z,LLM_Empathetic,6.922709,7.220942,6.624477,0.6270778,0,1.61063,0,0,0,0,0,0,5.488896,4.348003,6.6298,0.592854,0.702737,0.482971,7.393868,6.225116,8.56262,0.5961646,0,2.118565,7.188279,6.099596,8.276962,9.838995,10,9.491129,6.922709,7.220942,6.624477,0.6270778,0,1.61063,0,0,0,0,0,0,5.488896,4.348003,6.6298,0.592854,0.702737,0.482971,7.393868,6.225116,8.56262,0.5961646,0,2.118565,7.188279,6.099596,8.276962,9.838995,10,9.491129,-1,-1,-1,-1,-1,-1,-1,-1,-1,-1,-1,-1,-1,-1,-1,-1,-1,-1,-1,-1,-1,-1,-1,-1,-1,-1,-1,-1,-1,-1,-1,-1,-1,-1,-1,-1,-1,-1,-1,-1,-1,-1,-1,-1,-1,-1,-1,-1,-1,-1,0,0,0,0,0,0,-1,-1,-1,-1,-1,-1,-1,-1,-1,-1,-1,-1,0,0,0,0,0,0,-1,-1,-1,-1,-1,-1,-1,-1,-1,-1,-1,-1,-1,-1,False,False,0,0,False,207,0,0,0,0,0,0,0,0,0,0,0,0,0,0,0,1,
0,1275,2026-02-23 12:18:19Z,LLM_Empathetic,6.922719,7.220943,6.624494,0.6270621,0,1.610622,0,0,0,0,0,0,5.488908,4.348007,6.62982,0.592854,0.702737,0.482971,7.393873,6.225113,8.562634,0.5961546,0,2.118555,7.188295,6.099604,8.276986,9.839028,10,9.49117,6.922719,7.220943,6.624494,0.6270621,0,1.610622,0,0,0,0,0,0,5.488908,4.348007,6.62982,0.592854,0.702737,0.482971,7.393873,6.225113,8.562634,0.5961546,0,2.118555,7.188295,6.099604,8.276986,9.839028,10,9.49117,-1,-1,-1,-1,-1,-1,-1,-1,-1,-1,-1,-1,-1,-1,-1,-1,-1,-1,-1,-1,-1,-1,-1,-1,-1,-1,-1,-1,-1,-1,-1,-1,-1,-1,-1,-1,-1,-1,-1,-1,-1,-1,-1,-1,-1,-1,-1,-1,-1,-1,0,0,0,0,0,0,-1,-1,-1,-1,-1,-1,-1,-1,-1,-1,-1,-1,0,0,0,0,0,0,-1,-1,-1,-1,-1,-1,-1,-1,-1,-1,-1,-1,-1,-1,False,False,0,0,False,209,0,0,0,0,0,0,0,0,0,0,0,0,0,0,0,1,
0,1276,2026-02-23 12:18:19Z,LLM_Empathetic,6.922728,7.220945,6.624511,0.6270465,0,1.610613,0,0,0,0,0,0,5.48892,4.348011,6.62984,0.592854,0.702737,0.482971,7.393878,6.225111,8.562648,0.5961447,0,2.118545,7.188311,6.099613,8.27701,9.839061,10,9.491211,6.922728,7.220945,6.624511,0.6270465,0,1.610613,0,0,0,0,0,0,5.48892,4.348011,6.62984,0.592854,0.702737,0.482971,7.393878,6.225111,8.562648,0.5961447,0,2.118545,7.188311,6.099613,8.27701,9.839061,10,9.491211,-1,-1,-1,-1,-1,-1,-1,-1,-1,-1,-1,-1,-1,-1,-1,-1,-1,-1,-1,-1,-1,-1,-1,-1,-1,-1,-1,-1,-1,-1,-1,-1,-1,-1,-1,-1,-1,-1,-1,-1,-1,-1,-1,-1,-1,-1,-1,-1,-1,-1,0,0,0,0,0,0,-1,-1,-1,-1,-1,-1,-1,-1,-1,-1,-1,-1,0,0,0,0,0,0,-1,-1,-1,-1,-1,-1,-1,-1,-1,-1,-1,-1,-1,-1,False,False,0,0,False,207,0,0,0,0,0,0,0,0,0,0,0,0,0,0,0,1,
0,1277,2026-02-23 12:18:19Z,LLM_Empathetic,6.922737,7.220947,6.624527,0.627031,0,1.610604,0,0,0,0,0,0,5.488932,4.348014,6.629859,0.592854,0.702737,0.482971,7.393884,6.225108,8.562661,0.5961347,0,2.118535,7.188328,6.099622,8.277034,9.839093,10,9.491253,6.922737,7.220947,6.624527,0.627031,0,1.610604,0,0,0,0,0,0,5.488932,4.348014,6.629859,0.592854,0.702737,0.482971,7.393884,6.225108,8.562661,0.5961347,0,2.118535,7.188328,6.099622,8.277034,9.839093,10,9.491253,-1,-1,-1,-1,-1,-1,-1,-1,-1,-1,-1,-1,-1,-1,-1,-1,-1,-1,-1,-1,-1,-1,-1,-1,-1,-1,-1,-1,-1,-1,-1,-1,-1,-1,-1,-1,-1,-1,-1,-1,-1,-1,-1,-1,-1,-1,-1,-1,-1,-1,0,0,0,0,0,0,-1,-1,-1,-1,-1,-1,-1,-1,-1,-1,-1,-1,0,0,0,0,0,0,-1,-1,-1,-1,-1,-1,-1,-1,-1,-1,-1,-1,-1,-1,False,False,0,0,False,209,0,0,0,0,0,0,0,0,0,0,0,0,0,0,0,1,
0,1278,2026-02-23 12:18:19Z,LLM_Empathetic,6.922746,7.220948,6.624544,0.6270154,0,1.610596,0,0,0,0,0,0,5.488944,4.348019,6.629879,0.592854,0.702737,0.482971,7.393889,6.225105,8.562675,0.5961247,0,2.118525,7.188344,6.099631,8.277058,9.839127,10,9.491293,6.922746,7.220948,6.624544,0.6270154,0,1.610596,0,0,0,0,0,0,5.488944,4.348019,6.629879,0.592854,0.702737,0.482971,7.393889,6.225105,8.562675,0.5961247,0,2.118525,7.188344,6.099631,8.277058,9.839127,10,9.491293,-1,-1,-1,-1,-1,-1,-1,-1,-1,-1,-1,-1,-1,-1,-1,-1,-1,-1,-1,-1,-1,-1,-1,-1,-1,-1,-1,-1,-1,-1,-1,-1,-1,-1,-1,-1,-1,-1,-1,-1,-1,-1,-1,-1,-1,-1,-1,-1,-1,-1,0,0,0,0,0,0,-1,-1,-1,-1,-1,-1,-1,-1,-1,-1,-1,-1,0,0,0,0,0,0,-1,-1,-1,-1,-1,-1,-1,-1,-1,-1,-1,-1,-1,-1,False,False,0,0,False,207,0,0,0,0,0,0,0,0,0,0,0,0,0,0,0,1,
0,1279,2026-02-23 12:18:19Z,LLM_Empathetic,6.922755,7.22095,6.624561,0.6269999,0,1.610587,0,0,0,0,0,0,5.488955,4.348022,6.629899,0.592854,0.702737,0.482971,7.393895,6.225102,8.562688,0.5961148,0,2.118515,7.18836,6.09964,8.277081,9.839159,10,9.491334,6.922755,7.22095,6.624561,0.6269999,0,1.610587,0,0,0,0,0,0,5.488955,4.348022,6.629899,0.592854,0.702737,0.482971,7.393895,6.225102,8.562688,0.5961148,0,2.118515,7.18836,6.09964,8.277081,9.839159,10,9.491334,-1,-1,-1,-1,-1,-1,-1,-1,-1,-1,-1,-1,-1,-1,-1,-1,-1,-1,-1,-1,-1,-1,-1,-1,-1,-1,-1,-1,-1,-1,-1,-1,-1,-1,-1,-1,-1,-1,-1,-1,-1,-1,-1,-1,-1,-1,-1,-1,-1,-1,0,0,0,0,0,0,-1,-1,-1,-1,-1,-1,-1,-1,-1,-1,-1,-1,0,0,0,0,0,0,-1,-1,-1,-1,-1,-1,-1,-1,-1,-1,-1,-1,-1,-1,False,False,0,0,False,209,0,0,0,0,0,0,0,0,0,0,0,0,0,0,0,1,
0,1280,2026-02-23 12:18:19Z,LLM_Empathetic,6.922764,7.220952,6.624577,0.6269844,0,1.610579,0,0,0,0,0,0,5.488967,4.348026,6.629918,0.592854,0.702737,0.482971,7.3939,6.225099,8.562701,0.5961048,0,2.118505,7.188376,6.099648,8.277105,9.839191,10,9.491375,6.922764,7.220952,6.624577,0.6269844,0,1.610579,0,0,0,0,0,0,5.488967,4.348026,6.629918,0.592854,0.702737,0.482971,7.3939,6.225099,8.562701,0.5961048,0,2.118505,7.188376,6.099648,8.277105,9.839191,10,9.491375,-1,-1,-1,-1,-1,-1,-1,-1,-1,-1,-1,-1,-1,-1,-1,-1,-1,-1,-1,-1,-1,-1,-1,-1,-1,-1,-1,-1,-1,-1,-1,-1,-1,-1,-1,-1,-1,-1,-1,-1,-1,-1,-1,-1,-1,-1,-1,-1,-1,-1,0,0,0,0,0,0,-1,-1,-1,-1,-1,-1,-1,-1,-1,-1,-1,-1,0,0,0,0,0,0,-1,-1,-1,-1,-1,-1,-1,-1,-1,-1,-1,-1,-1,-1,False,False,0,0,False,207,0,0,0,0,0,0,0,0,0,0,0,0,0,0,0,1,
0,1281,2026-02-23 12:18:19Z,LLM_Empathetic,6.922774,7.220953,6.624594,0.6269688,0,1.61057,0,0,0,0,0,0,5.488979,4.34803,6.629938,0.592854,0.702737,0.482971,7.393906,6.225097,8.562715,0.5960949,0,2.118495,7.188393,6.099658,8.277129,9.839224,10,9.491416,6.922774,7.220953,6.624594,0.6269688,0,1.61057,0,0,0,0,0,0,5.488979,4.34803,6.629938,0.592854,0.702737,0.482971,7.393906,6.225097,8.562715,0.5960949,0,2.118495,7.188393,6.099658,8.277129,9.839224,10,9.491416,-1,-1,-1,-1,-1,-1,-1,-1,-1,-1,-1,-1,-1,-1,-1,-1,-1,-1,-1,-1,-1,-1,-1,-1,-1,-1,-1,-1,-1,-1,-1,-1,-1,-1,-1,-1,-1,-1,-1,-1,-1,-1,-1,-1,-1,-1,-1,-1,-1,-1,0,0,0,0,0,0,-1,-1,-1,-1,-1,-1,-1,-1,-1,-1,-1,-1,0,0,0,0,0,0,-1,-1,-1,-1,-1,-1,-1,-1,-1,-1,-1,-1,-1,-1,False,False,0,0,False,207,0,0,0,0,0,0,0,0,0,0,0,0,0,0,0,1,
0,1282,2026-02-23 12:18:19Z,LLM_Empathetic,6.922783,7.220955,6.62461,0.6269534,0,1.610562,0,0,0,0,0,0,5.48899,4.348034,6.629957,0.592854,0.702737,0.482971,7.393911,6.225094,8.562728,0.596085,0,2.118485,7.188409,6.099666,8.277153,9.839256,10,9.491457,6.922783,7.220955,6.62461,0.6269534,0,1.610562,0,0,0,0,0,0,5.48899,4.348034,6.629957,0.592854,0.702737,0.482971,7.393911,6.225094,8.562728,0.596085,0,2.118485,7.188409,6.099666,8.277153,9.839256,10,9.491457,-1,-1,-1,-1,-1,-1,-1,-1,-1,-1,-1,-1,-1,-1,-1,-1,-1,-1,-1,-1,-1,-1,-1,-1,-1,-1,-1,-1,-1,-1,-1,-1,-1,-1,-1,-1,-1,-1,-1,-1,-1,-1,-1,-1,-1,-1,-1,-1,-1,-1,0,0,0,0,0,0,-1,-1,-1,-1,-1,-1,-1,-1,-1,-1,-1,-1,0,0,0,0,0,0,-1,-1,-1,-1,-1,-1,-1,-1,-1,-1,-1,-1,-1,-1,False,False,0,0,False,209,0,0,0,0,0,0,0,0,0,0,0,0,0,0,0,1,
0,1283,2026-02-23 12:18:20Z,LLM_Empathetic,6.922792,7.220957,6.624627,0.6269379,0,1.610553,0,0,0,0,0,0,5.489002,4.348038,6.629977,0.592854,0.702737,0.482971,7.393916,6.225091,8.562742,0.5960751,0,2.118475,7.188426,6.099675,8.277177,9.839289,10,9.491498,6.922792,7.220957,6.624627,0.6269379,0,1.610553,0,0,0,0,0,0,5.489002,4.348038,6.629977,0.592854,0.702737,0.482971,7.393916,6.225091,8.562742,0.5960751,0,2.118475,7.188426,6.099675,8.277177,9.839289,10,9.491498,-1,-1,-1,-1,-1,-1,-1,-1,-1,-1,-1,-1,-1,-1,-1,-1,-1,-1,-1,-1,-1,-1,-1,-1,-1,-1,-1,-1,-1,-1,-1,-1,-1,-1,-1,-1,-1,-1,-1,-1,-1,-1,-1,-1,-1,-1,-1,-1,-1,-1,0,0,0,0,0,0,-1,-1,-1,-1,-1,-1,-1,-1,-1,-1,-1,-1,0,0,0,0,0,0,-1,-1,-1,-1,-1,-1,-1,-1,-1,-1,-1,-1,-1,-1,False,False,0,0,False,209,0,0,0,0,0,0,0,0,0,0,0,0,0,0,0,1,
0,1284,2026-02-23 12:18:20Z,LLM_Empathetic,6.922801,7.220958,6.624643,0.6269224,0,1.610545,0,0,0,0,0,0,5.489014,4.348042,6.629996,0.592854,0.702737,0.482971,7.393921,6.225088,8.562756,0.5960652,0,2.118466,7.188442,6.099684,8.277201,9.839321,10,9.491538,6.922801,7.220958,6.624643,0.6269224,0,1.610545,0,0,0,0,0,0,5.489014,4.348042,6.629996,0.592854,0.702737,0.482971,7.393921,6.225088,8.562756,0.5960652,0,2.118466,7.188442,6.099684,8.277201,9.839321,10,9.491538,-1,-1,-1,-1,-1,-1,-1,-1,-1,-1,-1,-1,-1,-1,-1,-1,-1,-1,-1,-1,-1,-1,-1,-1,-1,-1,-1,-1,-1,-1,-1,-1,-1,-1,-1,-1,-1,-1,-1,-1,-1,-1,-1,-1,-1,-1,-1,-1,-1,-1,0,0,0,0,0,0,-1,-1,-1,-1,-1,-1,-1,-1,-1,-1,-1,-1,0,0,0,0,0,0,-1,-1,-1,-1,-1,-1,-1,-1,-1,-1,-1,-1,-1,-1,False,False,0,0,False,209,0,0,0,0,0,0,0,0,0,0,0,0,0,0,0,1,
0,1285,2026-02-23 12:18:20Z,LLM_Empathetic,6.92281,7.22096,6.62466,0.626907,0,1.610536,0,0,0,0,0,0,5.489026,4.348045,6.630016,0.592854,0.702737,0.482971,7.393927,6.225086,8.562769,0.5960553,0,2.118456,7.188458,6.099692,8.277225,9.839354,10,9.491579,6.92281,7.22096,6.62466,0.626907,0,1.610536,0,0,0,0,0,0,5.489026,4.348045,6.630016,0.592854,0.702737,0.482971,7.393927,6.225086,8.562769,0.5960553,0,2.118456,7.188458,6.099692,8.277225,9.839354,10,9.491579,-1,-1,-1,-1,-1,-1,-1,-1,-1,-1,-1,-1,-1,-1,-1,-1,-1,-1,-1,-1,-1,-1,-1,-1,-1,-1,-1,-1,-1,-1,-1,-1,-1,-1,-1,-1,-1,-1,-1,-1,-1,-1,-1,-1,-1,-1,-1,-1,-1,-1,0,0,0,0,0,0,-1,-1,-1,-1,-1,-1,-1,-1,-1,-1,-1,-1,0,0,0,0,0,0,-1,-1,-1,-1,-1,-1,-1,-1,-1,-1,-1,-1,-1,-1,False,False,0,0,False,207,0,0,0,0,0,0,0,0,0,0,0,0,0,0,0,1,
0,1286,2026-02-23 12:18:20Z,LLM_Empathetic,6.922819,7.220962,6.624677,0.6268916,0,1.610528,0,0,0,0,0,0,5.489037,4.34805,6.630035,0.592854,0.702737,0.482971,7.393932,6.225083,8.562782,0.5960454,0,2.118446,7.188474,6.099701,8.277247,9.839386,10,9.491619,6.922819,7.220962,6.624677,0.6268916,0,1.610528,0,0,0,0,0,0,5.489037,4.34805,6.630035,0.592854,0.702737,0.482971,7.393932,6.225083,8.562782,0.5960454,0,2.118446,7.188474,6.099701,8.277247,9.839386,10,9.491619,-1,-1,-1,-1,-1,-1,-1,-1,-1,-1,-1,-1,-1,-1,-1,-1,-1,-1,-1,-1,-1,-1,-1,-1,-1,-1,-1,-1,-1,-1,-1,-1,-1,-1,-1,-1,-1,-1,-1,-1,-1,-1,-1,-1,-1,-1,-1,-1,-1,-1,0,0,0,0,0,0,-1,-1,-1,-1,-1,-1,-1,-1,-1,-1,-1,-1,0,0,0,0,0,0,-1,-1,-1,-1,-1,-1,-1,-1,-1,-1,-1,-1,-1,-1,False,False,0,0,False,209,0,0,0,0,0,0,0,0,0,0,0,0,0,0,0,1,
0,1287,2026-02-23 12:18:20Z,LLM_Empathetic,6.922828,7.220963,6.624693,0.6268762,0,1.610519,0,0,0,0,0,0,5.489049,4.348053,6.630055,0.592854,0.702737,0.482971,7.393938,6.22508,8.562796,0.5960356,0,2.118436,7.18849,6.09971,8.277271,9.839418,10,9.49166,6.922828,7.220963,6.624693,0.6268762,0,1.610519,0,0,0,0,0,0,5.489049,4.348053,6.630055,0.592854,0.702737,0.482971,7.393938,6.22508,8.562796,0.5960356,0,2.118436,7.18849,6.09971,8.277271,9.839418,10,9.49166,-1,-1,-1,-1,-1,-1,-1,-1,-1,-1,-1,-1,-1,-1,-1,-1,-1,-1,-1,-1,-1,-1,-1,-1,-1,-1,-1,-1,-1,-1,-1,-1,-1,-1,-1,-1,-1,-1,-1,-1,-1,-1,-1,-1,-1,-1,-1,-1,-1,-1,0,0,0,0,0,0,-1,-1,-1,-1,-1,-1,-1,-1,-1,-1,-1,-1,0,0,0,0,0,0,-1,-1,-1,-1,-1,-1,-1,-1,-1,-1,-1,-1,-1,-1,False,False,0,0,False,209,0,0,0,0,0,0,0,0,0,0,0,0,0,0,0,1,
0,1288,2026-02-23 12:18:20Z,LLM_Empathetic,6.922837,7.220965,6.62471,0.6268609,0,1.610511,0,0,0,0,0,0,5.48906,4.348057,6.630074,0.592854,0.702737,0.482971,7.393943,6.225077,8.562809,0.5960258,0,2.118426,7.188507,6.099719,8.277295,9.839451,10,9.4917,6.922837,7.220965,6.62471,0.6268609,0,1.610511,0,0,0,0,0,0,5.48906,4.348057,6.630074,0.592854,0.702737,0.482971,7.393943,6.225077,8.562809,0.5960258,0,2.118426,7.188507,6.099719,8.277295,9.839451,10,9.4917,-1,-1,-1,-1,-1,-1,-1,-1,-1,-1,-1,-1,-1,-1,-1,-1,-1,-1,-1,-1,-1,-1,-1,-1,-1,-1,-1,-1,-1,-1,-1,-1,-1,-1,-1,-1,-1,-1,-1,-1,-1,-1,-1,-1,-1,-1,-1,-1,-1,-1,0,0,0,0,0,0,-1,-1,-1,-1,-1,-1,-1,-1,-1,-1,-1,-1,0,0,0,0,0,0,-1,-1,-1,-1,-1,-1,-1,-1,-1,-1,-1,-1,-1,-1,False,False,0,0,False,207,0,0,0,0,0,0,0,0,0,0,0,0,0,0,0,1,
0,1289,2026-02-23 12:18:20Z,LLM_Empathetic,6.922846,7.220966,6.624726,0.6268455,0,1.610502,0,0,0,0,0,0,5.489072,4.348061,6.630094,0.592854,0.702737,0.482971,7.393948,6.225075,8.562822,0.5960159,0,2.118416,7.188522,6.099728,8.277319,9.839483,10,9.491741,6.922846,7.220966,6.624726,0.6268455,0,1.610502,0,0,0,0,0,0,5.489072,4.348061,6.630094,0.592854,0.702737,0.482971,7.393948,6.225075,8.562822,0.5960159,0,2.118416,7.188522,6.099728,8.277319,9.839483,10,9.491741,-1,-1,-1,-1,-1,-1,-1,-1,-1,-1,-1,-1,-1,-1,-1,-1,-1,-1,-1,-1,-1,-1,-1,-1,-1,-1,-1,-1,-1,-1,-1,-1,-1,-1,-1,-1,-1,-1,-1,-1,-1,-1,-1,-1,-1,-1,-1,-1,-1,-1,0,0,0,0,0,0,-1,-1,-1,-1,-1,-1,-1,-1,-1,-1,-1,-1,0,0,0,0,0,0,-1,-1,-1,-1,-1,-1,-1,-1,-1,-1,-1,-1,-1,-1,False,False,0,0,False,209,0,0,0,0,0,0,0,0,0,0,0,0,0,0,0,1,
0,1290,2026-02-23 12:18:20Z,LLM_Empathetic,6.922855,7.220968,6.624742,0.6268302,0,1.610494,0,0,0,0,0,0,5.489084,4.348065,6.630113,0.592854,0.702737,0.482971,7.393953,6.225072,8.562836,0.5960061,0,2.118407,7.188539,6.099736,8.277342,9.839515,10,9.491781,6.922855,7.220968,6.624742,0.6268302,0,1.610494,0,0,0,0,0,0,5.489084,4.348065,6.630113,0.592854,0.702737,0.482971,7.393953,6.225072,8.562836,0.5960061,0,2.118407,7.188539,6.099736,8.277342,9.839515,10,9.491781,-1,-1,-1,-1,-1,-1,-1,-1,-1,-1,-1,-1,-1,-1,-1,-1,-1,-1,-1,-1,-1,-1,-1,-1,-1,-1,-1,-1,-1,-1,-1,-1,-1,-1,-1,-1,-1,-1,-1,-1,-1,-1,-1,-1,-1,-1,-1,-1,-1,-1,0,0,0,0,0,0,-1,-1,-1,-1,-1,-1,-1,-1,-1,-1,-1,-1,0,0,0,0,0,0,-1,-1,-1,-1,-1,-1,-1,-1,-1,-1,-1,-1,-1,-1,False,False,0,0,False,209,0,0,0,0,0,0,0,0,0,0,0,0,0,0,0,1,
0,1291,2026-02-23 12:18:20Z,LLM_Empathetic,6.922864,7.22097,6.624759,0.6268148,0,1.610485,0,0,0,0,0,0,5.489095,4.348069,6.630132,0.592854,0.702737,0.482971,7.393959,6.225069,8.562848,0.5959963,0,2.118397,7.188555,6.099745,8.277366,9.839547,10,9.491821,6.922864,7.22097,6.624759,0.6268148,0,1.610485,0,0,0,0,0,0,5.489095,4.348069,6.630132,0.592854,0.702737,0.482971,7.393959,6.225069,8.562848,0.5959963,0,2.118397,7.188555,6.099745,8.277366,9.839547,10,9.491821,-1,-1,-1,-1,-1,-1,-1,-1,-1,-1,-1,-1,-1,-1,-1,-1,-1,-1,-1,-1,-1,-1,-1,-1,-1,-1,-1,-1,-1,-1,-1,-1,-1,-1,-1,-1,-1,-1,-1,-1,-1,-1,-1,-1,-1,-1,-1,-1,-1,-1,0,0,0,0,0,0,-1,-1,-1,-1,-1,-1,-1,-1,-1,-1,-1,-1,0,0,0,0,0,0,-1,-1,-1,-1,-1,-1,-1,-1,-1,-1,-1,-1,-1,-1,False,False,0,0,False,209,0,0,0,0,0,0,0,0,0,0,0,0,0,0,0,1,
0,1292,2026-02-23 12:18:20Z,LLM_Empathetic,6.922873,7.220972,6.624775,0.6267996,0,1.610477,0,0,0,0,0,0,5.489107,4.348073,6.630152,0.592854,0.702737,0.482971,7.393964,6.225067,8.562861,0.5959865,0,2.118387,7.188571,6.099753,8.277389,9.83958,10,9.491862,6.922873,7.220972,6.624775,0.6267996,0,1.610477,0,0,0,0,0,0,5.489107,4.348073,6.630152,0.592854,0.702737,0.482971,7.393964,6.225067,8.562861,0.5959865,0,2.118387,7.188571,6.099753,8.277389,9.83958,10,9.491862,-1,-1,-1,-1,-1,-1,-1,-1,-1,-1,-1,-1,-1,-1,-1,-1,-1,-1,-1,-1,-1,-1,-1,-1,-1,-1,-1,-1,-1,-1,-1,-1,-1,-1,-1,-1,-1,-1,-1,-1,-1,-1,-1,-1,-1,-1,-1,-1,-1,-1,0,0,0,0,0,0,-1,-1,-1,-1,-1,-1,-1,-1,-1,-1,-1,-1,0,0,0,0,0,0,-1,-1,-1,-1,-1,-1,-1,-1,-1,-1,-1,-1,-1,-1,False,False,0,0,False,207,0,0,0,0,0,0,0,0,0,0,0,0,0,0,0,1,
0,1293,2026-02-23 12:18:20Z,LLM_Empathetic,6.922882,7.220973,6.624791,0.6267843,0,1.610468,0,0,0,0,0,0,5.489119,4.348076,6.630171,0.592854,0.702737,0.482971,7.393969,6.225064,8.562875,0.5959767,0,2.118377,7.188587,6.099762,8.277412,9.839611,10,9.491902,6.922882,7.220973,6.624791,0.6267843,0,1.610468,0,0,0,0,0,0,5.489119,4.348076,6.630171,0.592854,0.702737,0.482971,7.393969,6.225064,8.562875,0.5959767,0,2.118377,7.188587,6.099762,8.277412,9.839611,10,9.491902,-1,-1,-1,-1,-1,-1,-1,-1,-1,-1,-1,-1,-1,-1,-1,-1,-1,-1,-1,-1,-1,-1,-1,-1,-1,-1,-1,-1,-1,-1,-1,-1,-1,-1,-1,-1,-1,-1,-1,-1,-1,-1,-1,-1,-1,-1,-1,-1,-1,-1,0,0,0,0,0,0,-1,-1,-1,-1,-1,-1,-1,-1,-1,-1,-1,-1,0,0,0,0,0,0,-1,-1,-1,-1,-1,-1,-1,-1,-1,-1,-1,-1,-1,-1,False,False,0,0,False,207,0,0,0,0,0,0,0,0,0,0,0,0,0,0,0,1,
0,1294,2026-02-23 12:18:20Z,LLM_Empathetic,6.922891,7.220974,6.624808,0.626769,0,1.61046,0,0,0,0,0,0,5.48913,4.34808,6.63019,0.592854,0.702737,0.482971,7.393974,6.225061,8.562888,0.5959669,0,2.118367,7.188603,6.099771,8.277435,9.839643,10,9.491942,6.922891,7.220974,6.624808,0.626769,0,1.61046,0,0,0,0,0,0,5.48913,4.34808,6.63019,0.592854,0.702737,0.482971,7.393974,6.225061,8.562888,0.5959669,0,2.118367,7.188603,6.099771,8.277435,9.839643,10,9.491942,-1,-1,-1,-1,-1,-1,-1,-1,-1,-1,-1,-1,-1,-1,-1,-1,-1,-1,-1,-1,-1,-1,-1,-1,-1,-1,-1,-1,-1,-1,-1,-1,-1,-1,-1,-1,-1,-1,-1,-1,-1,-1,-1,-1,-1,-1,-1,-1,-1,-1,0,0,0,0,0,0,-1,-1,-1,-1,-1,-1,-1,-1,-1,-1,-1,-1,0,0,0,0,0,0,-1,-1,-1,-1,-1,-1,-1,-1,-1,-1,-1,-1,-1,-1,False,False,0,0,False,209,0,0,0,0,0,0,0,0,0,0,0,0,0,0,0,1,
0,1295,2026-02-23 12:18:20Z,LLM_Empathetic,6.9229,7.220976,6.624824,0.6267538,0,1.610452,0,0,0,0,0,0,5.489141,4.348084,6.630209,0.592854,0.702737,0.482971,7.39398,6.225059,8.562901,0.5959572,0,2.118358,7.188619,6.09978,8.277459,9.839675,10,9.491982,6.9229,7.220976,6.624824,0.6267538,0,1.610452,0,0,0,0,0,0,5.489141,4.348084,6.630209,0.592854,0.702737,0.482971,7.39398,6.225059,8.562901,0.5959572,0,2.118358,7.188619,6.09978,8.277459,9.839675,10,9.491982,-1,-1,-1,-1,-1,-1,-1,-1,-1,-1,-1,-1,-1,-1,-1,-1,-1,-1,-1,-1,-1,-1,-1,-1,-1,-1,-1,-1,-1,-1,-1,-1,-1,-1,-1,-1,-1,-1,-1,-1,-1,-1,-1,-1,-1,-1,-1,-1,-1,-1,0,0,0,0,0,0,-1,-1,-1,-1,-1,-1,-1,-1,-1,-1,-1,-1,0,0,0,0,0,0,-1,-1,-1,-1,-1,-1,-1,-1,-1,-1,-1,-1,-1,-1,False,False,0,0,False,209,0,0,0,0,0,0,0,0,0,0,0,0,0,0,0,1,
0,1296,2026-02-23 12:18:20Z,LLM_Empathetic,6.922909,7.220978,6.62484,0.6267386,0,1.610443,0,0,0,0,0,0,5.489153,4.348088,6.630229,0.592854,0.702737,0.482971,7.393985,6.225056,8.562915,0.5959474,0,2.118348,7.188635,6.099788,8.277482,9.839707,10,9.492023,6.922909,7.220978,6.62484,0.6267386,0,1.610443,0,0,0,0,0,0,5.489153,4.348088,6.630229,0.592854,0.702737,0.482971,7.393985,6.225056,8.562915,0.5959474,0,2.118348,7.188635,6.099788,8.277482,9.839707,10,9.492023,-1,-1,-1,-1,-1,-1,-1,-1,-1,-1,-1,-1,-1,-1,-1,-1,-1,-1,-1,-1,-1,-1,-1,-1,-1,-1,-1,-1,-1,-1,-1,-1,-1,-1,-1,-1,-1,-1,-1,-1,-1,-1,-1,-1,-1,-1,-1,-1,-1,-1,0,0,0,0,0,0,-1,-1,-1,-1,-1,-1,-1,-1,-1,-1,-1,-1,0,0,0,0,0,0,-1,-1,-1,-1,-1,-1,-1,-1,-1,-1,-1,-1,-1,-1,False,False,0,0,False,209,0,0,0,0,0,0,0,0,0,0,0,0,0,0,0,1,
0,1297,2026-02-23 12:18:20Z,LLM_Empathetic,6.922918,7.22098,6.624856,0.6267234,0,1.610435,0,0,0,0,0,0,5.489164,4.348092,6.630248,0.592854,0.702737,0.482971,7.39399,6.225053,8.562928,0.5959377,0,2.118338,7.188651,6.099797,8.277506,9.839739,10,9.492063,6.922918,7.22098,6.624856,0.6267234,0,1.610435,0,0,0,0,0,0,5.489164,4.348092,6.630248,0.592854,0.702737,0.482971,7.39399,6.225053,8.562928,0.5959377,0,2.118338,7.188651,6.099797,8.277506,9.839739,10,9.492063,-1,-1,-1,-1,-1,-1,-1,-1,-1,-1,-1,-1,-1,-1,-1,-1,-1,-1,-1,-1,-1,-1,-1,-1,-1,-1,-1,-1,-1,-1,-1,-1,-1,-1,-1,-1,-1,-1,-1,-1,-1,-1,-1,-1,-1,-1,-1,-1,-1,-1,0,0,0,0,0,0,-1,-1,-1,-1,-1,-1,-1,-1,-1,-1,-1,-1,0,0,0,0,0,0,-1,-1,-1,-1,-1,-1,-1,-1,-1,-1,-1,-1,-1,-1,False,False,0,0,False,207,0,0,0,0,0,0,0,0,0,0,0,0,0,0,0,1,
0,1298,2026-02-23 12:18:20Z,LLM_Empathetic,6.922927,7.220981,6.624873,0.6267082,0,1.610426,0,0,0,0,0,0,5.489176,4.348095,6.630267,0.592854,0.702737,0.482971,7.393995,6.22505,8.562941,0.595928,0,2.118328,7.188667,6.099805,8.277529,9.839771,10,9.492103,6.922927,7.220981,6.624873,0.6267082,0,1.610426,0,0,0,0,0,0,5.489176,4.348095,6.630267,0.592854,0.702737,0.482971,7.393995,6.22505,8.562941,0.595928,0,2.118328,7.188667,6.099805,8.277529,9.839771,10,9.492103,-1,-1,-1,-1,-1,-1,-1,-1,-1,-1,-1,-1,-1,-1,-1,-1,-1,-1,-1,-1,-1,-1,-1,-1,-1,-1,-1,-1,-1,-1,-1,-1,-1,-1,-1,-1,-1,-1,-1,-1,-1,-1,-1,-1,-1,-1,-1,-1,-1,-1,0,0,0,0,0,0,-1,-1,-1,-1,-1,-1,-1,-1,-1,-1,-1,-1,0,0,0,0,0,0,-1,-1,-1,-1,-1,-1,-1,-1,-1,-1,-1,-1,-1,-1,False,False,0,0,False,207,0,0,0,0,0,0,0,0,0,0,0,0,0,0,0,1,
0,1299,2026-02-23 12:18:20Z,LLM_Empathetic,6.922936,7.220983,6.624889,0.6266931,0,1.610418,0,0,0,0,0,0,5.489188,4.348099,6.630286,0.592854,0.702737,0.482971,7.394001,6.225048,8.562954,0.5959183,0,2.118319,7.188683,6.099814,8.277552,9.839803,10,9.492143,6.922936,7.220983,6.624889,0.6266931,0,1.610418,0,0,0,0,0,0,5.489188,4.348099,6.630286,0.592854,0.702737,0.482971,7.394001,6.225048,8.562954,0.5959183,0,2.118319,7.188683,6.099814,8.277552,9.839803,10,9.492143,-1,-1,-1,-1,-1,-1,-1,-1,-1,-1,-1,-1,-1,-1,-1,-1,-1,-1,-1,-1,-1,-1,-1,-1,-1,-1,-1,-1,-1,-1,-1,-1,-1,-1,-1,-1,-1,-1,-1,-1,-1,-1,-1,-1,-1,-1,-1,-1,-1,-1,0,0,0,0,0,0,-1,-1,-1,-1,-1,-1,-1,-1,-1,-1,-1,-1,0,0,0,0,0,0,-1,-1,-1,-1,-1,-1,-1,-1,-1,-1,-1,-1,-1,-1,False,False,0,0,False,207,0,0,0,0,0,0,0,0,0,0,0,0,0,0,0,1,
0,1300,2026-02-23 12:18:20Z,LLM_Empathetic,6.922945,7.220984,6.624905,0.6266779,0,1.61041,0,0,0,0,0,0,5.489199,4.348103,6.630305,0.592854,0.702737,0.482971,7.394006,6.225045,8.562967,0.5959086,0,2.118309,7.188699,6.099823,8.277575,9.839834,10,9.492183,6.922945,7.220984,6.624905,0.6266779,0,1.61041,0,0,0,0,0,0,5.489199,4.348103,6.630305,0.592854,0.702737,0.482971,7.394006,6.225045,8.562967,0.5959086,0,2.118309,7.188699,6.099823,8.277575,9.839834,10,9.492183,-1,-1,-1,-1,-1,-1,-1,-1,-1,-1,-1,-1,-1,-1,-1,-1,-1,-1,-1,-1,-1,-1,-1,-1,-1,-1,-1,-1,-1,-1,-1,-1,-1,-1,-1,-1,-1,-1,-1,-1,-1,-1,-1,-1,-1,-1,-1,-1,-1,-1,0,0,0,0,0,0,-1,-1,-1,-1,-1,-1,-1,-1,-1,-1,-1,-1,0,0,0,0,0,0,-1,-1,-1,-1,-1,-1,-1,-1,-1,-1,-1,-1,-1,-1,False,False,0,0,False,207,0,0,0,0,0,0,0,0,0,0,0,0,0,0,0,1,
0,1301,2026-02-23 12:18:20Z,LLM_Empathetic,6.922954,7.220986,6.624921,0.6266628,0,1.610401,0,0,0,0,0,0,5.489211,4.348107,6.630324,0.592854,0.702737,0.482971,7.394011,6.225042,8.562981,0.5958989,0,2.118299,7.188715,6.099832,8.277598,9.839867,10,9.492222,6.922954,7.220986,6.624921,0.6266628,0,1.610401,0,0,0,0,0,0,5.489211,4.348107,6.630324,0.592854,0.702737,0.482971,7.394011,6.225042,8.562981,0.5958989,0,2.118299,7.188715,6.099832,8.277598,9.839867,10,9.492222,-1,-1,-1,-1,-1,-1,-1,-1,-1,-1,-1,-1,-1,-1,-1,-1,-1,-1,-1,-1,-1,-1,-1,-1,-1,-1,-1,-1,-1,-1,-1,-1,-1,-1,-1,-1,-1,-1,-1,-1,-1,-1,-1,-1,-1,-1,-1,-1,-1,-1,0,0,0,0,0,0,-1,-1,-1,-1,-1,-1,-1,-1,-1,-1,-1,-1,0,0,0,0,0,0,-1,-1,-1,-1,-1,-1,-1,-1,-1,-1,-1,-1,-1,-1,False,False,0,0,False,209,0,0,0,0,0,0,0,0,0,0,0,0,0,0,0,1,
0,1302,2026-02-23 12:18:20Z,LLM_Empathetic,6.922963,7.220987,6.624938,0.6266477,0,1.610393,0,0,0,0,0,0,5.489222,4.348111,6.630343,0.592854,0.702737,0.482971,7.394016,6.225039,8.562994,0.5958892,0,2.11829,7.18873,6.09984,8.277621,9.839898,10,9.492262,6.922963,7.220987,6.624938,0.6266477,0,1.610393,0,0,0,0,0,0,5.489222,4.348111,6.630343,0.592854,0.702737,0.482971,7.394016,6.225039,8.562994,0.5958892,0,2.11829,7.18873,6.09984,8.277621,9.839898,10,9.492262,-1,-1,-1,-1,-1,-1,-1,-1,-1,-1,-1,-1,-1,-1,-1,-1,-1,-1,-1,-1,-1,-1,-1,-1,-1,-1,-1,-1,-1,-1,-1,-1,-1,-1,-1,-1,-1,-1,-1,-1,-1,-1,-1,-1,-1,-1,-1,-1,-1,-1,0,0,0,0,0,0,-1,-1,-1,-1,-1,-1,-1,-1,-1,-1,-1,-1,0,0,0,0,0,0,-1,-1,-1,-1,-1,-1,-1,-1,-1,-1,-1,-1,-1,-1,False,False,0,0,False,207,0,0,0,0,0,0,0,0,0,0,0,0,0,0,0,1,
0,1303,2026-02-23 12:18:20Z,LLM_Empathetic,6.922972,7.220989,6.624954,0.6266326,0,1.610385,0,0,0,0,0,0,5.489233,4.348114,6.630363,0.592854,0.702737,0.482971,7.394022,6.225037,8.563006,0.5958796,0,2.11828,7.188746,6.099849,8.277645,9.83993,10,9.492302,6.922972,7.220989,6.624954,0.6266326,0,1.610385,0,0,0,0,0,0,5.489233,4.348114,6.630363,0.592854,0.702737,0.482971,7.394022,6.225037,8.563006,0.5958796,0,2.11828,7.188746,6.099849,8.277645,9.83993,10,9.492302,-1,-1,-1,-1,-1,-1,-1,-1,-1,-1,-1,-1,-1,-1,-1,-1,-1,-1,-1,-1,-1,-1,-1,-1,-1,-1,-1,-1,-1,-1,-1,-1,-1,-1,-1,-1,-1,-1,-1,-1,-1,-1,-1,-1,-1,-1,-1,-1,-1,-1,0,0,0,0,0,0,-1,-1,-1,-1,-1,-1,-1,-1,-1,-1,-1,-1,0,0,0,0,0,0,-1,-1,-1,-1,-1,-1,-1,-1,-1,-1,-1,-1,-1,-1,False,False,0,0,False,207,0,0,0,0,0,0,0,0,0,0,0,0,0,0,0,1,
0,1304,2026-02-23 12:18:20Z,LLM_Empathetic,6.92298,7.220991,6.62497,0.6266176,0,1.610376,0,0,0,0,0,0,5.489244,4.348118,6.630382,0.592854,0.702737,0.482971,7.394027,6.225034,8.56302,0.5958699,0,2.11827,7.188762,6.099857,8.277668,9.839961,10,9.492341,6.92298,7.220991,6.62497,0.6266176,0,1.610376,0,0,0,0,0,0,5.489244,4.348118,6.630382,0.592854,0.702737,0.482971,7.394027,6.225034,8.56302,0.5958699,0,2.11827,7.188762,6.099857,8.277668,9.839961,10,9.492341,-1,-1,-1,-1,-1,-1,-1,-1,-1,-1,-1,-1,-1,-1,-1,-1,-1,-1,-1,-1,-1,-1,-1,-1,-1,-1,-1,-1,-1,-1,-1,-1,-1,-1,-1,-1,-1,-1,-1,-1,-1,-1,-1,-1,-1,-1,-1,-1,-1,-1,0,0,0,0,0,0,-1,-1,-1,-1,-1,-1,-1,-1,-1,-1,-1,-1,0,0,0,0,0,0,-1,-1,-1,-1,-1,-1,-1,-1,-1,-1,-1,-1,-1,-1,False,False,0,0,False,207,0,0,0,0,0,0,0,0,0,0,0,0,0,0,0,1,
0,1305,2026-02-23 12:18:20Z,LLM_Empathetic,6.922989,7.220993,6.624986,0.6266025,0,1.610368,0,0,0,0,0,0,5.489256,4.348122,6.630401,0.592854,0.702737,0.482971,7.394032,6.225031,8.563033,0.5958603,0,2.118261,7.188778,6.099866,8.277691,9.839993,10,9.492381,6.922989,7.220993,6.624986,0.6266025,0,1.610368,0,0,0,0,0,0,5.489256,4.348122,6.630401,0.592854,0.702737,0.482971,7.394032,6.225031,8.563033,0.5958603,0,2.118261,7.188778,6.099866,8.277691,9.839993,10,9.492381,-1,-1,-1,-1,-1,-1,-1,-1,-1,-1,-1,-1,-1,-1,-1,-1,-1,-1,-1,-1,-1,-1,-1,-1,-1,-1,-1,-1,-1,-1,-1,-1,-1,-1,-1,-1,-1,-1,-1,-1,-1,-1,-1,-1,-1,-1,-1,-1,-1,-1,0,0,0,0,0,0,-1,-1,-1,-1,-1,-1,-1,-1,-1,-1,-1,-1,0,0,0,0,0,0,-1,-1,-1,-1,-1,-1,-1,-1,-1,-1,-1,-1,-1,-1,False,False,0,0,False,209,0,0,0,0,0,0,0,0,0,0,0,0,0,0,0,1,
0,1306,2026-02-23 12:18:20Z,LLM_Empathetic,6.922998,7.220994,6.625002,0.6265875,0,1.61036,0,0,0,0,0,0,5.489267,4.348125,6.63042,0.592854,0.702737,0.482971,7.394037,6.225029,8.563046,0.5958506,0,2.118251,7.188794,6.099874,8.277714,9.840024,10,9.49242,6.922998,7.220994,6.625002,0.6265875,0,1.61036,0,0,0,0,0,0,5.489267,4.348125,6.63042,0.592854,0.702737,0.482971,7.394037,6.225029,8.563046,0.5958506,0,2.118251,7.188794,6.099874,8.277714,9.840024,10,9.49242,-1,-1,-1,-1,-1,-1,-1,-1,-1,-1,-1,-1,-1,-1,-1,-1,-1,-1,-1,-1,-1,-1,-1,-1,-1,-1,-1,-1,-1,-1,-1,-1,-1,-1,-1,-1,-1,-1,-1,-1,-1,-1,-1,-1,-1,-1,-1,-1,-1,-1,0,0,0,0,0,0,-1,-1,-1,-1,-1,-1,-1,-1,-1,-1,-1,-1,0,0,0,0,0,0,-1,-1,-1,-1,-1,-1,-1,-1,-1,-1,-1,-1,-1,-1,False,False,0,0,False,209,0,0,0,0,0,0,0,0,0,0,0,0,0,0,0,1,
0,1307,2026-02-23 12:18:20Z,LLM_Empathetic,6.923007,7.220995,6.625018,0.6265724,0,1.610352,0,0,0,0,0,0,5.489279,4.348129,6.630439,0.592854,0.702737,0.482971,7.394042,6.225026,8.563059,0.5958411,0,2.118241,7.188809,6.099883,8.277737,9.840055,10,9.49246,6.923007,7.220995,6.625018,0.6265724,0,1.610352,0,0,0,0,0,0,5.489279,4.348129,6.630439,0.592854,0.702737,0.482971,7.394042,6.225026,8.563059,0.5958411,0,2.118241,7.188809,6.099883,8.277737,9.840055,10,9.49246,-1,-1,-1,-1,-1,-1,-1,-1,-1,-1,-1,-1,-1,-1,-1,-1,-1,-1,-1,-1,-1,-1,-1,-1,-1,-1,-1,-1,-1,-1,-1,-1,-1,-1,-1,-1,-1,-1,-1,-1,-1,-1,-1,-1,-1,-1,-1,-1,-1,-1,0,0,0,0,0,0,-1,-1,-1,-1,-1,-1,-1,-1,-1,-1,-1,-1,0,0,0,0,0,0,-1,-1,-1,-1,-1,-1,-1,-1,-1,-1,-1,-1,-1,-1,False,False,0,0,False,209,0,0,0,0,0,0,0,0,0,0,0,0,0,0,0,1,
0,1308,2026-02-23 12:18:20Z,LLM_Empathetic,6.923016,7.220997,6.625034,0.6265574,0,1.610343,0,0,0,0,0,0,5.48929,4.348133,6.630457,0.592854,0.702737,0.482971,7.394047,6.225023,8.563072,0.5958315,0,2.118232,7.188825,6.099891,8.27776,9.840087,10,9.492499,6.923016,7.220997,6.625034,0.6265574,0,1.610343,0,0,0,0,0,0,5.48929,4.348133,6.630457,0.592854,0.702737,0.482971,7.394047,6.225023,8.563072,0.5958315,0,2.118232,7.188825,6.099891,8.27776,9.840087,10,9.492499,-1,-1,-1,-1,-1,-1,-1,-1,-1,-1,-1,-1,-1,-1,-1,-1,-1,-1,-1,-1,-1,-1,-1,-1,-1,-1,-1,-1,-1,-1,-1,-1,-1,-1,-1,-1,-1,-1,-1,-1,-1,-1,-1,-1,-1,-1,-1,-1,-1,-1,0,0,0,0,0,0,-1,-1,-1,-1,-1,-1,-1,-1,-1,-1,-1,-1,0,0,0,0,0,0,-1,-1,-1,-1,-1,-1,-1,-1,-1,-1,-1,-1,-1,-1,False,False,0,0,False,209,0,0,0,0,0,0,0,0,0,0,0,0,0,0,0,1,
0,1309,2026-02-23 12:18:20Z,LLM_Empathetic,6.923025,7.220999,6.62505,0.6265424,0,1.610335,0,0,0,0,0,0,5.489302,4.348137,6.630476,0.592854,0.702737,0.482971,7.394053,6.225021,8.563085,0.5958219,0,2.118222,7.188841,6.0999,8.277782,9.840118,10,9.492539,6.923025,7.220999,6.62505,0.6265424,0,1.610335,0,0,0,0,0,0,5.489302,4.348137,6.630476,0.592854,0.702737,0.482971,7.394053,6.225021,8.563085,0.5958219,0,2.118222,7.188841,6.0999,8.277782,9.840118,10,9.492539,-1,-1,-1,-1,-1,-1,-1,-1,-1,-1,-1,-1,-1,-1,-1,-1,-1,-1,-1,-1,-1,-1,-1,-1,-1,-1,-1,-1,-1,-1,-1,-1,-1,-1,-1,-1,-1,-1,-1,-1,-1,-1,-1,-1,-1,-1,-1,-1,-1,-1,0,0,0,0,0,0,-1,-1,-1,-1,-1,-1,-1,-1,-1,-1,-1,-1,0,0,0,0,0,0,-1,-1,-1,-1,-1,-1,-1,-1,-1,-1,-1,-1,-1,-1,False,False,0,0,False,209,0,0,0,0,0,0,0,0,0,0,0,0,0,0,0,1,
0,1310,2026-02-23 12:18:20Z,LLM_Empathetic,6.923033,7.221,6.625066,0.6265275,0,1.610327,0,0,0,0,0,0,5.489313,4.348141,6.630496,0.592854,0.702737,0.482971,7.394058,6.225018,8.563098,0.5958123,0,2.118213,7.188857,6.099908,8.277805,9.84015,10,9.492579,6.923033,7.221,6.625066,0.6265275,0,1.610327,0,0,0,0,0,0,5.489313,4.348141,6.630496,0.592854,0.702737,0.482971,7.394058,6.225018,8.563098,0.5958123,0,2.118213,7.188857,6.099908,8.277805,9.84015,10,9.492579,-1,-1,-1,-1,-1,-1,-1,-1,-1,-1,-1,-1,-1,-1,-1,-1,-1,-1,-1,-1,-1,-1,-1,-1,-1,-1,-1,-1,-1,-1,-1,-1,-1,-1,-1,-1,-1,-1,-1,-1,-1,-1,-1,-1,-1,-1,-1,-1,-1,-1,0,0,0,0,0,0,-1,-1,-1,-1,-1,-1,-1,-1,-1,-1,-1,-1,0,0,0,0,0,0,-1,-1,-1,-1,-1,-1,-1,-1,-1,-1,-1,-1,-1,-1,False,False,0,0,False,207,0,0,0,0,0,0,0,0,0,0,0,0,0,0,0,1,
0,1311,2026-02-23 12:18:20Z,LLM_Empathetic,6.923042,7.221002,6.625082,0.6265126,0,1.610319,0,0,0,0,0,0,5.489324,4.348145,6.630514,0.592854,0.702737,0.482971,7.394063,6.225016,8.563111,0.5958027,0,2.118203,7.188872,6.099917,8.277828,9.840181,10,9.492618,6.923042,7.221002,6.625082,0.6265126,0,1.610319,0,0,0,0,0,0,5.489324,4.348145,6.630514,0.592854,0.702737,0.482971,7.394063,6.225016,8.563111,0.5958027,0,2.118203,7.188872,6.099917,8.277828,9.840181,10,9.492618,-1,-1,-1,-1,-1,-1,-1,-1,-1,-1,-1,-1,-1,-1,-1,-1,-1,-1,-1,-1,-1,-1,-1,-1,-1,-1,-1,-1,-1,-1,-1,-1,-1,-1,-1,-1,-1,-1,-1,-1,-1,-1,-1,-1,-1,-1,-1,-1,-1,-1,0,0,0,0,0,0,-1,-1,-1,-1,-1,-1,-1,-1,-1,-1,-1,-1,0,0,0,0,0,0,-1,-1,-1,-1,-1,-1,-1,-1,-1,-1,-1,-1,-1,-1,False,False,0,0,False,207,0,0,0,0,0,0,0,0,0,0,0,0,0,0,0,1,
0,1312,2026-02-23 12:18:20Z,LLM_Empathetic,6.923051,7.221004,6.625098,0.6264976,0,1.61031,0,0,0,0,0,0,5.489336,4.348148,6.630533,0.592854,0.702737,0.482971,7.394068,6.225013,8.563124,0.5957931,0,2.118194,7.188888,6.099926,8.277851,9.840213,10,9.492657,6.923051,7.221004,6.625098,0.6264976,0,1.61031,0,0,0,0,0,0,5.489336,4.348148,6.630533,0.592854,0.702737,0.482971,7.394068,6.225013,8.563124,0.5957931,0,2.118194,7.188888,6.099926,8.277851,9.840213,10,9.492657,-1,-1,-1,-1,-1,-1,-1,-1,-1,-1,-1,-1,-1,-1,-1,-1,-1,-1,-1,-1,-1,-1,-1,-1,-1,-1,-1,-1,-1,-1,-1,-1,-1,-1,-1,-1,-1,-1,-1,-1,-1,-1,-1,-1,-1,-1,-1,-1,-1,-1,0,0,0,0,0,0,-1,-1,-1,-1,-1,-1,-1,-1,-1,-1,-1,-1,0,0,0,0,0,0,-1,-1,-1,-1,-1,-1,-1,-1,-1,-1,-1,-1,-1,-1,False,False,0,0,False,207,0,0,0,0,0,0,0,0,0,0,0,0,0,0,0,1,
0,1313,2026-02-23 12:18:20Z,LLM_Empathetic,6.923059,7.221005,6.625114,0.6264827,0,1.610302,0,0,0,0,0,0,5.489347,4.348152,6.630552,0.592854,0.702737,0.482971,7.394073,6.22501,8.563137,0.5957836,0,2.118184,7.188904,6.099934,8.277874,9.840244,10,9.492697,6.923059,7.221005,6.625114,0.6264827,0,1.610302,0,0,0,0,0,0,5.489347,4.348152,6.630552,0.592854,0.702737,0.482971,7.394073,6.22501,8.563137,0.5957836,0,2.118184,7.188904,6.099934,8.277874,9.840244,10,9.492697,-1,-1,-1,-1,-1,-1,-1,-1,-1,-1,-1,-1,-1,-1,-1,-1,-1,-1,-1,-1,-1,-1,-1,-1,-1,-1,-1,-1,-1,-1,-1,-1,-1,-1,-1,-1,-1,-1,-1,-1,-1,-1,-1,-1,-1,-1,-1,-1,-1,-1,0,0,0,0,0,0,-1,-1,-1,-1,-1,-1,-1,-1,-1,-1,-1,-1,0,0,0,0,0,0,-1,-1,-1,-1,-1,-1,-1,-1,-1,-1,-1,-1,-1,-1,False,False,0,0,False,209,0,0,0,0,0,0,0,0,0,0,0,0,0,0,0,1,
0,1314,2026-02-23 12:18:20Z,LLM_Empathetic,6.923069,7.221007,6.62513,0.6264679,0,1.610294,0,0,0,0,0,0,5.489358,4.348155,6.630571,0.592854,0.702737,0.482971,7.394078,6.225008,8.563149,0.5957741,0,2.118175,7.188919,6.099942,8.277897,9.840276,10,9.492736,6.923069,7.221007,6.62513,0.6264679,0,1.610294,0,0,0,0,0,0,5.489358,4.348155,6.630571,0.592854,0.702737,0.482971,7.394078,6.225008,8.563149,0.5957741,0,2.118175,7.188919,6.099942,8.277897,9.840276,10,9.492736,-1,-1,-1,-1,-1,-1,-1,-1,-1,-1,-1,-1,-1,-1,-1,-1,-1,-1,-1,-1,-1,-1,-1,-1,-1,-1,-1,-1,-1,-1,-1,-1,-1,-1,-1,-1,-1,-1,-1,-1,-1,-1,-1,-1,-1,-1,-1,-1,-1,-1,0,0,0,0,0,0,-1,-1,-1,-1,-1,-1,-1,-1,-1,-1,-1,-1,0,0,0,0,0,0,-1,-1,-1,-1,-1,-1,-1,-1,-1,-1,-1,-1,-1,-1,False,False,0,0,False,207,0,0,0,0,0,0,0,0,0,0,0,0,0,0,0,1,
0,1315,2026-02-23 12:18:21Z,LLM_Empathetic,6.923077,7.221008,6.625146,0.626453,0,1.610286,0,0,0,0,0,0,5.489369,4.348159,6.630589,0.592854,0.702737,0.482971,7.394083,6.225005,8.563163,0.5957646,0,2.118165,7.188935,6.099951,8.27792,9.840306,10,9.492775,6.923077,7.221008,6.625146,0.626453,0,1.610286,0,0,0,0,0,0,5.489369,4.348159,6.630589,0.592854,0.702737,0.482971,7.394083,6.225005,8.563163,0.5957646,0,2.118165,7.188935,6.099951,8.27792,9.840306,10,9.492775,-1,-1,-1,-1,-1,-1,-1,-1,-1,-1,-1,-1,-1,-1,-1,-1,-1,-1,-1,-1,-1,-1,-1,-1,-1,-1,-1,-1,-1,-1,-1,-1,-1,-1,-1,-1,-1,-1,-1,-1,-1,-1,-1,-1,-1,-1,-1,-1,-1,-1,0,0,0,0,0,0,-1,-1,-1,-1,-1,-1,-1,-1,-1,-1,-1,-1,0,0,0,0,0,0,-1,-1,-1,-1,-1,-1,-1,-1,-1,-1,-1,-1,-1,-1,False,False,0,0,False,209,0,0,0,0,0,0,0,0,0,0,0,0,0,0,0,1,
0,1316,2026-02-23 12:18:21Z,LLM_Empathetic,6.923086,7.22101,6.625162,0.6264381,0,1.610277,0,0,0,0,0,0,5.48938,4.348163,6.630608,0.592854,0.702737,0.482971,7.394089,6.225002,8.563175,0.595755,0,2.118155,7.188951,6.099959,8.277943,9.840338,10,9.492814,6.923086,7.22101,6.625162,0.6264381,0,1.610277,0,0,0,0,0,0,5.48938,4.348163,6.630608,0.592854,0.702737,0.482971,7.394089,6.225002,8.563175,0.595755,0,2.118155,7.188951,6.099959,8.277943,9.840338,10,9.492814,-1,-1,-1,-1,-1,-1,-1,-1,-1,-1,-1,-1,-1,-1,-1,-1,-1,-1,-1,-1,-1,-1,-1,-1,-1,-1,-1,-1,-1,-1,-1,-1,-1,-1,-1,-1,-1,-1,-1,-1,-1,-1,-1,-1,-1,-1,-1,-1,-1,-1,0,0,0,0,0,0,-1,-1,-1,-1,-1,-1,-1,-1,-1,-1,-1,-1,0,0,0,0,0,0,-1,-1,-1,-1,-1,-1,-1,-1,-1,-1,-1,-1,-1,-1,False,False,0,0,False,207,0,0,0,0,0,0,0,0,0,0,0,0,0,0,0,1,
0,1317,2026-02-23 12:18:21Z,LLM_Empathetic,6.923095,7.221012,6.625178,0.6264233,0,1.610269,0,0,0,0,0,0,5.489392,4.348166,6.630627,0.592854,0.702737,0.482971,7.394094,6.224999,8.563189,0.5957456,0,2.118146,7.188966,6.099967,8.277966,9.840369,10,9.492853,6.923095,7.221012,6.625178,0.6264233,0,1.610269,0,0,0,0,0,0,5.489392,4.348166,6.630627,0.592854,0.702737,0.482971,7.394094,6.224999,8.563189,0.5957456,0,2.118146,7.188966,6.099967,8.277966,9.840369,10,9.492853,-1,-1,-1,-1,-1,-1,-1,-1,-1,-1,-1,-1,-1,-1,-1,-1,-1,-1,-1,-1,-1,-1,-1,-1,-1,-1,-1,-1,-1,-1,-1,-1,-1,-1,-1,-1,-1,-1,-1,-1,-1,-1,-1,-1,-1,-1,-1,-1,-1,-1,0,0,0,0,0,0,-1,-1,-1,-1,-1,-1,-1,-1,-1,-1,-1,-1,0,0,0,0,0,0,-1,-1,-1,-1,-1,-1,-1,-1,-1,-1,-1,-1,-1,-1,False,False,0,0,False,209,0,0,0,0,0,0,0,0,0,0,0,0,0,0,0,1,
0,1318,2026-02-23 12:18:21Z,LLM_Empathetic,6.923103,7.221013,6.625194,0.6264085,0,1.610261,0,0,0,0,0,0,5.489403,4.34817,6.630646,0.592854,0.702737,0.482971,7.394099,6.224997,8.563201,0.5957361,0,2.118136,7.188982,6.099976,8.277988,9.8404,10,9.492892,6.923103,7.221013,6.625194,0.6264085,0,1.610261,0,0,0,0,0,0,5.489403,4.34817,6.630646,0.592854,0.702737,0.482971,7.394099,6.224997,8.563201,0.5957361,0,2.118136,7.188982,6.099976,8.277988,9.8404,10,9.492892,-1,-1,-1,-1,-1,-1,-1,-1,-1,-1,-1,-1,-1,-1,-1,-1,-1,-1,-1,-1,-1,-1,-1,-1,-1,-1,-1,-1,-1,-1,-1,-1,-1,-1,-1,-1,-1,-1,-1,-1,-1,-1,-1,-1,-1,-1,-1,-1,-1,-1,0,0,0,0,0,0,-1,-1,-1,-1,-1,-1,-1,-1,-1,-1,-1,-1,0,0,0,0,0,0,-1,-1,-1,-1,-1,-1,-1,-1,-1,-1,-1,-1,-1,-1,False,False,0,0,False,207,0,0,0,0,0,0,0,0,0,0,0,0,0,0,0,1,
0,1319,2026-02-23 12:18:21Z,LLM_Empathetic,6.923112,7.221014,6.625209,0.6263937,0,1.610253,0,0,0,0,0,0,5.489414,4.348174,6.630664,0.592854,0.702737,0.482971,7.394104,6.224994,8.563214,0.5957266,0,2.118127,7.188997,6.099985,8.27801,9.840431,10,9.49293,6.923112,7.221014,6.625209,0.6263937,0,1.610253,0,0,0,0,0,0,5.489414,4.348174,6.630664,0.592854,0.702737,0.482971,7.394104,6.224994,8.563214,0.5957266,0,2.118127,7.188997,6.099985,8.27801,9.840431,10,9.49293,-1,-1,-1,-1,-1,-1,-1,-1,-1,-1,-1,-1,-1,-1,-1,-1,-1,-1,-1,-1,-1,-1,-1,-1,-1,-1,-1,-1,-1,-1,-1,-1,-1,-1,-1,-1,-1,-1,-1,-1,-1,-1,-1,-1,-1,-1,-1,-1,-1,-1,0,0,0,0,0,0,-1,-1,-1,-1,-1,-1,-1,-1,-1,-1,-1,-1,0,0,0,0,0,0,-1,-1,-1,-1,-1,-1,-1,-1,-1,-1,-1,-1,-1,-1,False,False,0,0,False,209,0,0,0,0,0,0,0,0,0,0,0,0,0,0,0,1,
0,1320,2026-02-23 12:18:21Z,LLM_Empathetic,6.923121,7.221016,6.625225,0.626379,0,1.610245,0,0,0,0,0,0,5.489425,4.348178,6.630683,0.592854,0.702737,0.482971,7.394109,6.224992,8.563227,0.5957171,0,2.118118,7.189013,6.099993,8.278033,9.840462,10,9.49297,6.923121,7.221016,6.625225,0.626379,0,1.610245,0,0,0,0,0,0,5.489425,4.348178,6.630683,0.592854,0.702737,0.482971,7.394109,6.224992,8.563227,0.5957171,0,2.118118,7.189013,6.099993,8.278033,9.840462,10,9.49297,-1,-1,-1,-1,-1,-1,-1,-1,-1,-1,-1,-1,-1,-1,-1,-1,-1,-1,-1,-1,-1,-1,-1,-1,-1,-1,-1,-1,-1,-1,-1,-1,-1,-1,-1,-1,-1,-1,-1,-1,-1,-1,-1,-1,-1,-1,-1,-1,-1,-1,0,0,0,0,0,0,-1,-1,-1,-1,-1,-1,-1,-1,-1,-1,-1,-1,0,0,0,0,0,0,-1,-1,-1,-1,-1,-1,-1,-1,-1,-1,-1,-1,-1,-1,False,False,0,0,False,209,0,0,0,0,0,0,0,0,0,0,0,0,0,0,0,1,
0,1321,2026-02-23 12:18:21Z,LLM_Empathetic,6.92313,7.221018,6.625241,0.6263642,0,1.610237,0,0,0,0,0,0,5.489436,4.348181,6.630702,0.592854,0.702737,0.482971,7.394114,6.224989,8.56324,0.5957077,0,2.118108,7.189028,6.100001,8.278056,9.840493,10,9.493009,6.92313,7.221018,6.625241,0.6263642,0,1.610237,0,0,0,0,0,0,5.489436,4.348181,6.630702,0.592854,0.702737,0.482971,7.394114,6.224989,8.56324,0.5957077,0,2.118108,7.189028,6.100001,8.278056,9.840493,10,9.493009,-1,-1,-1,-1,-1,-1,-1,-1,-1,-1,-1,-1,-1,-1,-1,-1,-1,-1,-1,-1,-1,-1,-1,-1,-1,-1,-1,-1,-1,-1,-1,-1,-1,-1,-1,-1,-1,-1,-1,-1,-1,-1,-1,-1,-1,-1,-1,-1,-1,-1,0,0,0,0,0,0,-1,-1,-1,-1,-1,-1,-1,-1,-1,-1,-1,-1,0,0,0,0,0,0,-1,-1,-1,-1,-1,-1,-1,-1,-1,-1,-1,-1,-1,-1,False,False,0,0,False,209,0,0,0,0,0,0,0,0,0,0,0,0,0,0,0,1,
0,1322,2026-02-23 12:18:21Z,LLM_Empathetic,6.923138,7.221019,6.625257,0.6263494,0,1.610229,0,0,0,0,0,0,5.489448,4.348185,6.63072,0.592854,0.702737,0.482971,7.394119,6.224987,8.563252,0.5956982,0,2.118099,7.189044,6.100009,8.278079,9.840524,10,9.493048,6.923138,7.221019,6.625257,0.6263494,0,1.610229,0,0,0,0,0,0,5.489448,4.348185,6.63072,0.592854,0.702737,0.482971,7.394119,6.224987,8.563252,0.5956982,0,2.118099,7.189044,6.100009,8.278079,9.840524,10,9.493048,-1,-1,-1,-1,-1,-1,-1,-1,-1,-1,-1,-1,-1,-1,-1,-1,-1,-1,-1,-1,-1,-1,-1,-1,-1,-1,-1,-1,-1,-1,-1,-1,-1,-1,-1,-1,-1,-1,-1,-1,-1,-1,-1,-1,-1,-1,-1,-1,-1,-1,0,0,0,0,0,0,-1,-1,-1,-1,-1,-1,-1,-1,-1,-1,-1,-1,0,0,0,0,0,0,-1,-1,-1,-1,-1,-1,-1,-1,-1,-1,-1,-1,-1,-1,False,False,0,0,False,209,0,0,0,0,0,0,0,0,0,0,0,0,0,0,0,1,
0,1323,2026-02-23 12:18:21Z,LLM_Empathetic,6.923147,7.221021,6.625272,0.6263347,0,1.61022,0,0,0,0,0,0,5.489459,4.348189,6.630739,0.592854,0.702737,0.482971,7.394125,6.224984,8.563265,0.5956888,0,2.118089,7.189059,6.100018,8.278101,9.840555,10,9.493086,6.923147,7.221021,6.625272,0.6263347,0,1.61022,0,0,0,0,0,0,5.489459,4.348189,6.630739,0.592854,0.702737,0.482971,7.394125,6.224984,8.563265,0.5956888,0,2.118089,7.189059,6.100018,8.278101,9.840555,10,9.493086,-1,-1,-1,-1,-1,-1,-1,-1,-1,-1,-1,-1,-1,-1,-1,-1,-1,-1,-1,-1,-1,-1,-1,-1,-1,-1,-1,-1,-1,-1,-1,-1,-1,-1,-1,-1,-1,-1,-1,-1,-1,-1,-1,-1,-1,-1,-1,-1,-1,-1,0,0,0,0,0,0,-1,-1,-1,-1,-1,-1,-1,-1,-1,-1,-1,-1,0,0,0,0,0,0,-1,-1,-1,-1,-1,-1,-1,-1,-1,-1,-1,-1,-1,-1,False,False,0,0,False,209,0,0,0,0,0,0,0,0,0,0,0,0,0,0,0,1,
0,1324,2026-02-23 12:18:21Z,LLM_Empathetic,6.923155,7.221023,6.625288,0.62632,0,1.610212,0,0,0,0,0,0,5.48947,4.348193,6.630757,0.592854,0.702737,0.482971,7.394129,6.224981,8.563278,0.5956794,0,2.11808,7.189075,6.100026,8.278124,9.840586,10,9.493125,6.923155,7.221023,6.625288,0.62632,0,1.610212,0,0,0,0,0,0,5.48947,4.348193,6.630757,0.592854,0.702737,0.482971,7.394129,6.224981,8.563278,0.5956794,0,2.11808,7.189075,6.100026,8.278124,9.840586,10,9.493125,-1,-1,-1,-1,-1,-1,-1,-1,-1,-1,-1,-1,-1,-1,-1,-1,-1,-1,-1,-1,-1,-1,-1,-1,-1,-1,-1,-1,-1,-1,-1,-1,-1,-1,-1,-1,-1,-1,-1,-1,-1,-1,-1,-1,-1,-1,-1,-1,-1,-1,0,0,0,0,0,0,-1,-1,-1,-1,-1,-1,-1,-1,-1,-1,-1,-1,0,0,0,0,0,0,-1,-1,-1,-1,-1,-1,-1,-1,-1,-1,-1,-1,-1,-1,False,False,0,0,False,209,0,0,0,0,0,0,0,0,0,0,0,0,0,0,0,1,
0,1325,2026-02-23 12:18:21Z,LLM_Empathetic,6.923164,7.221024,6.625304,0.6263053,0,1.610204,0,0,0,0,0,0,5.489481,4.348196,6.630776,0.592854,0.702737,0.482971,7.394135,6.224979,8.563291,0.59567,0,2.11807,7.18909,6.100035,8.278147,9.840616,10,9.493164,6.923164,7.221024,6.625304,0.6263053,0,1.610204,0,0,0,0,0,0,5.489481,4.348196,6.630776,0.592854,0.702737,0.482971,7.394135,6.224979,8.563291,0.59567,0,2.11807,7.18909,6.100035,8.278147,9.840616,10,9.493164,-1,-1,-1,-1,-1,-1,-1,-1,-1,-1,-1,-1,-1,-1,-1,-1,-1,-1,-1,-1,-1,-1,-1,-1,-1,-1,-1,-1,-1,-1,-1,-1,-1,-1,-1,-1,-1,-1,-1,-1,-1,-1,-1,-1,-1,-1,-1,-1,-1,-1,0,0,0,0,0,0,-1,-1,-1,-1,-1,-1,-1,-1,-1,-1,-1,-1,0,0,0,0,0,0,-1,-1,-1,-1,-1,-1,-1,-1,-1,-1,-1,-1,-1,-1,False,False,0,0,False,207,0,0,0,0,0,0,0,0,0,0,0,0,0,0,0,1,
0,1326,2026-02-23 12:18:21Z,LLM_Empathetic,6.923172,7.221025,6.625319,0.6262907,0,1.610196,0,0,0,0,0,0,5.489492,4.3482,6.630795,0.592854,0.702737,0.482971,7.39414,6.224976,8.563303,0.5956606,0,2.118061,7.189106,6.100043,8.278169,9.840647,10,9.493202,6.923172,7.221025,6.625319,0.6262907,0,1.610196,0,0,0,0,0,0,5.489492,4.3482,6.630795,0.592854,0.702737,0.482971,7.39414,6.224976,8.563303,0.5956606,0,2.118061,7.189106,6.100043,8.278169,9.840647,10,9.493202,-1,-1,-1,-1,-1,-1,-1,-1,-1,-1,-1,-1,-1,-1,-1,-1,-1,-1,-1,-1,-1,-1,-1,-1,-1,-1,-1,-1,-1,-1,-1,-1,-1,-1,-1,-1,-1,-1,-1,-1,-1,-1,-1,-1,-1,-1,-1,-1,-1,-1,0,0,0,0,0,0,-1,-1,-1,-1,-1,-1,-1,-1,-1,-1,-1,-1,0,0,0,0,0,0,-1,-1,-1,-1,-1,-1,-1,-1,-1,-1,-1,-1,-1,-1,False,False,0,0,False,209,0,0,0,0,0,0,0,0,0,0,0,0,0,0,0,1,
0,1327,2026-02-23 12:18:21Z,LLM_Empathetic,6.923182,7.221027,6.625335,0.626276,0,1.610188,0,0,0,0,0,0,5.489503,4.348204,6.630813,0.592854,0.702737,0.482971,7.394145,6.224974,8.563316,0.5956512,0,2.118052,7.189121,6.100051,8.278192,9.840678,10,9.493241,6.923182,7.221027,6.625335,0.626276,0,1.610188,0,0,0,0,0,0,5.489503,4.348204,6.630813,0.592854,0.702737,0.482971,7.394145,6.224974,8.563316,0.5956512,0,2.118052,7.189121,6.100051,8.278192,9.840678,10,9.493241,-1,-1,-1,-1,-1,-1,-1,-1,-1,-1,-1,-1,-1,-1,-1,-1,-1,-1,-1,-1,-1,-1,-1,-1,-1,-1,-1,-1,-1,-1,-1,-1,-1,-1,-1,-1,-1,-1,-1,-1,-1,-1,-1,-1,-1,-1,-1,-1,-1,-1,0,0,0,0,0,0,-1,-1,-1,-1,-1,-1,-1,-1,-1,-1,-1,-1,0,0,0,0,0,0,-1,-1,-1,-1,-1,-1,-1,-1,-1,-1,-1,-1,-1,-1,False,False,0,0,False,209,0,0,0,0,0,0,0,0,0,0,0,0,0,0,0,1,
0,1328,2026-02-23 12:18:21Z,LLM_Empathetic,6.92319,7.221029,6.625351,0.6262614,0,1.61018,0,0,0,0,0,0,5.489514,4.348207,6.630832,0.592854,0.702737,0.482971,7.39415,6.224971,8.563329,0.5956419,0,2.118042,7.189136,6.10006,8.278214,9.840709,10,9.493279,6.92319,7.221029,6.625351,0.6262614,0,1.61018,0,0,0,0,0,0,5.489514,4.348207,6.630832,0.592854,0.702737,0.482971,7.39415,6.224971,8.563329,0.5956419,0,2.118042,7.189136,6.10006,8.278214,9.840709,10,9.493279,-1,-1,-1,-1,-1,-1,-1,-1,-1,-1,-1,-1,-1,-1,-1,-1,-1,-1,-1,-1,-1,-1,-1,-1,-1,-1,-1,-1,-1,-1,-1,-1,-1,-1,-1,-1,-1,-1,-1,-1,-1,-1,-1,-1,-1,-1,-1,-1,-1,-1,0,0,0,0,0,0,-1,-1,-1,-1,-1,-1,-1,-1,-1,-1,-1,-1,0,0,0,0,0,0,-1,-1,-1,-1,-1,-1,-1,-1,-1,-1,-1,-1,-1,-1,False,False,0,0,False,209,0,0,0,0,0,0,0,0,0,0,0,0,0,0,0,1,
0,1329,2026-02-23 12:18:21Z,LLM_Empathetic,6.923199,7.22103,6.625367,0.6262468,0,1.610172,0,0,0,0,0,0,5.489525,4.348211,6.63085,0.592854,0.702737,0.482971,7.394155,6.224968,8.563341,0.5956325,0,2.118033,7.189152,6.100068,8.278236,9.840739,10,9.493318,6.923199,7.22103,6.625367,0.6262468,0,1.610172,0,0,0,0,0,0,5.489525,4.348211,6.63085,0.592854,0.702737,0.482971,7.394155,6.224968,8.563341,0.5956325,0,2.118033,7.189152,6.100068,8.278236,9.840739,10,9.493318,-1,-1,-1,-1,-1,-1,-1,-1,-1,-1,-1,-1,-1,-1,-1,-1,-1,-1,-1,-1,-1,-1,-1,-1,-1,-1,-1,-1,-1,-1,-1,-1,-1,-1,-1,-1,-1,-1,-1,-1,-1,-1,-1,-1,-1,-1,-1,-1,-1,-1,0,0,0,0,0,0,-1,-1,-1,-1,-1,-1,-1,-1,-1,-1,-1,-1,0,0,0,0,0,0,-1,-1,-1,-1,-1,-1,-1,-1,-1,-1,-1,-1,-1,-1,False,False,0,0,False,209,0,0,0,0,0,0,0,0,0,0,0,0,0,0,0,1,
0,1330,2026-02-23 12:18:21Z,LLM_Empathetic,6.923207,7.221032,6.625382,0.6262321,0,1.610164,0,0,0,0,0,0,5.489536,4.348215,6.630868,0.592854,0.702737,0.482971,7.39416,6.224966,8.563354,0.5956231,0,2.118024,7.189167,6.100076,8.278258,9.84077,10,9.493357,6.923207,7.221032,6.625382,0.6262321,0,1.610164,0,0,0,0,0,0,5.489536,4.348215,6.630868,0.592854,0.702737,0.482971,7.39416,6.224966,8.563354,0.5956231,0,2.118024,7.189167,6.100076,8.278258,9.84077,10,9.493357,-1,-1,-1,-1,-1,-1,-1,-1,-1,-1,-1,-1,-1,-1,-1,-1,-1,-1,-1,-1,-1,-1,-1,-1,-1,-1,-1,-1,-1,-1,-1,-1,-1,-1,-1,-1,-1,-1,-1,-1,-1,-1,-1,-1,-1,-1,-1,-1,-1,-1,0,0,0,0,0,0,-1,-1,-1,-1,-1,-1,-1,-1,-1,-1,-1,-1,0,0,0,0,0,0,-1,-1,-1,-1,-1,-1,-1,-1,-1,-1,-1,-1,-1,-1,False,False,0,0,False,209,0,0,0,0,0,0,0,0,0,0,0,0,0,0,0,1,
0,1331,2026-02-23 12:18:21Z,LLM_Empathetic,6.923216,7.221034,6.625398,0.6262176,0,1.610156,0,0,0,0,0,0,5.489547,4.348218,6.630887,0.592854,0.702737,0.482971,7.394165,6.224963,8.563367,0.5956138,0,2.118014,7.189182,6.100085,8.278281,9.8408,10,9.493395,6.923216,7.221034,6.625398,0.6262176,0,1.610156,0,0,0,0,0,0,5.489547,4.348218,6.630887,0.592854,0.702737,0.482971,7.394165,6.224963,8.563367,0.5956138,0,2.118014,7.189182,6.100085,8.278281,9.8408,10,9.493395,-1,-1,-1,-1,-1,-1,-1,-1,-1,-1,-1,-1,-1,-1,-1,-1,-1,-1,-1,-1,-1,-1,-1,-1,-1,-1,-1,-1,-1,-1,-1,-1,-1,-1,-1,-1,-1,-1,-1,-1,-1,-1,-1,-1,-1,-1,-1,-1,-1,-1,0,0,0,0,0,0,-1,-1,-1,-1,-1,-1,-1,-1,-1,-1,-1,-1,0,0,0,0,0,0,-1,-1,-1,-1,-1,-1,-1,-1,-1,-1,-1,-1,-1,-1,False,False,0,0,False,207,0,0,0,0,0,0,0,0,0,0,0,0,0,0,0,1,
0,1332,2026-02-23 12:18:21Z,LLM_Empathetic,6.923224,7.221035,6.625413,0.626203,0,1.610148,0,0,0,0,0,0,5.489558,4.348222,6.630905,0.592854,0.702737,0.482971,7.39417,6.22496,8.563379,0.5956045,0,2.118005,7.189198,6.100093,8.278303,9.840831,10,9.493433,6.923224,7.221035,6.625413,0.626203,0,1.610148,0,0,0,0,0,0,5.489558,4.348222,6.630905,0.592854,0.702737,0.482971,7.39417,6.22496,8.563379,0.5956045,0,2.118005,7.189198,6.100093,8.278303,9.840831,10,9.493433,-1,-1,-1,-1,-1,-1,-1,-1,-1,-1,-1,-1,-1,-1,-1,-1,-1,-1,-1,-1,-1,-1,-1,-1,-1,-1,-1,-1,-1,-1,-1,-1,-1,-1,-1,-1,-1,-1,-1,-1,-1,-1,-1,-1,-1,-1,-1,-1,-1,-1,0,0,0,0,0,0,-1,-1,-1,-1,-1,-1,-1,-1,-1,-1,-1,-1,0,0,0,0,0,0,-1,-1,-1,-1,-1,-1,-1,-1,-1,-1,-1,-1,-1,-1,False,False,0,0,False,209,0,0,0,0,0,0,0,0,0,0,0,0,0,0,0,1,
0,1333,2026-02-23 12:18:21Z,LLM_Empathetic,6.923233,7.221036,6.625429,0.6261885,0,1.61014,0,0,0,0,0,0,5.489569,4.348226,6.630924,0.592854,0.702737,0.482971,7.394175,6.224958,8.563392,0.5955952,0,2.117996,7.189213,6.100101,8.278325,9.840861,10,9.493471,6.923233,7.221036,6.625429,0.6261885,0,1.61014,0,0,0,0,0,0,5.489569,4.348226,6.630924,0.592854,0.702737,0.482971,7.394175,6.224958,8.563392,0.5955952,0,2.117996,7.189213,6.100101,8.278325,9.840861,10,9.493471,-1,-1,-1,-1,-1,-1,-1,-1,-1,-1,-1,-1,-1,-1,-1,-1,-1,-1,-1,-1,-1,-1,-1,-1,-1,-1,-1,-1,-1,-1,-1,-1,-1,-1,-1,-1,-1,-1,-1,-1,-1,-1,-1,-1,-1,-1,-1,-1,-1,-1,0,0,0,0,0,0,-1,-1,-1,-1,-1,-1,-1,-1,-1,-1,-1,-1,0,0,0,0,0,0,-1,-1,-1,-1,-1,-1,-1,-1,-1,-1,-1,-1,-1,-1,False,False,0,0,False,207,0,0,0,0,0,0,0,0,0,0,0,0,0,0,0,1,
0,1334,2026-02-23 12:18:21Z,LLM_Empathetic,6.923241,7.221038,6.625444,0.6261739,0,1.610132,0,0,0,0,0,0,5.48958,4.348229,6.630942,0.592854,0.702737,0.482971,7.39418,6.224956,8.563405,0.5955859,0,2.117986,7.189228,6.10011,8.278348,9.840892,10,9.493509,6.923241,7.221038,6.625444,0.6261739,0,1.610132,0,0,0,0,0,0,5.48958,4.348229,6.630942,0.592854,0.702737,0.482971,7.39418,6.224956,8.563405,0.5955859,0,2.117986,7.189228,6.10011,8.278348,9.840892,10,9.493509,-1,-1,-1,-1,-1,-1,-1,-1,-1,-1,-1,-1,-1,-1,-1,-1,-1,-1,-1,-1,-1,-1,-1,-1,-1,-1,-1,-1,-1,-1,-1,-1,-1,-1,-1,-1,-1,-1,-1,-1,-1,-1,-1,-1,-1,-1,-1,-1,-1,-1,0,0,0,0,0,0,-1,-1,-1,-1,-1,-1,-1,-1,-1,-1,-1,-1,0,0,0,0,0,0,-1,-1,-1,-1,-1,-1,-1,-1,-1,-1,-1,-1,-1,-1,False,False,0,0,False,207,0,0,0,0,0,0,0,0,0,0,0,0,0,0,0,1,
0,1335,2026-02-23 12:18:21Z,LLM_Empathetic,6.92325,7.22104,6.62546,0.6261594,0,1.610124,0,0,0,0,0,0,5.489591,4.348233,6.63096,0.592854,0.702737,0.482971,7.394185,6.224953,8.563417,0.5955766,0,2.117977,7.189243,6.100118,8.27837,9.840922,10,9.493548,6.92325,7.22104,6.62546,0.6261594,0,1.610124,0,0,0,0,0,0,5.489591,4.348233,6.63096,0.592854,0.702737,0.482971,7.394185,6.224953,8.563417,0.5955766,0,2.117977,7.189243,6.100118,8.27837,9.840922,10,9.493548,-1,-1,-1,-1,-1,-1,-1,-1,-1,-1,-1,-1,-1,-1,-1,-1,-1,-1,-1,-1,-1,-1,-1,-1,-1,-1,-1,-1,-1,-1,-1,-1,-1,-1,-1,-1,-1,-1,-1,-1,-1,-1,-1,-1,-1,-1,-1,-1,-1,-1,0,0,0,0,0,0,-1,-1,-1,-1,-1,-1,-1,-1,-1,-1,-1,-1,0,0,0,0,0,0,-1,-1,-1,-1,-1,-1,-1,-1,-1,-1,-1,-1,-1,-1,False,False,0,0,False,209,0,0,0,0,0,0,0,0,0,0,0,0,0,0,0,1,
0,1336,2026-02-23 12:18:21Z,LLM_Empathetic,6.923258,7.221041,6.625475,0.6261449,0,1.610116,0,0,0,0,0,0,5.489602,4.348236,6.630979,0.592854,0.702737,0.482971,7.39419,6.22495,8.56343,0.5955673,0,2.117968,7.189259,6.100126,8.278392,9.840953,10,9.493587,6.923258,7.221041,6.625475,0.6261449,0,1.610116,0,0,0,0,0,0,5.489602,4.348236,6.630979,0.592854,0.702737,0.482971,7.39419,6.22495,8.56343,0.5955673,0,2.117968,7.189259,6.100126,8.278392,9.840953,10,9.493587,-1,-1,-1,-1,-1,-1,-1,-1,-1,-1,-1,-1,-1,-1,-1,-1,-1,-1,-1,-1,-1,-1,-1,-1,-1,-1,-1,-1,-1,-1,-1,-1,-1,-1,-1,-1,-1,-1,-1,-1,-1,-1,-1,-1,-1,-1,-1,-1,-1,-1,0,0,0,0,0,0,-1,-1,-1,-1,-1,-1,-1,-1,-1,-1,-1,-1,0,0,0,0,0,0,-1,-1,-1,-1,-1,-1,-1,-1,-1,-1,-1,-1,-1,-1,False,False,0,0,False,209,0,0,0,0,0,0,0,0,0,0,0,0,0,0,0,1,
0,1337,2026-02-23 12:18:21Z,LLM_Empathetic,6.923267,7.221043,6.625491,0.6261305,0,1.610108,0,0,0,0,0,0,5.489613,4.34824,6.630997,0.592854,0.702737,0.482971,7.394195,6.224947,8.563442,0.595558,0,2.117958,7.189274,6.100134,8.278414,9.840983,10,9.493625,6.923267,7.221043,6.625491,0.6261305,0,1.610108,0,0,0,0,0,0,5.489613,4.34824,6.630997,0.592854,0.702737,0.482971,7.394195,6.224947,8.563442,0.595558,0,2.117958,7.189274,6.100134,8.278414,9.840983,10,9.493625,-1,-1,-1,-1,-1,-1,-1,-1,-1,-1,-1,-1,-1,-1,-1,-1,-1,-1,-1,-1,-1,-1,-1,-1,-1,-1,-1,-1,-1,-1,-1,-1,-1,-1,-1,-1,-1,-1,-1,-1,-1,-1,-1,-1,-1,-1,-1,-1,-1,-1,0,0,0,0,0,0,-1,-1,-1,-1,-1,-1,-1,-1,-1,-1,-1,-1,0,0,0,0,0,0,-1,-1,-1,-1,-1,-1,-1,-1,-1,-1,-1,-1,-1,-1,False,False,0,0,False,207,0,0,0,0,0,0,0,0,0,0,0,0,0,0,0,1,
0,1338,2026-02-23 12:18:21Z,LLM_Empathetic,6.923275,7.221044,6.625506,0.626116,0,1.6101,0,0,0,0,0,0,5.489624,4.348244,6.631015,0.592854,0.702737,0.482971,7.3942,6.224945,8.563455,0.5955487,0,2.117949,7.189289,6.100142,8.278437,9.841014,10,9.493662,6.923275,7.221044,6.625506,0.626116,0,1.6101,0,0,0,0,0,0,5.489624,4.348244,6.631015,0.592854,0.702737,0.482971,7.3942,6.224945,8.563455,0.5955487,0,2.117949,7.189289,6.100142,8.278437,9.841014,10,9.493662,-1,-1,-1,-1,-1,-1,-1,-1,-1,-1,-1,-1,-1,-1,-1,-1,-1,-1,-1,-1,-1,-1,-1,-1,-1,-1,-1,-1,-1,-1,-1,-1,-1,-1,-1,-1,-1,-1,-1,-1,-1,-1,-1,-1,-1,-1,-1,-1,-1,-1,0,0,0,0,0,0,-1,-1,-1,-1,-1,-1,-1,-1,-1,-1,-1,-1,0,0,0,0,0,0,-1,-1,-1,-1,-1,-1,-1,-1,-1,-1,-1,-1,-1,-1,False,False,0,0,False,207,0,0,0,0,0,0,0,0,0,0,0,0,0,0,0,1,
0,1339,2026-02-23 12:18:21Z,LLM_Empathetic,6.923284,7.221045,6.625522,0.6261016,0,1.610092,0,0,0,0,0,0,5.489635,4.348247,6.631033,0.592854,0.702737,0.482971,7.394205,6.224943,8.563467,0.5955395,0,2.11794,7.189304,6.100151,8.278459,9.841044,10,9.4937,6.923284,7.221045,6.625522,0.6261016,0,1.610092,0,0,0,0,0,0,5.489635,4.348247,6.631033,0.592854,0.702737,0.482971,7.394205,6.224943,8.563467,0.5955395,0,2.11794,7.189304,6.100151,8.278459,9.841044,10,9.4937,-1,-1,-1,-1,-1,-1,-1,-1,-1,-1,-1,-1,-1,-1,-1,-1,-1,-1,-1,-1,-1,-1,-1,-1,-1,-1,-1,-1,-1,-1,-1,-1,-1,-1,-1,-1,-1,-1,-1,-1,-1,-1,-1,-1,-1,-1,-1,-1,-1,-1,0,0,0,0,0,0,-1,-1,-1,-1,-1,-1,-1,-1,-1,-1,-1,-1,0,0,0,0,0,0,-1,-1,-1,-1,-1,-1,-1,-1,-1,-1,-1,-1,-1,-1,False,False,0,0,False,207,0,0,0,0,0,0,0,0,0,0,0,0,0,0,0,1,
0,1340,2026-02-23 12:18:21Z,LLM_Empathetic,6.923293,7.221047,6.625537,0.6260871,0,1.610084,0,0,0,0,0,0,5.489646,4.348251,6.631052,0.592854,0.702737,0.482971,7.39421,6.22494,8.56348,0.5955303,0,2.117931,7.189319,6.100159,8.278481,9.841074,10,9.493738,6.923293,7.221047,6.625537,0.6260871,0,1.610084,0,0,0,0,0,0,5.489646,4.348251,6.631052,0.592854,0.702737,0.482971,7.39421,6.22494,8.56348,0.5955303,0,2.117931,7.189319,6.100159,8.278481,9.841074,10,9.493738,-1,-1,-1,-1,-1,-1,-1,-1,-1,-1,-1,-1,-1,-1,-1,-1,-1,-1,-1,-1,-1,-1,-1,-1,-1,-1,-1,-1,-1,-1,-1,-1,-1,-1,-1,-1,-1,-1,-1,-1,-1,-1,-1,-1,-1,-1,-1,-1,-1,-1,0,0,0,0,0,0,-1,-1,-1,-1,-1,-1,-1,-1,-1,-1,-1,-1,0,0,0,0,0,0,-1,-1,-1,-1,-1,-1,-1,-1,-1,-1,-1,-1,-1,-1,False,False,0,0,False,209,0,0,0,0,0,0,0,0,0,0,0,0,0,0,0,1,
0,1341,2026-02-23 12:18:21Z,LLM_Empathetic,6.923301,7.221049,6.625553,0.6260727,0,1.610076,0,0,0,0,0,0,5.489657,4.348254,6.63107,0.592854,0.702737,0.482971,7.394215,6.224937,8.563493,0.595521,0,2.117921,7.189334,6.100167,8.278502,9.841105,10,9.493776,6.923301,7.221049,6.625553,0.6260727,0,1.610076,0,0,0,0,0,0,5.489657,4.348254,6.63107,0.592854,0.702737,0.482971,7.394215,6.224937,8.563493,0.595521,0,2.117921,7.189334,6.100167,8.278502,9.841105,10,9.493776,-1,-1,-1,-1,-1,-1,-1,-1,-1,-1,-1,-1,-1,-1,-1,-1,-1,-1,-1,-1,-1,-1,-1,-1,-1,-1,-1,-1,-1,-1,-1,-1,-1,-1,-1,-1,-1,-1,-1,-1,-1,-1,-1,-1,-1,-1,-1,-1,-1,-1,0,0,0,0,0,0,-1,-1,-1,-1,-1,-1,-1,-1,-1,-1,-1,-1,0,0,0,0,0,0,-1,-1,-1,-1,-1,-1,-1,-1,-1,-1,-1,-1,-1,-1,False,False,0,0,False,207,0,0,0,0,0,0,0,0,0,0,0,0,0,0,0,1,
0,1342,2026-02-23 12:18:21Z,LLM_Empathetic,6.923309,7.22105,6.625568,0.6260583,0,1.610068,0,0,0,0,0,0,5.489668,4.348258,6.631088,0.592854,0.702737,0.482971,7.39422,6.224935,8.563505,0.5955119,0,2.117912,7.18935,6.100175,8.278524,9.841135,10,9.493814,6.923309,7.22105,6.625568,0.6260583,0,1.610068,0,0,0,0,0,0,5.489668,4.348258,6.631088,0.592854,0.702737,0.482971,7.39422,6.224935,8.563505,0.5955119,0,2.117912,7.18935,6.100175,8.278524,9.841135,10,9.493814,-1,-1,-1,-1,-1,-1,-1,-1,-1,-1,-1,-1,-1,-1,-1,-1,-1,-1,-1,-1,-1,-1,-1,-1,-1,-1,-1,-1,-1,-1,-1,-1,-1,-1,-1,-1,-1,-1,-1,-1,-1,-1,-1,-1,-1,-1,-1,-1,-1,-1,0,0,0,0,0,0,-1,-1,-1,-1,-1,-1,-1,-1,-1,-1,-1,-1,0,0,0,0,0,0,-1,-1,-1,-1,-1,-1,-1,-1,-1,-1,-1,-1,-1,-1,False,False,0,0,False,207,0,0,0,0,0,0,0,0,0,0,0,0,0,0,0,1,
0,1343,2026-02-23 12:18:21Z,LLM_Empathetic,6.923318,7.221052,6.625584,0.626044,0,1.61006,0,0,0,0,0,0,5.489679,4.348261,6.631106,0.592854,0.702737,0.482971,7.394225,6.224932,8.563518,0.5955026,0,2.117903,7.189364,6.100183,8.278546,9.841165,10,9.493852,6.923318,7.221052,6.625584,0.626044,0,1.61006,0,0,0,0,0,0,5.489679,4.348261,6.631106,0.592854,0.702737,0.482971,7.394225,6.224932,8.563518,0.5955026,0,2.117903,7.189364,6.100183,8.278546,9.841165,10,9.493852,-1,-1,-1,-1,-1,-1,-1,-1,-1,-1,-1,-1,-1,-1,-1,-1,-1,-1,-1,-1,-1,-1,-1,-1,-1,-1,-1,-1,-1,-1,-1,-1,-1,-1,-1,-1,-1,-1,-1,-1,-1,-1,-1,-1,-1,-1,-1,-1,-1,-1,0,0,0,0,0,0,-1,-1,-1,-1,-1,-1,-1,-1,-1,-1,-1,-1,0,0,0,0,0,0,-1,-1,-1,-1,-1,-1,-1,-1,-1,-1,-1,-1,-1,-1,False,False,0,0,False,209,0,0,0,0,0,0,0,0,0,0,0,0,0,0,0,1,
0,1344,2026-02-23 12:18:21Z,LLM_Empathetic,6.923326,7.221054,6.625599,0.6260296,0,1.610052,0,0,0,0,0,0,5.489689,4.348265,6.631124,0.592854,0.702737,0.482971,7.394229,6.22493,8.56353,0.5954934,0,2.117894,7.18938,6.100192,8.278569,9.841195,10,9.49389,6.923326,7.221054,6.625599,0.6260296,0,1.610052,0,0,0,0,0,0,5.489689,4.348265,6.631124,0.592854,0.702737,0.482971,7.394229,6.22493,8.56353,0.5954934,0,2.117894,7.18938,6.100192,8.278569,9.841195,10,9.49389,-1,-1,-1,-1,-1,-1,-1,-1,-1,-1,-1,-1,-1,-1,-1,-1,-1,-1,-1,-1,-1,-1,-1,-1,-1,-1,-1,-1,-1,-1,-1,-1,-1,-1,-1,-1,-1,-1,-1,-1,-1,-1,-1,-1,-1,-1,-1,-1,-1,-1,0,0,0,0,0,0,-1,-1,-1,-1,-1,-1,-1,-1,-1,-1,-1,-1,0,0,0,0,0,0,-1,-1,-1,-1,-1,-1,-1,-1,-1,-1,-1,-1,-1,-1,False,False,0,0,False,209,0,0,0,0,0,0,0,0,0,0,0,0,0,0,0,1,
0,1345,2026-02-23 12:18:21Z,LLM_Empathetic,6.923335,7.221055,6.625615,0.6260152,0,1.610044,0,0,0,0,0,0,5.4897,4.348269,6.631143,0.592854,0.702737,0.482971,7.394235,6.224927,8.563542,0.5954843,0,2.117885,7.189395,6.1002,8.278591,9.841225,10,9.493928,6.923335,7.221055,6.625615,0.6260152,0,1.610044,0,0,0,0,0,0,5.4897,4.348269,6.631143,0.592854,0.702737,0.482971,7.394235,6.224927,8.563542,0.5954843,0,2.117885,7.189395,6.1002,8.278591,9.841225,10,9.493928,-1,-1,-1,-1,-1,-1,-1,-1,-1,-1,-1,-1,-1,-1,-1,-1,-1,-1,-1,-1,-1,-1,-1,-1,-1,-1,-1,-1,-1,-1,-1,-1,-1,-1,-1,-1,-1,-1,-1,-1,-1,-1,-1,-1,-1,-1,-1,-1,-1,-1,0,0,0,0,0,0,-1,-1,-1,-1,-1,-1,-1,-1,-1,-1,-1,-1,0,0,0,0,0,0,-1,-1,-1,-1,-1,-1,-1,-1,-1,-1,-1,-1,-1,-1,False,False,0,0,False,209,0,0,0,0,0,0,0,0,0,0,0,0,0,0,0,1,
0,1346,2026-02-23 12:18:21Z,LLM_Empathetic,6.923343,7.221056,6.62563,0.6260009,0,1.610036,0,0,0,0,0,0,5.489711,4.348272,6.63116,0.592854,0.702737,0.482971,7.394239,6.224925,8.563555,0.5954751,0,2.117876,7.18941,6.100208,8.278613,9.841255,10,9.493965,6.923343,7.221056,6.62563,0.6260009,0,1.610036,0,0,0,0,0,0,5.489711,4.348272,6.63116,0.592854,0.702737,0.482971,7.394239,6.224925,8.563555,0.5954751,0,2.117876,7.18941,6.100208,8.278613,9.841255,10,9.493965,-1,-1,-1,-1,-1,-1,-1,-1,-1,-1,-1,-1,-1,-1,-1,-1,-1,-1,-1,-1,-1,-1,-1,-1,-1,-1,-1,-1,-1,-1,-1,-1,-1,-1,-1,-1,-1,-1,-1,-1,-1,-1,-1,-1,-1,-1,-1,-1,-1,-1,0,0,0,0,0,0,-1,-1,-1,-1,-1,-1,-1,-1,-1,-1,-1,-1,0,0,0,0,0,0,-1,-1,-1,-1,-1,-1,-1,-1,-1,-1,-1,-1,-1,-1,False,False,0,0,False,207,0,0,0,0,0,0,0,0,0,0,0,0,0,0,0,1,
0,1347,2026-02-23 12:18:22Z,LLM_Empathetic,6.923352,7.221058,6.625645,0.6259866,0,1.610028,0,0,0,0,0,0,5.489722,4.348276,6.631178,0.592854,0.702737,0.482971,7.394245,6.224922,8.563567,0.5954659,0,2.117866,7.189425,6.100216,8.278635,9.841285,10,9.494003,6.923352,7.221058,6.625645,0.6259866,0,1.610028,0,0,0,0,0,0,5.489722,4.348276,6.631178,0.592854,0.702737,0.482971,7.394245,6.224922,8.563567,0.5954659,0,2.117866,7.189425,6.100216,8.278635,9.841285,10,9.494003,-1,-1,-1,-1,-1,-1,-1,-1,-1,-1,-1,-1,-1,-1,-1,-1,-1,-1,-1,-1,-1,-1,-1,-1,-1,-1,-1,-1,-1,-1,-1,-1,-1,-1,-1,-1,-1,-1,-1,-1,-1,-1,-1,-1,-1,-1,-1,-1,-1,-1,0,0,0,0,0,0,-1,-1,-1,-1,-1,-1,-1,-1,-1,-1,-1,-1,0,0,0,0,0,0,-1,-1,-1,-1,-1,-1,-1,-1,-1,-1,-1,-1,-1,-1,False,False,0,0,False,209,0,0,0,0,0,0,0,0,0,0,0,0,0,0,0,1,
0,1348,2026-02-23 12:18:22Z,LLM_Empathetic,6.92336,7.221059,6.62566,0.6259723,0,1.610021,0,0,0,0,0,0,5.489733,4.348279,6.631196,0.592854,0.702737,0.482971,7.394249,6.22492,8.56358,0.5954568,0,2.117857,7.18944,6.100224,8.278657,9.841315,10,9.49404,6.92336,7.221059,6.62566,0.6259723,0,1.610021,0,0,0,0,0,0,5.489733,4.348279,6.631196,0.592854,0.702737,0.482971,7.394249,6.22492,8.56358,0.5954568,0,2.117857,7.18944,6.100224,8.278657,9.841315,10,9.49404,-1,-1,-1,-1,-1,-1,-1,-1,-1,-1,-1,-1,-1,-1,-1,-1,-1,-1,-1,-1,-1,-1,-1,-1,-1,-1,-1,-1,-1,-1,-1,-1,-1,-1,-1,-1,-1,-1,-1,-1,-1,-1,-1,-1,-1,-1,-1,-1,-1,-1,0,0,0,0,0,0,-1,-1,-1,-1,-1,-1,-1,-1,-1,-1,-1,-1,0,0,0,0,0,0,-1,-1,-1,-1,-1,-1,-1,-1,-1,-1,-1,-1,-1,-1,False,False,0,0,False,207,0,0,0,0,0,0,0,0,0,0,0,0,0,0,0,1,
0,1349,2026-02-23 12:18:22Z,LLM_Empathetic,6.923368,7.221061,6.625676,0.6259581,0,1.610013,0,0,0,0,0,0,5.489744,4.348283,6.631215,0.592854,0.702737,0.482971,7.394254,6.224917,8.563592,0.5954477,0,2.117848,7.189455,6.100232,8.278678,9.841345,10,9.494079,6.923368,7.221061,6.625676,0.6259581,0,1.610013,0,0,0,0,0,0,5.489744,4.348283,6.631215,0.592854,0.702737,0.482971,7.394254,6.224917,8.563592,0.5954477,0,2.117848,7.189455,6.100232,8.278678,9.841345,10,9.494079,-1,-1,-1,-1,-1,-1,-1,-1,-1,-1,-1,-1,-1,-1,-1,-1,-1,-1,-1,-1,-1,-1,-1,-1,-1,-1,-1,-1,-1,-1,-1,-1,-1,-1,-1,-1,-1,-1,-1,-1,-1,-1,-1,-1,-1,-1,-1,-1,-1,-1,0,0,0,0,0,0,-1,-1,-1,-1,-1,-1,-1,-1,-1,-1,-1,-1,0,0,0,0,0,0,-1,-1,-1,-1,-1,-1,-1,-1,-1,-1,-1,-1,-1,-1,False,False,0,0,False,209,0,0,0,0,0,0,0,0,0,0,0,0,0,0,0,1,
0,1350,2026-02-23 12:18:22Z,LLM_Empathetic,6.923377,7.221063,6.625691,0.6259438,0,1.610005,0,0,0,0,0,0,5.489755,4.348287,6.631233,0.592854,0.702737,0.482971,7.394259,6.224915,8.563604,0.5954385,0,2.117839,7.18947,6.10024,8.2787,9.841375,10,9.494116,6.923377,7.221063,6.625691,0.6259438,0,1.610005,0,0,0,0,0,0,5.489755,4.348287,6.631233,0.592854,0.702737,0.482971,7.394259,6.224915,8.563604,0.5954385,0,2.117839,7.18947,6.10024,8.2787,9.841375,10,9.494116,-1,-1,-1,-1,-1,-1,-1,-1,-1,-1,-1,-1,-1,-1,-1,-1,-1,-1,-1,-1,-1,-1,-1,-1,-1,-1,-1,-1,-1,-1,-1,-1,-1,-1,-1,-1,-1,-1,-1,-1,-1,-1,-1,-1,-1,-1,-1,-1,-1,-1,0,0,0,0,0,0,-1,-1,-1,-1,-1,-1,-1,-1,-1,-1,-1,-1,0,0,0,0,0,0,-1,-1,-1,-1,-1,-1,-1,-1,-1,-1,-1,-1,-1,-1,False,False,0,0,False,209,0,0,0,0,0,0,0,0,0,0,0,0,0,0,0,1,
0,1351,2026-02-23 12:18:22Z,LLM_Empathetic,6.923385,7.221064,6.625706,0.6259296,0,1.609997,0,0,0,0,0,0,5.489765,4.34829,6.631251,0.592854,0.702737,0.482971,7.394264,6.224912,8.563617,0.5954294,0,2.11783,7.189485,6.100248,8.278722,9.841405,10,9.494153,6.923385,7.221064,6.625706,0.6259296,0,1.609997,0,0,0,0,0,0,5.489765,4.34829,6.631251,0.592854,0.702737,0.482971,7.394264,6.224912,8.563617,0.5954294,0,2.11783,7.189485,6.100248,8.278722,9.841405,10,9.494153,-1,-1,-1,-1,-1,-1,-1,-1,-1,-1,-1,-1,-1,-1,-1,-1,-1,-1,-1,-1,-1,-1,-1,-1,-1,-1,-1,-1,-1,-1,-1,-1,-1,-1,-1,-1,-1,-1,-1,-1,-1,-1,-1,-1,-1,-1,-1,-1,-1,-1,0,0,0,0,0,0,-1,-1,-1,-1,-1,-1,-1,-1,-1,-1,-1,-1,0,0,0,0,0,0,-1,-1,-1,-1,-1,-1,-1,-1,-1,-1,-1,-1,-1,-1,False,False,0,0,False,207,0,0,0,0,0,0,0,0,0,0,0,0,0,0,0,1,
0,1352,2026-02-23 12:18:22Z,LLM_Empathetic,6.923394,7.221066,6.625721,0.6259153,0,1.609989,0,0,0,0,0,0,5.489776,4.348294,6.631269,0.592854,0.702737,0.482971,7.394269,6.224909,8.563629,0.5954203,0,2.117821,7.1895,6.100256,8.278744,9.841434,10,9.494191,6.923394,7.221066,6.625721,0.6259153,0,1.609989,0,0,0,0,0,0,5.489776,4.348294,6.631269,0.592854,0.702737,0.482971,7.394269,6.224909,8.563629,0.5954203,0,2.117821,7.1895,6.100256,8.278744,9.841434,10,9.494191,-1,-1,-1,-1,-1,-1,-1,-1,-1,-1,-1,-1,-1,-1,-1,-1,-1,-1,-1,-1,-1,-1,-1,-1,-1,-1,-1,-1,-1,-1,-1,-1,-1,-1,-1,-1,-1,-1,-1,-1,-1,-1,-1,-1,-1,-1,-1,-1,-1,-1,0,0,0,0,0,0,-1,-1,-1,-1,-1,-1,-1,-1,-1,-1,-1,-1,0,0,0,0,0,0,-1,-1,-1,-1,-1,-1,-1,-1,-1,-1,-1,-1,-1,-1,False,False,0,0,False,207,0,0,0,0,0,0,0,0,0,0,0,0,0,0,0,1,
0,1353,2026-02-23 12:18:22Z,LLM_Empathetic,6.923402,7.221067,6.625737,0.6259012,0,1.609981,0,0,0,0,0,0,5.489787,4.348297,6.631287,0.592854,0.702737,0.482971,7.394274,6.224907,8.563642,0.5954112,0,2.117812,7.189515,6.100265,8.278766,9.841465,10,9.494228,6.923402,7.221067,6.625737,0.6259012,0,1.609981,0,0,0,0,0,0,5.489787,4.348297,6.631287,0.592854,0.702737,0.482971,7.394274,6.224907,8.563642,0.5954112,0,2.117812,7.189515,6.100265,8.278766,9.841465,10,9.494228,-1,-1,-1,-1,-1,-1,-1,-1,-1,-1,-1,-1,-1,-1,-1,-1,-1,-1,-1,-1,-1,-1,-1,-1,-1,-1,-1,-1,-1,-1,-1,-1,-1,-1,-1,-1,-1,-1,-1,-1,-1,-1,-1,-1,-1,-1,-1,-1,-1,-1,0,0,0,0,0,0,-1,-1,-1,-1,-1,-1,-1,-1,-1,-1,-1,-1,0,0,0,0,0,0,-1,-1,-1,-1,-1,-1,-1,-1,-1,-1,-1,-1,-1,-1,False,False,0,0,False,209,0,0,0,0,0,0,0,0,0,0,0,0,0,0,0,1,
0,1354,2026-02-23 12:18:22Z,LLM_Empathetic,6.92341,7.221068,6.625751,0.625887,0,1.609973,0,0,0,0,0,0,5.489798,4.348301,6.631304,0.592854,0.702737,0.482971,7.394279,6.224905,8.563654,0.5954021,0,2.117802,7.189529,6.100273,8.278788,9.841495,10,9.494266,6.92341,7.221068,6.625751,0.625887,0,1.609973,0,0,0,0,0,0,5.489798,4.348301,6.631304,0.592854,0.702737,0.482971,7.394279,6.224905,8.563654,0.5954021,0,2.117802,7.189529,6.100273,8.278788,9.841495,10,9.494266,-1,-1,-1,-1,-1,-1,-1,-1,-1,-1,-1,-1,-1,-1,-1,-1,-1,-1,-1,-1,-1,-1,-1,-1,-1,-1,-1,-1,-1,-1,-1,-1,-1,-1,-1,-1,-1,-1,-1,-1,-1,-1,-1,-1,-1,-1,-1,-1,-1,-1,0,0,0,0,0,0,-1,-1,-1,-1,-1,-1,-1,-1,-1,-1,-1,-1,0,0,0,0,0,0,-1,-1,-1,-1,-1,-1,-1,-1,-1,-1,-1,-1,-1,-1,False,False,0,0,False,209,0,0,0,0,0,0,0,0,0,0,0,0,0,0,0,1,
0,1355,2026-02-23 12:18:22Z,LLM_Empathetic,6.923419,7.22107,6.625767,0.6258728,0,1.609966,0,0,0,0,0,0,5.489808,4.348304,6.631322,0.592854,0.702737,0.482971,7.394284,6.224902,8.563666,0.595393,0,2.117793,7.189545,6.100281,8.27881,9.841524,10,9.494303,6.923419,7.22107,6.625767,0.6258728,0,1.609966,0,0,0,0,0,0,5.489808,4.348304,6.631322,0.592854,0.702737,0.482971,7.394284,6.224902,8.563666,0.595393,0,2.117793,7.189545,6.100281,8.27881,9.841524,10,9.494303,-1,-1,-1,-1,-1,-1,-1,-1,-1,-1,-1,-1,-1,-1,-1,-1,-1,-1,-1,-1,-1,-1,-1,-1,-1,-1,-1,-1,-1,-1,-1,-1,-1,-1,-1,-1,-1,-1,-1,-1,-1,-1,-1,-1,-1,-1,-1,-1,-1,-1,0,0,0,0,0,0,-1,-1,-1,-1,-1,-1,-1,-1,-1,-1,-1,-1,0,0,0,0,0,0,-1,-1,-1,-1,-1,-1,-1,-1,-1,-1,-1,-1,-1,-1,False,False,0,0,False,209,0,0,0,0,0,0,0,0,0,0,0,0,0,0,0,1,
0,1356,2026-02-23 12:18:22Z,LLM_Empathetic,6.923427,7.221072,6.625782,0.6258587,0,1.609958,0,0,0,0,0,0,5.489819,4.348308,6.63134,0.592854,0.702737,0.482971,7.394289,6.224899,8.563678,0.5953839,0,2.117784,7.189559,6.100289,8.278831,9.841554,10,9.49434,6.923427,7.221072,6.625782,0.6258587,0,1.609958,0,0,0,0,0,0,5.489819,4.348308,6.63134,0.592854,0.702737,0.482971,7.394289,6.224899,8.563678,0.5953839,0,2.117784,7.189559,6.100289,8.278831,9.841554,10,9.49434,-1,-1,-1,-1,-1,-1,-1,-1,-1,-1,-1,-1,-1,-1,-1,-1,-1,-1,-1,-1,-1,-1,-1,-1,-1,-1,-1,-1,-1,-1,-1,-1,-1,-1,-1,-1,-1,-1,-1,-1,-1,-1,-1,-1,-1,-1,-1,-1,-1,-1,0,0,0,0,0,0,-1,-1,-1,-1,-1,-1,-1,-1,-1,-1,-1,-1,0,0,0,0,0,0,-1,-1,-1,-1,-1,-1,-1,-1,-1,-1,-1,-1,-1,-1,False,False,0,0,False,209,0,0,0,0,0,0,0,0,0,0,0,0,0,0,0,1,
0,1357,2026-02-23 12:18:22Z,LLM_Empathetic,6.923435,7.221073,6.625797,0.6258445,0,1.60995,0,0,0,0,0,0,5.48983,4.348311,6.631358,0.592854,0.702737,0.482971,7.394293,6.224897,8.56369,0.5953749,0,2.117775,7.189574,6.100297,8.278852,9.841583,10,9.494377,6.923435,7.221073,6.625797,0.6258445,0,1.60995,0,0,0,0,0,0,5.48983,4.348311,6.631358,0.592854,0.702737,0.482971,7.394293,6.224897,8.56369,0.5953749,0,2.117775,7.189574,6.100297,8.278852,9.841583,10,9.494377,-1,-1,-1,-1,-1,-1,-1,-1,-1,-1,-1,-1,-1,-1,-1,-1,-1,-1,-1,-1,-1,-1,-1,-1,-1,-1,-1,-1,-1,-1,-1,-1,-1,-1,-1,-1,-1,-1,-1,-1,-1,-1,-1,-1,-1,-1,-1,-1,-1,-1,0,0,0,0,0,0,-1,-1,-1,-1,-1,-1,-1,-1,-1,-1,-1,-1,0,0,0,0,0,0,-1,-1,-1,-1,-1,-1,-1,-1,-1,-1,-1,-1,-1,-1,False,False,0,0,False,209,0,0,0,0,0,0,0,0,0,0,0,0,0,0,0,1,
0,1358,2026-02-23 12:18:22Z,LLM_Empathetic,6.923443,7.221075,6.625812,0.6258304,0,1.609942,0,0,0,0,0,0,5.489841,4.348315,6.631376,0.592854,0.702737,0.482971,7.394299,6.224895,8.563703,0.5953659,0,2.117766,7.189589,6.100305,8.278874,9.841613,10,9.494414,6.923443,7.221075,6.625812,0.6258304,0,1.609942,0,0,0,0,0,0,5.489841,4.348315,6.631376,0.592854,0.702737,0.482971,7.394299,6.224895,8.563703,0.5953659,0,2.117766,7.189589,6.100305,8.278874,9.841613,10,9.494414,-1,-1,-1,-1,-1,-1,-1,-1,-1,-1,-1,-1,-1,-1,-1,-1,-1,-1,-1,-1,-1,-1,-1,-1,-1,-1,-1,-1,-1,-1,-1,-1,-1,-1,-1,-1,-1,-1,-1,-1,-1,-1,-1,-1,-1,-1,-1,-1,-1,-1,0,0,0,0,0,0,-1,-1,-1,-1,-1,-1,-1,-1,-1,-1,-1,-1,0,0,0,0,0,0,-1,-1,-1,-1,-1,-1,-1,-1,-1,-1,-1,-1,-1,-1,False,False,0,0,False,209,0,0,0,0,0,0,0,0,0,0,0,0,0,0,0,1,
0,1359,2026-02-23 12:18:22Z,LLM_Empathetic,6.923452,7.221076,6.625827,0.6258163,0,1.609934,0,0,0,0,0,0,5.489851,4.348319,6.631394,0.592854,0.702737,0.482971,7.394303,6.224892,8.563715,0.5953568,0,2.117757,7.189604,6.100313,8.278895,9.841642,10,9.494452,6.923452,7.221076,6.625827,0.6258163,0,1.609934,0,0,0,0,0,0,5.489851,4.348319,6.631394,0.592854,0.702737,0.482971,7.394303,6.224892,8.563715,0.5953568,0,2.117757,7.189604,6.100313,8.278895,9.841642,10,9.494452,-1,-1,-1,-1,-1,-1,-1,-1,-1,-1,-1,-1,-1,-1,-1,-1,-1,-1,-1,-1,-1,-1,-1,-1,-1,-1,-1,-1,-1,-1,-1,-1,-1,-1,-1,-1,-1,-1,-1,-1,-1,-1,-1,-1,-1,-1,-1,-1,-1,-1,0,0,0,0,0,0,-1,-1,-1,-1,-1,-1,-1,-1,-1,-1,-1,-1,0,0,0,0,0,0,-1,-1,-1,-1,-1,-1,-1,-1,-1,-1,-1,-1,-1,-1,False,False,0,0,False,207,0,0,0,0,0,0,0,0,0,0,0,0,0,0,0,1,
0,1360,2026-02-23 12:18:22Z,LLM_Empathetic,6.92346,7.221077,6.625843,0.6258022,0,1.609927,0,0,0,0,0,0,5.489861,4.348322,6.631412,0.592854,0.702737,0.482971,7.394308,6.224889,8.563727,0.5953478,0,2.117748,7.189619,6.100321,8.278917,9.841672,10,9.494489,6.92346,7.221077,6.625843,0.6258022,0,1.609927,0,0,0,0,0,0,5.489861,4.348322,6.631412,0.592854,0.702737,0.482971,7.394308,6.224889,8.563727,0.5953478,0,2.117748,7.189619,6.100321,8.278917,9.841672,10,9.494489,-1,-1,-1,-1,-1,-1,-1,-1,-1,-1,-1,-1,-1,-1,-1,-1,-1,-1,-1,-1,-1,-1,-1,-1,-1,-1,-1,-1,-1,-1,-1,-1,-1,-1,-1,-1,-1,-1,-1,-1,-1,-1,-1,-1,-1,-1,-1,-1,-1,-1,0,0,0,0,0,0,-1,-1,-1,-1,-1,-1,-1,-1,-1,-1,-1,-1,0,0,0,0,0,0,-1,-1,-1,-1,-1,-1,-1,-1,-1,-1,-1,-1,-1,-1,False,False,0,0,False,207,0,0,0,0,0,0,0,0,0,0,0,0,0,0,0,1,
0,1361,2026-02-23 12:18:22Z,LLM_Empathetic,6.923469,7.221079,6.625857,0.6257882,0,1.609919,0,0,0,0,0,0,5.489872,4.348326,6.631429,0.592854,0.702737,0.482971,7.394313,6.224887,8.56374,0.5953388,0,2.117739,7.189633,6.100329,8.278939,9.841702,10,9.494526,6.923469,7.221079,6.625857,0.6257882,0,1.609919,0,0,0,0,0,0,5.489872,4.348326,6.631429,0.592854,0.702737,0.482971,7.394313,6.224887,8.56374,0.5953388,0,2.117739,7.189633,6.100329,8.278939,9.841702,10,9.494526,-1,-1,-1,-1,-1,-1,-1,-1,-1,-1,-1,-1,-1,-1,-1,-1,-1,-1,-1,-1,-1,-1,-1,-1,-1,-1,-1,-1,-1,-1,-1,-1,-1,-1,-1,-1,-1,-1,-1,-1,-1,-1,-1,-1,-1,-1,-1,-1,-1,-1,0,0,0,0,0,0,-1,-1,-1,-1,-1,-1,-1,-1,-1,-1,-1,-1,0,0,0,0,0,0,-1,-1,-1,-1,-1,-1,-1,-1,-1,-1,-1,-1,-1,-1,False,False,0,0,False,209,0,0,0,0,0,0,0,0,0,0,0,0,0,0,0,1,
0,1362,2026-02-23 12:18:22Z,LLM_Empathetic,6.923477,7.221081,6.625873,0.6257741,0,1.609911,0,0,0,0,0,0,5.489883,4.348329,6.631447,0.592854,0.702737,0.482971,7.394318,6.224885,8.563751,0.5953298,0,2.11773,7.189648,6.100337,8.27896,9.841731,10,9.494563,6.923477,7.221081,6.625873,0.6257741,0,1.609911,0,0,0,0,0,0,5.489883,4.348329,6.631447,0.592854,0.702737,0.482971,7.394318,6.224885,8.563751,0.5953298,0,2.11773,7.189648,6.100337,8.27896,9.841731,10,9.494563,-1,-1,-1,-1,-1,-1,-1,-1,-1,-1,-1,-1,-1,-1,-1,-1,-1,-1,-1,-1,-1,-1,-1,-1,-1,-1,-1,-1,-1,-1,-1,-1,-1,-1,-1,-1,-1,-1,-1,-1,-1,-1,-1,-1,-1,-1,-1,-1,-1,-1,0,0,0,0,0,0,-1,-1,-1,-1,-1,-1,-1,-1,-1,-1,-1,-1,0,0,0,0,0,0,-1,-1,-1,-1,-1,-1,-1,-1,-1,-1,-1,-1,-1,-1,False,False,0,0,False,207,0,0,0,0,0,0,0,0,0,0,0,0,0,0,0,1,
0,1363,2026-02-23 12:18:22Z,LLM_Empathetic,6.923485,7.221082,6.625887,0.6257601,0,1.609903,0,0,0,0,0,0,5.489893,4.348332,6.631465,0.592854,0.702737,0.482971,7.394323,6.224882,8.563764,0.5953208,0,2.117721,7.189663,6.100345,8.278982,9.841761,10,9.4946,6.923485,7.221082,6.625887,0.6257601,0,1.609903,0,0,0,0,0,0,5.489893,4.348332,6.631465,0.592854,0.702737,0.482971,7.394323,6.224882,8.563764,0.5953208,0,2.117721,7.189663,6.100345,8.278982,9.841761,10,9.4946,-1,-1,-1,-1,-1,-1,-1,-1,-1,-1,-1,-1,-1,-1,-1,-1,-1,-1,-1,-1,-1,-1,-1,-1,-1,-1,-1,-1,-1,-1,-1,-1,-1,-1,-1,-1,-1,-1,-1,-1,-1,-1,-1,-1,-1,-1,-1,-1,-1,-1,0,0,0,0,0,0,-1,-1,-1,-1,-1,-1,-1,-1,-1,-1,-1,-1,0,0,0,0,0,0,-1,-1,-1,-1,-1,-1,-1,-1,-1,-1,-1,-1,-1,-1,False,False,0,0,False,209,0,0,0,0,0,0,0,0,0,0,0,0,0,0,0,1,
0,1364,2026-02-23 12:18:22Z,LLM_Empathetic,6.923493,7.221084,6.625903,0.625746,0,1.609896,0,0,0,0,0,0,5.489904,4.348336,6.631483,0.592854,0.702737,0.482971,7.394328,6.224879,8.563776,0.5953118,0,2.117712,7.189678,6.100353,8.279003,9.84179,10,9.494637,6.923493,7.221084,6.625903,0.625746,0,1.609896,0,0,0,0,0,0,5.489904,4.348336,6.631483,0.592854,0.702737,0.482971,7.394328,6.224879,8.563776,0.5953118,0,2.117712,7.189678,6.100353,8.279003,9.84179,10,9.494637,-1,-1,-1,-1,-1,-1,-1,-1,-1,-1,-1,-1,-1,-1,-1,-1,-1,-1,-1,-1,-1,-1,-1,-1,-1,-1,-1,-1,-1,-1,-1,-1,-1,-1,-1,-1,-1,-1,-1,-1,-1,-1,-1,-1,-1,-1,-1,-1,-1,-1,0,0,0,0,0,0,-1,-1,-1,-1,-1,-1,-1,-1,-1,-1,-1,-1,0,0,0,0,0,0,-1,-1,-1,-1,-1,-1,-1,-1,-1,-1,-1,-1,-1,-1,False,False,0,0,False,209,0,0,0,0,0,0,0,0,0,0,0,0,0,0,0,1,
0,1365,2026-02-23 12:18:22Z,LLM_Empathetic,6.923501,7.221085,6.625917,0.625732,0,1.609888,0,0,0,0,0,0,5.489915,4.34834,6.6315,0.592854,0.702737,0.482971,7.394332,6.224877,8.563788,0.5953029,0,2.117703,7.189692,6.100361,8.279025,9.84182,10,9.494674,6.923501,7.221085,6.625917,0.625732,0,1.609888,0,0,0,0,0,0,5.489915,4.34834,6.6315,0.592854,0.702737,0.482971,7.394332,6.224877,8.563788,0.5953029,0,2.117703,7.189692,6.100361,8.279025,9.84182,10,9.494674,-1,-1,-1,-1,-1,-1,-1,-1,-1,-1,-1,-1,-1,-1,-1,-1,-1,-1,-1,-1,-1,-1,-1,-1,-1,-1,-1,-1,-1,-1,-1,-1,-1,-1,-1,-1,-1,-1,-1,-1,-1,-1,-1,-1,-1,-1,-1,-1,-1,-1,0,0,0,0,0,0,-1,-1,-1,-1,-1,-1,-1,-1,-1,-1,-1,-1,0,0,0,0,0,0,-1,-1,-1,-1,-1,-1,-1,-1,-1,-1,-1,-1,-1,-1,False,False,0,0,False,209,0,0,0,0,0,0,0,0,0,0,0,0,0,0,0,1,
0,1366,2026-02-23 12:18:22Z,LLM_Empathetic,6.92351,7.221087,6.625933,0.6257181,0,1.60988,0,0,0,0,0,0,5.489925,4.348343,6.631518,0.592854,0.702737,0.482971,7.394337,6.224874,8.5638,0.5952939,0,2.117694,7.189707,6.100369,8.279046,9.841849,10,9.494711,6.92351,7.221087,6.625933,0.6257181,0,1.60988,0,0,0,0,0,0,5.489925,4.348343,6.631518,0.592854,0.702737,0.482971,7.394337,6.224874,8.5638,0.5952939,0,2.117694,7.189707,6.100369,8.279046,9.841849,10,9.494711,-1,-1,-1,-1,-1,-1,-1,-1,-1,-1,-1,-1,-1,-1,-1,-1,-1,-1,-1,-1,-1,-1,-1,-1,-1,-1,-1,-1,-1,-1,-1,-1,-1,-1,-1,-1,-1,-1,-1,-1,-1,-1,-1,-1,-1,-1,-1,-1,-1,-1,0,0,0,0,0,0,-1,-1,-1,-1,-1,-1,-1,-1,-1,-1,-1,-1,0,0,0,0,0,0,-1,-1,-1,-1,-1,-1,-1,-1,-1,-1,-1,-1,-1,-1,False,False,0,0,False,207,0,0,0,0,0,0,0,0,0,0,0,0,0,0,0,1,
0,1367,2026-02-23 12:18:22Z,LLM_Empathetic,6.923518,7.221088,6.625947,0.6257041,0,1.609873,0,0,0,0,0,0,5.489936,4.348347,6.631536,0.592854,0.702737,0.482971,7.394342,6.224872,8.563812,0.5952849,0,2.117685,7.189722,6.100377,8.279068,9.841878,10,9.494747,6.923518,7.221088,6.625947,0.6257041,0,1.609873,0,0,0,0,0,0,5.489936,4.348347,6.631536,0.592854,0.702737,0.482971,7.394342,6.224872,8.563812,0.5952849,0,2.117685,7.189722,6.100377,8.279068,9.841878,10,9.494747,-1,-1,-1,-1,-1,-1,-1,-1,-1,-1,-1,-1,-1,-1,-1,-1,-1,-1,-1,-1,-1,-1,-1,-1,-1,-1,-1,-1,-1,-1,-1,-1,-1,-1,-1,-1,-1,-1,-1,-1,-1,-1,-1,-1,-1,-1,-1,-1,-1,-1,0,0,0,0,0,0,-1,-1,-1,-1,-1,-1,-1,-1,-1,-1,-1,-1,0,0,0,0,0,0,-1,-1,-1,-1,-1,-1,-1,-1,-1,-1,-1,-1,-1,-1,False,False,0,0,False,207,0,0,0,0,0,0,0,0,0,0,0,0,0,0,0,1,
0,1368,2026-02-23 12:18:22Z,LLM_Empathetic,6.923526,7.221089,6.625962,0.6256901,0,1.609865,0,0,0,0,0,0,5.489946,4.34835,6.631553,0.592854,0.702737,0.482971,7.394347,6.22487,8.563825,0.5952761,0,2.117676,7.189736,6.100385,8.279089,9.841908,10,9.494784,6.923526,7.221089,6.625962,0.6256901,0,1.609865,0,0,0,0,0,0,5.489946,4.34835,6.631553,0.592854,0.702737,0.482971,7.394347,6.22487,8.563825,0.5952761,0,2.117676,7.189736,6.100385,8.279089,9.841908,10,9.494784,-1,-1,-1,-1,-1,-1,-1,-1,-1,-1,-1,-1,-1,-1,-1,-1,-1,-1,-1,-1,-1,-1,-1,-1,-1,-1,-1,-1,-1,-1,-1,-1,-1,-1,-1,-1,-1,-1,-1,-1,-1,-1,-1,-1,-1,-1,-1,-1,-1,-1,0,0,0,0,0,0,-1,-1,-1,-1,-1,-1,-1,-1,-1,-1,-1,-1,0,0,0,0,0,0,-1,-1,-1,-1,-1,-1,-1,-1,-1,-1,-1,-1,-1,-1,False,False,0,0,False,207,0,0,0,0,0,0,0,0,0,0,0,0,0,0,0,1,
0,1369,2026-02-23 12:18:22Z,LLM_Empathetic,6.923534,7.221091,6.625978,0.6256762,0,1.609857,0,0,0,0,0,0,5.489957,4.348354,6.631571,0.592854,0.702737,0.482971,7.394351,6.224867,8.563837,0.5952671,0,2.117667,7.189751,6.100392,8.27911,9.841937,10,9.494821,6.923534,7.221091,6.625978,0.6256762,0,1.609857,0,0,0,0,0,0,5.489957,4.348354,6.631571,0.592854,0.702737,0.482971,7.394351,6.224867,8.563837,0.5952671,0,2.117667,7.189751,6.100392,8.27911,9.841937,10,9.494821,-1,-1,-1,-1,-1,-1,-1,-1,-1,-1,-1,-1,-1,-1,-1,-1,-1,-1,-1,-1,-1,-1,-1,-1,-1,-1,-1,-1,-1,-1,-1,-1,-1,-1,-1,-1,-1,-1,-1,-1,-1,-1,-1,-1,-1,-1,-1,-1,-1,-1,0,0,0,0,0,0,-1,-1,-1,-1,-1,-1,-1,-1,-1,-1,-1,-1,0,0,0,0,0,0,-1,-1,-1,-1,-1,-1,-1,-1,-1,-1,-1,-1,-1,-1,False,False,0,0,False,207,0,0,0,0,0,0,0,0,0,0,0,0,0,0,0,1,
0,1370,2026-02-23 12:18:22Z,LLM_Empathetic,6.923542,7.221093,6.625992,0.6256623,0,1.60985,0,0,0,0,0,0,5.489967,4.348357,6.631588,0.592854,0.702737,0.482971,7.394356,6.224864,8.563848,0.5952582,0,2.117659,7.189765,6.1004,8.279132,9.841966,10,9.494858,6.923542,7.221093,6.625992,0.6256623,0,1.60985,0,0,0,0,0,0,5.489967,4.348357,6.631588,0.592854,0.702737,0.482971,7.394356,6.224864,8.563848,0.5952582,0,2.117659,7.189765,6.1004,8.279132,9.841966,10,9.494858,-1,-1,-1,-1,-1,-1,-1,-1,-1,-1,-1,-1,-1,-1,-1,-1,-1,-1,-1,-1,-1,-1,-1,-1,-1,-1,-1,-1,-1,-1,-1,-1,-1,-1,-1,-1,-1,-1,-1,-1,-1,-1,-1,-1,-1,-1,-1,-1,-1,-1,0,0,0,0,0,0,-1,-1,-1,-1,-1,-1,-1,-1,-1,-1,-1,-1,0,0,0,0,0,0,-1,-1,-1,-1,-1,-1,-1,-1,-1,-1,-1,-1,-1,-1,False,False,0,0,False,209,0,0,0,0,0,0,0,0,0,0,0,0,0,0,0,1,
0,1371,2026-02-23 12:18:22Z,LLM_Empathetic,6.923551,7.221094,6.626007,0.6256483,0,1.609842,0,0,0,0,0,0,5.489978,4.348361,6.631606,0.592854,0.702737,0.482971,7.394361,6.224862,8.563861,0.5952493,0,2.11765,7.18978,6.100409,8.279153,9.841995,10,9.494894,6.923551,7.221094,6.626007,0.6256483,0,1.609842,0,0,0,0,0,0,5.489978,4.348361,6.631606,0.592854,0.702737,0.482971,7.394361,6.224862,8.563861,0.5952493,0,2.11765,7.18978,6.100409,8.279153,9.841995,10,9.494894,-1,-1,-1,-1,-1,-1,-1,-1,-1,-1,-1,-1,-1,-1,-1,-1,-1,-1,-1,-1,-1,-1,-1,-1,-1,-1,-1,-1,-1,-1,-1,-1,-1,-1,-1,-1,-1,-1,-1,-1,-1,-1,-1,-1,-1,-1,-1,-1,-1,-1,0,0,0,0,0,0,-1,-1,-1,-1,-1,-1,-1,-1,-1,-1,-1,-1,0,0,0,0,0,0,-1,-1,-1,-1,-1,-1,-1,-1,-1,-1,-1,-1,-1,-1,False,False,0,0,False,209,0,0,0,0,0,0,0,0,0,0,0,0,0,0,0,1,
0,1372,2026-02-23 12:18:22Z,LLM_Empathetic,6.923559,7.221096,6.626022,0.6256344,0,1.609834,0,0,0,0,0,0,5.489989,4.348364,6.631623,0.592854,0.702737,0.482971,7.394366,6.22486,8.563873,0.5952404,0,2.117641,7.189795,6.100416,8.279175,9.842025,10,9.49493,6.923559,7.221096,6.626022,0.6256344,0,1.609834,0,0,0,0,0,0,5.489989,4.348364,6.631623,0.592854,0.702737,0.482971,7.394366,6.22486,8.563873,0.5952404,0,2.117641,7.189795,6.100416,8.279175,9.842025,10,9.49493,-1,-1,-1,-1,-1,-1,-1,-1,-1,-1,-1,-1,-1,-1,-1,-1,-1,-1,-1,-1,-1,-1,-1,-1,-1,-1,-1,-1,-1,-1,-1,-1,-1,-1,-1,-1,-1,-1,-1,-1,-1,-1,-1,-1,-1,-1,-1,-1,-1,-1,0,0,0,0,0,0,-1,-1,-1,-1,-1,-1,-1,-1,-1,-1,-1,-1,0,0,0,0,0,0,-1,-1,-1,-1,-1,-1,-1,-1,-1,-1,-1,-1,-1,-1,False,False,0,0,False,207,0,0,0,0,0,0,0,0,0,0,0,0,0,0,0,1,
0,1373,2026-02-23 12:18:22Z,LLM_Empathetic,6.923567,7.221097,6.626037,0.6256206,0,1.609827,0,0,0,0,0,0,5.489999,4.348368,6.631641,0.592854,0.702737,0.482971,7.394371,6.224857,8.563885,0.5952315,0,2.117632,7.189809,6.100424,8.279196,9.842053,10,9.494967,6.923567,7.221097,6.626037,0.6256206,0,1.609827,0,0,0,0,0,0,5.489999,4.348368,6.631641,0.592854,0.702737,0.482971,7.394371,6.224857,8.563885,0.5952315,0,2.117632,7.189809,6.100424,8.279196,9.842053,10,9.494967,-1,-1,-1,-1,-1,-1,-1,-1,-1,-1,-1,-1,-1,-1,-1,-1,-1,-1,-1,-1,-1,-1,-1,-1,-1,-1,-1,-1,-1,-1,-1,-1,-1,-1,-1,-1,-1,-1,-1,-1,-1,-1,-1,-1,-1,-1,-1,-1,-1,-1,0,0,0,0,0,0,-1,-1,-1,-1,-1,-1,-1,-1,-1,-1,-1,-1,0,0,0,0,0,0,-1,-1,-1,-1,-1,-1,-1,-1,-1,-1,-1,-1,-1,-1,False,False,0,0,False,207,0,0,0,0,0,0,0,0,0,0,0,0,0,0,0,1,
0,1374,2026-02-23 12:18:22Z,LLM_Empathetic,6.923575,7.221098,6.626052,0.6256067,0,1.609819,0,0,0,0,0,0,5.49001,4.348371,6.631659,0.592854,0.702737,0.482971,7.394376,6.224854,8.563897,0.5952227,0,2.117623,7.189824,6.100432,8.279217,9.842083,10,9.495004,6.923575,7.221098,6.626052,0.6256067,0,1.609819,0,0,0,0,0,0,5.49001,4.348371,6.631659,0.592854,0.702737,0.482971,7.394376,6.224854,8.563897,0.5952227,0,2.117623,7.189824,6.100432,8.279217,9.842083,10,9.495004,-1,-1,-1,-1,-1,-1,-1,-1,-1,-1,-1,-1,-1,-1,-1,-1,-1,-1,-1,-1,-1,-1,-1,-1,-1,-1,-1,-1,-1,-1,-1,-1,-1,-1,-1,-1,-1,-1,-1,-1,-1,-1,-1,-1,-1,-1,-1,-1,-1,-1,0,0,0,0,0,0,-1,-1,-1,-1,-1,-1,-1,-1,-1,-1,-1,-1,0,0,0,0,0,0,-1,-1,-1,-1,-1,-1,-1,-1,-1,-1,-1,-1,-1,-1,False,False,0,0,False,209,0,0,0,0,0,0,0,0,0,0,0,0,0,0,0,1,
0,1375,2026-02-23 12:18:22Z,LLM_Empathetic,6.923583,7.2211,6.626067,0.6255929,0,1.609811,0,0,0,0,0,0,5.49002,4.348374,6.631676,0.592854,0.702737,0.482971,7.394381,6.224852,8.563909,0.5952138,0,2.117614,7.189838,6.10044,8.279238,9.842112,10,9.49504,6.923583,7.2211,6.626067,0.6255929,0,1.609811,0,0,0,0,0,0,5.49002,4.348374,6.631676,0.592854,0.702737,0.482971,7.394381,6.224852,8.563909,0.5952138,0,2.117614,7.189838,6.10044,8.279238,9.842112,10,9.49504,-1,-1,-1,-1,-1,-1,-1,-1,-1,-1,-1,-1,-1,-1,-1,-1,-1,-1,-1,-1,-1,-1,-1,-1,-1,-1,-1,-1,-1,-1,-1,-1,-1,-1,-1,-1,-1,-1,-1,-1,-1,-1,-1,-1,-1,-1,-1,-1,-1,-1,0,0,0,0,0,0,-1,-1,-1,-1,-1,-1,-1,-1,-1,-1,-1,-1,0,0,0,0,0,0,-1,-1,-1,-1,-1,-1,-1,-1,-1,-1,-1,-1,-1,-1,False,False,0,0,False,209,0,0,0,0,0,0,0,0,0,0,0,0,0,0,0,1,
0,1376,2026-02-23 12:18:22Z,LLM_Empathetic,6.923592,7.221101,6.626081,0.6255791,0,1.609804,0,0,0,0,0,0,5.49003,4.348378,6.631693,0.592854,0.702737,0.482971,7.394385,6.22485,8.563921,0.5952049,0,2.117605,7.189853,6.100448,8.27926,9.84214,10,9.495076,6.923592,7.221101,6.626081,0.6255791,0,1.609804,0,0,0,0,0,0,5.49003,4.348378,6.631693,0.592854,0.702737,0.482971,7.394385,6.22485,8.563921,0.5952049,0,2.117605,7.189853,6.100448,8.27926,9.84214,10,9.495076,-1,-1,-1,-1,-1,-1,-1,-1,-1,-1,-1,-1,-1,-1,-1,-1,-1,-1,-1,-1,-1,-1,-1,-1,-1,-1,-1,-1,-1,-1,-1,-1,-1,-1,-1,-1,-1,-1,-1,-1,-1,-1,-1,-1,-1,-1,-1,-1,-1,-1,0,0,0,0,0,0,-1,-1,-1,-1,-1,-1,-1,-1,-1,-1,-1,-1,0,0,0,0,0,0,-1,-1,-1,-1,-1,-1,-1,-1,-1,-1,-1,-1,-1,-1,False,False,0,0,False,207,0,0,0,0,0,0,0,0,0,0,0,0,0,0,0,1,
0,1377,2026-02-23 12:18:22Z,LLM_Empathetic,6.9236,7.221103,6.626096,0.6255652,0,1.609796,0,0,0,0,0,0,5.490041,4.348382,6.631711,0.592854,0.702737,0.482971,7.39439,6.224847,8.563932,0.5951961,0,2.117596,7.189867,6.100456,8.279281,9.84217,10,9.495113,6.9236,7.221103,6.626096,0.6255652,0,1.609796,0,0,0,0,0,0,5.490041,4.348382,6.631711,0.592854,0.702737,0.482971,7.39439,6.224847,8.563932,0.5951961,0,2.117596,7.189867,6.100456,8.279281,9.84217,10,9.495113,-1,-1,-1,-1,-1,-1,-1,-1,-1,-1,-1,-1,-1,-1,-1,-1,-1,-1,-1,-1,-1,-1,-1,-1,-1,-1,-1,-1,-1,-1,-1,-1,-1,-1,-1,-1,-1,-1,-1,-1,-1,-1,-1,-1,-1,-1,-1,-1,-1,-1,0,0,0,0,0,0,-1,-1,-1,-1,-1,-1,-1,-1,-1,-1,-1,-1,0,0,0,0,0,0,-1,-1,-1,-1,-1,-1,-1,-1,-1,-1,-1,-1,-1,-1,False,False,0,0,False,207,0,0,0,0,0,0,0,0,0,0,0,0,0,0,0,1,
0,1378,2026-02-23 12:18:23Z,LLM_Empathetic,6.923608,7.221104,6.626111,0.6255515,0,1.609788,0,0,0,0,0,0,5.490051,4.348385,6.631728,0.592854,0.702737,0.482971,7.394395,6.224845,8.563945,0.5951872,0,2.117588,7.189882,6.100463,8.279302,9.842198,10,9.49515,6.923608,7.221104,6.626111,0.6255515,0,1.609788,0,0,0,0,0,0,5.490051,4.348385,6.631728,0.592854,0.702737,0.482971,7.394395,6.224845,8.563945,0.5951872,0,2.117588,7.189882,6.100463,8.279302,9.842198,10,9.49515,-1,-1,-1,-1,-1,-1,-1,-1,-1,-1,-1,-1,-1,-1,-1,-1,-1,-1,-1,-1,-1,-1,-1,-1,-1,-1,-1,-1,-1,-1,-1,-1,-1,-1,-1,-1,-1,-1,-1,-1,-1,-1,-1,-1,-1,-1,-1,-1,-1,-1,0,0,0,0,0,0,-1,-1,-1,-1,-1,-1,-1,-1,-1,-1,-1,-1,0,0,0,0,0,0,-1,-1,-1,-1,-1,-1,-1,-1,-1,-1,-1,-1,-1,-1,False,False,0,0,False,207,0,0,0,0,0,0,0,0,0,0,0,0,0,0,0,1,
0,1379,2026-02-23 12:18:23Z,LLM_Empathetic,6.923616,7.221106,6.626126,0.6255377,0,1.609781,0,0,0,0,0,0,5.490062,4.348388,6.631746,0.592854,0.702737,0.482971,7.3944,6.224843,8.563957,0.5951784,0,2.117579,7.189897,6.100471,8.279323,9.842227,10,9.495186,6.923616,7.221106,6.626126,0.6255377,0,1.609781,0,0,0,0,0,0,5.490062,4.348388,6.631746,0.592854,0.702737,0.482971,7.3944,6.224843,8.563957,0.5951784,0,2.117579,7.189897,6.100471,8.279323,9.842227,10,9.495186,-1,-1,-1,-1,-1,-1,-1,-1,-1,-1,-1,-1,-1,-1,-1,-1,-1,-1,-1,-1,-1,-1,-1,-1,-1,-1,-1,-1,-1,-1,-1,-1,-1,-1,-1,-1,-1,-1,-1,-1,-1,-1,-1,-1,-1,-1,-1,-1,-1,-1,0,0,0,0,0,0,-1,-1,-1,-1,-1,-1,-1,-1,-1,-1,-1,-1,0,0,0,0,0,0,-1,-1,-1,-1,-1,-1,-1,-1,-1,-1,-1,-1,-1,-1,False,False,0,0,False,209,0,0,0,0,0,0,0,0,0,0,0,0,0,0,0,1,
0,1380,2026-02-23 12:18:23Z,LLM_Empathetic,6.923624,7.221107,6.62614,0.6255239,0,1.609773,0,0,0,0,0,0,5.490072,4.348392,6.631763,0.592854,0.702737,0.482971,7.394404,6.22484,8.563969,0.5951696,0,2.11757,7.189911,6.100479,8.279344,9.842257,10,9.495222,6.923624,7.221107,6.62614,0.6255239,0,1.609773,0,0,0,0,0,0,5.490072,4.348392,6.631763,0.592854,0.702737,0.482971,7.394404,6.22484,8.563969,0.5951696,0,2.11757,7.189911,6.100479,8.279344,9.842257,10,9.495222,-1,-1,-1,-1,-1,-1,-1,-1,-1,-1,-1,-1,-1,-1,-1,-1,-1,-1,-1,-1,-1,-1,-1,-1,-1,-1,-1,-1,-1,-1,-1,-1,-1,-1,-1,-1,-1,-1,-1,-1,-1,-1,-1,-1,-1,-1,-1,-1,-1,-1,0,0,0,0,0,0,-1,-1,-1,-1,-1,-1,-1,-1,-1,-1,-1,-1,0,0,0,0,0,0,-1,-1,-1,-1,-1,-1,-1,-1,-1,-1,-1,-1,-1,-1,False,False,0,0,False,209,0,0,0,0,0,0,0,0,0,0,0,0,0,0,0,1,
0,1381,2026-02-23 12:18:23Z,LLM_Empathetic,6.923632,7.221109,6.626155,0.6255102,0,1.609766,0,0,0,0,0,0,5.490083,4.348395,6.631781,0.592854,0.702737,0.482971,7.394409,6.224838,8.563981,0.5951608,0,2.117561,7.189926,6.100487,8.279365,9.842285,10,9.495258,6.923632,7.221109,6.626155,0.6255102,0,1.609766,0,0,0,0,0,0,5.490083,4.348395,6.631781,0.592854,0.702737,0.482971,7.394409,6.224838,8.563981,0.5951608,0,2.117561,7.189926,6.100487,8.279365,9.842285,10,9.495258,-1,-1,-1,-1,-1,-1,-1,-1,-1,-1,-1,-1,-1,-1,-1,-1,-1,-1,-1,-1,-1,-1,-1,-1,-1,-1,-1,-1,-1,-1,-1,-1,-1,-1,-1,-1,-1,-1,-1,-1,-1,-1,-1,-1,-1,-1,-1,-1,-1,-1,0,0,0,0,0,0,-1,-1,-1,-1,-1,-1,-1,-1,-1,-1,-1,-1,0,0,0,0,0,0,-1,-1,-1,-1,-1,-1,-1,-1,-1,-1,-1,-1,-1,-1,False,False,0,0,False,207,0,0,0,0,0,0,0,0,0,0,0,0,0,0,0,1,
0,1382,2026-02-23 12:18:23Z,LLM_Empathetic,6.92364,7.22111,6.62617,0.6254964,0,1.609758,0,0,0,0,0,0,5.490093,4.348399,6.631798,0.592854,0.702737,0.482971,7.394413,6.224835,8.563993,0.595152,0,2.117552,7.18994,6.100495,8.279386,9.842314,10,9.495295,6.92364,7.22111,6.62617,0.6254964,0,1.609758,0,0,0,0,0,0,5.490093,4.348399,6.631798,0.592854,0.702737,0.482971,7.394413,6.224835,8.563993,0.595152,0,2.117552,7.18994,6.100495,8.279386,9.842314,10,9.495295,-1,-1,-1,-1,-1,-1,-1,-1,-1,-1,-1,-1,-1,-1,-1,-1,-1,-1,-1,-1,-1,-1,-1,-1,-1,-1,-1,-1,-1,-1,-1,-1,-1,-1,-1,-1,-1,-1,-1,-1,-1,-1,-1,-1,-1,-1,-1,-1,-1,-1,0,0,0,0,0,0,-1,-1,-1,-1,-1,-1,-1,-1,-1,-1,-1,-1,0,0,0,0,0,0,-1,-1,-1,-1,-1,-1,-1,-1,-1,-1,-1,-1,-1,-1,False,False,0,0,False,207,0,0,0,0,0,0,0,0,0,0,0,0,0,0,0,1,
0,1383,2026-02-23 12:18:23Z,LLM_Empathetic,6.923648,7.221112,6.626184,0.6254827,0,1.609751,0,0,0,0,0,0,5.490103,4.348402,6.631815,0.592854,0.702737,0.482971,7.394418,6.224833,8.564005,0.5951432,0,2.117544,7.189954,6.100502,8.279407,9.842342,10,9.49533,6.923648,7.221112,6.626184,0.6254827,0,1.609751,0,0,0,0,0,0,5.490103,4.348402,6.631815,0.592854,0.702737,0.482971,7.394418,6.224833,8.564005,0.5951432,0,2.117544,7.189954,6.100502,8.279407,9.842342,10,9.49533,-1,-1,-1,-1,-1,-1,-1,-1,-1,-1,-1,-1,-1,-1,-1,-1,-1,-1,-1,-1,-1,-1,-1,-1,-1,-1,-1,-1,-1,-1,-1,-1,-1,-1,-1,-1,-1,-1,-1,-1,-1,-1,-1,-1,-1,-1,-1,-1,-1,-1,0,0,0,0,0,0,-1,-1,-1,-1,-1,-1,-1,-1,-1,-1,-1,-1,0,0,0,0,0,0,-1,-1,-1,-1,-1,-1,-1,-1,-1,-1,-1,-1,-1,-1,False,False,0,0,False,209,0,0,0,0,0,0,0,0,0,0,0,0,0,0,0,1,
0,1384,2026-02-23 12:18:23Z,LLM_Empathetic,6.923656,7.221113,6.626199,0.625469,0,1.609743,0,0,0,0,0,0,5.490114,4.348405,6.631833,0.592854,0.702737,0.482971,7.394423,6.22483,8.564016,0.5951344,0,2.117535,7.189969,6.100511,8.279428,9.842372,10,9.495366,6.923656,7.221113,6.626199,0.625469,0,1.609743,0,0,0,0,0,0,5.490114,4.348405,6.631833,0.592854,0.702737,0.482971,7.394423,6.22483,8.564016,0.5951344,0,2.117535,7.189969,6.100511,8.279428,9.842372,10,9.495366,-1,-1,-1,-1,-1,-1,-1,-1,-1,-1,-1,-1,-1,-1,-1,-1,-1,-1,-1,-1,-1,-1,-1,-1,-1,-1,-1,-1,-1,-1,-1,-1,-1,-1,-1,-1,-1,-1,-1,-1,-1,-1,-1,-1,-1,-1,-1,-1,-1,-1,0,0,0,0,0,0,-1,-1,-1,-1,-1,-1,-1,-1,-1,-1,-1,-1,0,0,0,0,0,0,-1,-1,-1,-1,-1,-1,-1,-1,-1,-1,-1,-1,-1,-1,False,False,0,0,False,207,0,0,0,0,0,0,0,0,0,0,0,0,0,0,0,1,
0,1385,2026-02-23 12:18:23Z,LLM_Empathetic,6.923664,7.221115,6.626214,0.6254553,0,1.609735,0,0,0,0,0,0,5.490124,4.348409,6.63185,0.592854,0.702737,0.482971,7.394428,6.224828,8.564028,0.5951257,0,2.117526,7.189983,6.100518,8.279449,9.842401,10,9.495402,6.923664,7.221115,6.626214,0.6254553,0,1.609735,0,0,0,0,0,0,5.490124,4.348409,6.63185,0.592854,0.702737,0.482971,7.394428,6.224828,8.564028,0.5951257,0,2.117526,7.189983,6.100518,8.279449,9.842401,10,9.495402,-1,-1,-1,-1,-1,-1,-1,-1,-1,-1,-1,-1,-1,-1,-1,-1,-1,-1,-1,-1,-1,-1,-1,-1,-1,-1,-1,-1,-1,-1,-1,-1,-1,-1,-1,-1,-1,-1,-1,-1,-1,-1,-1,-1,-1,-1,-1,-1,-1,-1,0,0,0,0,0,0,-1,-1,-1,-1,-1,-1,-1,-1,-1,-1,-1,-1,0,0,0,0,0,0,-1,-1,-1,-1,-1,-1,-1,-1,-1,-1,-1,-1,-1,-1,False,False,0,0,False,207,0,0,0,0,0,0,0,0,0,0,0,0,0,0,0,1,
0,1386,2026-02-23 12:18:23Z,LLM_Empathetic,6.923672,7.221116,6.626228,0.6254417,0,1.609728,0,0,0,0,0,0,5.490135,4.348413,6.631867,0.592854,0.702737,0.482971,7.394433,6.224825,8.56404,0.5951169,0,2.117517,7.189997,6.100526,8.279469,9.842429,10,9.495439,6.923672,7.221116,6.626228,0.6254417,0,1.609728,0,0,0,0,0,0,5.490135,4.348413,6.631867,0.592854,0.702737,0.482971,7.394433,6.224825,8.56404,0.5951169,0,2.117517,7.189997,6.100526,8.279469,9.842429,10,9.495439,-1,-1,-1,-1,-1,-1,-1,-1,-1,-1,-1,-1,-1,-1,-1,-1,-1,-1,-1,-1,-1,-1,-1,-1,-1,-1,-1,-1,-1,-1,-1,-1,-1,-1,-1,-1,-1,-1,-1,-1,-1,-1,-1,-1,-1,-1,-1,-1,-1,-1,0,0,0,0,0,0,-1,-1,-1,-1,-1,-1,-1,-1,-1,-1,-1,-1,0,0,0,0,0,0,-1,-1,-1,-1,-1,-1,-1,-1,-1,-1,-1,-1,-1,-1,False,False,0,0,False,207,0,0,0,0,0,0,0,0,0,0,0,0,0,0,0,1,
0,1387,2026-02-23 12:18:23Z,LLM_Empathetic,6.92368,7.221117,6.626243,0.625428,0,1.60972,0,0,0,0,0,0,5.490145,4.348416,6.631884,0.592854,0.702737,0.482971,7.394437,6.224823,8.564052,0.5951082,0,2.117509,7.190012,6.100533,8.27949,9.842458,10,9.495475,6.92368,7.221117,6.626243,0.625428,0,1.60972,0,0,0,0,0,0,5.490145,4.348416,6.631884,0.592854,0.702737,0.482971,7.394437,6.224823,8.564052,0.5951082,0,2.117509,7.190012,6.100533,8.27949,9.842458,10,9.495475,-1,-1,-1,-1,-1,-1,-1,-1,-1,-1,-1,-1,-1,-1,-1,-1,-1,-1,-1,-1,-1,-1,-1,-1,-1,-1,-1,-1,-1,-1,-1,-1,-1,-1,-1,-1,-1,-1,-1,-1,-1,-1,-1,-1,-1,-1,-1,-1,-1,-1,0,0,0,0,0,0,-1,-1,-1,-1,-1,-1,-1,-1,-1,-1,-1,-1,0,0,0,0,0,0,-1,-1,-1,-1,-1,-1,-1,-1,-1,-1,-1,-1,-1,-1,False,False,0,0,False,209,0,0,0,0,0,0,0,0,0,0,0,0,0,0,0,1,
0,1388,2026-02-23 12:18:23Z,LLM_Empathetic,6.923688,7.221119,6.626257,0.6254144,0,1.609713,0,0,0,0,0,0,5.490155,4.348419,6.631901,0.592854,0.702737,0.482971,7.394442,6.224821,8.564064,0.5950994,0,2.1175,7.190026,6.100542,8.279511,9.842486,10,9.49551,6.923688,7.221119,6.626257,0.6254144,0,1.609713,0,0,0,0,0,0,5.490155,4.348419,6.631901,0.592854,0.702737,0.482971,7.394442,6.224821,8.564064,0.5950994,0,2.1175,7.190026,6.100542,8.279511,9.842486,10,9.49551,-1,-1,-1,-1,-1,-1,-1,-1,-1,-1,-1,-1,-1,-1,-1,-1,-1,-1,-1,-1,-1,-1,-1,-1,-1,-1,-1,-1,-1,-1,-1,-1,-1,-1,-1,-1,-1,-1,-1,-1,-1,-1,-1,-1,-1,-1,-1,-1,-1,-1,0,0,0,0,0,0,-1,-1,-1,-1,-1,-1,-1,-1,-1,-1,-1,-1,0,0,0,0,0,0,-1,-1,-1,-1,-1,-1,-1,-1,-1,-1,-1,-1,-1,-1,False,False,0,0,False,209,0,0,0,0,0,0,0,0,0,0,0,0,0,0,0,1,
0,1389,2026-02-23 12:18:23Z,LLM_Empathetic,6.923697,7.22112,6.626272,0.6254008,0,1.609705,0,0,0,0,0,0,5.490165,4.348423,6.631918,0.592854,0.702737,0.482971,7.394447,6.224818,8.564075,0.5950907,0,2.117491,7.190041,6.100549,8.279532,9.842515,10,9.495546,6.923697,7.22112,6.626272,0.6254008,0,1.609705,0,0,0,0,0,0,5.490165,4.348423,6.631918,0.592854,0.702737,0.482971,7.394447,6.224818,8.564075,0.5950907,0,2.117491,7.190041,6.100549,8.279532,9.842515,10,9.495546,-1,-1,-1,-1,-1,-1,-1,-1,-1,-1,-1,-1,-1,-1,-1,-1,-1,-1,-1,-1,-1,-1,-1,-1,-1,-1,-1,-1,-1,-1,-1,-1,-1,-1,-1,-1,-1,-1,-1,-1,-1,-1,-1,-1,-1,-1,-1,-1,-1,-1,0,0,0,0,0,0,-1,-1,-1,-1,-1,-1,-1,-1,-1,-1,-1,-1,0,0,0,0,0,0,-1,-1,-1,-1,-1,-1,-1,-1,-1,-1,-1,-1,-1,-1,False,False,0,0,False,209,0,0,0,0,0,0,0,0,0,0,0,0,0,0,0,1,
0,1390,2026-02-23 12:18:23Z,LLM_Empathetic,6.923704,7.221122,6.626287,0.6253871,0,1.609698,0,0,0,0,0,0,5.490176,4.348426,6.631936,0.592854,0.702737,0.482971,7.394451,6.224816,8.564088,0.595082,0,2.117482,7.190055,6.100557,8.279553,9.842544,10,9.495582,6.923704,7.221122,6.626287,0.6253871,0,1.609698,0,0,0,0,0,0,5.490176,4.348426,6.631936,0.592854,0.702737,0.482971,7.394451,6.224816,8.564088,0.595082,0,2.117482,7.190055,6.100557,8.279553,9.842544,10,9.495582,-1,-1,-1,-1,-1,-1,-1,-1,-1,-1,-1,-1,-1,-1,-1,-1,-1,-1,-1,-1,-1,-1,-1,-1,-1,-1,-1,-1,-1,-1,-1,-1,-1,-1,-1,-1,-1,-1,-1,-1,-1,-1,-1,-1,-1,-1,-1,-1,-1,-1,0,0,0,0,0,0,-1,-1,-1,-1,-1,-1,-1,-1,-1,-1,-1,-1,0,0,0,0,0,0,-1,-1,-1,-1,-1,-1,-1,-1,-1,-1,-1,-1,-1,-1,False,False,0,0,False,207,0,0,0,0,0,0,0,0,0,0,0,0,0,0,0,1,
0,1391,2026-02-23 12:18:23Z,LLM_Empathetic,6.923712,7.221123,6.626301,0.6253736,0,1.60969,0,0,0,0,0,0,5.490186,4.348429,6.631953,0.592854,0.702737,0.482971,7.394456,6.224813,8.564099,0.5950733,0,2.117474,7.190069,6.100564,8.279574,9.842572,10,9.495618,6.923712,7.221123,6.626301,0.6253736,0,1.60969,0,0,0,0,0,0,5.490186,4.348429,6.631953,0.592854,0.702737,0.482971,7.394456,6.224813,8.564099,0.5950733,0,2.117474,7.190069,6.100564,8.279574,9.842572,10,9.495618,-1,-1,-1,-1,-1,-1,-1,-1,-1,-1,-1,-1,-1,-1,-1,-1,-1,-1,-1,-1,-1,-1,-1,-1,-1,-1,-1,-1,-1,-1,-1,-1,-1,-1,-1,-1,-1,-1,-1,-1,-1,-1,-1,-1,-1,-1,-1,-1,-1,-1,0,0,0,0,0,0,-1,-1,-1,-1,-1,-1,-1,-1,-1,-1,-1,-1,0,0,0,0,0,0,-1,-1,-1,-1,-1,-1,-1,-1,-1,-1,-1,-1,-1,-1,False,False,0,0,False,207,0,0,0,0,0,0,0,0,0,0,0,0,0,0,0,1,
0,1392,2026-02-23 12:18:23Z,LLM_Empathetic,6.92372,7.221125,6.626316,0.62536,0,1.609683,0,0,0,0,0,0,5.490196,4.348433,6.63197,0.592854,0.702737,0.482971,7.394461,6.224811,8.564111,0.5950646,0,2.117465,7.190083,6.100573,8.279595,9.8426,10,9.495653,6.92372,7.221125,6.626316,0.62536,0,1.609683,0,0,0,0,0,0,5.490196,4.348433,6.63197,0.592854,0.702737,0.482971,7.394461,6.224811,8.564111,0.5950646,0,2.117465,7.190083,6.100573,8.279595,9.8426,10,9.495653,-1,-1,-1,-1,-1,-1,-1,-1,-1,-1,-1,-1,-1,-1,-1,-1,-1,-1,-1,-1,-1,-1,-1,-1,-1,-1,-1,-1,-1,-1,-1,-1,-1,-1,-1,-1,-1,-1,-1,-1,-1,-1,-1,-1,-1,-1,-1,-1,-1,-1,0,0,0,0,0,0,-1,-1,-1,-1,-1,-1,-1,-1,-1,-1,-1,-1,0,0,0,0,0,0,-1,-1,-1,-1,-1,-1,-1,-1,-1,-1,-1,-1,-1,-1,False,False,0,0,False,209,0,0,0,0,0,0,0,0,0,0,0,0,0,0,0,1,
0,1393,2026-02-23 12:18:23Z,LLM_Empathetic,6.923728,7.221126,6.62633,0.6253464,0,1.609675,0,0,0,0,0,0,5.490207,4.348436,6.631987,0.592854,0.702737,0.482971,7.394465,6.224809,8.564123,0.5950559,0,2.117456,7.190097,6.10058,8.279615,9.842628,10,9.495689,6.923728,7.221126,6.62633,0.6253464,0,1.609675,0,0,0,0,0,0,5.490207,4.348436,6.631987,0.592854,0.702737,0.482971,7.394465,6.224809,8.564123,0.5950559,0,2.117456,7.190097,6.10058,8.279615,9.842628,10,9.495689,-1,-1,-1,-1,-1,-1,-1,-1,-1,-1,-1,-1,-1,-1,-1,-1,-1,-1,-1,-1,-1,-1,-1,-1,-1,-1,-1,-1,-1,-1,-1,-1,-1,-1,-1,-1,-1,-1,-1,-1,-1,-1,-1,-1,-1,-1,-1,-1,-1,-1,0,0,0,0,0,0,-1,-1,-1,-1,-1,-1,-1,-1,-1,-1,-1,-1,0,0,0,0,0,0,-1,-1,-1,-1,-1,-1,-1,-1,-1,-1,-1,-1,-1,-1,False,False,0,0,False,207,0,0,0,0,0,0,0,0,0,0,0,0,0,0,0,1,
0,1394,2026-02-23 12:18:23Z,LLM_Empathetic,6.923736,7.221128,6.626345,0.6253329,0,1.609668,0,0,0,0,0,0,5.490217,4.34844,6.632004,0.592854,0.702737,0.482971,7.39447,6.224806,8.564135,0.5950473,0,2.117448,7.190112,6.100588,8.279636,9.842657,10,9.495725,6.923736,7.221128,6.626345,0.6253329,0,1.609668,0,0,0,0,0,0,5.490217,4.34844,6.632004,0.592854,0.702737,0.482971,7.39447,6.224806,8.564135,0.5950473,0,2.117448,7.190112,6.100588,8.279636,9.842657,10,9.495725,-1,-1,-1,-1,-1,-1,-1,-1,-1,-1,-1,-1,-1,-1,-1,-1,-1,-1,-1,-1,-1,-1,-1,-1,-1,-1,-1,-1,-1,-1,-1,-1,-1,-1,-1,-1,-1,-1,-1,-1,-1,-1,-1,-1,-1,-1,-1,-1,-1,-1,0,0,0,0,0,0,-1,-1,-1,-1,-1,-1,-1,-1,-1,-1,-1,-1,0,0,0,0,0,0,-1,-1,-1,-1,-1,-1,-1,-1,-1,-1,-1,-1,-1,-1,False,False,0,0,False,209,0,0,0,0,0,0,0,0,0,0,0,0,0,0,0,1,
0,1395,2026-02-23 12:18:23Z,LLM_Empathetic,6.923744,7.221129,6.626359,0.6253194,0,1.609661,0,0,0,0,0,0,5.490227,4.348443,6.632021,0.592854,0.702737,0.482971,7.394475,6.224803,8.564146,0.5950386,0,2.117439,7.190126,6.100595,8.279657,9.842686,10,9.495761,6.923744,7.221129,6.626359,0.6253194,0,1.609661,0,0,0,0,0,0,5.490227,4.348443,6.632021,0.592854,0.702737,0.482971,7.394475,6.224803,8.564146,0.5950386,0,2.117439,7.190126,6.100595,8.279657,9.842686,10,9.495761,-1,-1,-1,-1,-1,-1,-1,-1,-1,-1,-1,-1,-1,-1,-1,-1,-1,-1,-1,-1,-1,-1,-1,-1,-1,-1,-1,-1,-1,-1,-1,-1,-1,-1,-1,-1,-1,-1,-1,-1,-1,-1,-1,-1,-1,-1,-1,-1,-1,-1,0,0,0,0,0,0,-1,-1,-1,-1,-1,-1,-1,-1,-1,-1,-1,-1,0,0,0,0,0,0,-1,-1,-1,-1,-1,-1,-1,-1,-1,-1,-1,-1,-1,-1,False,False,0,0,False,209,0,0,0,0,0,0,0,0,0,0,0,0,0,0,0,1,
0,1396,2026-02-23 12:18:23Z,LLM_Empathetic,6.923752,7.22113,6.626374,0.6253059,0,1.609653,0,0,0,0,0,0,5.490237,4.348446,6.632039,0.592854,0.702737,0.482971,7.394479,6.224801,8.564157,0.59503,0,2.11743,7.19014,6.100603,8.279678,9.842714,10,9.495796,6.923752,7.22113,6.626374,0.6253059,0,1.609653,0,0,0,0,0,0,5.490237,4.348446,6.632039,0.592854,0.702737,0.482971,7.394479,6.224801,8.564157,0.59503,0,2.11743,7.19014,6.100603,8.279678,9.842714,10,9.495796,-1,-1,-1,-1,-1,-1,-1,-1,-1,-1,-1,-1,-1,-1,-1,-1,-1,-1,-1,-1,-1,-1,-1,-1,-1,-1,-1,-1,-1,-1,-1,-1,-1,-1,-1,-1,-1,-1,-1,-1,-1,-1,-1,-1,-1,-1,-1,-1,-1,-1,0,0,0,0,0,0,-1,-1,-1,-1,-1,-1,-1,-1,-1,-1,-1,-1,0,0,0,0,0,0,-1,-1,-1,-1,-1,-1,-1,-1,-1,-1,-1,-1,-1,-1,False,False,0,0,False,209,0,0,0,0,0,0,0,0,0,0,0,0,0,0,0,1,
0,1397,2026-02-23 12:18:23Z,LLM_Empathetic,6.92376,7.221132,6.626388,0.6252924,0,1.609646,0,0,0,0,0,0,5.490247,4.34845,6.632056,0.592854,0.702737,0.482971,7.394484,6.224799,8.56417,0.5950213,0,2.117422,7.190154,6.100611,8.279698,9.842742,10,9.495831,6.92376,7.221132,6.626388,0.6252924,0,1.609646,0,0,0,0,0,0,5.490247,4.34845,6.632056,0.592854,0.702737,0.482971,7.394484,6.224799,8.56417,0.5950213,0,2.117422,7.190154,6.100611,8.279698,9.842742,10,9.495831,-1,-1,-1,-1,-1,-1,-1,-1,-1,-1,-1,-1,-1,-1,-1,-1,-1,-1,-1,-1,-1,-1,-1,-1,-1,-1,-1,-1,-1,-1,-1,-1,-1,-1,-1,-1,-1,-1,-1,-1,-1,-1,-1,-1,-1,-1,-1,-1,-1,-1,0,0,0,0,0,0,-1,-1,-1,-1,-1,-1,-1,-1,-1,-1,-1,-1,0,0,0,0,0,0,-1,-1,-1,-1,-1,-1,-1,-1,-1,-1,-1,-1,-1,-1,False,False,0,0,False,207,0,0,0,0,0,0,0,0,0,0,0,0,0,0,0,1,
0,1398,2026-02-23 12:18:23Z,LLM_Empathetic,6.923768,7.221133,6.626402,0.6252789,0,1.609638,0,0,0,0,0,0,5.490258,4.348453,6.632072,0.592854,0.702737,0.482971,7.394489,6.224796,8.564181,0.5950127,0,2.117413,7.190168,6.100618,8.279719,9.842771,10,9.495867,6.923768,7.221133,6.626402,0.6252789,0,1.609638,0,0,0,0,0,0,5.490258,4.348453,6.632072,0.592854,0.702737,0.482971,7.394489,6.224796,8.564181,0.5950127,0,2.117413,7.190168,6.100618,8.279719,9.842771,10,9.495867,-1,-1,-1,-1,-1,-1,-1,-1,-1,-1,-1,-1,-1,-1,-1,-1,-1,-1,-1,-1,-1,-1,-1,-1,-1,-1,-1,-1,-1,-1,-1,-1,-1,-1,-1,-1,-1,-1,-1,-1,-1,-1,-1,-1,-1,-1,-1,-1,-1,-1,0,0,0,0,0,0,-1,-1,-1,-1,-1,-1,-1,-1,-1,-1,-1,-1,0,0,0,0,0,0,-1,-1,-1,-1,-1,-1,-1,-1,-1,-1,-1,-1,-1,-1,False,False,0,0,False,207,0,0,0,0,0,0,0,0,0,0,0,0,0,0,0,1,
0,1399,2026-02-23 12:18:23Z,LLM_Empathetic,6.923776,7.221135,6.626417,0.6252654,0,1.609631,0,0,0,0,0,0,5.490268,4.348456,6.63209,0.592854,0.702737,0.482971,7.394494,6.224794,8.564193,0.5950041,0,2.117404,7.190183,6.100626,8.27974,9.842799,10,9.495903,6.923776,7.221135,6.626417,0.6252654,0,1.609631,0,0,0,0,0,0,5.490268,4.348456,6.63209,0.592854,0.702737,0.482971,7.394494,6.224794,8.564193,0.5950041,0,2.117404,7.190183,6.100626,8.27974,9.842799,10,9.495903,-1,-1,-1,-1,-1,-1,-1,-1,-1,-1,-1,-1,-1,-1,-1,-1,-1,-1,-1,-1,-1,-1,-1,-1,-1,-1,-1,-1,-1,-1,-1,-1,-1,-1,-1,-1,-1,-1,-1,-1,-1,-1,-1,-1,-1,-1,-1,-1,-1,-1,0,0,0,0,0,0,-1,-1,-1,-1,-1,-1,-1,-1,-1,-1,-1,-1,0,0,0,0,0,0,-1,-1,-1,-1,-1,-1,-1,-1,-1,-1,-1,-1,-1,-1,False,False,0,0,False,207,0,0,0,0,0,0,0,0,0,0,0,0,0,0,0,1,
0,1400,2026-02-23 12:18:23Z,LLM_Empathetic,6.923784,7.221136,6.626431,0.6252519,0,1.609623,0,0,0,0,0,0,5.490278,4.34846,6.632107,0.592854,0.702737,0.482971,7.394498,6.224792,8.564205,0.5949954,0,2.117396,7.190197,6.100634,8.27976,9.842827,10,9.495938,6.923784,7.221136,6.626431,0.6252519,0,1.609623,0,0,0,0,0,0,5.490278,4.34846,6.632107,0.592854,0.702737,0.482971,7.394498,6.224792,8.564205,0.5949954,0,2.117396,7.190197,6.100634,8.27976,9.842827,10,9.495938,-1,-1,-1,-1,-1,-1,-1,-1,-1,-1,-1,-1,-1,-1,-1,-1,-1,-1,-1,-1,-1,-1,-1,-1,-1,-1,-1,-1,-1,-1,-1,-1,-1,-1,-1,-1,-1,-1,-1,-1,-1,-1,-1,-1,-1,-1,-1,-1,-1,-1,0,0,0,0,0,0,-1,-1,-1,-1,-1,-1,-1,-1,-1,-1,-1,-1,0,0,0,0,0,0,-1,-1,-1,-1,-1,-1,-1,-1,-1,-1,-1,-1,-1,-1,False,False,0,0,False,209,0,0,0,0,0,0,0,0,0,0,0,0,0,0,0,1,
0,1401,2026-02-23 12:18:23Z,LLM_Empathetic,6.923792,7.221138,6.626446,0.6252385,0,1.609616,0,0,0,0,0,0,5.490288,4.348463,6.632123,0.592854,0.702737,0.482971,7.394503,6.224789,8.564217,0.5949869,0,2.117387,7.190211,6.100641,8.279781,9.842855,10,9.495974,6.923792,7.221138,6.626446,0.6252385,0,1.609616,0,0,0,0,0,0,5.490288,4.348463,6.632123,0.592854,0.702737,0.482971,7.394503,6.224789,8.564217,0.5949869,0,2.117387,7.190211,6.100641,8.279781,9.842855,10,9.495974,-1,-1,-1,-1,-1,-1,-1,-1,-1,-1,-1,-1,-1,-1,-1,-1,-1,-1,-1,-1,-1,-1,-1,-1,-1,-1,-1,-1,-1,-1,-1,-1,-1,-1,-1,-1,-1,-1,-1,-1,-1,-1,-1,-1,-1,-1,-1,-1,-1,-1,0,0,0,0,0,0,-1,-1,-1,-1,-1,-1,-1,-1,-1,-1,-1,-1,0,0,0,0,0,0,-1,-1,-1,-1,-1,-1,-1,-1,-1,-1,-1,-1,-1,-1,False,False,0,0,False,207,0,0,0,0,0,0,0,0,0,0,0,0,0,0,0,1,
0,1402,2026-02-23 12:18:23Z,LLM_Empathetic,6.9238,7.221139,6.62646,0.6252251,0,1.609608,0,0,0,0,0,0,5.490298,4.348466,6.632141,0.592854,0.702737,0.482971,7.394507,6.224787,8.564228,0.5949783,0,2.117379,7.190225,6.100649,8.279801,9.842883,10,9.496009,6.9238,7.221139,6.62646,0.6252251,0,1.609608,0,0,0,0,0,0,5.490298,4.348466,6.632141,0.592854,0.702737,0.482971,7.394507,6.224787,8.564228,0.5949783,0,2.117379,7.190225,6.100649,8.279801,9.842883,10,9.496009,-1,-1,-1,-1,-1,-1,-1,-1,-1,-1,-1,-1,-1,-1,-1,-1,-1,-1,-1,-1,-1,-1,-1,-1,-1,-1,-1,-1,-1,-1,-1,-1,-1,-1,-1,-1,-1,-1,-1,-1,-1,-1,-1,-1,-1,-1,-1,-1,-1,-1,0,0,0,0,0,0,-1,-1,-1,-1,-1,-1,-1,-1,-1,-1,-1,-1,0,0,0,0,0,0,-1,-1,-1,-1,-1,-1,-1,-1,-1,-1,-1,-1,-1,-1,False,False,0,0,False,209,0,0,0,0,0,0,0,0,0,0,0,0,0,0,0,1,
0,1403,2026-02-23 12:18:23Z,LLM_Empathetic,6.923808,7.22114,6.626474,0.6252117,0,1.609601,0,0,0,0,0,0,5.490308,4.34847,6.632157,0.592854,0.702737,0.482971,7.394512,6.224784,8.56424,0.5949697,0,2.11737,7.190239,6.100657,8.279822,9.842912,10,9.496044,6.923808,7.22114,6.626474,0.6252117,0,1.609601,0,0,0,0,0,0,5.490308,4.34847,6.632157,0.592854,0.702737,0.482971,7.394512,6.224784,8.56424,0.5949697,0,2.11737,7.190239,6.100657,8.279822,9.842912,10,9.496044,-1,-1,-1,-1,-1,-1,-1,-1,-1,-1,-1,-1,-1,-1,-1,-1,-1,-1,-1,-1,-1,-1,-1,-1,-1,-1,-1,-1,-1,-1,-1,-1,-1,-1,-1,-1,-1,-1,-1,-1,-1,-1,-1,-1,-1,-1,-1,-1,-1,-1,0,0,0,0,0,0,-1,-1,-1,-1,-1,-1,-1,-1,-1,-1,-1,-1,0,0,0,0,0,0,-1,-1,-1,-1,-1,-1,-1,-1,-1,-1,-1,-1,-1,-1,False,False,0,0,False,209,0,0,0,0,0,0,0,0,0,0,0,0,0,0,0,1,
0,1404,2026-02-23 12:18:23Z,LLM_Empathetic,6.923815,7.221142,6.626489,0.6251983,0,1.609594,0,0,0,0,0,0,5.490319,4.348473,6.632174,0.592854,0.702737,0.482971,7.394516,6.224782,8.564251,0.5949611,0,2.117362,7.190253,6.100664,8.279842,9.842939,10,9.496079,6.923815,7.221142,6.626489,0.6251983,0,1.609594,0,0,0,0,0,0,5.490319,4.348473,6.632174,0.592854,0.702737,0.482971,7.394516,6.224782,8.564251,0.5949611,0,2.117362,7.190253,6.100664,8.279842,9.842939,10,9.496079,-1,-1,-1,-1,-1,-1,-1,-1,-1,-1,-1,-1,-1,-1,-1,-1,-1,-1,-1,-1,-1,-1,-1,-1,-1,-1,-1,-1,-1,-1,-1,-1,-1,-1,-1,-1,-1,-1,-1,-1,-1,-1,-1,-1,-1,-1,-1,-1,-1,-1,0,0,0,0,0,0,-1,-1,-1,-1,-1,-1,-1,-1,-1,-1,-1,-1,0,0,0,0,0,0,-1,-1,-1,-1,-1,-1,-1,-1,-1,-1,-1,-1,-1,-1,False,False,0,0,False,209,0,0,0,0,0,0,0,0,0,0,0,0,0,0,0,1,
0,1405,2026-02-23 12:18:23Z,LLM_Empathetic,6.923823,7.221143,6.626503,0.625185,0,1.609586,0,0,0,0,0,0,5.490329,4.348476,6.632191,0.592854,0.702737,0.482971,7.394521,6.22478,8.564263,0.5949525,0,2.117353,7.190267,6.100672,8.279863,9.842968,10,9.496115,6.923823,7.221143,6.626503,0.625185,0,1.609586,0,0,0,0,0,0,5.490329,4.348476,6.632191,0.592854,0.702737,0.482971,7.394521,6.22478,8.564263,0.5949525,0,2.117353,7.190267,6.100672,8.279863,9.842968,10,9.496115,-1,-1,-1,-1,-1,-1,-1,-1,-1,-1,-1,-1,-1,-1,-1,-1,-1,-1,-1,-1,-1,-1,-1,-1,-1,-1,-1,-1,-1,-1,-1,-1,-1,-1,-1,-1,-1,-1,-1,-1,-1,-1,-1,-1,-1,-1,-1,-1,-1,-1,0,0,0,0,0,0,-1,-1,-1,-1,-1,-1,-1,-1,-1,-1,-1,-1,0,0,0,0,0,0,-1,-1,-1,-1,-1,-1,-1,-1,-1,-1,-1,-1,-1,-1,False,False,0,0,False,207,0,0,0,0,0,0,0,0,0,0,0,0,0,0,0,1,
0,1406,2026-02-23 12:18:23Z,LLM_Empathetic,6.923831,7.221145,6.626517,0.6251716,0,1.609579,0,0,0,0,0,0,5.490339,4.34848,6.632208,0.592854,0.702737,0.482971,7.394526,6.224777,8.564275,0.594944,0,2.117344,7.190281,6.100679,8.279883,9.842996,10,9.49615,6.923831,7.221145,6.626517,0.6251716,0,1.609579,0,0,0,0,0,0,5.490339,4.34848,6.632208,0.592854,0.702737,0.482971,7.394526,6.224777,8.564275,0.594944,0,2.117344,7.190281,6.100679,8.279883,9.842996,10,9.49615,-1,-1,-1,-1,-1,-1,-1,-1,-1,-1,-1,-1,-1,-1,-1,-1,-1,-1,-1,-1,-1,-1,-1,-1,-1,-1,-1,-1,-1,-1,-1,-1,-1,-1,-1,-1,-1,-1,-1,-1,-1,-1,-1,-1,-1,-1,-1,-1,-1,-1,0,0,0,0,0,0,-1,-1,-1,-1,-1,-1,-1,-1,-1,-1,-1,-1,0,0,0,0,0,0,-1,-1,-1,-1,-1,-1,-1,-1,-1,-1,-1,-1,-1,-1,False,False,0,0,False,207,0,0,0,0,0,0,0,0,0,0,0,0,0,0,0,1,
0,1407,2026-02-23 12:18:23Z,LLM_Empathetic,6.923839,7.221146,6.626532,0.6251583,0,1.609572,0,0,0,0,0,0,5.490349,4.348483,6.632225,0.592854,0.702737,0.482971,7.39453,6.224775,8.564286,0.5949354,0,2.117336,7.190295,6.100687,8.279904,9.843023,10,9.496185,6.923839,7.221146,6.626532,0.6251583,0,1.609572,0,0,0,0,0,0,5.490349,4.348483,6.632225,0.592854,0.702737,0.482971,7.39453,6.224775,8.564286,0.5949354,0,2.117336,7.190295,6.100687,8.279904,9.843023,10,9.496185,-1,-1,-1,-1,-1,-1,-1,-1,-1,-1,-1,-1,-1,-1,-1,-1,-1,-1,-1,-1,-1,-1,-1,-1,-1,-1,-1,-1,-1,-1,-1,-1,-1,-1,-1,-1,-1,-1,-1,-1,-1,-1,-1,-1,-1,-1,-1,-1,-1,-1,0,0,0,0,0,0,-1,-1,-1,-1,-1,-1,-1,-1,-1,-1,-1,-1,0,0,0,0,0,0,-1,-1,-1,-1,-1,-1,-1,-1,-1,-1,-1,-1,-1,-1,False,False,0,0,False,209,0,0,0,0,0,0,0,0,0,0,0,0,0,0,0,1,
0,1408,2026-02-23 12:18:23Z,LLM_Empathetic,6.923847,7.221148,6.626546,0.6251449,0,1.609564,0,0,0,0,0,0,5.490359,4.348486,6.632242,0.592854,0.702737,0.482971,7.394535,6.224773,8.564298,0.5949269,0,2.117327,7.190309,6.100695,8.279924,9.843052,10,9.49622,6.923847,7.221148,6.626546,0.6251449,0,1.609564,0,0,0,0,0,0,5.490359,4.348486,6.632242,0.592854,0.702737,0.482971,7.394535,6.224773,8.564298,0.5949269,0,2.117327,7.190309,6.100695,8.279924,9.843052,10,9.49622,-1,-1,-1,-1,-1,-1,-1,-1,-1,-1,-1,-1,-1,-1,-1,-1,-1,-1,-1,-1,-1,-1,-1,-1,-1,-1,-1,-1,-1,-1,-1,-1,-1,-1,-1,-1,-1,-1,-1,-1,-1,-1,-1,-1,-1,-1,-1,-1,-1,-1,0,0,0,0,0,0,-1,-1,-1,-1,-1,-1,-1,-1,-1,-1,-1,-1,0,0,0,0,0,0,-1,-1,-1,-1,-1,-1,-1,-1,-1,-1,-1,-1,-1,-1,False,False,0,0,False,209,0,0,0,0,0,0,0,0,0,0,0,0,0,0,0,1,
0,1409,2026-02-23 12:18:24Z,LLM_Empathetic,6.923855,7.221149,6.62656,0.6251316,0,1.609557,0,0,0,0,0,0,5.490369,4.34849,6.632259,0.592854,0.702737,0.482971,7.394539,6.224771,8.564309,0.5949184,0,2.117319,7.190323,6.100702,8.279945,9.84308,10,9.496255,6.923855,7.221149,6.62656,0.6251316,0,1.609557,0,0,0,0,0,0,5.490369,4.34849,6.632259,0.592854,0.702737,0.482971,7.394539,6.224771,8.564309,0.5949184,0,2.117319,7.190323,6.100702,8.279945,9.84308,10,9.496255,-1,-1,-1,-1,-1,-1,-1,-1,-1,-1,-1,-1,-1,-1,-1,-1,-1,-1,-1,-1,-1,-1,-1,-1,-1,-1,-1,-1,-1,-1,-1,-1,-1,-1,-1,-1,-1,-1,-1,-1,-1,-1,-1,-1,-1,-1,-1,-1,-1,-1,0,0,0,0,0,0,-1,-1,-1,-1,-1,-1,-1,-1,-1,-1,-1,-1,0,0,0,0,0,0,-1,-1,-1,-1,-1,-1,-1,-1,-1,-1,-1,-1,-1,-1,False,False,0,0,False,209,0,0,0,0,0,0,0,0,0,0,0,0,0,0,0,1,
0,1410,2026-02-23 12:18:24Z,LLM_Empathetic,6.923862,7.22115,6.626575,0.6251183,0,1.60955,0,0,0,0,0,0,5.490379,4.348493,6.632276,0.592854,0.702737,0.482971,7.394544,6.224768,8.564321,0.5949098,0,2.11731,7.190337,6.10071,8.279965,9.843107,10,9.49629,6.923862,7.22115,6.626575,0.6251183,0,1.60955,0,0,0,0,0,0,5.490379,4.348493,6.632276,0.592854,0.702737,0.482971,7.394544,6.224768,8.564321,0.5949098,0,2.11731,7.190337,6.10071,8.279965,9.843107,10,9.49629,-1,-1,-1,-1,-1,-1,-1,-1,-1,-1,-1,-1,-1,-1,-1,-1,-1,-1,-1,-1,-1,-1,-1,-1,-1,-1,-1,-1,-1,-1,-1,-1,-1,-1,-1,-1,-1,-1,-1,-1,-1,-1,-1,-1,-1,-1,-1,-1,-1,-1,0,0,0,0,0,0,-1,-1,-1,-1,-1,-1,-1,-1,-1,-1,-1,-1,0,0,0,0,0,0,-1,-1,-1,-1,-1,-1,-1,-1,-1,-1,-1,-1,-1,-1,False,False,0,0,False,209,0,0,0,0,0,0,0,0,0,0,0,0,0,0,0,1,
0,1411,2026-02-23 12:18:24Z,LLM_Empathetic,6.92387,7.221152,6.626589,0.625105,0,1.609542,0,0,0,0,0,0,5.490389,4.348496,6.632292,0.592854,0.702737,0.482971,7.394549,6.224766,8.564332,0.5949013,0,2.117302,7.190351,6.100718,8.279985,9.843136,10,9.496325,6.92387,7.221152,6.626589,0.625105,0,1.609542,0,0,0,0,0,0,5.490389,4.348496,6.632292,0.592854,0.702737,0.482971,7.394549,6.224766,8.564332,0.5949013,0,2.117302,7.190351,6.100718,8.279985,9.843136,10,9.496325,-1,-1,-1,-1,-1,-1,-1,-1,-1,-1,-1,-1,-1,-1,-1,-1,-1,-1,-1,-1,-1,-1,-1,-1,-1,-1,-1,-1,-1,-1,-1,-1,-1,-1,-1,-1,-1,-1,-1,-1,-1,-1,-1,-1,-1,-1,-1,-1,-1,-1,0,0,0,0,0,0,-1,-1,-1,-1,-1,-1,-1,-1,-1,-1,-1,-1,0,0,0,0,0,0,-1,-1,-1,-1,-1,-1,-1,-1,-1,-1,-1,-1,-1,-1,False,False,0,0,False,207,0,0,0,0,0,0,0,0,0,0,0,0,0,0,0,1,
0,1412,2026-02-23 12:18:24Z,LLM_Empathetic,6.923878,7.221153,6.626603,0.6250918,0,1.609535,0,0,0,0,0,0,5.490399,4.3485,6.632309,0.592854,0.702737,0.482971,7.394553,6.224763,8.564343,0.5948929,0,2.117293,7.190365,6.100725,8.280006,9.843163,10,9.49636,6.923878,7.221153,6.626603,0.6250918,0,1.609535,0,0,0,0,0,0,5.490399,4.3485,6.632309,0.592854,0.702737,0.482971,7.394553,6.224763,8.564343,0.5948929,0,2.117293,7.190365,6.100725,8.280006,9.843163,10,9.49636,-1,-1,-1,-1,-1,-1,-1,-1,-1,-1,-1,-1,-1,-1,-1,-1,-1,-1,-1,-1,-1,-1,-1,-1,-1,-1,-1,-1,-1,-1,-1,-1,-1,-1,-1,-1,-1,-1,-1,-1,-1,-1,-1,-1,-1,-1,-1,-1,-1,-1,0,0,0,0,0,0,-1,-1,-1,-1,-1,-1,-1,-1,-1,-1,-1,-1,0,0,0,0,0,0,-1,-1,-1,-1,-1,-1,-1,-1,-1,-1,-1,-1,-1,-1,False,False,0,0,False,209,0,0,0,0,0,0,0,0,0,0,0,0,0,0,0,1,
0,1413,2026-02-23 12:18:24Z,LLM_Empathetic,6.923886,7.221155,6.626617,0.6250785,0,1.609528,0,0,0,0,0,0,5.490409,4.348503,6.632326,0.592854,0.702737,0.482971,7.394558,6.224761,8.564355,0.5948844,0,2.117285,7.190379,6.100732,8.280026,9.843191,10,9.496395,6.923886,7.221155,6.626617,0.6250785,0,1.609528,0,0,0,0,0,0,5.490409,4.348503,6.632326,0.592854,0.702737,0.482971,7.394558,6.224761,8.564355,0.5948844,0,2.117285,7.190379,6.100732,8.280026,9.843191,10,9.496395,-1,-1,-1,-1,-1,-1,-1,-1,-1,-1,-1,-1,-1,-1,-1,-1,-1,-1,-1,-1,-1,-1,-1,-1,-1,-1,-1,-1,-1,-1,-1,-1,-1,-1,-1,-1,-1,-1,-1,-1,-1,-1,-1,-1,-1,-1,-1,-1,-1,-1,0,0,0,0,0,0,-1,-1,-1,-1,-1,-1,-1,-1,-1,-1,-1,-1,0,0,0,0,0,0,-1,-1,-1,-1,-1,-1,-1,-1,-1,-1,-1,-1,-1,-1,False,False,0,0,False,209,0,0,0,0,0,0,0,0,0,0,0,0,0,0,0,1,
0,1414,2026-02-23 12:18:24Z,LLM_Empathetic,6.923894,7.221156,6.626631,0.6250653,0,1.60952,0,0,0,0,0,0,5.490419,4.348506,6.632342,0.592854,0.702737,0.482971,7.394562,6.224759,8.564366,0.5948759,0,2.117276,7.190393,6.10074,8.280046,9.843219,10,9.496429,6.923894,7.221156,6.626631,0.6250653,0,1.60952,0,0,0,0,0,0,5.490419,4.348506,6.632342,0.592854,0.702737,0.482971,7.394562,6.224759,8.564366,0.5948759,0,2.117276,7.190393,6.10074,8.280046,9.843219,10,9.496429,-1,-1,-1,-1,-1,-1,-1,-1,-1,-1,-1,-1,-1,-1,-1,-1,-1,-1,-1,-1,-1,-1,-1,-1,-1,-1,-1,-1,-1,-1,-1,-1,-1,-1,-1,-1,-1,-1,-1,-1,-1,-1,-1,-1,-1,-1,-1,-1,-1,-1,0,0,0,0,0,0,-1,-1,-1,-1,-1,-1,-1,-1,-1,-1,-1,-1,0,0,0,0,0,0,-1,-1,-1,-1,-1,-1,-1,-1,-1,-1,-1,-1,-1,-1,False,False,0,0,False,209,0,0,0,0,0,0,0,0,0,0,0,0,0,0,0,1,
0,1415,2026-02-23 12:18:24Z,LLM_Empathetic,6.923902,7.221158,6.626646,0.625052,0,1.609513,0,0,0,0,0,0,5.490429,4.34851,6.632359,0.592854,0.702737,0.482971,7.394567,6.224756,8.564378,0.5948674,0,2.117268,7.190407,6.100748,8.280066,9.843246,10,9.496465,6.923902,7.221158,6.626646,0.625052,0,1.609513,0,0,0,0,0,0,5.490429,4.34851,6.632359,0.592854,0.702737,0.482971,7.394567,6.224756,8.564378,0.5948674,0,2.117268,7.190407,6.100748,8.280066,9.843246,10,9.496465,-1,-1,-1,-1,-1,-1,-1,-1,-1,-1,-1,-1,-1,-1,-1,-1,-1,-1,-1,-1,-1,-1,-1,-1,-1,-1,-1,-1,-1,-1,-1,-1,-1,-1,-1,-1,-1,-1,-1,-1,-1,-1,-1,-1,-1,-1,-1,-1,-1,-1,0,0,0,0,0,0,-1,-1,-1,-1,-1,-1,-1,-1,-1,-1,-1,-1,0,0,0,0,0,0,-1,-1,-1,-1,-1,-1,-1,-1,-1,-1,-1,-1,-1,-1,False,False,0,0,False,207,0,0,0,0,0,0,0,0,0,0,0,0,0,0,0,1,
0,1416,2026-02-23 12:18:24Z,LLM_Empathetic,6.923909,7.221159,6.626659,0.6250389,0,1.609506,0,0,0,0,0,0,5.490439,4.348513,6.632376,0.592854,0.702737,0.482971,7.394572,6.224754,8.564389,0.5948589,0,2.117259,7.190421,6.100755,8.280087,9.843274,10,9.496499,6.923909,7.221159,6.626659,0.6250389,0,1.609506,0,0,0,0,0,0,5.490439,4.348513,6.632376,0.592854,0.702737,0.482971,7.394572,6.224754,8.564389,0.5948589,0,2.117259,7.190421,6.100755,8.280087,9.843274,10,9.496499,-1,-1,-1,-1,-1,-1,-1,-1,-1,-1,-1,-1,-1,-1,-1,-1,-1,-1,-1,-1,-1,-1,-1,-1,-1,-1,-1,-1,-1,-1,-1,-1,-1,-1,-1,-1,-1,-1,-1,-1,-1,-1,-1,-1,-1,-1,-1,-1,-1,-1,0,0,0,0,0,0,-1,-1,-1,-1,-1,-1,-1,-1,-1,-1,-1,-1,0,0,0,0,0,0,-1,-1,-1,-1,-1,-1,-1,-1,-1,-1,-1,-1,-1,-1,False,False,0,0,False,209,0,0,0,0,0,0,0,0,0,0,0,0,0,0,0,1,
0,1417,2026-02-23 12:18:24Z,LLM_Empathetic,6.923917,7.22116,6.626674,0.6250256,0,1.609499,0,0,0,0,0,0,5.490449,4.348516,6.632392,0.592854,0.702737,0.482971,7.394576,6.224751,8.564401,0.5948505,0,2.117251,7.190434,6.100762,8.280107,9.843302,10,9.496534,6.923917,7.22116,6.626674,0.6250256,0,1.609499,0,0,0,0,0,0,5.490449,4.348516,6.632392,0.592854,0.702737,0.482971,7.394576,6.224751,8.564401,0.5948505,0,2.117251,7.190434,6.100762,8.280107,9.843302,10,9.496534,-1,-1,-1,-1,-1,-1,-1,-1,-1,-1,-1,-1,-1,-1,-1,-1,-1,-1,-1,-1,-1,-1,-1,-1,-1,-1,-1,-1,-1,-1,-1,-1,-1,-1,-1,-1,-1,-1,-1,-1,-1,-1,-1,-1,-1,-1,-1,-1,-1,-1,0,0,0,0,0,0,-1,-1,-1,-1,-1,-1,-1,-1,-1,-1,-1,-1,0,0,0,0,0,0,-1,-1,-1,-1,-1,-1,-1,-1,-1,-1,-1,-1,-1,-1,False,False,0,0,False,209,0,0,0,0,0,0,0,0,0,0,0,0,0,0,0,1,
0,1418,2026-02-23 12:18:24Z,LLM_Empathetic,6.923925,7.221162,6.626688,0.6250125,0,1.609491,0,0,0,0,0,0,5.490459,4.34852,6.632409,0.592854,0.702737,0.482971,7.394581,6.224749,8.564412,0.5948421,0,2.117243,7.190448,6.10077,8.280128,9.843329,10,9.496569,6.923925,7.221162,6.626688,0.6250125,0,1.609491,0,0,0,0,0,0,5.490459,4.34852,6.632409,0.592854,0.702737,0.482971,7.394581,6.224749,8.564412,0.5948421,0,2.117243,7.190448,6.10077,8.280128,9.843329,10,9.496569,-1,-1,-1,-1,-1,-1,-1,-1,-1,-1,-1,-1,-1,-1,-1,-1,-1,-1,-1,-1,-1,-1,-1,-1,-1,-1,-1,-1,-1,-1,-1,-1,-1,-1,-1,-1,-1,-1,-1,-1,-1,-1,-1,-1,-1,-1,-1,-1,-1,-1,0,0,0,0,0,0,-1,-1,-1,-1,-1,-1,-1,-1,-1,-1,-1,-1,0,0,0,0,0,0,-1,-1,-1,-1,-1,-1,-1,-1,-1,-1,-1,-1,-1,-1,False,False,0,0,False,207,0,0,0,0,0,0,0,0,0,0,0,0,0,0,0,1,
0,1419,2026-02-23 12:18:24Z,LLM_Empathetic,6.923933,7.221163,6.626702,0.6249993,0,1.609484,0,0,0,0,0,0,5.490469,4.348523,6.632426,0.592854,0.702737,0.482971,7.394585,6.224747,8.564424,0.5948337,0,2.117234,7.190462,6.100778,8.280148,9.843357,10,9.496604,6.923933,7.221163,6.626702,0.6249993,0,1.609484,0,0,0,0,0,0,5.490469,4.348523,6.632426,0.592854,0.702737,0.482971,7.394585,6.224747,8.564424,0.5948337,0,2.117234,7.190462,6.100778,8.280148,9.843357,10,9.496604,-1,-1,-1,-1,-1,-1,-1,-1,-1,-1,-1,-1,-1,-1,-1,-1,-1,-1,-1,-1,-1,-1,-1,-1,-1,-1,-1,-1,-1,-1,-1,-1,-1,-1,-1,-1,-1,-1,-1,-1,-1,-1,-1,-1,-1,-1,-1,-1,-1,-1,0,0,0,0,0,0,-1,-1,-1,-1,-1,-1,-1,-1,-1,-1,-1,-1,0,0,0,0,0,0,-1,-1,-1,-1,-1,-1,-1,-1,-1,-1,-1,-1,-1,-1,False,False,0,0,False,209,0,0,0,0,0,0,0,0,0,0,0,0,0,0,0,1,
0,1420,2026-02-23 12:18:24Z,LLM_Empathetic,6.92394,7.221165,6.626716,0.6249862,0,1.609477,0,0,0,0,0,0,5.490479,4.348526,6.632442,0.592854,0.702737,0.482971,7.39459,6.224744,8.564435,0.5948252,0,2.117226,7.190476,6.100785,8.280168,9.843385,10,9.496638,6.92394,7.221165,6.626716,0.6249862,0,1.609477,0,0,0,0,0,0,5.490479,4.348526,6.632442,0.592854,0.702737,0.482971,7.39459,6.224744,8.564435,0.5948252,0,2.117226,7.190476,6.100785,8.280168,9.843385,10,9.496638,-1,-1,-1,-1,-1,-1,-1,-1,-1,-1,-1,-1,-1,-1,-1,-1,-1,-1,-1,-1,-1,-1,-1,-1,-1,-1,-1,-1,-1,-1,-1,-1,-1,-1,-1,-1,-1,-1,-1,-1,-1,-1,-1,-1,-1,-1,-1,-1,-1,-1,0,0,0,0,0,0,-1,-1,-1,-1,-1,-1,-1,-1,-1,-1,-1,-1,0,0,0,0,0,0,-1,-1,-1,-1,-1,-1,-1,-1,-1,-1,-1,-1,-1,-1,False,False,0,0,False,209,0,0,0,0,0,0,0,0,0,0,0,0,0,0,0,1,
0,1421,2026-02-23 12:18:24Z,LLM_Empathetic,6.923948,7.221166,6.62673,0.624973,0,1.609469,0,0,0,0,0,0,5.490489,4.34853,6.632459,0.592854,0.702737,0.482971,7.394594,6.224742,8.564446,0.5948168,0,2.117217,7.19049,6.100792,8.280188,9.843412,10,9.496673,6.923948,7.221166,6.62673,0.624973,0,1.609469,0,0,0,0,0,0,5.490489,4.34853,6.632459,0.592854,0.702737,0.482971,7.394594,6.224742,8.564446,0.5948168,0,2.117217,7.19049,6.100792,8.280188,9.843412,10,9.496673,-1,-1,-1,-1,-1,-1,-1,-1,-1,-1,-1,-1,-1,-1,-1,-1,-1,-1,-1,-1,-1,-1,-1,-1,-1,-1,-1,-1,-1,-1,-1,-1,-1,-1,-1,-1,-1,-1,-1,-1,-1,-1,-1,-1,-1,-1,-1,-1,-1,-1,0,0,0,0,0,0,-1,-1,-1,-1,-1,-1,-1,-1,-1,-1,-1,-1,0,0,0,0,0,0,-1,-1,-1,-1,-1,-1,-1,-1,-1,-1,-1,-1,-1,-1,False,False,0,0,False,207,0,0,0,0,0,0,0,0,0,0,0,0,0,0,0,1,
0,1422,2026-02-23 12:18:24Z,LLM_Empathetic,6.923956,7.221167,6.626744,0.6249599,0,1.609462,0,0,0,0,0,0,5.490499,4.348533,6.632475,0.592854,0.702737,0.482971,7.394599,6.22474,8.564458,0.5948084,0,2.117209,7.190504,6.1008,8.280208,9.84344,10,9.496707,6.923956,7.221167,6.626744,0.6249599,0,1.609462,0,0,0,0,0,0,5.490499,4.348533,6.632475,0.592854,0.702737,0.482971,7.394599,6.22474,8.564458,0.5948084,0,2.117209,7.190504,6.1008,8.280208,9.84344,10,9.496707,-1,-1,-1,-1,-1,-1,-1,-1,-1,-1,-1,-1,-1,-1,-1,-1,-1,-1,-1,-1,-1,-1,-1,-1,-1,-1,-1,-1,-1,-1,-1,-1,-1,-1,-1,-1,-1,-1,-1,-1,-1,-1,-1,-1,-1,-1,-1,-1,-1,-1,0,0,0,0,0,0,-1,-1,-1,-1,-1,-1,-1,-1,-1,-1,-1,-1,0,0,0,0,0,0,-1,-1,-1,-1,-1,-1,-1,-1,-1,-1,-1,-1,-1,-1,False,False,0,0,False,209,0,0,0,0,0,0,0,0,0,0,0,0,0,0,0,1,
0,1423,2026-02-23 12:18:24Z,LLM_Empathetic,6.923964,7.221169,6.626758,0.6249468,0,1.609455,0,0,0,0,0,0,5.490509,4.348536,6.632492,0.592854,0.702737,0.482971,7.394603,6.224738,8.564469,0.5948,0,2.1172,7.190517,6.100807,8.280229,9.843468,10,9.496742,6.923964,7.221169,6.626758,0.6249468,0,1.609455,0,0,0,0,0,0,5.490509,4.348536,6.632492,0.592854,0.702737,0.482971,7.394603,6.224738,8.564469,0.5948,0,2.1172,7.190517,6.100807,8.280229,9.843468,10,9.496742,-1,-1,-1,-1,-1,-1,-1,-1,-1,-1,-1,-1,-1,-1,-1,-1,-1,-1,-1,-1,-1,-1,-1,-1,-1,-1,-1,-1,-1,-1,-1,-1,-1,-1,-1,-1,-1,-1,-1,-1,-1,-1,-1,-1,-1,-1,-1,-1,-1,-1,0,0,0,0,0,0,-1,-1,-1,-1,-1,-1,-1,-1,-1,-1,-1,-1,0,0,0,0,0,0,-1,-1,-1,-1,-1,-1,-1,-1,-1,-1,-1,-1,-1,-1,False,False,0,0,False,209,0,0,0,0,0,0,0,0,0,0,0,0,0,0,0,1,
0,1424,2026-02-23 12:18:24Z,LLM_Empathetic,6.923971,7.22117,6.626772,0.6249337,0,1.609448,0,0,0,0,0,0,5.490519,4.348539,6.632509,0.592854,0.702737,0.482971,7.394608,6.224735,8.564481,0.5947917,0,2.117192,7.190531,6.100815,8.280249,9.843495,10,9.496777,6.923971,7.22117,6.626772,0.6249337,0,1.609448,0,0,0,0,0,0,5.490519,4.348539,6.632509,0.592854,0.702737,0.482971,7.394608,6.224735,8.564481,0.5947917,0,2.117192,7.190531,6.100815,8.280249,9.843495,10,9.496777,-1,-1,-1,-1,-1,-1,-1,-1,-1,-1,-1,-1,-1,-1,-1,-1,-1,-1,-1,-1,-1,-1,-1,-1,-1,-1,-1,-1,-1,-1,-1,-1,-1,-1,-1,-1,-1,-1,-1,-1,-1,-1,-1,-1,-1,-1,-1,-1,-1,-1,0,0,0,0,0,0,-1,-1,-1,-1,-1,-1,-1,-1,-1,-1,-1,-1,0,0,0,0,0,0,-1,-1,-1,-1,-1,-1,-1,-1,-1,-1,-1,-1,-1,-1,False,False,0,0,False,209,0,0,0,0,0,0,0,0,0,0,0,0,0,0,0,1,
0,1425,2026-02-23 12:18:24Z,LLM_Empathetic,6.923979,7.221171,6.626786,0.6249206,0,1.609441,0,0,0,0,0,0,5.490529,4.348543,6.632525,0.592854,0.702737,0.482971,7.394612,6.224733,8.564492,0.5947832,0,2.117184,7.190545,6.100822,8.280269,9.843522,10,9.496811,6.923979,7.221171,6.626786,0.6249206,0,1.609441,0,0,0,0,0,0,5.490529,4.348543,6.632525,0.592854,0.702737,0.482971,7.394612,6.224733,8.564492,0.5947832,0,2.117184,7.190545,6.100822,8.280269,9.843522,10,9.496811,-1,-1,-1,-1,-1,-1,-1,-1,-1,-1,-1,-1,-1,-1,-1,-1,-1,-1,-1,-1,-1,-1,-1,-1,-1,-1,-1,-1,-1,-1,-1,-1,-1,-1,-1,-1,-1,-1,-1,-1,-1,-1,-1,-1,-1,-1,-1,-1,-1,-1,0,0,0,0,0,0,-1,-1,-1,-1,-1,-1,-1,-1,-1,-1,-1,-1,0,0,0,0,0,0,-1,-1,-1,-1,-1,-1,-1,-1,-1,-1,-1,-1,-1,-1,False,False,0,0,False,207,0,0,0,0,0,0,0,0,0,0,0,0,0,0,0,1,
0,1426,2026-02-23 12:18:24Z,LLM_Empathetic,6.923986,7.221173,6.6268,0.6249076,0,1.609433,0,0,0,0,0,0,5.490539,4.348546,6.632542,0.592854,0.702737,0.482971,7.394617,6.22473,8.564504,0.5947749,0,2.117175,7.190558,6.10083,8.280289,9.84355,10,9.496845,6.923986,7.221173,6.6268,0.6249076,0,1.609433,0,0,0,0,0,0,5.490539,4.348546,6.632542,0.592854,0.702737,0.482971,7.394617,6.22473,8.564504,0.5947749,0,2.117175,7.190558,6.10083,8.280289,9.84355,10,9.496845,-1,-1,-1,-1,-1,-1,-1,-1,-1,-1,-1,-1,-1,-1,-1,-1,-1,-1,-1,-1,-1,-1,-1,-1,-1,-1,-1,-1,-1,-1,-1,-1,-1,-1,-1,-1,-1,-1,-1,-1,-1,-1,-1,-1,-1,-1,-1,-1,-1,-1,0,0,0,0,0,0,-1,-1,-1,-1,-1,-1,-1,-1,-1,-1,-1,-1,0,0,0,0,0,0,-1,-1,-1,-1,-1,-1,-1,-1,-1,-1,-1,-1,-1,-1,False,False,0,0,False,209,0,0,0,0,0,0,0,0,0,0,0,0,0,0,0,1,
0,1427,2026-02-23 12:18:24Z,LLM_Empathetic,6.923994,7.221174,6.626814,0.6248945,0,1.609426,0,0,0,0,0,0,5.490549,4.348549,6.632558,0.592854,0.702737,0.482971,7.394621,6.224728,8.564515,0.5947666,0,2.117167,7.190572,6.100837,8.280309,9.843577,10,9.49688,6.923994,7.221174,6.626814,0.6248945,0,1.609426,0,0,0,0,0,0,5.490549,4.348549,6.632558,0.592854,0.702737,0.482971,7.394621,6.224728,8.564515,0.5947666,0,2.117167,7.190572,6.100837,8.280309,9.843577,10,9.49688,-1,-1,-1,-1,-1,-1,-1,-1,-1,-1,-1,-1,-1,-1,-1,-1,-1,-1,-1,-1,-1,-1,-1,-1,-1,-1,-1,-1,-1,-1,-1,-1,-1,-1,-1,-1,-1,-1,-1,-1,-1,-1,-1,-1,-1,-1,-1,-1,-1,-1,0,0,0,0,0,0,-1,-1,-1,-1,-1,-1,-1,-1,-1,-1,-1,-1,0,0,0,0,0,0,-1,-1,-1,-1,-1,-1,-1,-1,-1,-1,-1,-1,-1,-1,False,False,0,0,False,207,0,0,0,0,0,0,0,0,0,0,0,0,0,0,0,1,
0,1428,2026-02-23 12:20:05Z,LLM_Empathetic,6.924002,7.221176,6.626828,0.6248815,0,1.609419,0,0,0,0,0,0,5.490559,4.348553,6.632575,0.592854,0.702737,0.482971,7.394626,6.224726,8.564527,0.5947582,0,2.117159,7.190586,6.100844,8.280328,9.843604,10,9.496914,6.924002,7.221176,6.626828,0.6248815,0,1.609419,0,0,0,0,0,0,5.490559,4.348553,6.632575,0.592854,0.702737,0.482971,7.394626,6.224726,8.564527,0.5947582,0,2.117159,7.190586,6.100844,8.280328,9.843604,10,9.496914,-1,-1,-1,-1,-1,-1,-1,-1,-1,-1,-1,-1,-1,-1,-1,-1,-1,-1,-1,-1,-1,-1,-1,-1,-1,-1,-1,-1,-1,-1,-1,-1,-1,-1,-1,-1,-1,-1,-1,-1,-1,-1,-1,-1,-1,-1,-1,-1,-1,-1,0,0,0,0,0,0,-1,-1,-1,-1,-1,-1,-1,-1,-1,-1,-1,-1,0,0,0,0,0,0,-1,-1,-1,-1,-1,-1,-1,-1,-1,-1,-1,-1,-1,-1,False,False,0,0,False,207,0,0,0,0,0,0,0,0,0,0,0,0,0,0,0,1,
0,1429,2026-02-23 12:20:05Z,LLM_Empathetic,6.924009,7.221177,6.626842,0.6248685,0,1.609412,0,0,0,0,0,0,5.490568,4.348556,6.632591,0.592854,0.702737,0.482971,7.39463,6.224724,8.564537,0.5947499,0,2.11715,7.190599,6.100852,8.280348,9.843632,10,9.496948,6.924009,7.221177,6.626842,0.6248685,0,1.609412,0,0,0,0,0,0,5.490568,4.348556,6.632591,0.592854,0.702737,0.482971,7.39463,6.224724,8.564537,0.5947499,0,2.11715,7.190599,6.100852,8.280348,9.843632,10,9.496948,-1,-1,-1,-1,-1,-1,-1,-1,-1,-1,-1,-1,-1,-1,-1,-1,-1,-1,-1,-1,-1,-1,-1,-1,-1,-1,-1,-1,-1,-1,-1,-1,-1,-1,-1,-1,-1,-1,-1,-1,-1,-1,-1,-1,-1,-1,-1,-1,-1,-1,0,0,0,0,0,0,-1,-1,-1,-1,-1,-1,-1,-1,-1,-1,-1,-1,0,0,0,0,0,0,-1,-1,-1,-1,-1,-1,-1,-1,-1,-1,-1,-1,-1,-1,False,False,0,0,False,209,0,0,0,0,0,0,0,0,0,0,0,0,0,0,0,1,
0,1430,2026-02-23 12:20:05Z,LLM_Empathetic,6.924017,7.221179,6.626856,0.6248555,0,1.609405,0,0,0,0,0,0,5.490578,4.348559,6.632607,0.592854,0.702737,0.482971,7.394635,6.224721,8.564548,0.5947415,0,2.117142,7.190613,6.100859,8.280368,9.843659,10,9.496983,6.924017,7.221179,6.626856,0.6248555,0,1.609405,0,0,0,0,0,0,5.490578,4.348559,6.632607,0.592854,0.702737,0.482971,7.394635,6.224721,8.564548,0.5947415,0,2.117142,7.190613,6.100859,8.280368,9.843659,10,9.496983,-1,-1,-1,-1,-1,-1,-1,-1,-1,-1,-1,-1,-1,-1,-1,-1,-1,-1,-1,-1,-1,-1,-1,-1,-1,-1,-1,-1,-1,-1,-1,-1,-1,-1,-1,-1,-1,-1,-1,-1,-1,-1,-1,-1,-1,-1,-1,-1,-1,-1,0,0,0,0,0,0,-1,-1,-1,-1,-1,-1,-1,-1,-1,-1,-1,-1,0,0,0,0,0,0,-1,-1,-1,-1,-1,-1,-1,-1,-1,-1,-1,-1,-1,-1,False,False,0,0,False,209,0,0,0,0,0,0,0,0,0,0,0,0,0,0,0,1,
0,1431,2026-02-23 12:20:05Z,LLM_Empathetic,6.924025,7.22118,6.62687,0.6248425,0,1.609397,0,0,0,0,0,0,5.490588,4.348562,6.632624,0.592854,0.702737,0.482971,7.394639,6.224719,8.56456,0.5947332,0,2.117134,7.190627,6.100867,8.280388,9.843686,10,9.497017,6.924025,7.22118,6.62687,0.6248425,0,1.609397,0,0,0,0,0,0,5.490588,4.348562,6.632624,0.592854,0.702737,0.482971,7.394639,6.224719,8.56456,0.5947332,0,2.117134,7.190627,6.100867,8.280388,9.843686,10,9.497017,-1,-1,-1,-1,-1,-1,-1,-1,-1,-1,-1,-1,-1,-1,-1,-1,-1,-1,-1,-1,-1,-1,-1,-1,-1,-1,-1,-1,-1,-1,-1,-1,-1,-1,-1,-1,-1,-1,-1,-1,-1,-1,-1,-1,-1,-1,-1,-1,-1,-1,0,0,0,0,0,0,-1,-1,-1,-1,-1,-1,-1,-1,-1,-1,-1,-1,0,0,0,0,0,0,-1,-1,-1,-1,-1,-1,-1,-1,-1,-1,-1,-1,-1,-1,False,False,0,0,False,209,0,0,0,0,0,0,0,0,0,0,0,0,0,0,0,1,
0,1432,2026-02-23 12:20:05Z,LLM_Empathetic,6.924032,7.221181,6.626884,0.6248295,0,1.60939,0,0,0,0,0,0,5.490598,4.348566,6.63264,0.592854,0.702737,0.482971,7.394644,6.224717,8.564571,0.5947249,0,2.117125,7.19064,6.100874,8.280408,9.843714,10,9.49705,6.924032,7.221181,6.626884,0.6248295,0,1.60939,0,0,0,0,0,0,5.490598,4.348566,6.63264,0.592854,0.702737,0.482971,7.394644,6.224717,8.564571,0.5947249,0,2.117125,7.19064,6.100874,8.280408,9.843714,10,9.49705,-1,-1,-1,-1,-1,-1,-1,-1,-1,-1,-1,-1,-1,-1,-1,-1,-1,-1,-1,-1,-1,-1,-1,-1,-1,-1,-1,-1,-1,-1,-1,-1,-1,-1,-1,-1,-1,-1,-1,-1,-1,-1,-1,-1,-1,-1,-1,-1,-1,-1,0,0,0,0,0,0,-1,-1,-1,-1,-1,-1,-1,-1,-1,-1,-1,-1,0,0,0,0,0,0,-1,-1,-1,-1,-1,-1,-1,-1,-1,-1,-1,-1,-1,-1,False,False,0,0,False,209,0,0,0,0,0,0,0,0,0,0,0,0,0,0,0,1,
0,1433,2026-02-23 12:20:05Z,LLM_Empathetic,6.92404,7.221182,6.626897,0.6248165,0,1.609383,0,0,0,0,0,0,5.490608,4.348569,6.632657,0.592854,0.702737,0.482971,7.394648,6.224714,8.564583,0.5947166,0,2.117117,7.190654,6.100882,8.280428,9.84374,10,9.497085,6.92404,7.221182,6.626897,0.6248165,0,1.609383,0,0,0,0,0,0,5.490608,4.348569,6.632657,0.592854,0.702737,0.482971,7.394648,6.224714,8.564583,0.5947166,0,2.117117,7.190654,6.100882,8.280428,9.84374,10,9.497085,-1,-1,-1,-1,-1,-1,-1,-1,-1,-1,-1,-1,-1,-1,-1,-1,-1,-1,-1,-1,-1,-1,-1,-1,-1,-1,-1,-1,-1,-1,-1,-1,-1,-1,-1,-1,-1,-1,-1,-1,-1,-1,-1,-1,-1,-1,-1,-1,-1,-1,0,0,0,0,0,0,-1,-1,-1,-1,-1,-1,-1,-1,-1,-1,-1,-1,0,0,0,0,0,0,-1,-1,-1,-1,-1,-1,-1,-1,-1,-1,-1,-1,-1,-1,False,False,0,0,False,209,0,0,0,0,0,0,0,0,0,0,0,0,0,0,0,1,
0,1434,2026-02-23 12:20:05Z,LLM_Empathetic,6.924047,7.221184,6.626911,0.6248036,0,1.609376,0,0,0,0,0,0,5.490617,4.348572,6.632673,0.592854,0.702737,0.482971,7.394653,6.224712,8.564593,0.5947083,0,2.117109,7.190668,6.100889,8.280448,9.843768,10,9.497119,6.924047,7.221184,6.626911,0.6248036,0,1.609376,0,0,0,0,0,0,5.490617,4.348572,6.632673,0.592854,0.702737,0.482971,7.394653,6.224712,8.564593,0.5947083,0,2.117109,7.190668,6.100889,8.280448,9.843768,10,9.497119,-1,-1,-1,-1,-1,-1,-1,-1,-1,-1,-1,-1,-1,-1,-1,-1,-1,-1,-1,-1,-1,-1,-1,-1,-1,-1,-1,-1,-1,-1,-1,-1,-1,-1,-1,-1,-1,-1,-1,-1,-1,-1,-1,-1,-1,-1,-1,-1,-1,-1,0,0,0,0,0,0,-1,-1,-1,-1,-1,-1,-1,-1,-1,-1,-1,-1,0,0,0,0,0,0,-1,-1,-1,-1,-1,-1,-1,-1,-1,-1,-1,-1,-1,-1,False,False,0,0,False,209,0,0,0,0,0,0,0,0,0,0,0,0,0,0,0,1,
0,1435,2026-02-23 12:20:05Z,LLM_Empathetic,6.924055,7.221185,6.626925,0.6247907,0,1.609369,0,0,0,0,0,0,5.490627,4.348575,6.632689,0.592854,0.702737,0.482971,7.394657,6.22471,8.564605,0.5947,0,2.1171,7.190681,6.100896,8.280467,9.843795,10,9.497153,6.924055,7.221185,6.626925,0.6247907,0,1.609369,0,0,0,0,0,0,5.490627,4.348575,6.632689,0.592854,0.702737,0.482971,7.394657,6.22471,8.564605,0.5947,0,2.1171,7.190681,6.100896,8.280467,9.843795,10,9.497153,-1,-1,-1,-1,-1,-1,-1,-1,-1,-1,-1,-1,-1,-1,-1,-1,-1,-1,-1,-1,-1,-1,-1,-1,-1,-1,-1,-1,-1,-1,-1,-1,-1,-1,-1,-1,-1,-1,-1,-1,-1,-1,-1,-1,-1,-1,-1,-1,-1,-1,0,0,0,0,0,0,-1,-1,-1,-1,-1,-1,-1,-1,-1,-1,-1,-1,0,0,0,0,0,0,-1,-1,-1,-1,-1,-1,-1,-1,-1,-1,-1,-1,-1,-1,False,False,0,0,False,209,0,0,0,0,0,0,0,0,0,0,0,0,0,0,0,1,
0,1436,2026-02-23 12:20:05Z,LLM_Empathetic,6.924063,7.221187,6.626939,0.6247777,0,1.609362,0,0,0,0,0,0,5.490637,4.348578,6.632706,0.592854,0.702737,0.482971,7.394662,6.224708,8.564616,0.5946918,0,2.117092,7.190695,6.100904,8.280487,9.843822,10,9.497187,6.924063,7.221187,6.626939,0.6247777,0,1.609362,0,0,0,0,0,0,5.490637,4.348578,6.632706,0.592854,0.702737,0.482971,7.394662,6.224708,8.564616,0.5946918,0,2.117092,7.190695,6.100904,8.280487,9.843822,10,9.497187,-1,-1,-1,-1,-1,-1,-1,-1,-1,-1,-1,-1,-1,-1,-1,-1,-1,-1,-1,-1,-1,-1,-1,-1,-1,-1,-1,-1,-1,-1,-1,-1,-1,-1,-1,-1,-1,-1,-1,-1,-1,-1,-1,-1,-1,-1,-1,-1,-1,-1,0,0,0,0,0,0,-1,-1,-1,-1,-1,-1,-1,-1,-1,-1,-1,-1,0,0,0,0,0,0,-1,-1,-1,-1,-1,-1,-1,-1,-1,-1,-1,-1,-1,-1,False,False,0,0,False,207,0,0,0,0,0,0,0,0,0,0,0,0,0,0,0,1,
0,1437,2026-02-23 12:20:05Z,LLM_Empathetic,6.92407,7.221188,6.626953,0.6247649,0,1.609355,0,0,0,0,0,0,5.490647,4.348582,6.632722,0.592854,0.702737,0.482971,7.394666,6.224705,8.564628,0.5946835,0,2.117084,7.190709,6.100911,8.280507,9.843849,10,9.497221,6.92407,7.221188,6.626953,0.6247649,0,1.609355,0,0,0,0,0,0,5.490647,4.348582,6.632722,0.592854,0.702737,0.482971,7.394666,6.224705,8.564628,0.5946835,0,2.117084,7.190709,6.100911,8.280507,9.843849,10,9.497221,-1,-1,-1,-1,-1,-1,-1,-1,-1,-1,-1,-1,-1,-1,-1,-1,-1,-1,-1,-1,-1,-1,-1,-1,-1,-1,-1,-1,-1,-1,-1,-1,-1,-1,-1,-1,-1,-1,-1,-1,-1,-1,-1,-1,-1,-1,-1,-1,-1,-1,0,0,0,0,0,0,-1,-1,-1,-1,-1,-1,-1,-1,-1,-1,-1,-1,0,0,0,0,0,0,-1,-1,-1,-1,-1,-1,-1,-1,-1,-1,-1,-1,-1,-1,False,False,0,0,False,209,0,0,0,0,0,0,0,0,0,0,0,0,0,0,0,1,
0,1438,2026-02-23 12:20:05Z,LLM_Empathetic,6.924078,7.221189,6.626966,0.624752,0,1.609348,0,0,0,0,0,0,5.490656,4.348585,6.632738,0.592854,0.702737,0.482971,7.39467,6.224703,8.564638,0.5946752,0,2.117076,7.190722,6.100918,8.280527,9.843876,10,9.497255,6.924078,7.221189,6.626966,0.624752,0,1.609348,0,0,0,0,0,0,5.490656,4.348585,6.632738,0.592854,0.702737,0.482971,7.39467,6.224703,8.564638,0.5946752,0,2.117076,7.190722,6.100918,8.280527,9.843876,10,9.497255,-1,-1,-1,-1,-1,-1,-1,-1,-1,-1,-1,-1,-1,-1,-1,-1,-1,-1,-1,-1,-1,-1,-1,-1,-1,-1,-1,-1,-1,-1,-1,-1,-1,-1,-1,-1,-1,-1,-1,-1,-1,-1,-1,-1,-1,-1,-1,-1,-1,-1,0,0,0,0,0,0,-1,-1,-1,-1,-1,-1,-1,-1,-1,-1,-1,-1,0,0,0,0,0,0,-1,-1,-1,-1,-1,-1,-1,-1,-1,-1,-1,-1,-1,-1,False,False,0,0,False,209,0,0,0,0,0,0,0,0,0,0,0,0,0,0,0,1,
0,1439,2026-02-23 12:20:05Z,LLM_Empathetic,6.924086,7.221191,6.62698,0.6247391,0,1.60934,0,0,0,0,0,0,5.490666,4.348588,6.632754,0.592854,0.702737,0.482971,7.394675,6.2247,8.56465,0.594667,0,2.117067,7.190735,6.100925,8.280546,9.843904,10,9.497289,6.924086,7.221191,6.62698,0.6247391,0,1.60934,0,0,0,0,0,0,5.490666,4.348588,6.632754,0.592854,0.702737,0.482971,7.394675,6.2247,8.56465,0.594667,0,2.117067,7.190735,6.100925,8.280546,9.843904,10,9.497289,-1,-1,-1,-1,-1,-1,-1,-1,-1,-1,-1,-1,-1,-1,-1,-1,-1,-1,-1,-1,-1,-1,-1,-1,-1,-1,-1,-1,-1,-1,-1,-1,-1,-1,-1,-1,-1,-1,-1,-1,-1,-1,-1,-1,-1,-1,-1,-1,-1,-1,0,0,0,0,0,0,-1,-1,-1,-1,-1,-1,-1,-1,-1,-1,-1,-1,0,0,0,0,0,0,-1,-1,-1,-1,-1,-1,-1,-1,-1,-1,-1,-1,-1,-1,False,False,0,0,False,209,0,0,0,0,0,0,0,0,0,0,0,0,0,0,0,1,
0,1440,2026-02-23 12:20:05Z,LLM_Empathetic,6.924093,7.221192,6.626994,0.6247262,0,1.609333,0,0,0,0,0,0,5.490676,4.348591,6.632771,0.592854,0.702737,0.482971,7.39468,6.224699,8.564661,0.5946588,0,2.117059,7.190749,6.100933,8.280566,9.84393,10,9.497323,6.924093,7.221192,6.626994,0.6247262,0,1.609333,0,0,0,0,0,0,5.490676,4.348591,6.632771,0.592854,0.702737,0.482971,7.39468,6.224699,8.564661,0.5946588,0,2.117059,7.190749,6.100933,8.280566,9.84393,10,9.497323,-1,-1,-1,-1,-1,-1,-1,-1,-1,-1,-1,-1,-1,-1,-1,-1,-1,-1,-1,-1,-1,-1,-1,-1,-1,-1,-1,-1,-1,-1,-1,-1,-1,-1,-1,-1,-1,-1,-1,-1,-1,-1,-1,-1,-1,-1,-1,-1,-1,-1,0,0,0,0,0,0,-1,-1,-1,-1,-1,-1,-1,-1,-1,-1,-1,-1,0,0,0,0,0,0,-1,-1,-1,-1,-1,-1,-1,-1,-1,-1,-1,-1,-1,-1,False,False,0,0,False,209,0,0,0,0,0,0,0,0,0,0,0,0,0,0,0,1,
0,1441,2026-02-23 12:20:05Z,LLM_Empathetic,6.924101,7.221193,6.627008,0.6247134,0,1.609326,0,0,0,0,0,0,5.490685,4.348595,6.632787,0.592854,0.702737,0.482971,7.394684,6.224696,8.564672,0.5946506,0,2.117051,7.190763,6.10094,8.280586,9.843957,10,9.497356,6.924101,7.221193,6.627008,0.6247134,0,1.609326,0,0,0,0,0,0,5.490685,4.348595,6.632787,0.592854,0.702737,0.482971,7.394684,6.224696,8.564672,0.5946506,0,2.117051,7.190763,6.10094,8.280586,9.843957,10,9.497356,-1,-1,-1,-1,-1,-1,-1,-1,-1,-1,-1,-1,-1,-1,-1,-1,-1,-1,-1,-1,-1,-1,-1,-1,-1,-1,-1,-1,-1,-1,-1,-1,-1,-1,-1,-1,-1,-1,-1,-1,-1,-1,-1,-1,-1,-1,-1,-1,-1,-1,0,0,0,0,0,0,-1,-1,-1,-1,-1,-1,-1,-1,-1,-1,-1,-1,0,0,0,0,0,0,-1,-1,-1,-1,-1,-1,-1,-1,-1,-1,-1,-1,-1,-1,False,False,0,0,False,207,0,0,0,0,0,0,0,0,0,0,0,0,0,0,0,1,
0,1442,2026-02-23 12:20:06Z,LLM_Empathetic,6.924109,7.221195,6.627022,0.6247005,0,1.609319,0,0,0,0,0,0,5.490695,4.348598,6.632803,0.592854,0.702737,0.482971,7.394688,6.224694,8.564683,0.5946423,0,2.117043,7.190776,6.100947,8.280605,9.843985,10,9.497391,6.924109,7.221195,6.627022,0.6247005,0,1.609319,0,0,0,0,0,0,5.490695,4.348598,6.632803,0.592854,0.702737,0.482971,7.394688,6.224694,8.564683,0.5946423,0,2.117043,7.190776,6.100947,8.280605,9.843985,10,9.497391,-1,-1,-1,-1,-1,-1,-1,-1,-1,-1,-1,-1,-1,-1,-1,-1,-1,-1,-1,-1,-1,-1,-1,-1,-1,-1,-1,-1,-1,-1,-1,-1,-1,-1,-1,-1,-1,-1,-1,-1,-1,-1,-1,-1,-1,-1,-1,-1,-1,-1,0,0,0,0,0,0,-1,-1,-1,-1,-1,-1,-1,-1,-1,-1,-1,-1,0,0,0,0,0,0,-1,-1,-1,-1,-1,-1,-1,-1,-1,-1,-1,-1,-1,-1,False,False,0,0,False,209,0,0,0,0,0,0,0,0,0,0,0,0,0,0,0,1,
0,1443,2026-02-23 12:20:06Z,LLM_Empathetic,6.924116,7.221196,6.627035,0.6246877,0,1.609312,0,0,0,0,0,0,5.490705,4.348601,6.632819,0.592854,0.702737,0.482971,7.394693,6.224691,8.564694,0.5946341,0,2.117034,7.19079,6.100955,8.280625,9.844011,10,9.497424,6.924116,7.221196,6.627035,0.6246877,0,1.609312,0,0,0,0,0,0,5.490705,4.348601,6.632819,0.592854,0.702737,0.482971,7.394693,6.224691,8.564694,0.5946341,0,2.117034,7.19079,6.100955,8.280625,9.844011,10,9.497424,-1,-1,-1,-1,-1,-1,-1,-1,-1,-1,-1,-1,-1,-1,-1,-1,-1,-1,-1,-1,-1,-1,-1,-1,-1,-1,-1,-1,-1,-1,-1,-1,-1,-1,-1,-1,-1,-1,-1,-1,-1,-1,-1,-1,-1,-1,-1,-1,-1,-1,0,0,0,0,0,0,-1,-1,-1,-1,-1,-1,-1,-1,-1,-1,-1,-1,0,0,0,0,0,0,-1,-1,-1,-1,-1,-1,-1,-1,-1,-1,-1,-1,-1,-1,False,False,0,0,False,207,0,0,0,0,0,0,0,0,0,0,0,0,0,0,0,1,
0,1444,2026-02-23 12:20:06Z,LLM_Empathetic,6.924123,7.221198,6.627049,0.6246749,0,1.609305,0,0,0,0,0,0,5.490715,4.348604,6.632835,0.592854,0.702737,0.482971,7.394697,6.224689,8.564706,0.5946259,0,2.117026,7.190803,6.100962,8.280644,9.844038,10,9.497458,6.924123,7.221198,6.627049,0.6246749,0,1.609305,0,0,0,0,0,0,5.490715,4.348604,6.632835,0.592854,0.702737,0.482971,7.394697,6.224689,8.564706,0.5946259,0,2.117026,7.190803,6.100962,8.280644,9.844038,10,9.497458,-1,-1,-1,-1,-1,-1,-1,-1,-1,-1,-1,-1,-1,-1,-1,-1,-1,-1,-1,-1,-1,-1,-1,-1,-1,-1,-1,-1,-1,-1,-1,-1,-1,-1,-1,-1,-1,-1,-1,-1,-1,-1,-1,-1,-1,-1,-1,-1,-1,-1,0,0,0,0,0,0,-1,-1,-1,-1,-1,-1,-1,-1,-1,-1,-1,-1,0,0,0,0,0,0,-1,-1,-1,-1,-1,-1,-1,-1,-1,-1,-1,-1,-1,-1,False,False,0,0,False,207,0,0,0,0,0,0,0,0,0,0,0,0,0,0,0,1,
0,1445,2026-02-23 12:20:06Z,LLM_Empathetic,6.924131,7.221199,6.627063,0.6246622,0,1.609298,0,0,0,0,0,0,5.490725,4.348608,6.632852,0.592854,0.702737,0.482971,7.394701,6.224687,8.564716,0.5946177,0,2.117018,7.190816,6.100969,8.280664,9.844065,10,9.497492,6.924131,7.221199,6.627063,0.6246622,0,1.609298,0,0,0,0,0,0,5.490725,4.348608,6.632852,0.592854,0.702737,0.482971,7.394701,6.224687,8.564716,0.5946177,0,2.117018,7.190816,6.100969,8.280664,9.844065,10,9.497492,-1,-1,-1,-1,-1,-1,-1,-1,-1,-1,-1,-1,-1,-1,-1,-1,-1,-1,-1,-1,-1,-1,-1,-1,-1,-1,-1,-1,-1,-1,-1,-1,-1,-1,-1,-1,-1,-1,-1,-1,-1,-1,-1,-1,-1,-1,-1,-1,-1,-1,0,0,0,0,0,0,-1,-1,-1,-1,-1,-1,-1,-1,-1,-1,-1,-1,0,0,0,0,0,0,-1,-1,-1,-1,-1,-1,-1,-1,-1,-1,-1,-1,-1,-1,False,False,0,0,False,209,0,0,0,0,0,0,0,0,0,0,0,0,0,0,0,1,
0,1446,2026-02-23 12:20:06Z,LLM_Empathetic,6.924139,7.2212,6.627076,0.6246494,0,1.609291,0,0,0,0,0,0,5.490734,4.34861,6.632868,0.592854,0.702737,0.482971,7.394706,6.224685,8.564728,0.5946096,0,2.11701,7.19083,6.100976,8.280684,9.844091,10,9.497525,6.924139,7.2212,6.627076,0.6246494,0,1.609291,0,0,0,0,0,0,5.490734,4.34861,6.632868,0.592854,0.702737,0.482971,7.394706,6.224685,8.564728,0.5946096,0,2.11701,7.19083,6.100976,8.280684,9.844091,10,9.497525,-1,-1,-1,-1,-1,-1,-1,-1,-1,-1,-1,-1,-1,-1,-1,-1,-1,-1,-1,-1,-1,-1,-1,-1,-1,-1,-1,-1,-1,-1,-1,-1,-1,-1,-1,-1,-1,-1,-1,-1,-1,-1,-1,-1,-1,-1,-1,-1,-1,-1,0,0,0,0,0,0,-1,-1,-1,-1,-1,-1,-1,-1,-1,-1,-1,-1,0,0,0,0,0,0,-1,-1,-1,-1,-1,-1,-1,-1,-1,-1,-1,-1,-1,-1,False,False,0,0,False,209,0,0,0,0,0,0,0,0,0,0,0,0,0,0,0,1,
0,1447,2026-02-23 12:20:06Z,LLM_Empathetic,6.924146,7.221202,6.62709,0.6246367,0,1.609284,0,0,0,0,0,0,5.490744,4.348614,6.632884,0.592854,0.702737,0.482971,7.394711,6.224682,8.564738,0.5946014,0,2.117002,7.190843,6.100984,8.280704,9.844118,10,9.497559,6.924146,7.221202,6.62709,0.6246367,0,1.609284,0,0,0,0,0,0,5.490744,4.348614,6.632884,0.592854,0.702737,0.482971,7.394711,6.224682,8.564738,0.5946014,0,2.117002,7.190843,6.100984,8.280704,9.844118,10,9.497559,-1,-1,-1,-1,-1,-1,-1,-1,-1,-1,-1,-1,-1,-1,-1,-1,-1,-1,-1,-1,-1,-1,-1,-1,-1,-1,-1,-1,-1,-1,-1,-1,-1,-1,-1,-1,-1,-1,-1,-1,-1,-1,-1,-1,-1,-1,-1,-1,-1,-1,0,0,0,0,0,0,-1,-1,-1,-1,-1,-1,-1,-1,-1,-1,-1,-1,0,0,0,0,0,0,-1,-1,-1,-1,-1,-1,-1,-1,-1,-1,-1,-1,-1,-1,False,False,0,0,False,209,0,0,0,0,0,0,0,0,0,0,0,0,0,0,0,1,
0,1448,2026-02-23 12:20:06Z,LLM_Empathetic,6.924153,7.221203,6.627104,0.6246239,0,1.609277,0,0,0,0,0,0,5.490753,4.348617,6.6329,0.592854,0.702737,0.482971,7.394715,6.22468,8.56475,0.5945932,0,2.116994,7.190856,6.100991,8.280723,9.844145,10,9.497592,6.924153,7.221203,6.627104,0.6246239,0,1.609277,0,0,0,0,0,0,5.490753,4.348617,6.6329,0.592854,0.702737,0.482971,7.394715,6.22468,8.56475,0.5945932,0,2.116994,7.190856,6.100991,8.280723,9.844145,10,9.497592,-1,-1,-1,-1,-1,-1,-1,-1,-1,-1,-1,-1,-1,-1,-1,-1,-1,-1,-1,-1,-1,-1,-1,-1,-1,-1,-1,-1,-1,-1,-1,-1,-1,-1,-1,-1,-1,-1,-1,-1,-1,-1,-1,-1,-1,-1,-1,-1,-1,-1,0,0,0,0,0,0,-1,-1,-1,-1,-1,-1,-1,-1,-1,-1,-1,-1,0,0,0,0,0,0,-1,-1,-1,-1,-1,-1,-1,-1,-1,-1,-1,-1,-1,-1,False,False,0,0,False,209,0,0,0,0,0,0,0,0,0,0,0,0,0,0,0,1,
0,1449,2026-02-23 12:20:06Z,LLM_Empathetic,6.924161,7.221204,6.627117,0.6246111,0,1.60927,0,0,0,0,0,0,5.490763,4.34862,6.632916,0.592854,0.702737,0.482971,7.394719,6.224678,8.564761,0.5945851,0,2.116986,7.19087,6.100998,8.280743,9.844172,10,9.497626,6.924161,7.221204,6.627117,0.6246111,0,1.60927,0,0,0,0,0,0,5.490763,4.34862,6.632916,0.592854,0.702737,0.482971,7.394719,6.224678,8.564761,0.5945851,0,2.116986,7.19087,6.100998,8.280743,9.844172,10,9.497626,-1,-1,-1,-1,-1,-1,-1,-1,-1,-1,-1,-1,-1,-1,-1,-1,-1,-1,-1,-1,-1,-1,-1,-1,-1,-1,-1,-1,-1,-1,-1,-1,-1,-1,-1,-1,-1,-1,-1,-1,-1,-1,-1,-1,-1,-1,-1,-1,-1,-1,0,0,0,0,0,0,-1,-1,-1,-1,-1,-1,-1,-1,-1,-1,-1,-1,0,0,0,0,0,0,-1,-1,-1,-1,-1,-1,-1,-1,-1,-1,-1,-1,-1,-1,False,False,0,0,False,209,0,0,0,0,0,0,0,0,0,0,0,0,0,0,0,1,
0,1450,2026-02-23 12:20:06Z,LLM_Empathetic,6.924169,7.221206,6.627131,0.6245984,0,1.609263,0,0,0,0,0,0,5.490773,4.348623,6.632932,0.592854,0.702737,0.482971,7.394723,6.224676,8.564772,0.594577,0,2.116977,7.190883,6.101006,8.280762,9.844198,10,9.49766,6.924169,7.221206,6.627131,0.6245984,0,1.609263,0,0,0,0,0,0,5.490773,4.348623,6.632932,0.592854,0.702737,0.482971,7.394723,6.224676,8.564772,0.594577,0,2.116977,7.190883,6.101006,8.280762,9.844198,10,9.49766,-1,-1,-1,-1,-1,-1,-1,-1,-1,-1,-1,-1,-1,-1,-1,-1,-1,-1,-1,-1,-1,-1,-1,-1,-1,-1,-1,-1,-1,-1,-1,-1,-1,-1,-1,-1,-1,-1,-1,-1,-1,-1,-1,-1,-1,-1,-1,-1,-1,-1,0,0,0,0,0,0,-1,-1,-1,-1,-1,-1,-1,-1,-1,-1,-1,-1,0,0,0,0,0,0,-1,-1,-1,-1,-1,-1,-1,-1,-1,-1,-1,-1,-1,-1,False,False,0,0,False,209,0,0,0,0,0,0,0,0,0,0,0,0,0,0,0,1,
0,1451,2026-02-23 12:20:06Z,LLM_Empathetic,6.924176,7.221207,6.627144,0.6245857,0,1.609256,0,0,0,0,0,0,5.490782,4.348627,6.632948,0.592854,0.702737,0.482971,7.394728,6.224673,8.564783,0.5945688,0,2.116969,7.190897,6.101013,8.280782,9.844225,10,9.497693,6.924176,7.221207,6.627144,0.6245857,0,1.609256,0,0,0,0,0,0,5.490782,4.348627,6.632948,0.592854,0.702737,0.482971,7.394728,6.224673,8.564783,0.5945688,0,2.116969,7.190897,6.101013,8.280782,9.844225,10,9.497693,-1,-1,-1,-1,-1,-1,-1,-1,-1,-1,-1,-1,-1,-1,-1,-1,-1,-1,-1,-1,-1,-1,-1,-1,-1,-1,-1,-1,-1,-1,-1,-1,-1,-1,-1,-1,-1,-1,-1,-1,-1,-1,-1,-1,-1,-1,-1,-1,-1,-1,0,0,0,0,0,0,-1,-1,-1,-1,-1,-1,-1,-1,-1,-1,-1,-1,0,0,0,0,0,0,-1,-1,-1,-1,-1,-1,-1,-1,-1,-1,-1,-1,-1,-1,False,False,0,0,False,209,0,0,0,0,0,0,0,0,0,0,0,0,0,0,0,1,
0,1452,2026-02-23 12:20:06Z,LLM_Empathetic,6.924183,7.221209,6.627158,0.6245731,0,1.609249,0,0,0,0,0,0,5.490792,4.34863,6.632964,0.592854,0.702737,0.482971,7.394732,6.224671,8.564794,0.5945607,0,2.116961,7.19091,6.10102,8.280801,9.844252,10,9.497726,6.924183,7.221209,6.627158,0.6245731,0,1.609249,0,0,0,0,0,0,5.490792,4.34863,6.632964,0.592854,0.702737,0.482971,7.394732,6.224671,8.564794,0.5945607,0,2.116961,7.19091,6.10102,8.280801,9.844252,10,9.497726,-1,-1,-1,-1,-1,-1,-1,-1,-1,-1,-1,-1,-1,-1,-1,-1,-1,-1,-1,-1,-1,-1,-1,-1,-1,-1,-1,-1,-1,-1,-1,-1,-1,-1,-1,-1,-1,-1,-1,-1,-1,-1,-1,-1,-1,-1,-1,-1,-1,-1,0,0,0,0,0,0,-1,-1,-1,-1,-1,-1,-1,-1,-1,-1,-1,-1,0,0,0,0,0,0,-1,-1,-1,-1,-1,-1,-1,-1,-1,-1,-1,-1,-1,-1,False,False,0,0,False,209,0,0,0,0,0,0,0,0,0,0,0,0,0,0,0,1,
0,1453,2026-02-23 12:20:06Z,LLM_Empathetic,6.924191,7.22121,6.627172,0.6245604,0,1.609242,0,0,0,0,0,0,5.490801,4.348633,6.63298,0.592854,0.702737,0.482971,7.394737,6.224669,8.564805,0.5945526,0,2.116953,7.190923,6.101027,8.280821,9.844278,10,9.49776,6.924191,7.22121,6.627172,0.6245604,0,1.609242,0,0,0,0,0,0,5.490801,4.348633,6.63298,0.592854,0.702737,0.482971,7.394737,6.224669,8.564805,0.5945526,0,2.116953,7.190923,6.101027,8.280821,9.844278,10,9.49776,-1,-1,-1,-1,-1,-1,-1,-1,-1,-1,-1,-1,-1,-1,-1,-1,-1,-1,-1,-1,-1,-1,-1,-1,-1,-1,-1,-1,-1,-1,-1,-1,-1,-1,-1,-1,-1,-1,-1,-1,-1,-1,-1,-1,-1,-1,-1,-1,-1,-1,0,0,0,0,0,0,-1,-1,-1,-1,-1,-1,-1,-1,-1,-1,-1,-1,0,0,0,0,0,0,-1,-1,-1,-1,-1,-1,-1,-1,-1,-1,-1,-1,-1,-1,False,False,0,0,False,209,0,0,0,0,0,0,0,0,0,0,0,0,0,0,0,1,
0,1454,2026-02-23 12:20:06Z,LLM_Empathetic,6.924198,7.221211,6.627185,0.6245477,0,1.609235,0,0,0,0,0,0,5.490811,4.348636,6.632996,0.592854,0.702737,0.482971,7.394741,6.224667,8.564816,0.5945445,0,2.116945,7.190937,6.101035,8.28084,9.844305,10,9.497793,6.924198,7.221211,6.627185,0.6245477,0,1.609235,0,0,0,0,0,0,5.490811,4.348636,6.632996,0.592854,0.702737,0.482971,7.394741,6.224667,8.564816,0.5945445,0,2.116945,7.190937,6.101035,8.28084,9.844305,10,9.497793,-1,-1,-1,-1,-1,-1,-1,-1,-1,-1,-1,-1,-1,-1,-1,-1,-1,-1,-1,-1,-1,-1,-1,-1,-1,-1,-1,-1,-1,-1,-1,-1,-1,-1,-1,-1,-1,-1,-1,-1,-1,-1,-1,-1,-1,-1,-1,-1,-1,-1,0,0,0,0,0,0,-1,-1,-1,-1,-1,-1,-1,-1,-1,-1,-1,-1,0,0,0,0,0,0,-1,-1,-1,-1,-1,-1,-1,-1,-1,-1,-1,-1,-1,-1,False,False,0,0,False,207,0,0,0,0,0,0,0,0,0,0,0,0,0,0,0,1,
0,1455,2026-02-23 12:20:06Z,LLM_Empathetic,6.924206,7.221212,6.627199,0.624535,0,1.609228,0,0,0,0,0,0,5.49082,4.348639,6.633012,0.592854,0.702737,0.482971,7.394745,6.224664,8.564827,0.5945364,0,2.116937,7.19095,6.101042,8.280859,9.844332,10,9.497827,6.924206,7.221212,6.627199,0.624535,0,1.609228,0,0,0,0,0,0,5.49082,4.348639,6.633012,0.592854,0.702737,0.482971,7.394745,6.224664,8.564827,0.5945364,0,2.116937,7.19095,6.101042,8.280859,9.844332,10,9.497827,-1,-1,-1,-1,-1,-1,-1,-1,-1,-1,-1,-1,-1,-1,-1,-1,-1,-1,-1,-1,-1,-1,-1,-1,-1,-1,-1,-1,-1,-1,-1,-1,-1,-1,-1,-1,-1,-1,-1,-1,-1,-1,-1,-1,-1,-1,-1,-1,-1,-1,0,0,0,0,0,0,-1,-1,-1,-1,-1,-1,-1,-1,-1,-1,-1,-1,0,0,0,0,0,0,-1,-1,-1,-1,-1,-1,-1,-1,-1,-1,-1,-1,-1,-1,False,False,0,0,False,209,0,0,0,0,0,0,0,0,0,0,0,0,0,0,0,1,
0,1456,2026-02-23 12:20:06Z,LLM_Empathetic,6.924213,7.221214,6.627212,0.6245224,0,1.609221,0,0,0,0,0,0,5.49083,4.348642,6.633028,0.592854,0.702737,0.482971,7.39475,6.224662,8.564837,0.5945283,0,2.116929,7.190963,6.101049,8.280878,9.844358,10,9.49786,6.924213,7.221214,6.627212,0.6245224,0,1.609221,0,0,0,0,0,0,5.49083,4.348642,6.633028,0.592854,0.702737,0.482971,7.39475,6.224662,8.564837,0.5945283,0,2.116929,7.190963,6.101049,8.280878,9.844358,10,9.49786,-1,-1,-1,-1,-1,-1,-1,-1,-1,-1,-1,-1,-1,-1,-1,-1,-1,-1,-1,-1,-1,-1,-1,-1,-1,-1,-1,-1,-1,-1,-1,-1,-1,-1,-1,-1,-1,-1,-1,-1,-1,-1,-1,-1,-1,-1,-1,-1,-1,-1,0,0,0,0,0,0,-1,-1,-1,-1,-1,-1,-1,-1,-1,-1,-1,-1,0,0,0,0,0,0,-1,-1,-1,-1,-1,-1,-1,-1,-1,-1,-1,-1,-1,-1,False,False,0,0,False,209,0,0,0,0,0,0,0,0,0,0,0,0,0,0,0,1,
0,1457,2026-02-23 12:20:06Z,LLM_Empathetic,6.924221,7.221215,6.627226,0.6245098,0,1.609214,0,0,0,0,0,0,5.490839,4.348646,6.633044,0.592854,0.702737,0.482971,7.394754,6.22466,8.564849,0.5945202,0,2.11692,7.190977,6.101056,8.280898,9.844384,10,9.497893,6.924221,7.221215,6.627226,0.6245098,0,1.609214,0,0,0,0,0,0,5.490839,4.348646,6.633044,0.592854,0.702737,0.482971,7.394754,6.22466,8.564849,0.5945202,0,2.11692,7.190977,6.101056,8.280898,9.844384,10,9.497893,-1,-1,-1,-1,-1,-1,-1,-1,-1,-1,-1,-1,-1,-1,-1,-1,-1,-1,-1,-1,-1,-1,-1,-1,-1,-1,-1,-1,-1,-1,-1,-1,-1,-1,-1,-1,-1,-1,-1,-1,-1,-1,-1,-1,-1,-1,-1,-1,-1,-1,0,0,0,0,0,0,-1,-1,-1,-1,-1,-1,-1,-1,-1,-1,-1,-1,0,0,0,0,0,0,-1,-1,-1,-1,-1,-1,-1,-1,-1,-1,-1,-1,-1,-1,False,False,0,0,False,209,0,0,0,0,0,0,0,0,0,0,0,0,0,0,0,1,
0,1458,2026-02-23 12:20:06Z,LLM_Empathetic,6.924228,7.221217,6.627239,0.6244972,0,1.609207,0,0,0,0,0,0,5.490849,4.348649,6.63306,0.592854,0.702737,0.482971,7.394759,6.224658,8.564859,0.5945121,0,2.116912,7.190989,6.101063,8.280917,9.844411,10,9.497926,6.924228,7.221217,6.627239,0.6244972,0,1.609207,0,0,0,0,0,0,5.490849,4.348649,6.63306,0.592854,0.702737,0.482971,7.394759,6.224658,8.564859,0.5945121,0,2.116912,7.190989,6.101063,8.280917,9.844411,10,9.497926,-1,-1,-1,-1,-1,-1,-1,-1,-1,-1,-1,-1,-1,-1,-1,-1,-1,-1,-1,-1,-1,-1,-1,-1,-1,-1,-1,-1,-1,-1,-1,-1,-1,-1,-1,-1,-1,-1,-1,-1,-1,-1,-1,-1,-1,-1,-1,-1,-1,-1,0,0,0,0,0,0,-1,-1,-1,-1,-1,-1,-1,-1,-1,-1,-1,-1,0,0,0,0,0,0,-1,-1,-1,-1,-1,-1,-1,-1,-1,-1,-1,-1,-1,-1,False,False,0,0,False,209,0,0,0,0,0,0,0,0,0,0,0,0,0,0,0,1,
0,1459,2026-02-23 12:20:06Z,LLM_Empathetic,6.924235,7.221218,6.627253,0.6244846,0,1.6092,0,0,0,0,0,0,5.490859,4.348652,6.633076,0.592854,0.702737,0.482971,7.394763,6.224656,8.564871,0.5945041,0,2.116904,7.191003,6.10107,8.280936,9.844438,10,9.497959,6.924235,7.221218,6.627253,0.6244846,0,1.6092,0,0,0,0,0,0,5.490859,4.348652,6.633076,0.592854,0.702737,0.482971,7.394763,6.224656,8.564871,0.5945041,0,2.116904,7.191003,6.10107,8.280936,9.844438,10,9.497959,-1,-1,-1,-1,-1,-1,-1,-1,-1,-1,-1,-1,-1,-1,-1,-1,-1,-1,-1,-1,-1,-1,-1,-1,-1,-1,-1,-1,-1,-1,-1,-1,-1,-1,-1,-1,-1,-1,-1,-1,-1,-1,-1,-1,-1,-1,-1,-1,-1,-1,0,0,0,0,0,0,-1,-1,-1,-1,-1,-1,-1,-1,-1,-1,-1,-1,0,0,0,0,0,0,-1,-1,-1,-1,-1,-1,-1,-1,-1,-1,-1,-1,-1,-1,False,False,0,0,False,209,0,0,0,0,0,0,0,0,0,0,0,0,0,0,0,1,
0,1460,2026-02-23 12:20:06Z,LLM_Empathetic,6.924243,7.221219,6.627266,0.624472,0,1.609193,0,0,0,0,0,0,5.490868,4.348655,6.633092,0.592854,0.702737,0.482971,7.394767,6.224653,8.564881,0.594496,0,2.116896,7.191016,6.101078,8.280955,9.844464,10,9.497993,6.924243,7.221219,6.627266,0.624472,0,1.609193,0,0,0,0,0,0,5.490868,4.348655,6.633092,0.592854,0.702737,0.482971,7.394767,6.224653,8.564881,0.594496,0,2.116896,7.191016,6.101078,8.280955,9.844464,10,9.497993,-1,-1,-1,-1,-1,-1,-1,-1,-1,-1,-1,-1,-1,-1,-1,-1,-1,-1,-1,-1,-1,-1,-1,-1,-1,-1,-1,-1,-1,-1,-1,-1,-1,-1,-1,-1,-1,-1,-1,-1,-1,-1,-1,-1,-1,-1,-1,-1,-1,-1,0,0,0,0,0,0,-1,-1,-1,-1,-1,-1,-1,-1,-1,-1,-1,-1,0,0,0,0,0,0,-1,-1,-1,-1,-1,-1,-1,-1,-1,-1,-1,-1,-1,-1,False,False,0,0,False,207,0,0,0,0,0,0,0,0,0,0,0,0,0,0,0,1,
0,1461,2026-02-23 12:20:06Z,LLM_Empathetic,6.92425,7.22122,6.62728,0.6244594,0,1.609186,0,0,0,0,0,0,5.490878,4.348658,6.633108,0.592854,0.702737,0.482971,7.394772,6.224651,8.564893,0.5944879,0,2.116888,7.19103,6.101085,8.280975,9.84449,10,9.498026,6.92425,7.22122,6.62728,0.6244594,0,1.609186,0,0,0,0,0,0,5.490878,4.348658,6.633108,0.592854,0.702737,0.482971,7.394772,6.224651,8.564893,0.5944879,0,2.116888,7.19103,6.101085,8.280975,9.84449,10,9.498026,-1,-1,-1,-1,-1,-1,-1,-1,-1,-1,-1,-1,-1,-1,-1,-1,-1,-1,-1,-1,-1,-1,-1,-1,-1,-1,-1,-1,-1,-1,-1,-1,-1,-1,-1,-1,-1,-1,-1,-1,-1,-1,-1,-1,-1,-1,-1,-1,-1,-1,0,0,0,0,0,0,-1,-1,-1,-1,-1,-1,-1,-1,-1,-1,-1,-1,0,0,0,0,0,0,-1,-1,-1,-1,-1,-1,-1,-1,-1,-1,-1,-1,-1,-1,False,False,0,0,False,209,0,0,0,0,0,0,0,0,0,0,0,0,0,0,0,1,
0,1462,2026-02-23 12:20:06Z,LLM_Empathetic,6.924258,7.221222,6.627293,0.6244469,0,1.609179,0,0,0,0,0,0,5.490887,4.348661,6.633124,0.592854,0.702737,0.482971,7.394776,6.224649,8.564903,0.5944799,0,2.11688,7.191042,6.101092,8.280994,9.844517,10,9.498058,6.924258,7.221222,6.627293,0.6244469,0,1.609179,0,0,0,0,0,0,5.490887,4.348661,6.633124,0.592854,0.702737,0.482971,7.394776,6.224649,8.564903,0.5944799,0,2.11688,7.191042,6.101092,8.280994,9.844517,10,9.498058,-1,-1,-1,-1,-1,-1,-1,-1,-1,-1,-1,-1,-1,-1,-1,-1,-1,-1,-1,-1,-1,-1,-1,-1,-1,-1,-1,-1,-1,-1,-1,-1,-1,-1,-1,-1,-1,-1,-1,-1,-1,-1,-1,-1,-1,-1,-1,-1,-1,-1,0,0,0,0,0,0,-1,-1,-1,-1,-1,-1,-1,-1,-1,-1,-1,-1,0,0,0,0,0,0,-1,-1,-1,-1,-1,-1,-1,-1,-1,-1,-1,-1,-1,-1,False,False,0,0,False,209,0,0,0,0,0,0,0,0,0,0,0,0,0,0,0,1,
0,1463,2026-02-23 12:20:06Z,LLM_Empathetic,6.924265,7.221223,6.627306,0.6244344,0,1.609172,0,0,0,0,0,0,5.490897,4.348664,6.63314,0.592854,0.702737,0.482971,7.39478,6.224647,8.564914,0.5944719,0,2.116872,7.191056,6.101099,8.281013,9.844543,10,9.498092,6.924265,7.221223,6.627306,0.6244344,0,1.609172,0,0,0,0,0,0,5.490897,4.348664,6.63314,0.592854,0.702737,0.482971,7.39478,6.224647,8.564914,0.5944719,0,2.116872,7.191056,6.101099,8.281013,9.844543,10,9.498092,-1,-1,-1,-1,-1,-1,-1,-1,-1,-1,-1,-1,-1,-1,-1,-1,-1,-1,-1,-1,-1,-1,-1,-1,-1,-1,-1,-1,-1,-1,-1,-1,-1,-1,-1,-1,-1,-1,-1,-1,-1,-1,-1,-1,-1,-1,-1,-1,-1,-1,0,0,0,0,0,0,-1,-1,-1,-1,-1,-1,-1,-1,-1,-1,-1,-1,0,0,0,0,0,0,-1,-1,-1,-1,-1,-1,-1,-1,-1,-1,-1,-1,-1,-1,False,False,0,0,False,209,0,0,0,0,0,0,0,0,0,0,0,0,0,0,0,1,
0,1464,2026-02-23 12:20:06Z,LLM_Empathetic,6.924273,7.221225,6.62732,0.6244218,0,1.609165,0,0,0,0,0,0,5.490906,4.348668,6.633155,0.592854,0.702737,0.482971,7.394784,6.224644,8.564925,0.5944638,0,2.116864,7.191069,6.101106,8.281033,9.844569,10,9.498124,6.924273,7.221225,6.62732,0.6244218,0,1.609165,0,0,0,0,0,0,5.490906,4.348668,6.633155,0.592854,0.702737,0.482971,7.394784,6.224644,8.564925,0.5944638,0,2.116864,7.191069,6.101106,8.281033,9.844569,10,9.498124,-1,-1,-1,-1,-1,-1,-1,-1,-1,-1,-1,-1,-1,-1,-1,-1,-1,-1,-1,-1,-1,-1,-1,-1,-1,-1,-1,-1,-1,-1,-1,-1,-1,-1,-1,-1,-1,-1,-1,-1,-1,-1,-1,-1,-1,-1,-1,-1,-1,-1,0,0,0,0,0,0,-1,-1,-1,-1,-1,-1,-1,-1,-1,-1,-1,-1,0,0,0,0,0,0,-1,-1,-1,-1,-1,-1,-1,-1,-1,-1,-1,-1,-1,-1,False,False,0,0,False,209,0,0,0,0,0,0,0,0,0,0,0,0,0,0,0,1,
0,1465,2026-02-23 12:20:06Z,LLM_Empathetic,6.92428,7.221226,6.627333,0.6244093,0,1.609159,0,0,0,0,0,0,5.490916,4.34867,6.633171,0.592854,0.702737,0.482971,7.394789,6.224642,8.564936,0.5944558,0,2.116856,7.191082,6.101113,8.281052,9.844596,10,9.498158,6.92428,7.221226,6.627333,0.6244093,0,1.609159,0,0,0,0,0,0,5.490916,4.34867,6.633171,0.592854,0.702737,0.482971,7.394789,6.224642,8.564936,0.5944558,0,2.116856,7.191082,6.101113,8.281052,9.844596,10,9.498158,-1,-1,-1,-1,-1,-1,-1,-1,-1,-1,-1,-1,-1,-1,-1,-1,-1,-1,-1,-1,-1,-1,-1,-1,-1,-1,-1,-1,-1,-1,-1,-1,-1,-1,-1,-1,-1,-1,-1,-1,-1,-1,-1,-1,-1,-1,-1,-1,-1,-1,0,0,0,0,0,0,-1,-1,-1,-1,-1,-1,-1,-1,-1,-1,-1,-1,0,0,0,0,0,0,-1,-1,-1,-1,-1,-1,-1,-1,-1,-1,-1,-1,-1,-1,False,False,0,0,False,209,0,0,0,0,0,0,0,0,0,0,0,0,0,0,0,1,
0,1466,2026-02-23 12:20:06Z,LLM_Empathetic,6.924287,7.221227,6.627347,0.6243968,0,1.609152,0,0,0,0,0,0,5.490925,4.348674,6.633187,0.592854,0.702737,0.482971,7.394793,6.22464,8.564947,0.5944479,0,2.116848,7.191095,6.10112,8.281071,9.844622,10,9.498191,6.924287,7.221227,6.627347,0.6243968,0,1.609152,0,0,0,0,0,0,5.490925,4.348674,6.633187,0.592854,0.702737,0.482971,7.394793,6.22464,8.564947,0.5944479,0,2.116848,7.191095,6.10112,8.281071,9.844622,10,9.498191,-1,-1,-1,-1,-1,-1,-1,-1,-1,-1,-1,-1,-1,-1,-1,-1,-1,-1,-1,-1,-1,-1,-1,-1,-1,-1,-1,-1,-1,-1,-1,-1,-1,-1,-1,-1,-1,-1,-1,-1,-1,-1,-1,-1,-1,-1,-1,-1,-1,-1,0,0,0,0,0,0,-1,-1,-1,-1,-1,-1,-1,-1,-1,-1,-1,-1,0,0,0,0,0,0,-1,-1,-1,-1,-1,-1,-1,-1,-1,-1,-1,-1,-1,-1,False,False,0,0,False,209,0,0,0,0,0,0,0,0,0,0,0,0,0,0,0,1,
0,1467,2026-02-23 12:20:06Z,LLM_Empathetic,6.924294,7.221229,6.62736,0.6243843,0,1.609145,0,0,0,0,0,0,5.490935,4.348677,6.633203,0.592854,0.702737,0.482971,7.394797,6.224638,8.564958,0.5944398,0,2.11684,7.191108,6.101127,8.28109,9.844648,10,9.498223,6.924294,7.221229,6.62736,0.6243843,0,1.609145,0,0,0,0,0,0,5.490935,4.348677,6.633203,0.592854,0.702737,0.482971,7.394797,6.224638,8.564958,0.5944398,0,2.11684,7.191108,6.101127,8.28109,9.844648,10,9.498223,-1,-1,-1,-1,-1,-1,-1,-1,-1,-1,-1,-1,-1,-1,-1,-1,-1,-1,-1,-1,-1,-1,-1,-1,-1,-1,-1,-1,-1,-1,-1,-1,-1,-1,-1,-1,-1,-1,-1,-1,-1,-1,-1,-1,-1,-1,-1,-1,-1,-1,0,0,0,0,0,0,-1,-1,-1,-1,-1,-1,-1,-1,-1,-1,-1,-1,0,0,0,0,0,0,-1,-1,-1,-1,-1,-1,-1,-1,-1,-1,-1,-1,-1,-1,False,False,0,0,False,207,0,0,0,0,0,0,0,0,0,0,0,0,0,0,0,1,
0,1468,2026-02-23 12:20:07Z,LLM_Empathetic,6.924302,7.22123,6.627373,0.6243719,0,1.609138,0,0,0,0,0,0,5.490944,4.34868,6.633218,0.592854,0.702737,0.482971,7.394802,6.224636,8.564968,0.5944318,0,2.116832,7.191122,6.101134,8.281109,9.844674,10,9.498256,6.924302,7.22123,6.627373,0.6243719,0,1.609138,0,0,0,0,0,0,5.490944,4.34868,6.633218,0.592854,0.702737,0.482971,7.394802,6.224636,8.564968,0.5944318,0,2.116832,7.191122,6.101134,8.281109,9.844674,10,9.498256,-1,-1,-1,-1,-1,-1,-1,-1,-1,-1,-1,-1,-1,-1,-1,-1,-1,-1,-1,-1,-1,-1,-1,-1,-1,-1,-1,-1,-1,-1,-1,-1,-1,-1,-1,-1,-1,-1,-1,-1,-1,-1,-1,-1,-1,-1,-1,-1,-1,-1,0,0,0,0,0,0,-1,-1,-1,-1,-1,-1,-1,-1,-1,-1,-1,-1,0,0,0,0,0,0,-1,-1,-1,-1,-1,-1,-1,-1,-1,-1,-1,-1,-1,-1,False,False,0,0,False,209,0,0,0,0,0,0,0,0,0,0,0,0,0,0,0,1,
0,1469,2026-02-23 12:20:07Z,LLM_Empathetic,6.924309,7.221231,6.627387,0.6243594,0,1.609131,0,0,0,0,0,0,5.490953,4.348683,6.633234,0.592854,0.702737,0.482971,7.394806,6.224633,8.56498,0.5944239,0,2.116824,7.191134,6.101141,8.281128,9.8447,10,9.498289,6.924309,7.221231,6.627387,0.6243594,0,1.609131,0,0,0,0,0,0,5.490953,4.348683,6.633234,0.592854,0.702737,0.482971,7.394806,6.224633,8.56498,0.5944239,0,2.116824,7.191134,6.101141,8.281128,9.8447,10,9.498289,-1,-1,-1,-1,-1,-1,-1,-1,-1,-1,-1,-1,-1,-1,-1,-1,-1,-1,-1,-1,-1,-1,-1,-1,-1,-1,-1,-1,-1,-1,-1,-1,-1,-1,-1,-1,-1,-1,-1,-1,-1,-1,-1,-1,-1,-1,-1,-1,-1,-1,0,0,0,0,0,0,-1,-1,-1,-1,-1,-1,-1,-1,-1,-1,-1,-1,0,0,0,0,0,0,-1,-1,-1,-1,-1,-1,-1,-1,-1,-1,-1,-1,-1,-1,False,False,0,0,False,209,0,0,0,0,0,0,0,0,0,0,0,0,0,0,0,1,
0,1470,2026-02-23 12:20:07Z,LLM_Empathetic,6.924316,7.221232,6.6274,0.624347,0,1.609124,0,0,0,0,0,0,5.490963,4.348686,6.63325,0.592854,0.702737,0.482971,7.39481,6.224631,8.56499,0.5944159,0,2.116816,7.191147,6.101149,8.281147,9.844727,10,9.498322,6.924316,7.221232,6.6274,0.624347,0,1.609124,0,0,0,0,0,0,5.490963,4.348686,6.63325,0.592854,0.702737,0.482971,7.39481,6.224631,8.56499,0.5944159,0,2.116816,7.191147,6.101149,8.281147,9.844727,10,9.498322,-1,-1,-1,-1,-1,-1,-1,-1,-1,-1,-1,-1,-1,-1,-1,-1,-1,-1,-1,-1,-1,-1,-1,-1,-1,-1,-1,-1,-1,-1,-1,-1,-1,-1,-1,-1,-1,-1,-1,-1,-1,-1,-1,-1,-1,-1,-1,-1,-1,-1,0,0,0,0,0,0,-1,-1,-1,-1,-1,-1,-1,-1,-1,-1,-1,-1,0,0,0,0,0,0,-1,-1,-1,-1,-1,-1,-1,-1,-1,-1,-1,-1,-1,-1,False,False,0,0,False,209,0,0,0,0,0,0,0,0,0,0,0,0,0,0,0,1,
0,1471,2026-02-23 12:20:07Z,LLM_Empathetic,6.924324,7.221234,6.627413,0.6243345,0,1.609117,0,0,0,0,0,0,5.490973,4.34869,6.633265,0.592854,0.702737,0.482971,7.394814,6.224629,8.565001,0.5944079,0,2.116808,7.191161,6.101156,8.281166,9.844752,10,9.498355,6.924324,7.221234,6.627413,0.6243345,0,1.609117,0,0,0,0,0,0,5.490973,4.34869,6.633265,0.592854,0.702737,0.482971,7.394814,6.224629,8.565001,0.5944079,0,2.116808,7.191161,6.101156,8.281166,9.844752,10,9.498355,-1,-1,-1,-1,-1,-1,-1,-1,-1,-1,-1,-1,-1,-1,-1,-1,-1,-1,-1,-1,-1,-1,-1,-1,-1,-1,-1,-1,-1,-1,-1,-1,-1,-1,-1,-1,-1,-1,-1,-1,-1,-1,-1,-1,-1,-1,-1,-1,-1,-1,0,0,0,0,0,0,-1,-1,-1,-1,-1,-1,-1,-1,-1,-1,-1,-1,0,0,0,0,0,0,-1,-1,-1,-1,-1,-1,-1,-1,-1,-1,-1,-1,-1,-1,False,False,0,0,False,207,0,0,0,0,0,0,0,0,0,0,0,0,0,0,0,1,
0,1472,2026-02-23 12:20:07Z,LLM_Empathetic,6.924331,7.221235,6.627427,0.6243221,0,1.60911,0,0,0,0,0,0,5.490982,4.348692,6.633281,0.592854,0.702737,0.482971,7.394819,6.224627,8.565012,0.5944,0,2.1168,7.191174,6.101163,8.281185,9.844778,10,9.498387,6.924331,7.221235,6.627427,0.6243221,0,1.60911,0,0,0,0,0,0,5.490982,4.348692,6.633281,0.592854,0.702737,0.482971,7.394819,6.224627,8.565012,0.5944,0,2.1168,7.191174,6.101163,8.281185,9.844778,10,9.498387,-1,-1,-1,-1,-1,-1,-1,-1,-1,-1,-1,-1,-1,-1,-1,-1,-1,-1,-1,-1,-1,-1,-1,-1,-1,-1,-1,-1,-1,-1,-1,-1,-1,-1,-1,-1,-1,-1,-1,-1,-1,-1,-1,-1,-1,-1,-1,-1,-1,-1,0,0,0,0,0,0,-1,-1,-1,-1,-1,-1,-1,-1,-1,-1,-1,-1,0,0,0,0,0,0,-1,-1,-1,-1,-1,-1,-1,-1,-1,-1,-1,-1,-1,-1,False,False,0,0,False,207,0,0,0,0,0,0,0,0,0,0,0,0,0,0,0,1,
0,1473,2026-02-23 12:20:07Z,LLM_Empathetic,6.924338,7.221237,6.62744,0.6243097,0,1.609104,0,0,0,0,0,0,5.490991,4.348696,6.633297,0.592854,0.702737,0.482971,7.394823,6.224625,8.565022,0.5943921,0,2.116792,7.191187,6.10117,8.281204,9.844805,10,9.49842,6.924338,7.221237,6.62744,0.6243097,0,1.609104,0,0,0,0,0,0,5.490991,4.348696,6.633297,0.592854,0.702737,0.482971,7.394823,6.224625,8.565022,0.5943921,0,2.116792,7.191187,6.10117,8.281204,9.844805,10,9.49842,-1,-1,-1,-1,-1,-1,-1,-1,-1,-1,-1,-1,-1,-1,-1,-1,-1,-1,-1,-1,-1,-1,-1,-1,-1,-1,-1,-1,-1,-1,-1,-1,-1,-1,-1,-1,-1,-1,-1,-1,-1,-1,-1,-1,-1,-1,-1,-1,-1,-1,0,0,0,0,0,0,-1,-1,-1,-1,-1,-1,-1,-1,-1,-1,-1,-1,0,0,0,0,0,0,-1,-1,-1,-1,-1,-1,-1,-1,-1,-1,-1,-1,-1,-1,False,False,0,0,False,207,0,0,0,0,0,0,0,0,0,0,0,0,0,0,0,1,
0,1474,2026-02-23 12:20:07Z,LLM_Empathetic,6.924345,7.221238,6.627453,0.6242973,0,1.609097,0,0,0,0,0,0,5.491001,4.348699,6.633313,0.592854,0.702737,0.482971,7.394827,6.224622,8.565033,0.5943841,0,2.116785,7.1912,6.101177,8.281223,9.844831,10,9.498452,6.924345,7.221238,6.627453,0.6242973,0,1.609097,0,0,0,0,0,0,5.491001,4.348699,6.633313,0.592854,0.702737,0.482971,7.394827,6.224622,8.565033,0.5943841,0,2.116785,7.1912,6.101177,8.281223,9.844831,10,9.498452,-1,-1,-1,-1,-1,-1,-1,-1,-1,-1,-1,-1,-1,-1,-1,-1,-1,-1,-1,-1,-1,-1,-1,-1,-1,-1,-1,-1,-1,-1,-1,-1,-1,-1,-1,-1,-1,-1,-1,-1,-1,-1,-1,-1,-1,-1,-1,-1,-1,-1,0,0,0,0,0,0,-1,-1,-1,-1,-1,-1,-1,-1,-1,-1,-1,-1,0,0,0,0,0,0,-1,-1,-1,-1,-1,-1,-1,-1,-1,-1,-1,-1,-1,-1,False,False,0,0,False,207,0,0,0,0,0,0,0,0,0,0,0,0,0,0,0,1,
0,1475,2026-02-23 12:20:07Z,LLM_Empathetic,6.924353,7.221239,6.627466,0.6242849,0,1.60909,0,0,0,0,0,0,5.49101,4.348702,6.633328,0.592854,0.702737,0.482971,7.394832,6.22462,8.565043,0.5943762,0,2.116776,7.191213,6.101184,8.281242,9.844856,10,9.498486,6.924353,7.221239,6.627466,0.6242849,0,1.60909,0,0,0,0,0,0,5.49101,4.348702,6.633328,0.592854,0.702737,0.482971,7.394832,6.22462,8.565043,0.5943762,0,2.116776,7.191213,6.101184,8.281242,9.844856,10,9.498486,-1,-1,-1,-1,-1,-1,-1,-1,-1,-1,-1,-1,-1,-1,-1,-1,-1,-1,-1,-1,-1,-1,-1,-1,-1,-1,-1,-1,-1,-1,-1,-1,-1,-1,-1,-1,-1,-1,-1,-1,-1,-1,-1,-1,-1,-1,-1,-1,-1,-1,0,0,0,0,0,0,-1,-1,-1,-1,-1,-1,-1,-1,-1,-1,-1,-1,0,0,0,0,0,0,-1,-1,-1,-1,-1,-1,-1,-1,-1,-1,-1,-1,-1,-1,False,False,0,0,False,207,0,0,0,0,0,0,0,0,0,0,0,0,0,0,0,1,
0,1476,2026-02-23 12:20:07Z,LLM_Empathetic,6.92436,7.221241,6.62748,0.6242726,0,1.609083,0,0,0,0,0,0,5.491019,4.348705,6.633344,0.592854,0.702737,0.482971,7.394836,6.224618,8.565055,0.5943683,0,2.116769,7.191226,6.101191,8.281261,9.844882,10,9.498518,6.92436,7.221241,6.62748,0.6242726,0,1.609083,0,0,0,0,0,0,5.491019,4.348705,6.633344,0.592854,0.702737,0.482971,7.394836,6.224618,8.565055,0.5943683,0,2.116769,7.191226,6.101191,8.281261,9.844882,10,9.498518,-1,-1,-1,-1,-1,-1,-1,-1,-1,-1,-1,-1,-1,-1,-1,-1,-1,-1,-1,-1,-1,-1,-1,-1,-1,-1,-1,-1,-1,-1,-1,-1,-1,-1,-1,-1,-1,-1,-1,-1,-1,-1,-1,-1,-1,-1,-1,-1,-1,-1,0,0,0,0,0,0,-1,-1,-1,-1,-1,-1,-1,-1,-1,-1,-1,-1,0,0,0,0,0,0,-1,-1,-1,-1,-1,-1,-1,-1,-1,-1,-1,-1,-1,-1,False,False,0,0,False,207,0,0,0,0,0,0,0,0,0,0,0,0,0,0,0,1,
0,1477,2026-02-23 12:20:07Z,LLM_Empathetic,6.924367,7.221242,6.627493,0.6242602,0,1.609076,0,0,0,0,0,0,5.491029,4.348708,6.633359,0.592854,0.702737,0.482971,7.39484,6.224616,8.565065,0.5943604,0,2.116761,7.191239,6.101198,8.281281,9.844909,10,9.49855,6.924367,7.221242,6.627493,0.6242602,0,1.609076,0,0,0,0,0,0,5.491029,4.348708,6.633359,0.592854,0.702737,0.482971,7.39484,6.224616,8.565065,0.5943604,0,2.116761,7.191239,6.101198,8.281281,9.844909,10,9.49855,-1,-1,-1,-1,-1,-1,-1,-1,-1,-1,-1,-1,-1,-1,-1,-1,-1,-1,-1,-1,-1,-1,-1,-1,-1,-1,-1,-1,-1,-1,-1,-1,-1,-1,-1,-1,-1,-1,-1,-1,-1,-1,-1,-1,-1,-1,-1,-1,-1,-1,0,0,0,0,0,0,-1,-1,-1,-1,-1,-1,-1,-1,-1,-1,-1,-1,0,0,0,0,0,0,-1,-1,-1,-1,-1,-1,-1,-1,-1,-1,-1,-1,-1,-1,False,False,0,0,False,209,0,0,0,0,0,0,0,0,0,0,0,0,0,0,0,1,
0,1478,2026-02-23 12:20:07Z,LLM_Empathetic,6.924375,7.221243,6.627506,0.6242479,0,1.60907,0,0,0,0,0,0,5.491038,4.348711,6.633375,0.592854,0.702737,0.482971,7.394845,6.224614,8.565076,0.5943525,0,2.116753,7.191252,6.101205,8.2813,9.844934,10,9.498583,6.924375,7.221243,6.627506,0.6242479,0,1.60907,0,0,0,0,0,0,5.491038,4.348711,6.633375,0.592854,0.702737,0.482971,7.394845,6.224614,8.565076,0.5943525,0,2.116753,7.191252,6.101205,8.2813,9.844934,10,9.498583,-1,-1,-1,-1,-1,-1,-1,-1,-1,-1,-1,-1,-1,-1,-1,-1,-1,-1,-1,-1,-1,-1,-1,-1,-1,-1,-1,-1,-1,-1,-1,-1,-1,-1,-1,-1,-1,-1,-1,-1,-1,-1,-1,-1,-1,-1,-1,-1,-1,-1,0,0,0,0,0,0,-1,-1,-1,-1,-1,-1,-1,-1,-1,-1,-1,-1,0,0,0,0,0,0,-1,-1,-1,-1,-1,-1,-1,-1,-1,-1,-1,-1,-1,-1,False,False,0,0,False,209,0,0,0,0,0,0,0,0,0,0,0,0,0,0,0,1,
0,1479,2026-02-23 12:20:07Z,LLM_Empathetic,6.924382,7.221244,6.627519,0.6242356,0,1.609063,0,0,0,0,0,0,5.491047,4.348714,6.63339,0.592854,0.702737,0.482971,7.394849,6.224611,8.565086,0.5943446,0,2.116745,7.191265,6.101212,8.281318,9.84496,10,9.498615,6.924382,7.221244,6.627519,0.6242356,0,1.609063,0,0,0,0,0,0,5.491047,4.348714,6.63339,0.592854,0.702737,0.482971,7.394849,6.224611,8.565086,0.5943446,0,2.116745,7.191265,6.101212,8.281318,9.84496,10,9.498615,-1,-1,-1,-1,-1,-1,-1,-1,-1,-1,-1,-1,-1,-1,-1,-1,-1,-1,-1,-1,-1,-1,-1,-1,-1,-1,-1,-1,-1,-1,-1,-1,-1,-1,-1,-1,-1,-1,-1,-1,-1,-1,-1,-1,-1,-1,-1,-1,-1,-1,0,0,0,0,0,0,-1,-1,-1,-1,-1,-1,-1,-1,-1,-1,-1,-1,0,0,0,0,0,0,-1,-1,-1,-1,-1,-1,-1,-1,-1,-1,-1,-1,-1,-1,False,False,0,0,False,207,0,0,0,0,0,0,0,0,0,0,0,0,0,0,0,1,
0,1480,2026-02-23 12:20:07Z,LLM_Empathetic,6.924389,7.221246,6.627532,0.6242232,0,1.609056,0,0,0,0,0,0,5.491056,4.348717,6.633406,0.592854,0.702737,0.482971,7.394853,6.224609,8.565098,0.5943367,0,2.116737,7.191278,6.101219,8.281337,9.844986,10,9.498648,6.924389,7.221246,6.627532,0.6242232,0,1.609056,0,0,0,0,0,0,5.491056,4.348717,6.633406,0.592854,0.702737,0.482971,7.394853,6.224609,8.565098,0.5943367,0,2.116737,7.191278,6.101219,8.281337,9.844986,10,9.498648,-1,-1,-1,-1,-1,-1,-1,-1,-1,-1,-1,-1,-1,-1,-1,-1,-1,-1,-1,-1,-1,-1,-1,-1,-1,-1,-1,-1,-1,-1,-1,-1,-1,-1,-1,-1,-1,-1,-1,-1,-1,-1,-1,-1,-1,-1,-1,-1,-1,-1,0,0,0,0,0,0,-1,-1,-1,-1,-1,-1,-1,-1,-1,-1,-1,-1,0,0,0,0,0,0,-1,-1,-1,-1,-1,-1,-1,-1,-1,-1,-1,-1,-1,-1,False,False,0,0,False,207,0,0,0,0,0,0,0,0,0,0,0,0,0,0,0,1,
0,1481,2026-02-23 12:20:07Z,LLM_Empathetic,6.924397,7.221247,6.627545,0.624211,0,1.609049,0,0,0,0,0,0,5.491066,4.348721,6.633422,0.592854,0.702737,0.482971,7.394857,6.224607,8.565108,0.5943288,0,2.116729,7.19129,6.101226,8.281356,9.845012,10,9.49868,6.924397,7.221247,6.627545,0.624211,0,1.609049,0,0,0,0,0,0,5.491066,4.348721,6.633422,0.592854,0.702737,0.482971,7.394857,6.224607,8.565108,0.5943288,0,2.116729,7.19129,6.101226,8.281356,9.845012,10,9.49868,-1,-1,-1,-1,-1,-1,-1,-1,-1,-1,-1,-1,-1,-1,-1,-1,-1,-1,-1,-1,-1,-1,-1,-1,-1,-1,-1,-1,-1,-1,-1,-1,-1,-1,-1,-1,-1,-1,-1,-1,-1,-1,-1,-1,-1,-1,-1,-1,-1,-1,0,0,0,0,0,0,-1,-1,-1,-1,-1,-1,-1,-1,-1,-1,-1,-1,0,0,0,0,0,0,-1,-1,-1,-1,-1,-1,-1,-1,-1,-1,-1,-1,-1,-1,False,False,0,0,False,209,0,0,0,0,0,0,0,0,0,0,0,0,0,0,0,1,
0,1482,2026-02-23 12:20:07Z,LLM_Empathetic,6.924404,7.221248,6.627559,0.6241987,0,1.609042,0,0,0,0,0,0,5.491075,4.348723,6.633437,0.592854,0.702737,0.482971,7.394862,6.224605,8.565119,0.594321,0,2.116721,7.191303,6.101233,8.281375,9.845037,10,9.498713,6.924404,7.221248,6.627559,0.6241987,0,1.609042,0,0,0,0,0,0,5.491075,4.348723,6.633437,0.592854,0.702737,0.482971,7.394862,6.224605,8.565119,0.594321,0,2.116721,7.191303,6.101233,8.281375,9.845037,10,9.498713,-1,-1,-1,-1,-1,-1,-1,-1,-1,-1,-1,-1,-1,-1,-1,-1,-1,-1,-1,-1,-1,-1,-1,-1,-1,-1,-1,-1,-1,-1,-1,-1,-1,-1,-1,-1,-1,-1,-1,-1,-1,-1,-1,-1,-1,-1,-1,-1,-1,-1,0,0,0,0,0,0,-1,-1,-1,-1,-1,-1,-1,-1,-1,-1,-1,-1,0,0,0,0,0,0,-1,-1,-1,-1,-1,-1,-1,-1,-1,-1,-1,-1,-1,-1,False,False,0,0,False,209,0,0,0,0,0,0,0,0,0,0,0,0,0,0,0,1,
0,1483,2026-02-23 12:20:07Z,LLM_Empathetic,6.924411,7.22125,6.627572,0.6241864,0,1.609036,0,0,0,0,0,0,5.491085,4.348726,6.633453,0.592854,0.702737,0.482971,7.394866,6.224603,8.565129,0.5943131,0,2.116714,7.191316,6.10124,8.281393,9.845063,10,9.498745,6.924411,7.22125,6.627572,0.6241864,0,1.609036,0,0,0,0,0,0,5.491085,4.348726,6.633453,0.592854,0.702737,0.482971,7.394866,6.224603,8.565129,0.5943131,0,2.116714,7.191316,6.10124,8.281393,9.845063,10,9.498745,-1,-1,-1,-1,-1,-1,-1,-1,-1,-1,-1,-1,-1,-1,-1,-1,-1,-1,-1,-1,-1,-1,-1,-1,-1,-1,-1,-1,-1,-1,-1,-1,-1,-1,-1,-1,-1,-1,-1,-1,-1,-1,-1,-1,-1,-1,-1,-1,-1,-1,0,0,0,0,0,0,-1,-1,-1,-1,-1,-1,-1,-1,-1,-1,-1,-1,0,0,0,0,0,0,-1,-1,-1,-1,-1,-1,-1,-1,-1,-1,-1,-1,-1,-1,False,False,0,0,False,209,0,0,0,0,0,0,0,0,0,0,0,0,0,0,0,1,
0,1484,2026-02-23 12:20:07Z,LLM_Empathetic,6.924418,7.221251,6.627585,0.6241741,0,1.609029,0,0,0,0,0,0,5.491094,4.34873,6.633468,0.592854,0.702737,0.482971,7.39487,6.2246,8.56514,0.5943052,0,2.116706,7.191329,6.101247,8.281412,9.845089,10,9.498777,6.924418,7.221251,6.627585,0.6241741,0,1.609029,0,0,0,0,0,0,5.491094,4.34873,6.633468,0.592854,0.702737,0.482971,7.39487,6.2246,8.56514,0.5943052,0,2.116706,7.191329,6.101247,8.281412,9.845089,10,9.498777,-1,-1,-1,-1,-1,-1,-1,-1,-1,-1,-1,-1,-1,-1,-1,-1,-1,-1,-1,-1,-1,-1,-1,-1,-1,-1,-1,-1,-1,-1,-1,-1,-1,-1,-1,-1,-1,-1,-1,-1,-1,-1,-1,-1,-1,-1,-1,-1,-1,-1,0,0,0,0,0,0,-1,-1,-1,-1,-1,-1,-1,-1,-1,-1,-1,-1,0,0,0,0,0,0,-1,-1,-1,-1,-1,-1,-1,-1,-1,-1,-1,-1,-1,-1,False,False,0,0,False,209,0,0,0,0,0,0,0,0,0,0,0,0,0,0,0,1,
0,1485,2026-02-23 12:20:07Z,LLM_Empathetic,6.924425,7.221252,6.627598,0.6241619,0,1.609022,0,0,0,0,0,0,5.491103,4.348732,6.633484,0.592854,0.702737,0.482971,7.394874,6.224598,8.56515,0.5942974,0,2.116698,7.191342,6.101254,8.281431,9.845115,10,9.498809,6.924425,7.221252,6.627598,0.6241619,0,1.609022,0,0,0,0,0,0,5.491103,4.348732,6.633484,0.592854,0.702737,0.482971,7.394874,6.224598,8.56515,0.5942974,0,2.116698,7.191342,6.101254,8.281431,9.845115,10,9.498809,-1,-1,-1,-1,-1,-1,-1,-1,-1,-1,-1,-1,-1,-1,-1,-1,-1,-1,-1,-1,-1,-1,-1,-1,-1,-1,-1,-1,-1,-1,-1,-1,-1,-1,-1,-1,-1,-1,-1,-1,-1,-1,-1,-1,-1,-1,-1,-1,-1,-1,0,0,0,0,0,0,-1,-1,-1,-1,-1,-1,-1,-1,-1,-1,-1,-1,0,0,0,0,0,0,-1,-1,-1,-1,-1,-1,-1,-1,-1,-1,-1,-1,-1,-1,False,False,0,0,False,209,0,0,0,0,0,0,0,0,0,0,0,0,0,0,0,1,
0,1486,2026-02-23 12:20:07Z,LLM_Empathetic,6.924432,7.221253,6.627611,0.6241497,0,1.609015,0,0,0,0,0,0,5.491112,4.348736,6.633499,0.592854,0.702737,0.482971,7.394878,6.224596,8.565162,0.5942895,0,2.11669,7.191355,6.101261,8.281449,9.84514,10,9.498841,6.924432,7.221253,6.627611,0.6241497,0,1.609015,0,0,0,0,0,0,5.491112,4.348736,6.633499,0.592854,0.702737,0.482971,7.394878,6.224596,8.565162,0.5942895,0,2.11669,7.191355,6.101261,8.281449,9.84514,10,9.498841,-1,-1,-1,-1,-1,-1,-1,-1,-1,-1,-1,-1,-1,-1,-1,-1,-1,-1,-1,-1,-1,-1,-1,-1,-1,-1,-1,-1,-1,-1,-1,-1,-1,-1,-1,-1,-1,-1,-1,-1,-1,-1,-1,-1,-1,-1,-1,-1,-1,-1,0,0,0,0,0,0,-1,-1,-1,-1,-1,-1,-1,-1,-1,-1,-1,-1,0,0,0,0,0,0,-1,-1,-1,-1,-1,-1,-1,-1,-1,-1,-1,-1,-1,-1,False,False,0,0,False,209,0,0,0,0,0,0,0,0,0,0,0,0,0,0,0,1,
0,1487,2026-02-23 12:20:07Z,LLM_Empathetic,6.924439,7.221255,6.627624,0.6241375,0,1.609009,0,0,0,0,0,0,5.491121,4.348739,6.633514,0.592854,0.702737,0.482971,7.394883,6.224594,8.565172,0.5942817,0,2.116682,7.191368,6.101268,8.281468,9.845166,10,9.498874,6.924439,7.221255,6.627624,0.6241375,0,1.609009,0,0,0,0,0,0,5.491121,4.348739,6.633514,0.592854,0.702737,0.482971,7.394883,6.224594,8.565172,0.5942817,0,2.116682,7.191368,6.101268,8.281468,9.845166,10,9.498874,-1,-1,-1,-1,-1,-1,-1,-1,-1,-1,-1,-1,-1,-1,-1,-1,-1,-1,-1,-1,-1,-1,-1,-1,-1,-1,-1,-1,-1,-1,-1,-1,-1,-1,-1,-1,-1,-1,-1,-1,-1,-1,-1,-1,-1,-1,-1,-1,-1,-1,0,0,0,0,0,0,-1,-1,-1,-1,-1,-1,-1,-1,-1,-1,-1,-1,0,0,0,0,0,0,-1,-1,-1,-1,-1,-1,-1,-1,-1,-1,-1,-1,-1,-1,False,False,0,0,False,207,0,0,0,0,0,0,0,0,0,0,0,0,0,0,0,1,
0,1488,2026-02-23 12:20:07Z,LLM_Empathetic,6.924447,7.221256,6.627637,0.6241252,0,1.609002,0,0,0,0,0,0,5.491131,4.348742,6.63353,0.592854,0.702737,0.482971,7.394887,6.224592,8.565183,0.5942739,0,2.116674,7.191381,6.101274,8.281487,9.845192,10,9.498906,6.924447,7.221256,6.627637,0.6241252,0,1.609002,0,0,0,0,0,0,5.491131,4.348742,6.63353,0.592854,0.702737,0.482971,7.394887,6.224592,8.565183,0.5942739,0,2.116674,7.191381,6.101274,8.281487,9.845192,10,9.498906,-1,-1,-1,-1,-1,-1,-1,-1,-1,-1,-1,-1,-1,-1,-1,-1,-1,-1,-1,-1,-1,-1,-1,-1,-1,-1,-1,-1,-1,-1,-1,-1,-1,-1,-1,-1,-1,-1,-1,-1,-1,-1,-1,-1,-1,-1,-1,-1,-1,-1,0,0,0,0,0,0,-1,-1,-1,-1,-1,-1,-1,-1,-1,-1,-1,-1,0,0,0,0,0,0,-1,-1,-1,-1,-1,-1,-1,-1,-1,-1,-1,-1,-1,-1,False,False,0,0,False,207,0,0,0,0,0,0,0,0,0,0,0,0,0,0,0,1,
0,1489,2026-02-23 12:20:07Z,LLM_Empathetic,6.924454,7.221258,6.62765,0.624113,0,1.608995,0,0,0,0,0,0,5.49114,4.348745,6.633545,0.592854,0.702737,0.482971,7.394891,6.224589,8.565193,0.5942661,0,2.116667,7.191393,6.101282,8.281506,9.845217,10,9.498938,6.924454,7.221258,6.62765,0.624113,0,1.608995,0,0,0,0,0,0,5.49114,4.348745,6.633545,0.592854,0.702737,0.482971,7.394891,6.224589,8.565193,0.5942661,0,2.116667,7.191393,6.101282,8.281506,9.845217,10,9.498938,-1,-1,-1,-1,-1,-1,-1,-1,-1,-1,-1,-1,-1,-1,-1,-1,-1,-1,-1,-1,-1,-1,-1,-1,-1,-1,-1,-1,-1,-1,-1,-1,-1,-1,-1,-1,-1,-1,-1,-1,-1,-1,-1,-1,-1,-1,-1,-1,-1,-1,0,0,0,0,0,0,-1,-1,-1,-1,-1,-1,-1,-1,-1,-1,-1,-1,0,0,0,0,0,0,-1,-1,-1,-1,-1,-1,-1,-1,-1,-1,-1,-1,-1,-1,False,False,0,0,False,209,0,0,0,0,0,0,0,0,0,0,0,0,0,0,0,1,
0,1490,2026-02-23 12:20:07Z,LLM_Empathetic,6.924461,7.221259,6.627664,0.6241009,0,1.608988,0,0,0,0,0,0,5.491149,4.348748,6.633561,0.592854,0.702737,0.482971,7.394895,6.224587,8.565204,0.5942583,0,2.116659,7.191406,6.101289,8.281525,9.845243,10,9.49897,6.924461,7.221259,6.627664,0.6241009,0,1.608988,0,0,0,0,0,0,5.491149,4.348748,6.633561,0.592854,0.702737,0.482971,7.394895,6.224587,8.565204,0.5942583,0,2.116659,7.191406,6.101289,8.281525,9.845243,10,9.49897,-1,-1,-1,-1,-1,-1,-1,-1,-1,-1,-1,-1,-1,-1,-1,-1,-1,-1,-1,-1,-1,-1,-1,-1,-1,-1,-1,-1,-1,-1,-1,-1,-1,-1,-1,-1,-1,-1,-1,-1,-1,-1,-1,-1,-1,-1,-1,-1,-1,-1,0,0,0,0,0,0,-1,-1,-1,-1,-1,-1,-1,-1,-1,-1,-1,-1,0,0,0,0,0,0,-1,-1,-1,-1,-1,-1,-1,-1,-1,-1,-1,-1,-1,-1,False,False,0,0,False,207,0,0,0,0,0,0,0,0,0,0,0,0,0,0,0,1,
0,1491,2026-02-23 12:20:07Z,LLM_Empathetic,6.924469,7.22126,6.627676,0.6240887,0,1.608982,0,0,0,0,0,0,5.491158,4.348751,6.633576,0.592854,0.702737,0.482971,7.394899,6.224585,8.565214,0.5942505,0,2.116651,7.191419,6.101295,8.281543,9.845268,10,9.499002,6.924469,7.22126,6.627676,0.6240887,0,1.608982,0,0,0,0,0,0,5.491158,4.348751,6.633576,0.592854,0.702737,0.482971,7.394899,6.224585,8.565214,0.5942505,0,2.116651,7.191419,6.101295,8.281543,9.845268,10,9.499002,-1,-1,-1,-1,-1,-1,-1,-1,-1,-1,-1,-1,-1,-1,-1,-1,-1,-1,-1,-1,-1,-1,-1,-1,-1,-1,-1,-1,-1,-1,-1,-1,-1,-1,-1,-1,-1,-1,-1,-1,-1,-1,-1,-1,-1,-1,-1,-1,-1,-1,0,0,0,0,0,0,-1,-1,-1,-1,-1,-1,-1,-1,-1,-1,-1,-1,0,0,0,0,0,0,-1,-1,-1,-1,-1,-1,-1,-1,-1,-1,-1,-1,-1,-1,False,False,0,0,False,209,0,0,0,0,0,0,0,0,0,0,0,0,0,0,0,1,
0,1492,2026-02-23 12:20:07Z,LLM_Empathetic,6.924476,7.221262,6.627689,0.6240765,0,1.608975,0,0,0,0,0,0,5.491168,4.348754,6.633592,0.592854,0.702737,0.482971,7.394904,6.224583,8.565225,0.5942428,0,2.116643,7.191432,6.101303,8.281562,9.845294,10,9.499034,6.924476,7.221262,6.627689,0.6240765,0,1.608975,0,0,0,0,0,0,5.491168,4.348754,6.633592,0.592854,0.702737,0.482971,7.394904,6.224583,8.565225,0.5942428,0,2.116643,7.191432,6.101303,8.281562,9.845294,10,9.499034,-1,-1,-1,-1,-1,-1,-1,-1,-1,-1,-1,-1,-1,-1,-1,-1,-1,-1,-1,-1,-1,-1,-1,-1,-1,-1,-1,-1,-1,-1,-1,-1,-1,-1,-1,-1,-1,-1,-1,-1,-1,-1,-1,-1,-1,-1,-1,-1,-1,-1,0,0,0,0,0,0,-1,-1,-1,-1,-1,-1,-1,-1,-1,-1,-1,-1,0,0,0,0,0,0,-1,-1,-1,-1,-1,-1,-1,-1,-1,-1,-1,-1,-1,-1,False,False,0,0,False,207,0,0,0,0,0,0,0,0,0,0,0,0,0,0,0,1,
0,1493,2026-02-23 12:20:07Z,LLM_Empathetic,6.924483,7.221262,6.627702,0.6240644,0,1.608968,0,0,0,0,0,0,5.491177,4.348757,6.633607,0.592854,0.702737,0.482971,7.394908,6.224581,8.565235,0.5942349,0,2.116635,7.191444,6.101309,8.28158,9.84532,10,9.499066,6.924483,7.221262,6.627702,0.6240644,0,1.608968,0,0,0,0,0,0,5.491177,4.348757,6.633607,0.592854,0.702737,0.482971,7.394908,6.224581,8.565235,0.5942349,0,2.116635,7.191444,6.101309,8.28158,9.84532,10,9.499066,-1,-1,-1,-1,-1,-1,-1,-1,-1,-1,-1,-1,-1,-1,-1,-1,-1,-1,-1,-1,-1,-1,-1,-1,-1,-1,-1,-1,-1,-1,-1,-1,-1,-1,-1,-1,-1,-1,-1,-1,-1,-1,-1,-1,-1,-1,-1,-1,-1,-1,0,0,0,0,0,0,-1,-1,-1,-1,-1,-1,-1,-1,-1,-1,-1,-1,0,0,0,0,0,0,-1,-1,-1,-1,-1,-1,-1,-1,-1,-1,-1,-1,-1,-1,False,False,0,0,False,209,0,0,0,0,0,0,0,0,0,0,0,0,0,0,0,1,
0,1494,2026-02-23 12:20:07Z,LLM_Empathetic,6.92449,7.221264,6.627716,0.6240523,0,1.608962,0,0,0,0,0,0,5.491186,4.34876,6.633622,0.592854,0.702737,0.482971,7.394912,6.224579,8.565246,0.5942272,0,2.116627,7.191457,6.101316,8.281599,9.845345,10,9.499098,6.92449,7.221264,6.627716,0.6240523,0,1.608962,0,0,0,0,0,0,5.491186,4.34876,6.633622,0.592854,0.702737,0.482971,7.394912,6.224579,8.565246,0.5942272,0,2.116627,7.191457,6.101316,8.281599,9.845345,10,9.499098,-1,-1,-1,-1,-1,-1,-1,-1,-1,-1,-1,-1,-1,-1,-1,-1,-1,-1,-1,-1,-1,-1,-1,-1,-1,-1,-1,-1,-1,-1,-1,-1,-1,-1,-1,-1,-1,-1,-1,-1,-1,-1,-1,-1,-1,-1,-1,-1,-1,-1,0,0,0,0,0,0,-1,-1,-1,-1,-1,-1,-1,-1,-1,-1,-1,-1,0,0,0,0,0,0,-1,-1,-1,-1,-1,-1,-1,-1,-1,-1,-1,-1,-1,-1,False,False,0,0,False,207,0,0,0,0,0,0,0,0,0,0,0,0,0,0,0,1,
0,1495,2026-02-23 12:20:07Z,LLM_Empathetic,6.924497,7.221265,6.627728,0.6240402,0,1.608955,0,0,0,0,0,0,5.491195,4.348763,6.633637,0.592854,0.702737,0.482971,7.394916,6.224576,8.565256,0.5942194,0,2.11662,7.19147,6.101323,8.281617,9.84537,10,9.49913,6.924497,7.221265,6.627728,0.6240402,0,1.608955,0,0,0,0,0,0,5.491195,4.348763,6.633637,0.592854,0.702737,0.482971,7.394916,6.224576,8.565256,0.5942194,0,2.11662,7.19147,6.101323,8.281617,9.84537,10,9.49913,-1,-1,-1,-1,-1,-1,-1,-1,-1,-1,-1,-1,-1,-1,-1,-1,-1,-1,-1,-1,-1,-1,-1,-1,-1,-1,-1,-1,-1,-1,-1,-1,-1,-1,-1,-1,-1,-1,-1,-1,-1,-1,-1,-1,-1,-1,-1,-1,-1,-1,0,0,0,0,0,0,-1,-1,-1,-1,-1,-1,-1,-1,-1,-1,-1,-1,0,0,0,0,0,0,-1,-1,-1,-1,-1,-1,-1,-1,-1,-1,-1,-1,-1,-1,False,False,0,0,False,209,0,0,0,0,0,0,0,0,0,0,0,0,0,0,0,1,
0,1496,2026-02-23 12:20:07Z,LLM_Empathetic,6.924504,7.221267,6.627741,0.6240281,0,1.608948,0,0,0,0,0,0,5.491204,4.348766,6.633653,0.592854,0.702737,0.482971,7.39492,6.224575,8.565267,0.5942117,0,2.116612,7.191483,6.10133,8.281636,9.845395,10,9.499162,6.924504,7.221267,6.627741,0.6240281,0,1.608948,0,0,0,0,0,0,5.491204,4.348766,6.633653,0.592854,0.702737,0.482971,7.39492,6.224575,8.565267,0.5942117,0,2.116612,7.191483,6.10133,8.281636,9.845395,10,9.499162,-1,-1,-1,-1,-1,-1,-1,-1,-1,-1,-1,-1,-1,-1,-1,-1,-1,-1,-1,-1,-1,-1,-1,-1,-1,-1,-1,-1,-1,-1,-1,-1,-1,-1,-1,-1,-1,-1,-1,-1,-1,-1,-1,-1,-1,-1,-1,-1,-1,-1,0,0,0,0,0,0,-1,-1,-1,-1,-1,-1,-1,-1,-1,-1,-1,-1,0,0,0,0,0,0,-1,-1,-1,-1,-1,-1,-1,-1,-1,-1,-1,-1,-1,-1,False,False,0,0,False,209,0,0,0,0,0,0,0,0,0,0,0,0,0,0,0,1,
0,1497,2026-02-23 12:20:07Z,LLM_Empathetic,6.924511,7.221268,6.627754,0.624016,0,1.608942,0,0,0,0,0,0,5.491213,4.348769,6.633668,0.592854,0.702737,0.482971,7.394925,6.224572,8.565277,0.5942039,0,2.116604,7.191495,6.101337,8.281654,9.845421,10,9.499193,6.924511,7.221268,6.627754,0.624016,0,1.608942,0,0,0,0,0,0,5.491213,4.348769,6.633668,0.592854,0.702737,0.482971,7.394925,6.224572,8.565277,0.5942039,0,2.116604,7.191495,6.101337,8.281654,9.845421,10,9.499193,-1,-1,-1,-1,-1,-1,-1,-1,-1,-1,-1,-1,-1,-1,-1,-1,-1,-1,-1,-1,-1,-1,-1,-1,-1,-1,-1,-1,-1,-1,-1,-1,-1,-1,-1,-1,-1,-1,-1,-1,-1,-1,-1,-1,-1,-1,-1,-1,-1,-1,0,0,0,0,0,0,-1,-1,-1,-1,-1,-1,-1,-1,-1,-1,-1,-1,0,0,0,0,0,0,-1,-1,-1,-1,-1,-1,-1,-1,-1,-1,-1,-1,-1,-1,False,False,0,0,False,207,0,0,0,0,0,0,0,0,0,0,0,0,0,0,0,1,
0,1498,2026-02-23 12:20:08Z,LLM_Empathetic,6.924518,7.221269,6.627767,0.6240039,0,1.608935,0,0,0,0,0,0,5.491222,4.348772,6.633683,0.592854,0.702737,0.482971,7.394929,6.22457,8.565288,0.5941962,0,2.116597,7.191508,6.101344,8.281673,9.845447,10,9.499226,6.924518,7.221269,6.627767,0.6240039,0,1.608935,0,0,0,0,0,0,5.491222,4.348772,6.633683,0.592854,0.702737,0.482971,7.394929,6.22457,8.565288,0.5941962,0,2.116597,7.191508,6.101344,8.281673,9.845447,10,9.499226,-1,-1,-1,-1,-1,-1,-1,-1,-1,-1,-1,-1,-1,-1,-1,-1,-1,-1,-1,-1,-1,-1,-1,-1,-1,-1,-1,-1,-1,-1,-1,-1,-1,-1,-1,-1,-1,-1,-1,-1,-1,-1,-1,-1,-1,-1,-1,-1,-1,-1,0,0,0,0,0,0,-1,-1,-1,-1,-1,-1,-1,-1,-1,-1,-1,-1,0,0,0,0,0,0,-1,-1,-1,-1,-1,-1,-1,-1,-1,-1,-1,-1,-1,-1,False,False,0,0,False,209,0,0,0,0,0,0,0,0,0,0,0,0,0,0,0,1,
0,1499,2026-02-23 12:20:08Z,LLM_Empathetic,6.924525,7.221271,6.62778,0.6239918,0,1.608928,0,0,0,0,0,0,5.491231,4.348775,6.633698,0.592854,0.702737,0.482971,7.394933,6.224568,8.565298,0.5941885,0,2.116589,7.191521,6.101351,8.281692,9.845471,10,9.499257,6.924525,7.221271,6.62778,0.6239918,0,1.608928,0,0,0,0,0,0,5.491231,4.348775,6.633698,0.592854,0.702737,0.482971,7.394933,6.224568,8.565298,0.5941885,0,2.116589,7.191521,6.101351,8.281692,9.845471,10,9.499257,-1,-1,-1,-1,-1,-1,-1,-1,-1,-1,-1,-1,-1,-1,-1,-1,-1,-1,-1,-1,-1,-1,-1,-1,-1,-1,-1,-1,-1,-1,-1,-1,-1,-1,-1,-1,-1,-1,-1,-1,-1,-1,-1,-1,-1,-1,-1,-1,-1,-1,0,0,0,0,0,0,-1,-1,-1,-1,-1,-1,-1,-1,-1,-1,-1,-1,0,0,0,0,0,0,-1,-1,-1,-1,-1,-1,-1,-1,-1,-1,-1,-1,-1,-1,False,False,0,0,False,207,0,0,0,0,0,0,0,0,0,0,0,0,0,0,0,1,
0,1500,2026-02-23 12:20:08Z,LLM_Empathetic,6.924532,7.221272,6.627793,0.6239798,0,1.608922,0,0,0,0,0,0,5.491241,4.348778,6.633714,0.592854,0.702737,0.482971,7.394937,6.224566,8.565309,0.5941808,0,2.116581,7.191533,6.101357,8.28171,9.845497,10,9.499289,6.924532,7.221272,6.627793,0.6239798,0,1.608922,0,0,0,0,0,0,5.491241,4.348778,6.633714,0.592854,0.702737,0.482971,7.394937,6.224566,8.565309,0.5941808,0,2.116581,7.191533,6.101357,8.28171,9.845497,10,9.499289,-1,-1,-1,-1,-1,-1,-1,-1,-1,-1,-1,-1,-1,-1,-1,-1,-1,-1,-1,-1,-1,-1,-1,-1,-1,-1,-1,-1,-1,-1,-1,-1,-1,-1,-1,-1,-1,-1,-1,-1,-1,-1,-1,-1,-1,-1,-1,-1,-1,-1,0,0,0,0,0,0,-1,-1,-1,-1,-1,-1,-1,-1,-1,-1,-1,-1,0,0,0,0,0,0,-1,-1,-1,-1,-1,-1,-1,-1,-1,-1,-1,-1,-1,-1,False,False,0,0,False,209,0,0,0,0,0,0,0,0,0,0,0,0,0,0,0,1,
0,1501,2026-02-23 12:20:08Z,LLM_Empathetic,6.92454,7.221273,6.627806,0.6239678,0,1.608915,0,0,0,0,0,0,5.49125,4.348781,6.633729,0.592854,0.702737,0.482971,7.394941,6.224564,8.565319,0.5941731,0,2.116573,7.191546,6.101364,8.281729,9.845522,10,9.499321,6.92454,7.221273,6.627806,0.6239678,0,1.608915,0,0,0,0,0,0,5.49125,4.348781,6.633729,0.592854,0.702737,0.482971,7.394941,6.224564,8.565319,0.5941731,0,2.116573,7.191546,6.101364,8.281729,9.845522,10,9.499321,-1,-1,-1,-1,-1,-1,-1,-1,-1,-1,-1,-1,-1,-1,-1,-1,-1,-1,-1,-1,-1,-1,-1,-1,-1,-1,-1,-1,-1,-1,-1,-1,-1,-1,-1,-1,-1,-1,-1,-1,-1,-1,-1,-1,-1,-1,-1,-1,-1,-1,0,0,0,0,0,0,-1,-1,-1,-1,-1,-1,-1,-1,-1,-1,-1,-1,0,0,0,0,0,0,-1,-1,-1,-1,-1,-1,-1,-1,-1,-1,-1,-1,-1,-1,False,False,0,0,False,209,0,0,0,0,0,0,0,0,0,0,0,0,0,0,0,1,
0,1502,2026-02-23 12:20:08Z,LLM_Empathetic,6.924547,7.221274,6.627819,0.6239557,0,1.608908,0,0,0,0,0,0,5.491259,4.348784,6.633744,0.592854,0.702737,0.482971,7.394945,6.224562,8.56533,0.5941654,0,2.116566,7.191558,6.101371,8.281747,9.845548,10,9.499352,6.924547,7.221274,6.627819,0.6239557,0,1.608908,0,0,0,0,0,0,5.491259,4.348784,6.633744,0.592854,0.702737,0.482971,7.394945,6.224562,8.56533,0.5941654,0,2.116566,7.191558,6.101371,8.281747,9.845548,10,9.499352,-1,-1,-1,-1,-1,-1,-1,-1,-1,-1,-1,-1,-1,-1,-1,-1,-1,-1,-1,-1,-1,-1,-1,-1,-1,-1,-1,-1,-1,-1,-1,-1,-1,-1,-1,-1,-1,-1,-1,-1,-1,-1,-1,-1,-1,-1,-1,-1,-1,-1,0,0,0,0,0,0,-1,-1,-1,-1,-1,-1,-1,-1,-1,-1,-1,-1,0,0,0,0,0,0,-1,-1,-1,-1,-1,-1,-1,-1,-1,-1,-1,-1,-1,-1,False,False,0,0,False,209,0,0,0,0,0,0,0,0,0,0,0,0,0,0,0,1,
0,1503,2026-02-23 12:20:08Z,LLM_Empathetic,6.924554,7.221275,6.627831,0.6239437,0,1.608902,0,0,0,0,0,0,5.491268,4.348787,6.633759,0.592854,0.702737,0.482971,7.394949,6.224559,8.56534,0.5941576,0,2.116558,7.191571,6.101378,8.281765,9.845572,10,9.499384,6.924554,7.221275,6.627831,0.6239437,0,1.608902,0,0,0,0,0,0,5.491268,4.348787,6.633759,0.592854,0.702737,0.482971,7.394949,6.224559,8.56534,0.5941576,0,2.116558,7.191571,6.101378,8.281765,9.845572,10,9.499384,-1,-1,-1,-1,-1,-1,-1,-1,-1,-1,-1,-1,-1,-1,-1,-1,-1,-1,-1,-1,-1,-1,-1,-1,-1,-1,-1,-1,-1,-1,-1,-1,-1,-1,-1,-1,-1,-1,-1,-1,-1,-1,-1,-1,-1,-1,-1,-1,-1,-1,0,0,0,0,0,0,-1,-1,-1,-1,-1,-1,-1,-1,-1,-1,-1,-1,0,0,0,0,0,0,-1,-1,-1,-1,-1,-1,-1,-1,-1,-1,-1,-1,-1,-1,False,False,0,0,False,207,0,0,0,0,0,0,0,0,0,0,0,0,0,0,0,1,
0,1504,2026-02-23 12:20:08Z,LLM_Empathetic,6.924561,7.221277,6.627844,0.6239317,0,1.608895,0,0,0,0,0,0,5.491277,4.34879,6.633774,0.592854,0.702737,0.482971,7.394954,6.224557,8.565351,0.59415,0,2.11655,7.191584,6.101385,8.281784,9.845598,10,9.499415,6.924561,7.221277,6.627844,0.6239317,0,1.608895,0,0,0,0,0,0,5.491277,4.34879,6.633774,0.592854,0.702737,0.482971,7.394954,6.224557,8.565351,0.59415,0,2.11655,7.191584,6.101385,8.281784,9.845598,10,9.499415,-1,-1,-1,-1,-1,-1,-1,-1,-1,-1,-1,-1,-1,-1,-1,-1,-1,-1,-1,-1,-1,-1,-1,-1,-1,-1,-1,-1,-1,-1,-1,-1,-1,-1,-1,-1,-1,-1,-1,-1,-1,-1,-1,-1,-1,-1,-1,-1,-1,-1,0,0,0,0,0,0,-1,-1,-1,-1,-1,-1,-1,-1,-1,-1,-1,-1,0,0,0,0,0,0,-1,-1,-1,-1,-1,-1,-1,-1,-1,-1,-1,-1,-1,-1,False,False,0,0,False,207,0,0,0,0,0,0,0,0,0,0,0,0,0,0,0,1,
0,1505,2026-02-23 12:20:08Z,LLM_Empathetic,6.924568,7.221278,6.627857,0.6239197,0,1.608889,0,0,0,0,0,0,5.491286,4.348793,6.63379,0.592854,0.702737,0.482971,7.394958,6.224555,8.565361,0.5941423,0,2.116543,7.191597,6.101392,8.281802,9.845623,10,9.499447,6.924568,7.221278,6.627857,0.6239197,0,1.608889,0,0,0,0,0,0,5.491286,4.348793,6.63379,0.592854,0.702737,0.482971,7.394958,6.224555,8.565361,0.5941423,0,2.116543,7.191597,6.101392,8.281802,9.845623,10,9.499447,-1,-1,-1,-1,-1,-1,-1,-1,-1,-1,-1,-1,-1,-1,-1,-1,-1,-1,-1,-1,-1,-1,-1,-1,-1,-1,-1,-1,-1,-1,-1,-1,-1,-1,-1,-1,-1,-1,-1,-1,-1,-1,-1,-1,-1,-1,-1,-1,-1,-1,0,0,0,0,0,0,-1,-1,-1,-1,-1,-1,-1,-1,-1,-1,-1,-1,0,0,0,0,0,0,-1,-1,-1,-1,-1,-1,-1,-1,-1,-1,-1,-1,-1,-1,False,False,0,0,False,207,0,0,0,0,0,0,0,0,0,0,0,0,0,0,0,1,
0,1506,2026-02-23 12:20:08Z,LLM_Empathetic,6.924575,7.221279,6.62787,0.6239077,0,1.608882,0,0,0,0,0,0,5.491295,4.348796,6.633805,0.592854,0.702737,0.482971,7.394962,6.224553,8.565372,0.5941346,0,2.116535,7.191609,6.101398,8.28182,9.845648,10,9.499478,6.924575,7.221279,6.62787,0.6239077,0,1.608882,0,0,0,0,0,0,5.491295,4.348796,6.633805,0.592854,0.702737,0.482971,7.394962,6.224553,8.565372,0.5941346,0,2.116535,7.191609,6.101398,8.28182,9.845648,10,9.499478,-1,-1,-1,-1,-1,-1,-1,-1,-1,-1,-1,-1,-1,-1,-1,-1,-1,-1,-1,-1,-1,-1,-1,-1,-1,-1,-1,-1,-1,-1,-1,-1,-1,-1,-1,-1,-1,-1,-1,-1,-1,-1,-1,-1,-1,-1,-1,-1,-1,-1,0,0,0,0,0,0,-1,-1,-1,-1,-1,-1,-1,-1,-1,-1,-1,-1,0,0,0,0,0,0,-1,-1,-1,-1,-1,-1,-1,-1,-1,-1,-1,-1,-1,-1,False,False,0,0,False,209,0,0,0,0,0,0,0,0,0,0,0,0,0,0,0,1,
0,1507,2026-02-23 12:20:08Z,LLM_Empathetic,6.924582,7.221281,6.627883,0.6238958,0,1.608875,0,0,0,0,0,0,5.491304,4.348799,6.63382,0.592854,0.702737,0.482971,7.394966,6.224551,8.565382,0.594127,0,2.116527,7.191622,6.101405,8.281838,9.845674,10,9.49951,6.924582,7.221281,6.627883,0.6238958,0,1.608875,0,0,0,0,0,0,5.491304,4.348799,6.63382,0.592854,0.702737,0.482971,7.394966,6.224551,8.565382,0.594127,0,2.116527,7.191622,6.101405,8.281838,9.845674,10,9.49951,-1,-1,-1,-1,-1,-1,-1,-1,-1,-1,-1,-1,-1,-1,-1,-1,-1,-1,-1,-1,-1,-1,-1,-1,-1,-1,-1,-1,-1,-1,-1,-1,-1,-1,-1,-1,-1,-1,-1,-1,-1,-1,-1,-1,-1,-1,-1,-1,-1,-1,0,0,0,0,0,0,-1,-1,-1,-1,-1,-1,-1,-1,-1,-1,-1,-1,0,0,0,0,0,0,-1,-1,-1,-1,-1,-1,-1,-1,-1,-1,-1,-1,-1,-1,False,False,0,0,False,209,0,0,0,0,0,0,0,0,0,0,0,0,0,0,0,1,
0,1508,2026-02-23 12:20:08Z,LLM_Empathetic,6.924589,7.221282,6.627896,0.6238838,0,1.608869,0,0,0,0,0,0,5.491313,4.348802,6.633835,0.592854,0.702737,0.482971,7.39497,6.224549,8.565392,0.5941193,0,2.11652,7.191634,6.101412,8.281857,9.845698,10,9.499541,6.924589,7.221282,6.627896,0.6238838,0,1.608869,0,0,0,0,0,0,5.491313,4.348802,6.633835,0.592854,0.702737,0.482971,7.39497,6.224549,8.565392,0.5941193,0,2.11652,7.191634,6.101412,8.281857,9.845698,10,9.499541,-1,-1,-1,-1,-1,-1,-1,-1,-1,-1,-1,-1,-1,-1,-1,-1,-1,-1,-1,-1,-1,-1,-1,-1,-1,-1,-1,-1,-1,-1,-1,-1,-1,-1,-1,-1,-1,-1,-1,-1,-1,-1,-1,-1,-1,-1,-1,-1,-1,-1,0,0,0,0,0,0,-1,-1,-1,-1,-1,-1,-1,-1,-1,-1,-1,-1,0,0,0,0,0,0,-1,-1,-1,-1,-1,-1,-1,-1,-1,-1,-1,-1,-1,-1,False,False,0,0,False,207,0,0,0,0,0,0,0,0,0,0,0,0,0,0,0,1,
0,1509,2026-02-23 12:20:08Z,LLM_Empathetic,6.924596,7.221283,6.627909,0.6238719,0,1.608862,0,0,0,0,0,0,5.491323,4.348805,6.63385,0.592854,0.702737,0.482971,7.394974,6.224547,8.565402,0.5941117,0,2.116512,7.191647,6.101419,8.281876,9.845723,10,9.499573,6.924596,7.221283,6.627909,0.6238719,0,1.608862,0,0,0,0,0,0,5.491323,4.348805,6.63385,0.592854,0.702737,0.482971,7.394974,6.224547,8.565402,0.5941117,0,2.116512,7.191647,6.101419,8.281876,9.845723,10,9.499573,-1,-1,-1,-1,-1,-1,-1,-1,-1,-1,-1,-1,-1,-1,-1,-1,-1,-1,-1,-1,-1,-1,-1,-1,-1,-1,-1,-1,-1,-1,-1,-1,-1,-1,-1,-1,-1,-1,-1,-1,-1,-1,-1,-1,-1,-1,-1,-1,-1,-1,0,0,0,0,0,0,-1,-1,-1,-1,-1,-1,-1,-1,-1,-1,-1,-1,0,0,0,0,0,0,-1,-1,-1,-1,-1,-1,-1,-1,-1,-1,-1,-1,-1,-1,False,False,0,0,False,209,0,0,0,0,0,0,0,0,0,0,0,0,0,0,0,1,
0,1510,2026-02-23 12:20:08Z,LLM_Empathetic,6.924603,7.221284,6.627921,0.62386,0,1.608856,0,0,0,0,0,0,5.491332,4.348808,6.633865,0.592854,0.702737,0.482971,7.394979,6.224545,8.565413,0.5941041,0,2.116504,7.191659,6.101426,8.281894,9.845748,10,9.499604,6.924603,7.221284,6.627921,0.62386,0,1.608856,0,0,0,0,0,0,5.491332,4.348808,6.633865,0.592854,0.702737,0.482971,7.394979,6.224545,8.565413,0.5941041,0,2.116504,7.191659,6.101426,8.281894,9.845748,10,9.499604,-1,-1,-1,-1,-1,-1,-1,-1,-1,-1,-1,-1,-1,-1,-1,-1,-1,-1,-1,-1,-1,-1,-1,-1,-1,-1,-1,-1,-1,-1,-1,-1,-1,-1,-1,-1,-1,-1,-1,-1,-1,-1,-1,-1,-1,-1,-1,-1,-1,-1,0,0,0,0,0,0,-1,-1,-1,-1,-1,-1,-1,-1,-1,-1,-1,-1,0,0,0,0,0,0,-1,-1,-1,-1,-1,-1,-1,-1,-1,-1,-1,-1,-1,-1,False,False,0,0,False,207,0,0,0,0,0,0,0,0,0,0,0,0,0,0,0,1,
0,1511,2026-02-23 12:20:08Z,LLM_Empathetic,6.92461,7.221286,6.627934,0.6238481,0,1.608849,0,0,0,0,0,0,5.491341,4.348811,6.63388,0.592854,0.702737,0.482971,7.394982,6.224543,8.565423,0.5940964,0,2.116497,7.191672,6.101432,8.281912,9.845774,10,9.499636,6.92461,7.221286,6.627934,0.6238481,0,1.608849,0,0,0,0,0,0,5.491341,4.348811,6.63388,0.592854,0.702737,0.482971,7.394982,6.224543,8.565423,0.5940964,0,2.116497,7.191672,6.101432,8.281912,9.845774,10,9.499636,-1,-1,-1,-1,-1,-1,-1,-1,-1,-1,-1,-1,-1,-1,-1,-1,-1,-1,-1,-1,-1,-1,-1,-1,-1,-1,-1,-1,-1,-1,-1,-1,-1,-1,-1,-1,-1,-1,-1,-1,-1,-1,-1,-1,-1,-1,-1,-1,-1,-1,0,0,0,0,0,0,-1,-1,-1,-1,-1,-1,-1,-1,-1,-1,-1,-1,0,0,0,0,0,0,-1,-1,-1,-1,-1,-1,-1,-1,-1,-1,-1,-1,-1,-1,False,False,0,0,False,209,0,0,0,0,0,0,0,0,0,0,0,0,0,0,0,1,
0,1512,2026-02-23 12:20:08Z,LLM_Empathetic,6.924617,7.221287,6.627947,0.6238362,0,1.608842,0,0,0,0,0,0,5.49135,4.348814,6.633895,0.592854,0.702737,0.482971,7.394987,6.22454,8.565434,0.5940888,0,2.116489,7.191684,6.101439,8.28193,9.845798,10,9.499667,6.924617,7.221287,6.627947,0.6238362,0,1.608842,0,0,0,0,0,0,5.49135,4.348814,6.633895,0.592854,0.702737,0.482971,7.394987,6.22454,8.565434,0.5940888,0,2.116489,7.191684,6.101439,8.28193,9.845798,10,9.499667,-1,-1,-1,-1,-1,-1,-1,-1,-1,-1,-1,-1,-1,-1,-1,-1,-1,-1,-1,-1,-1,-1,-1,-1,-1,-1,-1,-1,-1,-1,-1,-1,-1,-1,-1,-1,-1,-1,-1,-1,-1,-1,-1,-1,-1,-1,-1,-1,-1,-1,0,0,0,0,0,0,-1,-1,-1,-1,-1,-1,-1,-1,-1,-1,-1,-1,0,0,0,0,0,0,-1,-1,-1,-1,-1,-1,-1,-1,-1,-1,-1,-1,-1,-1,False,False,0,0,False,207,0,0,0,0,0,0,0,0,0,0,0,0,0,0,0,1,
0,1513,2026-02-23 12:20:08Z,LLM_Empathetic,6.924624,7.221288,6.627959,0.6238243,0,1.608836,0,0,0,0,0,0,5.491358,4.348817,6.63391,0.592854,0.702737,0.482971,7.394991,6.224538,8.565444,0.5940812,0,2.116482,7.191697,6.101446,8.281948,9.845823,10,9.499699,6.924624,7.221288,6.627959,0.6238243,0,1.608836,0,0,0,0,0,0,5.491358,4.348817,6.63391,0.592854,0.702737,0.482971,7.394991,6.224538,8.565444,0.5940812,0,2.116482,7.191697,6.101446,8.281948,9.845823,10,9.499699,-1,-1,-1,-1,-1,-1,-1,-1,-1,-1,-1,-1,-1,-1,-1,-1,-1,-1,-1,-1,-1,-1,-1,-1,-1,-1,-1,-1,-1,-1,-1,-1,-1,-1,-1,-1,-1,-1,-1,-1,-1,-1,-1,-1,-1,-1,-1,-1,-1,-1,0,0,0,0,0,0,-1,-1,-1,-1,-1,-1,-1,-1,-1,-1,-1,-1,0,0,0,0,0,0,-1,-1,-1,-1,-1,-1,-1,-1,-1,-1,-1,-1,-1,-1,False,False,0,0,False,209,0,0,0,0,0,0,0,0,0,0,0,0,0,0,0,1,
0,1514,2026-02-23 12:20:08Z,LLM_Empathetic,6.924631,7.22129,6.627972,0.6238124,0,1.608829,0,0,0,0,0,0,5.491367,4.34882,6.633925,0.592854,0.702737,0.482971,7.394995,6.224536,8.565454,0.5940736,0,2.116474,7.191709,6.101453,8.281966,9.845848,10,9.49973,6.924631,7.22129,6.627972,0.6238124,0,1.608829,0,0,0,0,0,0,5.491367,4.34882,6.633925,0.592854,0.702737,0.482971,7.394995,6.224536,8.565454,0.5940736,0,2.116474,7.191709,6.101453,8.281966,9.845848,10,9.49973,-1,-1,-1,-1,-1,-1,-1,-1,-1,-1,-1,-1,-1,-1,-1,-1,-1,-1,-1,-1,-1,-1,-1,-1,-1,-1,-1,-1,-1,-1,-1,-1,-1,-1,-1,-1,-1,-1,-1,-1,-1,-1,-1,-1,-1,-1,-1,-1,-1,-1,0,0,0,0,0,0,-1,-1,-1,-1,-1,-1,-1,-1,-1,-1,-1,-1,0,0,0,0,0,0,-1,-1,-1,-1,-1,-1,-1,-1,-1,-1,-1,-1,-1,-1,False,False,0,0,False,207,0,0,0,0,0,0,0,0,0,0,0,0,0,0,0,1,
0,1515,2026-02-23 12:20:08Z,LLM_Empathetic,6.924638,7.221291,6.627985,0.6238005,0,1.608823,0,0,0,0,0,0,5.491376,4.348823,6.63394,0.592854,0.702737,0.482971,7.394999,6.224534,8.565464,0.594066,0,2.116466,7.191721,6.10146,8.281984,9.845873,10,9.499761,6.924638,7.221291,6.627985,0.6238005,0,1.608823,0,0,0,0,0,0,5.491376,4.348823,6.63394,0.592854,0.702737,0.482971,7.394999,6.224534,8.565464,0.594066,0,2.116466,7.191721,6.10146,8.281984,9.845873,10,9.499761,-1,-1,-1,-1,-1,-1,-1,-1,-1,-1,-1,-1,-1,-1,-1,-1,-1,-1,-1,-1,-1,-1,-1,-1,-1,-1,-1,-1,-1,-1,-1,-1,-1,-1,-1,-1,-1,-1,-1,-1,-1,-1,-1,-1,-1,-1,-1,-1,-1,-1,0,0,0,0,0,0,-1,-1,-1,-1,-1,-1,-1,-1,-1,-1,-1,-1,0,0,0,0,0,0,-1,-1,-1,-1,-1,-1,-1,-1,-1,-1,-1,-1,-1,-1,False,False,0,0,False,207,0,0,0,0,0,0,0,0,0,0,0,0,0,0,0,1,
0,1516,2026-02-23 12:20:08Z,LLM_Empathetic,6.924645,7.221292,6.627997,0.6237887,0,1.608816,0,0,0,0,0,0,5.491385,4.348826,6.633955,0.592854,0.702737,0.482971,7.395003,6.224532,8.565475,0.5940584,0,2.116459,7.191734,6.101466,8.282002,9.845898,10,9.499792,6.924645,7.221292,6.627997,0.6237887,0,1.608816,0,0,0,0,0,0,5.491385,4.348826,6.633955,0.592854,0.702737,0.482971,7.395003,6.224532,8.565475,0.5940584,0,2.116459,7.191734,6.101466,8.282002,9.845898,10,9.499792,-1,-1,-1,-1,-1,-1,-1,-1,-1,-1,-1,-1,-1,-1,-1,-1,-1,-1,-1,-1,-1,-1,-1,-1,-1,-1,-1,-1,-1,-1,-1,-1,-1,-1,-1,-1,-1,-1,-1,-1,-1,-1,-1,-1,-1,-1,-1,-1,-1,-1,0,0,0,0,0,0,-1,-1,-1,-1,-1,-1,-1,-1,-1,-1,-1,-1,0,0,0,0,0,0,-1,-1,-1,-1,-1,-1,-1,-1,-1,-1,-1,-1,-1,-1,False,False,0,0,False,207,0,0,0,0,0,0,0,0,0,0,0,0,0,0,0,1,
0,1517,2026-02-23 12:20:08Z,LLM_Empathetic,6.924652,7.221293,6.62801,0.6237769,0,1.60881,0,0,0,0,0,0,5.491395,4.348829,6.63397,0.592854,0.702737,0.482971,7.395007,6.22453,8.565485,0.5940508,0,2.116451,7.191747,6.101473,8.282022,9.845922,10,9.499824,6.924652,7.221293,6.62801,0.6237769,0,1.60881,0,0,0,0,0,0,5.491395,4.348829,6.63397,0.592854,0.702737,0.482971,7.395007,6.22453,8.565485,0.5940508,0,2.116451,7.191747,6.101473,8.282022,9.845922,10,9.499824,-1,-1,-1,-1,-1,-1,-1,-1,-1,-1,-1,-1,-1,-1,-1,-1,-1,-1,-1,-1,-1,-1,-1,-1,-1,-1,-1,-1,-1,-1,-1,-1,-1,-1,-1,-1,-1,-1,-1,-1,-1,-1,-1,-1,-1,-1,-1,-1,-1,-1,0,0,0,0,0,0,-1,-1,-1,-1,-1,-1,-1,-1,-1,-1,-1,-1,0,0,0,0,0,0,-1,-1,-1,-1,-1,-1,-1,-1,-1,-1,-1,-1,-1,-1,False,False,0,0,False,209,0,0,0,0,0,0,0,0,0,0,0,0,0,0,0,1,