ParticipantID,UnityFrame,FrameTimeStamp,CurrentScene,Emo_Valence_Score,Emo_Valence_CI_Upper,Emo_Valence_CI_Lower,Emo_Arousal_Score,Emo_Arousal_CI_Upper,Emo_Arousal_CI_Lower,Emo_Fear_Score,Emo_Fear_CI_Upper,Emo_Fear_CI_Lower,Emo_Stress_Score,Emo_Stress_CI_Upper,Emo_Stress_CI_Lower,Emo_Happy_Score,Emo_Happy_CI_Upper,Emo_Happy_CI_Lower,Emo_Sad_Score,Emo_Sad_CI_Upper,Emo_Sad_CI_Lower,Emo_Bored_Score,Emo_Bored_CI_Upper,Emo_Bored_CI_Lower,Emo_Excited_Score,Emo_Excited_CI_Upper,Emo_Excited_CI_Lower,Emo_Content_Score,Emo_Content_CI_Upper,Emo_Content_CI_Lower,Emo_Calm_Score,Emo_Calm_CI_Upper,Emo_Calm_CI_Lower,Emo_Valence_Score,Emo_Valence_CI_Upper,Emo_Valence_CI_Lower,Emo_Arousal_Score,Emo_Arousal_CI_Upper,Emo_Arousal_CI_Lower,Emo_Fear_Score,Emo_Fear_CI_Upper,Emo_Fear_CI_Lower,Emo_Stress_Score,Emo_Stress_CI_Upper,Emo_Stress_CI_Lower,Emo_Happy_Score,Emo_Happy_CI_Upper,Emo_Happy_CI_Lower,Emo_Sad_Score,Emo_Sad_CI_Upper,Emo_Sad_CI_Lower,Emo_Bored_Score,Emo_Bored_CI_Upper,Emo_Bored_CI_Lower,Emo_Excited_Score,Emo_Excited_CI_Upper,Emo_Excited_CI_Lower,Emo_Content_Score,Emo_Content_CI_Upper,Emo_Content_CI_Lower,Emo_Calm_Score,Emo_Calm_CI_Upper,Emo_Calm_CI_Lower,Vive_Eye_Left_Blink,Vive_Eye_Left_Wide,Vive_Eye_Right_Blink,Vive_Eye_Right_Wide,Vive_Eye_Left_Squeeze,Vive_Eye_Right_Squeeze,Vive_Eye_Left_Down,Vive_Eye_Right_Down,Vive_Eye_Left_Out,Vive_Eye_Right_In,Vive_Eye_Left_In,Vive_Eye_Right_Out,Vive_Eye_Left_Up,Vive_Eye_Right_Up,Vive_Face_Jaw_Right,Vive_Face_Jaw_Left,Vive_Face_Jaw_Forward,Vive_Face_Jaw_Open,Vive_Face_Mouth_Ape_Shape,Vive_Face_Mouth_Upper_Right,Vive_Face_Mouth_Upper_Left,Vive_Face_Lower_Right,Vive_Face_Lower_Left,Vive_Face_Mouth_Upper_Overturn,Vive_Face_Mouth_Lower_Overturn,Vive_Face_Mouth_Pout,Vive_Face_Mouth_Smile_Right,Vive_Face_Mouth_Smile_Left,Vive_Face_Mouth_Sad_Right,Vive_Face_Mouth_Sad_Left,Vive_Face_Mouth_Puff_Right,Vive_Face_Mouth_Puff_left,Vive_Face_Mouth_Suck,Vive_Face_Mouth_Upper_UpRight,Vive_Face_Mouth_Upper_UpLeft,Vive_Face_Mouth_Lower_DownRight,Vive_Face_Mouth_Lower_DownLeft,Vive_Face_Mouth_Upper_Inside,Vive_Face_Mouth_Lower_Inside,Vive_Face_Tongue_Out_1,Vive_Face_Tongue_Left,Vive_Face_Tongue_Right,Vive_Face_Tongue_Up,Vive_Face_Tongue_Down,Vive_Face_Tongue_Roll,Vive_Face_Tongue_Out_2,Vive_Face_Tongue_Up_Right,Vive_Face_Tongue_Up_Left,Vive_Face_Tongue_Down_Right,Vive_Face_Tongue_Down_Left,EyeGaze_Local_Pos.x,EyeGaze_Local_Pos.y,EyeGaze_Local_Pos.z,EyeGaze_Local_Direction.x,EyeGaze_Local_Direction.y,EyeGaze_Local_Direction.z,LeftEyeGaze_Local_Pos.x,LeftEyeGaze_Local_Pos.y,LeftEyeGaze_Local_Pos.z,LeftEyeGaze_Local_Direction.x,LeftEyeGaze_Local_Direction.y,LeftEyeGaze_Local_Direction.z,RightEyeGaze_Local_Pos.x,RightEyeGaze_Local_Pos.y,RightEyeGaze_Local_Pos.z,RightEyeGaze_Local_Direction.x,RightEyeGaze_Local_Direction.y,RightEyeGaze_Local_Direction.z,EyeGaze_World_Pos.x,EyeGaze_World_Pos.y,EyeGaze_World_Pos.z,EyeGaze_World_Direction.x,EyeGaze_World_Direction.y,EyeGaze_World_Direction.z,LeftEyeGaze_World_Pos.x,LeftEyeGaze_World_Pos.y,LeftEyeGaze_World_Pos.z,LeftEyeGaze_World_Direction.x,LeftEyeGaze_World_Direction.y,LeftEyeGaze_World_Direction.z,RightEyeGaze_World_Pos.x,RightEyeGaze_World_Pos.y,RightEyeGaze_World_Pos.z,RightEyeGaze_World_Direction.x,RightEyeGaze_World_Direction.y,RightEyeGaze_World_Direction.z,PupilDilation_Left,PupilDilation_Right,EyeClosed_Left,EyeClosed_Right,CurrentBlink_Duration,CurrentBlink_Interval,GazeValid,Foveal_GrayScaleValue,Parafoveal_GrayScaleValue,Headpoint_GrayScaleValue,Image_GrayScaleValue,HMD_pX,HMD_pY,HMD_pZ,HMD_rX,HMD_rY,HMD_rZ,HMD_arX,HMD_arY,HMD_arZ,HMD_aqX,HMD_aqY,HMD_aqZ,HMD_aqW,
0,3904,2026-02-23 13:16:47Z,,6.932365,7.222689,6.642041,0.6106679,0,1.60158,0,0,0,0,0,0,5.501315,4.35211,6.65053,0.592854,0.702737,0.482971,7.399531,6.222203,8.57686,0.5856561,0,2.108057,7.205519,6.108929,8.30211,9.873434,10,9.53435,6.932365,7.222689,6.642041,0.6106679,0,1.60158,0,0,0,0,0,0,5.501315,4.35211,6.65053,0.592854,0.702737,0.482971,7.399531,6.222203,8.57686,0.5856561,0,2.108057,7.205519,6.108929,8.30211,9.873434,10,9.53435,-1,-1,-1,-1,-1,-1,-1,-1,-1,-1,-1,-1,-1,-1,-1,-1,-1,-1,-1,-1,-1,-1,-1,-1,-1,-1,-1,-1,-1,-1,-1,-1,-1,-1,-1,-1,-1,-1,-1,-1,-1,-1,-1,-1,-1,-1,-1,-1,-1,-1,0,0,0,0,0,0,-1,-1,-1,-1,-1,-1,-1,-1,-1,-1,-1,-1,0,0,0,0,0,0,-1,-1,-1,-1,-1,-1,-1,-1,-1,-1,-1,-1,-1,-1,False,False,0,0,False,54,0,0,0,0,0,0,0,0,0,0,0,0,0,0,0,1,
0,3905,2026-02-23 13:16:47Z,,6.932367,7.22269,6.642044,0.6106651,0,1.601579,0,0,0,0,0,0,5.501317,4.35211,6.650533,0.592854,0.702737,0.482971,7.399532,6.222202,8.576862,0.5856544,0,2.108055,7.205522,6.108931,8.302114,9.87344,10,9.534358,6.932367,7.22269,6.642044,0.6106651,0,1.601579,0,0,0,0,0,0,5.501317,4.35211,6.650533,0.592854,0.702737,0.482971,7.399532,6.222202,8.576862,0.5856544,0,2.108055,7.205522,6.108931,8.302114,9.87344,10,9.534358,-1,-1,-1,-1,-1,-1,-1,-1,-1,-1,-1,-1,-1,-1,-1,-1,-1,-1,-1,-1,-1,-1,-1,-1,-1,-1,-1,-1,-1,-1,-1,-1,-1,-1,-1,-1,-1,-1,-1,-1,-1,-1,-1,-1,-1,-1,-1,-1,-1,-1,0,0,0,0,0,0,-1,-1,-1,-1,-1,-1,-1,-1,-1,-1,-1,-1,0,0,0,0,0,0,-1,-1,-1,-1,-1,-1,-1,-1,-1,-1,-1,-1,-1,-1,False,False,0,0,False,54,0,0,0,0,0,0,0,0,0,0,0,0,0,0,0,1,
0,3906,2026-02-23 13:16:47Z,,6.932368,7.22269,6.642047,0.6106624,0,1.601577,0,0,0,0,0,0,5.501319,4.352111,6.650537,0.592854,0.702737,0.482971,7.399533,6.222202,8.576865,0.5856526,0,2.108053,7.205525,6.108932,8.302118,9.873446,10,9.534365,6.932368,7.22269,6.642047,0.6106624,0,1.601577,0,0,0,0,0,0,5.501319,4.352111,6.650537,0.592854,0.702737,0.482971,7.399533,6.222202,8.576865,0.5856526,0,2.108053,7.205525,6.108932,8.302118,9.873446,10,9.534365,-1,-1,-1,-1,-1,-1,-1,-1,-1,-1,-1,-1,-1,-1,-1,-1,-1,-1,-1,-1,-1,-1,-1,-1,-1,-1,-1,-1,-1,-1,-1,-1,-1,-1,-1,-1,-1,-1,-1,-1,-1,-1,-1,-1,-1,-1,-1,-1,-1,-1,0,0,0,0,0,0,-1,-1,-1,-1,-1,-1,-1,-1,-1,-1,-1,-1,0,0,0,0,0,0,-1,-1,-1,-1,-1,-1,-1,-1,-1,-1,-1,-1,-1,-1,False,False,0,0,False,54,0,0,0,0,0,0,0,0,0,0,0,0,0,0,0,1,
0,3907,2026-02-23 13:16:47Z,,6.93237,7.22269,6.64205,0.6106597,0,1.601576,0,0,0,0,0,0,5.501321,4.352112,6.65054,0.592854,0.702737,0.482971,7.399534,6.222201,8.576867,0.5856509,0,2.108051,7.205528,6.108933,8.302123,9.873451,10,9.534372,6.93237,7.22269,6.64205,0.6106597,0,1.601576,0,0,0,0,0,0,5.501321,4.352112,6.65054,0.592854,0.702737,0.482971,7.399534,6.222201,8.576867,0.5856509,0,2.108051,7.205528,6.108933,8.302123,9.873451,10,9.534372,-1,-1,-1,-1,-1,-1,-1,-1,-1,-1,-1,-1,-1,-1,-1,-1,-1,-1,-1,-1,-1,-1,-1,-1,-1,-1,-1,-1,-1,-1,-1,-1,-1,-1,-1,-1,-1,-1,-1,-1,-1,-1,-1,-1,-1,-1,-1,-1,-1,-1,0,0,0,0,0,0,-1,-1,-1,-1,-1,-1,-1,-1,-1,-1,-1,-1,0,0,0,0,0,0,-1,-1,-1,-1,-1,-1,-1,-1,-1,-1,-1,-1,-1,-1,False,False,0,0,False,54,0,0,0,0,0,0,0,0,0,0,0,0,0,0,0,1,
0,3908,2026-02-23 13:16:47Z,,6.932372,7.222691,6.642053,0.610657,0,1.601574,0,0,0,0,0,0,5.501323,4.352113,6.650544,0.592854,0.702737,0.482971,7.399535,6.222201,8.57687,0.5856491,0,2.108049,7.205531,6.108935,8.302127,9.873457,10,9.534379,6.932372,7.222691,6.642053,0.610657,0,1.601574,0,0,0,0,0,0,5.501323,4.352113,6.650544,0.592854,0.702737,0.482971,7.399535,6.222201,8.57687,0.5856491,0,2.108049,7.205531,6.108935,8.302127,9.873457,10,9.534379,-1,-1,-1,-1,-1,-1,-1,-1,-1,-1,-1,-1,-1,-1,-1,-1,-1,-1,-1,-1,-1,-1,-1,-1,-1,-1,-1,-1,-1,-1,-1,-1,-1,-1,-1,-1,-1,-1,-1,-1,-1,-1,-1,-1,-1,-1,-1,-1,-1,-1,0,0,0,0,0,0,-1,-1,-1,-1,-1,-1,-1,-1,-1,-1,-1,-1,0,0,0,0,0,0,-1,-1,-1,-1,-1,-1,-1,-1,-1,-1,-1,-1,-1,-1,False,False,0,0,False,54,0,0,0,0,0,0,0,0,0,0,0,0,0,0,0,1,
0,3909,2026-02-23 13:16:47Z,,6.932373,7.222691,6.642056,0.6106542,0,1.601573,0,0,0,0,0,0,5.501325,4.352113,6.650547,0.592854,0.702737,0.482971,7.399536,6.2222,8.576872,0.5856473,0,2.108048,7.205534,6.108937,8.302131,9.873463,10,9.534387,6.932373,7.222691,6.642056,0.6106542,0,1.601573,0,0,0,0,0,0,5.501325,4.352113,6.650547,0.592854,0.702737,0.482971,7.399536,6.2222,8.576872,0.5856473,0,2.108048,7.205534,6.108937,8.302131,9.873463,10,9.534387,-1,-1,-1,-1,-1,-1,-1,-1,-1,-1,-1,-1,-1,-1,-1,-1,-1,-1,-1,-1,-1,-1,-1,-1,-1,-1,-1,-1,-1,-1,-1,-1,-1,-1,-1,-1,-1,-1,-1,-1,-1,-1,-1,-1,-1,-1,-1,-1,-1,-1,0,0,0,0,0,0,-1,-1,-1,-1,-1,-1,-1,-1,-1,-1,-1,-1,0,0,0,0,0,0,-1,-1,-1,-1,-1,-1,-1,-1,-1,-1,-1,-1,-1,-1,False,False,0,0,False,54,0,0,0,0,0,0,0,0,0,0,0,0,0,0,0,1,
0,3910,2026-02-23 13:16:47Z,,6.932375,7.222691,6.642058,0.6106515,0,1.601571,0,0,0,0,0,0,5.501327,4.352114,6.65055,0.592854,0.702737,0.482971,7.399537,6.2222,8.576874,0.5856456,0,2.108046,7.205536,6.108938,8.302135,9.873468,10,9.534394,6.932375,7.222691,6.642058,0.6106515,0,1.601571,0,0,0,0,0,0,5.501327,4.352114,6.65055,0.592854,0.702737,0.482971,7.399537,6.2222,8.576874,0.5856456,0,2.108046,7.205536,6.108938,8.302135,9.873468,10,9.534394,-1,-1,-1,-1,-1,-1,-1,-1,-1,-1,-1,-1,-1,-1,-1,-1,-1,-1,-1,-1,-1,-1,-1,-1,-1,-1,-1,-1,-1,-1,-1,-1,-1,-1,-1,-1,-1,-1,-1,-1,-1,-1,-1,-1,-1,-1,-1,-1,-1,-1,0,0,0,0,0,0,-1,-1,-1,-1,-1,-1,-1,-1,-1,-1,-1,-1,0,0,0,0,0,0,-1,-1,-1,-1,-1,-1,-1,-1,-1,-1,-1,-1,-1,-1,False,False,0,0,False,54,0,0,0,0,0,0,0,0,0,0,0,0,0,0,0,1,
0,3911,2026-02-23 13:16:47Z,,6.932376,7.222692,6.642061,0.6106488,0,1.60157,0,0,0,0,0,0,5.501329,4.352115,6.650554,0.592854,0.702737,0.482971,7.399538,6.222199,8.576877,0.5856439,0,2.108044,7.205539,6.10894,8.302139,9.873474,10,9.534401,6.932376,7.222692,6.642061,0.6106488,0,1.60157,0,0,0,0,0,0,5.501329,4.352115,6.650554,0.592854,0.702737,0.482971,7.399538,6.222199,8.576877,0.5856439,0,2.108044,7.205539,6.10894,8.302139,9.873474,10,9.534401,-1,-1,-1,-1,-1,-1,-1,-1,-1,-1,-1,-1,-1,-1,-1,-1,-1,-1,-1,-1,-1,-1,-1,-1,-1,-1,-1,-1,-1,-1,-1,-1,-1,-1,-1,-1,-1,-1,-1,-1,-1,-1,-1,-1,-1,-1,-1,-1,-1,-1,0,0,0,0,0,0,-1,-1,-1,-1,-1,-1,-1,-1,-1,-1,-1,-1,0,0,0,0,0,0,-1,-1,-1,-1,-1,-1,-1,-1,-1,-1,-1,-1,-1,-1,False,False,0,0,False,54,0,0,0,0,0,0,0,0,0,0,0,0,0,0,0,1,
0,3912,2026-02-23 13:16:47Z,,6.932378,7.222692,6.642064,0.6106461,0,1.601568,0,0,0,0,0,0,5.501331,4.352115,6.650558,0.592854,0.702737,0.482971,7.399539,6.222199,8.576879,0.5856421,0,2.108042,7.205542,6.108942,8.302143,9.87348,10,9.534409,6.932378,7.222692,6.642064,0.6106461,0,1.601568,0,0,0,0,0,0,5.501331,4.352115,6.650558,0.592854,0.702737,0.482971,7.399539,6.222199,8.576879,0.5856421,0,2.108042,7.205542,6.108942,8.302143,9.87348,10,9.534409,-1,-1,-1,-1,-1,-1,-1,-1,-1,-1,-1,-1,-1,-1,-1,-1,-1,-1,-1,-1,-1,-1,-1,-1,-1,-1,-1,-1,-1,-1,-1,-1,-1,-1,-1,-1,-1,-1,-1,-1,-1,-1,-1,-1,-1,-1,-1,-1,-1,-1,0,0,0,0,0,0,-1,-1,-1,-1,-1,-1,-1,-1,-1,-1,-1,-1,0,0,0,0,0,0,-1,-1,-1,-1,-1,-1,-1,-1,-1,-1,-1,-1,-1,-1,False,False,0,0,False,54,0,0,0,0,0,0,0,0,0,0,0,0,0,0,0,1,
0,3913,2026-02-23 13:16:47Z,,6.93238,7.222692,6.642067,0.6106433,0,1.601567,0,0,0,0,0,0,5.501333,4.352116,6.650561,0.592854,0.702737,0.482971,7.399539,6.222198,8.576881,0.5856404,0,2.108041,7.205545,6.108943,8.302148,9.873486,10,9.534415,6.93238,7.222692,6.642067,0.6106433,0,1.601567,0,0,0,0,0,0,5.501333,4.352116,6.650561,0.592854,0.702737,0.482971,7.399539,6.222198,8.576881,0.5856404,0,2.108041,7.205545,6.108943,8.302148,9.873486,10,9.534415,-1,-1,-1,-1,-1,-1,-1,-1,-1,-1,-1,-1,-1,-1,-1,-1,-1,-1,-1,-1,-1,-1,-1,-1,-1,-1,-1,-1,-1,-1,-1,-1,-1,-1,-1,-1,-1,-1,-1,-1,-1,-1,-1,-1,-1,-1,-1,-1,-1,-1,0,0,0,0,0,0,-1,-1,-1,-1,-1,-1,-1,-1,-1,-1,-1,-1,0,0,0,0,0,0,-1,-1,-1,-1,-1,-1,-1,-1,-1,-1,-1,-1,-1,-1,False,False,0,0,False,54,0,0,0,0,0,0,0,0,0,0,0,0,0,0,0,1,
0,3914,2026-02-23 13:16:47Z,,6.932381,7.222692,6.64207,0.6106406,0,1.601565,0,0,0,0,0,0,5.501335,4.352117,6.650564,0.592854,0.702737,0.482971,7.39954,6.222198,8.576883,0.5856386,0,2.108039,7.205548,6.108944,8.302152,9.873491,10,9.534423,6.932381,7.222692,6.64207,0.6106406,0,1.601565,0,0,0,0,0,0,5.501335,4.352117,6.650564,0.592854,0.702737,0.482971,7.39954,6.222198,8.576883,0.5856386,0,2.108039,7.205548,6.108944,8.302152,9.873491,10,9.534423,-1,-1,-1,-1,-1,-1,-1,-1,-1,-1,-1,-1,-1,-1,-1,-1,-1,-1,-1,-1,-1,-1,-1,-1,-1,-1,-1,-1,-1,-1,-1,-1,-1,-1,-1,-1,-1,-1,-1,-1,-1,-1,-1,-1,-1,-1,-1,-1,-1,-1,0,0,0,0,0,0,-1,-1,-1,-1,-1,-1,-1,-1,-1,-1,-1,-1,0,0,0,0,0,0,-1,-1,-1,-1,-1,-1,-1,-1,-1,-1,-1,-1,-1,-1,False,False,0,0,False,54,0,0,0,0,0,0,0,0,0,0,0,0,0,0,0,1,
0,3915,2026-02-23 13:16:47Z,,6.932383,7.222692,6.642073,0.6106379,0,1.601564,0,0,0,0,0,0,5.501338,4.352118,6.650568,0.592854,0.702737,0.482971,7.399541,6.222198,8.576886,0.5856369,0,2.108037,7.205551,6.108946,8.302156,9.873497,10,9.53443,6.932383,7.222692,6.642073,0.6106379,0,1.601564,0,0,0,0,0,0,5.501338,4.352118,6.650568,0.592854,0.702737,0.482971,7.399541,6.222198,8.576886,0.5856369,0,2.108037,7.205551,6.108946,8.302156,9.873497,10,9.53443,-1,-1,-1,-1,-1,-1,-1,-1,-1,-1,-1,-1,-1,-1,-1,-1,-1,-1,-1,-1,-1,-1,-1,-1,-1,-1,-1,-1,-1,-1,-1,-1,-1,-1,-1,-1,-1,-1,-1,-1,-1,-1,-1,-1,-1,-1,-1,-1,-1,-1,0,0,0,0,0,0,-1,-1,-1,-1,-1,-1,-1,-1,-1,-1,-1,-1,0,0,0,0,0,0,-1,-1,-1,-1,-1,-1,-1,-1,-1,-1,-1,-1,-1,-1,False,False,0,0,False,54,0,0,0,0,0,0,0,0,0,0,0,0,0,0,0,1,
0,3916,2026-02-23 13:16:47Z,,6.932384,7.222693,6.642076,0.6106352,0,1.601562,0,0,0,0,0,0,5.501339,4.352118,6.650571,0.592854,0.702737,0.482971,7.399542,6.222197,8.576888,0.5856351,0,2.108036,7.205554,6.108948,8.30216,9.873503,10,9.534437,6.932384,7.222693,6.642076,0.6106352,0,1.601562,0,0,0,0,0,0,5.501339,4.352118,6.650571,0.592854,0.702737,0.482971,7.399542,6.222197,8.576888,0.5856351,0,2.108036,7.205554,6.108948,8.30216,9.873503,10,9.534437,-1,-1,-1,-1,-1,-1,-1,-1,-1,-1,-1,-1,-1,-1,-1,-1,-1,-1,-1,-1,-1,-1,-1,-1,-1,-1,-1,-1,-1,-1,-1,-1,-1,-1,-1,-1,-1,-1,-1,-1,-1,-1,-1,-1,-1,-1,-1,-1,-1,-1,0,0,0,0,0,0,-1,-1,-1,-1,-1,-1,-1,-1,-1,-1,-1,-1,0,0,0,0,0,0,-1,-1,-1,-1,-1,-1,-1,-1,-1,-1,-1,-1,-1,-1,False,False,0,0,False,54,0,0,0,0,0,0,0,0,0,0,0,0,0,0,0,1,
0,3917,2026-02-23 13:16:47Z,,6.932386,7.222693,6.642079,0.6106324,0,1.601561,0,0,0,0,0,0,5.501341,4.352118,6.650575,0.592854,0.702737,0.482971,7.399543,6.222197,8.576891,0.5856334,0,2.108034,7.205556,6.108949,8.302164,9.873508,10,9.534444,6.932386,7.222693,6.642079,0.6106324,0,1.601561,0,0,0,0,0,0,5.501341,4.352118,6.650575,0.592854,0.702737,0.482971,7.399543,6.222197,8.576891,0.5856334,0,2.108034,7.205556,6.108949,8.302164,9.873508,10,9.534444,-1,-1,-1,-1,-1,-1,-1,-1,-1,-1,-1,-1,-1,-1,-1,-1,-1,-1,-1,-1,-1,-1,-1,-1,-1,-1,-1,-1,-1,-1,-1,-1,-1,-1,-1,-1,-1,-1,-1,-1,-1,-1,-1,-1,-1,-1,-1,-1,-1,-1,0,0,0,0,0,0,-1,-1,-1,-1,-1,-1,-1,-1,-1,-1,-1,-1,0,0,0,0,0,0,-1,-1,-1,-1,-1,-1,-1,-1,-1,-1,-1,-1,-1,-1,False,False,0,0,False,54,0,0,0,0,0,0,0,0,0,0,0,0,0,0,0,1,
0,3918,2026-02-23 13:16:47Z,,6.932388,7.222693,6.642082,0.6106297,0,1.601559,0,0,0,0,0,0,5.501344,4.352119,6.650578,0.592854,0.702737,0.482971,7.399544,6.222196,8.576893,0.5856317,0,2.108032,7.205559,6.108951,8.302169,9.873514,10,9.534451,6.932388,7.222693,6.642082,0.6106297,0,1.601559,0,0,0,0,0,0,5.501344,4.352119,6.650578,0.592854,0.702737,0.482971,7.399544,6.222196,8.576893,0.5856317,0,2.108032,7.205559,6.108951,8.302169,9.873514,10,9.534451,-1,-1,-1,-1,-1,-1,-1,-1,-1,-1,-1,-1,-1,-1,-1,-1,-1,-1,-1,-1,-1,-1,-1,-1,-1,-1,-1,-1,-1,-1,-1,-1,-1,-1,-1,-1,-1,-1,-1,-1,-1,-1,-1,-1,-1,-1,-1,-1,-1,-1,0,0,0,0,0,0,-1,-1,-1,-1,-1,-1,-1,-1,-1,-1,-1,-1,0,0,0,0,0,0,-1,-1,-1,-1,-1,-1,-1,-1,-1,-1,-1,-1,-1,-1,False,False,0,0,False,54,0,0,0,0,0,0,0,0,0,0,0,0,0,0,0,1,
0,3919,2026-02-23 13:16:47Z,,6.932389,7.222694,6.642085,0.610627,0,1.601558,0,0,0,0,0,0,5.501346,4.35212,6.650581,0.592854,0.702737,0.482971,7.399545,6.222196,8.576896,0.5856299,0,2.10803,7.205562,6.108952,8.302173,9.87352,10,9.534458,6.932389,7.222694,6.642085,0.610627,0,1.601558,0,0,0,0,0,0,5.501346,4.35212,6.650581,0.592854,0.702737,0.482971,7.399545,6.222196,8.576896,0.5856299,0,2.10803,7.205562,6.108952,8.302173,9.87352,10,9.534458,-1,-1,-1,-1,-1,-1,-1,-1,-1,-1,-1,-1,-1,-1,-1,-1,-1,-1,-1,-1,-1,-1,-1,-1,-1,-1,-1,-1,-1,-1,-1,-1,-1,-1,-1,-1,-1,-1,-1,-1,-1,-1,-1,-1,-1,-1,-1,-1,-1,-1,0,0,0,0,0,0,-1,-1,-1,-1,-1,-1,-1,-1,-1,-1,-1,-1,0,0,0,0,0,0,-1,-1,-1,-1,-1,-1,-1,-1,-1,-1,-1,-1,-1,-1,False,False,0,0,False,54,0,0,0,0,0,0,0,0,0,0,0,0,0,0,0,1,
0,3920,2026-02-23 13:16:47Z,,6.932391,7.222694,6.642087,0.6106243,0,1.601556,0,0,0,0,0,0,5.501348,4.352121,6.650585,0.592854,0.702737,0.482971,7.399546,6.222195,8.576898,0.5856282,0,2.108029,7.205565,6.108954,8.302176,9.873526,10,9.534466,6.932391,7.222694,6.642087,0.6106243,0,1.601556,0,0,0,0,0,0,5.501348,4.352121,6.650585,0.592854,0.702737,0.482971,7.399546,6.222195,8.576898,0.5856282,0,2.108029,7.205565,6.108954,8.302176,9.873526,10,9.534466,-1,-1,-1,-1,-1,-1,-1,-1,-1,-1,-1,-1,-1,-1,-1,-1,-1,-1,-1,-1,-1,-1,-1,-1,-1,-1,-1,-1,-1,-1,-1,-1,-1,-1,-1,-1,-1,-1,-1,-1,-1,-1,-1,-1,-1,-1,-1,-1,-1,-1,0,0,0,0,0,0,-1,-1,-1,-1,-1,-1,-1,-1,-1,-1,-1,-1,0,0,0,0,0,0,-1,-1,-1,-1,-1,-1,-1,-1,-1,-1,-1,-1,-1,-1,False,False,0,0,False,54,0,0,0,0,0,0,0,0,0,0,0,0,0,0,0,1,
0,3921,2026-02-23 13:16:47Z,,6.932393,7.222694,6.64209,0.6106216,0,1.601555,0,0,0,0,0,0,5.501349,4.352121,6.650589,0.592854,0.702737,0.482971,7.399547,6.222195,8.5769,0.5856264,0,2.108027,7.205568,6.108955,8.302181,9.87353,10,9.534472,6.932393,7.222694,6.64209,0.6106216,0,1.601555,0,0,0,0,0,0,5.501349,4.352121,6.650589,0.592854,0.702737,0.482971,7.399547,6.222195,8.5769,0.5856264,0,2.108027,7.205568,6.108955,8.302181,9.87353,10,9.534472,-1,-1,-1,-1,-1,-1,-1,-1,-1,-1,-1,-1,-1,-1,-1,-1,-1,-1,-1,-1,-1,-1,-1,-1,-1,-1,-1,-1,-1,-1,-1,-1,-1,-1,-1,-1,-1,-1,-1,-1,-1,-1,-1,-1,-1,-1,-1,-1,-1,-1,0,0,0,0,0,0,-1,-1,-1,-1,-1,-1,-1,-1,-1,-1,-1,-1,0,0,0,0,0,0,-1,-1,-1,-1,-1,-1,-1,-1,-1,-1,-1,-1,-1,-1,False,False,0,0,False,54,0,0,0,0,0,0,0,0,0,0,0,0,0,0,0,1,
0,3922,2026-02-23 13:16:47Z,,6.932394,7.222694,6.642093,0.6106188,0,1.601553,0,0,0,0,0,0,5.501352,4.352122,6.650592,0.592854,0.702737,0.482971,7.399548,6.222194,8.576902,0.5856247,0,2.108025,7.205571,6.108957,8.302185,9.873536,10,9.53448,6.932394,7.222694,6.642093,0.6106188,0,1.601553,0,0,0,0,0,0,5.501352,4.352122,6.650592,0.592854,0.702737,0.482971,7.399548,6.222194,8.576902,0.5856247,0,2.108025,7.205571,6.108957,8.302185,9.873536,10,9.53448,-1,-1,-1,-1,-1,-1,-1,-1,-1,-1,-1,-1,-1,-1,-1,-1,-1,-1,-1,-1,-1,-1,-1,-1,-1,-1,-1,-1,-1,-1,-1,-1,-1,-1,-1,-1,-1,-1,-1,-1,-1,-1,-1,-1,-1,-1,-1,-1,-1,-1,0,0,0,0,0,0,-1,-1,-1,-1,-1,-1,-1,-1,-1,-1,-1,-1,0,0,0,0,0,0,-1,-1,-1,-1,-1,-1,-1,-1,-1,-1,-1,-1,-1,-1,False,False,0,0,False,54,0,0,0,0,0,0,0,0,0,0,0,0,0,0,0,1,
0,3923,2026-02-23 13:16:47Z,,6.932395,7.222695,6.642096,0.6106161,0,1.601552,0,0,0,0,0,0,5.501354,4.352123,6.650595,0.592854,0.702737,0.482971,7.399549,6.222194,8.576905,0.585623,0,2.108023,7.205574,6.108958,8.30219,9.873542,10,9.534487,6.932395,7.222695,6.642096,0.6106161,0,1.601552,0,0,0,0,0,0,5.501354,4.352123,6.650595,0.592854,0.702737,0.482971,7.399549,6.222194,8.576905,0.585623,0,2.108023,7.205574,6.108958,8.30219,9.873542,10,9.534487,-1,-1,-1,-1,-1,-1,-1,-1,-1,-1,-1,-1,-1,-1,-1,-1,-1,-1,-1,-1,-1,-1,-1,-1,-1,-1,-1,-1,-1,-1,-1,-1,-1,-1,-1,-1,-1,-1,-1,-1,-1,-1,-1,-1,-1,-1,-1,-1,-1,-1,0,0,0,0,0,0,-1,-1,-1,-1,-1,-1,-1,-1,-1,-1,-1,-1,0,0,0,0,0,0,-1,-1,-1,-1,-1,-1,-1,-1,-1,-1,-1,-1,-1,-1,False,False,0,0,False,54,0,0,0,0,0,0,0,0,0,0,0,0,0,0,0,1,
0,3924,2026-02-23 13:16:47Z,,6.932397,7.222695,6.642099,0.6106134,0,1.60155,0,0,0,0,0,0,5.501356,4.352123,6.650599,0.592854,0.702737,0.482971,7.39955,6.222193,8.576907,0.5856212,0,2.108021,7.205576,6.10896,8.302194,9.873548,10,9.534494,6.932397,7.222695,6.642099,0.6106134,0,1.60155,0,0,0,0,0,0,5.501356,4.352123,6.650599,0.592854,0.702737,0.482971,7.39955,6.222193,8.576907,0.5856212,0,2.108021,7.205576,6.10896,8.302194,9.873548,10,9.534494,-1,-1,-1,-1,-1,-1,-1,-1,-1,-1,-1,-1,-1,-1,-1,-1,-1,-1,-1,-1,-1,-1,-1,-1,-1,-1,-1,-1,-1,-1,-1,-1,-1,-1,-1,-1,-1,-1,-1,-1,-1,-1,-1,-1,-1,-1,-1,-1,-1,-1,0,0,0,0,0,0,-1,-1,-1,-1,-1,-1,-1,-1,-1,-1,-1,-1,0,0,0,0,0,0,-1,-1,-1,-1,-1,-1,-1,-1,-1,-1,-1,-1,-1,-1,False,False,0,0,False,54,0,0,0,0,0,0,0,0,0,0,0,0,0,0,0,1,
0,3925,2026-02-23 13:16:47Z,,6.932399,7.222695,6.642102,0.6106107,0,1.601549,0,0,0,0,0,0,5.501358,4.352124,6.650602,0.592854,0.702737,0.482971,7.399551,6.222192,8.57691,0.5856195,0,2.10802,7.205579,6.108962,8.302197,9.873553,10,9.534501,6.932399,7.222695,6.642102,0.6106107,0,1.601549,0,0,0,0,0,0,5.501358,4.352124,6.650602,0.592854,0.702737,0.482971,7.399551,6.222192,8.57691,0.5856195,0,2.10802,7.205579,6.108962,8.302197,9.873553,10,9.534501,-1,-1,-1,-1,-1,-1,-1,-1,-1,-1,-1,-1,-1,-1,-1,-1,-1,-1,-1,-1,-1,-1,-1,-1,-1,-1,-1,-1,-1,-1,-1,-1,-1,-1,-1,-1,-1,-1,-1,-1,-1,-1,-1,-1,-1,-1,-1,-1,-1,-1,0,0,0,0,0,0,-1,-1,-1,-1,-1,-1,-1,-1,-1,-1,-1,-1,0,0,0,0,0,0,-1,-1,-1,-1,-1,-1,-1,-1,-1,-1,-1,-1,-1,-1,False,False,0,0,False,54,0,0,0,0,0,0,0,0,0,0,0,0,0,0,0,1,
0,3926,2026-02-23 13:16:47Z,,6.9324,7.222696,6.642105,0.610608,0,1.601547,0,0,0,0,0,0,5.50136,4.352125,6.650605,0.592854,0.702737,0.482971,7.399552,6.222192,8.576912,0.5856178,0,2.108018,7.205582,6.108963,8.302202,9.873559,10,9.534509,6.9324,7.222696,6.642105,0.610608,0,1.601547,0,0,0,0,0,0,5.50136,4.352125,6.650605,0.592854,0.702737,0.482971,7.399552,6.222192,8.576912,0.5856178,0,2.108018,7.205582,6.108963,8.302202,9.873559,10,9.534509,-1,-1,-1,-1,-1,-1,-1,-1,-1,-1,-1,-1,-1,-1,-1,-1,-1,-1,-1,-1,-1,-1,-1,-1,-1,-1,-1,-1,-1,-1,-1,-1,-1,-1,-1,-1,-1,-1,-1,-1,-1,-1,-1,-1,-1,-1,-1,-1,-1,-1,0,0,0,0,0,0,-1,-1,-1,-1,-1,-1,-1,-1,-1,-1,-1,-1,0,0,0,0,0,0,-1,-1,-1,-1,-1,-1,-1,-1,-1,-1,-1,-1,-1,-1,False,False,0,0,False,54,0,0,0,0,0,0,0,0,0,0,0,0,0,0,0,1,
0,3927,2026-02-23 13:16:47Z,,6.932402,7.222696,6.642108,0.6106053,0,1.601546,0,0,0,0,0,0,5.501362,4.352126,6.650609,0.592854,0.702737,0.482971,7.399553,6.222191,8.576915,0.585616,0,2.108016,7.205585,6.108964,8.302206,9.873565,10,9.534515,6.932402,7.222696,6.642108,0.6106053,0,1.601546,0,0,0,0,0,0,5.501362,4.352126,6.650609,0.592854,0.702737,0.482971,7.399553,6.222191,8.576915,0.585616,0,2.108016,7.205585,6.108964,8.302206,9.873565,10,9.534515,-1,-1,-1,-1,-1,-1,-1,-1,-1,-1,-1,-1,-1,-1,-1,-1,-1,-1,-1,-1,-1,-1,-1,-1,-1,-1,-1,-1,-1,-1,-1,-1,-1,-1,-1,-1,-1,-1,-1,-1,-1,-1,-1,-1,-1,-1,-1,-1,-1,-1,0,0,0,0,0,0,-1,-1,-1,-1,-1,-1,-1,-1,-1,-1,-1,-1,0,0,0,0,0,0,-1,-1,-1,-1,-1,-1,-1,-1,-1,-1,-1,-1,-1,-1,False,False,0,0,False,54,0,0,0,0,0,0,0,0,0,0,0,0,0,0,0,1,
0,3928,2026-02-23 13:16:47Z,,6.932404,7.222696,6.642111,0.6106026,0,1.601544,0,0,0,0,0,0,5.501364,4.352126,6.650612,0.592854,0.702737,0.482971,7.399554,6.222191,8.576917,0.5856143,0,2.108015,7.205588,6.108966,8.30221,9.87357,10,9.534523,6.932404,7.222696,6.642111,0.6106026,0,1.601544,0,0,0,0,0,0,5.501364,4.352126,6.650612,0.592854,0.702737,0.482971,7.399554,6.222191,8.576917,0.5856143,0,2.108015,7.205588,6.108966,8.30221,9.87357,10,9.534523,-1,-1,-1,-1,-1,-1,-1,-1,-1,-1,-1,-1,-1,-1,-1,-1,-1,-1,-1,-1,-1,-1,-1,-1,-1,-1,-1,-1,-1,-1,-1,-1,-1,-1,-1,-1,-1,-1,-1,-1,-1,-1,-1,-1,-1,-1,-1,-1,-1,-1,0,0,0,0,0,0,-1,-1,-1,-1,-1,-1,-1,-1,-1,-1,-1,-1,0,0,0,0,0,0,-1,-1,-1,-1,-1,-1,-1,-1,-1,-1,-1,-1,-1,-1,False,False,0,0,False,54,0,0,0,0,0,0,0,0,0,0,0,0,0,0,0,1,
0,3929,2026-02-23 13:16:47Z,,6.932405,7.222697,6.642114,0.6105999,0,1.601543,0,0,0,0,0,0,5.501366,4.352127,6.650616,0.592854,0.702737,0.482971,7.399555,6.22219,8.576919,0.5856125,0,2.108013,7.205591,6.108968,8.302215,9.873576,10,9.53453,6.932405,7.222697,6.642114,0.6105999,0,1.601543,0,0,0,0,0,0,5.501366,4.352127,6.650616,0.592854,0.702737,0.482971,7.399555,6.22219,8.576919,0.5856125,0,2.108013,7.205591,6.108968,8.302215,9.873576,10,9.53453,-1,-1,-1,-1,-1,-1,-1,-1,-1,-1,-1,-1,-1,-1,-1,-1,-1,-1,-1,-1,-1,-1,-1,-1,-1,-1,-1,-1,-1,-1,-1,-1,-1,-1,-1,-1,-1,-1,-1,-1,-1,-1,-1,-1,-1,-1,-1,-1,-1,-1,0,0,0,0,0,0,-1,-1,-1,-1,-1,-1,-1,-1,-1,-1,-1,-1,0,0,0,0,0,0,-1,-1,-1,-1,-1,-1,-1,-1,-1,-1,-1,-1,-1,-1,False,False,0,0,False,54,0,0,0,0,0,0,0,0,0,0,0,0,0,0,0,1,
0,3930,2026-02-23 13:16:47Z,,6.932407,7.222697,6.642117,0.6105971,0,1.601541,0,0,0,0,0,0,5.501368,4.352128,6.650619,0.592854,0.702737,0.482971,7.399556,6.22219,8.576921,0.5856108,0,2.108011,7.205594,6.108969,8.302218,9.873582,10,9.534537,6.932407,7.222697,6.642117,0.6105971,0,1.601541,0,0,0,0,0,0,5.501368,4.352128,6.650619,0.592854,0.702737,0.482971,7.399556,6.22219,8.576921,0.5856108,0,2.108011,7.205594,6.108969,8.302218,9.873582,10,9.534537,-1,-1,-1,-1,-1,-1,-1,-1,-1,-1,-1,-1,-1,-1,-1,-1,-1,-1,-1,-1,-1,-1,-1,-1,-1,-1,-1,-1,-1,-1,-1,-1,-1,-1,-1,-1,-1,-1,-1,-1,-1,-1,-1,-1,-1,-1,-1,-1,-1,-1,0,0,0,0,0,0,-1,-1,-1,-1,-1,-1,-1,-1,-1,-1,-1,-1,0,0,0,0,0,0,-1,-1,-1,-1,-1,-1,-1,-1,-1,-1,-1,-1,-1,-1,False,False,0,0,False,54,0,0,0,0,0,0,0,0,0,0,0,0,0,0,0,1,
0,3931,2026-02-23 13:16:47Z,,6.932408,7.222697,6.642119,0.6105945,0,1.60154,0,0,0,0,0,0,5.50137,4.352128,6.650622,0.592854,0.702737,0.482971,7.399557,6.222189,8.576923,0.5856091,0,2.10801,7.205596,6.108971,8.302222,9.873588,10,9.534544,6.932408,7.222697,6.642119,0.6105945,0,1.60154,0,0,0,0,0,0,5.50137,4.352128,6.650622,0.592854,0.702737,0.482971,7.399557,6.222189,8.576923,0.5856091,0,2.10801,7.205596,6.108971,8.302222,9.873588,10,9.534544,-1,-1,-1,-1,-1,-1,-1,-1,-1,-1,-1,-1,-1,-1,-1,-1,-1,-1,-1,-1,-1,-1,-1,-1,-1,-1,-1,-1,-1,-1,-1,-1,-1,-1,-1,-1,-1,-1,-1,-1,-1,-1,-1,-1,-1,-1,-1,-1,-1,-1,0,0,0,0,0,0,-1,-1,-1,-1,-1,-1,-1,-1,-1,-1,-1,-1,0,0,0,0,0,0,-1,-1,-1,-1,-1,-1,-1,-1,-1,-1,-1,-1,-1,-1,False,False,0,0,False,54,0,0,0,0,0,0,0,0,0,0,0,0,0,0,0,1,
0,3932,2026-02-23 13:16:47Z,,6.93241,7.222697,6.642122,0.6105918,0,1.601538,0,0,0,0,0,0,5.501372,4.352129,6.650626,0.592854,0.702737,0.482971,7.399558,6.222189,8.576926,0.5856073,0,2.108008,7.205599,6.108972,8.302227,9.873593,10,9.534552,6.93241,7.222697,6.642122,0.6105918,0,1.601538,0,0,0,0,0,0,5.501372,4.352129,6.650626,0.592854,0.702737,0.482971,7.399558,6.222189,8.576926,0.5856073,0,2.108008,7.205599,6.108972,8.302227,9.873593,10,9.534552,-1,-1,-1,-1,-1,-1,-1,-1,-1,-1,-1,-1,-1,-1,-1,-1,-1,-1,-1,-1,-1,-1,-1,-1,-1,-1,-1,-1,-1,-1,-1,-1,-1,-1,-1,-1,-1,-1,-1,-1,-1,-1,-1,-1,-1,-1,-1,-1,-1,-1,0,0,0,0,0,0,-1,-1,-1,-1,-1,-1,-1,-1,-1,-1,-1,-1,0,0,0,0,0,0,-1,-1,-1,-1,-1,-1,-1,-1,-1,-1,-1,-1,-1,-1,False,False,0,0,False,54,0,0,0,0,0,0,0,0,0,0,0,0,0,0,0,1,
0,3933,2026-02-23 13:16:48Z,,6.932412,7.222698,6.642125,0.610589,0,1.601537,0,0,0,0,0,0,5.501374,4.352129,6.65063,0.592854,0.702737,0.482971,7.399559,6.222188,8.576928,0.5856056,0,2.108006,7.205602,6.108974,8.302231,9.873599,10,9.534558,6.932412,7.222698,6.642125,0.610589,0,1.601537,0,0,0,0,0,0,5.501374,4.352129,6.65063,0.592854,0.702737,0.482971,7.399559,6.222188,8.576928,0.5856056,0,2.108006,7.205602,6.108974,8.302231,9.873599,10,9.534558,-1,-1,-1,-1,-1,-1,-1,-1,-1,-1,-1,-1,-1,-1,-1,-1,-1,-1,-1,-1,-1,-1,-1,-1,-1,-1,-1,-1,-1,-1,-1,-1,-1,-1,-1,-1,-1,-1,-1,-1,-1,-1,-1,-1,-1,-1,-1,-1,-1,-1,0,0,0,0,0,0,-1,-1,-1,-1,-1,-1,-1,-1,-1,-1,-1,-1,0,0,0,0,0,0,-1,-1,-1,-1,-1,-1,-1,-1,-1,-1,-1,-1,-1,-1,False,False,0,0,False,54,0,0,0,0,0,0,0,0,0,0,0,0,0,0,0,1,
0,3934,2026-02-23 13:16:48Z,,6.932413,7.222698,6.642128,0.6105863,0,1.601535,0,0,0,0,0,0,5.501376,4.35213,6.650633,0.592854,0.702737,0.482971,7.399559,6.222188,8.576931,0.5856039,0,2.108004,7.205605,6.108975,8.302235,9.873605,10,9.534565,6.932413,7.222698,6.642128,0.6105863,0,1.601535,0,0,0,0,0,0,5.501376,4.35213,6.650633,0.592854,0.702737,0.482971,7.399559,6.222188,8.576931,0.5856039,0,2.108004,7.205605,6.108975,8.302235,9.873605,10,9.534565,-1,-1,-1,-1,-1,-1,-1,-1,-1,-1,-1,-1,-1,-1,-1,-1,-1,-1,-1,-1,-1,-1,-1,-1,-1,-1,-1,-1,-1,-1,-1,-1,-1,-1,-1,-1,-1,-1,-1,-1,-1,-1,-1,-1,-1,-1,-1,-1,-1,-1,0,0,0,0,0,0,-1,-1,-1,-1,-1,-1,-1,-1,-1,-1,-1,-1,0,0,0,0,0,0,-1,-1,-1,-1,-1,-1,-1,-1,-1,-1,-1,-1,-1,-1,False,False,0,0,False,54,0,0,0,0,0,0,0,0,0,0,0,0,0,0,0,1,
0,3935,2026-02-23 13:16:48Z,,6.932415,7.222698,6.642131,0.6105837,0,1.601534,0,0,0,0,0,0,5.501379,4.352131,6.650636,0.592854,0.702737,0.482971,7.39956,6.222188,8.576933,0.5856022,0,2.108002,7.205607,6.108977,8.302239,9.87361,10,9.534573,6.932415,7.222698,6.642131,0.6105837,0,1.601534,0,0,0,0,0,0,5.501379,4.352131,6.650636,0.592854,0.702737,0.482971,7.39956,6.222188,8.576933,0.5856022,0,2.108002,7.205607,6.108977,8.302239,9.87361,10,9.534573,-1,-1,-1,-1,-1,-1,-1,-1,-1,-1,-1,-1,-1,-1,-1,-1,-1,-1,-1,-1,-1,-1,-1,-1,-1,-1,-1,-1,-1,-1,-1,-1,-1,-1,-1,-1,-1,-1,-1,-1,-1,-1,-1,-1,-1,-1,-1,-1,-1,-1,0,0,0,0,0,0,-1,-1,-1,-1,-1,-1,-1,-1,-1,-1,-1,-1,0,0,0,0,0,0,-1,-1,-1,-1,-1,-1,-1,-1,-1,-1,-1,-1,-1,-1,False,False,0,0,False,54,0,0,0,0,0,0,0,0,0,0,0,0,0,0,0,1,
0,3936,2026-02-23 13:16:48Z,,6.932416,7.222699,6.642134,0.6105809,0,1.601532,0,0,0,0,0,0,5.50138,4.352131,6.65064,0.592854,0.702737,0.482971,7.399561,6.222187,8.576936,0.5856004,0,2.108001,7.20561,6.108978,8.302243,9.873616,10,9.534579,6.932416,7.222699,6.642134,0.6105809,0,1.601532,0,0,0,0,0,0,5.50138,4.352131,6.65064,0.592854,0.702737,0.482971,7.399561,6.222187,8.576936,0.5856004,0,2.108001,7.20561,6.108978,8.302243,9.873616,10,9.534579,-1,-1,-1,-1,-1,-1,-1,-1,-1,-1,-1,-1,-1,-1,-1,-1,-1,-1,-1,-1,-1,-1,-1,-1,-1,-1,-1,-1,-1,-1,-1,-1,-1,-1,-1,-1,-1,-1,-1,-1,-1,-1,-1,-1,-1,-1,-1,-1,-1,-1,0,0,0,0,0,0,-1,-1,-1,-1,-1,-1,-1,-1,-1,-1,-1,-1,0,0,0,0,0,0,-1,-1,-1,-1,-1,-1,-1,-1,-1,-1,-1,-1,-1,-1,False,False,0,0,False,54,0,0,0,0,0,0,0,0,0,0,0,0,0,0,0,1,
0,3937,2026-02-23 13:16:48Z,,6.932418,7.222699,6.642137,0.6105782,0,1.601531,0,0,0,0,0,0,5.501382,4.352132,6.650643,0.592854,0.702737,0.482971,7.399562,6.222187,8.576938,0.5855987,0,2.107999,7.205613,6.10898,8.302247,9.873622,10,9.534587,6.932418,7.222699,6.642137,0.6105782,0,1.601531,0,0,0,0,0,0,5.501382,4.352132,6.650643,0.592854,0.702737,0.482971,7.399562,6.222187,8.576938,0.5855987,0,2.107999,7.205613,6.10898,8.302247,9.873622,10,9.534587,-1,-1,-1,-1,-1,-1,-1,-1,-1,-1,-1,-1,-1,-1,-1,-1,-1,-1,-1,-1,-1,-1,-1,-1,-1,-1,-1,-1,-1,-1,-1,-1,-1,-1,-1,-1,-1,-1,-1,-1,-1,-1,-1,-1,-1,-1,-1,-1,-1,-1,0,0,0,0,0,0,-1,-1,-1,-1,-1,-1,-1,-1,-1,-1,-1,-1,0,0,0,0,0,0,-1,-1,-1,-1,-1,-1,-1,-1,-1,-1,-1,-1,-1,-1,False,False,0,0,False,54,0,0,0,0,0,0,0,0,0,0,0,0,0,0,0,1,
0,3938,2026-02-23 13:16:48Z,,6.932419,7.222699,6.64214,0.6105756,0,1.601529,0,0,0,0,0,0,5.501385,4.352133,6.650646,0.592854,0.702737,0.482971,7.399563,6.222186,8.576941,0.585597,0,2.107997,7.205616,6.108982,8.302252,9.873628,10,9.534594,6.932419,7.222699,6.64214,0.6105756,0,1.601529,0,0,0,0,0,0,5.501385,4.352133,6.650646,0.592854,0.702737,0.482971,7.399563,6.222186,8.576941,0.585597,0,2.107997,7.205616,6.108982,8.302252,9.873628,10,9.534594,-1,-1,-1,-1,-1,-1,-1,-1,-1,-1,-1,-1,-1,-1,-1,-1,-1,-1,-1,-1,-1,-1,-1,-1,-1,-1,-1,-1,-1,-1,-1,-1,-1,-1,-1,-1,-1,-1,-1,-1,-1,-1,-1,-1,-1,-1,-1,-1,-1,-1,0,0,0,0,0,0,-1,-1,-1,-1,-1,-1,-1,-1,-1,-1,-1,-1,0,0,0,0,0,0,-1,-1,-1,-1,-1,-1,-1,-1,-1,-1,-1,-1,-1,-1,False,False,0,0,False,54,0,0,0,0,0,0,0,0,0,0,0,0,0,0,0,1,
0,3939,2026-02-23 13:16:48Z,,6.932421,7.2227,6.642143,0.6105729,0,1.601528,0,0,0,0,0,0,5.501387,4.352134,6.65065,0.592854,0.702737,0.482971,7.399564,6.222186,8.576942,0.5855953,0,2.107996,7.205619,6.108983,8.302256,9.873633,10,9.534601,6.932421,7.2227,6.642143,0.6105729,0,1.601528,0,0,0,0,0,0,5.501387,4.352134,6.65065,0.592854,0.702737,0.482971,7.399564,6.222186,8.576942,0.5855953,0,2.107996,7.205619,6.108983,8.302256,9.873633,10,9.534601,-1,-1,-1,-1,-1,-1,-1,-1,-1,-1,-1,-1,-1,-1,-1,-1,-1,-1,-1,-1,-1,-1,-1,-1,-1,-1,-1,-1,-1,-1,-1,-1,-1,-1,-1,-1,-1,-1,-1,-1,-1,-1,-1,-1,-1,-1,-1,-1,-1,-1,0,0,0,0,0,0,-1,-1,-1,-1,-1,-1,-1,-1,-1,-1,-1,-1,0,0,0,0,0,0,-1,-1,-1,-1,-1,-1,-1,-1,-1,-1,-1,-1,-1,-1,False,False,0,0,False,54,0,0,0,0,0,0,0,0,0,0,0,0,0,0,0,1,
0,3940,2026-02-23 13:16:48Z,,6.932423,7.2227,6.642146,0.6105701,0,1.601526,0,0,0,0,0,0,5.501389,4.352134,6.650653,0.592854,0.702737,0.482971,7.399565,6.222185,8.576945,0.5855935,0,2.107994,7.205622,6.108984,8.302259,9.873639,10,9.534608,6.932423,7.2227,6.642146,0.6105701,0,1.601526,0,0,0,0,0,0,5.501389,4.352134,6.650653,0.592854,0.702737,0.482971,7.399565,6.222185,8.576945,0.5855935,0,2.107994,7.205622,6.108984,8.302259,9.873639,10,9.534608,-1,-1,-1,-1,-1,-1,-1,-1,-1,-1,-1,-1,-1,-1,-1,-1,-1,-1,-1,-1,-1,-1,-1,-1,-1,-1,-1,-1,-1,-1,-1,-1,-1,-1,-1,-1,-1,-1,-1,-1,-1,-1,-1,-1,-1,-1,-1,-1,-1,-1,0,0,0,0,0,0,-1,-1,-1,-1,-1,-1,-1,-1,-1,-1,-1,-1,0,0,0,0,0,0,-1,-1,-1,-1,-1,-1,-1,-1,-1,-1,-1,-1,-1,-1,False,False,0,0,False,54,0,0,0,0,0,0,0,0,0,0,0,0,0,0,0,1,
0,3941,2026-02-23 13:16:48Z,,6.932424,7.2227,6.642148,0.6105675,0,1.601525,0,0,0,0,0,0,5.50139,4.352135,6.650657,0.592854,0.702737,0.482971,7.399566,6.222185,8.576947,0.5855918,0,2.107992,7.205625,6.108986,8.302264,9.873645,10,9.534616,6.932424,7.2227,6.642148,0.6105675,0,1.601525,0,0,0,0,0,0,5.50139,4.352135,6.650657,0.592854,0.702737,0.482971,7.399566,6.222185,8.576947,0.5855918,0,2.107992,7.205625,6.108986,8.302264,9.873645,10,9.534616,-1,-1,-1,-1,-1,-1,-1,-1,-1,-1,-1,-1,-1,-1,-1,-1,-1,-1,-1,-1,-1,-1,-1,-1,-1,-1,-1,-1,-1,-1,-1,-1,-1,-1,-1,-1,-1,-1,-1,-1,-1,-1,-1,-1,-1,-1,-1,-1,-1,-1,0,0,0,0,0,0,-1,-1,-1,-1,-1,-1,-1,-1,-1,-1,-1,-1,0,0,0,0,0,0,-1,-1,-1,-1,-1,-1,-1,-1,-1,-1,-1,-1,-1,-1,False,False,0,0,False,54,0,0,0,0,0,0,0,0,0,0,0,0,0,0,0,1,
0,3942,2026-02-23 13:16:48Z,,6.932426,7.2227,6.642151,0.6105648,0,1.601523,0,0,0,0,0,0,5.501393,4.352136,6.65066,0.592854,0.702737,0.482971,7.399567,6.222184,8.576949,0.5855901,0,2.107991,7.205627,6.108988,8.302268,9.87365,10,9.534622,6.932426,7.2227,6.642151,0.6105648,0,1.601523,0,0,0,0,0,0,5.501393,4.352136,6.65066,0.592854,0.702737,0.482971,7.399567,6.222184,8.576949,0.5855901,0,2.107991,7.205627,6.108988,8.302268,9.87365,10,9.534622,-1,-1,-1,-1,-1,-1,-1,-1,-1,-1,-1,-1,-1,-1,-1,-1,-1,-1,-1,-1,-1,-1,-1,-1,-1,-1,-1,-1,-1,-1,-1,-1,-1,-1,-1,-1,-1,-1,-1,-1,-1,-1,-1,-1,-1,-1,-1,-1,-1,-1,0,0,0,0,0,0,-1,-1,-1,-1,-1,-1,-1,-1,-1,-1,-1,-1,0,0,0,0,0,0,-1,-1,-1,-1,-1,-1,-1,-1,-1,-1,-1,-1,-1,-1,False,False,0,0,False,54,0,0,0,0,0,0,0,0,0,0,0,0,0,0,0,1,
0,3943,2026-02-23 13:16:48Z,,6.932427,7.222701,6.642154,0.6105621,0,1.601522,0,0,0,0,0,0,5.501395,4.352136,6.650663,0.592854,0.702737,0.482971,7.399568,6.222184,8.576952,0.5855883,0,2.107989,7.20563,6.108989,8.302272,9.873655,10,9.53463,6.932427,7.222701,6.642154,0.6105621,0,1.601522,0,0,0,0,0,0,5.501395,4.352136,6.650663,0.592854,0.702737,0.482971,7.399568,6.222184,8.576952,0.5855883,0,2.107989,7.20563,6.108989,8.302272,9.873655,10,9.53463,-1,-1,-1,-1,-1,-1,-1,-1,-1,-1,-1,-1,-1,-1,-1,-1,-1,-1,-1,-1,-1,-1,-1,-1,-1,-1,-1,-1,-1,-1,-1,-1,-1,-1,-1,-1,-1,-1,-1,-1,-1,-1,-1,-1,-1,-1,-1,-1,-1,-1,0,0,0,0,0,0,-1,-1,-1,-1,-1,-1,-1,-1,-1,-1,-1,-1,0,0,0,0,0,0,-1,-1,-1,-1,-1,-1,-1,-1,-1,-1,-1,-1,-1,-1,False,False,0,0,False,54,0,0,0,0,0,0,0,0,0,0,0,0,0,0,0,1,
0,3944,2026-02-23 13:16:48Z,,6.932429,7.222701,6.642157,0.6105594,0,1.60152,0,0,0,0,0,0,5.501397,4.352137,6.650667,0.592854,0.702737,0.482971,7.399569,6.222183,8.576954,0.5855866,0,2.107987,7.205633,6.108991,8.302277,9.873661,10,9.534636,6.932429,7.222701,6.642157,0.6105594,0,1.60152,0,0,0,0,0,0,5.501397,4.352137,6.650667,0.592854,0.702737,0.482971,7.399569,6.222183,8.576954,0.5855866,0,2.107987,7.205633,6.108991,8.302277,9.873661,10,9.534636,-1,-1,-1,-1,-1,-1,-1,-1,-1,-1,-1,-1,-1,-1,-1,-1,-1,-1,-1,-1,-1,-1,-1,-1,-1,-1,-1,-1,-1,-1,-1,-1,-1,-1,-1,-1,-1,-1,-1,-1,-1,-1,-1,-1,-1,-1,-1,-1,-1,-1,0,0,0,0,0,0,-1,-1,-1,-1,-1,-1,-1,-1,-1,-1,-1,-1,0,0,0,0,0,0,-1,-1,-1,-1,-1,-1,-1,-1,-1,-1,-1,-1,-1,-1,False,False,0,0,False,54,0,0,0,0,0,0,0,0,0,0,0,0,0,0,0,1,
0,3945,2026-02-23 13:16:48Z,,6.932431,7.222701,6.64216,0.6105567,0,1.601519,0,0,0,0,0,0,5.501399,4.352138,6.65067,0.592854,0.702737,0.482971,7.39957,6.222183,8.576957,0.5855849,0,2.107985,7.205636,6.108992,8.30228,9.873667,10,9.534643,6.932431,7.222701,6.64216,0.6105567,0,1.601519,0,0,0,0,0,0,5.501399,4.352138,6.65067,0.592854,0.702737,0.482971,7.39957,6.222183,8.576957,0.5855849,0,2.107985,7.205636,6.108992,8.30228,9.873667,10,9.534643,-1,-1,-1,-1,-1,-1,-1,-1,-1,-1,-1,-1,-1,-1,-1,-1,-1,-1,-1,-1,-1,-1,-1,-1,-1,-1,-1,-1,-1,-1,-1,-1,-1,-1,-1,-1,-1,-1,-1,-1,-1,-1,-1,-1,-1,-1,-1,-1,-1,-1,0,0,0,0,0,0,-1,-1,-1,-1,-1,-1,-1,-1,-1,-1,-1,-1,0,0,0,0,0,0,-1,-1,-1,-1,-1,-1,-1,-1,-1,-1,-1,-1,-1,-1,False,False,0,0,False,54,0,0,0,0,0,0,0,0,0,0,0,0,0,0,0,1,
0,3946,2026-02-23 13:16:48Z,,6.932432,7.222702,6.642163,0.610554,0,1.601517,0,0,0,0,0,0,5.501401,4.352139,6.650674,0.592854,0.702737,0.482971,7.39957,6.222182,8.576959,0.5855832,0,2.107984,7.205639,6.108994,8.302284,9.873672,10,9.534651,6.932432,7.222702,6.642163,0.610554,0,1.601517,0,0,0,0,0,0,5.501401,4.352139,6.650674,0.592854,0.702737,0.482971,7.39957,6.222182,8.576959,0.5855832,0,2.107984,7.205639,6.108994,8.302284,9.873672,10,9.534651,-1,-1,-1,-1,-1,-1,-1,-1,-1,-1,-1,-1,-1,-1,-1,-1,-1,-1,-1,-1,-1,-1,-1,-1,-1,-1,-1,-1,-1,-1,-1,-1,-1,-1,-1,-1,-1,-1,-1,-1,-1,-1,-1,-1,-1,-1,-1,-1,-1,-1,0,0,0,0,0,0,-1,-1,-1,-1,-1,-1,-1,-1,-1,-1,-1,-1,0,0,0,0,0,0,-1,-1,-1,-1,-1,-1,-1,-1,-1,-1,-1,-1,-1,-1,False,False,0,0,False,54,0,0,0,0,0,0,0,0,0,0,0,0,0,0,0,1,
0,3947,2026-02-23 13:16:48Z,,6.932434,7.222702,6.642166,0.6105513,0,1.601516,0,0,0,0,0,0,5.501403,4.352139,6.650677,0.592854,0.702737,0.482971,7.399571,6.222182,8.576962,0.5855814,0,2.107982,7.205642,6.108995,8.302289,9.873678,10,9.534657,6.932434,7.222702,6.642166,0.6105513,0,1.601516,0,0,0,0,0,0,5.501403,4.352139,6.650677,0.592854,0.702737,0.482971,7.399571,6.222182,8.576962,0.5855814,0,2.107982,7.205642,6.108995,8.302289,9.873678,10,9.534657,-1,-1,-1,-1,-1,-1,-1,-1,-1,-1,-1,-1,-1,-1,-1,-1,-1,-1,-1,-1,-1,-1,-1,-1,-1,-1,-1,-1,-1,-1,-1,-1,-1,-1,-1,-1,-1,-1,-1,-1,-1,-1,-1,-1,-1,-1,-1,-1,-1,-1,0,0,0,0,0,0,-1,-1,-1,-1,-1,-1,-1,-1,-1,-1,-1,-1,0,0,0,0,0,0,-1,-1,-1,-1,-1,-1,-1,-1,-1,-1,-1,-1,-1,-1,False,False,0,0,False,54,0,0,0,0,0,0,0,0,0,0,0,0,0,0,0,1,
0,3948,2026-02-23 13:16:48Z,,6.932436,7.222702,6.642169,0.6105486,0,1.601514,0,0,0,0,0,0,5.501405,4.352139,6.650681,0.592854,0.702737,0.482971,7.399572,6.222181,8.576963,0.5855798,0,2.10798,7.205644,6.108997,8.302293,9.873684,10,9.534665,6.932436,7.222702,6.642169,0.6105486,0,1.601514,0,0,0,0,0,0,5.501405,4.352139,6.650681,0.592854,0.702737,0.482971,7.399572,6.222181,8.576963,0.5855798,0,2.10798,7.205644,6.108997,8.302293,9.873684,10,9.534665,-1,-1,-1,-1,-1,-1,-1,-1,-1,-1,-1,-1,-1,-1,-1,-1,-1,-1,-1,-1,-1,-1,-1,-1,-1,-1,-1,-1,-1,-1,-1,-1,-1,-1,-1,-1,-1,-1,-1,-1,-1,-1,-1,-1,-1,-1,-1,-1,-1,-1,0,0,0,0,0,0,-1,-1,-1,-1,-1,-1,-1,-1,-1,-1,-1,-1,0,0,0,0,0,0,-1,-1,-1,-1,-1,-1,-1,-1,-1,-1,-1,-1,-1,-1,False,False,0,0,False,54,0,0,0,0,0,0,0,0,0,0,0,0,0,0,0,1,
0,3949,2026-02-23 13:16:48Z,,6.932437,7.222703,6.642171,0.6105459,0,1.601513,0,0,0,0,0,0,5.501407,4.35214,6.650684,0.592854,0.702737,0.482971,7.399573,6.222181,8.576966,0.585578,0,2.107978,7.205647,6.108998,8.302297,9.87369,10,9.534672,6.932437,7.222703,6.642171,0.6105459,0,1.601513,0,0,0,0,0,0,5.501407,4.35214,6.650684,0.592854,0.702737,0.482971,7.399573,6.222181,8.576966,0.585578,0,2.107978,7.205647,6.108998,8.302297,9.87369,10,9.534672,-1,-1,-1,-1,-1,-1,-1,-1,-1,-1,-1,-1,-1,-1,-1,-1,-1,-1,-1,-1,-1,-1,-1,-1,-1,-1,-1,-1,-1,-1,-1,-1,-1,-1,-1,-1,-1,-1,-1,-1,-1,-1,-1,-1,-1,-1,-1,-1,-1,-1,0,0,0,0,0,0,-1,-1,-1,-1,-1,-1,-1,-1,-1,-1,-1,-1,0,0,0,0,0,0,-1,-1,-1,-1,-1,-1,-1,-1,-1,-1,-1,-1,-1,-1,False,False,0,0,False,54,0,0,0,0,0,0,0,0,0,0,0,0,0,0,0,1,
0,3950,2026-02-23 13:16:48Z,,6.932438,7.222703,6.642174,0.6105433,0,1.601511,0,0,0,0,0,0,5.501409,4.352141,6.650687,0.592854,0.702737,0.482971,7.399574,6.22218,8.576968,0.5855763,0,2.107977,7.20565,6.109,8.302301,9.873695,10,9.534678,6.932438,7.222703,6.642174,0.6105433,0,1.601511,0,0,0,0,0,0,5.501409,4.352141,6.650687,0.592854,0.702737,0.482971,7.399574,6.22218,8.576968,0.5855763,0,2.107977,7.20565,6.109,8.302301,9.873695,10,9.534678,-1,-1,-1,-1,-1,-1,-1,-1,-1,-1,-1,-1,-1,-1,-1,-1,-1,-1,-1,-1,-1,-1,-1,-1,-1,-1,-1,-1,-1,-1,-1,-1,-1,-1,-1,-1,-1,-1,-1,-1,-1,-1,-1,-1,-1,-1,-1,-1,-1,-1,0,0,0,0,0,0,-1,-1,-1,-1,-1,-1,-1,-1,-1,-1,-1,-1,0,0,0,0,0,0,-1,-1,-1,-1,-1,-1,-1,-1,-1,-1,-1,-1,-1,-1,False,False,0,0,False,54,0,0,0,0,0,0,0,0,0,0,0,0,0,0,0,1,
0,3951,2026-02-23 13:16:48Z,,6.93244,7.222703,6.642177,0.6105406,0,1.60151,0,0,0,0,0,0,5.501411,4.352142,6.650691,0.592854,0.702737,0.482971,7.399575,6.22218,8.57697,0.5855746,0,2.107975,7.205653,6.109002,8.302305,9.873701,10,9.534686,6.93244,7.222703,6.642177,0.6105406,0,1.60151,0,0,0,0,0,0,5.501411,4.352142,6.650691,0.592854,0.702737,0.482971,7.399575,6.22218,8.57697,0.5855746,0,2.107975,7.205653,6.109002,8.302305,9.873701,10,9.534686,-1,-1,-1,-1,-1,-1,-1,-1,-1,-1,-1,-1,-1,-1,-1,-1,-1,-1,-1,-1,-1,-1,-1,-1,-1,-1,-1,-1,-1,-1,-1,-1,-1,-1,-1,-1,-1,-1,-1,-1,-1,-1,-1,-1,-1,-1,-1,-1,-1,-1,0,0,0,0,0,0,-1,-1,-1,-1,-1,-1,-1,-1,-1,-1,-1,-1,0,0,0,0,0,0,-1,-1,-1,-1,-1,-1,-1,-1,-1,-1,-1,-1,-1,-1,False,False,0,0,False,54,0,0,0,0,0,0,0,0,0,0,0,0,0,0,0,1,
0,3952,2026-02-23 13:16:48Z,,6.932442,7.222703,6.64218,0.6105379,0,1.601508,0,0,0,0,0,0,5.501413,4.352142,6.650694,0.592854,0.702737,0.482971,7.399576,6.222179,8.576973,0.5855728,0,2.107973,7.205656,6.109003,8.302309,9.873707,10,9.534693,6.932442,7.222703,6.64218,0.6105379,0,1.601508,0,0,0,0,0,0,5.501413,4.352142,6.650694,0.592854,0.702737,0.482971,7.399576,6.222179,8.576973,0.5855728,0,2.107973,7.205656,6.109003,8.302309,9.873707,10,9.534693,-1,-1,-1,-1,-1,-1,-1,-1,-1,-1,-1,-1,-1,-1,-1,-1,-1,-1,-1,-1,-1,-1,-1,-1,-1,-1,-1,-1,-1,-1,-1,-1,-1,-1,-1,-1,-1,-1,-1,-1,-1,-1,-1,-1,-1,-1,-1,-1,-1,-1,0,0,0,0,0,0,-1,-1,-1,-1,-1,-1,-1,-1,-1,-1,-1,-1,0,0,0,0,0,0,-1,-1,-1,-1,-1,-1,-1,-1,-1,-1,-1,-1,-1,-1,False,False,0,0,False,54,0,0,0,0,0,0,0,0,0,0,0,0,0,0,0,1,
0,3953,2026-02-23 13:16:48Z,,6.932443,7.222703,6.642183,0.6105352,0,1.601507,0,0,0,0,0,0,5.501415,4.352143,6.650697,0.592854,0.702737,0.482971,7.399577,6.222179,8.576975,0.5855711,0,2.107971,7.205658,6.109004,8.302314,9.873713,10,9.5347,6.932443,7.222703,6.642183,0.6105352,0,1.601507,0,0,0,0,0,0,5.501415,4.352143,6.650697,0.592854,0.702737,0.482971,7.399577,6.222179,8.576975,0.5855711,0,2.107971,7.205658,6.109004,8.302314,9.873713,10,9.5347,-1,-1,-1,-1,-1,-1,-1,-1,-1,-1,-1,-1,-1,-1,-1,-1,-1,-1,-1,-1,-1,-1,-1,-1,-1,-1,-1,-1,-1,-1,-1,-1,-1,-1,-1,-1,-1,-1,-1,-1,-1,-1,-1,-1,-1,-1,-1,-1,-1,-1,0,0,0,0,0,0,-1,-1,-1,-1,-1,-1,-1,-1,-1,-1,-1,-1,0,0,0,0,0,0,-1,-1,-1,-1,-1,-1,-1,-1,-1,-1,-1,-1,-1,-1,False,False,0,0,False,54,0,0,0,0,0,0,0,0,0,0,0,0,0,0,0,1,
0,3954,2026-02-23 13:16:49Z,,6.932445,7.222704,6.642186,0.6105325,0,1.601506,0,0,0,0,0,0,5.501417,4.352144,6.650701,0.592854,0.702737,0.482971,7.399578,6.222178,8.576978,0.5855694,0,2.10797,7.205661,6.109006,8.302318,9.873717,10,9.534707,6.932445,7.222704,6.642186,0.6105325,0,1.601506,0,0,0,0,0,0,5.501417,4.352144,6.650701,0.592854,0.702737,0.482971,7.399578,6.222178,8.576978,0.5855694,0,2.10797,7.205661,6.109006,8.302318,9.873717,10,9.534707,-1,-1,-1,-1,-1,-1,-1,-1,-1,-1,-1,-1,-1,-1,-1,-1,-1,-1,-1,-1,-1,-1,-1,-1,-1,-1,-1,-1,-1,-1,-1,-1,-1,-1,-1,-1,-1,-1,-1,-1,-1,-1,-1,-1,-1,-1,-1,-1,-1,-1,0,0,0,0,0,0,-1,-1,-1,-1,-1,-1,-1,-1,-1,-1,-1,-1,0,0,0,0,0,0,-1,-1,-1,-1,-1,-1,-1,-1,-1,-1,-1,-1,-1,-1,False,False,0,0,False,54,0,0,0,0,0,0,0,0,0,0,0,0,0,0,0,1,
0,3955,2026-02-23 13:16:49Z,,6.932446,7.222704,6.642189,0.6105298,0,1.601504,0,0,0,0,0,0,5.501419,4.352144,6.650704,0.592854,0.702737,0.482971,7.399579,6.222178,8.57698,0.5855677,0,2.107968,7.205664,6.109007,8.302321,9.873723,10,9.534715,6.932446,7.222704,6.642189,0.6105298,0,1.601504,0,0,0,0,0,0,5.501419,4.352144,6.650704,0.592854,0.702737,0.482971,7.399579,6.222178,8.57698,0.5855677,0,2.107968,7.205664,6.109007,8.302321,9.873723,10,9.534715,-1,-1,-1,-1,-1,-1,-1,-1,-1,-1,-1,-1,-1,-1,-1,-1,-1,-1,-1,-1,-1,-1,-1,-1,-1,-1,-1,-1,-1,-1,-1,-1,-1,-1,-1,-1,-1,-1,-1,-1,-1,-1,-1,-1,-1,-1,-1,-1,-1,-1,0,0,0,0,0,0,-1,-1,-1,-1,-1,-1,-1,-1,-1,-1,-1,-1,0,0,0,0,0,0,-1,-1,-1,-1,-1,-1,-1,-1,-1,-1,-1,-1,-1,-1,False,False,0,0,False,54,0,0,0,0,0,0,0,0,0,0,0,0,0,0,0,1,
0,3956,2026-02-23 13:16:49Z,,6.932448,7.222704,6.642191,0.6105272,0,1.601503,0,0,0,0,0,0,5.501421,4.352145,6.650708,0.592854,0.702737,0.482971,7.39958,6.222178,8.576982,0.585566,0,2.107966,7.205667,6.109009,8.302325,9.873729,10,9.534721,6.932448,7.222704,6.642191,0.6105272,0,1.601503,0,0,0,0,0,0,5.501421,4.352145,6.650708,0.592854,0.702737,0.482971,7.39958,6.222178,8.576982,0.585566,0,2.107966,7.205667,6.109009,8.302325,9.873729,10,9.534721,-1,-1,-1,-1,-1,-1,-1,-1,-1,-1,-1,-1,-1,-1,-1,-1,-1,-1,-1,-1,-1,-1,-1,-1,-1,-1,-1,-1,-1,-1,-1,-1,-1,-1,-1,-1,-1,-1,-1,-1,-1,-1,-1,-1,-1,-1,-1,-1,-1,-1,0,0,0,0,0,0,-1,-1,-1,-1,-1,-1,-1,-1,-1,-1,-1,-1,0,0,0,0,0,0,-1,-1,-1,-1,-1,-1,-1,-1,-1,-1,-1,-1,-1,-1,False,False,0,0,False,54,0,0,0,0,0,0,0,0,0,0,0,0,0,0,0,1,
0,3957,2026-02-23 13:16:49Z,,6.932449,7.222704,6.642194,0.6105245,0,1.601501,0,0,0,0,0,0,5.501423,4.352146,6.650711,0.592854,0.702737,0.482971,7.39958,6.222177,8.576984,0.5855643,0,2.107965,7.20567,6.109011,8.30233,9.873734,10,9.534728,6.932449,7.222704,6.642194,0.6105245,0,1.601501,0,0,0,0,0,0,5.501423,4.352146,6.650711,0.592854,0.702737,0.482971,7.39958,6.222177,8.576984,0.5855643,0,2.107965,7.20567,6.109011,8.30233,9.873734,10,9.534728,-1,-1,-1,-1,-1,-1,-1,-1,-1,-1,-1,-1,-1,-1,-1,-1,-1,-1,-1,-1,-1,-1,-1,-1,-1,-1,-1,-1,-1,-1,-1,-1,-1,-1,-1,-1,-1,-1,-1,-1,-1,-1,-1,-1,-1,-1,-1,-1,-1,-1,0,0,0,0,0,0,-1,-1,-1,-1,-1,-1,-1,-1,-1,-1,-1,-1,0,0,0,0,0,0,-1,-1,-1,-1,-1,-1,-1,-1,-1,-1,-1,-1,-1,-1,False,False,0,0,False,54,0,0,0,0,0,0,0,0,0,0,0,0,0,0,0,1,
0,3958,2026-02-23 13:16:49Z,,6.932451,7.222705,6.642197,0.6105218,0,1.6015,0,0,0,0,0,0,5.501425,4.352146,6.650714,0.592854,0.702737,0.482971,7.399581,6.222177,8.576987,0.5855625,0,2.107963,7.205673,6.109012,8.302334,9.87374,10,9.534736,6.932451,7.222705,6.642197,0.6105218,0,1.6015,0,0,0,0,0,0,5.501425,4.352146,6.650714,0.592854,0.702737,0.482971,7.399581,6.222177,8.576987,0.5855625,0,2.107963,7.205673,6.109012,8.302334,9.87374,10,9.534736,-1,-1,-1,-1,-1,-1,-1,-1,-1,-1,-1,-1,-1,-1,-1,-1,-1,-1,-1,-1,-1,-1,-1,-1,-1,-1,-1,-1,-1,-1,-1,-1,-1,-1,-1,-1,-1,-1,-1,-1,-1,-1,-1,-1,-1,-1,-1,-1,-1,-1,0,0,0,0,0,0,-1,-1,-1,-1,-1,-1,-1,-1,-1,-1,-1,-1,0,0,0,0,0,0,-1,-1,-1,-1,-1,-1,-1,-1,-1,-1,-1,-1,-1,-1,False,False,0,0,False,54,0,0,0,0,0,0,0,0,0,0,0,0,0,0,0,1,
0,3959,2026-02-23 13:16:49Z,,6.932453,7.222705,6.6422,0.6105191,0,1.601498,0,0,0,0,0,0,5.501427,4.352147,6.650718,0.592854,0.702737,0.482971,7.399582,6.222176,8.576989,0.5855609,0,2.107961,7.205675,6.109014,8.302338,9.873746,10,9.534742,6.932453,7.222705,6.6422,0.6105191,0,1.601498,0,0,0,0,0,0,5.501427,4.352147,6.650718,0.592854,0.702737,0.482971,7.399582,6.222176,8.576989,0.5855609,0,2.107961,7.205675,6.109014,8.302338,9.873746,10,9.534742,-1,-1,-1,-1,-1,-1,-1,-1,-1,-1,-1,-1,-1,-1,-1,-1,-1,-1,-1,-1,-1,-1,-1,-1,-1,-1,-1,-1,-1,-1,-1,-1,-1,-1,-1,-1,-1,-1,-1,-1,-1,-1,-1,-1,-1,-1,-1,-1,-1,-1,0,0,0,0,0,0,-1,-1,-1,-1,-1,-1,-1,-1,-1,-1,-1,-1,0,0,0,0,0,0,-1,-1,-1,-1,-1,-1,-1,-1,-1,-1,-1,-1,-1,-1,False,False,0,0,False,54,0,0,0,0,0,0,0,0,0,0,0,0,0,0,0,1,
0,3960,2026-02-23 13:16:49Z,,6.932454,7.222705,6.642203,0.6105164,0,1.601497,0,0,0,0,0,0,5.501429,4.352148,6.650721,0.592854,0.702737,0.482971,7.399583,6.222176,8.576991,0.5855591,0,2.10796,7.205678,6.109015,8.302342,9.873752,10,9.53475,6.932454,7.222705,6.642203,0.6105164,0,1.601497,0,0,0,0,0,0,5.501429,4.352148,6.650721,0.592854,0.702737,0.482971,7.399583,6.222176,8.576991,0.5855591,0,2.10796,7.205678,6.109015,8.302342,9.873752,10,9.53475,-1,-1,-1,-1,-1,-1,-1,-1,-1,-1,-1,-1,-1,-1,-1,-1,-1,-1,-1,-1,-1,-1,-1,-1,-1,-1,-1,-1,-1,-1,-1,-1,-1,-1,-1,-1,-1,-1,-1,-1,-1,-1,-1,-1,-1,-1,-1,-1,-1,-1,0,0,0,0,0,0,-1,-1,-1,-1,-1,-1,-1,-1,-1,-1,-1,-1,0,0,0,0,0,0,-1,-1,-1,-1,-1,-1,-1,-1,-1,-1,-1,-1,-1,-1,False,False,0,0,False,54,0,0,0,0,0,0,0,0,0,0,0,0,0,0,0,1,
0,3961,2026-02-23 13:16:49Z,,6.932456,7.222706,6.642206,0.6105137,0,1.601495,0,0,0,0,0,0,5.501431,4.352149,6.650724,0.592854,0.702737,0.482971,7.399584,6.222175,8.576994,0.5855574,0,2.107958,7.205681,6.109016,8.302346,9.873757,10,9.534757,6.932456,7.222706,6.642206,0.6105137,0,1.601495,0,0,0,0,0,0,5.501431,4.352149,6.650724,0.592854,0.702737,0.482971,7.399584,6.222175,8.576994,0.5855574,0,2.107958,7.205681,6.109016,8.302346,9.873757,10,9.534757,-1,-1,-1,-1,-1,-1,-1,-1,-1,-1,-1,-1,-1,-1,-1,-1,-1,-1,-1,-1,-1,-1,-1,-1,-1,-1,-1,-1,-1,-1,-1,-1,-1,-1,-1,-1,-1,-1,-1,-1,-1,-1,-1,-1,-1,-1,-1,-1,-1,-1,0,0,0,0,0,0,-1,-1,-1,-1,-1,-1,-1,-1,-1,-1,-1,-1,0,0,0,0,0,0,-1,-1,-1,-1,-1,-1,-1,-1,-1,-1,-1,-1,-1,-1,False,False,0,0,False,54,0,0,0,0,0,0,0,0,0,0,0,0,0,0,0,1,
0,3962,2026-02-23 13:16:49Z,,6.932457,7.222706,6.642209,0.6105111,0,1.601494,0,0,0,0,0,0,5.501433,4.352149,6.650728,0.592854,0.702737,0.482971,7.399585,6.222175,8.576996,0.5855557,0,2.107956,7.205684,6.109018,8.30235,9.873763,10,9.534763,6.932457,7.222706,6.642209,0.6105111,0,1.601494,0,0,0,0,0,0,5.501433,4.352149,6.650728,0.592854,0.702737,0.482971,7.399585,6.222175,8.576996,0.5855557,0,2.107956,7.205684,6.109018,8.30235,9.873763,10,9.534763,-1,-1,-1,-1,-1,-1,-1,-1,-1,-1,-1,-1,-1,-1,-1,-1,-1,-1,-1,-1,-1,-1,-1,-1,-1,-1,-1,-1,-1,-1,-1,-1,-1,-1,-1,-1,-1,-1,-1,-1,-1,-1,-1,-1,-1,-1,-1,-1,-1,-1,0,0,0,0,0,0,-1,-1,-1,-1,-1,-1,-1,-1,-1,-1,-1,-1,0,0,0,0,0,0,-1,-1,-1,-1,-1,-1,-1,-1,-1,-1,-1,-1,-1,-1,False,False,0,0,False,54,0,0,0,0,0,0,0,0,0,0,0,0,0,0,0,1,
0,3963,2026-02-23 13:16:49Z,,6.932459,7.222706,6.642211,0.6105084,0,1.601492,0,0,0,0,0,0,5.501435,4.35215,6.650731,0.592854,0.702737,0.482971,7.399586,6.222174,8.576999,0.585554,0,2.107954,7.205687,6.10902,8.302355,9.873768,10,9.534771,6.932459,7.222706,6.642211,0.6105084,0,1.601492,0,0,0,0,0,0,5.501435,4.35215,6.650731,0.592854,0.702737,0.482971,7.399586,6.222174,8.576999,0.585554,0,2.107954,7.205687,6.10902,8.302355,9.873768,10,9.534771,-1,-1,-1,-1,-1,-1,-1,-1,-1,-1,-1,-1,-1,-1,-1,-1,-1,-1,-1,-1,-1,-1,-1,-1,-1,-1,-1,-1,-1,-1,-1,-1,-1,-1,-1,-1,-1,-1,-1,-1,-1,-1,-1,-1,-1,-1,-1,-1,-1,-1,0,0,0,0,0,0,-1,-1,-1,-1,-1,-1,-1,-1,-1,-1,-1,-1,0,0,0,0,0,0,-1,-1,-1,-1,-1,-1,-1,-1,-1,-1,-1,-1,-1,-1,False,False,0,0,False,54,0,0,0,0,0,0,0,0,0,0,0,0,0,0,0,1,
0,3964,2026-02-23 13:16:49Z,,6.932461,7.222707,6.642214,0.6105058,0,1.601491,0,0,0,0,0,0,5.501437,4.35215,6.650734,0.592854,0.702737,0.482971,7.399587,6.222174,8.577001,0.5855523,0,2.107953,7.205689,6.109021,8.302359,9.873774,10,9.534778,6.932461,7.222707,6.642214,0.6105058,0,1.601491,0,0,0,0,0,0,5.501437,4.35215,6.650734,0.592854,0.702737,0.482971,7.399587,6.222174,8.577001,0.5855523,0,2.107953,7.205689,6.109021,8.302359,9.873774,10,9.534778,-1,-1,-1,-1,-1,-1,-1,-1,-1,-1,-1,-1,-1,-1,-1,-1,-1,-1,-1,-1,-1,-1,-1,-1,-1,-1,-1,-1,-1,-1,-1,-1,-1,-1,-1,-1,-1,-1,-1,-1,-1,-1,-1,-1,-1,-1,-1,-1,-1,-1,0,0,0,0,0,0,-1,-1,-1,-1,-1,-1,-1,-1,-1,-1,-1,-1,0,0,0,0,0,0,-1,-1,-1,-1,-1,-1,-1,-1,-1,-1,-1,-1,-1,-1,False,False,0,0,False,54,0,0,0,0,0,0,0,0,0,0,0,0,0,0,0,1,
0,3965,2026-02-23 13:16:49Z,,6.932462,7.222707,6.642217,0.6105031,0,1.601489,0,0,0,0,0,0,5.50144,4.352151,6.650738,0.592854,0.702737,0.482971,7.399588,6.222173,8.577003,0.5855505,0,2.107951,7.205692,6.109023,8.302362,9.873779,10,9.534784,6.932462,7.222707,6.642217,0.6105031,0,1.601489,0,0,0,0,0,0,5.50144,4.352151,6.650738,0.592854,0.702737,0.482971,7.399588,6.222173,8.577003,0.5855505,0,2.107951,7.205692,6.109023,8.302362,9.873779,10,9.534784,-1,-1,-1,-1,-1,-1,-1,-1,-1,-1,-1,-1,-1,-1,-1,-1,-1,-1,-1,-1,-1,-1,-1,-1,-1,-1,-1,-1,-1,-1,-1,-1,-1,-1,-1,-1,-1,-1,-1,-1,-1,-1,-1,-1,-1,-1,-1,-1,-1,-1,0,0,0,0,0,0,-1,-1,-1,-1,-1,-1,-1,-1,-1,-1,-1,-1,0,0,0,0,0,0,-1,-1,-1,-1,-1,-1,-1,-1,-1,-1,-1,-1,-1,-1,False,False,0,0,False,54,0,0,0,0,0,0,0,0,0,0,0,0,0,0,0,1,
0,3966,2026-02-23 13:16:49Z,,6.932464,7.222707,6.64222,0.6105004,0,1.601488,0,0,0,0,0,0,5.501441,4.352152,6.650741,0.592854,0.702737,0.482971,7.399589,6.222173,8.577005,0.5855489,0,2.107949,7.205695,6.109024,8.302366,9.873785,10,9.534792,6.932464,7.222707,6.64222,0.6105004,0,1.601488,0,0,0,0,0,0,5.501441,4.352152,6.650741,0.592854,0.702737,0.482971,7.399589,6.222173,8.577005,0.5855489,0,2.107949,7.205695,6.109024,8.302366,9.873785,10,9.534792,-1,-1,-1,-1,-1,-1,-1,-1,-1,-1,-1,-1,-1,-1,-1,-1,-1,-1,-1,-1,-1,-1,-1,-1,-1,-1,-1,-1,-1,-1,-1,-1,-1,-1,-1,-1,-1,-1,-1,-1,-1,-1,-1,-1,-1,-1,-1,-1,-1,-1,0,0,0,0,0,0,-1,-1,-1,-1,-1,-1,-1,-1,-1,-1,-1,-1,0,0,0,0,0,0,-1,-1,-1,-1,-1,-1,-1,-1,-1,-1,-1,-1,-1,-1,False,False,0,0,False,54,0,0,0,0,0,0,0,0,0,0,0,0,0,0,0,1,
0,3967,2026-02-23 13:16:49Z,,6.932465,7.222707,6.642223,0.6104978,0,1.601486,0,0,0,0,0,0,5.501443,4.352152,6.650745,0.592854,0.702737,0.482971,7.39959,6.222172,8.577007,0.5855471,0,2.107948,7.205698,6.109026,8.302371,9.873791,10,9.534799,6.932465,7.222707,6.642223,0.6104978,0,1.601486,0,0,0,0,0,0,5.501443,4.352152,6.650745,0.592854,0.702737,0.482971,7.39959,6.222172,8.577007,0.5855471,0,2.107948,7.205698,6.109026,8.302371,9.873791,10,9.534799,-1,-1,-1,-1,-1,-1,-1,-1,-1,-1,-1,-1,-1,-1,-1,-1,-1,-1,-1,-1,-1,-1,-1,-1,-1,-1,-1,-1,-1,-1,-1,-1,-1,-1,-1,-1,-1,-1,-1,-1,-1,-1,-1,-1,-1,-1,-1,-1,-1,-1,0,0,0,0,0,0,-1,-1,-1,-1,-1,-1,-1,-1,-1,-1,-1,-1,0,0,0,0,0,0,-1,-1,-1,-1,-1,-1,-1,-1,-1,-1,-1,-1,-1,-1,False,False,0,0,False,54,0,0,0,0,0,0,0,0,0,0,0,0,0,0,0,1,
0,3968,2026-02-23 13:16:49Z,,6.932467,7.222708,6.642226,0.6104951,0,1.601485,0,0,0,0,0,0,5.501445,4.352153,6.650748,0.592854,0.702737,0.482971,7.399591,6.222172,8.57701,0.5855454,0,2.107946,7.2057,6.109027,8.302375,9.873796,10,9.534806,6.932467,7.222708,6.642226,0.6104951,0,1.601485,0,0,0,0,0,0,5.501445,4.352153,6.650748,0.592854,0.702737,0.482971,7.399591,6.222172,8.57701,0.5855454,0,2.107946,7.2057,6.109027,8.302375,9.873796,10,9.534806,-1,-1,-1,-1,-1,-1,-1,-1,-1,-1,-1,-1,-1,-1,-1,-1,-1,-1,-1,-1,-1,-1,-1,-1,-1,-1,-1,-1,-1,-1,-1,-1,-1,-1,-1,-1,-1,-1,-1,-1,-1,-1,-1,-1,-1,-1,-1,-1,-1,-1,0,0,0,0,0,0,-1,-1,-1,-1,-1,-1,-1,-1,-1,-1,-1,-1,0,0,0,0,0,0,-1,-1,-1,-1,-1,-1,-1,-1,-1,-1,-1,-1,-1,-1,False,False,0,0,False,54,0,0,0,0,0,0,0,0,0,0,0,0,0,0,0,1,
0,3969,2026-02-23 13:16:49Z,,6.932468,7.222708,6.642229,0.6104924,0,1.601483,0,0,0,0,0,0,5.501447,4.352154,6.650752,0.592854,0.702737,0.482971,7.399592,6.222171,8.577012,0.5855438,0,2.107944,7.205703,6.109029,8.302379,9.873802,10,9.534813,6.932468,7.222708,6.642229,0.6104924,0,1.601483,0,0,0,0,0,0,5.501447,4.352154,6.650752,0.592854,0.702737,0.482971,7.399592,6.222171,8.577012,0.5855438,0,2.107944,7.205703,6.109029,8.302379,9.873802,10,9.534813,-1,-1,-1,-1,-1,-1,-1,-1,-1,-1,-1,-1,-1,-1,-1,-1,-1,-1,-1,-1,-1,-1,-1,-1,-1,-1,-1,-1,-1,-1,-1,-1,-1,-1,-1,-1,-1,-1,-1,-1,-1,-1,-1,-1,-1,-1,-1,-1,-1,-1,0,0,0,0,0,0,-1,-1,-1,-1,-1,-1,-1,-1,-1,-1,-1,-1,0,0,0,0,0,0,-1,-1,-1,-1,-1,-1,-1,-1,-1,-1,-1,-1,-1,-1,False,False,0,0,False,54,0,0,0,0,0,0,0,0,0,0,0,0,0,0,0,1,
0,3970,2026-02-23 13:16:49Z,,6.93247,7.222708,6.642231,0.6104897,0,1.601482,0,0,0,0,0,0,5.50145,4.352154,6.650755,0.592854,0.702737,0.482971,7.399592,6.222171,8.577015,0.585542,0,2.107942,7.205706,6.10903,8.302383,9.873808,10,9.53482,6.93247,7.222708,6.642231,0.6104897,0,1.601482,0,0,0,0,0,0,5.50145,4.352154,6.650755,0.592854,0.702737,0.482971,7.399592,6.222171,8.577015,0.585542,0,2.107942,7.205706,6.10903,8.302383,9.873808,10,9.53482,-1,-1,-1,-1,-1,-1,-1,-1,-1,-1,-1,-1,-1,-1,-1,-1,-1,-1,-1,-1,-1,-1,-1,-1,-1,-1,-1,-1,-1,-1,-1,-1,-1,-1,-1,-1,-1,-1,-1,-1,-1,-1,-1,-1,-1,-1,-1,-1,-1,-1,0,0,0,0,0,0,-1,-1,-1,-1,-1,-1,-1,-1,-1,-1,-1,-1,0,0,0,0,0,0,-1,-1,-1,-1,-1,-1,-1,-1,-1,-1,-1,-1,-1,-1,False,False,0,0,False,54,0,0,0,0,0,0,0,0,0,0,0,0,0,0,0,1,
0,3971,2026-02-23 13:16:49Z,,6.932472,7.222709,6.642234,0.6104871,0,1.60148,0,0,0,0,0,0,5.501451,4.352155,6.650758,0.592854,0.702737,0.482971,7.399593,6.22217,8.577017,0.5855404,0,2.107941,7.205709,6.109032,8.302387,9.873813,10,9.534827,6.932472,7.222709,6.642234,0.6104871,0,1.60148,0,0,0,0,0,0,5.501451,4.352155,6.650758,0.592854,0.702737,0.482971,7.399593,6.22217,8.577017,0.5855404,0,2.107941,7.205709,6.109032,8.302387,9.873813,10,9.534827,-1,-1,-1,-1,-1,-1,-1,-1,-1,-1,-1,-1,-1,-1,-1,-1,-1,-1,-1,-1,-1,-1,-1,-1,-1,-1,-1,-1,-1,-1,-1,-1,-1,-1,-1,-1,-1,-1,-1,-1,-1,-1,-1,-1,-1,-1,-1,-1,-1,-1,0,0,0,0,0,0,-1,-1,-1,-1,-1,-1,-1,-1,-1,-1,-1,-1,0,0,0,0,0,0,-1,-1,-1,-1,-1,-1,-1,-1,-1,-1,-1,-1,-1,-1,False,False,0,0,False,54,0,0,0,0,0,0,0,0,0,0,0,0,0,0,0,1,
0,3972,2026-02-23 13:16:49Z,,6.932473,7.222709,6.642237,0.6104844,0,1.601479,0,0,0,0,0,0,5.501453,4.352156,6.650762,0.592854,0.702737,0.482971,7.399594,6.22217,8.57702,0.5855386,0,2.107939,7.205712,6.109033,8.302391,9.873818,10,9.534834,6.932473,7.222709,6.642237,0.6104844,0,1.601479,0,0,0,0,0,0,5.501453,4.352156,6.650762,0.592854,0.702737,0.482971,7.399594,6.22217,8.57702,0.5855386,0,2.107939,7.205712,6.109033,8.302391,9.873818,10,9.534834,-1,-1,-1,-1,-1,-1,-1,-1,-1,-1,-1,-1,-1,-1,-1,-1,-1,-1,-1,-1,-1,-1,-1,-1,-1,-1,-1,-1,-1,-1,-1,-1,-1,-1,-1,-1,-1,-1,-1,-1,-1,-1,-1,-1,-1,-1,-1,-1,-1,-1,0,0,0,0,0,0,-1,-1,-1,-1,-1,-1,-1,-1,-1,-1,-1,-1,0,0,0,0,0,0,-1,-1,-1,-1,-1,-1,-1,-1,-1,-1,-1,-1,-1,-1,False,False,0,0,False,54,0,0,0,0,0,0,0,0,0,0,0,0,0,0,0,1,
0,3973,2026-02-23 13:16:49Z,,6.932475,7.222709,6.64224,0.6104817,0,1.601478,0,0,0,0,0,0,5.501455,4.352156,6.650765,0.592854,0.702737,0.482971,7.399595,6.222169,8.577022,0.5855369,0,2.107937,7.205715,6.109035,8.302395,9.873824,10,9.534841,6.932475,7.222709,6.64224,0.6104817,0,1.601478,0,0,0,0,0,0,5.501455,4.352156,6.650765,0.592854,0.702737,0.482971,7.399595,6.222169,8.577022,0.5855369,0,2.107937,7.205715,6.109035,8.302395,9.873824,10,9.534841,-1,-1,-1,-1,-1,-1,-1,-1,-1,-1,-1,-1,-1,-1,-1,-1,-1,-1,-1,-1,-1,-1,-1,-1,-1,-1,-1,-1,-1,-1,-1,-1,-1,-1,-1,-1,-1,-1,-1,-1,-1,-1,-1,-1,-1,-1,-1,-1,-1,-1,0,0,0,0,0,0,-1,-1,-1,-1,-1,-1,-1,-1,-1,-1,-1,-1,0,0,0,0,0,0,-1,-1,-1,-1,-1,-1,-1,-1,-1,-1,-1,-1,-1,-1,False,False,0,0,False,54,0,0,0,0,0,0,0,0,0,0,0,0,0,0,0,1,
0,3974,2026-02-23 13:16:49Z,,6.932476,7.22271,6.642243,0.6104791,0,1.601476,0,0,0,0,0,0,5.501458,4.352157,6.650768,0.592854,0.702737,0.482971,7.399596,6.222169,8.577024,0.5855352,0,2.107936,7.205718,6.109036,8.3024,9.87383,10,9.534848,6.932476,7.22271,6.642243,0.6104791,0,1.601476,0,0,0,0,0,0,5.501458,4.352157,6.650768,0.592854,0.702737,0.482971,7.399596,6.222169,8.577024,0.5855352,0,2.107936,7.205718,6.109036,8.3024,9.87383,10,9.534848,-1,-1,-1,-1,-1,-1,-1,-1,-1,-1,-1,-1,-1,-1,-1,-1,-1,-1,-1,-1,-1,-1,-1,-1,-1,-1,-1,-1,-1,-1,-1,-1,-1,-1,-1,-1,-1,-1,-1,-1,-1,-1,-1,-1,-1,-1,-1,-1,-1,-1,0,0,0,0,0,0,-1,-1,-1,-1,-1,-1,-1,-1,-1,-1,-1,-1,0,0,0,0,0,0,-1,-1,-1,-1,-1,-1,-1,-1,-1,-1,-1,-1,-1,-1,False,False,0,0,False,54,0,0,0,0,0,0,0,0,0,0,0,0,0,0,0,1,
0,3975,2026-02-23 13:16:49Z,,6.932478,7.22271,6.642246,0.6104764,0,1.601475,0,0,0,0,0,0,5.50146,4.352158,6.650772,0.592854,0.702737,0.482971,7.399597,6.222169,8.577026,0.5855335,0,2.107934,7.20572,6.109038,8.302403,9.873836,10,9.534855,6.932478,7.22271,6.642246,0.6104764,0,1.601475,0,0,0,0,0,0,5.50146,4.352158,6.650772,0.592854,0.702737,0.482971,7.399597,6.222169,8.577026,0.5855335,0,2.107934,7.20572,6.109038,8.302403,9.873836,10,9.534855,-1,-1,-1,-1,-1,-1,-1,-1,-1,-1,-1,-1,-1,-1,-1,-1,-1,-1,-1,-1,-1,-1,-1,-1,-1,-1,-1,-1,-1,-1,-1,-1,-1,-1,-1,-1,-1,-1,-1,-1,-1,-1,-1,-1,-1,-1,-1,-1,-1,-1,0,0,0,0,0,0,-1,-1,-1,-1,-1,-1,-1,-1,-1,-1,-1,-1,0,0,0,0,0,0,-1,-1,-1,-1,-1,-1,-1,-1,-1,-1,-1,-1,-1,-1,False,False,0,0,False,54,0,0,0,0,0,0,0,0,0,0,0,0,0,0,0,1,
0,3976,2026-02-23 13:16:49Z,,6.932479,7.22271,6.642249,0.6104738,0,1.601473,0,0,0,0,0,0,5.501462,4.352159,6.650775,0.592854,0.702737,0.482971,7.399598,6.222168,8.577028,0.5855318,0,2.107932,7.205723,6.109039,8.302407,9.873841,10,9.534862,6.932479,7.22271,6.642249,0.6104738,0,1.601473,0,0,0,0,0,0,5.501462,4.352159,6.650775,0.592854,0.702737,0.482971,7.399598,6.222168,8.577028,0.5855318,0,2.107932,7.205723,6.109039,8.302407,9.873841,10,9.534862,-1,-1,-1,-1,-1,-1,-1,-1,-1,-1,-1,-1,-1,-1,-1,-1,-1,-1,-1,-1,-1,-1,-1,-1,-1,-1,-1,-1,-1,-1,-1,-1,-1,-1,-1,-1,-1,-1,-1,-1,-1,-1,-1,-1,-1,-1,-1,-1,-1,-1,0,0,0,0,0,0,-1,-1,-1,-1,-1,-1,-1,-1,-1,-1,-1,-1,0,0,0,0,0,0,-1,-1,-1,-1,-1,-1,-1,-1,-1,-1,-1,-1,-1,-1,False,False,0,0,False,54,0,0,0,0,0,0,0,0,0,0,0,0,0,0,0,1,
0,3977,2026-02-23 13:16:49Z,,6.932481,7.22271,6.642251,0.6104711,0,1.601472,0,0,0,0,0,0,5.501463,4.352159,6.650778,0.592854,0.702737,0.482971,7.399599,6.222168,8.577031,0.5855301,0,2.10793,7.205726,6.109041,8.302412,9.873847,10,9.534869,6.932481,7.22271,6.642251,0.6104711,0,1.601472,0,0,0,0,0,0,5.501463,4.352159,6.650778,0.592854,0.702737,0.482971,7.399599,6.222168,8.577031,0.5855301,0,2.10793,7.205726,6.109041,8.302412,9.873847,10,9.534869,-1,-1,-1,-1,-1,-1,-1,-1,-1,-1,-1,-1,-1,-1,-1,-1,-1,-1,-1,-1,-1,-1,-1,-1,-1,-1,-1,-1,-1,-1,-1,-1,-1,-1,-1,-1,-1,-1,-1,-1,-1,-1,-1,-1,-1,-1,-1,-1,-1,-1,0,0,0,0,0,0,-1,-1,-1,-1,-1,-1,-1,-1,-1,-1,-1,-1,0,0,0,0,0,0,-1,-1,-1,-1,-1,-1,-1,-1,-1,-1,-1,-1,-1,-1,False,False,0,0,False,54,0,0,0,0,0,0,0,0,0,0,0,0,0,0,0,1,
0,3978,2026-02-23 13:16:49Z,,6.932483,7.222711,6.642254,0.6104684,0,1.60147,0,0,0,0,0,0,5.501465,4.35216,6.650782,0.592854,0.702737,0.482971,7.3996,6.222167,8.577033,0.5855284,0,2.107929,7.205729,6.109042,8.302416,9.873852,10,9.534876,6.932483,7.222711,6.642254,0.6104684,0,1.60147,0,0,0,0,0,0,5.501465,4.35216,6.650782,0.592854,0.702737,0.482971,7.3996,6.222167,8.577033,0.5855284,0,2.107929,7.205729,6.109042,8.302416,9.873852,10,9.534876,-1,-1,-1,-1,-1,-1,-1,-1,-1,-1,-1,-1,-1,-1,-1,-1,-1,-1,-1,-1,-1,-1,-1,-1,-1,-1,-1,-1,-1,-1,-1,-1,-1,-1,-1,-1,-1,-1,-1,-1,-1,-1,-1,-1,-1,-1,-1,-1,-1,-1,0,0,0,0,0,0,-1,-1,-1,-1,-1,-1,-1,-1,-1,-1,-1,-1,0,0,0,0,0,0,-1,-1,-1,-1,-1,-1,-1,-1,-1,-1,-1,-1,-1,-1,False,False,0,0,False,54,0,0,0,0,0,0,0,0,0,0,0,0,0,0,0,1,
0,3979,2026-02-23 13:16:49Z,,6.932484,7.222711,6.642257,0.6104658,0,1.601469,0,0,0,0,0,0,5.501468,4.35216,6.650785,0.592854,0.702737,0.482971,7.399601,6.222167,8.577035,0.5855267,0,2.107927,7.205731,6.109044,8.30242,9.873857,10,9.534883,6.932484,7.222711,6.642257,0.6104658,0,1.601469,0,0,0,0,0,0,5.501468,4.35216,6.650785,0.592854,0.702737,0.482971,7.399601,6.222167,8.577035,0.5855267,0,2.107927,7.205731,6.109044,8.30242,9.873857,10,9.534883,-1,-1,-1,-1,-1,-1,-1,-1,-1,-1,-1,-1,-1,-1,-1,-1,-1,-1,-1,-1,-1,-1,-1,-1,-1,-1,-1,-1,-1,-1,-1,-1,-1,-1,-1,-1,-1,-1,-1,-1,-1,-1,-1,-1,-1,-1,-1,-1,-1,-1,0,0,0,0,0,0,-1,-1,-1,-1,-1,-1,-1,-1,-1,-1,-1,-1,0,0,0,0,0,0,-1,-1,-1,-1,-1,-1,-1,-1,-1,-1,-1,-1,-1,-1,False,False,0,0,False,54,0,0,0,0,0,0,0,0,0,0,0,0,0,0,0,1,
0,3980,2026-02-23 13:16:49Z,,6.932486,7.222711,6.64226,0.6104631,0,1.601467,0,0,0,0,0,0,5.50147,4.352161,6.650788,0.592854,0.702737,0.482971,7.399602,6.222167,8.577038,0.585525,0,2.107925,7.205734,6.109046,8.302423,9.873863,10,9.53489,6.932486,7.222711,6.64226,0.6104631,0,1.601467,0,0,0,0,0,0,5.50147,4.352161,6.650788,0.592854,0.702737,0.482971,7.399602,6.222167,8.577038,0.585525,0,2.107925,7.205734,6.109046,8.302423,9.873863,10,9.53489,-1,-1,-1,-1,-1,-1,-1,-1,-1,-1,-1,-1,-1,-1,-1,-1,-1,-1,-1,-1,-1,-1,-1,-1,-1,-1,-1,-1,-1,-1,-1,-1,-1,-1,-1,-1,-1,-1,-1,-1,-1,-1,-1,-1,-1,-1,-1,-1,-1,-1,0,0,0,0,0,0,-1,-1,-1,-1,-1,-1,-1,-1,-1,-1,-1,-1,0,0,0,0,0,0,-1,-1,-1,-1,-1,-1,-1,-1,-1,-1,-1,-1,-1,-1,False,False,0,0,False,54,0,0,0,0,0,0,0,0,0,0,0,0,0,0,0,1,
0,3981,2026-02-23 13:16:49Z,,6.932487,7.222712,6.642263,0.6104605,0,1.601466,0,0,0,0,0,0,5.501472,4.352162,6.650792,0.592854,0.702737,0.482971,7.399603,6.222166,8.57704,0.5855233,0,2.107924,7.205737,6.109047,8.302428,9.873869,10,9.534897,6.932487,7.222712,6.642263,0.6104605,0,1.601466,0,0,0,0,0,0,5.501472,4.352162,6.650792,0.592854,0.702737,0.482971,7.399603,6.222166,8.57704,0.5855233,0,2.107924,7.205737,6.109047,8.302428,9.873869,10,9.534897,-1,-1,-1,-1,-1,-1,-1,-1,-1,-1,-1,-1,-1,-1,-1,-1,-1,-1,-1,-1,-1,-1,-1,-1,-1,-1,-1,-1,-1,-1,-1,-1,-1,-1,-1,-1,-1,-1,-1,-1,-1,-1,-1,-1,-1,-1,-1,-1,-1,-1,0,0,0,0,0,0,-1,-1,-1,-1,-1,-1,-1,-1,-1,-1,-1,-1,0,0,0,0,0,0,-1,-1,-1,-1,-1,-1,-1,-1,-1,-1,-1,-1,-1,-1,False,False,0,0,False,54,0,0,0,0,0,0,0,0,0,0,0,0,0,0,0,1,
0,3982,2026-02-23 13:16:49Z,,6.932489,7.222712,6.642266,0.6104578,0,1.601464,0,0,0,0,0,0,5.501473,4.352162,6.650795,0.592854,0.702737,0.482971,7.399604,6.222166,8.577043,0.5855216,0,2.107922,7.205739,6.109048,8.302432,9.873875,10,9.534904,6.932489,7.222712,6.642266,0.6104578,0,1.601464,0,0,0,0,0,0,5.501473,4.352162,6.650795,0.592854,0.702737,0.482971,7.399604,6.222166,8.577043,0.5855216,0,2.107922,7.205739,6.109048,8.302432,9.873875,10,9.534904,-1,-1,-1,-1,-1,-1,-1,-1,-1,-1,-1,-1,-1,-1,-1,-1,-1,-1,-1,-1,-1,-1,-1,-1,-1,-1,-1,-1,-1,-1,-1,-1,-1,-1,-1,-1,-1,-1,-1,-1,-1,-1,-1,-1,-1,-1,-1,-1,-1,-1,0,0,0,0,0,0,-1,-1,-1,-1,-1,-1,-1,-1,-1,-1,-1,-1,0,0,0,0,0,0,-1,-1,-1,-1,-1,-1,-1,-1,-1,-1,-1,-1,-1,-1,False,False,0,0,False,54,0,0,0,0,0,0,0,0,0,0,0,0,0,0,0,1,
0,3983,2026-02-23 13:16:49Z,,6.93249,7.222712,6.642269,0.6104552,0,1.601463,0,0,0,0,0,0,5.501476,4.352163,6.650798,0.592854,0.702737,0.482971,7.399604,6.222165,8.577044,0.5855199,0,2.10792,7.205742,6.10905,8.302436,9.87388,10,9.534911,6.93249,7.222712,6.642269,0.6104552,0,1.601463,0,0,0,0,0,0,5.501476,4.352163,6.650798,0.592854,0.702737,0.482971,7.399604,6.222165,8.577044,0.5855199,0,2.10792,7.205742,6.10905,8.302436,9.87388,10,9.534911,-1,-1,-1,-1,-1,-1,-1,-1,-1,-1,-1,-1,-1,-1,-1,-1,-1,-1,-1,-1,-1,-1,-1,-1,-1,-1,-1,-1,-1,-1,-1,-1,-1,-1,-1,-1,-1,-1,-1,-1,-1,-1,-1,-1,-1,-1,-1,-1,-1,-1,0,0,0,0,0,0,-1,-1,-1,-1,-1,-1,-1,-1,-1,-1,-1,-1,0,0,0,0,0,0,-1,-1,-1,-1,-1,-1,-1,-1,-1,-1,-1,-1,-1,-1,False,False,0,0,False,54,0,0,0,0,0,0,0,0,0,0,0,0,0,0,0,1,
0,3984,2026-02-23 13:16:49Z,,6.932492,7.222713,6.642272,0.6104525,0,1.601461,0,0,0,0,0,0,5.501478,4.352164,6.650802,0.592854,0.702737,0.482971,7.399605,6.222165,8.577047,0.5855182,0,2.107919,7.205745,6.109051,8.30244,9.873885,10,9.534918,6.932492,7.222713,6.642272,0.6104525,0,1.601461,0,0,0,0,0,0,5.501478,4.352164,6.650802,0.592854,0.702737,0.482971,7.399605,6.222165,8.577047,0.5855182,0,2.107919,7.205745,6.109051,8.30244,9.873885,10,9.534918,-1,-1,-1,-1,-1,-1,-1,-1,-1,-1,-1,-1,-1,-1,-1,-1,-1,-1,-1,-1,-1,-1,-1,-1,-1,-1,-1,-1,-1,-1,-1,-1,-1,-1,-1,-1,-1,-1,-1,-1,-1,-1,-1,-1,-1,-1,-1,-1,-1,-1,0,0,0,0,0,0,-1,-1,-1,-1,-1,-1,-1,-1,-1,-1,-1,-1,0,0,0,0,0,0,-1,-1,-1,-1,-1,-1,-1,-1,-1,-1,-1,-1,-1,-1,False,False,0,0,False,54,0,0,0,0,0,0,0,0,0,0,0,0,0,0,0,1,
0,3985,2026-02-23 13:16:50Z,LLM_Empathetic,6.932493,7.222713,6.642274,0.6104499,0,1.60146,0,0,0,0,0,0,5.50148,4.352164,6.650805,0.592854,0.702737,0.482971,7.399606,6.222164,8.577049,0.5855165,0,2.107917,7.205748,6.109053,8.302444,9.873891,10,9.534925,6.932493,7.222713,6.642274,0.6104499,0,1.60146,0,0,0,0,0,0,5.50148,4.352164,6.650805,0.592854,0.702737,0.482971,7.399606,6.222164,8.577049,0.5855165,0,2.107917,7.205748,6.109053,8.302444,9.873891,10,9.534925,-1,-1,-1,-1,-1,-1,-1,-1,-1,-1,-1,-1,-1,-1,-1,-1,-1,-1,-1,-1,-1,-1,-1,-1,-1,-1,-1,-1,-1,-1,-1,-1,-1,-1,-1,-1,-1,-1,-1,-1,-1,-1,-1,-1,-1,-1,-1,-1,-1,-1,0,0,0,0,0,0,-1,-1,-1,-1,-1,-1,-1,-1,-1,-1,-1,-1,0,0,0,0,0,0,-1,-1,-1,-1,-1,-1,-1,-1,-1,-1,-1,-1,-1,-1,False,False,0,0,False,54,0,0,0,0,0,0,0,0,0,0,0,0,0,0,0,1,
0,3986,2026-02-23 13:16:50Z,LLM_Empathetic,6.932495,7.222713,6.642277,0.6104472,0,1.601459,0,0,0,0,0,0,5.501482,4.352165,6.650808,0.592854,0.702737,0.482971,7.399607,6.222164,8.577051,0.5855148,0,2.107915,7.205751,6.109055,8.302448,9.873897,10,9.534932,6.932495,7.222713,6.642277,0.6104472,0,1.601459,0,0,0,0,0,0,5.501482,4.352165,6.650808,0.592854,0.702737,0.482971,7.399607,6.222164,8.577051,0.5855148,0,2.107915,7.205751,6.109055,8.302448,9.873897,10,9.534932,-1,-1,-1,-1,-1,-1,-1,-1,-1,-1,-1,-1,-1,-1,-1,-1,-1,-1,-1,-1,-1,-1,-1,-1,-1,-1,-1,-1,-1,-1,-1,-1,-1,-1,-1,-1,-1,-1,-1,-1,-1,-1,-1,-1,-1,-1,-1,-1,-1,-1,0,0,0,0,0,0,-1,-1,-1,-1,-1,-1,-1,-1,-1,-1,-1,-1,0,0,0,0,0,0,-1,-1,-1,-1,-1,-1,-1,-1,-1,-1,-1,-1,-1,-1,False,False,0,0,False,182,0,0,0,0,0,0,0,0,0,0,0,0,0,0,0,1,
0,3987,2026-02-23 13:16:50Z,LLM_Empathetic,6.932497,7.222713,6.64228,0.6104446,0,1.601457,0,0,0,0,0,0,5.501483,4.352166,6.650812,0.592854,0.702737,0.482971,7.399608,6.222163,8.577054,0.5855131,0,2.107913,7.205754,6.109056,8.302452,9.873902,10,9.534939,6.932497,7.222713,6.64228,0.6104446,0,1.601457,0,0,0,0,0,0,5.501483,4.352166,6.650812,0.592854,0.702737,0.482971,7.399608,6.222163,8.577054,0.5855131,0,2.107913,7.205754,6.109056,8.302452,9.873902,10,9.534939,-1,-1,-1,-1,-1,-1,-1,-1,-1,-1,-1,-1,-1,-1,-1,-1,-1,-1,-1,-1,-1,-1,-1,-1,-1,-1,-1,-1,-1,-1,-1,-1,-1,-1,-1,-1,-1,-1,-1,-1,-1,-1,-1,-1,-1,-1,-1,-1,-1,-1,0,0,0,0,0,0,-1,-1,-1,-1,-1,-1,-1,-1,-1,-1,-1,-1,0,0,0,0,0,0,-1,-1,-1,-1,-1,-1,-1,-1,-1,-1,-1,-1,-1,-1,False,False,0,0,False,209,0,0,0,0,0,0,0,0,0,0,0,0,0,0,0,1,
0,3988,2026-02-23 13:16:50Z,LLM_Empathetic,6.932498,7.222713,6.642282,0.610442,0,1.601456,0,0,0,0,0,0,5.501486,4.352166,6.650815,0.592854,0.702737,0.482971,7.399609,6.222163,8.577056,0.5855114,0,2.107912,7.205756,6.109057,8.302456,9.873908,10,9.534945,6.932498,7.222713,6.642282,0.610442,0,1.601456,0,0,0,0,0,0,5.501486,4.352166,6.650815,0.592854,0.702737,0.482971,7.399609,6.222163,8.577056,0.5855114,0,2.107912,7.205756,6.109057,8.302456,9.873908,10,9.534945,-1,-1,-1,-1,-1,-1,-1,-1,-1,-1,-1,-1,-1,-1,-1,-1,-1,-1,-1,-1,-1,-1,-1,-1,-1,-1,-1,-1,-1,-1,-1,-1,-1,-1,-1,-1,-1,-1,-1,-1,-1,-1,-1,-1,-1,-1,-1,-1,-1,-1,0,0,0,0,0,0,-1,-1,-1,-1,-1,-1,-1,-1,-1,-1,-1,-1,0,0,0,0,0,0,-1,-1,-1,-1,-1,-1,-1,-1,-1,-1,-1,-1,-1,-1,False,False,0,0,False,209,0,0,0,0,0,0,0,0,0,0,0,0,0,0,0,1,
0,3989,2026-02-23 13:16:50Z,LLM_Empathetic,6.9325,7.222713,6.642285,0.6104393,0,1.601454,0,0,0,0,0,0,5.501488,4.352167,6.650818,0.592854,0.702737,0.482971,7.39961,6.222162,8.577059,0.5855097,0,2.10791,7.205759,6.109059,8.302461,9.873914,10,9.534953,6.9325,7.222713,6.642285,0.6104393,0,1.601454,0,0,0,0,0,0,5.501488,4.352167,6.650818,0.592854,0.702737,0.482971,7.39961,6.222162,8.577059,0.5855097,0,2.10791,7.205759,6.109059,8.302461,9.873914,10,9.534953,-1,-1,-1,-1,-1,-1,-1,-1,-1,-1,-1,-1,-1,-1,-1,-1,-1,-1,-1,-1,-1,-1,-1,-1,-1,-1,-1,-1,-1,-1,-1,-1,-1,-1,-1,-1,-1,-1,-1,-1,-1,-1,-1,-1,-1,-1,-1,-1,-1,-1,0,0,0,0,0,0,-1,-1,-1,-1,-1,-1,-1,-1,-1,-1,-1,-1,0,0,0,0,0,0,-1,-1,-1,-1,-1,-1,-1,-1,-1,-1,-1,-1,-1,-1,False,False,0,0,False,209,0,0,0,0,0,0,0,0,0,0,0,0,0,0,0,1,
0,3990,2026-02-23 13:16:50Z,LLM_Empathetic,6.932498,7.222713,6.642282,0.610442,0,1.601456,0,0,0,0,0,0,5.501486,4.352166,6.650815,0.592854,0.702737,0.482971,7.399609,6.222163,8.577056,0.5855114,0,2.107912,7.205756,6.109057,8.302456,9.873908,10,9.534945,6.932498,7.222713,6.642282,0.610442,0,1.601456,0,0,0,0,0,0,5.501486,4.352166,6.650815,0.592854,0.702737,0.482971,7.399609,6.222163,8.577056,0.5855114,0,2.107912,7.205756,6.109057,8.302456,9.873908,10,9.534945,-1,-1,-1,-1,-1,-1,-1,-1,-1,-1,-1,-1,-1,-1,-1,-1,-1,-1,-1,-1,-1,-1,-1,-1,-1,-1,-1,-1,-1,-1,-1,-1,-1,-1,-1,-1,-1,-1,-1,-1,-1,-1,-1,-1,-1,-1,-1,-1,-1,-1,0,0,0,0,0,0,-1,-1,-1,-1,-1,-1,-1,-1,-1,-1,-1,-1,0,0,0,0,0,0,-1,-1,-1,-1,-1,-1,-1,-1,-1,-1,-1,-1,-1,-1,False,False,0,0,False,207,0,0,0,0,0,0,0,0,0,0,0,0,0,0,0,1,
0,3991,2026-02-23 13:16:50Z,LLM_Empathetic,6.932495,7.222713,6.642277,0.6104472,0,1.601459,0,0,0,0,0,0,5.501482,4.352165,6.650808,0.592854,0.702737,0.482971,7.399607,6.222164,8.577051,0.5855148,0,2.107915,7.205751,6.109055,8.302448,9.873897,10,9.534932,6.932495,7.222713,6.642277,0.6104472,0,1.601459,0,0,0,0,0,0,5.501482,4.352165,6.650808,0.592854,0.702737,0.482971,7.399607,6.222164,8.577051,0.5855148,0,2.107915,7.205751,6.109055,8.302448,9.873897,10,9.534932,-1,-1,-1,-1,-1,-1,-1,-1,-1,-1,-1,-1,-1,-1,-1,-1,-1,-1,-1,-1,-1,-1,-1,-1,-1,-1,-1,-1,-1,-1,-1,-1,-1,-1,-1,-1,-1,-1,-1,-1,-1,-1,-1,-1,-1,-1,-1,-1,-1,-1,0,0,0,0,0,0,-1,-1,-1,-1,-1,-1,-1,-1,-1,-1,-1,-1,0,0,0,0,0,0,-1,-1,-1,-1,-1,-1,-1,-1,-1,-1,-1,-1,-1,-1,False,False,0,0,False,207,0,0,0,0,0,0,0,0,0,0,0,0,0,0,0,1,
0,3992,2026-02-23 13:16:50Z,LLM_Empathetic,6.932493,7.222713,6.642274,0.6104499,0,1.60146,0,0,0,0,0,0,5.50148,4.352164,6.650805,0.592854,0.702737,0.482971,7.399606,6.222164,8.577049,0.5855165,0,2.107917,7.205748,6.109053,8.302444,9.873891,10,9.534925,6.932493,7.222713,6.642274,0.6104499,0,1.60146,0,0,0,0,0,0,5.50148,4.352164,6.650805,0.592854,0.702737,0.482971,7.399606,6.222164,8.577049,0.5855165,0,2.107917,7.205748,6.109053,8.302444,9.873891,10,9.534925,-1,-1,-1,-1,-1,-1,-1,-1,-1,-1,-1,-1,-1,-1,-1,-1,-1,-1,-1,-1,-1,-1,-1,-1,-1,-1,-1,-1,-1,-1,-1,-1,-1,-1,-1,-1,-1,-1,-1,-1,-1,-1,-1,-1,-1,-1,-1,-1,-1,-1,0,0,0,0,0,0,-1,-1,-1,-1,-1,-1,-1,-1,-1,-1,-1,-1,0,0,0,0,0,0,-1,-1,-1,-1,-1,-1,-1,-1,-1,-1,-1,-1,-1,-1,False,False,0,0,False,207,0,0,0,0,0,0,0,0,0,0,0,0,0,0,0,1,
0,3993,2026-02-23 13:16:50Z,LLM_Empathetic,6.93249,7.222712,6.642269,0.6104552,0,1.601463,0,0,0,0,0,0,5.501476,4.352163,6.650798,0.592854,0.702737,0.482971,7.399604,6.222165,8.577044,0.5855199,0,2.10792,7.205742,6.10905,8.302436,9.87388,10,9.534911,6.93249,7.222712,6.642269,0.6104552,0,1.601463,0,0,0,0,0,0,5.501476,4.352163,6.650798,0.592854,0.702737,0.482971,7.399604,6.222165,8.577044,0.5855199,0,2.10792,7.205742,6.10905,8.302436,9.87388,10,9.534911,-1,-1,-1,-1,-1,-1,-1,-1,-1,-1,-1,-1,-1,-1,-1,-1,-1,-1,-1,-1,-1,-1,-1,-1,-1,-1,-1,-1,-1,-1,-1,-1,-1,-1,-1,-1,-1,-1,-1,-1,-1,-1,-1,-1,-1,-1,-1,-1,-1,-1,0,0,0,0,0,0,-1,-1,-1,-1,-1,-1,-1,-1,-1,-1,-1,-1,0,0,0,0,0,0,-1,-1,-1,-1,-1,-1,-1,-1,-1,-1,-1,-1,-1,-1,False,False,0,0,False,209,0,0,0,0,0,0,0,0,0,0,0,0,0,0,0,1,
0,3994,2026-02-23 13:16:50Z,LLM_Empathetic,6.932487,7.222712,6.642263,0.6104605,0,1.601466,0,0,0,0,0,0,5.501472,4.352162,6.650792,0.592854,0.702737,0.482971,7.399603,6.222166,8.57704,0.5855233,0,2.107924,7.205737,6.109047,8.302428,9.873869,10,9.534897,6.932487,7.222712,6.642263,0.6104605,0,1.601466,0,0,0,0,0,0,5.501472,4.352162,6.650792,0.592854,0.702737,0.482971,7.399603,6.222166,8.57704,0.5855233,0,2.107924,7.205737,6.109047,8.302428,9.873869,10,9.534897,-1,-1,-1,-1,-1,-1,-1,-1,-1,-1,-1,-1,-1,-1,-1,-1,-1,-1,-1,-1,-1,-1,-1,-1,-1,-1,-1,-1,-1,-1,-1,-1,-1,-1,-1,-1,-1,-1,-1,-1,-1,-1,-1,-1,-1,-1,-1,-1,-1,-1,0,0,0,0,0,0,-1,-1,-1,-1,-1,-1,-1,-1,-1,-1,-1,-1,0,0,0,0,0,0,-1,-1,-1,-1,-1,-1,-1,-1,-1,-1,-1,-1,-1,-1,False,False,0,0,False,209,0,0,0,0,0,0,0,0,0,0,0,0,0,0,0,1,
0,3995,2026-02-23 13:16:50Z,LLM_Empathetic,6.932486,7.222711,6.64226,0.6104631,0,1.601467,0,0,0,0,0,0,5.50147,4.352161,6.650788,0.592854,0.702737,0.482971,7.399602,6.222167,8.577038,0.585525,0,2.107925,7.205734,6.109046,8.302423,9.873863,10,9.53489,6.932486,7.222711,6.64226,0.6104631,0,1.601467,0,0,0,0,0,0,5.50147,4.352161,6.650788,0.592854,0.702737,0.482971,7.399602,6.222167,8.577038,0.585525,0,2.107925,7.205734,6.109046,8.302423,9.873863,10,9.53489,-1,-1,-1,-1,-1,-1,-1,-1,-1,-1,-1,-1,-1,-1,-1,-1,-1,-1,-1,-1,-1,-1,-1,-1,-1,-1,-1,-1,-1,-1,-1,-1,-1,-1,-1,-1,-1,-1,-1,-1,-1,-1,-1,-1,-1,-1,-1,-1,-1,-1,0,0,0,0,0,0,-1,-1,-1,-1,-1,-1,-1,-1,-1,-1,-1,-1,0,0,0,0,0,0,-1,-1,-1,-1,-1,-1,-1,-1,-1,-1,-1,-1,-1,-1,False,False,0,0,False,207,0,0,0,0,0,0,0,0,0,0,0,0,0,0,0,1,
0,3996,2026-02-23 13:16:50Z,LLM_Empathetic,6.932484,7.222711,6.642257,0.6104658,0,1.601469,0,0,0,0,0,0,5.501468,4.35216,6.650785,0.592854,0.702737,0.482971,7.399601,6.222167,8.577035,0.5855267,0,2.107927,7.205731,6.109044,8.30242,9.873857,10,9.534883,6.932484,7.222711,6.642257,0.6104658,0,1.601469,0,0,0,0,0,0,5.501468,4.35216,6.650785,0.592854,0.702737,0.482971,7.399601,6.222167,8.577035,0.5855267,0,2.107927,7.205731,6.109044,8.30242,9.873857,10,9.534883,-1,-1,-1,-1,-1,-1,-1,-1,-1,-1,-1,-1,-1,-1,-1,-1,-1,-1,-1,-1,-1,-1,-1,-1,-1,-1,-1,-1,-1,-1,-1,-1,-1,-1,-1,-1,-1,-1,-1,-1,-1,-1,-1,-1,-1,-1,-1,-1,-1,-1,0,0,0,0,0,0,-1,-1,-1,-1,-1,-1,-1,-1,-1,-1,-1,-1,0,0,0,0,0,0,-1,-1,-1,-1,-1,-1,-1,-1,-1,-1,-1,-1,-1,-1,False,False,0,0,False,207,0,0,0,0,0,0,0,0,0,0,0,0,0,0,0,1,
0,3997,2026-02-23 13:16:50Z,LLM_Empathetic,6.932481,7.22271,6.642251,0.6104711,0,1.601472,0,0,0,0,0,0,5.501463,4.352159,6.650778,0.592854,0.702737,0.482971,7.399599,6.222168,8.577031,0.5855301,0,2.10793,7.205726,6.109041,8.302412,9.873847,10,9.534869,6.932481,7.22271,6.642251,0.6104711,0,1.601472,0,0,0,0,0,0,5.501463,4.352159,6.650778,0.592854,0.702737,0.482971,7.399599,6.222168,8.577031,0.5855301,0,2.10793,7.205726,6.109041,8.302412,9.873847,10,9.534869,-1,-1,-1,-1,-1,-1,-1,-1,-1,-1,-1,-1,-1,-1,-1,-1,-1,-1,-1,-1,-1,-1,-1,-1,-1,-1,-1,-1,-1,-1,-1,-1,-1,-1,-1,-1,-1,-1,-1,-1,-1,-1,-1,-1,-1,-1,-1,-1,-1,-1,0,0,0,0,0,0,-1,-1,-1,-1,-1,-1,-1,-1,-1,-1,-1,-1,0,0,0,0,0,0,-1,-1,-1,-1,-1,-1,-1,-1,-1,-1,-1,-1,-1,-1,False,False,0,0,False,207,0,0,0,0,0,0,0,0,0,0,0,0,0,0,0,1,
0,3998,2026-02-23 13:16:50Z,LLM_Empathetic,6.932479,7.22271,6.642249,0.6104738,0,1.601473,0,0,0,0,0,0,5.501462,4.352159,6.650775,0.592854,0.702737,0.482971,7.399598,6.222168,8.577028,0.5855318,0,2.107932,7.205723,6.109039,8.302407,9.873841,10,9.534862,6.932479,7.22271,6.642249,0.6104738,0,1.601473,0,0,0,0,0,0,5.501462,4.352159,6.650775,0.592854,0.702737,0.482971,7.399598,6.222168,8.577028,0.5855318,0,2.107932,7.205723,6.109039,8.302407,9.873841,10,9.534862,-1,-1,-1,-1,-1,-1,-1,-1,-1,-1,-1,-1,-1,-1,-1,-1,-1,-1,-1,-1,-1,-1,-1,-1,-1,-1,-1,-1,-1,-1,-1,-1,-1,-1,-1,-1,-1,-1,-1,-1,-1,-1,-1,-1,-1,-1,-1,-1,-1,-1,0,0,0,0,0,0,-1,-1,-1,-1,-1,-1,-1,-1,-1,-1,-1,-1,0,0,0,0,0,0,-1,-1,-1,-1,-1,-1,-1,-1,-1,-1,-1,-1,-1,-1,False,False,0,0,False,207,0,0,0,0,0,0,0,0,0,0,0,0,0,0,0,1,
0,3999,2026-02-23 13:16:51Z,LLM_Empathetic,6.932476,7.22271,6.642243,0.6104791,0,1.601476,0,0,0,0,0,0,5.501458,4.352157,6.650768,0.592854,0.702737,0.482971,7.399596,6.222169,8.577024,0.5855352,0,2.107936,7.205718,6.109036,8.3024,9.87383,10,9.534848,6.932476,7.22271,6.642243,0.6104791,0,1.601476,0,0,0,0,0,0,5.501458,4.352157,6.650768,0.592854,0.702737,0.482971,7.399596,6.222169,8.577024,0.5855352,0,2.107936,7.205718,6.109036,8.3024,9.87383,10,9.534848,-1,-1,-1,-1,-1,-1,-1,-1,-1,-1,-1,-1,-1,-1,-1,-1,-1,-1,-1,-1,-1,-1,-1,-1,-1,-1,-1,-1,-1,-1,-1,-1,-1,-1,-1,-1,-1,-1,-1,-1,-1,-1,-1,-1,-1,-1,-1,-1,-1,-1,0,0,0,0,0,0,-1,-1,-1,-1,-1,-1,-1,-1,-1,-1,-1,-1,0,0,0,0,0,0,-1,-1,-1,-1,-1,-1,-1,-1,-1,-1,-1,-1,-1,-1,False,False,0,0,False,209,0,0,0,0,0,0,0,0,0,0,0,0,0,0,0,1,
0,4000,2026-02-23 13:16:51Z,LLM_Empathetic,6.932475,7.222709,6.64224,0.6104817,0,1.601478,0,0,0,0,0,0,5.501455,4.352156,6.650765,0.592854,0.702737,0.482971,7.399595,6.222169,8.577022,0.5855369,0,2.107937,7.205715,6.109035,8.302395,9.873824,10,9.534841,6.932475,7.222709,6.64224,0.6104817,0,1.601478,0,0,0,0,0,0,5.501455,4.352156,6.650765,0.592854,0.702737,0.482971,7.399595,6.222169,8.577022,0.5855369,0,2.107937,7.205715,6.109035,8.302395,9.873824,10,9.534841,-1,-1,-1,-1,-1,-1,-1,-1,-1,-1,-1,-1,-1,-1,-1,-1,-1,-1,-1,-1,-1,-1,-1,-1,-1,-1,-1,-1,-1,-1,-1,-1,-1,-1,-1,-1,-1,-1,-1,-1,-1,-1,-1,-1,-1,-1,-1,-1,-1,-1,0,0,0,0,0,0,-1,-1,-1,-1,-1,-1,-1,-1,-1,-1,-1,-1,0,0,0,0,0,0,-1,-1,-1,-1,-1,-1,-1,-1,-1,-1,-1,-1,-1,-1,False,False,0,0,False,207,0,0,0,0,0,0,0,0,0,0,0,0,0,0,0,1,
0,4001,2026-02-23 13:16:51Z,LLM_Empathetic,6.932472,7.222709,6.642234,0.6104871,0,1.60148,0,0,0,0,0,0,5.501451,4.352155,6.650758,0.592854,0.702737,0.482971,7.399593,6.22217,8.577017,0.5855404,0,2.107941,7.205709,6.109032,8.302387,9.873813,10,9.534827,6.932472,7.222709,6.642234,0.6104871,0,1.60148,0,0,0,0,0,0,5.501451,4.352155,6.650758,0.592854,0.702737,0.482971,7.399593,6.22217,8.577017,0.5855404,0,2.107941,7.205709,6.109032,8.302387,9.873813,10,9.534827,-1,-1,-1,-1,-1,-1,-1,-1,-1,-1,-1,-1,-1,-1,-1,-1,-1,-1,-1,-1,-1,-1,-1,-1,-1,-1,-1,-1,-1,-1,-1,-1,-1,-1,-1,-1,-1,-1,-1,-1,-1,-1,-1,-1,-1,-1,-1,-1,-1,-1,0,0,0,0,0,0,-1,-1,-1,-1,-1,-1,-1,-1,-1,-1,-1,-1,0,0,0,0,0,0,-1,-1,-1,-1,-1,-1,-1,-1,-1,-1,-1,-1,-1,-1,False,False,0,0,False,207,0,0,0,0,0,0,0,0,0,0,0,0,0,0,0,1,
0,4002,2026-02-23 13:16:51Z,LLM_Empathetic,6.93247,7.222708,6.642231,0.6104897,0,1.601482,0,0,0,0,0,0,5.50145,4.352154,6.650755,0.592854,0.702737,0.482971,7.399592,6.222171,8.577015,0.585542,0,2.107942,7.205706,6.10903,8.302383,9.873808,10,9.53482,6.93247,7.222708,6.642231,0.6104897,0,1.601482,0,0,0,0,0,0,5.50145,4.352154,6.650755,0.592854,0.702737,0.482971,7.399592,6.222171,8.577015,0.585542,0,2.107942,7.205706,6.10903,8.302383,9.873808,10,9.53482,-1,-1,-1,-1,-1,-1,-1,-1,-1,-1,-1,-1,-1,-1,-1,-1,-1,-1,-1,-1,-1,-1,-1,-1,-1,-1,-1,-1,-1,-1,-1,-1,-1,-1,-1,-1,-1,-1,-1,-1,-1,-1,-1,-1,-1,-1,-1,-1,-1,-1,0,0,0,0,0,0,-1,-1,-1,-1,-1,-1,-1,-1,-1,-1,-1,-1,0,0,0,0,0,0,-1,-1,-1,-1,-1,-1,-1,-1,-1,-1,-1,-1,-1,-1,False,False,0,0,False,209,0,0,0,0,0,0,0,0,0,0,0,0,0,0,0,1,
0,4003,2026-02-23 13:16:51Z,LLM_Empathetic,6.932467,7.222708,6.642226,0.6104951,0,1.601485,0,0,0,0,0,0,5.501445,4.352153,6.650748,0.592854,0.702737,0.482971,7.399591,6.222172,8.57701,0.5855454,0,2.107946,7.2057,6.109027,8.302375,9.873796,10,9.534806,6.932467,7.222708,6.642226,0.6104951,0,1.601485,0,0,0,0,0,0,5.501445,4.352153,6.650748,0.592854,0.702737,0.482971,7.399591,6.222172,8.57701,0.5855454,0,2.107946,7.2057,6.109027,8.302375,9.873796,10,9.534806,-1,-1,-1,-1,-1,-1,-1,-1,-1,-1,-1,-1,-1,-1,-1,-1,-1,-1,-1,-1,-1,-1,-1,-1,-1,-1,-1,-1,-1,-1,-1,-1,-1,-1,-1,-1,-1,-1,-1,-1,-1,-1,-1,-1,-1,-1,-1,-1,-1,-1,0,0,0,0,0,0,-1,-1,-1,-1,-1,-1,-1,-1,-1,-1,-1,-1,0,0,0,0,0,0,-1,-1,-1,-1,-1,-1,-1,-1,-1,-1,-1,-1,-1,-1,False,False,0,0,False,209,0,0,0,0,0,0,0,0,0,0,0,0,0,0,0,1,
0,4004,2026-02-23 13:16:51Z,LLM_Empathetic,6.932465,7.222707,6.642223,0.6104978,0,1.601486,0,0,0,0,0,0,5.501443,4.352152,6.650745,0.592854,0.702737,0.482971,7.39959,6.222172,8.577007,0.5855471,0,2.107948,7.205698,6.109026,8.302371,9.873791,10,9.534799,6.932465,7.222707,6.642223,0.6104978,0,1.601486,0,0,0,0,0,0,5.501443,4.352152,6.650745,0.592854,0.702737,0.482971,7.39959,6.222172,8.577007,0.5855471,0,2.107948,7.205698,6.109026,8.302371,9.873791,10,9.534799,-1,-1,-1,-1,-1,-1,-1,-1,-1,-1,-1,-1,-1,-1,-1,-1,-1,-1,-1,-1,-1,-1,-1,-1,-1,-1,-1,-1,-1,-1,-1,-1,-1,-1,-1,-1,-1,-1,-1,-1,-1,-1,-1,-1,-1,-1,-1,-1,-1,-1,0,0,0,0,0,0,-1,-1,-1,-1,-1,-1,-1,-1,-1,-1,-1,-1,0,0,0,0,0,0,-1,-1,-1,-1,-1,-1,-1,-1,-1,-1,-1,-1,-1,-1,False,False,0,0,False,207,0,0,0,0,0,0,0,0,0,0,0,0,0,0,0,1,
0,4005,2026-02-23 13:16:51Z,LLM_Empathetic,6.932462,7.222707,6.642217,0.6105031,0,1.601489,0,0,0,0,0,0,5.50144,4.352151,6.650738,0.592854,0.702737,0.482971,7.399588,6.222173,8.577003,0.5855505,0,2.107951,7.205692,6.109023,8.302362,9.873779,10,9.534784,6.932462,7.222707,6.642217,0.6105031,0,1.601489,0,0,0,0,0,0,5.50144,4.352151,6.650738,0.592854,0.702737,0.482971,7.399588,6.222173,8.577003,0.5855505,0,2.107951,7.205692,6.109023,8.302362,9.873779,10,9.534784,-1,-1,-1,-1,-1,-1,-1,-1,-1,-1,-1,-1,-1,-1,-1,-1,-1,-1,-1,-1,-1,-1,-1,-1,-1,-1,-1,-1,-1,-1,-1,-1,-1,-1,-1,-1,-1,-1,-1,-1,-1,-1,-1,-1,-1,-1,-1,-1,-1,-1,0,0,0,0,0,0,-1,-1,-1,-1,-1,-1,-1,-1,-1,-1,-1,-1,0,0,0,0,0,0,-1,-1,-1,-1,-1,-1,-1,-1,-1,-1,-1,-1,-1,-1,False,False,0,0,False,209,0,0,0,0,0,0,0,0,0,0,0,0,0,0,0,1,
0,4006,2026-02-23 13:16:51Z,LLM_Empathetic,6.932461,7.222707,6.642214,0.6105058,0,1.601491,0,0,0,0,0,0,5.501437,4.35215,6.650734,0.592854,0.702737,0.482971,7.399587,6.222174,8.577001,0.5855523,0,2.107953,7.205689,6.109021,8.302359,9.873774,10,9.534778,6.932461,7.222707,6.642214,0.6105058,0,1.601491,0,0,0,0,0,0,5.501437,4.35215,6.650734,0.592854,0.702737,0.482971,7.399587,6.222174,8.577001,0.5855523,0,2.107953,7.205689,6.109021,8.302359,9.873774,10,9.534778,-1,-1,-1,-1,-1,-1,-1,-1,-1,-1,-1,-1,-1,-1,-1,-1,-1,-1,-1,-1,-1,-1,-1,-1,-1,-1,-1,-1,-1,-1,-1,-1,-1,-1,-1,-1,-1,-1,-1,-1,-1,-1,-1,-1,-1,-1,-1,-1,-1,-1,0,0,0,0,0,0,-1,-1,-1,-1,-1,-1,-1,-1,-1,-1,-1,-1,0,0,0,0,0,0,-1,-1,-1,-1,-1,-1,-1,-1,-1,-1,-1,-1,-1,-1,False,False,0,0,False,209,0,0,0,0,0,0,0,0,0,0,0,0,0,0,0,1,
0,4007,2026-02-23 13:16:51Z,LLM_Empathetic,6.932457,7.222706,6.642209,0.6105111,0,1.601494,0,0,0,0,0,0,5.501433,4.352149,6.650728,0.592854,0.702737,0.482971,7.399585,6.222175,8.576996,0.5855557,0,2.107956,7.205684,6.109018,8.30235,9.873763,10,9.534763,6.932457,7.222706,6.642209,0.6105111,0,1.601494,0,0,0,0,0,0,5.501433,4.352149,6.650728,0.592854,0.702737,0.482971,7.399585,6.222175,8.576996,0.5855557,0,2.107956,7.205684,6.109018,8.30235,9.873763,10,9.534763,-1,-1,-1,-1,-1,-1,-1,-1,-1,-1,-1,-1,-1,-1,-1,-1,-1,-1,-1,-1,-1,-1,-1,-1,-1,-1,-1,-1,-1,-1,-1,-1,-1,-1,-1,-1,-1,-1,-1,-1,-1,-1,-1,-1,-1,-1,-1,-1,-1,-1,0,0,0,0,0,0,-1,-1,-1,-1,-1,-1,-1,-1,-1,-1,-1,-1,0,0,0,0,0,0,-1,-1,-1,-1,-1,-1,-1,-1,-1,-1,-1,-1,-1,-1,False,False,0,0,False,209,0,0,0,0,0,0,0,0,0,0,0,0,0,0,0,1,
0,4008,2026-02-23 13:16:51Z,LLM_Empathetic,6.932456,7.222706,6.642206,0.6105137,0,1.601495,0,0,0,0,0,0,5.501431,4.352149,6.650724,0.592854,0.702737,0.482971,7.399584,6.222175,8.576994,0.5855574,0,2.107958,7.205681,6.109016,8.302346,9.873757,10,9.534757,6.932456,7.222706,6.642206,0.6105137,0,1.601495,0,0,0,0,0,0,5.501431,4.352149,6.650724,0.592854,0.702737,0.482971,7.399584,6.222175,8.576994,0.5855574,0,2.107958,7.205681,6.109016,8.302346,9.873757,10,9.534757,-1,-1,-1,-1,-1,-1,-1,-1,-1,-1,-1,-1,-1,-1,-1,-1,-1,-1,-1,-1,-1,-1,-1,-1,-1,-1,-1,-1,-1,-1,-1,-1,-1,-1,-1,-1,-1,-1,-1,-1,-1,-1,-1,-1,-1,-1,-1,-1,-1,-1,0,0,0,0,0,0,-1,-1,-1,-1,-1,-1,-1,-1,-1,-1,-1,-1,0,0,0,0,0,0,-1,-1,-1,-1,-1,-1,-1,-1,-1,-1,-1,-1,-1,-1,False,False,0,0,False,209,0,0,0,0,0,0,0,0,0,0,0,0,0,0,0,1,
0,4009,2026-02-23 13:16:51Z,LLM_Empathetic,6.932453,7.222705,6.6422,0.6105191,0,1.601498,0,0,0,0,0,0,5.501427,4.352147,6.650718,0.592854,0.702737,0.482971,7.399582,6.222176,8.576989,0.5855609,0,2.107961,7.205675,6.109014,8.302338,9.873746,10,9.534742,6.932453,7.222705,6.6422,0.6105191,0,1.601498,0,0,0,0,0,0,5.501427,4.352147,6.650718,0.592854,0.702737,0.482971,7.399582,6.222176,8.576989,0.5855609,0,2.107961,7.205675,6.109014,8.302338,9.873746,10,9.534742,-1,-1,-1,-1,-1,-1,-1,-1,-1,-1,-1,-1,-1,-1,-1,-1,-1,-1,-1,-1,-1,-1,-1,-1,-1,-1,-1,-1,-1,-1,-1,-1,-1,-1,-1,-1,-1,-1,-1,-1,-1,-1,-1,-1,-1,-1,-1,-1,-1,-1,0,0,0,0,0,0,-1,-1,-1,-1,-1,-1,-1,-1,-1,-1,-1,-1,0,0,0,0,0,0,-1,-1,-1,-1,-1,-1,-1,-1,-1,-1,-1,-1,-1,-1,False,False,0,0,False,209,0,0,0,0,0,0,0,0,0,0,0,0,0,0,0,1,
0,4010,2026-02-23 13:16:51Z,LLM_Empathetic,6.932451,7.222705,6.642197,0.6105218,0,1.6015,0,0,0,0,0,0,5.501425,4.352146,6.650714,0.592854,0.702737,0.482971,7.399581,6.222177,8.576987,0.5855625,0,2.107963,7.205673,6.109012,8.302334,9.87374,10,9.534736,6.932451,7.222705,6.642197,0.6105218,0,1.6015,0,0,0,0,0,0,5.501425,4.352146,6.650714,0.592854,0.702737,0.482971,7.399581,6.222177,8.576987,0.5855625,0,2.107963,7.205673,6.109012,8.302334,9.87374,10,9.534736,-1,-1,-1,-1,-1,-1,-1,-1,-1,-1,-1,-1,-1,-1,-1,-1,-1,-1,-1,-1,-1,-1,-1,-1,-1,-1,-1,-1,-1,-1,-1,-1,-1,-1,-1,-1,-1,-1,-1,-1,-1,-1,-1,-1,-1,-1,-1,-1,-1,-1,0,0,0,0,0,0,-1,-1,-1,-1,-1,-1,-1,-1,-1,-1,-1,-1,0,0,0,0,0,0,-1,-1,-1,-1,-1,-1,-1,-1,-1,-1,-1,-1,-1,-1,False,False,0,0,False,209,0,0,0,0,0,0,0,0,0,0,0,0,0,0,0,1,
0,4011,2026-02-23 13:16:51Z,LLM_Empathetic,6.932449,7.222704,6.642194,0.6105245,0,1.601501,0,0,0,0,0,0,5.501423,4.352146,6.650711,0.592854,0.702737,0.482971,7.39958,6.222177,8.576984,0.5855643,0,2.107965,7.20567,6.109011,8.30233,9.873734,10,9.534728,6.932449,7.222704,6.642194,0.6105245,0,1.601501,0,0,0,0,0,0,5.501423,4.352146,6.650711,0.592854,0.702737,0.482971,7.39958,6.222177,8.576984,0.5855643,0,2.107965,7.20567,6.109011,8.30233,9.873734,10,9.534728,-1,-1,-1,-1,-1,-1,-1,-1,-1,-1,-1,-1,-1,-1,-1,-1,-1,-1,-1,-1,-1,-1,-1,-1,-1,-1,-1,-1,-1,-1,-1,-1,-1,-1,-1,-1,-1,-1,-1,-1,-1,-1,-1,-1,-1,-1,-1,-1,-1,-1,0,0,0,0,0,0,-1,-1,-1,-1,-1,-1,-1,-1,-1,-1,-1,-1,0,0,0,0,0,0,-1,-1,-1,-1,-1,-1,-1,-1,-1,-1,-1,-1,-1,-1,False,False,0,0,False,209,0,0,0,0,0,0,0,0,0,0,0,0,0,0,0,1,
0,4012,2026-02-23 13:16:51Z,LLM_Empathetic,6.932446,7.222704,6.642189,0.6105298,0,1.601504,0,0,0,0,0,0,5.501419,4.352144,6.650704,0.592854,0.702737,0.482971,7.399579,6.222178,8.57698,0.5855677,0,2.107968,7.205664,6.109007,8.302321,9.873723,10,9.534715,6.932446,7.222704,6.642189,0.6105298,0,1.601504,0,0,0,0,0,0,5.501419,4.352144,6.650704,0.592854,0.702737,0.482971,7.399579,6.222178,8.57698,0.5855677,0,2.107968,7.205664,6.109007,8.302321,9.873723,10,9.534715,-1,-1,-1,-1,-1,-1,-1,-1,-1,-1,-1,-1,-1,-1,-1,-1,-1,-1,-1,-1,-1,-1,-1,-1,-1,-1,-1,-1,-1,-1,-1,-1,-1,-1,-1,-1,-1,-1,-1,-1,-1,-1,-1,-1,-1,-1,-1,-1,-1,-1,0,0,0,0,0,0,-1,-1,-1,-1,-1,-1,-1,-1,-1,-1,-1,-1,0,0,0,0,0,0,-1,-1,-1,-1,-1,-1,-1,-1,-1,-1,-1,-1,-1,-1,False,False,0,0,False,209,0,0,0,0,0,0,0,0,0,0,0,0,0,0,0,1,
0,4013,2026-02-23 13:16:51Z,LLM_Empathetic,6.932445,7.222704,6.642186,0.6105325,0,1.601506,0,0,0,0,0,0,5.501417,4.352144,6.650701,0.592854,0.702737,0.482971,7.399578,6.222178,8.576978,0.5855694,0,2.10797,7.205661,6.109006,8.302318,9.873717,10,9.534707,6.932445,7.222704,6.642186,0.6105325,0,1.601506,0,0,0,0,0,0,5.501417,4.352144,6.650701,0.592854,0.702737,0.482971,7.399578,6.222178,8.576978,0.5855694,0,2.10797,7.205661,6.109006,8.302318,9.873717,10,9.534707,-1,-1,-1,-1,-1,-1,-1,-1,-1,-1,-1,-1,-1,-1,-1,-1,-1,-1,-1,-1,-1,-1,-1,-1,-1,-1,-1,-1,-1,-1,-1,-1,-1,-1,-1,-1,-1,-1,-1,-1,-1,-1,-1,-1,-1,-1,-1,-1,-1,-1,0,0,0,0,0,0,-1,-1,-1,-1,-1,-1,-1,-1,-1,-1,-1,-1,0,0,0,0,0,0,-1,-1,-1,-1,-1,-1,-1,-1,-1,-1,-1,-1,-1,-1,False,False,0,0,False,209,0,0,0,0,0,0,0,0,0,0,0,0,0,0,0,1,
0,4014,2026-02-23 13:16:51Z,LLM_Empathetic,6.932443,7.222703,6.642183,0.6105352,0,1.601507,0,0,0,0,0,0,5.501415,4.352143,6.650697,0.592854,0.702737,0.482971,7.399577,6.222179,8.576975,0.5855711,0,2.107971,7.205658,6.109004,8.302314,9.873713,10,9.5347,6.932443,7.222703,6.642183,0.6105352,0,1.601507,0,0,0,0,0,0,5.501415,4.352143,6.650697,0.592854,0.702737,0.482971,7.399577,6.222179,8.576975,0.5855711,0,2.107971,7.205658,6.109004,8.302314,9.873713,10,9.5347,-1,-1,-1,-1,-1,-1,-1,-1,-1,-1,-1,-1,-1,-1,-1,-1,-1,-1,-1,-1,-1,-1,-1,-1,-1,-1,-1,-1,-1,-1,-1,-1,-1,-1,-1,-1,-1,-1,-1,-1,-1,-1,-1,-1,-1,-1,-1,-1,-1,-1,0,0,0,0,0,0,-1,-1,-1,-1,-1,-1,-1,-1,-1,-1,-1,-1,0,0,0,0,0,0,-1,-1,-1,-1,-1,-1,-1,-1,-1,-1,-1,-1,-1,-1,False,False,0,0,False,209,0,0,0,0,0,0,0,0,0,0,0,0,0,0,0,1,
0,4015,2026-02-23 13:16:51Z,LLM_Empathetic,6.93244,7.222703,6.642177,0.6105406,0,1.60151,0,0,0,0,0,0,5.501411,4.352142,6.650691,0.592854,0.702737,0.482971,7.399575,6.22218,8.57697,0.5855746,0,2.107975,7.205653,6.109002,8.302305,9.873701,10,9.534686,6.93244,7.222703,6.642177,0.6105406,0,1.60151,0,0,0,0,0,0,5.501411,4.352142,6.650691,0.592854,0.702737,0.482971,7.399575,6.22218,8.57697,0.5855746,0,2.107975,7.205653,6.109002,8.302305,9.873701,10,9.534686,-1,-1,-1,-1,-1,-1,-1,-1,-1,-1,-1,-1,-1,-1,-1,-1,-1,-1,-1,-1,-1,-1,-1,-1,-1,-1,-1,-1,-1,-1,-1,-1,-1,-1,-1,-1,-1,-1,-1,-1,-1,-1,-1,-1,-1,-1,-1,-1,-1,-1,0,0,0,0,0,0,-1,-1,-1,-1,-1,-1,-1,-1,-1,-1,-1,-1,0,0,0,0,0,0,-1,-1,-1,-1,-1,-1,-1,-1,-1,-1,-1,-1,-1,-1,False,False,0,0,False,207,0,0,0,0,0,0,0,0,0,0,0,0,0,0,0,1,
0,4016,2026-02-23 13:16:51Z,LLM_Empathetic,6.932438,7.222703,6.642174,0.6105433,0,1.601511,0,0,0,0,0,0,5.501409,4.352141,6.650687,0.592854,0.702737,0.482971,7.399574,6.22218,8.576968,0.5855763,0,2.107977,7.20565,6.109,8.302301,9.873695,10,9.534678,6.932438,7.222703,6.642174,0.6105433,0,1.601511,0,0,0,0,0,0,5.501409,4.352141,6.650687,0.592854,0.702737,0.482971,7.399574,6.22218,8.576968,0.5855763,0,2.107977,7.20565,6.109,8.302301,9.873695,10,9.534678,-1,-1,-1,-1,-1,-1,-1,-1,-1,-1,-1,-1,-1,-1,-1,-1,-1,-1,-1,-1,-1,-1,-1,-1,-1,-1,-1,-1,-1,-1,-1,-1,-1,-1,-1,-1,-1,-1,-1,-1,-1,-1,-1,-1,-1,-1,-1,-1,-1,-1,0,0,0,0,0,0,-1,-1,-1,-1,-1,-1,-1,-1,-1,-1,-1,-1,0,0,0,0,0,0,-1,-1,-1,-1,-1,-1,-1,-1,-1,-1,-1,-1,-1,-1,False,False,0,0,False,209,0,0,0,0,0,0,0,0,0,0,0,0,0,0,0,1,
0,4017,2026-02-23 13:16:51Z,LLM_Empathetic,6.932436,7.222702,6.642169,0.6105486,0,1.601514,0,0,0,0,0,0,5.501405,4.352139,6.650681,0.592854,0.702737,0.482971,7.399572,6.222181,8.576963,0.5855798,0,2.10798,7.205644,6.108997,8.302293,9.873684,10,9.534665,6.932436,7.222702,6.642169,0.6105486,0,1.601514,0,0,0,0,0,0,5.501405,4.352139,6.650681,0.592854,0.702737,0.482971,7.399572,6.222181,8.576963,0.5855798,0,2.10798,7.205644,6.108997,8.302293,9.873684,10,9.534665,-1,-1,-1,-1,-1,-1,-1,-1,-1,-1,-1,-1,-1,-1,-1,-1,-1,-1,-1,-1,-1,-1,-1,-1,-1,-1,-1,-1,-1,-1,-1,-1,-1,-1,-1,-1,-1,-1,-1,-1,-1,-1,-1,-1,-1,-1,-1,-1,-1,-1,0,0,0,0,0,0,-1,-1,-1,-1,-1,-1,-1,-1,-1,-1,-1,-1,0,0,0,0,0,0,-1,-1,-1,-1,-1,-1,-1,-1,-1,-1,-1,-1,-1,-1,False,False,0,0,False,209,0,0,0,0,0,0,0,0,0,0,0,0,0,0,0,1,
0,4018,2026-02-23 13:16:51Z,LLM_Empathetic,6.932434,7.222702,6.642166,0.6105513,0,1.601516,0,0,0,0,0,0,5.501403,4.352139,6.650677,0.592854,0.702737,0.482971,7.399571,6.222182,8.576962,0.5855814,0,2.107982,7.205642,6.108995,8.302289,9.873678,10,9.534657,6.932434,7.222702,6.642166,0.6105513,0,1.601516,0,0,0,0,0,0,5.501403,4.352139,6.650677,0.592854,0.702737,0.482971,7.399571,6.222182,8.576962,0.5855814,0,2.107982,7.205642,6.108995,8.302289,9.873678,10,9.534657,-1,-1,-1,-1,-1,-1,-1,-1,-1,-1,-1,-1,-1,-1,-1,-1,-1,-1,-1,-1,-1,-1,-1,-1,-1,-1,-1,-1,-1,-1,-1,-1,-1,-1,-1,-1,-1,-1,-1,-1,-1,-1,-1,-1,-1,-1,-1,-1,-1,-1,0,0,0,0,0,0,-1,-1,-1,-1,-1,-1,-1,-1,-1,-1,-1,-1,0,0,0,0,0,0,-1,-1,-1,-1,-1,-1,-1,-1,-1,-1,-1,-1,-1,-1,False,False,0,0,False,207,0,0,0,0,0,0,0,0,0,0,0,0,0,0,0,1,
0,4019,2026-02-23 13:16:51Z,LLM_Empathetic,6.932431,7.222701,6.64216,0.6105567,0,1.601519,0,0,0,0,0,0,5.501399,4.352138,6.65067,0.592854,0.702737,0.482971,7.39957,6.222183,8.576957,0.5855849,0,2.107985,7.205636,6.108992,8.30228,9.873667,10,9.534643,6.932431,7.222701,6.64216,0.6105567,0,1.601519,0,0,0,0,0,0,5.501399,4.352138,6.65067,0.592854,0.702737,0.482971,7.39957,6.222183,8.576957,0.5855849,0,2.107985,7.205636,6.108992,8.30228,9.873667,10,9.534643,-1,-1,-1,-1,-1,-1,-1,-1,-1,-1,-1,-1,-1,-1,-1,-1,-1,-1,-1,-1,-1,-1,-1,-1,-1,-1,-1,-1,-1,-1,-1,-1,-1,-1,-1,-1,-1,-1,-1,-1,-1,-1,-1,-1,-1,-1,-1,-1,-1,-1,0,0,0,0,0,0,-1,-1,-1,-1,-1,-1,-1,-1,-1,-1,-1,-1,0,0,0,0,0,0,-1,-1,-1,-1,-1,-1,-1,-1,-1,-1,-1,-1,-1,-1,False,False,0,0,False,209,0,0,0,0,0,0,0,0,0,0,0,0,0,0,0,1,
0,4020,2026-02-23 13:16:51Z,LLM_Empathetic,6.932429,7.222701,6.642157,0.6105594,0,1.60152,0,0,0,0,0,0,5.501397,4.352137,6.650667,0.592854,0.702737,0.482971,7.399569,6.222183,8.576954,0.5855866,0,2.107987,7.205633,6.108991,8.302277,9.873661,10,9.534636,6.932429,7.222701,6.642157,0.6105594,0,1.60152,0,0,0,0,0,0,5.501397,4.352137,6.650667,0.592854,0.702737,0.482971,7.399569,6.222183,8.576954,0.5855866,0,2.107987,7.205633,6.108991,8.302277,9.873661,10,9.534636,-1,-1,-1,-1,-1,-1,-1,-1,-1,-1,-1,-1,-1,-1,-1,-1,-1,-1,-1,-1,-1,-1,-1,-1,-1,-1,-1,-1,-1,-1,-1,-1,-1,-1,-1,-1,-1,-1,-1,-1,-1,-1,-1,-1,-1,-1,-1,-1,-1,-1,0,0,0,0,0,0,-1,-1,-1,-1,-1,-1,-1,-1,-1,-1,-1,-1,0,0,0,0,0,0,-1,-1,-1,-1,-1,-1,-1,-1,-1,-1,-1,-1,-1,-1,False,False,0,0,False,209,0,0,0,0,0,0,0,0,0,0,0,0,0,0,0,1,
0,4021,2026-02-23 13:16:51Z,LLM_Empathetic,6.932426,7.2227,6.642151,0.6105648,0,1.601523,0,0,0,0,0,0,5.501393,4.352136,6.65066,0.592854,0.702737,0.482971,7.399567,6.222184,8.576949,0.5855901,0,2.107991,7.205627,6.108988,8.302268,9.87365,10,9.534622,6.932426,7.2227,6.642151,0.6105648,0,1.601523,0,0,0,0,0,0,5.501393,4.352136,6.65066,0.592854,0.702737,0.482971,7.399567,6.222184,8.576949,0.5855901,0,2.107991,7.205627,6.108988,8.302268,9.87365,10,9.534622,-1,-1,-1,-1,-1,-1,-1,-1,-1,-1,-1,-1,-1,-1,-1,-1,-1,-1,-1,-1,-1,-1,-1,-1,-1,-1,-1,-1,-1,-1,-1,-1,-1,-1,-1,-1,-1,-1,-1,-1,-1,-1,-1,-1,-1,-1,-1,-1,-1,-1,0,0,0,0,0,0,-1,-1,-1,-1,-1,-1,-1,-1,-1,-1,-1,-1,0,0,0,0,0,0,-1,-1,-1,-1,-1,-1,-1,-1,-1,-1,-1,-1,-1,-1,False,False,0,0,False,209,0,0,0,0,0,0,0,0,0,0,0,0,0,0,0,1,
0,4022,2026-02-23 13:16:52Z,LLM_Empathetic,6.932424,7.2227,6.642148,0.6105675,0,1.601525,0,0,0,0,0,0,5.50139,4.352135,6.650657,0.592854,0.702737,0.482971,7.399566,6.222185,8.576947,0.5855918,0,2.107992,7.205625,6.108986,8.302264,9.873645,10,9.534616,6.932424,7.2227,6.642148,0.6105675,0,1.601525,0,0,0,0,0,0,5.50139,4.352135,6.650657,0.592854,0.702737,0.482971,7.399566,6.222185,8.576947,0.5855918,0,2.107992,7.205625,6.108986,8.302264,9.873645,10,9.534616,-1,-1,-1,-1,-1,-1,-1,-1,-1,-1,-1,-1,-1,-1,-1,-1,-1,-1,-1,-1,-1,-1,-1,-1,-1,-1,-1,-1,-1,-1,-1,-1,-1,-1,-1,-1,-1,-1,-1,-1,-1,-1,-1,-1,-1,-1,-1,-1,-1,-1,0,0,0,0,0,0,-1,-1,-1,-1,-1,-1,-1,-1,-1,-1,-1,-1,0,0,0,0,0,0,-1,-1,-1,-1,-1,-1,-1,-1,-1,-1,-1,-1,-1,-1,False,False,0,0,False,207,0,0,0,0,0,0,0,0,0,0,0,0,0,0,0,1,
0,4023,2026-02-23 13:16:52Z,LLM_Empathetic,6.932402,7.222696,6.642108,0.6106053,0,1.601546,0,0,0,0,0,0,5.501362,4.352126,6.650609,0.592854,0.702737,0.482971,7.399553,6.222191,8.576915,0.585616,0,2.108016,7.205585,6.108964,8.302206,9.873565,10,9.534515,6.932402,7.222696,6.642108,0.6106053,0,1.601546,0,0,0,0,0,0,5.501362,4.352126,6.650609,0.592854,0.702737,0.482971,7.399553,6.222191,8.576915,0.585616,0,2.108016,7.205585,6.108964,8.302206,9.873565,10,9.534515,-1,-1,-1,-1,-1,-1,-1,-1,-1,-1,-1,-1,-1,-1,-1,-1,-1,-1,-1,-1,-1,-1,-1,-1,-1,-1,-1,-1,-1,-1,-1,-1,-1,-1,-1,-1,-1,-1,-1,-1,-1,-1,-1,-1,-1,-1,-1,-1,-1,-1,0,0,0,0,0,0,-1,-1,-1,-1,-1,-1,-1,-1,-1,-1,-1,-1,0,0,0,0,0,0,-1,-1,-1,-1,-1,-1,-1,-1,-1,-1,-1,-1,-1,-1,False,False,0,0,False,209,0,0,0,0,0,0,0,0,0,0,0,0,0,0,0,1,
0,4024,2026-02-23 13:16:52Z,LLM_Empathetic,6.932397,7.222695,6.642099,0.6106134,0,1.60155,0,0,0,0,0,0,5.501356,4.352123,6.650599,0.592854,0.702737,0.482971,7.39955,6.222193,8.576907,0.5856212,0,2.108021,7.205576,6.10896,8.302194,9.873548,10,9.534494,6.932397,7.222695,6.642099,0.6106134,0,1.60155,0,0,0,0,0,0,5.501356,4.352123,6.650599,0.592854,0.702737,0.482971,7.39955,6.222193,8.576907,0.5856212,0,2.108021,7.205576,6.10896,8.302194,9.873548,10,9.534494,-1,-1,-1,-1,-1,-1,-1,-1,-1,-1,-1,-1,-1,-1,-1,-1,-1,-1,-1,-1,-1,-1,-1,-1,-1,-1,-1,-1,-1,-1,-1,-1,-1,-1,-1,-1,-1,-1,-1,-1,-1,-1,-1,-1,-1,-1,-1,-1,-1,-1,0,0,0,0,0,0,-1,-1,-1,-1,-1,-1,-1,-1,-1,-1,-1,-1,0,0,0,0,0,0,-1,-1,-1,-1,-1,-1,-1,-1,-1,-1,-1,-1,-1,-1,False,False,0,0,False,207,0,0,0,0,0,0,0,0,0,0,0,0,0,0,0,1,
0,4025,2026-02-23 13:16:52Z,LLM_Empathetic,6.932395,7.222695,6.642096,0.6106161,0,1.601552,0,0,0,0,0,0,5.501354,4.352123,6.650595,0.592854,0.702737,0.482971,7.399549,6.222194,8.576905,0.585623,0,2.108023,7.205574,6.108958,8.30219,9.873542,10,9.534487,6.932395,7.222695,6.642096,0.6106161,0,1.601552,0,0,0,0,0,0,5.501354,4.352123,6.650595,0.592854,0.702737,0.482971,7.399549,6.222194,8.576905,0.585623,0,2.108023,7.205574,6.108958,8.30219,9.873542,10,9.534487,-1,-1,-1,-1,-1,-1,-1,-1,-1,-1,-1,-1,-1,-1,-1,-1,-1,-1,-1,-1,-1,-1,-1,-1,-1,-1,-1,-1,-1,-1,-1,-1,-1,-1,-1,-1,-1,-1,-1,-1,-1,-1,-1,-1,-1,-1,-1,-1,-1,-1,0,0,0,0,0,0,-1,-1,-1,-1,-1,-1,-1,-1,-1,-1,-1,-1,0,0,0,0,0,0,-1,-1,-1,-1,-1,-1,-1,-1,-1,-1,-1,-1,-1,-1,False,False,0,0,False,209,0,0,0,0,0,0,0,0,0,0,0,0,0,0,0,1,
0,4026,2026-02-23 13:16:52Z,LLM_Empathetic,6.932393,7.222694,6.64209,0.6106216,0,1.601555,0,0,0,0,0,0,5.501349,4.352121,6.650589,0.592854,0.702737,0.482971,7.399547,6.222195,8.5769,0.5856264,0,2.108027,7.205568,6.108955,8.302181,9.87353,10,9.534472,6.932393,7.222694,6.64209,0.6106216,0,1.601555,0,0,0,0,0,0,5.501349,4.352121,6.650589,0.592854,0.702737,0.482971,7.399547,6.222195,8.5769,0.5856264,0,2.108027,7.205568,6.108955,8.302181,9.87353,10,9.534472,-1,-1,-1,-1,-1,-1,-1,-1,-1,-1,-1,-1,-1,-1,-1,-1,-1,-1,-1,-1,-1,-1,-1,-1,-1,-1,-1,-1,-1,-1,-1,-1,-1,-1,-1,-1,-1,-1,-1,-1,-1,-1,-1,-1,-1,-1,-1,-1,-1,-1,0,0,0,0,0,0,-1,-1,-1,-1,-1,-1,-1,-1,-1,-1,-1,-1,0,0,0,0,0,0,-1,-1,-1,-1,-1,-1,-1,-1,-1,-1,-1,-1,-1,-1,False,False,0,0,False,207,0,0,0,0,0,0,0,0,0,0,0,0,0,0,0,1,
0,4027,2026-02-23 13:16:52Z,LLM_Empathetic,6.932391,7.222694,6.642087,0.6106243,0,1.601556,0,0,0,0,0,0,5.501348,4.352121,6.650585,0.592854,0.702737,0.482971,7.399546,6.222195,8.576898,0.5856282,0,2.108029,7.205565,6.108954,8.302176,9.873526,10,9.534466,6.932391,7.222694,6.642087,0.6106243,0,1.601556,0,0,0,0,0,0,5.501348,4.352121,6.650585,0.592854,0.702737,0.482971,7.399546,6.222195,8.576898,0.5856282,0,2.108029,7.205565,6.108954,8.302176,9.873526,10,9.534466,-1,-1,-1,-1,-1,-1,-1,-1,-1,-1,-1,-1,-1,-1,-1,-1,-1,-1,-1,-1,-1,-1,-1,-1,-1,-1,-1,-1,-1,-1,-1,-1,-1,-1,-1,-1,-1,-1,-1,-1,-1,-1,-1,-1,-1,-1,-1,-1,-1,-1,0,0,0,0,0,0,-1,-1,-1,-1,-1,-1,-1,-1,-1,-1,-1,-1,0,0,0,0,0,0,-1,-1,-1,-1,-1,-1,-1,-1,-1,-1,-1,-1,-1,-1,False,False,0,0,False,207,0,0,0,0,0,0,0,0,0,0,0,0,0,0,0,1,
0,4028,2026-02-23 13:16:52Z,LLM_Empathetic,6.932389,7.222694,6.642085,0.610627,0,1.601558,0,0,0,0,0,0,5.501346,4.35212,6.650581,0.592854,0.702737,0.482971,7.399545,6.222196,8.576896,0.5856299,0,2.10803,7.205562,6.108952,8.302173,9.87352,10,9.534458,6.932389,7.222694,6.642085,0.610627,0,1.601558,0,0,0,0,0,0,5.501346,4.35212,6.650581,0.592854,0.702737,0.482971,7.399545,6.222196,8.576896,0.5856299,0,2.10803,7.205562,6.108952,8.302173,9.87352,10,9.534458,-1,-1,-1,-1,-1,-1,-1,-1,-1,-1,-1,-1,-1,-1,-1,-1,-1,-1,-1,-1,-1,-1,-1,-1,-1,-1,-1,-1,-1,-1,-1,-1,-1,-1,-1,-1,-1,-1,-1,-1,-1,-1,-1,-1,-1,-1,-1,-1,-1,-1,0,0,0,0,0,0,-1,-1,-1,-1,-1,-1,-1,-1,-1,-1,-1,-1,0,0,0,0,0,0,-1,-1,-1,-1,-1,-1,-1,-1,-1,-1,-1,-1,-1,-1,False,False,0,0,False,209,0,0,0,0,0,0,0,0,0,0,0,0,0,0,0,1,
0,4029,2026-02-23 13:16:52Z,LLM_Empathetic,6.932386,7.222693,6.642079,0.6106324,0,1.601561,0,0,0,0,0,0,5.501341,4.352118,6.650575,0.592854,0.702737,0.482971,7.399543,6.222197,8.576891,0.5856334,0,2.108034,7.205556,6.108949,8.302164,9.873508,10,9.534444,6.932386,7.222693,6.642079,0.6106324,0,1.601561,0,0,0,0,0,0,5.501341,4.352118,6.650575,0.592854,0.702737,0.482971,7.399543,6.222197,8.576891,0.5856334,0,2.108034,7.205556,6.108949,8.302164,9.873508,10,9.534444,-1,-1,-1,-1,-1,-1,-1,-1,-1,-1,-1,-1,-1,-1,-1,-1,-1,-1,-1,-1,-1,-1,-1,-1,-1,-1,-1,-1,-1,-1,-1,-1,-1,-1,-1,-1,-1,-1,-1,-1,-1,-1,-1,-1,-1,-1,-1,-1,-1,-1,0,0,0,0,0,0,-1,-1,-1,-1,-1,-1,-1,-1,-1,-1,-1,-1,0,0,0,0,0,0,-1,-1,-1,-1,-1,-1,-1,-1,-1,-1,-1,-1,-1,-1,False,False,0,0,False,209,0,0,0,0,0,0,0,0,0,0,0,0,0,0,0,1,
0,4030,2026-02-23 13:16:52Z,LLM_Empathetic,6.932384,7.222693,6.642076,0.6106352,0,1.601562,0,0,0,0,0,0,5.501339,4.352118,6.650571,0.592854,0.702737,0.482971,7.399542,6.222197,8.576888,0.5856351,0,2.108036,7.205554,6.108948,8.30216,9.873503,10,9.534437,6.932384,7.222693,6.642076,0.6106352,0,1.601562,0,0,0,0,0,0,5.501339,4.352118,6.650571,0.592854,0.702737,0.482971,7.399542,6.222197,8.576888,0.5856351,0,2.108036,7.205554,6.108948,8.30216,9.873503,10,9.534437,-1,-1,-1,-1,-1,-1,-1,-1,-1,-1,-1,-1,-1,-1,-1,-1,-1,-1,-1,-1,-1,-1,-1,-1,-1,-1,-1,-1,-1,-1,-1,-1,-1,-1,-1,-1,-1,-1,-1,-1,-1,-1,-1,-1,-1,-1,-1,-1,-1,-1,0,0,0,0,0,0,-1,-1,-1,-1,-1,-1,-1,-1,-1,-1,-1,-1,0,0,0,0,0,0,-1,-1,-1,-1,-1,-1,-1,-1,-1,-1,-1,-1,-1,-1,False,False,0,0,False,209,0,0,0,0,0,0,0,0,0,0,0,0,0,0,0,1,
0,4031,2026-02-23 13:16:52Z,LLM_Empathetic,6.932383,7.222692,6.642073,0.6106379,0,1.601564,0,0,0,0,0,0,5.501338,4.352118,6.650568,0.592854,0.702737,0.482971,7.399541,6.222198,8.576886,0.5856369,0,2.108037,7.205551,6.108946,8.302156,9.873497,10,9.53443,6.932383,7.222692,6.642073,0.6106379,0,1.601564,0,0,0,0,0,0,5.501338,4.352118,6.650568,0.592854,0.702737,0.482971,7.399541,6.222198,8.576886,0.5856369,0,2.108037,7.205551,6.108946,8.302156,9.873497,10,9.53443,-1,-1,-1,-1,-1,-1,-1,-1,-1,-1,-1,-1,-1,-1,-1,-1,-1,-1,-1,-1,-1,-1,-1,-1,-1,-1,-1,-1,-1,-1,-1,-1,-1,-1,-1,-1,-1,-1,-1,-1,-1,-1,-1,-1,-1,-1,-1,-1,-1,-1,0,0,0,0,0,0,-1,-1,-1,-1,-1,-1,-1,-1,-1,-1,-1,-1,0,0,0,0,0,0,-1,-1,-1,-1,-1,-1,-1,-1,-1,-1,-1,-1,-1,-1,False,False,0,0,False,207,0,0,0,0,0,0,0,0,0,0,0,0,0,0,0,1,
0,4032,2026-02-23 13:16:52Z,LLM_Empathetic,6.93238,7.222692,6.642067,0.6106433,0,1.601567,0,0,0,0,0,0,5.501333,4.352116,6.650561,0.592854,0.702737,0.482971,7.399539,6.222198,8.576881,0.5856404,0,2.108041,7.205545,6.108943,8.302148,9.873486,10,9.534415,6.93238,7.222692,6.642067,0.6106433,0,1.601567,0,0,0,0,0,0,5.501333,4.352116,6.650561,0.592854,0.702737,0.482971,7.399539,6.222198,8.576881,0.5856404,0,2.108041,7.205545,6.108943,8.302148,9.873486,10,9.534415,-1,-1,-1,-1,-1,-1,-1,-1,-1,-1,-1,-1,-1,-1,-1,-1,-1,-1,-1,-1,-1,-1,-1,-1,-1,-1,-1,-1,-1,-1,-1,-1,-1,-1,-1,-1,-1,-1,-1,-1,-1,-1,-1,-1,-1,-1,-1,-1,-1,-1,0,0,0,0,0,0,-1,-1,-1,-1,-1,-1,-1,-1,-1,-1,-1,-1,0,0,0,0,0,0,-1,-1,-1,-1,-1,-1,-1,-1,-1,-1,-1,-1,-1,-1,False,False,0,0,False,207,0,0,0,0,0,0,0,0,0,0,0,0,0,0,0,1,
0,4033,2026-02-23 13:16:52Z,LLM_Empathetic,6.932378,7.222692,6.642064,0.6106461,0,1.601568,0,0,0,0,0,0,5.501331,4.352115,6.650558,0.592854,0.702737,0.482971,7.399539,6.222199,8.576879,0.5856421,0,2.108042,7.205542,6.108942,8.302143,9.87348,10,9.534409,6.932378,7.222692,6.642064,0.6106461,0,1.601568,0,0,0,0,0,0,5.501331,4.352115,6.650558,0.592854,0.702737,0.482971,7.399539,6.222199,8.576879,0.5856421,0,2.108042,7.205542,6.108942,8.302143,9.87348,10,9.534409,-1,-1,-1,-1,-1,-1,-1,-1,-1,-1,-1,-1,-1,-1,-1,-1,-1,-1,-1,-1,-1,-1,-1,-1,-1,-1,-1,-1,-1,-1,-1,-1,-1,-1,-1,-1,-1,-1,-1,-1,-1,-1,-1,-1,-1,-1,-1,-1,-1,-1,0,0,0,0,0,0,-1,-1,-1,-1,-1,-1,-1,-1,-1,-1,-1,-1,0,0,0,0,0,0,-1,-1,-1,-1,-1,-1,-1,-1,-1,-1,-1,-1,-1,-1,False,False,0,0,False,207,0,0,0,0,0,0,0,0,0,0,0,0,0,0,0,1,
0,4034,2026-02-23 13:16:52Z,LLM_Empathetic,6.932376,7.222692,6.642061,0.6106488,0,1.60157,0,0,0,0,0,0,5.501329,4.352115,6.650554,0.592854,0.702737,0.482971,7.399538,6.222199,8.576877,0.5856439,0,2.108044,7.205539,6.10894,8.302139,9.873474,10,9.534401,6.932376,7.222692,6.642061,0.6106488,0,1.60157,0,0,0,0,0,0,5.501329,4.352115,6.650554,0.592854,0.702737,0.482971,7.399538,6.222199,8.576877,0.5856439,0,2.108044,7.205539,6.10894,8.302139,9.873474,10,9.534401,-1,-1,-1,-1,-1,-1,-1,-1,-1,-1,-1,-1,-1,-1,-1,-1,-1,-1,-1,-1,-1,-1,-1,-1,-1,-1,-1,-1,-1,-1,-1,-1,-1,-1,-1,-1,-1,-1,-1,-1,-1,-1,-1,-1,-1,-1,-1,-1,-1,-1,0,0,0,0,0,0,-1,-1,-1,-1,-1,-1,-1,-1,-1,-1,-1,-1,0,0,0,0,0,0,-1,-1,-1,-1,-1,-1,-1,-1,-1,-1,-1,-1,-1,-1,False,False,0,0,False,209,0,0,0,0,0,0,0,0,0,0,0,0,0,0,0,1,
0,4035,2026-02-23 13:16:52Z,LLM_Empathetic,6.932375,7.222691,6.642058,0.6106515,0,1.601571,0,0,0,0,0,0,5.501327,4.352114,6.65055,0.592854,0.702737,0.482971,7.399537,6.2222,8.576874,0.5856456,0,2.108046,7.205536,6.108938,8.302135,9.873468,10,9.534394,6.932375,7.222691,6.642058,0.6106515,0,1.601571,0,0,0,0,0,0,5.501327,4.352114,6.65055,0.592854,0.702737,0.482971,7.399537,6.2222,8.576874,0.5856456,0,2.108046,7.205536,6.108938,8.302135,9.873468,10,9.534394,-1,-1,-1,-1,-1,-1,-1,-1,-1,-1,-1,-1,-1,-1,-1,-1,-1,-1,-1,-1,-1,-1,-1,-1,-1,-1,-1,-1,-1,-1,-1,-1,-1,-1,-1,-1,-1,-1,-1,-1,-1,-1,-1,-1,-1,-1,-1,-1,-1,-1,0,0,0,0,0,0,-1,-1,-1,-1,-1,-1,-1,-1,-1,-1,-1,-1,0,0,0,0,0,0,-1,-1,-1,-1,-1,-1,-1,-1,-1,-1,-1,-1,-1,-1,False,False,0,0,False,207,0,0,0,0,0,0,0,0,0,0,0,0,0,0,0,1,
0,4036,2026-02-23 13:16:52Z,LLM_Empathetic,6.932372,7.222691,6.642053,0.610657,0,1.601574,0,0,0,0,0,0,5.501323,4.352113,6.650544,0.592854,0.702737,0.482971,7.399535,6.222201,8.57687,0.5856491,0,2.108049,7.205531,6.108935,8.302127,9.873457,10,9.534379,6.932372,7.222691,6.642053,0.610657,0,1.601574,0,0,0,0,0,0,5.501323,4.352113,6.650544,0.592854,0.702737,0.482971,7.399535,6.222201,8.57687,0.5856491,0,2.108049,7.205531,6.108935,8.302127,9.873457,10,9.534379,-1,-1,-1,-1,-1,-1,-1,-1,-1,-1,-1,-1,-1,-1,-1,-1,-1,-1,-1,-1,-1,-1,-1,-1,-1,-1,-1,-1,-1,-1,-1,-1,-1,-1,-1,-1,-1,-1,-1,-1,-1,-1,-1,-1,-1,-1,-1,-1,-1,-1,0,0,0,0,0,0,-1,-1,-1,-1,-1,-1,-1,-1,-1,-1,-1,-1,0,0,0,0,0,0,-1,-1,-1,-1,-1,-1,-1,-1,-1,-1,-1,-1,-1,-1,False,False,0,0,False,207,0,0,0,0,0,0,0,0,0,0,0,0,0,0,0,1,
0,4037,2026-02-23 13:16:52Z,LLM_Empathetic,6.93237,7.22269,6.64205,0.6106597,0,1.601576,0,0,0,0,0,0,5.501321,4.352112,6.65054,0.592854,0.702737,0.482971,7.399534,6.222201,8.576867,0.5856509,0,2.108051,7.205528,6.108933,8.302123,9.873451,10,9.534372,6.93237,7.22269,6.64205,0.6106597,0,1.601576,0,0,0,0,0,0,5.501321,4.352112,6.65054,0.592854,0.702737,0.482971,7.399534,6.222201,8.576867,0.5856509,0,2.108051,7.205528,6.108933,8.302123,9.873451,10,9.534372,-1,-1,-1,-1,-1,-1,-1,-1,-1,-1,-1,-1,-1,-1,-1,-1,-1,-1,-1,-1,-1,-1,-1,-1,-1,-1,-1,-1,-1,-1,-1,-1,-1,-1,-1,-1,-1,-1,-1,-1,-1,-1,-1,-1,-1,-1,-1,-1,-1,-1,0,0,0,0,0,0,-1,-1,-1,-1,-1,-1,-1,-1,-1,-1,-1,-1,0,0,0,0,0,0,-1,-1,-1,-1,-1,-1,-1,-1,-1,-1,-1,-1,-1,-1,False,False,0,0,False,207,0,0,0,0,0,0,0,0,0,0,0,0,0,0,0,1,
0,4038,2026-02-23 13:16:52Z,LLM_Empathetic,6.932368,7.22269,6.642047,0.6106624,0,1.601577,0,0,0,0,0,0,5.501319,4.352111,6.650537,0.592854,0.702737,0.482971,7.399533,6.222202,8.576865,0.5856526,0,2.108053,7.205525,6.108932,8.302118,9.873446,10,9.534365,6.932368,7.22269,6.642047,0.6106624,0,1.601577,0,0,0,0,0,0,5.501319,4.352111,6.650537,0.592854,0.702737,0.482971,7.399533,6.222202,8.576865,0.5856526,0,2.108053,7.205525,6.108932,8.302118,9.873446,10,9.534365,-1,-1,-1,-1,-1,-1,-1,-1,-1,-1,-1,-1,-1,-1,-1,-1,-1,-1,-1,-1,-1,-1,-1,-1,-1,-1,-1,-1,-1,-1,-1,-1,-1,-1,-1,-1,-1,-1,-1,-1,-1,-1,-1,-1,-1,-1,-1,-1,-1,-1,0,0,0,0,0,0,-1,-1,-1,-1,-1,-1,-1,-1,-1,-1,-1,-1,0,0,0,0,0,0,-1,-1,-1,-1,-1,-1,-1,-1,-1,-1,-1,-1,-1,-1,False,False,0,0,False,209,0,0,0,0,0,0,0,0,0,0,0,0,0,0,0,1,
0,4039,2026-02-23 13:16:52Z,LLM_Empathetic,6.932367,7.22269,6.642044,0.6106651,0,1.601579,0,0,0,0,0,0,5.501317,4.35211,6.650533,0.592854,0.702737,0.482971,7.399532,6.222202,8.576862,0.5856544,0,2.108055,7.205522,6.108931,8.302114,9.87344,10,9.534358,6.932367,7.22269,6.642044,0.6106651,0,1.601579,0,0,0,0,0,0,5.501317,4.35211,6.650533,0.592854,0.702737,0.482971,7.399532,6.222202,8.576862,0.5856544,0,2.108055,7.205522,6.108931,8.302114,9.87344,10,9.534358,-1,-1,-1,-1,-1,-1,-1,-1,-1,-1,-1,-1,-1,-1,-1,-1,-1,-1,-1,-1,-1,-1,-1,-1,-1,-1,-1,-1,-1,-1,-1,-1,-1,-1,-1,-1,-1,-1,-1,-1,-1,-1,-1,-1,-1,-1,-1,-1,-1,-1,0,0,0,0,0,0,-1,-1,-1,-1,-1,-1,-1,-1,-1,-1,-1,-1,0,0,0,0,0,0,-1,-1,-1,-1,-1,-1,-1,-1,-1,-1,-1,-1,-1,-1,False,False,0,0,False,209,0,0,0,0,0,0,0,0,0,0,0,0,0,0,0,1,
0,4040,2026-02-23 13:16:53Z,LLM_Empathetic,6.932365,7.222689,6.642041,0.6106679,0,1.60158,0,0,0,0,0,0,5.501315,4.35211,6.65053,0.592854,0.702737,0.482971,7.399531,6.222203,8.57686,0.5856561,0,2.108057,7.205519,6.108929,8.30211,9.873434,10,9.53435,6.932365,7.222689,6.642041,0.6106679,0,1.60158,0,0,0,0,0,0,5.501315,4.35211,6.65053,0.592854,0.702737,0.482971,7.399531,6.222203,8.57686,0.5856561,0,2.108057,7.205519,6.108929,8.30211,9.873434,10,9.53435,-1,-1,-1,-1,-1,-1,-1,-1,-1,-1,-1,-1,-1,-1,-1,-1,-1,-1,-1,-1,-1,-1,-1,-1,-1,-1,-1,-1,-1,-1,-1,-1,-1,-1,-1,-1,-1,-1,-1,-1,-1,-1,-1,-1,-1,-1,-1,-1,-1,-1,0,0,0,0,0,0,-1,-1,-1,-1,-1,-1,-1,-1,-1,-1,-1,-1,0,0,0,0,0,0,-1,-1,-1,-1,-1,-1,-1,-1,-1,-1,-1,-1,-1,-1,False,False,0,0,False,207,0,0,0,0,0,0,0,0,0,0,0,0,0,0,0,1,
0,4041,2026-02-23 13:16:53Z,LLM_Empathetic,6.932364,7.222689,6.642038,0.6106706,0,1.601582,0,0,0,0,0,0,5.501313,4.352109,6.650527,0.592854,0.702737,0.482971,7.39953,6.222203,8.576858,0.5856578,0,2.108058,7.205516,6.108927,8.302106,9.873428,10,9.534344,6.932364,7.222689,6.642038,0.6106706,0,1.601582,0,0,0,0,0,0,5.501313,4.352109,6.650527,0.592854,0.702737,0.482971,7.39953,6.222203,8.576858,0.5856578,0,2.108058,7.205516,6.108927,8.302106,9.873428,10,9.534344,-1,-1,-1,-1,-1,-1,-1,-1,-1,-1,-1,-1,-1,-1,-1,-1,-1,-1,-1,-1,-1,-1,-1,-1,-1,-1,-1,-1,-1,-1,-1,-1,-1,-1,-1,-1,-1,-1,-1,-1,-1,-1,-1,-1,-1,-1,-1,-1,-1,-1,0,0,0,0,0,0,-1,-1,-1,-1,-1,-1,-1,-1,-1,-1,-1,-1,0,0,0,0,0,0,-1,-1,-1,-1,-1,-1,-1,-1,-1,-1,-1,-1,-1,-1,False,False,0,0,False,207,0,0,0,0,0,0,0,0,0,0,0,0,0,0,0,1,
0,4042,2026-02-23 13:16:53Z,LLM_Empathetic,6.93236,7.222689,6.642032,0.6106761,0,1.601585,0,0,0,0,0,0,5.501308,4.352108,6.650519,0.592854,0.702737,0.482971,7.399529,6.222204,8.576853,0.5856614,0,2.108062,7.205511,6.108924,8.302097,9.873416,10,9.534329,6.93236,7.222689,6.642032,0.6106761,0,1.601585,0,0,0,0,0,0,5.501308,4.352108,6.650519,0.592854,0.702737,0.482971,7.399529,6.222204,8.576853,0.5856614,0,2.108062,7.205511,6.108924,8.302097,9.873416,10,9.534329,-1,-1,-1,-1,-1,-1,-1,-1,-1,-1,-1,-1,-1,-1,-1,-1,-1,-1,-1,-1,-1,-1,-1,-1,-1,-1,-1,-1,-1,-1,-1,-1,-1,-1,-1,-1,-1,-1,-1,-1,-1,-1,-1,-1,-1,-1,-1,-1,-1,-1,0,0,0,0,0,0,-1,-1,-1,-1,-1,-1,-1,-1,-1,-1,-1,-1,0,0,0,0,0,0,-1,-1,-1,-1,-1,-1,-1,-1,-1,-1,-1,-1,-1,-1,False,False,0,0,False,207,0,0,0,0,0,0,0,0,0,0,0,0,0,0,0,1,
0,4043,2026-02-23 13:16:53Z,LLM_Empathetic,6.932359,7.222688,6.642029,0.6106789,0,1.601586,0,0,0,0,0,0,5.501307,4.352107,6.650516,0.592854,0.702737,0.482971,7.399528,6.222205,8.576851,0.5856631,0,2.108063,7.205508,6.108923,8.302094,9.87341,10,9.534322,6.932359,7.222688,6.642029,0.6106789,0,1.601586,0,0,0,0,0,0,5.501307,4.352107,6.650516,0.592854,0.702737,0.482971,7.399528,6.222205,8.576851,0.5856631,0,2.108063,7.205508,6.108923,8.302094,9.87341,10,9.534322,-1,-1,-1,-1,-1,-1,-1,-1,-1,-1,-1,-1,-1,-1,-1,-1,-1,-1,-1,-1,-1,-1,-1,-1,-1,-1,-1,-1,-1,-1,-1,-1,-1,-1,-1,-1,-1,-1,-1,-1,-1,-1,-1,-1,-1,-1,-1,-1,-1,-1,0,0,0,0,0,0,-1,-1,-1,-1,-1,-1,-1,-1,-1,-1,-1,-1,0,0,0,0,0,0,-1,-1,-1,-1,-1,-1,-1,-1,-1,-1,-1,-1,-1,-1,False,False,0,0,False,207,0,0,0,0,0,0,0,0,0,0,0,0,0,0,0,1,
0,4044,2026-02-23 13:16:53Z,LLM_Empathetic,6.932357,7.222688,6.642026,0.6106816,0,1.601588,0,0,0,0,0,0,5.501304,4.352107,6.650513,0.592854,0.702737,0.482971,7.399527,6.222205,8.576848,0.5856649,0,2.108065,7.205505,6.108921,8.302089,9.873405,10,9.534314,6.932357,7.222688,6.642026,0.6106816,0,1.601588,0,0,0,0,0,0,5.501304,4.352107,6.650513,0.592854,0.702737,0.482971,7.399527,6.222205,8.576848,0.5856649,0,2.108065,7.205505,6.108921,8.302089,9.873405,10,9.534314,-1,-1,-1,-1,-1,-1,-1,-1,-1,-1,-1,-1,-1,-1,-1,-1,-1,-1,-1,-1,-1,-1,-1,-1,-1,-1,-1,-1,-1,-1,-1,-1,-1,-1,-1,-1,-1,-1,-1,-1,-1,-1,-1,-1,-1,-1,-1,-1,-1,-1,0,0,0,0,0,0,-1,-1,-1,-1,-1,-1,-1,-1,-1,-1,-1,-1,0,0,0,0,0,0,-1,-1,-1,-1,-1,-1,-1,-1,-1,-1,-1,-1,-1,-1,False,False,0,0,False,209,0,0,0,0,0,0,0,0,0,0,0,0,0,0,0,1,
0,4045,2026-02-23 13:16:53Z,LLM_Empathetic,6.932354,7.222687,6.64202,0.6106871,0,1.601591,0,0,0,0,0,0,5.5013,4.352105,6.650506,0.592854,0.702737,0.482971,7.399525,6.222206,8.576843,0.5856684,0,2.108069,7.205499,6.108918,8.302081,9.873393,10,9.5343,6.932354,7.222687,6.64202,0.6106871,0,1.601591,0,0,0,0,0,0,5.5013,4.352105,6.650506,0.592854,0.702737,0.482971,7.399525,6.222206,8.576843,0.5856684,0,2.108069,7.205499,6.108918,8.302081,9.873393,10,9.5343,-1,-1,-1,-1,-1,-1,-1,-1,-1,-1,-1,-1,-1,-1,-1,-1,-1,-1,-1,-1,-1,-1,-1,-1,-1,-1,-1,-1,-1,-1,-1,-1,-1,-1,-1,-1,-1,-1,-1,-1,-1,-1,-1,-1,-1,-1,-1,-1,-1,-1,0,0,0,0,0,0,-1,-1,-1,-1,-1,-1,-1,-1,-1,-1,-1,-1,0,0,0,0,0,0,-1,-1,-1,-1,-1,-1,-1,-1,-1,-1,-1,-1,-1,-1,False,False,0,0,False,209,0,0,0,0,0,0,0,0,0,0,0,0,0,0,0,1,
0,4046,2026-02-23 13:16:53Z,LLM_Empathetic,6.932352,7.222687,6.642017,0.6106898,0,1.601592,0,0,0,0,0,0,5.501298,4.352104,6.650502,0.592854,0.702737,0.482971,7.399524,6.222207,8.576841,0.5856701,0,2.108071,7.205496,6.108917,8.302076,9.873387,10,9.534293,6.932352,7.222687,6.642017,0.6106898,0,1.601592,0,0,0,0,0,0,5.501298,4.352104,6.650502,0.592854,0.702737,0.482971,7.399524,6.222207,8.576841,0.5856701,0,2.108071,7.205496,6.108917,8.302076,9.873387,10,9.534293,-1,-1,-1,-1,-1,-1,-1,-1,-1,-1,-1,-1,-1,-1,-1,-1,-1,-1,-1,-1,-1,-1,-1,-1,-1,-1,-1,-1,-1,-1,-1,-1,-1,-1,-1,-1,-1,-1,-1,-1,-1,-1,-1,-1,-1,-1,-1,-1,-1,-1,0,0,0,0,0,0,-1,-1,-1,-1,-1,-1,-1,-1,-1,-1,-1,-1,0,0,0,0,0,0,-1,-1,-1,-1,-1,-1,-1,-1,-1,-1,-1,-1,-1,-1,False,False,0,0,False,207,0,0,0,0,0,0,0,0,0,0,0,0,0,0,0,1,
0,4047,2026-02-23 13:16:53Z,LLM_Empathetic,6.932351,7.222687,6.642015,0.6106926,0,1.601594,0,0,0,0,0,0,5.501296,4.352104,6.650499,0.592854,0.702737,0.482971,7.399523,6.222207,8.576838,0.5856719,0,2.108072,7.205493,6.108915,8.302073,9.873382,10,9.534286,6.932351,7.222687,6.642015,0.6106926,0,1.601594,0,0,0,0,0,0,5.501296,4.352104,6.650499,0.592854,0.702737,0.482971,7.399523,6.222207,8.576838,0.5856719,0,2.108072,7.205493,6.108915,8.302073,9.873382,10,9.534286,-1,-1,-1,-1,-1,-1,-1,-1,-1,-1,-1,-1,-1,-1,-1,-1,-1,-1,-1,-1,-1,-1,-1,-1,-1,-1,-1,-1,-1,-1,-1,-1,-1,-1,-1,-1,-1,-1,-1,-1,-1,-1,-1,-1,-1,-1,-1,-1,-1,-1,0,0,0,0,0,0,-1,-1,-1,-1,-1,-1,-1,-1,-1,-1,-1,-1,0,0,0,0,0,0,-1,-1,-1,-1,-1,-1,-1,-1,-1,-1,-1,-1,-1,-1,False,False,0,0,False,209,0,0,0,0,0,0,0,0,0,0,0,0,0,0,0,1,
0,4048,2026-02-23 13:16:53Z,LLM_Empathetic,6.932347,7.222686,6.642009,0.610698,0,1.601597,0,0,0,0,0,0,5.501292,4.352102,6.650492,0.592854,0.702737,0.482971,7.399521,6.222208,8.576834,0.5856754,0,2.108076,7.205487,6.108912,8.302064,9.87337,10,9.534271,6.932347,7.222686,6.642009,0.610698,0,1.601597,0,0,0,0,0,0,5.501292,4.352102,6.650492,0.592854,0.702737,0.482971,7.399521,6.222208,8.576834,0.5856754,0,2.108076,7.205487,6.108912,8.302064,9.87337,10,9.534271,-1,-1,-1,-1,-1,-1,-1,-1,-1,-1,-1,-1,-1,-1,-1,-1,-1,-1,-1,-1,-1,-1,-1,-1,-1,-1,-1,-1,-1,-1,-1,-1,-1,-1,-1,-1,-1,-1,-1,-1,-1,-1,-1,-1,-1,-1,-1,-1,-1,-1,0,0,0,0,0,0,-1,-1,-1,-1,-1,-1,-1,-1,-1,-1,-1,-1,0,0,0,0,0,0,-1,-1,-1,-1,-1,-1,-1,-1,-1,-1,-1,-1,-1,-1,False,False,0,0,False,209,0,0,0,0,0,0,0,0,0,0,0,0,0,0,0,1,
0,4049,2026-02-23 13:16:53Z,LLM_Empathetic,6.932346,7.222686,6.642005,0.6107008,0,1.601598,0,0,0,0,0,0,5.50129,4.352102,6.650488,0.592854,0.702737,0.482971,7.39952,6.222208,8.576832,0.5856771,0,2.108078,7.205484,6.10891,8.30206,9.873364,10,9.534264,6.932346,7.222686,6.642005,0.6107008,0,1.601598,0,0,0,0,0,0,5.50129,4.352102,6.650488,0.592854,0.702737,0.482971,7.39952,6.222208,8.576832,0.5856771,0,2.108078,7.205484,6.10891,8.30206,9.873364,10,9.534264,-1,-1,-1,-1,-1,-1,-1,-1,-1,-1,-1,-1,-1,-1,-1,-1,-1,-1,-1,-1,-1,-1,-1,-1,-1,-1,-1,-1,-1,-1,-1,-1,-1,-1,-1,-1,-1,-1,-1,-1,-1,-1,-1,-1,-1,-1,-1,-1,-1,-1,0,0,0,0,0,0,-1,-1,-1,-1,-1,-1,-1,-1,-1,-1,-1,-1,0,0,0,0,0,0,-1,-1,-1,-1,-1,-1,-1,-1,-1,-1,-1,-1,-1,-1,False,False,0,0,False,209,0,0,0,0,0,0,0,0,0,0,0,0,0,0,0,1,
0,4050,2026-02-23 13:16:53Z,LLM_Empathetic,6.932344,7.222685,6.642003,0.6107035,0,1.6016,0,0,0,0,0,0,5.501287,4.352101,6.650485,0.592854,0.702737,0.482971,7.399519,6.222209,8.576829,0.5856789,0,2.108079,7.205482,6.108909,8.302055,9.873359,10,9.534257,6.932344,7.222685,6.642003,0.6107035,0,1.6016,0,0,0,0,0,0,5.501287,4.352101,6.650485,0.592854,0.702737,0.482971,7.399519,6.222209,8.576829,0.5856789,0,2.108079,7.205482,6.108909,8.302055,9.873359,10,9.534257,-1,-1,-1,-1,-1,-1,-1,-1,-1,-1,-1,-1,-1,-1,-1,-1,-1,-1,-1,-1,-1,-1,-1,-1,-1,-1,-1,-1,-1,-1,-1,-1,-1,-1,-1,-1,-1,-1,-1,-1,-1,-1,-1,-1,-1,-1,-1,-1,-1,-1,0,0,0,0,0,0,-1,-1,-1,-1,-1,-1,-1,-1,-1,-1,-1,-1,0,0,0,0,0,0,-1,-1,-1,-1,-1,-1,-1,-1,-1,-1,-1,-1,-1,-1,False,False,0,0,False,207,0,0,0,0,0,0,0,0,0,0,0,0,0,0,0,1,
0,4051,2026-02-23 13:16:53Z,LLM_Empathetic,6.932343,7.222685,6.642,0.6107063,0,1.601601,0,0,0,0,0,0,5.501286,4.3521,6.650481,0.592854,0.702737,0.482971,7.399518,6.222209,8.576827,0.5856807,0,2.108081,7.205479,6.108907,8.302052,9.873353,10,9.534249,6.932343,7.222685,6.642,0.6107063,0,1.601601,0,0,0,0,0,0,5.501286,4.3521,6.650481,0.592854,0.702737,0.482971,7.399518,6.222209,8.576827,0.5856807,0,2.108081,7.205479,6.108907,8.302052,9.873353,10,9.534249,-1,-1,-1,-1,-1,-1,-1,-1,-1,-1,-1,-1,-1,-1,-1,-1,-1,-1,-1,-1,-1,-1,-1,-1,-1,-1,-1,-1,-1,-1,-1,-1,-1,-1,-1,-1,-1,-1,-1,-1,-1,-1,-1,-1,-1,-1,-1,-1,-1,-1,0,0,0,0,0,0,-1,-1,-1,-1,-1,-1,-1,-1,-1,-1,-1,-1,0,0,0,0,0,0,-1,-1,-1,-1,-1,-1,-1,-1,-1,-1,-1,-1,-1,-1,False,False,0,0,False,209,0,0,0,0,0,0,0,0,0,0,0,0,0,0,0,1,
0,4052,2026-02-23 13:16:53Z,LLM_Empathetic,6.932339,7.222685,6.641994,0.6107118,0,1.601604,0,0,0,0,0,0,5.501281,4.352099,6.650475,0.592854,0.702737,0.482971,7.399516,6.22221,8.576822,0.5856842,0,2.108085,7.205473,6.108904,8.302043,9.873342,10,9.534235,6.932339,7.222685,6.641994,0.6107118,0,1.601604,0,0,0,0,0,0,5.501281,4.352099,6.650475,0.592854,0.702737,0.482971,7.399516,6.22221,8.576822,0.5856842,0,2.108085,7.205473,6.108904,8.302043,9.873342,10,9.534235,-1,-1,-1,-1,-1,-1,-1,-1,-1,-1,-1,-1,-1,-1,-1,-1,-1,-1,-1,-1,-1,-1,-1,-1,-1,-1,-1,-1,-1,-1,-1,-1,-1,-1,-1,-1,-1,-1,-1,-1,-1,-1,-1,-1,-1,-1,-1,-1,-1,-1,0,0,0,0,0,0,-1,-1,-1,-1,-1,-1,-1,-1,-1,-1,-1,-1,0,0,0,0,0,0,-1,-1,-1,-1,-1,-1,-1,-1,-1,-1,-1,-1,-1,-1,False,False,0,0,False,207,0,0,0,0,0,0,0,0,0,0,0,0,0,0,0,1,
0,4053,2026-02-23 13:16:53Z,LLM_Empathetic,6.932338,7.222684,6.641991,0.6107145,0,1.601606,0,0,0,0,0,0,5.501279,4.352098,6.650471,0.592854,0.702737,0.482971,7.399515,6.222211,8.576819,0.585686,0,2.108086,7.20547,6.108902,8.302038,9.873336,10,9.534227,6.932338,7.222684,6.641991,0.6107145,0,1.601606,0,0,0,0,0,0,5.501279,4.352098,6.650471,0.592854,0.702737,0.482971,7.399515,6.222211,8.576819,0.585686,0,2.108086,7.20547,6.108902,8.302038,9.873336,10,9.534227,-1,-1,-1,-1,-1,-1,-1,-1,-1,-1,-1,-1,-1,-1,-1,-1,-1,-1,-1,-1,-1,-1,-1,-1,-1,-1,-1,-1,-1,-1,-1,-1,-1,-1,-1,-1,-1,-1,-1,-1,-1,-1,-1,-1,-1,-1,-1,-1,-1,-1,0,0,0,0,0,0,-1,-1,-1,-1,-1,-1,-1,-1,-1,-1,-1,-1,0,0,0,0,0,0,-1,-1,-1,-1,-1,-1,-1,-1,-1,-1,-1,-1,-1,-1,False,False,0,0,False,209,0,0,0,0,0,0,0,0,0,0,0,0,0,0,0,1,
0,4054,2026-02-23 13:16:53Z,LLM_Empathetic,6.932336,7.222684,6.641988,0.6107173,0,1.601607,0,0,0,0,0,0,5.501277,4.352098,6.650467,0.592854,0.702737,0.482971,7.399514,6.222211,8.576818,0.5856878,0,2.108088,7.205467,6.108901,8.302034,9.87333,10,9.534221,6.932336,7.222684,6.641988,0.6107173,0,1.601607,0,0,0,0,0,0,5.501277,4.352098,6.650467,0.592854,0.702737,0.482971,7.399514,6.222211,8.576818,0.5856878,0,2.108088,7.205467,6.108901,8.302034,9.87333,10,9.534221,-1,-1,-1,-1,-1,-1,-1,-1,-1,-1,-1,-1,-1,-1,-1,-1,-1,-1,-1,-1,-1,-1,-1,-1,-1,-1,-1,-1,-1,-1,-1,-1,-1,-1,-1,-1,-1,-1,-1,-1,-1,-1,-1,-1,-1,-1,-1,-1,-1,-1,0,0,0,0,0,0,-1,-1,-1,-1,-1,-1,-1,-1,-1,-1,-1,-1,0,0,0,0,0,0,-1,-1,-1,-1,-1,-1,-1,-1,-1,-1,-1,-1,-1,-1,False,False,0,0,False,209,0,0,0,0,0,0,0,0,0,0,0,0,0,0,0,1,
0,4055,2026-02-23 13:16:53Z,LLM_Empathetic,6.932334,7.222684,6.641985,0.61072,0,1.601609,0,0,0,0,0,0,5.501275,4.352097,6.650464,0.592854,0.702737,0.482971,7.399513,6.222212,8.576815,0.5856895,0,2.10809,7.205464,6.108899,8.302031,9.873324,10,9.534213,6.932334,7.222684,6.641985,0.61072,0,1.601609,0,0,0,0,0,0,5.501275,4.352097,6.650464,0.592854,0.702737,0.482971,7.399513,6.222212,8.576815,0.5856895,0,2.10809,7.205464,6.108899,8.302031,9.873324,10,9.534213,-1,-1,-1,-1,-1,-1,-1,-1,-1,-1,-1,-1,-1,-1,-1,-1,-1,-1,-1,-1,-1,-1,-1,-1,-1,-1,-1,-1,-1,-1,-1,-1,-1,-1,-1,-1,-1,-1,-1,-1,-1,-1,-1,-1,-1,-1,-1,-1,-1,-1,0,0,0,0,0,0,-1,-1,-1,-1,-1,-1,-1,-1,-1,-1,-1,-1,0,0,0,0,0,0,-1,-1,-1,-1,-1,-1,-1,-1,-1,-1,-1,-1,-1,-1,False,False,0,0,False,207,0,0,0,0,0,0,0,0,0,0,0,0,0,0,0,1,
0,4056,2026-02-23 13:16:53Z,LLM_Empathetic,6.932331,7.222683,6.641979,0.6107255,0,1.601612,0,0,0,0,0,0,5.501271,4.352096,6.650457,0.592854,0.702737,0.482971,7.399511,6.222213,8.57681,0.585693,0,2.108094,7.205459,6.108896,8.302022,9.873313,10,9.534199,6.932331,7.222683,6.641979,0.6107255,0,1.601612,0,0,0,0,0,0,5.501271,4.352096,6.650457,0.592854,0.702737,0.482971,7.399511,6.222213,8.57681,0.585693,0,2.108094,7.205459,6.108896,8.302022,9.873313,10,9.534199,-1,-1,-1,-1,-1,-1,-1,-1,-1,-1,-1,-1,-1,-1,-1,-1,-1,-1,-1,-1,-1,-1,-1,-1,-1,-1,-1,-1,-1,-1,-1,-1,-1,-1,-1,-1,-1,-1,-1,-1,-1,-1,-1,-1,-1,-1,-1,-1,-1,-1,0,0,0,0,0,0,-1,-1,-1,-1,-1,-1,-1,-1,-1,-1,-1,-1,0,0,0,0,0,0,-1,-1,-1,-1,-1,-1,-1,-1,-1,-1,-1,-1,-1,-1,False,False,0,0,False,209,0,0,0,0,0,0,0,0,0,0,0,0,0,0,0,1,
0,4057,2026-02-23 13:16:53Z,LLM_Empathetic,6.93233,7.222683,6.641976,0.6107283,0,1.601614,0,0,0,0,0,0,5.501269,4.352095,6.650454,0.592854,0.702737,0.482971,7.39951,6.222213,8.576808,0.5856948,0,2.108095,7.205456,6.108895,8.302017,9.873307,10,9.534191,6.93233,7.222683,6.641976,0.6107283,0,1.601614,0,0,0,0,0,0,5.501269,4.352095,6.650454,0.592854,0.702737,0.482971,7.39951,6.222213,8.576808,0.5856948,0,2.108095,7.205456,6.108895,8.302017,9.873307,10,9.534191,-1,-1,-1,-1,-1,-1,-1,-1,-1,-1,-1,-1,-1,-1,-1,-1,-1,-1,-1,-1,-1,-1,-1,-1,-1,-1,-1,-1,-1,-1,-1,-1,-1,-1,-1,-1,-1,-1,-1,-1,-1,-1,-1,-1,-1,-1,-1,-1,-1,-1,0,0,0,0,0,0,-1,-1,-1,-1,-1,-1,-1,-1,-1,-1,-1,-1,0,0,0,0,0,0,-1,-1,-1,-1,-1,-1,-1,-1,-1,-1,-1,-1,-1,-1,False,False,0,0,False,209,0,0,0,0,0,0,0,0,0,0,0,0,0,0,0,1,
0,4058,2026-02-23 13:16:53Z,LLM_Empathetic,6.932328,7.222682,6.641973,0.6107311,0,1.601615,0,0,0,0,0,0,5.501267,4.352094,6.65045,0.592854,0.702737,0.482971,7.399509,6.222214,8.576805,0.5856966,0,2.108097,7.205453,6.108893,8.302013,9.873302,10,9.534184,6.932328,7.222682,6.641973,0.6107311,0,1.601615,0,0,0,0,0,0,5.501267,4.352094,6.65045,0.592854,0.702737,0.482971,7.399509,6.222214,8.576805,0.5856966,0,2.108097,7.205453,6.108893,8.302013,9.873302,10,9.534184,-1,-1,-1,-1,-1,-1,-1,-1,-1,-1,-1,-1,-1,-1,-1,-1,-1,-1,-1,-1,-1,-1,-1,-1,-1,-1,-1,-1,-1,-1,-1,-1,-1,-1,-1,-1,-1,-1,-1,-1,-1,-1,-1,-1,-1,-1,-1,-1,-1,-1,0,0,0,0,0,0,-1,-1,-1,-1,-1,-1,-1,-1,-1,-1,-1,-1,0,0,0,0,0,0,-1,-1,-1,-1,-1,-1,-1,-1,-1,-1,-1,-1,-1,-1,False,False,0,0,False,209,0,0,0,0,0,0,0,0,0,0,0,0,0,0,0,1,
0,4059,2026-02-23 13:16:53Z,LLM_Empathetic,6.932326,7.222682,6.64197,0.6107338,0,1.601617,0,0,0,0,0,0,5.501265,4.352093,6.650446,0.592854,0.702737,0.482971,7.399508,6.222214,8.576803,0.5856983,0,2.108099,7.20545,6.108891,8.302009,9.873295,10,9.534177,6.932326,7.222682,6.64197,0.6107338,0,1.601617,0,0,0,0,0,0,5.501265,4.352093,6.650446,0.592854,0.702737,0.482971,7.399508,6.222214,8.576803,0.5856983,0,2.108099,7.20545,6.108891,8.302009,9.873295,10,9.534177,-1,-1,-1,-1,-1,-1,-1,-1,-1,-1,-1,-1,-1,-1,-1,-1,-1,-1,-1,-1,-1,-1,-1,-1,-1,-1,-1,-1,-1,-1,-1,-1,-1,-1,-1,-1,-1,-1,-1,-1,-1,-1,-1,-1,-1,-1,-1,-1,-1,-1,0,0,0,0,0,0,-1,-1,-1,-1,-1,-1,-1,-1,-1,-1,-1,-1,0,0,0,0,0,0,-1,-1,-1,-1,-1,-1,-1,-1,-1,-1,-1,-1,-1,-1,False,False,0,0,False,207,0,0,0,0,0,0,0,0,0,0,0,0,0,0,0,1,
0,4060,2026-02-23 13:16:53Z,LLM_Empathetic,6.932325,7.222682,6.641967,0.6107365,0,1.601618,0,0,0,0,0,0,5.501263,4.352093,6.650443,0.592854,0.702737,0.482971,7.399508,6.222215,8.5768,0.5857001,0,2.1081,7.205447,6.10889,8.302005,9.873289,10,9.53417,6.932325,7.222682,6.641967,0.6107365,0,1.601618,0,0,0,0,0,0,5.501263,4.352093,6.650443,0.592854,0.702737,0.482971,7.399508,6.222215,8.5768,0.5857001,0,2.1081,7.205447,6.10889,8.302005,9.873289,10,9.53417,-1,-1,-1,-1,-1,-1,-1,-1,-1,-1,-1,-1,-1,-1,-1,-1,-1,-1,-1,-1,-1,-1,-1,-1,-1,-1,-1,-1,-1,-1,-1,-1,-1,-1,-1,-1,-1,-1,-1,-1,-1,-1,-1,-1,-1,-1,-1,-1,-1,-1,0,0,0,0,0,0,-1,-1,-1,-1,-1,-1,-1,-1,-1,-1,-1,-1,0,0,0,0,0,0,-1,-1,-1,-1,-1,-1,-1,-1,-1,-1,-1,-1,-1,-1,False,False,0,0,False,207,0,0,0,0,0,0,0,0,0,0,0,0,0,0,0,1,
0,4061,2026-02-23 13:16:53Z,LLM_Empathetic,6.932323,7.222682,6.641964,0.6107394,0,1.60162,0,0,0,0,0,0,5.501261,4.352092,6.65044,0.592854,0.702737,0.482971,7.399507,6.222215,8.576798,0.5857019,0,2.108102,7.205444,6.108888,8.302001,9.873283,10,9.534163,6.932323,7.222682,6.641964,0.6107394,0,1.60162,0,0,0,0,0,0,5.501261,4.352092,6.65044,0.592854,0.702737,0.482971,7.399507,6.222215,8.576798,0.5857019,0,2.108102,7.205444,6.108888,8.302001,9.873283,10,9.534163,-1,-1,-1,-1,-1,-1,-1,-1,-1,-1,-1,-1,-1,-1,-1,-1,-1,-1,-1,-1,-1,-1,-1,-1,-1,-1,-1,-1,-1,-1,-1,-1,-1,-1,-1,-1,-1,-1,-1,-1,-1,-1,-1,-1,-1,-1,-1,-1,-1,-1,0,0,0,0,0,0,-1,-1,-1,-1,-1,-1,-1,-1,-1,-1,-1,-1,0,0,0,0,0,0,-1,-1,-1,-1,-1,-1,-1,-1,-1,-1,-1,-1,-1,-1,False,False,0,0,False,207,0,0,0,0,0,0,0,0,0,0,0,0,0,0,0,1,
0,4062,2026-02-23 13:16:53Z,LLM_Empathetic,6.93232,7.222681,6.641959,0.6107448,0,1.601623,0,0,0,0,0,0,5.501256,4.35209,6.650433,0.592854,0.702737,0.482971,7.399505,6.222216,8.576794,0.5857054,0,2.108106,7.205438,6.108885,8.301992,9.873272,10,9.534148,6.93232,7.222681,6.641959,0.6107448,0,1.601623,0,0,0,0,0,0,5.501256,4.35209,6.650433,0.592854,0.702737,0.482971,7.399505,6.222216,8.576794,0.5857054,0,2.108106,7.205438,6.108885,8.301992,9.873272,10,9.534148,-1,-1,-1,-1,-1,-1,-1,-1,-1,-1,-1,-1,-1,-1,-1,-1,-1,-1,-1,-1,-1,-1,-1,-1,-1,-1,-1,-1,-1,-1,-1,-1,-1,-1,-1,-1,-1,-1,-1,-1,-1,-1,-1,-1,-1,-1,-1,-1,-1,-1,0,0,0,0,0,0,-1,-1,-1,-1,-1,-1,-1,-1,-1,-1,-1,-1,0,0,0,0,0,0,-1,-1,-1,-1,-1,-1,-1,-1,-1,-1,-1,-1,-1,-1,False,False,0,0,False,207,0,0,0,0,0,0,0,0,0,0,0,0,0,0,0,1,
0,4063,2026-02-23 13:16:53Z,LLM_Empathetic,6.932318,7.222681,6.641955,0.6107476,0,1.601624,0,0,0,0,0,0,5.501254,4.35209,6.650429,0.592854,0.702737,0.482971,7.399504,6.222217,8.576791,0.5857072,0,2.108108,7.205435,6.108884,8.301988,9.873266,10,9.534141,6.932318,7.222681,6.641955,0.6107476,0,1.601624,0,0,0,0,0,0,5.501254,4.35209,6.650429,0.592854,0.702737,0.482971,7.399504,6.222217,8.576791,0.5857072,0,2.108108,7.205435,6.108884,8.301988,9.873266,10,9.534141,-1,-1,-1,-1,-1,-1,-1,-1,-1,-1,-1,-1,-1,-1,-1,-1,-1,-1,-1,-1,-1,-1,-1,-1,-1,-1,-1,-1,-1,-1,-1,-1,-1,-1,-1,-1,-1,-1,-1,-1,-1,-1,-1,-1,-1,-1,-1,-1,-1,-1,0,0,0,0,0,0,-1,-1,-1,-1,-1,-1,-1,-1,-1,-1,-1,-1,0,0,0,0,0,0,-1,-1,-1,-1,-1,-1,-1,-1,-1,-1,-1,-1,-1,-1,False,False,0,0,False,209,0,0,0,0,0,0,0,0,0,0,0,0,0,0,0,1,
0,4064,2026-02-23 13:16:53Z,LLM_Empathetic,6.932317,7.222681,6.641953,0.6107504,0,1.601626,0,0,0,0,0,0,5.501252,4.352089,6.650425,0.592854,0.702737,0.482971,7.399503,6.222217,8.576789,0.5857089,0,2.108109,7.205432,6.108882,8.301984,9.87326,10,9.534133,6.932317,7.222681,6.641953,0.6107504,0,1.601626,0,0,0,0,0,0,5.501252,4.352089,6.650425,0.592854,0.702737,0.482971,7.399503,6.222217,8.576789,0.5857089,0,2.108109,7.205432,6.108882,8.301984,9.87326,10,9.534133,-1,-1,-1,-1,-1,-1,-1,-1,-1,-1,-1,-1,-1,-1,-1,-1,-1,-1,-1,-1,-1,-1,-1,-1,-1,-1,-1,-1,-1,-1,-1,-1,-1,-1,-1,-1,-1,-1,-1,-1,-1,-1,-1,-1,-1,-1,-1,-1,-1,-1,0,0,0,0,0,0,-1,-1,-1,-1,-1,-1,-1,-1,-1,-1,-1,-1,0,0,0,0,0,0,-1,-1,-1,-1,-1,-1,-1,-1,-1,-1,-1,-1,-1,-1,False,False,0,0,False,207,0,0,0,0,0,0,0,0,0,0,0,0,0,0,0,1,
0,4065,2026-02-23 13:16:53Z,LLM_Empathetic,6.932315,7.22268,6.64195,0.6107532,0,1.601627,0,0,0,0,0,0,5.50125,4.352088,6.650422,0.592854,0.702737,0.482971,7.399502,6.222218,8.576786,0.5857107,0,2.108111,7.20543,6.108881,8.301979,9.873255,10,9.534126,6.932315,7.22268,6.64195,0.6107532,0,1.601627,0,0,0,0,0,0,5.50125,4.352088,6.650422,0.592854,0.702737,0.482971,7.399502,6.222218,8.576786,0.5857107,0,2.108111,7.20543,6.108881,8.301979,9.873255,10,9.534126,-1,-1,-1,-1,-1,-1,-1,-1,-1,-1,-1,-1,-1,-1,-1,-1,-1,-1,-1,-1,-1,-1,-1,-1,-1,-1,-1,-1,-1,-1,-1,-1,-1,-1,-1,-1,-1,-1,-1,-1,-1,-1,-1,-1,-1,-1,-1,-1,-1,-1,0,0,0,0,0,0,-1,-1,-1,-1,-1,-1,-1,-1,-1,-1,-1,-1,0,0,0,0,0,0,-1,-1,-1,-1,-1,-1,-1,-1,-1,-1,-1,-1,-1,-1,False,False,0,0,False,209,0,0,0,0,0,0,0,0,0,0,0,0,0,0,0,1,
0,4066,2026-02-23 13:16:53Z,LLM_Empathetic,6.932299,7.222677,6.64192,0.6107809,0,1.601642,0,0,0,0,0,0,5.501229,4.352081,6.650387,0.592854,0.702737,0.482971,7.399492,6.222223,8.576762,0.5857285,0,2.108129,7.2054,6.108865,8.301937,9.873197,10,9.534053,6.932299,7.222677,6.64192,0.6107809,0,1.601642,0,0,0,0,0,0,5.501229,4.352081,6.650387,0.592854,0.702737,0.482971,7.399492,6.222223,8.576762,0.5857285,0,2.108129,7.2054,6.108865,8.301937,9.873197,10,9.534053,-1,-1,-1,-1,-1,-1,-1,-1,-1,-1,-1,-1,-1,-1,-1,-1,-1,-1,-1,-1,-1,-1,-1,-1,-1,-1,-1,-1,-1,-1,-1,-1,-1,-1,-1,-1,-1,-1,-1,-1,-1,-1,-1,-1,-1,-1,-1,-1,-1,-1,0,0,0,0,0,0,-1,-1,-1,-1,-1,-1,-1,-1,-1,-1,-1,-1,0,0,0,0,0,0,-1,-1,-1,-1,-1,-1,-1,-1,-1,-1,-1,-1,-1,-1,False,False,0,0,False,209,0,0,0,0,0,0,0,0,0,0,0,0,0,0,0,1,
0,4067,2026-02-23 13:16:54Z,LLM_Empathetic,6.932297,7.222677,6.641917,0.6107837,0,1.601644,0,0,0,0,0,0,5.501227,4.352081,6.650383,0.592854,0.702737,0.482971,7.399491,6.222223,8.576759,0.5857303,0,2.108131,7.205398,6.108863,8.301932,9.873191,10,9.534045,6.932297,7.222677,6.641917,0.6107837,0,1.601644,0,0,0,0,0,0,5.501227,4.352081,6.650383,0.592854,0.702737,0.482971,7.399491,6.222223,8.576759,0.5857303,0,2.108131,7.205398,6.108863,8.301932,9.873191,10,9.534045,-1,-1,-1,-1,-1,-1,-1,-1,-1,-1,-1,-1,-1,-1,-1,-1,-1,-1,-1,-1,-1,-1,-1,-1,-1,-1,-1,-1,-1,-1,-1,-1,-1,-1,-1,-1,-1,-1,-1,-1,-1,-1,-1,-1,-1,-1,-1,-1,-1,-1,0,0,0,0,0,0,-1,-1,-1,-1,-1,-1,-1,-1,-1,-1,-1,-1,0,0,0,0,0,0,-1,-1,-1,-1,-1,-1,-1,-1,-1,-1,-1,-1,-1,-1,False,False,0,0,False,209,0,0,0,0,0,0,0,0,0,0,0,0,0,0,0,1,
0,4068,2026-02-23 13:16:54Z,LLM_Empathetic,6.932295,7.222677,6.641914,0.6107864,0,1.601646,0,0,0,0,0,0,5.501225,4.35208,6.65038,0.592854,0.702737,0.482971,7.39949,6.222224,8.576757,0.585732,0,2.108132,7.205394,6.108861,8.301929,9.873185,10,9.534039,6.932295,7.222677,6.641914,0.6107864,0,1.601646,0,0,0,0,0,0,5.501225,4.35208,6.65038,0.592854,0.702737,0.482971,7.39949,6.222224,8.576757,0.585732,0,2.108132,7.205394,6.108861,8.301929,9.873185,10,9.534039,-1,-1,-1,-1,-1,-1,-1,-1,-1,-1,-1,-1,-1,-1,-1,-1,-1,-1,-1,-1,-1,-1,-1,-1,-1,-1,-1,-1,-1,-1,-1,-1,-1,-1,-1,-1,-1,-1,-1,-1,-1,-1,-1,-1,-1,-1,-1,-1,-1,-1,0,0,0,0,0,0,-1,-1,-1,-1,-1,-1,-1,-1,-1,-1,-1,-1,0,0,0,0,0,0,-1,-1,-1,-1,-1,-1,-1,-1,-1,-1,-1,-1,-1,-1,False,False,0,0,False,207,0,0,0,0,0,0,0,0,0,0,0,0,0,0,0,1,
0,4069,2026-02-23 13:16:54Z,LLM_Empathetic,6.932294,7.222676,6.641911,0.6107892,0,1.601647,0,0,0,0,0,0,5.501223,4.352079,6.650376,0.592854,0.702737,0.482971,7.399489,6.222224,8.576755,0.5857338,0,2.108134,7.205391,6.10886,8.301924,9.873179,10,9.534031,6.932294,7.222676,6.641911,0.6107892,0,1.601647,0,0,0,0,0,0,5.501223,4.352079,6.650376,0.592854,0.702737,0.482971,7.399489,6.222224,8.576755,0.5857338,0,2.108134,7.205391,6.10886,8.301924,9.873179,10,9.534031,-1,-1,-1,-1,-1,-1,-1,-1,-1,-1,-1,-1,-1,-1,-1,-1,-1,-1,-1,-1,-1,-1,-1,-1,-1,-1,-1,-1,-1,-1,-1,-1,-1,-1,-1,-1,-1,-1,-1,-1,-1,-1,-1,-1,-1,-1,-1,-1,-1,-1,0,0,0,0,0,0,-1,-1,-1,-1,-1,-1,-1,-1,-1,-1,-1,-1,0,0,0,0,0,0,-1,-1,-1,-1,-1,-1,-1,-1,-1,-1,-1,-1,-1,-1,False,False,0,0,False,207,0,0,0,0,0,0,0,0,0,0,0,0,0,0,0,1,
0,4070,2026-02-23 13:16:54Z,LLM_Empathetic,6.932291,7.222676,6.641905,0.6107948,0,1.60165,0,0,0,0,0,0,5.501219,4.352078,6.65037,0.592854,0.702737,0.482971,7.399487,6.222225,8.57675,0.5857373,0,2.108138,7.205386,6.108857,8.301915,9.873167,10,9.534017,6.932291,7.222676,6.641905,0.6107948,0,1.60165,0,0,0,0,0,0,5.501219,4.352078,6.65037,0.592854,0.702737,0.482971,7.399487,6.222225,8.57675,0.5857373,0,2.108138,7.205386,6.108857,8.301915,9.873167,10,9.534017,-1,-1,-1,-1,-1,-1,-1,-1,-1,-1,-1,-1,-1,-1,-1,-1,-1,-1,-1,-1,-1,-1,-1,-1,-1,-1,-1,-1,-1,-1,-1,-1,-1,-1,-1,-1,-1,-1,-1,-1,-1,-1,-1,-1,-1,-1,-1,-1,-1,-1,0,0,0,0,0,0,-1,-1,-1,-1,-1,-1,-1,-1,-1,-1,-1,-1,0,0,0,0,0,0,-1,-1,-1,-1,-1,-1,-1,-1,-1,-1,-1,-1,-1,-1,False,False,0,0,False,209,0,0,0,0,0,0,0,0,0,0,0,0,0,0,0,1,
0,4071,2026-02-23 13:16:54Z,LLM_Empathetic,6.932289,7.222675,6.641902,0.6107976,0,1.601652,0,0,0,0,0,0,5.501216,4.352077,6.650366,0.592854,0.702737,0.482971,7.399487,6.222226,8.576748,0.5857391,0,2.10814,7.205383,6.108855,8.301911,9.873161,10,9.534009,6.932289,7.222675,6.641902,0.6107976,0,1.601652,0,0,0,0,0,0,5.501216,4.352077,6.650366,0.592854,0.702737,0.482971,7.399487,6.222226,8.576748,0.5857391,0,2.10814,7.205383,6.108855,8.301911,9.873161,10,9.534009,-1,-1,-1,-1,-1,-1,-1,-1,-1,-1,-1,-1,-1,-1,-1,-1,-1,-1,-1,-1,-1,-1,-1,-1,-1,-1,-1,-1,-1,-1,-1,-1,-1,-1,-1,-1,-1,-1,-1,-1,-1,-1,-1,-1,-1,-1,-1,-1,-1,-1,0,0,0,0,0,0,-1,-1,-1,-1,-1,-1,-1,-1,-1,-1,-1,-1,0,0,0,0,0,0,-1,-1,-1,-1,-1,-1,-1,-1,-1,-1,-1,-1,-1,-1,False,False,0,0,False,209,0,0,0,0,0,0,0,0,0,0,0,0,0,0,0,1,
0,4072,2026-02-23 13:16:54Z,LLM_Empathetic,6.932287,7.222675,6.641899,0.6108004,0,1.601653,0,0,0,0,0,0,5.501215,4.352077,6.650362,0.592854,0.702737,0.482971,7.399486,6.222226,8.576745,0.5857409,0,2.108141,7.20538,6.108854,8.301907,9.873156,10,9.534001,6.932287,7.222675,6.641899,0.6108004,0,1.601653,0,0,0,0,0,0,5.501215,4.352077,6.650362,0.592854,0.702737,0.482971,7.399486,6.222226,8.576745,0.5857409,0,2.108141,7.20538,6.108854,8.301907,9.873156,10,9.534001,-1,-1,-1,-1,-1,-1,-1,-1,-1,-1,-1,-1,-1,-1,-1,-1,-1,-1,-1,-1,-1,-1,-1,-1,-1,-1,-1,-1,-1,-1,-1,-1,-1,-1,-1,-1,-1,-1,-1,-1,-1,-1,-1,-1,-1,-1,-1,-1,-1,-1,0,0,0,0,0,0,-1,-1,-1,-1,-1,-1,-1,-1,-1,-1,-1,-1,0,0,0,0,0,0,-1,-1,-1,-1,-1,-1,-1,-1,-1,-1,-1,-1,-1,-1,False,False,0,0,False,209,0,0,0,0,0,0,0,0,0,0,0,0,0,0,0,1,
0,4073,2026-02-23 13:16:54Z,LLM_Empathetic,6.932286,7.222675,6.641896,0.6108032,0,1.601655,0,0,0,0,0,0,5.501212,4.352076,6.650359,0.592854,0.702737,0.482971,7.399485,6.222227,8.576742,0.5857427,0,2.108143,7.205377,6.108852,8.301903,9.87315,10,9.533995,6.932286,7.222675,6.641896,0.6108032,0,1.601655,0,0,0,0,0,0,5.501212,4.352076,6.650359,0.592854,0.702737,0.482971,7.399485,6.222227,8.576742,0.5857427,0,2.108143,7.205377,6.108852,8.301903,9.87315,10,9.533995,-1,-1,-1,-1,-1,-1,-1,-1,-1,-1,-1,-1,-1,-1,-1,-1,-1,-1,-1,-1,-1,-1,-1,-1,-1,-1,-1,-1,-1,-1,-1,-1,-1,-1,-1,-1,-1,-1,-1,-1,-1,-1,-1,-1,-1,-1,-1,-1,-1,-1,0,0,0,0,0,0,-1,-1,-1,-1,-1,-1,-1,-1,-1,-1,-1,-1,0,0,0,0,0,0,-1,-1,-1,-1,-1,-1,-1,-1,-1,-1,-1,-1,-1,-1,False,False,0,0,False,209,0,0,0,0,0,0,0,0,0,0,0,0,0,0,0,1,
0,4074,2026-02-23 13:16:54Z,LLM_Empathetic,6.932282,7.222674,6.64189,0.6108087,0,1.601658,0,0,0,0,0,0,5.501208,4.352075,6.650352,0.592854,0.702737,0.482971,7.399483,6.222228,8.576737,0.5857463,0,2.108147,7.205371,6.108849,8.301894,9.873138,10,9.533979,6.932282,7.222674,6.64189,0.6108087,0,1.601658,0,0,0,0,0,0,5.501208,4.352075,6.650352,0.592854,0.702737,0.482971,7.399483,6.222228,8.576737,0.5857463,0,2.108147,7.205371,6.108849,8.301894,9.873138,10,9.533979,-1,-1,-1,-1,-1,-1,-1,-1,-1,-1,-1,-1,-1,-1,-1,-1,-1,-1,-1,-1,-1,-1,-1,-1,-1,-1,-1,-1,-1,-1,-1,-1,-1,-1,-1,-1,-1,-1,-1,-1,-1,-1,-1,-1,-1,-1,-1,-1,-1,-1,0,0,0,0,0,0,-1,-1,-1,-1,-1,-1,-1,-1,-1,-1,-1,-1,0,0,0,0,0,0,-1,-1,-1,-1,-1,-1,-1,-1,-1,-1,-1,-1,-1,-1,False,False,0,0,False,209,0,0,0,0,0,0,0,0,0,0,0,0,0,0,0,1,
0,4075,2026-02-23 13:16:54Z,LLM_Empathetic,6.932279,7.222674,6.641884,0.6108143,0,1.601661,0,0,0,0,0,0,5.501204,4.352073,6.650345,0.592854,0.702737,0.482971,7.399481,6.222229,8.576733,0.5857499,0,2.10815,7.205365,6.108846,8.301886,9.873126,10,9.533965,6.932279,7.222674,6.641884,0.6108143,0,1.601661,0,0,0,0,0,0,5.501204,4.352073,6.650345,0.592854,0.702737,0.482971,7.399481,6.222229,8.576733,0.5857499,0,2.10815,7.205365,6.108846,8.301886,9.873126,10,9.533965,-1,-1,-1,-1,-1,-1,-1,-1,-1,-1,-1,-1,-1,-1,-1,-1,-1,-1,-1,-1,-1,-1,-1,-1,-1,-1,-1,-1,-1,-1,-1,-1,-1,-1,-1,-1,-1,-1,-1,-1,-1,-1,-1,-1,-1,-1,-1,-1,-1,-1,0,0,0,0,0,0,-1,-1,-1,-1,-1,-1,-1,-1,-1,-1,-1,-1,0,0,0,0,0,0,-1,-1,-1,-1,-1,-1,-1,-1,-1,-1,-1,-1,-1,-1,False,False,0,0,False,209,0,0,0,0,0,0,0,0,0,0,0,0,0,0,0,1,
0,4076,2026-02-23 13:16:54Z,LLM_Empathetic,6.932277,7.222673,6.641881,0.6108171,0,1.601663,0,0,0,0,0,0,5.501202,4.352072,6.650342,0.592854,0.702737,0.482971,7.39948,6.222229,8.576731,0.5857517,0,2.108152,7.205362,6.108844,8.301882,9.87312,10,9.533957,6.932277,7.222673,6.641881,0.6108171,0,1.601663,0,0,0,0,0,0,5.501202,4.352072,6.650342,0.592854,0.702737,0.482971,7.39948,6.222229,8.576731,0.5857517,0,2.108152,7.205362,6.108844,8.301882,9.87312,10,9.533957,-1,-1,-1,-1,-1,-1,-1,-1,-1,-1,-1,-1,-1,-1,-1,-1,-1,-1,-1,-1,-1,-1,-1,-1,-1,-1,-1,-1,-1,-1,-1,-1,-1,-1,-1,-1,-1,-1,-1,-1,-1,-1,-1,-1,-1,-1,-1,-1,-1,-1,0,0,0,0,0,0,-1,-1,-1,-1,-1,-1,-1,-1,-1,-1,-1,-1,0,0,0,0,0,0,-1,-1,-1,-1,-1,-1,-1,-1,-1,-1,-1,-1,-1,-1,False,False,0,0,False,207,0,0,0,0,0,0,0,0,0,0,0,0,0,0,0,1,
0,4077,2026-02-23 13:16:54Z,LLM_Empathetic,6.932276,7.222673,6.641878,0.6108199,0,1.601664,0,0,0,0,0,0,5.5012,4.352072,6.650338,0.592854,0.702737,0.482971,7.399479,6.222229,8.576728,0.5857534,0,2.108154,7.205359,6.108842,8.301877,9.873115,10,9.53395,6.932276,7.222673,6.641878,0.6108199,0,1.601664,0,0,0,0,0,0,5.5012,4.352072,6.650338,0.592854,0.702737,0.482971,7.399479,6.222229,8.576728,0.5857534,0,2.108154,7.205359,6.108842,8.301877,9.873115,10,9.53395,-1,-1,-1,-1,-1,-1,-1,-1,-1,-1,-1,-1,-1,-1,-1,-1,-1,-1,-1,-1,-1,-1,-1,-1,-1,-1,-1,-1,-1,-1,-1,-1,-1,-1,-1,-1,-1,-1,-1,-1,-1,-1,-1,-1,-1,-1,-1,-1,-1,-1,0,0,0,0,0,0,-1,-1,-1,-1,-1,-1,-1,-1,-1,-1,-1,-1,0,0,0,0,0,0,-1,-1,-1,-1,-1,-1,-1,-1,-1,-1,-1,-1,-1,-1,False,False,0,0,False,209,0,0,0,0,0,0,0,0,0,0,0,0,0,0,0,1,
0,4078,2026-02-23 13:16:54Z,LLM_Empathetic,6.932274,7.222673,6.641875,0.6108227,0,1.601666,0,0,0,0,0,0,5.501197,4.352071,6.650334,0.592854,0.702737,0.482971,7.399478,6.22223,8.576726,0.5857552,0,2.108156,7.205357,6.108841,8.301873,9.873109,10,9.533943,6.932274,7.222673,6.641875,0.6108227,0,1.601666,0,0,0,0,0,0,5.501197,4.352071,6.650334,0.592854,0.702737,0.482971,7.399478,6.22223,8.576726,0.5857552,0,2.108156,7.205357,6.108841,8.301873,9.873109,10,9.533943,-1,-1,-1,-1,-1,-1,-1,-1,-1,-1,-1,-1,-1,-1,-1,-1,-1,-1,-1,-1,-1,-1,-1,-1,-1,-1,-1,-1,-1,-1,-1,-1,-1,-1,-1,-1,-1,-1,-1,-1,-1,-1,-1,-1,-1,-1,-1,-1,-1,-1,0,0,0,0,0,0,-1,-1,-1,-1,-1,-1,-1,-1,-1,-1,-1,-1,0,0,0,0,0,0,-1,-1,-1,-1,-1,-1,-1,-1,-1,-1,-1,-1,-1,-1,False,False,0,0,False,207,0,0,0,0,0,0,0,0,0,0,0,0,0,0,0,1,
0,4079,2026-02-23 13:16:54Z,LLM_Empathetic,6.932271,7.222672,6.641869,0.6108283,0,1.601669,0,0,0,0,0,0,5.501193,4.35207,6.650327,0.592854,0.702737,0.482971,7.399476,6.222231,8.576721,0.5857588,0,2.108159,7.20535,6.108838,8.301865,9.873097,10,9.533928,6.932271,7.222672,6.641869,0.6108283,0,1.601669,0,0,0,0,0,0,5.501193,4.35207,6.650327,0.592854,0.702737,0.482971,7.399476,6.222231,8.576721,0.5857588,0,2.108159,7.20535,6.108838,8.301865,9.873097,10,9.533928,-1,-1,-1,-1,-1,-1,-1,-1,-1,-1,-1,-1,-1,-1,-1,-1,-1,-1,-1,-1,-1,-1,-1,-1,-1,-1,-1,-1,-1,-1,-1,-1,-1,-1,-1,-1,-1,-1,-1,-1,-1,-1,-1,-1,-1,-1,-1,-1,-1,-1,0,0,0,0,0,0,-1,-1,-1,-1,-1,-1,-1,-1,-1,-1,-1,-1,0,0,0,0,0,0,-1,-1,-1,-1,-1,-1,-1,-1,-1,-1,-1,-1,-1,-1,False,False,0,0,False,209,0,0,0,0,0,0,0,0,0,0,0,0,0,0,0,1,
0,4080,2026-02-23 13:16:54Z,LLM_Empathetic,6.932269,7.222672,6.641866,0.6108311,0,1.60167,0,0,0,0,0,0,5.501191,4.352069,6.650323,0.592854,0.702737,0.482971,7.399475,6.222232,8.576718,0.5857606,0,2.108161,7.205348,6.108836,8.30186,9.873091,10,9.533921,6.932269,7.222672,6.641866,0.6108311,0,1.60167,0,0,0,0,0,0,5.501191,4.352069,6.650323,0.592854,0.702737,0.482971,7.399475,6.222232,8.576718,0.5857606,0,2.108161,7.205348,6.108836,8.30186,9.873091,10,9.533921,-1,-1,-1,-1,-1,-1,-1,-1,-1,-1,-1,-1,-1,-1,-1,-1,-1,-1,-1,-1,-1,-1,-1,-1,-1,-1,-1,-1,-1,-1,-1,-1,-1,-1,-1,-1,-1,-1,-1,-1,-1,-1,-1,-1,-1,-1,-1,-1,-1,-1,0,0,0,0,0,0,-1,-1,-1,-1,-1,-1,-1,-1,-1,-1,-1,-1,0,0,0,0,0,0,-1,-1,-1,-1,-1,-1,-1,-1,-1,-1,-1,-1,-1,-1,False,False,0,0,False,207,0,0,0,0,0,0,0,0,0,0,0,0,0,0,0,1,
0,4081,2026-02-23 13:16:54Z,LLM_Empathetic,6.932268,7.222672,6.641863,0.6108339,0,1.601672,0,0,0,0,0,0,5.501189,4.352068,6.65032,0.592854,0.702737,0.482971,7.399474,6.222232,8.576716,0.5857624,0,2.108163,7.205345,6.108835,8.301856,9.873085,10,9.533914,6.932268,7.222672,6.641863,0.6108339,0,1.601672,0,0,0,0,0,0,5.501189,4.352068,6.65032,0.592854,0.702737,0.482971,7.399474,6.222232,8.576716,0.5857624,0,2.108163,7.205345,6.108835,8.301856,9.873085,10,9.533914,-1,-1,-1,-1,-1,-1,-1,-1,-1,-1,-1,-1,-1,-1,-1,-1,-1,-1,-1,-1,-1,-1,-1,-1,-1,-1,-1,-1,-1,-1,-1,-1,-1,-1,-1,-1,-1,-1,-1,-1,-1,-1,-1,-1,-1,-1,-1,-1,-1,-1,0,0,0,0,0,0,-1,-1,-1,-1,-1,-1,-1,-1,-1,-1,-1,-1,0,0,0,0,0,0,-1,-1,-1,-1,-1,-1,-1,-1,-1,-1,-1,-1,-1,-1,False,False,0,0,False,209,0,0,0,0,0,0,0,0,0,0,0,0,0,0,0,1,
0,4082,2026-02-23 13:16:54Z,LLM_Empathetic,6.932264,7.222671,6.641857,0.6108395,0,1.601675,0,0,0,0,0,0,5.501185,4.352067,6.650313,0.592854,0.702737,0.482971,7.399472,6.222233,8.576711,0.585766,0,2.108166,7.205339,6.108831,8.301847,9.873074,10,9.533898,6.932264,7.222671,6.641857,0.6108395,0,1.601675,0,0,0,0,0,0,5.501185,4.352067,6.650313,0.592854,0.702737,0.482971,7.399472,6.222233,8.576711,0.585766,0,2.108166,7.205339,6.108831,8.301847,9.873074,10,9.533898,-1,-1,-1,-1,-1,-1,-1,-1,-1,-1,-1,-1,-1,-1,-1,-1,-1,-1,-1,-1,-1,-1,-1,-1,-1,-1,-1,-1,-1,-1,-1,-1,-1,-1,-1,-1,-1,-1,-1,-1,-1,-1,-1,-1,-1,-1,-1,-1,-1,-1,0,0,0,0,0,0,-1,-1,-1,-1,-1,-1,-1,-1,-1,-1,-1,-1,0,0,0,0,0,0,-1,-1,-1,-1,-1,-1,-1,-1,-1,-1,-1,-1,-1,-1,False,False,0,0,False,207,0,0,0,0,0,0,0,0,0,0,0,0,0,0,0,1,
0,4083,2026-02-23 13:16:54Z,LLM_Empathetic,6.932262,7.222671,6.641854,0.6108423,0,1.601676,0,0,0,0,0,0,5.501183,4.352066,6.65031,0.592854,0.702737,0.482971,7.399471,6.222234,8.576709,0.5857678,0,2.108168,7.205336,6.10883,8.301843,9.873068,10,9.533892,6.932262,7.222671,6.641854,0.6108423,0,1.601676,0,0,0,0,0,0,5.501183,4.352066,6.65031,0.592854,0.702737,0.482971,7.399471,6.222234,8.576709,0.5857678,0,2.108168,7.205336,6.10883,8.301843,9.873068,10,9.533892,-1,-1,-1,-1,-1,-1,-1,-1,-1,-1,-1,-1,-1,-1,-1,-1,-1,-1,-1,-1,-1,-1,-1,-1,-1,-1,-1,-1,-1,-1,-1,-1,-1,-1,-1,-1,-1,-1,-1,-1,-1,-1,-1,-1,-1,-1,-1,-1,-1,-1,0,0,0,0,0,0,-1,-1,-1,-1,-1,-1,-1,-1,-1,-1,-1,-1,0,0,0,0,0,0,-1,-1,-1,-1,-1,-1,-1,-1,-1,-1,-1,-1,-1,-1,False,False,0,0,False,209,0,0,0,0,0,0,0,0,0,0,0,0,0,0,0,1,
0,4084,2026-02-23 13:16:54Z,LLM_Empathetic,6.932261,7.222671,6.641851,0.6108451,0,1.601678,0,0,0,0,0,0,5.501181,4.352066,6.650306,0.592854,0.702737,0.482971,7.39947,6.222234,8.576706,0.5857696,0,2.10817,7.205333,6.108828,8.301839,9.873062,10,9.533884,6.932261,7.222671,6.641851,0.6108451,0,1.601678,0,0,0,0,0,0,5.501181,4.352066,6.650306,0.592854,0.702737,0.482971,7.39947,6.222234,8.576706,0.5857696,0,2.10817,7.205333,6.108828,8.301839,9.873062,10,9.533884,-1,-1,-1,-1,-1,-1,-1,-1,-1,-1,-1,-1,-1,-1,-1,-1,-1,-1,-1,-1,-1,-1,-1,-1,-1,-1,-1,-1,-1,-1,-1,-1,-1,-1,-1,-1,-1,-1,-1,-1,-1,-1,-1,-1,-1,-1,-1,-1,-1,-1,0,0,0,0,0,0,-1,-1,-1,-1,-1,-1,-1,-1,-1,-1,-1,-1,0,0,0,0,0,0,-1,-1,-1,-1,-1,-1,-1,-1,-1,-1,-1,-1,-1,-1,False,False,0,0,False,209,0,0,0,0,0,0,0,0,0,0,0,0,0,0,0,1,
0,4085,2026-02-23 13:16:54Z,LLM_Empathetic,6.932259,7.22267,6.641848,0.6108479,0,1.601679,0,0,0,0,0,0,5.501178,4.352065,6.650302,0.592854,0.702737,0.482971,7.399469,6.222235,8.576704,0.5857714,0,2.108172,7.20533,6.108827,8.301834,9.873055,10,9.533876,6.932259,7.22267,6.641848,0.6108479,0,1.601679,0,0,0,0,0,0,5.501178,4.352065,6.650302,0.592854,0.702737,0.482971,7.399469,6.222235,8.576704,0.5857714,0,2.108172,7.20533,6.108827,8.301834,9.873055,10,9.533876,-1,-1,-1,-1,-1,-1,-1,-1,-1,-1,-1,-1,-1,-1,-1,-1,-1,-1,-1,-1,-1,-1,-1,-1,-1,-1,-1,-1,-1,-1,-1,-1,-1,-1,-1,-1,-1,-1,-1,-1,-1,-1,-1,-1,-1,-1,-1,-1,-1,-1,0,0,0,0,0,0,-1,-1,-1,-1,-1,-1,-1,-1,-1,-1,-1,-1,0,0,0,0,0,0,-1,-1,-1,-1,-1,-1,-1,-1,-1,-1,-1,-1,-1,-1,False,False,0,0,False,207,0,0,0,0,0,0,0,0,0,0,0,0,0,0,0,1,
0,4086,2026-02-23 13:16:54Z,LLM_Empathetic,6.932258,7.22267,6.641845,0.6108507,0,1.601681,0,0,0,0,0,0,5.501176,4.352064,6.650299,0.592854,0.702737,0.482971,7.399468,6.222235,8.576701,0.5857732,0,2.108174,7.205327,6.108825,8.30183,9.87305,10,9.533869,6.932258,7.22267,6.641845,0.6108507,0,1.601681,0,0,0,0,0,0,5.501176,4.352064,6.650299,0.592854,0.702737,0.482971,7.399468,6.222235,8.576701,0.5857732,0,2.108174,7.205327,6.108825,8.30183,9.87305,10,9.533869,-1,-1,-1,-1,-1,-1,-1,-1,-1,-1,-1,-1,-1,-1,-1,-1,-1,-1,-1,-1,-1,-1,-1,-1,-1,-1,-1,-1,-1,-1,-1,-1,-1,-1,-1,-1,-1,-1,-1,-1,-1,-1,-1,-1,-1,-1,-1,-1,-1,-1,0,0,0,0,0,0,-1,-1,-1,-1,-1,-1,-1,-1,-1,-1,-1,-1,0,0,0,0,0,0,-1,-1,-1,-1,-1,-1,-1,-1,-1,-1,-1,-1,-1,-1,False,False,0,0,False,207,0,0,0,0,0,0,0,0,0,0,0,0,0,0,0,1,
0,4087,2026-02-23 13:16:54Z,LLM_Empathetic,6.932256,7.22267,6.641842,0.6108535,0,1.601683,0,0,0,0,0,0,5.501174,4.352063,6.650295,0.592854,0.702737,0.482971,7.399467,6.222236,8.576699,0.585775,0,2.108175,7.205324,6.108823,8.301826,9.873044,10,9.533862,6.932256,7.22267,6.641842,0.6108535,0,1.601683,0,0,0,0,0,0,5.501174,4.352063,6.650295,0.592854,0.702737,0.482971,7.399467,6.222236,8.576699,0.585775,0,2.108175,7.205324,6.108823,8.301826,9.873044,10,9.533862,-1,-1,-1,-1,-1,-1,-1,-1,-1,-1,-1,-1,-1,-1,-1,-1,-1,-1,-1,-1,-1,-1,-1,-1,-1,-1,-1,-1,-1,-1,-1,-1,-1,-1,-1,-1,-1,-1,-1,-1,-1,-1,-1,-1,-1,-1,-1,-1,-1,-1,0,0,0,0,0,0,-1,-1,-1,-1,-1,-1,-1,-1,-1,-1,-1,-1,0,0,0,0,0,0,-1,-1,-1,-1,-1,-1,-1,-1,-1,-1,-1,-1,-1,-1,False,False,0,0,False,207,0,0,0,0,0,0,0,0,0,0,0,0,0,0,0,1,
0,4088,2026-02-23 13:16:54Z,LLM_Empathetic,6.932253,7.222669,6.641836,0.6108592,0,1.601686,0,0,0,0,0,0,5.50117,4.352062,6.650288,0.592854,0.702737,0.482971,7.399465,6.222237,8.576694,0.5857786,0,2.108179,7.205318,6.10882,8.301817,9.873033,10,9.533847,6.932253,7.222669,6.641836,0.6108592,0,1.601686,0,0,0,0,0,0,5.50117,4.352062,6.650288,0.592854,0.702737,0.482971,7.399465,6.222237,8.576694,0.5857786,0,2.108179,7.205318,6.10882,8.301817,9.873033,10,9.533847,-1,-1,-1,-1,-1,-1,-1,-1,-1,-1,-1,-1,-1,-1,-1,-1,-1,-1,-1,-1,-1,-1,-1,-1,-1,-1,-1,-1,-1,-1,-1,-1,-1,-1,-1,-1,-1,-1,-1,-1,-1,-1,-1,-1,-1,-1,-1,-1,-1,-1,0,0,0,0,0,0,-1,-1,-1,-1,-1,-1,-1,-1,-1,-1,-1,-1,0,0,0,0,0,0,-1,-1,-1,-1,-1,-1,-1,-1,-1,-1,-1,-1,-1,-1,False,False,0,0,False,207,0,0,0,0,0,0,0,0,0,0,0,0,0,0,0,1,
0,4089,2026-02-23 13:16:54Z,LLM_Empathetic,6.932251,7.222669,6.641833,0.610862,0,1.601687,0,0,0,0,0,0,5.501168,4.352061,6.650285,0.592854,0.702737,0.482971,7.399464,6.222237,8.576692,0.5857804,0,2.108181,7.205315,6.108819,8.301813,9.873027,10,9.533839,6.932251,7.222669,6.641833,0.610862,0,1.601687,0,0,0,0,0,0,5.501168,4.352061,6.650285,0.592854,0.702737,0.482971,7.399464,6.222237,8.576692,0.5857804,0,2.108181,7.205315,6.108819,8.301813,9.873027,10,9.533839,-1,-1,-1,-1,-1,-1,-1,-1,-1,-1,-1,-1,-1,-1,-1,-1,-1,-1,-1,-1,-1,-1,-1,-1,-1,-1,-1,-1,-1,-1,-1,-1,-1,-1,-1,-1,-1,-1,-1,-1,-1,-1,-1,-1,-1,-1,-1,-1,-1,-1,0,0,0,0,0,0,-1,-1,-1,-1,-1,-1,-1,-1,-1,-1,-1,-1,0,0,0,0,0,0,-1,-1,-1,-1,-1,-1,-1,-1,-1,-1,-1,-1,-1,-1,False,False,0,0,False,207,0,0,0,0,0,0,0,0,0,0,0,0,0,0,0,1,
0,4090,2026-02-23 13:16:54Z,LLM_Empathetic,6.93225,7.222668,6.64183,0.6108648,0,1.601689,0,0,0,0,0,0,5.501166,4.35206,6.650281,0.592854,0.702737,0.482971,7.399463,6.222238,8.576689,0.5857822,0,2.108183,7.205312,6.108817,8.301808,9.87302,10,9.533833,6.93225,7.222668,6.64183,0.6108648,0,1.601689,0,0,0,0,0,0,5.501166,4.35206,6.650281,0.592854,0.702737,0.482971,7.399463,6.222238,8.576689,0.5857822,0,2.108183,7.205312,6.108817,8.301808,9.87302,10,9.533833,-1,-1,-1,-1,-1,-1,-1,-1,-1,-1,-1,-1,-1,-1,-1,-1,-1,-1,-1,-1,-1,-1,-1,-1,-1,-1,-1,-1,-1,-1,-1,-1,-1,-1,-1,-1,-1,-1,-1,-1,-1,-1,-1,-1,-1,-1,-1,-1,-1,-1,0,0,0,0,0,0,-1,-1,-1,-1,-1,-1,-1,-1,-1,-1,-1,-1,0,0,0,0,0,0,-1,-1,-1,-1,-1,-1,-1,-1,-1,-1,-1,-1,-1,-1,False,False,0,0,False,209,0,0,0,0,0,0,0,0,0,0,0,0,0,0,0,1,
0,4091,2026-02-23 13:16:54Z,LLM_Empathetic,6.932248,7.222668,6.641827,0.6108676,0,1.60169,0,0,0,0,0,0,5.501163,4.35206,6.650278,0.592854,0.702737,0.482971,7.399462,6.222238,8.576687,0.585784,0,2.108184,7.205309,6.108815,8.301804,9.873014,10,9.533825,6.932248,7.222668,6.641827,0.6108676,0,1.60169,0,0,0,0,0,0,5.501163,4.35206,6.650278,0.592854,0.702737,0.482971,7.399462,6.222238,8.576687,0.585784,0,2.108184,7.205309,6.108815,8.301804,9.873014,10,9.533825,-1,-1,-1,-1,-1,-1,-1,-1,-1,-1,-1,-1,-1,-1,-1,-1,-1,-1,-1,-1,-1,-1,-1,-1,-1,-1,-1,-1,-1,-1,-1,-1,-1,-1,-1,-1,-1,-1,-1,-1,-1,-1,-1,-1,-1,-1,-1,-1,-1,-1,0,0,0,0,0,0,-1,-1,-1,-1,-1,-1,-1,-1,-1,-1,-1,-1,0,0,0,0,0,0,-1,-1,-1,-1,-1,-1,-1,-1,-1,-1,-1,-1,-1,-1,False,False,0,0,False,207,0,0,0,0,0,0,0,0,0,0,0,0,0,0,0,1,
0,4092,2026-02-23 13:16:54Z,LLM_Empathetic,6.932246,7.222668,6.641824,0.6108704,0,1.601692,0,0,0,0,0,0,5.501162,4.352059,6.650274,0.592854,0.702737,0.482971,7.399461,6.222239,8.576684,0.5857858,0,2.108186,7.205307,6.108814,8.3018,9.873009,10,9.533817,6.932246,7.222668,6.641824,0.6108704,0,1.601692,0,0,0,0,0,0,5.501162,4.352059,6.650274,0.592854,0.702737,0.482971,7.399461,6.222239,8.576684,0.5857858,0,2.108186,7.205307,6.108814,8.3018,9.873009,10,9.533817,-1,-1,-1,-1,-1,-1,-1,-1,-1,-1,-1,-1,-1,-1,-1,-1,-1,-1,-1,-1,-1,-1,-1,-1,-1,-1,-1,-1,-1,-1,-1,-1,-1,-1,-1,-1,-1,-1,-1,-1,-1,-1,-1,-1,-1,-1,-1,-1,-1,-1,0,0,0,0,0,0,-1,-1,-1,-1,-1,-1,-1,-1,-1,-1,-1,-1,0,0,0,0,0,0,-1,-1,-1,-1,-1,-1,-1,-1,-1,-1,-1,-1,-1,-1,False,False,0,0,False,209,0,0,0,0,0,0,0,0,0,0,0,0,0,0,0,1,
0,4093,2026-02-23 13:16:54Z,LLM_Empathetic,6.932244,7.222668,6.641821,0.6108732,0,1.601693,0,0,0,0,0,0,5.501159,4.352058,6.65027,0.592854,0.702737,0.482971,7.39946,6.222239,8.576682,0.5857876,0,2.108188,7.205303,6.108812,8.301795,9.873003,10,9.53381,6.932244,7.222668,6.641821,0.6108732,0,1.601693,0,0,0,0,0,0,5.501159,4.352058,6.65027,0.592854,0.702737,0.482971,7.39946,6.222239,8.576682,0.5857876,0,2.108188,7.205303,6.108812,8.301795,9.873003,10,9.53381,-1,-1,-1,-1,-1,-1,-1,-1,-1,-1,-1,-1,-1,-1,-1,-1,-1,-1,-1,-1,-1,-1,-1,-1,-1,-1,-1,-1,-1,-1,-1,-1,-1,-1,-1,-1,-1,-1,-1,-1,-1,-1,-1,-1,-1,-1,-1,-1,-1,-1,0,0,0,0,0,0,-1,-1,-1,-1,-1,-1,-1,-1,-1,-1,-1,-1,0,0,0,0,0,0,-1,-1,-1,-1,-1,-1,-1,-1,-1,-1,-1,-1,-1,-1,False,False,0,0,False,207,0,0,0,0,0,0,0,0,0,0,0,0,0,0,0,1,
0,4094,2026-02-23 13:16:54Z,LLM_Empathetic,6.932241,7.222667,6.641815,0.6108788,0,1.601696,0,0,0,0,0,0,5.501155,4.352057,6.650263,0.592854,0.702737,0.482971,7.399458,6.22224,8.576677,0.5857912,0,2.108191,7.205297,6.108809,8.301786,9.872991,10,9.533795,6.932241,7.222667,6.641815,0.6108788,0,1.601696,0,0,0,0,0,0,5.501155,4.352057,6.650263,0.592854,0.702737,0.482971,7.399458,6.22224,8.576677,0.5857912,0,2.108191,7.205297,6.108809,8.301786,9.872991,10,9.533795,-1,-1,-1,-1,-1,-1,-1,-1,-1,-1,-1,-1,-1,-1,-1,-1,-1,-1,-1,-1,-1,-1,-1,-1,-1,-1,-1,-1,-1,-1,-1,-1,-1,-1,-1,-1,-1,-1,-1,-1,-1,-1,-1,-1,-1,-1,-1,-1,-1,-1,0,0,0,0,0,0,-1,-1,-1,-1,-1,-1,-1,-1,-1,-1,-1,-1,0,0,0,0,0,0,-1,-1,-1,-1,-1,-1,-1,-1,-1,-1,-1,-1,-1,-1,False,False,0,0,False,207,0,0,0,0,0,0,0,0,0,0,0,0,0,0,0,1,
0,4095,2026-02-23 13:16:54Z,LLM_Empathetic,6.93224,7.222667,6.641812,0.6108816,0,1.601698,0,0,0,0,0,0,5.501153,4.352057,6.65026,0.592854,0.702737,0.482971,7.399457,6.22224,8.576674,0.585793,0,2.108193,7.205295,6.108808,8.301783,9.872985,10,9.533788,6.93224,7.222667,6.641812,0.6108816,0,1.601698,0,0,0,0,0,0,5.501153,4.352057,6.65026,0.592854,0.702737,0.482971,7.399457,6.22224,8.576674,0.585793,0,2.108193,7.205295,6.108808,8.301783,9.872985,10,9.533788,-1,-1,-1,-1,-1,-1,-1,-1,-1,-1,-1,-1,-1,-1,-1,-1,-1,-1,-1,-1,-1,-1,-1,-1,-1,-1,-1,-1,-1,-1,-1,-1,-1,-1,-1,-1,-1,-1,-1,-1,-1,-1,-1,-1,-1,-1,-1,-1,-1,-1,0,0,0,0,0,0,-1,-1,-1,-1,-1,-1,-1,-1,-1,-1,-1,-1,0,0,0,0,0,0,-1,-1,-1,-1,-1,-1,-1,-1,-1,-1,-1,-1,-1,-1,False,False,0,0,False,209,0,0,0,0,0,0,0,0,0,0,0,0,0,0,0,1,
0,4096,2026-02-23 13:16:54Z,LLM_Empathetic,6.932238,7.222666,6.641809,0.6108845,0,1.6017,0,0,0,0,0,0,5.501151,4.352056,6.650256,0.592854,0.702737,0.482971,7.399457,6.222241,8.576673,0.5857948,0,2.108195,7.205292,6.108806,8.301778,9.872979,10,9.53378,6.932238,7.222666,6.641809,0.6108845,0,1.6017,0,0,0,0,0,0,5.501151,4.352056,6.650256,0.592854,0.702737,0.482971,7.399457,6.222241,8.576673,0.5857948,0,2.108195,7.205292,6.108806,8.301778,9.872979,10,9.53378,-1,-1,-1,-1,-1,-1,-1,-1,-1,-1,-1,-1,-1,-1,-1,-1,-1,-1,-1,-1,-1,-1,-1,-1,-1,-1,-1,-1,-1,-1,-1,-1,-1,-1,-1,-1,-1,-1,-1,-1,-1,-1,-1,-1,-1,-1,-1,-1,-1,-1,0,0,0,0,0,0,-1,-1,-1,-1,-1,-1,-1,-1,-1,-1,-1,-1,0,0,0,0,0,0,-1,-1,-1,-1,-1,-1,-1,-1,-1,-1,-1,-1,-1,-1,False,False,0,0,False,207,0,0,0,0,0,0,0,0,0,0,0,0,0,0,0,1,
0,4097,2026-02-23 13:16:54Z,LLM_Empathetic,6.932236,7.222666,6.641806,0.6108873,0,1.601701,0,0,0,0,0,0,5.501149,4.352055,6.650253,0.592854,0.702737,0.482971,7.399456,6.222241,8.57667,0.5857966,0,2.108197,7.205288,6.108804,8.301774,9.872973,10,9.533772,6.932236,7.222666,6.641806,0.6108873,0,1.601701,0,0,0,0,0,0,5.501149,4.352055,6.650253,0.592854,0.702737,0.482971,7.399456,6.222241,8.57667,0.5857966,0,2.108197,7.205288,6.108804,8.301774,9.872973,10,9.533772,-1,-1,-1,-1,-1,-1,-1,-1,-1,-1,-1,-1,-1,-1,-1,-1,-1,-1,-1,-1,-1,-1,-1,-1,-1,-1,-1,-1,-1,-1,-1,-1,-1,-1,-1,-1,-1,-1,-1,-1,-1,-1,-1,-1,-1,-1,-1,-1,-1,-1,0,0,0,0,0,0,-1,-1,-1,-1,-1,-1,-1,-1,-1,-1,-1,-1,0,0,0,0,0,0,-1,-1,-1,-1,-1,-1,-1,-1,-1,-1,-1,-1,-1,-1,False,False,0,0,False,209,0,0,0,0,0,0,0,0,0,0,0,0,0,0,0,1,
0,4098,2026-02-23 13:16:55Z,LLM_Empathetic,6.932234,7.222666,6.641803,0.6108901,0,1.601703,0,0,0,0,0,0,5.501146,4.352054,6.650249,0.592854,0.702737,0.482971,7.399455,6.222242,8.576667,0.5857984,0,2.108199,7.205286,6.108803,8.301769,9.872968,10,9.533766,6.932234,7.222666,6.641803,0.6108901,0,1.601703,0,0,0,0,0,0,5.501146,4.352054,6.650249,0.592854,0.702737,0.482971,7.399455,6.222242,8.576667,0.5857984,0,2.108199,7.205286,6.108803,8.301769,9.872968,10,9.533766,-1,-1,-1,-1,-1,-1,-1,-1,-1,-1,-1,-1,-1,-1,-1,-1,-1,-1,-1,-1,-1,-1,-1,-1,-1,-1,-1,-1,-1,-1,-1,-1,-1,-1,-1,-1,-1,-1,-1,-1,-1,-1,-1,-1,-1,-1,-1,-1,-1,-1,0,0,0,0,0,0,-1,-1,-1,-1,-1,-1,-1,-1,-1,-1,-1,-1,0,0,0,0,0,0,-1,-1,-1,-1,-1,-1,-1,-1,-1,-1,-1,-1,-1,-1,False,False,0,0,False,209,0,0,0,0,0,0,0,0,0,0,0,0,0,0,0,1,
0,4099,2026-02-23 13:16:55Z,LLM_Empathetic,6.932231,7.222665,6.641797,0.6108958,0,1.601706,0,0,0,0,0,0,5.501142,4.352053,6.650242,0.592854,0.702737,0.482971,7.399453,6.222243,8.576662,0.585802,0,2.108202,7.20528,6.108799,8.301761,9.872955,10,9.533751,6.932231,7.222665,6.641797,0.6108958,0,1.601706,0,0,0,0,0,0,5.501142,4.352053,6.650242,0.592854,0.702737,0.482971,7.399453,6.222243,8.576662,0.585802,0,2.108202,7.20528,6.108799,8.301761,9.872955,10,9.533751,-1,-1,-1,-1,-1,-1,-1,-1,-1,-1,-1,-1,-1,-1,-1,-1,-1,-1,-1,-1,-1,-1,-1,-1,-1,-1,-1,-1,-1,-1,-1,-1,-1,-1,-1,-1,-1,-1,-1,-1,-1,-1,-1,-1,-1,-1,-1,-1,-1,-1,0,0,0,0,0,0,-1,-1,-1,-1,-1,-1,-1,-1,-1,-1,-1,-1,0,0,0,0,0,0,-1,-1,-1,-1,-1,-1,-1,-1,-1,-1,-1,-1,-1,-1,False,False,0,0,False,209,0,0,0,0,0,0,0,0,0,0,0,0,0,0,0,1,
0,4100,2026-02-23 13:16:55Z,LLM_Empathetic,6.93223,7.222665,6.641794,0.6108986,0,1.601707,0,0,0,0,0,0,5.50114,4.352052,6.650239,0.592854,0.702737,0.482971,7.399452,6.222244,8.57666,0.5858039,0,2.108204,7.205276,6.108798,8.301757,9.87295,10,9.533743,6.93223,7.222665,6.641794,0.6108986,0,1.601707,0,0,0,0,0,0,5.50114,4.352052,6.650239,0.592854,0.702737,0.482971,7.399452,6.222244,8.57666,0.5858039,0,2.108204,7.205276,6.108798,8.301757,9.87295,10,9.533743,-1,-1,-1,-1,-1,-1,-1,-1,-1,-1,-1,-1,-1,-1,-1,-1,-1,-1,-1,-1,-1,-1,-1,-1,-1,-1,-1,-1,-1,-1,-1,-1,-1,-1,-1,-1,-1,-1,-1,-1,-1,-1,-1,-1,-1,-1,-1,-1,-1,-1,0,0,0,0,0,0,-1,-1,-1,-1,-1,-1,-1,-1,-1,-1,-1,-1,0,0,0,0,0,0,-1,-1,-1,-1,-1,-1,-1,-1,-1,-1,-1,-1,-1,-1,False,False,0,0,False,207,0,0,0,0,0,0,0,0,0,0,0,0,0,0,0,1,
0,4101,2026-02-23 13:16:55Z,LLM_Empathetic,6.932228,7.222664,6.641791,0.6109014,0,1.601709,0,0,0,0,0,0,5.501138,4.352051,6.650235,0.592854,0.702737,0.482971,7.399451,6.222244,8.576657,0.5858057,0,2.108206,7.205274,6.108796,8.301752,9.872944,10,9.533735,6.932228,7.222664,6.641791,0.6109014,0,1.601709,0,0,0,0,0,0,5.501138,4.352051,6.650235,0.592854,0.702737,0.482971,7.399451,6.222244,8.576657,0.5858057,0,2.108206,7.205274,6.108796,8.301752,9.872944,10,9.533735,-1,-1,-1,-1,-1,-1,-1,-1,-1,-1,-1,-1,-1,-1,-1,-1,-1,-1,-1,-1,-1,-1,-1,-1,-1,-1,-1,-1,-1,-1,-1,-1,-1,-1,-1,-1,-1,-1,-1,-1,-1,-1,-1,-1,-1,-1,-1,-1,-1,-1,0,0,0,0,0,0,-1,-1,-1,-1,-1,-1,-1,-1,-1,-1,-1,-1,0,0,0,0,0,0,-1,-1,-1,-1,-1,-1,-1,-1,-1,-1,-1,-1,-1,-1,False,False,0,0,False,209,0,0,0,0,0,0,0,0,0,0,0,0,0,0,0,1,
0,4102,2026-02-23 13:16:55Z,LLM_Empathetic,6.932226,7.222664,6.641788,0.6109042,0,1.601711,0,0,0,0,0,0,5.501136,4.352051,6.650231,0.592854,0.702737,0.482971,7.39945,6.222245,8.576655,0.5858074,0,2.108208,7.205271,6.108795,8.301748,9.872937,10,9.533729,6.932226,7.222664,6.641788,0.6109042,0,1.601711,0,0,0,0,0,0,5.501136,4.352051,6.650231,0.592854,0.702737,0.482971,7.39945,6.222245,8.576655,0.5858074,0,2.108208,7.205271,6.108795,8.301748,9.872937,10,9.533729,-1,-1,-1,-1,-1,-1,-1,-1,-1,-1,-1,-1,-1,-1,-1,-1,-1,-1,-1,-1,-1,-1,-1,-1,-1,-1,-1,-1,-1,-1,-1,-1,-1,-1,-1,-1,-1,-1,-1,-1,-1,-1,-1,-1,-1,-1,-1,-1,-1,-1,0,0,0,0,0,0,-1,-1,-1,-1,-1,-1,-1,-1,-1,-1,-1,-1,0,0,0,0,0,0,-1,-1,-1,-1,-1,-1,-1,-1,-1,-1,-1,-1,-1,-1,False,False,0,0,False,209,0,0,0,0,0,0,0,0,0,0,0,0,0,0,0,1,
0,4103,2026-02-23 13:16:55Z,LLM_Empathetic,6.932224,7.222664,6.641785,0.6109071,0,1.601712,0,0,0,0,0,0,5.501133,4.35205,6.650228,0.592854,0.702737,0.482971,7.399448,6.222245,8.576653,0.5858093,0,2.10821,7.205268,6.108793,8.301744,9.872931,10,9.533721,6.932224,7.222664,6.641785,0.6109071,0,1.601712,0,0,0,0,0,0,5.501133,4.35205,6.650228,0.592854,0.702737,0.482971,7.399448,6.222245,8.576653,0.5858093,0,2.10821,7.205268,6.108793,8.301744,9.872931,10,9.533721,-1,-1,-1,-1,-1,-1,-1,-1,-1,-1,-1,-1,-1,-1,-1,-1,-1,-1,-1,-1,-1,-1,-1,-1,-1,-1,-1,-1,-1,-1,-1,-1,-1,-1,-1,-1,-1,-1,-1,-1,-1,-1,-1,-1,-1,-1,-1,-1,-1,-1,0,0,0,0,0,0,-1,-1,-1,-1,-1,-1,-1,-1,-1,-1,-1,-1,0,0,0,0,0,0,-1,-1,-1,-1,-1,-1,-1,-1,-1,-1,-1,-1,-1,-1,False,False,0,0,False,207,0,0,0,0,0,0,0,0,0,0,0,0,0,0,0,1,
0,4104,2026-02-23 13:16:55Z,LLM_Empathetic,6.932223,7.222663,6.641782,0.6109099,0,1.601714,0,0,0,0,0,0,5.501132,4.352049,6.650224,0.592854,0.702737,0.482971,7.399447,6.222246,8.57665,0.5858111,0,2.108212,7.205265,6.108791,8.301739,9.872926,10,9.533713,6.932223,7.222663,6.641782,0.6109099,0,1.601714,0,0,0,0,0,0,5.501132,4.352049,6.650224,0.592854,0.702737,0.482971,7.399447,6.222246,8.57665,0.5858111,0,2.108212,7.205265,6.108791,8.301739,9.872926,10,9.533713,-1,-1,-1,-1,-1,-1,-1,-1,-1,-1,-1,-1,-1,-1,-1,-1,-1,-1,-1,-1,-1,-1,-1,-1,-1,-1,-1,-1,-1,-1,-1,-1,-1,-1,-1,-1,-1,-1,-1,-1,-1,-1,-1,-1,-1,-1,-1,-1,-1,-1,0,0,0,0,0,0,-1,-1,-1,-1,-1,-1,-1,-1,-1,-1,-1,-1,0,0,0,0,0,0,-1,-1,-1,-1,-1,-1,-1,-1,-1,-1,-1,-1,-1,-1,False,False,0,0,False,207,0,0,0,0,0,0,0,0,0,0,0,0,0,0,0,1,
0,4105,2026-02-23 13:16:55Z,LLM_Empathetic,6.932221,7.222663,6.641779,0.6109127,0,1.601715,0,0,0,0,0,0,5.501129,4.352048,6.65022,0.592854,0.702737,0.482971,7.399446,6.222246,8.576648,0.5858129,0,2.108213,7.205262,6.10879,8.301735,9.87292,10,9.533706,6.932221,7.222663,6.641779,0.6109127,0,1.601715,0,0,0,0,0,0,5.501129,4.352048,6.65022,0.592854,0.702737,0.482971,7.399446,6.222246,8.576648,0.5858129,0,2.108213,7.205262,6.10879,8.301735,9.87292,10,9.533706,-1,-1,-1,-1,-1,-1,-1,-1,-1,-1,-1,-1,-1,-1,-1,-1,-1,-1,-1,-1,-1,-1,-1,-1,-1,-1,-1,-1,-1,-1,-1,-1,-1,-1,-1,-1,-1,-1,-1,-1,-1,-1,-1,-1,-1,-1,-1,-1,-1,-1,0,0,0,0,0,0,-1,-1,-1,-1,-1,-1,-1,-1,-1,-1,-1,-1,0,0,0,0,0,0,-1,-1,-1,-1,-1,-1,-1,-1,-1,-1,-1,-1,-1,-1,False,False,0,0,False,209,0,0,0,0,0,0,0,0,0,0,0,0,0,0,0,1,
0,4106,2026-02-23 13:16:55Z,LLM_Empathetic,6.93222,7.222663,6.641776,0.6109155,0,1.601717,0,0,0,0,0,0,5.501127,4.352048,6.650217,0.592854,0.702737,0.482971,7.399446,6.222247,8.576645,0.5858147,0,2.108215,7.205259,6.108788,8.30173,9.872914,10,9.533698,6.93222,7.222663,6.641776,0.6109155,0,1.601717,0,0,0,0,0,0,5.501127,4.352048,6.650217,0.592854,0.702737,0.482971,7.399446,6.222247,8.576645,0.5858147,0,2.108215,7.205259,6.108788,8.30173,9.872914,10,9.533698,-1,-1,-1,-1,-1,-1,-1,-1,-1,-1,-1,-1,-1,-1,-1,-1,-1,-1,-1,-1,-1,-1,-1,-1,-1,-1,-1,-1,-1,-1,-1,-1,-1,-1,-1,-1,-1,-1,-1,-1,-1,-1,-1,-1,-1,-1,-1,-1,-1,-1,0,0,0,0,0,0,-1,-1,-1,-1,-1,-1,-1,-1,-1,-1,-1,-1,0,0,0,0,0,0,-1,-1,-1,-1,-1,-1,-1,-1,-1,-1,-1,-1,-1,-1,False,False,0,0,False,207,0,0,0,0,0,0,0,0,0,0,0,0,0,0,0,1,
0,4107,2026-02-23 13:16:55Z,LLM_Empathetic,6.932218,7.222663,6.641773,0.6109184,0,1.601718,0,0,0,0,0,0,5.501125,4.352047,6.650213,0.592854,0.702737,0.482971,7.399445,6.222247,8.576643,0.5858165,0,2.108217,7.205256,6.108787,8.301726,9.872908,10,9.53369,6.932218,7.222663,6.641773,0.6109184,0,1.601718,0,0,0,0,0,0,5.501125,4.352047,6.650213,0.592854,0.702737,0.482971,7.399445,6.222247,8.576643,0.5858165,0,2.108217,7.205256,6.108787,8.301726,9.872908,10,9.53369,-1,-1,-1,-1,-1,-1,-1,-1,-1,-1,-1,-1,-1,-1,-1,-1,-1,-1,-1,-1,-1,-1,-1,-1,-1,-1,-1,-1,-1,-1,-1,-1,-1,-1,-1,-1,-1,-1,-1,-1,-1,-1,-1,-1,-1,-1,-1,-1,-1,-1,0,0,0,0,0,0,-1,-1,-1,-1,-1,-1,-1,-1,-1,-1,-1,-1,0,0,0,0,0,0,-1,-1,-1,-1,-1,-1,-1,-1,-1,-1,-1,-1,-1,-1,False,False,0,0,False,209,0,0,0,0,0,0,0,0,0,0,0,0,0,0,0,1,
0,4108,2026-02-23 13:16:55Z,LLM_Empathetic,6.932214,7.222662,6.641767,0.6109241,0,1.601722,0,0,0,0,0,0,5.501121,4.352046,6.650206,0.592854,0.702737,0.482971,7.399443,6.222248,8.576637,0.5858201,0,2.108221,7.20525,6.108783,8.301718,9.872896,10,9.533676,6.932214,7.222662,6.641767,0.6109241,0,1.601722,0,0,0,0,0,0,5.501121,4.352046,6.650206,0.592854,0.702737,0.482971,7.399443,6.222248,8.576637,0.5858201,0,2.108221,7.20525,6.108783,8.301718,9.872896,10,9.533676,-1,-1,-1,-1,-1,-1,-1,-1,-1,-1,-1,-1,-1,-1,-1,-1,-1,-1,-1,-1,-1,-1,-1,-1,-1,-1,-1,-1,-1,-1,-1,-1,-1,-1,-1,-1,-1,-1,-1,-1,-1,-1,-1,-1,-1,-1,-1,-1,-1,-1,0,0,0,0,0,0,-1,-1,-1,-1,-1,-1,-1,-1,-1,-1,-1,-1,0,0,0,0,0,0,-1,-1,-1,-1,-1,-1,-1,-1,-1,-1,-1,-1,-1,-1,False,False,0,0,False,209,0,0,0,0,0,0,0,0,0,0,0,0,0,0,0,1,
0,4109,2026-02-23 13:16:55Z,LLM_Empathetic,6.932213,7.222662,6.641764,0.6109269,0,1.601723,0,0,0,0,0,0,5.501119,4.352045,6.650203,0.592854,0.702737,0.482971,7.399442,6.222249,8.576635,0.585822,0,2.108222,7.205247,6.108782,8.301713,9.87289,10,9.533669,6.932213,7.222662,6.641764,0.6109269,0,1.601723,0,0,0,0,0,0,5.501119,4.352045,6.650203,0.592854,0.702737,0.482971,7.399442,6.222249,8.576635,0.585822,0,2.108222,7.205247,6.108782,8.301713,9.87289,10,9.533669,-1,-1,-1,-1,-1,-1,-1,-1,-1,-1,-1,-1,-1,-1,-1,-1,-1,-1,-1,-1,-1,-1,-1,-1,-1,-1,-1,-1,-1,-1,-1,-1,-1,-1,-1,-1,-1,-1,-1,-1,-1,-1,-1,-1,-1,-1,-1,-1,-1,-1,0,0,0,0,0,0,-1,-1,-1,-1,-1,-1,-1,-1,-1,-1,-1,-1,0,0,0,0,0,0,-1,-1,-1,-1,-1,-1,-1,-1,-1,-1,-1,-1,-1,-1,False,False,0,0,False,207,0,0,0,0,0,0,0,0,0,0,0,0,0,0,0,1,
0,4110,2026-02-23 13:16:55Z,LLM_Empathetic,6.932211,7.222661,6.641761,0.6109297,0,1.601725,0,0,0,0,0,0,5.501116,4.352044,6.650199,0.592854,0.702737,0.482971,7.399441,6.222249,8.576632,0.5858238,0,2.108224,7.205244,6.10878,8.301709,9.872884,10,9.533661,6.932211,7.222661,6.641761,0.6109297,0,1.601725,0,0,0,0,0,0,5.501116,4.352044,6.650199,0.592854,0.702737,0.482971,7.399441,6.222249,8.576632,0.5858238,0,2.108224,7.205244,6.10878,8.301709,9.872884,10,9.533661,-1,-1,-1,-1,-1,-1,-1,-1,-1,-1,-1,-1,-1,-1,-1,-1,-1,-1,-1,-1,-1,-1,-1,-1,-1,-1,-1,-1,-1,-1,-1,-1,-1,-1,-1,-1,-1,-1,-1,-1,-1,-1,-1,-1,-1,-1,-1,-1,-1,-1,0,0,0,0,0,0,-1,-1,-1,-1,-1,-1,-1,-1,-1,-1,-1,-1,0,0,0,0,0,0,-1,-1,-1,-1,-1,-1,-1,-1,-1,-1,-1,-1,-1,-1,False,False,0,0,False,207,0,0,0,0,0,0,0,0,0,0,0,0,0,0,0,1,
0,4111,2026-02-23 13:16:55Z,LLM_Empathetic,6.932209,7.222661,6.641757,0.6109326,0,1.601726,0,0,0,0,0,0,5.501114,4.352044,6.650196,0.592854,0.702737,0.482971,7.39944,6.22225,8.576631,0.5858256,0,2.108226,7.205241,6.108778,8.301704,9.872878,10,9.533653,6.932209,7.222661,6.641757,0.6109326,0,1.601726,0,0,0,0,0,0,5.501114,4.352044,6.650196,0.592854,0.702737,0.482971,7.39944,6.22225,8.576631,0.5858256,0,2.108226,7.205241,6.108778,8.301704,9.872878,10,9.533653,-1,-1,-1,-1,-1,-1,-1,-1,-1,-1,-1,-1,-1,-1,-1,-1,-1,-1,-1,-1,-1,-1,-1,-1,-1,-1,-1,-1,-1,-1,-1,-1,-1,-1,-1,-1,-1,-1,-1,-1,-1,-1,-1,-1,-1,-1,-1,-1,-1,-1,0,0,0,0,0,0,-1,-1,-1,-1,-1,-1,-1,-1,-1,-1,-1,-1,0,0,0,0,0,0,-1,-1,-1,-1,-1,-1,-1,-1,-1,-1,-1,-1,-1,-1,False,False,0,0,False,207,0,0,0,0,0,0,0,0,0,0,0,0,0,0,0,1,
0,4112,2026-02-23 13:16:55Z,LLM_Empathetic,6.932206,7.222661,6.641751,0.6109383,0,1.601729,0,0,0,0,0,0,5.50111,4.352042,6.650188,0.592854,0.702737,0.482971,7.399438,6.22225,8.576626,0.5858293,0,2.10823,7.205235,6.108775,8.301696,9.872867,10,9.533639,6.932206,7.222661,6.641751,0.6109383,0,1.601729,0,0,0,0,0,0,5.50111,4.352042,6.650188,0.592854,0.702737,0.482971,7.399438,6.22225,8.576626,0.5858293,0,2.10823,7.205235,6.108775,8.301696,9.872867,10,9.533639,-1,-1,-1,-1,-1,-1,-1,-1,-1,-1,-1,-1,-1,-1,-1,-1,-1,-1,-1,-1,-1,-1,-1,-1,-1,-1,-1,-1,-1,-1,-1,-1,-1,-1,-1,-1,-1,-1,-1,-1,-1,-1,-1,-1,-1,-1,-1,-1,-1,-1,0,0,0,0,0,0,-1,-1,-1,-1,-1,-1,-1,-1,-1,-1,-1,-1,0,0,0,0,0,0,-1,-1,-1,-1,-1,-1,-1,-1,-1,-1,-1,-1,-1,-1,False,False,0,0,False,209,0,0,0,0,0,0,0,0,0,0,0,0,0,0,0,1,
0,4113,2026-02-23 13:16:55Z,LLM_Empathetic,6.932204,7.22266,6.641748,0.6109411,0,1.601731,0,0,0,0,0,0,5.501108,4.352041,6.650185,0.592854,0.702737,0.482971,7.399437,6.222251,8.576623,0.585831,0,2.108232,7.205232,6.108774,8.301691,9.87286,10,9.533631,6.932204,7.22266,6.641748,0.6109411,0,1.601731,0,0,0,0,0,0,5.501108,4.352041,6.650185,0.592854,0.702737,0.482971,7.399437,6.222251,8.576623,0.585831,0,2.108232,7.205232,6.108774,8.301691,9.87286,10,9.533631,-1,-1,-1,-1,-1,-1,-1,-1,-1,-1,-1,-1,-1,-1,-1,-1,-1,-1,-1,-1,-1,-1,-1,-1,-1,-1,-1,-1,-1,-1,-1,-1,-1,-1,-1,-1,-1,-1,-1,-1,-1,-1,-1,-1,-1,-1,-1,-1,-1,-1,0,0,0,0,0,0,-1,-1,-1,-1,-1,-1,-1,-1,-1,-1,-1,-1,0,0,0,0,0,0,-1,-1,-1,-1,-1,-1,-1,-1,-1,-1,-1,-1,-1,-1,False,False,0,0,False,207,0,0,0,0,0,0,0,0,0,0,0,0,0,0,0,1,
0,4114,2026-02-23 13:16:55Z,LLM_Empathetic,6.932203,7.22266,6.641746,0.610944,0,1.601732,0,0,0,0,0,0,5.501106,4.352041,6.650181,0.592854,0.702737,0.482971,7.399436,6.222252,8.57662,0.5858329,0,2.108233,7.205229,6.108772,8.301687,9.872854,10,9.533624,6.932203,7.22266,6.641746,0.610944,0,1.601732,0,0,0,0,0,0,5.501106,4.352041,6.650181,0.592854,0.702737,0.482971,7.399436,6.222252,8.57662,0.5858329,0,2.108233,7.205229,6.108772,8.301687,9.872854,10,9.533624,-1,-1,-1,-1,-1,-1,-1,-1,-1,-1,-1,-1,-1,-1,-1,-1,-1,-1,-1,-1,-1,-1,-1,-1,-1,-1,-1,-1,-1,-1,-1,-1,-1,-1,-1,-1,-1,-1,-1,-1,-1,-1,-1,-1,-1,-1,-1,-1,-1,-1,0,0,0,0,0,0,-1,-1,-1,-1,-1,-1,-1,-1,-1,-1,-1,-1,0,0,0,0,0,0,-1,-1,-1,-1,-1,-1,-1,-1,-1,-1,-1,-1,-1,-1,False,False,0,0,False,207,0,0,0,0,0,0,0,0,0,0,0,0,0,0,0,1,
0,4115,2026-02-23 13:16:55Z,LLM_Empathetic,6.932199,7.22266,6.641739,0.6109496,0,1.601736,0,0,0,0,0,0,5.501101,4.352039,6.650174,0.592854,0.702737,0.482971,7.399434,6.222253,8.576615,0.5858365,0,2.108237,7.205223,6.108769,8.301679,9.872843,10,9.533608,6.932199,7.22266,6.641739,0.6109496,0,1.601736,0,0,0,0,0,0,5.501101,4.352039,6.650174,0.592854,0.702737,0.482971,7.399434,6.222253,8.576615,0.5858365,0,2.108237,7.205223,6.108769,8.301679,9.872843,10,9.533608,-1,-1,-1,-1,-1,-1,-1,-1,-1,-1,-1,-1,-1,-1,-1,-1,-1,-1,-1,-1,-1,-1,-1,-1,-1,-1,-1,-1,-1,-1,-1,-1,-1,-1,-1,-1,-1,-1,-1,-1,-1,-1,-1,-1,-1,-1,-1,-1,-1,-1,0,0,0,0,0,0,-1,-1,-1,-1,-1,-1,-1,-1,-1,-1,-1,-1,0,0,0,0,0,0,-1,-1,-1,-1,-1,-1,-1,-1,-1,-1,-1,-1,-1,-1,False,False,0,0,False,209,0,0,0,0,0,0,0,0,0,0,0,0,0,0,0,1,
0,4116,2026-02-23 13:16:55Z,LLM_Empathetic,6.932198,7.222659,6.641736,0.6109525,0,1.601737,0,0,0,0,0,0,5.501099,4.352038,6.65017,0.592854,0.702737,0.482971,7.399433,6.222253,8.576613,0.5858384,0,2.108239,7.20522,6.108767,8.301674,9.872836,10,9.533601,6.932198,7.222659,6.641736,0.6109525,0,1.601737,0,0,0,0,0,0,5.501099,4.352038,6.65017,0.592854,0.702737,0.482971,7.399433,6.222253,8.576613,0.5858384,0,2.108239,7.20522,6.108767,8.301674,9.872836,10,9.533601,-1,-1,-1,-1,-1,-1,-1,-1,-1,-1,-1,-1,-1,-1,-1,-1,-1,-1,-1,-1,-1,-1,-1,-1,-1,-1,-1,-1,-1,-1,-1,-1,-1,-1,-1,-1,-1,-1,-1,-1,-1,-1,-1,-1,-1,-1,-1,-1,-1,-1,0,0,0,0,0,0,-1,-1,-1,-1,-1,-1,-1,-1,-1,-1,-1,-1,0,0,0,0,0,0,-1,-1,-1,-1,-1,-1,-1,-1,-1,-1,-1,-1,-1,-1,False,False,0,0,False,209,0,0,0,0,0,0,0,0,0,0,0,0,0,0,0,1,
0,4117,2026-02-23 13:16:55Z,LLM_Empathetic,6.932196,7.222659,6.641733,0.6109554,0,1.601739,0,0,0,0,0,0,5.501097,4.352038,6.650167,0.592854,0.702737,0.482971,7.399432,6.222254,8.576611,0.5858402,0,2.108241,7.205217,6.108766,8.301669,9.87283,10,9.533593,6.932196,7.222659,6.641733,0.6109554,0,1.601739,0,0,0,0,0,0,5.501097,4.352038,6.650167,0.592854,0.702737,0.482971,7.399432,6.222254,8.576611,0.5858402,0,2.108241,7.205217,6.108766,8.301669,9.87283,10,9.533593,-1,-1,-1,-1,-1,-1,-1,-1,-1,-1,-1,-1,-1,-1,-1,-1,-1,-1,-1,-1,-1,-1,-1,-1,-1,-1,-1,-1,-1,-1,-1,-1,-1,-1,-1,-1,-1,-1,-1,-1,-1,-1,-1,-1,-1,-1,-1,-1,-1,-1,0,0,0,0,0,0,-1,-1,-1,-1,-1,-1,-1,-1,-1,-1,-1,-1,0,0,0,0,0,0,-1,-1,-1,-1,-1,-1,-1,-1,-1,-1,-1,-1,-1,-1,False,False,0,0,False,207,0,0,0,0,0,0,0,0,0,0,0,0,0,0,0,1,
0,4118,2026-02-23 13:16:55Z,LLM_Empathetic,6.932193,7.222658,6.641727,0.610961,0,1.601742,0,0,0,0,0,0,5.501093,4.352036,6.650159,0.592854,0.702737,0.482971,7.39943,6.222255,8.576606,0.5858438,0,2.108244,7.205211,6.108762,8.301661,9.872818,10,9.533579,6.932193,7.222658,6.641727,0.610961,0,1.601742,0,0,0,0,0,0,5.501093,4.352036,6.650159,0.592854,0.702737,0.482971,7.39943,6.222255,8.576606,0.5858438,0,2.108244,7.205211,6.108762,8.301661,9.872818,10,9.533579,-1,-1,-1,-1,-1,-1,-1,-1,-1,-1,-1,-1,-1,-1,-1,-1,-1,-1,-1,-1,-1,-1,-1,-1,-1,-1,-1,-1,-1,-1,-1,-1,-1,-1,-1,-1,-1,-1,-1,-1,-1,-1,-1,-1,-1,-1,-1,-1,-1,-1,0,0,0,0,0,0,-1,-1,-1,-1,-1,-1,-1,-1,-1,-1,-1,-1,0,0,0,0,0,0,-1,-1,-1,-1,-1,-1,-1,-1,-1,-1,-1,-1,-1,-1,False,False,0,0,False,207,0,0,0,0,0,0,0,0,0,0,0,0,0,0,0,1,
0,4119,2026-02-23 13:16:55Z,LLM_Empathetic,6.932191,7.222658,6.641724,0.6109639,0,1.601743,0,0,0,0,0,0,5.501091,4.352036,6.650156,0.592854,0.702737,0.482971,7.399429,6.222255,8.576603,0.5858456,0,2.108246,7.205208,6.108761,8.301657,9.872812,10,9.533571,6.932191,7.222658,6.641724,0.6109639,0,1.601743,0,0,0,0,0,0,5.501091,4.352036,6.650156,0.592854,0.702737,0.482971,7.399429,6.222255,8.576603,0.5858456,0,2.108246,7.205208,6.108761,8.301657,9.872812,10,9.533571,-1,-1,-1,-1,-1,-1,-1,-1,-1,-1,-1,-1,-1,-1,-1,-1,-1,-1,-1,-1,-1,-1,-1,-1,-1,-1,-1,-1,-1,-1,-1,-1,-1,-1,-1,-1,-1,-1,-1,-1,-1,-1,-1,-1,-1,-1,-1,-1,-1,-1,0,0,0,0,0,0,-1,-1,-1,-1,-1,-1,-1,-1,-1,-1,-1,-1,0,0,0,0,0,0,-1,-1,-1,-1,-1,-1,-1,-1,-1,-1,-1,-1,-1,-1,False,False,0,0,False,209,0,0,0,0,0,0,0,0,0,0,0,0,0,0,0,1,
0,4120,2026-02-23 13:16:55Z,LLM_Empathetic,6.932189,7.222658,6.641721,0.6109667,0,1.601745,0,0,0,0,0,0,5.501089,4.352035,6.650152,0.592854,0.702737,0.482971,7.399428,6.222256,8.576601,0.5858475,0,2.108248,7.205205,6.108759,8.301652,9.872807,10,9.533564,6.932189,7.222658,6.641721,0.6109667,0,1.601745,0,0,0,0,0,0,5.501089,4.352035,6.650152,0.592854,0.702737,0.482971,7.399428,6.222256,8.576601,0.5858475,0,2.108248,7.205205,6.108759,8.301652,9.872807,10,9.533564,-1,-1,-1,-1,-1,-1,-1,-1,-1,-1,-1,-1,-1,-1,-1,-1,-1,-1,-1,-1,-1,-1,-1,-1,-1,-1,-1,-1,-1,-1,-1,-1,-1,-1,-1,-1,-1,-1,-1,-1,-1,-1,-1,-1,-1,-1,-1,-1,-1,-1,0,0,0,0,0,0,-1,-1,-1,-1,-1,-1,-1,-1,-1,-1,-1,-1,0,0,0,0,0,0,-1,-1,-1,-1,-1,-1,-1,-1,-1,-1,-1,-1,-1,-1,False,False,0,0,False,207,0,0,0,0,0,0,0,0,0,0,0,0,0,0,0,1,
0,4121,2026-02-23 13:16:55Z,LLM_Empathetic,6.932188,7.222657,6.641718,0.6109696,0,1.601747,0,0,0,0,0,0,5.501086,4.352034,6.650149,0.592854,0.702737,0.482971,7.399427,6.222256,8.576598,0.5858493,0,2.10825,7.205202,6.108757,8.301648,9.872801,10,9.533556,6.932188,7.222657,6.641718,0.6109696,0,1.601747,0,0,0,0,0,0,5.501086,4.352034,6.650149,0.592854,0.702737,0.482971,7.399427,6.222256,8.576598,0.5858493,0,2.10825,7.205202,6.108757,8.301648,9.872801,10,9.533556,-1,-1,-1,-1,-1,-1,-1,-1,-1,-1,-1,-1,-1,-1,-1,-1,-1,-1,-1,-1,-1,-1,-1,-1,-1,-1,-1,-1,-1,-1,-1,-1,-1,-1,-1,-1,-1,-1,-1,-1,-1,-1,-1,-1,-1,-1,-1,-1,-1,-1,0,0,0,0,0,0,-1,-1,-1,-1,-1,-1,-1,-1,-1,-1,-1,-1,0,0,0,0,0,0,-1,-1,-1,-1,-1,-1,-1,-1,-1,-1,-1,-1,-1,-1,False,False,0,0,False,207,0,0,0,0,0,0,0,0,0,0,0,0,0,0,0,1,
0,4122,2026-02-23 13:16:55Z,LLM_Empathetic,6.932184,7.222657,6.641712,0.6109753,0,1.60175,0,0,0,0,0,0,5.501082,4.352033,6.650141,0.592854,0.702737,0.482971,7.399425,6.222257,8.576593,0.585853,0,2.108253,7.205196,6.108754,8.301639,9.872788,10,9.533541,6.932184,7.222657,6.641712,0.6109753,0,1.60175,0,0,0,0,0,0,5.501082,4.352033,6.650141,0.592854,0.702737,0.482971,7.399425,6.222257,8.576593,0.585853,0,2.108253,7.205196,6.108754,8.301639,9.872788,10,9.533541,-1,-1,-1,-1,-1,-1,-1,-1,-1,-1,-1,-1,-1,-1,-1,-1,-1,-1,-1,-1,-1,-1,-1,-1,-1,-1,-1,-1,-1,-1,-1,-1,-1,-1,-1,-1,-1,-1,-1,-1,-1,-1,-1,-1,-1,-1,-1,-1,-1,-1,0,0,0,0,0,0,-1,-1,-1,-1,-1,-1,-1,-1,-1,-1,-1,-1,0,0,0,0,0,0,-1,-1,-1,-1,-1,-1,-1,-1,-1,-1,-1,-1,-1,-1,False,False,0,0,False,209,0,0,0,0,0,0,0,0,0,0,0,0,0,0,0,1,
0,4123,2026-02-23 13:16:55Z,LLM_Empathetic,6.932183,7.222656,6.641709,0.6109782,0,1.601751,0,0,0,0,0,0,5.50108,4.352032,6.650138,0.592854,0.702737,0.482971,7.399424,6.222258,8.576591,0.5858548,0,2.108255,7.205193,6.108753,8.301635,9.872783,10,9.533533,6.932183,7.222656,6.641709,0.6109782,0,1.601751,0,0,0,0,0,0,5.50108,4.352032,6.650138,0.592854,0.702737,0.482971,7.399424,6.222258,8.576591,0.5858548,0,2.108255,7.205193,6.108753,8.301635,9.872783,10,9.533533,-1,-1,-1,-1,-1,-1,-1,-1,-1,-1,-1,-1,-1,-1,-1,-1,-1,-1,-1,-1,-1,-1,-1,-1,-1,-1,-1,-1,-1,-1,-1,-1,-1,-1,-1,-1,-1,-1,-1,-1,-1,-1,-1,-1,-1,-1,-1,-1,-1,-1,0,0,0,0,0,0,-1,-1,-1,-1,-1,-1,-1,-1,-1,-1,-1,-1,0,0,0,0,0,0,-1,-1,-1,-1,-1,-1,-1,-1,-1,-1,-1,-1,-1,-1,False,False,0,0,False,209,0,0,0,0,0,0,0,0,0,0,0,0,0,0,0,1,
0,4124,2026-02-23 13:16:55Z,LLM_Empathetic,6.932179,7.222656,6.641703,0.6109838,0,1.601754,0,0,0,0,0,0,5.501075,4.352031,6.650131,0.592854,0.702737,0.482971,7.399422,6.222259,8.576586,0.5858585,0,2.108259,7.205187,6.108749,8.301626,9.87277,10,9.533519,6.932179,7.222656,6.641703,0.6109838,0,1.601754,0,0,0,0,0,0,5.501075,4.352031,6.650131,0.592854,0.702737,0.482971,7.399422,6.222259,8.576586,0.5858585,0,2.108259,7.205187,6.108749,8.301626,9.87277,10,9.533519,-1,-1,-1,-1,-1,-1,-1,-1,-1,-1,-1,-1,-1,-1,-1,-1,-1,-1,-1,-1,-1,-1,-1,-1,-1,-1,-1,-1,-1,-1,-1,-1,-1,-1,-1,-1,-1,-1,-1,-1,-1,-1,-1,-1,-1,-1,-1,-1,-1,-1,0,0,0,0,0,0,-1,-1,-1,-1,-1,-1,-1,-1,-1,-1,-1,-1,0,0,0,0,0,0,-1,-1,-1,-1,-1,-1,-1,-1,-1,-1,-1,-1,-1,-1,False,False,0,0,False,209,0,0,0,0,0,0,0,0,0,0,0,0,0,0,0,1,
0,4125,2026-02-23 13:16:55Z,LLM_Empathetic,6.932176,7.222655,6.641696,0.6109896,0,1.601758,0,0,0,0,0,0,5.501071,4.352029,6.650124,0.592854,0.702737,0.482971,7.39942,6.22226,8.576581,0.5858621,0,2.108263,7.205181,6.108746,8.301617,9.872759,10,9.533504,6.932176,7.222655,6.641696,0.6109896,0,1.601758,0,0,0,0,0,0,5.501071,4.352029,6.650124,0.592854,0.702737,0.482971,7.39942,6.22226,8.576581,0.5858621,0,2.108263,7.205181,6.108746,8.301617,9.872759,10,9.533504,-1,-1,-1,-1,-1,-1,-1,-1,-1,-1,-1,-1,-1,-1,-1,-1,-1,-1,-1,-1,-1,-1,-1,-1,-1,-1,-1,-1,-1,-1,-1,-1,-1,-1,-1,-1,-1,-1,-1,-1,-1,-1,-1,-1,-1,-1,-1,-1,-1,-1,0,0,0,0,0,0,-1,-1,-1,-1,-1,-1,-1,-1,-1,-1,-1,-1,0,0,0,0,0,0,-1,-1,-1,-1,-1,-1,-1,-1,-1,-1,-1,-1,-1,-1,False,False,0,0,False,209,0,0,0,0,0,0,0,0,0,0,0,0,0,0,0,1,
0,4126,2026-02-23 13:16:55Z,LLM_Empathetic,6.932174,7.222655,6.641694,0.6109925,0,1.601759,0,0,0,0,0,0,5.501069,4.352028,6.65012,0.592854,0.702737,0.482971,7.399419,6.22226,8.576578,0.5858639,0,2.108264,7.205178,6.108744,8.301613,9.872752,10,9.533496,6.932174,7.222655,6.641694,0.6109925,0,1.601759,0,0,0,0,0,0,5.501069,4.352028,6.65012,0.592854,0.702737,0.482971,7.399419,6.22226,8.576578,0.5858639,0,2.108264,7.205178,6.108744,8.301613,9.872752,10,9.533496,-1,-1,-1,-1,-1,-1,-1,-1,-1,-1,-1,-1,-1,-1,-1,-1,-1,-1,-1,-1,-1,-1,-1,-1,-1,-1,-1,-1,-1,-1,-1,-1,-1,-1,-1,-1,-1,-1,-1,-1,-1,-1,-1,-1,-1,-1,-1,-1,-1,-1,0,0,0,0,0,0,-1,-1,-1,-1,-1,-1,-1,-1,-1,-1,-1,-1,0,0,0,0,0,0,-1,-1,-1,-1,-1,-1,-1,-1,-1,-1,-1,-1,-1,-1,False,False,0,0,False,209,0,0,0,0,0,0,0,0,0,0,0,0,0,0,0,1,
0,4127,2026-02-23 13:16:55Z,LLM_Empathetic,6.932171,7.222654,6.641687,0.6109982,0,1.601762,0,0,0,0,0,0,5.501065,4.352027,6.650113,0.592854,0.702737,0.482971,7.399417,6.222261,8.576573,0.5858676,0,2.108268,7.205172,6.108741,8.301604,9.872741,10,9.533481,6.932171,7.222654,6.641687,0.6109982,0,1.601762,0,0,0,0,0,0,5.501065,4.352027,6.650113,0.592854,0.702737,0.482971,7.399417,6.222261,8.576573,0.5858676,0,2.108268,7.205172,6.108741,8.301604,9.872741,10,9.533481,-1,-1,-1,-1,-1,-1,-1,-1,-1,-1,-1,-1,-1,-1,-1,-1,-1,-1,-1,-1,-1,-1,-1,-1,-1,-1,-1,-1,-1,-1,-1,-1,-1,-1,-1,-1,-1,-1,-1,-1,-1,-1,-1,-1,-1,-1,-1,-1,-1,-1,0,0,0,0,0,0,-1,-1,-1,-1,-1,-1,-1,-1,-1,-1,-1,-1,0,0,0,0,0,0,-1,-1,-1,-1,-1,-1,-1,-1,-1,-1,-1,-1,-1,-1,False,False,0,0,False,209,0,0,0,0,0,0,0,0,0,0,0,0,0,0,0,1,
0,4128,2026-02-23 13:16:56Z,LLM_Empathetic,6.932169,7.222654,6.641684,0.6110011,0,1.601764,0,0,0,0,0,0,5.501062,4.352026,6.650109,0.592854,0.702737,0.482971,7.399416,6.222262,8.576571,0.5858694,0,2.10827,7.205169,6.108739,8.3016,9.872734,10,9.533473,6.932169,7.222654,6.641684,0.6110011,0,1.601764,0,0,0,0,0,0,5.501062,4.352026,6.650109,0.592854,0.702737,0.482971,7.399416,6.222262,8.576571,0.5858694,0,2.10827,7.205169,6.108739,8.3016,9.872734,10,9.533473,-1,-1,-1,-1,-1,-1,-1,-1,-1,-1,-1,-1,-1,-1,-1,-1,-1,-1,-1,-1,-1,-1,-1,-1,-1,-1,-1,-1,-1,-1,-1,-1,-1,-1,-1,-1,-1,-1,-1,-1,-1,-1,-1,-1,-1,-1,-1,-1,-1,-1,0,0,0,0,0,0,-1,-1,-1,-1,-1,-1,-1,-1,-1,-1,-1,-1,0,0,0,0,0,0,-1,-1,-1,-1,-1,-1,-1,-1,-1,-1,-1,-1,-1,-1,False,False,0,0,False,209,0,0,0,0,0,0,0,0,0,0,0,0,0,0,0,1,
0,4129,2026-02-23 13:16:56Z,LLM_Empathetic,6.932168,7.222653,6.641681,0.6110039,0,1.601766,0,0,0,0,0,0,5.50106,4.352026,6.650105,0.592854,0.702737,0.482971,7.399415,6.222262,8.576569,0.5858713,0,2.108272,7.205166,6.108738,8.301595,9.872728,10,9.533465,6.932168,7.222653,6.641681,0.6110039,0,1.601766,0,0,0,0,0,0,5.50106,4.352026,6.650105,0.592854,0.702737,0.482971,7.399415,6.222262,8.576569,0.5858713,0,2.108272,7.205166,6.108738,8.301595,9.872728,10,9.533465,-1,-1,-1,-1,-1,-1,-1,-1,-1,-1,-1,-1,-1,-1,-1,-1,-1,-1,-1,-1,-1,-1,-1,-1,-1,-1,-1,-1,-1,-1,-1,-1,-1,-1,-1,-1,-1,-1,-1,-1,-1,-1,-1,-1,-1,-1,-1,-1,-1,-1,0,0,0,0,0,0,-1,-1,-1,-1,-1,-1,-1,-1,-1,-1,-1,-1,0,0,0,0,0,0,-1,-1,-1,-1,-1,-1,-1,-1,-1,-1,-1,-1,-1,-1,False,False,0,0,False,207,0,0,0,0,0,0,0,0,0,0,0,0,0,0,0,1,
0,4130,2026-02-23 13:16:56Z,LLM_Empathetic,6.932164,7.222653,6.641675,0.6110097,0,1.601769,0,0,0,0,0,0,5.501056,4.352024,6.650098,0.592854,0.702737,0.482971,7.399413,6.222263,8.576564,0.585875,0,2.108275,7.20516,6.108735,8.301586,9.872716,10,9.53345,6.932164,7.222653,6.641675,0.6110097,0,1.601769,0,0,0,0,0,0,5.501056,4.352024,6.650098,0.592854,0.702737,0.482971,7.399413,6.222263,8.576564,0.585875,0,2.108275,7.20516,6.108735,8.301586,9.872716,10,9.53345,-1,-1,-1,-1,-1,-1,-1,-1,-1,-1,-1,-1,-1,-1,-1,-1,-1,-1,-1,-1,-1,-1,-1,-1,-1,-1,-1,-1,-1,-1,-1,-1,-1,-1,-1,-1,-1,-1,-1,-1,-1,-1,-1,-1,-1,-1,-1,-1,-1,-1,0,0,0,0,0,0,-1,-1,-1,-1,-1,-1,-1,-1,-1,-1,-1,-1,0,0,0,0,0,0,-1,-1,-1,-1,-1,-1,-1,-1,-1,-1,-1,-1,-1,-1,False,False,0,0,False,209,0,0,0,0,0,0,0,0,0,0,0,0,0,0,0,1,
0,4131,2026-02-23 13:16:56Z,LLM_Empathetic,6.932161,7.222652,6.641669,0.6110154,0,1.601772,0,0,0,0,0,0,5.501051,4.352023,6.650091,0.592854,0.702737,0.482971,7.399411,6.222264,8.576558,0.5858787,0,2.108279,7.205154,6.108731,8.301578,9.872705,10,9.533435,6.932161,7.222652,6.641669,0.6110154,0,1.601772,0,0,0,0,0,0,5.501051,4.352023,6.650091,0.592854,0.702737,0.482971,7.399411,6.222264,8.576558,0.5858787,0,2.108279,7.205154,6.108731,8.301578,9.872705,10,9.533435,-1,-1,-1,-1,-1,-1,-1,-1,-1,-1,-1,-1,-1,-1,-1,-1,-1,-1,-1,-1,-1,-1,-1,-1,-1,-1,-1,-1,-1,-1,-1,-1,-1,-1,-1,-1,-1,-1,-1,-1,-1,-1,-1,-1,-1,-1,-1,-1,-1,-1,0,0,0,0,0,0,-1,-1,-1,-1,-1,-1,-1,-1,-1,-1,-1,-1,0,0,0,0,0,0,-1,-1,-1,-1,-1,-1,-1,-1,-1,-1,-1,-1,-1,-1,False,False,0,0,False,207,0,0,0,0,0,0,0,0,0,0,0,0,0,0,0,1,
0,4132,2026-02-23 13:16:56Z,LLM_Empathetic,6.932158,7.222652,6.641663,0.6110212,0,1.601775,0,0,0,0,0,0,5.501047,4.352021,6.650084,0.592854,0.702737,0.482971,7.399409,6.222265,8.576553,0.5858823,0,2.108283,7.205148,6.108728,8.301569,9.872692,10,9.533421,6.932158,7.222652,6.641663,0.6110212,0,1.601775,0,0,0,0,0,0,5.501047,4.352021,6.650084,0.592854,0.702737,0.482971,7.399409,6.222265,8.576553,0.5858823,0,2.108283,7.205148,6.108728,8.301569,9.872692,10,9.533421,-1,-1,-1,-1,-1,-1,-1,-1,-1,-1,-1,-1,-1,-1,-1,-1,-1,-1,-1,-1,-1,-1,-1,-1,-1,-1,-1,-1,-1,-1,-1,-1,-1,-1,-1,-1,-1,-1,-1,-1,-1,-1,-1,-1,-1,-1,-1,-1,-1,-1,0,0,0,0,0,0,-1,-1,-1,-1,-1,-1,-1,-1,-1,-1,-1,-1,0,0,0,0,0,0,-1,-1,-1,-1,-1,-1,-1,-1,-1,-1,-1,-1,-1,-1,False,False,0,0,False,207,0,0,0,0,0,0,0,0,0,0,0,0,0,0,0,1,
0,4133,2026-02-23 13:16:56Z,LLM_Empathetic,6.932156,7.222651,6.64166,0.611024,0,1.601777,0,0,0,0,0,0,5.501045,4.352021,6.65008,0.592854,0.702737,0.482971,7.399408,6.222266,8.576551,0.5858842,0,2.108284,7.205145,6.108727,8.301564,9.872686,10,9.533413,6.932156,7.222651,6.64166,0.611024,0,1.601777,0,0,0,0,0,0,5.501045,4.352021,6.65008,0.592854,0.702737,0.482971,7.399408,6.222266,8.576551,0.5858842,0,2.108284,7.205145,6.108727,8.301564,9.872686,10,9.533413,-1,-1,-1,-1,-1,-1,-1,-1,-1,-1,-1,-1,-1,-1,-1,-1,-1,-1,-1,-1,-1,-1,-1,-1,-1,-1,-1,-1,-1,-1,-1,-1,-1,-1,-1,-1,-1,-1,-1,-1,-1,-1,-1,-1,-1,-1,-1,-1,-1,-1,0,0,0,0,0,0,-1,-1,-1,-1,-1,-1,-1,-1,-1,-1,-1,-1,0,0,0,0,0,0,-1,-1,-1,-1,-1,-1,-1,-1,-1,-1,-1,-1,-1,-1,False,False,0,0,False,209,0,0,0,0,0,0,0,0,0,0,0,0,0,0,0,1,
0,4134,2026-02-23 13:16:56Z,LLM_Empathetic,6.932152,7.222651,6.641654,0.6110298,0,1.60178,0,0,0,0,0,0,5.501041,4.352019,6.650073,0.592854,0.702737,0.482971,7.399406,6.222267,8.576546,0.5858878,0,2.108288,7.205139,6.108723,8.301556,9.872674,10,9.533398,6.932152,7.222651,6.641654,0.6110298,0,1.60178,0,0,0,0,0,0,5.501041,4.352019,6.650073,0.592854,0.702737,0.482971,7.399406,6.222267,8.576546,0.5858878,0,2.108288,7.205139,6.108723,8.301556,9.872674,10,9.533398,-1,-1,-1,-1,-1,-1,-1,-1,-1,-1,-1,-1,-1,-1,-1,-1,-1,-1,-1,-1,-1,-1,-1,-1,-1,-1,-1,-1,-1,-1,-1,-1,-1,-1,-1,-1,-1,-1,-1,-1,-1,-1,-1,-1,-1,-1,-1,-1,-1,-1,0,0,0,0,0,0,-1,-1,-1,-1,-1,-1,-1,-1,-1,-1,-1,-1,0,0,0,0,0,0,-1,-1,-1,-1,-1,-1,-1,-1,-1,-1,-1,-1,-1,-1,False,False,0,0,False,209,0,0,0,0,0,0,0,0,0,0,0,0,0,0,0,1,
0,4135,2026-02-23 13:16:56Z,LLM_Empathetic,6.93215,7.222651,6.641651,0.6110327,0,1.601781,0,0,0,0,0,0,5.501039,4.352018,6.650069,0.592854,0.702737,0.482971,7.399405,6.222268,8.576544,0.5858897,0,2.10829,7.205136,6.108722,8.301551,9.872668,10,9.53339,6.93215,7.222651,6.641651,0.6110327,0,1.601781,0,0,0,0,0,0,5.501039,4.352018,6.650069,0.592854,0.702737,0.482971,7.399405,6.222268,8.576544,0.5858897,0,2.10829,7.205136,6.108722,8.301551,9.872668,10,9.53339,-1,-1,-1,-1,-1,-1,-1,-1,-1,-1,-1,-1,-1,-1,-1,-1,-1,-1,-1,-1,-1,-1,-1,-1,-1,-1,-1,-1,-1,-1,-1,-1,-1,-1,-1,-1,-1,-1,-1,-1,-1,-1,-1,-1,-1,-1,-1,-1,-1,-1,0,0,0,0,0,0,-1,-1,-1,-1,-1,-1,-1,-1,-1,-1,-1,-1,0,0,0,0,0,0,-1,-1,-1,-1,-1,-1,-1,-1,-1,-1,-1,-1,-1,-1,False,False,0,0,False,207,0,0,0,0,0,0,0,0,0,0,0,0,0,0,0,1,
0,4136,2026-02-23 13:16:56Z,LLM_Empathetic,6.932147,7.22265,6.641644,0.6110384,0,1.601785,0,0,0,0,0,0,5.501034,4.352017,6.650062,0.592854,0.702737,0.482971,7.399403,6.222269,8.576538,0.5858934,0,2.108294,7.20513,6.108718,8.301542,9.872656,10,9.533375,6.932147,7.22265,6.641644,0.6110384,0,1.601785,0,0,0,0,0,0,5.501034,4.352017,6.650062,0.592854,0.702737,0.482971,7.399403,6.222269,8.576538,0.5858934,0,2.108294,7.20513,6.108718,8.301542,9.872656,10,9.533375,-1,-1,-1,-1,-1,-1,-1,-1,-1,-1,-1,-1,-1,-1,-1,-1,-1,-1,-1,-1,-1,-1,-1,-1,-1,-1,-1,-1,-1,-1,-1,-1,-1,-1,-1,-1,-1,-1,-1,-1,-1,-1,-1,-1,-1,-1,-1,-1,-1,-1,0,0,0,0,0,0,-1,-1,-1,-1,-1,-1,-1,-1,-1,-1,-1,-1,0,0,0,0,0,0,-1,-1,-1,-1,-1,-1,-1,-1,-1,-1,-1,-1,-1,-1,False,False,0,0,False,209,0,0,0,0,0,0,0,0,0,0,0,0,0,0,0,1,
0,4137,2026-02-23 13:16:56Z,LLM_Empathetic,6.932144,7.222649,6.641638,0.6110442,0,1.601788,0,0,0,0,0,0,5.50103,4.352015,6.650054,0.592854,0.702737,0.482971,7.399401,6.22227,8.576533,0.5858971,0,2.108297,7.205124,6.108715,8.301534,9.872643,10,9.53336,6.932144,7.222649,6.641638,0.6110442,0,1.601788,0,0,0,0,0,0,5.50103,4.352015,6.650054,0.592854,0.702737,0.482971,7.399401,6.22227,8.576533,0.5858971,0,2.108297,7.205124,6.108715,8.301534,9.872643,10,9.53336,-1,-1,-1,-1,-1,-1,-1,-1,-1,-1,-1,-1,-1,-1,-1,-1,-1,-1,-1,-1,-1,-1,-1,-1,-1,-1,-1,-1,-1,-1,-1,-1,-1,-1,-1,-1,-1,-1,-1,-1,-1,-1,-1,-1,-1,-1,-1,-1,-1,-1,0,0,0,0,0,0,-1,-1,-1,-1,-1,-1,-1,-1,-1,-1,-1,-1,0,0,0,0,0,0,-1,-1,-1,-1,-1,-1,-1,-1,-1,-1,-1,-1,-1,-1,False,False,0,0,False,209,0,0,0,0,0,0,0,0,0,0,0,0,0,0,0,1,
0,4138,2026-02-23 13:16:56Z,LLM_Empathetic,6.932142,7.222649,6.641635,0.6110471,0,1.601789,0,0,0,0,0,0,5.501028,4.352015,6.650051,0.592854,0.702737,0.482971,7.3994,6.22227,8.576531,0.5858989,0,2.108299,7.205121,6.108713,8.301529,9.872638,10,9.533352,6.932142,7.222649,6.641635,0.6110471,0,1.601789,0,0,0,0,0,0,5.501028,4.352015,6.650051,0.592854,0.702737,0.482971,7.3994,6.22227,8.576531,0.5858989,0,2.108299,7.205121,6.108713,8.301529,9.872638,10,9.533352,-1,-1,-1,-1,-1,-1,-1,-1,-1,-1,-1,-1,-1,-1,-1,-1,-1,-1,-1,-1,-1,-1,-1,-1,-1,-1,-1,-1,-1,-1,-1,-1,-1,-1,-1,-1,-1,-1,-1,-1,-1,-1,-1,-1,-1,-1,-1,-1,-1,-1,0,0,0,0,0,0,-1,-1,-1,-1,-1,-1,-1,-1,-1,-1,-1,-1,0,0,0,0,0,0,-1,-1,-1,-1,-1,-1,-1,-1,-1,-1,-1,-1,-1,-1,False,False,0,0,False,207,0,0,0,0,0,0,0,0,0,0,0,0,0,0,0,1,
0,4139,2026-02-23 13:16:56Z,LLM_Empathetic,6.93214,7.222649,6.641632,0.61105,0,1.601791,0,0,0,0,0,0,5.501026,4.352014,6.650047,0.592854,0.702737,0.482971,7.399399,6.22227,8.576529,0.5859008,0,2.108301,7.205118,6.108712,8.301524,9.872632,10,9.533344,6.93214,7.222649,6.641632,0.61105,0,1.601791,0,0,0,0,0,0,5.501026,4.352014,6.650047,0.592854,0.702737,0.482971,7.399399,6.22227,8.576529,0.5859008,0,2.108301,7.205118,6.108712,8.301524,9.872632,10,9.533344,-1,-1,-1,-1,-1,-1,-1,-1,-1,-1,-1,-1,-1,-1,-1,-1,-1,-1,-1,-1,-1,-1,-1,-1,-1,-1,-1,-1,-1,-1,-1,-1,-1,-1,-1,-1,-1,-1,-1,-1,-1,-1,-1,-1,-1,-1,-1,-1,-1,-1,0,0,0,0,0,0,-1,-1,-1,-1,-1,-1,-1,-1,-1,-1,-1,-1,0,0,0,0,0,0,-1,-1,-1,-1,-1,-1,-1,-1,-1,-1,-1,-1,-1,-1,False,False,0,0,False,207,0,0,0,0,0,0,0,0,0,0,0,0,0,0,0,1,
0,4140,2026-02-23 13:16:56Z,LLM_Empathetic,6.932137,7.222648,6.641626,0.6110557,0,1.601794,0,0,0,0,0,0,5.501021,4.352013,6.65004,0.592854,0.702737,0.482971,7.399397,6.222271,8.576524,0.5859045,0,2.108305,7.205112,6.108708,8.301516,9.87262,10,9.533329,6.932137,7.222648,6.641626,0.6110557,0,1.601794,0,0,0,0,0,0,5.501021,4.352013,6.65004,0.592854,0.702737,0.482971,7.399397,6.222271,8.576524,0.5859045,0,2.108305,7.205112,6.108708,8.301516,9.87262,10,9.533329,-1,-1,-1,-1,-1,-1,-1,-1,-1,-1,-1,-1,-1,-1,-1,-1,-1,-1,-1,-1,-1,-1,-1,-1,-1,-1,-1,-1,-1,-1,-1,-1,-1,-1,-1,-1,-1,-1,-1,-1,-1,-1,-1,-1,-1,-1,-1,-1,-1,-1,0,0,0,0,0,0,-1,-1,-1,-1,-1,-1,-1,-1,-1,-1,-1,-1,0,0,0,0,0,0,-1,-1,-1,-1,-1,-1,-1,-1,-1,-1,-1,-1,-1,-1,False,False,0,0,False,209,0,0,0,0,0,0,0,0,0,0,0,0,0,0,0,1,
0,4141,2026-02-23 13:16:56Z,LLM_Empathetic,6.932135,7.222648,6.641623,0.6110587,0,1.601796,0,0,0,0,0,0,5.501019,4.352012,6.650036,0.592854,0.702737,0.482971,7.399396,6.222272,8.576521,0.5859063,0,2.108307,7.205109,6.108707,8.301511,9.872614,10,9.533321,6.932135,7.222648,6.641623,0.6110587,0,1.601796,0,0,0,0,0,0,5.501019,4.352012,6.650036,0.592854,0.702737,0.482971,7.399396,6.222272,8.576521,0.5859063,0,2.108307,7.205109,6.108707,8.301511,9.872614,10,9.533321,-1,-1,-1,-1,-1,-1,-1,-1,-1,-1,-1,-1,-1,-1,-1,-1,-1,-1,-1,-1,-1,-1,-1,-1,-1,-1,-1,-1,-1,-1,-1,-1,-1,-1,-1,-1,-1,-1,-1,-1,-1,-1,-1,-1,-1,-1,-1,-1,-1,-1,0,0,0,0,0,0,-1,-1,-1,-1,-1,-1,-1,-1,-1,-1,-1,-1,0,0,0,0,0,0,-1,-1,-1,-1,-1,-1,-1,-1,-1,-1,-1,-1,-1,-1,False,False,0,0,False,209,0,0,0,0,0,0,0,0,0,0,0,0,0,0,0,1,
0,4142,2026-02-23 13:16:56Z,LLM_Empathetic,6.932134,7.222648,6.64162,0.6110615,0,1.601797,0,0,0,0,0,0,5.501017,4.352011,6.650033,0.592854,0.702737,0.482971,7.399395,6.222272,8.576518,0.5859082,0,2.108309,7.205105,6.108705,8.301507,9.872607,10,9.533314,6.932134,7.222648,6.64162,0.6110615,0,1.601797,0,0,0,0,0,0,5.501017,4.352011,6.650033,0.592854,0.702737,0.482971,7.399395,6.222272,8.576518,0.5859082,0,2.108309,7.205105,6.108705,8.301507,9.872607,10,9.533314,-1,-1,-1,-1,-1,-1,-1,-1,-1,-1,-1,-1,-1,-1,-1,-1,-1,-1,-1,-1,-1,-1,-1,-1,-1,-1,-1,-1,-1,-1,-1,-1,-1,-1,-1,-1,-1,-1,-1,-1,-1,-1,-1,-1,-1,-1,-1,-1,-1,-1,0,0,0,0,0,0,-1,-1,-1,-1,-1,-1,-1,-1,-1,-1,-1,-1,0,0,0,0,0,0,-1,-1,-1,-1,-1,-1,-1,-1,-1,-1,-1,-1,-1,-1,False,False,0,0,False,207,0,0,0,0,0,0,0,0,0,0,0,0,0,0,0,1,
0,4143,2026-02-23 13:16:56Z,LLM_Empathetic,6.93213,7.222647,6.641613,0.6110673,0,1.6018,0,0,0,0,0,0,5.501012,4.35201,6.650025,0.592854,0.702737,0.482971,7.399393,6.222273,8.576513,0.5859119,0,2.108312,7.2051,6.108702,8.301497,9.872596,10,9.533298,6.93213,7.222647,6.641613,0.6110673,0,1.6018,0,0,0,0,0,0,5.501012,4.35201,6.650025,0.592854,0.702737,0.482971,7.399393,6.222273,8.576513,0.5859119,0,2.108312,7.2051,6.108702,8.301497,9.872596,10,9.533298,-1,-1,-1,-1,-1,-1,-1,-1,-1,-1,-1,-1,-1,-1,-1,-1,-1,-1,-1,-1,-1,-1,-1,-1,-1,-1,-1,-1,-1,-1,-1,-1,-1,-1,-1,-1,-1,-1,-1,-1,-1,-1,-1,-1,-1,-1,-1,-1,-1,-1,0,0,0,0,0,0,-1,-1,-1,-1,-1,-1,-1,-1,-1,-1,-1,-1,0,0,0,0,0,0,-1,-1,-1,-1,-1,-1,-1,-1,-1,-1,-1,-1,-1,-1,False,False,0,0,False,209,0,0,0,0,0,0,0,0,0,0,0,0,0,0,0,1,
0,4144,2026-02-23 13:16:56Z,LLM_Empathetic,6.932128,7.222647,6.64161,0.6110702,0,1.601802,0,0,0,0,0,0,5.50101,4.352009,6.650022,0.592854,0.702737,0.482971,7.399392,6.222274,8.576511,0.5859137,0,2.108314,7.205096,6.1087,8.301494,9.872589,10,9.533291,6.932128,7.222647,6.64161,0.6110702,0,1.601802,0,0,0,0,0,0,5.50101,4.352009,6.650022,0.592854,0.702737,0.482971,7.399392,6.222274,8.576511,0.5859137,0,2.108314,7.205096,6.1087,8.301494,9.872589,10,9.533291,-1,-1,-1,-1,-1,-1,-1,-1,-1,-1,-1,-1,-1,-1,-1,-1,-1,-1,-1,-1,-1,-1,-1,-1,-1,-1,-1,-1,-1,-1,-1,-1,-1,-1,-1,-1,-1,-1,-1,-1,-1,-1,-1,-1,-1,-1,-1,-1,-1,-1,0,0,0,0,0,0,-1,-1,-1,-1,-1,-1,-1,-1,-1,-1,-1,-1,0,0,0,0,0,0,-1,-1,-1,-1,-1,-1,-1,-1,-1,-1,-1,-1,-1,-1,False,False,0,0,False,207,0,0,0,0,0,0,0,0,0,0,0,0,0,0,0,1,
0,4145,2026-02-23 13:16:56Z,LLM_Empathetic,6.932127,7.222646,6.641607,0.6110731,0,1.601804,0,0,0,0,0,0,5.501008,4.352008,6.650018,0.592854,0.702737,0.482971,7.399391,6.222275,8.576509,0.5859156,0,2.108316,7.205093,6.108698,8.301489,9.872583,10,9.533283,6.932127,7.222646,6.641607,0.6110731,0,1.601804,0,0,0,0,0,0,5.501008,4.352008,6.650018,0.592854,0.702737,0.482971,7.399391,6.222275,8.576509,0.5859156,0,2.108316,7.205093,6.108698,8.301489,9.872583,10,9.533283,-1,-1,-1,-1,-1,-1,-1,-1,-1,-1,-1,-1,-1,-1,-1,-1,-1,-1,-1,-1,-1,-1,-1,-1,-1,-1,-1,-1,-1,-1,-1,-1,-1,-1,-1,-1,-1,-1,-1,-1,-1,-1,-1,-1,-1,-1,-1,-1,-1,-1,0,0,0,0,0,0,-1,-1,-1,-1,-1,-1,-1,-1,-1,-1,-1,-1,0,0,0,0,0,0,-1,-1,-1,-1,-1,-1,-1,-1,-1,-1,-1,-1,-1,-1,False,False,0,0,False,207,0,0,0,0,0,0,0,0,0,0,0,0,0,0,0,1,
0,4146,2026-02-23 13:16:56Z,LLM_Empathetic,6.932123,7.222646,6.641601,0.6110789,0,1.601807,0,0,0,0,0,0,5.501004,4.352007,6.650011,0.592854,0.702737,0.482971,7.399389,6.222276,8.576504,0.5859193,0,2.10832,7.205087,6.108695,8.30148,9.872571,10,9.533268,6.932123,7.222646,6.641601,0.6110789,0,1.601807,0,0,0,0,0,0,5.501004,4.352007,6.650011,0.592854,0.702737,0.482971,7.399389,6.222276,8.576504,0.5859193,0,2.10832,7.205087,6.108695,8.30148,9.872571,10,9.533268,-1,-1,-1,-1,-1,-1,-1,-1,-1,-1,-1,-1,-1,-1,-1,-1,-1,-1,-1,-1,-1,-1,-1,-1,-1,-1,-1,-1,-1,-1,-1,-1,-1,-1,-1,-1,-1,-1,-1,-1,-1,-1,-1,-1,-1,-1,-1,-1,-1,-1,0,0,0,0,0,0,-1,-1,-1,-1,-1,-1,-1,-1,-1,-1,-1,-1,0,0,0,0,0,0,-1,-1,-1,-1,-1,-1,-1,-1,-1,-1,-1,-1,-1,-1,False,False,0,0,False,207,0,0,0,0,0,0,0,0,0,0,0,0,0,0,0,1,
0,4147,2026-02-23 13:16:56Z,LLM_Empathetic,6.932122,7.222645,6.641598,0.6110818,0,1.601808,0,0,0,0,0,0,5.501001,4.352006,6.650007,0.592854,0.702737,0.482971,7.399388,6.222276,8.576501,0.5859212,0,2.108321,7.205084,6.108694,8.301476,9.872565,10,9.53326,6.932122,7.222645,6.641598,0.6110818,0,1.601808,0,0,0,0,0,0,5.501001,4.352006,6.650007,0.592854,0.702737,0.482971,7.399388,6.222276,8.576501,0.5859212,0,2.108321,7.205084,6.108694,8.301476,9.872565,10,9.53326,-1,-1,-1,-1,-1,-1,-1,-1,-1,-1,-1,-1,-1,-1,-1,-1,-1,-1,-1,-1,-1,-1,-1,-1,-1,-1,-1,-1,-1,-1,-1,-1,-1,-1,-1,-1,-1,-1,-1,-1,-1,-1,-1,-1,-1,-1,-1,-1,-1,-1,0,0,0,0,0,0,-1,-1,-1,-1,-1,-1,-1,-1,-1,-1,-1,-1,0,0,0,0,0,0,-1,-1,-1,-1,-1,-1,-1,-1,-1,-1,-1,-1,-1,-1,False,False,0,0,False,207,0,0,0,0,0,0,0,0,0,0,0,0,0,0,0,1,
0,4148,2026-02-23 13:16:56Z,LLM_Empathetic,6.93212,7.222645,6.641595,0.6110847,0,1.60181,0,0,0,0,0,0,5.500999,4.352005,6.650003,0.592854,0.702737,0.482971,7.399387,6.222277,8.576498,0.585923,0,2.108323,7.205081,6.108692,8.301472,9.872559,10,9.533253,6.93212,7.222645,6.641595,0.6110847,0,1.60181,0,0,0,0,0,0,5.500999,4.352005,6.650003,0.592854,0.702737,0.482971,7.399387,6.222277,8.576498,0.585923,0,2.108323,7.205081,6.108692,8.301472,9.872559,10,9.533253,-1,-1,-1,-1,-1,-1,-1,-1,-1,-1,-1,-1,-1,-1,-1,-1,-1,-1,-1,-1,-1,-1,-1,-1,-1,-1,-1,-1,-1,-1,-1,-1,-1,-1,-1,-1,-1,-1,-1,-1,-1,-1,-1,-1,-1,-1,-1,-1,-1,-1,0,0,0,0,0,0,-1,-1,-1,-1,-1,-1,-1,-1,-1,-1,-1,-1,0,0,0,0,0,0,-1,-1,-1,-1,-1,-1,-1,-1,-1,-1,-1,-1,-1,-1,False,False,0,0,False,207,0,0,0,0,0,0,0,0,0,0,0,0,0,0,0,1,
0,4149,2026-02-23 13:16:56Z,LLM_Empathetic,6.932118,7.222645,6.641592,0.6110876,0,1.601812,0,0,0,0,0,0,5.500997,4.352005,6.65,0.592854,0.702737,0.482971,7.399386,6.222277,8.576496,0.5859249,0,2.108325,7.205078,6.10869,8.301467,9.872553,10,9.533245,6.932118,7.222645,6.641592,0.6110876,0,1.601812,0,0,0,0,0,0,5.500997,4.352005,6.65,0.592854,0.702737,0.482971,7.399386,6.222277,8.576496,0.5859249,0,2.108325,7.205078,6.10869,8.301467,9.872553,10,9.533245,-1,-1,-1,-1,-1,-1,-1,-1,-1,-1,-1,-1,-1,-1,-1,-1,-1,-1,-1,-1,-1,-1,-1,-1,-1,-1,-1,-1,-1,-1,-1,-1,-1,-1,-1,-1,-1,-1,-1,-1,-1,-1,-1,-1,-1,-1,-1,-1,-1,-1,0,0,0,0,0,0,-1,-1,-1,-1,-1,-1,-1,-1,-1,-1,-1,-1,0,0,0,0,0,0,-1,-1,-1,-1,-1,-1,-1,-1,-1,-1,-1,-1,-1,-1,False,False,0,0,False,209,0,0,0,0,0,0,0,0,0,0,0,0,0,0,0,1,
0,4150,2026-02-23 13:16:56Z,LLM_Empathetic,6.932115,7.222644,6.641585,0.6110934,0,1.601815,0,0,0,0,0,0,5.500993,4.352003,6.649992,0.592854,0.702737,0.482971,7.399384,6.222278,8.57649,0.5859286,0,2.108329,7.205072,6.108687,8.301458,9.87254,10,9.53323,6.932115,7.222644,6.641585,0.6110934,0,1.601815,0,0,0,0,0,0,5.500993,4.352003,6.649992,0.592854,0.702737,0.482971,7.399384,6.222278,8.57649,0.5859286,0,2.108329,7.205072,6.108687,8.301458,9.87254,10,9.53323,-1,-1,-1,-1,-1,-1,-1,-1,-1,-1,-1,-1,-1,-1,-1,-1,-1,-1,-1,-1,-1,-1,-1,-1,-1,-1,-1,-1,-1,-1,-1,-1,-1,-1,-1,-1,-1,-1,-1,-1,-1,-1,-1,-1,-1,-1,-1,-1,-1,-1,0,0,0,0,0,0,-1,-1,-1,-1,-1,-1,-1,-1,-1,-1,-1,-1,0,0,0,0,0,0,-1,-1,-1,-1,-1,-1,-1,-1,-1,-1,-1,-1,-1,-1,False,False,0,0,False,209,0,0,0,0,0,0,0,0,0,0,0,0,0,0,0,1,
0,4151,2026-02-23 13:16:56Z,LLM_Empathetic,6.932113,7.222644,6.641582,0.6110963,0,1.601817,0,0,0,0,0,0,5.50099,4.352003,6.649989,0.592854,0.702737,0.482971,7.399383,6.222279,8.576488,0.5859305,0,2.108331,7.205069,6.108685,8.301454,9.872535,10,9.533222,6.932113,7.222644,6.641582,0.6110963,0,1.601817,0,0,0,0,0,0,5.50099,4.352003,6.649989,0.592854,0.702737,0.482971,7.399383,6.222279,8.576488,0.5859305,0,2.108331,7.205069,6.108685,8.301454,9.872535,10,9.533222,-1,-1,-1,-1,-1,-1,-1,-1,-1,-1,-1,-1,-1,-1,-1,-1,-1,-1,-1,-1,-1,-1,-1,-1,-1,-1,-1,-1,-1,-1,-1,-1,-1,-1,-1,-1,-1,-1,-1,-1,-1,-1,-1,-1,-1,-1,-1,-1,-1,-1,0,0,0,0,0,0,-1,-1,-1,-1,-1,-1,-1,-1,-1,-1,-1,-1,0,0,0,0,0,0,-1,-1,-1,-1,-1,-1,-1,-1,-1,-1,-1,-1,-1,-1,False,False,0,0,False,207,0,0,0,0,0,0,0,0,0,0,0,0,0,0,0,1,
0,4152,2026-02-23 13:16:56Z,LLM_Empathetic,6.932111,7.222643,6.641579,0.6110992,0,1.601818,0,0,0,0,0,0,5.500988,4.352002,6.649985,0.592854,0.702737,0.482971,7.399382,6.222279,8.576486,0.5859323,0,2.108333,7.205066,6.108684,8.301449,9.872528,10,9.533215,6.932111,7.222643,6.641579,0.6110992,0,1.601818,0,0,0,0,0,0,5.500988,4.352002,6.649985,0.592854,0.702737,0.482971,7.399382,6.222279,8.576486,0.5859323,0,2.108333,7.205066,6.108684,8.301449,9.872528,10,9.533215,-1,-1,-1,-1,-1,-1,-1,-1,-1,-1,-1,-1,-1,-1,-1,-1,-1,-1,-1,-1,-1,-1,-1,-1,-1,-1,-1,-1,-1,-1,-1,-1,-1,-1,-1,-1,-1,-1,-1,-1,-1,-1,-1,-1,-1,-1,-1,-1,-1,-1,0,0,0,0,0,0,-1,-1,-1,-1,-1,-1,-1,-1,-1,-1,-1,-1,0,0,0,0,0,0,-1,-1,-1,-1,-1,-1,-1,-1,-1,-1,-1,-1,-1,-1,False,False,0,0,False,209,0,0,0,0,0,0,0,0,0,0,0,0,0,0,0,1,
0,4153,2026-02-23 13:16:56Z,LLM_Empathetic,6.932108,7.222643,6.641573,0.611105,0,1.601821,0,0,0,0,0,0,5.500984,4.352,6.649978,0.592854,0.702737,0.482971,7.39938,6.222281,8.576481,0.5859361,0,2.108336,7.20506,6.10868,8.30144,9.872517,10,9.533199,6.932108,7.222643,6.641573,0.611105,0,1.601821,0,0,0,0,0,0,5.500984,4.352,6.649978,0.592854,0.702737,0.482971,7.39938,6.222281,8.576481,0.5859361,0,2.108336,7.20506,6.10868,8.30144,9.872517,10,9.533199,-1,-1,-1,-1,-1,-1,-1,-1,-1,-1,-1,-1,-1,-1,-1,-1,-1,-1,-1,-1,-1,-1,-1,-1,-1,-1,-1,-1,-1,-1,-1,-1,-1,-1,-1,-1,-1,-1,-1,-1,-1,-1,-1,-1,-1,-1,-1,-1,-1,-1,0,0,0,0,0,0,-1,-1,-1,-1,-1,-1,-1,-1,-1,-1,-1,-1,0,0,0,0,0,0,-1,-1,-1,-1,-1,-1,-1,-1,-1,-1,-1,-1,-1,-1,False,False,0,0,False,207,0,0,0,0,0,0,0,0,0,0,0,0,0,0,0,1,
0,4154,2026-02-23 13:16:56Z,LLM_Empathetic,6.932106,7.222642,6.64157,0.6111079,0,1.601823,0,0,0,0,0,0,5.500982,4.352,6.649974,0.592854,0.702737,0.482971,7.399379,6.222281,8.576478,0.5859379,0,2.108338,7.205057,6.108679,8.301435,9.87251,10,9.533192,6.932106,7.222642,6.64157,0.6111079,0,1.601823,0,0,0,0,0,0,5.500982,4.352,6.649974,0.592854,0.702737,0.482971,7.399379,6.222281,8.576478,0.5859379,0,2.108338,7.205057,6.108679,8.301435,9.87251,10,9.533192,-1,-1,-1,-1,-1,-1,-1,-1,-1,-1,-1,-1,-1,-1,-1,-1,-1,-1,-1,-1,-1,-1,-1,-1,-1,-1,-1,-1,-1,-1,-1,-1,-1,-1,-1,-1,-1,-1,-1,-1,-1,-1,-1,-1,-1,-1,-1,-1,-1,-1,0,0,0,0,0,0,-1,-1,-1,-1,-1,-1,-1,-1,-1,-1,-1,-1,0,0,0,0,0,0,-1,-1,-1,-1,-1,-1,-1,-1,-1,-1,-1,-1,-1,-1,False,False,0,0,False,209,0,0,0,0,0,0,0,0,0,0,0,0,0,0,0,1,
0,4155,2026-02-23 13:16:56Z,LLM_Empathetic,6.932105,7.222642,6.641567,0.6111109,0,1.601825,0,0,0,0,0,0,5.500979,4.351999,6.64997,0.592854,0.702737,0.482971,7.399378,6.222281,8.576476,0.5859398,0,2.10834,7.205054,6.108677,8.301432,9.872504,10,9.533184,6.932105,7.222642,6.641567,0.6111109,0,1.601825,0,0,0,0,0,0,5.500979,4.351999,6.64997,0.592854,0.702737,0.482971,7.399378,6.222281,8.576476,0.5859398,0,2.10834,7.205054,6.108677,8.301432,9.872504,10,9.533184,-1,-1,-1,-1,-1,-1,-1,-1,-1,-1,-1,-1,-1,-1,-1,-1,-1,-1,-1,-1,-1,-1,-1,-1,-1,-1,-1,-1,-1,-1,-1,-1,-1,-1,-1,-1,-1,-1,-1,-1,-1,-1,-1,-1,-1,-1,-1,-1,-1,-1,0,0,0,0,0,0,-1,-1,-1,-1,-1,-1,-1,-1,-1,-1,-1,-1,0,0,0,0,0,0,-1,-1,-1,-1,-1,-1,-1,-1,-1,-1,-1,-1,-1,-1,False,False,0,0,False,209,0,0,0,0,0,0,0,0,0,0,0,0,0,0,0,1,
0,4156,2026-02-23 13:16:56Z,LLM_Empathetic,6.932103,7.222642,6.641563,0.6111138,0,1.601826,0,0,0,0,0,0,5.500977,4.351998,6.649967,0.592854,0.702737,0.482971,7.399377,6.222282,8.576473,0.5859417,0,2.108342,7.20505,6.108675,8.301427,9.872498,10,9.533176,6.932103,7.222642,6.641563,0.6111138,0,1.601826,0,0,0,0,0,0,5.500977,4.351998,6.649967,0.592854,0.702737,0.482971,7.399377,6.222282,8.576473,0.5859417,0,2.108342,7.20505,6.108675,8.301427,9.872498,10,9.533176,-1,-1,-1,-1,-1,-1,-1,-1,-1,-1,-1,-1,-1,-1,-1,-1,-1,-1,-1,-1,-1,-1,-1,-1,-1,-1,-1,-1,-1,-1,-1,-1,-1,-1,-1,-1,-1,-1,-1,-1,-1,-1,-1,-1,-1,-1,-1,-1,-1,-1,0,0,0,0,0,0,-1,-1,-1,-1,-1,-1,-1,-1,-1,-1,-1,-1,0,0,0,0,0,0,-1,-1,-1,-1,-1,-1,-1,-1,-1,-1,-1,-1,-1,-1,False,False,0,0,False,209,0,0,0,0,0,0,0,0,0,0,0,0,0,0,0,1,
0,4157,2026-02-23 13:16:57Z,LLM_Empathetic,6.932087,7.222639,6.641535,0.6111401,0,1.601841,0,0,0,0,0,0,5.500957,4.351992,6.649933,0.592854,0.702737,0.482971,7.399368,6.222287,8.57645,0.5859585,0,2.108359,7.205023,6.10866,8.301387,9.872443,10,9.533107,6.932087,7.222639,6.641535,0.6111401,0,1.601841,0,0,0,0,0,0,5.500957,4.351992,6.649933,0.592854,0.702737,0.482971,7.399368,6.222287,8.57645,0.5859585,0,2.108359,7.205023,6.10866,8.301387,9.872443,10,9.533107,-1,-1,-1,-1,-1,-1,-1,-1,-1,-1,-1,-1,-1,-1,-1,-1,-1,-1,-1,-1,-1,-1,-1,-1,-1,-1,-1,-1,-1,-1,-1,-1,-1,-1,-1,-1,-1,-1,-1,-1,-1,-1,-1,-1,-1,-1,-1,-1,-1,-1,0,0,0,0,0,0,-1,-1,-1,-1,-1,-1,-1,-1,-1,-1,-1,-1,0,0,0,0,0,0,-1,-1,-1,-1,-1,-1,-1,-1,-1,-1,-1,-1,-1,-1,False,False,0,0,False,207,0,0,0,0,0,0,0,0,0,0,0,0,0,0,0,1,
0,4158,2026-02-23 13:16:57Z,LLM_Empathetic,6.932086,7.222639,6.641532,0.611143,0,1.601842,0,0,0,0,0,0,5.500955,4.351991,6.64993,0.592854,0.702737,0.482971,7.399367,6.222287,8.576447,0.5859603,0,2.108361,7.20502,6.108659,8.301382,9.872437,10,9.533099,6.932086,7.222639,6.641532,0.611143,0,1.601842,0,0,0,0,0,0,5.500955,4.351991,6.64993,0.592854,0.702737,0.482971,7.399367,6.222287,8.576447,0.5859603,0,2.108361,7.20502,6.108659,8.301382,9.872437,10,9.533099,-1,-1,-1,-1,-1,-1,-1,-1,-1,-1,-1,-1,-1,-1,-1,-1,-1,-1,-1,-1,-1,-1,-1,-1,-1,-1,-1,-1,-1,-1,-1,-1,-1,-1,-1,-1,-1,-1,-1,-1,-1,-1,-1,-1,-1,-1,-1,-1,-1,-1,0,0,0,0,0,0,-1,-1,-1,-1,-1,-1,-1,-1,-1,-1,-1,-1,0,0,0,0,0,0,-1,-1,-1,-1,-1,-1,-1,-1,-1,-1,-1,-1,-1,-1,False,False,0,0,False,209,0,0,0,0,0,0,0,0,0,0,0,0,0,0,0,1,
0,4159,2026-02-23 13:16:57Z,LLM_Empathetic,6.932084,7.222639,6.641529,0.6111459,0,1.601844,0,0,0,0,0,0,5.500953,4.35199,6.649926,0.592854,0.702737,0.482971,7.399366,6.222288,8.576446,0.5859622,0,2.108363,7.205017,6.108657,8.301377,9.872431,10,9.533092,6.932084,7.222639,6.641529,0.6111459,0,1.601844,0,0,0,0,0,0,5.500953,4.35199,6.649926,0.592854,0.702737,0.482971,7.399366,6.222288,8.576446,0.5859622,0,2.108363,7.205017,6.108657,8.301377,9.872431,10,9.533092,-1,-1,-1,-1,-1,-1,-1,-1,-1,-1,-1,-1,-1,-1,-1,-1,-1,-1,-1,-1,-1,-1,-1,-1,-1,-1,-1,-1,-1,-1,-1,-1,-1,-1,-1,-1,-1,-1,-1,-1,-1,-1,-1,-1,-1,-1,-1,-1,-1,-1,0,0,0,0,0,0,-1,-1,-1,-1,-1,-1,-1,-1,-1,-1,-1,-1,0,0,0,0,0,0,-1,-1,-1,-1,-1,-1,-1,-1,-1,-1,-1,-1,-1,-1,False,False,0,0,False,207,0,0,0,0,0,0,0,0,0,0,0,0,0,0,0,1,
0,4160,2026-02-23 13:16:57Z,LLM_Empathetic,6.932082,7.222638,6.641526,0.6111488,0,1.601845,0,0,0,0,0,0,5.500951,4.351989,6.649922,0.592854,0.702737,0.482971,7.399365,6.222288,8.576443,0.5859641,0,2.108365,7.205014,6.108655,8.301373,9.872424,10,9.533084,6.932082,7.222638,6.641526,0.6111488,0,1.601845,0,0,0,0,0,0,5.500951,4.351989,6.649922,0.592854,0.702737,0.482971,7.399365,6.222288,8.576443,0.5859641,0,2.108365,7.205014,6.108655,8.301373,9.872424,10,9.533084,-1,-1,-1,-1,-1,-1,-1,-1,-1,-1,-1,-1,-1,-1,-1,-1,-1,-1,-1,-1,-1,-1,-1,-1,-1,-1,-1,-1,-1,-1,-1,-1,-1,-1,-1,-1,-1,-1,-1,-1,-1,-1,-1,-1,-1,-1,-1,-1,-1,-1,0,0,0,0,0,0,-1,-1,-1,-1,-1,-1,-1,-1,-1,-1,-1,-1,0,0,0,0,0,0,-1,-1,-1,-1,-1,-1,-1,-1,-1,-1,-1,-1,-1,-1,False,False,0,0,False,209,0,0,0,0,0,0,0,0,0,0,0,0,0,0,0,1,
0,4161,2026-02-23 13:16:57Z,LLM_Empathetic,6.93208,7.222638,6.641523,0.6111518,0,1.601847,0,0,0,0,0,0,5.500948,4.351989,6.649919,0.592854,0.702737,0.482971,7.399364,6.222289,8.57644,0.585966,0,2.108366,7.205011,6.108654,8.301369,9.872418,10,9.533076,6.93208,7.222638,6.641523,0.6111518,0,1.601847,0,0,0,0,0,0,5.500948,4.351989,6.649919,0.592854,0.702737,0.482971,7.399364,6.222289,8.57644,0.585966,0,2.108366,7.205011,6.108654,8.301369,9.872418,10,9.533076,-1,-1,-1,-1,-1,-1,-1,-1,-1,-1,-1,-1,-1,-1,-1,-1,-1,-1,-1,-1,-1,-1,-1,-1,-1,-1,-1,-1,-1,-1,-1,-1,-1,-1,-1,-1,-1,-1,-1,-1,-1,-1,-1,-1,-1,-1,-1,-1,-1,-1,0,0,0,0,0,0,-1,-1,-1,-1,-1,-1,-1,-1,-1,-1,-1,-1,0,0,0,0,0,0,-1,-1,-1,-1,-1,-1,-1,-1,-1,-1,-1,-1,-1,-1,False,False,0,0,False,209,0,0,0,0,0,0,0,0,0,0,0,0,0,0,0,1,
0,4162,2026-02-23 13:16:57Z,LLM_Empathetic,6.932079,7.222638,6.64152,0.6111547,0,1.601849,0,0,0,0,0,0,5.500946,4.351988,6.649915,0.592854,0.702737,0.482971,7.399363,6.222289,8.576438,0.5859678,0,2.108368,7.205008,6.108652,8.301364,9.872412,10,9.533069,6.932079,7.222638,6.64152,0.6111547,0,1.601849,0,0,0,0,0,0,5.500946,4.351988,6.649915,0.592854,0.702737,0.482971,7.399363,6.222289,8.576438,0.5859678,0,2.108368,7.205008,6.108652,8.301364,9.872412,10,9.533069,-1,-1,-1,-1,-1,-1,-1,-1,-1,-1,-1,-1,-1,-1,-1,-1,-1,-1,-1,-1,-1,-1,-1,-1,-1,-1,-1,-1,-1,-1,-1,-1,-1,-1,-1,-1,-1,-1,-1,-1,-1,-1,-1,-1,-1,-1,-1,-1,-1,-1,0,0,0,0,0,0,-1,-1,-1,-1,-1,-1,-1,-1,-1,-1,-1,-1,0,0,0,0,0,0,-1,-1,-1,-1,-1,-1,-1,-1,-1,-1,-1,-1,-1,-1,False,False,0,0,False,207,0,0,0,0,0,0,0,0,0,0,0,0,0,0,0,1,
0,4163,2026-02-23 13:16:57Z,LLM_Empathetic,6.932076,7.222637,6.641513,0.6111606,0,1.601852,0,0,0,0,0,0,5.500942,4.351986,6.649908,0.592854,0.702737,0.482971,7.399361,6.22229,8.576432,0.5859716,0,2.108372,7.205001,6.108649,8.301355,9.872399,10,9.533053,6.932076,7.222637,6.641513,0.6111606,0,1.601852,0,0,0,0,0,0,5.500942,4.351986,6.649908,0.592854,0.702737,0.482971,7.399361,6.22229,8.576432,0.5859716,0,2.108372,7.205001,6.108649,8.301355,9.872399,10,9.533053,-1,-1,-1,-1,-1,-1,-1,-1,-1,-1,-1,-1,-1,-1,-1,-1,-1,-1,-1,-1,-1,-1,-1,-1,-1,-1,-1,-1,-1,-1,-1,-1,-1,-1,-1,-1,-1,-1,-1,-1,-1,-1,-1,-1,-1,-1,-1,-1,-1,-1,0,0,0,0,0,0,-1,-1,-1,-1,-1,-1,-1,-1,-1,-1,-1,-1,0,0,0,0,0,0,-1,-1,-1,-1,-1,-1,-1,-1,-1,-1,-1,-1,-1,-1,False,False,0,0,False,207,0,0,0,0,0,0,0,0,0,0,0,0,0,0,0,1,
0,4164,2026-02-23 13:16:57Z,LLM_Empathetic,6.932074,7.222637,6.64151,0.6111635,0,1.601853,0,0,0,0,0,0,5.500939,4.351986,6.649904,0.592854,0.702737,0.482971,7.39936,6.222291,8.57643,0.5859734,0,2.108374,7.204998,6.108647,8.301351,9.872394,10,9.533046,6.932074,7.222637,6.64151,0.6111635,0,1.601853,0,0,0,0,0,0,5.500939,4.351986,6.649904,0.592854,0.702737,0.482971,7.39936,6.222291,8.57643,0.5859734,0,2.108374,7.204998,6.108647,8.301351,9.872394,10,9.533046,-1,-1,-1,-1,-1,-1,-1,-1,-1,-1,-1,-1,-1,-1,-1,-1,-1,-1,-1,-1,-1,-1,-1,-1,-1,-1,-1,-1,-1,-1,-1,-1,-1,-1,-1,-1,-1,-1,-1,-1,-1,-1,-1,-1,-1,-1,-1,-1,-1,-1,0,0,0,0,0,0,-1,-1,-1,-1,-1,-1,-1,-1,-1,-1,-1,-1,0,0,0,0,0,0,-1,-1,-1,-1,-1,-1,-1,-1,-1,-1,-1,-1,-1,-1,False,False,0,0,False,209,0,0,0,0,0,0,0,0,0,0,0,0,0,0,0,1,
0,4165,2026-02-23 13:16:57Z,LLM_Empathetic,6.932072,7.222636,6.641507,0.6111664,0,1.601855,0,0,0,0,0,0,5.500937,4.351985,6.6499,0.592854,0.702737,0.482971,7.399359,6.222291,8.576427,0.5859753,0,2.108376,7.204995,6.108645,8.301346,9.872388,10,9.533037,6.932072,7.222636,6.641507,0.6111664,0,1.601855,0,0,0,0,0,0,5.500937,4.351985,6.6499,0.592854,0.702737,0.482971,7.399359,6.222291,8.576427,0.5859753,0,2.108376,7.204995,6.108645,8.301346,9.872388,10,9.533037,-1,-1,-1,-1,-1,-1,-1,-1,-1,-1,-1,-1,-1,-1,-1,-1,-1,-1,-1,-1,-1,-1,-1,-1,-1,-1,-1,-1,-1,-1,-1,-1,-1,-1,-1,-1,-1,-1,-1,-1,-1,-1,-1,-1,-1,-1,-1,-1,-1,-1,0,0,0,0,0,0,-1,-1,-1,-1,-1,-1,-1,-1,-1,-1,-1,-1,0,0,0,0,0,0,-1,-1,-1,-1,-1,-1,-1,-1,-1,-1,-1,-1,-1,-1,False,False,0,0,False,207,0,0,0,0,0,0,0,0,0,0,0,0,0,0,0,1,
0,4166,2026-02-23 13:16:57Z,LLM_Empathetic,6.93207,7.222636,6.641504,0.6111693,0,1.601857,0,0,0,0,0,0,5.500935,4.351985,6.649896,0.592854,0.702737,0.482971,7.399358,6.222291,8.576425,0.5859773,0,2.108378,7.204992,6.108644,8.301342,9.872381,10,9.53303,6.93207,7.222636,6.641504,0.6111693,0,1.601857,0,0,0,0,0,0,5.500935,4.351985,6.649896,0.592854,0.702737,0.482971,7.399358,6.222291,8.576425,0.5859773,0,2.108378,7.204992,6.108644,8.301342,9.872381,10,9.53303,-1,-1,-1,-1,-1,-1,-1,-1,-1,-1,-1,-1,-1,-1,-1,-1,-1,-1,-1,-1,-1,-1,-1,-1,-1,-1,-1,-1,-1,-1,-1,-1,-1,-1,-1,-1,-1,-1,-1,-1,-1,-1,-1,-1,-1,-1,-1,-1,-1,-1,0,0,0,0,0,0,-1,-1,-1,-1,-1,-1,-1,-1,-1,-1,-1,-1,0,0,0,0,0,0,-1,-1,-1,-1,-1,-1,-1,-1,-1,-1,-1,-1,-1,-1,False,False,0,0,False,209,0,0,0,0,0,0,0,0,0,0,0,0,0,0,0,1,
0,4167,2026-02-23 13:16:57Z,LLM_Empathetic,6.932068,7.222636,6.641501,0.6111723,0,1.601858,0,0,0,0,0,0,5.500933,4.351984,6.649893,0.592854,0.702737,0.482971,7.399357,6.222292,8.576423,0.5859791,0,2.10838,7.204989,6.108642,8.301337,9.872375,10,9.533022,6.932068,7.222636,6.641501,0.6111723,0,1.601858,0,0,0,0,0,0,5.500933,4.351984,6.649893,0.592854,0.702737,0.482971,7.399357,6.222292,8.576423,0.5859791,0,2.10838,7.204989,6.108642,8.301337,9.872375,10,9.533022,-1,-1,-1,-1,-1,-1,-1,-1,-1,-1,-1,-1,-1,-1,-1,-1,-1,-1,-1,-1,-1,-1,-1,-1,-1,-1,-1,-1,-1,-1,-1,-1,-1,-1,-1,-1,-1,-1,-1,-1,-1,-1,-1,-1,-1,-1,-1,-1,-1,-1,0,0,0,0,0,0,-1,-1,-1,-1,-1,-1,-1,-1,-1,-1,-1,-1,0,0,0,0,0,0,-1,-1,-1,-1,-1,-1,-1,-1,-1,-1,-1,-1,-1,-1,False,False,0,0,False,207,0,0,0,0,0,0,0,0,0,0,0,0,0,0,0,1,
0,4168,2026-02-23 13:16:57Z,LLM_Empathetic,6.932065,7.222635,6.641495,0.6111782,0,1.601862,0,0,0,0,0,0,5.500928,4.351982,6.649885,0.592854,0.702737,0.482971,7.399355,6.222293,8.576417,0.5859829,0,2.108383,7.204983,6.108639,8.301328,9.872363,10,9.533007,6.932065,7.222635,6.641495,0.6111782,0,1.601862,0,0,0,0,0,0,5.500928,4.351982,6.649885,0.592854,0.702737,0.482971,7.399355,6.222293,8.576417,0.5859829,0,2.108383,7.204983,6.108639,8.301328,9.872363,10,9.533007,-1,-1,-1,-1,-1,-1,-1,-1,-1,-1,-1,-1,-1,-1,-1,-1,-1,-1,-1,-1,-1,-1,-1,-1,-1,-1,-1,-1,-1,-1,-1,-1,-1,-1,-1,-1,-1,-1,-1,-1,-1,-1,-1,-1,-1,-1,-1,-1,-1,-1,0,0,0,0,0,0,-1,-1,-1,-1,-1,-1,-1,-1,-1,-1,-1,-1,0,0,0,0,0,0,-1,-1,-1,-1,-1,-1,-1,-1,-1,-1,-1,-1,-1,-1,False,False,0,0,False,209,0,0,0,0,0,0,0,0,0,0,0,0,0,0,0,1,
0,4169,2026-02-23 13:16:57Z,LLM_Empathetic,6.932063,7.222635,6.641491,0.6111811,0,1.601863,0,0,0,0,0,0,5.500926,4.351981,6.649881,0.592854,0.702737,0.482971,7.399354,6.222294,8.576415,0.5859848,0,2.108385,7.20498,6.108637,8.301324,9.872356,10,9.532999,6.932063,7.222635,6.641491,0.6111811,0,1.601863,0,0,0,0,0,0,5.500926,4.351981,6.649881,0.592854,0.702737,0.482971,7.399354,6.222294,8.576415,0.5859848,0,2.108385,7.20498,6.108637,8.301324,9.872356,10,9.532999,-1,-1,-1,-1,-1,-1,-1,-1,-1,-1,-1,-1,-1,-1,-1,-1,-1,-1,-1,-1,-1,-1,-1,-1,-1,-1,-1,-1,-1,-1,-1,-1,-1,-1,-1,-1,-1,-1,-1,-1,-1,-1,-1,-1,-1,-1,-1,-1,-1,-1,0,0,0,0,0,0,-1,-1,-1,-1,-1,-1,-1,-1,-1,-1,-1,-1,0,0,0,0,0,0,-1,-1,-1,-1,-1,-1,-1,-1,-1,-1,-1,-1,-1,-1,False,False,0,0,False,209,0,0,0,0,0,0,0,0,0,0,0,0,0,0,0,1,
0,4170,2026-02-23 13:16:57Z,LLM_Empathetic,6.932062,7.222634,6.641489,0.6111841,0,1.601865,0,0,0,0,0,0,5.500924,4.351981,6.649878,0.592854,0.702737,0.482971,7.399353,6.222294,8.576412,0.5859866,0,2.108387,7.204977,6.108635,8.301319,9.872351,10,9.532991,6.932062,7.222634,6.641489,0.6111841,0,1.601865,0,0,0,0,0,0,5.500924,4.351981,6.649878,0.592854,0.702737,0.482971,7.399353,6.222294,8.576412,0.5859866,0,2.108387,7.204977,6.108635,8.301319,9.872351,10,9.532991,-1,-1,-1,-1,-1,-1,-1,-1,-1,-1,-1,-1,-1,-1,-1,-1,-1,-1,-1,-1,-1,-1,-1,-1,-1,-1,-1,-1,-1,-1,-1,-1,-1,-1,-1,-1,-1,-1,-1,-1,-1,-1,-1,-1,-1,-1,-1,-1,-1,-1,0,0,0,0,0,0,-1,-1,-1,-1,-1,-1,-1,-1,-1,-1,-1,-1,0,0,0,0,0,0,-1,-1,-1,-1,-1,-1,-1,-1,-1,-1,-1,-1,-1,-1,False,False,0,0,False,207,0,0,0,0,0,0,0,0,0,0,0,0,0,0,0,1,
0,4171,2026-02-23 13:16:57Z,LLM_Empathetic,6.93206,7.222634,6.641485,0.611187,0,1.601866,0,0,0,0,0,0,5.500922,4.35198,6.649874,0.592854,0.702737,0.482971,7.399352,6.222295,8.576409,0.5859885,0,2.108389,7.204974,6.108634,8.301314,9.872344,10,9.532984,6.93206,7.222634,6.641485,0.611187,0,1.601866,0,0,0,0,0,0,5.500922,4.35198,6.649874,0.592854,0.702737,0.482971,7.399352,6.222295,8.576409,0.5859885,0,2.108389,7.204974,6.108634,8.301314,9.872344,10,9.532984,-1,-1,-1,-1,-1,-1,-1,-1,-1,-1,-1,-1,-1,-1,-1,-1,-1,-1,-1,-1,-1,-1,-1,-1,-1,-1,-1,-1,-1,-1,-1,-1,-1,-1,-1,-1,-1,-1,-1,-1,-1,-1,-1,-1,-1,-1,-1,-1,-1,-1,0,0,0,0,0,0,-1,-1,-1,-1,-1,-1,-1,-1,-1,-1,-1,-1,0,0,0,0,0,0,-1,-1,-1,-1,-1,-1,-1,-1,-1,-1,-1,-1,-1,-1,False,False,0,0,False,209,0,0,0,0,0,0,0,0,0,0,0,0,0,0,0,1,
0,4172,2026-02-23 13:16:57Z,LLM_Empathetic,6.932058,7.222634,6.641482,0.61119,0,1.601868,0,0,0,0,0,0,5.500919,4.351979,6.64987,0.592854,0.702737,0.482971,7.399351,6.222295,8.576407,0.5859904,0,2.108391,7.20497,6.108632,8.30131,9.872338,10,9.532975,6.932058,7.222634,6.641482,0.61119,0,1.601868,0,0,0,0,0,0,5.500919,4.351979,6.64987,0.592854,0.702737,0.482971,7.399351,6.222295,8.576407,0.5859904,0,2.108391,7.20497,6.108632,8.30131,9.872338,10,9.532975,-1,-1,-1,-1,-1,-1,-1,-1,-1,-1,-1,-1,-1,-1,-1,-1,-1,-1,-1,-1,-1,-1,-1,-1,-1,-1,-1,-1,-1,-1,-1,-1,-1,-1,-1,-1,-1,-1,-1,-1,-1,-1,-1,-1,-1,-1,-1,-1,-1,-1,0,0,0,0,0,0,-1,-1,-1,-1,-1,-1,-1,-1,-1,-1,-1,-1,0,0,0,0,0,0,-1,-1,-1,-1,-1,-1,-1,-1,-1,-1,-1,-1,-1,-1,False,False,0,0,False,207,0,0,0,0,0,0,0,0,0,0,0,0,0,0,0,1,
0,4173,2026-02-23 13:16:57Z,LLM_Empathetic,6.932055,7.222633,6.641476,0.6111958,0,1.601871,0,0,0,0,0,0,5.500915,4.351978,6.649863,0.592854,0.702737,0.482971,7.399349,6.222296,8.576402,0.5859942,0,2.108395,7.204964,6.108629,8.301301,9.872326,10,9.53296,6.932055,7.222633,6.641476,0.6111958,0,1.601871,0,0,0,0,0,0,5.500915,4.351978,6.649863,0.592854,0.702737,0.482971,7.399349,6.222296,8.576402,0.5859942,0,2.108395,7.204964,6.108629,8.301301,9.872326,10,9.53296,-1,-1,-1,-1,-1,-1,-1,-1,-1,-1,-1,-1,-1,-1,-1,-1,-1,-1,-1,-1,-1,-1,-1,-1,-1,-1,-1,-1,-1,-1,-1,-1,-1,-1,-1,-1,-1,-1,-1,-1,-1,-1,-1,-1,-1,-1,-1,-1,-1,-1,0,0,0,0,0,0,-1,-1,-1,-1,-1,-1,-1,-1,-1,-1,-1,-1,0,0,0,0,0,0,-1,-1,-1,-1,-1,-1,-1,-1,-1,-1,-1,-1,-1,-1,False,False,0,0,False,207,0,0,0,0,0,0,0,0,0,0,0,0,0,0,0,1,
0,4174,2026-02-23 13:16:57Z,LLM_Empathetic,6.932053,7.222633,6.641473,0.6111988,0,1.601873,0,0,0,0,0,0,5.500913,4.351977,6.649859,0.592854,0.702737,0.482971,7.399348,6.222297,8.5764,0.5859961,0,2.108397,7.204961,6.108627,8.301296,9.872319,10,9.532952,6.932053,7.222633,6.641473,0.6111988,0,1.601873,0,0,0,0,0,0,5.500913,4.351977,6.649859,0.592854,0.702737,0.482971,7.399348,6.222297,8.5764,0.5859961,0,2.108397,7.204961,6.108627,8.301296,9.872319,10,9.532952,-1,-1,-1,-1,-1,-1,-1,-1,-1,-1,-1,-1,-1,-1,-1,-1,-1,-1,-1,-1,-1,-1,-1,-1,-1,-1,-1,-1,-1,-1,-1,-1,-1,-1,-1,-1,-1,-1,-1,-1,-1,-1,-1,-1,-1,-1,-1,-1,-1,-1,0,0,0,0,0,0,-1,-1,-1,-1,-1,-1,-1,-1,-1,-1,-1,-1,0,0,0,0,0,0,-1,-1,-1,-1,-1,-1,-1,-1,-1,-1,-1,-1,-1,-1,False,False,0,0,False,207,0,0,0,0,0,0,0,0,0,0,0,0,0,0,0,1,
0,4175,2026-02-23 13:16:57Z,LLM_Empathetic,6.932051,7.222632,6.641469,0.6112017,0,1.601875,0,0,0,0,0,0,5.500911,4.351976,6.649856,0.592854,0.702737,0.482971,7.399347,6.222298,8.576397,0.5859979,0,2.108398,7.204958,6.108625,8.301292,9.872313,10,9.532945,6.932051,7.222632,6.641469,0.6112017,0,1.601875,0,0,0,0,0,0,5.500911,4.351976,6.649856,0.592854,0.702737,0.482971,7.399347,6.222298,8.576397,0.5859979,0,2.108398,7.204958,6.108625,8.301292,9.872313,10,9.532945,-1,-1,-1,-1,-1,-1,-1,-1,-1,-1,-1,-1,-1,-1,-1,-1,-1,-1,-1,-1,-1,-1,-1,-1,-1,-1,-1,-1,-1,-1,-1,-1,-1,-1,-1,-1,-1,-1,-1,-1,-1,-1,-1,-1,-1,-1,-1,-1,-1,-1,0,0,0,0,0,0,-1,-1,-1,-1,-1,-1,-1,-1,-1,-1,-1,-1,0,0,0,0,0,0,-1,-1,-1,-1,-1,-1,-1,-1,-1,-1,-1,-1,-1,-1,False,False,0,0,False,209,0,0,0,0,0,0,0,0,0,0,0,0,0,0,0,1,
0,4176,2026-02-23 13:16:57Z,LLM_Empathetic,6.932049,7.222632,6.641466,0.6112047,0,1.601876,0,0,0,0,0,0,5.500908,4.351975,6.649852,0.592854,0.702737,0.482971,7.399346,6.222298,8.576394,0.5859998,0,2.1084,7.204955,6.108624,8.301288,9.872307,10,9.532937,6.932049,7.222632,6.641466,0.6112047,0,1.601876,0,0,0,0,0,0,5.500908,4.351975,6.649852,0.592854,0.702737,0.482971,7.399346,6.222298,8.576394,0.5859998,0,2.1084,7.204955,6.108624,8.301288,9.872307,10,9.532937,-1,-1,-1,-1,-1,-1,-1,-1,-1,-1,-1,-1,-1,-1,-1,-1,-1,-1,-1,-1,-1,-1,-1,-1,-1,-1,-1,-1,-1,-1,-1,-1,-1,-1,-1,-1,-1,-1,-1,-1,-1,-1,-1,-1,-1,-1,-1,-1,-1,-1,0,0,0,0,0,0,-1,-1,-1,-1,-1,-1,-1,-1,-1,-1,-1,-1,0,0,0,0,0,0,-1,-1,-1,-1,-1,-1,-1,-1,-1,-1,-1,-1,-1,-1,False,False,0,0,False,207,0,0,0,0,0,0,0,0,0,0,0,0,0,0,0,1,
0,4177,2026-02-23 13:16:57Z,LLM_Empathetic,6.932047,7.222632,6.641463,0.6112076,0,1.601878,0,0,0,0,0,0,5.500906,4.351975,6.649848,0.592854,0.702737,0.482971,7.399345,6.222299,8.576391,0.5860018,0,2.108402,7.204952,6.108622,8.301283,9.872301,10,9.532929,6.932047,7.222632,6.641463,0.6112076,0,1.601878,0,0,0,0,0,0,5.500906,4.351975,6.649848,0.592854,0.702737,0.482971,7.399345,6.222299,8.576391,0.5860018,0,2.108402,7.204952,6.108622,8.301283,9.872301,10,9.532929,-1,-1,-1,-1,-1,-1,-1,-1,-1,-1,-1,-1,-1,-1,-1,-1,-1,-1,-1,-1,-1,-1,-1,-1,-1,-1,-1,-1,-1,-1,-1,-1,-1,-1,-1,-1,-1,-1,-1,-1,-1,-1,-1,-1,-1,-1,-1,-1,-1,-1,0,0,0,0,0,0,-1,-1,-1,-1,-1,-1,-1,-1,-1,-1,-1,-1,0,0,0,0,0,0,-1,-1,-1,-1,-1,-1,-1,-1,-1,-1,-1,-1,-1,-1,False,False,0,0,False,207,0,0,0,0,0,0,0,0,0,0,0,0,0,0,0,1,
0,4178,2026-02-23 13:16:57Z,LLM_Empathetic,6.932046,7.222631,6.64146,0.6112106,0,1.601879,0,0,0,0,0,0,5.500904,4.351974,6.649844,0.592854,0.702737,0.482971,7.399344,6.222299,8.576389,0.5860037,0,2.108404,7.204949,6.10862,8.301278,9.872294,10,9.532921,6.932046,7.222631,6.64146,0.6112106,0,1.601879,0,0,0,0,0,0,5.500904,4.351974,6.649844,0.592854,0.702737,0.482971,7.399344,6.222299,8.576389,0.5860037,0,2.108404,7.204949,6.10862,8.301278,9.872294,10,9.532921,-1,-1,-1,-1,-1,-1,-1,-1,-1,-1,-1,-1,-1,-1,-1,-1,-1,-1,-1,-1,-1,-1,-1,-1,-1,-1,-1,-1,-1,-1,-1,-1,-1,-1,-1,-1,-1,-1,-1,-1,-1,-1,-1,-1,-1,-1,-1,-1,-1,-1,0,0,0,0,0,0,-1,-1,-1,-1,-1,-1,-1,-1,-1,-1,-1,-1,0,0,0,0,0,0,-1,-1,-1,-1,-1,-1,-1,-1,-1,-1,-1,-1,-1,-1,False,False,0,0,False,207,0,0,0,0,0,0,0,0,0,0,0,0,0,0,0,1,
0,4179,2026-02-23 13:16:57Z,LLM_Empathetic,6.932044,7.222631,6.641457,0.6112135,0,1.601881,0,0,0,0,0,0,5.500902,4.351973,6.64984,0.592854,0.702737,0.482971,7.399343,6.2223,8.576386,0.5860055,0,2.108406,7.204946,6.108619,8.301274,9.872289,10,9.532913,6.932044,7.222631,6.641457,0.6112135,0,1.601881,0,0,0,0,0,0,5.500902,4.351973,6.64984,0.592854,0.702737,0.482971,7.399343,6.2223,8.576386,0.5860055,0,2.108406,7.204946,6.108619,8.301274,9.872289,10,9.532913,-1,-1,-1,-1,-1,-1,-1,-1,-1,-1,-1,-1,-1,-1,-1,-1,-1,-1,-1,-1,-1,-1,-1,-1,-1,-1,-1,-1,-1,-1,-1,-1,-1,-1,-1,-1,-1,-1,-1,-1,-1,-1,-1,-1,-1,-1,-1,-1,-1,-1,0,0,0,0,0,0,-1,-1,-1,-1,-1,-1,-1,-1,-1,-1,-1,-1,0,0,0,0,0,0,-1,-1,-1,-1,-1,-1,-1,-1,-1,-1,-1,-1,-1,-1,False,False,0,0,False,209,0,0,0,0,0,0,0,0,0,0,0,0,0,0,0,1,
0,4180,2026-02-23 13:16:57Z,LLM_Empathetic,6.932043,7.222631,6.641454,0.6112165,0,1.601883,0,0,0,0,0,0,5.500899,4.351973,6.649837,0.592854,0.702737,0.482971,7.399342,6.2223,8.576384,0.5860074,0,2.108408,7.204943,6.108617,8.30127,9.872282,10,9.532906,6.932043,7.222631,6.641454,0.6112165,0,1.601883,0,0,0,0,0,0,5.500899,4.351973,6.649837,0.592854,0.702737,0.482971,7.399342,6.2223,8.576384,0.5860074,0,2.108408,7.204943,6.108617,8.30127,9.872282,10,9.532906,-1,-1,-1,-1,-1,-1,-1,-1,-1,-1,-1,-1,-1,-1,-1,-1,-1,-1,-1,-1,-1,-1,-1,-1,-1,-1,-1,-1,-1,-1,-1,-1,-1,-1,-1,-1,-1,-1,-1,-1,-1,-1,-1,-1,-1,-1,-1,-1,-1,-1,0,0,0,0,0,0,-1,-1,-1,-1,-1,-1,-1,-1,-1,-1,-1,-1,0,0,0,0,0,0,-1,-1,-1,-1,-1,-1,-1,-1,-1,-1,-1,-1,-1,-1,False,False,0,0,False,207,0,0,0,0,0,0,0,0,0,0,0,0,0,0,0,1,
0,4181,2026-02-23 13:16:57Z,LLM_Empathetic,6.932041,7.222631,6.64145,0.6112195,0,1.601884,0,0,0,0,0,0,5.500897,4.351972,6.649833,0.592854,0.702737,0.482971,7.399341,6.222301,8.576382,0.5860093,0,2.10841,7.204939,6.108615,8.301265,9.872276,10,9.532898,6.932041,7.222631,6.64145,0.6112195,0,1.601884,0,0,0,0,0,0,5.500897,4.351972,6.649833,0.592854,0.702737,0.482971,7.399341,6.222301,8.576382,0.5860093,0,2.10841,7.204939,6.108615,8.301265,9.872276,10,9.532898,-1,-1,-1,-1,-1,-1,-1,-1,-1,-1,-1,-1,-1,-1,-1,-1,-1,-1,-1,-1,-1,-1,-1,-1,-1,-1,-1,-1,-1,-1,-1,-1,-1,-1,-1,-1,-1,-1,-1,-1,-1,-1,-1,-1,-1,-1,-1,-1,-1,-1,0,0,0,0,0,0,-1,-1,-1,-1,-1,-1,-1,-1,-1,-1,-1,-1,0,0,0,0,0,0,-1,-1,-1,-1,-1,-1,-1,-1,-1,-1,-1,-1,-1,-1,False,False,0,0,False,209,0,0,0,0,0,0,0,0,0,0,0,0,0,0,0,1,
0,4182,2026-02-23 13:16:57Z,LLM_Empathetic,6.932039,7.222631,6.641448,0.6112224,0,1.601886,0,0,0,0,0,0,5.500895,4.351971,6.649829,0.592854,0.702737,0.482971,7.39934,6.222301,8.576379,0.5860112,0,2.108412,7.204937,6.108613,8.30126,9.87227,10,9.53289,6.932039,7.222631,6.641448,0.6112224,0,1.601886,0,0,0,0,0,0,5.500895,4.351971,6.649829,0.592854,0.702737,0.482971,7.39934,6.222301,8.576379,0.5860112,0,2.108412,7.204937,6.108613,8.30126,9.87227,10,9.53289,-1,-1,-1,-1,-1,-1,-1,-1,-1,-1,-1,-1,-1,-1,-1,-1,-1,-1,-1,-1,-1,-1,-1,-1,-1,-1,-1,-1,-1,-1,-1,-1,-1,-1,-1,-1,-1,-1,-1,-1,-1,-1,-1,-1,-1,-1,-1,-1,-1,-1,0,0,0,0,0,0,-1,-1,-1,-1,-1,-1,-1,-1,-1,-1,-1,-1,0,0,0,0,0,0,-1,-1,-1,-1,-1,-1,-1,-1,-1,-1,-1,-1,-1,-1,False,False,0,0,False,209,0,0,0,0,0,0,0,0,0,0,0,0,0,0,0,1,
0,4183,2026-02-23 13:16:57Z,LLM_Empathetic,6.932037,7.22263,6.641444,0.6112254,0,1.601888,0,0,0,0,0,0,5.500893,4.35197,6.649826,0.592854,0.702737,0.482971,7.399339,6.222301,8.576376,0.5860131,0,2.108413,7.204933,6.108612,8.301256,9.872264,10,9.532883,6.932037,7.22263,6.641444,0.6112254,0,1.601888,0,0,0,0,0,0,5.500893,4.35197,6.649826,0.592854,0.702737,0.482971,7.399339,6.222301,8.576376,0.5860131,0,2.108413,7.204933,6.108612,8.301256,9.872264,10,9.532883,-1,-1,-1,-1,-1,-1,-1,-1,-1,-1,-1,-1,-1,-1,-1,-1,-1,-1,-1,-1,-1,-1,-1,-1,-1,-1,-1,-1,-1,-1,-1,-1,-1,-1,-1,-1,-1,-1,-1,-1,-1,-1,-1,-1,-1,-1,-1,-1,-1,-1,0,0,0,0,0,0,-1,-1,-1,-1,-1,-1,-1,-1,-1,-1,-1,-1,0,0,0,0,0,0,-1,-1,-1,-1,-1,-1,-1,-1,-1,-1,-1,-1,-1,-1,False,False,0,0,False,209,0,0,0,0,0,0,0,0,0,0,0,0,0,0,0,1,
0,4184,2026-02-23 13:16:57Z,LLM_Empathetic,6.932035,7.22263,6.641441,0.6112283,0,1.601889,0,0,0,0,0,0,5.500891,4.35197,6.649822,0.592854,0.702737,0.482971,7.399338,6.222302,8.576374,0.586015,0,2.108415,7.20493,6.10861,8.301251,9.872257,10,9.532874,6.932035,7.22263,6.641441,0.6112283,0,1.601889,0,0,0,0,0,0,5.500891,4.35197,6.649822,0.592854,0.702737,0.482971,7.399338,6.222302,8.576374,0.586015,0,2.108415,7.20493,6.10861,8.301251,9.872257,10,9.532874,-1,-1,-1,-1,-1,-1,-1,-1,-1,-1,-1,-1,-1,-1,-1,-1,-1,-1,-1,-1,-1,-1,-1,-1,-1,-1,-1,-1,-1,-1,-1,-1,-1,-1,-1,-1,-1,-1,-1,-1,-1,-1,-1,-1,-1,-1,-1,-1,-1,-1,0,0,0,0,0,0,-1,-1,-1,-1,-1,-1,-1,-1,-1,-1,-1,-1,0,0,0,0,0,0,-1,-1,-1,-1,-1,-1,-1,-1,-1,-1,-1,-1,-1,-1,False,False,0,0,False,209,0,0,0,0,0,0,0,0,0,0,0,0,0,0,0,1,
0,4185,2026-02-23 13:16:58Z,LLM_Empathetic,6.932034,7.22263,6.641438,0.6112313,0,1.601891,0,0,0,0,0,0,5.500888,4.351969,6.649818,0.592854,0.702737,0.482971,7.399337,6.222303,8.576371,0.5860169,0,2.108417,7.204927,6.108609,8.301247,9.872252,10,9.532866,6.932034,7.22263,6.641438,0.6112313,0,1.601891,0,0,0,0,0,0,5.500888,4.351969,6.649818,0.592854,0.702737,0.482971,7.399337,6.222303,8.576371,0.5860169,0,2.108417,7.204927,6.108609,8.301247,9.872252,10,9.532866,-1,-1,-1,-1,-1,-1,-1,-1,-1,-1,-1,-1,-1,-1,-1,-1,-1,-1,-1,-1,-1,-1,-1,-1,-1,-1,-1,-1,-1,-1,-1,-1,-1,-1,-1,-1,-1,-1,-1,-1,-1,-1,-1,-1,-1,-1,-1,-1,-1,-1,0,0,0,0,0,0,-1,-1,-1,-1,-1,-1,-1,-1,-1,-1,-1,-1,0,0,0,0,0,0,-1,-1,-1,-1,-1,-1,-1,-1,-1,-1,-1,-1,-1,-1,False,False,0,0,False,207,0,0,0,0,0,0,0,0,0,0,0,0,0,0,0,1,
0,4186,2026-02-23 13:16:58Z,LLM_Empathetic,6.932032,7.222629,6.641435,0.6112342,0,1.601893,0,0,0,0,0,0,5.500886,4.351968,6.649814,0.592854,0.702737,0.482971,7.399336,6.222303,8.576368,0.5860188,0,2.108419,7.204924,6.108607,8.301242,9.872245,10,9.532859,6.932032,7.222629,6.641435,0.6112342,0,1.601893,0,0,0,0,0,0,5.500886,4.351968,6.649814,0.592854,0.702737,0.482971,7.399336,6.222303,8.576368,0.5860188,0,2.108419,7.204924,6.108607,8.301242,9.872245,10,9.532859,-1,-1,-1,-1,-1,-1,-1,-1,-1,-1,-1,-1,-1,-1,-1,-1,-1,-1,-1,-1,-1,-1,-1,-1,-1,-1,-1,-1,-1,-1,-1,-1,-1,-1,-1,-1,-1,-1,-1,-1,-1,-1,-1,-1,-1,-1,-1,-1,-1,-1,0,0,0,0,0,0,-1,-1,-1,-1,-1,-1,-1,-1,-1,-1,-1,-1,0,0,0,0,0,0,-1,-1,-1,-1,-1,-1,-1,-1,-1,-1,-1,-1,-1,-1,False,False,0,0,False,209,0,0,0,0,0,0,0,0,0,0,0,0,0,0,0,1,
0,4187,2026-02-23 13:16:58Z,LLM_Empathetic,6.93203,7.222629,6.641431,0.6112372,0,1.601894,0,0,0,0,0,0,5.500884,4.351967,6.649811,0.592854,0.702737,0.482971,7.399335,6.222304,8.576366,0.5860207,0,2.108421,7.204921,6.108605,8.301237,9.872239,10,9.532851,6.93203,7.222629,6.641431,0.6112372,0,1.601894,0,0,0,0,0,0,5.500884,4.351967,6.649811,0.592854,0.702737,0.482971,7.399335,6.222304,8.576366,0.5860207,0,2.108421,7.204921,6.108605,8.301237,9.872239,10,9.532851,-1,-1,-1,-1,-1,-1,-1,-1,-1,-1,-1,-1,-1,-1,-1,-1,-1,-1,-1,-1,-1,-1,-1,-1,-1,-1,-1,-1,-1,-1,-1,-1,-1,-1,-1,-1,-1,-1,-1,-1,-1,-1,-1,-1,-1,-1,-1,-1,-1,-1,0,0,0,0,0,0,-1,-1,-1,-1,-1,-1,-1,-1,-1,-1,-1,-1,0,0,0,0,0,0,-1,-1,-1,-1,-1,-1,-1,-1,-1,-1,-1,-1,-1,-1,False,False,0,0,False,209,0,0,0,0,0,0,0,0,0,0,0,0,0,0,0,1,
0,4188,2026-02-23 13:16:58Z,LLM_Empathetic,6.932028,7.222629,6.641428,0.6112401,0,1.601896,0,0,0,0,0,0,5.500882,4.351966,6.649807,0.592854,0.702737,0.482971,7.399333,6.222304,8.576364,0.5860226,0,2.108423,7.204918,6.108603,8.301233,9.872232,10,9.532844,6.932028,7.222629,6.641428,0.6112401,0,1.601896,0,0,0,0,0,0,5.500882,4.351966,6.649807,0.592854,0.702737,0.482971,7.399333,6.222304,8.576364,0.5860226,0,2.108423,7.204918,6.108603,8.301233,9.872232,10,9.532844,-1,-1,-1,-1,-1,-1,-1,-1,-1,-1,-1,-1,-1,-1,-1,-1,-1,-1,-1,-1,-1,-1,-1,-1,-1,-1,-1,-1,-1,-1,-1,-1,-1,-1,-1,-1,-1,-1,-1,-1,-1,-1,-1,-1,-1,-1,-1,-1,-1,-1,0,0,0,0,0,0,-1,-1,-1,-1,-1,-1,-1,-1,-1,-1,-1,-1,0,0,0,0,0,0,-1,-1,-1,-1,-1,-1,-1,-1,-1,-1,-1,-1,-1,-1,False,False,0,0,False,209,0,0,0,0,0,0,0,0,0,0,0,0,0,0,0,1,
0,4189,2026-02-23 13:16:58Z,LLM_Empathetic,6.932027,7.222628,6.641425,0.6112431,0,1.601897,0,0,0,0,0,0,5.500879,4.351966,6.649803,0.592854,0.702737,0.482971,7.399333,6.222305,8.576361,0.5860245,0,2.108425,7.204915,6.108602,8.301229,9.872227,10,9.532836,6.932027,7.222628,6.641425,0.6112431,0,1.601897,0,0,0,0,0,0,5.500879,4.351966,6.649803,0.592854,0.702737,0.482971,7.399333,6.222305,8.576361,0.5860245,0,2.108425,7.204915,6.108602,8.301229,9.872227,10,9.532836,-1,-1,-1,-1,-1,-1,-1,-1,-1,-1,-1,-1,-1,-1,-1,-1,-1,-1,-1,-1,-1,-1,-1,-1,-1,-1,-1,-1,-1,-1,-1,-1,-1,-1,-1,-1,-1,-1,-1,-1,-1,-1,-1,-1,-1,-1,-1,-1,-1,-1,0,0,0,0,0,0,-1,-1,-1,-1,-1,-1,-1,-1,-1,-1,-1,-1,0,0,0,0,0,0,-1,-1,-1,-1,-1,-1,-1,-1,-1,-1,-1,-1,-1,-1,False,False,0,0,False,207,0,0,0,0,0,0,0,0,0,0,0,0,0,0,0,1,
0,4190,2026-02-23 13:16:58Z,LLM_Empathetic,6.932025,7.222628,6.641422,0.6112461,0,1.601899,0,0,0,0,0,0,5.500877,4.351965,6.649799,0.592854,0.702737,0.482971,7.399332,6.222305,8.576358,0.5860264,0,2.108427,7.204912,6.1086,8.301224,9.87222,10,9.532827,6.932025,7.222628,6.641422,0.6112461,0,1.601899,0,0,0,0,0,0,5.500877,4.351965,6.649799,0.592854,0.702737,0.482971,7.399332,6.222305,8.576358,0.5860264,0,2.108427,7.204912,6.1086,8.301224,9.87222,10,9.532827,-1,-1,-1,-1,-1,-1,-1,-1,-1,-1,-1,-1,-1,-1,-1,-1,-1,-1,-1,-1,-1,-1,-1,-1,-1,-1,-1,-1,-1,-1,-1,-1,-1,-1,-1,-1,-1,-1,-1,-1,-1,-1,-1,-1,-1,-1,-1,-1,-1,-1,0,0,0,0,0,0,-1,-1,-1,-1,-1,-1,-1,-1,-1,-1,-1,-1,0,0,0,0,0,0,-1,-1,-1,-1,-1,-1,-1,-1,-1,-1,-1,-1,-1,-1,False,False,0,0,False,209,0,0,0,0,0,0,0,0,0,0,0,0,0,0,0,1,
0,4191,2026-02-23 13:16:58Z,LLM_Empathetic,6.932023,7.222628,6.641419,0.6112491,0,1.601901,0,0,0,0,0,0,5.500875,4.351964,6.649796,0.592854,0.702737,0.482971,7.399331,6.222306,8.576356,0.5860283,0,2.108429,7.204908,6.108598,8.301219,9.872214,10,9.53282,6.932023,7.222628,6.641419,0.6112491,0,1.601901,0,0,0,0,0,0,5.500875,4.351964,6.649796,0.592854,0.702737,0.482971,7.399331,6.222306,8.576356,0.5860283,0,2.108429,7.204908,6.108598,8.301219,9.872214,10,9.53282,-1,-1,-1,-1,-1,-1,-1,-1,-1,-1,-1,-1,-1,-1,-1,-1,-1,-1,-1,-1,-1,-1,-1,-1,-1,-1,-1,-1,-1,-1,-1,-1,-1,-1,-1,-1,-1,-1,-1,-1,-1,-1,-1,-1,-1,-1,-1,-1,-1,-1,0,0,0,0,0,0,-1,-1,-1,-1,-1,-1,-1,-1,-1,-1,-1,-1,0,0,0,0,0,0,-1,-1,-1,-1,-1,-1,-1,-1,-1,-1,-1,-1,-1,-1,False,False,0,0,False,207,0,0,0,0,0,0,0,0,0,0,0,0,0,0,0,1,
0,4192,2026-02-23 13:16:58Z,LLM_Empathetic,6.93202,7.222627,6.641412,0.611255,0,1.601904,0,0,0,0,0,0,5.50087,4.351963,6.649788,0.592854,0.702737,0.482971,7.399329,6.222307,8.57635,0.5860321,0,2.108433,7.204902,6.108595,8.30121,9.872202,10,9.532804,6.93202,7.222627,6.641412,0.611255,0,1.601904,0,0,0,0,0,0,5.50087,4.351963,6.649788,0.592854,0.702737,0.482971,7.399329,6.222307,8.57635,0.5860321,0,2.108433,7.204902,6.108595,8.30121,9.872202,10,9.532804,-1,-1,-1,-1,-1,-1,-1,-1,-1,-1,-1,-1,-1,-1,-1,-1,-1,-1,-1,-1,-1,-1,-1,-1,-1,-1,-1,-1,-1,-1,-1,-1,-1,-1,-1,-1,-1,-1,-1,-1,-1,-1,-1,-1,-1,-1,-1,-1,-1,-1,0,0,0,0,0,0,-1,-1,-1,-1,-1,-1,-1,-1,-1,-1,-1,-1,0,0,0,0,0,0,-1,-1,-1,-1,-1,-1,-1,-1,-1,-1,-1,-1,-1,-1,False,False,0,0,False,209,0,0,0,0,0,0,0,0,0,0,0,0,0,0,0,1,
0,4193,2026-02-23 13:16:58Z,LLM_Empathetic,6.932018,7.222627,6.641409,0.611258,0,1.601906,0,0,0,0,0,0,5.500868,4.351962,6.649785,0.592854,0.702737,0.482971,7.399327,6.222307,8.576348,0.586034,0,2.108434,7.204899,6.108593,8.301206,9.872195,10,9.532797,6.932018,7.222627,6.641409,0.611258,0,1.601906,0,0,0,0,0,0,5.500868,4.351962,6.649785,0.592854,0.702737,0.482971,7.399327,6.222307,8.576348,0.586034,0,2.108434,7.204899,6.108593,8.301206,9.872195,10,9.532797,-1,-1,-1,-1,-1,-1,-1,-1,-1,-1,-1,-1,-1,-1,-1,-1,-1,-1,-1,-1,-1,-1,-1,-1,-1,-1,-1,-1,-1,-1,-1,-1,-1,-1,-1,-1,-1,-1,-1,-1,-1,-1,-1,-1,-1,-1,-1,-1,-1,-1,0,0,0,0,0,0,-1,-1,-1,-1,-1,-1,-1,-1,-1,-1,-1,-1,0,0,0,0,0,0,-1,-1,-1,-1,-1,-1,-1,-1,-1,-1,-1,-1,-1,-1,False,False,0,0,False,207,0,0,0,0,0,0,0,0,0,0,0,0,0,0,0,1,
0,4194,2026-02-23 13:16:58Z,LLM_Empathetic,6.932016,7.222626,6.641406,0.611261,0,1.601907,0,0,0,0,0,0,5.500866,4.351962,6.649781,0.592854,0.702737,0.482971,7.399326,6.222308,8.576345,0.5860359,0,2.108436,7.204896,6.108592,8.301201,9.872189,10,9.532788,6.932016,7.222626,6.641406,0.611261,0,1.601907,0,0,0,0,0,0,5.500866,4.351962,6.649781,0.592854,0.702737,0.482971,7.399326,6.222308,8.576345,0.5860359,0,2.108436,7.204896,6.108592,8.301201,9.872189,10,9.532788,-1,-1,-1,-1,-1,-1,-1,-1,-1,-1,-1,-1,-1,-1,-1,-1,-1,-1,-1,-1,-1,-1,-1,-1,-1,-1,-1,-1,-1,-1,-1,-1,-1,-1,-1,-1,-1,-1,-1,-1,-1,-1,-1,-1,-1,-1,-1,-1,-1,-1,0,0,0,0,0,0,-1,-1,-1,-1,-1,-1,-1,-1,-1,-1,-1,-1,0,0,0,0,0,0,-1,-1,-1,-1,-1,-1,-1,-1,-1,-1,-1,-1,-1,-1,False,False,0,0,False,209,0,0,0,0,0,0,0,0,0,0,0,0,0,0,0,1,
0,4195,2026-02-23 13:16:58Z,LLM_Empathetic,6.932014,7.222626,6.641403,0.6112639,0,1.601909,0,0,0,0,0,0,5.500864,4.351961,6.649777,0.592854,0.702737,0.482971,7.399325,6.222309,8.576343,0.5860378,0,2.108438,7.204893,6.10859,8.301197,9.872183,10,9.532781,6.932014,7.222626,6.641403,0.6112639,0,1.601909,0,0,0,0,0,0,5.500864,4.351961,6.649777,0.592854,0.702737,0.482971,7.399325,6.222309,8.576343,0.5860378,0,2.108438,7.204893,6.10859,8.301197,9.872183,10,9.532781,-1,-1,-1,-1,-1,-1,-1,-1,-1,-1,-1,-1,-1,-1,-1,-1,-1,-1,-1,-1,-1,-1,-1,-1,-1,-1,-1,-1,-1,-1,-1,-1,-1,-1,-1,-1,-1,-1,-1,-1,-1,-1,-1,-1,-1,-1,-1,-1,-1,-1,0,0,0,0,0,0,-1,-1,-1,-1,-1,-1,-1,-1,-1,-1,-1,-1,0,0,0,0,0,0,-1,-1,-1,-1,-1,-1,-1,-1,-1,-1,-1,-1,-1,-1,False,False,0,0,False,209,0,0,0,0,0,0,0,0,0,0,0,0,0,0,0,1,
0,4196,2026-02-23 13:16:58Z,LLM_Empathetic,6.932013,7.222626,6.6414,0.6112669,0,1.601911,0,0,0,0,0,0,5.500861,4.35196,6.649773,0.592854,0.702737,0.482971,7.399324,6.222309,8.576341,0.5860397,0,2.10844,7.20489,6.108588,8.301192,9.872176,10,9.532773,6.932013,7.222626,6.6414,0.6112669,0,1.601911,0,0,0,0,0,0,5.500861,4.35196,6.649773,0.592854,0.702737,0.482971,7.399324,6.222309,8.576341,0.5860397,0,2.10844,7.20489,6.108588,8.301192,9.872176,10,9.532773,-1,-1,-1,-1,-1,-1,-1,-1,-1,-1,-1,-1,-1,-1,-1,-1,-1,-1,-1,-1,-1,-1,-1,-1,-1,-1,-1,-1,-1,-1,-1,-1,-1,-1,-1,-1,-1,-1,-1,-1,-1,-1,-1,-1,-1,-1,-1,-1,-1,-1,0,0,0,0,0,0,-1,-1,-1,-1,-1,-1,-1,-1,-1,-1,-1,-1,0,0,0,0,0,0,-1,-1,-1,-1,-1,-1,-1,-1,-1,-1,-1,-1,-1,-1,False,False,0,0,False,207,0,0,0,0,0,0,0,0,0,0,0,0,0,0,0,1,
0,4197,2026-02-23 13:16:58Z,LLM_Empathetic,6.932009,7.222625,6.641393,0.6112729,0,1.601914,0,0,0,0,0,0,5.500857,4.351958,6.649765,0.592854,0.702737,0.482971,7.399323,6.22231,8.576335,0.5860435,0,2.108444,7.204884,6.108585,8.301183,9.872164,10,9.532757,6.932009,7.222625,6.641393,0.6112729,0,1.601914,0,0,0,0,0,0,5.500857,4.351958,6.649765,0.592854,0.702737,0.482971,7.399323,6.22231,8.576335,0.5860435,0,2.108444,7.204884,6.108585,8.301183,9.872164,10,9.532757,-1,-1,-1,-1,-1,-1,-1,-1,-1,-1,-1,-1,-1,-1,-1,-1,-1,-1,-1,-1,-1,-1,-1,-1,-1,-1,-1,-1,-1,-1,-1,-1,-1,-1,-1,-1,-1,-1,-1,-1,-1,-1,-1,-1,-1,-1,-1,-1,-1,-1,0,0,0,0,0,0,-1,-1,-1,-1,-1,-1,-1,-1,-1,-1,-1,-1,0,0,0,0,0,0,-1,-1,-1,-1,-1,-1,-1,-1,-1,-1,-1,-1,-1,-1,False,False,0,0,False,207,0,0,0,0,0,0,0,0,0,0,0,0,0,0,0,1,
0,4198,2026-02-23 13:16:58Z,LLM_Empathetic,6.932007,7.222625,6.64139,0.6112759,0,1.601915,0,0,0,0,0,0,5.500854,4.351958,6.649762,0.592854,0.702737,0.482971,7.399322,6.222311,8.576332,0.5860454,0,2.108446,7.20488,6.108583,8.301178,9.872158,10,9.532749,6.932007,7.222625,6.64139,0.6112759,0,1.601915,0,0,0,0,0,0,5.500854,4.351958,6.649762,0.592854,0.702737,0.482971,7.399322,6.222311,8.576332,0.5860454,0,2.108446,7.20488,6.108583,8.301178,9.872158,10,9.532749,-1,-1,-1,-1,-1,-1,-1,-1,-1,-1,-1,-1,-1,-1,-1,-1,-1,-1,-1,-1,-1,-1,-1,-1,-1,-1,-1,-1,-1,-1,-1,-1,-1,-1,-1,-1,-1,-1,-1,-1,-1,-1,-1,-1,-1,-1,-1,-1,-1,-1,0,0,0,0,0,0,-1,-1,-1,-1,-1,-1,-1,-1,-1,-1,-1,-1,0,0,0,0,0,0,-1,-1,-1,-1,-1,-1,-1,-1,-1,-1,-1,-1,-1,-1,False,False,0,0,False,209,0,0,0,0,0,0,0,0,0,0,0,0,0,0,0,1,
0,4199,2026-02-23 13:16:58Z,LLM_Empathetic,6.932006,7.222624,6.641387,0.6112788,0,1.601917,0,0,0,0,0,0,5.500852,4.351957,6.649758,0.592854,0.702737,0.482971,7.39932,6.222311,8.57633,0.5860474,0,2.108448,7.204877,6.108582,8.301174,9.872151,10,9.532742,6.932006,7.222624,6.641387,0.6112788,0,1.601917,0,0,0,0,0,0,5.500852,4.351957,6.649758,0.592854,0.702737,0.482971,7.39932,6.222311,8.57633,0.5860474,0,2.108448,7.204877,6.108582,8.301174,9.872151,10,9.532742,-1,-1,-1,-1,-1,-1,-1,-1,-1,-1,-1,-1,-1,-1,-1,-1,-1,-1,-1,-1,-1,-1,-1,-1,-1,-1,-1,-1,-1,-1,-1,-1,-1,-1,-1,-1,-1,-1,-1,-1,-1,-1,-1,-1,-1,-1,-1,-1,-1,-1,0,0,0,0,0,0,-1,-1,-1,-1,-1,-1,-1,-1,-1,-1,-1,-1,0,0,0,0,0,0,-1,-1,-1,-1,-1,-1,-1,-1,-1,-1,-1,-1,-1,-1,False,False,0,0,False,209,0,0,0,0,0,0,0,0,0,0,0,0,0,0,0,1,
0,4200,2026-02-23 13:16:58Z,LLM_Empathetic,6.932004,7.222624,6.641384,0.6112818,0,1.601919,0,0,0,0,0,0,5.50085,4.351956,6.649754,0.592854,0.702737,0.482971,7.399319,6.222311,8.576327,0.5860493,0,2.10845,7.204874,6.10858,8.301169,9.872146,10,9.532734,6.932004,7.222624,6.641384,0.6112818,0,1.601919,0,0,0,0,0,0,5.50085,4.351956,6.649754,0.592854,0.702737,0.482971,7.399319,6.222311,8.576327,0.5860493,0,2.10845,7.204874,6.10858,8.301169,9.872146,10,9.532734,-1,-1,-1,-1,-1,-1,-1,-1,-1,-1,-1,-1,-1,-1,-1,-1,-1,-1,-1,-1,-1,-1,-1,-1,-1,-1,-1,-1,-1,-1,-1,-1,-1,-1,-1,-1,-1,-1,-1,-1,-1,-1,-1,-1,-1,-1,-1,-1,-1,-1,0,0,0,0,0,0,-1,-1,-1,-1,-1,-1,-1,-1,-1,-1,-1,-1,0,0,0,0,0,0,-1,-1,-1,-1,-1,-1,-1,-1,-1,-1,-1,-1,-1,-1,False,False,0,0,False,207,0,0,0,0,0,0,0,0,0,0,0,0,0,0,0,1,
0,4201,2026-02-23 13:16:58Z,LLM_Empathetic,6.932001,7.222623,6.641377,0.6112878,0,1.601922,0,0,0,0,0,0,5.500845,4.351954,6.649747,0.592854,0.702737,0.482971,7.399317,6.222313,8.576323,0.5860531,0,2.108454,7.204868,6.108576,8.30116,9.872132,10,9.532718,6.932001,7.222623,6.641377,0.6112878,0,1.601922,0,0,0,0,0,0,5.500845,4.351954,6.649747,0.592854,0.702737,0.482971,7.399317,6.222313,8.576323,0.5860531,0,2.108454,7.204868,6.108576,8.30116,9.872132,10,9.532718,-1,-1,-1,-1,-1,-1,-1,-1,-1,-1,-1,-1,-1,-1,-1,-1,-1,-1,-1,-1,-1,-1,-1,-1,-1,-1,-1,-1,-1,-1,-1,-1,-1,-1,-1,-1,-1,-1,-1,-1,-1,-1,-1,-1,-1,-1,-1,-1,-1,-1,0,0,0,0,0,0,-1,-1,-1,-1,-1,-1,-1,-1,-1,-1,-1,-1,0,0,0,0,0,0,-1,-1,-1,-1,-1,-1,-1,-1,-1,-1,-1,-1,-1,-1,False,False,0,0,False,209,0,0,0,0,0,0,0,0,0,0,0,0,0,0,0,1,
0,4202,2026-02-23 13:16:58Z,LLM_Empathetic,6.931999,7.222623,6.641374,0.6112908,0,1.601924,0,0,0,0,0,0,5.500843,4.351954,6.649743,0.592854,0.702737,0.482971,7.399316,6.222313,8.57632,0.586055,0,2.108455,7.204865,6.108575,8.301155,9.872127,10,9.53271,6.931999,7.222623,6.641374,0.6112908,0,1.601924,0,0,0,0,0,0,5.500843,4.351954,6.649743,0.592854,0.702737,0.482971,7.399316,6.222313,8.57632,0.586055,0,2.108455,7.204865,6.108575,8.301155,9.872127,10,9.53271,-1,-1,-1,-1,-1,-1,-1,-1,-1,-1,-1,-1,-1,-1,-1,-1,-1,-1,-1,-1,-1,-1,-1,-1,-1,-1,-1,-1,-1,-1,-1,-1,-1,-1,-1,-1,-1,-1,-1,-1,-1,-1,-1,-1,-1,-1,-1,-1,-1,-1,0,0,0,0,0,0,-1,-1,-1,-1,-1,-1,-1,-1,-1,-1,-1,-1,0,0,0,0,0,0,-1,-1,-1,-1,-1,-1,-1,-1,-1,-1,-1,-1,-1,-1,False,False,0,0,False,209,0,0,0,0,0,0,0,0,0,0,0,0,0,0,0,1,
0,4203,2026-02-23 13:16:58Z,LLM_Empathetic,6.931997,7.222623,6.641371,0.6112937,0,1.601925,0,0,0,0,0,0,5.500841,4.351953,6.649739,0.592854,0.702737,0.482971,7.399315,6.222314,8.576317,0.5860569,0,2.108457,7.204862,6.108573,8.301151,9.87212,10,9.532702,6.931997,7.222623,6.641371,0.6112937,0,1.601925,0,0,0,0,0,0,5.500841,4.351953,6.649739,0.592854,0.702737,0.482971,7.399315,6.222314,8.576317,0.5860569,0,2.108457,7.204862,6.108573,8.301151,9.87212,10,9.532702,-1,-1,-1,-1,-1,-1,-1,-1,-1,-1,-1,-1,-1,-1,-1,-1,-1,-1,-1,-1,-1,-1,-1,-1,-1,-1,-1,-1,-1,-1,-1,-1,-1,-1,-1,-1,-1,-1,-1,-1,-1,-1,-1,-1,-1,-1,-1,-1,-1,-1,0,0,0,0,0,0,-1,-1,-1,-1,-1,-1,-1,-1,-1,-1,-1,-1,0,0,0,0,0,0,-1,-1,-1,-1,-1,-1,-1,-1,-1,-1,-1,-1,-1,-1,False,False,0,0,False,209,0,0,0,0,0,0,0,0,0,0,0,0,0,0,0,1,
0,4204,2026-02-23 13:16:58Z,LLM_Empathetic,6.931995,7.222622,6.641368,0.6112968,0,1.601927,0,0,0,0,0,0,5.500839,4.351953,6.649735,0.592854,0.702737,0.482971,7.399314,6.222314,8.576314,0.5860588,0,2.108459,7.204858,6.108572,8.301147,9.872114,10,9.532694,6.931995,7.222622,6.641368,0.6112968,0,1.601927,0,0,0,0,0,0,5.500839,4.351953,6.649735,0.592854,0.702737,0.482971,7.399314,6.222314,8.576314,0.5860588,0,2.108459,7.204858,6.108572,8.301147,9.872114,10,9.532694,-1,-1,-1,-1,-1,-1,-1,-1,-1,-1,-1,-1,-1,-1,-1,-1,-1,-1,-1,-1,-1,-1,-1,-1,-1,-1,-1,-1,-1,-1,-1,-1,-1,-1,-1,-1,-1,-1,-1,-1,-1,-1,-1,-1,-1,-1,-1,-1,-1,-1,0,0,0,0,0,0,-1,-1,-1,-1,-1,-1,-1,-1,-1,-1,-1,-1,0,0,0,0,0,0,-1,-1,-1,-1,-1,-1,-1,-1,-1,-1,-1,-1,-1,-1,False,False,0,0,False,207,0,0,0,0,0,0,0,0,0,0,0,0,0,0,0,1,
0,4205,2026-02-23 13:16:58Z,LLM_Empathetic,6.931993,7.222622,6.641365,0.6112998,0,1.601929,0,0,0,0,0,0,5.500836,4.351952,6.649732,0.592854,0.702737,0.482971,7.399313,6.222315,8.576312,0.5860607,0,2.108461,7.204855,6.10857,8.301142,9.872108,10,9.532686,6.931993,7.222622,6.641365,0.6112998,0,1.601929,0,0,0,0,0,0,5.500836,4.351952,6.649732,0.592854,0.702737,0.482971,7.399313,6.222315,8.576312,0.5860607,0,2.108461,7.204855,6.10857,8.301142,9.872108,10,9.532686,-1,-1,-1,-1,-1,-1,-1,-1,-1,-1,-1,-1,-1,-1,-1,-1,-1,-1,-1,-1,-1,-1,-1,-1,-1,-1,-1,-1,-1,-1,-1,-1,-1,-1,-1,-1,-1,-1,-1,-1,-1,-1,-1,-1,-1,-1,-1,-1,-1,-1,0,0,0,0,0,0,-1,-1,-1,-1,-1,-1,-1,-1,-1,-1,-1,-1,0,0,0,0,0,0,-1,-1,-1,-1,-1,-1,-1,-1,-1,-1,-1,-1,-1,-1,False,False,0,0,False,209,0,0,0,0,0,0,0,0,0,0,0,0,0,0,0,1,
0,4206,2026-02-23 13:16:58Z,LLM_Empathetic,6.931992,7.222622,6.641361,0.6113027,0,1.60193,0,0,0,0,0,0,5.500834,4.351951,6.649728,0.592854,0.702737,0.482971,7.399312,6.222315,8.576309,0.5860627,0,2.108463,7.204852,6.108568,8.301137,9.872102,10,9.532679,6.931992,7.222622,6.641361,0.6113027,0,1.60193,0,0,0,0,0,0,5.500834,4.351951,6.649728,0.592854,0.702737,0.482971,7.399312,6.222315,8.576309,0.5860627,0,2.108463,7.204852,6.108568,8.301137,9.872102,10,9.532679,-1,-1,-1,-1,-1,-1,-1,-1,-1,-1,-1,-1,-1,-1,-1,-1,-1,-1,-1,-1,-1,-1,-1,-1,-1,-1,-1,-1,-1,-1,-1,-1,-1,-1,-1,-1,-1,-1,-1,-1,-1,-1,-1,-1,-1,-1,-1,-1,-1,-1,0,0,0,0,0,0,-1,-1,-1,-1,-1,-1,-1,-1,-1,-1,-1,-1,0,0,0,0,0,0,-1,-1,-1,-1,-1,-1,-1,-1,-1,-1,-1,-1,-1,-1,False,False,0,0,False,209,0,0,0,0,0,0,0,0,0,0,0,0,0,0,0,1,
0,4207,2026-02-23 13:16:58Z,LLM_Empathetic,6.931988,7.222621,6.641355,0.6113087,0,1.601934,0,0,0,0,0,0,5.50083,4.351949,6.64972,0.592854,0.702737,0.482971,7.39931,6.222316,8.576303,0.5860665,0,2.108467,7.204846,6.108564,8.301128,9.872088,10,9.532662,6.931988,7.222621,6.641355,0.6113087,0,1.601934,0,0,0,0,0,0,5.50083,4.351949,6.64972,0.592854,0.702737,0.482971,7.39931,6.222316,8.576303,0.5860665,0,2.108467,7.204846,6.108564,8.301128,9.872088,10,9.532662,-1,-1,-1,-1,-1,-1,-1,-1,-1,-1,-1,-1,-1,-1,-1,-1,-1,-1,-1,-1,-1,-1,-1,-1,-1,-1,-1,-1,-1,-1,-1,-1,-1,-1,-1,-1,-1,-1,-1,-1,-1,-1,-1,-1,-1,-1,-1,-1,-1,-1,0,0,0,0,0,0,-1,-1,-1,-1,-1,-1,-1,-1,-1,-1,-1,-1,0,0,0,0,0,0,-1,-1,-1,-1,-1,-1,-1,-1,-1,-1,-1,-1,-1,-1,False,False,0,0,False,209,0,0,0,0,0,0,0,0,0,0,0,0,0,0,0,1,
0,4208,2026-02-23 13:16:58Z,LLM_Empathetic,6.931986,7.222621,6.641352,0.6113117,0,1.601935,0,0,0,0,0,0,5.500827,4.351949,6.649716,0.592854,0.702737,0.482971,7.399309,6.222317,8.576302,0.5860684,0,2.108469,7.204843,6.108563,8.301124,9.872083,10,9.532655,6.931986,7.222621,6.641352,0.6113117,0,1.601935,0,0,0,0,0,0,5.500827,4.351949,6.649716,0.592854,0.702737,0.482971,7.399309,6.222317,8.576302,0.5860684,0,2.108469,7.204843,6.108563,8.301124,9.872083,10,9.532655,-1,-1,-1,-1,-1,-1,-1,-1,-1,-1,-1,-1,-1,-1,-1,-1,-1,-1,-1,-1,-1,-1,-1,-1,-1,-1,-1,-1,-1,-1,-1,-1,-1,-1,-1,-1,-1,-1,-1,-1,-1,-1,-1,-1,-1,-1,-1,-1,-1,-1,0,0,0,0,0,0,-1,-1,-1,-1,-1,-1,-1,-1,-1,-1,-1,-1,0,0,0,0,0,0,-1,-1,-1,-1,-1,-1,-1,-1,-1,-1,-1,-1,-1,-1,False,False,0,0,False,207,0,0,0,0,0,0,0,0,0,0,0,0,0,0,0,1,
0,4209,2026-02-23 13:16:58Z,LLM_Empathetic,6.931984,7.22262,6.641348,0.6113147,0,1.601937,0,0,0,0,0,0,5.500825,4.351948,6.649713,0.592854,0.702737,0.482971,7.399308,6.222318,8.576299,0.5860703,0,2.108471,7.20484,6.108561,8.301119,9.872076,10,9.532647,6.931984,7.22262,6.641348,0.6113147,0,1.601937,0,0,0,0,0,0,5.500825,4.351948,6.649713,0.592854,0.702737,0.482971,7.399308,6.222318,8.576299,0.5860703,0,2.108471,7.20484,6.108561,8.301119,9.872076,10,9.532647,-1,-1,-1,-1,-1,-1,-1,-1,-1,-1,-1,-1,-1,-1,-1,-1,-1,-1,-1,-1,-1,-1,-1,-1,-1,-1,-1,-1,-1,-1,-1,-1,-1,-1,-1,-1,-1,-1,-1,-1,-1,-1,-1,-1,-1,-1,-1,-1,-1,-1,0,0,0,0,0,0,-1,-1,-1,-1,-1,-1,-1,-1,-1,-1,-1,-1,0,0,0,0,0,0,-1,-1,-1,-1,-1,-1,-1,-1,-1,-1,-1,-1,-1,-1,False,False,0,0,False,209,0,0,0,0,0,0,0,0,0,0,0,0,0,0,0,1,
0,4210,2026-02-23 13:16:58Z,LLM_Empathetic,6.931983,7.22262,6.641346,0.6113177,0,1.601939,0,0,0,0,0,0,5.500823,4.351947,6.649709,0.592854,0.702737,0.482971,7.399307,6.222318,8.576296,0.5860722,0,2.108473,7.204836,6.10856,8.301114,9.87207,10,9.53264,6.931983,7.22262,6.641346,0.6113177,0,1.601939,0,0,0,0,0,0,5.500823,4.351947,6.649709,0.592854,0.702737,0.482971,7.399307,6.222318,8.576296,0.5860722,0,2.108473,7.204836,6.10856,8.301114,9.87207,10,9.53264,-1,-1,-1,-1,-1,-1,-1,-1,-1,-1,-1,-1,-1,-1,-1,-1,-1,-1,-1,-1,-1,-1,-1,-1,-1,-1,-1,-1,-1,-1,-1,-1,-1,-1,-1,-1,-1,-1,-1,-1,-1,-1,-1,-1,-1,-1,-1,-1,-1,-1,0,0,0,0,0,0,-1,-1,-1,-1,-1,-1,-1,-1,-1,-1,-1,-1,0,0,0,0,0,0,-1,-1,-1,-1,-1,-1,-1,-1,-1,-1,-1,-1,-1,-1,False,False,0,0,False,209,0,0,0,0,0,0,0,0,0,0,0,0,0,0,0,1,
0,4211,2026-02-23 13:16:58Z,LLM_Empathetic,6.931981,7.22262,6.641342,0.6113207,0,1.60194,0,0,0,0,0,0,5.500821,4.351946,6.649705,0.592854,0.702737,0.482971,7.399306,6.222319,8.576294,0.5860742,0,2.108474,7.204833,6.108558,8.301109,9.872064,10,9.532631,6.931981,7.22262,6.641342,0.6113207,0,1.60194,0,0,0,0,0,0,5.500821,4.351946,6.649705,0.592854,0.702737,0.482971,7.399306,6.222319,8.576294,0.5860742,0,2.108474,7.204833,6.108558,8.301109,9.872064,10,9.532631,-1,-1,-1,-1,-1,-1,-1,-1,-1,-1,-1,-1,-1,-1,-1,-1,-1,-1,-1,-1,-1,-1,-1,-1,-1,-1,-1,-1,-1,-1,-1,-1,-1,-1,-1,-1,-1,-1,-1,-1,-1,-1,-1,-1,-1,-1,-1,-1,-1,-1,0,0,0,0,0,0,-1,-1,-1,-1,-1,-1,-1,-1,-1,-1,-1,-1,0,0,0,0,0,0,-1,-1,-1,-1,-1,-1,-1,-1,-1,-1,-1,-1,-1,-1,False,False,0,0,False,207,0,0,0,0,0,0,0,0,0,0,0,0,0,0,0,1,
0,4212,2026-02-23 13:16:58Z,LLM_Empathetic,6.931979,7.22262,6.641339,0.6113237,0,1.601942,0,0,0,0,0,0,5.500818,4.351946,6.649701,0.592854,0.702737,0.482971,7.399305,6.222319,8.576291,0.5860761,0,2.108476,7.20483,6.108556,8.301105,9.872057,10,9.532623,6.931979,7.22262,6.641339,0.6113237,0,1.601942,0,0,0,0,0,0,5.500818,4.351946,6.649701,0.592854,0.702737,0.482971,7.399305,6.222319,8.576291,0.5860761,0,2.108476,7.20483,6.108556,8.301105,9.872057,10,9.532623,-1,-1,-1,-1,-1,-1,-1,-1,-1,-1,-1,-1,-1,-1,-1,-1,-1,-1,-1,-1,-1,-1,-1,-1,-1,-1,-1,-1,-1,-1,-1,-1,-1,-1,-1,-1,-1,-1,-1,-1,-1,-1,-1,-1,-1,-1,-1,-1,-1,-1,0,0,0,0,0,0,-1,-1,-1,-1,-1,-1,-1,-1,-1,-1,-1,-1,0,0,0,0,0,0,-1,-1,-1,-1,-1,-1,-1,-1,-1,-1,-1,-1,-1,-1,False,False,0,0,False,207,0,0,0,0,0,0,0,0,0,0,0,0,0,0,0,1,
0,4213,2026-02-23 13:16:58Z,LLM_Empathetic,6.931976,7.222619,6.641333,0.6113297,0,1.601945,0,0,0,0,0,0,5.500814,4.351944,6.649694,0.592854,0.702737,0.482971,7.399303,6.22232,8.576285,0.5860799,0,2.10848,7.204824,6.108552,8.301096,9.872045,10,9.532607,6.931976,7.222619,6.641333,0.6113297,0,1.601945,0,0,0,0,0,0,5.500814,4.351944,6.649694,0.592854,0.702737,0.482971,7.399303,6.22232,8.576285,0.5860799,0,2.10848,7.204824,6.108552,8.301096,9.872045,10,9.532607,-1,-1,-1,-1,-1,-1,-1,-1,-1,-1,-1,-1,-1,-1,-1,-1,-1,-1,-1,-1,-1,-1,-1,-1,-1,-1,-1,-1,-1,-1,-1,-1,-1,-1,-1,-1,-1,-1,-1,-1,-1,-1,-1,-1,-1,-1,-1,-1,-1,-1,0,0,0,0,0,0,-1,-1,-1,-1,-1,-1,-1,-1,-1,-1,-1,-1,0,0,0,0,0,0,-1,-1,-1,-1,-1,-1,-1,-1,-1,-1,-1,-1,-1,-1,False,False,0,0,False,207,0,0,0,0,0,0,0,0,0,0,0,0,0,0,0,1,
0,4214,2026-02-23 13:16:58Z,LLM_Empathetic,6.931974,7.222619,6.641329,0.6113327,0,1.601947,0,0,0,0,0,0,5.500812,4.351943,6.64969,0.592854,0.702737,0.482971,7.399302,6.222321,8.576283,0.5860819,0,2.108482,7.204821,6.108551,8.301091,9.872039,10,9.532599,6.931974,7.222619,6.641329,0.6113327,0,1.601947,0,0,0,0,0,0,5.500812,4.351943,6.64969,0.592854,0.702737,0.482971,7.399302,6.222321,8.576283,0.5860819,0,2.108482,7.204821,6.108551,8.301091,9.872039,10,9.532599,-1,-1,-1,-1,-1,-1,-1,-1,-1,-1,-1,-1,-1,-1,-1,-1,-1,-1,-1,-1,-1,-1,-1,-1,-1,-1,-1,-1,-1,-1,-1,-1,-1,-1,-1,-1,-1,-1,-1,-1,-1,-1,-1,-1,-1,-1,-1,-1,-1,-1,0,0,0,0,0,0,-1,-1,-1,-1,-1,-1,-1,-1,-1,-1,-1,-1,0,0,0,0,0,0,-1,-1,-1,-1,-1,-1,-1,-1,-1,-1,-1,-1,-1,-1,False,False,0,0,False,209,0,0,0,0,0,0,0,0,0,0,0,0,0,0,0,1,
0,4215,2026-02-23 13:16:58Z,LLM_Empathetic,6.931972,7.222618,6.641326,0.6113357,0,1.601948,0,0,0,0,0,0,5.500809,4.351943,6.649686,0.592854,0.702737,0.482971,7.399301,6.222321,8.576281,0.5860838,0,2.108484,7.204817,6.108549,8.301086,9.872032,10,9.532592,6.931972,7.222618,6.641326,0.6113357,0,1.601948,0,0,0,0,0,0,5.500809,4.351943,6.649686,0.592854,0.702737,0.482971,7.399301,6.222321,8.576281,0.5860838,0,2.108484,7.204817,6.108549,8.301086,9.872032,10,9.532592,-1,-1,-1,-1,-1,-1,-1,-1,-1,-1,-1,-1,-1,-1,-1,-1,-1,-1,-1,-1,-1,-1,-1,-1,-1,-1,-1,-1,-1,-1,-1,-1,-1,-1,-1,-1,-1,-1,-1,-1,-1,-1,-1,-1,-1,-1,-1,-1,-1,-1,0,0,0,0,0,0,-1,-1,-1,-1,-1,-1,-1,-1,-1,-1,-1,-1,0,0,0,0,0,0,-1,-1,-1,-1,-1,-1,-1,-1,-1,-1,-1,-1,-1,-1,False,False,0,0,False,207,0,0,0,0,0,0,0,0,0,0,0,0,0,0,0,1,
0,4216,2026-02-23 13:16:58Z,LLM_Empathetic,6.931971,7.222618,6.641323,0.6113387,0,1.60195,0,0,0,0,0,0,5.500807,4.351942,6.649683,0.592854,0.702737,0.482971,7.3993,6.222322,8.576278,0.5860857,0,2.108486,7.204814,6.108547,8.301082,9.872025,10,9.532584,6.931971,7.222618,6.641323,0.6113387,0,1.60195,0,0,0,0,0,0,5.500807,4.351942,6.649683,0.592854,0.702737,0.482971,7.3993,6.222322,8.576278,0.5860857,0,2.108486,7.204814,6.108547,8.301082,9.872025,10,9.532584,-1,-1,-1,-1,-1,-1,-1,-1,-1,-1,-1,-1,-1,-1,-1,-1,-1,-1,-1,-1,-1,-1,-1,-1,-1,-1,-1,-1,-1,-1,-1,-1,-1,-1,-1,-1,-1,-1,-1,-1,-1,-1,-1,-1,-1,-1,-1,-1,-1,-1,0,0,0,0,0,0,-1,-1,-1,-1,-1,-1,-1,-1,-1,-1,-1,-1,0,0,0,0,0,0,-1,-1,-1,-1,-1,-1,-1,-1,-1,-1,-1,-1,-1,-1,False,False,0,0,False,209,0,0,0,0,0,0,0,0,0,0,0,0,0,0,0,1,
0,4217,2026-02-23 13:16:59Z,LLM_Empathetic,6.931969,7.222618,6.64132,0.6113417,0,1.601952,0,0,0,0,0,0,5.500805,4.351941,6.649679,0.592854,0.702737,0.482971,7.399299,6.222322,8.576275,0.5860876,0,2.108488,7.204811,6.108546,8.301078,9.87202,10,9.532576,6.931969,7.222618,6.64132,0.6113417,0,1.601952,0,0,0,0,0,0,5.500805,4.351941,6.649679,0.592854,0.702737,0.482971,7.399299,6.222322,8.576275,0.5860876,0,2.108488,7.204811,6.108546,8.301078,9.87202,10,9.532576,-1,-1,-1,-1,-1,-1,-1,-1,-1,-1,-1,-1,-1,-1,-1,-1,-1,-1,-1,-1,-1,-1,-1,-1,-1,-1,-1,-1,-1,-1,-1,-1,-1,-1,-1,-1,-1,-1,-1,-1,-1,-1,-1,-1,-1,-1,-1,-1,-1,-1,0,0,0,0,0,0,-1,-1,-1,-1,-1,-1,-1,-1,-1,-1,-1,-1,0,0,0,0,0,0,-1,-1,-1,-1,-1,-1,-1,-1,-1,-1,-1,-1,-1,-1,False,False,0,0,False,207,0,0,0,0,0,0,0,0,0,0,0,0,0,0,0,1,
0,4218,2026-02-23 13:16:59Z,LLM_Empathetic,6.931967,7.222617,6.641316,0.6113448,0,1.601954,0,0,0,0,0,0,5.500803,4.351941,6.649675,0.592854,0.702737,0.482971,7.399298,6.222323,8.576273,0.5860896,0,2.10849,7.204808,6.108544,8.301073,9.872013,10,9.532568,6.931967,7.222617,6.641316,0.6113448,0,1.601954,0,0,0,0,0,0,5.500803,4.351941,6.649675,0.592854,0.702737,0.482971,7.399298,6.222323,8.576273,0.5860896,0,2.10849,7.204808,6.108544,8.301073,9.872013,10,9.532568,-1,-1,-1,-1,-1,-1,-1,-1,-1,-1,-1,-1,-1,-1,-1,-1,-1,-1,-1,-1,-1,-1,-1,-1,-1,-1,-1,-1,-1,-1,-1,-1,-1,-1,-1,-1,-1,-1,-1,-1,-1,-1,-1,-1,-1,-1,-1,-1,-1,-1,0,0,0,0,0,0,-1,-1,-1,-1,-1,-1,-1,-1,-1,-1,-1,-1,0,0,0,0,0,0,-1,-1,-1,-1,-1,-1,-1,-1,-1,-1,-1,-1,-1,-1,False,False,0,0,False,209,0,0,0,0,0,0,0,0,0,0,0,0,0,0,0,1,
0,4219,2026-02-23 13:16:59Z,LLM_Empathetic,6.931965,7.222617,6.641313,0.6113477,0,1.601955,0,0,0,0,0,0,5.5008,4.35194,6.649671,0.592854,0.702737,0.482971,7.399297,6.222323,8.57627,0.5860915,0,2.108492,7.204805,6.108542,8.301068,9.872006,10,9.53256,6.931965,7.222617,6.641313,0.6113477,0,1.601955,0,0,0,0,0,0,5.5008,4.35194,6.649671,0.592854,0.702737,0.482971,7.399297,6.222323,8.57627,0.5860915,0,2.108492,7.204805,6.108542,8.301068,9.872006,10,9.53256,-1,-1,-1,-1,-1,-1,-1,-1,-1,-1,-1,-1,-1,-1,-1,-1,-1,-1,-1,-1,-1,-1,-1,-1,-1,-1,-1,-1,-1,-1,-1,-1,-1,-1,-1,-1,-1,-1,-1,-1,-1,-1,-1,-1,-1,-1,-1,-1,-1,-1,0,0,0,0,0,0,-1,-1,-1,-1,-1,-1,-1,-1,-1,-1,-1,-1,0,0,0,0,0,0,-1,-1,-1,-1,-1,-1,-1,-1,-1,-1,-1,-1,-1,-1,False,False,0,0,False,209,0,0,0,0,0,0,0,0,0,0,0,0,0,0,0,1,
0,4220,2026-02-23 13:16:59Z,LLM_Empathetic,6.931962,7.222616,6.641307,0.6113538,0,1.601959,0,0,0,0,0,0,5.500795,4.351938,6.649663,0.592854,0.702737,0.482971,7.399294,6.222324,8.576264,0.5860953,0,2.108496,7.204799,6.108539,8.301059,9.871994,10,9.532544,6.931962,7.222616,6.641307,0.6113538,0,1.601959,0,0,0,0,0,0,5.500795,4.351938,6.649663,0.592854,0.702737,0.482971,7.399294,6.222324,8.576264,0.5860953,0,2.108496,7.204799,6.108539,8.301059,9.871994,10,9.532544,-1,-1,-1,-1,-1,-1,-1,-1,-1,-1,-1,-1,-1,-1,-1,-1,-1,-1,-1,-1,-1,-1,-1,-1,-1,-1,-1,-1,-1,-1,-1,-1,-1,-1,-1,-1,-1,-1,-1,-1,-1,-1,-1,-1,-1,-1,-1,-1,-1,-1,0,0,0,0,0,0,-1,-1,-1,-1,-1,-1,-1,-1,-1,-1,-1,-1,0,0,0,0,0,0,-1,-1,-1,-1,-1,-1,-1,-1,-1,-1,-1,-1,-1,-1,False,False,0,0,False,207,0,0,0,0,0,0,0,0,0,0,0,0,0,0,0,1,
0,4221,2026-02-23 13:16:59Z,LLM_Empathetic,6.93196,7.222616,6.641304,0.6113568,0,1.60196,0,0,0,0,0,0,5.500793,4.351937,6.64966,0.592854,0.702737,0.482971,7.399293,6.222325,8.576262,0.5860972,0,2.108498,7.204795,6.108537,8.301054,9.871988,10,9.532537,6.93196,7.222616,6.641304,0.6113568,0,1.60196,0,0,0,0,0,0,5.500793,4.351937,6.64966,0.592854,0.702737,0.482971,7.399293,6.222325,8.576262,0.5860972,0,2.108498,7.204795,6.108537,8.301054,9.871988,10,9.532537,-1,-1,-1,-1,-1,-1,-1,-1,-1,-1,-1,-1,-1,-1,-1,-1,-1,-1,-1,-1,-1,-1,-1,-1,-1,-1,-1,-1,-1,-1,-1,-1,-1,-1,-1,-1,-1,-1,-1,-1,-1,-1,-1,-1,-1,-1,-1,-1,-1,-1,0,0,0,0,0,0,-1,-1,-1,-1,-1,-1,-1,-1,-1,-1,-1,-1,0,0,0,0,0,0,-1,-1,-1,-1,-1,-1,-1,-1,-1,-1,-1,-1,-1,-1,False,False,0,0,False,207,0,0,0,0,0,0,0,0,0,0,0,0,0,0,0,1,
0,4222,2026-02-23 13:16:59Z,LLM_Empathetic,6.931958,7.222616,6.6413,0.6113598,0,1.601962,0,0,0,0,0,0,5.500791,4.351937,6.649656,0.592854,0.702737,0.482971,7.399292,6.222325,8.57626,0.5860992,0,2.1085,7.204792,6.108535,8.30105,9.871982,10,9.532528,6.931958,7.222616,6.6413,0.6113598,0,1.601962,0,0,0,0,0,0,5.500791,4.351937,6.649656,0.592854,0.702737,0.482971,7.399292,6.222325,8.57626,0.5860992,0,2.1085,7.204792,6.108535,8.30105,9.871982,10,9.532528,-1,-1,-1,-1,-1,-1,-1,-1,-1,-1,-1,-1,-1,-1,-1,-1,-1,-1,-1,-1,-1,-1,-1,-1,-1,-1,-1,-1,-1,-1,-1,-1,-1,-1,-1,-1,-1,-1,-1,-1,-1,-1,-1,-1,-1,-1,-1,-1,-1,-1,0,0,0,0,0,0,-1,-1,-1,-1,-1,-1,-1,-1,-1,-1,-1,-1,0,0,0,0,0,0,-1,-1,-1,-1,-1,-1,-1,-1,-1,-1,-1,-1,-1,-1,False,False,0,0,False,209,0,0,0,0,0,0,0,0,0,0,0,0,0,0,0,1,
0,4223,2026-02-23 13:16:59Z,LLM_Empathetic,6.931956,7.222615,6.641297,0.6113628,0,1.601963,0,0,0,0,0,0,5.500789,4.351936,6.649652,0.592854,0.702737,0.482971,7.399292,6.222326,8.576257,0.5861011,0,2.108501,7.204789,6.108534,8.301045,9.871975,10,9.53252,6.931956,7.222615,6.641297,0.6113628,0,1.601963,0,0,0,0,0,0,5.500789,4.351936,6.649652,0.592854,0.702737,0.482971,7.399292,6.222326,8.576257,0.5861011,0,2.108501,7.204789,6.108534,8.301045,9.871975,10,9.53252,-1,-1,-1,-1,-1,-1,-1,-1,-1,-1,-1,-1,-1,-1,-1,-1,-1,-1,-1,-1,-1,-1,-1,-1,-1,-1,-1,-1,-1,-1,-1,-1,-1,-1,-1,-1,-1,-1,-1,-1,-1,-1,-1,-1,-1,-1,-1,-1,-1,-1,0,0,0,0,0,0,-1,-1,-1,-1,-1,-1,-1,-1,-1,-1,-1,-1,0,0,0,0,0,0,-1,-1,-1,-1,-1,-1,-1,-1,-1,-1,-1,-1,-1,-1,False,False,0,0,False,207,0,0,0,0,0,0,0,0,0,0,0,0,0,0,0,1,
0,4224,2026-02-23 13:16:59Z,LLM_Empathetic,6.931954,7.222615,6.641294,0.6113659,0,1.601965,0,0,0,0,0,0,5.500786,4.351935,6.649648,0.592854,0.702737,0.482971,7.39929,6.222327,8.576255,0.586103,0,2.108503,7.204786,6.108532,8.301041,9.871969,10,9.532513,6.931954,7.222615,6.641294,0.6113659,0,1.601965,0,0,0,0,0,0,5.500786,4.351935,6.649648,0.592854,0.702737,0.482971,7.39929,6.222327,8.576255,0.586103,0,2.108503,7.204786,6.108532,8.301041,9.871969,10,9.532513,-1,-1,-1,-1,-1,-1,-1,-1,-1,-1,-1,-1,-1,-1,-1,-1,-1,-1,-1,-1,-1,-1,-1,-1,-1,-1,-1,-1,-1,-1,-1,-1,-1,-1,-1,-1,-1,-1,-1,-1,-1,-1,-1,-1,-1,-1,-1,-1,-1,-1,0,0,0,0,0,0,-1,-1,-1,-1,-1,-1,-1,-1,-1,-1,-1,-1,0,0,0,0,0,0,-1,-1,-1,-1,-1,-1,-1,-1,-1,-1,-1,-1,-1,-1,False,False,0,0,False,209,0,0,0,0,0,0,0,0,0,0,0,0,0,0,0,1,
0,4225,2026-02-23 13:16:59Z,LLM_Empathetic,6.931951,7.222614,6.641287,0.6113719,0,1.601968,0,0,0,0,0,0,5.500782,4.351933,6.649641,0.592854,0.702737,0.482971,7.399288,6.222328,8.576249,0.5861069,0,2.108507,7.20478,6.108529,8.301031,9.871956,10,9.532496,6.931951,7.222614,6.641287,0.6113719,0,1.601968,0,0,0,0,0,0,5.500782,4.351933,6.649641,0.592854,0.702737,0.482971,7.399288,6.222328,8.576249,0.5861069,0,2.108507,7.20478,6.108529,8.301031,9.871956,10,9.532496,-1,-1,-1,-1,-1,-1,-1,-1,-1,-1,-1,-1,-1,-1,-1,-1,-1,-1,-1,-1,-1,-1,-1,-1,-1,-1,-1,-1,-1,-1,-1,-1,-1,-1,-1,-1,-1,-1,-1,-1,-1,-1,-1,-1,-1,-1,-1,-1,-1,-1,0,0,0,0,0,0,-1,-1,-1,-1,-1,-1,-1,-1,-1,-1,-1,-1,0,0,0,0,0,0,-1,-1,-1,-1,-1,-1,-1,-1,-1,-1,-1,-1,-1,-1,False,False,0,0,False,207,0,0,0,0,0,0,0,0,0,0,0,0,0,0,0,1,
0,4226,2026-02-23 13:16:59Z,LLM_Empathetic,6.931949,7.222614,6.641284,0.6113749,0,1.60197,0,0,0,0,0,0,5.50078,4.351933,6.649637,0.592854,0.702737,0.482971,7.399287,6.222328,8.576246,0.5861089,0,2.108509,7.204776,6.108527,8.301026,9.87195,10,9.532489,6.931949,7.222614,6.641284,0.6113749,0,1.60197,0,0,0,0,0,0,5.50078,4.351933,6.649637,0.592854,0.702737,0.482971,7.399287,6.222328,8.576246,0.5861089,0,2.108509,7.204776,6.108527,8.301026,9.87195,10,9.532489,-1,-1,-1,-1,-1,-1,-1,-1,-1,-1,-1,-1,-1,-1,-1,-1,-1,-1,-1,-1,-1,-1,-1,-1,-1,-1,-1,-1,-1,-1,-1,-1,-1,-1,-1,-1,-1,-1,-1,-1,-1,-1,-1,-1,-1,-1,-1,-1,-1,-1,0,0,0,0,0,0,-1,-1,-1,-1,-1,-1,-1,-1,-1,-1,-1,-1,0,0,0,0,0,0,-1,-1,-1,-1,-1,-1,-1,-1,-1,-1,-1,-1,-1,-1,False,False,0,0,False,207,0,0,0,0,0,0,0,0,0,0,0,0,0,0,0,1,
0,4227,2026-02-23 13:16:59Z,LLM_Empathetic,6.931947,7.222614,6.641281,0.6113779,0,1.601972,0,0,0,0,0,0,5.500777,4.351932,6.649633,0.592854,0.702737,0.482971,7.399286,6.222329,8.576244,0.5861108,0,2.108511,7.204773,6.108525,8.301022,9.871943,10,9.53248,6.931947,7.222614,6.641281,0.6113779,0,1.601972,0,0,0,0,0,0,5.500777,4.351932,6.649633,0.592854,0.702737,0.482971,7.399286,6.222329,8.576244,0.5861108,0,2.108511,7.204773,6.108525,8.301022,9.871943,10,9.53248,-1,-1,-1,-1,-1,-1,-1,-1,-1,-1,-1,-1,-1,-1,-1,-1,-1,-1,-1,-1,-1,-1,-1,-1,-1,-1,-1,-1,-1,-1,-1,-1,-1,-1,-1,-1,-1,-1,-1,-1,-1,-1,-1,-1,-1,-1,-1,-1,-1,-1,0,0,0,0,0,0,-1,-1,-1,-1,-1,-1,-1,-1,-1,-1,-1,-1,0,0,0,0,0,0,-1,-1,-1,-1,-1,-1,-1,-1,-1,-1,-1,-1,-1,-1,False,False,0,0,False,209,0,0,0,0,0,0,0,0,0,0,0,0,0,0,0,1,
0,4228,2026-02-23 13:16:59Z,LLM_Empathetic,6.931946,7.222613,6.641278,0.6113809,0,1.601973,0,0,0,0,0,0,5.500775,4.351932,6.649629,0.592854,0.702737,0.482971,7.399285,6.222329,8.576241,0.5861127,0,2.108513,7.20477,6.108523,8.301018,9.871937,10,9.532473,6.931946,7.222613,6.641278,0.6113809,0,1.601973,0,0,0,0,0,0,5.500775,4.351932,6.649629,0.592854,0.702737,0.482971,7.399285,6.222329,8.576241,0.5861127,0,2.108513,7.20477,6.108523,8.301018,9.871937,10,9.532473,-1,-1,-1,-1,-1,-1,-1,-1,-1,-1,-1,-1,-1,-1,-1,-1,-1,-1,-1,-1,-1,-1,-1,-1,-1,-1,-1,-1,-1,-1,-1,-1,-1,-1,-1,-1,-1,-1,-1,-1,-1,-1,-1,-1,-1,-1,-1,-1,-1,-1,0,0,0,0,0,0,-1,-1,-1,-1,-1,-1,-1,-1,-1,-1,-1,-1,0,0,0,0,0,0,-1,-1,-1,-1,-1,-1,-1,-1,-1,-1,-1,-1,-1,-1,False,False,0,0,False,209,0,0,0,0,0,0,0,0,0,0,0,0,0,0,0,1,
0,4229,2026-02-23 13:16:59Z,LLM_Empathetic,6.931947,7.222614,6.641281,0.6113779,0,1.601972,0,0,0,0,0,0,5.500777,4.351932,6.649633,0.592854,0.702737,0.482971,7.399286,6.222329,8.576244,0.5861108,0,2.108511,7.204773,6.108525,8.301022,9.871943,10,9.53248,6.931947,7.222614,6.641281,0.6113779,0,1.601972,0,0,0,0,0,0,5.500777,4.351932,6.649633,0.592854,0.702737,0.482971,7.399286,6.222329,8.576244,0.5861108,0,2.108511,7.204773,6.108525,8.301022,9.871943,10,9.53248,-1,-1,-1,-1,-1,-1,-1,-1,-1,-1,-1,-1,-1,-1,-1,-1,-1,-1,-1,-1,-1,-1,-1,-1,-1,-1,-1,-1,-1,-1,-1,-1,-1,-1,-1,-1,-1,-1,-1,-1,-1,-1,-1,-1,-1,-1,-1,-1,-1,-1,0,0,0,0,0,0,-1,-1,-1,-1,-1,-1,-1,-1,-1,-1,-1,-1,0,0,0,0,0,0,-1,-1,-1,-1,-1,-1,-1,-1,-1,-1,-1,-1,-1,-1,False,False,0,0,False,209,0,0,0,0,0,0,0,0,0,0,0,0,0,0,0,1,
0,4230,2026-02-23 13:16:59Z,LLM_Empathetic,6.931949,7.222614,6.641284,0.6113749,0,1.60197,0,0,0,0,0,0,5.50078,4.351933,6.649637,0.592854,0.702737,0.482971,7.399287,6.222328,8.576246,0.5861089,0,2.108509,7.204776,6.108527,8.301026,9.87195,10,9.532489,6.931949,7.222614,6.641284,0.6113749,0,1.60197,0,0,0,0,0,0,5.50078,4.351933,6.649637,0.592854,0.702737,0.482971,7.399287,6.222328,8.576246,0.5861089,0,2.108509,7.204776,6.108527,8.301026,9.87195,10,9.532489,-1,-1,-1,-1,-1,-1,-1,-1,-1,-1,-1,-1,-1,-1,-1,-1,-1,-1,-1,-1,-1,-1,-1,-1,-1,-1,-1,-1,-1,-1,-1,-1,-1,-1,-1,-1,-1,-1,-1,-1,-1,-1,-1,-1,-1,-1,-1,-1,-1,-1,0,0,0,0,0,0,-1,-1,-1,-1,-1,-1,-1,-1,-1,-1,-1,-1,0,0,0,0,0,0,-1,-1,-1,-1,-1,-1,-1,-1,-1,-1,-1,-1,-1,-1,False,False,0,0,False,207,0,0,0,0,0,0,0,0,0,0,0,0,0,0,0,1,
0,4231,2026-02-23 13:16:59Z,LLM_Empathetic,6.931951,7.222614,6.641287,0.6113719,0,1.601968,0,0,0,0,0,0,5.500782,4.351933,6.649641,0.592854,0.702737,0.482971,7.399288,6.222328,8.576249,0.5861069,0,2.108507,7.20478,6.108529,8.301031,9.871956,10,9.532496,6.931951,7.222614,6.641287,0.6113719,0,1.601968,0,0,0,0,0,0,5.500782,4.351933,6.649641,0.592854,0.702737,0.482971,7.399288,6.222328,8.576249,0.5861069,0,2.108507,7.20478,6.108529,8.301031,9.871956,10,9.532496,-1,-1,-1,-1,-1,-1,-1,-1,-1,-1,-1,-1,-1,-1,-1,-1,-1,-1,-1,-1,-1,-1,-1,-1,-1,-1,-1,-1,-1,-1,-1,-1,-1,-1,-1,-1,-1,-1,-1,-1,-1,-1,-1,-1,-1,-1,-1,-1,-1,-1,0,0,0,0,0,0,-1,-1,-1,-1,-1,-1,-1,-1,-1,-1,-1,-1,0,0,0,0,0,0,-1,-1,-1,-1,-1,-1,-1,-1,-1,-1,-1,-1,-1,-1,False,False,0,0,False,207,0,0,0,0,0,0,0,0,0,0,0,0,0,0,0,1,
0,4232,2026-02-23 13:16:59Z,LLM_Empathetic,6.931951,7.222614,6.641287,0.6113719,0,1.601968,0,0,0,0,0,0,5.500782,4.351933,6.649641,0.592854,0.702737,0.482971,7.399288,6.222328,8.576249,0.5861069,0,2.108507,7.20478,6.108529,8.301031,9.871956,10,9.532496,6.931951,7.222614,6.641287,0.6113719,0,1.601968,0,0,0,0,0,0,5.500782,4.351933,6.649641,0.592854,0.702737,0.482971,7.399288,6.222328,8.576249,0.5861069,0,2.108507,7.20478,6.108529,8.301031,9.871956,10,9.532496,-1,-1,-1,-1,-1,-1,-1,-1,-1,-1,-1,-1,-1,-1,-1,-1,-1,-1,-1,-1,-1,-1,-1,-1,-1,-1,-1,-1,-1,-1,-1,-1,-1,-1,-1,-1,-1,-1,-1,-1,-1,-1,-1,-1,-1,-1,-1,-1,-1,-1,0,0,0,0,0,0,-1,-1,-1,-1,-1,-1,-1,-1,-1,-1,-1,-1,0,0,0,0,0,0,-1,-1,-1,-1,-1,-1,-1,-1,-1,-1,-1,-1,-1,-1,False,False,0,0,False,207,0,0,0,0,0,0,0,0,0,0,0,0,0,0,0,1,
0,4233,2026-02-23 13:16:59Z,LLM_Empathetic,6.931949,7.222614,6.641284,0.6113749,0,1.60197,0,0,0,0,0,0,5.50078,4.351933,6.649637,0.592854,0.702737,0.482971,7.399287,6.222328,8.576246,0.5861089,0,2.108509,7.204776,6.108527,8.301026,9.87195,10,9.532489,6.931949,7.222614,6.641284,0.6113749,0,1.60197,0,0,0,0,0,0,5.50078,4.351933,6.649637,0.592854,0.702737,0.482971,7.399287,6.222328,8.576246,0.5861089,0,2.108509,7.204776,6.108527,8.301026,9.87195,10,9.532489,-1,-1,-1,-1,-1,-1,-1,-1,-1,-1,-1,-1,-1,-1,-1,-1,-1,-1,-1,-1,-1,-1,-1,-1,-1,-1,-1,-1,-1,-1,-1,-1,-1,-1,-1,-1,-1,-1,-1,-1,-1,-1,-1,-1,-1,-1,-1,-1,-1,-1,0,0,0,0,0,0,-1,-1,-1,-1,-1,-1,-1,-1,-1,-1,-1,-1,0,0,0,0,0,0,-1,-1,-1,-1,-1,-1,-1,-1,-1,-1,-1,-1,-1,-1,False,False,0,0,False,207,0,0,0,0,0,0,0,0,0,0,0,0,0,0,0,1,
0,4234,2026-02-23 13:16:59Z,LLM_Empathetic,6.931947,7.222614,6.641281,0.6113779,0,1.601972,0,0,0,0,0,0,5.500777,4.351932,6.649633,0.592854,0.702737,0.482971,7.399286,6.222329,8.576244,0.5861108,0,2.108511,7.204773,6.108525,8.301022,9.871943,10,9.53248,6.931947,7.222614,6.641281,0.6113779,0,1.601972,0,0,0,0,0,0,5.500777,4.351932,6.649633,0.592854,0.702737,0.482971,7.399286,6.222329,8.576244,0.5861108,0,2.108511,7.204773,6.108525,8.301022,9.871943,10,9.53248,-1,-1,-1,-1,-1,-1,-1,-1,-1,-1,-1,-1,-1,-1,-1,-1,-1,-1,-1,-1,-1,-1,-1,-1,-1,-1,-1,-1,-1,-1,-1,-1,-1,-1,-1,-1,-1,-1,-1,-1,-1,-1,-1,-1,-1,-1,-1,-1,-1,-1,0,0,0,0,0,0,-1,-1,-1,-1,-1,-1,-1,-1,-1,-1,-1,-1,0,0,0,0,0,0,-1,-1,-1,-1,-1,-1,-1,-1,-1,-1,-1,-1,-1,-1,False,False,0,0,False,209,0,0,0,0,0,0,0,0,0,0,0,0,0,0,0,1,
0,4235,2026-02-23 13:16:59Z,LLM_Empathetic,6.931944,7.222613,6.641274,0.611384,0,1.601975,0,0,0,0,0,0,5.500773,4.351931,6.649625,0.592854,0.702737,0.482971,7.399284,6.22233,8.576239,0.5861146,0,2.108515,7.204767,6.108521,8.301013,9.871931,10,9.532465,6.931944,7.222613,6.641274,0.611384,0,1.601975,0,0,0,0,0,0,5.500773,4.351931,6.649625,0.592854,0.702737,0.482971,7.399284,6.22233,8.576239,0.5861146,0,2.108515,7.204767,6.108521,8.301013,9.871931,10,9.532465,-1,-1,-1,-1,-1,-1,-1,-1,-1,-1,-1,-1,-1,-1,-1,-1,-1,-1,-1,-1,-1,-1,-1,-1,-1,-1,-1,-1,-1,-1,-1,-1,-1,-1,-1,-1,-1,-1,-1,-1,-1,-1,-1,-1,-1,-1,-1,-1,-1,-1,0,0,0,0,0,0,-1,-1,-1,-1,-1,-1,-1,-1,-1,-1,-1,-1,0,0,0,0,0,0,-1,-1,-1,-1,-1,-1,-1,-1,-1,-1,-1,-1,-1,-1,False,False,0,0,False,209,0,0,0,0,0,0,0,0,0,0,0,0,0,0,0,1,
0,4236,2026-02-23 13:16:59Z,LLM_Empathetic,6.931942,7.222613,6.641271,0.611387,0,1.601977,0,0,0,0,0,0,5.500771,4.35193,6.649621,0.592854,0.702737,0.482971,7.399283,6.222331,8.576236,0.5861166,0,2.108517,7.204763,6.10852,8.301008,9.871924,10,9.532456,6.931942,7.222613,6.641271,0.611387,0,1.601977,0,0,0,0,0,0,5.500771,4.35193,6.649621,0.592854,0.702737,0.482971,7.399283,6.222331,8.576236,0.5861166,0,2.108517,7.204763,6.10852,8.301008,9.871924,10,9.532456,-1,-1,-1,-1,-1,-1,-1,-1,-1,-1,-1,-1,-1,-1,-1,-1,-1,-1,-1,-1,-1,-1,-1,-1,-1,-1,-1,-1,-1,-1,-1,-1,-1,-1,-1,-1,-1,-1,-1,-1,-1,-1,-1,-1,-1,-1,-1,-1,-1,-1,0,0,0,0,0,0,-1,-1,-1,-1,-1,-1,-1,-1,-1,-1,-1,-1,0,0,0,0,0,0,-1,-1,-1,-1,-1,-1,-1,-1,-1,-1,-1,-1,-1,-1,False,False,0,0,False,209,0,0,0,0,0,0,0,0,0,0,0,0,0,0,0,1,
0,4237,2026-02-23 13:16:59Z,LLM_Empathetic,6.93194,7.222612,6.641268,0.61139,0,1.601978,0,0,0,0,0,0,5.500768,4.351929,6.649618,0.592854,0.702737,0.482971,7.399282,6.222331,8.576234,0.5861185,0,2.108519,7.204761,6.108518,8.301003,9.871918,10,9.532449,6.93194,7.222612,6.641268,0.61139,0,1.601978,0,0,0,0,0,0,5.500768,4.351929,6.649618,0.592854,0.702737,0.482971,7.399282,6.222331,8.576234,0.5861185,0,2.108519,7.204761,6.108518,8.301003,9.871918,10,9.532449,-1,-1,-1,-1,-1,-1,-1,-1,-1,-1,-1,-1,-1,-1,-1,-1,-1,-1,-1,-1,-1,-1,-1,-1,-1,-1,-1,-1,-1,-1,-1,-1,-1,-1,-1,-1,-1,-1,-1,-1,-1,-1,-1,-1,-1,-1,-1,-1,-1,-1,0,0,0,0,0,0,-1,-1,-1,-1,-1,-1,-1,-1,-1,-1,-1,-1,0,0,0,0,0,0,-1,-1,-1,-1,-1,-1,-1,-1,-1,-1,-1,-1,-1,-1,False,False,0,0,False,207,0,0,0,0,0,0,0,0,0,0,0,0,0,0,0,1,
0,4238,2026-02-23 13:16:59Z,LLM_Empathetic,6.931939,7.222612,6.641265,0.611393,0,1.60198,0,0,0,0,0,0,5.500766,4.351928,6.649614,0.592854,0.702737,0.482971,7.399281,6.222332,8.576231,0.5861205,0,2.108521,7.204757,6.108517,8.300999,9.871912,10,9.532441,6.931939,7.222612,6.641265,0.611393,0,1.60198,0,0,0,0,0,0,5.500766,4.351928,6.649614,0.592854,0.702737,0.482971,7.399281,6.222332,8.576231,0.5861205,0,2.108521,7.204757,6.108517,8.300999,9.871912,10,9.532441,-1,-1,-1,-1,-1,-1,-1,-1,-1,-1,-1,-1,-1,-1,-1,-1,-1,-1,-1,-1,-1,-1,-1,-1,-1,-1,-1,-1,-1,-1,-1,-1,-1,-1,-1,-1,-1,-1,-1,-1,-1,-1,-1,-1,-1,-1,-1,-1,-1,-1,0,0,0,0,0,0,-1,-1,-1,-1,-1,-1,-1,-1,-1,-1,-1,-1,0,0,0,0,0,0,-1,-1,-1,-1,-1,-1,-1,-1,-1,-1,-1,-1,-1,-1,False,False,0,0,False,207,0,0,0,0,0,0,0,0,0,0,0,0,0,0,0,1,
0,4239,2026-02-23 13:16:59Z,LLM_Empathetic,6.931937,7.222612,6.641262,0.6113961,0,1.601982,0,0,0,0,0,0,5.500763,4.351928,6.64961,0.592854,0.702737,0.482971,7.39928,6.222332,8.576228,0.5861224,0,2.108523,7.204754,6.108515,8.300994,9.871905,10,9.532433,6.931937,7.222612,6.641262,0.6113961,0,1.601982,0,0,0,0,0,0,5.500763,4.351928,6.64961,0.592854,0.702737,0.482971,7.39928,6.222332,8.576228,0.5861224,0,2.108523,7.204754,6.108515,8.300994,9.871905,10,9.532433,-1,-1,-1,-1,-1,-1,-1,-1,-1,-1,-1,-1,-1,-1,-1,-1,-1,-1,-1,-1,-1,-1,-1,-1,-1,-1,-1,-1,-1,-1,-1,-1,-1,-1,-1,-1,-1,-1,-1,-1,-1,-1,-1,-1,-1,-1,-1,-1,-1,-1,0,0,0,0,0,0,-1,-1,-1,-1,-1,-1,-1,-1,-1,-1,-1,-1,0,0,0,0,0,0,-1,-1,-1,-1,-1,-1,-1,-1,-1,-1,-1,-1,-1,-1,False,False,0,0,False,209,0,0,0,0,0,0,0,0,0,0,0,0,0,0,0,1,
0,4240,2026-02-23 13:16:59Z,LLM_Empathetic,6.931933,7.222611,6.641255,0.6114022,0,1.601985,0,0,0,0,0,0,5.500759,4.351926,6.649602,0.592854,0.702737,0.482971,7.399278,6.222333,8.576222,0.5861263,0,2.108527,7.204748,6.108511,8.300984,9.871893,10,9.532416,6.931933,7.222611,6.641255,0.6114022,0,1.601985,0,0,0,0,0,0,5.500759,4.351926,6.649602,0.592854,0.702737,0.482971,7.399278,6.222333,8.576222,0.5861263,0,2.108527,7.204748,6.108511,8.300984,9.871893,10,9.532416,-1,-1,-1,-1,-1,-1,-1,-1,-1,-1,-1,-1,-1,-1,-1,-1,-1,-1,-1,-1,-1,-1,-1,-1,-1,-1,-1,-1,-1,-1,-1,-1,-1,-1,-1,-1,-1,-1,-1,-1,-1,-1,-1,-1,-1,-1,-1,-1,-1,-1,0,0,0,0,0,0,-1,-1,-1,-1,-1,-1,-1,-1,-1,-1,-1,-1,0,0,0,0,0,0,-1,-1,-1,-1,-1,-1,-1,-1,-1,-1,-1,-1,-1,-1,False,False,0,0,False,209,0,0,0,0,0,0,0,0,0,0,0,0,0,0,0,1,
0,4241,2026-02-23 13:16:59Z,LLM_Empathetic,6.931931,7.222611,6.641252,0.6114052,0,1.601987,0,0,0,0,0,0,5.500757,4.351925,6.649599,0.592854,0.702737,0.482971,7.399277,6.222333,8.576221,0.5861282,0,2.108529,7.204744,6.10851,8.300981,9.871886,10,9.532409,6.931931,7.222611,6.641252,0.6114052,0,1.601987,0,0,0,0,0,0,5.500757,4.351925,6.649599,0.592854,0.702737,0.482971,7.399277,6.222333,8.576221,0.5861282,0,2.108529,7.204744,6.10851,8.300981,9.871886,10,9.532409,-1,-1,-1,-1,-1,-1,-1,-1,-1,-1,-1,-1,-1,-1,-1,-1,-1,-1,-1,-1,-1,-1,-1,-1,-1,-1,-1,-1,-1,-1,-1,-1,-1,-1,-1,-1,-1,-1,-1,-1,-1,-1,-1,-1,-1,-1,-1,-1,-1,-1,0,0,0,0,0,0,-1,-1,-1,-1,-1,-1,-1,-1,-1,-1,-1,-1,0,0,0,0,0,0,-1,-1,-1,-1,-1,-1,-1,-1,-1,-1,-1,-1,-1,-1,False,False,0,0,False,207,0,0,0,0,0,0,0,0,0,0,0,0,0,0,0,1,
0,4242,2026-02-23 13:16:59Z,LLM_Empathetic,6.93193,7.22261,6.641249,0.6114082,0,1.601988,0,0,0,0,0,0,5.500754,4.351924,6.649595,0.592854,0.702737,0.482971,7.399276,6.222334,8.576218,0.5861302,0,2.108531,7.204741,6.108508,8.300976,9.87188,10,9.532401,6.93193,7.22261,6.641249,0.6114082,0,1.601988,0,0,0,0,0,0,5.500754,4.351924,6.649595,0.592854,0.702737,0.482971,7.399276,6.222334,8.576218,0.5861302,0,2.108531,7.204741,6.108508,8.300976,9.87188,10,9.532401,-1,-1,-1,-1,-1,-1,-1,-1,-1,-1,-1,-1,-1,-1,-1,-1,-1,-1,-1,-1,-1,-1,-1,-1,-1,-1,-1,-1,-1,-1,-1,-1,-1,-1,-1,-1,-1,-1,-1,-1,-1,-1,-1,-1,-1,-1,-1,-1,-1,-1,0,0,0,0,0,0,-1,-1,-1,-1,-1,-1,-1,-1,-1,-1,-1,-1,0,0,0,0,0,0,-1,-1,-1,-1,-1,-1,-1,-1,-1,-1,-1,-1,-1,-1,False,False,0,0,False,209,0,0,0,0,0,0,0,0,0,0,0,0,0,0,0,1,
0,4243,2026-02-23 13:16:59Z,LLM_Empathetic,6.931928,7.22261,6.641245,0.6114113,0,1.60199,0,0,0,0,0,0,5.500752,4.351924,6.649591,0.592854,0.702737,0.482971,7.399275,6.222335,8.576215,0.5861321,0,2.108532,7.204738,6.108506,8.300971,9.871874,10,9.532393,6.931928,7.22261,6.641245,0.6114113,0,1.60199,0,0,0,0,0,0,5.500752,4.351924,6.649591,0.592854,0.702737,0.482971,7.399275,6.222335,8.576215,0.5861321,0,2.108532,7.204738,6.108506,8.300971,9.871874,10,9.532393,-1,-1,-1,-1,-1,-1,-1,-1,-1,-1,-1,-1,-1,-1,-1,-1,-1,-1,-1,-1,-1,-1,-1,-1,-1,-1,-1,-1,-1,-1,-1,-1,-1,-1,-1,-1,-1,-1,-1,-1,-1,-1,-1,-1,-1,-1,-1,-1,-1,-1,0,0,0,0,0,0,-1,-1,-1,-1,-1,-1,-1,-1,-1,-1,-1,-1,0,0,0,0,0,0,-1,-1,-1,-1,-1,-1,-1,-1,-1,-1,-1,-1,-1,-1,False,False,0,0,False,207,0,0,0,0,0,0,0,0,0,0,0,0,0,0,0,1,
0,4244,2026-02-23 13:16:59Z,LLM_Empathetic,6.931926,7.22261,6.641242,0.6114143,0,1.601992,0,0,0,0,0,0,5.50075,4.351923,6.649587,0.592854,0.702737,0.482971,7.399273,6.222335,8.576212,0.5861341,0,2.108535,7.204735,6.108504,8.300966,9.871867,10,9.532385,6.931926,7.22261,6.641242,0.6114143,0,1.601992,0,0,0,0,0,0,5.50075,4.351923,6.649587,0.592854,0.702737,0.482971,7.399273,6.222335,8.576212,0.5861341,0,2.108535,7.204735,6.108504,8.300966,9.871867,10,9.532385,-1,-1,-1,-1,-1,-1,-1,-1,-1,-1,-1,-1,-1,-1,-1,-1,-1,-1,-1,-1,-1,-1,-1,-1,-1,-1,-1,-1,-1,-1,-1,-1,-1,-1,-1,-1,-1,-1,-1,-1,-1,-1,-1,-1,-1,-1,-1,-1,-1,-1,0,0,0,0,0,0,-1,-1,-1,-1,-1,-1,-1,-1,-1,-1,-1,-1,0,0,0,0,0,0,-1,-1,-1,-1,-1,-1,-1,-1,-1,-1,-1,-1,-1,-1,False,False,0,0,False,207,0,0,0,0,0,0,0,0,0,0,0,0,0,0,0,1,
0,4245,2026-02-23 13:16:59Z,LLM_Empathetic,6.931922,7.222609,6.641235,0.6114204,0,1.601995,0,0,0,0,0,0,5.500745,4.351922,6.649579,0.592854,0.702737,0.482971,7.399271,6.222336,8.576207,0.586138,0,2.108538,7.204729,6.108501,8.300957,9.871855,10,9.532369,6.931922,7.222609,6.641235,0.6114204,0,1.601995,0,0,0,0,0,0,5.500745,4.351922,6.649579,0.592854,0.702737,0.482971,7.399271,6.222336,8.576207,0.586138,0,2.108538,7.204729,6.108501,8.300957,9.871855,10,9.532369,-1,-1,-1,-1,-1,-1,-1,-1,-1,-1,-1,-1,-1,-1,-1,-1,-1,-1,-1,-1,-1,-1,-1,-1,-1,-1,-1,-1,-1,-1,-1,-1,-1,-1,-1,-1,-1,-1,-1,-1,-1,-1,-1,-1,-1,-1,-1,-1,-1,-1,0,0,0,0,0,0,-1,-1,-1,-1,-1,-1,-1,-1,-1,-1,-1,-1,0,0,0,0,0,0,-1,-1,-1,-1,-1,-1,-1,-1,-1,-1,-1,-1,-1,-1,False,False,0,0,False,207,0,0,0,0,0,0,0,0,0,0,0,0,0,0,0,1,
0,4246,2026-02-23 13:16:59Z,LLM_Empathetic,6.931921,7.222609,6.641232,0.6114234,0,1.601997,0,0,0,0,0,0,5.500743,4.351921,6.649575,0.592854,0.702737,0.482971,7.399271,6.222337,8.576204,0.5861399,0,2.10854,7.204725,6.108499,8.300952,9.871848,10,9.532361,6.931921,7.222609,6.641232,0.6114234,0,1.601997,0,0,0,0,0,0,5.500743,4.351921,6.649575,0.592854,0.702737,0.482971,7.399271,6.222337,8.576204,0.5861399,0,2.10854,7.204725,6.108499,8.300952,9.871848,10,9.532361,-1,-1,-1,-1,-1,-1,-1,-1,-1,-1,-1,-1,-1,-1,-1,-1,-1,-1,-1,-1,-1,-1,-1,-1,-1,-1,-1,-1,-1,-1,-1,-1,-1,-1,-1,-1,-1,-1,-1,-1,-1,-1,-1,-1,-1,-1,-1,-1,-1,-1,0,0,0,0,0,0,-1,-1,-1,-1,-1,-1,-1,-1,-1,-1,-1,-1,0,0,0,0,0,0,-1,-1,-1,-1,-1,-1,-1,-1,-1,-1,-1,-1,-1,-1,False,False,0,0,False,207,0,0,0,0,0,0,0,0,0,0,0,0,0,0,0,1,
0,4247,2026-02-23 13:16:59Z,LLM_Empathetic,6.931919,7.222609,6.641229,0.6114265,0,1.601999,0,0,0,0,0,0,5.500741,4.35192,6.649571,0.592854,0.702737,0.482971,7.39927,6.222337,8.576201,0.5861419,0,2.108542,7.204722,6.108498,8.300947,9.871841,10,9.532352,6.931919,7.222609,6.641229,0.6114265,0,1.601999,0,0,0,0,0,0,5.500741,4.35192,6.649571,0.592854,0.702737,0.482971,7.39927,6.222337,8.576201,0.5861419,0,2.108542,7.204722,6.108498,8.300947,9.871841,10,9.532352,-1,-1,-1,-1,-1,-1,-1,-1,-1,-1,-1,-1,-1,-1,-1,-1,-1,-1,-1,-1,-1,-1,-1,-1,-1,-1,-1,-1,-1,-1,-1,-1,-1,-1,-1,-1,-1,-1,-1,-1,-1,-1,-1,-1,-1,-1,-1,-1,-1,-1,0,0,0,0,0,0,-1,-1,-1,-1,-1,-1,-1,-1,-1,-1,-1,-1,0,0,0,0,0,0,-1,-1,-1,-1,-1,-1,-1,-1,-1,-1,-1,-1,-1,-1,False,False,0,0,False,207,0,0,0,0,0,0,0,0,0,0,0,0,0,0,0,1,
0,4248,2026-02-23 13:17:00Z,LLM_Empathetic,6.931915,7.222608,6.641222,0.6114326,0,1.602002,0,0,0,0,0,0,5.500736,4.351918,6.649564,0.592854,0.702737,0.482971,7.399267,6.222338,8.576197,0.5861458,0,2.108546,7.204716,6.108494,8.300939,9.871829,10,9.532336,6.931915,7.222608,6.641222,0.6114326,0,1.602002,0,0,0,0,0,0,5.500736,4.351918,6.649564,0.592854,0.702737,0.482971,7.399267,6.222338,8.576197,0.5861458,0,2.108546,7.204716,6.108494,8.300939,9.871829,10,9.532336,-1,-1,-1,-1,-1,-1,-1,-1,-1,-1,-1,-1,-1,-1,-1,-1,-1,-1,-1,-1,-1,-1,-1,-1,-1,-1,-1,-1,-1,-1,-1,-1,-1,-1,-1,-1,-1,-1,-1,-1,-1,-1,-1,-1,-1,-1,-1,-1,-1,-1,0,0,0,0,0,0,-1,-1,-1,-1,-1,-1,-1,-1,-1,-1,-1,-1,0,0,0,0,0,0,-1,-1,-1,-1,-1,-1,-1,-1,-1,-1,-1,-1,-1,-1,False,False,0,0,False,209,0,0,0,0,0,0,0,0,0,0,0,0,0,0,0,1,
0,4249,2026-02-23 13:17:00Z,LLM_Empathetic,6.931913,7.222608,6.641219,0.6114356,0,1.602004,0,0,0,0,0,0,5.500734,4.351918,6.64956,0.592854,0.702737,0.482971,7.399266,6.222339,8.576194,0.5861477,0,2.108548,7.204712,6.108492,8.300934,9.871822,10,9.532329,6.931913,7.222608,6.641219,0.6114356,0,1.602004,0,0,0,0,0,0,5.500734,4.351918,6.64956,0.592854,0.702737,0.482971,7.399266,6.222339,8.576194,0.5861477,0,2.108548,7.204712,6.108492,8.300934,9.871822,10,9.532329,-1,-1,-1,-1,-1,-1,-1,-1,-1,-1,-1,-1,-1,-1,-1,-1,-1,-1,-1,-1,-1,-1,-1,-1,-1,-1,-1,-1,-1,-1,-1,-1,-1,-1,-1,-1,-1,-1,-1,-1,-1,-1,-1,-1,-1,-1,-1,-1,-1,-1,0,0,0,0,0,0,-1,-1,-1,-1,-1,-1,-1,-1,-1,-1,-1,-1,0,0,0,0,0,0,-1,-1,-1,-1,-1,-1,-1,-1,-1,-1,-1,-1,-1,-1,False,False,0,0,False,209,0,0,0,0,0,0,0,0,0,0,0,0,0,0,0,1,
0,4250,2026-02-23 13:17:00Z,LLM_Empathetic,6.93191,7.222607,6.641212,0.6114417,0,1.602007,0,0,0,0,0,0,5.500729,4.351916,6.649552,0.592854,0.702737,0.482971,7.399264,6.22234,8.576188,0.5861516,0,2.108552,7.204706,6.108489,8.300924,9.87181,10,9.532312,6.93191,7.222607,6.641212,0.6114417,0,1.602007,0,0,0,0,0,0,5.500729,4.351916,6.649552,0.592854,0.702737,0.482971,7.399264,6.22234,8.576188,0.5861516,0,2.108552,7.204706,6.108489,8.300924,9.87181,10,9.532312,-1,-1,-1,-1,-1,-1,-1,-1,-1,-1,-1,-1,-1,-1,-1,-1,-1,-1,-1,-1,-1,-1,-1,-1,-1,-1,-1,-1,-1,-1,-1,-1,-1,-1,-1,-1,-1,-1,-1,-1,-1,-1,-1,-1,-1,-1,-1,-1,-1,-1,0,0,0,0,0,0,-1,-1,-1,-1,-1,-1,-1,-1,-1,-1,-1,-1,0,0,0,0,0,0,-1,-1,-1,-1,-1,-1,-1,-1,-1,-1,-1,-1,-1,-1,False,False,0,0,False,209,0,0,0,0,0,0,0,0,0,0,0,0,0,0,0,1,
0,4251,2026-02-23 13:17:00Z,LLM_Empathetic,6.931908,7.222607,6.64121,0.6114447,0,1.602009,0,0,0,0,0,0,5.500727,4.351915,6.649549,0.592854,0.702737,0.482971,7.399263,6.222341,8.576186,0.5861536,0,2.108554,7.204703,6.108487,8.30092,9.871803,10,9.532305,6.931908,7.222607,6.64121,0.6114447,0,1.602009,0,0,0,0,0,0,5.500727,4.351915,6.649549,0.592854,0.702737,0.482971,7.399263,6.222341,8.576186,0.5861536,0,2.108554,7.204703,6.108487,8.30092,9.871803,10,9.532305,-1,-1,-1,-1,-1,-1,-1,-1,-1,-1,-1,-1,-1,-1,-1,-1,-1,-1,-1,-1,-1,-1,-1,-1,-1,-1,-1,-1,-1,-1,-1,-1,-1,-1,-1,-1,-1,-1,-1,-1,-1,-1,-1,-1,-1,-1,-1,-1,-1,-1,0,0,0,0,0,0,-1,-1,-1,-1,-1,-1,-1,-1,-1,-1,-1,-1,0,0,0,0,0,0,-1,-1,-1,-1,-1,-1,-1,-1,-1,-1,-1,-1,-1,-1,False,False,0,0,False,207,0,0,0,0,0,0,0,0,0,0,0,0,0,0,0,1,
0,4252,2026-02-23 13:17:00Z,LLM_Empathetic,6.931904,7.222606,6.641203,0.6114509,0,1.602012,0,0,0,0,0,0,5.500722,4.351914,6.649541,0.592854,0.702737,0.482971,7.399261,6.222342,8.57618,0.5861575,0,2.108558,7.204697,6.108484,8.30091,9.871791,10,9.532289,6.931904,7.222606,6.641203,0.6114509,0,1.602012,0,0,0,0,0,0,5.500722,4.351914,6.649541,0.592854,0.702737,0.482971,7.399261,6.222342,8.57618,0.5861575,0,2.108558,7.204697,6.108484,8.30091,9.871791,10,9.532289,-1,-1,-1,-1,-1,-1,-1,-1,-1,-1,-1,-1,-1,-1,-1,-1,-1,-1,-1,-1,-1,-1,-1,-1,-1,-1,-1,-1,-1,-1,-1,-1,-1,-1,-1,-1,-1,-1,-1,-1,-1,-1,-1,-1,-1,-1,-1,-1,-1,-1,0,0,0,0,0,0,-1,-1,-1,-1,-1,-1,-1,-1,-1,-1,-1,-1,0,0,0,0,0,0,-1,-1,-1,-1,-1,-1,-1,-1,-1,-1,-1,-1,-1,-1,False,False,0,0,False,207,0,0,0,0,0,0,0,0,0,0,0,0,0,0,0,1,
0,4253,2026-02-23 13:17:00Z,LLM_Empathetic,6.931903,7.222606,6.6412,0.6114539,0,1.602014,0,0,0,0,0,0,5.50072,4.351913,6.649537,0.592854,0.702737,0.482971,7.39926,6.222342,8.576178,0.5861595,0,2.10856,7.204693,6.108482,8.300905,9.871784,10,9.53228,6.931903,7.222606,6.6412,0.6114539,0,1.602014,0,0,0,0,0,0,5.50072,4.351913,6.649537,0.592854,0.702737,0.482971,7.39926,6.222342,8.576178,0.5861595,0,2.10856,7.204693,6.108482,8.300905,9.871784,10,9.53228,-1,-1,-1,-1,-1,-1,-1,-1,-1,-1,-1,-1,-1,-1,-1,-1,-1,-1,-1,-1,-1,-1,-1,-1,-1,-1,-1,-1,-1,-1,-1,-1,-1,-1,-1,-1,-1,-1,-1,-1,-1,-1,-1,-1,-1,-1,-1,-1,-1,-1,0,0,0,0,0,0,-1,-1,-1,-1,-1,-1,-1,-1,-1,-1,-1,-1,0,0,0,0,0,0,-1,-1,-1,-1,-1,-1,-1,-1,-1,-1,-1,-1,-1,-1,False,False,0,0,False,207,0,0,0,0,0,0,0,0,0,0,0,0,0,0,0,1,
0,4254,2026-02-23 13:17:00Z,LLM_Empathetic,6.931901,7.222605,6.641196,0.6114569,0,1.602015,0,0,0,0,0,0,5.500718,4.351912,6.649533,0.592854,0.702737,0.482971,7.399259,6.222343,8.576176,0.5861614,0,2.108562,7.20469,6.10848,8.3009,9.871778,10,9.532272,6.931901,7.222605,6.641196,0.6114569,0,1.602015,0,0,0,0,0,0,5.500718,4.351912,6.649533,0.592854,0.702737,0.482971,7.399259,6.222343,8.576176,0.5861614,0,2.108562,7.20469,6.10848,8.3009,9.871778,10,9.532272,-1,-1,-1,-1,-1,-1,-1,-1,-1,-1,-1,-1,-1,-1,-1,-1,-1,-1,-1,-1,-1,-1,-1,-1,-1,-1,-1,-1,-1,-1,-1,-1,-1,-1,-1,-1,-1,-1,-1,-1,-1,-1,-1,-1,-1,-1,-1,-1,-1,-1,0,0,0,0,0,0,-1,-1,-1,-1,-1,-1,-1,-1,-1,-1,-1,-1,0,0,0,0,0,0,-1,-1,-1,-1,-1,-1,-1,-1,-1,-1,-1,-1,-1,-1,False,False,0,0,False,209,0,0,0,0,0,0,0,0,0,0,0,0,0,0,0,1,
0,4255,2026-02-23 13:17:00Z,LLM_Empathetic,6.931897,7.222605,6.64119,0.6114631,0,1.602019,0,0,0,0,0,0,5.500713,4.351911,6.649525,0.592854,0.702737,0.482971,7.399257,6.222344,8.57617,0.5861653,0,2.108566,7.204684,6.108477,8.300892,9.871765,10,9.532256,6.931897,7.222605,6.64119,0.6114631,0,1.602019,0,0,0,0,0,0,5.500713,4.351911,6.649525,0.592854,0.702737,0.482971,7.399257,6.222344,8.57617,0.5861653,0,2.108566,7.204684,6.108477,8.300892,9.871765,10,9.532256,-1,-1,-1,-1,-1,-1,-1,-1,-1,-1,-1,-1,-1,-1,-1,-1,-1,-1,-1,-1,-1,-1,-1,-1,-1,-1,-1,-1,-1,-1,-1,-1,-1,-1,-1,-1,-1,-1,-1,-1,-1,-1,-1,-1,-1,-1,-1,-1,-1,-1,0,0,0,0,0,0,-1,-1,-1,-1,-1,-1,-1,-1,-1,-1,-1,-1,0,0,0,0,0,0,-1,-1,-1,-1,-1,-1,-1,-1,-1,-1,-1,-1,-1,-1,False,False,0,0,False,209,0,0,0,0,0,0,0,0,0,0,0,0,0,0,0,1,
0,4256,2026-02-23 13:17:00Z,LLM_Empathetic,6.931896,7.222604,6.641187,0.6114661,0,1.60202,0,0,0,0,0,0,5.50071,4.35191,6.649521,0.592854,0.702737,0.482971,7.399256,6.222344,8.576167,0.5861673,0,2.108568,7.20468,6.108475,8.300887,9.871758,10,9.532248,6.931896,7.222604,6.641187,0.6114661,0,1.60202,0,0,0,0,0,0,5.50071,4.35191,6.649521,0.592854,0.702737,0.482971,7.399256,6.222344,8.576167,0.5861673,0,2.108568,7.20468,6.108475,8.300887,9.871758,10,9.532248,-1,-1,-1,-1,-1,-1,-1,-1,-1,-1,-1,-1,-1,-1,-1,-1,-1,-1,-1,-1,-1,-1,-1,-1,-1,-1,-1,-1,-1,-1,-1,-1,-1,-1,-1,-1,-1,-1,-1,-1,-1,-1,-1,-1,-1,-1,-1,-1,-1,-1,0,0,0,0,0,0,-1,-1,-1,-1,-1,-1,-1,-1,-1,-1,-1,-1,0,0,0,0,0,0,-1,-1,-1,-1,-1,-1,-1,-1,-1,-1,-1,-1,-1,-1,False,False,0,0,False,209,0,0,0,0,0,0,0,0,0,0,0,0,0,0,0,1,
0,4257,2026-02-23 13:17:00Z,LLM_Empathetic,6.931892,7.222604,6.64118,0.6114722,0,1.602024,0,0,0,0,0,0,5.500706,4.351909,6.649514,0.592854,0.702737,0.482971,7.399253,6.222345,8.576162,0.5861712,0,2.108572,7.204674,6.108471,8.300878,9.871745,10,9.532232,6.931892,7.222604,6.64118,0.6114722,0,1.602024,0,0,0,0,0,0,5.500706,4.351909,6.649514,0.592854,0.702737,0.482971,7.399253,6.222345,8.576162,0.5861712,0,2.108572,7.204674,6.108471,8.300878,9.871745,10,9.532232,-1,-1,-1,-1,-1,-1,-1,-1,-1,-1,-1,-1,-1,-1,-1,-1,-1,-1,-1,-1,-1,-1,-1,-1,-1,-1,-1,-1,-1,-1,-1,-1,-1,-1,-1,-1,-1,-1,-1,-1,-1,-1,-1,-1,-1,-1,-1,-1,-1,-1,0,0,0,0,0,0,-1,-1,-1,-1,-1,-1,-1,-1,-1,-1,-1,-1,0,0,0,0,0,0,-1,-1,-1,-1,-1,-1,-1,-1,-1,-1,-1,-1,-1,-1,False,False,0,0,False,209,0,0,0,0,0,0,0,0,0,0,0,0,0,0,0,1,
0,4258,2026-02-23 13:17:00Z,LLM_Empathetic,6.93189,7.222603,6.641177,0.6114753,0,1.602026,0,0,0,0,0,0,5.500704,4.351908,6.64951,0.592854,0.702737,0.482971,7.399252,6.222346,8.576159,0.5861732,0,2.108573,7.204671,6.10847,8.300873,9.871739,10,9.532224,6.93189,7.222603,6.641177,0.6114753,0,1.602026,0,0,0,0,0,0,5.500704,4.351908,6.64951,0.592854,0.702737,0.482971,7.399252,6.222346,8.576159,0.5861732,0,2.108573,7.204671,6.10847,8.300873,9.871739,10,9.532224,-1,-1,-1,-1,-1,-1,-1,-1,-1,-1,-1,-1,-1,-1,-1,-1,-1,-1,-1,-1,-1,-1,-1,-1,-1,-1,-1,-1,-1,-1,-1,-1,-1,-1,-1,-1,-1,-1,-1,-1,-1,-1,-1,-1,-1,-1,-1,-1,-1,-1,0,0,0,0,0,0,-1,-1,-1,-1,-1,-1,-1,-1,-1,-1,-1,-1,0,0,0,0,0,0,-1,-1,-1,-1,-1,-1,-1,-1,-1,-1,-1,-1,-1,-1,False,False,0,0,False,209,0,0,0,0,0,0,0,0,0,0,0,0,0,0,0,1,
0,4259,2026-02-23 13:17:00Z,LLM_Empathetic,6.931887,7.222603,6.64117,0.6114814,0,1.602029,0,0,0,0,0,0,5.500699,4.351906,6.649502,0.592854,0.702737,0.482971,7.399251,6.222347,8.576154,0.5861771,0,2.108577,7.204664,6.108466,8.300863,9.871726,10,9.532207,6.931887,7.222603,6.64117,0.6114814,0,1.602029,0,0,0,0,0,0,5.500699,4.351906,6.649502,0.592854,0.702737,0.482971,7.399251,6.222347,8.576154,0.5861771,0,2.108577,7.204664,6.108466,8.300863,9.871726,10,9.532207,-1,-1,-1,-1,-1,-1,-1,-1,-1,-1,-1,-1,-1,-1,-1,-1,-1,-1,-1,-1,-1,-1,-1,-1,-1,-1,-1,-1,-1,-1,-1,-1,-1,-1,-1,-1,-1,-1,-1,-1,-1,-1,-1,-1,-1,-1,-1,-1,-1,-1,0,0,0,0,0,0,-1,-1,-1,-1,-1,-1,-1,-1,-1,-1,-1,-1,0,0,0,0,0,0,-1,-1,-1,-1,-1,-1,-1,-1,-1,-1,-1,-1,-1,-1,False,False,0,0,False,209,0,0,0,0,0,0,0,0,0,0,0,0,0,0,0,1,
0,4260,2026-02-23 13:17:00Z,LLM_Empathetic,6.931885,7.222602,6.641167,0.6114845,0,1.602031,0,0,0,0,0,0,5.500697,4.351905,6.649498,0.592854,0.702737,0.482971,7.39925,6.222348,8.576152,0.5861791,0,2.108579,7.204661,6.108465,8.300858,9.871719,10,9.5322,6.931885,7.222602,6.641167,0.6114845,0,1.602031,0,0,0,0,0,0,5.500697,4.351905,6.649498,0.592854,0.702737,0.482971,7.39925,6.222348,8.576152,0.5861791,0,2.108579,7.204661,6.108465,8.300858,9.871719,10,9.5322,-1,-1,-1,-1,-1,-1,-1,-1,-1,-1,-1,-1,-1,-1,-1,-1,-1,-1,-1,-1,-1,-1,-1,-1,-1,-1,-1,-1,-1,-1,-1,-1,-1,-1,-1,-1,-1,-1,-1,-1,-1,-1,-1,-1,-1,-1,-1,-1,-1,-1,0,0,0,0,0,0,-1,-1,-1,-1,-1,-1,-1,-1,-1,-1,-1,-1,0,0,0,0,0,0,-1,-1,-1,-1,-1,-1,-1,-1,-1,-1,-1,-1,-1,-1,False,False,0,0,False,209,0,0,0,0,0,0,0,0,0,0,0,0,0,0,0,1,
0,4261,2026-02-23 13:17:00Z,LLM_Empathetic,6.931881,7.222602,6.64116,0.6114907,0,1.602034,0,0,0,0,0,0,5.500692,4.351904,6.64949,0.592854,0.702737,0.482971,7.399247,6.222349,8.576146,0.586183,0,2.108583,7.204655,6.108461,8.300849,9.871707,10,9.532184,6.931881,7.222602,6.64116,0.6114907,0,1.602034,0,0,0,0,0,0,5.500692,4.351904,6.64949,0.592854,0.702737,0.482971,7.399247,6.222349,8.576146,0.586183,0,2.108583,7.204655,6.108461,8.300849,9.871707,10,9.532184,-1,-1,-1,-1,-1,-1,-1,-1,-1,-1,-1,-1,-1,-1,-1,-1,-1,-1,-1,-1,-1,-1,-1,-1,-1,-1,-1,-1,-1,-1,-1,-1,-1,-1,-1,-1,-1,-1,-1,-1,-1,-1,-1,-1,-1,-1,-1,-1,-1,-1,0,0,0,0,0,0,-1,-1,-1,-1,-1,-1,-1,-1,-1,-1,-1,-1,0,0,0,0,0,0,-1,-1,-1,-1,-1,-1,-1,-1,-1,-1,-1,-1,-1,-1,False,False,0,0,False,209,0,0,0,0,0,0,0,0,0,0,0,0,0,0,0,1,
0,4262,2026-02-23 13:17:00Z,LLM_Empathetic,6.931879,7.222601,6.641157,0.6114937,0,1.602036,0,0,0,0,0,0,5.50069,4.351903,6.649487,0.592854,0.702737,0.482971,7.399246,6.222349,8.576143,0.586185,0,2.108585,7.204651,6.108459,8.300844,9.8717,10,9.532175,6.931879,7.222601,6.641157,0.6114937,0,1.602036,0,0,0,0,0,0,5.50069,4.351903,6.649487,0.592854,0.702737,0.482971,7.399246,6.222349,8.576143,0.586185,0,2.108585,7.204651,6.108459,8.300844,9.8717,10,9.532175,-1,-1,-1,-1,-1,-1,-1,-1,-1,-1,-1,-1,-1,-1,-1,-1,-1,-1,-1,-1,-1,-1,-1,-1,-1,-1,-1,-1,-1,-1,-1,-1,-1,-1,-1,-1,-1,-1,-1,-1,-1,-1,-1,-1,-1,-1,-1,-1,-1,-1,0,0,0,0,0,0,-1,-1,-1,-1,-1,-1,-1,-1,-1,-1,-1,-1,0,0,0,0,0,0,-1,-1,-1,-1,-1,-1,-1,-1,-1,-1,-1,-1,-1,-1,False,False,0,0,False,209,0,0,0,0,0,0,0,0,0,0,0,0,0,0,0,1,
0,4263,2026-02-23 13:17:00Z,LLM_Empathetic,6.931878,7.222601,6.641154,0.6114968,0,1.602037,0,0,0,0,0,0,5.500687,4.351902,6.649483,0.592854,0.702737,0.482971,7.399245,6.22235,8.57614,0.5861869,0,2.108587,7.204648,6.108458,8.300839,9.871694,10,9.532167,6.931878,7.222601,6.641154,0.6114968,0,1.602037,0,0,0,0,0,0,5.500687,4.351902,6.649483,0.592854,0.702737,0.482971,7.399245,6.22235,8.57614,0.5861869,0,2.108587,7.204648,6.108458,8.300839,9.871694,10,9.532167,-1,-1,-1,-1,-1,-1,-1,-1,-1,-1,-1,-1,-1,-1,-1,-1,-1,-1,-1,-1,-1,-1,-1,-1,-1,-1,-1,-1,-1,-1,-1,-1,-1,-1,-1,-1,-1,-1,-1,-1,-1,-1,-1,-1,-1,-1,-1,-1,-1,-1,0,0,0,0,0,0,-1,-1,-1,-1,-1,-1,-1,-1,-1,-1,-1,-1,0,0,0,0,0,0,-1,-1,-1,-1,-1,-1,-1,-1,-1,-1,-1,-1,-1,-1,False,False,0,0,False,209,0,0,0,0,0,0,0,0,0,0,0,0,0,0,0,1,
0,4264,2026-02-23 13:17:00Z,LLM_Empathetic,6.931876,7.222601,6.64115,0.6114998,0,1.602039,0,0,0,0,0,0,5.500685,4.351902,6.649479,0.592854,0.702737,0.482971,7.399244,6.222351,8.576138,0.5861889,0,2.108589,7.204645,6.108456,8.300835,9.871688,10,9.532159,6.931876,7.222601,6.64115,0.6114998,0,1.602039,0,0,0,0,0,0,5.500685,4.351902,6.649479,0.592854,0.702737,0.482971,7.399244,6.222351,8.576138,0.5861889,0,2.108589,7.204645,6.108456,8.300835,9.871688,10,9.532159,-1,-1,-1,-1,-1,-1,-1,-1,-1,-1,-1,-1,-1,-1,-1,-1,-1,-1,-1,-1,-1,-1,-1,-1,-1,-1,-1,-1,-1,-1,-1,-1,-1,-1,-1,-1,-1,-1,-1,-1,-1,-1,-1,-1,-1,-1,-1,-1,-1,-1,0,0,0,0,0,0,-1,-1,-1,-1,-1,-1,-1,-1,-1,-1,-1,-1,0,0,0,0,0,0,-1,-1,-1,-1,-1,-1,-1,-1,-1,-1,-1,-1,-1,-1,False,False,0,0,False,209,0,0,0,0,0,0,0,0,0,0,0,0,0,0,0,1,
0,4265,2026-02-23 13:17:00Z,LLM_Empathetic,6.931872,7.2226,6.641144,0.611506,0,1.602042,0,0,0,0,0,0,5.50068,4.3519,6.649471,0.592854,0.702737,0.482971,7.399242,6.222352,8.576133,0.5861928,0,2.108593,7.204638,6.108452,8.300826,9.871675,10,9.532143,6.931872,7.2226,6.641144,0.611506,0,1.602042,0,0,0,0,0,0,5.50068,4.3519,6.649471,0.592854,0.702737,0.482971,7.399242,6.222352,8.576133,0.5861928,0,2.108593,7.204638,6.108452,8.300826,9.871675,10,9.532143,-1,-1,-1,-1,-1,-1,-1,-1,-1,-1,-1,-1,-1,-1,-1,-1,-1,-1,-1,-1,-1,-1,-1,-1,-1,-1,-1,-1,-1,-1,-1,-1,-1,-1,-1,-1,-1,-1,-1,-1,-1,-1,-1,-1,-1,-1,-1,-1,-1,-1,0,0,0,0,0,0,-1,-1,-1,-1,-1,-1,-1,-1,-1,-1,-1,-1,0,0,0,0,0,0,-1,-1,-1,-1,-1,-1,-1,-1,-1,-1,-1,-1,-1,-1,False,False,0,0,False,209,0,0,0,0,0,0,0,0,0,0,0,0,0,0,0,1,
0,4266,2026-02-23 13:17:00Z,LLM_Empathetic,6.93187,7.2226,6.64114,0.6115091,0,1.602044,0,0,0,0,0,0,5.500678,4.351899,6.649467,0.592854,0.702737,0.482971,7.399241,6.222352,8.57613,0.5861948,0,2.108595,7.204635,6.10845,8.300821,9.871668,10,9.532135,6.93187,7.2226,6.64114,0.6115091,0,1.602044,0,0,0,0,0,0,5.500678,4.351899,6.649467,0.592854,0.702737,0.482971,7.399241,6.222352,8.57613,0.5861948,0,2.108595,7.204635,6.10845,8.300821,9.871668,10,9.532135,-1,-1,-1,-1,-1,-1,-1,-1,-1,-1,-1,-1,-1,-1,-1,-1,-1,-1,-1,-1,-1,-1,-1,-1,-1,-1,-1,-1,-1,-1,-1,-1,-1,-1,-1,-1,-1,-1,-1,-1,-1,-1,-1,-1,-1,-1,-1,-1,-1,-1,0,0,0,0,0,0,-1,-1,-1,-1,-1,-1,-1,-1,-1,-1,-1,-1,0,0,0,0,0,0,-1,-1,-1,-1,-1,-1,-1,-1,-1,-1,-1,-1,-1,-1,False,False,0,0,False,209,0,0,0,0,0,0,0,0,0,0,0,0,0,0,0,1,
0,4267,2026-02-23 13:17:00Z,LLM_Empathetic,6.931869,7.2226,6.641137,0.6115122,0,1.602046,0,0,0,0,0,0,5.500676,4.351899,6.649463,0.592854,0.702737,0.482971,7.39924,6.222353,8.576127,0.5861968,0,2.108597,7.204632,6.108449,8.300817,9.871662,10,9.532126,6.931869,7.2226,6.641137,0.6115122,0,1.602046,0,0,0,0,0,0,5.500676,4.351899,6.649463,0.592854,0.702737,0.482971,7.39924,6.222353,8.576127,0.5861968,0,2.108597,7.204632,6.108449,8.300817,9.871662,10,9.532126,-1,-1,-1,-1,-1,-1,-1,-1,-1,-1,-1,-1,-1,-1,-1,-1,-1,-1,-1,-1,-1,-1,-1,-1,-1,-1,-1,-1,-1,-1,-1,-1,-1,-1,-1,-1,-1,-1,-1,-1,-1,-1,-1,-1,-1,-1,-1,-1,-1,-1,0,0,0,0,0,0,-1,-1,-1,-1,-1,-1,-1,-1,-1,-1,-1,-1,0,0,0,0,0,0,-1,-1,-1,-1,-1,-1,-1,-1,-1,-1,-1,-1,-1,-1,False,False,0,0,False,207,0,0,0,0,0,0,0,0,0,0,0,0,0,0,0,1,
0,4268,2026-02-23 13:17:00Z,LLM_Empathetic,6.931865,7.222599,6.64113,0.6115183,0,1.602049,0,0,0,0,0,0,5.500671,4.351897,6.649456,0.592854,0.702737,0.482971,7.399238,6.222353,8.576122,0.5862007,0,2.108601,7.204626,6.108445,8.300807,9.871649,10,9.53211,6.931865,7.222599,6.64113,0.6115183,0,1.602049,0,0,0,0,0,0,5.500671,4.351897,6.649456,0.592854,0.702737,0.482971,7.399238,6.222353,8.576122,0.5862007,0,2.108601,7.204626,6.108445,8.300807,9.871649,10,9.53211,-1,-1,-1,-1,-1,-1,-1,-1,-1,-1,-1,-1,-1,-1,-1,-1,-1,-1,-1,-1,-1,-1,-1,-1,-1,-1,-1,-1,-1,-1,-1,-1,-1,-1,-1,-1,-1,-1,-1,-1,-1,-1,-1,-1,-1,-1,-1,-1,-1,-1,0,0,0,0,0,0,-1,-1,-1,-1,-1,-1,-1,-1,-1,-1,-1,-1,0,0,0,0,0,0,-1,-1,-1,-1,-1,-1,-1,-1,-1,-1,-1,-1,-1,-1,False,False,0,0,False,207,0,0,0,0,0,0,0,0,0,0,0,0,0,0,0,1,
0,4269,2026-02-23 13:17:00Z,LLM_Empathetic,6.931863,7.222599,6.641127,0.6115214,0,1.602051,0,0,0,0,0,0,5.500669,4.351896,6.649452,0.592854,0.702737,0.482971,7.399237,6.222354,8.576119,0.5862027,0,2.108603,7.204622,6.108444,8.300802,9.871642,10,9.532103,6.931863,7.222599,6.641127,0.6115214,0,1.602051,0,0,0,0,0,0,5.500669,4.351896,6.649452,0.592854,0.702737,0.482971,7.399237,6.222354,8.576119,0.5862027,0,2.108603,7.204622,6.108444,8.300802,9.871642,10,9.532103,-1,-1,-1,-1,-1,-1,-1,-1,-1,-1,-1,-1,-1,-1,-1,-1,-1,-1,-1,-1,-1,-1,-1,-1,-1,-1,-1,-1,-1,-1,-1,-1,-1,-1,-1,-1,-1,-1,-1,-1,-1,-1,-1,-1,-1,-1,-1,-1,-1,-1,0,0,0,0,0,0,-1,-1,-1,-1,-1,-1,-1,-1,-1,-1,-1,-1,0,0,0,0,0,0,-1,-1,-1,-1,-1,-1,-1,-1,-1,-1,-1,-1,-1,-1,False,False,0,0,False,209,0,0,0,0,0,0,0,0,0,0,0,0,0,0,0,1,
0,4270,2026-02-23 13:17:00Z,LLM_Empathetic,6.931861,7.222598,6.641124,0.6115245,0,1.602053,0,0,0,0,0,0,5.500666,4.351895,6.649447,0.592854,0.702737,0.482971,7.399236,6.222355,8.576117,0.5862046,0,2.108605,7.204619,6.108442,8.300797,9.871635,10,9.532094,6.931861,7.222598,6.641124,0.6115245,0,1.602053,0,0,0,0,0,0,5.500666,4.351895,6.649447,0.592854,0.702737,0.482971,7.399236,6.222355,8.576117,0.5862046,0,2.108605,7.204619,6.108442,8.300797,9.871635,10,9.532094,-1,-1,-1,-1,-1,-1,-1,-1,-1,-1,-1,-1,-1,-1,-1,-1,-1,-1,-1,-1,-1,-1,-1,-1,-1,-1,-1,-1,-1,-1,-1,-1,-1,-1,-1,-1,-1,-1,-1,-1,-1,-1,-1,-1,-1,-1,-1,-1,-1,-1,0,0,0,0,0,0,-1,-1,-1,-1,-1,-1,-1,-1,-1,-1,-1,-1,0,0,0,0,0,0,-1,-1,-1,-1,-1,-1,-1,-1,-1,-1,-1,-1,-1,-1,False,False,0,0,False,209,0,0,0,0,0,0,0,0,0,0,0,0,0,0,0,1,
0,4271,2026-02-23 13:17:00Z,LLM_Empathetic,6.931858,7.222598,6.641118,0.6115307,0,1.602056,0,0,0,0,0,0,5.500662,4.351894,6.64944,0.592854,0.702737,0.482971,7.399233,6.222356,8.576112,0.5862086,0,2.108609,7.204613,6.108438,8.300788,9.871623,10,9.532078,6.931858,7.222598,6.641118,0.6115307,0,1.602056,0,0,0,0,0,0,5.500662,4.351894,6.64944,0.592854,0.702737,0.482971,7.399233,6.222356,8.576112,0.5862086,0,2.108609,7.204613,6.108438,8.300788,9.871623,10,9.532078,-1,-1,-1,-1,-1,-1,-1,-1,-1,-1,-1,-1,-1,-1,-1,-1,-1,-1,-1,-1,-1,-1,-1,-1,-1,-1,-1,-1,-1,-1,-1,-1,-1,-1,-1,-1,-1,-1,-1,-1,-1,-1,-1,-1,-1,-1,-1,-1,-1,-1,0,0,0,0,0,0,-1,-1,-1,-1,-1,-1,-1,-1,-1,-1,-1,-1,0,0,0,0,0,0,-1,-1,-1,-1,-1,-1,-1,-1,-1,-1,-1,-1,-1,-1,False,False,0,0,False,209,0,0,0,0,0,0,0,0,0,0,0,0,0,0,0,1,
0,4272,2026-02-23 13:17:00Z,LLM_Empathetic,6.931856,7.222597,6.641114,0.6115338,0,1.602058,0,0,0,0,0,0,5.500659,4.351893,6.649436,0.592854,0.702737,0.482971,7.399232,6.222356,8.576109,0.5862106,0,2.108611,7.204609,6.108437,8.300783,9.871616,10,9.53207,6.931856,7.222597,6.641114,0.6115338,0,1.602058,0,0,0,0,0,0,5.500659,4.351893,6.649436,0.592854,0.702737,0.482971,7.399232,6.222356,8.576109,0.5862106,0,2.108611,7.204609,6.108437,8.300783,9.871616,10,9.53207,-1,-1,-1,-1,-1,-1,-1,-1,-1,-1,-1,-1,-1,-1,-1,-1,-1,-1,-1,-1,-1,-1,-1,-1,-1,-1,-1,-1,-1,-1,-1,-1,-1,-1,-1,-1,-1,-1,-1,-1,-1,-1,-1,-1,-1,-1,-1,-1,-1,-1,0,0,0,0,0,0,-1,-1,-1,-1,-1,-1,-1,-1,-1,-1,-1,-1,0,0,0,0,0,0,-1,-1,-1,-1,-1,-1,-1,-1,-1,-1,-1,-1,-1,-1,False,False,0,0,False,209,0,0,0,0,0,0,0,0,0,0,0,0,0,0,0,1,
0,4273,2026-02-23 13:17:00Z,LLM_Empathetic,6.931852,7.222597,6.641108,0.61154,0,1.602061,0,0,0,0,0,0,5.500655,4.351892,6.649428,0.592854,0.702737,0.482971,7.39923,6.222357,8.576103,0.5862145,0,2.108615,7.204603,6.108433,8.300774,9.871603,10,9.532054,6.931852,7.222597,6.641108,0.61154,0,1.602061,0,0,0,0,0,0,5.500655,4.351892,6.649428,0.592854,0.702737,0.482971,7.39923,6.222357,8.576103,0.5862145,0,2.108615,7.204603,6.108433,8.300774,9.871603,10,9.532054,-1,-1,-1,-1,-1,-1,-1,-1,-1,-1,-1,-1,-1,-1,-1,-1,-1,-1,-1,-1,-1,-1,-1,-1,-1,-1,-1,-1,-1,-1,-1,-1,-1,-1,-1,-1,-1,-1,-1,-1,-1,-1,-1,-1,-1,-1,-1,-1,-1,-1,0,0,0,0,0,0,-1,-1,-1,-1,-1,-1,-1,-1,-1,-1,-1,-1,0,0,0,0,0,0,-1,-1,-1,-1,-1,-1,-1,-1,-1,-1,-1,-1,-1,-1,False,False,0,0,False,207,0,0,0,0,0,0,0,0,0,0,0,0,0,0,0,1,
0,4274,2026-02-23 13:17:00Z,LLM_Empathetic,6.93185,7.222596,6.641104,0.6115431,0,1.602063,0,0,0,0,0,0,5.500652,4.351891,6.649424,0.592854,0.702737,0.482971,7.399229,6.222358,8.5761,0.5862166,0,2.108617,7.204599,6.108431,8.300769,9.871597,10,9.532045,6.93185,7.222596,6.641104,0.6115431,0,1.602063,0,0,0,0,0,0,5.500652,4.351891,6.649424,0.592854,0.702737,0.482971,7.399229,6.222358,8.5761,0.5862166,0,2.108617,7.204599,6.108431,8.300769,9.871597,10,9.532045,-1,-1,-1,-1,-1,-1,-1,-1,-1,-1,-1,-1,-1,-1,-1,-1,-1,-1,-1,-1,-1,-1,-1,-1,-1,-1,-1,-1,-1,-1,-1,-1,-1,-1,-1,-1,-1,-1,-1,-1,-1,-1,-1,-1,-1,-1,-1,-1,-1,-1,0,0,0,0,0,0,-1,-1,-1,-1,-1,-1,-1,-1,-1,-1,-1,-1,0,0,0,0,0,0,-1,-1,-1,-1,-1,-1,-1,-1,-1,-1,-1,-1,-1,-1,False,False,0,0,False,207,0,0,0,0,0,0,0,0,0,0,0,0,0,0,0,1,
0,4275,2026-02-23 13:17:00Z,LLM_Empathetic,6.931847,7.222596,6.641098,0.6115493,0,1.602066,0,0,0,0,0,0,5.500648,4.351889,6.649416,0.592854,0.702737,0.482971,7.399227,6.222359,8.576096,0.5862205,0,2.108621,7.204593,6.108428,8.300759,9.871584,10,9.532029,6.931847,7.222596,6.641098,0.6115493,0,1.602066,0,0,0,0,0,0,5.500648,4.351889,6.649416,0.592854,0.702737,0.482971,7.399227,6.222359,8.576096,0.5862205,0,2.108621,7.204593,6.108428,8.300759,9.871584,10,9.532029,-1,-1,-1,-1,-1,-1,-1,-1,-1,-1,-1,-1,-1,-1,-1,-1,-1,-1,-1,-1,-1,-1,-1,-1,-1,-1,-1,-1,-1,-1,-1,-1,-1,-1,-1,-1,-1,-1,-1,-1,-1,-1,-1,-1,-1,-1,-1,-1,-1,-1,0,0,0,0,0,0,-1,-1,-1,-1,-1,-1,-1,-1,-1,-1,-1,-1,0,0,0,0,0,0,-1,-1,-1,-1,-1,-1,-1,-1,-1,-1,-1,-1,-1,-1,False,False,0,0,False,209,0,0,0,0,0,0,0,0,0,0,0,0,0,0,0,1,
0,4276,2026-02-23 13:17:00Z,LLM_Empathetic,6.931845,7.222595,6.641094,0.6115524,0,1.602068,0,0,0,0,0,0,5.500645,4.351889,6.649413,0.592854,0.702737,0.482971,7.399226,6.22236,8.576093,0.5862225,0,2.108623,7.20459,6.108426,8.300755,9.871577,10,9.532022,6.931845,7.222595,6.641094,0.6115524,0,1.602068,0,0,0,0,0,0,5.500645,4.351889,6.649413,0.592854,0.702737,0.482971,7.399226,6.22236,8.576093,0.5862225,0,2.108623,7.20459,6.108426,8.300755,9.871577,10,9.532022,-1,-1,-1,-1,-1,-1,-1,-1,-1,-1,-1,-1,-1,-1,-1,-1,-1,-1,-1,-1,-1,-1,-1,-1,-1,-1,-1,-1,-1,-1,-1,-1,-1,-1,-1,-1,-1,-1,-1,-1,-1,-1,-1,-1,-1,-1,-1,-1,-1,-1,0,0,0,0,0,0,-1,-1,-1,-1,-1,-1,-1,-1,-1,-1,-1,-1,0,0,0,0,0,0,-1,-1,-1,-1,-1,-1,-1,-1,-1,-1,-1,-1,-1,-1,False,False,0,0,False,209,0,0,0,0,0,0,0,0,0,0,0,0,0,0,0,1,
0,4277,2026-02-23 13:17:01Z,LLM_Empathetic,6.931841,7.222595,6.641088,0.6115586,0,1.602071,0,0,0,0,0,0,5.50064,4.351887,6.649405,0.592854,0.702737,0.482971,7.399224,6.222361,8.576087,0.5862265,0,2.108627,7.204583,6.108422,8.300745,9.871565,10,9.532004,6.931841,7.222595,6.641088,0.6115586,0,1.602071,0,0,0,0,0,0,5.50064,4.351887,6.649405,0.592854,0.702737,0.482971,7.399224,6.222361,8.576087,0.5862265,0,2.108627,7.204583,6.108422,8.300745,9.871565,10,9.532004,-1,-1,-1,-1,-1,-1,-1,-1,-1,-1,-1,-1,-1,-1,-1,-1,-1,-1,-1,-1,-1,-1,-1,-1,-1,-1,-1,-1,-1,-1,-1,-1,-1,-1,-1,-1,-1,-1,-1,-1,-1,-1,-1,-1,-1,-1,-1,-1,-1,-1,0,0,0,0,0,0,-1,-1,-1,-1,-1,-1,-1,-1,-1,-1,-1,-1,0,0,0,0,0,0,-1,-1,-1,-1,-1,-1,-1,-1,-1,-1,-1,-1,-1,-1,False,False,0,0,False,207,0,0,0,0,0,0,0,0,0,0,0,0,0,0,0,1,
0,4278,2026-02-23 13:17:01Z,LLM_Empathetic,6.931839,7.222594,6.641084,0.6115617,0,1.602073,0,0,0,0,0,0,5.500638,4.351886,6.649401,0.592854,0.702737,0.482971,7.399223,6.222362,8.576084,0.5862284,0,2.108629,7.20458,6.108421,8.30074,9.871558,10,9.531997,6.931839,7.222594,6.641084,0.6115617,0,1.602073,0,0,0,0,0,0,5.500638,4.351886,6.649401,0.592854,0.702737,0.482971,7.399223,6.222362,8.576084,0.5862284,0,2.108629,7.20458,6.108421,8.30074,9.871558,10,9.531997,-1,-1,-1,-1,-1,-1,-1,-1,-1,-1,-1,-1,-1,-1,-1,-1,-1,-1,-1,-1,-1,-1,-1,-1,-1,-1,-1,-1,-1,-1,-1,-1,-1,-1,-1,-1,-1,-1,-1,-1,-1,-1,-1,-1,-1,-1,-1,-1,-1,-1,0,0,0,0,0,0,-1,-1,-1,-1,-1,-1,-1,-1,-1,-1,-1,-1,0,0,0,0,0,0,-1,-1,-1,-1,-1,-1,-1,-1,-1,-1,-1,-1,-1,-1,False,False,0,0,False,207,0,0,0,0,0,0,0,0,0,0,0,0,0,0,0,1,
0,4279,2026-02-23 13:17:01Z,LLM_Empathetic,6.931838,7.222594,6.641081,0.6115648,0,1.602075,0,0,0,0,0,0,5.500636,4.351885,6.649397,0.592854,0.702737,0.482971,7.399221,6.222362,8.576082,0.5862305,0,2.108631,7.204577,6.108419,8.300735,9.871552,10,9.531988,6.931838,7.222594,6.641081,0.6115648,0,1.602075,0,0,0,0,0,0,5.500636,4.351885,6.649397,0.592854,0.702737,0.482971,7.399221,6.222362,8.576082,0.5862305,0,2.108631,7.204577,6.108419,8.300735,9.871552,10,9.531988,-1,-1,-1,-1,-1,-1,-1,-1,-1,-1,-1,-1,-1,-1,-1,-1,-1,-1,-1,-1,-1,-1,-1,-1,-1,-1,-1,-1,-1,-1,-1,-1,-1,-1,-1,-1,-1,-1,-1,-1,-1,-1,-1,-1,-1,-1,-1,-1,-1,-1,0,0,0,0,0,0,-1,-1,-1,-1,-1,-1,-1,-1,-1,-1,-1,-1,0,0,0,0,0,0,-1,-1,-1,-1,-1,-1,-1,-1,-1,-1,-1,-1,-1,-1,False,False,0,0,False,209,0,0,0,0,0,0,0,0,0,0,0,0,0,0,0,1,
0,4280,2026-02-23 13:17:01Z,LLM_Empathetic,6.931834,7.222593,6.641074,0.611571,0,1.602078,0,0,0,0,0,0,5.500631,4.351884,6.649389,0.592854,0.702737,0.482971,7.39922,6.222363,8.576077,0.5862344,0,2.108635,7.20457,6.108415,8.300726,9.871538,10,9.531972,6.931834,7.222593,6.641074,0.611571,0,1.602078,0,0,0,0,0,0,5.500631,4.351884,6.649389,0.592854,0.702737,0.482971,7.39922,6.222363,8.576077,0.5862344,0,2.108635,7.20457,6.108415,8.300726,9.871538,10,9.531972,-1,-1,-1,-1,-1,-1,-1,-1,-1,-1,-1,-1,-1,-1,-1,-1,-1,-1,-1,-1,-1,-1,-1,-1,-1,-1,-1,-1,-1,-1,-1,-1,-1,-1,-1,-1,-1,-1,-1,-1,-1,-1,-1,-1,-1,-1,-1,-1,-1,-1,0,0,0,0,0,0,-1,-1,-1,-1,-1,-1,-1,-1,-1,-1,-1,-1,0,0,0,0,0,0,-1,-1,-1,-1,-1,-1,-1,-1,-1,-1,-1,-1,-1,-1,False,False,0,0,False,209,0,0,0,0,0,0,0,0,0,0,0,0,0,0,0,1,
0,4281,2026-02-23 13:17:01Z,LLM_Empathetic,6.931832,7.222593,6.641071,0.6115741,0,1.60208,0,0,0,0,0,0,5.500629,4.351883,6.649385,0.592854,0.702737,0.482971,7.399219,6.222363,8.576074,0.5862364,0,2.108637,7.204567,6.108414,8.300721,9.871531,10,9.531964,6.931832,7.222593,6.641071,0.6115741,0,1.60208,0,0,0,0,0,0,5.500629,4.351883,6.649385,0.592854,0.702737,0.482971,7.399219,6.222363,8.576074,0.5862364,0,2.108637,7.204567,6.108414,8.300721,9.871531,10,9.531964,-1,-1,-1,-1,-1,-1,-1,-1,-1,-1,-1,-1,-1,-1,-1,-1,-1,-1,-1,-1,-1,-1,-1,-1,-1,-1,-1,-1,-1,-1,-1,-1,-1,-1,-1,-1,-1,-1,-1,-1,-1,-1,-1,-1,-1,-1,-1,-1,-1,-1,0,0,0,0,0,0,-1,-1,-1,-1,-1,-1,-1,-1,-1,-1,-1,-1,0,0,0,0,0,0,-1,-1,-1,-1,-1,-1,-1,-1,-1,-1,-1,-1,-1,-1,False,False,0,0,False,207,0,0,0,0,0,0,0,0,0,0,0,0,0,0,0,1,
0,4282,2026-02-23 13:17:01Z,LLM_Empathetic,6.931828,7.222592,6.641064,0.6115803,0,1.602083,0,0,0,0,0,0,5.500624,4.351882,6.649377,0.592854,0.702737,0.482971,7.399216,6.222364,8.576068,0.5862404,0,2.108641,7.20456,6.10841,8.300712,9.871519,10,9.531947,6.931828,7.222592,6.641064,0.6115803,0,1.602083,0,0,0,0,0,0,5.500624,4.351882,6.649377,0.592854,0.702737,0.482971,7.399216,6.222364,8.576068,0.5862404,0,2.108641,7.20456,6.10841,8.300712,9.871519,10,9.531947,-1,-1,-1,-1,-1,-1,-1,-1,-1,-1,-1,-1,-1,-1,-1,-1,-1,-1,-1,-1,-1,-1,-1,-1,-1,-1,-1,-1,-1,-1,-1,-1,-1,-1,-1,-1,-1,-1,-1,-1,-1,-1,-1,-1,-1,-1,-1,-1,-1,-1,0,0,0,0,0,0,-1,-1,-1,-1,-1,-1,-1,-1,-1,-1,-1,-1,0,0,0,0,0,0,-1,-1,-1,-1,-1,-1,-1,-1,-1,-1,-1,-1,-1,-1,False,False,0,0,False,209,0,0,0,0,0,0,0,0,0,0,0,0,0,0,0,1,
0,4283,2026-02-23 13:17:01Z,LLM_Empathetic,6.931827,7.222592,6.641061,0.6115834,0,1.602085,0,0,0,0,0,0,5.500622,4.351881,6.649374,0.592854,0.702737,0.482971,7.399215,6.222365,8.576066,0.5862424,0,2.108643,7.204557,6.108408,8.300707,9.871512,10,9.53194,6.931827,7.222592,6.641061,0.6115834,0,1.602085,0,0,0,0,0,0,5.500622,4.351881,6.649374,0.592854,0.702737,0.482971,7.399215,6.222365,8.576066,0.5862424,0,2.108643,7.204557,6.108408,8.300707,9.871512,10,9.53194,-1,-1,-1,-1,-1,-1,-1,-1,-1,-1,-1,-1,-1,-1,-1,-1,-1,-1,-1,-1,-1,-1,-1,-1,-1,-1,-1,-1,-1,-1,-1,-1,-1,-1,-1,-1,-1,-1,-1,-1,-1,-1,-1,-1,-1,-1,-1,-1,-1,-1,0,0,0,0,0,0,-1,-1,-1,-1,-1,-1,-1,-1,-1,-1,-1,-1,0,0,0,0,0,0,-1,-1,-1,-1,-1,-1,-1,-1,-1,-1,-1,-1,-1,-1,False,False,0,0,False,209,0,0,0,0,0,0,0,0,0,0,0,0,0,0,0,1,
0,4284,2026-02-23 13:17:01Z,LLM_Empathetic,6.931825,7.222591,6.641057,0.6115865,0,1.602087,0,0,0,0,0,0,5.500619,4.35188,6.649369,0.592854,0.702737,0.482971,7.399214,6.222366,8.576063,0.5862443,0,2.108645,7.204554,6.108407,8.300702,9.871506,10,9.531931,6.931825,7.222591,6.641057,0.6115865,0,1.602087,0,0,0,0,0,0,5.500619,4.35188,6.649369,0.592854,0.702737,0.482971,7.399214,6.222366,8.576063,0.5862443,0,2.108645,7.204554,6.108407,8.300702,9.871506,10,9.531931,-1,-1,-1,-1,-1,-1,-1,-1,-1,-1,-1,-1,-1,-1,-1,-1,-1,-1,-1,-1,-1,-1,-1,-1,-1,-1,-1,-1,-1,-1,-1,-1,-1,-1,-1,-1,-1,-1,-1,-1,-1,-1,-1,-1,-1,-1,-1,-1,-1,-1,0,0,0,0,0,0,-1,-1,-1,-1,-1,-1,-1,-1,-1,-1,-1,-1,0,0,0,0,0,0,-1,-1,-1,-1,-1,-1,-1,-1,-1,-1,-1,-1,-1,-1,False,False,0,0,False,207,0,0,0,0,0,0,0,0,0,0,0,0,0,0,0,1,
0,4285,2026-02-23 13:17:01Z,LLM_Empathetic,6.931821,7.222591,6.641051,0.6115927,0,1.60209,0,0,0,0,0,0,5.500615,4.351878,6.649362,0.592854,0.702737,0.482971,7.399212,6.222367,8.576057,0.5862483,0,2.108649,7.204547,6.108403,8.300693,9.871492,10,9.531915,6.931821,7.222591,6.641051,0.6115927,0,1.60209,0,0,0,0,0,0,5.500615,4.351878,6.649362,0.592854,0.702737,0.482971,7.399212,6.222367,8.576057,0.5862483,0,2.108649,7.204547,6.108403,8.300693,9.871492,10,9.531915,-1,-1,-1,-1,-1,-1,-1,-1,-1,-1,-1,-1,-1,-1,-1,-1,-1,-1,-1,-1,-1,-1,-1,-1,-1,-1,-1,-1,-1,-1,-1,-1,-1,-1,-1,-1,-1,-1,-1,-1,-1,-1,-1,-1,-1,-1,-1,-1,-1,-1,0,0,0,0,0,0,-1,-1,-1,-1,-1,-1,-1,-1,-1,-1,-1,-1,0,0,0,0,0,0,-1,-1,-1,-1,-1,-1,-1,-1,-1,-1,-1,-1,-1,-1,False,False,0,0,False,209,0,0,0,0,0,0,0,0,0,0,0,0,0,0,0,1,
0,4286,2026-02-23 13:17:01Z,LLM_Empathetic,6.931819,7.22259,6.641047,0.6115958,0,1.602092,0,0,0,0,0,0,5.500612,4.351878,6.649358,0.592854,0.702737,0.482971,7.399211,6.222367,8.576055,0.5862504,0,2.108651,7.204544,6.108401,8.300688,9.871487,10,9.531906,6.931819,7.22259,6.641047,0.6115958,0,1.602092,0,0,0,0,0,0,5.500612,4.351878,6.649358,0.592854,0.702737,0.482971,7.399211,6.222367,8.576055,0.5862504,0,2.108651,7.204544,6.108401,8.300688,9.871487,10,9.531906,-1,-1,-1,-1,-1,-1,-1,-1,-1,-1,-1,-1,-1,-1,-1,-1,-1,-1,-1,-1,-1,-1,-1,-1,-1,-1,-1,-1,-1,-1,-1,-1,-1,-1,-1,-1,-1,-1,-1,-1,-1,-1,-1,-1,-1,-1,-1,-1,-1,-1,0,0,0,0,0,0,-1,-1,-1,-1,-1,-1,-1,-1,-1,-1,-1,-1,0,0,0,0,0,0,-1,-1,-1,-1,-1,-1,-1,-1,-1,-1,-1,-1,-1,-1,False,False,0,0,False,207,0,0,0,0,0,0,0,0,0,0,0,0,0,0,0,1,
0,4287,2026-02-23 13:17:01Z,LLM_Empathetic,6.931816,7.22259,6.641041,0.6116021,0,1.602095,0,0,0,0,0,0,5.500607,4.351876,6.64935,0.592854,0.702737,0.482971,7.399209,6.222369,8.57605,0.5862544,0,2.108655,7.204537,6.108397,8.300678,9.871473,10,9.53189,6.931816,7.22259,6.641041,0.6116021,0,1.602095,0,0,0,0,0,0,5.500607,4.351876,6.64935,0.592854,0.702737,0.482971,7.399209,6.222369,8.57605,0.5862544,0,2.108655,7.204537,6.108397,8.300678,9.871473,10,9.53189,-1,-1,-1,-1,-1,-1,-1,-1,-1,-1,-1,-1,-1,-1,-1,-1,-1,-1,-1,-1,-1,-1,-1,-1,-1,-1,-1,-1,-1,-1,-1,-1,-1,-1,-1,-1,-1,-1,-1,-1,-1,-1,-1,-1,-1,-1,-1,-1,-1,-1,0,0,0,0,0,0,-1,-1,-1,-1,-1,-1,-1,-1,-1,-1,-1,-1,0,0,0,0,0,0,-1,-1,-1,-1,-1,-1,-1,-1,-1,-1,-1,-1,-1,-1,False,False,0,0,False,207,0,0,0,0,0,0,0,0,0,0,0,0,0,0,0,1,
0,4288,2026-02-23 13:17:01Z,LLM_Empathetic,6.931814,7.222589,6.641037,0.6116052,0,1.602097,0,0,0,0,0,0,5.500605,4.351875,6.649346,0.592854,0.702737,0.482971,7.399208,6.222369,8.576047,0.5862563,0,2.108657,7.204535,6.108396,8.300673,9.871467,10,9.531882,6.931814,7.222589,6.641037,0.6116052,0,1.602097,0,0,0,0,0,0,5.500605,4.351875,6.649346,0.592854,0.702737,0.482971,7.399208,6.222369,8.576047,0.5862563,0,2.108657,7.204535,6.108396,8.300673,9.871467,10,9.531882,-1,-1,-1,-1,-1,-1,-1,-1,-1,-1,-1,-1,-1,-1,-1,-1,-1,-1,-1,-1,-1,-1,-1,-1,-1,-1,-1,-1,-1,-1,-1,-1,-1,-1,-1,-1,-1,-1,-1,-1,-1,-1,-1,-1,-1,-1,-1,-1,-1,-1,0,0,0,0,0,0,-1,-1,-1,-1,-1,-1,-1,-1,-1,-1,-1,-1,0,0,0,0,0,0,-1,-1,-1,-1,-1,-1,-1,-1,-1,-1,-1,-1,-1,-1,False,False,0,0,False,207,0,0,0,0,0,0,0,0,0,0,0,0,0,0,0,1,
0,4289,2026-02-23 13:17:01Z,LLM_Empathetic,6.931812,7.222589,6.641034,0.6116083,0,1.602099,0,0,0,0,0,0,5.500603,4.351874,6.649342,0.592854,0.702737,0.482971,7.399207,6.22237,8.576044,0.5862584,0,2.108659,7.204531,6.108394,8.300669,9.87146,10,9.531874,6.931812,7.222589,6.641034,0.6116083,0,1.602099,0,0,0,0,0,0,5.500603,4.351874,6.649342,0.592854,0.702737,0.482971,7.399207,6.22237,8.576044,0.5862584,0,2.108659,7.204531,6.108394,8.300669,9.87146,10,9.531874,-1,-1,-1,-1,-1,-1,-1,-1,-1,-1,-1,-1,-1,-1,-1,-1,-1,-1,-1,-1,-1,-1,-1,-1,-1,-1,-1,-1,-1,-1,-1,-1,-1,-1,-1,-1,-1,-1,-1,-1,-1,-1,-1,-1,-1,-1,-1,-1,-1,-1,0,0,0,0,0,0,-1,-1,-1,-1,-1,-1,-1,-1,-1,-1,-1,-1,0,0,0,0,0,0,-1,-1,-1,-1,-1,-1,-1,-1,-1,-1,-1,-1,-1,-1,False,False,0,0,False,209,0,0,0,0,0,0,0,0,0,0,0,0,0,0,0,1,
0,4290,2026-02-23 13:17:01Z,LLM_Empathetic,6.931808,7.222589,6.641027,0.6116145,0,1.602102,0,0,0,0,0,0,5.500598,4.351873,6.649334,0.592854,0.702737,0.482971,7.399204,6.222371,8.576038,0.5862623,0,2.108663,7.204525,6.10839,8.300659,9.871447,10,9.531857,6.931808,7.222589,6.641027,0.6116145,0,1.602102,0,0,0,0,0,0,5.500598,4.351873,6.649334,0.592854,0.702737,0.482971,7.399204,6.222371,8.576038,0.5862623,0,2.108663,7.204525,6.10839,8.300659,9.871447,10,9.531857,-1,-1,-1,-1,-1,-1,-1,-1,-1,-1,-1,-1,-1,-1,-1,-1,-1,-1,-1,-1,-1,-1,-1,-1,-1,-1,-1,-1,-1,-1,-1,-1,-1,-1,-1,-1,-1,-1,-1,-1,-1,-1,-1,-1,-1,-1,-1,-1,-1,-1,0,0,0,0,0,0,-1,-1,-1,-1,-1,-1,-1,-1,-1,-1,-1,-1,0,0,0,0,0,0,-1,-1,-1,-1,-1,-1,-1,-1,-1,-1,-1,-1,-1,-1,False,False,0,0,False,207,0,0,0,0,0,0,0,0,0,0,0,0,0,0,0,1,
0,4291,2026-02-23 13:17:01Z,LLM_Empathetic,6.931806,7.222588,6.641024,0.6116177,0,1.602104,0,0,0,0,0,0,5.500596,4.351872,6.64933,0.592854,0.702737,0.482971,7.399203,6.222371,8.576035,0.5862643,0,2.108665,7.204521,6.108389,8.300654,9.87144,10,9.531849,6.931806,7.222588,6.641024,0.6116177,0,1.602104,0,0,0,0,0,0,5.500596,4.351872,6.64933,0.592854,0.702737,0.482971,7.399203,6.222371,8.576035,0.5862643,0,2.108665,7.204521,6.108389,8.300654,9.87144,10,9.531849,-1,-1,-1,-1,-1,-1,-1,-1,-1,-1,-1,-1,-1,-1,-1,-1,-1,-1,-1,-1,-1,-1,-1,-1,-1,-1,-1,-1,-1,-1,-1,-1,-1,-1,-1,-1,-1,-1,-1,-1,-1,-1,-1,-1,-1,-1,-1,-1,-1,-1,0,0,0,0,0,0,-1,-1,-1,-1,-1,-1,-1,-1,-1,-1,-1,-1,0,0,0,0,0,0,-1,-1,-1,-1,-1,-1,-1,-1,-1,-1,-1,-1,-1,-1,False,False,0,0,False,209,0,0,0,0,0,0,0,0,0,0,0,0,0,0,0,1,
0,4292,2026-02-23 13:17:01Z,LLM_Empathetic,6.931803,7.222588,6.641017,0.6116239,0,1.602107,0,0,0,0,0,0,5.500591,4.351871,6.649322,0.592854,0.702737,0.482971,7.399201,6.222373,8.576031,0.5862683,0,2.108669,7.204515,6.108385,8.300645,9.871428,10,9.531833,6.931803,7.222588,6.641017,0.6116239,0,1.602107,0,0,0,0,0,0,5.500591,4.351871,6.649322,0.592854,0.702737,0.482971,7.399201,6.222373,8.576031,0.5862683,0,2.108669,7.204515,6.108385,8.300645,9.871428,10,9.531833,-1,-1,-1,-1,-1,-1,-1,-1,-1,-1,-1,-1,-1,-1,-1,-1,-1,-1,-1,-1,-1,-1,-1,-1,-1,-1,-1,-1,-1,-1,-1,-1,-1,-1,-1,-1,-1,-1,-1,-1,-1,-1,-1,-1,-1,-1,-1,-1,-1,-1,0,0,0,0,0,0,-1,-1,-1,-1,-1,-1,-1,-1,-1,-1,-1,-1,0,0,0,0,0,0,-1,-1,-1,-1,-1,-1,-1,-1,-1,-1,-1,-1,-1,-1,False,False,0,0,False,207,0,0,0,0,0,0,0,0,0,0,0,0,0,0,0,1,
0,4293,2026-02-23 13:17:01Z,LLM_Empathetic,6.931801,7.222587,6.641014,0.611627,0,1.602109,0,0,0,0,0,0,5.500589,4.35187,6.649318,0.592854,0.702737,0.482971,7.3992,6.222373,8.576028,0.5862703,0,2.108671,7.204511,6.108384,8.30064,9.871421,10,9.531824,6.931801,7.222587,6.641014,0.611627,0,1.602109,0,0,0,0,0,0,5.500589,4.35187,6.649318,0.592854,0.702737,0.482971,7.3992,6.222373,8.576028,0.5862703,0,2.108671,7.204511,6.108384,8.30064,9.871421,10,9.531824,-1,-1,-1,-1,-1,-1,-1,-1,-1,-1,-1,-1,-1,-1,-1,-1,-1,-1,-1,-1,-1,-1,-1,-1,-1,-1,-1,-1,-1,-1,-1,-1,-1,-1,-1,-1,-1,-1,-1,-1,-1,-1,-1,-1,-1,-1,-1,-1,-1,-1,0,0,0,0,0,0,-1,-1,-1,-1,-1,-1,-1,-1,-1,-1,-1,-1,0,0,0,0,0,0,-1,-1,-1,-1,-1,-1,-1,-1,-1,-1,-1,-1,-1,-1,False,False,0,0,False,209,0,0,0,0,0,0,0,0,0,0,0,0,0,0,0,1,
0,4294,2026-02-23 13:17:01Z,LLM_Empathetic,6.931797,7.222587,6.641007,0.6116333,0,1.602113,0,0,0,0,0,0,5.500584,4.351868,6.64931,0.592854,0.702737,0.482971,7.399198,6.222374,8.576022,0.5862743,0,2.108675,7.204505,6.10838,8.300631,9.871408,10,9.531808,6.931797,7.222587,6.641007,0.6116333,0,1.602113,0,0,0,0,0,0,5.500584,4.351868,6.64931,0.592854,0.702737,0.482971,7.399198,6.222374,8.576022,0.5862743,0,2.108675,7.204505,6.10838,8.300631,9.871408,10,9.531808,-1,-1,-1,-1,-1,-1,-1,-1,-1,-1,-1,-1,-1,-1,-1,-1,-1,-1,-1,-1,-1,-1,-1,-1,-1,-1,-1,-1,-1,-1,-1,-1,-1,-1,-1,-1,-1,-1,-1,-1,-1,-1,-1,-1,-1,-1,-1,-1,-1,-1,0,0,0,0,0,0,-1,-1,-1,-1,-1,-1,-1,-1,-1,-1,-1,-1,0,0,0,0,0,0,-1,-1,-1,-1,-1,-1,-1,-1,-1,-1,-1,-1,-1,-1,False,False,0,0,False,207,0,0,0,0,0,0,0,0,0,0,0,0,0,0,0,1,
0,4295,2026-02-23 13:17:01Z,LLM_Empathetic,6.931795,7.222586,6.641004,0.6116365,0,1.602114,0,0,0,0,0,0,5.500582,4.351867,6.649306,0.592854,0.702737,0.482971,7.399197,6.222374,8.576019,0.5862764,0,2.108677,7.204502,6.108378,8.300626,9.871401,10,9.531799,6.931795,7.222586,6.641004,0.6116365,0,1.602114,0,0,0,0,0,0,5.500582,4.351867,6.649306,0.592854,0.702737,0.482971,7.399197,6.222374,8.576019,0.5862764,0,2.108677,7.204502,6.108378,8.300626,9.871401,10,9.531799,-1,-1,-1,-1,-1,-1,-1,-1,-1,-1,-1,-1,-1,-1,-1,-1,-1,-1,-1,-1,-1,-1,-1,-1,-1,-1,-1,-1,-1,-1,-1,-1,-1,-1,-1,-1,-1,-1,-1,-1,-1,-1,-1,-1,-1,-1,-1,-1,-1,-1,0,0,0,0,0,0,-1,-1,-1,-1,-1,-1,-1,-1,-1,-1,-1,-1,0,0,0,0,0,0,-1,-1,-1,-1,-1,-1,-1,-1,-1,-1,-1,-1,-1,-1,False,False,0,0,False,207,0,0,0,0,0,0,0,0,0,0,0,0,0,0,0,1,
0,4296,2026-02-23 13:17:01Z,LLM_Empathetic,6.931793,7.222586,6.641001,0.6116396,0,1.602116,0,0,0,0,0,0,5.500579,4.351867,6.649302,0.592854,0.702737,0.482971,7.399196,6.222375,8.576016,0.5862784,0,2.108679,7.204498,6.108377,8.300621,9.871394,10,9.531792,6.931793,7.222586,6.641001,0.6116396,0,1.602116,0,0,0,0,0,0,5.500579,4.351867,6.649302,0.592854,0.702737,0.482971,7.399196,6.222375,8.576016,0.5862784,0,2.108679,7.204498,6.108377,8.300621,9.871394,10,9.531792,-1,-1,-1,-1,-1,-1,-1,-1,-1,-1,-1,-1,-1,-1,-1,-1,-1,-1,-1,-1,-1,-1,-1,-1,-1,-1,-1,-1,-1,-1,-1,-1,-1,-1,-1,-1,-1,-1,-1,-1,-1,-1,-1,-1,-1,-1,-1,-1,-1,-1,0,0,0,0,0,0,-1,-1,-1,-1,-1,-1,-1,-1,-1,-1,-1,-1,0,0,0,0,0,0,-1,-1,-1,-1,-1,-1,-1,-1,-1,-1,-1,-1,-1,-1,False,False,0,0,False,209,0,0,0,0,0,0,0,0,0,0,0,0,0,0,0,1,
0,4297,2026-02-23 13:17:01Z,LLM_Empathetic,6.93179,7.222585,6.640994,0.6116459,0,1.60212,0,0,0,0,0,0,5.500575,4.351865,6.649294,0.592854,0.702737,0.482971,7.399194,6.222376,8.576012,0.5862824,0,2.108683,7.204492,6.108373,8.300611,9.871381,10,9.531775,6.93179,7.222585,6.640994,0.6116459,0,1.60212,0,0,0,0,0,0,5.500575,4.351865,6.649294,0.592854,0.702737,0.482971,7.399194,6.222376,8.576012,0.5862824,0,2.108683,7.204492,6.108373,8.300611,9.871381,10,9.531775,-1,-1,-1,-1,-1,-1,-1,-1,-1,-1,-1,-1,-1,-1,-1,-1,-1,-1,-1,-1,-1,-1,-1,-1,-1,-1,-1,-1,-1,-1,-1,-1,-1,-1,-1,-1,-1,-1,-1,-1,-1,-1,-1,-1,-1,-1,-1,-1,-1,-1,0,0,0,0,0,0,-1,-1,-1,-1,-1,-1,-1,-1,-1,-1,-1,-1,0,0,0,0,0,0,-1,-1,-1,-1,-1,-1,-1,-1,-1,-1,-1,-1,-1,-1,False,False,0,0,False,209,0,0,0,0,0,0,0,0,0,0,0,0,0,0,0,1,
0,4298,2026-02-23 13:17:01Z,LLM_Empathetic,6.931788,7.222585,6.640991,0.611649,0,1.602121,0,0,0,0,0,0,5.500572,4.351864,6.649291,0.592854,0.702737,0.482971,7.399192,6.222377,8.576009,0.5862844,0,2.108685,7.204488,6.108371,8.300607,9.871375,10,9.531767,6.931788,7.222585,6.640991,0.611649,0,1.602121,0,0,0,0,0,0,5.500572,4.351864,6.649291,0.592854,0.702737,0.482971,7.399192,6.222377,8.576009,0.5862844,0,2.108685,7.204488,6.108371,8.300607,9.871375,10,9.531767,-1,-1,-1,-1,-1,-1,-1,-1,-1,-1,-1,-1,-1,-1,-1,-1,-1,-1,-1,-1,-1,-1,-1,-1,-1,-1,-1,-1,-1,-1,-1,-1,-1,-1,-1,-1,-1,-1,-1,-1,-1,-1,-1,-1,-1,-1,-1,-1,-1,-1,0,0,0,0,0,0,-1,-1,-1,-1,-1,-1,-1,-1,-1,-1,-1,-1,0,0,0,0,0,0,-1,-1,-1,-1,-1,-1,-1,-1,-1,-1,-1,-1,-1,-1,False,False,0,0,False,209,0,0,0,0,0,0,0,0,0,0,0,0,0,0,0,1,
0,4299,2026-02-23 13:17:01Z,LLM_Empathetic,6.931786,7.222585,6.640987,0.6116521,0,1.602123,0,0,0,0,0,0,5.50057,4.351863,6.649286,0.592854,0.702737,0.482971,7.399191,6.222377,8.576006,0.5862864,0,2.108687,7.204485,6.108369,8.300602,9.871368,10,9.531758,6.931786,7.222585,6.640987,0.6116521,0,1.602123,0,0,0,0,0,0,5.50057,4.351863,6.649286,0.592854,0.702737,0.482971,7.399191,6.222377,8.576006,0.5862864,0,2.108687,7.204485,6.108369,8.300602,9.871368,10,9.531758,-1,-1,-1,-1,-1,-1,-1,-1,-1,-1,-1,-1,-1,-1,-1,-1,-1,-1,-1,-1,-1,-1,-1,-1,-1,-1,-1,-1,-1,-1,-1,-1,-1,-1,-1,-1,-1,-1,-1,-1,-1,-1,-1,-1,-1,-1,-1,-1,-1,-1,0,0,0,0,0,0,-1,-1,-1,-1,-1,-1,-1,-1,-1,-1,-1,-1,0,0,0,0,0,0,-1,-1,-1,-1,-1,-1,-1,-1,-1,-1,-1,-1,-1,-1,False,False,0,0,False,207,0,0,0,0,0,0,0,0,0,0,0,0,0,0,0,1,
0,4300,2026-02-23 13:17:01Z,LLM_Empathetic,6.931784,7.222584,6.640984,0.6116553,0,1.602125,0,0,0,0,0,0,5.500567,4.351863,6.649282,0.592854,0.702737,0.482971,7.39919,6.222378,8.576003,0.5862884,0,2.108689,7.204482,6.108367,8.300597,9.871362,10,9.53175,6.931784,7.222584,6.640984,0.6116553,0,1.602125,0,0,0,0,0,0,5.500567,4.351863,6.649282,0.592854,0.702737,0.482971,7.39919,6.222378,8.576003,0.5862884,0,2.108689,7.204482,6.108367,8.300597,9.871362,10,9.53175,-1,-1,-1,-1,-1,-1,-1,-1,-1,-1,-1,-1,-1,-1,-1,-1,-1,-1,-1,-1,-1,-1,-1,-1,-1,-1,-1,-1,-1,-1,-1,-1,-1,-1,-1,-1,-1,-1,-1,-1,-1,-1,-1,-1,-1,-1,-1,-1,-1,-1,0,0,0,0,0,0,-1,-1,-1,-1,-1,-1,-1,-1,-1,-1,-1,-1,0,0,0,0,0,0,-1,-1,-1,-1,-1,-1,-1,-1,-1,-1,-1,-1,-1,-1,False,False,0,0,False,207,0,0,0,0,0,0,0,0,0,0,0,0,0,0,0,1,
0,4301,2026-02-23 13:17:01Z,LLM_Empathetic,6.931782,7.222584,6.640981,0.6116584,0,1.602126,0,0,0,0,0,0,5.500565,4.351862,6.649279,0.592854,0.702737,0.482971,7.399189,6.222379,8.576,0.5862904,0,2.108691,7.204478,6.108366,8.300592,9.871355,10,9.531742,6.931782,7.222584,6.640981,0.6116584,0,1.602126,0,0,0,0,0,0,5.500565,4.351862,6.649279,0.592854,0.702737,0.482971,7.399189,6.222379,8.576,0.5862904,0,2.108691,7.204478,6.108366,8.300592,9.871355,10,9.531742,-1,-1,-1,-1,-1,-1,-1,-1,-1,-1,-1,-1,-1,-1,-1,-1,-1,-1,-1,-1,-1,-1,-1,-1,-1,-1,-1,-1,-1,-1,-1,-1,-1,-1,-1,-1,-1,-1,-1,-1,-1,-1,-1,-1,-1,-1,-1,-1,-1,-1,0,0,0,0,0,0,-1,-1,-1,-1,-1,-1,-1,-1,-1,-1,-1,-1,0,0,0,0,0,0,-1,-1,-1,-1,-1,-1,-1,-1,-1,-1,-1,-1,-1,-1,False,False,0,0,False,209,0,0,0,0,0,0,0,0,0,0,0,0,0,0,0,1,
0,4302,2026-02-23 13:17:01Z,LLM_Empathetic,6.93178,7.222584,6.640977,0.6116616,0,1.602128,0,0,0,0,0,0,5.500563,4.351861,6.649274,0.592854,0.702737,0.482971,7.399188,6.222379,8.575997,0.5862924,0,2.108693,7.204475,6.108364,8.300588,9.871348,10,9.531734,6.93178,7.222584,6.640977,0.6116616,0,1.602128,0,0,0,0,0,0,5.500563,4.351861,6.649274,0.592854,0.702737,0.482971,7.399188,6.222379,8.575997,0.5862924,0,2.108693,7.204475,6.108364,8.300588,9.871348,10,9.531734,-1,-1,-1,-1,-1,-1,-1,-1,-1,-1,-1,-1,-1,-1,-1,-1,-1,-1,-1,-1,-1,-1,-1,-1,-1,-1,-1,-1,-1,-1,-1,-1,-1,-1,-1,-1,-1,-1,-1,-1,-1,-1,-1,-1,-1,-1,-1,-1,-1,-1,0,0,0,0,0,0,-1,-1,-1,-1,-1,-1,-1,-1,-1,-1,-1,-1,0,0,0,0,0,0,-1,-1,-1,-1,-1,-1,-1,-1,-1,-1,-1,-1,-1,-1,False,False,0,0,False,207,0,0,0,0,0,0,0,0,0,0,0,0,0,0,0,1,
0,4303,2026-02-23 13:17:01Z,LLM_Empathetic,6.931777,7.222583,6.640971,0.6116679,0,1.602132,0,0,0,0,0,0,5.500558,4.35186,6.649267,0.592854,0.702737,0.482971,7.399186,6.22238,8.575993,0.5862964,0,2.108697,7.204468,6.10836,8.300577,9.871335,10,9.531717,6.931777,7.222583,6.640971,0.6116679,0,1.602132,0,0,0,0,0,0,5.500558,4.35186,6.649267,0.592854,0.702737,0.482971,7.399186,6.22238,8.575993,0.5862964,0,2.108697,7.204468,6.10836,8.300577,9.871335,10,9.531717,-1,-1,-1,-1,-1,-1,-1,-1,-1,-1,-1,-1,-1,-1,-1,-1,-1,-1,-1,-1,-1,-1,-1,-1,-1,-1,-1,-1,-1,-1,-1,-1,-1,-1,-1,-1,-1,-1,-1,-1,-1,-1,-1,-1,-1,-1,-1,-1,-1,-1,0,0,0,0,0,0,-1,-1,-1,-1,-1,-1,-1,-1,-1,-1,-1,-1,0,0,0,0,0,0,-1,-1,-1,-1,-1,-1,-1,-1,-1,-1,-1,-1,-1,-1,False,False,0,0,False,209,0,0,0,0,0,0,0,0,0,0,0,0,0,0,0,1,
0,4304,2026-02-23 13:17:01Z,LLM_Empathetic,6.931775,7.222582,6.640967,0.611671,0,1.602133,0,0,0,0,0,0,5.500556,4.351859,6.649262,0.592854,0.702737,0.482971,7.399185,6.222381,8.57599,0.5862985,0,2.108699,7.204465,6.108358,8.300572,9.871328,10,9.531709,6.931775,7.222582,6.640967,0.611671,0,1.602133,0,0,0,0,0,0,5.500556,4.351859,6.649262,0.592854,0.702737,0.482971,7.399185,6.222381,8.57599,0.5862985,0,2.108699,7.204465,6.108358,8.300572,9.871328,10,9.531709,-1,-1,-1,-1,-1,-1,-1,-1,-1,-1,-1,-1,-1,-1,-1,-1,-1,-1,-1,-1,-1,-1,-1,-1,-1,-1,-1,-1,-1,-1,-1,-1,-1,-1,-1,-1,-1,-1,-1,-1,-1,-1,-1,-1,-1,-1,-1,-1,-1,-1,0,0,0,0,0,0,-1,-1,-1,-1,-1,-1,-1,-1,-1,-1,-1,-1,0,0,0,0,0,0,-1,-1,-1,-1,-1,-1,-1,-1,-1,-1,-1,-1,-1,-1,False,False,0,0,False,209,0,0,0,0,0,0,0,0,0,0,0,0,0,0,0,1,
0,4305,2026-02-23 13:17:01Z,LLM_Empathetic,6.931773,7.222582,6.640964,0.6116741,0,1.602135,0,0,0,0,0,0,5.500553,4.351858,6.649259,0.592854,0.702737,0.482971,7.399184,6.222381,8.575987,0.5863005,0,2.108701,7.204462,6.108356,8.300568,9.871322,10,9.5317,6.931773,7.222582,6.640964,0.6116741,0,1.602135,0,0,0,0,0,0,5.500553,4.351858,6.649259,0.592854,0.702737,0.482971,7.399184,6.222381,8.575987,0.5863005,0,2.108701,7.204462,6.108356,8.300568,9.871322,10,9.5317,-1,-1,-1,-1,-1,-1,-1,-1,-1,-1,-1,-1,-1,-1,-1,-1,-1,-1,-1,-1,-1,-1,-1,-1,-1,-1,-1,-1,-1,-1,-1,-1,-1,-1,-1,-1,-1,-1,-1,-1,-1,-1,-1,-1,-1,-1,-1,-1,-1,-1,0,0,0,0,0,0,-1,-1,-1,-1,-1,-1,-1,-1,-1,-1,-1,-1,0,0,0,0,0,0,-1,-1,-1,-1,-1,-1,-1,-1,-1,-1,-1,-1,-1,-1,False,False,0,0,False,207,0,0,0,0,0,0,0,0,0,0,0,0,0,0,0,1,
0,4306,2026-02-23 13:17:02Z,LLM_Empathetic,6.931771,7.222582,6.640961,0.6116773,0,1.602137,0,0,0,0,0,0,5.500551,4.351857,6.649255,0.592854,0.702737,0.482971,7.399183,6.222382,8.575984,0.5863025,0,2.108703,7.204459,6.108355,8.300563,9.871315,10,9.531692,6.931771,7.222582,6.640961,0.6116773,0,1.602137,0,0,0,0,0,0,5.500551,4.351857,6.649255,0.592854,0.702737,0.482971,7.399183,6.222382,8.575984,0.5863025,0,2.108703,7.204459,6.108355,8.300563,9.871315,10,9.531692,-1,-1,-1,-1,-1,-1,-1,-1,-1,-1,-1,-1,-1,-1,-1,-1,-1,-1,-1,-1,-1,-1,-1,-1,-1,-1,-1,-1,-1,-1,-1,-1,-1,-1,-1,-1,-1,-1,-1,-1,-1,-1,-1,-1,-1,-1,-1,-1,-1,-1,0,0,0,0,0,0,-1,-1,-1,-1,-1,-1,-1,-1,-1,-1,-1,-1,0,0,0,0,0,0,-1,-1,-1,-1,-1,-1,-1,-1,-1,-1,-1,-1,-1,-1,False,False,0,0,False,207,0,0,0,0,0,0,0,0,0,0,0,0,0,0,0,1,
0,4307,2026-02-23 13:17:02Z,LLM_Empathetic,6.931769,7.222581,6.640957,0.6116804,0,1.602139,0,0,0,0,0,0,5.500548,4.351856,6.649251,0.592854,0.702737,0.482971,7.399182,6.222383,8.575981,0.5863045,0,2.108705,7.204455,6.108353,8.300558,9.871308,10,9.531684,6.931769,7.222581,6.640957,0.6116804,0,1.602139,0,0,0,0,0,0,5.500548,4.351856,6.649251,0.592854,0.702737,0.482971,7.399182,6.222383,8.575981,0.5863045,0,2.108705,7.204455,6.108353,8.300558,9.871308,10,9.531684,-1,-1,-1,-1,-1,-1,-1,-1,-1,-1,-1,-1,-1,-1,-1,-1,-1,-1,-1,-1,-1,-1,-1,-1,-1,-1,-1,-1,-1,-1,-1,-1,-1,-1,-1,-1,-1,-1,-1,-1,-1,-1,-1,-1,-1,-1,-1,-1,-1,-1,0,0,0,0,0,0,-1,-1,-1,-1,-1,-1,-1,-1,-1,-1,-1,-1,0,0,0,0,0,0,-1,-1,-1,-1,-1,-1,-1,-1,-1,-1,-1,-1,-1,-1,False,False,0,0,False,207,0,0,0,0,0,0,0,0,0,0,0,0,0,0,0,1,
0,4308,2026-02-23 13:17:02Z,LLM_Empathetic,6.931767,7.222581,6.640954,0.6116836,0,1.60214,0,0,0,0,0,0,5.500546,4.351856,6.649247,0.592854,0.702737,0.482971,7.39918,6.222383,8.575978,0.5863066,0,2.108707,7.204452,6.108351,8.300553,9.871302,10,9.531675,6.931767,7.222581,6.640954,0.6116836,0,1.60214,0,0,0,0,0,0,5.500546,4.351856,6.649247,0.592854,0.702737,0.482971,7.39918,6.222383,8.575978,0.5863066,0,2.108707,7.204452,6.108351,8.300553,9.871302,10,9.531675,-1,-1,-1,-1,-1,-1,-1,-1,-1,-1,-1,-1,-1,-1,-1,-1,-1,-1,-1,-1,-1,-1,-1,-1,-1,-1,-1,-1,-1,-1,-1,-1,-1,-1,-1,-1,-1,-1,-1,-1,-1,-1,-1,-1,-1,-1,-1,-1,-1,-1,0,0,0,0,0,0,-1,-1,-1,-1,-1,-1,-1,-1,-1,-1,-1,-1,0,0,0,0,0,0,-1,-1,-1,-1,-1,-1,-1,-1,-1,-1,-1,-1,-1,-1,False,False,0,0,False,207,0,0,0,0,0,0,0,0,0,0,0,0,0,0,0,1,
0,4309,2026-02-23 13:17:02Z,LLM_Empathetic,6.931749,7.222578,6.64092,0.6117152,0,1.602158,0,0,0,0,0,0,5.500522,4.351848,6.649207,0.592854,0.702737,0.482971,7.39917,6.222389,8.575952,0.5863268,0,2.108727,7.204419,6.108333,8.300505,9.871236,10,9.531592,6.931749,7.222578,6.64092,0.6117152,0,1.602158,0,0,0,0,0,0,5.500522,4.351848,6.649207,0.592854,0.702737,0.482971,7.39917,6.222389,8.575952,0.5863268,0,2.108727,7.204419,6.108333,8.300505,9.871236,10,9.531592,-1,-1,-1,-1,-1,-1,-1,-1,-1,-1,-1,-1,-1,-1,-1,-1,-1,-1,-1,-1,-1,-1,-1,-1,-1,-1,-1,-1,-1,-1,-1,-1,-1,-1,-1,-1,-1,-1,-1,-1,-1,-1,-1,-1,-1,-1,-1,-1,-1,-1,0,0,0,0,0,0,-1,-1,-1,-1,-1,-1,-1,-1,-1,-1,-1,-1,0,0,0,0,0,0,-1,-1,-1,-1,-1,-1,-1,-1,-1,-1,-1,-1,-1,-1,False,False,0,0,False,207,0,0,0,0,0,0,0,0,0,0,0,0,0,0,0,1,
0,4310,2026-02-23 13:17:02Z,LLM_Empathetic,6.931747,7.222578,6.640916,0.6117184,0,1.60216,0,0,0,0,0,0,5.50052,4.351847,6.649203,0.592854,0.702737,0.482971,7.399168,6.222389,8.575949,0.5863288,0,2.108729,7.204415,6.108332,8.3005,9.871229,10,9.531584,6.931747,7.222578,6.640916,0.6117184,0,1.60216,0,0,0,0,0,0,5.50052,4.351847,6.649203,0.592854,0.702737,0.482971,7.399168,6.222389,8.575949,0.5863288,0,2.108729,7.204415,6.108332,8.3005,9.871229,10,9.531584,-1,-1,-1,-1,-1,-1,-1,-1,-1,-1,-1,-1,-1,-1,-1,-1,-1,-1,-1,-1,-1,-1,-1,-1,-1,-1,-1,-1,-1,-1,-1,-1,-1,-1,-1,-1,-1,-1,-1,-1,-1,-1,-1,-1,-1,-1,-1,-1,-1,-1,0,0,0,0,0,0,-1,-1,-1,-1,-1,-1,-1,-1,-1,-1,-1,-1,0,0,0,0,0,0,-1,-1,-1,-1,-1,-1,-1,-1,-1,-1,-1,-1,-1,-1,False,False,0,0,False,209,0,0,0,0,0,0,0,0,0,0,0,0,0,0,0,1,
0,4311,2026-02-23 13:17:02Z,LLM_Empathetic,6.931745,7.222577,6.640913,0.6117216,0,1.602161,0,0,0,0,0,0,5.500517,4.351846,6.649199,0.592854,0.702737,0.482971,7.399168,6.22239,8.575946,0.5863308,0,2.108731,7.204412,6.10833,8.300495,9.871222,10,9.531575,6.931745,7.222577,6.640913,0.6117216,0,1.602161,0,0,0,0,0,0,5.500517,4.351846,6.649199,0.592854,0.702737,0.482971,7.399168,6.22239,8.575946,0.5863308,0,2.108731,7.204412,6.10833,8.300495,9.871222,10,9.531575,-1,-1,-1,-1,-1,-1,-1,-1,-1,-1,-1,-1,-1,-1,-1,-1,-1,-1,-1,-1,-1,-1,-1,-1,-1,-1,-1,-1,-1,-1,-1,-1,-1,-1,-1,-1,-1,-1,-1,-1,-1,-1,-1,-1,-1,-1,-1,-1,-1,-1,0,0,0,0,0,0,-1,-1,-1,-1,-1,-1,-1,-1,-1,-1,-1,-1,0,0,0,0,0,0,-1,-1,-1,-1,-1,-1,-1,-1,-1,-1,-1,-1,-1,-1,False,False,0,0,False,209,0,0,0,0,0,0,0,0,0,0,0,0,0,0,0,1,
0,4312,2026-02-23 13:17:02Z,LLM_Empathetic,6.931741,7.222577,6.640906,0.6117279,0,1.602165,0,0,0,0,0,0,5.500513,4.351844,6.649191,0.592854,0.702737,0.482971,7.399165,6.222391,8.57594,0.5863349,0,2.108735,7.204405,6.108326,8.300486,9.871209,10,9.531559,6.931741,7.222577,6.640906,0.6117279,0,1.602165,0,0,0,0,0,0,5.500513,4.351844,6.649191,0.592854,0.702737,0.482971,7.399165,6.222391,8.57594,0.5863349,0,2.108735,7.204405,6.108326,8.300486,9.871209,10,9.531559,-1,-1,-1,-1,-1,-1,-1,-1,-1,-1,-1,-1,-1,-1,-1,-1,-1,-1,-1,-1,-1,-1,-1,-1,-1,-1,-1,-1,-1,-1,-1,-1,-1,-1,-1,-1,-1,-1,-1,-1,-1,-1,-1,-1,-1,-1,-1,-1,-1,-1,0,0,0,0,0,0,-1,-1,-1,-1,-1,-1,-1,-1,-1,-1,-1,-1,0,0,0,0,0,0,-1,-1,-1,-1,-1,-1,-1,-1,-1,-1,-1,-1,-1,-1,False,False,0,0,False,209,0,0,0,0,0,0,0,0,0,0,0,0,0,0,0,1,
0,4313,2026-02-23 13:17:02Z,LLM_Empathetic,6.93174,7.222576,6.640903,0.6117311,0,1.602167,0,0,0,0,0,0,5.50051,4.351844,6.649187,0.592854,0.702737,0.482971,7.399164,6.222392,8.575937,0.586337,0,2.108737,7.204402,6.108324,8.300481,9.871202,10,9.53155,6.93174,7.222576,6.640903,0.6117311,0,1.602167,0,0,0,0,0,0,5.50051,4.351844,6.649187,0.592854,0.702737,0.482971,7.399164,6.222392,8.575937,0.586337,0,2.108737,7.204402,6.108324,8.300481,9.871202,10,9.53155,-1,-1,-1,-1,-1,-1,-1,-1,-1,-1,-1,-1,-1,-1,-1,-1,-1,-1,-1,-1,-1,-1,-1,-1,-1,-1,-1,-1,-1,-1,-1,-1,-1,-1,-1,-1,-1,-1,-1,-1,-1,-1,-1,-1,-1,-1,-1,-1,-1,-1,0,0,0,0,0,0,-1,-1,-1,-1,-1,-1,-1,-1,-1,-1,-1,-1,0,0,0,0,0,0,-1,-1,-1,-1,-1,-1,-1,-1,-1,-1,-1,-1,-1,-1,False,False,0,0,False,207,0,0,0,0,0,0,0,0,0,0,0,0,0,0,0,1,
0,4314,2026-02-23 13:17:02Z,LLM_Empathetic,6.931738,7.222576,6.6409,0.6117343,0,1.602168,0,0,0,0,0,0,5.500508,4.351843,6.649183,0.592854,0.702737,0.482971,7.399163,6.222392,8.575934,0.586339,0,2.108739,7.204399,6.108323,8.300476,9.871196,10,9.531542,6.931738,7.222576,6.6409,0.6117343,0,1.602168,0,0,0,0,0,0,5.500508,4.351843,6.649183,0.592854,0.702737,0.482971,7.399163,6.222392,8.575934,0.586339,0,2.108739,7.204399,6.108323,8.300476,9.871196,10,9.531542,-1,-1,-1,-1,-1,-1,-1,-1,-1,-1,-1,-1,-1,-1,-1,-1,-1,-1,-1,-1,-1,-1,-1,-1,-1,-1,-1,-1,-1,-1,-1,-1,-1,-1,-1,-1,-1,-1,-1,-1,-1,-1,-1,-1,-1,-1,-1,-1,-1,-1,0,0,0,0,0,0,-1,-1,-1,-1,-1,-1,-1,-1,-1,-1,-1,-1,0,0,0,0,0,0,-1,-1,-1,-1,-1,-1,-1,-1,-1,-1,-1,-1,-1,-1,False,False,0,0,False,207,0,0,0,0,0,0,0,0,0,0,0,0,0,0,0,1,
0,4315,2026-02-23 13:17:02Z,LLM_Empathetic,6.931736,7.222576,6.640896,0.6117374,0,1.60217,0,0,0,0,0,0,5.500505,4.351842,6.649179,0.592854,0.702737,0.482971,7.399162,6.222393,8.575932,0.586341,0,2.108741,7.204395,6.108321,8.300471,9.871189,10,9.531533,6.931736,7.222576,6.640896,0.6117374,0,1.60217,0,0,0,0,0,0,5.500505,4.351842,6.649179,0.592854,0.702737,0.482971,7.399162,6.222393,8.575932,0.586341,0,2.108741,7.204395,6.108321,8.300471,9.871189,10,9.531533,-1,-1,-1,-1,-1,-1,-1,-1,-1,-1,-1,-1,-1,-1,-1,-1,-1,-1,-1,-1,-1,-1,-1,-1,-1,-1,-1,-1,-1,-1,-1,-1,-1,-1,-1,-1,-1,-1,-1,-1,-1,-1,-1,-1,-1,-1,-1,-1,-1,-1,0,0,0,0,0,0,-1,-1,-1,-1,-1,-1,-1,-1,-1,-1,-1,-1,0,0,0,0,0,0,-1,-1,-1,-1,-1,-1,-1,-1,-1,-1,-1,-1,-1,-1,False,False,0,0,False,209,0,0,0,0,0,0,0,0,0,0,0,0,0,0,0,1,
0,4316,2026-02-23 13:17:02Z,LLM_Empathetic,6.931734,7.222575,6.640893,0.6117406,0,1.602172,0,0,0,0,0,0,5.500503,4.351841,6.649175,0.592854,0.702737,0.482971,7.399161,6.222393,8.57593,0.5863431,0,2.108743,7.204392,6.108319,8.300467,9.871182,10,9.531526,6.931734,7.222575,6.640893,0.6117406,0,1.602172,0,0,0,0,0,0,5.500503,4.351841,6.649175,0.592854,0.702737,0.482971,7.399161,6.222393,8.57593,0.5863431,0,2.108743,7.204392,6.108319,8.300467,9.871182,10,9.531526,-1,-1,-1,-1,-1,-1,-1,-1,-1,-1,-1,-1,-1,-1,-1,-1,-1,-1,-1,-1,-1,-1,-1,-1,-1,-1,-1,-1,-1,-1,-1,-1,-1,-1,-1,-1,-1,-1,-1,-1,-1,-1,-1,-1,-1,-1,-1,-1,-1,-1,0,0,0,0,0,0,-1,-1,-1,-1,-1,-1,-1,-1,-1,-1,-1,-1,0,0,0,0,0,0,-1,-1,-1,-1,-1,-1,-1,-1,-1,-1,-1,-1,-1,-1,False,False,0,0,False,207,0,0,0,0,0,0,0,0,0,0,0,0,0,0,0,1,
0,4317,2026-02-23 13:17:02Z,LLM_Empathetic,6.93173,7.222574,6.640886,0.611747,0,1.602175,0,0,0,0,0,0,5.500498,4.35184,6.649167,0.592854,0.702737,0.482971,7.399159,6.222394,8.575924,0.5863471,0,2.108747,7.204385,6.108315,8.300456,9.871169,10,9.531508,6.93173,7.222574,6.640886,0.611747,0,1.602175,0,0,0,0,0,0,5.500498,4.35184,6.649167,0.592854,0.702737,0.482971,7.399159,6.222394,8.575924,0.5863471,0,2.108747,7.204385,6.108315,8.300456,9.871169,10,9.531508,-1,-1,-1,-1,-1,-1,-1,-1,-1,-1,-1,-1,-1,-1,-1,-1,-1,-1,-1,-1,-1,-1,-1,-1,-1,-1,-1,-1,-1,-1,-1,-1,-1,-1,-1,-1,-1,-1,-1,-1,-1,-1,-1,-1,-1,-1,-1,-1,-1,-1,0,0,0,0,0,0,-1,-1,-1,-1,-1,-1,-1,-1,-1,-1,-1,-1,0,0,0,0,0,0,-1,-1,-1,-1,-1,-1,-1,-1,-1,-1,-1,-1,-1,-1,False,False,0,0,False,209,0,0,0,0,0,0,0,0,0,0,0,0,0,0,0,1,
0,4318,2026-02-23 13:17:02Z,LLM_Empathetic,6.931728,7.222574,6.640882,0.6117501,0,1.602177,0,0,0,0,0,0,5.500495,4.351839,6.649163,0.592854,0.702737,0.482971,7.399158,6.222395,8.575921,0.5863491,0,2.10875,7.204382,6.108314,8.300451,9.871162,10,9.5315,6.931728,7.222574,6.640882,0.6117501,0,1.602177,0,0,0,0,0,0,5.500495,4.351839,6.649163,0.592854,0.702737,0.482971,7.399158,6.222395,8.575921,0.5863491,0,2.10875,7.204382,6.108314,8.300451,9.871162,10,9.5315,-1,-1,-1,-1,-1,-1,-1,-1,-1,-1,-1,-1,-1,-1,-1,-1,-1,-1,-1,-1,-1,-1,-1,-1,-1,-1,-1,-1,-1,-1,-1,-1,-1,-1,-1,-1,-1,-1,-1,-1,-1,-1,-1,-1,-1,-1,-1,-1,-1,-1,0,0,0,0,0,0,-1,-1,-1,-1,-1,-1,-1,-1,-1,-1,-1,-1,0,0,0,0,0,0,-1,-1,-1,-1,-1,-1,-1,-1,-1,-1,-1,-1,-1,-1,False,False,0,0,False,207,0,0,0,0,0,0,0,0,0,0,0,0,0,0,0,1,
0,4319,2026-02-23 13:17:02Z,LLM_Empathetic,6.931726,7.222574,6.640879,0.6117533,0,1.602179,0,0,0,0,0,0,5.500493,4.351838,6.649158,0.592854,0.702737,0.482971,7.399157,6.222395,8.575918,0.5863512,0,2.108752,7.204379,6.108312,8.300447,9.871156,10,9.531491,6.931726,7.222574,6.640879,0.6117533,0,1.602179,0,0,0,0,0,0,5.500493,4.351838,6.649158,0.592854,0.702737,0.482971,7.399157,6.222395,8.575918,0.5863512,0,2.108752,7.204379,6.108312,8.300447,9.871156,10,9.531491,-1,-1,-1,-1,-1,-1,-1,-1,-1,-1,-1,-1,-1,-1,-1,-1,-1,-1,-1,-1,-1,-1,-1,-1,-1,-1,-1,-1,-1,-1,-1,-1,-1,-1,-1,-1,-1,-1,-1,-1,-1,-1,-1,-1,-1,-1,-1,-1,-1,-1,0,0,0,0,0,0,-1,-1,-1,-1,-1,-1,-1,-1,-1,-1,-1,-1,0,0,0,0,0,0,-1,-1,-1,-1,-1,-1,-1,-1,-1,-1,-1,-1,-1,-1,False,False,0,0,False,209,0,0,0,0,0,0,0,0,0,0,0,0,0,0,0,1,
0,4320,2026-02-23 13:17:02Z,LLM_Empathetic,6.931725,7.222573,6.640876,0.6117565,0,1.602181,0,0,0,0,0,0,5.500491,4.351837,6.649155,0.592854,0.702737,0.482971,7.399156,6.222396,8.575915,0.5863532,0,2.108754,7.204375,6.10831,8.300442,9.871149,10,9.531484,6.931725,7.222573,6.640876,0.6117565,0,1.602181,0,0,0,0,0,0,5.500491,4.351837,6.649155,0.592854,0.702737,0.482971,7.399156,6.222396,8.575915,0.5863532,0,2.108754,7.204375,6.10831,8.300442,9.871149,10,9.531484,-1,-1,-1,-1,-1,-1,-1,-1,-1,-1,-1,-1,-1,-1,-1,-1,-1,-1,-1,-1,-1,-1,-1,-1,-1,-1,-1,-1,-1,-1,-1,-1,-1,-1,-1,-1,-1,-1,-1,-1,-1,-1,-1,-1,-1,-1,-1,-1,-1,-1,0,0,0,0,0,0,-1,-1,-1,-1,-1,-1,-1,-1,-1,-1,-1,-1,0,0,0,0,0,0,-1,-1,-1,-1,-1,-1,-1,-1,-1,-1,-1,-1,-1,-1,False,False,0,0,False,207,0,0,0,0,0,0,0,0,0,0,0,0,0,0,0,1,
0,4321,2026-02-23 13:17:02Z,LLM_Empathetic,6.931723,7.222573,6.640872,0.6117597,0,1.602182,0,0,0,0,0,0,5.500488,4.351837,6.64915,0.592854,0.702737,0.482971,7.399154,6.222396,8.575912,0.5863553,0,2.108756,7.204372,6.108308,8.300437,9.871142,10,9.531475,6.931723,7.222573,6.640872,0.6117597,0,1.602182,0,0,0,0,0,0,5.500488,4.351837,6.64915,0.592854,0.702737,0.482971,7.399154,6.222396,8.575912,0.5863553,0,2.108756,7.204372,6.108308,8.300437,9.871142,10,9.531475,-1,-1,-1,-1,-1,-1,-1,-1,-1,-1,-1,-1,-1,-1,-1,-1,-1,-1,-1,-1,-1,-1,-1,-1,-1,-1,-1,-1,-1,-1,-1,-1,-1,-1,-1,-1,-1,-1,-1,-1,-1,-1,-1,-1,-1,-1,-1,-1,-1,-1,0,0,0,0,0,0,-1,-1,-1,-1,-1,-1,-1,-1,-1,-1,-1,-1,0,0,0,0,0,0,-1,-1,-1,-1,-1,-1,-1,-1,-1,-1,-1,-1,-1,-1,False,False,0,0,False,209,0,0,0,0,0,0,0,0,0,0,0,0,0,0,0,1,
0,4322,2026-02-23 13:17:02Z,LLM_Empathetic,6.931721,7.222573,6.640869,0.6117629,0,1.602184,0,0,0,0,0,0,5.500486,4.351836,6.649147,0.592854,0.702737,0.482971,7.399153,6.222397,8.57591,0.5863573,0,2.108758,7.204369,6.108306,8.300432,9.871136,10,9.531466,6.931721,7.222573,6.640869,0.6117629,0,1.602184,0,0,0,0,0,0,5.500486,4.351836,6.649147,0.592854,0.702737,0.482971,7.399153,6.222397,8.57591,0.5863573,0,2.108758,7.204369,6.108306,8.300432,9.871136,10,9.531466,-1,-1,-1,-1,-1,-1,-1,-1,-1,-1,-1,-1,-1,-1,-1,-1,-1,-1,-1,-1,-1,-1,-1,-1,-1,-1,-1,-1,-1,-1,-1,-1,-1,-1,-1,-1,-1,-1,-1,-1,-1,-1,-1,-1,-1,-1,-1,-1,-1,-1,0,0,0,0,0,0,-1,-1,-1,-1,-1,-1,-1,-1,-1,-1,-1,-1,0,0,0,0,0,0,-1,-1,-1,-1,-1,-1,-1,-1,-1,-1,-1,-1,-1,-1,False,False,0,0,False,209,0,0,0,0,0,0,0,0,0,0,0,0,0,0,0,1,
0,4323,2026-02-23 13:17:02Z,LLM_Empathetic,6.931717,7.222572,6.640862,0.6117693,0,1.602188,0,0,0,0,0,0,5.500481,4.351834,6.649138,0.592854,0.702737,0.482971,7.399151,6.222398,8.575904,0.5863614,0,2.108762,7.204362,6.108303,8.300423,9.871122,10,9.531449,6.931717,7.222572,6.640862,0.6117693,0,1.602188,0,0,0,0,0,0,5.500481,4.351834,6.649138,0.592854,0.702737,0.482971,7.399151,6.222398,8.575904,0.5863614,0,2.108762,7.204362,6.108303,8.300423,9.871122,10,9.531449,-1,-1,-1,-1,-1,-1,-1,-1,-1,-1,-1,-1,-1,-1,-1,-1,-1,-1,-1,-1,-1,-1,-1,-1,-1,-1,-1,-1,-1,-1,-1,-1,-1,-1,-1,-1,-1,-1,-1,-1,-1,-1,-1,-1,-1,-1,-1,-1,-1,-1,0,0,0,0,0,0,-1,-1,-1,-1,-1,-1,-1,-1,-1,-1,-1,-1,0,0,0,0,0,0,-1,-1,-1,-1,-1,-1,-1,-1,-1,-1,-1,-1,-1,-1,False,False,0,0,False,207,0,0,0,0,0,0,0,0,0,0,0,0,0,0,0,1,
0,4324,2026-02-23 13:17:02Z,LLM_Empathetic,6.931715,7.222572,6.640859,0.6117725,0,1.602189,0,0,0,0,0,0,5.500479,4.351833,6.649135,0.592854,0.702737,0.482971,7.39915,6.222399,8.575902,0.5863634,0,2.108764,7.204359,6.108301,8.300417,9.871116,10,9.531442,6.931715,7.222572,6.640859,0.6117725,0,1.602189,0,0,0,0,0,0,5.500479,4.351833,6.649135,0.592854,0.702737,0.482971,7.39915,6.222399,8.575902,0.5863634,0,2.108764,7.204359,6.108301,8.300417,9.871116,10,9.531442,-1,-1,-1,-1,-1,-1,-1,-1,-1,-1,-1,-1,-1,-1,-1,-1,-1,-1,-1,-1,-1,-1,-1,-1,-1,-1,-1,-1,-1,-1,-1,-1,-1,-1,-1,-1,-1,-1,-1,-1,-1,-1,-1,-1,-1,-1,-1,-1,-1,-1,0,0,0,0,0,0,-1,-1,-1,-1,-1,-1,-1,-1,-1,-1,-1,-1,0,0,0,0,0,0,-1,-1,-1,-1,-1,-1,-1,-1,-1,-1,-1,-1,-1,-1,False,False,0,0,False,209,0,0,0,0,0,0,0,0,0,0,0,0,0,0,0,1,
0,4325,2026-02-23 13:17:02Z,LLM_Empathetic,6.931714,7.222571,6.640855,0.6117756,0,1.602191,0,0,0,0,0,0,5.500476,4.351832,6.64913,0.592854,0.702737,0.482971,7.399149,6.222399,8.575899,0.5863655,0,2.108766,7.204355,6.108299,8.300412,9.871109,10,9.531433,6.931714,7.222571,6.640855,0.6117756,0,1.602191,0,0,0,0,0,0,5.500476,4.351832,6.64913,0.592854,0.702737,0.482971,7.399149,6.222399,8.575899,0.5863655,0,2.108766,7.204355,6.108299,8.300412,9.871109,10,9.531433,-1,-1,-1,-1,-1,-1,-1,-1,-1,-1,-1,-1,-1,-1,-1,-1,-1,-1,-1,-1,-1,-1,-1,-1,-1,-1,-1,-1,-1,-1,-1,-1,-1,-1,-1,-1,-1,-1,-1,-1,-1,-1,-1,-1,-1,-1,-1,-1,-1,-1,0,0,0,0,0,0,-1,-1,-1,-1,-1,-1,-1,-1,-1,-1,-1,-1,0,0,0,0,0,0,-1,-1,-1,-1,-1,-1,-1,-1,-1,-1,-1,-1,-1,-1,False,False,0,0,False,209,0,0,0,0,0,0,0,0,0,0,0,0,0,0,0,1,
0,4326,2026-02-23 13:17:02Z,LLM_Empathetic,6.931712,7.222571,6.640852,0.6117789,0,1.602193,0,0,0,0,0,0,5.500474,4.351832,6.649127,0.592854,0.702737,0.482971,7.399148,6.2224,8.575896,0.5863675,0,2.108768,7.204352,6.108297,8.300407,9.871102,10,9.531425,6.931712,7.222571,6.640852,0.6117789,0,1.602193,0,0,0,0,0,0,5.500474,4.351832,6.649127,0.592854,0.702737,0.482971,7.399148,6.2224,8.575896,0.5863675,0,2.108768,7.204352,6.108297,8.300407,9.871102,10,9.531425,-1,-1,-1,-1,-1,-1,-1,-1,-1,-1,-1,-1,-1,-1,-1,-1,-1,-1,-1,-1,-1,-1,-1,-1,-1,-1,-1,-1,-1,-1,-1,-1,-1,-1,-1,-1,-1,-1,-1,-1,-1,-1,-1,-1,-1,-1,-1,-1,-1,-1,0,0,0,0,0,0,-1,-1,-1,-1,-1,-1,-1,-1,-1,-1,-1,-1,0,0,0,0,0,0,-1,-1,-1,-1,-1,-1,-1,-1,-1,-1,-1,-1,-1,-1,False,False,0,0,False,207,0,0,0,0,0,0,0,0,0,0,0,0,0,0,0,1,
0,4327,2026-02-23 13:17:02Z,LLM_Empathetic,6.93171,7.222571,6.640848,0.611782,0,1.602195,0,0,0,0,0,0,5.500472,4.351831,6.649122,0.592854,0.702737,0.482971,7.399147,6.222401,8.575893,0.5863696,0,2.10877,7.204349,6.108295,8.300403,9.871096,10,9.531416,6.93171,7.222571,6.640848,0.611782,0,1.602195,0,0,0,0,0,0,5.500472,4.351831,6.649122,0.592854,0.702737,0.482971,7.399147,6.222401,8.575893,0.5863696,0,2.10877,7.204349,6.108295,8.300403,9.871096,10,9.531416,-1,-1,-1,-1,-1,-1,-1,-1,-1,-1,-1,-1,-1,-1,-1,-1,-1,-1,-1,-1,-1,-1,-1,-1,-1,-1,-1,-1,-1,-1,-1,-1,-1,-1,-1,-1,-1,-1,-1,-1,-1,-1,-1,-1,-1,-1,-1,-1,-1,-1,0,0,0,0,0,0,-1,-1,-1,-1,-1,-1,-1,-1,-1,-1,-1,-1,0,0,0,0,0,0,-1,-1,-1,-1,-1,-1,-1,-1,-1,-1,-1,-1,-1,-1,False,False,0,0,False,209,0,0,0,0,0,0,0,0,0,0,0,0,0,0,0,1,
0,4328,2026-02-23 13:17:02Z,LLM_Empathetic,6.931708,7.22257,6.640845,0.6117852,0,1.602196,0,0,0,0,0,0,5.500469,4.35183,6.649118,0.592854,0.702737,0.482971,7.399146,6.222401,8.575891,0.5863717,0,2.108772,7.204345,6.108294,8.300398,9.871089,10,9.531407,6.931708,7.22257,6.640845,0.6117852,0,1.602196,0,0,0,0,0,0,5.500469,4.35183,6.649118,0.592854,0.702737,0.482971,7.399146,6.222401,8.575891,0.5863717,0,2.108772,7.204345,6.108294,8.300398,9.871089,10,9.531407,-1,-1,-1,-1,-1,-1,-1,-1,-1,-1,-1,-1,-1,-1,-1,-1,-1,-1,-1,-1,-1,-1,-1,-1,-1,-1,-1,-1,-1,-1,-1,-1,-1,-1,-1,-1,-1,-1,-1,-1,-1,-1,-1,-1,-1,-1,-1,-1,-1,-1,0,0,0,0,0,0,-1,-1,-1,-1,-1,-1,-1,-1,-1,-1,-1,-1,0,0,0,0,0,0,-1,-1,-1,-1,-1,-1,-1,-1,-1,-1,-1,-1,-1,-1,False,False,0,0,False,209,0,0,0,0,0,0,0,0,0,0,0,0,0,0,0,1,
0,4329,2026-02-23 13:17:02Z,LLM_Empathetic,6.931704,7.222569,6.640838,0.6117916,0,1.6022,0,0,0,0,0,0,5.500464,4.351829,6.64911,0.592854,0.702737,0.482971,7.399143,6.222402,8.575885,0.5863757,0,2.108776,7.204339,6.10829,8.300388,9.871076,10,9.531391,6.931704,7.222569,6.640838,0.6117916,0,1.6022,0,0,0,0,0,0,5.500464,4.351829,6.64911,0.592854,0.702737,0.482971,7.399143,6.222402,8.575885,0.5863757,0,2.108776,7.204339,6.10829,8.300388,9.871076,10,9.531391,-1,-1,-1,-1,-1,-1,-1,-1,-1,-1,-1,-1,-1,-1,-1,-1,-1,-1,-1,-1,-1,-1,-1,-1,-1,-1,-1,-1,-1,-1,-1,-1,-1,-1,-1,-1,-1,-1,-1,-1,-1,-1,-1,-1,-1,-1,-1,-1,-1,-1,0,0,0,0,0,0,-1,-1,-1,-1,-1,-1,-1,-1,-1,-1,-1,-1,0,0,0,0,0,0,-1,-1,-1,-1,-1,-1,-1,-1,-1,-1,-1,-1,-1,-1,False,False,0,0,False,209,0,0,0,0,0,0,0,0,0,0,0,0,0,0,0,1,
0,4330,2026-02-23 13:17:02Z,LLM_Empathetic,6.931702,7.222569,6.640835,0.6117948,0,1.602202,0,0,0,0,0,0,5.500462,4.351828,6.649106,0.592854,0.702737,0.482971,7.399142,6.222403,8.575882,0.5863778,0,2.108778,7.204335,6.108288,8.300383,9.871069,10,9.531383,6.931702,7.222569,6.640835,0.6117948,0,1.602202,0,0,0,0,0,0,5.500462,4.351828,6.649106,0.592854,0.702737,0.482971,7.399142,6.222403,8.575882,0.5863778,0,2.108778,7.204335,6.108288,8.300383,9.871069,10,9.531383,-1,-1,-1,-1,-1,-1,-1,-1,-1,-1,-1,-1,-1,-1,-1,-1,-1,-1,-1,-1,-1,-1,-1,-1,-1,-1,-1,-1,-1,-1,-1,-1,-1,-1,-1,-1,-1,-1,-1,-1,-1,-1,-1,-1,-1,-1,-1,-1,-1,-1,0,0,0,0,0,0,-1,-1,-1,-1,-1,-1,-1,-1,-1,-1,-1,-1,0,0,0,0,0,0,-1,-1,-1,-1,-1,-1,-1,-1,-1,-1,-1,-1,-1,-1,False,False,0,0,False,207,0,0,0,0,0,0,0,0,0,0,0,0,0,0,0,1,
0,4331,2026-02-23 13:17:02Z,LLM_Empathetic,6.9317,7.222569,6.640831,0.611798,0,1.602203,0,0,0,0,0,0,5.500459,4.351827,6.649102,0.592854,0.702737,0.482971,7.399141,6.222404,8.575879,0.5863798,0,2.10878,7.204332,6.108286,8.300378,9.871062,10,9.531374,6.9317,7.222569,6.640831,0.611798,0,1.602203,0,0,0,0,0,0,5.500459,4.351827,6.649102,0.592854,0.702737,0.482971,7.399141,6.222404,8.575879,0.5863798,0,2.10878,7.204332,6.108286,8.300378,9.871062,10,9.531374,-1,-1,-1,-1,-1,-1,-1,-1,-1,-1,-1,-1,-1,-1,-1,-1,-1,-1,-1,-1,-1,-1,-1,-1,-1,-1,-1,-1,-1,-1,-1,-1,-1,-1,-1,-1,-1,-1,-1,-1,-1,-1,-1,-1,-1,-1,-1,-1,-1,-1,0,0,0,0,0,0,-1,-1,-1,-1,-1,-1,-1,-1,-1,-1,-1,-1,0,0,0,0,0,0,-1,-1,-1,-1,-1,-1,-1,-1,-1,-1,-1,-1,-1,-1,False,False,0,0,False,209,0,0,0,0,0,0,0,0,0,0,0,0,0,0,0,1,
0,4332,2026-02-23 13:17:02Z,LLM_Empathetic,6.931698,7.222569,6.640828,0.6118013,0,1.602205,0,0,0,0,0,0,5.500457,4.351826,6.649098,0.592854,0.702737,0.482971,7.39914,6.222404,8.575876,0.5863819,0,2.108782,7.204329,6.108284,8.300373,9.871056,10,9.531365,6.931698,7.222569,6.640828,0.6118013,0,1.602205,0,0,0,0,0,0,5.500457,4.351826,6.649098,0.592854,0.702737,0.482971,7.39914,6.222404,8.575876,0.5863819,0,2.108782,7.204329,6.108284,8.300373,9.871056,10,9.531365,-1,-1,-1,-1,-1,-1,-1,-1,-1,-1,-1,-1,-1,-1,-1,-1,-1,-1,-1,-1,-1,-1,-1,-1,-1,-1,-1,-1,-1,-1,-1,-1,-1,-1,-1,-1,-1,-1,-1,-1,-1,-1,-1,-1,-1,-1,-1,-1,-1,-1,0,0,0,0,0,0,-1,-1,-1,-1,-1,-1,-1,-1,-1,-1,-1,-1,0,0,0,0,0,0,-1,-1,-1,-1,-1,-1,-1,-1,-1,-1,-1,-1,-1,-1,False,False,0,0,False,207,0,0,0,0,0,0,0,0,0,0,0,0,0,0,0,1,
0,4333,2026-02-23 13:17:03Z,LLM_Empathetic,6.931696,7.222569,6.640824,0.6118044,0,1.602207,0,0,0,0,0,0,5.500454,4.351825,6.649094,0.592854,0.702737,0.482971,7.399139,6.222404,8.575873,0.5863839,0,2.108784,7.204325,6.108283,8.300368,9.871048,10,9.531357,6.931696,7.222569,6.640824,0.6118044,0,1.602207,0,0,0,0,0,0,5.500454,4.351825,6.649094,0.592854,0.702737,0.482971,7.399139,6.222404,8.575873,0.5863839,0,2.108784,7.204325,6.108283,8.300368,9.871048,10,9.531357,-1,-1,-1,-1,-1,-1,-1,-1,-1,-1,-1,-1,-1,-1,-1,-1,-1,-1,-1,-1,-1,-1,-1,-1,-1,-1,-1,-1,-1,-1,-1,-1,-1,-1,-1,-1,-1,-1,-1,-1,-1,-1,-1,-1,-1,-1,-1,-1,-1,-1,0,0,0,0,0,0,-1,-1,-1,-1,-1,-1,-1,-1,-1,-1,-1,-1,0,0,0,0,0,0,-1,-1,-1,-1,-1,-1,-1,-1,-1,-1,-1,-1,-1,-1,False,False,0,0,False,209,0,0,0,0,0,0,0,0,0,0,0,0,0,0,0,1,
0,4334,2026-02-23 13:17:03Z,LLM_Empathetic,6.931695,7.222568,6.640821,0.6118076,0,1.602209,0,0,0,0,0,0,5.500452,4.351825,6.64909,0.592854,0.702737,0.482971,7.399138,6.222405,8.575871,0.586386,0,2.108786,7.204321,6.108281,8.300364,9.871041,10,9.531348,6.931695,7.222568,6.640821,0.6118076,0,1.602209,0,0,0,0,0,0,5.500452,4.351825,6.64909,0.592854,0.702737,0.482971,7.399138,6.222405,8.575871,0.586386,0,2.108786,7.204321,6.108281,8.300364,9.871041,10,9.531348,-1,-1,-1,-1,-1,-1,-1,-1,-1,-1,-1,-1,-1,-1,-1,-1,-1,-1,-1,-1,-1,-1,-1,-1,-1,-1,-1,-1,-1,-1,-1,-1,-1,-1,-1,-1,-1,-1,-1,-1,-1,-1,-1,-1,-1,-1,-1,-1,-1,-1,0,0,0,0,0,0,-1,-1,-1,-1,-1,-1,-1,-1,-1,-1,-1,-1,0,0,0,0,0,0,-1,-1,-1,-1,-1,-1,-1,-1,-1,-1,-1,-1,-1,-1,False,False,0,0,False,209,0,0,0,0,0,0,0,0,0,0,0,0,0,0,0,1,
0,4335,2026-02-23 13:17:03Z,LLM_Empathetic,6.931693,7.222568,6.640818,0.6118109,0,1.602211,0,0,0,0,0,0,5.50045,4.351824,6.649086,0.592854,0.702737,0.482971,7.399137,6.222405,8.575869,0.5863881,0,2.108788,7.204318,6.108279,8.300359,9.871035,10,9.531341,6.931693,7.222568,6.640818,0.6118109,0,1.602211,0,0,0,0,0,0,5.50045,4.351824,6.649086,0.592854,0.702737,0.482971,7.399137,6.222405,8.575869,0.5863881,0,2.108788,7.204318,6.108279,8.300359,9.871035,10,9.531341,-1,-1,-1,-1,-1,-1,-1,-1,-1,-1,-1,-1,-1,-1,-1,-1,-1,-1,-1,-1,-1,-1,-1,-1,-1,-1,-1,-1,-1,-1,-1,-1,-1,-1,-1,-1,-1,-1,-1,-1,-1,-1,-1,-1,-1,-1,-1,-1,-1,-1,0,0,0,0,0,0,-1,-1,-1,-1,-1,-1,-1,-1,-1,-1,-1,-1,0,0,0,0,0,0,-1,-1,-1,-1,-1,-1,-1,-1,-1,-1,-1,-1,-1,-1,False,False,0,0,False,209,0,0,0,0,0,0,0,0,0,0,0,0,0,0,0,1,
0,4336,2026-02-23 13:17:03Z,LLM_Empathetic,6.931691,7.222567,6.640814,0.6118141,0,1.602212,0,0,0,0,0,0,5.500447,4.351823,6.649082,0.592854,0.702737,0.482971,7.399136,6.222406,8.575866,0.5863901,0,2.10879,7.204315,6.108277,8.300354,9.871028,10,9.531332,6.931691,7.222567,6.640814,0.6118141,0,1.602212,0,0,0,0,0,0,5.500447,4.351823,6.649082,0.592854,0.702737,0.482971,7.399136,6.222406,8.575866,0.5863901,0,2.10879,7.204315,6.108277,8.300354,9.871028,10,9.531332,-1,-1,-1,-1,-1,-1,-1,-1,-1,-1,-1,-1,-1,-1,-1,-1,-1,-1,-1,-1,-1,-1,-1,-1,-1,-1,-1,-1,-1,-1,-1,-1,-1,-1,-1,-1,-1,-1,-1,-1,-1,-1,-1,-1,-1,-1,-1,-1,-1,-1,0,0,0,0,0,0,-1,-1,-1,-1,-1,-1,-1,-1,-1,-1,-1,-1,0,0,0,0,0,0,-1,-1,-1,-1,-1,-1,-1,-1,-1,-1,-1,-1,-1,-1,False,False,0,0,False,209,0,0,0,0,0,0,0,0,0,0,0,0,0,0,0,1,
0,4337,2026-02-23 13:17:03Z,LLM_Empathetic,6.931689,7.222567,6.64081,0.6118173,0,1.602214,0,0,0,0,0,0,5.500445,4.351822,6.649078,0.592854,0.702737,0.482971,7.399135,6.222407,8.575863,0.5863922,0,2.108793,7.204311,6.108275,8.300348,9.871021,10,9.531323,6.931689,7.222567,6.64081,0.6118173,0,1.602214,0,0,0,0,0,0,5.500445,4.351822,6.649078,0.592854,0.702737,0.482971,7.399135,6.222407,8.575863,0.5863922,0,2.108793,7.204311,6.108275,8.300348,9.871021,10,9.531323,-1,-1,-1,-1,-1,-1,-1,-1,-1,-1,-1,-1,-1,-1,-1,-1,-1,-1,-1,-1,-1,-1,-1,-1,-1,-1,-1,-1,-1,-1,-1,-1,-1,-1,-1,-1,-1,-1,-1,-1,-1,-1,-1,-1,-1,-1,-1,-1,-1,-1,0,0,0,0,0,0,-1,-1,-1,-1,-1,-1,-1,-1,-1,-1,-1,-1,0,0,0,0,0,0,-1,-1,-1,-1,-1,-1,-1,-1,-1,-1,-1,-1,-1,-1,False,False,0,0,False,209,0,0,0,0,0,0,0,0,0,0,0,0,0,0,0,1,
0,4338,2026-02-23 13:17:03Z,LLM_Empathetic,6.931687,7.222567,6.640807,0.6118205,0,1.602216,0,0,0,0,0,0,5.500443,4.351821,6.649074,0.592854,0.702737,0.482971,7.399133,6.222407,8.57586,0.5863942,0,2.108795,7.204308,6.108274,8.300344,9.871015,10,9.531315,6.931687,7.222567,6.640807,0.6118205,0,1.602216,0,0,0,0,0,0,5.500443,4.351821,6.649074,0.592854,0.702737,0.482971,7.399133,6.222407,8.57586,0.5863942,0,2.108795,7.204308,6.108274,8.300344,9.871015,10,9.531315,-1,-1,-1,-1,-1,-1,-1,-1,-1,-1,-1,-1,-1,-1,-1,-1,-1,-1,-1,-1,-1,-1,-1,-1,-1,-1,-1,-1,-1,-1,-1,-1,-1,-1,-1,-1,-1,-1,-1,-1,-1,-1,-1,-1,-1,-1,-1,-1,-1,-1,0,0,0,0,0,0,-1,-1,-1,-1,-1,-1,-1,-1,-1,-1,-1,-1,0,0,0,0,0,0,-1,-1,-1,-1,-1,-1,-1,-1,-1,-1,-1,-1,-1,-1,False,False,0,0,False,209,0,0,0,0,0,0,0,0,0,0,0,0,0,0,0,1,
0,4339,2026-02-23 13:17:03Z,LLM_Empathetic,6.931685,7.222566,6.640804,0.6118237,0,1.602218,0,0,0,0,0,0,5.50044,4.35182,6.64907,0.592854,0.702737,0.482971,7.399132,6.222408,8.575857,0.5863963,0,2.108797,7.204305,6.108272,8.300339,9.871008,10,9.531306,6.931685,7.222566,6.640804,0.6118237,0,1.602218,0,0,0,0,0,0,5.50044,4.35182,6.64907,0.592854,0.702737,0.482971,7.399132,6.222408,8.575857,0.5863963,0,2.108797,7.204305,6.108272,8.300339,9.871008,10,9.531306,-1,-1,-1,-1,-1,-1,-1,-1,-1,-1,-1,-1,-1,-1,-1,-1,-1,-1,-1,-1,-1,-1,-1,-1,-1,-1,-1,-1,-1,-1,-1,-1,-1,-1,-1,-1,-1,-1,-1,-1,-1,-1,-1,-1,-1,-1,-1,-1,-1,-1,0,0,0,0,0,0,-1,-1,-1,-1,-1,-1,-1,-1,-1,-1,-1,-1,0,0,0,0,0,0,-1,-1,-1,-1,-1,-1,-1,-1,-1,-1,-1,-1,-1,-1,False,False,0,0,False,207,0,0,0,0,0,0,0,0,0,0,0,0,0,0,0,1,
0,4340,2026-02-23 13:17:03Z,LLM_Empathetic,6.931683,7.222566,6.6408,0.611827,0,1.602219,0,0,0,0,0,0,5.500438,4.35182,6.649065,0.592854,0.702737,0.482971,7.399131,6.222408,8.575854,0.5863984,0,2.108799,7.204301,6.10827,8.300334,9.871001,10,9.531298,6.931683,7.222566,6.6408,0.611827,0,1.602219,0,0,0,0,0,0,5.500438,4.35182,6.649065,0.592854,0.702737,0.482971,7.399131,6.222408,8.575854,0.5863984,0,2.108799,7.204301,6.10827,8.300334,9.871001,10,9.531298,-1,-1,-1,-1,-1,-1,-1,-1,-1,-1,-1,-1,-1,-1,-1,-1,-1,-1,-1,-1,-1,-1,-1,-1,-1,-1,-1,-1,-1,-1,-1,-1,-1,-1,-1,-1,-1,-1,-1,-1,-1,-1,-1,-1,-1,-1,-1,-1,-1,-1,0,0,0,0,0,0,-1,-1,-1,-1,-1,-1,-1,-1,-1,-1,-1,-1,0,0,0,0,0,0,-1,-1,-1,-1,-1,-1,-1,-1,-1,-1,-1,-1,-1,-1,False,False,0,0,False,209,0,0,0,0,0,0,0,0,0,0,0,0,0,0,0,1,
0,4341,2026-02-23 13:17:03Z,LLM_Empathetic,6.931681,7.222566,6.640797,0.6118302,0,1.602221,0,0,0,0,0,0,5.500435,4.351819,6.649062,0.592854,0.702737,0.482971,7.39913,6.222409,8.575851,0.5864004,0,2.108801,7.204298,6.108268,8.300329,9.870995,10,9.531289,6.931681,7.222566,6.640797,0.6118302,0,1.602221,0,0,0,0,0,0,5.500435,4.351819,6.649062,0.592854,0.702737,0.482971,7.39913,6.222409,8.575851,0.5864004,0,2.108801,7.204298,6.108268,8.300329,9.870995,10,9.531289,-1,-1,-1,-1,-1,-1,-1,-1,-1,-1,-1,-1,-1,-1,-1,-1,-1,-1,-1,-1,-1,-1,-1,-1,-1,-1,-1,-1,-1,-1,-1,-1,-1,-1,-1,-1,-1,-1,-1,-1,-1,-1,-1,-1,-1,-1,-1,-1,-1,-1,0,0,0,0,0,0,-1,-1,-1,-1,-1,-1,-1,-1,-1,-1,-1,-1,0,0,0,0,0,0,-1,-1,-1,-1,-1,-1,-1,-1,-1,-1,-1,-1,-1,-1,False,False,0,0,False,209,0,0,0,0,0,0,0,0,0,0,0,0,0,0,0,1,
0,4342,2026-02-23 13:17:03Z,LLM_Empathetic,6.931679,7.222565,6.640793,0.6118334,0,1.602223,0,0,0,0,0,0,5.500432,4.351818,6.649057,0.592854,0.702737,0.482971,7.399129,6.22241,8.575849,0.5864025,0,2.108803,7.204295,6.108266,8.300324,9.870988,10,9.531281,6.931679,7.222565,6.640793,0.6118334,0,1.602223,0,0,0,0,0,0,5.500432,4.351818,6.649057,0.592854,0.702737,0.482971,7.399129,6.22241,8.575849,0.5864025,0,2.108803,7.204295,6.108266,8.300324,9.870988,10,9.531281,-1,-1,-1,-1,-1,-1,-1,-1,-1,-1,-1,-1,-1,-1,-1,-1,-1,-1,-1,-1,-1,-1,-1,-1,-1,-1,-1,-1,-1,-1,-1,-1,-1,-1,-1,-1,-1,-1,-1,-1,-1,-1,-1,-1,-1,-1,-1,-1,-1,-1,0,0,0,0,0,0,-1,-1,-1,-1,-1,-1,-1,-1,-1,-1,-1,-1,0,0,0,0,0,0,-1,-1,-1,-1,-1,-1,-1,-1,-1,-1,-1,-1,-1,-1,False,False,0,0,False,209,0,0,0,0,0,0,0,0,0,0,0,0,0,0,0,1,
0,4343,2026-02-23 13:17:03Z,LLM_Empathetic,6.931675,7.222565,6.640787,0.6118398,0,1.602226,0,0,0,0,0,0,5.500428,4.351817,6.649049,0.592854,0.702737,0.482971,7.399127,6.222411,8.575843,0.5864066,0,2.108807,7.204288,6.108263,8.300314,9.870975,10,9.531264,6.931675,7.222565,6.640787,0.6118398,0,1.602226,0,0,0,0,0,0,5.500428,4.351817,6.649049,0.592854,0.702737,0.482971,7.399127,6.222411,8.575843,0.5864066,0,2.108807,7.204288,6.108263,8.300314,9.870975,10,9.531264,-1,-1,-1,-1,-1,-1,-1,-1,-1,-1,-1,-1,-1,-1,-1,-1,-1,-1,-1,-1,-1,-1,-1,-1,-1,-1,-1,-1,-1,-1,-1,-1,-1,-1,-1,-1,-1,-1,-1,-1,-1,-1,-1,-1,-1,-1,-1,-1,-1,-1,0,0,0,0,0,0,-1,-1,-1,-1,-1,-1,-1,-1,-1,-1,-1,-1,0,0,0,0,0,0,-1,-1,-1,-1,-1,-1,-1,-1,-1,-1,-1,-1,-1,-1,False,False,0,0,False,209,0,0,0,0,0,0,0,0,0,0,0,0,0,0,0,1,
0,4344,2026-02-23 13:17:03Z,LLM_Empathetic,6.931674,7.222564,6.640783,0.611843,0,1.602228,0,0,0,0,0,0,5.500425,4.351816,6.649045,0.592854,0.702737,0.482971,7.399126,6.222411,8.57584,0.5864086,0,2.108809,7.204284,6.108261,8.300309,9.870968,10,9.531256,6.931674,7.222564,6.640783,0.611843,0,1.602228,0,0,0,0,0,0,5.500425,4.351816,6.649045,0.592854,0.702737,0.482971,7.399126,6.222411,8.57584,0.5864086,0,2.108809,7.204284,6.108261,8.300309,9.870968,10,9.531256,-1,-1,-1,-1,-1,-1,-1,-1,-1,-1,-1,-1,-1,-1,-1,-1,-1,-1,-1,-1,-1,-1,-1,-1,-1,-1,-1,-1,-1,-1,-1,-1,-1,-1,-1,-1,-1,-1,-1,-1,-1,-1,-1,-1,-1,-1,-1,-1,-1,-1,0,0,0,0,0,0,-1,-1,-1,-1,-1,-1,-1,-1,-1,-1,-1,-1,0,0,0,0,0,0,-1,-1,-1,-1,-1,-1,-1,-1,-1,-1,-1,-1,-1,-1,False,False,0,0,False,209,0,0,0,0,0,0,0,0,0,0,0,0,0,0,0,1,
0,4345,2026-02-23 13:17:03Z,LLM_Empathetic,6.931672,7.222564,6.640779,0.6118463,0,1.60223,0,0,0,0,0,0,5.500423,4.351815,6.649041,0.592854,0.702737,0.482971,7.399125,6.222412,8.575837,0.5864107,0,2.108811,7.204281,6.108259,8.300304,9.87096,10,9.531247,6.931672,7.222564,6.640779,0.6118463,0,1.60223,0,0,0,0,0,0,5.500423,4.351815,6.649041,0.592854,0.702737,0.482971,7.399125,6.222412,8.575837,0.5864107,0,2.108811,7.204281,6.108259,8.300304,9.87096,10,9.531247,-1,-1,-1,-1,-1,-1,-1,-1,-1,-1,-1,-1,-1,-1,-1,-1,-1,-1,-1,-1,-1,-1,-1,-1,-1,-1,-1,-1,-1,-1,-1,-1,-1,-1,-1,-1,-1,-1,-1,-1,-1,-1,-1,-1,-1,-1,-1,-1,-1,-1,0,0,0,0,0,0,-1,-1,-1,-1,-1,-1,-1,-1,-1,-1,-1,-1,0,0,0,0,0,0,-1,-1,-1,-1,-1,-1,-1,-1,-1,-1,-1,-1,-1,-1,False,False,0,0,False,209,0,0,0,0,0,0,0,0,0,0,0,0,0,0,0,1,
0,4346,2026-02-23 13:17:03Z,LLM_Empathetic,6.931668,7.222563,6.640773,0.6118527,0,1.602234,0,0,0,0,0,0,5.500418,4.351813,6.649033,0.592854,0.702737,0.482971,7.399122,6.222413,8.575832,0.5864148,0,2.108815,7.204274,6.108255,8.300294,9.870947,10,9.53123,6.931668,7.222563,6.640773,0.6118527,0,1.602234,0,0,0,0,0,0,5.500418,4.351813,6.649033,0.592854,0.702737,0.482971,7.399122,6.222413,8.575832,0.5864148,0,2.108815,7.204274,6.108255,8.300294,9.870947,10,9.53123,-1,-1,-1,-1,-1,-1,-1,-1,-1,-1,-1,-1,-1,-1,-1,-1,-1,-1,-1,-1,-1,-1,-1,-1,-1,-1,-1,-1,-1,-1,-1,-1,-1,-1,-1,-1,-1,-1,-1,-1,-1,-1,-1,-1,-1,-1,-1,-1,-1,-1,0,0,0,0,0,0,-1,-1,-1,-1,-1,-1,-1,-1,-1,-1,-1,-1,0,0,0,0,0,0,-1,-1,-1,-1,-1,-1,-1,-1,-1,-1,-1,-1,-1,-1,False,False,0,0,False,209,0,0,0,0,0,0,0,0,0,0,0,0,0,0,0,1,
0,4347,2026-02-23 13:17:03Z,LLM_Empathetic,6.931666,7.222563,6.640769,0.6118559,0,1.602235,0,0,0,0,0,0,5.500416,4.351812,6.649029,0.592854,0.702737,0.482971,7.399121,6.222414,8.57583,0.5864169,0,2.108817,7.204271,6.108253,8.300289,9.87094,10,9.531221,6.931666,7.222563,6.640769,0.6118559,0,1.602235,0,0,0,0,0,0,5.500416,4.351812,6.649029,0.592854,0.702737,0.482971,7.399121,6.222414,8.57583,0.5864169,0,2.108817,7.204271,6.108253,8.300289,9.87094,10,9.531221,-1,-1,-1,-1,-1,-1,-1,-1,-1,-1,-1,-1,-1,-1,-1,-1,-1,-1,-1,-1,-1,-1,-1,-1,-1,-1,-1,-1,-1,-1,-1,-1,-1,-1,-1,-1,-1,-1,-1,-1,-1,-1,-1,-1,-1,-1,-1,-1,-1,-1,0,0,0,0,0,0,-1,-1,-1,-1,-1,-1,-1,-1,-1,-1,-1,-1,0,0,0,0,0,0,-1,-1,-1,-1,-1,-1,-1,-1,-1,-1,-1,-1,-1,-1,False,False,0,0,False,207,0,0,0,0,0,0,0,0,0,0,0,0,0,0,0,1,
0,4348,2026-02-23 13:17:03Z,LLM_Empathetic,6.931664,7.222562,6.640766,0.6118591,0,1.602237,0,0,0,0,0,0,5.500413,4.351812,6.649025,0.592854,0.702737,0.482971,7.39912,6.222414,8.575827,0.586419,0,2.108819,7.204268,6.108252,8.300284,9.870934,10,9.531213,6.931664,7.222562,6.640766,0.6118591,0,1.602237,0,0,0,0,0,0,5.500413,4.351812,6.649025,0.592854,0.702737,0.482971,7.39912,6.222414,8.575827,0.586419,0,2.108819,7.204268,6.108252,8.300284,9.870934,10,9.531213,-1,-1,-1,-1,-1,-1,-1,-1,-1,-1,-1,-1,-1,-1,-1,-1,-1,-1,-1,-1,-1,-1,-1,-1,-1,-1,-1,-1,-1,-1,-1,-1,-1,-1,-1,-1,-1,-1,-1,-1,-1,-1,-1,-1,-1,-1,-1,-1,-1,-1,0,0,0,0,0,0,-1,-1,-1,-1,-1,-1,-1,-1,-1,-1,-1,-1,0,0,0,0,0,0,-1,-1,-1,-1,-1,-1,-1,-1,-1,-1,-1,-1,-1,-1,False,False,0,0,False,207,0,0,0,0,0,0,0,0,0,0,0,0,0,0,0,1,
0,4349,2026-02-23 13:17:03Z,LLM_Empathetic,6.931661,7.222562,6.640759,0.6118656,0,1.602241,0,0,0,0,0,0,5.500408,4.35181,6.649017,0.592854,0.702737,0.482971,7.399118,6.222415,8.575821,0.5864231,0,2.108824,7.204261,6.108248,8.300275,9.87092,10,9.531196,6.931661,7.222562,6.640759,0.6118656,0,1.602241,0,0,0,0,0,0,5.500408,4.35181,6.649017,0.592854,0.702737,0.482971,7.399118,6.222415,8.575821,0.5864231,0,2.108824,7.204261,6.108248,8.300275,9.87092,10,9.531196,-1,-1,-1,-1,-1,-1,-1,-1,-1,-1,-1,-1,-1,-1,-1,-1,-1,-1,-1,-1,-1,-1,-1,-1,-1,-1,-1,-1,-1,-1,-1,-1,-1,-1,-1,-1,-1,-1,-1,-1,-1,-1,-1,-1,-1,-1,-1,-1,-1,-1,0,0,0,0,0,0,-1,-1,-1,-1,-1,-1,-1,-1,-1,-1,-1,-1,0,0,0,0,0,0,-1,-1,-1,-1,-1,-1,-1,-1,-1,-1,-1,-1,-1,-1,False,False,0,0,False,209,0,0,0,0,0,0,0,0,0,0,0,0,0,0,0,1,
0,4350,2026-02-23 13:17:03Z,LLM_Empathetic,6.931659,7.222561,6.640756,0.6118689,0,1.602243,0,0,0,0,0,0,5.500406,4.351809,6.649013,0.592854,0.702737,0.482971,7.399117,6.222416,8.575818,0.5864252,0,2.108826,7.204257,6.108246,8.300269,9.870914,10,9.531187,6.931659,7.222561,6.640756,0.6118689,0,1.602243,0,0,0,0,0,0,5.500406,4.351809,6.649013,0.592854,0.702737,0.482971,7.399117,6.222416,8.575818,0.5864252,0,2.108826,7.204257,6.108246,8.300269,9.870914,10,9.531187,-1,-1,-1,-1,-1,-1,-1,-1,-1,-1,-1,-1,-1,-1,-1,-1,-1,-1,-1,-1,-1,-1,-1,-1,-1,-1,-1,-1,-1,-1,-1,-1,-1,-1,-1,-1,-1,-1,-1,-1,-1,-1,-1,-1,-1,-1,-1,-1,-1,-1,0,0,0,0,0,0,-1,-1,-1,-1,-1,-1,-1,-1,-1,-1,-1,-1,0,0,0,0,0,0,-1,-1,-1,-1,-1,-1,-1,-1,-1,-1,-1,-1,-1,-1,False,False,0,0,False,209,0,0,0,0,0,0,0,0,0,0,0,0,0,0,0,1,
0,4351,2026-02-23 13:17:03Z,LLM_Empathetic,6.931657,7.222561,6.640752,0.6118721,0,1.602244,0,0,0,0,0,0,5.500403,4.351809,6.649009,0.592854,0.702737,0.482971,7.399116,6.222416,8.575815,0.5864273,0,2.108828,7.204254,6.108244,8.300264,9.870907,10,9.531178,6.931657,7.222561,6.640752,0.6118721,0,1.602244,0,0,0,0,0,0,5.500403,4.351809,6.649009,0.592854,0.702737,0.482971,7.399116,6.222416,8.575815,0.5864273,0,2.108828,7.204254,6.108244,8.300264,9.870907,10,9.531178,-1,-1,-1,-1,-1,-1,-1,-1,-1,-1,-1,-1,-1,-1,-1,-1,-1,-1,-1,-1,-1,-1,-1,-1,-1,-1,-1,-1,-1,-1,-1,-1,-1,-1,-1,-1,-1,-1,-1,-1,-1,-1,-1,-1,-1,-1,-1,-1,-1,-1,0,0,0,0,0,0,-1,-1,-1,-1,-1,-1,-1,-1,-1,-1,-1,-1,0,0,0,0,0,0,-1,-1,-1,-1,-1,-1,-1,-1,-1,-1,-1,-1,-1,-1,False,False,0,0,False,209,0,0,0,0,0,0,0,0,0,0,0,0,0,0,0,1,
0,4352,2026-02-23 13:17:03Z,LLM_Empathetic,6.931653,7.22256,6.640745,0.6118786,0,1.602248,0,0,0,0,0,0,5.500399,4.351807,6.649,0.592854,0.702737,0.482971,7.399113,6.222418,8.575809,0.5864314,0,2.108832,7.204247,6.10824,8.300255,9.870893,10,9.531162,6.931653,7.22256,6.640745,0.6118786,0,1.602248,0,0,0,0,0,0,5.500399,4.351807,6.649,0.592854,0.702737,0.482971,7.399113,6.222418,8.575809,0.5864314,0,2.108832,7.204247,6.10824,8.300255,9.870893,10,9.531162,-1,-1,-1,-1,-1,-1,-1,-1,-1,-1,-1,-1,-1,-1,-1,-1,-1,-1,-1,-1,-1,-1,-1,-1,-1,-1,-1,-1,-1,-1,-1,-1,-1,-1,-1,-1,-1,-1,-1,-1,-1,-1,-1,-1,-1,-1,-1,-1,-1,-1,0,0,0,0,0,0,-1,-1,-1,-1,-1,-1,-1,-1,-1,-1,-1,-1,0,0,0,0,0,0,-1,-1,-1,-1,-1,-1,-1,-1,-1,-1,-1,-1,-1,-1,False,False,0,0,False,207,0,0,0,0,0,0,0,0,0,0,0,0,0,0,0,1,
0,4353,2026-02-23 13:17:03Z,LLM_Empathetic,6.931651,7.22256,6.640742,0.6118818,0,1.60225,0,0,0,0,0,0,5.500396,4.351806,6.648996,0.592854,0.702737,0.482971,7.399112,6.222418,8.575807,0.5864335,0,2.108834,7.204244,6.108239,8.30025,9.870886,10,9.531154,6.931651,7.22256,6.640742,0.6118818,0,1.60225,0,0,0,0,0,0,5.500396,4.351806,6.648996,0.592854,0.702737,0.482971,7.399112,6.222418,8.575807,0.5864335,0,2.108834,7.204244,6.108239,8.30025,9.870886,10,9.531154,-1,-1,-1,-1,-1,-1,-1,-1,-1,-1,-1,-1,-1,-1,-1,-1,-1,-1,-1,-1,-1,-1,-1,-1,-1,-1,-1,-1,-1,-1,-1,-1,-1,-1,-1,-1,-1,-1,-1,-1,-1,-1,-1,-1,-1,-1,-1,-1,-1,-1,0,0,0,0,0,0,-1,-1,-1,-1,-1,-1,-1,-1,-1,-1,-1,-1,0,0,0,0,0,0,-1,-1,-1,-1,-1,-1,-1,-1,-1,-1,-1,-1,-1,-1,False,False,0,0,False,207,0,0,0,0,0,0,0,0,0,0,0,0,0,0,0,1,
0,4354,2026-02-23 13:17:03Z,LLM_Empathetic,6.931649,7.22256,6.640738,0.6118851,0,1.602252,0,0,0,0,0,0,5.500393,4.351805,6.648992,0.592854,0.702737,0.482971,7.399111,6.222419,8.575804,0.5864356,0,2.108836,7.20424,6.108237,8.300244,9.870879,10,9.531145,6.931649,7.22256,6.640738,0.6118851,0,1.602252,0,0,0,0,0,0,5.500393,4.351805,6.648992,0.592854,0.702737,0.482971,7.399111,6.222419,8.575804,0.5864356,0,2.108836,7.20424,6.108237,8.300244,9.870879,10,9.531145,-1,-1,-1,-1,-1,-1,-1,-1,-1,-1,-1,-1,-1,-1,-1,-1,-1,-1,-1,-1,-1,-1,-1,-1,-1,-1,-1,-1,-1,-1,-1,-1,-1,-1,-1,-1,-1,-1,-1,-1,-1,-1,-1,-1,-1,-1,-1,-1,-1,-1,0,0,0,0,0,0,-1,-1,-1,-1,-1,-1,-1,-1,-1,-1,-1,-1,0,0,0,0,0,0,-1,-1,-1,-1,-1,-1,-1,-1,-1,-1,-1,-1,-1,-1,False,False,0,0,False,209,0,0,0,0,0,0,0,0,0,0,0,0,0,0,0,1,
0,4355,2026-02-23 13:17:03Z,LLM_Empathetic,6.931645,7.222559,6.640731,0.6118916,0,1.602255,0,0,0,0,0,0,5.500389,4.351804,6.648984,0.592854,0.702737,0.482971,7.399109,6.22242,8.575798,0.5864397,0,2.10884,7.204234,6.108233,8.300235,9.870866,10,9.531128,6.931645,7.222559,6.640731,0.6118916,0,1.602255,0,0,0,0,0,0,5.500389,4.351804,6.648984,0.592854,0.702737,0.482971,7.399109,6.22242,8.575798,0.5864397,0,2.10884,7.204234,6.108233,8.300235,9.870866,10,9.531128,-1,-1,-1,-1,-1,-1,-1,-1,-1,-1,-1,-1,-1,-1,-1,-1,-1,-1,-1,-1,-1,-1,-1,-1,-1,-1,-1,-1,-1,-1,-1,-1,-1,-1,-1,-1,-1,-1,-1,-1,-1,-1,-1,-1,-1,-1,-1,-1,-1,-1,0,0,0,0,0,0,-1,-1,-1,-1,-1,-1,-1,-1,-1,-1,-1,-1,0,0,0,0,0,0,-1,-1,-1,-1,-1,-1,-1,-1,-1,-1,-1,-1,-1,-1,False,False,0,0,False,207,0,0,0,0,0,0,0,0,0,0,0,0,0,0,0,1,
0,4356,2026-02-23 13:17:03Z,LLM_Empathetic,6.931643,7.222558,6.640728,0.6118948,0,1.602257,0,0,0,0,0,0,5.500386,4.351803,6.64898,0.592854,0.702737,0.482971,7.399108,6.222421,8.575795,0.5864418,0,2.108842,7.20423,6.108231,8.30023,9.870859,10,9.531119,6.931643,7.222558,6.640728,0.6118948,0,1.602257,0,0,0,0,0,0,5.500386,4.351803,6.64898,0.592854,0.702737,0.482971,7.399108,6.222421,8.575795,0.5864418,0,2.108842,7.20423,6.108231,8.30023,9.870859,10,9.531119,-1,-1,-1,-1,-1,-1,-1,-1,-1,-1,-1,-1,-1,-1,-1,-1,-1,-1,-1,-1,-1,-1,-1,-1,-1,-1,-1,-1,-1,-1,-1,-1,-1,-1,-1,-1,-1,-1,-1,-1,-1,-1,-1,-1,-1,-1,-1,-1,-1,-1,0,0,0,0,0,0,-1,-1,-1,-1,-1,-1,-1,-1,-1,-1,-1,-1,0,0,0,0,0,0,-1,-1,-1,-1,-1,-1,-1,-1,-1,-1,-1,-1,-1,-1,False,False,0,0,False,207,0,0,0,0,0,0,0,0,0,0,0,0,0,0,0,1,
0,4357,2026-02-23 13:17:03Z,LLM_Empathetic,6.93164,7.222558,6.640721,0.6119013,0,1.60226,0,0,0,0,0,0,5.500381,4.351801,6.648972,0.592854,0.702737,0.482971,7.399106,6.222422,8.575789,0.5864459,0,2.108846,7.204223,6.108227,8.30022,9.870845,10,9.531102,6.93164,7.222558,6.640721,0.6119013,0,1.60226,0,0,0,0,0,0,5.500381,4.351801,6.648972,0.592854,0.702737,0.482971,7.399106,6.222422,8.575789,0.5864459,0,2.108846,7.204223,6.108227,8.30022,9.870845,10,9.531102,-1,-1,-1,-1,-1,-1,-1,-1,-1,-1,-1,-1,-1,-1,-1,-1,-1,-1,-1,-1,-1,-1,-1,-1,-1,-1,-1,-1,-1,-1,-1,-1,-1,-1,-1,-1,-1,-1,-1,-1,-1,-1,-1,-1,-1,-1,-1,-1,-1,-1,0,0,0,0,0,0,-1,-1,-1,-1,-1,-1,-1,-1,-1,-1,-1,-1,0,0,0,0,0,0,-1,-1,-1,-1,-1,-1,-1,-1,-1,-1,-1,-1,-1,-1,False,False,0,0,False,207,0,0,0,0,0,0,0,0,0,0,0,0,0,0,0,1,
0,4358,2026-02-23 13:17:03Z,LLM_Empathetic,6.931638,7.222558,6.640718,0.6119046,0,1.602262,0,0,0,0,0,0,5.500379,4.3518,6.648968,0.592854,0.702737,0.482971,7.399105,6.222422,8.575787,0.586448,0,2.108848,7.20422,6.108226,8.300215,9.870838,10,9.531094,6.931638,7.222558,6.640718,0.6119046,0,1.602262,0,0,0,0,0,0,5.500379,4.3518,6.648968,0.592854,0.702737,0.482971,7.399105,6.222422,8.575787,0.586448,0,2.108848,7.20422,6.108226,8.300215,9.870838,10,9.531094,-1,-1,-1,-1,-1,-1,-1,-1,-1,-1,-1,-1,-1,-1,-1,-1,-1,-1,-1,-1,-1,-1,-1,-1,-1,-1,-1,-1,-1,-1,-1,-1,-1,-1,-1,-1,-1,-1,-1,-1,-1,-1,-1,-1,-1,-1,-1,-1,-1,-1,0,0,0,0,0,0,-1,-1,-1,-1,-1,-1,-1,-1,-1,-1,-1,-1,0,0,0,0,0,0,-1,-1,-1,-1,-1,-1,-1,-1,-1,-1,-1,-1,-1,-1,False,False,0,0,False,207,0,0,0,0,0,0,0,0,0,0,0,0,0,0,0,1,
0,4359,2026-02-23 13:17:03Z,LLM_Empathetic,6.931633,7.222557,6.64071,0.6119111,0,1.602266,0,0,0,0,0,0,5.500374,4.351799,6.648959,0.592854,0.702737,0.482971,7.399102,6.222424,8.575781,0.5864522,0,2.108853,7.204213,6.108222,8.300205,9.870825,10,9.531076,6.931633,7.222557,6.64071,0.6119111,0,1.602266,0,0,0,0,0,0,5.500374,4.351799,6.648959,0.592854,0.702737,0.482971,7.399102,6.222424,8.575781,0.5864522,0,2.108853,7.204213,6.108222,8.300205,9.870825,10,9.531076,-1,-1,-1,-1,-1,-1,-1,-1,-1,-1,-1,-1,-1,-1,-1,-1,-1,-1,-1,-1,-1,-1,-1,-1,-1,-1,-1,-1,-1,-1,-1,-1,-1,-1,-1,-1,-1,-1,-1,-1,-1,-1,-1,-1,-1,-1,-1,-1,-1,-1,0,0,0,0,0,0,-1,-1,-1,-1,-1,-1,-1,-1,-1,-1,-1,-1,0,0,0,0,0,0,-1,-1,-1,-1,-1,-1,-1,-1,-1,-1,-1,-1,-1,-1,False,False,0,0,False,207,0,0,0,0,0,0,0,0,0,0,0,0,0,0,0,1,
0,4360,2026-02-23 13:17:03Z,LLM_Empathetic,6.931632,7.222557,6.640707,0.6119143,0,1.602268,0,0,0,0,0,0,5.500371,4.351798,6.648955,0.592854,0.702737,0.482971,7.399101,6.222424,8.575778,0.5864543,0,2.108855,7.204209,6.10822,8.3002,9.870818,10,9.531068,6.931632,7.222557,6.640707,0.6119143,0,1.602268,0,0,0,0,0,0,5.500371,4.351798,6.648955,0.592854,0.702737,0.482971,7.399101,6.222424,8.575778,0.5864543,0,2.108855,7.204209,6.10822,8.3002,9.870818,10,9.531068,-1,-1,-1,-1,-1,-1,-1,-1,-1,-1,-1,-1,-1,-1,-1,-1,-1,-1,-1,-1,-1,-1,-1,-1,-1,-1,-1,-1,-1,-1,-1,-1,-1,-1,-1,-1,-1,-1,-1,-1,-1,-1,-1,-1,-1,-1,-1,-1,-1,-1,0,0,0,0,0,0,-1,-1,-1,-1,-1,-1,-1,-1,-1,-1,-1,-1,0,0,0,0,0,0,-1,-1,-1,-1,-1,-1,-1,-1,-1,-1,-1,-1,-1,-1,False,False,0,0,False,207,0,0,0,0,0,0,0,0,0,0,0,0,0,0,0,1,
0,4361,2026-02-23 13:17:03Z,LLM_Empathetic,6.93163,7.222556,6.640703,0.6119176,0,1.602269,0,0,0,0,0,0,5.500369,4.351797,6.648951,0.592854,0.702737,0.482971,7.3991,6.222425,8.575776,0.5864564,0,2.108857,7.204206,6.108218,8.300195,9.870811,10,9.531059,6.93163,7.222556,6.640703,0.6119176,0,1.602269,0,0,0,0,0,0,5.500369,4.351797,6.648951,0.592854,0.702737,0.482971,7.3991,6.222425,8.575776,0.5864564,0,2.108857,7.204206,6.108218,8.300195,9.870811,10,9.531059,-1,-1,-1,-1,-1,-1,-1,-1,-1,-1,-1,-1,-1,-1,-1,-1,-1,-1,-1,-1,-1,-1,-1,-1,-1,-1,-1,-1,-1,-1,-1,-1,-1,-1,-1,-1,-1,-1,-1,-1,-1,-1,-1,-1,-1,-1,-1,-1,-1,-1,0,0,0,0,0,0,-1,-1,-1,-1,-1,-1,-1,-1,-1,-1,-1,-1,0,0,0,0,0,0,-1,-1,-1,-1,-1,-1,-1,-1,-1,-1,-1,-1,-1,-1,False,False,0,0,False,207,0,0,0,0,0,0,0,0,0,0,0,0,0,0,0,1,
0,4362,2026-02-23 13:17:03Z,LLM_Empathetic,6.931628,7.222556,6.6407,0.6119208,0,1.602271,0,0,0,0,0,0,5.500367,4.351796,6.648947,0.592854,0.702737,0.482971,7.399099,6.222425,8.575773,0.5864584,0,2.108859,7.204203,6.108216,8.30019,9.870804,10,9.531051,6.931628,7.222556,6.6407,0.6119208,0,1.602271,0,0,0,0,0,0,5.500367,4.351796,6.648947,0.592854,0.702737,0.482971,7.399099,6.222425,8.575773,0.5864584,0,2.108859,7.204203,6.108216,8.30019,9.870804,10,9.531051,-1,-1,-1,-1,-1,-1,-1,-1,-1,-1,-1,-1,-1,-1,-1,-1,-1,-1,-1,-1,-1,-1,-1,-1,-1,-1,-1,-1,-1,-1,-1,-1,-1,-1,-1,-1,-1,-1,-1,-1,-1,-1,-1,-1,-1,-1,-1,-1,-1,-1,0,0,0,0,0,0,-1,-1,-1,-1,-1,-1,-1,-1,-1,-1,-1,-1,0,0,0,0,0,0,-1,-1,-1,-1,-1,-1,-1,-1,-1,-1,-1,-1,-1,-1,False,False,0,0,False,209,0,0,0,0,0,0,0,0,0,0,0,0,0,0,0,1,
0,4363,2026-02-23 13:17:04Z,LLM_Empathetic,6.931624,7.222555,6.640693,0.6119273,0,1.602275,0,0,0,0,0,0,5.500361,4.351795,6.648939,0.592854,0.702737,0.482971,7.399096,6.222426,8.575768,0.5864626,0,2.108863,7.204196,6.108212,8.30018,9.87079,10,9.531034,6.931624,7.222555,6.640693,0.6119273,0,1.602275,0,0,0,0,0,0,5.500361,4.351795,6.648939,0.592854,0.702737,0.482971,7.399096,6.222426,8.575768,0.5864626,0,2.108863,7.204196,6.108212,8.30018,9.87079,10,9.531034,-1,-1,-1,-1,-1,-1,-1,-1,-1,-1,-1,-1,-1,-1,-1,-1,-1,-1,-1,-1,-1,-1,-1,-1,-1,-1,-1,-1,-1,-1,-1,-1,-1,-1,-1,-1,-1,-1,-1,-1,-1,-1,-1,-1,-1,-1,-1,-1,-1,-1,0,0,0,0,0,0,-1,-1,-1,-1,-1,-1,-1,-1,-1,-1,-1,-1,0,0,0,0,0,0,-1,-1,-1,-1,-1,-1,-1,-1,-1,-1,-1,-1,-1,-1,False,False,0,0,False,209,0,0,0,0,0,0,0,0,0,0,0,0,0,0,0,1,
0,4364,2026-02-23 13:17:04Z,LLM_Empathetic,6.931622,7.222555,6.640689,0.6119306,0,1.602277,0,0,0,0,0,0,5.500359,4.351794,6.648935,0.592854,0.702737,0.482971,7.399096,6.222427,8.575765,0.5864647,0,2.108865,7.204193,6.108211,8.300175,9.870784,10,9.531025,6.931622,7.222555,6.640689,0.6119306,0,1.602277,0,0,0,0,0,0,5.500359,4.351794,6.648935,0.592854,0.702737,0.482971,7.399096,6.222427,8.575765,0.5864647,0,2.108865,7.204193,6.108211,8.300175,9.870784,10,9.531025,-1,-1,-1,-1,-1,-1,-1,-1,-1,-1,-1,-1,-1,-1,-1,-1,-1,-1,-1,-1,-1,-1,-1,-1,-1,-1,-1,-1,-1,-1,-1,-1,-1,-1,-1,-1,-1,-1,-1,-1,-1,-1,-1,-1,-1,-1,-1,-1,-1,-1,0,0,0,0,0,0,-1,-1,-1,-1,-1,-1,-1,-1,-1,-1,-1,-1,0,0,0,0,0,0,-1,-1,-1,-1,-1,-1,-1,-1,-1,-1,-1,-1,-1,-1,False,False,0,0,False,207,0,0,0,0,0,0,0,0,0,0,0,0,0,0,0,1,
0,4365,2026-02-23 13:17:04Z,LLM_Empathetic,6.931618,7.222554,6.640682,0.6119371,0,1.60228,0,0,0,0,0,0,5.500354,4.351792,6.648926,0.592854,0.702737,0.482971,7.399093,6.222428,8.575759,0.5864689,0,2.108869,7.204185,6.108207,8.300165,9.87077,10,9.531008,6.931618,7.222554,6.640682,0.6119371,0,1.60228,0,0,0,0,0,0,5.500354,4.351792,6.648926,0.592854,0.702737,0.482971,7.399093,6.222428,8.575759,0.5864689,0,2.108869,7.204185,6.108207,8.300165,9.87077,10,9.531008,-1,-1,-1,-1,-1,-1,-1,-1,-1,-1,-1,-1,-1,-1,-1,-1,-1,-1,-1,-1,-1,-1,-1,-1,-1,-1,-1,-1,-1,-1,-1,-1,-1,-1,-1,-1,-1,-1,-1,-1,-1,-1,-1,-1,-1,-1,-1,-1,-1,-1,0,0,0,0,0,0,-1,-1,-1,-1,-1,-1,-1,-1,-1,-1,-1,-1,0,0,0,0,0,0,-1,-1,-1,-1,-1,-1,-1,-1,-1,-1,-1,-1,-1,-1,False,False,0,0,False,207,0,0,0,0,0,0,0,0,0,0,0,0,0,0,0,1,
0,4366,2026-02-23 13:17:04Z,LLM_Empathetic,6.931616,7.222554,6.640679,0.6119404,0,1.602282,0,0,0,0,0,0,5.500351,4.351791,6.648922,0.592854,0.702737,0.482971,7.399092,6.222429,8.575756,0.586471,0,2.108871,7.204182,6.108205,8.30016,9.870763,10,9.530999,6.931616,7.222554,6.640679,0.6119404,0,1.602282,0,0,0,0,0,0,5.500351,4.351791,6.648922,0.592854,0.702737,0.482971,7.399092,6.222429,8.575756,0.586471,0,2.108871,7.204182,6.108205,8.30016,9.870763,10,9.530999,-1,-1,-1,-1,-1,-1,-1,-1,-1,-1,-1,-1,-1,-1,-1,-1,-1,-1,-1,-1,-1,-1,-1,-1,-1,-1,-1,-1,-1,-1,-1,-1,-1,-1,-1,-1,-1,-1,-1,-1,-1,-1,-1,-1,-1,-1,-1,-1,-1,-1,0,0,0,0,0,0,-1,-1,-1,-1,-1,-1,-1,-1,-1,-1,-1,-1,0,0,0,0,0,0,-1,-1,-1,-1,-1,-1,-1,-1,-1,-1,-1,-1,-1,-1,False,False,0,0,False,209,0,0,0,0,0,0,0,0,0,0,0,0,0,0,0,1,
0,4367,2026-02-23 13:17:04Z,LLM_Empathetic,6.931612,7.222553,6.640672,0.6119469,0,1.602286,0,0,0,0,0,0,5.500347,4.351789,6.648914,0.592854,0.702737,0.482971,7.39909,6.22243,8.57575,0.5864752,0,2.108876,7.204175,6.108202,8.30015,9.870749,10,9.530982,6.931612,7.222553,6.640672,0.6119469,0,1.602286,0,0,0,0,0,0,5.500347,4.351789,6.648914,0.592854,0.702737,0.482971,7.39909,6.22243,8.57575,0.5864752,0,2.108876,7.204175,6.108202,8.30015,9.870749,10,9.530982,-1,-1,-1,-1,-1,-1,-1,-1,-1,-1,-1,-1,-1,-1,-1,-1,-1,-1,-1,-1,-1,-1,-1,-1,-1,-1,-1,-1,-1,-1,-1,-1,-1,-1,-1,-1,-1,-1,-1,-1,-1,-1,-1,-1,-1,-1,-1,-1,-1,-1,0,0,0,0,0,0,-1,-1,-1,-1,-1,-1,-1,-1,-1,-1,-1,-1,0,0,0,0,0,0,-1,-1,-1,-1,-1,-1,-1,-1,-1,-1,-1,-1,-1,-1,False,False,0,0,False,207,0,0,0,0,0,0,0,0,0,0,0,0,0,0,0,1,
0,4368,2026-02-23 13:17:04Z,LLM_Empathetic,6.931611,7.222553,6.640668,0.6119502,0,1.602287,0,0,0,0,0,0,5.500344,4.351789,6.64891,0.592854,0.702737,0.482971,7.399088,6.22243,8.575747,0.5864773,0,2.108878,7.204172,6.1082,8.300145,9.870743,10,9.530973,6.931611,7.222553,6.640668,0.6119502,0,1.602287,0,0,0,0,0,0,5.500344,4.351789,6.64891,0.592854,0.702737,0.482971,7.399088,6.22243,8.575747,0.5864773,0,2.108878,7.204172,6.1082,8.300145,9.870743,10,9.530973,-1,-1,-1,-1,-1,-1,-1,-1,-1,-1,-1,-1,-1,-1,-1,-1,-1,-1,-1,-1,-1,-1,-1,-1,-1,-1,-1,-1,-1,-1,-1,-1,-1,-1,-1,-1,-1,-1,-1,-1,-1,-1,-1,-1,-1,-1,-1,-1,-1,-1,0,0,0,0,0,0,-1,-1,-1,-1,-1,-1,-1,-1,-1,-1,-1,-1,0,0,0,0,0,0,-1,-1,-1,-1,-1,-1,-1,-1,-1,-1,-1,-1,-1,-1,False,False,0,0,False,209,0,0,0,0,0,0,0,0,0,0,0,0,0,0,0,1,
0,4369,2026-02-23 13:17:04Z,LLM_Empathetic,6.931609,7.222552,6.640665,0.6119534,0,1.602289,0,0,0,0,0,0,5.500342,4.351788,6.648906,0.592854,0.702737,0.482971,7.399087,6.222431,8.575745,0.5864794,0,2.10888,7.204168,6.108198,8.30014,9.870736,10,9.530965,6.931609,7.222552,6.640665,0.6119534,0,1.602289,0,0,0,0,0,0,5.500342,4.351788,6.648906,0.592854,0.702737,0.482971,7.399087,6.222431,8.575745,0.5864794,0,2.10888,7.204168,6.108198,8.30014,9.870736,10,9.530965,-1,-1,-1,-1,-1,-1,-1,-1,-1,-1,-1,-1,-1,-1,-1,-1,-1,-1,-1,-1,-1,-1,-1,-1,-1,-1,-1,-1,-1,-1,-1,-1,-1,-1,-1,-1,-1,-1,-1,-1,-1,-1,-1,-1,-1,-1,-1,-1,-1,-1,0,0,0,0,0,0,-1,-1,-1,-1,-1,-1,-1,-1,-1,-1,-1,-1,0,0,0,0,0,0,-1,-1,-1,-1,-1,-1,-1,-1,-1,-1,-1,-1,-1,-1,False,False,0,0,False,207,0,0,0,0,0,0,0,0,0,0,0,0,0,0,0,1,
0,4370,2026-02-23 13:17:04Z,LLM_Empathetic,6.931605,7.222552,6.640658,0.61196,0,1.602293,0,0,0,0,0,0,5.500337,4.351787,6.648898,0.592854,0.702737,0.482971,7.399085,6.222432,8.575739,0.5864835,0,2.108884,7.204162,6.108194,8.30013,9.870722,10,9.530948,6.931605,7.222552,6.640658,0.61196,0,1.602293,0,0,0,0,0,0,5.500337,4.351787,6.648898,0.592854,0.702737,0.482971,7.399085,6.222432,8.575739,0.5864835,0,2.108884,7.204162,6.108194,8.30013,9.870722,10,9.530948,-1,-1,-1,-1,-1,-1,-1,-1,-1,-1,-1,-1,-1,-1,-1,-1,-1,-1,-1,-1,-1,-1,-1,-1,-1,-1,-1,-1,-1,-1,-1,-1,-1,-1,-1,-1,-1,-1,-1,-1,-1,-1,-1,-1,-1,-1,-1,-1,-1,-1,0,0,0,0,0,0,-1,-1,-1,-1,-1,-1,-1,-1,-1,-1,-1,-1,0,0,0,0,0,0,-1,-1,-1,-1,-1,-1,-1,-1,-1,-1,-1,-1,-1,-1,False,False,0,0,False,209,0,0,0,0,0,0,0,0,0,0,0,0,0,0,0,1,
0,4371,2026-02-23 13:17:04Z,LLM_Empathetic,6.931603,7.222551,6.640655,0.6119633,0,1.602295,0,0,0,0,0,0,5.500334,4.351786,6.648893,0.592854,0.702737,0.482971,7.399084,6.222433,8.575736,0.5864856,0,2.108886,7.204158,6.108192,8.300125,9.870715,10,9.530939,6.931603,7.222551,6.640655,0.6119633,0,1.602295,0,0,0,0,0,0,5.500334,4.351786,6.648893,0.592854,0.702737,0.482971,7.399084,6.222433,8.575736,0.5864856,0,2.108886,7.204158,6.108192,8.300125,9.870715,10,9.530939,-1,-1,-1,-1,-1,-1,-1,-1,-1,-1,-1,-1,-1,-1,-1,-1,-1,-1,-1,-1,-1,-1,-1,-1,-1,-1,-1,-1,-1,-1,-1,-1,-1,-1,-1,-1,-1,-1,-1,-1,-1,-1,-1,-1,-1,-1,-1,-1,-1,-1,0,0,0,0,0,0,-1,-1,-1,-1,-1,-1,-1,-1,-1,-1,-1,-1,0,0,0,0,0,0,-1,-1,-1,-1,-1,-1,-1,-1,-1,-1,-1,-1,-1,-1,False,False,0,0,False,207,0,0,0,0,0,0,0,0,0,0,0,0,0,0,0,1,
0,4372,2026-02-23 13:17:04Z,LLM_Empathetic,6.931601,7.222551,6.640651,0.6119666,0,1.602296,0,0,0,0,0,0,5.500332,4.351785,6.648889,0.592854,0.702737,0.482971,7.399083,6.222433,8.575733,0.5864878,0,2.108888,7.204154,6.108191,8.30012,9.870708,10,9.530931,6.931601,7.222551,6.640651,0.6119666,0,1.602296,0,0,0,0,0,0,5.500332,4.351785,6.648889,0.592854,0.702737,0.482971,7.399083,6.222433,8.575733,0.5864878,0,2.108888,7.204154,6.108191,8.30012,9.870708,10,9.530931,-1,-1,-1,-1,-1,-1,-1,-1,-1,-1,-1,-1,-1,-1,-1,-1,-1,-1,-1,-1,-1,-1,-1,-1,-1,-1,-1,-1,-1,-1,-1,-1,-1,-1,-1,-1,-1,-1,-1,-1,-1,-1,-1,-1,-1,-1,-1,-1,-1,-1,0,0,0,0,0,0,-1,-1,-1,-1,-1,-1,-1,-1,-1,-1,-1,-1,0,0,0,0,0,0,-1,-1,-1,-1,-1,-1,-1,-1,-1,-1,-1,-1,-1,-1,False,False,0,0,False,209,0,0,0,0,0,0,0,0,0,0,0,0,0,0,0,1,
0,4373,2026-02-23 13:17:04Z,LLM_Empathetic,6.931597,7.22255,6.640644,0.6119731,0,1.6023,0,0,0,0,0,0,5.500327,4.351783,6.648881,0.592854,0.702737,0.482971,7.399081,6.222435,8.575727,0.5864919,0,2.108892,7.204148,6.108187,8.30011,9.870694,10,9.530912,6.931597,7.22255,6.640644,0.6119731,0,1.6023,0,0,0,0,0,0,5.500327,4.351783,6.648881,0.592854,0.702737,0.482971,7.399081,6.222435,8.575727,0.5864919,0,2.108892,7.204148,6.108187,8.30011,9.870694,10,9.530912,-1,-1,-1,-1,-1,-1,-1,-1,-1,-1,-1,-1,-1,-1,-1,-1,-1,-1,-1,-1,-1,-1,-1,-1,-1,-1,-1,-1,-1,-1,-1,-1,-1,-1,-1,-1,-1,-1,-1,-1,-1,-1,-1,-1,-1,-1,-1,-1,-1,-1,0,0,0,0,0,0,-1,-1,-1,-1,-1,-1,-1,-1,-1,-1,-1,-1,0,0,0,0,0,0,-1,-1,-1,-1,-1,-1,-1,-1,-1,-1,-1,-1,-1,-1,False,False,0,0,False,209,0,0,0,0,0,0,0,0,0,0,0,0,0,0,0,1,
0,4374,2026-02-23 13:17:04Z,LLM_Empathetic,6.931595,7.22255,6.64064,0.6119764,0,1.602302,0,0,0,0,0,0,5.500324,4.351782,6.648877,0.592854,0.702737,0.482971,7.39908,6.222435,8.575725,0.586494,0,2.108894,7.204144,6.108185,8.300105,9.870687,10,9.530904,6.931595,7.22255,6.64064,0.6119764,0,1.602302,0,0,0,0,0,0,5.500324,4.351782,6.648877,0.592854,0.702737,0.482971,7.39908,6.222435,8.575725,0.586494,0,2.108894,7.204144,6.108185,8.300105,9.870687,10,9.530904,-1,-1,-1,-1,-1,-1,-1,-1,-1,-1,-1,-1,-1,-1,-1,-1,-1,-1,-1,-1,-1,-1,-1,-1,-1,-1,-1,-1,-1,-1,-1,-1,-1,-1,-1,-1,-1,-1,-1,-1,-1,-1,-1,-1,-1,-1,-1,-1,-1,-1,0,0,0,0,0,0,-1,-1,-1,-1,-1,-1,-1,-1,-1,-1,-1,-1,0,0,0,0,0,0,-1,-1,-1,-1,-1,-1,-1,-1,-1,-1,-1,-1,-1,-1,False,False,0,0,False,209,0,0,0,0,0,0,0,0,0,0,0,0,0,0,0,1,
0,4375,2026-02-23 13:17:04Z,LLM_Empathetic,6.931592,7.222549,6.640633,0.6119829,0,1.602305,0,0,0,0,0,0,5.500319,4.351781,6.648869,0.592854,0.702737,0.482971,7.399077,6.222436,8.575719,0.5864983,0,2.108899,7.204137,6.108181,8.300095,9.870674,10,9.530887,6.931592,7.222549,6.640633,0.6119829,0,1.602305,0,0,0,0,0,0,5.500319,4.351781,6.648869,0.592854,0.702737,0.482971,7.399077,6.222436,8.575719,0.5864983,0,2.108899,7.204137,6.108181,8.300095,9.870674,10,9.530887,-1,-1,-1,-1,-1,-1,-1,-1,-1,-1,-1,-1,-1,-1,-1,-1,-1,-1,-1,-1,-1,-1,-1,-1,-1,-1,-1,-1,-1,-1,-1,-1,-1,-1,-1,-1,-1,-1,-1,-1,-1,-1,-1,-1,-1,-1,-1,-1,-1,-1,0,0,0,0,0,0,-1,-1,-1,-1,-1,-1,-1,-1,-1,-1,-1,-1,0,0,0,0,0,0,-1,-1,-1,-1,-1,-1,-1,-1,-1,-1,-1,-1,-1,-1,False,False,0,0,False,209,0,0,0,0,0,0,0,0,0,0,0,0,0,0,0,1,
0,4376,2026-02-23 13:17:04Z,LLM_Empathetic,6.93159,7.222549,6.64063,0.6119863,0,1.602307,0,0,0,0,0,0,5.500317,4.35178,6.648864,0.592854,0.702737,0.482971,7.399076,6.222437,8.575716,0.5865003,0,2.108901,7.204134,6.108179,8.30009,9.870667,10,9.530878,6.93159,7.222549,6.64063,0.6119863,0,1.602307,0,0,0,0,0,0,5.500317,4.35178,6.648864,0.592854,0.702737,0.482971,7.399076,6.222437,8.575716,0.5865003,0,2.108901,7.204134,6.108179,8.30009,9.870667,10,9.530878,-1,-1,-1,-1,-1,-1,-1,-1,-1,-1,-1,-1,-1,-1,-1,-1,-1,-1,-1,-1,-1,-1,-1,-1,-1,-1,-1,-1,-1,-1,-1,-1,-1,-1,-1,-1,-1,-1,-1,-1,-1,-1,-1,-1,-1,-1,-1,-1,-1,-1,0,0,0,0,0,0,-1,-1,-1,-1,-1,-1,-1,-1,-1,-1,-1,-1,0,0,0,0,0,0,-1,-1,-1,-1,-1,-1,-1,-1,-1,-1,-1,-1,-1,-1,False,False,0,0,False,207,0,0,0,0,0,0,0,0,0,0,0,0,0,0,0,1,
0,4377,2026-02-23 13:17:04Z,LLM_Empathetic,6.931588,7.222548,6.640626,0.6119896,0,1.602309,0,0,0,0,0,0,5.500314,4.351779,6.64886,0.592854,0.702737,0.482971,7.399075,6.222437,8.575713,0.5865025,0,2.108903,7.204131,6.108177,8.300085,9.87066,10,9.530869,6.931588,7.222548,6.640626,0.6119896,0,1.602309,0,0,0,0,0,0,5.500314,4.351779,6.64886,0.592854,0.702737,0.482971,7.399075,6.222437,8.575713,0.5865025,0,2.108903,7.204131,6.108177,8.300085,9.87066,10,9.530869,-1,-1,-1,-1,-1,-1,-1,-1,-1,-1,-1,-1,-1,-1,-1,-1,-1,-1,-1,-1,-1,-1,-1,-1,-1,-1,-1,-1,-1,-1,-1,-1,-1,-1,-1,-1,-1,-1,-1,-1,-1,-1,-1,-1,-1,-1,-1,-1,-1,-1,0,0,0,0,0,0,-1,-1,-1,-1,-1,-1,-1,-1,-1,-1,-1,-1,0,0,0,0,0,0,-1,-1,-1,-1,-1,-1,-1,-1,-1,-1,-1,-1,-1,-1,False,False,0,0,False,209,0,0,0,0,0,0,0,0,0,0,0,0,0,0,0,1,
0,4378,2026-02-23 13:17:04Z,LLM_Empathetic,6.931586,7.222548,6.640623,0.6119928,0,1.602311,0,0,0,0,0,0,5.500312,4.351778,6.648856,0.592854,0.702737,0.482971,7.399074,6.222438,8.57571,0.5865046,0,2.108905,7.204127,6.108175,8.300079,9.870653,10,9.530861,6.931586,7.222548,6.640623,0.6119928,0,1.602311,0,0,0,0,0,0,5.500312,4.351778,6.648856,0.592854,0.702737,0.482971,7.399074,6.222438,8.57571,0.5865046,0,2.108905,7.204127,6.108175,8.300079,9.870653,10,9.530861,-1,-1,-1,-1,-1,-1,-1,-1,-1,-1,-1,-1,-1,-1,-1,-1,-1,-1,-1,-1,-1,-1,-1,-1,-1,-1,-1,-1,-1,-1,-1,-1,-1,-1,-1,-1,-1,-1,-1,-1,-1,-1,-1,-1,-1,-1,-1,-1,-1,-1,0,0,0,0,0,0,-1,-1,-1,-1,-1,-1,-1,-1,-1,-1,-1,-1,0,0,0,0,0,0,-1,-1,-1,-1,-1,-1,-1,-1,-1,-1,-1,-1,-1,-1,False,False,0,0,False,209,0,0,0,0,0,0,0,0,0,0,0,0,0,0,0,1,
0,4379,2026-02-23 13:17:04Z,LLM_Empathetic,6.931581,7.222548,6.640616,0.6119994,0,1.602315,0,0,0,0,0,0,5.500307,4.351777,6.648848,0.592854,0.702737,0.482971,7.399072,6.222439,8.575705,0.5865088,0,2.108909,7.20412,6.108171,8.30007,9.870639,10,9.530844,6.931581,7.222548,6.640616,0.6119994,0,1.602315,0,0,0,0,0,0,5.500307,4.351777,6.648848,0.592854,0.702737,0.482971,7.399072,6.222439,8.575705,0.5865088,0,2.108909,7.20412,6.108171,8.30007,9.870639,10,9.530844,-1,-1,-1,-1,-1,-1,-1,-1,-1,-1,-1,-1,-1,-1,-1,-1,-1,-1,-1,-1,-1,-1,-1,-1,-1,-1,-1,-1,-1,-1,-1,-1,-1,-1,-1,-1,-1,-1,-1,-1,-1,-1,-1,-1,-1,-1,-1,-1,-1,-1,0,0,0,0,0,0,-1,-1,-1,-1,-1,-1,-1,-1,-1,-1,-1,-1,0,0,0,0,0,0,-1,-1,-1,-1,-1,-1,-1,-1,-1,-1,-1,-1,-1,-1,False,False,0,0,False,207,0,0,0,0,0,0,0,0,0,0,0,0,0,0,0,1,
0,4380,2026-02-23 13:17:04Z,LLM_Empathetic,6.93158,7.222547,6.640612,0.6120027,0,1.602316,0,0,0,0,0,0,5.500305,4.351776,6.648844,0.592854,0.702737,0.482971,7.39907,6.22244,8.575702,0.5865109,0,2.108911,7.204117,6.10817,8.300064,9.870632,10,9.530835,6.93158,7.222547,6.640612,0.6120027,0,1.602316,0,0,0,0,0,0,5.500305,4.351776,6.648844,0.592854,0.702737,0.482971,7.39907,6.22244,8.575702,0.5865109,0,2.108911,7.204117,6.10817,8.300064,9.870632,10,9.530835,-1,-1,-1,-1,-1,-1,-1,-1,-1,-1,-1,-1,-1,-1,-1,-1,-1,-1,-1,-1,-1,-1,-1,-1,-1,-1,-1,-1,-1,-1,-1,-1,-1,-1,-1,-1,-1,-1,-1,-1,-1,-1,-1,-1,-1,-1,-1,-1,-1,-1,0,0,0,0,0,0,-1,-1,-1,-1,-1,-1,-1,-1,-1,-1,-1,-1,0,0,0,0,0,0,-1,-1,-1,-1,-1,-1,-1,-1,-1,-1,-1,-1,-1,-1,False,False,0,0,False,209,0,0,0,0,0,0,0,0,0,0,0,0,0,0,0,1,
0,4381,2026-02-23 13:17:04Z,LLM_Empathetic,6.931576,7.222547,6.640605,0.6120093,0,1.60232,0,0,0,0,0,0,5.500299,4.351774,6.648835,0.592854,0.702737,0.482971,7.399068,6.222441,8.575696,0.5865151,0,2.108916,7.20411,6.108166,8.300055,9.870619,10,9.530818,6.931576,7.222547,6.640605,0.6120093,0,1.60232,0,0,0,0,0,0,5.500299,4.351774,6.648835,0.592854,0.702737,0.482971,7.399068,6.222441,8.575696,0.5865151,0,2.108916,7.20411,6.108166,8.300055,9.870619,10,9.530818,-1,-1,-1,-1,-1,-1,-1,-1,-1,-1,-1,-1,-1,-1,-1,-1,-1,-1,-1,-1,-1,-1,-1,-1,-1,-1,-1,-1,-1,-1,-1,-1,-1,-1,-1,-1,-1,-1,-1,-1,-1,-1,-1,-1,-1,-1,-1,-1,-1,-1,0,0,0,0,0,0,-1,-1,-1,-1,-1,-1,-1,-1,-1,-1,-1,-1,0,0,0,0,0,0,-1,-1,-1,-1,-1,-1,-1,-1,-1,-1,-1,-1,-1,-1,False,False,0,0,False,209,0,0,0,0,0,0,0,0,0,0,0,0,0,0,0,1,
0,4382,2026-02-23 13:17:04Z,LLM_Empathetic,6.931574,7.222546,6.640602,0.6120126,0,1.602322,0,0,0,0,0,0,5.500297,4.351773,6.648831,0.592854,0.702737,0.482971,7.399067,6.222441,8.575693,0.5865172,0,2.108918,7.204106,6.108164,8.30005,9.870611,10,9.530808,6.931574,7.222546,6.640602,0.6120126,0,1.602322,0,0,0,0,0,0,5.500297,4.351773,6.648831,0.592854,0.702737,0.482971,7.399067,6.222441,8.575693,0.5865172,0,2.108918,7.204106,6.108164,8.30005,9.870611,10,9.530808,-1,-1,-1,-1,-1,-1,-1,-1,-1,-1,-1,-1,-1,-1,-1,-1,-1,-1,-1,-1,-1,-1,-1,-1,-1,-1,-1,-1,-1,-1,-1,-1,-1,-1,-1,-1,-1,-1,-1,-1,-1,-1,-1,-1,-1,-1,-1,-1,-1,-1,0,0,0,0,0,0,-1,-1,-1,-1,-1,-1,-1,-1,-1,-1,-1,-1,0,0,0,0,0,0,-1,-1,-1,-1,-1,-1,-1,-1,-1,-1,-1,-1,-1,-1,False,False,0,0,False,207,0,0,0,0,0,0,0,0,0,0,0,0,0,0,0,1,
0,4383,2026-02-23 13:17:04Z,LLM_Empathetic,6.93157,7.222546,6.640594,0.6120192,0,1.602325,0,0,0,0,0,0,5.500292,4.351772,6.648823,0.592854,0.702737,0.482971,7.399065,6.222443,8.575687,0.5865214,0,2.108922,7.204099,6.10816,8.300039,9.870598,10,9.530791,6.93157,7.222546,6.640594,0.6120192,0,1.602325,0,0,0,0,0,0,5.500292,4.351772,6.648823,0.592854,0.702737,0.482971,7.399065,6.222443,8.575687,0.5865214,0,2.108922,7.204099,6.10816,8.300039,9.870598,10,9.530791,-1,-1,-1,-1,-1,-1,-1,-1,-1,-1,-1,-1,-1,-1,-1,-1,-1,-1,-1,-1,-1,-1,-1,-1,-1,-1,-1,-1,-1,-1,-1,-1,-1,-1,-1,-1,-1,-1,-1,-1,-1,-1,-1,-1,-1,-1,-1,-1,-1,-1,0,0,0,0,0,0,-1,-1,-1,-1,-1,-1,-1,-1,-1,-1,-1,-1,0,0,0,0,0,0,-1,-1,-1,-1,-1,-1,-1,-1,-1,-1,-1,-1,-1,-1,False,False,0,0,False,207,0,0,0,0,0,0,0,0,0,0,0,0,0,0,0,1,
0,4384,2026-02-23 13:17:04Z,LLM_Empathetic,6.931568,7.222545,6.640591,0.6120225,0,1.602327,0,0,0,0,0,0,5.500289,4.351771,6.648818,0.592854,0.702737,0.482971,7.399064,6.222443,8.575685,0.5865236,0,2.108924,7.204096,6.108159,8.300035,9.870591,10,9.530783,6.931568,7.222545,6.640591,0.6120225,0,1.602327,0,0,0,0,0,0,5.500289,4.351771,6.648818,0.592854,0.702737,0.482971,7.399064,6.222443,8.575685,0.5865236,0,2.108924,7.204096,6.108159,8.300035,9.870591,10,9.530783,-1,-1,-1,-1,-1,-1,-1,-1,-1,-1,-1,-1,-1,-1,-1,-1,-1,-1,-1,-1,-1,-1,-1,-1,-1,-1,-1,-1,-1,-1,-1,-1,-1,-1,-1,-1,-1,-1,-1,-1,-1,-1,-1,-1,-1,-1,-1,-1,-1,-1,0,0,0,0,0,0,-1,-1,-1,-1,-1,-1,-1,-1,-1,-1,-1,-1,0,0,0,0,0,0,-1,-1,-1,-1,-1,-1,-1,-1,-1,-1,-1,-1,-1,-1,False,False,0,0,False,209,0,0,0,0,0,0,0,0,0,0,0,0,0,0,0,1,
0,4385,2026-02-23 13:17:04Z,LLM_Empathetic,6.931566,7.222545,6.640587,0.6120258,0,1.602329,0,0,0,0,0,0,5.500287,4.35177,6.648814,0.592854,0.702737,0.482971,7.399063,6.222444,8.575682,0.5865257,0,2.108926,7.204093,6.108157,8.300029,9.870584,10,9.530774,6.931566,7.222545,6.640587,0.6120258,0,1.602329,0,0,0,0,0,0,5.500287,4.35177,6.648814,0.592854,0.702737,0.482971,7.399063,6.222444,8.575682,0.5865257,0,2.108926,7.204093,6.108157,8.300029,9.870584,10,9.530774,-1,-1,-1,-1,-1,-1,-1,-1,-1,-1,-1,-1,-1,-1,-1,-1,-1,-1,-1,-1,-1,-1,-1,-1,-1,-1,-1,-1,-1,-1,-1,-1,-1,-1,-1,-1,-1,-1,-1,-1,-1,-1,-1,-1,-1,-1,-1,-1,-1,-1,0,0,0,0,0,0,-1,-1,-1,-1,-1,-1,-1,-1,-1,-1,-1,-1,0,0,0,0,0,0,-1,-1,-1,-1,-1,-1,-1,-1,-1,-1,-1,-1,-1,-1,False,False,0,0,False,209,0,0,0,0,0,0,0,0,0,0,0,0,0,0,0,1,
0,4386,2026-02-23 13:17:04Z,LLM_Empathetic,6.931564,7.222544,6.640584,0.6120291,0,1.602331,0,0,0,0,0,0,5.500285,4.351769,6.64881,0.592854,0.702737,0.482971,7.399061,6.222445,8.575679,0.5865278,0,2.108928,7.204089,6.108155,8.300024,9.870577,10,9.530766,6.931564,7.222544,6.640584,0.6120291,0,1.602331,0,0,0,0,0,0,5.500285,4.351769,6.64881,0.592854,0.702737,0.482971,7.399061,6.222445,8.575679,0.5865278,0,2.108928,7.204089,6.108155,8.300024,9.870577,10,9.530766,-1,-1,-1,-1,-1,-1,-1,-1,-1,-1,-1,-1,-1,-1,-1,-1,-1,-1,-1,-1,-1,-1,-1,-1,-1,-1,-1,-1,-1,-1,-1,-1,-1,-1,-1,-1,-1,-1,-1,-1,-1,-1,-1,-1,-1,-1,-1,-1,-1,-1,0,0,0,0,0,0,-1,-1,-1,-1,-1,-1,-1,-1,-1,-1,-1,-1,0,0,0,0,0,0,-1,-1,-1,-1,-1,-1,-1,-1,-1,-1,-1,-1,-1,-1,False,False,0,0,False,209,0,0,0,0,0,0,0,0,0,0,0,0,0,0,0,1,
0,4387,2026-02-23 13:17:04Z,LLM_Empathetic,6.931562,7.222544,6.64058,0.6120324,0,1.602333,0,0,0,0,0,0,5.500282,4.351768,6.648806,0.592854,0.702737,0.482971,7.39906,6.222445,8.575676,0.5865299,0,2.10893,7.204085,6.108153,8.300019,9.87057,10,9.530757,6.931562,7.222544,6.64058,0.6120324,0,1.602333,0,0,0,0,0,0,5.500282,4.351768,6.648806,0.592854,0.702737,0.482971,7.39906,6.222445,8.575676,0.5865299,0,2.10893,7.204085,6.108153,8.300019,9.87057,10,9.530757,-1,-1,-1,-1,-1,-1,-1,-1,-1,-1,-1,-1,-1,-1,-1,-1,-1,-1,-1,-1,-1,-1,-1,-1,-1,-1,-1,-1,-1,-1,-1,-1,-1,-1,-1,-1,-1,-1,-1,-1,-1,-1,-1,-1,-1,-1,-1,-1,-1,-1,0,0,0,0,0,0,-1,-1,-1,-1,-1,-1,-1,-1,-1,-1,-1,-1,0,0,0,0,0,0,-1,-1,-1,-1,-1,-1,-1,-1,-1,-1,-1,-1,-1,-1,False,False,0,0,False,207,0,0,0,0,0,0,0,0,0,0,0,0,0,0,0,1,
0,4388,2026-02-23 13:17:04Z,LLM_Empathetic,6.931559,7.222543,6.640574,0.612039,0,1.602336,0,0,0,0,0,0,5.500277,4.351767,6.648798,0.592854,0.702737,0.482971,7.399058,6.222446,8.57567,0.5865341,0,2.108935,7.204079,6.108149,8.300009,9.870556,10,9.530739,6.931559,7.222543,6.640574,0.612039,0,1.602336,0,0,0,0,0,0,5.500277,4.351767,6.648798,0.592854,0.702737,0.482971,7.399058,6.222446,8.57567,0.5865341,0,2.108935,7.204079,6.108149,8.300009,9.870556,10,9.530739,-1,-1,-1,-1,-1,-1,-1,-1,-1,-1,-1,-1,-1,-1,-1,-1,-1,-1,-1,-1,-1,-1,-1,-1,-1,-1,-1,-1,-1,-1,-1,-1,-1,-1,-1,-1,-1,-1,-1,-1,-1,-1,-1,-1,-1,-1,-1,-1,-1,-1,0,0,0,0,0,0,-1,-1,-1,-1,-1,-1,-1,-1,-1,-1,-1,-1,0,0,0,0,0,0,-1,-1,-1,-1,-1,-1,-1,-1,-1,-1,-1,-1,-1,-1,False,False,0,0,False,209,0,0,0,0,0,0,0,0,0,0,0,0,0,0,0,1,
0,4389,2026-02-23 13:17:04Z,LLM_Empathetic,6.931556,7.222543,6.64057,0.6120424,0,1.602338,0,0,0,0,0,0,5.500275,4.351766,6.648794,0.592854,0.702737,0.482971,7.399057,6.222446,8.575667,0.5865363,0,2.108937,7.204075,6.108147,8.300004,9.870549,10,9.53073,6.931556,7.222543,6.64057,0.6120424,0,1.602338,0,0,0,0,0,0,5.500275,4.351766,6.648794,0.592854,0.702737,0.482971,7.399057,6.222446,8.575667,0.5865363,0,2.108937,7.204075,6.108147,8.300004,9.870549,10,9.53073,-1,-1,-1,-1,-1,-1,-1,-1,-1,-1,-1,-1,-1,-1,-1,-1,-1,-1,-1,-1,-1,-1,-1,-1,-1,-1,-1,-1,-1,-1,-1,-1,-1,-1,-1,-1,-1,-1,-1,-1,-1,-1,-1,-1,-1,-1,-1,-1,-1,-1,0,0,0,0,0,0,-1,-1,-1,-1,-1,-1,-1,-1,-1,-1,-1,-1,0,0,0,0,0,0,-1,-1,-1,-1,-1,-1,-1,-1,-1,-1,-1,-1,-1,-1,False,False,0,0,False,209,0,0,0,0,0,0,0,0,0,0,0,0,0,0,0,1,
0,4390,2026-02-23 13:17:04Z,LLM_Empathetic,6.931554,7.222543,6.640566,0.6120456,0,1.60234,0,0,0,0,0,0,5.500272,4.351765,6.648789,0.592854,0.702737,0.482971,7.399055,6.222447,8.575665,0.5865384,0,2.108939,7.204072,6.108145,8.299998,9.870543,10,9.530722,6.931554,7.222543,6.640566,0.6120456,0,1.60234,0,0,0,0,0,0,5.500272,4.351765,6.648789,0.592854,0.702737,0.482971,7.399055,6.222447,8.575665,0.5865384,0,2.108939,7.204072,6.108145,8.299998,9.870543,10,9.530722,-1,-1,-1,-1,-1,-1,-1,-1,-1,-1,-1,-1,-1,-1,-1,-1,-1,-1,-1,-1,-1,-1,-1,-1,-1,-1,-1,-1,-1,-1,-1,-1,-1,-1,-1,-1,-1,-1,-1,-1,-1,-1,-1,-1,-1,-1,-1,-1,-1,-1,0,0,0,0,0,0,-1,-1,-1,-1,-1,-1,-1,-1,-1,-1,-1,-1,0,0,0,0,0,0,-1,-1,-1,-1,-1,-1,-1,-1,-1,-1,-1,-1,-1,-1,False,False,0,0,False,209,0,0,0,0,0,0,0,0,0,0,0,0,0,0,0,1,
0,4391,2026-02-23 13:17:04Z,LLM_Empathetic,6.931551,7.222542,6.640559,0.6120523,0,1.602344,0,0,0,0,0,0,5.500267,4.351763,6.648781,0.592854,0.702737,0.482971,7.399054,6.222448,8.575659,0.5865427,0,2.108943,7.204064,6.108141,8.299989,9.870528,10,9.530704,6.931551,7.222542,6.640559,0.6120523,0,1.602344,0,0,0,0,0,0,5.500267,4.351763,6.648781,0.592854,0.702737,0.482971,7.399054,6.222448,8.575659,0.5865427,0,2.108943,7.204064,6.108141,8.299989,9.870528,10,9.530704,-1,-1,-1,-1,-1,-1,-1,-1,-1,-1,-1,-1,-1,-1,-1,-1,-1,-1,-1,-1,-1,-1,-1,-1,-1,-1,-1,-1,-1,-1,-1,-1,-1,-1,-1,-1,-1,-1,-1,-1,-1,-1,-1,-1,-1,-1,-1,-1,-1,-1,0,0,0,0,0,0,-1,-1,-1,-1,-1,-1,-1,-1,-1,-1,-1,-1,0,0,0,0,0,0,-1,-1,-1,-1,-1,-1,-1,-1,-1,-1,-1,-1,-1,-1,False,False,0,0,False,209,0,0,0,0,0,0,0,0,0,0,0,0,0,0,0,1,
0,4392,2026-02-23 13:17:05Z,LLM_Empathetic,6.931549,7.222542,6.640555,0.6120556,0,1.602345,0,0,0,0,0,0,5.500265,4.351762,6.648777,0.592854,0.702737,0.482971,7.399052,6.222449,8.575656,0.5865448,0,2.108945,7.204061,6.10814,8.299983,9.870522,10,9.530696,6.931549,7.222542,6.640555,0.6120556,0,1.602345,0,0,0,0,0,0,5.500265,4.351762,6.648777,0.592854,0.702737,0.482971,7.399052,6.222449,8.575656,0.5865448,0,2.108945,7.204061,6.10814,8.299983,9.870522,10,9.530696,-1,-1,-1,-1,-1,-1,-1,-1,-1,-1,-1,-1,-1,-1,-1,-1,-1,-1,-1,-1,-1,-1,-1,-1,-1,-1,-1,-1,-1,-1,-1,-1,-1,-1,-1,-1,-1,-1,-1,-1,-1,-1,-1,-1,-1,-1,-1,-1,-1,-1,0,0,0,0,0,0,-1,-1,-1,-1,-1,-1,-1,-1,-1,-1,-1,-1,0,0,0,0,0,0,-1,-1,-1,-1,-1,-1,-1,-1,-1,-1,-1,-1,-1,-1,False,False,0,0,False,209,0,0,0,0,0,0,0,0,0,0,0,0,0,0,0,1,
0,4393,2026-02-23 13:17:05Z,LLM_Empathetic,6.931547,7.222541,6.640552,0.6120589,0,1.602347,0,0,0,0,0,0,5.500262,4.351762,6.648773,0.592854,0.702737,0.482971,7.399051,6.22245,8.575653,0.5865469,0,2.108947,7.204058,6.108138,8.299978,9.870514,10,9.530686,6.931547,7.222541,6.640552,0.6120589,0,1.602347,0,0,0,0,0,0,5.500262,4.351762,6.648773,0.592854,0.702737,0.482971,7.399051,6.22245,8.575653,0.5865469,0,2.108947,7.204058,6.108138,8.299978,9.870514,10,9.530686,-1,-1,-1,-1,-1,-1,-1,-1,-1,-1,-1,-1,-1,-1,-1,-1,-1,-1,-1,-1,-1,-1,-1,-1,-1,-1,-1,-1,-1,-1,-1,-1,-1,-1,-1,-1,-1,-1,-1,-1,-1,-1,-1,-1,-1,-1,-1,-1,-1,-1,0,0,0,0,0,0,-1,-1,-1,-1,-1,-1,-1,-1,-1,-1,-1,-1,0,0,0,0,0,0,-1,-1,-1,-1,-1,-1,-1,-1,-1,-1,-1,-1,-1,-1,False,False,0,0,False,207,0,0,0,0,0,0,0,0,0,0,0,0,0,0,0,1,
0,4394,2026-02-23 13:17:05Z,LLM_Empathetic,6.931543,7.22254,6.640545,0.6120656,0,1.602351,0,0,0,0,0,0,5.500257,4.35176,6.648764,0.592854,0.702737,0.482971,7.399049,6.222451,8.575647,0.5865511,0,2.108952,7.204051,6.108134,8.299968,9.870501,10,9.530669,6.931543,7.22254,6.640545,0.6120656,0,1.602351,0,0,0,0,0,0,5.500257,4.35176,6.648764,0.592854,0.702737,0.482971,7.399049,6.222451,8.575647,0.5865511,0,2.108952,7.204051,6.108134,8.299968,9.870501,10,9.530669,-1,-1,-1,-1,-1,-1,-1,-1,-1,-1,-1,-1,-1,-1,-1,-1,-1,-1,-1,-1,-1,-1,-1,-1,-1,-1,-1,-1,-1,-1,-1,-1,-1,-1,-1,-1,-1,-1,-1,-1,-1,-1,-1,-1,-1,-1,-1,-1,-1,-1,0,0,0,0,0,0,-1,-1,-1,-1,-1,-1,-1,-1,-1,-1,-1,-1,0,0,0,0,0,0,-1,-1,-1,-1,-1,-1,-1,-1,-1,-1,-1,-1,-1,-1,False,False,0,0,False,207,0,0,0,0,0,0,0,0,0,0,0,0,0,0,0,1,
0,4395,2026-02-23 13:17:05Z,LLM_Empathetic,6.931541,7.22254,6.640542,0.6120689,0,1.602353,0,0,0,0,0,0,5.500255,4.351759,6.64876,0.592854,0.702737,0.482971,7.399048,6.222451,8.575644,0.5865533,0,2.108954,7.204047,6.108132,8.299963,9.870494,10,9.530661,6.931541,7.22254,6.640542,0.6120689,0,1.602353,0,0,0,0,0,0,5.500255,4.351759,6.64876,0.592854,0.702737,0.482971,7.399048,6.222451,8.575644,0.5865533,0,2.108954,7.204047,6.108132,8.299963,9.870494,10,9.530661,-1,-1,-1,-1,-1,-1,-1,-1,-1,-1,-1,-1,-1,-1,-1,-1,-1,-1,-1,-1,-1,-1,-1,-1,-1,-1,-1,-1,-1,-1,-1,-1,-1,-1,-1,-1,-1,-1,-1,-1,-1,-1,-1,-1,-1,-1,-1,-1,-1,-1,0,0,0,0,0,0,-1,-1,-1,-1,-1,-1,-1,-1,-1,-1,-1,-1,0,0,0,0,0,0,-1,-1,-1,-1,-1,-1,-1,-1,-1,-1,-1,-1,-1,-1,False,False,0,0,False,209,0,0,0,0,0,0,0,0,0,0,0,0,0,0,0,1,
0,4396,2026-02-23 13:17:05Z,LLM_Empathetic,6.931537,7.222539,6.640534,0.6120755,0,1.602357,0,0,0,0,0,0,5.500249,4.351758,6.648752,0.592854,0.702737,0.482971,7.399045,6.222453,8.575639,0.5865575,0,2.108958,7.20404,6.108129,8.299953,9.87048,10,9.530643,6.931537,7.222539,6.640534,0.6120755,0,1.602357,0,0,0,0,0,0,5.500249,4.351758,6.648752,0.592854,0.702737,0.482971,7.399045,6.222453,8.575639,0.5865575,0,2.108958,7.20404,6.108129,8.299953,9.87048,10,9.530643,-1,-1,-1,-1,-1,-1,-1,-1,-1,-1,-1,-1,-1,-1,-1,-1,-1,-1,-1,-1,-1,-1,-1,-1,-1,-1,-1,-1,-1,-1,-1,-1,-1,-1,-1,-1,-1,-1,-1,-1,-1,-1,-1,-1,-1,-1,-1,-1,-1,-1,0,0,0,0,0,0,-1,-1,-1,-1,-1,-1,-1,-1,-1,-1,-1,-1,0,0,0,0,0,0,-1,-1,-1,-1,-1,-1,-1,-1,-1,-1,-1,-1,-1,-1,False,False,0,0,False,209,0,0,0,0,0,0,0,0,0,0,0,0,0,0,0,1,
0,4397,2026-02-23 13:17:05Z,LLM_Empathetic,6.931537,7.222539,6.640534,0.6120755,0,1.602357,0,0,0,0,0,0,5.500249,4.351758,6.648752,0.592854,0.702737,0.482971,7.399045,6.222453,8.575639,0.5865575,0,2.108958,7.20404,6.108129,8.299953,9.87048,10,9.530643,6.931537,7.222539,6.640534,0.6120755,0,1.602357,0,0,0,0,0,0,5.500249,4.351758,6.648752,0.592854,0.702737,0.482971,7.399045,6.222453,8.575639,0.5865575,0,2.108958,7.20404,6.108129,8.299953,9.87048,10,9.530643,-1,-1,-1,-1,-1,-1,-1,-1,-1,-1,-1,-1,-1,-1,-1,-1,-1,-1,-1,-1,-1,-1,-1,-1,-1,-1,-1,-1,-1,-1,-1,-1,-1,-1,-1,-1,-1,-1,-1,-1,-1,-1,-1,-1,-1,-1,-1,-1,-1,-1,0,0,0,0,0,0,-1,-1,-1,-1,-1,-1,-1,-1,-1,-1,-1,-1,0,0,0,0,0,0,-1,-1,-1,-1,-1,-1,-1,-1,-1,-1,-1,-1,-1,-1,False,False,0,0,False,209,0,0,0,0,0,0,0,0,0,0,0,0,0,0,0,1,
0,4398,2026-02-23 13:17:12Z,LLM_Empathetic,6.931537,7.222539,6.640534,0.6120755,0,1.602357,0,0,0,0,0,0,5.500249,4.351758,6.648752,0.592854,0.702737,0.482971,7.399045,6.222453,8.575639,0.5865575,0,2.108958,7.20404,6.108129,8.299953,9.87048,10,9.530643,6.931537,7.222539,6.640534,0.6120755,0,1.602357,0,0,0,0,0,0,5.500249,4.351758,6.648752,0.592854,0.702737,0.482971,7.399045,6.222453,8.575639,0.5865575,0,2.108958,7.20404,6.108129,8.299953,9.87048,10,9.530643,-1,-1,-1,-1,-1,-1,-1,-1,-1,-1,-1,-1,-1,-1,-1,-1,-1,-1,-1,-1,-1,-1,-1,-1,-1,-1,-1,-1,-1,-1,-1,-1,-1,-1,-1,-1,-1,-1,-1,-1,-1,-1,-1,-1,-1,-1,-1,-1,-1,-1,0,0,0,0,0,0,-1,-1,-1,-1,-1,-1,-1,-1,-1,-1,-1,-1,0,0,0,0,0,0,-1,-1,-1,-1,-1,-1,-1,-1,-1,-1,-1,-1,-1,-1,False,False,0,0,False,209,0,0,0,0,0,0,0,0,0,0,0,0,0,0,0,1,
0,4399,2026-02-23 13:17:13Z,LLM_Empathetic,6.931496,7.222532,6.640459,0.6121457,0,1.602395,0,0,0,0,0,0,5.500196,4.35174,6.648663,0.592854,0.702737,0.482971,7.399021,6.222465,8.575578,0.5866025,0,2.109003,7.203967,6.108088,8.299846,9.870332,10,9.530458,6.931496,7.222532,6.640459,0.6121457,0,1.602395,0,0,0,0,0,0,5.500196,4.35174,6.648663,0.592854,0.702737,0.482971,7.399021,6.222465,8.575578,0.5866025,0,2.109003,7.203967,6.108088,8.299846,9.870332,10,9.530458,-1,-1,-1,-1,-1,-1,-1,-1,-1,-1,-1,-1,-1,-1,-1,-1,-1,-1,-1,-1,-1,-1,-1,-1,-1,-1,-1,-1,-1,-1,-1,-1,-1,-1,-1,-1,-1,-1,-1,-1,-1,-1,-1,-1,-1,-1,-1,-1,-1,-1,0,0,0,0,0,0,-1,-1,-1,-1,-1,-1,-1,-1,-1,-1,-1,-1,0,0,0,0,0,0,-1,-1,-1,-1,-1,-1,-1,-1,-1,-1,-1,-1,-1,-1,False,False,0,0,False,209,0,0,0,0,0,0,0,0,0,0,0,0,0,0,0,1,
0,4400,2026-02-23 13:17:13Z,LLM_Empathetic,6.931489,7.222531,6.640448,0.6121558,0,1.602401,0,0,0,0,0,0,5.500189,4.351737,6.64865,0.592854,0.702737,0.482971,7.399018,6.222467,8.575569,0.5866089,0,2.109009,7.203956,6.108083,8.299829,9.870311,10,9.530432,6.931489,7.222531,6.640448,0.6121558,0,1.602401,0,0,0,0,0,0,5.500189,4.351737,6.64865,0.592854,0.702737,0.482971,7.399018,6.222467,8.575569,0.5866089,0,2.109009,7.203956,6.108083,8.299829,9.870311,10,9.530432,-1,-1,-1,-1,-1,-1,-1,-1,-1,-1,-1,-1,-1,-1,-1,-1,-1,-1,-1,-1,-1,-1,-1,-1,-1,-1,-1,-1,-1,-1,-1,-1,-1,-1,-1,-1,-1,-1,-1,-1,-1,-1,-1,-1,-1,-1,-1,-1,-1,-1,0,0,0,0,0,0,-1,-1,-1,-1,-1,-1,-1,-1,-1,-1,-1,-1,0,0,0,0,0,0,-1,-1,-1,-1,-1,-1,-1,-1,-1,-1,-1,-1,-1,-1,False,False,0,0,False,209,0,0,0,0,0,0,0,0,0,0,0,0,0,0,0,1,
0,4401,2026-02-23 13:17:13Z,LLM_Empathetic,6.931486,7.22253,6.640441,0.6121625,0,1.602404,0,0,0,0,0,0,5.500184,4.351736,6.648642,0.592854,0.702737,0.482971,7.399015,6.222468,8.575563,0.5866132,0,2.109014,7.203949,6.108079,8.29982,9.870296,10,9.530414,6.931486,7.22253,6.640441,0.6121625,0,1.602404,0,0,0,0,0,0,5.500184,4.351736,6.648642,0.592854,0.702737,0.482971,7.399015,6.222468,8.575563,0.5866132,0,2.109014,7.203949,6.108079,8.29982,9.870296,10,9.530414,-1,-1,-1,-1,-1,-1,-1,-1,-1,-1,-1,-1,-1,-1,-1,-1,-1,-1,-1,-1,-1,-1,-1,-1,-1,-1,-1,-1,-1,-1,-1,-1,-1,-1,-1,-1,-1,-1,-1,-1,-1,-1,-1,-1,-1,-1,-1,-1,-1,-1,0,0,0,0,0,0,-1,-1,-1,-1,-1,-1,-1,-1,-1,-1,-1,-1,0,0,0,0,0,0,-1,-1,-1,-1,-1,-1,-1,-1,-1,-1,-1,-1,-1,-1,False,False,0,0,False,209,0,0,0,0,0,0,0,0,0,0,0,0,0,0,0,1,
0,4402,2026-02-23 13:17:13Z,LLM_Empathetic,6.931484,7.22253,6.640438,0.6121659,0,1.602406,0,0,0,0,0,0,5.500181,4.351735,6.648637,0.592854,0.702737,0.482971,7.399014,6.222468,8.575561,0.5866154,0,2.109016,7.203945,6.108077,8.299814,9.87029,10,9.530405,6.931484,7.22253,6.640438,0.6121659,0,1.602406,0,0,0,0,0,0,5.500181,4.351735,6.648637,0.592854,0.702737,0.482971,7.399014,6.222468,8.575561,0.5866154,0,2.109016,7.203945,6.108077,8.299814,9.87029,10,9.530405,-1,-1,-1,-1,-1,-1,-1,-1,-1,-1,-1,-1,-1,-1,-1,-1,-1,-1,-1,-1,-1,-1,-1,-1,-1,-1,-1,-1,-1,-1,-1,-1,-1,-1,-1,-1,-1,-1,-1,-1,-1,-1,-1,-1,-1,-1,-1,-1,-1,-1,0,0,0,0,0,0,-1,-1,-1,-1,-1,-1,-1,-1,-1,-1,-1,-1,0,0,0,0,0,0,-1,-1,-1,-1,-1,-1,-1,-1,-1,-1,-1,-1,-1,-1,False,False,0,0,False,207,0,0,0,0,0,0,0,0,0,0,0,0,0,0,0,1,
0,4403,2026-02-23 13:17:13Z,LLM_Empathetic,6.93148,7.222529,6.64043,0.6121727,0,1.60241,0,0,0,0,0,0,5.500176,4.351733,6.648629,0.592854,0.702737,0.482971,7.399012,6.22247,8.575554,0.5866197,0,2.10902,7.203938,6.108073,8.299804,9.870275,10,9.530387,6.93148,7.222529,6.64043,0.6121727,0,1.60241,0,0,0,0,0,0,5.500176,4.351733,6.648629,0.592854,0.702737,0.482971,7.399012,6.22247,8.575554,0.5866197,0,2.10902,7.203938,6.108073,8.299804,9.870275,10,9.530387,-1,-1,-1,-1,-1,-1,-1,-1,-1,-1,-1,-1,-1,-1,-1,-1,-1,-1,-1,-1,-1,-1,-1,-1,-1,-1,-1,-1,-1,-1,-1,-1,-1,-1,-1,-1,-1,-1,-1,-1,-1,-1,-1,-1,-1,-1,-1,-1,-1,-1,0,0,0,0,0,0,-1,-1,-1,-1,-1,-1,-1,-1,-1,-1,-1,-1,0,0,0,0,0,0,-1,-1,-1,-1,-1,-1,-1,-1,-1,-1,-1,-1,-1,-1,False,False,0,0,False,209,0,0,0,0,0,0,0,0,0,0,0,0,0,0,0,1,
0,4404,2026-02-23 13:17:13Z,LLM_Empathetic,6.931476,7.222528,6.640423,0.6121794,0,1.602414,0,0,0,0,0,0,5.500171,4.351731,6.648621,0.592854,0.702737,0.482971,7.39901,6.222471,8.575548,0.586624,0,2.109025,7.203931,6.108069,8.299794,9.870261,10,9.53037,6.931476,7.222528,6.640423,0.6121794,0,1.602414,0,0,0,0,0,0,5.500171,4.351731,6.648621,0.592854,0.702737,0.482971,7.39901,6.222471,8.575548,0.586624,0,2.109025,7.203931,6.108069,8.299794,9.870261,10,9.53037,-1,-1,-1,-1,-1,-1,-1,-1,-1,-1,-1,-1,-1,-1,-1,-1,-1,-1,-1,-1,-1,-1,-1,-1,-1,-1,-1,-1,-1,-1,-1,-1,-1,-1,-1,-1,-1,-1,-1,-1,-1,-1,-1,-1,-1,-1,-1,-1,-1,-1,0,0,0,0,0,0,-1,-1,-1,-1,-1,-1,-1,-1,-1,-1,-1,-1,0,0,0,0,0,0,-1,-1,-1,-1,-1,-1,-1,-1,-1,-1,-1,-1,-1,-1,False,False,0,0,False,209,0,0,0,0,0,0,0,0,0,0,0,0,0,0,0,1,
0,4405,2026-02-23 13:17:13Z,LLM_Empathetic,6.931474,7.222528,6.640419,0.6121827,0,1.602416,0,0,0,0,0,0,5.500168,4.351731,6.648616,0.592854,0.702737,0.482971,7.399008,6.222472,8.575545,0.5866262,0,2.109027,7.203928,6.108068,8.299788,9.870255,10,9.53036,6.931474,7.222528,6.640419,0.6121827,0,1.602416,0,0,0,0,0,0,5.500168,4.351731,6.648616,0.592854,0.702737,0.482971,7.399008,6.222472,8.575545,0.5866262,0,2.109027,7.203928,6.108068,8.299788,9.870255,10,9.53036,-1,-1,-1,-1,-1,-1,-1,-1,-1,-1,-1,-1,-1,-1,-1,-1,-1,-1,-1,-1,-1,-1,-1,-1,-1,-1,-1,-1,-1,-1,-1,-1,-1,-1,-1,-1,-1,-1,-1,-1,-1,-1,-1,-1,-1,-1,-1,-1,-1,-1,0,0,0,0,0,0,-1,-1,-1,-1,-1,-1,-1,-1,-1,-1,-1,-1,0,0,0,0,0,0,-1,-1,-1,-1,-1,-1,-1,-1,-1,-1,-1,-1,-1,-1,False,False,0,0,False,207,0,0,0,0,0,0,0,0,0,0,0,0,0,0,0,1,
0,4406,2026-02-23 13:17:13Z,LLM_Empathetic,6.93147,7.222528,6.640412,0.6121895,0,1.602419,0,0,0,0,0,0,5.500163,4.351729,6.648608,0.592854,0.702737,0.482971,7.399006,6.222473,8.57554,0.5866305,0,2.109031,7.20392,6.108064,8.299778,9.87024,10,9.530343,6.93147,7.222528,6.640412,0.6121895,0,1.602419,0,0,0,0,0,0,5.500163,4.351729,6.648608,0.592854,0.702737,0.482971,7.399006,6.222473,8.57554,0.5866305,0,2.109031,7.20392,6.108064,8.299778,9.87024,10,9.530343,-1,-1,-1,-1,-1,-1,-1,-1,-1,-1,-1,-1,-1,-1,-1,-1,-1,-1,-1,-1,-1,-1,-1,-1,-1,-1,-1,-1,-1,-1,-1,-1,-1,-1,-1,-1,-1,-1,-1,-1,-1,-1,-1,-1,-1,-1,-1,-1,-1,-1,0,0,0,0,0,0,-1,-1,-1,-1,-1,-1,-1,-1,-1,-1,-1,-1,0,0,0,0,0,0,-1,-1,-1,-1,-1,-1,-1,-1,-1,-1,-1,-1,-1,-1,False,False,0,0,False,207,0,0,0,0,0,0,0,0,0,0,0,0,0,0,0,1,
0,4407,2026-02-23 13:17:13Z,LLM_Empathetic,6.931466,7.222527,6.640405,0.6121963,0,1.602423,0,0,0,0,0,0,5.500158,4.351727,6.648599,0.592854,0.702737,0.482971,7.399004,6.222474,8.575534,0.5866349,0,2.109035,7.203913,6.10806,8.299767,9.870226,10,9.530325,6.931466,7.222527,6.640405,0.6121963,0,1.602423,0,0,0,0,0,0,5.500158,4.351727,6.648599,0.592854,0.702737,0.482971,7.399004,6.222474,8.575534,0.5866349,0,2.109035,7.203913,6.10806,8.299767,9.870226,10,9.530325,-1,-1,-1,-1,-1,-1,-1,-1,-1,-1,-1,-1,-1,-1,-1,-1,-1,-1,-1,-1,-1,-1,-1,-1,-1,-1,-1,-1,-1,-1,-1,-1,-1,-1,-1,-1,-1,-1,-1,-1,-1,-1,-1,-1,-1,-1,-1,-1,-1,-1,0,0,0,0,0,0,-1,-1,-1,-1,-1,-1,-1,-1,-1,-1,-1,-1,0,0,0,0,0,0,-1,-1,-1,-1,-1,-1,-1,-1,-1,-1,-1,-1,-1,-1,False,False,0,0,False,209,0,0,0,0,0,0,0,0,0,0,0,0,0,0,0,1,
0,4408,2026-02-23 13:17:13Z,LLM_Empathetic,6.931464,7.222526,6.640401,0.6121997,0,1.602425,0,0,0,0,0,0,5.500155,4.351727,6.648595,0.592854,0.702737,0.482971,7.399003,6.222475,8.575531,0.586637,0,2.109037,7.20391,6.108058,8.299763,9.870219,10,9.530316,6.931464,7.222526,6.640401,0.6121997,0,1.602425,0,0,0,0,0,0,5.500155,4.351727,6.648595,0.592854,0.702737,0.482971,7.399003,6.222475,8.575531,0.586637,0,2.109037,7.20391,6.108058,8.299763,9.870219,10,9.530316,-1,-1,-1,-1,-1,-1,-1,-1,-1,-1,-1,-1,-1,-1,-1,-1,-1,-1,-1,-1,-1,-1,-1,-1,-1,-1,-1,-1,-1,-1,-1,-1,-1,-1,-1,-1,-1,-1,-1,-1,-1,-1,-1,-1,-1,-1,-1,-1,-1,-1,0,0,0,0,0,0,-1,-1,-1,-1,-1,-1,-1,-1,-1,-1,-1,-1,0,0,0,0,0,0,-1,-1,-1,-1,-1,-1,-1,-1,-1,-1,-1,-1,-1,-1,False,False,0,0,False,207,0,0,0,0,0,0,0,0,0,0,0,0,0,0,0,1,
0,4409,2026-02-23 13:17:13Z,LLM_Empathetic,6.931462,7.222526,6.640398,0.6122031,0,1.602427,0,0,0,0,0,0,5.500153,4.351726,6.648591,0.592854,0.702737,0.482971,7.399001,6.222475,8.575528,0.5866392,0,2.10904,7.203906,6.108056,8.299757,9.870212,10,9.530307,6.931462,7.222526,6.640398,0.6122031,0,1.602427,0,0,0,0,0,0,5.500153,4.351726,6.648591,0.592854,0.702737,0.482971,7.399001,6.222475,8.575528,0.5866392,0,2.10904,7.203906,6.108056,8.299757,9.870212,10,9.530307,-1,-1,-1,-1,-1,-1,-1,-1,-1,-1,-1,-1,-1,-1,-1,-1,-1,-1,-1,-1,-1,-1,-1,-1,-1,-1,-1,-1,-1,-1,-1,-1,-1,-1,-1,-1,-1,-1,-1,-1,-1,-1,-1,-1,-1,-1,-1,-1,-1,-1,0,0,0,0,0,0,-1,-1,-1,-1,-1,-1,-1,-1,-1,-1,-1,-1,0,0,0,0,0,0,-1,-1,-1,-1,-1,-1,-1,-1,-1,-1,-1,-1,-1,-1,False,False,0,0,False,207,0,0,0,0,0,0,0,0,0,0,0,0,0,0,0,1,
0,4410,2026-02-23 13:17:13Z,LLM_Empathetic,6.93146,7.222526,6.640394,0.6122064,0,1.602429,0,0,0,0,0,0,5.50015,4.351725,6.648586,0.592854,0.702737,0.482971,7.399,6.222476,8.575525,0.5866414,0,2.109042,7.203903,6.108054,8.299752,9.870205,10,9.530298,6.93146,7.222526,6.640394,0.6122064,0,1.602429,0,0,0,0,0,0,5.50015,4.351725,6.648586,0.592854,0.702737,0.482971,7.399,6.222476,8.575525,0.5866414,0,2.109042,7.203903,6.108054,8.299752,9.870205,10,9.530298,-1,-1,-1,-1,-1,-1,-1,-1,-1,-1,-1,-1,-1,-1,-1,-1,-1,-1,-1,-1,-1,-1,-1,-1,-1,-1,-1,-1,-1,-1,-1,-1,-1,-1,-1,-1,-1,-1,-1,-1,-1,-1,-1,-1,-1,-1,-1,-1,-1,-1,0,0,0,0,0,0,-1,-1,-1,-1,-1,-1,-1,-1,-1,-1,-1,-1,0,0,0,0,0,0,-1,-1,-1,-1,-1,-1,-1,-1,-1,-1,-1,-1,-1,-1,False,False,0,0,False,207,0,0,0,0,0,0,0,0,0,0,0,0,0,0,0,1,
0,4411,2026-02-23 13:17:13Z,LLM_Empathetic,6.931456,7.222525,6.640387,0.6122132,0,1.602432,0,0,0,0,0,0,5.500145,4.351723,6.648578,0.592854,0.702737,0.482971,7.398998,6.222477,8.575519,0.5866457,0,2.109046,7.203896,6.10805,8.299742,9.870191,10,9.53028,6.931456,7.222525,6.640387,0.6122132,0,1.602432,0,0,0,0,0,0,5.500145,4.351723,6.648578,0.592854,0.702737,0.482971,7.398998,6.222477,8.575519,0.5866457,0,2.109046,7.203896,6.10805,8.299742,9.870191,10,9.53028,-1,-1,-1,-1,-1,-1,-1,-1,-1,-1,-1,-1,-1,-1,-1,-1,-1,-1,-1,-1,-1,-1,-1,-1,-1,-1,-1,-1,-1,-1,-1,-1,-1,-1,-1,-1,-1,-1,-1,-1,-1,-1,-1,-1,-1,-1,-1,-1,-1,-1,0,0,0,0,0,0,-1,-1,-1,-1,-1,-1,-1,-1,-1,-1,-1,-1,0,0,0,0,0,0,-1,-1,-1,-1,-1,-1,-1,-1,-1,-1,-1,-1,-1,-1,False,False,0,0,False,209,0,0,0,0,0,0,0,0,0,0,0,0,0,0,0,1,
0,4412,2026-02-23 13:17:13Z,LLM_Empathetic,6.931454,7.222525,6.640383,0.6122166,0,1.602434,0,0,0,0,0,0,5.500143,4.351722,6.648573,0.592854,0.702737,0.482971,7.398997,6.222477,8.575516,0.5866479,0,2.109048,7.203892,6.108048,8.299737,9.870184,10,9.530272,6.931454,7.222525,6.640383,0.6122166,0,1.602434,0,0,0,0,0,0,5.500143,4.351722,6.648573,0.592854,0.702737,0.482971,7.398997,6.222477,8.575516,0.5866479,0,2.109048,7.203892,6.108048,8.299737,9.870184,10,9.530272,-1,-1,-1,-1,-1,-1,-1,-1,-1,-1,-1,-1,-1,-1,-1,-1,-1,-1,-1,-1,-1,-1,-1,-1,-1,-1,-1,-1,-1,-1,-1,-1,-1,-1,-1,-1,-1,-1,-1,-1,-1,-1,-1,-1,-1,-1,-1,-1,-1,-1,0,0,0,0,0,0,-1,-1,-1,-1,-1,-1,-1,-1,-1,-1,-1,-1,0,0,0,0,0,0,-1,-1,-1,-1,-1,-1,-1,-1,-1,-1,-1,-1,-1,-1,False,False,0,0,False,209,0,0,0,0,0,0,0,0,0,0,0,0,0,0,0,1,
0,4413,2026-02-23 13:17:13Z,LLM_Empathetic,6.931452,7.222524,6.640379,0.61222,0,1.602436,0,0,0,0,0,0,5.50014,4.351721,6.648569,0.592854,0.702737,0.482971,7.398995,6.222478,8.575513,0.58665,0,2.109051,7.203888,6.108046,8.299731,9.870176,10,9.530263,6.931452,7.222524,6.640379,0.61222,0,1.602436,0,0,0,0,0,0,5.50014,4.351721,6.648569,0.592854,0.702737,0.482971,7.398995,6.222478,8.575513,0.58665,0,2.109051,7.203888,6.108046,8.299731,9.870176,10,9.530263,-1,-1,-1,-1,-1,-1,-1,-1,-1,-1,-1,-1,-1,-1,-1,-1,-1,-1,-1,-1,-1,-1,-1,-1,-1,-1,-1,-1,-1,-1,-1,-1,-1,-1,-1,-1,-1,-1,-1,-1,-1,-1,-1,-1,-1,-1,-1,-1,-1,-1,0,0,0,0,0,0,-1,-1,-1,-1,-1,-1,-1,-1,-1,-1,-1,-1,0,0,0,0,0,0,-1,-1,-1,-1,-1,-1,-1,-1,-1,-1,-1,-1,-1,-1,False,False,0,0,False,209,0,0,0,0,0,0,0,0,0,0,0,0,0,0,0,1,
0,4414,2026-02-23 13:17:13Z,LLM_Empathetic,6.93145,7.222524,6.640376,0.6122234,0,1.602438,0,0,0,0,0,0,5.500137,4.35172,6.648565,0.592854,0.702737,0.482971,7.398994,6.222479,8.57551,0.5866522,0,2.109053,7.203885,6.108044,8.299726,9.87017,10,9.530253,6.93145,7.222524,6.640376,0.6122234,0,1.602438,0,0,0,0,0,0,5.500137,4.35172,6.648565,0.592854,0.702737,0.482971,7.398994,6.222479,8.57551,0.5866522,0,2.109053,7.203885,6.108044,8.299726,9.87017,10,9.530253,-1,-1,-1,-1,-1,-1,-1,-1,-1,-1,-1,-1,-1,-1,-1,-1,-1,-1,-1,-1,-1,-1,-1,-1,-1,-1,-1,-1,-1,-1,-1,-1,-1,-1,-1,-1,-1,-1,-1,-1,-1,-1,-1,-1,-1,-1,-1,-1,-1,-1,0,0,0,0,0,0,-1,-1,-1,-1,-1,-1,-1,-1,-1,-1,-1,-1,0,0,0,0,0,0,-1,-1,-1,-1,-1,-1,-1,-1,-1,-1,-1,-1,-1,-1,False,False,0,0,False,209,0,0,0,0,0,0,0,0,0,0,0,0,0,0,0,1,
0,4415,2026-02-23 13:17:13Z,LLM_Empathetic,6.931446,7.222523,6.640369,0.6122302,0,1.602442,0,0,0,0,0,0,5.500133,4.351719,6.648556,0.592854,0.702737,0.482971,7.398992,6.22248,8.575504,0.5866566,0,2.109057,7.203878,6.10804,8.299716,9.870155,10,9.530236,6.931446,7.222523,6.640369,0.6122302,0,1.602442,0,0,0,0,0,0,5.500133,4.351719,6.648556,0.592854,0.702737,0.482971,7.398992,6.22248,8.575504,0.5866566,0,2.109057,7.203878,6.10804,8.299716,9.870155,10,9.530236,-1,-1,-1,-1,-1,-1,-1,-1,-1,-1,-1,-1,-1,-1,-1,-1,-1,-1,-1,-1,-1,-1,-1,-1,-1,-1,-1,-1,-1,-1,-1,-1,-1,-1,-1,-1,-1,-1,-1,-1,-1,-1,-1,-1,-1,-1,-1,-1,-1,-1,0,0,0,0,0,0,-1,-1,-1,-1,-1,-1,-1,-1,-1,-1,-1,-1,0,0,0,0,0,0,-1,-1,-1,-1,-1,-1,-1,-1,-1,-1,-1,-1,-1,-1,False,False,0,0,False,207,0,0,0,0,0,0,0,0,0,0,0,0,0,0,0,1,
0,4416,2026-02-23 13:17:13Z,LLM_Empathetic,6.931444,7.222523,6.640365,0.6122336,0,1.602444,0,0,0,0,0,0,5.50013,4.351718,6.648552,0.592854,0.702737,0.482971,7.398991,6.222481,8.575501,0.5866587,0,2.109059,7.203874,6.108038,8.29971,9.870148,10,9.530227,6.931444,7.222523,6.640365,0.6122336,0,1.602444,0,0,0,0,0,0,5.50013,4.351718,6.648552,0.592854,0.702737,0.482971,7.398991,6.222481,8.575501,0.5866587,0,2.109059,7.203874,6.108038,8.29971,9.870148,10,9.530227,-1,-1,-1,-1,-1,-1,-1,-1,-1,-1,-1,-1,-1,-1,-1,-1,-1,-1,-1,-1,-1,-1,-1,-1,-1,-1,-1,-1,-1,-1,-1,-1,-1,-1,-1,-1,-1,-1,-1,-1,-1,-1,-1,-1,-1,-1,-1,-1,-1,-1,0,0,0,0,0,0,-1,-1,-1,-1,-1,-1,-1,-1,-1,-1,-1,-1,0,0,0,0,0,0,-1,-1,-1,-1,-1,-1,-1,-1,-1,-1,-1,-1,-1,-1,False,False,0,0,False,209,0,0,0,0,0,0,0,0,0,0,0,0,0,0,0,1,
0,4417,2026-02-23 13:17:13Z,LLM_Empathetic,6.93144,7.222522,6.640358,0.6122404,0,1.602447,0,0,0,0,0,0,5.500124,4.351716,6.648543,0.592854,0.702737,0.482971,7.398988,6.222482,8.575496,0.5866631,0,2.109063,7.203867,6.108035,8.299701,9.870133,10,9.530209,6.93144,7.222522,6.640358,0.6122404,0,1.602447,0,0,0,0,0,0,5.500124,4.351716,6.648543,0.592854,0.702737,0.482971,7.398988,6.222482,8.575496,0.5866631,0,2.109063,7.203867,6.108035,8.299701,9.870133,10,9.530209,-1,-1,-1,-1,-1,-1,-1,-1,-1,-1,-1,-1,-1,-1,-1,-1,-1,-1,-1,-1,-1,-1,-1,-1,-1,-1,-1,-1,-1,-1,-1,-1,-1,-1,-1,-1,-1,-1,-1,-1,-1,-1,-1,-1,-1,-1,-1,-1,-1,-1,0,0,0,0,0,0,-1,-1,-1,-1,-1,-1,-1,-1,-1,-1,-1,-1,0,0,0,0,0,0,-1,-1,-1,-1,-1,-1,-1,-1,-1,-1,-1,-1,-1,-1,False,False,0,0,False,209,0,0,0,0,0,0,0,0,0,0,0,0,0,0,0,1,
0,4418,2026-02-23 13:17:13Z,LLM_Empathetic,6.931436,7.222521,6.64035,0.6122472,0,1.602451,0,0,0,0,0,0,5.50012,4.351715,6.648535,0.592854,0.702737,0.482971,7.398986,6.222483,8.57549,0.5866674,0,2.109068,7.20386,6.108031,8.29969,9.870119,10,9.530191,6.931436,7.222521,6.64035,0.6122472,0,1.602451,0,0,0,0,0,0,5.50012,4.351715,6.648535,0.592854,0.702737,0.482971,7.398986,6.222483,8.57549,0.5866674,0,2.109068,7.20386,6.108031,8.29969,9.870119,10,9.530191,-1,-1,-1,-1,-1,-1,-1,-1,-1,-1,-1,-1,-1,-1,-1,-1,-1,-1,-1,-1,-1,-1,-1,-1,-1,-1,-1,-1,-1,-1,-1,-1,-1,-1,-1,-1,-1,-1,-1,-1,-1,-1,-1,-1,-1,-1,-1,-1,-1,-1,0,0,0,0,0,0,-1,-1,-1,-1,-1,-1,-1,-1,-1,-1,-1,-1,0,0,0,0,0,0,-1,-1,-1,-1,-1,-1,-1,-1,-1,-1,-1,-1,-1,-1,False,False,0,0,False,209,0,0,0,0,0,0,0,0,0,0,0,0,0,0,0,1,
0,4419,2026-02-23 13:17:13Z,LLM_Empathetic,6.931434,7.222521,6.640347,0.6122506,0,1.602453,0,0,0,0,0,0,5.500117,4.351714,6.64853,0.592854,0.702737,0.482971,7.398985,6.222484,8.575486,0.5866696,0,2.10907,7.203856,6.108029,8.299685,9.870112,10,9.530182,6.931434,7.222521,6.640347,0.6122506,0,1.602453,0,0,0,0,0,0,5.500117,4.351714,6.64853,0.592854,0.702737,0.482971,7.398985,6.222484,8.575486,0.5866696,0,2.10907,7.203856,6.108029,8.299685,9.870112,10,9.530182,-1,-1,-1,-1,-1,-1,-1,-1,-1,-1,-1,-1,-1,-1,-1,-1,-1,-1,-1,-1,-1,-1,-1,-1,-1,-1,-1,-1,-1,-1,-1,-1,-1,-1,-1,-1,-1,-1,-1,-1,-1,-1,-1,-1,-1,-1,-1,-1,-1,-1,0,0,0,0,0,0,-1,-1,-1,-1,-1,-1,-1,-1,-1,-1,-1,-1,0,0,0,0,0,0,-1,-1,-1,-1,-1,-1,-1,-1,-1,-1,-1,-1,-1,-1,False,False,0,0,False,209,0,0,0,0,0,0,0,0,0,0,0,0,0,0,0,1,
0,4420,2026-02-23 13:17:13Z,LLM_Empathetic,6.931432,7.22252,6.640343,0.612254,0,1.602455,0,0,0,0,0,0,5.500114,4.351713,6.648526,0.592854,0.702737,0.482971,7.398984,6.222484,8.575483,0.5866718,0,2.109072,7.203853,6.108027,8.29968,9.870105,10,9.530173,6.931432,7.22252,6.640343,0.612254,0,1.602455,0,0,0,0,0,0,5.500114,4.351713,6.648526,0.592854,0.702737,0.482971,7.398984,6.222484,8.575483,0.5866718,0,2.109072,7.203853,6.108027,8.29968,9.870105,10,9.530173,-1,-1,-1,-1,-1,-1,-1,-1,-1,-1,-1,-1,-1,-1,-1,-1,-1,-1,-1,-1,-1,-1,-1,-1,-1,-1,-1,-1,-1,-1,-1,-1,-1,-1,-1,-1,-1,-1,-1,-1,-1,-1,-1,-1,-1,-1,-1,-1,-1,-1,0,0,0,0,0,0,-1,-1,-1,-1,-1,-1,-1,-1,-1,-1,-1,-1,0,0,0,0,0,0,-1,-1,-1,-1,-1,-1,-1,-1,-1,-1,-1,-1,-1,-1,False,False,0,0,False,207,0,0,0,0,0,0,0,0,0,0,0,0,0,0,0,1,
0,4421,2026-02-23 13:17:13Z,LLM_Empathetic,6.931428,7.22252,6.640336,0.6122608,0,1.602459,0,0,0,0,0,0,5.500109,4.351711,6.648518,0.592854,0.702737,0.482971,7.398982,6.222486,8.575478,0.5866762,0,2.109076,7.203846,6.108023,8.299669,9.87009,10,9.530155,6.931428,7.22252,6.640336,0.6122608,0,1.602459,0,0,0,0,0,0,5.500109,4.351711,6.648518,0.592854,0.702737,0.482971,7.398982,6.222486,8.575478,0.5866762,0,2.109076,7.203846,6.108023,8.299669,9.87009,10,9.530155,-1,-1,-1,-1,-1,-1,-1,-1,-1,-1,-1,-1,-1,-1,-1,-1,-1,-1,-1,-1,-1,-1,-1,-1,-1,-1,-1,-1,-1,-1,-1,-1,-1,-1,-1,-1,-1,-1,-1,-1,-1,-1,-1,-1,-1,-1,-1,-1,-1,-1,0,0,0,0,0,0,-1,-1,-1,-1,-1,-1,-1,-1,-1,-1,-1,-1,0,0,0,0,0,0,-1,-1,-1,-1,-1,-1,-1,-1,-1,-1,-1,-1,-1,-1,False,False,0,0,False,209,0,0,0,0,0,0,0,0,0,0,0,0,0,0,0,1,
0,4422,2026-02-23 13:17:14Z,LLM_Empathetic,6.931426,7.222519,6.640332,0.6122642,0,1.602461,0,0,0,0,0,0,5.500107,4.35171,6.648513,0.592854,0.702737,0.482971,7.39898,6.222486,8.575475,0.5866784,0,2.109079,7.203842,6.108021,8.299664,9.870084,10,9.530147,6.931426,7.222519,6.640332,0.6122642,0,1.602461,0,0,0,0,0,0,5.500107,4.35171,6.648513,0.592854,0.702737,0.482971,7.39898,6.222486,8.575475,0.5866784,0,2.109079,7.203842,6.108021,8.299664,9.870084,10,9.530147,-1,-1,-1,-1,-1,-1,-1,-1,-1,-1,-1,-1,-1,-1,-1,-1,-1,-1,-1,-1,-1,-1,-1,-1,-1,-1,-1,-1,-1,-1,-1,-1,-1,-1,-1,-1,-1,-1,-1,-1,-1,-1,-1,-1,-1,-1,-1,-1,-1,-1,0,0,0,0,0,0,-1,-1,-1,-1,-1,-1,-1,-1,-1,-1,-1,-1,0,0,0,0,0,0,-1,-1,-1,-1,-1,-1,-1,-1,-1,-1,-1,-1,-1,-1,False,False,0,0,False,209,0,0,0,0,0,0,0,0,0,0,0,0,0,0,0,1,
0,4423,2026-02-23 13:17:14Z,LLM_Empathetic,6.931424,7.222519,6.640329,0.6122676,0,1.602462,0,0,0,0,0,0,5.500104,4.351709,6.648509,0.592854,0.702737,0.482971,7.398979,6.222486,8.575472,0.5866805,0,2.109081,7.203838,6.108019,8.299659,9.870076,10,9.530137,6.931424,7.222519,6.640329,0.6122676,0,1.602462,0,0,0,0,0,0,5.500104,4.351709,6.648509,0.592854,0.702737,0.482971,7.398979,6.222486,8.575472,0.5866805,0,2.109081,7.203838,6.108019,8.299659,9.870076,10,9.530137,-1,-1,-1,-1,-1,-1,-1,-1,-1,-1,-1,-1,-1,-1,-1,-1,-1,-1,-1,-1,-1,-1,-1,-1,-1,-1,-1,-1,-1,-1,-1,-1,-1,-1,-1,-1,-1,-1,-1,-1,-1,-1,-1,-1,-1,-1,-1,-1,-1,-1,0,0,0,0,0,0,-1,-1,-1,-1,-1,-1,-1,-1,-1,-1,-1,-1,0,0,0,0,0,0,-1,-1,-1,-1,-1,-1,-1,-1,-1,-1,-1,-1,-1,-1,False,False,0,0,False,209,0,0,0,0,0,0,0,0,0,0,0,0,0,0,0,1,
0,4424,2026-02-23 13:17:14Z,LLM_Empathetic,6.93142,7.222518,6.640321,0.6122745,0,1.602466,0,0,0,0,0,0,5.500099,4.351708,6.6485,0.592854,0.702737,0.482971,7.398977,6.222488,8.575466,0.5866849,0,2.109085,7.203831,6.108015,8.299648,9.870062,10,9.530119,6.93142,7.222518,6.640321,0.6122745,0,1.602466,0,0,0,0,0,0,5.500099,4.351708,6.6485,0.592854,0.702737,0.482971,7.398977,6.222488,8.575466,0.5866849,0,2.109085,7.203831,6.108015,8.299648,9.870062,10,9.530119,-1,-1,-1,-1,-1,-1,-1,-1,-1,-1,-1,-1,-1,-1,-1,-1,-1,-1,-1,-1,-1,-1,-1,-1,-1,-1,-1,-1,-1,-1,-1,-1,-1,-1,-1,-1,-1,-1,-1,-1,-1,-1,-1,-1,-1,-1,-1,-1,-1,-1,0,0,0,0,0,0,-1,-1,-1,-1,-1,-1,-1,-1,-1,-1,-1,-1,0,0,0,0,0,0,-1,-1,-1,-1,-1,-1,-1,-1,-1,-1,-1,-1,-1,-1,False,False,0,0,False,209,0,0,0,0,0,0,0,0,0,0,0,0,0,0,0,1,
0,4425,2026-02-23 13:17:14Z,LLM_Empathetic,6.931418,7.222518,6.640318,0.6122779,0,1.602468,0,0,0,0,0,0,5.500096,4.351707,6.648496,0.592854,0.702737,0.482971,7.398975,6.222488,8.575463,0.5866871,0,2.109087,7.203827,6.108013,8.299643,9.870055,10,9.53011,6.931418,7.222518,6.640318,0.6122779,0,1.602468,0,0,0,0,0,0,5.500096,4.351707,6.648496,0.592854,0.702737,0.482971,7.398975,6.222488,8.575463,0.5866871,0,2.109087,7.203827,6.108013,8.299643,9.870055,10,9.53011,-1,-1,-1,-1,-1,-1,-1,-1,-1,-1,-1,-1,-1,-1,-1,-1,-1,-1,-1,-1,-1,-1,-1,-1,-1,-1,-1,-1,-1,-1,-1,-1,-1,-1,-1,-1,-1,-1,-1,-1,-1,-1,-1,-1,-1,-1,-1,-1,-1,-1,0,0,0,0,0,0,-1,-1,-1,-1,-1,-1,-1,-1,-1,-1,-1,-1,0,0,0,0,0,0,-1,-1,-1,-1,-1,-1,-1,-1,-1,-1,-1,-1,-1,-1,False,False,0,0,False,209,0,0,0,0,0,0,0,0,0,0,0,0,0,0,0,1,
0,4426,2026-02-23 13:17:14Z,LLM_Empathetic,6.931416,7.222517,6.640314,0.6122813,0,1.60247,0,0,0,0,0,0,5.500093,4.351706,6.648492,0.592854,0.702737,0.482971,7.398974,6.222489,8.57546,0.5866893,0,2.10909,7.203824,6.108011,8.299638,9.870048,10,9.530101,6.931416,7.222517,6.640314,0.6122813,0,1.60247,0,0,0,0,0,0,5.500093,4.351706,6.648492,0.592854,0.702737,0.482971,7.398974,6.222489,8.57546,0.5866893,0,2.10909,7.203824,6.108011,8.299638,9.870048,10,9.530101,-1,-1,-1,-1,-1,-1,-1,-1,-1,-1,-1,-1,-1,-1,-1,-1,-1,-1,-1,-1,-1,-1,-1,-1,-1,-1,-1,-1,-1,-1,-1,-1,-1,-1,-1,-1,-1,-1,-1,-1,-1,-1,-1,-1,-1,-1,-1,-1,-1,-1,0,0,0,0,0,0,-1,-1,-1,-1,-1,-1,-1,-1,-1,-1,-1,-1,0,0,0,0,0,0,-1,-1,-1,-1,-1,-1,-1,-1,-1,-1,-1,-1,-1,-1,False,False,0,0,False,209,0,0,0,0,0,0,0,0,0,0,0,0,0,0,0,1,
0,4427,2026-02-23 13:17:14Z,LLM_Empathetic,6.931412,7.222517,6.640306,0.6122881,0,1.602474,0,0,0,0,0,0,5.500089,4.351704,6.648483,0.592854,0.702737,0.482971,7.398972,6.22249,8.575454,0.5866937,0,2.109094,7.203817,6.108007,8.299627,9.870033,10,9.530083,6.931412,7.222517,6.640306,0.6122881,0,1.602474,0,0,0,0,0,0,5.500089,4.351704,6.648483,0.592854,0.702737,0.482971,7.398972,6.22249,8.575454,0.5866937,0,2.109094,7.203817,6.108007,8.299627,9.870033,10,9.530083,-1,-1,-1,-1,-1,-1,-1,-1,-1,-1,-1,-1,-1,-1,-1,-1,-1,-1,-1,-1,-1,-1,-1,-1,-1,-1,-1,-1,-1,-1,-1,-1,-1,-1,-1,-1,-1,-1,-1,-1,-1,-1,-1,-1,-1,-1,-1,-1,-1,-1,0,0,0,0,0,0,-1,-1,-1,-1,-1,-1,-1,-1,-1,-1,-1,-1,0,0,0,0,0,0,-1,-1,-1,-1,-1,-1,-1,-1,-1,-1,-1,-1,-1,-1,False,False,0,0,False,209,0,0,0,0,0,0,0,0,0,0,0,0,0,0,0,1,
0,4428,2026-02-23 13:17:14Z,LLM_Empathetic,6.93141,7.222517,6.640303,0.6122916,0,1.602476,0,0,0,0,0,0,5.500086,4.351704,6.648479,0.592854,0.702737,0.482971,7.398971,6.222491,8.575451,0.5866958,0,2.109096,7.203813,6.108006,8.299622,9.870027,10,9.530074,6.93141,7.222517,6.640303,0.6122916,0,1.602476,0,0,0,0,0,0,5.500086,4.351704,6.648479,0.592854,0.702737,0.482971,7.398971,6.222491,8.575451,0.5866958,0,2.109096,7.203813,6.108006,8.299622,9.870027,10,9.530074,-1,-1,-1,-1,-1,-1,-1,-1,-1,-1,-1,-1,-1,-1,-1,-1,-1,-1,-1,-1,-1,-1,-1,-1,-1,-1,-1,-1,-1,-1,-1,-1,-1,-1,-1,-1,-1,-1,-1,-1,-1,-1,-1,-1,-1,-1,-1,-1,-1,-1,0,0,0,0,0,0,-1,-1,-1,-1,-1,-1,-1,-1,-1,-1,-1,-1,0,0,0,0,0,0,-1,-1,-1,-1,-1,-1,-1,-1,-1,-1,-1,-1,-1,-1,False,False,0,0,False,209,0,0,0,0,0,0,0,0,0,0,0,0,0,0,0,1,
0,4429,2026-02-23 13:17:14Z,LLM_Empathetic,6.931408,7.222516,6.640299,0.612295,0,1.602478,0,0,0,0,0,0,5.500083,4.351703,6.648474,0.592854,0.702737,0.482971,7.39897,6.222492,8.575448,0.5866981,0,2.109098,7.20381,6.108004,8.299617,9.870019,10,9.530066,6.931408,7.222516,6.640299,0.612295,0,1.602478,0,0,0,0,0,0,5.500083,4.351703,6.648474,0.592854,0.702737,0.482971,7.39897,6.222492,8.575448,0.5866981,0,2.109098,7.20381,6.108004,8.299617,9.870019,10,9.530066,-1,-1,-1,-1,-1,-1,-1,-1,-1,-1,-1,-1,-1,-1,-1,-1,-1,-1,-1,-1,-1,-1,-1,-1,-1,-1,-1,-1,-1,-1,-1,-1,-1,-1,-1,-1,-1,-1,-1,-1,-1,-1,-1,-1,-1,-1,-1,-1,-1,-1,0,0,0,0,0,0,-1,-1,-1,-1,-1,-1,-1,-1,-1,-1,-1,-1,0,0,0,0,0,0,-1,-1,-1,-1,-1,-1,-1,-1,-1,-1,-1,-1,-1,-1,False,False,0,0,False,207,0,0,0,0,0,0,0,0,0,0,0,0,0,0,0,1,
0,4430,2026-02-23 13:17:14Z,LLM_Empathetic,6.931404,7.222516,6.640292,0.6123018,0,1.602481,0,0,0,0,0,0,5.500078,4.351701,6.648466,0.592854,0.702737,0.482971,7.398967,6.222493,8.575442,0.5867025,0,2.109103,7.203803,6.108,8.299606,9.870005,10,9.530047,6.931404,7.222516,6.640292,0.6123018,0,1.602481,0,0,0,0,0,0,5.500078,4.351701,6.648466,0.592854,0.702737,0.482971,7.398967,6.222493,8.575442,0.5867025,0,2.109103,7.203803,6.108,8.299606,9.870005,10,9.530047,-1,-1,-1,-1,-1,-1,-1,-1,-1,-1,-1,-1,-1,-1,-1,-1,-1,-1,-1,-1,-1,-1,-1,-1,-1,-1,-1,-1,-1,-1,-1,-1,-1,-1,-1,-1,-1,-1,-1,-1,-1,-1,-1,-1,-1,-1,-1,-1,-1,-1,0,0,0,0,0,0,-1,-1,-1,-1,-1,-1,-1,-1,-1,-1,-1,-1,0,0,0,0,0,0,-1,-1,-1,-1,-1,-1,-1,-1,-1,-1,-1,-1,-1,-1,False,False,0,0,False,209,0,0,0,0,0,0,0,0,0,0,0,0,0,0,0,1,
0,4431,2026-02-23 13:17:14Z,LLM_Empathetic,6.931402,7.222515,6.640288,0.6123053,0,1.602483,0,0,0,0,0,0,5.500075,4.3517,6.648461,0.592854,0.702737,0.482971,7.398966,6.222493,8.575439,0.5867047,0,2.109105,7.203799,6.107998,8.299601,9.869997,10,9.530038,6.931402,7.222515,6.640288,0.6123053,0,1.602483,0,0,0,0,0,0,5.500075,4.3517,6.648461,0.592854,0.702737,0.482971,7.398966,6.222493,8.575439,0.5867047,0,2.109105,7.203799,6.107998,8.299601,9.869997,10,9.530038,-1,-1,-1,-1,-1,-1,-1,-1,-1,-1,-1,-1,-1,-1,-1,-1,-1,-1,-1,-1,-1,-1,-1,-1,-1,-1,-1,-1,-1,-1,-1,-1,-1,-1,-1,-1,-1,-1,-1,-1,-1,-1,-1,-1,-1,-1,-1,-1,-1,-1,0,0,0,0,0,0,-1,-1,-1,-1,-1,-1,-1,-1,-1,-1,-1,-1,0,0,0,0,0,0,-1,-1,-1,-1,-1,-1,-1,-1,-1,-1,-1,-1,-1,-1,False,False,0,0,False,209,0,0,0,0,0,0,0,0,0,0,0,0,0,0,0,1,
0,4432,2026-02-23 13:17:14Z,LLM_Empathetic,6.931398,7.222514,6.640281,0.6123121,0,1.602487,0,0,0,0,0,0,5.500071,4.351698,6.648453,0.592854,0.702737,0.482971,7.398964,6.222495,8.575433,0.586709,0,2.109109,7.203792,6.107994,8.29959,9.869983,10,9.53002,6.931398,7.222514,6.640281,0.6123121,0,1.602487,0,0,0,0,0,0,5.500071,4.351698,6.648453,0.592854,0.702737,0.482971,7.398964,6.222495,8.575433,0.586709,0,2.109109,7.203792,6.107994,8.29959,9.869983,10,9.53002,-1,-1,-1,-1,-1,-1,-1,-1,-1,-1,-1,-1,-1,-1,-1,-1,-1,-1,-1,-1,-1,-1,-1,-1,-1,-1,-1,-1,-1,-1,-1,-1,-1,-1,-1,-1,-1,-1,-1,-1,-1,-1,-1,-1,-1,-1,-1,-1,-1,-1,0,0,0,0,0,0,-1,-1,-1,-1,-1,-1,-1,-1,-1,-1,-1,-1,0,0,0,0,0,0,-1,-1,-1,-1,-1,-1,-1,-1,-1,-1,-1,-1,-1,-1,False,False,0,0,False,209,0,0,0,0,0,0,0,0,0,0,0,0,0,0,0,1,
0,4433,2026-02-23 13:17:14Z,LLM_Empathetic,6.931396,7.222514,6.640277,0.6123156,0,1.602489,0,0,0,0,0,0,5.500068,4.351697,6.648448,0.592854,0.702737,0.482971,7.398962,6.222495,8.57543,0.5867112,0,2.109112,7.203788,6.107992,8.299585,9.869976,10,9.530011,6.931396,7.222514,6.640277,0.6123156,0,1.602489,0,0,0,0,0,0,5.500068,4.351697,6.648448,0.592854,0.702737,0.482971,7.398962,6.222495,8.57543,0.5867112,0,2.109112,7.203788,6.107992,8.299585,9.869976,10,9.530011,-1,-1,-1,-1,-1,-1,-1,-1,-1,-1,-1,-1,-1,-1,-1,-1,-1,-1,-1,-1,-1,-1,-1,-1,-1,-1,-1,-1,-1,-1,-1,-1,-1,-1,-1,-1,-1,-1,-1,-1,-1,-1,-1,-1,-1,-1,-1,-1,-1,-1,0,0,0,0,0,0,-1,-1,-1,-1,-1,-1,-1,-1,-1,-1,-1,-1,0,0,0,0,0,0,-1,-1,-1,-1,-1,-1,-1,-1,-1,-1,-1,-1,-1,-1,False,False,0,0,False,209,0,0,0,0,0,0,0,0,0,0,0,0,0,0,0,1,
0,4434,2026-02-23 13:17:14Z,LLM_Empathetic,6.931394,7.222514,6.640274,0.612319,0,1.602491,0,0,0,0,0,0,5.500065,4.351696,6.648444,0.592854,0.702737,0.482971,7.398962,6.222496,8.575427,0.5867134,0,2.109114,7.203784,6.10799,8.29958,9.869968,10,9.530002,6.931394,7.222514,6.640274,0.612319,0,1.602491,0,0,0,0,0,0,5.500065,4.351696,6.648444,0.592854,0.702737,0.482971,7.398962,6.222496,8.575427,0.5867134,0,2.109114,7.203784,6.10799,8.29958,9.869968,10,9.530002,-1,-1,-1,-1,-1,-1,-1,-1,-1,-1,-1,-1,-1,-1,-1,-1,-1,-1,-1,-1,-1,-1,-1,-1,-1,-1,-1,-1,-1,-1,-1,-1,-1,-1,-1,-1,-1,-1,-1,-1,-1,-1,-1,-1,-1,-1,-1,-1,-1,-1,0,0,0,0,0,0,-1,-1,-1,-1,-1,-1,-1,-1,-1,-1,-1,-1,0,0,0,0,0,0,-1,-1,-1,-1,-1,-1,-1,-1,-1,-1,-1,-1,-1,-1,False,False,0,0,False,209,0,0,0,0,0,0,0,0,0,0,0,0,0,0,0,1,
0,4435,2026-02-23 13:17:14Z,LLM_Empathetic,6.931392,7.222513,6.64027,0.6123224,0,1.602493,0,0,0,0,0,0,5.500062,4.351696,6.64844,0.592854,0.702737,0.482971,7.39896,6.222497,8.575424,0.5867156,0,2.109116,7.203781,6.107988,8.299575,9.869962,10,9.529993,6.931392,7.222513,6.64027,0.6123224,0,1.602493,0,0,0,0,0,0,5.500062,4.351696,6.64844,0.592854,0.702737,0.482971,7.39896,6.222497,8.575424,0.5867156,0,2.109116,7.203781,6.107988,8.299575,9.869962,10,9.529993,-1,-1,-1,-1,-1,-1,-1,-1,-1,-1,-1,-1,-1,-1,-1,-1,-1,-1,-1,-1,-1,-1,-1,-1,-1,-1,-1,-1,-1,-1,-1,-1,-1,-1,-1,-1,-1,-1,-1,-1,-1,-1,-1,-1,-1,-1,-1,-1,-1,-1,0,0,0,0,0,0,-1,-1,-1,-1,-1,-1,-1,-1,-1,-1,-1,-1,0,0,0,0,0,0,-1,-1,-1,-1,-1,-1,-1,-1,-1,-1,-1,-1,-1,-1,False,False,0,0,False,209,0,0,0,0,0,0,0,0,0,0,0,0,0,0,0,1,
0,4436,2026-02-23 13:17:14Z,LLM_Empathetic,6.931387,7.222512,6.640263,0.6123293,0,1.602497,0,0,0,0,0,0,5.500057,4.351694,6.648431,0.592854,0.702737,0.482971,7.398958,6.222497,8.575418,0.58672,0,2.10912,7.203773,6.107984,8.299564,9.869946,10,9.529975,6.931387,7.222512,6.640263,0.6123293,0,1.602497,0,0,0,0,0,0,5.500057,4.351694,6.648431,0.592854,0.702737,0.482971,7.398958,6.222497,8.575418,0.58672,0,2.10912,7.203773,6.107984,8.299564,9.869946,10,9.529975,-1,-1,-1,-1,-1,-1,-1,-1,-1,-1,-1,-1,-1,-1,-1,-1,-1,-1,-1,-1,-1,-1,-1,-1,-1,-1,-1,-1,-1,-1,-1,-1,-1,-1,-1,-1,-1,-1,-1,-1,-1,-1,-1,-1,-1,-1,-1,-1,-1,-1,0,0,0,0,0,0,-1,-1,-1,-1,-1,-1,-1,-1,-1,-1,-1,-1,0,0,0,0,0,0,-1,-1,-1,-1,-1,-1,-1,-1,-1,-1,-1,-1,-1,-1,False,False,0,0,False,207,0,0,0,0,0,0,0,0,0,0,0,0,0,0,0,1,
0,4437,2026-02-23 13:17:14Z,LLM_Empathetic,6.931386,7.222512,6.640259,0.6123328,0,1.602498,0,0,0,0,0,0,5.500055,4.351693,6.648427,0.592854,0.702737,0.482971,7.398957,6.222498,8.575416,0.5867223,0,2.109123,7.20377,6.107982,8.299559,9.86994,10,9.529965,6.931386,7.222512,6.640259,0.6123328,0,1.602498,0,0,0,0,0,0,5.500055,4.351693,6.648427,0.592854,0.702737,0.482971,7.398957,6.222498,8.575416,0.5867223,0,2.109123,7.20377,6.107982,8.299559,9.86994,10,9.529965,-1,-1,-1,-1,-1,-1,-1,-1,-1,-1,-1,-1,-1,-1,-1,-1,-1,-1,-1,-1,-1,-1,-1,-1,-1,-1,-1,-1,-1,-1,-1,-1,-1,-1,-1,-1,-1,-1,-1,-1,-1,-1,-1,-1,-1,-1,-1,-1,-1,-1,0,0,0,0,0,0,-1,-1,-1,-1,-1,-1,-1,-1,-1,-1,-1,-1,0,0,0,0,0,0,-1,-1,-1,-1,-1,-1,-1,-1,-1,-1,-1,-1,-1,-1,False,False,0,0,False,207,0,0,0,0,0,0,0,0,0,0,0,0,0,0,0,1,
0,4438,2026-02-23 13:17:14Z,LLM_Empathetic,6.931384,7.222512,6.640255,0.6123362,0,1.6025,0,0,0,0,0,0,5.500052,4.351692,6.648422,0.592854,0.702737,0.482971,7.398955,6.222499,8.575413,0.5867245,0,2.109125,7.203766,6.10798,8.299554,9.869932,10,9.529957,6.931384,7.222512,6.640255,0.6123362,0,1.6025,0,0,0,0,0,0,5.500052,4.351692,6.648422,0.592854,0.702737,0.482971,7.398955,6.222499,8.575413,0.5867245,0,2.109125,7.203766,6.10798,8.299554,9.869932,10,9.529957,-1,-1,-1,-1,-1,-1,-1,-1,-1,-1,-1,-1,-1,-1,-1,-1,-1,-1,-1,-1,-1,-1,-1,-1,-1,-1,-1,-1,-1,-1,-1,-1,-1,-1,-1,-1,-1,-1,-1,-1,-1,-1,-1,-1,-1,-1,-1,-1,-1,-1,0,0,0,0,0,0,-1,-1,-1,-1,-1,-1,-1,-1,-1,-1,-1,-1,0,0,0,0,0,0,-1,-1,-1,-1,-1,-1,-1,-1,-1,-1,-1,-1,-1,-1,False,False,0,0,False,209,0,0,0,0,0,0,0,0,0,0,0,0,0,0,0,1,
0,4439,2026-02-23 13:17:14Z,LLM_Empathetic,6.931379,7.222511,6.640248,0.6123431,0,1.602504,0,0,0,0,0,0,5.500047,4.351691,6.648414,0.592854,0.702737,0.482971,7.398953,6.2225,8.575406,0.5867289,0,2.109129,7.203759,6.107976,8.299542,9.869918,10,9.529939,6.931379,7.222511,6.640248,0.6123431,0,1.602504,0,0,0,0,0,0,5.500047,4.351691,6.648414,0.592854,0.702737,0.482971,7.398953,6.2225,8.575406,0.5867289,0,2.109129,7.203759,6.107976,8.299542,9.869918,10,9.529939,-1,-1,-1,-1,-1,-1,-1,-1,-1,-1,-1,-1,-1,-1,-1,-1,-1,-1,-1,-1,-1,-1,-1,-1,-1,-1,-1,-1,-1,-1,-1,-1,-1,-1,-1,-1,-1,-1,-1,-1,-1,-1,-1,-1,-1,-1,-1,-1,-1,-1,0,0,0,0,0,0,-1,-1,-1,-1,-1,-1,-1,-1,-1,-1,-1,-1,0,0,0,0,0,0,-1,-1,-1,-1,-1,-1,-1,-1,-1,-1,-1,-1,-1,-1,False,False,0,0,False,209,0,0,0,0,0,0,0,0,0,0,0,0,0,0,0,1,
0,4440,2026-02-23 13:17:14Z,LLM_Empathetic,6.931377,7.222511,6.640244,0.6123465,0,1.602506,0,0,0,0,0,0,5.500044,4.35169,6.648409,0.592854,0.702737,0.482971,7.398952,6.222501,8.575403,0.5867311,0,2.109132,7.203755,6.107974,8.299538,9.869911,10,9.529929,6.931377,7.222511,6.640244,0.6123465,0,1.602506,0,0,0,0,0,0,5.500044,4.35169,6.648409,0.592854,0.702737,0.482971,7.398952,6.222501,8.575403,0.5867311,0,2.109132,7.203755,6.107974,8.299538,9.869911,10,9.529929,-1,-1,-1,-1,-1,-1,-1,-1,-1,-1,-1,-1,-1,-1,-1,-1,-1,-1,-1,-1,-1,-1,-1,-1,-1,-1,-1,-1,-1,-1,-1,-1,-1,-1,-1,-1,-1,-1,-1,-1,-1,-1,-1,-1,-1,-1,-1,-1,-1,-1,0,0,0,0,0,0,-1,-1,-1,-1,-1,-1,-1,-1,-1,-1,-1,-1,0,0,0,0,0,0,-1,-1,-1,-1,-1,-1,-1,-1,-1,-1,-1,-1,-1,-1,False,False,0,0,False,207,0,0,0,0,0,0,0,0,0,0,0,0,0,0,0,1,
0,4441,2026-02-23 13:17:14Z,LLM_Empathetic,6.931374,7.22251,6.640237,0.6123534,0,1.60251,0,0,0,0,0,0,5.500039,4.351688,6.6484,0.592854,0.702737,0.482971,7.39895,6.222502,8.575397,0.5867355,0,2.109136,7.203748,6.10797,8.299527,9.869896,10,9.529911,6.931374,7.22251,6.640237,0.6123534,0,1.60251,0,0,0,0,0,0,5.500039,4.351688,6.6484,0.592854,0.702737,0.482971,7.39895,6.222502,8.575397,0.5867355,0,2.109136,7.203748,6.10797,8.299527,9.869896,10,9.529911,-1,-1,-1,-1,-1,-1,-1,-1,-1,-1,-1,-1,-1,-1,-1,-1,-1,-1,-1,-1,-1,-1,-1,-1,-1,-1,-1,-1,-1,-1,-1,-1,-1,-1,-1,-1,-1,-1,-1,-1,-1,-1,-1,-1,-1,-1,-1,-1,-1,-1,0,0,0,0,0,0,-1,-1,-1,-1,-1,-1,-1,-1,-1,-1,-1,-1,0,0,0,0,0,0,-1,-1,-1,-1,-1,-1,-1,-1,-1,-1,-1,-1,-1,-1,False,False,0,0,False,209,0,0,0,0,0,0,0,0,0,0,0,0,0,0,0,1,
0,4442,2026-02-23 13:17:14Z,LLM_Empathetic,6.931371,7.222509,6.640233,0.6123569,0,1.602512,0,0,0,0,0,0,5.500036,4.351687,6.648396,0.592854,0.702737,0.482971,7.398948,6.222503,8.575395,0.5867377,0,2.109138,7.203744,6.107968,8.299521,9.869889,10,9.529902,6.931371,7.222509,6.640233,0.6123569,0,1.602512,0,0,0,0,0,0,5.500036,4.351687,6.648396,0.592854,0.702737,0.482971,7.398948,6.222503,8.575395,0.5867377,0,2.109138,7.203744,6.107968,8.299521,9.869889,10,9.529902,-1,-1,-1,-1,-1,-1,-1,-1,-1,-1,-1,-1,-1,-1,-1,-1,-1,-1,-1,-1,-1,-1,-1,-1,-1,-1,-1,-1,-1,-1,-1,-1,-1,-1,-1,-1,-1,-1,-1,-1,-1,-1,-1,-1,-1,-1,-1,-1,-1,-1,0,0,0,0,0,0,-1,-1,-1,-1,-1,-1,-1,-1,-1,-1,-1,-1,0,0,0,0,0,0,-1,-1,-1,-1,-1,-1,-1,-1,-1,-1,-1,-1,-1,-1,False,False,0,0,False,207,0,0,0,0,0,0,0,0,0,0,0,0,0,0,0,1,
0,4443,2026-02-23 13:17:14Z,LLM_Empathetic,6.931369,7.222509,6.640229,0.6123604,0,1.602514,0,0,0,0,0,0,5.500034,4.351686,6.648392,0.592854,0.702737,0.482971,7.398947,6.222503,8.575392,0.58674,0,2.10914,7.203741,6.107966,8.299517,9.869882,10,9.529893,6.931369,7.222509,6.640229,0.6123604,0,1.602514,0,0,0,0,0,0,5.500034,4.351686,6.648392,0.592854,0.702737,0.482971,7.398947,6.222503,8.575392,0.58674,0,2.10914,7.203741,6.107966,8.299517,9.869882,10,9.529893,-1,-1,-1,-1,-1,-1,-1,-1,-1,-1,-1,-1,-1,-1,-1,-1,-1,-1,-1,-1,-1,-1,-1,-1,-1,-1,-1,-1,-1,-1,-1,-1,-1,-1,-1,-1,-1,-1,-1,-1,-1,-1,-1,-1,-1,-1,-1,-1,-1,-1,0,0,0,0,0,0,-1,-1,-1,-1,-1,-1,-1,-1,-1,-1,-1,-1,0,0,0,0,0,0,-1,-1,-1,-1,-1,-1,-1,-1,-1,-1,-1,-1,-1,-1,False,False,0,0,False,209,0,0,0,0,0,0,0,0,0,0,0,0,0,0,0,1,
0,4444,2026-02-23 13:17:14Z,LLM_Empathetic,6.931367,7.222509,6.640226,0.6123638,0,1.602515,0,0,0,0,0,0,5.500031,4.351686,6.648387,0.592854,0.702737,0.482971,7.398946,6.222504,8.575388,0.5867422,0,2.109143,7.203737,6.107965,8.299511,9.869875,10,9.529883,6.931367,7.222509,6.640226,0.6123638,0,1.602515,0,0,0,0,0,0,5.500031,4.351686,6.648387,0.592854,0.702737,0.482971,7.398946,6.222504,8.575388,0.5867422,0,2.109143,7.203737,6.107965,8.299511,9.869875,10,9.529883,-1,-1,-1,-1,-1,-1,-1,-1,-1,-1,-1,-1,-1,-1,-1,-1,-1,-1,-1,-1,-1,-1,-1,-1,-1,-1,-1,-1,-1,-1,-1,-1,-1,-1,-1,-1,-1,-1,-1,-1,-1,-1,-1,-1,-1,-1,-1,-1,-1,-1,0,0,0,0,0,0,-1,-1,-1,-1,-1,-1,-1,-1,-1,-1,-1,-1,0,0,0,0,0,0,-1,-1,-1,-1,-1,-1,-1,-1,-1,-1,-1,-1,-1,-1,False,False,0,0,False,209,0,0,0,0,0,0,0,0,0,0,0,0,0,0,0,1,
0,4445,2026-02-23 13:17:14Z,LLM_Empathetic,6.931363,7.222508,6.640218,0.6123707,0,1.602519,0,0,0,0,0,0,5.500026,4.351684,6.648379,0.592854,0.702737,0.482971,7.398943,6.222505,8.575382,0.5867466,0,2.109147,7.20373,6.10796,8.2995,9.86986,10,9.529865,6.931363,7.222508,6.640218,0.6123707,0,1.602519,0,0,0,0,0,0,5.500026,4.351684,6.648379,0.592854,0.702737,0.482971,7.398943,6.222505,8.575382,0.5867466,0,2.109147,7.20373,6.10796,8.2995,9.86986,10,9.529865,-1,-1,-1,-1,-1,-1,-1,-1,-1,-1,-1,-1,-1,-1,-1,-1,-1,-1,-1,-1,-1,-1,-1,-1,-1,-1,-1,-1,-1,-1,-1,-1,-1,-1,-1,-1,-1,-1,-1,-1,-1,-1,-1,-1,-1,-1,-1,-1,-1,-1,0,0,0,0,0,0,-1,-1,-1,-1,-1,-1,-1,-1,-1,-1,-1,-1,0,0,0,0,0,0,-1,-1,-1,-1,-1,-1,-1,-1,-1,-1,-1,-1,-1,-1,False,False,0,0,False,209,0,0,0,0,0,0,0,0,0,0,0,0,0,0,0,1,
0,4446,2026-02-23 13:17:14Z,LLM_Empathetic,6.931361,7.222507,6.640214,0.6123742,0,1.602521,0,0,0,0,0,0,5.500023,4.351683,6.648374,0.592854,0.702737,0.482971,7.398942,6.222506,8.575379,0.5867488,0,2.109149,7.203726,6.107958,8.299495,9.869853,10,9.529857,6.931361,7.222507,6.640214,0.6123742,0,1.602521,0,0,0,0,0,0,5.500023,4.351683,6.648374,0.592854,0.702737,0.482971,7.398942,6.222506,8.575379,0.5867488,0,2.109149,7.203726,6.107958,8.299495,9.869853,10,9.529857,-1,-1,-1,-1,-1,-1,-1,-1,-1,-1,-1,-1,-1,-1,-1,-1,-1,-1,-1,-1,-1,-1,-1,-1,-1,-1,-1,-1,-1,-1,-1,-1,-1,-1,-1,-1,-1,-1,-1,-1,-1,-1,-1,-1,-1,-1,-1,-1,-1,-1,0,0,0,0,0,0,-1,-1,-1,-1,-1,-1,-1,-1,-1,-1,-1,-1,0,0,0,0,0,0,-1,-1,-1,-1,-1,-1,-1,-1,-1,-1,-1,-1,-1,-1,False,False,0,0,False,207,0,0,0,0,0,0,0,0,0,0,0,0,0,0,0,1,
0,4447,2026-02-23 13:17:14Z,LLM_Empathetic,6.931357,7.222507,6.640207,0.6123812,0,1.602525,0,0,0,0,0,0,5.500018,4.351681,6.648365,0.592854,0.702737,0.482971,7.39894,6.222507,8.575374,0.5867532,0,2.109154,7.203719,6.107955,8.299484,9.869838,10,9.529839,6.931357,7.222507,6.640207,0.6123812,0,1.602525,0,0,0,0,0,0,5.500018,4.351681,6.648365,0.592854,0.702737,0.482971,7.39894,6.222507,8.575374,0.5867532,0,2.109154,7.203719,6.107955,8.299484,9.869838,10,9.529839,-1,-1,-1,-1,-1,-1,-1,-1,-1,-1,-1,-1,-1,-1,-1,-1,-1,-1,-1,-1,-1,-1,-1,-1,-1,-1,-1,-1,-1,-1,-1,-1,-1,-1,-1,-1,-1,-1,-1,-1,-1,-1,-1,-1,-1,-1,-1,-1,-1,-1,0,0,0,0,0,0,-1,-1,-1,-1,-1,-1,-1,-1,-1,-1,-1,-1,0,0,0,0,0,0,-1,-1,-1,-1,-1,-1,-1,-1,-1,-1,-1,-1,-1,-1,False,False,0,0,False,209,0,0,0,0,0,0,0,0,0,0,0,0,0,0,0,1,
0,4448,2026-02-23 13:17:14Z,LLM_Empathetic,6.931355,7.222507,6.640203,0.6123846,0,1.602527,0,0,0,0,0,0,5.500015,4.35168,6.648361,0.592854,0.702737,0.482971,7.398939,6.222507,8.575371,0.5867555,0,2.109156,7.203715,6.107953,8.299479,9.869831,10,9.529829,6.931355,7.222507,6.640203,0.6123846,0,1.602527,0,0,0,0,0,0,5.500015,4.35168,6.648361,0.592854,0.702737,0.482971,7.398939,6.222507,8.575371,0.5867555,0,2.109156,7.203715,6.107953,8.299479,9.869831,10,9.529829,-1,-1,-1,-1,-1,-1,-1,-1,-1,-1,-1,-1,-1,-1,-1,-1,-1,-1,-1,-1,-1,-1,-1,-1,-1,-1,-1,-1,-1,-1,-1,-1,-1,-1,-1,-1,-1,-1,-1,-1,-1,-1,-1,-1,-1,-1,-1,-1,-1,-1,0,0,0,0,0,0,-1,-1,-1,-1,-1,-1,-1,-1,-1,-1,-1,-1,0,0,0,0,0,0,-1,-1,-1,-1,-1,-1,-1,-1,-1,-1,-1,-1,-1,-1,False,False,0,0,False,209,0,0,0,0,0,0,0,0,0,0,0,0,0,0,0,1,
0,4449,2026-02-23 13:17:14Z,LLM_Empathetic,6.931353,7.222506,6.6402,0.6123881,0,1.602529,0,0,0,0,0,0,5.500013,4.351679,6.648357,0.592854,0.702737,0.482971,7.398938,6.222508,8.575367,0.5867577,0,2.109158,7.203712,6.107951,8.299474,9.869823,10,9.529819,6.931353,7.222506,6.6402,0.6123881,0,1.602529,0,0,0,0,0,0,5.500013,4.351679,6.648357,0.592854,0.702737,0.482971,7.398938,6.222508,8.575367,0.5867577,0,2.109158,7.203712,6.107951,8.299474,9.869823,10,9.529819,-1,-1,-1,-1,-1,-1,-1,-1,-1,-1,-1,-1,-1,-1,-1,-1,-1,-1,-1,-1,-1,-1,-1,-1,-1,-1,-1,-1,-1,-1,-1,-1,-1,-1,-1,-1,-1,-1,-1,-1,-1,-1,-1,-1,-1,-1,-1,-1,-1,-1,0,0,0,0,0,0,-1,-1,-1,-1,-1,-1,-1,-1,-1,-1,-1,-1,0,0,0,0,0,0,-1,-1,-1,-1,-1,-1,-1,-1,-1,-1,-1,-1,-1,-1,False,False,0,0,False,209,0,0,0,0,0,0,0,0,0,0,0,0,0,0,0,1,
0,4450,2026-02-23 13:17:14Z,LLM_Empathetic,6.931349,7.222506,6.640193,0.612395,0,1.602533,0,0,0,0,0,0,5.500008,4.351677,6.648348,0.592854,0.702737,0.482971,7.398935,6.222509,8.575361,0.5867621,0,2.109163,7.203704,6.107946,8.299463,9.869809,10,9.529801,6.931349,7.222506,6.640193,0.612395,0,1.602533,0,0,0,0,0,0,5.500008,4.351677,6.648348,0.592854,0.702737,0.482971,7.398935,6.222509,8.575361,0.5867621,0,2.109163,7.203704,6.107946,8.299463,9.869809,10,9.529801,-1,-1,-1,-1,-1,-1,-1,-1,-1,-1,-1,-1,-1,-1,-1,-1,-1,-1,-1,-1,-1,-1,-1,-1,-1,-1,-1,-1,-1,-1,-1,-1,-1,-1,-1,-1,-1,-1,-1,-1,-1,-1,-1,-1,-1,-1,-1,-1,-1,-1,0,0,0,0,0,0,-1,-1,-1,-1,-1,-1,-1,-1,-1,-1,-1,-1,0,0,0,0,0,0,-1,-1,-1,-1,-1,-1,-1,-1,-1,-1,-1,-1,-1,-1,False,False,0,0,False,207,0,0,0,0,0,0,0,0,0,0,0,0,0,0,0,1,
0,4451,2026-02-23 13:17:14Z,LLM_Empathetic,6.931347,7.222505,6.640189,0.6123985,0,1.602535,0,0,0,0,0,0,5.500005,4.351676,6.648344,0.592854,0.702737,0.482971,7.398934,6.22251,8.575358,0.5867643,0,2.109165,7.203701,6.107944,8.299458,9.869802,10,9.529793,6.931347,7.222505,6.640189,0.6123985,0,1.602535,0,0,0,0,0,0,5.500005,4.351676,6.648344,0.592854,0.702737,0.482971,7.398934,6.22251,8.575358,0.5867643,0,2.109165,7.203701,6.107944,8.299458,9.869802,10,9.529793,-1,-1,-1,-1,-1,-1,-1,-1,-1,-1,-1,-1,-1,-1,-1,-1,-1,-1,-1,-1,-1,-1,-1,-1,-1,-1,-1,-1,-1,-1,-1,-1,-1,-1,-1,-1,-1,-1,-1,-1,-1,-1,-1,-1,-1,-1,-1,-1,-1,-1,0,0,0,0,0,0,-1,-1,-1,-1,-1,-1,-1,-1,-1,-1,-1,-1,0,0,0,0,0,0,-1,-1,-1,-1,-1,-1,-1,-1,-1,-1,-1,-1,-1,-1,False,False,0,0,False,207,0,0,0,0,0,0,0,0,0,0,0,0,0,0,0,1,
0,4452,2026-02-23 13:17:15Z,LLM_Empathetic,6.931345,7.222505,6.640185,0.612402,0,1.602537,0,0,0,0,0,0,5.500002,4.351676,6.648339,0.592854,0.702737,0.482971,7.398933,6.22251,8.575356,0.5867665,0,2.109167,7.203697,6.107943,8.299453,9.869795,10,9.529783,6.931345,7.222505,6.640185,0.612402,0,1.602537,0,0,0,0,0,0,5.500002,4.351676,6.648339,0.592854,0.702737,0.482971,7.398933,6.22251,8.575356,0.5867665,0,2.109167,7.203697,6.107943,8.299453,9.869795,10,9.529783,-1,-1,-1,-1,-1,-1,-1,-1,-1,-1,-1,-1,-1,-1,-1,-1,-1,-1,-1,-1,-1,-1,-1,-1,-1,-1,-1,-1,-1,-1,-1,-1,-1,-1,-1,-1,-1,-1,-1,-1,-1,-1,-1,-1,-1,-1,-1,-1,-1,-1,0,0,0,0,0,0,-1,-1,-1,-1,-1,-1,-1,-1,-1,-1,-1,-1,0,0,0,0,0,0,-1,-1,-1,-1,-1,-1,-1,-1,-1,-1,-1,-1,-1,-1,False,False,0,0,False,209,0,0,0,0,0,0,0,0,0,0,0,0,0,0,0,1,
0,4453,2026-02-23 13:17:15Z,LLM_Empathetic,6.931341,7.222504,6.640177,0.6124089,0,1.60254,0,0,0,0,0,0,5.499997,4.351674,6.64833,0.592854,0.702737,0.482971,7.39893,6.222512,8.575349,0.586771,0,2.109171,7.20369,6.107939,8.299442,9.86978,10,9.529765,6.931341,7.222504,6.640177,0.6124089,0,1.60254,0,0,0,0,0,0,5.499997,4.351674,6.64833,0.592854,0.702737,0.482971,7.39893,6.222512,8.575349,0.586771,0,2.109171,7.20369,6.107939,8.299442,9.86978,10,9.529765,-1,-1,-1,-1,-1,-1,-1,-1,-1,-1,-1,-1,-1,-1,-1,-1,-1,-1,-1,-1,-1,-1,-1,-1,-1,-1,-1,-1,-1,-1,-1,-1,-1,-1,-1,-1,-1,-1,-1,-1,-1,-1,-1,-1,-1,-1,-1,-1,-1,-1,0,0,0,0,0,0,-1,-1,-1,-1,-1,-1,-1,-1,-1,-1,-1,-1,0,0,0,0,0,0,-1,-1,-1,-1,-1,-1,-1,-1,-1,-1,-1,-1,-1,-1,False,False,0,0,False,207,0,0,0,0,0,0,0,0,0,0,0,0,0,0,0,1,
0,4454,2026-02-23 13:17:15Z,LLM_Empathetic,6.931339,7.222504,6.640174,0.6124124,0,1.602542,0,0,0,0,0,0,5.499994,4.351673,6.648326,0.592854,0.702737,0.482971,7.398929,6.222512,8.575346,0.5867733,0,2.109174,7.203686,6.107937,8.299437,9.869773,10,9.529756,6.931339,7.222504,6.640174,0.6124124,0,1.602542,0,0,0,0,0,0,5.499994,4.351673,6.648326,0.592854,0.702737,0.482971,7.398929,6.222512,8.575346,0.5867733,0,2.109174,7.203686,6.107937,8.299437,9.869773,10,9.529756,-1,-1,-1,-1,-1,-1,-1,-1,-1,-1,-1,-1,-1,-1,-1,-1,-1,-1,-1,-1,-1,-1,-1,-1,-1,-1,-1,-1,-1,-1,-1,-1,-1,-1,-1,-1,-1,-1,-1,-1,-1,-1,-1,-1,-1,-1,-1,-1,-1,-1,0,0,0,0,0,0,-1,-1,-1,-1,-1,-1,-1,-1,-1,-1,-1,-1,0,0,0,0,0,0,-1,-1,-1,-1,-1,-1,-1,-1,-1,-1,-1,-1,-1,-1,False,False,0,0,False,207,0,0,0,0,0,0,0,0,0,0,0,0,0,0,0,1,
0,4455,2026-02-23 13:17:15Z,LLM_Empathetic,6.931334,7.222503,6.640166,0.6124194,0,1.602546,0,0,0,0,0,0,5.499989,4.351672,6.648317,0.592854,0.702737,0.482971,7.398927,6.222514,8.57534,0.5867777,0,2.109178,7.203679,6.107933,8.299426,9.869758,10,9.529737,6.931334,7.222503,6.640166,0.6124194,0,1.602546,0,0,0,0,0,0,5.499989,4.351672,6.648317,0.592854,0.702737,0.482971,7.398927,6.222514,8.57534,0.5867777,0,2.109178,7.203679,6.107933,8.299426,9.869758,10,9.529737,-1,-1,-1,-1,-1,-1,-1,-1,-1,-1,-1,-1,-1,-1,-1,-1,-1,-1,-1,-1,-1,-1,-1,-1,-1,-1,-1,-1,-1,-1,-1,-1,-1,-1,-1,-1,-1,-1,-1,-1,-1,-1,-1,-1,-1,-1,-1,-1,-1,-1,0,0,0,0,0,0,-1,-1,-1,-1,-1,-1,-1,-1,-1,-1,-1,-1,0,0,0,0,0,0,-1,-1,-1,-1,-1,-1,-1,-1,-1,-1,-1,-1,-1,-1,False,False,0,0,False,209,0,0,0,0,0,0,0,0,0,0,0,0,0,0,0,1,
0,4456,2026-02-23 13:17:15Z,LLM_Empathetic,6.931333,7.222502,6.640162,0.6124228,0,1.602548,0,0,0,0,0,0,5.499987,4.351671,6.648313,0.592854,0.702737,0.482971,7.398925,6.222514,8.575337,0.58678,0,2.10918,7.203675,6.107931,8.29942,9.869751,10,9.529728,6.931333,7.222502,6.640162,0.6124228,0,1.602548,0,0,0,0,0,0,5.499987,4.351671,6.648313,0.592854,0.702737,0.482971,7.398925,6.222514,8.575337,0.58678,0,2.10918,7.203675,6.107931,8.29942,9.869751,10,9.529728,-1,-1,-1,-1,-1,-1,-1,-1,-1,-1,-1,-1,-1,-1,-1,-1,-1,-1,-1,-1,-1,-1,-1,-1,-1,-1,-1,-1,-1,-1,-1,-1,-1,-1,-1,-1,-1,-1,-1,-1,-1,-1,-1,-1,-1,-1,-1,-1,-1,-1,0,0,0,0,0,0,-1,-1,-1,-1,-1,-1,-1,-1,-1,-1,-1,-1,0,0,0,0,0,0,-1,-1,-1,-1,-1,-1,-1,-1,-1,-1,-1,-1,-1,-1,False,False,0,0,False,209,0,0,0,0,0,0,0,0,0,0,0,0,0,0,0,1,
0,4457,2026-02-23 13:17:15Z,LLM_Empathetic,6.931331,7.222502,6.640159,0.6124263,0,1.60255,0,0,0,0,0,0,5.499984,4.35167,6.648308,0.592854,0.702737,0.482971,7.398924,6.222515,8.575335,0.5867822,0,2.109183,7.203671,6.107929,8.299416,9.869743,10,9.529719,6.931331,7.222502,6.640159,0.6124263,0,1.60255,0,0,0,0,0,0,5.499984,4.35167,6.648308,0.592854,0.702737,0.482971,7.398924,6.222515,8.575335,0.5867822,0,2.109183,7.203671,6.107929,8.299416,9.869743,10,9.529719,-1,-1,-1,-1,-1,-1,-1,-1,-1,-1,-1,-1,-1,-1,-1,-1,-1,-1,-1,-1,-1,-1,-1,-1,-1,-1,-1,-1,-1,-1,-1,-1,-1,-1,-1,-1,-1,-1,-1,-1,-1,-1,-1,-1,-1,-1,-1,-1,-1,-1,0,0,0,0,0,0,-1,-1,-1,-1,-1,-1,-1,-1,-1,-1,-1,-1,0,0,0,0,0,0,-1,-1,-1,-1,-1,-1,-1,-1,-1,-1,-1,-1,-1,-1,False,False,0,0,False,209,0,0,0,0,0,0,0,0,0,0,0,0,0,0,0,1,
0,4458,2026-02-23 13:17:15Z,LLM_Empathetic,6.931326,7.222501,6.640152,0.6124333,0,1.602554,0,0,0,0,0,0,5.499979,4.351668,6.6483,0.592854,0.702737,0.482971,7.398922,6.222516,8.575328,0.5867866,0,2.109187,7.203664,6.107925,8.299404,9.869729,10,9.529701,6.931326,7.222501,6.640152,0.6124333,0,1.602554,0,0,0,0,0,0,5.499979,4.351668,6.6483,0.592854,0.702737,0.482971,7.398922,6.222516,8.575328,0.5867866,0,2.109187,7.203664,6.107925,8.299404,9.869729,10,9.529701,-1,-1,-1,-1,-1,-1,-1,-1,-1,-1,-1,-1,-1,-1,-1,-1,-1,-1,-1,-1,-1,-1,-1,-1,-1,-1,-1,-1,-1,-1,-1,-1,-1,-1,-1,-1,-1,-1,-1,-1,-1,-1,-1,-1,-1,-1,-1,-1,-1,-1,0,0,0,0,0,0,-1,-1,-1,-1,-1,-1,-1,-1,-1,-1,-1,-1,0,0,0,0,0,0,-1,-1,-1,-1,-1,-1,-1,-1,-1,-1,-1,-1,-1,-1,False,False,0,0,False,209,0,0,0,0,0,0,0,0,0,0,0,0,0,0,0,1,
0,4459,2026-02-23 13:17:15Z,LLM_Empathetic,6.931324,7.222501,6.640148,0.6124368,0,1.602556,0,0,0,0,0,0,5.499976,4.351667,6.648295,0.592854,0.702737,0.482971,7.398921,6.222517,8.575325,0.5867889,0,2.109189,7.20366,6.107923,8.299399,9.869721,10,9.529692,6.931324,7.222501,6.640148,0.6124368,0,1.602556,0,0,0,0,0,0,5.499976,4.351667,6.648295,0.592854,0.702737,0.482971,7.398921,6.222517,8.575325,0.5867889,0,2.109189,7.20366,6.107923,8.299399,9.869721,10,9.529692,-1,-1,-1,-1,-1,-1,-1,-1,-1,-1,-1,-1,-1,-1,-1,-1,-1,-1,-1,-1,-1,-1,-1,-1,-1,-1,-1,-1,-1,-1,-1,-1,-1,-1,-1,-1,-1,-1,-1,-1,-1,-1,-1,-1,-1,-1,-1,-1,-1,-1,0,0,0,0,0,0,-1,-1,-1,-1,-1,-1,-1,-1,-1,-1,-1,-1,0,0,0,0,0,0,-1,-1,-1,-1,-1,-1,-1,-1,-1,-1,-1,-1,-1,-1,False,False,0,0,False,207,0,0,0,0,0,0,0,0,0,0,0,0,0,0,0,1,
0,4460,2026-02-23 13:17:15Z,LLM_Empathetic,6.931322,7.222501,6.640144,0.6124403,0,1.602558,0,0,0,0,0,0,5.499973,4.351666,6.648291,0.592854,0.702737,0.482971,7.39892,6.222517,8.575322,0.5867911,0,2.109191,7.203657,6.107921,8.299394,9.869714,10,9.529682,6.931322,7.222501,6.640144,0.6124403,0,1.602558,0,0,0,0,0,0,5.499973,4.351666,6.648291,0.592854,0.702737,0.482971,7.39892,6.222517,8.575322,0.5867911,0,2.109191,7.203657,6.107921,8.299394,9.869714,10,9.529682,-1,-1,-1,-1,-1,-1,-1,-1,-1,-1,-1,-1,-1,-1,-1,-1,-1,-1,-1,-1,-1,-1,-1,-1,-1,-1,-1,-1,-1,-1,-1,-1,-1,-1,-1,-1,-1,-1,-1,-1,-1,-1,-1,-1,-1,-1,-1,-1,-1,-1,0,0,0,0,0,0,-1,-1,-1,-1,-1,-1,-1,-1,-1,-1,-1,-1,0,0,0,0,0,0,-1,-1,-1,-1,-1,-1,-1,-1,-1,-1,-1,-1,-1,-1,False,False,0,0,False,209,0,0,0,0,0,0,0,0,0,0,0,0,0,0,0,1,
0,4461,2026-02-23 13:17:15Z,LLM_Empathetic,6.93132,7.2225,6.64014,0.6124438,0,1.60256,0,0,0,0,0,0,5.499971,4.351665,6.648286,0.592854,0.702737,0.482971,7.398918,6.222518,8.575319,0.5867934,0,2.109194,7.203653,6.107919,8.299389,9.869707,10,9.529674,6.93132,7.2225,6.64014,0.6124438,0,1.60256,0,0,0,0,0,0,5.499971,4.351665,6.648286,0.592854,0.702737,0.482971,7.398918,6.222518,8.575319,0.5867934,0,2.109194,7.203653,6.107919,8.299389,9.869707,10,9.529674,-1,-1,-1,-1,-1,-1,-1,-1,-1,-1,-1,-1,-1,-1,-1,-1,-1,-1,-1,-1,-1,-1,-1,-1,-1,-1,-1,-1,-1,-1,-1,-1,-1,-1,-1,-1,-1,-1,-1,-1,-1,-1,-1,-1,-1,-1,-1,-1,-1,-1,0,0,0,0,0,0,-1,-1,-1,-1,-1,-1,-1,-1,-1,-1,-1,-1,0,0,0,0,0,0,-1,-1,-1,-1,-1,-1,-1,-1,-1,-1,-1,-1,-1,-1,False,False,0,0,False,209,0,0,0,0,0,0,0,0,0,0,0,0,0,0,0,1,
0,4462,2026-02-23 13:17:15Z,LLM_Empathetic,6.931316,7.222499,6.640132,0.6124508,0,1.602564,0,0,0,0,0,0,5.499965,4.351664,6.648278,0.592854,0.702737,0.482971,7.398916,6.222519,8.575313,0.5867978,0,2.109198,7.203646,6.107915,8.299377,9.869692,10,9.529655,6.931316,7.222499,6.640132,0.6124508,0,1.602564,0,0,0,0,0,0,5.499965,4.351664,6.648278,0.592854,0.702737,0.482971,7.398916,6.222519,8.575313,0.5867978,0,2.109198,7.203646,6.107915,8.299377,9.869692,10,9.529655,-1,-1,-1,-1,-1,-1,-1,-1,-1,-1,-1,-1,-1,-1,-1,-1,-1,-1,-1,-1,-1,-1,-1,-1,-1,-1,-1,-1,-1,-1,-1,-1,-1,-1,-1,-1,-1,-1,-1,-1,-1,-1,-1,-1,-1,-1,-1,-1,-1,-1,0,0,0,0,0,0,-1,-1,-1,-1,-1,-1,-1,-1,-1,-1,-1,-1,0,0,0,0,0,0,-1,-1,-1,-1,-1,-1,-1,-1,-1,-1,-1,-1,-1,-1,False,False,0,0,False,209,0,0,0,0,0,0,0,0,0,0,0,0,0,0,0,1,
0,4463,2026-02-23 13:17:15Z,LLM_Empathetic,6.931314,7.222499,6.640129,0.6124543,0,1.602565,0,0,0,0,0,0,5.499963,4.351663,6.648273,0.592854,0.702737,0.482971,7.398915,6.22252,8.57531,0.5868001,0,2.1092,7.203642,6.107913,8.299373,9.869684,10,9.529646,6.931314,7.222499,6.640129,0.6124543,0,1.602565,0,0,0,0,0,0,5.499963,4.351663,6.648273,0.592854,0.702737,0.482971,7.398915,6.22252,8.57531,0.5868001,0,2.1092,7.203642,6.107913,8.299373,9.869684,10,9.529646,-1,-1,-1,-1,-1,-1,-1,-1,-1,-1,-1,-1,-1,-1,-1,-1,-1,-1,-1,-1,-1,-1,-1,-1,-1,-1,-1,-1,-1,-1,-1,-1,-1,-1,-1,-1,-1,-1,-1,-1,-1,-1,-1,-1,-1,-1,-1,-1,-1,-1,0,0,0,0,0,0,-1,-1,-1,-1,-1,-1,-1,-1,-1,-1,-1,-1,0,0,0,0,0,0,-1,-1,-1,-1,-1,-1,-1,-1,-1,-1,-1,-1,-1,-1,False,False,0,0,False,209,0,0,0,0,0,0,0,0,0,0,0,0,0,0,0,1,
0,4464,2026-02-23 13:17:15Z,LLM_Empathetic,6.931312,7.222499,6.640125,0.6124578,0,1.602567,0,0,0,0,0,0,5.49996,4.351662,6.648269,0.592854,0.702737,0.482971,7.398913,6.22252,8.575307,0.5868023,0,2.109203,7.203639,6.107911,8.299367,9.869678,10,9.529636,6.931312,7.222499,6.640125,0.6124578,0,1.602567,0,0,0,0,0,0,5.49996,4.351662,6.648269,0.592854,0.702737,0.482971,7.398913,6.22252,8.575307,0.5868023,0,2.109203,7.203639,6.107911,8.299367,9.869678,10,9.529636,-1,-1,-1,-1,-1,-1,-1,-1,-1,-1,-1,-1,-1,-1,-1,-1,-1,-1,-1,-1,-1,-1,-1,-1,-1,-1,-1,-1,-1,-1,-1,-1,-1,-1,-1,-1,-1,-1,-1,-1,-1,-1,-1,-1,-1,-1,-1,-1,-1,-1,0,0,0,0,0,0,-1,-1,-1,-1,-1,-1,-1,-1,-1,-1,-1,-1,0,0,0,0,0,0,-1,-1,-1,-1,-1,-1,-1,-1,-1,-1,-1,-1,-1,-1,False,False,0,0,False,207,0,0,0,0,0,0,0,0,0,0,0,0,0,0,0,1,
0,4465,2026-02-23 13:17:15Z,LLM_Empathetic,6.931308,7.222498,6.640118,0.6124648,0,1.602571,0,0,0,0,0,0,5.499955,4.35166,6.64826,0.592854,0.702737,0.482971,7.398911,6.222522,8.575301,0.5868068,0,2.109207,7.203631,6.107907,8.299356,9.869662,10,9.529618,6.931308,7.222498,6.640118,0.6124648,0,1.602571,0,0,0,0,0,0,5.499955,4.35166,6.64826,0.592854,0.702737,0.482971,7.398911,6.222522,8.575301,0.5868068,0,2.109207,7.203631,6.107907,8.299356,9.869662,10,9.529618,-1,-1,-1,-1,-1,-1,-1,-1,-1,-1,-1,-1,-1,-1,-1,-1,-1,-1,-1,-1,-1,-1,-1,-1,-1,-1,-1,-1,-1,-1,-1,-1,-1,-1,-1,-1,-1,-1,-1,-1,-1,-1,-1,-1,-1,-1,-1,-1,-1,-1,0,0,0,0,0,0,-1,-1,-1,-1,-1,-1,-1,-1,-1,-1,-1,-1,0,0,0,0,0,0,-1,-1,-1,-1,-1,-1,-1,-1,-1,-1,-1,-1,-1,-1,False,False,0,0,False,207,0,0,0,0,0,0,0,0,0,0,0,0,0,0,0,1,
0,4466,2026-02-23 13:17:15Z,LLM_Empathetic,6.931306,7.222497,6.640114,0.6124683,0,1.602573,0,0,0,0,0,0,5.499952,4.351659,6.648255,0.592854,0.702737,0.482971,7.39891,6.222522,8.575297,0.586809,0,2.10921,7.203628,6.107905,8.299351,9.869656,10,9.529609,6.931306,7.222497,6.640114,0.6124683,0,1.602573,0,0,0,0,0,0,5.499952,4.351659,6.648255,0.592854,0.702737,0.482971,7.39891,6.222522,8.575297,0.586809,0,2.10921,7.203628,6.107905,8.299351,9.869656,10,9.529609,-1,-1,-1,-1,-1,-1,-1,-1,-1,-1,-1,-1,-1,-1,-1,-1,-1,-1,-1,-1,-1,-1,-1,-1,-1,-1,-1,-1,-1,-1,-1,-1,-1,-1,-1,-1,-1,-1,-1,-1,-1,-1,-1,-1,-1,-1,-1,-1,-1,-1,0,0,0,0,0,0,-1,-1,-1,-1,-1,-1,-1,-1,-1,-1,-1,-1,0,0,0,0,0,0,-1,-1,-1,-1,-1,-1,-1,-1,-1,-1,-1,-1,-1,-1,False,False,0,0,False,209,0,0,0,0,0,0,0,0,0,0,0,0,0,0,0,1,
0,4467,2026-02-23 13:17:15Z,LLM_Empathetic,6.931304,7.222497,6.64011,0.6124718,0,1.602575,0,0,0,0,0,0,5.499949,4.351658,6.648251,0.592854,0.702737,0.482971,7.398909,6.222523,8.575294,0.5868113,0,2.109212,7.203624,6.107903,8.299346,9.869648,10,9.529599,6.931304,7.222497,6.64011,0.6124718,0,1.602575,0,0,0,0,0,0,5.499949,4.351658,6.648251,0.592854,0.702737,0.482971,7.398909,6.222523,8.575294,0.5868113,0,2.109212,7.203624,6.107903,8.299346,9.869648,10,9.529599,-1,-1,-1,-1,-1,-1,-1,-1,-1,-1,-1,-1,-1,-1,-1,-1,-1,-1,-1,-1,-1,-1,-1,-1,-1,-1,-1,-1,-1,-1,-1,-1,-1,-1,-1,-1,-1,-1,-1,-1,-1,-1,-1,-1,-1,-1,-1,-1,-1,-1,0,0,0,0,0,0,-1,-1,-1,-1,-1,-1,-1,-1,-1,-1,-1,-1,0,0,0,0,0,0,-1,-1,-1,-1,-1,-1,-1,-1,-1,-1,-1,-1,-1,-1,False,False,0,0,False,209,0,0,0,0,0,0,0,0,0,0,0,0,0,0,0,1,
0,4468,2026-02-23 13:17:15Z,LLM_Empathetic,6.931302,7.222497,6.640106,0.6124753,0,1.602577,0,0,0,0,0,0,5.499947,4.351657,6.648247,0.592854,0.702737,0.482971,7.398907,6.222524,8.575292,0.5868135,0,2.109214,7.20362,6.107901,8.29934,9.86964,10,9.529591,6.931302,7.222497,6.640106,0.6124753,0,1.602577,0,0,0,0,0,0,5.499947,4.351657,6.648247,0.592854,0.702737,0.482971,7.398907,6.222524,8.575292,0.5868135,0,2.109214,7.20362,6.107901,8.29934,9.86964,10,9.529591,-1,-1,-1,-1,-1,-1,-1,-1,-1,-1,-1,-1,-1,-1,-1,-1,-1,-1,-1,-1,-1,-1,-1,-1,-1,-1,-1,-1,-1,-1,-1,-1,-1,-1,-1,-1,-1,-1,-1,-1,-1,-1,-1,-1,-1,-1,-1,-1,-1,-1,0,0,0,0,0,0,-1,-1,-1,-1,-1,-1,-1,-1,-1,-1,-1,-1,0,0,0,0,0,0,-1,-1,-1,-1,-1,-1,-1,-1,-1,-1,-1,-1,-1,-1,False,False,0,0,False,209,0,0,0,0,0,0,0,0,0,0,0,0,0,0,0,1,
0,4469,2026-02-23 13:17:15Z,LLM_Empathetic,6.931298,7.222496,6.640099,0.6124823,0,1.602581,0,0,0,0,0,0,5.499941,4.351655,6.648238,0.592854,0.702737,0.482971,7.398905,6.222525,8.575286,0.586818,0,2.109218,7.203613,6.107897,8.29933,9.869626,10,9.529572,6.931298,7.222496,6.640099,0.6124823,0,1.602581,0,0,0,0,0,0,5.499941,4.351655,6.648238,0.592854,0.702737,0.482971,7.398905,6.222525,8.575286,0.586818,0,2.109218,7.203613,6.107897,8.29933,9.869626,10,9.529572,-1,-1,-1,-1,-1,-1,-1,-1,-1,-1,-1,-1,-1,-1,-1,-1,-1,-1,-1,-1,-1,-1,-1,-1,-1,-1,-1,-1,-1,-1,-1,-1,-1,-1,-1,-1,-1,-1,-1,-1,-1,-1,-1,-1,-1,-1,-1,-1,-1,-1,0,0,0,0,0,0,-1,-1,-1,-1,-1,-1,-1,-1,-1,-1,-1,-1,0,0,0,0,0,0,-1,-1,-1,-1,-1,-1,-1,-1,-1,-1,-1,-1,-1,-1,False,False,0,0,False,207,0,0,0,0,0,0,0,0,0,0,0,0,0,0,0,1,
0,4470,2026-02-23 13:17:15Z,LLM_Empathetic,6.931295,7.222496,6.640095,0.6124858,0,1.602583,0,0,0,0,0,0,5.499939,4.351655,6.648233,0.592854,0.702737,0.482971,7.398904,6.222526,8.575282,0.5868203,0,2.109221,7.203609,6.107895,8.299324,9.869618,10,9.529562,6.931295,7.222496,6.640095,0.6124858,0,1.602583,0,0,0,0,0,0,5.499939,4.351655,6.648233,0.592854,0.702737,0.482971,7.398904,6.222526,8.575282,0.5868203,0,2.109221,7.203609,6.107895,8.299324,9.869618,10,9.529562,-1,-1,-1,-1,-1,-1,-1,-1,-1,-1,-1,-1,-1,-1,-1,-1,-1,-1,-1,-1,-1,-1,-1,-1,-1,-1,-1,-1,-1,-1,-1,-1,-1,-1,-1,-1,-1,-1,-1,-1,-1,-1,-1,-1,-1,-1,-1,-1,-1,-1,0,0,0,0,0,0,-1,-1,-1,-1,-1,-1,-1,-1,-1,-1,-1,-1,0,0,0,0,0,0,-1,-1,-1,-1,-1,-1,-1,-1,-1,-1,-1,-1,-1,-1,False,False,0,0,False,209,0,0,0,0,0,0,0,0,0,0,0,0,0,0,0,1,
0,4471,2026-02-23 13:17:15Z,LLM_Empathetic,6.931293,7.222496,6.640091,0.6124893,0,1.602585,0,0,0,0,0,0,5.499936,4.351654,6.648229,0.592854,0.702737,0.482971,7.398902,6.222526,8.575279,0.5868225,0,2.109223,7.203605,6.107893,8.299318,9.869611,10,9.529553,6.931293,7.222496,6.640091,0.6124893,0,1.602585,0,0,0,0,0,0,5.499936,4.351654,6.648229,0.592854,0.702737,0.482971,7.398902,6.222526,8.575279,0.5868225,0,2.109223,7.203605,6.107893,8.299318,9.869611,10,9.529553,-1,-1,-1,-1,-1,-1,-1,-1,-1,-1,-1,-1,-1,-1,-1,-1,-1,-1,-1,-1,-1,-1,-1,-1,-1,-1,-1,-1,-1,-1,-1,-1,-1,-1,-1,-1,-1,-1,-1,-1,-1,-1,-1,-1,-1,-1,-1,-1,-1,-1,0,0,0,0,0,0,-1,-1,-1,-1,-1,-1,-1,-1,-1,-1,-1,-1,0,0,0,0,0,0,-1,-1,-1,-1,-1,-1,-1,-1,-1,-1,-1,-1,-1,-1,False,False,0,0,False,207,0,0,0,0,0,0,0,0,0,0,0,0,0,0,0,1,
0,4472,2026-02-23 13:17:15Z,LLM_Empathetic,6.931289,7.222495,6.640084,0.6124964,0,1.602589,0,0,0,0,0,0,5.499931,4.351652,6.64822,0.592854,0.702737,0.482971,7.3989,6.222528,8.575274,0.586827,0,2.109227,7.203598,6.107889,8.299308,9.869596,10,9.529534,6.931289,7.222495,6.640084,0.6124964,0,1.602589,0,0,0,0,0,0,5.499931,4.351652,6.64822,0.592854,0.702737,0.482971,7.3989,6.222528,8.575274,0.586827,0,2.109227,7.203598,6.107889,8.299308,9.869596,10,9.529534,-1,-1,-1,-1,-1,-1,-1,-1,-1,-1,-1,-1,-1,-1,-1,-1,-1,-1,-1,-1,-1,-1,-1,-1,-1,-1,-1,-1,-1,-1,-1,-1,-1,-1,-1,-1,-1,-1,-1,-1,-1,-1,-1,-1,-1,-1,-1,-1,-1,-1,0,0,0,0,0,0,-1,-1,-1,-1,-1,-1,-1,-1,-1,-1,-1,-1,0,0,0,0,0,0,-1,-1,-1,-1,-1,-1,-1,-1,-1,-1,-1,-1,-1,-1,False,False,0,0,False,209,0,0,0,0,0,0,0,0,0,0,0,0,0,0,0,1,
0,4473,2026-02-23 13:17:15Z,LLM_Empathetic,6.931287,7.222494,6.64008,0.6124999,0,1.602591,0,0,0,0,0,0,5.499928,4.351651,6.648215,0.592854,0.702737,0.482971,7.398899,6.222528,8.575271,0.5868293,0,2.10923,7.203594,6.107887,8.299302,9.869589,10,9.529526,6.931287,7.222494,6.64008,0.6124999,0,1.602591,0,0,0,0,0,0,5.499928,4.351651,6.648215,0.592854,0.702737,0.482971,7.398899,6.222528,8.575271,0.5868293,0,2.10923,7.203594,6.107887,8.299302,9.869589,10,9.529526,-1,-1,-1,-1,-1,-1,-1,-1,-1,-1,-1,-1,-1,-1,-1,-1,-1,-1,-1,-1,-1,-1,-1,-1,-1,-1,-1,-1,-1,-1,-1,-1,-1,-1,-1,-1,-1,-1,-1,-1,-1,-1,-1,-1,-1,-1,-1,-1,-1,-1,0,0,0,0,0,0,-1,-1,-1,-1,-1,-1,-1,-1,-1,-1,-1,-1,0,0,0,0,0,0,-1,-1,-1,-1,-1,-1,-1,-1,-1,-1,-1,-1,-1,-1,False,False,0,0,False,207,0,0,0,0,0,0,0,0,0,0,0,0,0,0,0,1,
0,4474,2026-02-23 13:17:15Z,LLM_Empathetic,6.931285,7.222494,6.640076,0.6125034,0,1.602592,0,0,0,0,0,0,5.499926,4.35165,6.648211,0.592854,0.702737,0.482971,7.398898,6.222528,8.575267,0.5868316,0,2.109232,7.20359,6.107885,8.299297,9.869581,10,9.529516,6.931285,7.222494,6.640076,0.6125034,0,1.602592,0,0,0,0,0,0,5.499926,4.35165,6.648211,0.592854,0.702737,0.482971,7.398898,6.222528,8.575267,0.5868316,0,2.109232,7.20359,6.107885,8.299297,9.869581,10,9.529516,-1,-1,-1,-1,-1,-1,-1,-1,-1,-1,-1,-1,-1,-1,-1,-1,-1,-1,-1,-1,-1,-1,-1,-1,-1,-1,-1,-1,-1,-1,-1,-1,-1,-1,-1,-1,-1,-1,-1,-1,-1,-1,-1,-1,-1,-1,-1,-1,-1,-1,0,0,0,0,0,0,-1,-1,-1,-1,-1,-1,-1,-1,-1,-1,-1,-1,0,0,0,0,0,0,-1,-1,-1,-1,-1,-1,-1,-1,-1,-1,-1,-1,-1,-1,False,False,0,0,False,209,0,0,0,0,0,0,0,0,0,0,0,0,0,0,0,1,
0,4475,2026-02-23 13:17:15Z,LLM_Empathetic,6.931283,7.222494,6.640072,0.6125069,0,1.602594,0,0,0,0,0,0,5.499923,4.35165,6.648207,0.592854,0.702737,0.482971,7.398897,6.222529,8.575264,0.5868338,0,2.109234,7.203587,6.107883,8.299292,9.869575,10,9.529507,6.931283,7.222494,6.640072,0.6125069,0,1.602594,0,0,0,0,0,0,5.499923,4.35165,6.648207,0.592854,0.702737,0.482971,7.398897,6.222529,8.575264,0.5868338,0,2.109234,7.203587,6.107883,8.299292,9.869575,10,9.529507,-1,-1,-1,-1,-1,-1,-1,-1,-1,-1,-1,-1,-1,-1,-1,-1,-1,-1,-1,-1,-1,-1,-1,-1,-1,-1,-1,-1,-1,-1,-1,-1,-1,-1,-1,-1,-1,-1,-1,-1,-1,-1,-1,-1,-1,-1,-1,-1,-1,-1,0,0,0,0,0,0,-1,-1,-1,-1,-1,-1,-1,-1,-1,-1,-1,-1,0,0,0,0,0,0,-1,-1,-1,-1,-1,-1,-1,-1,-1,-1,-1,-1,-1,-1,False,False,0,0,False,207,0,0,0,0,0,0,0,0,0,0,0,0,0,0,0,1,
0,4476,2026-02-23 13:17:15Z,LLM_Empathetic,6.931281,7.222493,6.640069,0.6125105,0,1.602596,0,0,0,0,0,0,5.49992,4.351649,6.648202,0.592854,0.702737,0.482971,7.398895,6.22253,8.575261,0.586836,0,2.109236,7.203583,6.107881,8.299286,9.869567,10,9.529497,6.931281,7.222493,6.640069,0.6125105,0,1.602596,0,0,0,0,0,0,5.49992,4.351649,6.648202,0.592854,0.702737,0.482971,7.398895,6.22253,8.575261,0.586836,0,2.109236,7.203583,6.107881,8.299286,9.869567,10,9.529497,-1,-1,-1,-1,-1,-1,-1,-1,-1,-1,-1,-1,-1,-1,-1,-1,-1,-1,-1,-1,-1,-1,-1,-1,-1,-1,-1,-1,-1,-1,-1,-1,-1,-1,-1,-1,-1,-1,-1,-1,-1,-1,-1,-1,-1,-1,-1,-1,-1,-1,0,0,0,0,0,0,-1,-1,-1,-1,-1,-1,-1,-1,-1,-1,-1,-1,0,0,0,0,0,0,-1,-1,-1,-1,-1,-1,-1,-1,-1,-1,-1,-1,-1,-1,False,False,0,0,False,207,0,0,0,0,0,0,0,0,0,0,0,0,0,0,0,1,
0,4477,2026-02-23 13:17:15Z,LLM_Empathetic,6.931277,7.222492,6.640061,0.6125175,0,1.6026,0,0,0,0,0,0,5.499915,4.351647,6.648193,0.592854,0.702737,0.482971,7.398893,6.222531,8.575255,0.5868406,0,2.109241,7.203576,6.107877,8.299275,9.869552,10,9.529479,6.931277,7.222492,6.640061,0.6125175,0,1.6026,0,0,0,0,0,0,5.499915,4.351647,6.648193,0.592854,0.702737,0.482971,7.398893,6.222531,8.575255,0.5868406,0,2.109241,7.203576,6.107877,8.299275,9.869552,10,9.529479,-1,-1,-1,-1,-1,-1,-1,-1,-1,-1,-1,-1,-1,-1,-1,-1,-1,-1,-1,-1,-1,-1,-1,-1,-1,-1,-1,-1,-1,-1,-1,-1,-1,-1,-1,-1,-1,-1,-1,-1,-1,-1,-1,-1,-1,-1,-1,-1,-1,-1,0,0,0,0,0,0,-1,-1,-1,-1,-1,-1,-1,-1,-1,-1,-1,-1,0,0,0,0,0,0,-1,-1,-1,-1,-1,-1,-1,-1,-1,-1,-1,-1,-1,-1,False,False,0,0,False,209,0,0,0,0,0,0,0,0,0,0,0,0,0,0,0,1,
0,4478,2026-02-23 13:17:15Z,LLM_Empathetic,6.931275,7.222492,6.640058,0.6125211,0,1.602602,0,0,0,0,0,0,5.499912,4.351646,6.648189,0.592854,0.702737,0.482971,7.398891,6.222532,8.575252,0.5868428,0,2.109243,7.203572,6.107875,8.29927,9.869544,10,9.529469,6.931275,7.222492,6.640058,0.6125211,0,1.602602,0,0,0,0,0,0,5.499912,4.351646,6.648189,0.592854,0.702737,0.482971,7.398891,6.222532,8.575252,0.5868428,0,2.109243,7.203572,6.107875,8.29927,9.869544,10,9.529469,-1,-1,-1,-1,-1,-1,-1,-1,-1,-1,-1,-1,-1,-1,-1,-1,-1,-1,-1,-1,-1,-1,-1,-1,-1,-1,-1,-1,-1,-1,-1,-1,-1,-1,-1,-1,-1,-1,-1,-1,-1,-1,-1,-1,-1,-1,-1,-1,-1,-1,0,0,0,0,0,0,-1,-1,-1,-1,-1,-1,-1,-1,-1,-1,-1,-1,0,0,0,0,0,0,-1,-1,-1,-1,-1,-1,-1,-1,-1,-1,-1,-1,-1,-1,False,False,0,0,False,209,0,0,0,0,0,0,0,0,0,0,0,0,0,0,0,1,
0,4479,2026-02-23 13:17:15Z,LLM_Empathetic,6.931273,7.222492,6.640054,0.6125246,0,1.602604,0,0,0,0,0,0,5.499909,4.351645,6.648184,0.592854,0.702737,0.482971,7.39889,6.222532,8.575249,0.5868451,0,2.109246,7.203568,6.107873,8.299265,9.869537,10,9.52946,6.931273,7.222492,6.640054,0.6125246,0,1.602604,0,0,0,0,0,0,5.499909,4.351645,6.648184,0.592854,0.702737,0.482971,7.39889,6.222532,8.575249,0.5868451,0,2.109246,7.203568,6.107873,8.299265,9.869537,10,9.52946,-1,-1,-1,-1,-1,-1,-1,-1,-1,-1,-1,-1,-1,-1,-1,-1,-1,-1,-1,-1,-1,-1,-1,-1,-1,-1,-1,-1,-1,-1,-1,-1,-1,-1,-1,-1,-1,-1,-1,-1,-1,-1,-1,-1,-1,-1,-1,-1,-1,-1,0,0,0,0,0,0,-1,-1,-1,-1,-1,-1,-1,-1,-1,-1,-1,-1,0,0,0,0,0,0,-1,-1,-1,-1,-1,-1,-1,-1,-1,-1,-1,-1,-1,-1,False,False,0,0,False,207,0,0,0,0,0,0,0,0,0,0,0,0,0,0,0,1,
0,4480,2026-02-23 13:17:15Z,LLM_Empathetic,6.931271,7.222491,6.64005,0.6125281,0,1.602606,0,0,0,0,0,0,5.499907,4.351644,6.64818,0.592854,0.702737,0.482971,7.398889,6.222533,8.575246,0.5868474,0,2.109248,7.203565,6.107871,8.299259,9.86953,10,9.529451,6.931271,7.222491,6.64005,0.6125281,0,1.602606,0,0,0,0,0,0,5.499907,4.351644,6.64818,0.592854,0.702737,0.482971,7.398889,6.222533,8.575246,0.5868474,0,2.109248,7.203565,6.107871,8.299259,9.86953,10,9.529451,-1,-1,-1,-1,-1,-1,-1,-1,-1,-1,-1,-1,-1,-1,-1,-1,-1,-1,-1,-1,-1,-1,-1,-1,-1,-1,-1,-1,-1,-1,-1,-1,-1,-1,-1,-1,-1,-1,-1,-1,-1,-1,-1,-1,-1,-1,-1,-1,-1,-1,0,0,0,0,0,0,-1,-1,-1,-1,-1,-1,-1,-1,-1,-1,-1,-1,0,0,0,0,0,0,-1,-1,-1,-1,-1,-1,-1,-1,-1,-1,-1,-1,-1,-1,False,False,0,0,False,209,0,0,0,0,0,0,0,0,0,0,0,0,0,0,0,1,
0,4481,2026-02-23 13:17:15Z,LLM_Empathetic,6.931269,7.222491,6.640046,0.6125317,0,1.602608,0,0,0,0,0,0,5.499904,4.351644,6.648175,0.592854,0.702737,0.482971,7.398888,6.222534,8.575243,0.5868496,0,2.10925,7.203561,6.107869,8.299253,9.869522,10,9.529442,6.931269,7.222491,6.640046,0.6125317,0,1.602608,0,0,0,0,0,0,5.499904,4.351644,6.648175,0.592854,0.702737,0.482971,7.398888,6.222534,8.575243,0.5868496,0,2.10925,7.203561,6.107869,8.299253,9.869522,10,9.529442,-1,-1,-1,-1,-1,-1,-1,-1,-1,-1,-1,-1,-1,-1,-1,-1,-1,-1,-1,-1,-1,-1,-1,-1,-1,-1,-1,-1,-1,-1,-1,-1,-1,-1,-1,-1,-1,-1,-1,-1,-1,-1,-1,-1,-1,-1,-1,-1,-1,-1,0,0,0,0,0,0,-1,-1,-1,-1,-1,-1,-1,-1,-1,-1,-1,-1,0,0,0,0,0,0,-1,-1,-1,-1,-1,-1,-1,-1,-1,-1,-1,-1,-1,-1,False,False,0,0,False,209,0,0,0,0,0,0,0,0,0,0,0,0,0,0,0,1,
0,4482,2026-02-23 13:17:16Z,LLM_Empathetic,6.931266,7.22249,6.640042,0.6125352,0,1.60261,0,0,0,0,0,0,5.499901,4.351643,6.648171,0.592854,0.702737,0.482971,7.398887,6.222534,8.57524,0.5868519,0,2.109252,7.203557,6.107867,8.299249,9.869514,10,9.529432,6.931266,7.22249,6.640042,0.6125352,0,1.60261,0,0,0,0,0,0,5.499901,4.351643,6.648171,0.592854,0.702737,0.482971,7.398887,6.222534,8.57524,0.5868519,0,2.109252,7.203557,6.107867,8.299249,9.869514,10,9.529432,-1,-1,-1,-1,-1,-1,-1,-1,-1,-1,-1,-1,-1,-1,-1,-1,-1,-1,-1,-1,-1,-1,-1,-1,-1,-1,-1,-1,-1,-1,-1,-1,-1,-1,-1,-1,-1,-1,-1,-1,-1,-1,-1,-1,-1,-1,-1,-1,-1,-1,0,0,0,0,0,0,-1,-1,-1,-1,-1,-1,-1,-1,-1,-1,-1,-1,0,0,0,0,0,0,-1,-1,-1,-1,-1,-1,-1,-1,-1,-1,-1,-1,-1,-1,False,False,0,0,False,209,0,0,0,0,0,0,0,0,0,0,0,0,0,0,0,1,
0,4483,2026-02-23 13:17:16Z,LLM_Empathetic,6.931262,7.22249,6.640035,0.6125423,0,1.602614,0,0,0,0,0,0,5.499896,4.351641,6.648162,0.592854,0.702737,0.482971,7.398884,6.222536,8.575233,0.5868564,0,2.109257,7.20355,6.107863,8.299237,9.8695,10,9.529414,6.931262,7.22249,6.640035,0.6125423,0,1.602614,0,0,0,0,0,0,5.499896,4.351641,6.648162,0.592854,0.702737,0.482971,7.398884,6.222536,8.575233,0.5868564,0,2.109257,7.20355,6.107863,8.299237,9.8695,10,9.529414,-1,-1,-1,-1,-1,-1,-1,-1,-1,-1,-1,-1,-1,-1,-1,-1,-1,-1,-1,-1,-1,-1,-1,-1,-1,-1,-1,-1,-1,-1,-1,-1,-1,-1,-1,-1,-1,-1,-1,-1,-1,-1,-1,-1,-1,-1,-1,-1,-1,-1,0,0,0,0,0,0,-1,-1,-1,-1,-1,-1,-1,-1,-1,-1,-1,-1,0,0,0,0,0,0,-1,-1,-1,-1,-1,-1,-1,-1,-1,-1,-1,-1,-1,-1,False,False,0,0,False,209,0,0,0,0,0,0,0,0,0,0,0,0,0,0,0,1,
0,4484,2026-02-23 13:17:16Z,LLM_Empathetic,6.93126,7.222489,6.640031,0.6125458,0,1.602616,0,0,0,0,0,0,5.499894,4.35164,6.648158,0.592854,0.702737,0.482971,7.398883,6.222536,8.575231,0.5868587,0,2.109259,7.203546,6.107861,8.299232,9.869493,10,9.529405,6.93126,7.222489,6.640031,0.6125458,0,1.602616,0,0,0,0,0,0,5.499894,4.35164,6.648158,0.592854,0.702737,0.482971,7.398883,6.222536,8.575231,0.5868587,0,2.109259,7.203546,6.107861,8.299232,9.869493,10,9.529405,-1,-1,-1,-1,-1,-1,-1,-1,-1,-1,-1,-1,-1,-1,-1,-1,-1,-1,-1,-1,-1,-1,-1,-1,-1,-1,-1,-1,-1,-1,-1,-1,-1,-1,-1,-1,-1,-1,-1,-1,-1,-1,-1,-1,-1,-1,-1,-1,-1,-1,0,0,0,0,0,0,-1,-1,-1,-1,-1,-1,-1,-1,-1,-1,-1,-1,0,0,0,0,0,0,-1,-1,-1,-1,-1,-1,-1,-1,-1,-1,-1,-1,-1,-1,False,False,0,0,False,207,0,0,0,0,0,0,0,0,0,0,0,0,0,0,0,1,
0,4485,2026-02-23 13:17:16Z,LLM_Empathetic,6.931258,7.222489,6.640027,0.6125494,0,1.602618,0,0,0,0,0,0,5.499891,4.351639,6.648153,0.592854,0.702737,0.482971,7.398882,6.222537,8.575228,0.586861,0,2.109261,7.203542,6.107859,8.299227,9.869485,10,9.529395,6.931258,7.222489,6.640027,0.6125494,0,1.602618,0,0,0,0,0,0,5.499891,4.351639,6.648153,0.592854,0.702737,0.482971,7.398882,6.222537,8.575228,0.586861,0,2.109261,7.203542,6.107859,8.299227,9.869485,10,9.529395,-1,-1,-1,-1,-1,-1,-1,-1,-1,-1,-1,-1,-1,-1,-1,-1,-1,-1,-1,-1,-1,-1,-1,-1,-1,-1,-1,-1,-1,-1,-1,-1,-1,-1,-1,-1,-1,-1,-1,-1,-1,-1,-1,-1,-1,-1,-1,-1,-1,-1,0,0,0,0,0,0,-1,-1,-1,-1,-1,-1,-1,-1,-1,-1,-1,-1,0,0,0,0,0,0,-1,-1,-1,-1,-1,-1,-1,-1,-1,-1,-1,-1,-1,-1,False,False,0,0,False,209,0,0,0,0,0,0,0,0,0,0,0,0,0,0,0,1,
0,4486,2026-02-23 13:17:16Z,LLM_Empathetic,6.931256,7.222488,6.640023,0.6125529,0,1.60262,0,0,0,0,0,0,5.499888,4.351638,6.648149,0.592854,0.702737,0.482971,7.39888,6.222538,8.575224,0.5868632,0,2.109264,7.203538,6.107857,8.299221,9.869477,10,9.529386,6.931256,7.222488,6.640023,0.6125529,0,1.60262,0,0,0,0,0,0,5.499888,4.351638,6.648149,0.592854,0.702737,0.482971,7.39888,6.222538,8.575224,0.5868632,0,2.109264,7.203538,6.107857,8.299221,9.869477,10,9.529386,-1,-1,-1,-1,-1,-1,-1,-1,-1,-1,-1,-1,-1,-1,-1,-1,-1,-1,-1,-1,-1,-1,-1,-1,-1,-1,-1,-1,-1,-1,-1,-1,-1,-1,-1,-1,-1,-1,-1,-1,-1,-1,-1,-1,-1,-1,-1,-1,-1,-1,0,0,0,0,0,0,-1,-1,-1,-1,-1,-1,-1,-1,-1,-1,-1,-1,0,0,0,0,0,0,-1,-1,-1,-1,-1,-1,-1,-1,-1,-1,-1,-1,-1,-1,False,False,0,0,False,207,0,0,0,0,0,0,0,0,0,0,0,0,0,0,0,1,
0,4487,2026-02-23 13:17:16Z,LLM_Empathetic,6.931252,7.222488,6.640016,0.61256,0,1.602624,0,0,0,0,0,0,5.499883,4.351636,6.648139,0.592854,0.702737,0.482971,7.398878,6.222538,8.575218,0.5868677,0,2.109268,7.203531,6.107853,8.299211,9.869463,10,9.529367,6.931252,7.222488,6.640016,0.61256,0,1.602624,0,0,0,0,0,0,5.499883,4.351636,6.648139,0.592854,0.702737,0.482971,7.398878,6.222538,8.575218,0.5868677,0,2.109268,7.203531,6.107853,8.299211,9.869463,10,9.529367,-1,-1,-1,-1,-1,-1,-1,-1,-1,-1,-1,-1,-1,-1,-1,-1,-1,-1,-1,-1,-1,-1,-1,-1,-1,-1,-1,-1,-1,-1,-1,-1,-1,-1,-1,-1,-1,-1,-1,-1,-1,-1,-1,-1,-1,-1,-1,-1,-1,-1,0,0,0,0,0,0,-1,-1,-1,-1,-1,-1,-1,-1,-1,-1,-1,-1,0,0,0,0,0,0,-1,-1,-1,-1,-1,-1,-1,-1,-1,-1,-1,-1,-1,-1,False,False,0,0,False,207,0,0,0,0,0,0,0,0,0,0,0,0,0,0,0,1,
0,4488,2026-02-23 13:17:16Z,LLM_Empathetic,6.93125,7.222487,6.640012,0.6125636,0,1.602626,0,0,0,0,0,0,5.49988,4.351635,6.648135,0.592854,0.702737,0.482971,7.398877,6.222539,8.575215,0.5868701,0,2.10927,7.203527,6.107851,8.299205,9.869455,10,9.529358,6.93125,7.222487,6.640012,0.6125636,0,1.602626,0,0,0,0,0,0,5.49988,4.351635,6.648135,0.592854,0.702737,0.482971,7.398877,6.222539,8.575215,0.5868701,0,2.10927,7.203527,6.107851,8.299205,9.869455,10,9.529358,-1,-1,-1,-1,-1,-1,-1,-1,-1,-1,-1,-1,-1,-1,-1,-1,-1,-1,-1,-1,-1,-1,-1,-1,-1,-1,-1,-1,-1,-1,-1,-1,-1,-1,-1,-1,-1,-1,-1,-1,-1,-1,-1,-1,-1,-1,-1,-1,-1,-1,0,0,0,0,0,0,-1,-1,-1,-1,-1,-1,-1,-1,-1,-1,-1,-1,0,0,0,0,0,0,-1,-1,-1,-1,-1,-1,-1,-1,-1,-1,-1,-1,-1,-1,False,False,0,0,False,209,0,0,0,0,0,0,0,0,0,0,0,0,0,0,0,1,
0,4489,2026-02-23 13:17:16Z,LLM_Empathetic,6.931248,7.222487,6.640008,0.6125671,0,1.602628,0,0,0,0,0,0,5.499877,4.351635,6.64813,0.592854,0.702737,0.482971,7.398876,6.22254,8.575212,0.5868723,0,2.109273,7.203524,6.107849,8.299199,9.869448,10,9.529348,6.931248,7.222487,6.640008,0.6125671,0,1.602628,0,0,0,0,0,0,5.499877,4.351635,6.64813,0.592854,0.702737,0.482971,7.398876,6.22254,8.575212,0.5868723,0,2.109273,7.203524,6.107849,8.299199,9.869448,10,9.529348,-1,-1,-1,-1,-1,-1,-1,-1,-1,-1,-1,-1,-1,-1,-1,-1,-1,-1,-1,-1,-1,-1,-1,-1,-1,-1,-1,-1,-1,-1,-1,-1,-1,-1,-1,-1,-1,-1,-1,-1,-1,-1,-1,-1,-1,-1,-1,-1,-1,-1,0,0,0,0,0,0,-1,-1,-1,-1,-1,-1,-1,-1,-1,-1,-1,-1,0,0,0,0,0,0,-1,-1,-1,-1,-1,-1,-1,-1,-1,-1,-1,-1,-1,-1,False,False,0,0,False,209,0,0,0,0,0,0,0,0,0,0,0,0,0,0,0,1,
0,4490,2026-02-23 13:17:16Z,LLM_Empathetic,6.931243,7.222486,6.64,0.6125742,0,1.602632,0,0,0,0,0,0,5.499872,4.351633,6.648122,0.592854,0.702737,0.482971,7.398873,6.222541,8.575206,0.5868769,0,2.109277,7.203516,6.107845,8.299189,9.869433,10,9.529329,6.931243,7.222486,6.64,0.6125742,0,1.602632,0,0,0,0,0,0,5.499872,4.351633,6.648122,0.592854,0.702737,0.482971,7.398873,6.222541,8.575206,0.5868769,0,2.109277,7.203516,6.107845,8.299189,9.869433,10,9.529329,-1,-1,-1,-1,-1,-1,-1,-1,-1,-1,-1,-1,-1,-1,-1,-1,-1,-1,-1,-1,-1,-1,-1,-1,-1,-1,-1,-1,-1,-1,-1,-1,-1,-1,-1,-1,-1,-1,-1,-1,-1,-1,-1,-1,-1,-1,-1,-1,-1,-1,0,0,0,0,0,0,-1,-1,-1,-1,-1,-1,-1,-1,-1,-1,-1,-1,0,0,0,0,0,0,-1,-1,-1,-1,-1,-1,-1,-1,-1,-1,-1,-1,-1,-1,False,False,0,0,False,207,0,0,0,0,0,0,0,0,0,0,0,0,0,0,0,1,
0,4491,2026-02-23 13:17:16Z,LLM_Empathetic,6.931242,7.222486,6.639997,0.6125778,0,1.602633,0,0,0,0,0,0,5.499869,4.351632,6.648117,0.592854,0.702737,0.482971,7.398872,6.222542,8.575203,0.5868791,0,2.10928,7.203513,6.107842,8.299183,9.869426,10,9.529321,6.931242,7.222486,6.639997,0.6125778,0,1.602633,0,0,0,0,0,0,5.499869,4.351632,6.648117,0.592854,0.702737,0.482971,7.398872,6.222542,8.575203,0.5868791,0,2.10928,7.203513,6.107842,8.299183,9.869426,10,9.529321,-1,-1,-1,-1,-1,-1,-1,-1,-1,-1,-1,-1,-1,-1,-1,-1,-1,-1,-1,-1,-1,-1,-1,-1,-1,-1,-1,-1,-1,-1,-1,-1,-1,-1,-1,-1,-1,-1,-1,-1,-1,-1,-1,-1,-1,-1,-1,-1,-1,-1,0,0,0,0,0,0,-1,-1,-1,-1,-1,-1,-1,-1,-1,-1,-1,-1,0,0,0,0,0,0,-1,-1,-1,-1,-1,-1,-1,-1,-1,-1,-1,-1,-1,-1,False,False,0,0,False,207,0,0,0,0,0,0,0,0,0,0,0,0,0,0,0,1,
0,4492,2026-02-23 13:17:16Z,LLM_Empathetic,6.931237,7.222485,6.639989,0.6125849,0,1.602637,0,0,0,0,0,0,5.499864,4.35163,6.648108,0.592854,0.702737,0.482971,7.39887,6.222543,8.575196,0.5868837,0,2.109284,7.203505,6.107839,8.299172,9.869411,10,9.529302,6.931237,7.222485,6.639989,0.6125849,0,1.602637,0,0,0,0,0,0,5.499864,4.35163,6.648108,0.592854,0.702737,0.482971,7.39887,6.222543,8.575196,0.5868837,0,2.109284,7.203505,6.107839,8.299172,9.869411,10,9.529302,-1,-1,-1,-1,-1,-1,-1,-1,-1,-1,-1,-1,-1,-1,-1,-1,-1,-1,-1,-1,-1,-1,-1,-1,-1,-1,-1,-1,-1,-1,-1,-1,-1,-1,-1,-1,-1,-1,-1,-1,-1,-1,-1,-1,-1,-1,-1,-1,-1,-1,0,0,0,0,0,0,-1,-1,-1,-1,-1,-1,-1,-1,-1,-1,-1,-1,0,0,0,0,0,0,-1,-1,-1,-1,-1,-1,-1,-1,-1,-1,-1,-1,-1,-1,False,False,0,0,False,209,0,0,0,0,0,0,0,0,0,0,0,0,0,0,0,1,
0,4493,2026-02-23 13:17:16Z,LLM_Empathetic,6.931235,7.222485,6.639985,0.6125885,0,1.602639,0,0,0,0,0,0,5.499861,4.351629,6.648104,0.592854,0.702737,0.482971,7.398869,6.222544,8.575193,0.586886,0,2.109286,7.203501,6.107837,8.299167,9.869403,10,9.529292,6.931235,7.222485,6.639985,0.6125885,0,1.602639,0,0,0,0,0,0,5.499861,4.351629,6.648104,0.592854,0.702737,0.482971,7.398869,6.222544,8.575193,0.586886,0,2.109286,7.203501,6.107837,8.299167,9.869403,10,9.529292,-1,-1,-1,-1,-1,-1,-1,-1,-1,-1,-1,-1,-1,-1,-1,-1,-1,-1,-1,-1,-1,-1,-1,-1,-1,-1,-1,-1,-1,-1,-1,-1,-1,-1,-1,-1,-1,-1,-1,-1,-1,-1,-1,-1,-1,-1,-1,-1,-1,-1,0,0,0,0,0,0,-1,-1,-1,-1,-1,-1,-1,-1,-1,-1,-1,-1,0,0,0,0,0,0,-1,-1,-1,-1,-1,-1,-1,-1,-1,-1,-1,-1,-1,-1,False,False,0,0,False,207,0,0,0,0,0,0,0,0,0,0,0,0,0,0,0,1,
0,4494,2026-02-23 13:17:16Z,LLM_Empathetic,6.931233,7.222485,6.639981,0.612592,0,1.602641,0,0,0,0,0,0,5.499858,4.351628,6.648099,0.592854,0.702737,0.482971,7.398867,6.222544,8.575191,0.5868883,0,2.109289,7.203497,6.107834,8.299161,9.869395,10,9.529283,6.931233,7.222485,6.639981,0.612592,0,1.602641,0,0,0,0,0,0,5.499858,4.351628,6.648099,0.592854,0.702737,0.482971,7.398867,6.222544,8.575191,0.5868883,0,2.109289,7.203497,6.107834,8.299161,9.869395,10,9.529283,-1,-1,-1,-1,-1,-1,-1,-1,-1,-1,-1,-1,-1,-1,-1,-1,-1,-1,-1,-1,-1,-1,-1,-1,-1,-1,-1,-1,-1,-1,-1,-1,-1,-1,-1,-1,-1,-1,-1,-1,-1,-1,-1,-1,-1,-1,-1,-1,-1,-1,0,0,0,0,0,0,-1,-1,-1,-1,-1,-1,-1,-1,-1,-1,-1,-1,0,0,0,0,0,0,-1,-1,-1,-1,-1,-1,-1,-1,-1,-1,-1,-1,-1,-1,False,False,0,0,False,209,0,0,0,0,0,0,0,0,0,0,0,0,0,0,0,1,
0,4495,2026-02-23 13:17:16Z,LLM_Empathetic,6.931231,7.222484,6.639977,0.6125956,0,1.602643,0,0,0,0,0,0,5.499856,4.351627,6.648095,0.592854,0.702737,0.482971,7.398866,6.222545,8.575188,0.5868906,0,2.109291,7.203494,6.107832,8.299156,9.869389,10,9.529273,6.931231,7.222484,6.639977,0.6125956,0,1.602643,0,0,0,0,0,0,5.499856,4.351627,6.648095,0.592854,0.702737,0.482971,7.398866,6.222545,8.575188,0.5868906,0,2.109291,7.203494,6.107832,8.299156,9.869389,10,9.529273,-1,-1,-1,-1,-1,-1,-1,-1,-1,-1,-1,-1,-1,-1,-1,-1,-1,-1,-1,-1,-1,-1,-1,-1,-1,-1,-1,-1,-1,-1,-1,-1,-1,-1,-1,-1,-1,-1,-1,-1,-1,-1,-1,-1,-1,-1,-1,-1,-1,-1,0,0,0,0,0,0,-1,-1,-1,-1,-1,-1,-1,-1,-1,-1,-1,-1,0,0,0,0,0,0,-1,-1,-1,-1,-1,-1,-1,-1,-1,-1,-1,-1,-1,-1,False,False,0,0,False,209,0,0,0,0,0,0,0,0,0,0,0,0,0,0,0,1,
0,4496,2026-02-23 13:17:16Z,LLM_Empathetic,6.931227,7.222483,6.63997,0.6126027,0,1.602647,0,0,0,0,0,0,5.49985,4.351625,6.648086,0.592854,0.702737,0.482971,7.398863,6.222546,8.575181,0.5868951,0,2.109296,7.203486,6.107829,8.299145,9.869373,10,9.529255,6.931227,7.222483,6.63997,0.6126027,0,1.602647,0,0,0,0,0,0,5.49985,4.351625,6.648086,0.592854,0.702737,0.482971,7.398863,6.222546,8.575181,0.5868951,0,2.109296,7.203486,6.107829,8.299145,9.869373,10,9.529255,-1,-1,-1,-1,-1,-1,-1,-1,-1,-1,-1,-1,-1,-1,-1,-1,-1,-1,-1,-1,-1,-1,-1,-1,-1,-1,-1,-1,-1,-1,-1,-1,-1,-1,-1,-1,-1,-1,-1,-1,-1,-1,-1,-1,-1,-1,-1,-1,-1,-1,0,0,0,0,0,0,-1,-1,-1,-1,-1,-1,-1,-1,-1,-1,-1,-1,0,0,0,0,0,0,-1,-1,-1,-1,-1,-1,-1,-1,-1,-1,-1,-1,-1,-1,False,False,0,0,False,209,0,0,0,0,0,0,0,0,0,0,0,0,0,0,0,1,
0,4497,2026-02-23 13:17:16Z,LLM_Empathetic,6.931225,7.222483,6.639966,0.6126063,0,1.602649,0,0,0,0,0,0,5.499848,4.351624,6.648081,0.592854,0.702737,0.482971,7.398862,6.222547,8.575178,0.5868974,0,2.109298,7.203483,6.107826,8.29914,9.869366,10,9.529245,6.931225,7.222483,6.639966,0.6126063,0,1.602649,0,0,0,0,0,0,5.499848,4.351624,6.648081,0.592854,0.702737,0.482971,7.398862,6.222547,8.575178,0.5868974,0,2.109298,7.203483,6.107826,8.29914,9.869366,10,9.529245,-1,-1,-1,-1,-1,-1,-1,-1,-1,-1,-1,-1,-1,-1,-1,-1,-1,-1,-1,-1,-1,-1,-1,-1,-1,-1,-1,-1,-1,-1,-1,-1,-1,-1,-1,-1,-1,-1,-1,-1,-1,-1,-1,-1,-1,-1,-1,-1,-1,-1,0,0,0,0,0,0,-1,-1,-1,-1,-1,-1,-1,-1,-1,-1,-1,-1,0,0,0,0,0,0,-1,-1,-1,-1,-1,-1,-1,-1,-1,-1,-1,-1,-1,-1,False,False,0,0,False,209,0,0,0,0,0,0,0,0,0,0,0,0,0,0,0,1,
0,4498,2026-02-23 13:17:16Z,LLM_Empathetic,6.931222,7.222483,6.639962,0.6126099,0,1.602651,0,0,0,0,0,0,5.499845,4.351624,6.648077,0.592854,0.702737,0.482971,7.398861,6.222548,8.575175,0.5868997,0,2.1093,7.203479,6.107824,8.299134,9.869358,10,9.529236,6.931222,7.222483,6.639962,0.6126099,0,1.602651,0,0,0,0,0,0,5.499845,4.351624,6.648077,0.592854,0.702737,0.482971,7.398861,6.222548,8.575175,0.5868997,0,2.1093,7.203479,6.107824,8.299134,9.869358,10,9.529236,-1,-1,-1,-1,-1,-1,-1,-1,-1,-1,-1,-1,-1,-1,-1,-1,-1,-1,-1,-1,-1,-1,-1,-1,-1,-1,-1,-1,-1,-1,-1,-1,-1,-1,-1,-1,-1,-1,-1,-1,-1,-1,-1,-1,-1,-1,-1,-1,-1,-1,0,0,0,0,0,0,-1,-1,-1,-1,-1,-1,-1,-1,-1,-1,-1,-1,0,0,0,0,0,0,-1,-1,-1,-1,-1,-1,-1,-1,-1,-1,-1,-1,-1,-1,False,False,0,0,False,209,0,0,0,0,0,0,0,0,0,0,0,0,0,0,0,1,
0,4499,2026-02-23 13:17:16Z,LLM_Empathetic,6.931221,7.222482,6.639958,0.6126134,0,1.602653,0,0,0,0,0,0,5.499842,4.351623,6.648072,0.592854,0.702737,0.482971,7.39886,6.222548,8.575171,0.586902,0,2.109302,7.203475,6.107822,8.299129,9.86935,10,9.529226,6.931221,7.222482,6.639958,0.6126134,0,1.602653,0,0,0,0,0,0,5.499842,4.351623,6.648072,0.592854,0.702737,0.482971,7.39886,6.222548,8.575171,0.586902,0,2.109302,7.203475,6.107822,8.299129,9.86935,10,9.529226,-1,-1,-1,-1,-1,-1,-1,-1,-1,-1,-1,-1,-1,-1,-1,-1,-1,-1,-1,-1,-1,-1,-1,-1,-1,-1,-1,-1,-1,-1,-1,-1,-1,-1,-1,-1,-1,-1,-1,-1,-1,-1,-1,-1,-1,-1,-1,-1,-1,-1,0,0,0,0,0,0,-1,-1,-1,-1,-1,-1,-1,-1,-1,-1,-1,-1,0,0,0,0,0,0,-1,-1,-1,-1,-1,-1,-1,-1,-1,-1,-1,-1,-1,-1,False,False,0,0,False,207,0,0,0,0,0,0,0,0,0,0,0,0,0,0,0,1,
0,4500,2026-02-23 13:17:16Z,LLM_Empathetic,6.931218,7.222482,6.639955,0.612617,0,1.602655,0,0,0,0,0,0,5.49984,4.351622,6.648067,0.592854,0.702737,0.482971,7.398859,6.222548,8.575169,0.5869043,0,2.109305,7.203471,6.107821,8.299123,9.869343,10,9.529217,6.931218,7.222482,6.639955,0.612617,0,1.602655,0,0,0,0,0,0,5.49984,4.351622,6.648067,0.592854,0.702737,0.482971,7.398859,6.222548,8.575169,0.5869043,0,2.109305,7.203471,6.107821,8.299123,9.869343,10,9.529217,-1,-1,-1,-1,-1,-1,-1,-1,-1,-1,-1,-1,-1,-1,-1,-1,-1,-1,-1,-1,-1,-1,-1,-1,-1,-1,-1,-1,-1,-1,-1,-1,-1,-1,-1,-1,-1,-1,-1,-1,-1,-1,-1,-1,-1,-1,-1,-1,-1,-1,0,0,0,0,0,0,-1,-1,-1,-1,-1,-1,-1,-1,-1,-1,-1,-1,0,0,0,0,0,0,-1,-1,-1,-1,-1,-1,-1,-1,-1,-1,-1,-1,-1,-1,False,False,0,0,False,207,0,0,0,0,0,0,0,0,0,0,0,0,0,0,0,1,
0,4501,2026-02-23 13:17:16Z,LLM_Empathetic,6.931216,7.222481,6.639951,0.6126206,0,1.602657,0,0,0,0,0,0,5.499837,4.351621,6.648063,0.592854,0.702737,0.482971,7.398857,6.222549,8.575166,0.5869066,0,2.109307,7.203467,6.107818,8.299118,9.869336,10,9.529207,6.931216,7.222481,6.639951,0.6126206,0,1.602657,0,0,0,0,0,0,5.499837,4.351621,6.648063,0.592854,0.702737,0.482971,7.398857,6.222549,8.575166,0.5869066,0,2.109307,7.203467,6.107818,8.299118,9.869336,10,9.529207,-1,-1,-1,-1,-1,-1,-1,-1,-1,-1,-1,-1,-1,-1,-1,-1,-1,-1,-1,-1,-1,-1,-1,-1,-1,-1,-1,-1,-1,-1,-1,-1,-1,-1,-1,-1,-1,-1,-1,-1,-1,-1,-1,-1,-1,-1,-1,-1,-1,-1,0,0,0,0,0,0,-1,-1,-1,-1,-1,-1,-1,-1,-1,-1,-1,-1,0,0,0,0,0,0,-1,-1,-1,-1,-1,-1,-1,-1,-1,-1,-1,-1,-1,-1,False,False,0,0,False,207,0,0,0,0,0,0,0,0,0,0,0,0,0,0,0,1,
0,4502,2026-02-23 13:17:16Z,LLM_Empathetic,6.931212,7.222481,6.639943,0.6126277,0,1.602661,0,0,0,0,0,0,5.499832,4.351619,6.648054,0.592854,0.702737,0.482971,7.398855,6.22255,8.575159,0.5869111,0,2.109312,7.20346,6.107814,8.299107,9.869321,10,9.529189,6.931212,7.222481,6.639943,0.6126277,0,1.602661,0,0,0,0,0,0,5.499832,4.351619,6.648054,0.592854,0.702737,0.482971,7.398855,6.22255,8.575159,0.5869111,0,2.109312,7.20346,6.107814,8.299107,9.869321,10,9.529189,-1,-1,-1,-1,-1,-1,-1,-1,-1,-1,-1,-1,-1,-1,-1,-1,-1,-1,-1,-1,-1,-1,-1,-1,-1,-1,-1,-1,-1,-1,-1,-1,-1,-1,-1,-1,-1,-1,-1,-1,-1,-1,-1,-1,-1,-1,-1,-1,-1,-1,0,0,0,0,0,0,-1,-1,-1,-1,-1,-1,-1,-1,-1,-1,-1,-1,0,0,0,0,0,0,-1,-1,-1,-1,-1,-1,-1,-1,-1,-1,-1,-1,-1,-1,False,False,0,0,False,209,0,0,0,0,0,0,0,0,0,0,0,0,0,0,0,1,
0,4503,2026-02-23 13:17:16Z,LLM_Empathetic,6.93121,7.22248,6.639939,0.6126313,0,1.602663,0,0,0,0,0,0,5.499829,4.351618,6.648049,0.592854,0.702737,0.482971,7.398854,6.222551,8.575156,0.5869135,0,2.109314,7.203456,6.107812,8.299101,9.869313,10,9.52918,6.93121,7.22248,6.639939,0.6126313,0,1.602663,0,0,0,0,0,0,5.499829,4.351618,6.648049,0.592854,0.702737,0.482971,7.398854,6.222551,8.575156,0.5869135,0,2.109314,7.203456,6.107812,8.299101,9.869313,10,9.52918,-1,-1,-1,-1,-1,-1,-1,-1,-1,-1,-1,-1,-1,-1,-1,-1,-1,-1,-1,-1,-1,-1,-1,-1,-1,-1,-1,-1,-1,-1,-1,-1,-1,-1,-1,-1,-1,-1,-1,-1,-1,-1,-1,-1,-1,-1,-1,-1,-1,-1,0,0,0,0,0,0,-1,-1,-1,-1,-1,-1,-1,-1,-1,-1,-1,-1,0,0,0,0,0,0,-1,-1,-1,-1,-1,-1,-1,-1,-1,-1,-1,-1,-1,-1,False,False,0,0,False,209,0,0,0,0,0,0,0,0,0,0,0,0,0,0,0,1,
0,4504,2026-02-23 13:17:16Z,LLM_Empathetic,6.931206,7.222479,6.639932,0.6126385,0,1.602667,0,0,0,0,0,0,5.499824,4.351617,6.64804,0.592854,0.702737,0.482971,7.398851,6.222552,8.57515,0.5869181,0,2.109318,7.203449,6.107808,8.29909,9.869298,10,9.52916,6.931206,7.222479,6.639932,0.6126385,0,1.602667,0,0,0,0,0,0,5.499824,4.351617,6.64804,0.592854,0.702737,0.482971,7.398851,6.222552,8.57515,0.5869181,0,2.109318,7.203449,6.107808,8.29909,9.869298,10,9.52916,-1,-1,-1,-1,-1,-1,-1,-1,-1,-1,-1,-1,-1,-1,-1,-1,-1,-1,-1,-1,-1,-1,-1,-1,-1,-1,-1,-1,-1,-1,-1,-1,-1,-1,-1,-1,-1,-1,-1,-1,-1,-1,-1,-1,-1,-1,-1,-1,-1,-1,0,0,0,0,0,0,-1,-1,-1,-1,-1,-1,-1,-1,-1,-1,-1,-1,0,0,0,0,0,0,-1,-1,-1,-1,-1,-1,-1,-1,-1,-1,-1,-1,-1,-1,False,False,0,0,False,209,0,0,0,0,0,0,0,0,0,0,0,0,0,0,0,1,
0,4505,2026-02-23 13:17:16Z,LLM_Empathetic,6.931203,7.222479,6.639928,0.612642,0,1.602669,0,0,0,0,0,0,5.499821,4.351616,6.648036,0.592854,0.702737,0.482971,7.39885,6.222553,8.575147,0.5869203,0,2.109321,7.203445,6.107806,8.299085,9.86929,10,9.529151,6.931203,7.222479,6.639928,0.612642,0,1.602669,0,0,0,0,0,0,5.499821,4.351616,6.648036,0.592854,0.702737,0.482971,7.39885,6.222553,8.575147,0.5869203,0,2.109321,7.203445,6.107806,8.299085,9.86929,10,9.529151,-1,-1,-1,-1,-1,-1,-1,-1,-1,-1,-1,-1,-1,-1,-1,-1,-1,-1,-1,-1,-1,-1,-1,-1,-1,-1,-1,-1,-1,-1,-1,-1,-1,-1,-1,-1,-1,-1,-1,-1,-1,-1,-1,-1,-1,-1,-1,-1,-1,-1,0,0,0,0,0,0,-1,-1,-1,-1,-1,-1,-1,-1,-1,-1,-1,-1,0,0,0,0,0,0,-1,-1,-1,-1,-1,-1,-1,-1,-1,-1,-1,-1,-1,-1,False,False,0,0,False,207,0,0,0,0,0,0,0,0,0,0,0,0,0,0,0,1,
0,4506,2026-02-23 13:17:16Z,LLM_Empathetic,6.931201,7.222479,6.639924,0.6126457,0,1.602671,0,0,0,0,0,0,5.499818,4.351615,6.648031,0.592854,0.702737,0.482971,7.398849,6.222554,8.575144,0.5869226,0,2.109323,7.203441,6.107804,8.299079,9.869283,10,9.529141,6.931201,7.222479,6.639924,0.6126457,0,1.602671,0,0,0,0,0,0,5.499818,4.351615,6.648031,0.592854,0.702737,0.482971,7.398849,6.222554,8.575144,0.5869226,0,2.109323,7.203441,6.107804,8.299079,9.869283,10,9.529141,-1,-1,-1,-1,-1,-1,-1,-1,-1,-1,-1,-1,-1,-1,-1,-1,-1,-1,-1,-1,-1,-1,-1,-1,-1,-1,-1,-1,-1,-1,-1,-1,-1,-1,-1,-1,-1,-1,-1,-1,-1,-1,-1,-1,-1,-1,-1,-1,-1,-1,0,0,0,0,0,0,-1,-1,-1,-1,-1,-1,-1,-1,-1,-1,-1,-1,0,0,0,0,0,0,-1,-1,-1,-1,-1,-1,-1,-1,-1,-1,-1,-1,-1,-1,False,False,0,0,False,209,0,0,0,0,0,0,0,0,0,0,0,0,0,0,0,1,
0,4507,2026-02-23 13:17:16Z,LLM_Empathetic,6.9312,7.222478,6.63992,0.6126493,0,1.602673,0,0,0,0,0,0,5.499815,4.351614,6.648027,0.592854,0.702737,0.482971,7.398848,6.222554,8.575141,0.5869249,0,2.109325,7.203437,6.107802,8.299073,9.869275,10,9.529132,6.9312,7.222478,6.63992,0.6126493,0,1.602673,0,0,0,0,0,0,5.499815,4.351614,6.648027,0.592854,0.702737,0.482971,7.398848,6.222554,8.575141,0.5869249,0,2.109325,7.203437,6.107802,8.299073,9.869275,10,9.529132,-1,-1,-1,-1,-1,-1,-1,-1,-1,-1,-1,-1,-1,-1,-1,-1,-1,-1,-1,-1,-1,-1,-1,-1,-1,-1,-1,-1,-1,-1,-1,-1,-1,-1,-1,-1,-1,-1,-1,-1,-1,-1,-1,-1,-1,-1,-1,-1,-1,-1,0,0,0,0,0,0,-1,-1,-1,-1,-1,-1,-1,-1,-1,-1,-1,-1,0,0,0,0,0,0,-1,-1,-1,-1,-1,-1,-1,-1,-1,-1,-1,-1,-1,-1,False,False,0,0,False,207,0,0,0,0,0,0,0,0,0,0,0,0,0,0,0,1,
0,4508,2026-02-23 13:17:16Z,LLM_Empathetic,6.931195,7.222477,6.639913,0.6126564,0,1.602677,0,0,0,0,0,0,5.49981,4.351612,6.648018,0.592854,0.702737,0.482971,7.398845,6.222556,8.575134,0.5869296,0,2.10933,7.20343,6.107798,8.299063,9.869261,10,9.529113,6.931195,7.222477,6.639913,0.6126564,0,1.602677,0,0,0,0,0,0,5.49981,4.351612,6.648018,0.592854,0.702737,0.482971,7.398845,6.222556,8.575134,0.5869296,0,2.10933,7.20343,6.107798,8.299063,9.869261,10,9.529113,-1,-1,-1,-1,-1,-1,-1,-1,-1,-1,-1,-1,-1,-1,-1,-1,-1,-1,-1,-1,-1,-1,-1,-1,-1,-1,-1,-1,-1,-1,-1,-1,-1,-1,-1,-1,-1,-1,-1,-1,-1,-1,-1,-1,-1,-1,-1,-1,-1,-1,0,0,0,0,0,0,-1,-1,-1,-1,-1,-1,-1,-1,-1,-1,-1,-1,0,0,0,0,0,0,-1,-1,-1,-1,-1,-1,-1,-1,-1,-1,-1,-1,-1,-1,False,False,0,0,False,207,0,0,0,0,0,0,0,0,0,0,0,0,0,0,0,1,
0,4509,2026-02-23 13:17:16Z,LLM_Empathetic,6.931193,7.222477,6.639909,0.6126601,0,1.602679,0,0,0,0,0,0,5.499807,4.351611,6.648013,0.592854,0.702737,0.482971,7.398844,6.222556,8.575131,0.5869318,0,2.109332,7.203426,6.107796,8.299057,9.869253,10,9.529103,6.931193,7.222477,6.639909,0.6126601,0,1.602679,0,0,0,0,0,0,5.499807,4.351611,6.648013,0.592854,0.702737,0.482971,7.398844,6.222556,8.575131,0.5869318,0,2.109332,7.203426,6.107796,8.299057,9.869253,10,9.529103,-1,-1,-1,-1,-1,-1,-1,-1,-1,-1,-1,-1,-1,-1,-1,-1,-1,-1,-1,-1,-1,-1,-1,-1,-1,-1,-1,-1,-1,-1,-1,-1,-1,-1,-1,-1,-1,-1,-1,-1,-1,-1,-1,-1,-1,-1,-1,-1,-1,-1,0,0,0,0,0,0,-1,-1,-1,-1,-1,-1,-1,-1,-1,-1,-1,-1,0,0,0,0,0,0,-1,-1,-1,-1,-1,-1,-1,-1,-1,-1,-1,-1,-1,-1,False,False,0,0,False,209,0,0,0,0,0,0,0,0,0,0,0,0,0,0,0,1,
0,4510,2026-02-23 13:17:16Z,LLM_Empathetic,6.931191,7.222477,6.639905,0.6126636,0,1.602681,0,0,0,0,0,0,5.499804,4.35161,6.648009,0.592854,0.702737,0.482971,7.398842,6.222557,8.575129,0.5869341,0,2.109334,7.203422,6.107794,8.299051,9.869246,10,9.529094,6.931191,7.222477,6.639905,0.6126636,0,1.602681,0,0,0,0,0,0,5.499804,4.35161,6.648009,0.592854,0.702737,0.482971,7.398842,6.222557,8.575129,0.5869341,0,2.109334,7.203422,6.107794,8.299051,9.869246,10,9.529094,-1,-1,-1,-1,-1,-1,-1,-1,-1,-1,-1,-1,-1,-1,-1,-1,-1,-1,-1,-1,-1,-1,-1,-1,-1,-1,-1,-1,-1,-1,-1,-1,-1,-1,-1,-1,-1,-1,-1,-1,-1,-1,-1,-1,-1,-1,-1,-1,-1,-1,0,0,0,0,0,0,-1,-1,-1,-1,-1,-1,-1,-1,-1,-1,-1,-1,0,0,0,0,0,0,-1,-1,-1,-1,-1,-1,-1,-1,-1,-1,-1,-1,-1,-1,False,False,0,0,False,209,0,0,0,0,0,0,0,0,0,0,0,0,0,0,0,1,
0,4511,2026-02-23 13:17:17Z,LLM_Empathetic,6.931189,7.222476,6.639901,0.6126672,0,1.602683,0,0,0,0,0,0,5.499802,4.351609,6.648004,0.592854,0.702737,0.482971,7.398841,6.222558,8.575125,0.5869364,0,2.109337,7.203419,6.107792,8.299047,9.869238,10,9.529084,6.931189,7.222476,6.639901,0.6126672,0,1.602683,0,0,0,0,0,0,5.499802,4.351609,6.648004,0.592854,0.702737,0.482971,7.398841,6.222558,8.575125,0.5869364,0,2.109337,7.203419,6.107792,8.299047,9.869238,10,9.529084,-1,-1,-1,-1,-1,-1,-1,-1,-1,-1,-1,-1,-1,-1,-1,-1,-1,-1,-1,-1,-1,-1,-1,-1,-1,-1,-1,-1,-1,-1,-1,-1,-1,-1,-1,-1,-1,-1,-1,-1,-1,-1,-1,-1,-1,-1,-1,-1,-1,-1,0,0,0,0,0,0,-1,-1,-1,-1,-1,-1,-1,-1,-1,-1,-1,-1,0,0,0,0,0,0,-1,-1,-1,-1,-1,-1,-1,-1,-1,-1,-1,-1,-1,-1,False,False,0,0,False,209,0,0,0,0,0,0,0,0,0,0,0,0,0,0,0,1,
0,4512,2026-02-23 13:17:17Z,LLM_Empathetic,6.931184,7.222476,6.639893,0.6126744,0,1.602687,0,0,0,0,0,0,5.499796,4.351608,6.647995,0.592854,0.702737,0.482971,7.398839,6.222559,8.575119,0.5869411,0,2.109341,7.203411,6.107788,8.299035,9.869223,10,9.529066,6.931184,7.222476,6.639893,0.6126744,0,1.602687,0,0,0,0,0,0,5.499796,4.351608,6.647995,0.592854,0.702737,0.482971,7.398839,6.222559,8.575119,0.5869411,0,2.109341,7.203411,6.107788,8.299035,9.869223,10,9.529066,-1,-1,-1,-1,-1,-1,-1,-1,-1,-1,-1,-1,-1,-1,-1,-1,-1,-1,-1,-1,-1,-1,-1,-1,-1,-1,-1,-1,-1,-1,-1,-1,-1,-1,-1,-1,-1,-1,-1,-1,-1,-1,-1,-1,-1,-1,-1,-1,-1,-1,0,0,0,0,0,0,-1,-1,-1,-1,-1,-1,-1,-1,-1,-1,-1,-1,0,0,0,0,0,0,-1,-1,-1,-1,-1,-1,-1,-1,-1,-1,-1,-1,-1,-1,False,False,0,0,False,207,0,0,0,0,0,0,0,0,0,0,0,0,0,0,0,1,
0,4513,2026-02-23 13:17:17Z,LLM_Empathetic,6.931182,7.222475,6.639889,0.6126781,0,1.602689,0,0,0,0,0,0,5.499794,4.351607,6.647991,0.592854,0.702737,0.482971,7.398838,6.222559,8.575116,0.5869434,0,2.109344,7.203407,6.107786,8.299029,9.869215,10,9.529057,6.931182,7.222475,6.639889,0.6126781,0,1.602689,0,0,0,0,0,0,5.499794,4.351607,6.647991,0.592854,0.702737,0.482971,7.398838,6.222559,8.575116,0.5869434,0,2.109344,7.203407,6.107786,8.299029,9.869215,10,9.529057,-1,-1,-1,-1,-1,-1,-1,-1,-1,-1,-1,-1,-1,-1,-1,-1,-1,-1,-1,-1,-1,-1,-1,-1,-1,-1,-1,-1,-1,-1,-1,-1,-1,-1,-1,-1,-1,-1,-1,-1,-1,-1,-1,-1,-1,-1,-1,-1,-1,-1,0,0,0,0,0,0,-1,-1,-1,-1,-1,-1,-1,-1,-1,-1,-1,-1,0,0,0,0,0,0,-1,-1,-1,-1,-1,-1,-1,-1,-1,-1,-1,-1,-1,-1,False,False,0,0,False,209,0,0,0,0,0,0,0,0,0,0,0,0,0,0,0,1,
0,4514,2026-02-23 13:17:17Z,LLM_Empathetic,6.93118,7.222475,6.639885,0.6126816,0,1.602691,0,0,0,0,0,0,5.499791,4.351606,6.647986,0.592854,0.702737,0.482971,7.398836,6.22256,8.575112,0.5869457,0,2.109346,7.203403,6.107784,8.299024,9.869207,10,9.529047,6.93118,7.222475,6.639885,0.6126816,0,1.602691,0,0,0,0,0,0,5.499791,4.351606,6.647986,0.592854,0.702737,0.482971,7.398836,6.22256,8.575112,0.5869457,0,2.109346,7.203403,6.107784,8.299024,9.869207,10,9.529047,-1,-1,-1,-1,-1,-1,-1,-1,-1,-1,-1,-1,-1,-1,-1,-1,-1,-1,-1,-1,-1,-1,-1,-1,-1,-1,-1,-1,-1,-1,-1,-1,-1,-1,-1,-1,-1,-1,-1,-1,-1,-1,-1,-1,-1,-1,-1,-1,-1,-1,0,0,0,0,0,0,-1,-1,-1,-1,-1,-1,-1,-1,-1,-1,-1,-1,0,0,0,0,0,0,-1,-1,-1,-1,-1,-1,-1,-1,-1,-1,-1,-1,-1,-1,False,False,0,0,False,209,0,0,0,0,0,0,0,0,0,0,0,0,0,0,0,1,
0,4515,2026-02-23 13:17:17Z,LLM_Empathetic,6.931176,7.222474,6.639878,0.6126888,0,1.602695,0,0,0,0,0,0,5.499785,4.351604,6.647977,0.592854,0.702737,0.482971,7.398834,6.222561,8.575107,0.5869503,0,2.109351,7.203396,6.10778,8.299013,9.869192,10,9.529028,6.931176,7.222474,6.639878,0.6126888,0,1.602695,0,0,0,0,0,0,5.499785,4.351604,6.647977,0.592854,0.702737,0.482971,7.398834,6.222561,8.575107,0.5869503,0,2.109351,7.203396,6.10778,8.299013,9.869192,10,9.529028,-1,-1,-1,-1,-1,-1,-1,-1,-1,-1,-1,-1,-1,-1,-1,-1,-1,-1,-1,-1,-1,-1,-1,-1,-1,-1,-1,-1,-1,-1,-1,-1,-1,-1,-1,-1,-1,-1,-1,-1,-1,-1,-1,-1,-1,-1,-1,-1,-1,-1,0,0,0,0,0,0,-1,-1,-1,-1,-1,-1,-1,-1,-1,-1,-1,-1,0,0,0,0,0,0,-1,-1,-1,-1,-1,-1,-1,-1,-1,-1,-1,-1,-1,-1,False,False,0,0,False,209,0,0,0,0,0,0,0,0,0,0,0,0,0,0,0,1,
0,4516,2026-02-23 13:17:17Z,LLM_Empathetic,6.931174,7.222474,6.639874,0.6126925,0,1.602697,0,0,0,0,0,0,5.499783,4.351603,6.647972,0.592854,0.702737,0.482971,7.398832,6.222562,8.575103,0.5869526,0,2.109353,7.203392,6.107778,8.299007,9.869184,10,9.529018,6.931174,7.222474,6.639874,0.6126925,0,1.602697,0,0,0,0,0,0,5.499783,4.351603,6.647972,0.592854,0.702737,0.482971,7.398832,6.222562,8.575103,0.5869526,0,2.109353,7.203392,6.107778,8.299007,9.869184,10,9.529018,-1,-1,-1,-1,-1,-1,-1,-1,-1,-1,-1,-1,-1,-1,-1,-1,-1,-1,-1,-1,-1,-1,-1,-1,-1,-1,-1,-1,-1,-1,-1,-1,-1,-1,-1,-1,-1,-1,-1,-1,-1,-1,-1,-1,-1,-1,-1,-1,-1,-1,0,0,0,0,0,0,-1,-1,-1,-1,-1,-1,-1,-1,-1,-1,-1,-1,0,0,0,0,0,0,-1,-1,-1,-1,-1,-1,-1,-1,-1,-1,-1,-1,-1,-1,False,False,0,0,False,209,0,0,0,0,0,0,0,0,0,0,0,0,0,0,0,1,
0,4517,2026-02-23 13:17:17Z,LLM_Empathetic,6.931172,7.222473,6.63987,0.6126961,0,1.602699,0,0,0,0,0,0,5.49978,4.351602,6.647968,0.592854,0.702737,0.482971,7.398831,6.222563,8.5751,0.5869549,0,2.109355,7.203388,6.107775,8.299002,9.869177,10,9.529009,6.931172,7.222473,6.63987,0.6126961,0,1.602699,0,0,0,0,0,0,5.49978,4.351602,6.647968,0.592854,0.702737,0.482971,7.398831,6.222563,8.5751,0.5869549,0,2.109355,7.203388,6.107775,8.299002,9.869177,10,9.529009,-1,-1,-1,-1,-1,-1,-1,-1,-1,-1,-1,-1,-1,-1,-1,-1,-1,-1,-1,-1,-1,-1,-1,-1,-1,-1,-1,-1,-1,-1,-1,-1,-1,-1,-1,-1,-1,-1,-1,-1,-1,-1,-1,-1,-1,-1,-1,-1,-1,-1,0,0,0,0,0,0,-1,-1,-1,-1,-1,-1,-1,-1,-1,-1,-1,-1,0,0,0,0,0,0,-1,-1,-1,-1,-1,-1,-1,-1,-1,-1,-1,-1,-1,-1,False,False,0,0,False,209,0,0,0,0,0,0,0,0,0,0,0,0,0,0,0,1,
0,4518,2026-02-23 13:17:17Z,LLM_Empathetic,6.931168,7.222473,6.639863,0.6127033,0,1.602703,0,0,0,0,0,0,5.499774,4.3516,6.647959,0.592854,0.702737,0.482971,7.398829,6.222564,8.575094,0.5869595,0,2.10936,7.203381,6.107771,8.298991,9.869162,10,9.52899,6.931168,7.222473,6.639863,0.6127033,0,1.602703,0,0,0,0,0,0,5.499774,4.3516,6.647959,0.592854,0.702737,0.482971,7.398829,6.222564,8.575094,0.5869595,0,2.10936,7.203381,6.107771,8.298991,9.869162,10,9.52899,-1,-1,-1,-1,-1,-1,-1,-1,-1,-1,-1,-1,-1,-1,-1,-1,-1,-1,-1,-1,-1,-1,-1,-1,-1,-1,-1,-1,-1,-1,-1,-1,-1,-1,-1,-1,-1,-1,-1,-1,-1,-1,-1,-1,-1,-1,-1,-1,-1,-1,0,0,0,0,0,0,-1,-1,-1,-1,-1,-1,-1,-1,-1,-1,-1,-1,0,0,0,0,0,0,-1,-1,-1,-1,-1,-1,-1,-1,-1,-1,-1,-1,-1,-1,False,False,0,0,False,209,0,0,0,0,0,0,0,0,0,0,0,0,0,0,0,1,
0,4519,2026-02-23 13:17:17Z,LLM_Empathetic,6.931165,7.222472,6.639858,0.6127069,0,1.602705,0,0,0,0,0,0,5.499772,4.3516,6.647954,0.592854,0.702737,0.482971,7.398828,6.222565,8.57509,0.5869619,0,2.109362,7.203377,6.107769,8.298985,9.869154,10,9.52898,6.931165,7.222472,6.639858,0.6127069,0,1.602705,0,0,0,0,0,0,5.499772,4.3516,6.647954,0.592854,0.702737,0.482971,7.398828,6.222565,8.57509,0.5869619,0,2.109362,7.203377,6.107769,8.298985,9.869154,10,9.52898,-1,-1,-1,-1,-1,-1,-1,-1,-1,-1,-1,-1,-1,-1,-1,-1,-1,-1,-1,-1,-1,-1,-1,-1,-1,-1,-1,-1,-1,-1,-1,-1,-1,-1,-1,-1,-1,-1,-1,-1,-1,-1,-1,-1,-1,-1,-1,-1,-1,-1,0,0,0,0,0,0,-1,-1,-1,-1,-1,-1,-1,-1,-1,-1,-1,-1,0,0,0,0,0,0,-1,-1,-1,-1,-1,-1,-1,-1,-1,-1,-1,-1,-1,-1,False,False,0,0,False,209,0,0,0,0,0,0,0,0,0,0,0,0,0,0,0,1,
0,4520,2026-02-23 13:17:17Z,LLM_Empathetic,6.931163,7.222472,6.639854,0.6127105,0,1.602707,0,0,0,0,0,0,5.499769,4.351599,6.647949,0.592854,0.702737,0.482971,7.398826,6.222565,8.575088,0.5869642,0,2.109365,7.203373,6.107767,8.29898,9.869147,10,9.528971,6.931163,7.222472,6.639854,0.6127105,0,1.602707,0,0,0,0,0,0,5.499769,4.351599,6.647949,0.592854,0.702737,0.482971,7.398826,6.222565,8.575088,0.5869642,0,2.109365,7.203373,6.107767,8.29898,9.869147,10,9.528971,-1,-1,-1,-1,-1,-1,-1,-1,-1,-1,-1,-1,-1,-1,-1,-1,-1,-1,-1,-1,-1,-1,-1,-1,-1,-1,-1,-1,-1,-1,-1,-1,-1,-1,-1,-1,-1,-1,-1,-1,-1,-1,-1,-1,-1,-1,-1,-1,-1,-1,0,0,0,0,0,0,-1,-1,-1,-1,-1,-1,-1,-1,-1,-1,-1,-1,0,0,0,0,0,0,-1,-1,-1,-1,-1,-1,-1,-1,-1,-1,-1,-1,-1,-1,False,False,0,0,False,209,0,0,0,0,0,0,0,0,0,0,0,0,0,0,0,1,
0,4521,2026-02-23 13:17:17Z,LLM_Empathetic,6.931161,7.222471,6.639851,0.6127142,0,1.602709,0,0,0,0,0,0,5.499766,4.351598,6.647945,0.592854,0.702737,0.482971,7.398825,6.222566,8.575085,0.5869665,0,2.109367,7.203369,6.107765,8.298974,9.86914,10,9.528961,6.931161,7.222471,6.639851,0.6127142,0,1.602709,0,0,0,0,0,0,5.499766,4.351598,6.647945,0.592854,0.702737,0.482971,7.398825,6.222566,8.575085,0.5869665,0,2.109367,7.203369,6.107765,8.298974,9.86914,10,9.528961,-1,-1,-1,-1,-1,-1,-1,-1,-1,-1,-1,-1,-1,-1,-1,-1,-1,-1,-1,-1,-1,-1,-1,-1,-1,-1,-1,-1,-1,-1,-1,-1,-1,-1,-1,-1,-1,-1,-1,-1,-1,-1,-1,-1,-1,-1,-1,-1,-1,-1,0,0,0,0,0,0,-1,-1,-1,-1,-1,-1,-1,-1,-1,-1,-1,-1,0,0,0,0,0,0,-1,-1,-1,-1,-1,-1,-1,-1,-1,-1,-1,-1,-1,-1,False,False,0,0,False,209,0,0,0,0,0,0,0,0,0,0,0,0,0,0,0,1,
0,4522,2026-02-23 13:17:17Z,LLM_Empathetic,6.931157,7.222471,6.639843,0.6127214,0,1.602713,0,0,0,0,0,0,5.499761,4.351596,6.647936,0.592854,0.702737,0.482971,7.398822,6.222567,8.575078,0.5869712,0,2.109371,7.203362,6.107761,8.298964,9.869124,10,9.528942,6.931157,7.222471,6.639843,0.6127214,0,1.602713,0,0,0,0,0,0,5.499761,4.351596,6.647936,0.592854,0.702737,0.482971,7.398822,6.222567,8.575078,0.5869712,0,2.109371,7.203362,6.107761,8.298964,9.869124,10,9.528942,-1,-1,-1,-1,-1,-1,-1,-1,-1,-1,-1,-1,-1,-1,-1,-1,-1,-1,-1,-1,-1,-1,-1,-1,-1,-1,-1,-1,-1,-1,-1,-1,-1,-1,-1,-1,-1,-1,-1,-1,-1,-1,-1,-1,-1,-1,-1,-1,-1,-1,0,0,0,0,0,0,-1,-1,-1,-1,-1,-1,-1,-1,-1,-1,-1,-1,0,0,0,0,0,0,-1,-1,-1,-1,-1,-1,-1,-1,-1,-1,-1,-1,-1,-1,False,False,0,0,False,209,0,0,0,0,0,0,0,0,0,0,0,0,0,0,0,1,
0,4523,2026-02-23 13:17:17Z,LLM_Empathetic,6.931155,7.22247,6.639839,0.612725,0,1.602715,0,0,0,0,0,0,5.499758,4.351595,6.647931,0.592854,0.702737,0.482971,7.398821,6.222568,8.575075,0.5869735,0,2.109374,7.203358,6.107759,8.298958,9.869117,10,9.528933,6.931155,7.22247,6.639839,0.612725,0,1.602715,0,0,0,0,0,0,5.499758,4.351595,6.647931,0.592854,0.702737,0.482971,7.398821,6.222568,8.575075,0.5869735,0,2.109374,7.203358,6.107759,8.298958,9.869117,10,9.528933,-1,-1,-1,-1,-1,-1,-1,-1,-1,-1,-1,-1,-1,-1,-1,-1,-1,-1,-1,-1,-1,-1,-1,-1,-1,-1,-1,-1,-1,-1,-1,-1,-1,-1,-1,-1,-1,-1,-1,-1,-1,-1,-1,-1,-1,-1,-1,-1,-1,-1,0,0,0,0,0,0,-1,-1,-1,-1,-1,-1,-1,-1,-1,-1,-1,-1,0,0,0,0,0,0,-1,-1,-1,-1,-1,-1,-1,-1,-1,-1,-1,-1,-1,-1,False,False,0,0,False,209,0,0,0,0,0,0,0,0,0,0,0,0,0,0,0,1,
0,4524,2026-02-23 13:17:17Z,LLM_Empathetic,6.931153,7.22247,6.639835,0.6127287,0,1.602717,0,0,0,0,0,0,5.499755,4.351594,6.647926,0.592854,0.702737,0.482971,7.39882,6.222569,8.575071,0.5869758,0,2.109376,7.203354,6.107757,8.298952,9.869109,10,9.528923,6.931153,7.22247,6.639835,0.6127287,0,1.602717,0,0,0,0,0,0,5.499755,4.351594,6.647926,0.592854,0.702737,0.482971,7.39882,6.222569,8.575071,0.5869758,0,2.109376,7.203354,6.107757,8.298952,9.869109,10,9.528923,-1,-1,-1,-1,-1,-1,-1,-1,-1,-1,-1,-1,-1,-1,-1,-1,-1,-1,-1,-1,-1,-1,-1,-1,-1,-1,-1,-1,-1,-1,-1,-1,-1,-1,-1,-1,-1,-1,-1,-1,-1,-1,-1,-1,-1,-1,-1,-1,-1,-1,0,0,0,0,0,0,-1,-1,-1,-1,-1,-1,-1,-1,-1,-1,-1,-1,0,0,0,0,0,0,-1,-1,-1,-1,-1,-1,-1,-1,-1,-1,-1,-1,-1,-1,False,False,0,0,False,209,0,0,0,0,0,0,0,0,0,0,0,0,0,0,0,1,
0,4525,2026-02-23 13:17:17Z,LLM_Empathetic,6.931149,7.222469,6.639827,0.6127359,0,1.602721,0,0,0,0,0,0,5.49975,4.351592,6.647917,0.592854,0.702737,0.482971,7.398818,6.22257,8.575066,0.5869805,0,2.109381,7.203346,6.107753,8.298941,9.869094,10,9.528904,6.931149,7.222469,6.639827,0.6127359,0,1.602721,0,0,0,0,0,0,5.49975,4.351592,6.647917,0.592854,0.702737,0.482971,7.398818,6.22257,8.575066,0.5869805,0,2.109381,7.203346,6.107753,8.298941,9.869094,10,9.528904,-1,-1,-1,-1,-1,-1,-1,-1,-1,-1,-1,-1,-1,-1,-1,-1,-1,-1,-1,-1,-1,-1,-1,-1,-1,-1,-1,-1,-1,-1,-1,-1,-1,-1,-1,-1,-1,-1,-1,-1,-1,-1,-1,-1,-1,-1,-1,-1,-1,-1,0,0,0,0,0,0,-1,-1,-1,-1,-1,-1,-1,-1,-1,-1,-1,-1,0,0,0,0,0,0,-1,-1,-1,-1,-1,-1,-1,-1,-1,-1,-1,-1,-1,-1,False,False,0,0,False,209,0,0,0,0,0,0,0,0,0,0,0,0,0,0,0,1,
0,4526,2026-02-23 13:17:17Z,LLM_Empathetic,6.931146,7.222469,6.639823,0.6127396,0,1.602723,0,0,0,0,0,0,5.499747,4.351591,6.647913,0.592854,0.702737,0.482971,7.398816,6.22257,8.575063,0.5869828,0,2.109383,7.203342,6.10775,8.298935,9.869086,10,9.528894,6.931146,7.222469,6.639823,0.6127396,0,1.602723,0,0,0,0,0,0,5.499747,4.351591,6.647913,0.592854,0.702737,0.482971,7.398816,6.22257,8.575063,0.5869828,0,2.109383,7.203342,6.10775,8.298935,9.869086,10,9.528894,-1,-1,-1,-1,-1,-1,-1,-1,-1,-1,-1,-1,-1,-1,-1,-1,-1,-1,-1,-1,-1,-1,-1,-1,-1,-1,-1,-1,-1,-1,-1,-1,-1,-1,-1,-1,-1,-1,-1,-1,-1,-1,-1,-1,-1,-1,-1,-1,-1,-1,0,0,0,0,0,0,-1,-1,-1,-1,-1,-1,-1,-1,-1,-1,-1,-1,0,0,0,0,0,0,-1,-1,-1,-1,-1,-1,-1,-1,-1,-1,-1,-1,-1,-1,False,False,0,0,False,207,0,0,0,0,0,0,0,0,0,0,0,0,0,0,0,1,
0,4527,2026-02-23 13:17:17Z,LLM_Empathetic,6.931144,7.222468,6.63982,0.6127432,0,1.602725,0,0,0,0,0,0,5.499744,4.351591,6.647908,0.592854,0.702737,0.482971,7.398815,6.222571,8.575059,0.5869851,0,2.109385,7.203339,6.107749,8.29893,9.869079,10,9.528885,6.931144,7.222468,6.63982,0.6127432,0,1.602725,0,0,0,0,0,0,5.499744,4.351591,6.647908,0.592854,0.702737,0.482971,7.398815,6.222571,8.575059,0.5869851,0,2.109385,7.203339,6.107749,8.29893,9.869079,10,9.528885,-1,-1,-1,-1,-1,-1,-1,-1,-1,-1,-1,-1,-1,-1,-1,-1,-1,-1,-1,-1,-1,-1,-1,-1,-1,-1,-1,-1,-1,-1,-1,-1,-1,-1,-1,-1,-1,-1,-1,-1,-1,-1,-1,-1,-1,-1,-1,-1,-1,-1,0,0,0,0,0,0,-1,-1,-1,-1,-1,-1,-1,-1,-1,-1,-1,-1,0,0,0,0,0,0,-1,-1,-1,-1,-1,-1,-1,-1,-1,-1,-1,-1,-1,-1,False,False,0,0,False,207,0,0,0,0,0,0,0,0,0,0,0,0,0,0,0,1,
0,4528,2026-02-23 13:17:17Z,LLM_Empathetic,6.93114,7.222467,6.639812,0.6127505,0,1.602729,0,0,0,0,0,0,5.499739,4.351589,6.647899,0.592854,0.702737,0.482971,7.398812,6.222572,8.575053,0.5869898,0,2.10939,7.203331,6.107744,8.298919,9.869063,10,9.528866,6.93114,7.222467,6.639812,0.6127505,0,1.602729,0,0,0,0,0,0,5.499739,4.351589,6.647899,0.592854,0.702737,0.482971,7.398812,6.222572,8.575053,0.5869898,0,2.10939,7.203331,6.107744,8.298919,9.869063,10,9.528866,-1,-1,-1,-1,-1,-1,-1,-1,-1,-1,-1,-1,-1,-1,-1,-1,-1,-1,-1,-1,-1,-1,-1,-1,-1,-1,-1,-1,-1,-1,-1,-1,-1,-1,-1,-1,-1,-1,-1,-1,-1,-1,-1,-1,-1,-1,-1,-1,-1,-1,0,0,0,0,0,0,-1,-1,-1,-1,-1,-1,-1,-1,-1,-1,-1,-1,0,0,0,0,0,0,-1,-1,-1,-1,-1,-1,-1,-1,-1,-1,-1,-1,-1,-1,False,False,0,0,False,207,0,0,0,0,0,0,0,0,0,0,0,0,0,0,0,1,
0,4529,2026-02-23 13:17:17Z,LLM_Empathetic,6.931138,7.222467,6.639808,0.6127541,0,1.602731,0,0,0,0,0,0,5.499736,4.351588,6.647894,0.592854,0.702737,0.482971,7.398811,6.222573,8.575049,0.5869921,0,2.109392,7.203327,6.107742,8.298913,9.869056,10,9.528855,6.931138,7.222467,6.639808,0.6127541,0,1.602731,0,0,0,0,0,0,5.499736,4.351588,6.647894,0.592854,0.702737,0.482971,7.398811,6.222573,8.575049,0.5869921,0,2.109392,7.203327,6.107742,8.298913,9.869056,10,9.528855,-1,-1,-1,-1,-1,-1,-1,-1,-1,-1,-1,-1,-1,-1,-1,-1,-1,-1,-1,-1,-1,-1,-1,-1,-1,-1,-1,-1,-1,-1,-1,-1,-1,-1,-1,-1,-1,-1,-1,-1,-1,-1,-1,-1,-1,-1,-1,-1,-1,-1,0,0,0,0,0,0,-1,-1,-1,-1,-1,-1,-1,-1,-1,-1,-1,-1,0,0,0,0,0,0,-1,-1,-1,-1,-1,-1,-1,-1,-1,-1,-1,-1,-1,-1,False,False,0,0,False,209,0,0,0,0,0,0,0,0,0,0,0,0,0,0,0,1,
0,4530,2026-02-23 13:17:17Z,LLM_Empathetic,6.931136,7.222467,6.639804,0.6127577,0,1.602733,0,0,0,0,0,0,5.499733,4.351587,6.64789,0.592854,0.702737,0.482971,7.39881,6.222574,8.575047,0.5869944,0,2.109395,7.203323,6.10774,8.298907,9.869048,10,9.528846,6.931136,7.222467,6.639804,0.6127577,0,1.602733,0,0,0,0,0,0,5.499733,4.351587,6.64789,0.592854,0.702737,0.482971,7.39881,6.222574,8.575047,0.5869944,0,2.109395,7.203323,6.10774,8.298907,9.869048,10,9.528846,-1,-1,-1,-1,-1,-1,-1,-1,-1,-1,-1,-1,-1,-1,-1,-1,-1,-1,-1,-1,-1,-1,-1,-1,-1,-1,-1,-1,-1,-1,-1,-1,-1,-1,-1,-1,-1,-1,-1,-1,-1,-1,-1,-1,-1,-1,-1,-1,-1,-1,0,0,0,0,0,0,-1,-1,-1,-1,-1,-1,-1,-1,-1,-1,-1,-1,0,0,0,0,0,0,-1,-1,-1,-1,-1,-1,-1,-1,-1,-1,-1,-1,-1,-1,False,False,0,0,False,209,0,0,0,0,0,0,0,0,0,0,0,0,0,0,0,1,
0,4531,2026-02-23 13:17:17Z,LLM_Empathetic,6.931133,7.222466,6.6398,0.6127614,0,1.602735,0,0,0,0,0,0,5.499731,4.351586,6.647885,0.592854,0.702737,0.482971,7.398808,6.222574,8.575044,0.5869967,0,2.109397,7.20332,6.107738,8.298902,9.86904,10,9.528836,6.931133,7.222466,6.6398,0.6127614,0,1.602735,0,0,0,0,0,0,5.499731,4.351586,6.647885,0.592854,0.702737,0.482971,7.398808,6.222574,8.575044,0.5869967,0,2.109397,7.20332,6.107738,8.298902,9.86904,10,9.528836,-1,-1,-1,-1,-1,-1,-1,-1,-1,-1,-1,-1,-1,-1,-1,-1,-1,-1,-1,-1,-1,-1,-1,-1,-1,-1,-1,-1,-1,-1,-1,-1,-1,-1,-1,-1,-1,-1,-1,-1,-1,-1,-1,-1,-1,-1,-1,-1,-1,-1,0,0,0,0,0,0,-1,-1,-1,-1,-1,-1,-1,-1,-1,-1,-1,-1,0,0,0,0,0,0,-1,-1,-1,-1,-1,-1,-1,-1,-1,-1,-1,-1,-1,-1,False,False,0,0,False,209,0,0,0,0,0,0,0,0,0,0,0,0,0,0,0,1,
0,4532,2026-02-23 13:17:17Z,LLM_Empathetic,6.931129,7.222466,6.639792,0.6127687,0,1.602739,0,0,0,0,0,0,5.499725,4.351584,6.647876,0.592854,0.702737,0.482971,7.398806,6.222576,8.575037,0.5870014,0,2.109402,7.203312,6.107734,8.298891,9.869025,10,9.528817,6.931129,7.222466,6.639792,0.6127687,0,1.602739,0,0,0,0,0,0,5.499725,4.351584,6.647876,0.592854,0.702737,0.482971,7.398806,6.222576,8.575037,0.5870014,0,2.109402,7.203312,6.107734,8.298891,9.869025,10,9.528817,-1,-1,-1,-1,-1,-1,-1,-1,-1,-1,-1,-1,-1,-1,-1,-1,-1,-1,-1,-1,-1,-1,-1,-1,-1,-1,-1,-1,-1,-1,-1,-1,-1,-1,-1,-1,-1,-1,-1,-1,-1,-1,-1,-1,-1,-1,-1,-1,-1,-1,0,0,0,0,0,0,-1,-1,-1,-1,-1,-1,-1,-1,-1,-1,-1,-1,0,0,0,0,0,0,-1,-1,-1,-1,-1,-1,-1,-1,-1,-1,-1,-1,-1,-1,False,False,0,0,False,207,0,0,0,0,0,0,0,0,0,0,0,0,0,0,0,1,
0,4533,2026-02-23 13:17:17Z,LLM_Empathetic,6.931127,7.222465,6.639789,0.6127723,0,1.602741,0,0,0,0,0,0,5.499722,4.351583,6.647871,0.592854,0.702737,0.482971,7.398805,6.222576,8.575034,0.5870038,0,2.109404,7.203308,6.107732,8.298885,9.869018,10,9.528808,6.931127,7.222465,6.639789,0.6127723,0,1.602741,0,0,0,0,0,0,5.499722,4.351583,6.647871,0.592854,0.702737,0.482971,7.398805,6.222576,8.575034,0.5870038,0,2.109404,7.203308,6.107732,8.298885,9.869018,10,9.528808,-1,-1,-1,-1,-1,-1,-1,-1,-1,-1,-1,-1,-1,-1,-1,-1,-1,-1,-1,-1,-1,-1,-1,-1,-1,-1,-1,-1,-1,-1,-1,-1,-1,-1,-1,-1,-1,-1,-1,-1,-1,-1,-1,-1,-1,-1,-1,-1,-1,-1,0,0,0,0,0,0,-1,-1,-1,-1,-1,-1,-1,-1,-1,-1,-1,-1,0,0,0,0,0,0,-1,-1,-1,-1,-1,-1,-1,-1,-1,-1,-1,-1,-1,-1,False,False,0,0,False,209,0,0,0,0,0,0,0,0,0,0,0,0,0,0,0,1,
0,4534,2026-02-23 13:17:17Z,LLM_Empathetic,6.931123,7.222465,6.639781,0.6127796,0,1.602745,0,0,0,0,0,0,5.499717,4.351581,6.647862,0.592854,0.702737,0.482971,7.398802,6.222578,8.575027,0.5870084,0,2.109409,7.2033,6.107728,8.298874,9.869001,10,9.528789,6.931123,7.222465,6.639781,0.6127796,0,1.602745,0,0,0,0,0,0,5.499717,4.351581,6.647862,0.592854,0.702737,0.482971,7.398802,6.222578,8.575027,0.5870084,0,2.109409,7.2033,6.107728,8.298874,9.869001,10,9.528789,-1,-1,-1,-1,-1,-1,-1,-1,-1,-1,-1,-1,-1,-1,-1,-1,-1,-1,-1,-1,-1,-1,-1,-1,-1,-1,-1,-1,-1,-1,-1,-1,-1,-1,-1,-1,-1,-1,-1,-1,-1,-1,-1,-1,-1,-1,-1,-1,-1,-1,0,0,0,0,0,0,-1,-1,-1,-1,-1,-1,-1,-1,-1,-1,-1,-1,0,0,0,0,0,0,-1,-1,-1,-1,-1,-1,-1,-1,-1,-1,-1,-1,-1,-1,False,False,0,0,False,207,0,0,0,0,0,0,0,0,0,0,0,0,0,0,0,1,
0,4535,2026-02-23 13:17:17Z,LLM_Empathetic,6.93112,7.222464,6.639777,0.6127833,0,1.602747,0,0,0,0,0,0,5.499714,4.351581,6.647858,0.592854,0.702737,0.482971,7.398801,6.222578,8.575025,0.5870107,0,2.109411,7.203297,6.107726,8.298868,9.868994,10,9.528779,6.93112,7.222464,6.639777,0.6127833,0,1.602747,0,0,0,0,0,0,5.499714,4.351581,6.647858,0.592854,0.702737,0.482971,7.398801,6.222578,8.575025,0.5870107,0,2.109411,7.203297,6.107726,8.298868,9.868994,10,9.528779,-1,-1,-1,-1,-1,-1,-1,-1,-1,-1,-1,-1,-1,-1,-1,-1,-1,-1,-1,-1,-1,-1,-1,-1,-1,-1,-1,-1,-1,-1,-1,-1,-1,-1,-1,-1,-1,-1,-1,-1,-1,-1,-1,-1,-1,-1,-1,-1,-1,-1,0,0,0,0,0,0,-1,-1,-1,-1,-1,-1,-1,-1,-1,-1,-1,-1,0,0,0,0,0,0,-1,-1,-1,-1,-1,-1,-1,-1,-1,-1,-1,-1,-1,-1,False,False,0,0,False,207,0,0,0,0,0,0,0,0,0,0,0,0,0,0,0,1,
0,4536,2026-02-23 13:17:17Z,LLM_Empathetic,6.931116,7.222463,6.639769,0.6127906,0,1.602751,0,0,0,0,0,0,5.499708,4.351579,6.647848,0.592854,0.702737,0.482971,7.398798,6.222579,8.575018,0.5870155,0,2.109416,7.203289,6.107722,8.298857,9.868979,10,9.52876,6.931116,7.222463,6.639769,0.6127906,0,1.602751,0,0,0,0,0,0,5.499708,4.351579,6.647848,0.592854,0.702737,0.482971,7.398798,6.222579,8.575018,0.5870155,0,2.109416,7.203289,6.107722,8.298857,9.868979,10,9.52876,-1,-1,-1,-1,-1,-1,-1,-1,-1,-1,-1,-1,-1,-1,-1,-1,-1,-1,-1,-1,-1,-1,-1,-1,-1,-1,-1,-1,-1,-1,-1,-1,-1,-1,-1,-1,-1,-1,-1,-1,-1,-1,-1,-1,-1,-1,-1,-1,-1,-1,0,0,0,0,0,0,-1,-1,-1,-1,-1,-1,-1,-1,-1,-1,-1,-1,0,0,0,0,0,0,-1,-1,-1,-1,-1,-1,-1,-1,-1,-1,-1,-1,-1,-1,False,False,0,0,False,207,0,0,0,0,0,0,0,0,0,0,0,0,0,0,0,1,
0,4537,2026-02-23 13:17:17Z,LLM_Empathetic,6.931114,7.222463,6.639765,0.6127943,0,1.602753,0,0,0,0,0,0,5.499705,4.351578,6.647844,0.592854,0.702737,0.482971,7.398798,6.22258,8.575015,0.5870178,0,2.109418,7.203285,6.107719,8.298851,9.868971,10,9.52875,6.931114,7.222463,6.639765,0.6127943,0,1.602753,0,0,0,0,0,0,5.499705,4.351578,6.647844,0.592854,0.702737,0.482971,7.398798,6.22258,8.575015,0.5870178,0,2.109418,7.203285,6.107719,8.298851,9.868971,10,9.52875,-1,-1,-1,-1,-1,-1,-1,-1,-1,-1,-1,-1,-1,-1,-1,-1,-1,-1,-1,-1,-1,-1,-1,-1,-1,-1,-1,-1,-1,-1,-1,-1,-1,-1,-1,-1,-1,-1,-1,-1,-1,-1,-1,-1,-1,-1,-1,-1,-1,-1,0,0,0,0,0,0,-1,-1,-1,-1,-1,-1,-1,-1,-1,-1,-1,-1,0,0,0,0,0,0,-1,-1,-1,-1,-1,-1,-1,-1,-1,-1,-1,-1,-1,-1,False,False,0,0,False,209,0,0,0,0,0,0,0,0,0,0,0,0,0,0,0,1,
0,4538,2026-02-23 13:17:17Z,LLM_Empathetic,6.931112,7.222463,6.639761,0.6127979,0,1.602755,0,0,0,0,0,0,5.499703,4.351577,6.647839,0.592854,0.702737,0.482971,7.398796,6.222581,8.575011,0.5870202,0,2.109421,7.203281,6.107718,8.298846,9.868963,10,9.52874,6.931112,7.222463,6.639761,0.6127979,0,1.602755,0,0,0,0,0,0,5.499703,4.351577,6.647839,0.592854,0.702737,0.482971,7.398796,6.222581,8.575011,0.5870202,0,2.109421,7.203281,6.107718,8.298846,9.868963,10,9.52874,-1,-1,-1,-1,-1,-1,-1,-1,-1,-1,-1,-1,-1,-1,-1,-1,-1,-1,-1,-1,-1,-1,-1,-1,-1,-1,-1,-1,-1,-1,-1,-1,-1,-1,-1,-1,-1,-1,-1,-1,-1,-1,-1,-1,-1,-1,-1,-1,-1,-1,0,0,0,0,0,0,-1,-1,-1,-1,-1,-1,-1,-1,-1,-1,-1,-1,0,0,0,0,0,0,-1,-1,-1,-1,-1,-1,-1,-1,-1,-1,-1,-1,-1,-1,False,False,0,0,False,209,0,0,0,0,0,0,0,0,0,0,0,0,0,0,0,1,
0,4539,2026-02-23 13:17:17Z,LLM_Empathetic,6.931108,7.222462,6.639753,0.6128052,0,1.602759,0,0,0,0,0,0,5.499697,4.351575,6.64783,0.592854,0.702737,0.482971,7.398794,6.222582,8.575006,0.5870248,0,2.109425,7.203273,6.107713,8.298835,9.868948,10,9.528721,6.931108,7.222462,6.639753,0.6128052,0,1.602759,0,0,0,0,0,0,5.499697,4.351575,6.64783,0.592854,0.702737,0.482971,7.398794,6.222582,8.575006,0.5870248,0,2.109425,7.203273,6.107713,8.298835,9.868948,10,9.528721,-1,-1,-1,-1,-1,-1,-1,-1,-1,-1,-1,-1,-1,-1,-1,-1,-1,-1,-1,-1,-1,-1,-1,-1,-1,-1,-1,-1,-1,-1,-1,-1,-1,-1,-1,-1,-1,-1,-1,-1,-1,-1,-1,-1,-1,-1,-1,-1,-1,-1,0,0,0,0,0,0,-1,-1,-1,-1,-1,-1,-1,-1,-1,-1,-1,-1,0,0,0,0,0,0,-1,-1,-1,-1,-1,-1,-1,-1,-1,-1,-1,-1,-1,-1,False,False,0,0,False,209,0,0,0,0,0,0,0,0,0,0,0,0,0,0,0,1,
0,4540,2026-02-23 13:17:17Z,LLM_Empathetic,6.931106,7.222461,6.63975,0.6128089,0,1.602761,0,0,0,0,0,0,5.499694,4.351574,6.647825,0.592854,0.702737,0.482971,7.398792,6.222583,8.575002,0.5870272,0,2.109427,7.203269,6.107711,8.298829,9.86894,10,9.528711,6.931106,7.222461,6.63975,0.6128089,0,1.602761,0,0,0,0,0,0,5.499694,4.351574,6.647825,0.592854,0.702737,0.482971,7.398792,6.222583,8.575002,0.5870272,0,2.109427,7.203269,6.107711,8.298829,9.86894,10,9.528711,-1,-1,-1,-1,-1,-1,-1,-1,-1,-1,-1,-1,-1,-1,-1,-1,-1,-1,-1,-1,-1,-1,-1,-1,-1,-1,-1,-1,-1,-1,-1,-1,-1,-1,-1,-1,-1,-1,-1,-1,-1,-1,-1,-1,-1,-1,-1,-1,-1,-1,0,0,0,0,0,0,-1,-1,-1,-1,-1,-1,-1,-1,-1,-1,-1,-1,0,0,0,0,0,0,-1,-1,-1,-1,-1,-1,-1,-1,-1,-1,-1,-1,-1,-1,False,False,0,0,False,207,0,0,0,0,0,0,0,0,0,0,0,0,0,0,0,1,
0,4541,2026-02-23 13:17:18Z,LLM_Empathetic,6.931101,7.222461,6.639741,0.6128163,0,1.602765,0,0,0,0,0,0,5.499689,4.351572,6.647816,0.592854,0.702737,0.482971,7.39879,6.222584,8.574996,0.5870319,0,2.109432,7.203262,6.107707,8.298818,9.868925,10,9.528692,6.931101,7.222461,6.639741,0.6128163,0,1.602765,0,0,0,0,0,0,5.499689,4.351572,6.647816,0.592854,0.702737,0.482971,7.39879,6.222584,8.574996,0.5870319,0,2.109432,7.203262,6.107707,8.298818,9.868925,10,9.528692,-1,-1,-1,-1,-1,-1,-1,-1,-1,-1,-1,-1,-1,-1,-1,-1,-1,-1,-1,-1,-1,-1,-1,-1,-1,-1,-1,-1,-1,-1,-1,-1,-1,-1,-1,-1,-1,-1,-1,-1,-1,-1,-1,-1,-1,-1,-1,-1,-1,-1,0,0,0,0,0,0,-1,-1,-1,-1,-1,-1,-1,-1,-1,-1,-1,-1,0,0,0,0,0,0,-1,-1,-1,-1,-1,-1,-1,-1,-1,-1,-1,-1,-1,-1,False,False,0,0,False,209,0,0,0,0,0,0,0,0,0,0,0,0,0,0,0,1,
0,4542,2026-02-23 13:17:18Z,LLM_Empathetic,6.931099,7.22246,6.639738,0.6128199,0,1.602767,0,0,0,0,0,0,5.499686,4.351571,6.647811,0.592854,0.702737,0.482971,7.398788,6.222585,8.574992,0.5870342,0,2.109435,7.203258,6.107705,8.298812,9.868917,10,9.528683,6.931099,7.22246,6.639738,0.6128199,0,1.602767,0,0,0,0,0,0,5.499686,4.351571,6.647811,0.592854,0.702737,0.482971,7.398788,6.222585,8.574992,0.5870342,0,2.109435,7.203258,6.107705,8.298812,9.868917,10,9.528683,-1,-1,-1,-1,-1,-1,-1,-1,-1,-1,-1,-1,-1,-1,-1,-1,-1,-1,-1,-1,-1,-1,-1,-1,-1,-1,-1,-1,-1,-1,-1,-1,-1,-1,-1,-1,-1,-1,-1,-1,-1,-1,-1,-1,-1,-1,-1,-1,-1,-1,0,0,0,0,0,0,-1,-1,-1,-1,-1,-1,-1,-1,-1,-1,-1,-1,0,0,0,0,0,0,-1,-1,-1,-1,-1,-1,-1,-1,-1,-1,-1,-1,-1,-1,False,False,0,0,False,207,0,0,0,0,0,0,0,0,0,0,0,0,0,0,0,1,
0,4543,2026-02-23 13:17:18Z,LLM_Empathetic,6.931097,7.22246,6.639734,0.6128236,0,1.602769,0,0,0,0,0,0,5.499683,4.35157,6.647807,0.592854,0.702737,0.482971,7.398787,6.222585,8.574989,0.5870366,0,2.109437,7.203254,6.107703,8.298806,9.86891,10,9.528673,6.931097,7.22246,6.639734,0.6128236,0,1.602769,0,0,0,0,0,0,5.499683,4.35157,6.647807,0.592854,0.702737,0.482971,7.398787,6.222585,8.574989,0.5870366,0,2.109437,7.203254,6.107703,8.298806,9.86891,10,9.528673,-1,-1,-1,-1,-1,-1,-1,-1,-1,-1,-1,-1,-1,-1,-1,-1,-1,-1,-1,-1,-1,-1,-1,-1,-1,-1,-1,-1,-1,-1,-1,-1,-1,-1,-1,-1,-1,-1,-1,-1,-1,-1,-1,-1,-1,-1,-1,-1,-1,-1,0,0,0,0,0,0,-1,-1,-1,-1,-1,-1,-1,-1,-1,-1,-1,-1,0,0,0,0,0,0,-1,-1,-1,-1,-1,-1,-1,-1,-1,-1,-1,-1,-1,-1,False,False,0,0,False,209,0,0,0,0,0,0,0,0,0,0,0,0,0,0,0,1,
0,4544,2026-02-23 13:17:18Z,LLM_Empathetic,6.931095,7.222459,6.639729,0.6128273,0,1.602771,0,0,0,0,0,0,5.499681,4.351569,6.647802,0.592854,0.702737,0.482971,7.398786,6.222586,8.574986,0.5870389,0,2.109439,7.20325,6.107701,8.2988,9.868902,10,9.528663,6.931095,7.222459,6.639729,0.6128273,0,1.602771,0,0,0,0,0,0,5.499681,4.351569,6.647802,0.592854,0.702737,0.482971,7.398786,6.222586,8.574986,0.5870389,0,2.109439,7.20325,6.107701,8.2988,9.868902,10,9.528663,-1,-1,-1,-1,-1,-1,-1,-1,-1,-1,-1,-1,-1,-1,-1,-1,-1,-1,-1,-1,-1,-1,-1,-1,-1,-1,-1,-1,-1,-1,-1,-1,-1,-1,-1,-1,-1,-1,-1,-1,-1,-1,-1,-1,-1,-1,-1,-1,-1,-1,0,0,0,0,0,0,-1,-1,-1,-1,-1,-1,-1,-1,-1,-1,-1,-1,0,0,0,0,0,0,-1,-1,-1,-1,-1,-1,-1,-1,-1,-1,-1,-1,-1,-1,False,False,0,0,False,209,0,0,0,0,0,0,0,0,0,0,0,0,0,0,0,1,
0,4545,2026-02-23 13:17:18Z,LLM_Empathetic,6.93109,7.222459,6.639722,0.6128346,0,1.602775,0,0,0,0,0,0,5.499675,4.351568,6.647793,0.592854,0.702737,0.482971,7.398783,6.222587,8.57498,0.5870436,0,2.109444,7.203243,6.107697,8.29879,9.868886,10,9.528644,6.93109,7.222459,6.639722,0.6128346,0,1.602775,0,0,0,0,0,0,5.499675,4.351568,6.647793,0.592854,0.702737,0.482971,7.398783,6.222587,8.57498,0.5870436,0,2.109444,7.203243,6.107697,8.29879,9.868886,10,9.528644,-1,-1,-1,-1,-1,-1,-1,-1,-1,-1,-1,-1,-1,-1,-1,-1,-1,-1,-1,-1,-1,-1,-1,-1,-1,-1,-1,-1,-1,-1,-1,-1,-1,-1,-1,-1,-1,-1,-1,-1,-1,-1,-1,-1,-1,-1,-1,-1,-1,-1,0,0,0,0,0,0,-1,-1,-1,-1,-1,-1,-1,-1,-1,-1,-1,-1,0,0,0,0,0,0,-1,-1,-1,-1,-1,-1,-1,-1,-1,-1,-1,-1,-1,-1,False,False,0,0,False,207,0,0,0,0,0,0,0,0,0,0,0,0,0,0,0,1,
0,4546,2026-02-23 13:17:18Z,LLM_Empathetic,6.931088,7.222458,6.639718,0.6128383,0,1.602777,0,0,0,0,0,0,5.499672,4.351567,6.647788,0.592854,0.702737,0.482971,7.398782,6.222588,8.574977,0.587046,0,2.109446,7.203239,6.107695,8.298784,9.868878,10,9.528634,6.931088,7.222458,6.639718,0.6128383,0,1.602777,0,0,0,0,0,0,5.499672,4.351567,6.647788,0.592854,0.702737,0.482971,7.398782,6.222588,8.574977,0.587046,0,2.109446,7.203239,6.107695,8.298784,9.868878,10,9.528634,-1,-1,-1,-1,-1,-1,-1,-1,-1,-1,-1,-1,-1,-1,-1,-1,-1,-1,-1,-1,-1,-1,-1,-1,-1,-1,-1,-1,-1,-1,-1,-1,-1,-1,-1,-1,-1,-1,-1,-1,-1,-1,-1,-1,-1,-1,-1,-1,-1,-1,0,0,0,0,0,0,-1,-1,-1,-1,-1,-1,-1,-1,-1,-1,-1,-1,0,0,0,0,0,0,-1,-1,-1,-1,-1,-1,-1,-1,-1,-1,-1,-1,-1,-1,False,False,0,0,False,209,0,0,0,0,0,0,0,0,0,0,0,0,0,0,0,1,
0,4547,2026-02-23 13:17:18Z,LLM_Empathetic,6.931086,7.222458,6.639714,0.612842,0,1.602779,0,0,0,0,0,0,5.49967,4.351566,6.647783,0.592854,0.702737,0.482971,7.398781,6.222589,8.574973,0.5870484,0,2.109449,7.203235,6.107692,8.298779,9.868871,10,9.528625,6.931086,7.222458,6.639714,0.612842,0,1.602779,0,0,0,0,0,0,5.49967,4.351566,6.647783,0.592854,0.702737,0.482971,7.398781,6.222589,8.574973,0.5870484,0,2.109449,7.203235,6.107692,8.298779,9.868871,10,9.528625,-1,-1,-1,-1,-1,-1,-1,-1,-1,-1,-1,-1,-1,-1,-1,-1,-1,-1,-1,-1,-1,-1,-1,-1,-1,-1,-1,-1,-1,-1,-1,-1,-1,-1,-1,-1,-1,-1,-1,-1,-1,-1,-1,-1,-1,-1,-1,-1,-1,-1,0,0,0,0,0,0,-1,-1,-1,-1,-1,-1,-1,-1,-1,-1,-1,-1,0,0,0,0,0,0,-1,-1,-1,-1,-1,-1,-1,-1,-1,-1,-1,-1,-1,-1,False,False,0,0,False,209,0,0,0,0,0,0,0,0,0,0,0,0,0,0,0,1,
0,4548,2026-02-23 13:17:18Z,LLM_Empathetic,6.931084,7.222457,6.63971,0.6128457,0,1.602781,0,0,0,0,0,0,5.499667,4.351565,6.647779,0.592854,0.702737,0.482971,7.398779,6.222589,8.57497,0.5870507,0,2.109451,7.203231,6.10769,8.298773,9.868863,10,9.528615,6.931084,7.222457,6.63971,0.6128457,0,1.602781,0,0,0,0,0,0,5.499667,4.351565,6.647779,0.592854,0.702737,0.482971,7.398779,6.222589,8.57497,0.5870507,0,2.109451,7.203231,6.10769,8.298773,9.868863,10,9.528615,-1,-1,-1,-1,-1,-1,-1,-1,-1,-1,-1,-1,-1,-1,-1,-1,-1,-1,-1,-1,-1,-1,-1,-1,-1,-1,-1,-1,-1,-1,-1,-1,-1,-1,-1,-1,-1,-1,-1,-1,-1,-1,-1,-1,-1,-1,-1,-1,-1,-1,0,0,0,0,0,0,-1,-1,-1,-1,-1,-1,-1,-1,-1,-1,-1,-1,0,0,0,0,0,0,-1,-1,-1,-1,-1,-1,-1,-1,-1,-1,-1,-1,-1,-1,False,False,0,0,False,207,0,0,0,0,0,0,0,0,0,0,0,0,0,0,0,1,
0,4549,2026-02-23 13:17:18Z,LLM_Empathetic,6.931079,7.222456,6.639702,0.6128531,0,1.602785,0,0,0,0,0,0,5.499661,4.351563,6.647769,0.592854,0.702737,0.482971,7.398777,6.22259,8.574964,0.5870554,0,2.109456,7.203223,6.107686,8.298761,9.868848,10,9.528595,6.931079,7.222456,6.639702,0.6128531,0,1.602785,0,0,0,0,0,0,5.499661,4.351563,6.647769,0.592854,0.702737,0.482971,7.398777,6.22259,8.574964,0.5870554,0,2.109456,7.203223,6.107686,8.298761,9.868848,10,9.528595,-1,-1,-1,-1,-1,-1,-1,-1,-1,-1,-1,-1,-1,-1,-1,-1,-1,-1,-1,-1,-1,-1,-1,-1,-1,-1,-1,-1,-1,-1,-1,-1,-1,-1,-1,-1,-1,-1,-1,-1,-1,-1,-1,-1,-1,-1,-1,-1,-1,-1,0,0,0,0,0,0,-1,-1,-1,-1,-1,-1,-1,-1,-1,-1,-1,-1,0,0,0,0,0,0,-1,-1,-1,-1,-1,-1,-1,-1,-1,-1,-1,-1,-1,-1,False,False,0,0,False,207,0,0,0,0,0,0,0,0,0,0,0,0,0,0,0,1,
0,4550,2026-02-23 13:17:18Z,LLM_Empathetic,6.931082,7.222457,6.639706,0.6128494,0,1.602783,0,0,0,0,0,0,5.499664,4.351564,6.647774,0.592854,0.702737,0.482971,7.398778,6.22259,8.574967,0.5870531,0,2.109453,7.203227,6.107688,8.298767,9.868855,10,9.528605,6.931082,7.222457,6.639706,0.6128494,0,1.602783,0,0,0,0,0,0,5.499664,4.351564,6.647774,0.592854,0.702737,0.482971,7.398778,6.22259,8.574967,0.5870531,0,2.109453,7.203227,6.107688,8.298767,9.868855,10,9.528605,-1,-1,-1,-1,-1,-1,-1,-1,-1,-1,-1,-1,-1,-1,-1,-1,-1,-1,-1,-1,-1,-1,-1,-1,-1,-1,-1,-1,-1,-1,-1,-1,-1,-1,-1,-1,-1,-1,-1,-1,-1,-1,-1,-1,-1,-1,-1,-1,-1,-1,0,0,0,0,0,0,-1,-1,-1,-1,-1,-1,-1,-1,-1,-1,-1,-1,0,0,0,0,0,0,-1,-1,-1,-1,-1,-1,-1,-1,-1,-1,-1,-1,-1,-1,False,False,0,0,False,207,0,0,0,0,0,0,0,0,0,0,0,0,0,0,0,1,
0,4551,2026-02-23 13:17:18Z,LLM_Empathetic,6.931084,7.222457,6.63971,0.6128457,0,1.602781,0,0,0,0,0,0,5.499667,4.351565,6.647779,0.592854,0.702737,0.482971,7.398779,6.222589,8.57497,0.5870507,0,2.109451,7.203231,6.10769,8.298773,9.868863,10,9.528615,6.931084,7.222457,6.63971,0.6128457,0,1.602781,0,0,0,0,0,0,5.499667,4.351565,6.647779,0.592854,0.702737,0.482971,7.398779,6.222589,8.57497,0.5870507,0,2.109451,7.203231,6.10769,8.298773,9.868863,10,9.528615,-1,-1,-1,-1,-1,-1,-1,-1,-1,-1,-1,-1,-1,-1,-1,-1,-1,-1,-1,-1,-1,-1,-1,-1,-1,-1,-1,-1,-1,-1,-1,-1,-1,-1,-1,-1,-1,-1,-1,-1,-1,-1,-1,-1,-1,-1,-1,-1,-1,-1,0,0,0,0,0,0,-1,-1,-1,-1,-1,-1,-1,-1,-1,-1,-1,-1,0,0,0,0,0,0,-1,-1,-1,-1,-1,-1,-1,-1,-1,-1,-1,-1,-1,-1,False,False,0,0,False,207,0,0,0,0,0,0,0,0,0,0,0,0,0,0,0,1,
0,4552,2026-02-23 13:17:18Z,LLM_Empathetic,6.931086,7.222458,6.639714,0.612842,0,1.602779,0,0,0,0,0,0,5.49967,4.351566,6.647783,0.592854,0.702737,0.482971,7.398781,6.222589,8.574973,0.5870484,0,2.109449,7.203235,6.107692,8.298779,9.868871,10,9.528625,6.931086,7.222458,6.639714,0.612842,0,1.602779,0,0,0,0,0,0,5.49967,4.351566,6.647783,0.592854,0.702737,0.482971,7.398781,6.222589,8.574973,0.5870484,0,2.109449,7.203235,6.107692,8.298779,9.868871,10,9.528625,-1,-1,-1,-1,-1,-1,-1,-1,-1,-1,-1,-1,-1,-1,-1,-1,-1,-1,-1,-1,-1,-1,-1,-1,-1,-1,-1,-1,-1,-1,-1,-1,-1,-1,-1,-1,-1,-1,-1,-1,-1,-1,-1,-1,-1,-1,-1,-1,-1,-1,0,0,0,0,0,0,-1,-1,-1,-1,-1,-1,-1,-1,-1,-1,-1,-1,0,0,0,0,0,0,-1,-1,-1,-1,-1,-1,-1,-1,-1,-1,-1,-1,-1,-1,False,False,0,0,False,209,0,0,0,0,0,0,0,0,0,0,0,0,0,0,0,1,
0,4553,2026-02-23 13:17:18Z,LLM_Empathetic,6.931086,7.222458,6.639714,0.612842,0,1.602779,0,0,0,0,0,0,5.49967,4.351566,6.647783,0.592854,0.702737,0.482971,7.398781,6.222589,8.574973,0.5870484,0,2.109449,7.203235,6.107692,8.298779,9.868871,10,9.528625,6.931086,7.222458,6.639714,0.612842,0,1.602779,0,0,0,0,0,0,5.49967,4.351566,6.647783,0.592854,0.702737,0.482971,7.398781,6.222589,8.574973,0.5870484,0,2.109449,7.203235,6.107692,8.298779,9.868871,10,9.528625,-1,-1,-1,-1,-1,-1,-1,-1,-1,-1,-1,-1,-1,-1,-1,-1,-1,-1,-1,-1,-1,-1,-1,-1,-1,-1,-1,-1,-1,-1,-1,-1,-1,-1,-1,-1,-1,-1,-1,-1,-1,-1,-1,-1,-1,-1,-1,-1,-1,-1,0,0,0,0,0,0,-1,-1,-1,-1,-1,-1,-1,-1,-1,-1,-1,-1,0,0,0,0,0,0,-1,-1,-1,-1,-1,-1,-1,-1,-1,-1,-1,-1,-1,-1,False,False,0,0,False,209,0,0,0,0,0,0,0,0,0,0,0,0,0,0,0,1,
0,4554,2026-02-23 13:17:18Z,LLM_Empathetic,6.931084,7.222457,6.63971,0.6128457,0,1.602781,0,0,0,0,0,0,5.499667,4.351565,6.647779,0.592854,0.702737,0.482971,7.398779,6.222589,8.57497,0.5870507,0,2.109451,7.203231,6.10769,8.298773,9.868863,10,9.528615,6.931084,7.222457,6.63971,0.6128457,0,1.602781,0,0,0,0,0,0,5.499667,4.351565,6.647779,0.592854,0.702737,0.482971,7.398779,6.222589,8.57497,0.5870507,0,2.109451,7.203231,6.10769,8.298773,9.868863,10,9.528615,-1,-1,-1,-1,-1,-1,-1,-1,-1,-1,-1,-1,-1,-1,-1,-1,-1,-1,-1,-1,-1,-1,-1,-1,-1,-1,-1,-1,-1,-1,-1,-1,-1,-1,-1,-1,-1,-1,-1,-1,-1,-1,-1,-1,-1,-1,-1,-1,-1,-1,0,0,0,0,0,0,-1,-1,-1,-1,-1,-1,-1,-1,-1,-1,-1,-1,0,0,0,0,0,0,-1,-1,-1,-1,-1,-1,-1,-1,-1,-1,-1,-1,-1,-1,False,False,0,0,False,209,0,0,0,0,0,0,0,0,0,0,0,0,0,0,0,1,
0,4555,2026-02-23 13:17:18Z,LLM_Empathetic,6.931079,7.222456,6.639702,0.6128531,0,1.602785,0,0,0,0,0,0,5.499661,4.351563,6.647769,0.592854,0.702737,0.482971,7.398777,6.22259,8.574964,0.5870554,0,2.109456,7.203223,6.107686,8.298761,9.868848,10,9.528595,6.931079,7.222456,6.639702,0.6128531,0,1.602785,0,0,0,0,0,0,5.499661,4.351563,6.647769,0.592854,0.702737,0.482971,7.398777,6.22259,8.574964,0.5870554,0,2.109456,7.203223,6.107686,8.298761,9.868848,10,9.528595,-1,-1,-1,-1,-1,-1,-1,-1,-1,-1,-1,-1,-1,-1,-1,-1,-1,-1,-1,-1,-1,-1,-1,-1,-1,-1,-1,-1,-1,-1,-1,-1,-1,-1,-1,-1,-1,-1,-1,-1,-1,-1,-1,-1,-1,-1,-1,-1,-1,-1,0,0,0,0,0,0,-1,-1,-1,-1,-1,-1,-1,-1,-1,-1,-1,-1,0,0,0,0,0,0,-1,-1,-1,-1,-1,-1,-1,-1,-1,-1,-1,-1,-1,-1,False,False,0,0,False,207,0,0,0,0,0,0,0,0,0,0,0,0,0,0,0,1,
0,4556,2026-02-23 13:17:18Z,LLM_Empathetic,6.931077,7.222456,6.639698,0.6128567,0,1.602787,0,0,0,0,0,0,5.499658,4.351562,6.647765,0.592854,0.702737,0.482971,7.398776,6.222591,8.574961,0.5870578,0,2.109458,7.203219,6.107684,8.298756,9.86884,10,9.528585,6.931077,7.222456,6.639698,0.6128567,0,1.602787,0,0,0,0,0,0,5.499658,4.351562,6.647765,0.592854,0.702737,0.482971,7.398776,6.222591,8.574961,0.5870578,0,2.109458,7.203219,6.107684,8.298756,9.86884,10,9.528585,-1,-1,-1,-1,-1,-1,-1,-1,-1,-1,-1,-1,-1,-1,-1,-1,-1,-1,-1,-1,-1,-1,-1,-1,-1,-1,-1,-1,-1,-1,-1,-1,-1,-1,-1,-1,-1,-1,-1,-1,-1,-1,-1,-1,-1,-1,-1,-1,-1,-1,0,0,0,0,0,0,-1,-1,-1,-1,-1,-1,-1,-1,-1,-1,-1,-1,0,0,0,0,0,0,-1,-1,-1,-1,-1,-1,-1,-1,-1,-1,-1,-1,-1,-1,False,False,0,0,False,207,0,0,0,0,0,0,0,0,0,0,0,0,0,0,0,1,
0,4557,2026-02-23 13:17:18Z,LLM_Empathetic,6.931075,7.222456,6.639694,0.6128604,0,1.602789,0,0,0,0,0,0,5.499655,4.351561,6.64776,0.592854,0.702737,0.482971,7.398775,6.222592,8.574958,0.5870602,0,2.109461,7.203216,6.107682,8.29875,9.868833,10,9.528576,6.931075,7.222456,6.639694,0.6128604,0,1.602789,0,0,0,0,0,0,5.499655,4.351561,6.64776,0.592854,0.702737,0.482971,7.398775,6.222592,8.574958,0.5870602,0,2.109461,7.203216,6.107682,8.29875,9.868833,10,9.528576,-1,-1,-1,-1,-1,-1,-1,-1,-1,-1,-1,-1,-1,-1,-1,-1,-1,-1,-1,-1,-1,-1,-1,-1,-1,-1,-1,-1,-1,-1,-1,-1,-1,-1,-1,-1,-1,-1,-1,-1,-1,-1,-1,-1,-1,-1,-1,-1,-1,-1,0,0,0,0,0,0,-1,-1,-1,-1,-1,-1,-1,-1,-1,-1,-1,-1,0,0,0,0,0,0,-1,-1,-1,-1,-1,-1,-1,-1,-1,-1,-1,-1,-1,-1,False,False,0,0,False,209,0,0,0,0,0,0,0,0,0,0,0,0,0,0,0,1,
0,4558,2026-02-23 13:17:18Z,LLM_Empathetic,6.931073,7.222456,6.63969,0.6128641,0,1.602791,0,0,0,0,0,0,5.499652,4.35156,6.647756,0.592854,0.702737,0.482971,7.398773,6.222592,8.574954,0.5870625,0,2.109463,7.203212,6.10768,8.298744,9.868825,10,9.528566,6.931073,7.222456,6.63969,0.6128641,0,1.602791,0,0,0,0,0,0,5.499652,4.35156,6.647756,0.592854,0.702737,0.482971,7.398773,6.222592,8.574954,0.5870625,0,2.109463,7.203212,6.10768,8.298744,9.868825,10,9.528566,-1,-1,-1,-1,-1,-1,-1,-1,-1,-1,-1,-1,-1,-1,-1,-1,-1,-1,-1,-1,-1,-1,-1,-1,-1,-1,-1,-1,-1,-1,-1,-1,-1,-1,-1,-1,-1,-1,-1,-1,-1,-1,-1,-1,-1,-1,-1,-1,-1,-1,0,0,0,0,0,0,-1,-1,-1,-1,-1,-1,-1,-1,-1,-1,-1,-1,0,0,0,0,0,0,-1,-1,-1,-1,-1,-1,-1,-1,-1,-1,-1,-1,-1,-1,False,False,0,0,False,207,0,0,0,0,0,0,0,0,0,0,0,0,0,0,0,1,
0,4559,2026-02-23 13:17:18Z,LLM_Empathetic,6.931071,7.222455,6.639686,0.6128678,0,1.602793,0,0,0,0,0,0,5.49965,4.351559,6.647751,0.592854,0.702737,0.482971,7.398772,6.222593,8.574951,0.5870649,0,2.109465,7.203208,6.107678,8.298738,9.868816,10,9.528556,6.931071,7.222455,6.639686,0.6128678,0,1.602793,0,0,0,0,0,0,5.49965,4.351559,6.647751,0.592854,0.702737,0.482971,7.398772,6.222593,8.574951,0.5870649,0,2.109465,7.203208,6.107678,8.298738,9.868816,10,9.528556,-1,-1,-1,-1,-1,-1,-1,-1,-1,-1,-1,-1,-1,-1,-1,-1,-1,-1,-1,-1,-1,-1,-1,-1,-1,-1,-1,-1,-1,-1,-1,-1,-1,-1,-1,-1,-1,-1,-1,-1,-1,-1,-1,-1,-1,-1,-1,-1,-1,-1,0,0,0,0,0,0,-1,-1,-1,-1,-1,-1,-1,-1,-1,-1,-1,-1,0,0,0,0,0,0,-1,-1,-1,-1,-1,-1,-1,-1,-1,-1,-1,-1,-1,-1,False,False,0,0,False,207,0,0,0,0,0,0,0,0,0,0,0,0,0,0,0,1,
0,4560,2026-02-23 13:17:18Z,LLM_Empathetic,6.931067,7.222454,6.639678,0.6128752,0,1.602798,0,0,0,0,0,0,5.499644,4.351557,6.647741,0.592854,0.702737,0.482971,7.398769,6.222595,8.574944,0.5870696,0,2.10947,7.2032,6.107674,8.298727,9.868801,10,9.528537,6.931067,7.222454,6.639678,0.6128752,0,1.602798,0,0,0,0,0,0,5.499644,4.351557,6.647741,0.592854,0.702737,0.482971,7.398769,6.222595,8.574944,0.5870696,0,2.10947,7.2032,6.107674,8.298727,9.868801,10,9.528537,-1,-1,-1,-1,-1,-1,-1,-1,-1,-1,-1,-1,-1,-1,-1,-1,-1,-1,-1,-1,-1,-1,-1,-1,-1,-1,-1,-1,-1,-1,-1,-1,-1,-1,-1,-1,-1,-1,-1,-1,-1,-1,-1,-1,-1,-1,-1,-1,-1,-1,0,0,0,0,0,0,-1,-1,-1,-1,-1,-1,-1,-1,-1,-1,-1,-1,0,0,0,0,0,0,-1,-1,-1,-1,-1,-1,-1,-1,-1,-1,-1,-1,-1,-1,False,False,0,0,False,209,0,0,0,0,0,0,0,0,0,0,0,0,0,0,0,1,
0,4561,2026-02-23 13:17:18Z,LLM_Empathetic,6.931064,7.222454,6.639674,0.6128789,0,1.6028,0,0,0,0,0,0,5.499641,4.351556,6.647737,0.592854,0.702737,0.482971,7.398768,6.222595,8.574942,0.587072,0,2.109472,7.203196,6.107671,8.298721,9.868793,10,9.528527,6.931064,7.222454,6.639674,0.6128789,0,1.6028,0,0,0,0,0,0,5.499641,4.351556,6.647737,0.592854,0.702737,0.482971,7.398768,6.222595,8.574942,0.587072,0,2.109472,7.203196,6.107671,8.298721,9.868793,10,9.528527,-1,-1,-1,-1,-1,-1,-1,-1,-1,-1,-1,-1,-1,-1,-1,-1,-1,-1,-1,-1,-1,-1,-1,-1,-1,-1,-1,-1,-1,-1,-1,-1,-1,-1,-1,-1,-1,-1,-1,-1,-1,-1,-1,-1,-1,-1,-1,-1,-1,-1,0,0,0,0,0,0,-1,-1,-1,-1,-1,-1,-1,-1,-1,-1,-1,-1,0,0,0,0,0,0,-1,-1,-1,-1,-1,-1,-1,-1,-1,-1,-1,-1,-1,-1,False,False,0,0,False,207,0,0,0,0,0,0,0,0,0,0,0,0,0,0,0,1,
0,4562,2026-02-23 13:17:18Z,LLM_Empathetic,6.931062,7.222454,6.63967,0.6128826,0,1.602802,0,0,0,0,0,0,5.499639,4.351555,6.647732,0.592854,0.702737,0.482971,7.398767,6.222596,8.574938,0.5870744,0,2.109475,7.203192,6.107669,8.298716,9.868786,10,9.528518,6.931062,7.222454,6.63967,0.6128826,0,1.602802,0,0,0,0,0,0,5.499639,4.351555,6.647732,0.592854,0.702737,0.482971,7.398767,6.222596,8.574938,0.5870744,0,2.109475,7.203192,6.107669,8.298716,9.868786,10,9.528518,-1,-1,-1,-1,-1,-1,-1,-1,-1,-1,-1,-1,-1,-1,-1,-1,-1,-1,-1,-1,-1,-1,-1,-1,-1,-1,-1,-1,-1,-1,-1,-1,-1,-1,-1,-1,-1,-1,-1,-1,-1,-1,-1,-1,-1,-1,-1,-1,-1,-1,0,0,0,0,0,0,-1,-1,-1,-1,-1,-1,-1,-1,-1,-1,-1,-1,0,0,0,0,0,0,-1,-1,-1,-1,-1,-1,-1,-1,-1,-1,-1,-1,-1,-1,False,False,0,0,False,207,0,0,0,0,0,0,0,0,0,0,0,0,0,0,0,1,
0,4563,2026-02-23 13:17:18Z,LLM_Empathetic,6.931057,7.222453,6.639662,0.61289,0,1.602806,0,0,0,0,0,0,5.499633,4.351553,6.647723,0.592854,0.702737,0.482971,7.398764,6.222597,8.574932,0.5870791,0,2.109479,7.203185,6.107665,8.298705,9.868771,10,9.528498,6.931057,7.222453,6.639662,0.61289,0,1.602806,0,0,0,0,0,0,5.499633,4.351553,6.647723,0.592854,0.702737,0.482971,7.398764,6.222597,8.574932,0.5870791,0,2.109479,7.203185,6.107665,8.298705,9.868771,10,9.528498,-1,-1,-1,-1,-1,-1,-1,-1,-1,-1,-1,-1,-1,-1,-1,-1,-1,-1,-1,-1,-1,-1,-1,-1,-1,-1,-1,-1,-1,-1,-1,-1,-1,-1,-1,-1,-1,-1,-1,-1,-1,-1,-1,-1,-1,-1,-1,-1,-1,-1,0,0,0,0,0,0,-1,-1,-1,-1,-1,-1,-1,-1,-1,-1,-1,-1,0,0,0,0,0,0,-1,-1,-1,-1,-1,-1,-1,-1,-1,-1,-1,-1,-1,-1,False,False,0,0,False,207,0,0,0,0,0,0,0,0,0,0,0,0,0,0,0,1,
0,4564,2026-02-23 13:17:18Z,LLM_Empathetic,6.931042,7.22245,6.639635,0.612916,0,1.60282,0,0,0,0,0,0,5.499613,4.351547,6.64769,0.592854,0.702737,0.482971,7.398755,6.222602,8.574909,0.5870957,0,2.109496,7.203157,6.10765,8.298665,9.868715,10,9.528429,6.931042,7.22245,6.639635,0.612916,0,1.60282,0,0,0,0,0,0,5.499613,4.351547,6.64769,0.592854,0.702737,0.482971,7.398755,6.222602,8.574909,0.5870957,0,2.109496,7.203157,6.10765,8.298665,9.868715,10,9.528429,-1,-1,-1,-1,-1,-1,-1,-1,-1,-1,-1,-1,-1,-1,-1,-1,-1,-1,-1,-1,-1,-1,-1,-1,-1,-1,-1,-1,-1,-1,-1,-1,-1,-1,-1,-1,-1,-1,-1,-1,-1,-1,-1,-1,-1,-1,-1,-1,-1,-1,0,0,0,0,0,0,-1,-1,-1,-1,-1,-1,-1,-1,-1,-1,-1,-1,0,0,0,0,0,0,-1,-1,-1,-1,-1,-1,-1,-1,-1,-1,-1,-1,-1,-1,False,False,0,0,False,207,0,0,0,0,0,0,0,0,0,0,0,0,0,0,0,1,
0,4565,2026-02-23 13:17:19Z,LLM_Empathetic,6.931007,7.222444,6.639571,0.6129757,0,1.602853,0,0,0,0,0,0,5.499568,4.351532,6.647614,0.592854,0.702737,0.482971,7.398735,6.222612,8.574858,0.587134,0,2.109535,7.203094,6.107616,8.298573,9.86859,10,9.528272,6.931007,7.222444,6.639571,0.6129757,0,1.602853,0,0,0,0,0,0,5.499568,4.351532,6.647614,0.592854,0.702737,0.482971,7.398735,6.222612,8.574858,0.587134,0,2.109535,7.203094,6.107616,8.298573,9.86859,10,9.528272,-1,-1,-1,-1,-1,-1,-1,-1,-1,-1,-1,-1,-1,-1,-1,-1,-1,-1,-1,-1,-1,-1,-1,-1,-1,-1,-1,-1,-1,-1,-1,-1,-1,-1,-1,-1,-1,-1,-1,-1,-1,-1,-1,-1,-1,-1,-1,-1,-1,-1,0,0,0,0,0,0,-1,-1,-1,-1,-1,-1,-1,-1,-1,-1,-1,-1,0,0,0,0,0,0,-1,-1,-1,-1,-1,-1,-1,-1,-1,-1,-1,-1,-1,-1,False,False,0,0,False,209,0,0,0,0,0,0,0,0,0,0,0,0,0,0,0,1,
0,4566,2026-02-23 13:17:19Z,LLM_Empathetic,6.930996,7.222442,6.639551,0.6129945,0,1.602863,0,0,0,0,0,0,5.499554,4.351528,6.647591,0.592854,0.702737,0.482971,7.398728,6.222616,8.574841,0.587146,0,2.109546,7.203074,6.107605,8.298545,9.868551,10,9.528223,6.930996,7.222442,6.639551,0.6129945,0,1.602863,0,0,0,0,0,0,5.499554,4.351528,6.647591,0.592854,0.702737,0.482971,7.398728,6.222616,8.574841,0.587146,0,2.109546,7.203074,6.107605,8.298545,9.868551,10,9.528223,-1,-1,-1,-1,-1,-1,-1,-1,-1,-1,-1,-1,-1,-1,-1,-1,-1,-1,-1,-1,-1,-1,-1,-1,-1,-1,-1,-1,-1,-1,-1,-1,-1,-1,-1,-1,-1,-1,-1,-1,-1,-1,-1,-1,-1,-1,-1,-1,-1,-1,0,0,0,0,0,0,-1,-1,-1,-1,-1,-1,-1,-1,-1,-1,-1,-1,0,0,0,0,0,0,-1,-1,-1,-1,-1,-1,-1,-1,-1,-1,-1,-1,-1,-1,False,False,0,0,False,209,0,0,0,0,0,0,0,0,0,0,0,0,0,0,0,1,
0,4567,2026-02-23 13:17:19Z,LLM_Empathetic,6.93099,7.22244,6.639539,0.6130058,0,1.60287,0,0,0,0,0,0,5.499546,4.351525,6.647576,0.592854,0.702737,0.482971,7.398725,6.222618,8.574831,0.5871533,0,2.109554,7.203063,6.107599,8.298528,9.868527,10,9.528193,6.93099,7.22244,6.639539,0.6130058,0,1.60287,0,0,0,0,0,0,5.499546,4.351525,6.647576,0.592854,0.702737,0.482971,7.398725,6.222618,8.574831,0.5871533,0,2.109554,7.203063,6.107599,8.298528,9.868527,10,9.528193,-1,-1,-1,-1,-1,-1,-1,-1,-1,-1,-1,-1,-1,-1,-1,-1,-1,-1,-1,-1,-1,-1,-1,-1,-1,-1,-1,-1,-1,-1,-1,-1,-1,-1,-1,-1,-1,-1,-1,-1,-1,-1,-1,-1,-1,-1,-1,-1,-1,-1,0,0,0,0,0,0,-1,-1,-1,-1,-1,-1,-1,-1,-1,-1,-1,-1,0,0,0,0,0,0,-1,-1,-1,-1,-1,-1,-1,-1,-1,-1,-1,-1,-1,-1,False,False,0,0,False,207,0,0,0,0,0,0,0,0,0,0,0,0,0,0,0,1,
0,4568,2026-02-23 13:17:19Z,LLM_Empathetic,6.930985,7.22244,6.639531,0.6130133,0,1.602874,0,0,0,0,0,0,5.49954,4.351523,6.647567,0.592854,0.702737,0.482971,7.398722,6.222619,8.574824,0.5871581,0,2.109558,7.203055,6.107595,8.298515,9.868511,10,9.528173,6.930985,7.22244,6.639531,0.6130133,0,1.602874,0,0,0,0,0,0,5.49954,4.351523,6.647567,0.592854,0.702737,0.482971,7.398722,6.222619,8.574824,0.5871581,0,2.109558,7.203055,6.107595,8.298515,9.868511,10,9.528173,-1,-1,-1,-1,-1,-1,-1,-1,-1,-1,-1,-1,-1,-1,-1,-1,-1,-1,-1,-1,-1,-1,-1,-1,-1,-1,-1,-1,-1,-1,-1,-1,-1,-1,-1,-1,-1,-1,-1,-1,-1,-1,-1,-1,-1,-1,-1,-1,-1,-1,0,0,0,0,0,0,-1,-1,-1,-1,-1,-1,-1,-1,-1,-1,-1,-1,0,0,0,0,0,0,-1,-1,-1,-1,-1,-1,-1,-1,-1,-1,-1,-1,-1,-1,False,False,0,0,False,207,0,0,0,0,0,0,0,0,0,0,0,0,0,0,0,1,
0,4569,2026-02-23 13:17:19Z,LLM_Empathetic,6.930978,7.222438,6.639518,0.6130246,0,1.60288,0,0,0,0,0,0,5.499531,4.35152,6.647552,0.592854,0.702737,0.482971,7.398718,6.222621,8.574815,0.5871653,0,2.109566,7.203043,6.107588,8.298498,9.868487,10,9.528143,6.930978,7.222438,6.639518,0.6130246,0,1.60288,0,0,0,0,0,0,5.499531,4.35152,6.647552,0.592854,0.702737,0.482971,7.398718,6.222621,8.574815,0.5871653,0,2.109566,7.203043,6.107588,8.298498,9.868487,10,9.528143,-1,-1,-1,-1,-1,-1,-1,-1,-1,-1,-1,-1,-1,-1,-1,-1,-1,-1,-1,-1,-1,-1,-1,-1,-1,-1,-1,-1,-1,-1,-1,-1,-1,-1,-1,-1,-1,-1,-1,-1,-1,-1,-1,-1,-1,-1,-1,-1,-1,-1,0,0,0,0,0,0,-1,-1,-1,-1,-1,-1,-1,-1,-1,-1,-1,-1,0,0,0,0,0,0,-1,-1,-1,-1,-1,-1,-1,-1,-1,-1,-1,-1,-1,-1,False,False,0,0,False,209,0,0,0,0,0,0,0,0,0,0,0,0,0,0,0,1,
0,4570,2026-02-23 13:17:19Z,LLM_Empathetic,6.930974,7.222437,6.63951,0.6130322,0,1.602884,0,0,0,0,0,0,5.499526,4.351518,6.647543,0.592854,0.702737,0.482971,7.398715,6.222622,8.574808,0.5871701,0,2.109571,7.203035,6.107584,8.298487,9.868472,10,9.528124,6.930974,7.222437,6.63951,0.6130322,0,1.602884,0,0,0,0,0,0,5.499526,4.351518,6.647543,0.592854,0.702737,0.482971,7.398715,6.222622,8.574808,0.5871701,0,2.109571,7.203035,6.107584,8.298487,9.868472,10,9.528124,-1,-1,-1,-1,-1,-1,-1,-1,-1,-1,-1,-1,-1,-1,-1,-1,-1,-1,-1,-1,-1,-1,-1,-1,-1,-1,-1,-1,-1,-1,-1,-1,-1,-1,-1,-1,-1,-1,-1,-1,-1,-1,-1,-1,-1,-1,-1,-1,-1,-1,0,0,0,0,0,0,-1,-1,-1,-1,-1,-1,-1,-1,-1,-1,-1,-1,0,0,0,0,0,0,-1,-1,-1,-1,-1,-1,-1,-1,-1,-1,-1,-1,-1,-1,False,False,0,0,False,209,0,0,0,0,0,0,0,0,0,0,0,0,0,0,0,1,
0,4571,2026-02-23 13:17:19Z,LLM_Empathetic,6.930967,7.222436,6.639498,0.6130435,0,1.60289,0,0,0,0,0,0,5.499517,4.351515,6.647529,0.592854,0.702737,0.482971,7.398711,6.222624,8.574799,0.5871774,0,2.109578,7.203023,6.107578,8.29847,9.868448,10,9.528093,6.930967,7.222436,6.639498,0.6130435,0,1.60289,0,0,0,0,0,0,5.499517,4.351515,6.647529,0.592854,0.702737,0.482971,7.398711,6.222624,8.574799,0.5871774,0,2.109578,7.203023,6.107578,8.29847,9.868448,10,9.528093,-1,-1,-1,-1,-1,-1,-1,-1,-1,-1,-1,-1,-1,-1,-1,-1,-1,-1,-1,-1,-1,-1,-1,-1,-1,-1,-1,-1,-1,-1,-1,-1,-1,-1,-1,-1,-1,-1,-1,-1,-1,-1,-1,-1,-1,-1,-1,-1,-1,-1,0,0,0,0,0,0,-1,-1,-1,-1,-1,-1,-1,-1,-1,-1,-1,-1,0,0,0,0,0,0,-1,-1,-1,-1,-1,-1,-1,-1,-1,-1,-1,-1,-1,-1,False,False,0,0,False,209,0,0,0,0,0,0,0,0,0,0,0,0,0,0,0,1,
0,4572,2026-02-23 13:17:19Z,LLM_Empathetic,6.930963,7.222435,6.63949,0.6130511,0,1.602895,0,0,0,0,0,0,5.499511,4.351513,6.647519,0.592854,0.702737,0.482971,7.398709,6.222626,8.574792,0.5871822,0,2.109583,7.203015,6.107574,8.298458,9.868432,10,9.528073,6.930963,7.222435,6.63949,0.6130511,0,1.602895,0,0,0,0,0,0,5.499511,4.351513,6.647519,0.592854,0.702737,0.482971,7.398709,6.222626,8.574792,0.5871822,0,2.109583,7.203015,6.107574,8.298458,9.868432,10,9.528073,-1,-1,-1,-1,-1,-1,-1,-1,-1,-1,-1,-1,-1,-1,-1,-1,-1,-1,-1,-1,-1,-1,-1,-1,-1,-1,-1,-1,-1,-1,-1,-1,-1,-1,-1,-1,-1,-1,-1,-1,-1,-1,-1,-1,-1,-1,-1,-1,-1,-1,0,0,0,0,0,0,-1,-1,-1,-1,-1,-1,-1,-1,-1,-1,-1,-1,0,0,0,0,0,0,-1,-1,-1,-1,-1,-1,-1,-1,-1,-1,-1,-1,-1,-1,False,False,0,0,False,207,0,0,0,0,0,0,0,0,0,0,0,0,0,0,0,1,
0,4573,2026-02-23 13:17:19Z,LLM_Empathetic,6.930956,7.222435,6.639478,0.6130624,0,1.602901,0,0,0,0,0,0,5.499503,4.351511,6.647505,0.592854,0.702737,0.482971,7.398705,6.222628,8.574782,0.5871895,0,2.10959,7.203003,6.107567,8.298441,9.868408,10,9.528044,6.930956,7.222435,6.639478,0.6130624,0,1.602901,0,0,0,0,0,0,5.499503,4.351511,6.647505,0.592854,0.702737,0.482971,7.398705,6.222628,8.574782,0.5871895,0,2.10959,7.203003,6.107567,8.298441,9.868408,10,9.528044,-1,-1,-1,-1,-1,-1,-1,-1,-1,-1,-1,-1,-1,-1,-1,-1,-1,-1,-1,-1,-1,-1,-1,-1,-1,-1,-1,-1,-1,-1,-1,-1,-1,-1,-1,-1,-1,-1,-1,-1,-1,-1,-1,-1,-1,-1,-1,-1,-1,-1,0,0,0,0,0,0,-1,-1,-1,-1,-1,-1,-1,-1,-1,-1,-1,-1,0,0,0,0,0,0,-1,-1,-1,-1,-1,-1,-1,-1,-1,-1,-1,-1,-1,-1,False,False,0,0,False,209,0,0,0,0,0,0,0,0,0,0,0,0,0,0,0,1,
0,4574,2026-02-23 13:17:19Z,LLM_Empathetic,6.930952,7.222434,6.63947,0.61307,0,1.602905,0,0,0,0,0,0,5.499497,4.351509,6.647495,0.592854,0.702737,0.482971,7.398702,6.222629,8.574776,0.5871944,0,2.109595,7.202995,6.107563,8.298429,9.868393,10,9.528024,6.930952,7.222434,6.63947,0.61307,0,1.602905,0,0,0,0,0,0,5.499497,4.351509,6.647495,0.592854,0.702737,0.482971,7.398702,6.222629,8.574776,0.5871944,0,2.109595,7.202995,6.107563,8.298429,9.868393,10,9.528024,-1,-1,-1,-1,-1,-1,-1,-1,-1,-1,-1,-1,-1,-1,-1,-1,-1,-1,-1,-1,-1,-1,-1,-1,-1,-1,-1,-1,-1,-1,-1,-1,-1,-1,-1,-1,-1,-1,-1,-1,-1,-1,-1,-1,-1,-1,-1,-1,-1,-1,0,0,0,0,0,0,-1,-1,-1,-1,-1,-1,-1,-1,-1,-1,-1,-1,0,0,0,0,0,0,-1,-1,-1,-1,-1,-1,-1,-1,-1,-1,-1,-1,-1,-1,False,False,0,0,False,209,0,0,0,0,0,0,0,0,0,0,0,0,0,0,0,1,
0,4575,2026-02-23 13:17:19Z,LLM_Empathetic,6.930945,7.222432,6.639458,0.6130814,0,1.602911,0,0,0,0,0,0,5.499488,4.351506,6.647481,0.592854,0.702737,0.482971,7.398698,6.222631,8.574766,0.5872017,0,2.109602,7.202983,6.107556,8.298411,9.868368,10,9.527994,6.930945,7.222432,6.639458,0.6130814,0,1.602911,0,0,0,0,0,0,5.499488,4.351506,6.647481,0.592854,0.702737,0.482971,7.398698,6.222631,8.574766,0.5872017,0,2.109602,7.202983,6.107556,8.298411,9.868368,10,9.527994,-1,-1,-1,-1,-1,-1,-1,-1,-1,-1,-1,-1,-1,-1,-1,-1,-1,-1,-1,-1,-1,-1,-1,-1,-1,-1,-1,-1,-1,-1,-1,-1,-1,-1,-1,-1,-1,-1,-1,-1,-1,-1,-1,-1,-1,-1,-1,-1,-1,-1,0,0,0,0,0,0,-1,-1,-1,-1,-1,-1,-1,-1,-1,-1,-1,-1,0,0,0,0,0,0,-1,-1,-1,-1,-1,-1,-1,-1,-1,-1,-1,-1,-1,-1,False,False,0,0,False,209,0,0,0,0,0,0,0,0,0,0,0,0,0,0,0,1,
0,4576,2026-02-23 13:17:19Z,LLM_Empathetic,6.930941,7.222432,6.63945,0.613089,0,1.602915,0,0,0,0,0,0,5.499483,4.351504,6.647471,0.592854,0.702737,0.482971,7.398695,6.222632,8.574759,0.5872065,0,2.109607,7.202975,6.107552,8.2984,9.868353,10,9.527974,6.930941,7.222432,6.63945,0.613089,0,1.602915,0,0,0,0,0,0,5.499483,4.351504,6.647471,0.592854,0.702737,0.482971,7.398695,6.222632,8.574759,0.5872065,0,2.109607,7.202975,6.107552,8.2984,9.868353,10,9.527974,-1,-1,-1,-1,-1,-1,-1,-1,-1,-1,-1,-1,-1,-1,-1,-1,-1,-1,-1,-1,-1,-1,-1,-1,-1,-1,-1,-1,-1,-1,-1,-1,-1,-1,-1,-1,-1,-1,-1,-1,-1,-1,-1,-1,-1,-1,-1,-1,-1,-1,0,0,0,0,0,0,-1,-1,-1,-1,-1,-1,-1,-1,-1,-1,-1,-1,0,0,0,0,0,0,-1,-1,-1,-1,-1,-1,-1,-1,-1,-1,-1,-1,-1,-1,False,False,0,0,False,207,0,0,0,0,0,0,0,0,0,0,0,0,0,0,0,1,
0,4577,2026-02-23 13:17:19Z,LLM_Empathetic,6.930934,7.22243,6.639437,0.6131004,0,1.602922,0,0,0,0,0,0,5.499474,4.351501,6.647457,0.592854,0.702737,0.482971,7.398692,6.222634,8.574749,0.5872138,0,2.109614,7.202963,6.107545,8.298383,9.868329,10,9.527944,6.930934,7.22243,6.639437,0.6131004,0,1.602922,0,0,0,0,0,0,5.499474,4.351501,6.647457,0.592854,0.702737,0.482971,7.398692,6.222634,8.574749,0.5872138,0,2.109614,7.202963,6.107545,8.298383,9.868329,10,9.527944,-1,-1,-1,-1,-1,-1,-1,-1,-1,-1,-1,-1,-1,-1,-1,-1,-1,-1,-1,-1,-1,-1,-1,-1,-1,-1,-1,-1,-1,-1,-1,-1,-1,-1,-1,-1,-1,-1,-1,-1,-1,-1,-1,-1,-1,-1,-1,-1,-1,-1,0,0,0,0,0,0,-1,-1,-1,-1,-1,-1,-1,-1,-1,-1,-1,-1,0,0,0,0,0,0,-1,-1,-1,-1,-1,-1,-1,-1,-1,-1,-1,-1,-1,-1,False,False,0,0,False,209,0,0,0,0,0,0,0,0,0,0,0,0,0,0,0,1,
0,4578,2026-02-23 13:17:19Z,LLM_Empathetic,6.930929,7.222429,6.639429,0.613108,0,1.602926,0,0,0,0,0,0,5.499468,4.351499,6.647447,0.592854,0.702737,0.482971,7.398689,6.222636,8.574742,0.5872187,0,2.109619,7.202955,6.107541,8.29837,9.868313,10,9.527924,6.930929,7.222429,6.639429,0.613108,0,1.602926,0,0,0,0,0,0,5.499468,4.351499,6.647447,0.592854,0.702737,0.482971,7.398689,6.222636,8.574742,0.5872187,0,2.109619,7.202955,6.107541,8.29837,9.868313,10,9.527924,-1,-1,-1,-1,-1,-1,-1,-1,-1,-1,-1,-1,-1,-1,-1,-1,-1,-1,-1,-1,-1,-1,-1,-1,-1,-1,-1,-1,-1,-1,-1,-1,-1,-1,-1,-1,-1,-1,-1,-1,-1,-1,-1,-1,-1,-1,-1,-1,-1,-1,0,0,0,0,0,0,-1,-1,-1,-1,-1,-1,-1,-1,-1,-1,-1,-1,0,0,0,0,0,0,-1,-1,-1,-1,-1,-1,-1,-1,-1,-1,-1,-1,-1,-1,False,False,0,0,False,209,0,0,0,0,0,0,0,0,0,0,0,0,0,0,0,1,
0,4579,2026-02-23 13:17:19Z,LLM_Empathetic,6.930923,7.222428,6.639417,0.6131195,0,1.602932,0,0,0,0,0,0,5.499459,4.351496,6.647433,0.592854,0.702737,0.482971,7.398685,6.222638,8.574733,0.587226,0,2.109627,7.202943,6.107534,8.298353,9.868289,10,9.527893,6.930923,7.222428,6.639417,0.6131195,0,1.602932,0,0,0,0,0,0,5.499459,4.351496,6.647433,0.592854,0.702737,0.482971,7.398685,6.222638,8.574733,0.587226,0,2.109627,7.202943,6.107534,8.298353,9.868289,10,9.527893,-1,-1,-1,-1,-1,-1,-1,-1,-1,-1,-1,-1,-1,-1,-1,-1,-1,-1,-1,-1,-1,-1,-1,-1,-1,-1,-1,-1,-1,-1,-1,-1,-1,-1,-1,-1,-1,-1,-1,-1,-1,-1,-1,-1,-1,-1,-1,-1,-1,-1,0,0,0,0,0,0,-1,-1,-1,-1,-1,-1,-1,-1,-1,-1,-1,-1,0,0,0,0,0,0,-1,-1,-1,-1,-1,-1,-1,-1,-1,-1,-1,-1,-1,-1,False,False,0,0,False,207,0,0,0,0,0,0,0,0,0,0,0,0,0,0,0,1,
0,4580,2026-02-23 13:17:19Z,LLM_Empathetic,6.930918,7.222427,6.639409,0.6131271,0,1.602937,0,0,0,0,0,0,5.499454,4.351494,6.647423,0.592854,0.702737,0.482971,7.398683,6.222639,8.574726,0.5872309,0,2.109631,7.202935,6.10753,8.298342,9.868273,10,9.527873,6.930918,7.222427,6.639409,0.6131271,0,1.602937,0,0,0,0,0,0,5.499454,4.351494,6.647423,0.592854,0.702737,0.482971,7.398683,6.222639,8.574726,0.5872309,0,2.109631,7.202935,6.10753,8.298342,9.868273,10,9.527873,-1,-1,-1,-1,-1,-1,-1,-1,-1,-1,-1,-1,-1,-1,-1,-1,-1,-1,-1,-1,-1,-1,-1,-1,-1,-1,-1,-1,-1,-1,-1,-1,-1,-1,-1,-1,-1,-1,-1,-1,-1,-1,-1,-1,-1,-1,-1,-1,-1,-1,0,0,0,0,0,0,-1,-1,-1,-1,-1,-1,-1,-1,-1,-1,-1,-1,0,0,0,0,0,0,-1,-1,-1,-1,-1,-1,-1,-1,-1,-1,-1,-1,-1,-1,False,False,0,0,False,209,0,0,0,0,0,0,0,0,0,0,0,0,0,0,0,1,
0,4581,2026-02-23 13:17:19Z,LLM_Empathetic,6.930913,7.222426,6.6394,0.6131347,0,1.602941,0,0,0,0,0,0,5.499448,4.351492,6.647414,0.592854,0.702737,0.482971,7.39868,6.222641,8.574719,0.5872359,0,2.109636,7.202927,6.107526,8.298329,9.868257,10,9.527853,6.930913,7.222426,6.6394,0.6131347,0,1.602941,0,0,0,0,0,0,5.499448,4.351492,6.647414,0.592854,0.702737,0.482971,7.39868,6.222641,8.574719,0.5872359,0,2.109636,7.202927,6.107526,8.298329,9.868257,10,9.527853,-1,-1,-1,-1,-1,-1,-1,-1,-1,-1,-1,-1,-1,-1,-1,-1,-1,-1,-1,-1,-1,-1,-1,-1,-1,-1,-1,-1,-1,-1,-1,-1,-1,-1,-1,-1,-1,-1,-1,-1,-1,-1,-1,-1,-1,-1,-1,-1,-1,-1,0,0,0,0,0,0,-1,-1,-1,-1,-1,-1,-1,-1,-1,-1,-1,-1,0,0,0,0,0,0,-1,-1,-1,-1,-1,-1,-1,-1,-1,-1,-1,-1,-1,-1,False,False,0,0,False,209,0,0,0,0,0,0,0,0,0,0,0,0,0,0,0,1,
0,4582,2026-02-23 13:17:20Z,LLM_Empathetic,6.930907,7.222425,6.639388,0.6131462,0,1.602947,0,0,0,0,0,0,5.499439,4.35149,6.647399,0.592854,0.702737,0.482971,7.398676,6.222642,8.57471,0.5872432,0,2.109643,7.202915,6.107519,8.298312,9.868233,10,9.527823,6.930907,7.222425,6.639388,0.6131462,0,1.602947,0,0,0,0,0,0,5.499439,4.35149,6.647399,0.592854,0.702737,0.482971,7.398676,6.222642,8.57471,0.5872432,0,2.109643,7.202915,6.107519,8.298312,9.868233,10,9.527823,-1,-1,-1,-1,-1,-1,-1,-1,-1,-1,-1,-1,-1,-1,-1,-1,-1,-1,-1,-1,-1,-1,-1,-1,-1,-1,-1,-1,-1,-1,-1,-1,-1,-1,-1,-1,-1,-1,-1,-1,-1,-1,-1,-1,-1,-1,-1,-1,-1,-1,0,0,0,0,0,0,-1,-1,-1,-1,-1,-1,-1,-1,-1,-1,-1,-1,0,0,0,0,0,0,-1,-1,-1,-1,-1,-1,-1,-1,-1,-1,-1,-1,-1,-1,False,False,0,0,False,209,0,0,0,0,0,0,0,0,0,0,0,0,0,0,0,1,
0,4583,2026-02-23 13:17:20Z,LLM_Empathetic,6.930902,7.222425,6.63938,0.6131539,0,1.602951,0,0,0,0,0,0,5.499434,4.351488,6.647389,0.592854,0.702737,0.482971,7.398673,6.222644,8.574703,0.5872481,0,2.109648,7.202907,6.107515,8.298301,9.868217,10,9.527802,6.930902,7.222425,6.63938,0.6131539,0,1.602951,0,0,0,0,0,0,5.499434,4.351488,6.647389,0.592854,0.702737,0.482971,7.398673,6.222644,8.574703,0.5872481,0,2.109648,7.202907,6.107515,8.298301,9.868217,10,9.527802,-1,-1,-1,-1,-1,-1,-1,-1,-1,-1,-1,-1,-1,-1,-1,-1,-1,-1,-1,-1,-1,-1,-1,-1,-1,-1,-1,-1,-1,-1,-1,-1,-1,-1,-1,-1,-1,-1,-1,-1,-1,-1,-1,-1,-1,-1,-1,-1,-1,-1,0,0,0,0,0,0,-1,-1,-1,-1,-1,-1,-1,-1,-1,-1,-1,-1,0,0,0,0,0,0,-1,-1,-1,-1,-1,-1,-1,-1,-1,-1,-1,-1,-1,-1,False,False,0,0,False,207,0,0,0,0,0,0,0,0,0,0,0,0,0,0,0,1,
0,4584,2026-02-23 13:17:20Z,LLM_Empathetic,6.930896,7.222424,6.639368,0.6131654,0,1.602958,0,0,0,0,0,0,5.499424,4.351485,6.647375,0.592854,0.702737,0.482971,7.398669,6.222646,8.574693,0.5872555,0,2.109656,7.202895,6.107509,8.298283,9.868193,10,9.527773,6.930896,7.222424,6.639368,0.6131654,0,1.602958,0,0,0,0,0,0,5.499424,4.351485,6.647375,0.592854,0.702737,0.482971,7.398669,6.222646,8.574693,0.5872555,0,2.109656,7.202895,6.107509,8.298283,9.868193,10,9.527773,-1,-1,-1,-1,-1,-1,-1,-1,-1,-1,-1,-1,-1,-1,-1,-1,-1,-1,-1,-1,-1,-1,-1,-1,-1,-1,-1,-1,-1,-1,-1,-1,-1,-1,-1,-1,-1,-1,-1,-1,-1,-1,-1,-1,-1,-1,-1,-1,-1,-1,0,0,0,0,0,0,-1,-1,-1,-1,-1,-1,-1,-1,-1,-1,-1,-1,0,0,0,0,0,0,-1,-1,-1,-1,-1,-1,-1,-1,-1,-1,-1,-1,-1,-1,False,False,0,0,False,209,0,0,0,0,0,0,0,0,0,0,0,0,0,0,0,1,
0,4585,2026-02-23 13:17:20Z,LLM_Empathetic,6.930891,7.222423,6.639359,0.6131731,0,1.602962,0,0,0,0,0,0,5.499419,4.351483,6.647365,0.592854,0.702737,0.482971,7.398666,6.222647,8.574686,0.5872604,0,2.109661,7.202887,6.107504,8.298271,9.868176,10,9.527752,6.930891,7.222423,6.639359,0.6131731,0,1.602962,0,0,0,0,0,0,5.499419,4.351483,6.647365,0.592854,0.702737,0.482971,7.398666,6.222647,8.574686,0.5872604,0,2.109661,7.202887,6.107504,8.298271,9.868176,10,9.527752,-1,-1,-1,-1,-1,-1,-1,-1,-1,-1,-1,-1,-1,-1,-1,-1,-1,-1,-1,-1,-1,-1,-1,-1,-1,-1,-1,-1,-1,-1,-1,-1,-1,-1,-1,-1,-1,-1,-1,-1,-1,-1,-1,-1,-1,-1,-1,-1,-1,-1,0,0,0,0,0,0,-1,-1,-1,-1,-1,-1,-1,-1,-1,-1,-1,-1,0,0,0,0,0,0,-1,-1,-1,-1,-1,-1,-1,-1,-1,-1,-1,-1,-1,-1,False,False,0,0,False,209,0,0,0,0,0,0,0,0,0,0,0,0,0,0,0,1,
0,4586,2026-02-23 13:17:20Z,LLM_Empathetic,6.930884,7.222421,6.639347,0.6131846,0,1.602968,0,0,0,0,0,0,5.49941,4.35148,6.64735,0.592854,0.702737,0.482971,7.398663,6.22265,8.574677,0.5872678,0,2.109668,7.202875,6.107498,8.298253,9.868152,10,9.527721,6.930884,7.222421,6.639347,0.6131846,0,1.602968,0,0,0,0,0,0,5.49941,4.35148,6.64735,0.592854,0.702737,0.482971,7.398663,6.22265,8.574677,0.5872678,0,2.109668,7.202875,6.107498,8.298253,9.868152,10,9.527721,-1,-1,-1,-1,-1,-1,-1,-1,-1,-1,-1,-1,-1,-1,-1,-1,-1,-1,-1,-1,-1,-1,-1,-1,-1,-1,-1,-1,-1,-1,-1,-1,-1,-1,-1,-1,-1,-1,-1,-1,-1,-1,-1,-1,-1,-1,-1,-1,-1,-1,0,0,0,0,0,0,-1,-1,-1,-1,-1,-1,-1,-1,-1,-1,-1,-1,0,0,0,0,0,0,-1,-1,-1,-1,-1,-1,-1,-1,-1,-1,-1,-1,-1,-1,False,False,0,0,False,209,0,0,0,0,0,0,0,0,0,0,0,0,0,0,0,1,
0,4587,2026-02-23 13:17:20Z,LLM_Empathetic,6.93088,7.222421,6.639339,0.6131924,0,1.602972,0,0,0,0,0,0,5.499404,4.351478,6.647341,0.592854,0.702737,0.482971,7.39866,6.222651,8.57467,0.5872727,0,2.109673,7.202867,6.107493,8.298242,9.868135,10,9.527701,6.93088,7.222421,6.639339,0.6131924,0,1.602972,0,0,0,0,0,0,5.499404,4.351478,6.647341,0.592854,0.702737,0.482971,7.39866,6.222651,8.57467,0.5872727,0,2.109673,7.202867,6.107493,8.298242,9.868135,10,9.527701,-1,-1,-1,-1,-1,-1,-1,-1,-1,-1,-1,-1,-1,-1,-1,-1,-1,-1,-1,-1,-1,-1,-1,-1,-1,-1,-1,-1,-1,-1,-1,-1,-1,-1,-1,-1,-1,-1,-1,-1,-1,-1,-1,-1,-1,-1,-1,-1,-1,-1,0,0,0,0,0,0,-1,-1,-1,-1,-1,-1,-1,-1,-1,-1,-1,-1,0,0,0,0,0,0,-1,-1,-1,-1,-1,-1,-1,-1,-1,-1,-1,-1,-1,-1,False,False,0,0,False,209,0,0,0,0,0,0,0,0,0,0,0,0,0,0,0,1,
0,4588,2026-02-23 13:17:20Z,LLM_Empathetic,6.930873,7.222419,6.639327,0.6132039,0,1.602979,0,0,0,0,0,0,5.499395,4.351475,6.647326,0.592854,0.702737,0.482971,7.398656,6.222653,8.574659,0.5872802,0,2.10968,7.202855,6.107487,8.298223,9.868112,10,9.527671,6.930873,7.222419,6.639327,0.6132039,0,1.602979,0,0,0,0,0,0,5.499395,4.351475,6.647326,0.592854,0.702737,0.482971,7.398656,6.222653,8.574659,0.5872802,0,2.10968,7.202855,6.107487,8.298223,9.868112,10,9.527671,-1,-1,-1,-1,-1,-1,-1,-1,-1,-1,-1,-1,-1,-1,-1,-1,-1,-1,-1,-1,-1,-1,-1,-1,-1,-1,-1,-1,-1,-1,-1,-1,-1,-1,-1,-1,-1,-1,-1,-1,-1,-1,-1,-1,-1,-1,-1,-1,-1,-1,0,0,0,0,0,0,-1,-1,-1,-1,-1,-1,-1,-1,-1,-1,-1,-1,0,0,0,0,0,0,-1,-1,-1,-1,-1,-1,-1,-1,-1,-1,-1,-1,-1,-1,False,False,0,0,False,209,0,0,0,0,0,0,0,0,0,0,0,0,0,0,0,1,
0,4589,2026-02-23 13:17:20Z,LLM_Empathetic,6.930869,7.222418,6.639318,0.6132116,0,1.602983,0,0,0,0,0,0,5.49939,4.351473,6.647316,0.592854,0.702737,0.482971,7.398654,6.222654,8.574653,0.5872851,0,2.109685,7.202847,6.107482,8.298212,9.868095,10,9.527651,6.930869,7.222418,6.639318,0.6132116,0,1.602983,0,0,0,0,0,0,5.49939,4.351473,6.647316,0.592854,0.702737,0.482971,7.398654,6.222654,8.574653,0.5872851,0,2.109685,7.202847,6.107482,8.298212,9.868095,10,9.527651,-1,-1,-1,-1,-1,-1,-1,-1,-1,-1,-1,-1,-1,-1,-1,-1,-1,-1,-1,-1,-1,-1,-1,-1,-1,-1,-1,-1,-1,-1,-1,-1,-1,-1,-1,-1,-1,-1,-1,-1,-1,-1,-1,-1,-1,-1,-1,-1,-1,-1,0,0,0,0,0,0,-1,-1,-1,-1,-1,-1,-1,-1,-1,-1,-1,-1,0,0,0,0,0,0,-1,-1,-1,-1,-1,-1,-1,-1,-1,-1,-1,-1,-1,-1,False,False,0,0,False,209,0,0,0,0,0,0,0,0,0,0,0,0,0,0,0,1,
0,4590,2026-02-23 13:17:20Z,LLM_Empathetic,6.930864,7.222418,6.63931,0.6132194,0,1.602987,0,0,0,0,0,0,5.499384,4.351471,6.647306,0.592854,0.702737,0.482971,7.398651,6.222656,8.574646,0.58729,0,2.10969,7.202838,6.107478,8.2982,9.868079,10,9.527631,6.930864,7.222418,6.63931,0.6132194,0,1.602987,0,0,0,0,0,0,5.499384,4.351471,6.647306,0.592854,0.702737,0.482971,7.398651,6.222656,8.574646,0.58729,0,2.10969,7.202838,6.107478,8.2982,9.868079,10,9.527631,-1,-1,-1,-1,-1,-1,-1,-1,-1,-1,-1,-1,-1,-1,-1,-1,-1,-1,-1,-1,-1,-1,-1,-1,-1,-1,-1,-1,-1,-1,-1,-1,-1,-1,-1,-1,-1,-1,-1,-1,-1,-1,-1,-1,-1,-1,-1,-1,-1,-1,0,0,0,0,0,0,-1,-1,-1,-1,-1,-1,-1,-1,-1,-1,-1,-1,0,0,0,0,0,0,-1,-1,-1,-1,-1,-1,-1,-1,-1,-1,-1,-1,-1,-1,False,False,0,0,False,209,0,0,0,0,0,0,0,0,0,0,0,0,0,0,0,1,
0,4591,2026-02-23 13:17:20Z,LLM_Empathetic,6.930859,7.222417,6.639302,0.6132271,0,1.602992,0,0,0,0,0,0,5.499378,4.35147,6.647297,0.592854,0.702737,0.482971,7.398648,6.222657,8.574639,0.587295,0,2.109695,7.20283,6.107473,8.298188,9.868063,10,9.52761,6.930859,7.222417,6.639302,0.6132271,0,1.602992,0,0,0,0,0,0,5.499378,4.35147,6.647297,0.592854,0.702737,0.482971,7.398648,6.222657,8.574639,0.587295,0,2.109695,7.20283,6.107473,8.298188,9.868063,10,9.52761,-1,-1,-1,-1,-1,-1,-1,-1,-1,-1,-1,-1,-1,-1,-1,-1,-1,-1,-1,-1,-1,-1,-1,-1,-1,-1,-1,-1,-1,-1,-1,-1,-1,-1,-1,-1,-1,-1,-1,-1,-1,-1,-1,-1,-1,-1,-1,-1,-1,-1,0,0,0,0,0,0,-1,-1,-1,-1,-1,-1,-1,-1,-1,-1,-1,-1,0,0,0,0,0,0,-1,-1,-1,-1,-1,-1,-1,-1,-1,-1,-1,-1,-1,-1,False,False,0,0,False,209,0,0,0,0,0,0,0,0,0,0,0,0,0,0,0,1,
0,4592,2026-02-23 13:17:20Z,LLM_Empathetic,6.930855,7.222416,6.639293,0.6132349,0,1.602996,0,0,0,0,0,0,5.499372,4.351467,6.647287,0.592854,0.702737,0.482971,7.398645,6.222658,8.574633,0.5872999,0,2.1097,7.202822,6.107469,8.298176,9.868047,10,9.52759,6.930855,7.222416,6.639293,0.6132349,0,1.602996,0,0,0,0,0,0,5.499372,4.351467,6.647287,0.592854,0.702737,0.482971,7.398645,6.222658,8.574633,0.5872999,0,2.1097,7.202822,6.107469,8.298176,9.868047,10,9.52759,-1,-1,-1,-1,-1,-1,-1,-1,-1,-1,-1,-1,-1,-1,-1,-1,-1,-1,-1,-1,-1,-1,-1,-1,-1,-1,-1,-1,-1,-1,-1,-1,-1,-1,-1,-1,-1,-1,-1,-1,-1,-1,-1,-1,-1,-1,-1,-1,-1,-1,0,0,0,0,0,0,-1,-1,-1,-1,-1,-1,-1,-1,-1,-1,-1,-1,0,0,0,0,0,0,-1,-1,-1,-1,-1,-1,-1,-1,-1,-1,-1,-1,-1,-1,False,False,0,0,False,209,0,0,0,0,0,0,0,0,0,0,0,0,0,0,0,1,
0,4593,2026-02-23 13:17:20Z,LLM_Empathetic,6.93085,7.222415,6.639285,0.6132426,0,1.603,0,0,0,0,0,0,5.499366,4.351465,6.647277,0.592854,0.702737,0.482971,7.398643,6.22266,8.574626,0.5873049,0,2.109705,7.202814,6.107464,8.298164,9.868031,10,9.527569,6.93085,7.222415,6.639285,0.6132426,0,1.603,0,0,0,0,0,0,5.499366,4.351465,6.647277,0.592854,0.702737,0.482971,7.398643,6.22266,8.574626,0.5873049,0,2.109705,7.202814,6.107464,8.298164,9.868031,10,9.527569,-1,-1,-1,-1,-1,-1,-1,-1,-1,-1,-1,-1,-1,-1,-1,-1,-1,-1,-1,-1,-1,-1,-1,-1,-1,-1,-1,-1,-1,-1,-1,-1,-1,-1,-1,-1,-1,-1,-1,-1,-1,-1,-1,-1,-1,-1,-1,-1,-1,-1,0,0,0,0,0,0,-1,-1,-1,-1,-1,-1,-1,-1,-1,-1,-1,-1,0,0,0,0,0,0,-1,-1,-1,-1,-1,-1,-1,-1,-1,-1,-1,-1,-1,-1,False,False,0,0,False,209,0,0,0,0,0,0,0,0,0,0,0,0,0,0,0,1,
0,4594,2026-02-23 13:17:20Z,LLM_Empathetic,6.930846,7.222414,6.639277,0.6132504,0,1.603004,0,0,0,0,0,0,5.49936,4.351463,6.647267,0.592854,0.702737,0.482971,7.39864,6.222661,8.574619,0.5873099,0,2.10971,7.202806,6.10746,8.298153,9.868014,10,9.527549,6.930846,7.222414,6.639277,0.6132504,0,1.603004,0,0,0,0,0,0,5.49936,4.351463,6.647267,0.592854,0.702737,0.482971,7.39864,6.222661,8.574619,0.5873099,0,2.10971,7.202806,6.10746,8.298153,9.868014,10,9.527549,-1,-1,-1,-1,-1,-1,-1,-1,-1,-1,-1,-1,-1,-1,-1,-1,-1,-1,-1,-1,-1,-1,-1,-1,-1,-1,-1,-1,-1,-1,-1,-1,-1,-1,-1,-1,-1,-1,-1,-1,-1,-1,-1,-1,-1,-1,-1,-1,-1,-1,0,0,0,0,0,0,-1,-1,-1,-1,-1,-1,-1,-1,-1,-1,-1,-1,0,0,0,0,0,0,-1,-1,-1,-1,-1,-1,-1,-1,-1,-1,-1,-1,-1,-1,False,False,0,0,False,207,0,0,0,0,0,0,0,0,0,0,0,0,0,0,0,1,
0,4595,2026-02-23 13:17:20Z,LLM_Empathetic,6.930841,7.222414,6.639268,0.6132581,0,1.603009,0,0,0,0,0,0,5.499354,4.351461,6.647258,0.592854,0.702737,0.482971,7.398637,6.222662,8.574613,0.5873148,0,2.109715,7.202798,6.107456,8.298141,9.867997,10,9.527528,6.930841,7.222414,6.639268,0.6132581,0,1.603009,0,0,0,0,0,0,5.499354,4.351461,6.647258,0.592854,0.702737,0.482971,7.398637,6.222662,8.574613,0.5873148,0,2.109715,7.202798,6.107456,8.298141,9.867997,10,9.527528,-1,-1,-1,-1,-1,-1,-1,-1,-1,-1,-1,-1,-1,-1,-1,-1,-1,-1,-1,-1,-1,-1,-1,-1,-1,-1,-1,-1,-1,-1,-1,-1,-1,-1,-1,-1,-1,-1,-1,-1,-1,-1,-1,-1,-1,-1,-1,-1,-1,-1,0,0,0,0,0,0,-1,-1,-1,-1,-1,-1,-1,-1,-1,-1,-1,-1,0,0,0,0,0,0,-1,-1,-1,-1,-1,-1,-1,-1,-1,-1,-1,-1,-1,-1,False,False,0,0,False,209,0,0,0,0,0,0,0,0,0,0,0,0,0,0,0,1,
0,4596,2026-02-23 13:17:20Z,LLM_Empathetic,6.930837,7.222413,6.63926,0.6132659,0,1.603013,0,0,0,0,0,0,5.499349,4.35146,6.647248,0.592854,0.702737,0.482971,7.398634,6.222664,8.574606,0.5873199,0,2.10972,7.202789,6.107451,8.298129,9.867981,10,9.527508,6.930837,7.222413,6.63926,0.6132659,0,1.603013,0,0,0,0,0,0,5.499349,4.35146,6.647248,0.592854,0.702737,0.482971,7.398634,6.222664,8.574606,0.5873199,0,2.10972,7.202789,6.107451,8.298129,9.867981,10,9.527508,-1,-1,-1,-1,-1,-1,-1,-1,-1,-1,-1,-1,-1,-1,-1,-1,-1,-1,-1,-1,-1,-1,-1,-1,-1,-1,-1,-1,-1,-1,-1,-1,-1,-1,-1,-1,-1,-1,-1,-1,-1,-1,-1,-1,-1,-1,-1,-1,-1,-1,0,0,0,0,0,0,-1,-1,-1,-1,-1,-1,-1,-1,-1,-1,-1,-1,0,0,0,0,0,0,-1,-1,-1,-1,-1,-1,-1,-1,-1,-1,-1,-1,-1,-1,False,False,0,0,False,209,0,0,0,0,0,0,0,0,0,0,0,0,0,0,0,1,
0,4597,2026-02-23 13:17:20Z,LLM_Empathetic,6.930832,7.222412,6.639252,0.6132737,0,1.603017,0,0,0,0,0,0,5.499342,4.351458,6.647238,0.592854,0.702737,0.482971,7.398632,6.222665,8.574599,0.5873248,0,2.109725,7.202781,6.107447,8.298117,9.867965,10,9.527487,6.930832,7.222412,6.639252,0.6132737,0,1.603017,0,0,0,0,0,0,5.499342,4.351458,6.647238,0.592854,0.702737,0.482971,7.398632,6.222665,8.574599,0.5873248,0,2.109725,7.202781,6.107447,8.298117,9.867965,10,9.527487,-1,-1,-1,-1,-1,-1,-1,-1,-1,-1,-1,-1,-1,-1,-1,-1,-1,-1,-1,-1,-1,-1,-1,-1,-1,-1,-1,-1,-1,-1,-1,-1,-1,-1,-1,-1,-1,-1,-1,-1,-1,-1,-1,-1,-1,-1,-1,-1,-1,-1,0,0,0,0,0,0,-1,-1,-1,-1,-1,-1,-1,-1,-1,-1,-1,-1,0,0,0,0,0,0,-1,-1,-1,-1,-1,-1,-1,-1,-1,-1,-1,-1,-1,-1,False,False,0,0,False,207,0,0,0,0,0,0,0,0,0,0,0,0,0,0,0,1,
0,4598,2026-02-23 13:17:20Z,LLM_Empathetic,6.93083,7.222412,6.639248,0.6132776,0,1.603019,0,0,0,0,0,0,5.49934,4.351457,6.647233,0.592854,0.702737,0.482971,7.398631,6.222666,8.574595,0.5873273,0,2.109728,7.202777,6.107445,8.298111,9.867957,10,9.527477,6.93083,7.222412,6.639248,0.6132776,0,1.603019,0,0,0,0,0,0,5.49934,4.351457,6.647233,0.592854,0.702737,0.482971,7.398631,6.222666,8.574595,0.5873273,0,2.109728,7.202777,6.107445,8.298111,9.867957,10,9.527477,-1,-1,-1,-1,-1,-1,-1,-1,-1,-1,-1,-1,-1,-1,-1,-1,-1,-1,-1,-1,-1,-1,-1,-1,-1,-1,-1,-1,-1,-1,-1,-1,-1,-1,-1,-1,-1,-1,-1,-1,-1,-1,-1,-1,-1,-1,-1,-1,-1,-1,0,0,0,0,0,0,-1,-1,-1,-1,-1,-1,-1,-1,-1,-1,-1,-1,0,0,0,0,0,0,-1,-1,-1,-1,-1,-1,-1,-1,-1,-1,-1,-1,-1,-1,False,False,0,0,False,209,0,0,0,0,0,0,0,0,0,0,0,0,0,0,0,1,
0,4599,2026-02-23 13:17:20Z,LLM_Empathetic,6.930825,7.222411,6.639239,0.6132854,0,1.603024,0,0,0,0,0,0,5.499334,4.351455,6.647223,0.592854,0.702737,0.482971,7.398628,6.222667,8.574589,0.5873323,0,2.109733,7.202769,6.10744,8.298099,9.867941,10,9.527456,6.930825,7.222411,6.639239,0.6132854,0,1.603024,0,0,0,0,0,0,5.499334,4.351455,6.647223,0.592854,0.702737,0.482971,7.398628,6.222667,8.574589,0.5873323,0,2.109733,7.202769,6.10744,8.298099,9.867941,10,9.527456,-1,-1,-1,-1,-1,-1,-1,-1,-1,-1,-1,-1,-1,-1,-1,-1,-1,-1,-1,-1,-1,-1,-1,-1,-1,-1,-1,-1,-1,-1,-1,-1,-1,-1,-1,-1,-1,-1,-1,-1,-1,-1,-1,-1,-1,-1,-1,-1,-1,-1,0,0,0,0,0,0,-1,-1,-1,-1,-1,-1,-1,-1,-1,-1,-1,-1,0,0,0,0,0,0,-1,-1,-1,-1,-1,-1,-1,-1,-1,-1,-1,-1,-1,-1,False,False,0,0,False,207,0,0,0,0,0,0,0,0,0,0,0,0,0,0,0,1,
0,4600,2026-02-23 13:17:20Z,LLM_Empathetic,6.93082,7.22241,6.639231,0.6132932,0,1.603028,0,0,0,0,0,0,5.499328,4.351453,6.647213,0.592854,0.702737,0.482971,7.398625,6.222669,8.574582,0.5873373,0,2.109738,7.202761,6.107436,8.298087,9.867924,10,9.527436,6.93082,7.22241,6.639231,0.6132932,0,1.603028,0,0,0,0,0,0,5.499328,4.351453,6.647213,0.592854,0.702737,0.482971,7.398625,6.222669,8.574582,0.5873373,0,2.109738,7.202761,6.107436,8.298087,9.867924,10,9.527436,-1,-1,-1,-1,-1,-1,-1,-1,-1,-1,-1,-1,-1,-1,-1,-1,-1,-1,-1,-1,-1,-1,-1,-1,-1,-1,-1,-1,-1,-1,-1,-1,-1,-1,-1,-1,-1,-1,-1,-1,-1,-1,-1,-1,-1,-1,-1,-1,-1,-1,0,0,0,0,0,0,-1,-1,-1,-1,-1,-1,-1,-1,-1,-1,-1,-1,0,0,0,0,0,0,-1,-1,-1,-1,-1,-1,-1,-1,-1,-1,-1,-1,-1,-1,False,False,0,0,False,209,0,0,0,0,0,0,0,0,0,0,0,0,0,0,0,1,
0,4601,2026-02-23 13:17:20Z,LLM_Empathetic,6.930818,7.222409,6.639227,0.6132971,0,1.60303,0,0,0,0,0,0,5.499325,4.351452,6.647208,0.592854,0.702737,0.482971,7.398624,6.22267,8.574578,0.5873398,0,2.10974,7.202757,6.107433,8.29808,9.867916,10,9.527426,6.930818,7.222409,6.639227,0.6132971,0,1.60303,0,0,0,0,0,0,5.499325,4.351452,6.647208,0.592854,0.702737,0.482971,7.398624,6.22267,8.574578,0.5873398,0,2.10974,7.202757,6.107433,8.29808,9.867916,10,9.527426,-1,-1,-1,-1,-1,-1,-1,-1,-1,-1,-1,-1,-1,-1,-1,-1,-1,-1,-1,-1,-1,-1,-1,-1,-1,-1,-1,-1,-1,-1,-1,-1,-1,-1,-1,-1,-1,-1,-1,-1,-1,-1,-1,-1,-1,-1,-1,-1,-1,-1,0,0,0,0,0,0,-1,-1,-1,-1,-1,-1,-1,-1,-1,-1,-1,-1,0,0,0,0,0,0,-1,-1,-1,-1,-1,-1,-1,-1,-1,-1,-1,-1,-1,-1,False,False,0,0,False,209,0,0,0,0,0,0,0,0,0,0,0,0,0,0,0,1,
0,4602,2026-02-23 13:17:21Z,LLM_Empathetic,6.930813,7.222408,6.639218,0.6133049,0,1.603034,0,0,0,0,0,0,5.499319,4.35145,6.647199,0.592854,0.702737,0.482971,7.398621,6.222671,8.574572,0.5873448,0,2.109745,7.202748,6.107429,8.298069,9.8679,10,9.527405,6.930813,7.222408,6.639218,0.6133049,0,1.603034,0,0,0,0,0,0,5.499319,4.35145,6.647199,0.592854,0.702737,0.482971,7.398621,6.222671,8.574572,0.5873448,0,2.109745,7.202748,6.107429,8.298069,9.8679,10,9.527405,-1,-1,-1,-1,-1,-1,-1,-1,-1,-1,-1,-1,-1,-1,-1,-1,-1,-1,-1,-1,-1,-1,-1,-1,-1,-1,-1,-1,-1,-1,-1,-1,-1,-1,-1,-1,-1,-1,-1,-1,-1,-1,-1,-1,-1,-1,-1,-1,-1,-1,0,0,0,0,0,0,-1,-1,-1,-1,-1,-1,-1,-1,-1,-1,-1,-1,0,0,0,0,0,0,-1,-1,-1,-1,-1,-1,-1,-1,-1,-1,-1,-1,-1,-1,False,False,0,0,False,209,0,0,0,0,0,0,0,0,0,0,0,0,0,0,0,1,
0,4603,2026-02-23 13:17:21Z,LLM_Empathetic,6.930809,7.222408,6.63921,0.6133127,0,1.603039,0,0,0,0,0,0,5.499313,4.351448,6.647189,0.592854,0.702737,0.482971,7.398618,6.222672,8.574565,0.5873498,0,2.10975,7.20274,6.107425,8.298057,9.867883,10,9.527385,6.930809,7.222408,6.63921,0.6133127,0,1.603039,0,0,0,0,0,0,5.499313,4.351448,6.647189,0.592854,0.702737,0.482971,7.398618,6.222672,8.574565,0.5873498,0,2.10975,7.20274,6.107425,8.298057,9.867883,10,9.527385,-1,-1,-1,-1,-1,-1,-1,-1,-1,-1,-1,-1,-1,-1,-1,-1,-1,-1,-1,-1,-1,-1,-1,-1,-1,-1,-1,-1,-1,-1,-1,-1,-1,-1,-1,-1,-1,-1,-1,-1,-1,-1,-1,-1,-1,-1,-1,-1,-1,-1,0,0,0,0,0,0,-1,-1,-1,-1,-1,-1,-1,-1,-1,-1,-1,-1,0,0,0,0,0,0,-1,-1,-1,-1,-1,-1,-1,-1,-1,-1,-1,-1,-1,-1,False,False,0,0,False,209,0,0,0,0,0,0,0,0,0,0,0,0,0,0,0,1,
0,4604,2026-02-23 13:17:21Z,LLM_Empathetic,6.930804,7.222407,6.639202,0.6133206,0,1.603043,0,0,0,0,0,0,5.499307,4.351446,6.647179,0.592854,0.702737,0.482971,7.398616,6.222673,8.574558,0.5873548,0,2.109755,7.202732,6.10742,8.298045,9.867867,10,9.527364,6.930804,7.222407,6.639202,0.6133206,0,1.603043,0,0,0,0,0,0,5.499307,4.351446,6.647179,0.592854,0.702737,0.482971,7.398616,6.222673,8.574558,0.5873548,0,2.109755,7.202732,6.10742,8.298045,9.867867,10,9.527364,-1,-1,-1,-1,-1,-1,-1,-1,-1,-1,-1,-1,-1,-1,-1,-1,-1,-1,-1,-1,-1,-1,-1,-1,-1,-1,-1,-1,-1,-1,-1,-1,-1,-1,-1,-1,-1,-1,-1,-1,-1,-1,-1,-1,-1,-1,-1,-1,-1,-1,0,0,0,0,0,0,-1,-1,-1,-1,-1,-1,-1,-1,-1,-1,-1,-1,0,0,0,0,0,0,-1,-1,-1,-1,-1,-1,-1,-1,-1,-1,-1,-1,-1,-1,False,False,0,0,False,207,0,0,0,0,0,0,0,0,0,0,0,0,0,0,0,1,
0,4605,2026-02-23 13:17:21Z,LLM_Empathetic,6.930799,7.222406,6.639193,0.6133284,0,1.603047,0,0,0,0,0,0,5.499301,4.351444,6.647169,0.592854,0.702737,0.482971,7.398613,6.222675,8.574552,0.5873598,0,2.10976,7.202724,6.107416,8.298033,9.86785,10,9.527343,6.930799,7.222406,6.639193,0.6133284,0,1.603047,0,0,0,0,0,0,5.499301,4.351444,6.647169,0.592854,0.702737,0.482971,7.398613,6.222675,8.574552,0.5873598,0,2.10976,7.202724,6.107416,8.298033,9.86785,10,9.527343,-1,-1,-1,-1,-1,-1,-1,-1,-1,-1,-1,-1,-1,-1,-1,-1,-1,-1,-1,-1,-1,-1,-1,-1,-1,-1,-1,-1,-1,-1,-1,-1,-1,-1,-1,-1,-1,-1,-1,-1,-1,-1,-1,-1,-1,-1,-1,-1,-1,-1,0,0,0,0,0,0,-1,-1,-1,-1,-1,-1,-1,-1,-1,-1,-1,-1,0,0,0,0,0,0,-1,-1,-1,-1,-1,-1,-1,-1,-1,-1,-1,-1,-1,-1,False,False,0,0,False,209,0,0,0,0,0,0,0,0,0,0,0,0,0,0,0,1,
0,4606,2026-02-23 13:17:21Z,LLM_Empathetic,6.930793,7.222405,6.639181,0.6133402,0,1.603054,0,0,0,0,0,0,5.499292,4.351441,6.647154,0.592854,0.702737,0.482971,7.398609,6.222677,8.574541,0.5873674,0,2.109768,7.202712,6.107409,8.298015,9.867826,10,9.527312,6.930793,7.222405,6.639181,0.6133402,0,1.603054,0,0,0,0,0,0,5.499292,4.351441,6.647154,0.592854,0.702737,0.482971,7.398609,6.222677,8.574541,0.5873674,0,2.109768,7.202712,6.107409,8.298015,9.867826,10,9.527312,-1,-1,-1,-1,-1,-1,-1,-1,-1,-1,-1,-1,-1,-1,-1,-1,-1,-1,-1,-1,-1,-1,-1,-1,-1,-1,-1,-1,-1,-1,-1,-1,-1,-1,-1,-1,-1,-1,-1,-1,-1,-1,-1,-1,-1,-1,-1,-1,-1,-1,0,0,0,0,0,0,-1,-1,-1,-1,-1,-1,-1,-1,-1,-1,-1,-1,0,0,0,0,0,0,-1,-1,-1,-1,-1,-1,-1,-1,-1,-1,-1,-1,-1,-1,False,False,0,0,False,209,0,0,0,0,0,0,0,0,0,0,0,0,0,0,0,1,
0,4607,2026-02-23 13:17:21Z,LLM_Empathetic,6.93079,7.222404,6.639176,0.6133441,0,1.603056,0,0,0,0,0,0,5.49929,4.35144,6.647149,0.592854,0.702737,0.482971,7.398608,6.222678,8.574537,0.5873699,0,2.10977,7.202707,6.107407,8.298009,9.867817,10,9.527302,6.93079,7.222404,6.639176,0.6133441,0,1.603056,0,0,0,0,0,0,5.49929,4.35144,6.647149,0.592854,0.702737,0.482971,7.398608,6.222678,8.574537,0.5873699,0,2.10977,7.202707,6.107407,8.298009,9.867817,10,9.527302,-1,-1,-1,-1,-1,-1,-1,-1,-1,-1,-1,-1,-1,-1,-1,-1,-1,-1,-1,-1,-1,-1,-1,-1,-1,-1,-1,-1,-1,-1,-1,-1,-1,-1,-1,-1,-1,-1,-1,-1,-1,-1,-1,-1,-1,-1,-1,-1,-1,-1,0,0,0,0,0,0,-1,-1,-1,-1,-1,-1,-1,-1,-1,-1,-1,-1,0,0,0,0,0,0,-1,-1,-1,-1,-1,-1,-1,-1,-1,-1,-1,-1,-1,-1,False,False,0,0,False,209,0,0,0,0,0,0,0,0,0,0,0,0,0,0,0,1,
0,4608,2026-02-23 13:17:21Z,LLM_Empathetic,6.930786,7.222404,6.639168,0.613352,0,1.60306,0,0,0,0,0,0,5.499283,4.351438,6.647139,0.592854,0.702737,0.482971,7.398605,6.222679,8.574531,0.5873749,0,2.109775,7.202699,6.107402,8.297997,9.867801,10,9.527281,6.930786,7.222404,6.639168,0.613352,0,1.60306,0,0,0,0,0,0,5.499283,4.351438,6.647139,0.592854,0.702737,0.482971,7.398605,6.222679,8.574531,0.5873749,0,2.109775,7.202699,6.107402,8.297997,9.867801,10,9.527281,-1,-1,-1,-1,-1,-1,-1,-1,-1,-1,-1,-1,-1,-1,-1,-1,-1,-1,-1,-1,-1,-1,-1,-1,-1,-1,-1,-1,-1,-1,-1,-1,-1,-1,-1,-1,-1,-1,-1,-1,-1,-1,-1,-1,-1,-1,-1,-1,-1,-1,0,0,0,0,0,0,-1,-1,-1,-1,-1,-1,-1,-1,-1,-1,-1,-1,0,0,0,0,0,0,-1,-1,-1,-1,-1,-1,-1,-1,-1,-1,-1,-1,-1,-1,False,False,0,0,False,209,0,0,0,0,0,0,0,0,0,0,0,0,0,0,0,1,
0,4609,2026-02-23 13:17:21Z,LLM_Empathetic,6.930781,7.222403,6.63916,0.6133599,0,1.603065,0,0,0,0,0,0,5.499278,4.351436,6.647129,0.592854,0.702737,0.482971,7.398602,6.222681,8.574524,0.58738,0,2.10978,7.202691,6.107398,8.297985,9.867785,10,9.527261,6.930781,7.222403,6.63916,0.6133599,0,1.603065,0,0,0,0,0,0,5.499278,4.351436,6.647129,0.592854,0.702737,0.482971,7.398602,6.222681,8.574524,0.58738,0,2.10978,7.202691,6.107398,8.297985,9.867785,10,9.527261,-1,-1,-1,-1,-1,-1,-1,-1,-1,-1,-1,-1,-1,-1,-1,-1,-1,-1,-1,-1,-1,-1,-1,-1,-1,-1,-1,-1,-1,-1,-1,-1,-1,-1,-1,-1,-1,-1,-1,-1,-1,-1,-1,-1,-1,-1,-1,-1,-1,-1,0,0,0,0,0,0,-1,-1,-1,-1,-1,-1,-1,-1,-1,-1,-1,-1,0,0,0,0,0,0,-1,-1,-1,-1,-1,-1,-1,-1,-1,-1,-1,-1,-1,-1,False,False,0,0,False,209,0,0,0,0,0,0,0,0,0,0,0,0,0,0,0,1,
0,4610,2026-02-23 13:17:21Z,LLM_Empathetic,6.930777,7.222402,6.639151,0.6133677,0,1.603069,0,0,0,0,0,0,5.499271,4.351434,6.647119,0.592854,0.702737,0.482971,7.3986,6.222682,8.574517,0.5873851,0,2.109785,7.202682,6.107393,8.297973,9.867767,10,9.52724,6.930777,7.222402,6.639151,0.6133677,0,1.603069,0,0,0,0,0,0,5.499271,4.351434,6.647119,0.592854,0.702737,0.482971,7.3986,6.222682,8.574517,0.5873851,0,2.109785,7.202682,6.107393,8.297973,9.867767,10,9.52724,-1,-1,-1,-1,-1,-1,-1,-1,-1,-1,-1,-1,-1,-1,-1,-1,-1,-1,-1,-1,-1,-1,-1,-1,-1,-1,-1,-1,-1,-1,-1,-1,-1,-1,-1,-1,-1,-1,-1,-1,-1,-1,-1,-1,-1,-1,-1,-1,-1,-1,0,0,0,0,0,0,-1,-1,-1,-1,-1,-1,-1,-1,-1,-1,-1,-1,0,0,0,0,0,0,-1,-1,-1,-1,-1,-1,-1,-1,-1,-1,-1,-1,-1,-1,False,False,0,0,False,207,0,0,0,0,0,0,0,0,0,0,0,0,0,0,0,1,
0,4611,2026-02-23 13:17:21Z,LLM_Empathetic,6.930772,7.222401,6.639143,0.6133756,0,1.603073,0,0,0,0,0,0,5.499266,4.351432,6.64711,0.592854,0.702737,0.482971,7.398597,6.222683,8.574511,0.5873901,0,2.109791,7.202674,6.107389,8.29796,9.867751,10,9.527219,6.930772,7.222401,6.639143,0.6133756,0,1.603073,0,0,0,0,0,0,5.499266,4.351432,6.64711,0.592854,0.702737,0.482971,7.398597,6.222683,8.574511,0.5873901,0,2.109791,7.202674,6.107389,8.29796,9.867751,10,9.527219,-1,-1,-1,-1,-1,-1,-1,-1,-1,-1,-1,-1,-1,-1,-1,-1,-1,-1,-1,-1,-1,-1,-1,-1,-1,-1,-1,-1,-1,-1,-1,-1,-1,-1,-1,-1,-1,-1,-1,-1,-1,-1,-1,-1,-1,-1,-1,-1,-1,-1,0,0,0,0,0,0,-1,-1,-1,-1,-1,-1,-1,-1,-1,-1,-1,-1,0,0,0,0,0,0,-1,-1,-1,-1,-1,-1,-1,-1,-1,-1,-1,-1,-1,-1,False,False,0,0,False,207,0,0,0,0,0,0,0,0,0,0,0,0,0,0,0,1,
0,4612,2026-02-23 13:17:21Z,LLM_Empathetic,6.930769,7.222401,6.639139,0.6133796,0,1.603076,0,0,0,0,0,0,5.499262,4.351431,6.647104,0.592854,0.702737,0.482971,7.398595,6.222684,8.574507,0.5873926,0,2.109793,7.20267,6.107387,8.297955,9.867743,10,9.527208,6.930769,7.222401,6.639139,0.6133796,0,1.603076,0,0,0,0,0,0,5.499262,4.351431,6.647104,0.592854,0.702737,0.482971,7.398595,6.222684,8.574507,0.5873926,0,2.109793,7.20267,6.107387,8.297955,9.867743,10,9.527208,-1,-1,-1,-1,-1,-1,-1,-1,-1,-1,-1,-1,-1,-1,-1,-1,-1,-1,-1,-1,-1,-1,-1,-1,-1,-1,-1,-1,-1,-1,-1,-1,-1,-1,-1,-1,-1,-1,-1,-1,-1,-1,-1,-1,-1,-1,-1,-1,-1,-1,0,0,0,0,0,0,-1,-1,-1,-1,-1,-1,-1,-1,-1,-1,-1,-1,0,0,0,0,0,0,-1,-1,-1,-1,-1,-1,-1,-1,-1,-1,-1,-1,-1,-1,False,False,0,0,False,209,0,0,0,0,0,0,0,0,0,0,0,0,0,0,0,1,
0,4613,2026-02-23 13:17:21Z,LLM_Empathetic,6.930765,7.2224,6.63913,0.6133875,0,1.60308,0,0,0,0,0,0,5.499257,4.351429,6.647094,0.592854,0.702737,0.482971,7.398592,6.222685,8.5745,0.5873977,0,2.109798,7.202662,6.107382,8.297942,9.867726,10,9.527187,6.930765,7.2224,6.63913,0.6133875,0,1.60308,0,0,0,0,0,0,5.499257,4.351429,6.647094,0.592854,0.702737,0.482971,7.398592,6.222685,8.5745,0.5873977,0,2.109798,7.202662,6.107382,8.297942,9.867726,10,9.527187,-1,-1,-1,-1,-1,-1,-1,-1,-1,-1,-1,-1,-1,-1,-1,-1,-1,-1,-1,-1,-1,-1,-1,-1,-1,-1,-1,-1,-1,-1,-1,-1,-1,-1,-1,-1,-1,-1,-1,-1,-1,-1,-1,-1,-1,-1,-1,-1,-1,-1,0,0,0,0,0,0,-1,-1,-1,-1,-1,-1,-1,-1,-1,-1,-1,-1,0,0,0,0,0,0,-1,-1,-1,-1,-1,-1,-1,-1,-1,-1,-1,-1,-1,-1,False,False,0,0,False,209,0,0,0,0,0,0,0,0,0,0,0,0,0,0,0,1,
0,4614,2026-02-23 13:17:21Z,LLM_Empathetic,6.93076,7.222399,6.639122,0.6133954,0,1.603084,0,0,0,0,0,0,5.49925,4.351427,6.647084,0.592854,0.702737,0.482971,7.39859,6.222687,8.574493,0.5874027,0,2.109803,7.202653,6.107378,8.297931,9.86771,10,9.527166,6.93076,7.222399,6.639122,0.6133954,0,1.603084,0,0,0,0,0,0,5.49925,4.351427,6.647084,0.592854,0.702737,0.482971,7.39859,6.222687,8.574493,0.5874027,0,2.109803,7.202653,6.107378,8.297931,9.86771,10,9.527166,-1,-1,-1,-1,-1,-1,-1,-1,-1,-1,-1,-1,-1,-1,-1,-1,-1,-1,-1,-1,-1,-1,-1,-1,-1,-1,-1,-1,-1,-1,-1,-1,-1,-1,-1,-1,-1,-1,-1,-1,-1,-1,-1,-1,-1,-1,-1,-1,-1,-1,0,0,0,0,0,0,-1,-1,-1,-1,-1,-1,-1,-1,-1,-1,-1,-1,0,0,0,0,0,0,-1,-1,-1,-1,-1,-1,-1,-1,-1,-1,-1,-1,-1,-1,False,False,0,0,False,209,0,0,0,0,0,0,0,0,0,0,0,0,0,0,0,1,
0,4615,2026-02-23 13:17:21Z,LLM_Empathetic,6.930756,7.222398,6.639113,0.6134033,0,1.603089,0,0,0,0,0,0,5.499245,4.351425,6.647074,0.592854,0.702737,0.482971,7.398587,6.222688,8.574487,0.5874078,0,2.109808,7.202645,6.107373,8.297918,9.867693,10,9.527146,6.930756,7.222398,6.639113,0.6134033,0,1.603089,0,0,0,0,0,0,5.499245,4.351425,6.647074,0.592854,0.702737,0.482971,7.398587,6.222688,8.574487,0.5874078,0,2.109808,7.202645,6.107373,8.297918,9.867693,10,9.527146,-1,-1,-1,-1,-1,-1,-1,-1,-1,-1,-1,-1,-1,-1,-1,-1,-1,-1,-1,-1,-1,-1,-1,-1,-1,-1,-1,-1,-1,-1,-1,-1,-1,-1,-1,-1,-1,-1,-1,-1,-1,-1,-1,-1,-1,-1,-1,-1,-1,-1,0,0,0,0,0,0,-1,-1,-1,-1,-1,-1,-1,-1,-1,-1,-1,-1,0,0,0,0,0,0,-1,-1,-1,-1,-1,-1,-1,-1,-1,-1,-1,-1,-1,-1,False,False,0,0,False,207,0,0,0,0,0,0,0,0,0,0,0,0,0,0,0,1,
0,4616,2026-02-23 13:17:21Z,LLM_Empathetic,6.930753,7.222398,6.639109,0.6134073,0,1.603091,0,0,0,0,0,0,5.499242,4.351424,6.647069,0.592854,0.702737,0.482971,7.398586,6.222689,8.574483,0.5874103,0,2.109811,7.202641,6.107371,8.297912,9.867684,10,9.527136,6.930753,7.222398,6.639109,0.6134073,0,1.603091,0,0,0,0,0,0,5.499242,4.351424,6.647069,0.592854,0.702737,0.482971,7.398586,6.222689,8.574483,0.5874103,0,2.109811,7.202641,6.107371,8.297912,9.867684,10,9.527136,-1,-1,-1,-1,-1,-1,-1,-1,-1,-1,-1,-1,-1,-1,-1,-1,-1,-1,-1,-1,-1,-1,-1,-1,-1,-1,-1,-1,-1,-1,-1,-1,-1,-1,-1,-1,-1,-1,-1,-1,-1,-1,-1,-1,-1,-1,-1,-1,-1,-1,0,0,0,0,0,0,-1,-1,-1,-1,-1,-1,-1,-1,-1,-1,-1,-1,0,0,0,0,0,0,-1,-1,-1,-1,-1,-1,-1,-1,-1,-1,-1,-1,-1,-1,False,False,0,0,False,207,0,0,0,0,0,0,0,0,0,0,0,0,0,0,0,1,
0,4617,2026-02-23 13:17:21Z,LLM_Empathetic,6.930748,7.222397,6.639101,0.6134152,0,1.603095,0,0,0,0,0,0,5.499236,4.351422,6.647059,0.592854,0.702737,0.482971,7.398583,6.222691,8.574476,0.5874154,0,2.109816,7.202633,6.107367,8.2979,9.867668,10,9.527115,6.930748,7.222397,6.639101,0.6134152,0,1.603095,0,0,0,0,0,0,5.499236,4.351422,6.647059,0.592854,0.702737,0.482971,7.398583,6.222691,8.574476,0.5874154,0,2.109816,7.202633,6.107367,8.2979,9.867668,10,9.527115,-1,-1,-1,-1,-1,-1,-1,-1,-1,-1,-1,-1,-1,-1,-1,-1,-1,-1,-1,-1,-1,-1,-1,-1,-1,-1,-1,-1,-1,-1,-1,-1,-1,-1,-1,-1,-1,-1,-1,-1,-1,-1,-1,-1,-1,-1,-1,-1,-1,-1,0,0,0,0,0,0,-1,-1,-1,-1,-1,-1,-1,-1,-1,-1,-1,-1,0,0,0,0,0,0,-1,-1,-1,-1,-1,-1,-1,-1,-1,-1,-1,-1,-1,-1,False,False,0,0,False,207,0,0,0,0,0,0,0,0,0,0,0,0,0,0,0,1,
0,4618,2026-02-23 13:17:21Z,LLM_Empathetic,6.930744,7.222396,6.639092,0.6134231,0,1.6031,0,0,0,0,0,0,5.499229,4.35142,6.647049,0.592854,0.702737,0.482971,7.39858,6.222692,8.57447,0.5874205,0,2.109821,7.202624,6.107362,8.297888,9.867651,10,9.527094,6.930744,7.222396,6.639092,0.6134231,0,1.6031,0,0,0,0,0,0,5.499229,4.35142,6.647049,0.592854,0.702737,0.482971,7.39858,6.222692,8.57447,0.5874205,0,2.109821,7.202624,6.107362,8.297888,9.867651,10,9.527094,-1,-1,-1,-1,-1,-1,-1,-1,-1,-1,-1,-1,-1,-1,-1,-1,-1,-1,-1,-1,-1,-1,-1,-1,-1,-1,-1,-1,-1,-1,-1,-1,-1,-1,-1,-1,-1,-1,-1,-1,-1,-1,-1,-1,-1,-1,-1,-1,-1,-1,0,0,0,0,0,0,-1,-1,-1,-1,-1,-1,-1,-1,-1,-1,-1,-1,0,0,0,0,0,0,-1,-1,-1,-1,-1,-1,-1,-1,-1,-1,-1,-1,-1,-1,False,False,0,0,False,209,0,0,0,0,0,0,0,0,0,0,0,0,0,0,0,1,
0,4619,2026-02-23 13:17:21Z,LLM_Empathetic,6.930737,7.222394,6.639079,0.613435,0,1.603106,0,0,0,0,0,0,5.49922,4.351417,6.647034,0.592854,0.702737,0.482971,7.398576,6.222694,8.574459,0.5874281,0,2.109828,7.202612,6.107355,8.29787,9.867626,10,9.527062,6.930737,7.222394,6.639079,0.613435,0,1.603106,0,0,0,0,0,0,5.49922,4.351417,6.647034,0.592854,0.702737,0.482971,7.398576,6.222694,8.574459,0.5874281,0,2.109828,7.202612,6.107355,8.29787,9.867626,10,9.527062,-1,-1,-1,-1,-1,-1,-1,-1,-1,-1,-1,-1,-1,-1,-1,-1,-1,-1,-1,-1,-1,-1,-1,-1,-1,-1,-1,-1,-1,-1,-1,-1,-1,-1,-1,-1,-1,-1,-1,-1,-1,-1,-1,-1,-1,-1,-1,-1,-1,-1,0,0,0,0,0,0,-1,-1,-1,-1,-1,-1,-1,-1,-1,-1,-1,-1,0,0,0,0,0,0,-1,-1,-1,-1,-1,-1,-1,-1,-1,-1,-1,-1,-1,-1,False,False,0,0,False,207,0,0,0,0,0,0,0,0,0,0,0,0,0,0,0,1,
0,4620,2026-02-23 13:17:21Z,LLM_Empathetic,6.930732,7.222394,6.639071,0.613443,0,1.603111,0,0,0,0,0,0,5.499215,4.351415,6.647024,0.592854,0.702737,0.482971,7.398573,6.222695,8.574452,0.5874332,0,2.109833,7.202603,6.10735,8.297857,9.86761,10,9.527041,6.930732,7.222394,6.639071,0.613443,0,1.603111,0,0,0,0,0,0,5.499215,4.351415,6.647024,0.592854,0.702737,0.482971,7.398573,6.222695,8.574452,0.5874332,0,2.109833,7.202603,6.10735,8.297857,9.86761,10,9.527041,-1,-1,-1,-1,-1,-1,-1,-1,-1,-1,-1,-1,-1,-1,-1,-1,-1,-1,-1,-1,-1,-1,-1,-1,-1,-1,-1,-1,-1,-1,-1,-1,-1,-1,-1,-1,-1,-1,-1,-1,-1,-1,-1,-1,-1,-1,-1,-1,-1,-1,0,0,0,0,0,0,-1,-1,-1,-1,-1,-1,-1,-1,-1,-1,-1,-1,0,0,0,0,0,0,-1,-1,-1,-1,-1,-1,-1,-1,-1,-1,-1,-1,-1,-1,False,False,0,0,False,209,0,0,0,0,0,0,0,0,0,0,0,0,0,0,0,1,
0,4621,2026-02-23 13:17:21Z,LLM_Empathetic,6.930727,7.222393,6.639062,0.6134509,0,1.603115,0,0,0,0,0,0,5.499208,4.351413,6.647014,0.592854,0.702737,0.482971,7.398571,6.222697,8.574445,0.5874383,0,2.109839,7.202595,6.107346,8.297845,9.867593,10,9.52702,6.930727,7.222393,6.639062,0.6134509,0,1.603115,0,0,0,0,0,0,5.499208,4.351413,6.647014,0.592854,0.702737,0.482971,7.398571,6.222697,8.574445,0.5874383,0,2.109839,7.202595,6.107346,8.297845,9.867593,10,9.52702,-1,-1,-1,-1,-1,-1,-1,-1,-1,-1,-1,-1,-1,-1,-1,-1,-1,-1,-1,-1,-1,-1,-1,-1,-1,-1,-1,-1,-1,-1,-1,-1,-1,-1,-1,-1,-1,-1,-1,-1,-1,-1,-1,-1,-1,-1,-1,-1,-1,-1,0,0,0,0,0,0,-1,-1,-1,-1,-1,-1,-1,-1,-1,-1,-1,-1,0,0,0,0,0,0,-1,-1,-1,-1,-1,-1,-1,-1,-1,-1,-1,-1,-1,-1,False,False,0,0,False,207,0,0,0,0,0,0,0,0,0,0,0,0,0,0,0,1,
0,4622,2026-02-23 13:17:22Z,LLM_Empathetic,6.930723,7.222392,6.639054,0.6134589,0,1.603119,0,0,0,0,0,0,5.499203,4.351411,6.647004,0.592854,0.702737,0.482971,7.398568,6.222698,8.574438,0.5874434,0,2.109844,7.202587,6.107341,8.297832,9.867577,10,9.526999,6.930723,7.222392,6.639054,0.6134589,0,1.603119,0,0,0,0,0,0,5.499203,4.351411,6.647004,0.592854,0.702737,0.482971,7.398568,6.222698,8.574438,0.5874434,0,2.109844,7.202587,6.107341,8.297832,9.867577,10,9.526999,-1,-1,-1,-1,-1,-1,-1,-1,-1,-1,-1,-1,-1,-1,-1,-1,-1,-1,-1,-1,-1,-1,-1,-1,-1,-1,-1,-1,-1,-1,-1,-1,-1,-1,-1,-1,-1,-1,-1,-1,-1,-1,-1,-1,-1,-1,-1,-1,-1,-1,0,0,0,0,0,0,-1,-1,-1,-1,-1,-1,-1,-1,-1,-1,-1,-1,0,0,0,0,0,0,-1,-1,-1,-1,-1,-1,-1,-1,-1,-1,-1,-1,-1,-1,False,False,0,0,False,207,0,0,0,0,0,0,0,0,0,0,0,0,0,0,0,1,
0,4623,2026-02-23 13:17:22Z,LLM_Empathetic,6.930716,7.222391,6.639041,0.6134709,0,1.603126,0,0,0,0,0,0,5.499194,4.351408,6.646989,0.592854,0.702737,0.482971,7.398564,6.2227,8.574428,0.5874511,0,2.109851,7.202574,6.107335,8.297814,9.867551,10,9.526968,6.930716,7.222391,6.639041,0.6134709,0,1.603126,0,0,0,0,0,0,5.499194,4.351408,6.646989,0.592854,0.702737,0.482971,7.398564,6.2227,8.574428,0.5874511,0,2.109851,7.202574,6.107335,8.297814,9.867551,10,9.526968,-1,-1,-1,-1,-1,-1,-1,-1,-1,-1,-1,-1,-1,-1,-1,-1,-1,-1,-1,-1,-1,-1,-1,-1,-1,-1,-1,-1,-1,-1,-1,-1,-1,-1,-1,-1,-1,-1,-1,-1,-1,-1,-1,-1,-1,-1,-1,-1,-1,-1,0,0,0,0,0,0,-1,-1,-1,-1,-1,-1,-1,-1,-1,-1,-1,-1,0,0,0,0,0,0,-1,-1,-1,-1,-1,-1,-1,-1,-1,-1,-1,-1,-1,-1,False,False,0,0,False,207,0,0,0,0,0,0,0,0,0,0,0,0,0,0,0,1,
0,4624,2026-02-23 13:17:22Z,LLM_Empathetic,6.930711,7.22239,6.639032,0.6134789,0,1.60313,0,0,0,0,0,0,5.499187,4.351406,6.646979,0.592854,0.702737,0.482971,7.398561,6.222702,8.574421,0.5874562,0,2.109857,7.202566,6.10733,8.297802,9.867535,10,9.526947,6.930711,7.22239,6.639032,0.6134789,0,1.60313,0,0,0,0,0,0,5.499187,4.351406,6.646979,0.592854,0.702737,0.482971,7.398561,6.222702,8.574421,0.5874562,0,2.109857,7.202566,6.10733,8.297802,9.867535,10,9.526947,-1,-1,-1,-1,-1,-1,-1,-1,-1,-1,-1,-1,-1,-1,-1,-1,-1,-1,-1,-1,-1,-1,-1,-1,-1,-1,-1,-1,-1,-1,-1,-1,-1,-1,-1,-1,-1,-1,-1,-1,-1,-1,-1,-1,-1,-1,-1,-1,-1,-1,0,0,0,0,0,0,-1,-1,-1,-1,-1,-1,-1,-1,-1,-1,-1,-1,0,0,0,0,0,0,-1,-1,-1,-1,-1,-1,-1,-1,-1,-1,-1,-1,-1,-1,False,False,0,0,False,209,0,0,0,0,0,0,0,0,0,0,0,0,0,0,0,1,
0,4625,2026-02-23 13:17:22Z,LLM_Empathetic,6.930704,7.222389,6.639019,0.6134909,0,1.603137,0,0,0,0,0,0,5.499178,4.351403,6.646964,0.592854,0.702737,0.482971,7.398557,6.222704,8.57441,0.5874639,0,2.109864,7.202553,6.107323,8.297784,9.867509,10,9.526916,6.930704,7.222389,6.639019,0.6134909,0,1.603137,0,0,0,0,0,0,5.499178,4.351403,6.646964,0.592854,0.702737,0.482971,7.398557,6.222704,8.57441,0.5874639,0,2.109864,7.202553,6.107323,8.297784,9.867509,10,9.526916,-1,-1,-1,-1,-1,-1,-1,-1,-1,-1,-1,-1,-1,-1,-1,-1,-1,-1,-1,-1,-1,-1,-1,-1,-1,-1,-1,-1,-1,-1,-1,-1,-1,-1,-1,-1,-1,-1,-1,-1,-1,-1,-1,-1,-1,-1,-1,-1,-1,-1,0,0,0,0,0,0,-1,-1,-1,-1,-1,-1,-1,-1,-1,-1,-1,-1,0,0,0,0,0,0,-1,-1,-1,-1,-1,-1,-1,-1,-1,-1,-1,-1,-1,-1,False,False,0,0,False,209,0,0,0,0,0,0,0,0,0,0,0,0,0,0,0,1,
0,4626,2026-02-23 13:17:22Z,LLM_Empathetic,6.930699,7.222388,6.639011,0.6134989,0,1.603142,0,0,0,0,0,0,5.499172,4.351401,6.646954,0.592854,0.702737,0.482971,7.398554,6.222705,8.574404,0.587469,0,2.109869,7.202545,6.107319,8.297771,9.867493,10,9.526895,6.930699,7.222388,6.639011,0.6134989,0,1.603142,0,0,0,0,0,0,5.499172,4.351401,6.646954,0.592854,0.702737,0.482971,7.398554,6.222705,8.574404,0.587469,0,2.109869,7.202545,6.107319,8.297771,9.867493,10,9.526895,-1,-1,-1,-1,-1,-1,-1,-1,-1,-1,-1,-1,-1,-1,-1,-1,-1,-1,-1,-1,-1,-1,-1,-1,-1,-1,-1,-1,-1,-1,-1,-1,-1,-1,-1,-1,-1,-1,-1,-1,-1,-1,-1,-1,-1,-1,-1,-1,-1,-1,0,0,0,0,0,0,-1,-1,-1,-1,-1,-1,-1,-1,-1,-1,-1,-1,0,0,0,0,0,0,-1,-1,-1,-1,-1,-1,-1,-1,-1,-1,-1,-1,-1,-1,False,False,0,0,False,209,0,0,0,0,0,0,0,0,0,0,0,0,0,0,0,1,
0,4627,2026-02-23 13:17:22Z,LLM_Empathetic,6.930692,7.222386,6.638998,0.6135109,0,1.603148,0,0,0,0,0,0,5.499163,4.351398,6.646938,0.592854,0.702737,0.482971,7.39855,6.222707,8.574393,0.5874767,0,2.109877,7.202532,6.107312,8.297753,9.867467,10,9.526862,6.930692,7.222386,6.638998,0.6135109,0,1.603148,0,0,0,0,0,0,5.499163,4.351398,6.646938,0.592854,0.702737,0.482971,7.39855,6.222707,8.574393,0.5874767,0,2.109877,7.202532,6.107312,8.297753,9.867467,10,9.526862,-1,-1,-1,-1,-1,-1,-1,-1,-1,-1,-1,-1,-1,-1,-1,-1,-1,-1,-1,-1,-1,-1,-1,-1,-1,-1,-1,-1,-1,-1,-1,-1,-1,-1,-1,-1,-1,-1,-1,-1,-1,-1,-1,-1,-1,-1,-1,-1,-1,-1,0,0,0,0,0,0,-1,-1,-1,-1,-1,-1,-1,-1,-1,-1,-1,-1,0,0,0,0,0,0,-1,-1,-1,-1,-1,-1,-1,-1,-1,-1,-1,-1,-1,-1,False,False,0,0,False,209,0,0,0,0,0,0,0,0,0,0,0,0,0,0,0,1,
0,4628,2026-02-23 13:17:22Z,LLM_Empathetic,6.930687,7.222386,6.638989,0.613519,0,1.603153,0,0,0,0,0,0,5.499157,4.351396,6.646928,0.592854,0.702737,0.482971,7.398547,6.222709,8.574386,0.5874819,0,2.109882,7.202524,6.107307,8.297741,9.867451,10,9.526841,6.930687,7.222386,6.638989,0.613519,0,1.603153,0,0,0,0,0,0,5.499157,4.351396,6.646928,0.592854,0.702737,0.482971,7.398547,6.222709,8.574386,0.5874819,0,2.109882,7.202524,6.107307,8.297741,9.867451,10,9.526841,-1,-1,-1,-1,-1,-1,-1,-1,-1,-1,-1,-1,-1,-1,-1,-1,-1,-1,-1,-1,-1,-1,-1,-1,-1,-1,-1,-1,-1,-1,-1,-1,-1,-1,-1,-1,-1,-1,-1,-1,-1,-1,-1,-1,-1,-1,-1,-1,-1,-1,0,0,0,0,0,0,-1,-1,-1,-1,-1,-1,-1,-1,-1,-1,-1,-1,0,0,0,0,0,0,-1,-1,-1,-1,-1,-1,-1,-1,-1,-1,-1,-1,-1,-1,False,False,0,0,False,207,0,0,0,0,0,0,0,0,0,0,0,0,0,0,0,1,
0,4629,2026-02-23 13:17:22Z,LLM_Empathetic,6.93068,7.222384,6.638977,0.613531,0,1.603159,0,0,0,0,0,0,5.499148,4.351393,6.646913,0.592854,0.702737,0.482971,7.398543,6.222711,8.574375,0.5874896,0,2.10989,7.202511,6.1073,8.297723,9.867425,10,9.52681,6.93068,7.222384,6.638977,0.613531,0,1.603159,0,0,0,0,0,0,5.499148,4.351393,6.646913,0.592854,0.702737,0.482971,7.398543,6.222711,8.574375,0.5874896,0,2.10989,7.202511,6.1073,8.297723,9.867425,10,9.52681,-1,-1,-1,-1,-1,-1,-1,-1,-1,-1,-1,-1,-1,-1,-1,-1,-1,-1,-1,-1,-1,-1,-1,-1,-1,-1,-1,-1,-1,-1,-1,-1,-1,-1,-1,-1,-1,-1,-1,-1,-1,-1,-1,-1,-1,-1,-1,-1,-1,-1,0,0,0,0,0,0,-1,-1,-1,-1,-1,-1,-1,-1,-1,-1,-1,-1,0,0,0,0,0,0,-1,-1,-1,-1,-1,-1,-1,-1,-1,-1,-1,-1,-1,-1,False,False,0,0,False,207,0,0,0,0,0,0,0,0,0,0,0,0,0,0,0,1,
0,4630,2026-02-23 13:17:22Z,LLM_Empathetic,6.930676,7.222383,6.638968,0.613539,0,1.603164,0,0,0,0,0,0,5.499142,4.351391,6.646903,0.592854,0.702737,0.482971,7.39854,6.222713,8.574368,0.5874947,0,2.109895,7.202503,6.107296,8.29771,9.867408,10,9.526789,6.930676,7.222383,6.638968,0.613539,0,1.603164,0,0,0,0,0,0,5.499142,4.351391,6.646903,0.592854,0.702737,0.482971,7.39854,6.222713,8.574368,0.5874947,0,2.109895,7.202503,6.107296,8.29771,9.867408,10,9.526789,-1,-1,-1,-1,-1,-1,-1,-1,-1,-1,-1,-1,-1,-1,-1,-1,-1,-1,-1,-1,-1,-1,-1,-1,-1,-1,-1,-1,-1,-1,-1,-1,-1,-1,-1,-1,-1,-1,-1,-1,-1,-1,-1,-1,-1,-1,-1,-1,-1,-1,0,0,0,0,0,0,-1,-1,-1,-1,-1,-1,-1,-1,-1,-1,-1,-1,0,0,0,0,0,0,-1,-1,-1,-1,-1,-1,-1,-1,-1,-1,-1,-1,-1,-1,False,False,0,0,False,209,0,0,0,0,0,0,0,0,0,0,0,0,0,0,0,1,
0,4631,2026-02-23 13:17:22Z,LLM_Empathetic,6.930669,7.222382,6.638955,0.6135511,0,1.60317,0,0,0,0,0,0,5.499133,4.351388,6.646887,0.592854,0.702737,0.482971,7.398536,6.222714,8.574358,0.5875025,0,2.109903,7.20249,6.107289,8.297691,9.867383,10,9.526756,6.930669,7.222382,6.638955,0.6135511,0,1.60317,0,0,0,0,0,0,5.499133,4.351388,6.646887,0.592854,0.702737,0.482971,7.398536,6.222714,8.574358,0.5875025,0,2.109903,7.20249,6.107289,8.297691,9.867383,10,9.526756,-1,-1,-1,-1,-1,-1,-1,-1,-1,-1,-1,-1,-1,-1,-1,-1,-1,-1,-1,-1,-1,-1,-1,-1,-1,-1,-1,-1,-1,-1,-1,-1,-1,-1,-1,-1,-1,-1,-1,-1,-1,-1,-1,-1,-1,-1,-1,-1,-1,-1,0,0,0,0,0,0,-1,-1,-1,-1,-1,-1,-1,-1,-1,-1,-1,-1,0,0,0,0,0,0,-1,-1,-1,-1,-1,-1,-1,-1,-1,-1,-1,-1,-1,-1,False,False,0,0,False,207,0,0,0,0,0,0,0,0,0,0,0,0,0,0,0,1,
0,4632,2026-02-23 13:17:22Z,LLM_Empathetic,6.930664,7.222382,6.638946,0.6135592,0,1.603175,0,0,0,0,0,0,5.499126,4.351386,6.646877,0.592854,0.702737,0.482971,7.398533,6.222716,8.574351,0.5875077,0,2.109908,7.202481,6.107285,8.297679,9.867366,10,9.526735,6.930664,7.222382,6.638946,0.6135592,0,1.603175,0,0,0,0,0,0,5.499126,4.351386,6.646877,0.592854,0.702737,0.482971,7.398533,6.222716,8.574351,0.5875077,0,2.109908,7.202481,6.107285,8.297679,9.867366,10,9.526735,-1,-1,-1,-1,-1,-1,-1,-1,-1,-1,-1,-1,-1,-1,-1,-1,-1,-1,-1,-1,-1,-1,-1,-1,-1,-1,-1,-1,-1,-1,-1,-1,-1,-1,-1,-1,-1,-1,-1,-1,-1,-1,-1,-1,-1,-1,-1,-1,-1,-1,0,0,0,0,0,0,-1,-1,-1,-1,-1,-1,-1,-1,-1,-1,-1,-1,0,0,0,0,0,0,-1,-1,-1,-1,-1,-1,-1,-1,-1,-1,-1,-1,-1,-1,False,False,0,0,False,207,0,0,0,0,0,0,0,0,0,0,0,0,0,0,0,1,
0,4633,2026-02-23 13:17:22Z,LLM_Empathetic,6.930659,7.222381,6.638937,0.6135673,0,1.603179,0,0,0,0,0,0,5.499121,4.351384,6.646867,0.592854,0.702737,0.482971,7.39853,6.222717,8.574344,0.5875129,0,2.109913,7.202473,6.10728,8.297667,9.867349,10,9.526714,6.930659,7.222381,6.638937,0.6135673,0,1.603179,0,0,0,0,0,0,5.499121,4.351384,6.646867,0.592854,0.702737,0.482971,7.39853,6.222717,8.574344,0.5875129,0,2.109913,7.202473,6.10728,8.297667,9.867349,10,9.526714,-1,-1,-1,-1,-1,-1,-1,-1,-1,-1,-1,-1,-1,-1,-1,-1,-1,-1,-1,-1,-1,-1,-1,-1,-1,-1,-1,-1,-1,-1,-1,-1,-1,-1,-1,-1,-1,-1,-1,-1,-1,-1,-1,-1,-1,-1,-1,-1,-1,-1,0,0,0,0,0,0,-1,-1,-1,-1,-1,-1,-1,-1,-1,-1,-1,-1,0,0,0,0,0,0,-1,-1,-1,-1,-1,-1,-1,-1,-1,-1,-1,-1,-1,-1,False,False,0,0,False,207,0,0,0,0,0,0,0,0,0,0,0,0,0,0,0,1,
0,4634,2026-02-23 13:17:22Z,LLM_Empathetic,6.930652,7.222379,6.638925,0.6135795,0,1.603186,0,0,0,0,0,0,5.499111,4.351381,6.646852,0.592854,0.702737,0.482971,7.398526,6.22272,8.574333,0.5875206,0,2.109921,7.20246,6.107273,8.297648,9.867323,10,9.526682,6.930652,7.222379,6.638925,0.6135795,0,1.603186,0,0,0,0,0,0,5.499111,4.351381,6.646852,0.592854,0.702737,0.482971,7.398526,6.22272,8.574333,0.5875206,0,2.109921,7.20246,6.107273,8.297648,9.867323,10,9.526682,-1,-1,-1,-1,-1,-1,-1,-1,-1,-1,-1,-1,-1,-1,-1,-1,-1,-1,-1,-1,-1,-1,-1,-1,-1,-1,-1,-1,-1,-1,-1,-1,-1,-1,-1,-1,-1,-1,-1,-1,-1,-1,-1,-1,-1,-1,-1,-1,-1,-1,0,0,0,0,0,0,-1,-1,-1,-1,-1,-1,-1,-1,-1,-1,-1,-1,0,0,0,0,0,0,-1,-1,-1,-1,-1,-1,-1,-1,-1,-1,-1,-1,-1,-1,False,False,0,0,False,207,0,0,0,0,0,0,0,0,0,0,0,0,0,0,0,1,
0,4635,2026-02-23 13:17:22Z,LLM_Empathetic,6.930647,7.222378,6.638916,0.6135876,0,1.60319,0,0,0,0,0,0,5.499105,4.351379,6.646842,0.592854,0.702737,0.482971,7.398523,6.222721,8.574327,0.5875258,0,2.109926,7.202452,6.107268,8.297636,9.867307,10,9.526661,6.930647,7.222378,6.638916,0.6135876,0,1.60319,0,0,0,0,0,0,5.499105,4.351379,6.646842,0.592854,0.702737,0.482971,7.398523,6.222721,8.574327,0.5875258,0,2.109926,7.202452,6.107268,8.297636,9.867307,10,9.526661,-1,-1,-1,-1,-1,-1,-1,-1,-1,-1,-1,-1,-1,-1,-1,-1,-1,-1,-1,-1,-1,-1,-1,-1,-1,-1,-1,-1,-1,-1,-1,-1,-1,-1,-1,-1,-1,-1,-1,-1,-1,-1,-1,-1,-1,-1,-1,-1,-1,-1,0,0,0,0,0,0,-1,-1,-1,-1,-1,-1,-1,-1,-1,-1,-1,-1,0,0,0,0,0,0,-1,-1,-1,-1,-1,-1,-1,-1,-1,-1,-1,-1,-1,-1,False,False,0,0,False,209,0,0,0,0,0,0,0,0,0,0,0,0,0,0,0,1,
0,4636,2026-02-23 13:17:22Z,LLM_Empathetic,6.93064,7.222377,6.638903,0.6135997,0,1.603197,0,0,0,0,0,0,5.499096,4.351376,6.646826,0.592854,0.702737,0.482971,7.39852,6.222723,8.574316,0.5875336,0,2.109934,7.202439,6.107261,8.297617,9.867281,10,9.526628,6.93064,7.222377,6.638903,0.6135997,0,1.603197,0,0,0,0,0,0,5.499096,4.351376,6.646826,0.592854,0.702737,0.482971,7.39852,6.222723,8.574316,0.5875336,0,2.109934,7.202439,6.107261,8.297617,9.867281,10,9.526628,-1,-1,-1,-1,-1,-1,-1,-1,-1,-1,-1,-1,-1,-1,-1,-1,-1,-1,-1,-1,-1,-1,-1,-1,-1,-1,-1,-1,-1,-1,-1,-1,-1,-1,-1,-1,-1,-1,-1,-1,-1,-1,-1,-1,-1,-1,-1,-1,-1,-1,0,0,0,0,0,0,-1,-1,-1,-1,-1,-1,-1,-1,-1,-1,-1,-1,0,0,0,0,0,0,-1,-1,-1,-1,-1,-1,-1,-1,-1,-1,-1,-1,-1,-1,False,False,0,0,False,207,0,0,0,0,0,0,0,0,0,0,0,0,0,0,0,1,
0,4637,2026-02-23 13:17:22Z,LLM_Empathetic,6.930635,7.222376,6.638894,0.6136078,0,1.603202,0,0,0,0,0,0,5.49909,4.351374,6.646816,0.592854,0.702737,0.482971,7.398517,6.222724,8.574309,0.5875388,0,2.109939,7.20243,6.107257,8.297605,9.867264,10,9.526608,6.930635,7.222376,6.638894,0.6136078,0,1.603202,0,0,0,0,0,0,5.49909,4.351374,6.646816,0.592854,0.702737,0.482971,7.398517,6.222724,8.574309,0.5875388,0,2.109939,7.20243,6.107257,8.297605,9.867264,10,9.526608,-1,-1,-1,-1,-1,-1,-1,-1,-1,-1,-1,-1,-1,-1,-1,-1,-1,-1,-1,-1,-1,-1,-1,-1,-1,-1,-1,-1,-1,-1,-1,-1,-1,-1,-1,-1,-1,-1,-1,-1,-1,-1,-1,-1,-1,-1,-1,-1,-1,-1,0,0,0,0,0,0,-1,-1,-1,-1,-1,-1,-1,-1,-1,-1,-1,-1,0,0,0,0,0,0,-1,-1,-1,-1,-1,-1,-1,-1,-1,-1,-1,-1,-1,-1,False,False,0,0,False,209,0,0,0,0,0,0,0,0,0,0,0,0,0,0,0,1,
0,4638,2026-02-23 13:17:22Z,LLM_Empathetic,6.930631,7.222375,6.638885,0.613616,0,1.603206,0,0,0,0,0,0,5.499084,4.351372,6.646806,0.592854,0.702737,0.482971,7.398514,6.222726,8.574302,0.587544,0,2.109944,7.202422,6.107252,8.297592,9.867247,10,9.526586,6.930631,7.222375,6.638885,0.613616,0,1.603206,0,0,0,0,0,0,5.499084,4.351372,6.646806,0.592854,0.702737,0.482971,7.398514,6.222726,8.574302,0.587544,0,2.109944,7.202422,6.107252,8.297592,9.867247,10,9.526586,-1,-1,-1,-1,-1,-1,-1,-1,-1,-1,-1,-1,-1,-1,-1,-1,-1,-1,-1,-1,-1,-1,-1,-1,-1,-1,-1,-1,-1,-1,-1,-1,-1,-1,-1,-1,-1,-1,-1,-1,-1,-1,-1,-1,-1,-1,-1,-1,-1,-1,0,0,0,0,0,0,-1,-1,-1,-1,-1,-1,-1,-1,-1,-1,-1,-1,0,0,0,0,0,0,-1,-1,-1,-1,-1,-1,-1,-1,-1,-1,-1,-1,-1,-1,False,False,0,0,False,207,0,0,0,0,0,0,0,0,0,0,0,0,0,0,0,1,
0,4639,2026-02-23 13:17:22Z,LLM_Empathetic,6.930624,7.222374,6.638873,0.6136282,0,1.603213,0,0,0,0,0,0,5.499074,4.351369,6.64679,0.592854,0.702737,0.482971,7.39851,6.222728,8.574291,0.5875518,0,2.109952,7.202409,6.107245,8.297573,9.867221,10,9.526553,6.930624,7.222374,6.638873,0.6136282,0,1.603213,0,0,0,0,0,0,5.499074,4.351369,6.64679,0.592854,0.702737,0.482971,7.39851,6.222728,8.574291,0.5875518,0,2.109952,7.202409,6.107245,8.297573,9.867221,10,9.526553,-1,-1,-1,-1,-1,-1,-1,-1,-1,-1,-1,-1,-1,-1,-1,-1,-1,-1,-1,-1,-1,-1,-1,-1,-1,-1,-1,-1,-1,-1,-1,-1,-1,-1,-1,-1,-1,-1,-1,-1,-1,-1,-1,-1,-1,-1,-1,-1,-1,-1,0,0,0,0,0,0,-1,-1,-1,-1,-1,-1,-1,-1,-1,-1,-1,-1,0,0,0,0,0,0,-1,-1,-1,-1,-1,-1,-1,-1,-1,-1,-1,-1,-1,-1,False,False,0,0,False,207,0,0,0,0,0,0,0,0,0,0,0,0,0,0,0,1,
0,4640,2026-02-23 13:17:22Z,LLM_Empathetic,6.930619,7.222373,6.638864,0.6136363,0,1.603217,0,0,0,0,0,0,5.499068,4.351367,6.64678,0.592854,0.702737,0.482971,7.398507,6.22273,8.574285,0.587557,0,2.109957,7.2024,6.107241,8.297561,9.867204,10,9.526532,6.930619,7.222373,6.638864,0.6136363,0,1.603217,0,0,0,0,0,0,5.499068,4.351367,6.64678,0.592854,0.702737,0.482971,7.398507,6.22273,8.574285,0.587557,0,2.109957,7.2024,6.107241,8.297561,9.867204,10,9.526532,-1,-1,-1,-1,-1,-1,-1,-1,-1,-1,-1,-1,-1,-1,-1,-1,-1,-1,-1,-1,-1,-1,-1,-1,-1,-1,-1,-1,-1,-1,-1,-1,-1,-1,-1,-1,-1,-1,-1,-1,-1,-1,-1,-1,-1,-1,-1,-1,-1,-1,0,0,0,0,0,0,-1,-1,-1,-1,-1,-1,-1,-1,-1,-1,-1,-1,0,0,0,0,0,0,-1,-1,-1,-1,-1,-1,-1,-1,-1,-1,-1,-1,-1,-1,False,False,0,0,False,209,0,0,0,0,0,0,0,0,0,0,0,0,0,0,0,1,
0,4641,2026-02-23 13:17:22Z,LLM_Empathetic,6.930614,7.222373,6.638855,0.6136445,0,1.603222,0,0,0,0,0,0,5.499062,4.351365,6.64677,0.592854,0.702737,0.482971,7.398504,6.222731,8.574277,0.5875623,0,2.109963,7.202392,6.107236,8.297548,9.867187,10,9.52651,6.930614,7.222373,6.638855,0.6136445,0,1.603222,0,0,0,0,0,0,5.499062,4.351365,6.64677,0.592854,0.702737,0.482971,7.398504,6.222731,8.574277,0.5875623,0,2.109963,7.202392,6.107236,8.297548,9.867187,10,9.52651,-1,-1,-1,-1,-1,-1,-1,-1,-1,-1,-1,-1,-1,-1,-1,-1,-1,-1,-1,-1,-1,-1,-1,-1,-1,-1,-1,-1,-1,-1,-1,-1,-1,-1,-1,-1,-1,-1,-1,-1,-1,-1,-1,-1,-1,-1,-1,-1,-1,-1,0,0,0,0,0,0,-1,-1,-1,-1,-1,-1,-1,-1,-1,-1,-1,-1,0,0,0,0,0,0,-1,-1,-1,-1,-1,-1,-1,-1,-1,-1,-1,-1,-1,-1,False,False,0,0,False,209,0,0,0,0,0,0,0,0,0,0,0,0,0,0,0,1,
0,4642,2026-02-23 13:17:23Z,LLM_Empathetic,6.930606,7.222371,6.638842,0.6136568,0,1.603229,0,0,0,0,0,0,5.499053,4.351362,6.646754,0.592854,0.702737,0.482971,7.398499,6.222733,8.574266,0.5875701,0,2.109971,7.202379,6.107229,8.29753,9.867161,10,9.526479,6.930606,7.222371,6.638842,0.6136568,0,1.603229,0,0,0,0,0,0,5.499053,4.351362,6.646754,0.592854,0.702737,0.482971,7.398499,6.222733,8.574266,0.5875701,0,2.109971,7.202379,6.107229,8.29753,9.867161,10,9.526479,-1,-1,-1,-1,-1,-1,-1,-1,-1,-1,-1,-1,-1,-1,-1,-1,-1,-1,-1,-1,-1,-1,-1,-1,-1,-1,-1,-1,-1,-1,-1,-1,-1,-1,-1,-1,-1,-1,-1,-1,-1,-1,-1,-1,-1,-1,-1,-1,-1,-1,0,0,0,0,0,0,-1,-1,-1,-1,-1,-1,-1,-1,-1,-1,-1,-1,0,0,0,0,0,0,-1,-1,-1,-1,-1,-1,-1,-1,-1,-1,-1,-1,-1,-1,False,False,0,0,False,209,0,0,0,0,0,0,0,0,0,0,0,0,0,0,0,1,
0,4643,2026-02-23 13:17:23Z,LLM_Empathetic,6.930602,7.22237,6.638833,0.6136649,0,1.603233,0,0,0,0,0,0,5.499047,4.35136,6.646744,0.592854,0.702737,0.482971,7.398497,6.222735,8.57426,0.5875754,0,2.109976,7.20237,6.107224,8.297517,9.867144,10,9.526457,6.930602,7.22237,6.638833,0.6136649,0,1.603233,0,0,0,0,0,0,5.499047,4.35136,6.646744,0.592854,0.702737,0.482971,7.398497,6.222735,8.57426,0.5875754,0,2.109976,7.20237,6.107224,8.297517,9.867144,10,9.526457,-1,-1,-1,-1,-1,-1,-1,-1,-1,-1,-1,-1,-1,-1,-1,-1,-1,-1,-1,-1,-1,-1,-1,-1,-1,-1,-1,-1,-1,-1,-1,-1,-1,-1,-1,-1,-1,-1,-1,-1,-1,-1,-1,-1,-1,-1,-1,-1,-1,-1,0,0,0,0,0,0,-1,-1,-1,-1,-1,-1,-1,-1,-1,-1,-1,-1,0,0,0,0,0,0,-1,-1,-1,-1,-1,-1,-1,-1,-1,-1,-1,-1,-1,-1,False,False,0,0,False,209,0,0,0,0,0,0,0,0,0,0,0,0,0,0,0,1,
0,4644,2026-02-23 13:17:23Z,LLM_Empathetic,6.930594,7.222369,6.63882,0.6136772,0,1.60324,0,0,0,0,0,0,5.499037,4.351357,6.646729,0.592854,0.702737,0.482971,7.398493,6.222737,8.574248,0.5875832,0,2.109984,7.202357,6.107217,8.297499,9.867118,10,9.526424,6.930594,7.222369,6.63882,0.6136772,0,1.60324,0,0,0,0,0,0,5.499037,4.351357,6.646729,0.592854,0.702737,0.482971,7.398493,6.222737,8.574248,0.5875832,0,2.109984,7.202357,6.107217,8.297499,9.867118,10,9.526424,-1,-1,-1,-1,-1,-1,-1,-1,-1,-1,-1,-1,-1,-1,-1,-1,-1,-1,-1,-1,-1,-1,-1,-1,-1,-1,-1,-1,-1,-1,-1,-1,-1,-1,-1,-1,-1,-1,-1,-1,-1,-1,-1,-1,-1,-1,-1,-1,-1,-1,0,0,0,0,0,0,-1,-1,-1,-1,-1,-1,-1,-1,-1,-1,-1,-1,0,0,0,0,0,0,-1,-1,-1,-1,-1,-1,-1,-1,-1,-1,-1,-1,-1,-1,False,False,0,0,False,209,0,0,0,0,0,0,0,0,0,0,0,0,0,0,0,1,
0,4645,2026-02-23 13:17:23Z,LLM_Empathetic,6.93059,7.222368,6.638811,0.6136854,0,1.603244,0,0,0,0,0,0,5.499031,4.351355,6.646718,0.592854,0.702737,0.482971,7.39849,6.222738,8.574242,0.5875885,0,2.109989,7.202349,6.107213,8.297485,9.867101,10,9.526402,6.93059,7.222368,6.638811,0.6136854,0,1.603244,0,0,0,0,0,0,5.499031,4.351355,6.646718,0.592854,0.702737,0.482971,7.39849,6.222738,8.574242,0.5875885,0,2.109989,7.202349,6.107213,8.297485,9.867101,10,9.526402,-1,-1,-1,-1,-1,-1,-1,-1,-1,-1,-1,-1,-1,-1,-1,-1,-1,-1,-1,-1,-1,-1,-1,-1,-1,-1,-1,-1,-1,-1,-1,-1,-1,-1,-1,-1,-1,-1,-1,-1,-1,-1,-1,-1,-1,-1,-1,-1,-1,-1,0,0,0,0,0,0,-1,-1,-1,-1,-1,-1,-1,-1,-1,-1,-1,-1,0,0,0,0,0,0,-1,-1,-1,-1,-1,-1,-1,-1,-1,-1,-1,-1,-1,-1,False,False,0,0,False,209,0,0,0,0,0,0,0,0,0,0,0,0,0,0,0,1,
0,4646,2026-02-23 13:17:23Z,LLM_Empathetic,6.930583,7.222367,6.638798,0.6136978,0,1.603251,0,0,0,0,0,0,5.499022,4.351352,6.646702,0.592854,0.702737,0.482971,7.398486,6.222741,8.574231,0.5875964,0,2.109997,7.202336,6.107206,8.297467,9.867075,10,9.52637,6.930583,7.222367,6.638798,0.6136978,0,1.603251,0,0,0,0,0,0,5.499022,4.351352,6.646702,0.592854,0.702737,0.482971,7.398486,6.222741,8.574231,0.5875964,0,2.109997,7.202336,6.107206,8.297467,9.867075,10,9.52637,-1,-1,-1,-1,-1,-1,-1,-1,-1,-1,-1,-1,-1,-1,-1,-1,-1,-1,-1,-1,-1,-1,-1,-1,-1,-1,-1,-1,-1,-1,-1,-1,-1,-1,-1,-1,-1,-1,-1,-1,-1,-1,-1,-1,-1,-1,-1,-1,-1,-1,0,0,0,0,0,0,-1,-1,-1,-1,-1,-1,-1,-1,-1,-1,-1,-1,0,0,0,0,0,0,-1,-1,-1,-1,-1,-1,-1,-1,-1,-1,-1,-1,-1,-1,False,False,0,0,False,209,0,0,0,0,0,0,0,0,0,0,0,0,0,0,0,1,
0,4647,2026-02-23 13:17:23Z,LLM_Empathetic,6.930578,7.222366,6.638789,0.613706,0,1.603256,0,0,0,0,0,0,5.499015,4.351349,6.646692,0.592854,0.702737,0.482971,7.398483,6.222742,8.574224,0.5876016,0,2.110002,7.202327,6.107201,8.297454,9.867058,10,9.526349,6.930578,7.222366,6.638789,0.613706,0,1.603256,0,0,0,0,0,0,5.499015,4.351349,6.646692,0.592854,0.702737,0.482971,7.398483,6.222742,8.574224,0.5876016,0,2.110002,7.202327,6.107201,8.297454,9.867058,10,9.526349,-1,-1,-1,-1,-1,-1,-1,-1,-1,-1,-1,-1,-1,-1,-1,-1,-1,-1,-1,-1,-1,-1,-1,-1,-1,-1,-1,-1,-1,-1,-1,-1,-1,-1,-1,-1,-1,-1,-1,-1,-1,-1,-1,-1,-1,-1,-1,-1,-1,-1,0,0,0,0,0,0,-1,-1,-1,-1,-1,-1,-1,-1,-1,-1,-1,-1,0,0,0,0,0,0,-1,-1,-1,-1,-1,-1,-1,-1,-1,-1,-1,-1,-1,-1,False,False,0,0,False,207,0,0,0,0,0,0,0,0,0,0,0,0,0,0,0,1,
0,4648,2026-02-23 13:17:23Z,LLM_Empathetic,6.930573,7.222365,6.638781,0.6137142,0,1.60326,0,0,0,0,0,0,5.499009,4.351347,6.646682,0.592854,0.702737,0.482971,7.39848,6.222744,8.574217,0.5876069,0,2.110007,7.202319,6.107196,8.297441,9.867041,10,9.526327,6.930573,7.222365,6.638781,0.6137142,0,1.60326,0,0,0,0,0,0,5.499009,4.351347,6.646682,0.592854,0.702737,0.482971,7.39848,6.222744,8.574217,0.5876069,0,2.110007,7.202319,6.107196,8.297441,9.867041,10,9.526327,-1,-1,-1,-1,-1,-1,-1,-1,-1,-1,-1,-1,-1,-1,-1,-1,-1,-1,-1,-1,-1,-1,-1,-1,-1,-1,-1,-1,-1,-1,-1,-1,-1,-1,-1,-1,-1,-1,-1,-1,-1,-1,-1,-1,-1,-1,-1,-1,-1,-1,0,0,0,0,0,0,-1,-1,-1,-1,-1,-1,-1,-1,-1,-1,-1,-1,0,0,0,0,0,0,-1,-1,-1,-1,-1,-1,-1,-1,-1,-1,-1,-1,-1,-1,False,False,0,0,False,207,0,0,0,0,0,0,0,0,0,0,0,0,0,0,0,1,
0,4649,2026-02-23 13:17:23Z,LLM_Empathetic,6.930565,7.222363,6.638767,0.6137266,0,1.603267,0,0,0,0,0,0,5.499,4.351344,6.646666,0.592854,0.702737,0.482971,7.398476,6.222746,8.574205,0.5876148,0,2.110015,7.202306,6.107189,8.297422,9.867015,10,9.526295,6.930565,7.222363,6.638767,0.6137266,0,1.603267,0,0,0,0,0,0,5.499,4.351344,6.646666,0.592854,0.702737,0.482971,7.398476,6.222746,8.574205,0.5876148,0,2.110015,7.202306,6.107189,8.297422,9.867015,10,9.526295,-1,-1,-1,-1,-1,-1,-1,-1,-1,-1,-1,-1,-1,-1,-1,-1,-1,-1,-1,-1,-1,-1,-1,-1,-1,-1,-1,-1,-1,-1,-1,-1,-1,-1,-1,-1,-1,-1,-1,-1,-1,-1,-1,-1,-1,-1,-1,-1,-1,-1,0,0,0,0,0,0,-1,-1,-1,-1,-1,-1,-1,-1,-1,-1,-1,-1,0,0,0,0,0,0,-1,-1,-1,-1,-1,-1,-1,-1,-1,-1,-1,-1,-1,-1,False,False,0,0,False,209,0,0,0,0,0,0,0,0,0,0,0,0,0,0,0,1,
0,4650,2026-02-23 13:17:23Z,LLM_Empathetic,6.930565,7.222363,6.638767,0.6137266,0,1.603267,0,0,0,0,0,0,5.499,4.351344,6.646666,0.592854,0.702737,0.482971,7.398476,6.222746,8.574205,0.5876148,0,2.110015,7.202306,6.107189,8.297422,9.867015,10,9.526295,6.930565,7.222363,6.638767,0.6137266,0,1.603267,0,0,0,0,0,0,5.499,4.351344,6.646666,0.592854,0.702737,0.482971,7.398476,6.222746,8.574205,0.5876148,0,2.110015,7.202306,6.107189,8.297422,9.867015,10,9.526295,-1,-1,-1,-1,-1,-1,-1,-1,-1,-1,-1,-1,-1,-1,-1,-1,-1,-1,-1,-1,-1,-1,-1,-1,-1,-1,-1,-1,-1,-1,-1,-1,-1,-1,-1,-1,-1,-1,-1,-1,-1,-1,-1,-1,-1,-1,-1,-1,-1,-1,0,0,0,0,0,0,-1,-1,-1,-1,-1,-1,-1,-1,-1,-1,-1,-1,0,0,0,0,0,0,-1,-1,-1,-1,-1,-1,-1,-1,-1,-1,-1,-1,-1,-1,False,False,0,0,False,209,0,0,0,0,0,0,0,0,0,0,0,0,0,0,0,1,
0,4651,2026-02-23 13:17:23Z,LLM_Empathetic,6.930568,7.222364,6.638772,0.6137224,0,1.603265,0,0,0,0,0,0,5.499003,4.351346,6.646671,0.592854,0.702737,0.482971,7.398477,6.222745,8.574209,0.5876122,0,2.110013,7.20231,6.107192,8.297429,9.867023,10,9.526305,6.930568,7.222364,6.638772,0.6137224,0,1.603265,0,0,0,0,0,0,5.499003,4.351346,6.646671,0.592854,0.702737,0.482971,7.398477,6.222745,8.574209,0.5876122,0,2.110013,7.20231,6.107192,8.297429,9.867023,10,9.526305,-1,-1,-1,-1,-1,-1,-1,-1,-1,-1,-1,-1,-1,-1,-1,-1,-1,-1,-1,-1,-1,-1,-1,-1,-1,-1,-1,-1,-1,-1,-1,-1,-1,-1,-1,-1,-1,-1,-1,-1,-1,-1,-1,-1,-1,-1,-1,-1,-1,-1,0,0,0,0,0,0,-1,-1,-1,-1,-1,-1,-1,-1,-1,-1,-1,-1,0,0,0,0,0,0,-1,-1,-1,-1,-1,-1,-1,-1,-1,-1,-1,-1,-1,-1,False,False,0,0,False,209,0,0,0,0,0,0,0,0,0,0,0,0,0,0,0,1,
0,4652,2026-02-23 13:17:23Z,LLM_Empathetic,6.930568,7.222364,6.638772,0.6137224,0,1.603265,0,0,0,0,0,0,5.499003,4.351346,6.646671,0.592854,0.702737,0.482971,7.398477,6.222745,8.574209,0.5876122,0,2.110013,7.20231,6.107192,8.297429,9.867023,10,9.526305,6.930568,7.222364,6.638772,0.6137224,0,1.603265,0,0,0,0,0,0,5.499003,4.351346,6.646671,0.592854,0.702737,0.482971,7.398477,6.222745,8.574209,0.5876122,0,2.110013,7.20231,6.107192,8.297429,9.867023,10,9.526305,-1,-1,-1,-1,-1,-1,-1,-1,-1,-1,-1,-1,-1,-1,-1,-1,-1,-1,-1,-1,-1,-1,-1,-1,-1,-1,-1,-1,-1,-1,-1,-1,-1,-1,-1,-1,-1,-1,-1,-1,-1,-1,-1,-1,-1,-1,-1,-1,-1,-1,0,0,0,0,0,0,-1,-1,-1,-1,-1,-1,-1,-1,-1,-1,-1,-1,0,0,0,0,0,0,-1,-1,-1,-1,-1,-1,-1,-1,-1,-1,-1,-1,-1,-1,False,False,0,0,False,207,0,0,0,0,0,0,0,0,0,0,0,0,0,0,0,1,
0,4653,2026-02-23 13:17:23Z,LLM_Empathetic,6.930563,7.222363,6.638763,0.6137307,0,1.603269,0,0,0,0,0,0,5.498997,4.351343,6.646661,0.592854,0.702737,0.482971,7.398474,6.222746,8.574203,0.5876175,0,2.110018,7.202301,6.107187,8.297417,9.867006,10,9.526283,6.930563,7.222363,6.638763,0.6137307,0,1.603269,0,0,0,0,0,0,5.498997,4.351343,6.646661,0.592854,0.702737,0.482971,7.398474,6.222746,8.574203,0.5876175,0,2.110018,7.202301,6.107187,8.297417,9.867006,10,9.526283,-1,-1,-1,-1,-1,-1,-1,-1,-1,-1,-1,-1,-1,-1,-1,-1,-1,-1,-1,-1,-1,-1,-1,-1,-1,-1,-1,-1,-1,-1,-1,-1,-1,-1,-1,-1,-1,-1,-1,-1,-1,-1,-1,-1,-1,-1,-1,-1,-1,-1,0,0,0,0,0,0,-1,-1,-1,-1,-1,-1,-1,-1,-1,-1,-1,-1,0,0,0,0,0,0,-1,-1,-1,-1,-1,-1,-1,-1,-1,-1,-1,-1,-1,-1,False,False,0,0,False,207,0,0,0,0,0,0,0,0,0,0,0,0,0,0,0,1,
0,4654,2026-02-23 13:17:23Z,LLM_Empathetic,6.930556,7.222362,6.63875,0.6137431,0,1.603276,0,0,0,0,0,0,5.498988,4.35134,6.646645,0.592854,0.702737,0.482971,7.39847,6.222749,8.574191,0.5876254,0,2.110026,7.202288,6.10718,8.297398,9.86698,10,9.526251,6.930556,7.222362,6.63875,0.6137431,0,1.603276,0,0,0,0,0,0,5.498988,4.35134,6.646645,0.592854,0.702737,0.482971,7.39847,6.222749,8.574191,0.5876254,0,2.110026,7.202288,6.10718,8.297398,9.86698,10,9.526251,-1,-1,-1,-1,-1,-1,-1,-1,-1,-1,-1,-1,-1,-1,-1,-1,-1,-1,-1,-1,-1,-1,-1,-1,-1,-1,-1,-1,-1,-1,-1,-1,-1,-1,-1,-1,-1,-1,-1,-1,-1,-1,-1,-1,-1,-1,-1,-1,-1,-1,0,0,0,0,0,0,-1,-1,-1,-1,-1,-1,-1,-1,-1,-1,-1,-1,0,0,0,0,0,0,-1,-1,-1,-1,-1,-1,-1,-1,-1,-1,-1,-1,-1,-1,False,False,0,0,False,209,0,0,0,0,0,0,0,0,0,0,0,0,0,0,0,1,
0,4655,2026-02-23 13:17:23Z,LLM_Empathetic,6.930551,7.222361,6.638741,0.6137514,0,1.603281,0,0,0,0,0,0,5.498981,4.351338,6.646635,0.592854,0.702737,0.482971,7.398467,6.22275,8.574184,0.5876307,0,2.110031,7.20228,6.107175,8.297385,9.866962,10,9.526229,6.930551,7.222361,6.638741,0.6137514,0,1.603281,0,0,0,0,0,0,5.498981,4.351338,6.646635,0.592854,0.702737,0.482971,7.398467,6.22275,8.574184,0.5876307,0,2.110031,7.20228,6.107175,8.297385,9.866962,10,9.526229,-1,-1,-1,-1,-1,-1,-1,-1,-1,-1,-1,-1,-1,-1,-1,-1,-1,-1,-1,-1,-1,-1,-1,-1,-1,-1,-1,-1,-1,-1,-1,-1,-1,-1,-1,-1,-1,-1,-1,-1,-1,-1,-1,-1,-1,-1,-1,-1,-1,-1,0,0,0,0,0,0,-1,-1,-1,-1,-1,-1,-1,-1,-1,-1,-1,-1,0,0,0,0,0,0,-1,-1,-1,-1,-1,-1,-1,-1,-1,-1,-1,-1,-1,-1,False,False,0,0,False,207,0,0,0,0,0,0,0,0,0,0,0,0,0,0,0,1,
0,4656,2026-02-23 13:17:23Z,LLM_Empathetic,6.930543,7.22236,6.638727,0.6137637,0,1.603288,0,0,0,0,0,0,5.498972,4.351335,6.646619,0.592854,0.702737,0.482971,7.398463,6.222752,8.574174,0.5876386,0,2.110039,7.202267,6.107168,8.297366,9.866937,10,9.526196,6.930543,7.22236,6.638727,0.6137637,0,1.603288,0,0,0,0,0,0,5.498972,4.351335,6.646619,0.592854,0.702737,0.482971,7.398463,6.222752,8.574174,0.5876386,0,2.110039,7.202267,6.107168,8.297366,9.866937,10,9.526196,-1,-1,-1,-1,-1,-1,-1,-1,-1,-1,-1,-1,-1,-1,-1,-1,-1,-1,-1,-1,-1,-1,-1,-1,-1,-1,-1,-1,-1,-1,-1,-1,-1,-1,-1,-1,-1,-1,-1,-1,-1,-1,-1,-1,-1,-1,-1,-1,-1,-1,0,0,0,0,0,0,-1,-1,-1,-1,-1,-1,-1,-1,-1,-1,-1,-1,0,0,0,0,0,0,-1,-1,-1,-1,-1,-1,-1,-1,-1,-1,-1,-1,-1,-1,False,False,0,0,False,209,0,0,0,0,0,0,0,0,0,0,0,0,0,0,0,1,
0,4657,2026-02-23 13:17:23Z,LLM_Empathetic,6.930539,7.222359,6.638719,0.613772,0,1.603292,0,0,0,0,0,0,5.498966,4.351333,6.646608,0.592854,0.702737,0.482971,7.39846,6.222754,8.574166,0.587644,0,2.110044,7.202258,6.107163,8.297353,9.86692,10,9.526175,6.930539,7.222359,6.638719,0.613772,0,1.603292,0,0,0,0,0,0,5.498966,4.351333,6.646608,0.592854,0.702737,0.482971,7.39846,6.222754,8.574166,0.587644,0,2.110044,7.202258,6.107163,8.297353,9.86692,10,9.526175,-1,-1,-1,-1,-1,-1,-1,-1,-1,-1,-1,-1,-1,-1,-1,-1,-1,-1,-1,-1,-1,-1,-1,-1,-1,-1,-1,-1,-1,-1,-1,-1,-1,-1,-1,-1,-1,-1,-1,-1,-1,-1,-1,-1,-1,-1,-1,-1,-1,-1,0,0,0,0,0,0,-1,-1,-1,-1,-1,-1,-1,-1,-1,-1,-1,-1,0,0,0,0,0,0,-1,-1,-1,-1,-1,-1,-1,-1,-1,-1,-1,-1,-1,-1,False,False,0,0,False,207,0,0,0,0,0,0,0,0,0,0,0,0,0,0,0,1,
0,4658,2026-02-23 13:17:23Z,LLM_Empathetic,6.930532,7.222357,6.638705,0.6137845,0,1.603299,0,0,0,0,0,0,5.498956,4.35133,6.646593,0.592854,0.702737,0.482971,7.398456,6.222756,8.574156,0.5876519,0,2.110052,7.202245,6.107156,8.297334,9.866893,10,9.526142,6.930532,7.222357,6.638705,0.6137845,0,1.603299,0,0,0,0,0,0,5.498956,4.35133,6.646593,0.592854,0.702737,0.482971,7.398456,6.222756,8.574156,0.5876519,0,2.110052,7.202245,6.107156,8.297334,9.866893,10,9.526142,-1,-1,-1,-1,-1,-1,-1,-1,-1,-1,-1,-1,-1,-1,-1,-1,-1,-1,-1,-1,-1,-1,-1,-1,-1,-1,-1,-1,-1,-1,-1,-1,-1,-1,-1,-1,-1,-1,-1,-1,-1,-1,-1,-1,-1,-1,-1,-1,-1,-1,0,0,0,0,0,0,-1,-1,-1,-1,-1,-1,-1,-1,-1,-1,-1,-1,0,0,0,0,0,0,-1,-1,-1,-1,-1,-1,-1,-1,-1,-1,-1,-1,-1,-1,False,False,0,0,False,207,0,0,0,0,0,0,0,0,0,0,0,0,0,0,0,1,
0,4659,2026-02-23 13:17:23Z,LLM_Empathetic,6.930526,7.222357,6.638696,0.6137928,0,1.603304,0,0,0,0,0,0,5.49895,4.351328,6.646582,0.592854,0.702737,0.482971,7.398453,6.222757,8.574148,0.5876573,0,2.110058,7.202236,6.107152,8.297321,9.866876,10,9.52612,6.930526,7.222357,6.638696,0.6137928,0,1.603304,0,0,0,0,0,0,5.49895,4.351328,6.646582,0.592854,0.702737,0.482971,7.398453,6.222757,8.574148,0.5876573,0,2.110058,7.202236,6.107152,8.297321,9.866876,10,9.52612,-1,-1,-1,-1,-1,-1,-1,-1,-1,-1,-1,-1,-1,-1,-1,-1,-1,-1,-1,-1,-1,-1,-1,-1,-1,-1,-1,-1,-1,-1,-1,-1,-1,-1,-1,-1,-1,-1,-1,-1,-1,-1,-1,-1,-1,-1,-1,-1,-1,-1,0,0,0,0,0,0,-1,-1,-1,-1,-1,-1,-1,-1,-1,-1,-1,-1,0,0,0,0,0,0,-1,-1,-1,-1,-1,-1,-1,-1,-1,-1,-1,-1,-1,-1,False,False,0,0,False,209,0,0,0,0,0,0,0,0,0,0,0,0,0,0,0,1,
0,4660,2026-02-23 13:17:23Z,LLM_Empathetic,6.930521,7.222356,6.638687,0.6138011,0,1.603308,0,0,0,0,0,0,5.498943,4.351326,6.646572,0.592854,0.702737,0.482971,7.39845,6.222759,8.574142,0.5876626,0,2.110063,7.202227,6.107147,8.297308,9.866858,10,9.526098,6.930521,7.222356,6.638687,0.6138011,0,1.603308,0,0,0,0,0,0,5.498943,4.351326,6.646572,0.592854,0.702737,0.482971,7.39845,6.222759,8.574142,0.5876626,0,2.110063,7.202227,6.107147,8.297308,9.866858,10,9.526098,-1,-1,-1,-1,-1,-1,-1,-1,-1,-1,-1,-1,-1,-1,-1,-1,-1,-1,-1,-1,-1,-1,-1,-1,-1,-1,-1,-1,-1,-1,-1,-1,-1,-1,-1,-1,-1,-1,-1,-1,-1,-1,-1,-1,-1,-1,-1,-1,-1,-1,0,0,0,0,0,0,-1,-1,-1,-1,-1,-1,-1,-1,-1,-1,-1,-1,0,0,0,0,0,0,-1,-1,-1,-1,-1,-1,-1,-1,-1,-1,-1,-1,-1,-1,False,False,0,0,False,209,0,0,0,0,0,0,0,0,0,0,0,0,0,0,0,1,
0,4661,2026-02-23 13:17:23Z,LLM_Empathetic,6.930514,7.222354,6.638674,0.6138136,0,1.603315,0,0,0,0,0,0,5.498934,4.351323,6.646556,0.592854,0.702737,0.482971,7.398446,6.222761,8.57413,0.5876706,0,2.110071,7.202214,6.10714,8.297289,9.866832,10,9.526065,6.930514,7.222354,6.638674,0.6138136,0,1.603315,0,0,0,0,0,0,5.498934,4.351323,6.646556,0.592854,0.702737,0.482971,7.398446,6.222761,8.57413,0.5876706,0,2.110071,7.202214,6.10714,8.297289,9.866832,10,9.526065,-1,-1,-1,-1,-1,-1,-1,-1,-1,-1,-1,-1,-1,-1,-1,-1,-1,-1,-1,-1,-1,-1,-1,-1,-1,-1,-1,-1,-1,-1,-1,-1,-1,-1,-1,-1,-1,-1,-1,-1,-1,-1,-1,-1,-1,-1,-1,-1,-1,-1,0,0,0,0,0,0,-1,-1,-1,-1,-1,-1,-1,-1,-1,-1,-1,-1,0,0,0,0,0,0,-1,-1,-1,-1,-1,-1,-1,-1,-1,-1,-1,-1,-1,-1,False,False,0,0,False,209,0,0,0,0,0,0,0,0,0,0,0,0,0,0,0,1,
0,4662,2026-02-23 13:17:24Z,LLM_Empathetic,6.930509,7.222353,6.638665,0.613822,0,1.60332,0,0,0,0,0,0,5.498928,4.35132,6.646545,0.592854,0.702737,0.482971,7.398443,6.222763,8.574123,0.5876759,0,2.110076,7.202205,6.107135,8.297276,9.866815,10,9.526043,6.930509,7.222353,6.638665,0.613822,0,1.60332,0,0,0,0,0,0,5.498928,4.35132,6.646545,0.592854,0.702737,0.482971,7.398443,6.222763,8.574123,0.5876759,0,2.110076,7.202205,6.107135,8.297276,9.866815,10,9.526043,-1,-1,-1,-1,-1,-1,-1,-1,-1,-1,-1,-1,-1,-1,-1,-1,-1,-1,-1,-1,-1,-1,-1,-1,-1,-1,-1,-1,-1,-1,-1,-1,-1,-1,-1,-1,-1,-1,-1,-1,-1,-1,-1,-1,-1,-1,-1,-1,-1,-1,0,0,0,0,0,0,-1,-1,-1,-1,-1,-1,-1,-1,-1,-1,-1,-1,0,0,0,0,0,0,-1,-1,-1,-1,-1,-1,-1,-1,-1,-1,-1,-1,-1,-1,False,False,0,0,False,207,0,0,0,0,0,0,0,0,0,0,0,0,0,0,0,1,
0,4663,2026-02-23 13:17:24Z,LLM_Empathetic,6.930482,7.222349,6.638616,0.6138681,0,1.603345,0,0,0,0,0,0,5.498893,4.351309,6.646487,0.592854,0.702737,0.482971,7.398427,6.222771,8.574083,0.5877054,0,2.110106,7.202157,6.107109,8.297206,9.866717,10,9.525922,6.930482,7.222349,6.638616,0.6138681,0,1.603345,0,0,0,0,0,0,5.498893,4.351309,6.646487,0.592854,0.702737,0.482971,7.398427,6.222771,8.574083,0.5877054,0,2.110106,7.202157,6.107109,8.297206,9.866717,10,9.525922,-1,-1,-1,-1,-1,-1,-1,-1,-1,-1,-1,-1,-1,-1,-1,-1,-1,-1,-1,-1,-1,-1,-1,-1,-1,-1,-1,-1,-1,-1,-1,-1,-1,-1,-1,-1,-1,-1,-1,-1,-1,-1,-1,-1,-1,-1,-1,-1,-1,-1,0,0,0,0,0,0,-1,-1,-1,-1,-1,-1,-1,-1,-1,-1,-1,-1,0,0,0,0,0,0,-1,-1,-1,-1,-1,-1,-1,-1,-1,-1,-1,-1,-1,-1,False,False,0,0,False,207,0,0,0,0,0,0,0,0,0,0,0,0,0,0,0,1,
0,4664,2026-02-23 13:17:24Z,LLM_Empathetic,6.930477,7.222348,6.638607,0.6138765,0,1.60335,0,0,0,0,0,0,5.498887,4.351307,6.646477,0.592854,0.702737,0.482971,7.398424,6.222772,8.574076,0.5877108,0,2.110111,7.202148,6.107104,8.297194,9.8667,10,9.5259,6.930477,7.222348,6.638607,0.6138765,0,1.60335,0,0,0,0,0,0,5.498887,4.351307,6.646477,0.592854,0.702737,0.482971,7.398424,6.222772,8.574076,0.5877108,0,2.110111,7.202148,6.107104,8.297194,9.8667,10,9.5259,-1,-1,-1,-1,-1,-1,-1,-1,-1,-1,-1,-1,-1,-1,-1,-1,-1,-1,-1,-1,-1,-1,-1,-1,-1,-1,-1,-1,-1,-1,-1,-1,-1,-1,-1,-1,-1,-1,-1,-1,-1,-1,-1,-1,-1,-1,-1,-1,-1,-1,0,0,0,0,0,0,-1,-1,-1,-1,-1,-1,-1,-1,-1,-1,-1,-1,0,0,0,0,0,0,-1,-1,-1,-1,-1,-1,-1,-1,-1,-1,-1,-1,-1,-1,False,False,0,0,False,207,0,0,0,0,0,0,0,0,0,0,0,0,0,0,0,1,
0,4665,2026-02-23 13:17:24Z,LLM_Empathetic,6.93047,7.222346,6.638593,0.613889,0,1.603357,0,0,0,0,0,0,5.498877,4.351304,6.646461,0.592854,0.702737,0.482971,7.398419,6.222775,8.574065,0.5877189,0,2.110119,7.202135,6.107097,8.297174,9.866673,10,9.525867,6.93047,7.222346,6.638593,0.613889,0,1.603357,0,0,0,0,0,0,5.498877,4.351304,6.646461,0.592854,0.702737,0.482971,7.398419,6.222775,8.574065,0.5877189,0,2.110119,7.202135,6.107097,8.297174,9.866673,10,9.525867,-1,-1,-1,-1,-1,-1,-1,-1,-1,-1,-1,-1,-1,-1,-1,-1,-1,-1,-1,-1,-1,-1,-1,-1,-1,-1,-1,-1,-1,-1,-1,-1,-1,-1,-1,-1,-1,-1,-1,-1,-1,-1,-1,-1,-1,-1,-1,-1,-1,-1,0,0,0,0,0,0,-1,-1,-1,-1,-1,-1,-1,-1,-1,-1,-1,-1,0,0,0,0,0,0,-1,-1,-1,-1,-1,-1,-1,-1,-1,-1,-1,-1,-1,-1,False,False,0,0,False,209,0,0,0,0,0,0,0,0,0,0,0,0,0,0,0,1,
0,4666,2026-02-23 13:17:24Z,LLM_Empathetic,6.930465,7.222345,6.638584,0.6138975,0,1.603361,0,0,0,0,0,0,5.498871,4.351302,6.64645,0.592854,0.702737,0.482971,7.398417,6.222776,8.574058,0.5877243,0,2.110125,7.202126,6.107092,8.297161,9.866656,10,9.525845,6.930465,7.222345,6.638584,0.6138975,0,1.603361,0,0,0,0,0,0,5.498871,4.351302,6.64645,0.592854,0.702737,0.482971,7.398417,6.222776,8.574058,0.5877243,0,2.110125,7.202126,6.107092,8.297161,9.866656,10,9.525845,-1,-1,-1,-1,-1,-1,-1,-1,-1,-1,-1,-1,-1,-1,-1,-1,-1,-1,-1,-1,-1,-1,-1,-1,-1,-1,-1,-1,-1,-1,-1,-1,-1,-1,-1,-1,-1,-1,-1,-1,-1,-1,-1,-1,-1,-1,-1,-1,-1,-1,0,0,0,0,0,0,-1,-1,-1,-1,-1,-1,-1,-1,-1,-1,-1,-1,0,0,0,0,0,0,-1,-1,-1,-1,-1,-1,-1,-1,-1,-1,-1,-1,-1,-1,False,False,0,0,False,207,0,0,0,0,0,0,0,0,0,0,0,0,0,0,0,1,
0,4667,2026-02-23 13:17:24Z,LLM_Empathetic,6.930458,7.222344,6.638571,0.6139101,0,1.603368,0,0,0,0,0,0,5.498861,4.351298,6.646434,0.592854,0.702737,0.482971,7.398412,6.222778,8.574046,0.5877324,0,2.110133,7.202113,6.107085,8.297141,9.86663,10,9.525811,6.930458,7.222344,6.638571,0.6139101,0,1.603368,0,0,0,0,0,0,5.498861,4.351298,6.646434,0.592854,0.702737,0.482971,7.398412,6.222778,8.574046,0.5877324,0,2.110133,7.202113,6.107085,8.297141,9.86663,10,9.525811,-1,-1,-1,-1,-1,-1,-1,-1,-1,-1,-1,-1,-1,-1,-1,-1,-1,-1,-1,-1,-1,-1,-1,-1,-1,-1,-1,-1,-1,-1,-1,-1,-1,-1,-1,-1,-1,-1,-1,-1,-1,-1,-1,-1,-1,-1,-1,-1,-1,-1,0,0,0,0,0,0,-1,-1,-1,-1,-1,-1,-1,-1,-1,-1,-1,-1,0,0,0,0,0,0,-1,-1,-1,-1,-1,-1,-1,-1,-1,-1,-1,-1,-1,-1,False,False,0,0,False,209,0,0,0,0,0,0,0,0,0,0,0,0,0,0,0,1,
0,4668,2026-02-23 13:17:24Z,LLM_Empathetic,6.930452,7.222343,6.638562,0.6139186,0,1.603373,0,0,0,0,0,0,5.498855,4.351296,6.646423,0.592854,0.702737,0.482971,7.398409,6.22278,8.574039,0.5877378,0,2.110138,7.202104,6.10708,8.297129,9.866611,10,9.525788,6.930452,7.222343,6.638562,0.6139186,0,1.603373,0,0,0,0,0,0,5.498855,4.351296,6.646423,0.592854,0.702737,0.482971,7.398409,6.22278,8.574039,0.5877378,0,2.110138,7.202104,6.10708,8.297129,9.866611,10,9.525788,-1,-1,-1,-1,-1,-1,-1,-1,-1,-1,-1,-1,-1,-1,-1,-1,-1,-1,-1,-1,-1,-1,-1,-1,-1,-1,-1,-1,-1,-1,-1,-1,-1,-1,-1,-1,-1,-1,-1,-1,-1,-1,-1,-1,-1,-1,-1,-1,-1,-1,0,0,0,0,0,0,-1,-1,-1,-1,-1,-1,-1,-1,-1,-1,-1,-1,0,0,0,0,0,0,-1,-1,-1,-1,-1,-1,-1,-1,-1,-1,-1,-1,-1,-1,False,False,0,0,False,207,0,0,0,0,0,0,0,0,0,0,0,0,0,0,0,1,
0,4669,2026-02-23 13:17:24Z,LLM_Empathetic,6.930445,7.222342,6.638548,0.6139312,0,1.60338,0,0,0,0,0,0,5.498845,4.351293,6.646408,0.592854,0.702737,0.482971,7.398405,6.222782,8.574028,0.5877459,0,2.110146,7.20209,6.107073,8.297109,9.866585,10,9.525755,6.930445,7.222342,6.638548,0.6139312,0,1.60338,0,0,0,0,0,0,5.498845,4.351293,6.646408,0.592854,0.702737,0.482971,7.398405,6.222782,8.574028,0.5877459,0,2.110146,7.20209,6.107073,8.297109,9.866585,10,9.525755,-1,-1,-1,-1,-1,-1,-1,-1,-1,-1,-1,-1,-1,-1,-1,-1,-1,-1,-1,-1,-1,-1,-1,-1,-1,-1,-1,-1,-1,-1,-1,-1,-1,-1,-1,-1,-1,-1,-1,-1,-1,-1,-1,-1,-1,-1,-1,-1,-1,-1,0,0,0,0,0,0,-1,-1,-1,-1,-1,-1,-1,-1,-1,-1,-1,-1,0,0,0,0,0,0,-1,-1,-1,-1,-1,-1,-1,-1,-1,-1,-1,-1,-1,-1,False,False,0,0,False,207,0,0,0,0,0,0,0,0,0,0,0,0,0,0,0,1,
0,4670,2026-02-23 13:17:24Z,LLM_Empathetic,6.93044,7.222341,6.638539,0.6139397,0,1.603385,0,0,0,0,0,0,5.498838,4.351291,6.646397,0.592854,0.702737,0.482971,7.398402,6.222784,8.574021,0.5877513,0,2.110152,7.202082,6.107068,8.297096,9.866568,10,9.525733,6.93044,7.222341,6.638539,0.6139397,0,1.603385,0,0,0,0,0,0,5.498838,4.351291,6.646397,0.592854,0.702737,0.482971,7.398402,6.222784,8.574021,0.5877513,0,2.110152,7.202082,6.107068,8.297096,9.866568,10,9.525733,-1,-1,-1,-1,-1,-1,-1,-1,-1,-1,-1,-1,-1,-1,-1,-1,-1,-1,-1,-1,-1,-1,-1,-1,-1,-1,-1,-1,-1,-1,-1,-1,-1,-1,-1,-1,-1,-1,-1,-1,-1,-1,-1,-1,-1,-1,-1,-1,-1,-1,0,0,0,0,0,0,-1,-1,-1,-1,-1,-1,-1,-1,-1,-1,-1,-1,0,0,0,0,0,0,-1,-1,-1,-1,-1,-1,-1,-1,-1,-1,-1,-1,-1,-1,False,False,0,0,False,207,0,0,0,0,0,0,0,0,0,0,0,0,0,0,0,1,
0,4671,2026-02-23 13:17:24Z,LLM_Empathetic,6.930435,7.22234,6.63853,0.6139482,0,1.603389,0,0,0,0,0,0,5.498832,4.351289,6.646386,0.592854,0.702737,0.482971,7.398399,6.222785,8.574014,0.5877568,0,2.110157,7.202073,6.107063,8.297083,9.866549,10,9.525711,6.930435,7.22234,6.63853,0.6139482,0,1.603389,0,0,0,0,0,0,5.498832,4.351289,6.646386,0.592854,0.702737,0.482971,7.398399,6.222785,8.574014,0.5877568,0,2.110157,7.202073,6.107063,8.297083,9.866549,10,9.525711,-1,-1,-1,-1,-1,-1,-1,-1,-1,-1,-1,-1,-1,-1,-1,-1,-1,-1,-1,-1,-1,-1,-1,-1,-1,-1,-1,-1,-1,-1,-1,-1,-1,-1,-1,-1,-1,-1,-1,-1,-1,-1,-1,-1,-1,-1,-1,-1,-1,-1,0,0,0,0,0,0,-1,-1,-1,-1,-1,-1,-1,-1,-1,-1,-1,-1,0,0,0,0,0,0,-1,-1,-1,-1,-1,-1,-1,-1,-1,-1,-1,-1,-1,-1,False,False,0,0,False,209,0,0,0,0,0,0,0,0,0,0,0,0,0,0,0,1,
0,4672,2026-02-23 13:17:24Z,LLM_Empathetic,6.930428,7.222339,6.638516,0.6139609,0,1.603396,0,0,0,0,0,0,5.498823,4.351285,6.64637,0.592854,0.702737,0.482971,7.398395,6.222787,8.574002,0.5877649,0,2.110165,7.202059,6.107056,8.297064,9.866523,10,9.525677,6.930428,7.222339,6.638516,0.6139609,0,1.603396,0,0,0,0,0,0,5.498823,4.351285,6.64637,0.592854,0.702737,0.482971,7.398395,6.222787,8.574002,0.5877649,0,2.110165,7.202059,6.107056,8.297064,9.866523,10,9.525677,-1,-1,-1,-1,-1,-1,-1,-1,-1,-1,-1,-1,-1,-1,-1,-1,-1,-1,-1,-1,-1,-1,-1,-1,-1,-1,-1,-1,-1,-1,-1,-1,-1,-1,-1,-1,-1,-1,-1,-1,-1,-1,-1,-1,-1,-1,-1,-1,-1,-1,0,0,0,0,0,0,-1,-1,-1,-1,-1,-1,-1,-1,-1,-1,-1,-1,0,0,0,0,0,0,-1,-1,-1,-1,-1,-1,-1,-1,-1,-1,-1,-1,-1,-1,False,False,0,0,False,209,0,0,0,0,0,0,0,0,0,0,0,0,0,0,0,1,
0,4673,2026-02-23 13:17:24Z,LLM_Empathetic,6.930422,7.222338,6.638507,0.6139694,0,1.603401,0,0,0,0,0,0,5.498816,4.351284,6.646359,0.592854,0.702737,0.482971,7.398392,6.222789,8.573996,0.5877703,0,2.110171,7.20205,6.107051,8.29705,9.866505,10,9.525655,6.930422,7.222338,6.638507,0.6139694,0,1.603401,0,0,0,0,0,0,5.498816,4.351284,6.646359,0.592854,0.702737,0.482971,7.398392,6.222789,8.573996,0.5877703,0,2.110171,7.20205,6.107051,8.29705,9.866505,10,9.525655,-1,-1,-1,-1,-1,-1,-1,-1,-1,-1,-1,-1,-1,-1,-1,-1,-1,-1,-1,-1,-1,-1,-1,-1,-1,-1,-1,-1,-1,-1,-1,-1,-1,-1,-1,-1,-1,-1,-1,-1,-1,-1,-1,-1,-1,-1,-1,-1,-1,-1,0,0,0,0,0,0,-1,-1,-1,-1,-1,-1,-1,-1,-1,-1,-1,-1,0,0,0,0,0,0,-1,-1,-1,-1,-1,-1,-1,-1,-1,-1,-1,-1,-1,-1,False,False,0,0,False,209,0,0,0,0,0,0,0,0,0,0,0,0,0,0,0,1,
0,4674,2026-02-23 13:17:24Z,LLM_Empathetic,6.930418,7.222337,6.638498,0.613978,0,1.603406,0,0,0,0,0,0,5.49881,4.351281,6.646348,0.592854,0.702737,0.482971,7.398389,6.22279,8.573988,0.5877758,0,2.110176,7.202042,6.107046,8.297037,9.866488,10,9.525633,6.930418,7.222337,6.638498,0.613978,0,1.603406,0,0,0,0,0,0,5.49881,4.351281,6.646348,0.592854,0.702737,0.482971,7.398389,6.22279,8.573988,0.5877758,0,2.110176,7.202042,6.107046,8.297037,9.866488,10,9.525633,-1,-1,-1,-1,-1,-1,-1,-1,-1,-1,-1,-1,-1,-1,-1,-1,-1,-1,-1,-1,-1,-1,-1,-1,-1,-1,-1,-1,-1,-1,-1,-1,-1,-1,-1,-1,-1,-1,-1,-1,-1,-1,-1,-1,-1,-1,-1,-1,-1,-1,0,0,0,0,0,0,-1,-1,-1,-1,-1,-1,-1,-1,-1,-1,-1,-1,0,0,0,0,0,0,-1,-1,-1,-1,-1,-1,-1,-1,-1,-1,-1,-1,-1,-1,False,False,0,0,False,209,0,0,0,0,0,0,0,0,0,0,0,0,0,0,0,1,
0,4675,2026-02-23 13:17:24Z,LLM_Empathetic,6.93041,7.222335,6.638484,0.6139907,0,1.603413,0,0,0,0,0,0,5.4988,4.351278,6.646332,0.592854,0.702737,0.482971,7.398385,6.222793,8.573977,0.587784,0,2.110184,7.202028,6.107039,8.297018,9.86646,10,9.525599,6.93041,7.222335,6.638484,0.6139907,0,1.603413,0,0,0,0,0,0,5.4988,4.351278,6.646332,0.592854,0.702737,0.482971,7.398385,6.222793,8.573977,0.587784,0,2.110184,7.202028,6.107039,8.297018,9.86646,10,9.525599,-1,-1,-1,-1,-1,-1,-1,-1,-1,-1,-1,-1,-1,-1,-1,-1,-1,-1,-1,-1,-1,-1,-1,-1,-1,-1,-1,-1,-1,-1,-1,-1,-1,-1,-1,-1,-1,-1,-1,-1,-1,-1,-1,-1,-1,-1,-1,-1,-1,-1,0,0,0,0,0,0,-1,-1,-1,-1,-1,-1,-1,-1,-1,-1,-1,-1,0,0,0,0,0,0,-1,-1,-1,-1,-1,-1,-1,-1,-1,-1,-1,-1,-1,-1,False,False,0,0,False,209,0,0,0,0,0,0,0,0,0,0,0,0,0,0,0,1,
0,4676,2026-02-23 13:17:24Z,LLM_Empathetic,6.930405,7.222334,6.638475,0.6139992,0,1.603417,0,0,0,0,0,0,5.498794,4.351276,6.646321,0.592854,0.702737,0.482971,7.398381,6.222794,8.573969,0.5877894,0,2.11019,7.202019,6.107034,8.297005,9.866443,10,9.525577,6.930405,7.222334,6.638475,0.6139992,0,1.603417,0,0,0,0,0,0,5.498794,4.351276,6.646321,0.592854,0.702737,0.482971,7.398381,6.222794,8.573969,0.5877894,0,2.11019,7.202019,6.107034,8.297005,9.866443,10,9.525577,-1,-1,-1,-1,-1,-1,-1,-1,-1,-1,-1,-1,-1,-1,-1,-1,-1,-1,-1,-1,-1,-1,-1,-1,-1,-1,-1,-1,-1,-1,-1,-1,-1,-1,-1,-1,-1,-1,-1,-1,-1,-1,-1,-1,-1,-1,-1,-1,-1,-1,0,0,0,0,0,0,-1,-1,-1,-1,-1,-1,-1,-1,-1,-1,-1,-1,0,0,0,0,0,0,-1,-1,-1,-1,-1,-1,-1,-1,-1,-1,-1,-1,-1,-1,False,False,0,0,False,209,0,0,0,0,0,0,0,0,0,0,0,0,0,0,0,1,
0,4677,2026-02-23 13:17:24Z,LLM_Empathetic,6.930398,7.222333,6.638462,0.6140121,0,1.603425,0,0,0,0,0,0,5.498784,4.351273,6.646305,0.592854,0.702737,0.482971,7.398377,6.222796,8.573958,0.5877976,0,2.110198,7.202005,6.107027,8.296986,9.866415,10,9.525542,6.930398,7.222333,6.638462,0.6140121,0,1.603425,0,0,0,0,0,0,5.498784,4.351273,6.646305,0.592854,0.702737,0.482971,7.398377,6.222796,8.573958,0.5877976,0,2.110198,7.202005,6.107027,8.296986,9.866415,10,9.525542,-1,-1,-1,-1,-1,-1,-1,-1,-1,-1,-1,-1,-1,-1,-1,-1,-1,-1,-1,-1,-1,-1,-1,-1,-1,-1,-1,-1,-1,-1,-1,-1,-1,-1,-1,-1,-1,-1,-1,-1,-1,-1,-1,-1,-1,-1,-1,-1,-1,-1,0,0,0,0,0,0,-1,-1,-1,-1,-1,-1,-1,-1,-1,-1,-1,-1,0,0,0,0,0,0,-1,-1,-1,-1,-1,-1,-1,-1,-1,-1,-1,-1,-1,-1,False,False,0,0,False,207,0,0,0,0,0,0,0,0,0,0,0,0,0,0,0,1,
0,4678,2026-02-23 13:17:24Z,LLM_Empathetic,6.930392,7.222332,6.638453,0.6140206,0,1.603429,0,0,0,0,0,0,5.498777,4.351271,6.646295,0.592854,0.702737,0.482971,7.398374,6.222798,8.573951,0.5878031,0,2.110204,7.201997,6.107022,8.296972,9.866398,10,9.52552,6.930392,7.222332,6.638453,0.6140206,0,1.603429,0,0,0,0,0,0,5.498777,4.351271,6.646295,0.592854,0.702737,0.482971,7.398374,6.222798,8.573951,0.5878031,0,2.110204,7.201997,6.107022,8.296972,9.866398,10,9.52552,-1,-1,-1,-1,-1,-1,-1,-1,-1,-1,-1,-1,-1,-1,-1,-1,-1,-1,-1,-1,-1,-1,-1,-1,-1,-1,-1,-1,-1,-1,-1,-1,-1,-1,-1,-1,-1,-1,-1,-1,-1,-1,-1,-1,-1,-1,-1,-1,-1,-1,0,0,0,0,0,0,-1,-1,-1,-1,-1,-1,-1,-1,-1,-1,-1,-1,0,0,0,0,0,0,-1,-1,-1,-1,-1,-1,-1,-1,-1,-1,-1,-1,-1,-1,False,False,0,0,False,207,0,0,0,0,0,0,0,0,0,0,0,0,0,0,0,1,
0,4679,2026-02-23 13:17:25Z,LLM_Empathetic,6.930385,7.222331,6.638439,0.6140335,0,1.603436,0,0,0,0,0,0,5.498768,4.351267,6.646278,0.592854,0.702737,0.482971,7.39837,6.2228,8.573939,0.5878114,0,2.110212,7.201983,6.107015,8.296952,9.86637,10,9.525486,6.930385,7.222331,6.638439,0.6140335,0,1.603436,0,0,0,0,0,0,5.498768,4.351267,6.646278,0.592854,0.702737,0.482971,7.39837,6.2228,8.573939,0.5878114,0,2.110212,7.201983,6.107015,8.296952,9.86637,10,9.525486,-1,-1,-1,-1,-1,-1,-1,-1,-1,-1,-1,-1,-1,-1,-1,-1,-1,-1,-1,-1,-1,-1,-1,-1,-1,-1,-1,-1,-1,-1,-1,-1,-1,-1,-1,-1,-1,-1,-1,-1,-1,-1,-1,-1,-1,-1,-1,-1,-1,-1,0,0,0,0,0,0,-1,-1,-1,-1,-1,-1,-1,-1,-1,-1,-1,-1,0,0,0,0,0,0,-1,-1,-1,-1,-1,-1,-1,-1,-1,-1,-1,-1,-1,-1,False,False,0,0,False,207,0,0,0,0,0,0,0,0,0,0,0,0,0,0,0,1,
0,4680,2026-02-23 13:17:25Z,LLM_Empathetic,6.93038,7.22233,6.63843,0.614042,0,1.603441,0,0,0,0,0,0,5.498761,4.351265,6.646267,0.592854,0.702737,0.482971,7.398367,6.222802,8.573932,0.5878168,0,2.110217,7.201974,6.10701,8.296939,9.866352,10,9.525463,6.93038,7.22233,6.63843,0.614042,0,1.603441,0,0,0,0,0,0,5.498761,4.351265,6.646267,0.592854,0.702737,0.482971,7.398367,6.222802,8.573932,0.5878168,0,2.110217,7.201974,6.10701,8.296939,9.866352,10,9.525463,-1,-1,-1,-1,-1,-1,-1,-1,-1,-1,-1,-1,-1,-1,-1,-1,-1,-1,-1,-1,-1,-1,-1,-1,-1,-1,-1,-1,-1,-1,-1,-1,-1,-1,-1,-1,-1,-1,-1,-1,-1,-1,-1,-1,-1,-1,-1,-1,-1,-1,0,0,0,0,0,0,-1,-1,-1,-1,-1,-1,-1,-1,-1,-1,-1,-1,0,0,0,0,0,0,-1,-1,-1,-1,-1,-1,-1,-1,-1,-1,-1,-1,-1,-1,False,False,0,0,False,209,0,0,0,0,0,0,0,0,0,0,0,0,0,0,0,1,
0,4681,2026-02-23 13:17:25Z,LLM_Empathetic,6.930375,7.222329,6.63842,0.6140506,0,1.603446,0,0,0,0,0,0,5.498755,4.351263,6.646256,0.592854,0.702737,0.482971,7.398364,6.222803,8.573925,0.5878223,0,2.110223,7.201965,6.107005,8.296926,9.866335,10,9.525441,6.930375,7.222329,6.63842,0.6140506,0,1.603446,0,0,0,0,0,0,5.498755,4.351263,6.646256,0.592854,0.702737,0.482971,7.398364,6.222803,8.573925,0.5878223,0,2.110223,7.201965,6.107005,8.296926,9.866335,10,9.525441,-1,-1,-1,-1,-1,-1,-1,-1,-1,-1,-1,-1,-1,-1,-1,-1,-1,-1,-1,-1,-1,-1,-1,-1,-1,-1,-1,-1,-1,-1,-1,-1,-1,-1,-1,-1,-1,-1,-1,-1,-1,-1,-1,-1,-1,-1,-1,-1,-1,-1,0,0,0,0,0,0,-1,-1,-1,-1,-1,-1,-1,-1,-1,-1,-1,-1,0,0,0,0,0,0,-1,-1,-1,-1,-1,-1,-1,-1,-1,-1,-1,-1,-1,-1,False,False,0,0,False,207,0,0,0,0,0,0,0,0,0,0,0,0,0,0,0,1,
0,4682,2026-02-23 13:17:25Z,LLM_Empathetic,6.930367,7.222328,6.638406,0.6140635,0,1.603453,0,0,0,0,0,0,5.498745,4.35126,6.64624,0.592854,0.702737,0.482971,7.398359,6.222806,8.573914,0.5878306,0,2.110231,7.201952,6.106997,8.296906,9.866307,10,9.525407,6.930367,7.222328,6.638406,0.6140635,0,1.603453,0,0,0,0,0,0,5.498745,4.35126,6.64624,0.592854,0.702737,0.482971,7.398359,6.222806,8.573914,0.5878306,0,2.110231,7.201952,6.106997,8.296906,9.866307,10,9.525407,-1,-1,-1,-1,-1,-1,-1,-1,-1,-1,-1,-1,-1,-1,-1,-1,-1,-1,-1,-1,-1,-1,-1,-1,-1,-1,-1,-1,-1,-1,-1,-1,-1,-1,-1,-1,-1,-1,-1,-1,-1,-1,-1,-1,-1,-1,-1,-1,-1,-1,0,0,0,0,0,0,-1,-1,-1,-1,-1,-1,-1,-1,-1,-1,-1,-1,0,0,0,0,0,0,-1,-1,-1,-1,-1,-1,-1,-1,-1,-1,-1,-1,-1,-1,False,False,0,0,False,207,0,0,0,0,0,0,0,0,0,0,0,0,0,0,0,1,
0,4683,2026-02-23 13:17:25Z,LLM_Empathetic,6.930362,7.222327,6.638397,0.6140721,0,1.603458,0,0,0,0,0,0,5.498738,4.351258,6.646229,0.592854,0.702737,0.482971,7.398356,6.222807,8.573906,0.5878361,0,2.110236,7.201942,6.106993,8.296893,9.866289,10,9.525384,6.930362,7.222327,6.638397,0.6140721,0,1.603458,0,0,0,0,0,0,5.498738,4.351258,6.646229,0.592854,0.702737,0.482971,7.398356,6.222807,8.573906,0.5878361,0,2.110236,7.201942,6.106993,8.296893,9.866289,10,9.525384,-1,-1,-1,-1,-1,-1,-1,-1,-1,-1,-1,-1,-1,-1,-1,-1,-1,-1,-1,-1,-1,-1,-1,-1,-1,-1,-1,-1,-1,-1,-1,-1,-1,-1,-1,-1,-1,-1,-1,-1,-1,-1,-1,-1,-1,-1,-1,-1,-1,-1,0,0,0,0,0,0,-1,-1,-1,-1,-1,-1,-1,-1,-1,-1,-1,-1,0,0,0,0,0,0,-1,-1,-1,-1,-1,-1,-1,-1,-1,-1,-1,-1,-1,-1,False,False,0,0,False,207,0,0,0,0,0,0,0,0,0,0,0,0,0,0,0,1,
0,4684,2026-02-23 13:17:25Z,LLM_Empathetic,6.930355,7.222325,6.638383,0.6140851,0,1.603465,0,0,0,0,0,0,5.498729,4.351254,6.646213,0.592854,0.702737,0.482971,7.398352,6.222809,8.573895,0.5878444,0,2.110245,7.201929,6.106986,8.296873,9.866262,10,9.525351,6.930355,7.222325,6.638383,0.6140851,0,1.603465,0,0,0,0,0,0,5.498729,4.351254,6.646213,0.592854,0.702737,0.482971,7.398352,6.222809,8.573895,0.5878444,0,2.110245,7.201929,6.106986,8.296873,9.866262,10,9.525351,-1,-1,-1,-1,-1,-1,-1,-1,-1,-1,-1,-1,-1,-1,-1,-1,-1,-1,-1,-1,-1,-1,-1,-1,-1,-1,-1,-1,-1,-1,-1,-1,-1,-1,-1,-1,-1,-1,-1,-1,-1,-1,-1,-1,-1,-1,-1,-1,-1,-1,0,0,0,0,0,0,-1,-1,-1,-1,-1,-1,-1,-1,-1,-1,-1,-1,0,0,0,0,0,0,-1,-1,-1,-1,-1,-1,-1,-1,-1,-1,-1,-1,-1,-1,False,False,0,0,False,207,0,0,0,0,0,0,0,0,0,0,0,0,0,0,0,1,
0,4685,2026-02-23 13:17:25Z,LLM_Empathetic,6.930349,7.222324,6.638374,0.6140937,0,1.603469,0,0,0,0,0,0,5.498722,4.351253,6.646202,0.592854,0.702737,0.482971,7.398349,6.222811,8.573887,0.5878499,0,2.11025,7.20192,6.10698,8.29686,9.866244,10,9.525328,6.930349,7.222324,6.638374,0.6140937,0,1.603469,0,0,0,0,0,0,5.498722,4.351253,6.646202,0.592854,0.702737,0.482971,7.398349,6.222811,8.573887,0.5878499,0,2.11025,7.20192,6.10698,8.29686,9.866244,10,9.525328,-1,-1,-1,-1,-1,-1,-1,-1,-1,-1,-1,-1,-1,-1,-1,-1,-1,-1,-1,-1,-1,-1,-1,-1,-1,-1,-1,-1,-1,-1,-1,-1,-1,-1,-1,-1,-1,-1,-1,-1,-1,-1,-1,-1,-1,-1,-1,-1,-1,-1,0,0,0,0,0,0,-1,-1,-1,-1,-1,-1,-1,-1,-1,-1,-1,-1,0,0,0,0,0,0,-1,-1,-1,-1,-1,-1,-1,-1,-1,-1,-1,-1,-1,-1,False,False,0,0,False,209,0,0,0,0,0,0,0,0,0,0,0,0,0,0,0,1,
0,4686,2026-02-23 13:17:25Z,LLM_Empathetic,6.930342,7.222323,6.638361,0.6141067,0,1.603477,0,0,0,0,0,0,5.498713,4.351249,6.646186,0.592854,0.702737,0.482971,7.398345,6.222813,8.573876,0.5878582,0,2.110259,7.201906,6.106973,8.296841,9.866217,10,9.525293,6.930342,7.222323,6.638361,0.6141067,0,1.603477,0,0,0,0,0,0,5.498713,4.351249,6.646186,0.592854,0.702737,0.482971,7.398345,6.222813,8.573876,0.5878582,0,2.110259,7.201906,6.106973,8.296841,9.866217,10,9.525293,-1,-1,-1,-1,-1,-1,-1,-1,-1,-1,-1,-1,-1,-1,-1,-1,-1,-1,-1,-1,-1,-1,-1,-1,-1,-1,-1,-1,-1,-1,-1,-1,-1,-1,-1,-1,-1,-1,-1,-1,-1,-1,-1,-1,-1,-1,-1,-1,-1,-1,0,0,0,0,0,0,-1,-1,-1,-1,-1,-1,-1,-1,-1,-1,-1,-1,0,0,0,0,0,0,-1,-1,-1,-1,-1,-1,-1,-1,-1,-1,-1,-1,-1,-1,False,False,0,0,False,207,0,0,0,0,0,0,0,0,0,0,0,0,0,0,0,1,
0,4687,2026-02-23 13:17:25Z,LLM_Empathetic,6.930336,7.222322,6.638351,0.6141153,0,1.603481,0,0,0,0,0,0,5.498706,4.351247,6.646175,0.592854,0.702737,0.482971,7.398341,6.222815,8.573869,0.5878637,0,2.110264,7.201897,6.106968,8.296827,9.866199,10,9.52527,6.930336,7.222322,6.638351,0.6141153,0,1.603481,0,0,0,0,0,0,5.498706,4.351247,6.646175,0.592854,0.702737,0.482971,7.398341,6.222815,8.573869,0.5878637,0,2.110264,7.201897,6.106968,8.296827,9.866199,10,9.52527,-1,-1,-1,-1,-1,-1,-1,-1,-1,-1,-1,-1,-1,-1,-1,-1,-1,-1,-1,-1,-1,-1,-1,-1,-1,-1,-1,-1,-1,-1,-1,-1,-1,-1,-1,-1,-1,-1,-1,-1,-1,-1,-1,-1,-1,-1,-1,-1,-1,-1,0,0,0,0,0,0,-1,-1,-1,-1,-1,-1,-1,-1,-1,-1,-1,-1,0,0,0,0,0,0,-1,-1,-1,-1,-1,-1,-1,-1,-1,-1,-1,-1,-1,-1,False,False,0,0,False,209,0,0,0,0,0,0,0,0,0,0,0,0,0,0,0,1,
0,4688,2026-02-23 13:17:25Z,LLM_Empathetic,6.930329,7.222321,6.638337,0.6141283,0,1.603489,0,0,0,0,0,0,5.498696,4.351244,6.646159,0.592854,0.702737,0.482971,7.398337,6.222817,8.573857,0.5878721,0,2.110272,7.201883,6.106961,8.296807,9.866172,10,9.525236,6.930329,7.222321,6.638337,0.6141283,0,1.603489,0,0,0,0,0,0,5.498696,4.351244,6.646159,0.592854,0.702737,0.482971,7.398337,6.222817,8.573857,0.5878721,0,2.110272,7.201883,6.106961,8.296807,9.866172,10,9.525236,-1,-1,-1,-1,-1,-1,-1,-1,-1,-1,-1,-1,-1,-1,-1,-1,-1,-1,-1,-1,-1,-1,-1,-1,-1,-1,-1,-1,-1,-1,-1,-1,-1,-1,-1,-1,-1,-1,-1,-1,-1,-1,-1,-1,-1,-1,-1,-1,-1,-1,0,0,0,0,0,0,-1,-1,-1,-1,-1,-1,-1,-1,-1,-1,-1,-1,0,0,0,0,0,0,-1,-1,-1,-1,-1,-1,-1,-1,-1,-1,-1,-1,-1,-1,False,False,0,0,False,209,0,0,0,0,0,0,0,0,0,0,0,0,0,0,0,1,
0,4689,2026-02-23 13:17:25Z,LLM_Empathetic,6.930324,7.22232,6.638328,0.614137,0,1.603493,0,0,0,0,0,0,5.498689,4.351242,6.646148,0.592854,0.702737,0.482971,7.398334,6.222818,8.57385,0.5878776,0,2.110278,7.201874,6.106956,8.296794,9.866154,10,9.525213,6.930324,7.22232,6.638328,0.614137,0,1.603493,0,0,0,0,0,0,5.498689,4.351242,6.646148,0.592854,0.702737,0.482971,7.398334,6.222818,8.57385,0.5878776,0,2.110278,7.201874,6.106956,8.296794,9.866154,10,9.525213,-1,-1,-1,-1,-1,-1,-1,-1,-1,-1,-1,-1,-1,-1,-1,-1,-1,-1,-1,-1,-1,-1,-1,-1,-1,-1,-1,-1,-1,-1,-1,-1,-1,-1,-1,-1,-1,-1,-1,-1,-1,-1,-1,-1,-1,-1,-1,-1,-1,-1,0,0,0,0,0,0,-1,-1,-1,-1,-1,-1,-1,-1,-1,-1,-1,-1,0,0,0,0,0,0,-1,-1,-1,-1,-1,-1,-1,-1,-1,-1,-1,-1,-1,-1,False,False,0,0,False,207,0,0,0,0,0,0,0,0,0,0,0,0,0,0,0,1,
0,4690,2026-02-23 13:17:25Z,LLM_Empathetic,6.930319,7.222319,6.638319,0.6141456,0,1.603498,0,0,0,0,0,0,5.498683,4.351239,6.646137,0.592854,0.702737,0.482971,7.398331,6.22282,8.573842,0.5878832,0,2.110284,7.201865,6.106951,8.296781,9.866135,10,9.52519,6.930319,7.222319,6.638319,0.6141456,0,1.603498,0,0,0,0,0,0,5.498683,4.351239,6.646137,0.592854,0.702737,0.482971,7.398331,6.22282,8.573842,0.5878832,0,2.110284,7.201865,6.106951,8.296781,9.866135,10,9.52519,-1,-1,-1,-1,-1,-1,-1,-1,-1,-1,-1,-1,-1,-1,-1,-1,-1,-1,-1,-1,-1,-1,-1,-1,-1,-1,-1,-1,-1,-1,-1,-1,-1,-1,-1,-1,-1,-1,-1,-1,-1,-1,-1,-1,-1,-1,-1,-1,-1,-1,0,0,0,0,0,0,-1,-1,-1,-1,-1,-1,-1,-1,-1,-1,-1,-1,0,0,0,0,0,0,-1,-1,-1,-1,-1,-1,-1,-1,-1,-1,-1,-1,-1,-1,False,False,0,0,False,207,0,0,0,0,0,0,0,0,0,0,0,0,0,0,0,1,
0,4691,2026-02-23 13:17:25Z,LLM_Empathetic,6.930311,7.222318,6.638305,0.6141587,0,1.603505,0,0,0,0,0,0,5.498673,4.351236,6.64612,0.592854,0.702737,0.482971,7.398326,6.222822,8.573831,0.5878916,0,2.110292,7.201851,6.106944,8.296761,9.866108,10,9.525156,6.930311,7.222318,6.638305,0.6141587,0,1.603505,0,0,0,0,0,0,5.498673,4.351236,6.64612,0.592854,0.702737,0.482971,7.398326,6.222822,8.573831,0.5878916,0,2.110292,7.201851,6.106944,8.296761,9.866108,10,9.525156,-1,-1,-1,-1,-1,-1,-1,-1,-1,-1,-1,-1,-1,-1,-1,-1,-1,-1,-1,-1,-1,-1,-1,-1,-1,-1,-1,-1,-1,-1,-1,-1,-1,-1,-1,-1,-1,-1,-1,-1,-1,-1,-1,-1,-1,-1,-1,-1,-1,-1,0,0,0,0,0,0,-1,-1,-1,-1,-1,-1,-1,-1,-1,-1,-1,-1,0,0,0,0,0,0,-1,-1,-1,-1,-1,-1,-1,-1,-1,-1,-1,-1,-1,-1,False,False,0,0,False,209,0,0,0,0,0,0,0,0,0,0,0,0,0,0,0,1,
0,4692,2026-02-23 13:17:25Z,LLM_Empathetic,6.930301,7.222316,6.638286,0.6141762,0,1.603515,0,0,0,0,0,0,5.49866,4.351232,6.646098,0.592854,0.702737,0.482971,7.39832,6.222826,8.573815,0.5879027,0,2.110303,7.201833,6.106934,8.296734,9.866071,10,9.52511,6.930301,7.222316,6.638286,0.6141762,0,1.603515,0,0,0,0,0,0,5.49866,4.351232,6.646098,0.592854,0.702737,0.482971,7.39832,6.222826,8.573815,0.5879027,0,2.110303,7.201833,6.106934,8.296734,9.866071,10,9.52511,-1,-1,-1,-1,-1,-1,-1,-1,-1,-1,-1,-1,-1,-1,-1,-1,-1,-1,-1,-1,-1,-1,-1,-1,-1,-1,-1,-1,-1,-1,-1,-1,-1,-1,-1,-1,-1,-1,-1,-1,-1,-1,-1,-1,-1,-1,-1,-1,-1,-1,0,0,0,0,0,0,-1,-1,-1,-1,-1,-1,-1,-1,-1,-1,-1,-1,0,0,0,0,0,0,-1,-1,-1,-1,-1,-1,-1,-1,-1,-1,-1,-1,-1,-1,False,False,0,0,False,209,0,0,0,0,0,0,0,0,0,0,0,0,0,0,0,1,
0,4693,2026-02-23 13:17:25Z,LLM_Empathetic,6.930296,7.222315,6.638277,0.6141849,0,1.60352,0,0,0,0,0,0,5.498653,4.35123,6.646087,0.592854,0.702737,0.482971,7.398317,6.222827,8.573808,0.5879083,0,2.110309,7.201824,6.106929,8.296721,9.866053,10,9.525087,6.930296,7.222315,6.638277,0.6141849,0,1.60352,0,0,0,0,0,0,5.498653,4.35123,6.646087,0.592854,0.702737,0.482971,7.398317,6.222827,8.573808,0.5879083,0,2.110309,7.201824,6.106929,8.296721,9.866053,10,9.525087,-1,-1,-1,-1,-1,-1,-1,-1,-1,-1,-1,-1,-1,-1,-1,-1,-1,-1,-1,-1,-1,-1,-1,-1,-1,-1,-1,-1,-1,-1,-1,-1,-1,-1,-1,-1,-1,-1,-1,-1,-1,-1,-1,-1,-1,-1,-1,-1,-1,-1,0,0,0,0,0,0,-1,-1,-1,-1,-1,-1,-1,-1,-1,-1,-1,-1,0,0,0,0,0,0,-1,-1,-1,-1,-1,-1,-1,-1,-1,-1,-1,-1,-1,-1,False,False,0,0,False,207,0,0,0,0,0,0,0,0,0,0,0,0,0,0,0,1,
0,4694,2026-02-23 13:17:25Z,LLM_Empathetic,6.930288,7.222313,6.638263,0.614198,0,1.603527,0,0,0,0,0,0,5.498643,4.351226,6.64607,0.592854,0.702737,0.482971,7.398313,6.222829,8.573797,0.5879167,0,2.110317,7.20181,6.106921,8.2967,9.866025,10,9.525053,6.930288,7.222313,6.638263,0.614198,0,1.603527,0,0,0,0,0,0,5.498643,4.351226,6.64607,0.592854,0.702737,0.482971,7.398313,6.222829,8.573797,0.5879167,0,2.110317,7.20181,6.106921,8.2967,9.866025,10,9.525053,-1,-1,-1,-1,-1,-1,-1,-1,-1,-1,-1,-1,-1,-1,-1,-1,-1,-1,-1,-1,-1,-1,-1,-1,-1,-1,-1,-1,-1,-1,-1,-1,-1,-1,-1,-1,-1,-1,-1,-1,-1,-1,-1,-1,-1,-1,-1,-1,-1,-1,0,0,0,0,0,0,-1,-1,-1,-1,-1,-1,-1,-1,-1,-1,-1,-1,0,0,0,0,0,0,-1,-1,-1,-1,-1,-1,-1,-1,-1,-1,-1,-1,-1,-1,False,False,0,0,False,207,0,0,0,0,0,0,0,0,0,0,0,0,0,0,0,1,
0,4695,2026-02-23 13:17:25Z,LLM_Empathetic,6.93028,7.222312,6.638248,0.6142111,0,1.603534,0,0,0,0,0,0,5.498633,4.351223,6.646054,0.592854,0.702737,0.482971,7.398308,6.222832,8.573786,0.5879251,0,2.110326,7.201797,6.106914,8.29668,9.865997,10,9.525019,6.93028,7.222312,6.638248,0.6142111,0,1.603534,0,0,0,0,0,0,5.498633,4.351223,6.646054,0.592854,0.702737,0.482971,7.398308,6.222832,8.573786,0.5879251,0,2.110326,7.201797,6.106914,8.29668,9.865997,10,9.525019,-1,-1,-1,-1,-1,-1,-1,-1,-1,-1,-1,-1,-1,-1,-1,-1,-1,-1,-1,-1,-1,-1,-1,-1,-1,-1,-1,-1,-1,-1,-1,-1,-1,-1,-1,-1,-1,-1,-1,-1,-1,-1,-1,-1,-1,-1,-1,-1,-1,-1,0,0,0,0,0,0,-1,-1,-1,-1,-1,-1,-1,-1,-1,-1,-1,-1,0,0,0,0,0,0,-1,-1,-1,-1,-1,-1,-1,-1,-1,-1,-1,-1,-1,-1,False,False,0,0,False,207,0,0,0,0,0,0,0,0,0,0,0,0,0,0,0,1,
0,4696,2026-02-23 13:17:25Z,LLM_Empathetic,6.930273,7.222311,6.638235,0.6142243,0,1.603541,0,0,0,0,0,0,5.498623,4.35122,6.646037,0.592854,0.702737,0.482971,7.398304,6.222834,8.573774,0.5879335,0,2.110334,7.201783,6.106906,8.29666,9.86597,10,9.524983,6.930273,7.222311,6.638235,0.6142243,0,1.603541,0,0,0,0,0,0,5.498623,4.35122,6.646037,0.592854,0.702737,0.482971,7.398304,6.222834,8.573774,0.5879335,0,2.110334,7.201783,6.106906,8.29666,9.86597,10,9.524983,-1,-1,-1,-1,-1,-1,-1,-1,-1,-1,-1,-1,-1,-1,-1,-1,-1,-1,-1,-1,-1,-1,-1,-1,-1,-1,-1,-1,-1,-1,-1,-1,-1,-1,-1,-1,-1,-1,-1,-1,-1,-1,-1,-1,-1,-1,-1,-1,-1,-1,0,0,0,0,0,0,-1,-1,-1,-1,-1,-1,-1,-1,-1,-1,-1,-1,0,0,0,0,0,0,-1,-1,-1,-1,-1,-1,-1,-1,-1,-1,-1,-1,-1,-1,False,False,0,0,False,209,0,0,0,0,0,0,0,0,0,0,0,0,0,0,0,1,
0,4697,2026-02-23 13:17:25Z,LLM_Empathetic,6.930265,7.222309,6.63822,0.6142374,0,1.603549,0,0,0,0,0,0,5.498613,4.351216,6.64602,0.592854,0.702737,0.482971,7.398299,6.222836,8.573763,0.5879419,0,2.110342,7.201769,6.106899,8.296639,9.865942,10,9.524949,6.930265,7.222309,6.63822,0.6142374,0,1.603549,0,0,0,0,0,0,5.498613,4.351216,6.64602,0.592854,0.702737,0.482971,7.398299,6.222836,8.573763,0.5879419,0,2.110342,7.201769,6.106899,8.296639,9.865942,10,9.524949,-1,-1,-1,-1,-1,-1,-1,-1,-1,-1,-1,-1,-1,-1,-1,-1,-1,-1,-1,-1,-1,-1,-1,-1,-1,-1,-1,-1,-1,-1,-1,-1,-1,-1,-1,-1,-1,-1,-1,-1,-1,-1,-1,-1,-1,-1,-1,-1,-1,-1,0,0,0,0,0,0,-1,-1,-1,-1,-1,-1,-1,-1,-1,-1,-1,-1,0,0,0,0,0,0,-1,-1,-1,-1,-1,-1,-1,-1,-1,-1,-1,-1,-1,-1,False,False,0,0,False,207,0,0,0,0,0,0,0,0,0,0,0,0,0,0,0,1,
0,4698,2026-02-23 13:17:26Z,LLM_Empathetic,6.93026,7.222308,6.638211,0.6142462,0,1.603554,0,0,0,0,0,0,5.498607,4.351214,6.646009,0.592854,0.702737,0.482971,7.398296,6.222838,8.573755,0.5879476,0,2.110348,7.20176,6.106894,8.296626,9.865924,10,9.524926,6.93026,7.222308,6.638211,0.6142462,0,1.603554,0,0,0,0,0,0,5.498607,4.351214,6.646009,0.592854,0.702737,0.482971,7.398296,6.222838,8.573755,0.5879476,0,2.110348,7.20176,6.106894,8.296626,9.865924,10,9.524926,-1,-1,-1,-1,-1,-1,-1,-1,-1,-1,-1,-1,-1,-1,-1,-1,-1,-1,-1,-1,-1,-1,-1,-1,-1,-1,-1,-1,-1,-1,-1,-1,-1,-1,-1,-1,-1,-1,-1,-1,-1,-1,-1,-1,-1,-1,-1,-1,-1,-1,0,0,0,0,0,0,-1,-1,-1,-1,-1,-1,-1,-1,-1,-1,-1,-1,0,0,0,0,0,0,-1,-1,-1,-1,-1,-1,-1,-1,-1,-1,-1,-1,-1,-1,False,False,0,0,False,207,0,0,0,0,0,0,0,0,0,0,0,0,0,0,0,1,
0,4699,2026-02-23 13:17:26Z,LLM_Empathetic,6.930247,7.222306,6.638187,0.6142682,0,1.603566,0,0,0,0,0,0,5.49859,4.351209,6.645982,0.592854,0.702737,0.482971,7.398289,6.222842,8.573736,0.5879617,0,2.110362,7.201736,6.106881,8.296593,9.865878,10,9.524868,6.930247,7.222306,6.638187,0.6142682,0,1.603566,0,0,0,0,0,0,5.49859,4.351209,6.645982,0.592854,0.702737,0.482971,7.398289,6.222842,8.573736,0.5879617,0,2.110362,7.201736,6.106881,8.296593,9.865878,10,9.524868,-1,-1,-1,-1,-1,-1,-1,-1,-1,-1,-1,-1,-1,-1,-1,-1,-1,-1,-1,-1,-1,-1,-1,-1,-1,-1,-1,-1,-1,-1,-1,-1,-1,-1,-1,-1,-1,-1,-1,-1,-1,-1,-1,-1,-1,-1,-1,-1,-1,-1,0,0,0,0,0,0,-1,-1,-1,-1,-1,-1,-1,-1,-1,-1,-1,-1,0,0,0,0,0,0,-1,-1,-1,-1,-1,-1,-1,-1,-1,-1,-1,-1,-1,-1,False,False,0,0,False,207,0,0,0,0,0,0,0,0,0,0,0,0,0,0,0,1,
0,4700,2026-02-23 13:17:26Z,LLM_Empathetic,6.930236,7.222304,6.638168,0.6142859,0,1.603576,0,0,0,0,0,0,5.498577,4.351204,6.645959,0.592854,0.702737,0.482971,7.398283,6.222845,8.573721,0.587973,0,2.110373,7.201718,6.106871,8.296566,9.865841,10,9.524821,6.930236,7.222304,6.638168,0.6142859,0,1.603576,0,0,0,0,0,0,5.498577,4.351204,6.645959,0.592854,0.702737,0.482971,7.398283,6.222845,8.573721,0.587973,0,2.110373,7.201718,6.106871,8.296566,9.865841,10,9.524821,-1,-1,-1,-1,-1,-1,-1,-1,-1,-1,-1,-1,-1,-1,-1,-1,-1,-1,-1,-1,-1,-1,-1,-1,-1,-1,-1,-1,-1,-1,-1,-1,-1,-1,-1,-1,-1,-1,-1,-1,-1,-1,-1,-1,-1,-1,-1,-1,-1,-1,0,0,0,0,0,0,-1,-1,-1,-1,-1,-1,-1,-1,-1,-1,-1,-1,0,0,0,0,0,0,-1,-1,-1,-1,-1,-1,-1,-1,-1,-1,-1,-1,-1,-1,False,False,0,0,False,209,0,0,0,0,0,0,0,0,0,0,0,0,0,0,0,1,
0,4701,2026-02-23 13:17:26Z,LLM_Empathetic,6.930231,7.222303,6.638159,0.6142948,0,1.60358,0,0,0,0,0,0,5.49857,4.351202,6.645948,0.592854,0.702737,0.482971,7.39828,6.222847,8.573712,0.5879787,0,2.110379,7.201709,6.106866,8.296552,9.865822,10,9.524797,6.930231,7.222303,6.638159,0.6142948,0,1.60358,0,0,0,0,0,0,5.49857,4.351202,6.645948,0.592854,0.702737,0.482971,7.39828,6.222847,8.573712,0.5879787,0,2.110379,7.201709,6.106866,8.296552,9.865822,10,9.524797,-1,-1,-1,-1,-1,-1,-1,-1,-1,-1,-1,-1,-1,-1,-1,-1,-1,-1,-1,-1,-1,-1,-1,-1,-1,-1,-1,-1,-1,-1,-1,-1,-1,-1,-1,-1,-1,-1,-1,-1,-1,-1,-1,-1,-1,-1,-1,-1,-1,-1,0,0,0,0,0,0,-1,-1,-1,-1,-1,-1,-1,-1,-1,-1,-1,-1,0,0,0,0,0,0,-1,-1,-1,-1,-1,-1,-1,-1,-1,-1,-1,-1,-1,-1,False,False,0,0,False,209,0,0,0,0,0,0,0,0,0,0,0,0,0,0,0,1,
0,4702,2026-02-23 13:17:26Z,LLM_Empathetic,6.930226,7.222302,6.63815,0.6143036,0,1.603585,0,0,0,0,0,0,5.498563,4.3512,6.645937,0.592854,0.702737,0.482971,7.398276,6.222848,8.573705,0.5879844,0,2.110385,7.201699,6.106861,8.296538,9.865804,10,9.524775,6.930226,7.222302,6.63815,0.6143036,0,1.603585,0,0,0,0,0,0,5.498563,4.3512,6.645937,0.592854,0.702737,0.482971,7.398276,6.222848,8.573705,0.5879844,0,2.110385,7.201699,6.106861,8.296538,9.865804,10,9.524775,-1,-1,-1,-1,-1,-1,-1,-1,-1,-1,-1,-1,-1,-1,-1,-1,-1,-1,-1,-1,-1,-1,-1,-1,-1,-1,-1,-1,-1,-1,-1,-1,-1,-1,-1,-1,-1,-1,-1,-1,-1,-1,-1,-1,-1,-1,-1,-1,-1,-1,0,0,0,0,0,0,-1,-1,-1,-1,-1,-1,-1,-1,-1,-1,-1,-1,0,0,0,0,0,0,-1,-1,-1,-1,-1,-1,-1,-1,-1,-1,-1,-1,-1,-1,False,False,0,0,False,207,0,0,0,0,0,0,0,0,0,0,0,0,0,0,0,1,
0,4703,2026-02-23 13:17:26Z,LLM_Empathetic,6.930221,7.222301,6.63814,0.6143125,0,1.60359,0,0,0,0,0,0,5.498557,4.351198,6.645926,0.592854,0.702737,0.482971,7.398273,6.22285,8.573697,0.58799,0,2.11039,7.20169,6.106856,8.296525,9.865785,10,9.524752,6.930221,7.222301,6.63814,0.6143125,0,1.60359,0,0,0,0,0,0,5.498557,4.351198,6.645926,0.592854,0.702737,0.482971,7.398273,6.22285,8.573697,0.58799,0,2.11039,7.20169,6.106856,8.296525,9.865785,10,9.524752,-1,-1,-1,-1,-1,-1,-1,-1,-1,-1,-1,-1,-1,-1,-1,-1,-1,-1,-1,-1,-1,-1,-1,-1,-1,-1,-1,-1,-1,-1,-1,-1,-1,-1,-1,-1,-1,-1,-1,-1,-1,-1,-1,-1,-1,-1,-1,-1,-1,-1,0,0,0,0,0,0,-1,-1,-1,-1,-1,-1,-1,-1,-1,-1,-1,-1,0,0,0,0,0,0,-1,-1,-1,-1,-1,-1,-1,-1,-1,-1,-1,-1,-1,-1,False,False,0,0,False,207,0,0,0,0,0,0,0,0,0,0,0,0,0,0,0,1,
0,4704,2026-02-23 13:17:26Z,LLM_Empathetic,6.930215,7.2223,6.638131,0.6143214,0,1.603595,0,0,0,0,0,0,5.49855,4.351195,6.645915,0.592854,0.702737,0.482971,7.39827,6.222851,8.573689,0.5879957,0,2.110396,7.201681,6.106851,8.296512,9.865767,10,9.524728,6.930215,7.2223,6.638131,0.6143214,0,1.603595,0,0,0,0,0,0,5.49855,4.351195,6.645915,0.592854,0.702737,0.482971,7.39827,6.222851,8.573689,0.5879957,0,2.110396,7.201681,6.106851,8.296512,9.865767,10,9.524728,-1,-1,-1,-1,-1,-1,-1,-1,-1,-1,-1,-1,-1,-1,-1,-1,-1,-1,-1,-1,-1,-1,-1,-1,-1,-1,-1,-1,-1,-1,-1,-1,-1,-1,-1,-1,-1,-1,-1,-1,-1,-1,-1,-1,-1,-1,-1,-1,-1,-1,0,0,0,0,0,0,-1,-1,-1,-1,-1,-1,-1,-1,-1,-1,-1,-1,0,0,0,0,0,0,-1,-1,-1,-1,-1,-1,-1,-1,-1,-1,-1,-1,-1,-1,False,False,0,0,False,209,0,0,0,0,0,0,0,0,0,0,0,0,0,0,0,1,
0,4705,2026-02-23 13:17:26Z,LLM_Empathetic,6.93021,7.222299,6.638121,0.6143302,0,1.6036,0,0,0,0,0,0,5.498543,4.351193,6.645903,0.592854,0.702737,0.482971,7.398267,6.222853,8.573682,0.5880014,0,2.110402,7.201671,6.106846,8.296497,9.865747,10,9.524704,6.93021,7.222299,6.638121,0.6143302,0,1.6036,0,0,0,0,0,0,5.498543,4.351193,6.645903,0.592854,0.702737,0.482971,7.398267,6.222853,8.573682,0.5880014,0,2.110402,7.201671,6.106846,8.296497,9.865747,10,9.524704,-1,-1,-1,-1,-1,-1,-1,-1,-1,-1,-1,-1,-1,-1,-1,-1,-1,-1,-1,-1,-1,-1,-1,-1,-1,-1,-1,-1,-1,-1,-1,-1,-1,-1,-1,-1,-1,-1,-1,-1,-1,-1,-1,-1,-1,-1,-1,-1,-1,-1,0,0,0,0,0,0,-1,-1,-1,-1,-1,-1,-1,-1,-1,-1,-1,-1,0,0,0,0,0,0,-1,-1,-1,-1,-1,-1,-1,-1,-1,-1,-1,-1,-1,-1,False,False,0,0,False,209,0,0,0,0,0,0,0,0,0,0,0,0,0,0,0,1,
0,4706,2026-02-23 13:17:26Z,LLM_Empathetic,6.930208,7.222299,6.638116,0.6143347,0,1.603602,0,0,0,0,0,0,5.49854,4.351192,6.645898,0.592854,0.702737,0.482971,7.398266,6.222854,8.573678,0.5880042,0,2.110405,7.201667,6.106843,8.296491,9.865738,10,9.524693,6.930208,7.222299,6.638116,0.6143347,0,1.603602,0,0,0,0,0,0,5.49854,4.351192,6.645898,0.592854,0.702737,0.482971,7.398266,6.222854,8.573678,0.5880042,0,2.110405,7.201667,6.106843,8.296491,9.865738,10,9.524693,-1,-1,-1,-1,-1,-1,-1,-1,-1,-1,-1,-1,-1,-1,-1,-1,-1,-1,-1,-1,-1,-1,-1,-1,-1,-1,-1,-1,-1,-1,-1,-1,-1,-1,-1,-1,-1,-1,-1,-1,-1,-1,-1,-1,-1,-1,-1,-1,-1,-1,0,0,0,0,0,0,-1,-1,-1,-1,-1,-1,-1,-1,-1,-1,-1,-1,0,0,0,0,0,0,-1,-1,-1,-1,-1,-1,-1,-1,-1,-1,-1,-1,-1,-1,False,False,0,0,False,209,0,0,0,0,0,0,0,0,0,0,0,0,0,0,0,1,
0,4707,2026-02-23 13:17:26Z,LLM_Empathetic,6.930202,7.222298,6.638107,0.6143436,0,1.603607,0,0,0,0,0,0,5.498533,4.35119,6.645886,0.592854,0.702737,0.482971,7.398263,6.222855,8.57367,0.58801,0,2.11041,7.201657,6.106838,8.296477,9.86572,10,9.52467,6.930202,7.222298,6.638107,0.6143436,0,1.603607,0,0,0,0,0,0,5.498533,4.35119,6.645886,0.592854,0.702737,0.482971,7.398263,6.222855,8.57367,0.58801,0,2.11041,7.201657,6.106838,8.296477,9.86572,10,9.52467,-1,-1,-1,-1,-1,-1,-1,-1,-1,-1,-1,-1,-1,-1,-1,-1,-1,-1,-1,-1,-1,-1,-1,-1,-1,-1,-1,-1,-1,-1,-1,-1,-1,-1,-1,-1,-1,-1,-1,-1,-1,-1,-1,-1,-1,-1,-1,-1,-1,-1,0,0,0,0,0,0,-1,-1,-1,-1,-1,-1,-1,-1,-1,-1,-1,-1,0,0,0,0,0,0,-1,-1,-1,-1,-1,-1,-1,-1,-1,-1,-1,-1,-1,-1,False,False,0,0,False,209,0,0,0,0,0,0,0,0,0,0,0,0,0,0,0,1,
0,4708,2026-02-23 13:17:26Z,LLM_Empathetic,6.9302,7.222298,6.638102,0.6143481,0,1.60361,0,0,0,0,0,0,5.498529,4.351189,6.645881,0.592854,0.702737,0.482971,7.398261,6.222856,8.573667,0.5880128,0,2.110413,7.201653,6.106836,8.296471,9.86571,10,9.524657,6.9302,7.222298,6.638102,0.6143481,0,1.60361,0,0,0,0,0,0,5.498529,4.351189,6.645881,0.592854,0.702737,0.482971,7.398261,6.222856,8.573667,0.5880128,0,2.110413,7.201653,6.106836,8.296471,9.86571,10,9.524657,-1,-1,-1,-1,-1,-1,-1,-1,-1,-1,-1,-1,-1,-1,-1,-1,-1,-1,-1,-1,-1,-1,-1,-1,-1,-1,-1,-1,-1,-1,-1,-1,-1,-1,-1,-1,-1,-1,-1,-1,-1,-1,-1,-1,-1,-1,-1,-1,-1,-1,0,0,0,0,0,0,-1,-1,-1,-1,-1,-1,-1,-1,-1,-1,-1,-1,0,0,0,0,0,0,-1,-1,-1,-1,-1,-1,-1,-1,-1,-1,-1,-1,-1,-1,False,False,0,0,False,207,0,0,0,0,0,0,0,0,0,0,0,0,0,0,0,1,
0,4709,2026-02-23 13:17:26Z,LLM_Empathetic,6.930194,7.222297,6.638093,0.614357,0,1.603615,0,0,0,0,0,0,5.498523,4.351187,6.64587,0.592854,0.702737,0.482971,7.398258,6.222857,8.573659,0.5880185,0,2.110419,7.201643,6.106831,8.296456,9.865691,10,9.524634,6.930194,7.222297,6.638093,0.614357,0,1.603615,0,0,0,0,0,0,5.498523,4.351187,6.64587,0.592854,0.702737,0.482971,7.398258,6.222857,8.573659,0.5880185,0,2.110419,7.201643,6.106831,8.296456,9.865691,10,9.524634,-1,-1,-1,-1,-1,-1,-1,-1,-1,-1,-1,-1,-1,-1,-1,-1,-1,-1,-1,-1,-1,-1,-1,-1,-1,-1,-1,-1,-1,-1,-1,-1,-1,-1,-1,-1,-1,-1,-1,-1,-1,-1,-1,-1,-1,-1,-1,-1,-1,-1,0,0,0,0,0,0,-1,-1,-1,-1,-1,-1,-1,-1,-1,-1,-1,-1,0,0,0,0,0,0,-1,-1,-1,-1,-1,-1,-1,-1,-1,-1,-1,-1,-1,-1,False,False,0,0,False,207,0,0,0,0,0,0,0,0,0,0,0,0,0,0,0,1,
0,4710,2026-02-23 13:17:26Z,LLM_Empathetic,6.930189,7.222296,6.638083,0.6143659,0,1.60362,0,0,0,0,0,0,5.498516,4.351184,6.645858,0.592854,0.702737,0.482971,7.398255,6.222859,8.573651,0.5880243,0,2.110425,7.201634,6.106826,8.296443,9.865673,10,9.524611,6.930189,7.222296,6.638083,0.6143659,0,1.60362,0,0,0,0,0,0,5.498516,4.351184,6.645858,0.592854,0.702737,0.482971,7.398255,6.222859,8.573651,0.5880243,0,2.110425,7.201634,6.106826,8.296443,9.865673,10,9.524611,-1,-1,-1,-1,-1,-1,-1,-1,-1,-1,-1,-1,-1,-1,-1,-1,-1,-1,-1,-1,-1,-1,-1,-1,-1,-1,-1,-1,-1,-1,-1,-1,-1,-1,-1,-1,-1,-1,-1,-1,-1,-1,-1,-1,-1,-1,-1,-1,-1,-1,0,0,0,0,0,0,-1,-1,-1,-1,-1,-1,-1,-1,-1,-1,-1,-1,0,0,0,0,0,0,-1,-1,-1,-1,-1,-1,-1,-1,-1,-1,-1,-1,-1,-1,False,False,0,0,False,209,0,0,0,0,0,0,0,0,0,0,0,0,0,0,0,1,
0,4711,2026-02-23 13:17:26Z,LLM_Empathetic,6.930187,7.222295,6.638078,0.6143703,0,1.603622,0,0,0,0,0,0,5.498513,4.351183,6.645853,0.592854,0.702737,0.482971,7.398253,6.22286,8.573647,0.5880271,0,2.110427,7.201629,6.106823,8.296436,9.865664,10,9.524599,6.930187,7.222295,6.638078,0.6143703,0,1.603622,0,0,0,0,0,0,5.498513,4.351183,6.645853,0.592854,0.702737,0.482971,7.398253,6.22286,8.573647,0.5880271,0,2.110427,7.201629,6.106823,8.296436,9.865664,10,9.524599,-1,-1,-1,-1,-1,-1,-1,-1,-1,-1,-1,-1,-1,-1,-1,-1,-1,-1,-1,-1,-1,-1,-1,-1,-1,-1,-1,-1,-1,-1,-1,-1,-1,-1,-1,-1,-1,-1,-1,-1,-1,-1,-1,-1,-1,-1,-1,-1,-1,-1,0,0,0,0,0,0,-1,-1,-1,-1,-1,-1,-1,-1,-1,-1,-1,-1,0,0,0,0,0,0,-1,-1,-1,-1,-1,-1,-1,-1,-1,-1,-1,-1,-1,-1,False,False,0,0,False,207,0,0,0,0,0,0,0,0,0,0,0,0,0,0,0,1,
0,4712,2026-02-23 13:17:26Z,LLM_Empathetic,6.930182,7.222294,6.638069,0.6143793,0,1.603627,0,0,0,0,0,0,5.498506,4.351181,6.645842,0.592854,0.702737,0.482971,7.39825,6.222862,8.57364,0.5880328,0,2.110433,7.20162,6.106818,8.296422,9.865644,10,9.524575,6.930182,7.222294,6.638069,0.6143793,0,1.603627,0,0,0,0,0,0,5.498506,4.351181,6.645842,0.592854,0.702737,0.482971,7.39825,6.222862,8.57364,0.5880328,0,2.110433,7.20162,6.106818,8.296422,9.865644,10,9.524575,-1,-1,-1,-1,-1,-1,-1,-1,-1,-1,-1,-1,-1,-1,-1,-1,-1,-1,-1,-1,-1,-1,-1,-1,-1,-1,-1,-1,-1,-1,-1,-1,-1,-1,-1,-1,-1,-1,-1,-1,-1,-1,-1,-1,-1,-1,-1,-1,-1,-1,0,0,0,0,0,0,-1,-1,-1,-1,-1,-1,-1,-1,-1,-1,-1,-1,0,0,0,0,0,0,-1,-1,-1,-1,-1,-1,-1,-1,-1,-1,-1,-1,-1,-1,False,False,0,0,False,207,0,0,0,0,0,0,0,0,0,0,0,0,0,0,0,1,
0,4713,2026-02-23 13:17:26Z,LLM_Empathetic,6.930179,7.222294,6.638064,0.6143838,0,1.603629,0,0,0,0,0,0,5.498503,4.35118,6.645836,0.592854,0.702737,0.482971,7.398249,6.222862,8.573635,0.5880357,0,2.110436,7.201615,6.106815,8.296415,9.865635,10,9.524564,6.930179,7.222294,6.638064,0.6143838,0,1.603629,0,0,0,0,0,0,5.498503,4.35118,6.645836,0.592854,0.702737,0.482971,7.398249,6.222862,8.573635,0.5880357,0,2.110436,7.201615,6.106815,8.296415,9.865635,10,9.524564,-1,-1,-1,-1,-1,-1,-1,-1,-1,-1,-1,-1,-1,-1,-1,-1,-1,-1,-1,-1,-1,-1,-1,-1,-1,-1,-1,-1,-1,-1,-1,-1,-1,-1,-1,-1,-1,-1,-1,-1,-1,-1,-1,-1,-1,-1,-1,-1,-1,-1,0,0,0,0,0,0,-1,-1,-1,-1,-1,-1,-1,-1,-1,-1,-1,-1,0,0,0,0,0,0,-1,-1,-1,-1,-1,-1,-1,-1,-1,-1,-1,-1,-1,-1,False,False,0,0,False,207,0,0,0,0,0,0,0,0,0,0,0,0,0,0,0,1,
0,4714,2026-02-23 13:17:26Z,LLM_Empathetic,6.930173,7.222293,6.638054,0.6143927,0,1.603634,0,0,0,0,0,0,5.498496,4.351178,6.645824,0.592854,0.702737,0.482971,7.398246,6.222864,8.573627,0.5880414,0,2.110442,7.201606,6.106811,8.296402,9.865617,10,9.52454,6.930173,7.222293,6.638054,0.6143927,0,1.603634,0,0,0,0,0,0,5.498496,4.351178,6.645824,0.592854,0.702737,0.482971,7.398246,6.222864,8.573627,0.5880414,0,2.110442,7.201606,6.106811,8.296402,9.865617,10,9.52454,-1,-1,-1,-1,-1,-1,-1,-1,-1,-1,-1,-1,-1,-1,-1,-1,-1,-1,-1,-1,-1,-1,-1,-1,-1,-1,-1,-1,-1,-1,-1,-1,-1,-1,-1,-1,-1,-1,-1,-1,-1,-1,-1,-1,-1,-1,-1,-1,-1,-1,0,0,0,0,0,0,-1,-1,-1,-1,-1,-1,-1,-1,-1,-1,-1,-1,0,0,0,0,0,0,-1,-1,-1,-1,-1,-1,-1,-1,-1,-1,-1,-1,-1,-1,False,False,0,0,False,207,0,0,0,0,0,0,0,0,0,0,0,0,0,0,0,1,
0,4715,2026-02-23 13:17:26Z,LLM_Empathetic,6.930171,7.222292,6.638049,0.6143972,0,1.603637,0,0,0,0,0,0,5.498492,4.351176,6.645819,0.592854,0.702737,0.482971,7.398244,6.222865,8.573624,0.5880443,0,2.110445,7.201601,6.106808,8.296395,9.865607,10,9.524529,6.930171,7.222292,6.638049,0.6143972,0,1.603637,0,0,0,0,0,0,5.498492,4.351176,6.645819,0.592854,0.702737,0.482971,7.398244,6.222865,8.573624,0.5880443,0,2.110445,7.201601,6.106808,8.296395,9.865607,10,9.524529,-1,-1,-1,-1,-1,-1,-1,-1,-1,-1,-1,-1,-1,-1,-1,-1,-1,-1,-1,-1,-1,-1,-1,-1,-1,-1,-1,-1,-1,-1,-1,-1,-1,-1,-1,-1,-1,-1,-1,-1,-1,-1,-1,-1,-1,-1,-1,-1,-1,-1,0,0,0,0,0,0,-1,-1,-1,-1,-1,-1,-1,-1,-1,-1,-1,-1,0,0,0,0,0,0,-1,-1,-1,-1,-1,-1,-1,-1,-1,-1,-1,-1,-1,-1,False,False,0,0,False,209,0,0,0,0,0,0,0,0,0,0,0,0,0,0,0,1,
0,4716,2026-02-23 13:17:26Z,LLM_Empathetic,6.930166,7.222291,6.63804,0.6144062,0,1.603642,0,0,0,0,0,0,5.498486,4.351174,6.645807,0.592854,0.702737,0.482971,7.398241,6.222867,8.573616,0.58805,0,2.110451,7.201591,6.106803,8.296381,9.865588,10,9.524505,6.930166,7.222291,6.63804,0.6144062,0,1.603642,0,0,0,0,0,0,5.498486,4.351174,6.645807,0.592854,0.702737,0.482971,7.398241,6.222867,8.573616,0.58805,0,2.110451,7.201591,6.106803,8.296381,9.865588,10,9.524505,-1,-1,-1,-1,-1,-1,-1,-1,-1,-1,-1,-1,-1,-1,-1,-1,-1,-1,-1,-1,-1,-1,-1,-1,-1,-1,-1,-1,-1,-1,-1,-1,-1,-1,-1,-1,-1,-1,-1,-1,-1,-1,-1,-1,-1,-1,-1,-1,-1,-1,0,0,0,0,0,0,-1,-1,-1,-1,-1,-1,-1,-1,-1,-1,-1,-1,0,0,0,0,0,0,-1,-1,-1,-1,-1,-1,-1,-1,-1,-1,-1,-1,-1,-1,False,False,0,0,False,209,0,0,0,0,0,0,0,0,0,0,0,0,0,0,0,1,
0,4717,2026-02-23 13:17:26Z,LLM_Empathetic,6.930163,7.222291,6.638035,0.6144106,0,1.603644,0,0,0,0,0,0,5.498482,4.351173,6.645802,0.592854,0.702737,0.482971,7.39824,6.222867,8.573612,0.5880529,0,2.110453,7.201587,6.1068,8.296374,9.865579,10,9.524492,6.930163,7.222291,6.638035,0.6144106,0,1.603644,0,0,0,0,0,0,5.498482,4.351173,6.645802,0.592854,0.702737,0.482971,7.39824,6.222867,8.573612,0.5880529,0,2.110453,7.201587,6.1068,8.296374,9.865579,10,9.524492,-1,-1,-1,-1,-1,-1,-1,-1,-1,-1,-1,-1,-1,-1,-1,-1,-1,-1,-1,-1,-1,-1,-1,-1,-1,-1,-1,-1,-1,-1,-1,-1,-1,-1,-1,-1,-1,-1,-1,-1,-1,-1,-1,-1,-1,-1,-1,-1,-1,-1,0,0,0,0,0,0,-1,-1,-1,-1,-1,-1,-1,-1,-1,-1,-1,-1,0,0,0,0,0,0,-1,-1,-1,-1,-1,-1,-1,-1,-1,-1,-1,-1,-1,-1,False,False,0,0,False,207,0,0,0,0,0,0,0,0,0,0,0,0,0,0,0,1,
0,4718,2026-02-23 13:17:26Z,LLM_Empathetic,6.930158,7.22229,6.638025,0.6144196,0,1.603649,0,0,0,0,0,0,5.498476,4.351171,6.645791,0.592854,0.702737,0.482971,7.398236,6.222869,8.573605,0.5880587,0,2.110459,7.201577,6.106795,8.296361,9.865561,10,9.524469,6.930158,7.22229,6.638025,0.6144196,0,1.603649,0,0,0,0,0,0,5.498476,4.351171,6.645791,0.592854,0.702737,0.482971,7.398236,6.222869,8.573605,0.5880587,0,2.110459,7.201577,6.106795,8.296361,9.865561,10,9.524469,-1,-1,-1,-1,-1,-1,-1,-1,-1,-1,-1,-1,-1,-1,-1,-1,-1,-1,-1,-1,-1,-1,-1,-1,-1,-1,-1,-1,-1,-1,-1,-1,-1,-1,-1,-1,-1,-1,-1,-1,-1,-1,-1,-1,-1,-1,-1,-1,-1,-1,0,0,0,0,0,0,-1,-1,-1,-1,-1,-1,-1,-1,-1,-1,-1,-1,0,0,0,0,0,0,-1,-1,-1,-1,-1,-1,-1,-1,-1,-1,-1,-1,-1,-1,False,False,0,0,False,209,0,0,0,0,0,0,0,0,0,0,0,0,0,0,0,1,
0,4719,2026-02-23 13:17:26Z,LLM_Empathetic,6.930152,7.222289,6.638016,0.6144286,0,1.603654,0,0,0,0,0,0,5.498469,4.351169,6.645779,0.592854,0.702737,0.482971,7.398233,6.22287,8.573597,0.5880644,0,2.110465,7.201568,6.10679,8.296347,9.865541,10,9.524446,6.930152,7.222289,6.638016,0.6144286,0,1.603654,0,0,0,0,0,0,5.498469,4.351169,6.645779,0.592854,0.702737,0.482971,7.398233,6.22287,8.573597,0.5880644,0,2.110465,7.201568,6.10679,8.296347,9.865541,10,9.524446,-1,-1,-1,-1,-1,-1,-1,-1,-1,-1,-1,-1,-1,-1,-1,-1,-1,-1,-1,-1,-1,-1,-1,-1,-1,-1,-1,-1,-1,-1,-1,-1,-1,-1,-1,-1,-1,-1,-1,-1,-1,-1,-1,-1,-1,-1,-1,-1,-1,-1,0,0,0,0,0,0,-1,-1,-1,-1,-1,-1,-1,-1,-1,-1,-1,-1,0,0,0,0,0,0,-1,-1,-1,-1,-1,-1,-1,-1,-1,-1,-1,-1,-1,-1,False,False,0,0,False,209,0,0,0,0,0,0,0,0,0,0,0,0,0,0,0,1,
0,4720,2026-02-23 13:17:26Z,LLM_Empathetic,6.930147,7.222288,6.638006,0.6144376,0,1.603659,0,0,0,0,0,0,5.498462,4.351166,6.645768,0.592854,0.702737,0.482971,7.39823,6.222872,8.573588,0.5880702,0,2.110471,7.201559,6.106785,8.296333,9.865522,10,9.524422,6.930147,7.222288,6.638006,0.6144376,0,1.603659,0,0,0,0,0,0,5.498462,4.351166,6.645768,0.592854,0.702737,0.482971,7.39823,6.222872,8.573588,0.5880702,0,2.110471,7.201559,6.106785,8.296333,9.865522,10,9.524422,-1,-1,-1,-1,-1,-1,-1,-1,-1,-1,-1,-1,-1,-1,-1,-1,-1,-1,-1,-1,-1,-1,-1,-1,-1,-1,-1,-1,-1,-1,-1,-1,-1,-1,-1,-1,-1,-1,-1,-1,-1,-1,-1,-1,-1,-1,-1,-1,-1,-1,0,0,0,0,0,0,-1,-1,-1,-1,-1,-1,-1,-1,-1,-1,-1,-1,0,0,0,0,0,0,-1,-1,-1,-1,-1,-1,-1,-1,-1,-1,-1,-1,-1,-1,False,False,0,0,False,209,0,0,0,0,0,0,0,0,0,0,0,0,0,0,0,1,
0,4721,2026-02-23 13:17:26Z,LLM_Empathetic,6.930144,7.222287,6.638001,0.6144422,0,1.603662,0,0,0,0,0,0,5.498458,4.351165,6.645762,0.592854,0.702737,0.482971,7.398229,6.222873,8.573585,0.5880731,0,2.110473,7.201554,6.106782,8.296326,9.865513,10,9.524409,6.930144,7.222287,6.638001,0.6144422,0,1.603662,0,0,0,0,0,0,5.498458,4.351165,6.645762,0.592854,0.702737,0.482971,7.398229,6.222873,8.573585,0.5880731,0,2.110473,7.201554,6.106782,8.296326,9.865513,10,9.524409,-1,-1,-1,-1,-1,-1,-1,-1,-1,-1,-1,-1,-1,-1,-1,-1,-1,-1,-1,-1,-1,-1,-1,-1,-1,-1,-1,-1,-1,-1,-1,-1,-1,-1,-1,-1,-1,-1,-1,-1,-1,-1,-1,-1,-1,-1,-1,-1,-1,-1,0,0,0,0,0,0,-1,-1,-1,-1,-1,-1,-1,-1,-1,-1,-1,-1,0,0,0,0,0,0,-1,-1,-1,-1,-1,-1,-1,-1,-1,-1,-1,-1,-1,-1,False,False,0,0,False,207,0,0,0,0,0,0,0,0,0,0,0,0,0,0,0,1,
0,4722,2026-02-23 13:17:27Z,LLM_Empathetic,6.930142,7.222287,6.637996,0.6144466,0,1.603664,0,0,0,0,0,0,5.498455,4.351164,6.645756,0.592854,0.702737,0.482971,7.398227,6.222874,8.573581,0.5880759,0,2.110476,7.201549,6.10678,8.296319,9.865503,10,9.524398,6.930142,7.222287,6.637996,0.6144466,0,1.603664,0,0,0,0,0,0,5.498455,4.351164,6.645756,0.592854,0.702737,0.482971,7.398227,6.222874,8.573581,0.5880759,0,2.110476,7.201549,6.10678,8.296319,9.865503,10,9.524398,-1,-1,-1,-1,-1,-1,-1,-1,-1,-1,-1,-1,-1,-1,-1,-1,-1,-1,-1,-1,-1,-1,-1,-1,-1,-1,-1,-1,-1,-1,-1,-1,-1,-1,-1,-1,-1,-1,-1,-1,-1,-1,-1,-1,-1,-1,-1,-1,-1,-1,0,0,0,0,0,0,-1,-1,-1,-1,-1,-1,-1,-1,-1,-1,-1,-1,0,0,0,0,0,0,-1,-1,-1,-1,-1,-1,-1,-1,-1,-1,-1,-1,-1,-1,False,False,0,0,False,209,0,0,0,0,0,0,0,0,0,0,0,0,0,0,0,1,
0,4723,2026-02-23 13:17:27Z,LLM_Empathetic,6.930136,7.222286,6.637987,0.6144557,0,1.603669,0,0,0,0,0,0,5.498448,4.351162,6.645745,0.592854,0.702737,0.482971,7.398224,6.222875,8.573573,0.5880817,0,2.110482,7.20154,6.106774,8.296306,9.865484,10,9.524374,6.930136,7.222286,6.637987,0.6144557,0,1.603669,0,0,0,0,0,0,5.498448,4.351162,6.645745,0.592854,0.702737,0.482971,7.398224,6.222875,8.573573,0.5880817,0,2.110482,7.20154,6.106774,8.296306,9.865484,10,9.524374,-1,-1,-1,-1,-1,-1,-1,-1,-1,-1,-1,-1,-1,-1,-1,-1,-1,-1,-1,-1,-1,-1,-1,-1,-1,-1,-1,-1,-1,-1,-1,-1,-1,-1,-1,-1,-1,-1,-1,-1,-1,-1,-1,-1,-1,-1,-1,-1,-1,-1,0,0,0,0,0,0,-1,-1,-1,-1,-1,-1,-1,-1,-1,-1,-1,-1,0,0,0,0,0,0,-1,-1,-1,-1,-1,-1,-1,-1,-1,-1,-1,-1,-1,-1,False,False,0,0,False,207,0,0,0,0,0,0,0,0,0,0,0,0,0,0,0,1,
0,4724,2026-02-23 13:17:27Z,LLM_Empathetic,6.930131,7.222285,6.637977,0.6144647,0,1.603674,0,0,0,0,0,0,5.498441,4.35116,6.645733,0.592854,0.702737,0.482971,7.398221,6.222877,8.573565,0.5880875,0,2.110488,7.20153,6.10677,8.296291,9.865465,10,9.52435,6.930131,7.222285,6.637977,0.6144647,0,1.603674,0,0,0,0,0,0,5.498441,4.35116,6.645733,0.592854,0.702737,0.482971,7.398221,6.222877,8.573565,0.5880875,0,2.110488,7.20153,6.10677,8.296291,9.865465,10,9.52435,-1,-1,-1,-1,-1,-1,-1,-1,-1,-1,-1,-1,-1,-1,-1,-1,-1,-1,-1,-1,-1,-1,-1,-1,-1,-1,-1,-1,-1,-1,-1,-1,-1,-1,-1,-1,-1,-1,-1,-1,-1,-1,-1,-1,-1,-1,-1,-1,-1,-1,0,0,0,0,0,0,-1,-1,-1,-1,-1,-1,-1,-1,-1,-1,-1,-1,0,0,0,0,0,0,-1,-1,-1,-1,-1,-1,-1,-1,-1,-1,-1,-1,-1,-1,False,False,0,0,False,207,0,0,0,0,0,0,0,0,0,0,0,0,0,0,0,1,
0,4725,2026-02-23 13:17:27Z,LLM_Empathetic,6.930129,7.222284,6.637972,0.6144692,0,1.603677,0,0,0,0,0,0,5.498438,4.351159,6.645728,0.592854,0.702737,0.482971,7.398219,6.222878,8.573562,0.5880904,0,2.110491,7.201525,6.106767,8.296285,9.865456,10,9.524339,6.930129,7.222284,6.637972,0.6144692,0,1.603677,0,0,0,0,0,0,5.498438,4.351159,6.645728,0.592854,0.702737,0.482971,7.398219,6.222878,8.573562,0.5880904,0,2.110491,7.201525,6.106767,8.296285,9.865456,10,9.524339,-1,-1,-1,-1,-1,-1,-1,-1,-1,-1,-1,-1,-1,-1,-1,-1,-1,-1,-1,-1,-1,-1,-1,-1,-1,-1,-1,-1,-1,-1,-1,-1,-1,-1,-1,-1,-1,-1,-1,-1,-1,-1,-1,-1,-1,-1,-1,-1,-1,-1,0,0,0,0,0,0,-1,-1,-1,-1,-1,-1,-1,-1,-1,-1,-1,-1,0,0,0,0,0,0,-1,-1,-1,-1,-1,-1,-1,-1,-1,-1,-1,-1,-1,-1,False,False,0,0,False,209,0,0,0,0,0,0,0,0,0,0,0,0,0,0,0,1,
0,4726,2026-02-23 13:17:27Z,LLM_Empathetic,6.930123,7.222283,6.637962,0.6144783,0,1.603682,0,0,0,0,0,0,5.498431,4.351156,6.645716,0.592854,0.702737,0.482971,7.398216,6.222879,8.573554,0.5880962,0,2.110497,7.201516,6.106762,8.29627,9.865438,10,9.524315,6.930123,7.222283,6.637962,0.6144783,0,1.603682,0,0,0,0,0,0,5.498431,4.351156,6.645716,0.592854,0.702737,0.482971,7.398216,6.222879,8.573554,0.5880962,0,2.110497,7.201516,6.106762,8.29627,9.865438,10,9.524315,-1,-1,-1,-1,-1,-1,-1,-1,-1,-1,-1,-1,-1,-1,-1,-1,-1,-1,-1,-1,-1,-1,-1,-1,-1,-1,-1,-1,-1,-1,-1,-1,-1,-1,-1,-1,-1,-1,-1,-1,-1,-1,-1,-1,-1,-1,-1,-1,-1,-1,0,0,0,0,0,0,-1,-1,-1,-1,-1,-1,-1,-1,-1,-1,-1,-1,0,0,0,0,0,0,-1,-1,-1,-1,-1,-1,-1,-1,-1,-1,-1,-1,-1,-1,False,False,0,0,False,209,0,0,0,0,0,0,0,0,0,0,0,0,0,0,0,1,
0,4727,2026-02-23 13:17:27Z,LLM_Empathetic,6.93012,7.222283,6.637958,0.6144828,0,1.603684,0,0,0,0,0,0,5.498428,4.351155,6.64571,0.592854,0.702737,0.482971,7.398215,6.22288,8.573549,0.5880991,0,2.110499,7.201511,6.106759,8.296264,9.865428,10,9.524302,6.93012,7.222283,6.637958,0.6144828,0,1.603684,0,0,0,0,0,0,5.498428,4.351155,6.64571,0.592854,0.702737,0.482971,7.398215,6.22288,8.573549,0.5880991,0,2.110499,7.201511,6.106759,8.296264,9.865428,10,9.524302,-1,-1,-1,-1,-1,-1,-1,-1,-1,-1,-1,-1,-1,-1,-1,-1,-1,-1,-1,-1,-1,-1,-1,-1,-1,-1,-1,-1,-1,-1,-1,-1,-1,-1,-1,-1,-1,-1,-1,-1,-1,-1,-1,-1,-1,-1,-1,-1,-1,-1,0,0,0,0,0,0,-1,-1,-1,-1,-1,-1,-1,-1,-1,-1,-1,-1,0,0,0,0,0,0,-1,-1,-1,-1,-1,-1,-1,-1,-1,-1,-1,-1,-1,-1,False,False,0,0,False,209,0,0,0,0,0,0,0,0,0,0,0,0,0,0,0,1,
0,4728,2026-02-23 13:17:27Z,LLM_Empathetic,6.930115,7.222282,6.637948,0.6144919,0,1.603689,0,0,0,0,0,0,5.498421,4.351153,6.645699,0.592854,0.702737,0.482971,7.398211,6.222881,8.573542,0.5881049,0,2.110505,7.201501,6.106754,8.29625,9.865409,10,9.524279,6.930115,7.222282,6.637948,0.6144919,0,1.603689,0,0,0,0,0,0,5.498421,4.351153,6.645699,0.592854,0.702737,0.482971,7.398211,6.222881,8.573542,0.5881049,0,2.110505,7.201501,6.106754,8.29625,9.865409,10,9.524279,-1,-1,-1,-1,-1,-1,-1,-1,-1,-1,-1,-1,-1,-1,-1,-1,-1,-1,-1,-1,-1,-1,-1,-1,-1,-1,-1,-1,-1,-1,-1,-1,-1,-1,-1,-1,-1,-1,-1,-1,-1,-1,-1,-1,-1,-1,-1,-1,-1,-1,0,0,0,0,0,0,-1,-1,-1,-1,-1,-1,-1,-1,-1,-1,-1,-1,0,0,0,0,0,0,-1,-1,-1,-1,-1,-1,-1,-1,-1,-1,-1,-1,-1,-1,False,False,0,0,False,207,0,0,0,0,0,0,0,0,0,0,0,0,0,0,0,1,
0,4729,2026-02-23 13:17:27Z,LLM_Empathetic,6.930112,7.222281,6.637943,0.6144964,0,1.603692,0,0,0,0,0,0,5.498417,4.351151,6.645693,0.592854,0.702737,0.482971,7.39821,6.222882,8.573538,0.5881078,0,2.110508,7.201497,6.106751,8.296243,9.865399,10,9.524267,6.930112,7.222281,6.637943,0.6144964,0,1.603692,0,0,0,0,0,0,5.498417,4.351151,6.645693,0.592854,0.702737,0.482971,7.39821,6.222882,8.573538,0.5881078,0,2.110508,7.201497,6.106751,8.296243,9.865399,10,9.524267,-1,-1,-1,-1,-1,-1,-1,-1,-1,-1,-1,-1,-1,-1,-1,-1,-1,-1,-1,-1,-1,-1,-1,-1,-1,-1,-1,-1,-1,-1,-1,-1,-1,-1,-1,-1,-1,-1,-1,-1,-1,-1,-1,-1,-1,-1,-1,-1,-1,-1,0,0,0,0,0,0,-1,-1,-1,-1,-1,-1,-1,-1,-1,-1,-1,-1,0,0,0,0,0,0,-1,-1,-1,-1,-1,-1,-1,-1,-1,-1,-1,-1,-1,-1,False,False,0,0,False,207,0,0,0,0,0,0,0,0,0,0,0,0,0,0,0,1,
0,4730,2026-02-23 13:17:27Z,LLM_Empathetic,6.930107,7.222281,6.637933,0.6145055,0,1.603697,0,0,0,0,0,0,5.498411,4.35115,6.645682,0.592854,0.702737,0.482971,7.398207,6.222884,8.57353,0.5881136,0,2.110514,7.201487,6.106746,8.296229,9.86538,10,9.524243,6.930107,7.222281,6.637933,0.6145055,0,1.603697,0,0,0,0,0,0,5.498411,4.35115,6.645682,0.592854,0.702737,0.482971,7.398207,6.222884,8.57353,0.5881136,0,2.110514,7.201487,6.106746,8.296229,9.86538,10,9.524243,-1,-1,-1,-1,-1,-1,-1,-1,-1,-1,-1,-1,-1,-1,-1,-1,-1,-1,-1,-1,-1,-1,-1,-1,-1,-1,-1,-1,-1,-1,-1,-1,-1,-1,-1,-1,-1,-1,-1,-1,-1,-1,-1,-1,-1,-1,-1,-1,-1,-1,0,0,0,0,0,0,-1,-1,-1,-1,-1,-1,-1,-1,-1,-1,-1,-1,0,0,0,0,0,0,-1,-1,-1,-1,-1,-1,-1,-1,-1,-1,-1,-1,-1,-1,False,False,0,0,False,209,0,0,0,0,0,0,0,0,0,0,0,0,0,0,0,1,
0,4731,2026-02-23 13:17:27Z,LLM_Empathetic,6.930102,7.22228,6.637924,0.6145146,0,1.603702,0,0,0,0,0,0,5.498404,4.351147,6.64567,0.592854,0.702737,0.482971,7.398204,6.222886,8.573522,0.5881194,0,2.11052,7.201478,6.106741,8.296215,9.865361,10,9.524219,6.930102,7.22228,6.637924,0.6145146,0,1.603702,0,0,0,0,0,0,5.498404,4.351147,6.64567,0.592854,0.702737,0.482971,7.398204,6.222886,8.573522,0.5881194,0,2.11052,7.201478,6.106741,8.296215,9.865361,10,9.524219,-1,-1,-1,-1,-1,-1,-1,-1,-1,-1,-1,-1,-1,-1,-1,-1,-1,-1,-1,-1,-1,-1,-1,-1,-1,-1,-1,-1,-1,-1,-1,-1,-1,-1,-1,-1,-1,-1,-1,-1,-1,-1,-1,-1,-1,-1,-1,-1,-1,-1,0,0,0,0,0,0,-1,-1,-1,-1,-1,-1,-1,-1,-1,-1,-1,-1,0,0,0,0,0,0,-1,-1,-1,-1,-1,-1,-1,-1,-1,-1,-1,-1,-1,-1,False,False,0,0,False,209,0,0,0,0,0,0,0,0,0,0,0,0,0,0,0,1,
0,4732,2026-02-23 13:17:27Z,LLM_Empathetic,6.930099,7.222279,6.637919,0.6145191,0,1.603704,0,0,0,0,0,0,5.4984,4.351146,6.645665,0.592854,0.702737,0.482971,7.398202,6.222887,8.573518,0.5881224,0,2.110523,7.201473,6.106739,8.296208,9.865352,10,9.524207,6.930099,7.222279,6.637919,0.6145191,0,1.603704,0,0,0,0,0,0,5.4984,4.351146,6.645665,0.592854,0.702737,0.482971,7.398202,6.222887,8.573518,0.5881224,0,2.110523,7.201473,6.106739,8.296208,9.865352,10,9.524207,-1,-1,-1,-1,-1,-1,-1,-1,-1,-1,-1,-1,-1,-1,-1,-1,-1,-1,-1,-1,-1,-1,-1,-1,-1,-1,-1,-1,-1,-1,-1,-1,-1,-1,-1,-1,-1,-1,-1,-1,-1,-1,-1,-1,-1,-1,-1,-1,-1,-1,0,0,0,0,0,0,-1,-1,-1,-1,-1,-1,-1,-1,-1,-1,-1,-1,0,0,0,0,0,0,-1,-1,-1,-1,-1,-1,-1,-1,-1,-1,-1,-1,-1,-1,False,False,0,0,False,207,0,0,0,0,0,0,0,0,0,0,0,0,0,0,0,1,
0,4733,2026-02-23 13:17:27Z,LLM_Empathetic,6.930094,7.222278,6.637909,0.6145282,0,1.603709,0,0,0,0,0,0,5.498394,4.351144,6.645653,0.592854,0.702737,0.482971,7.398199,6.222888,8.57351,0.5881282,0,2.110528,7.201463,6.106733,8.296194,9.865333,10,9.524183,6.930094,7.222278,6.637909,0.6145282,0,1.603709,0,0,0,0,0,0,5.498394,4.351144,6.645653,0.592854,0.702737,0.482971,7.398199,6.222888,8.57351,0.5881282,0,2.110528,7.201463,6.106733,8.296194,9.865333,10,9.524183,-1,-1,-1,-1,-1,-1,-1,-1,-1,-1,-1,-1,-1,-1,-1,-1,-1,-1,-1,-1,-1,-1,-1,-1,-1,-1,-1,-1,-1,-1,-1,-1,-1,-1,-1,-1,-1,-1,-1,-1,-1,-1,-1,-1,-1,-1,-1,-1,-1,-1,0,0,0,0,0,0,-1,-1,-1,-1,-1,-1,-1,-1,-1,-1,-1,-1,0,0,0,0,0,0,-1,-1,-1,-1,-1,-1,-1,-1,-1,-1,-1,-1,-1,-1,False,False,0,0,False,209,0,0,0,0,0,0,0,0,0,0,0,0,0,0,0,1,
0,4734,2026-02-23 13:17:27Z,LLM_Empathetic,6.930089,7.222277,6.637899,0.6145374,0,1.603714,0,0,0,0,0,0,5.498386,4.351141,6.645642,0.592854,0.702737,0.482971,7.398196,6.222889,8.573503,0.588134,0,2.110534,7.201454,6.106728,8.296181,9.865314,10,9.524159,6.930089,7.222277,6.637899,0.6145374,0,1.603714,0,0,0,0,0,0,5.498386,4.351141,6.645642,0.592854,0.702737,0.482971,7.398196,6.222889,8.573503,0.588134,0,2.110534,7.201454,6.106728,8.296181,9.865314,10,9.524159,-1,-1,-1,-1,-1,-1,-1,-1,-1,-1,-1,-1,-1,-1,-1,-1,-1,-1,-1,-1,-1,-1,-1,-1,-1,-1,-1,-1,-1,-1,-1,-1,-1,-1,-1,-1,-1,-1,-1,-1,-1,-1,-1,-1,-1,-1,-1,-1,-1,-1,0,0,0,0,0,0,-1,-1,-1,-1,-1,-1,-1,-1,-1,-1,-1,-1,0,0,0,0,0,0,-1,-1,-1,-1,-1,-1,-1,-1,-1,-1,-1,-1,-1,-1,False,False,0,0,False,207,0,0,0,0,0,0,0,0,0,0,0,0,0,0,0,1,
0,4735,2026-02-23 13:17:27Z,LLM_Empathetic,6.930086,7.222277,6.637895,0.6145419,0,1.603717,0,0,0,0,0,0,5.498383,4.35114,6.645636,0.592854,0.702737,0.482971,7.398194,6.22289,8.573499,0.5881369,0,2.110537,7.201449,6.106726,8.296173,9.865304,10,9.524147,6.930086,7.222277,6.637895,0.6145419,0,1.603717,0,0,0,0,0,0,5.498383,4.35114,6.645636,0.592854,0.702737,0.482971,7.398194,6.22289,8.573499,0.5881369,0,2.110537,7.201449,6.106726,8.296173,9.865304,10,9.524147,-1,-1,-1,-1,-1,-1,-1,-1,-1,-1,-1,-1,-1,-1,-1,-1,-1,-1,-1,-1,-1,-1,-1,-1,-1,-1,-1,-1,-1,-1,-1,-1,-1,-1,-1,-1,-1,-1,-1,-1,-1,-1,-1,-1,-1,-1,-1,-1,-1,-1,0,0,0,0,0,0,-1,-1,-1,-1,-1,-1,-1,-1,-1,-1,-1,-1,0,0,0,0,0,0,-1,-1,-1,-1,-1,-1,-1,-1,-1,-1,-1,-1,-1,-1,False,False,0,0,False,209,0,0,0,0,0,0,0,0,0,0,0,0,0,0,0,1,
0,4736,2026-02-23 13:17:27Z,LLM_Empathetic,6.93008,7.222276,6.637885,0.614551,0,1.603722,0,0,0,0,0,0,5.498376,4.351138,6.645625,0.592854,0.702737,0.482971,7.398191,6.222892,8.57349,0.5881428,0,2.110543,7.201439,6.10672,8.29616,9.865284,10,9.524123,6.93008,7.222276,6.637885,0.614551,0,1.603722,0,0,0,0,0,0,5.498376,4.351138,6.645625,0.592854,0.702737,0.482971,7.398191,6.222892,8.57349,0.5881428,0,2.110543,7.201439,6.10672,8.29616,9.865284,10,9.524123,-1,-1,-1,-1,-1,-1,-1,-1,-1,-1,-1,-1,-1,-1,-1,-1,-1,-1,-1,-1,-1,-1,-1,-1,-1,-1,-1,-1,-1,-1,-1,-1,-1,-1,-1,-1,-1,-1,-1,-1,-1,-1,-1,-1,-1,-1,-1,-1,-1,-1,0,0,0,0,0,0,-1,-1,-1,-1,-1,-1,-1,-1,-1,-1,-1,-1,0,0,0,0,0,0,-1,-1,-1,-1,-1,-1,-1,-1,-1,-1,-1,-1,-1,-1,False,False,0,0,False,209,0,0,0,0,0,0,0,0,0,0,0,0,0,0,0,1,
0,4737,2026-02-23 13:17:27Z,LLM_Empathetic,6.930075,7.222275,6.637875,0.6145602,0,1.603727,0,0,0,0,0,0,5.498369,4.351136,6.645613,0.592854,0.702737,0.482971,7.398188,6.222894,8.573483,0.5881487,0,2.110549,7.20143,6.106715,8.296145,9.865265,10,9.524099,6.930075,7.222275,6.637875,0.6145602,0,1.603727,0,0,0,0,0,0,5.498369,4.351136,6.645613,0.592854,0.702737,0.482971,7.398188,6.222894,8.573483,0.5881487,0,2.110549,7.20143,6.106715,8.296145,9.865265,10,9.524099,-1,-1,-1,-1,-1,-1,-1,-1,-1,-1,-1,-1,-1,-1,-1,-1,-1,-1,-1,-1,-1,-1,-1,-1,-1,-1,-1,-1,-1,-1,-1,-1,-1,-1,-1,-1,-1,-1,-1,-1,-1,-1,-1,-1,-1,-1,-1,-1,-1,-1,0,0,0,0,0,0,-1,-1,-1,-1,-1,-1,-1,-1,-1,-1,-1,-1,0,0,0,0,0,0,-1,-1,-1,-1,-1,-1,-1,-1,-1,-1,-1,-1,-1,-1,False,False,0,0,False,209,0,0,0,0,0,0,0,0,0,0,0,0,0,0,0,1,
0,4738,2026-02-23 13:17:27Z,LLM_Empathetic,6.930069,7.222274,6.637865,0.6145693,0,1.603732,0,0,0,0,0,0,5.498362,4.351133,6.645601,0.592854,0.702737,0.482971,7.398185,6.222895,8.573475,0.5881545,0,2.110555,7.20142,6.10671,8.296131,9.865246,10,9.524075,6.930069,7.222274,6.637865,0.6145693,0,1.603732,0,0,0,0,0,0,5.498362,4.351133,6.645601,0.592854,0.702737,0.482971,7.398185,6.222895,8.573475,0.5881545,0,2.110555,7.20142,6.10671,8.296131,9.865246,10,9.524075,-1,-1,-1,-1,-1,-1,-1,-1,-1,-1,-1,-1,-1,-1,-1,-1,-1,-1,-1,-1,-1,-1,-1,-1,-1,-1,-1,-1,-1,-1,-1,-1,-1,-1,-1,-1,-1,-1,-1,-1,-1,-1,-1,-1,-1,-1,-1,-1,-1,-1,0,0,0,0,0,0,-1,-1,-1,-1,-1,-1,-1,-1,-1,-1,-1,-1,0,0,0,0,0,0,-1,-1,-1,-1,-1,-1,-1,-1,-1,-1,-1,-1,-1,-1,False,False,0,0,False,207,0,0,0,0,0,0,0,0,0,0,0,0,0,0,0,1,
0,4739,2026-02-23 13:17:27Z,LLM_Empathetic,6.930064,7.222273,6.637856,0.6145785,0,1.603737,0,0,0,0,0,0,5.498355,4.351131,6.64559,0.592854,0.702737,0.482971,7.398181,6.222897,8.573466,0.5881603,0,2.110561,7.20141,6.106705,8.296117,9.865227,10,9.524051,6.930064,7.222273,6.637856,0.6145785,0,1.603737,0,0,0,0,0,0,5.498355,4.351131,6.64559,0.592854,0.702737,0.482971,7.398181,6.222897,8.573466,0.5881603,0,2.110561,7.20141,6.106705,8.296117,9.865227,10,9.524051,-1,-1,-1,-1,-1,-1,-1,-1,-1,-1,-1,-1,-1,-1,-1,-1,-1,-1,-1,-1,-1,-1,-1,-1,-1,-1,-1,-1,-1,-1,-1,-1,-1,-1,-1,-1,-1,-1,-1,-1,-1,-1,-1,-1,-1,-1,-1,-1,-1,-1,0,0,0,0,0,0,-1,-1,-1,-1,-1,-1,-1,-1,-1,-1,-1,-1,0,0,0,0,0,0,-1,-1,-1,-1,-1,-1,-1,-1,-1,-1,-1,-1,-1,-1,False,False,0,0,False,209,0,0,0,0,0,0,0,0,0,0,0,0,0,0,0,1,
0,4740,2026-02-23 13:17:27Z,LLM_Empathetic,6.930061,7.222272,6.63785,0.6145831,0,1.603739,0,0,0,0,0,0,5.498352,4.35113,6.645584,0.592854,0.702737,0.482971,7.39818,6.222898,8.573462,0.5881633,0,2.110564,7.201406,6.106702,8.29611,9.865217,10,9.524038,6.930061,7.222272,6.63785,0.6145831,0,1.603739,0,0,0,0,0,0,5.498352,4.35113,6.645584,0.592854,0.702737,0.482971,7.39818,6.222898,8.573462,0.5881633,0,2.110564,7.201406,6.106702,8.29611,9.865217,10,9.524038,-1,-1,-1,-1,-1,-1,-1,-1,-1,-1,-1,-1,-1,-1,-1,-1,-1,-1,-1,-1,-1,-1,-1,-1,-1,-1,-1,-1,-1,-1,-1,-1,-1,-1,-1,-1,-1,-1,-1,-1,-1,-1,-1,-1,-1,-1,-1,-1,-1,-1,0,0,0,0,0,0,-1,-1,-1,-1,-1,-1,-1,-1,-1,-1,-1,-1,0,0,0,0,0,0,-1,-1,-1,-1,-1,-1,-1,-1,-1,-1,-1,-1,-1,-1,False,False,0,0,False,209,0,0,0,0,0,0,0,0,0,0,0,0,0,0,0,1,
0,4741,2026-02-23 13:17:27Z,LLM_Empathetic,6.930056,7.222271,6.637841,0.6145922,0,1.603745,0,0,0,0,0,0,5.498345,4.351128,6.645572,0.592854,0.702737,0.482971,7.398177,6.222899,8.573455,0.5881692,0,2.110569,7.201396,6.106697,8.296096,9.865198,10,9.524014,6.930056,7.222271,6.637841,0.6145922,0,1.603745,0,0,0,0,0,0,5.498345,4.351128,6.645572,0.592854,0.702737,0.482971,7.398177,6.222899,8.573455,0.5881692,0,2.110569,7.201396,6.106697,8.296096,9.865198,10,9.524014,-1,-1,-1,-1,-1,-1,-1,-1,-1,-1,-1,-1,-1,-1,-1,-1,-1,-1,-1,-1,-1,-1,-1,-1,-1,-1,-1,-1,-1,-1,-1,-1,-1,-1,-1,-1,-1,-1,-1,-1,-1,-1,-1,-1,-1,-1,-1,-1,-1,-1,0,0,0,0,0,0,-1,-1,-1,-1,-1,-1,-1,-1,-1,-1,-1,-1,0,0,0,0,0,0,-1,-1,-1,-1,-1,-1,-1,-1,-1,-1,-1,-1,-1,-1,False,False,0,0,False,207,0,0,0,0,0,0,0,0,0,0,0,0,0,0,0,1,
0,4742,2026-02-23 13:17:27Z,LLM_Empathetic,6.930051,7.22227,6.637831,0.6146014,0,1.60375,0,0,0,0,0,0,5.498338,4.351125,6.645561,0.592854,0.702737,0.482971,7.398174,6.222901,8.573446,0.5881751,0,2.110575,7.201386,6.106692,8.296082,9.865179,10,9.523991,6.930051,7.22227,6.637831,0.6146014,0,1.60375,0,0,0,0,0,0,5.498338,4.351125,6.645561,0.592854,0.702737,0.482971,7.398174,6.222901,8.573446,0.5881751,0,2.110575,7.201386,6.106692,8.296082,9.865179,10,9.523991,-1,-1,-1,-1,-1,-1,-1,-1,-1,-1,-1,-1,-1,-1,-1,-1,-1,-1,-1,-1,-1,-1,-1,-1,-1,-1,-1,-1,-1,-1,-1,-1,-1,-1,-1,-1,-1,-1,-1,-1,-1,-1,-1,-1,-1,-1,-1,-1,-1,-1,0,0,0,0,0,0,-1,-1,-1,-1,-1,-1,-1,-1,-1,-1,-1,-1,0,0,0,0,0,0,-1,-1,-1,-1,-1,-1,-1,-1,-1,-1,-1,-1,-1,-1,False,False,0,0,False,207,0,0,0,0,0,0,0,0,0,0,0,0,0,0,0,1,
0,4743,2026-02-23 13:17:27Z,LLM_Empathetic,6.930048,7.22227,6.637826,0.614606,0,1.603752,0,0,0,0,0,0,5.498334,4.351124,6.645555,0.592854,0.702737,0.482971,7.398172,6.222902,8.573442,0.588178,0,2.110578,7.201382,6.106689,8.296075,9.865169,10,9.523978,6.930048,7.22227,6.637826,0.614606,0,1.603752,0,0,0,0,0,0,5.498334,4.351124,6.645555,0.592854,0.702737,0.482971,7.398172,6.222902,8.573442,0.588178,0,2.110578,7.201382,6.106689,8.296075,9.865169,10,9.523978,-1,-1,-1,-1,-1,-1,-1,-1,-1,-1,-1,-1,-1,-1,-1,-1,-1,-1,-1,-1,-1,-1,-1,-1,-1,-1,-1,-1,-1,-1,-1,-1,-1,-1,-1,-1,-1,-1,-1,-1,-1,-1,-1,-1,-1,-1,-1,-1,-1,-1,0,0,0,0,0,0,-1,-1,-1,-1,-1,-1,-1,-1,-1,-1,-1,-1,0,0,0,0,0,0,-1,-1,-1,-1,-1,-1,-1,-1,-1,-1,-1,-1,-1,-1,False,False,0,0,False,209,0,0,0,0,0,0,0,0,0,0,0,0,0,0,0,1,
0,4744,2026-02-23 13:17:27Z,LLM_Empathetic,6.930043,7.222269,6.637816,0.6146152,0,1.603757,0,0,0,0,0,0,5.498327,4.351122,6.645544,0.592854,0.702737,0.482971,7.398169,6.222903,8.573435,0.5881839,0,2.110584,7.201372,6.106684,8.296061,9.865149,10,9.523954,6.930043,7.222269,6.637816,0.6146152,0,1.603757,0,0,0,0,0,0,5.498327,4.351122,6.645544,0.592854,0.702737,0.482971,7.398169,6.222903,8.573435,0.5881839,0,2.110584,7.201372,6.106684,8.296061,9.865149,10,9.523954,-1,-1,-1,-1,-1,-1,-1,-1,-1,-1,-1,-1,-1,-1,-1,-1,-1,-1,-1,-1,-1,-1,-1,-1,-1,-1,-1,-1,-1,-1,-1,-1,-1,-1,-1,-1,-1,-1,-1,-1,-1,-1,-1,-1,-1,-1,-1,-1,-1,-1,0,0,0,0,0,0,-1,-1,-1,-1,-1,-1,-1,-1,-1,-1,-1,-1,0,0,0,0,0,0,-1,-1,-1,-1,-1,-1,-1,-1,-1,-1,-1,-1,-1,-1,False,False,0,0,False,207,0,0,0,0,0,0,0,0,0,0,0,0,0,0,0,1,
0,4745,2026-02-23 13:17:27Z,LLM_Empathetic,6.93004,7.222269,6.637811,0.6146198,0,1.60376,0,0,0,0,0,0,5.498324,4.351121,6.645537,0.592854,0.702737,0.482971,7.398167,6.222904,8.573431,0.5881869,0,2.110587,7.201367,6.106681,8.296054,9.86514,10,9.523942,6.93004,7.222269,6.637811,0.6146198,0,1.60376,0,0,0,0,0,0,5.498324,4.351121,6.645537,0.592854,0.702737,0.482971,7.398167,6.222904,8.573431,0.5881869,0,2.110587,7.201367,6.106681,8.296054,9.86514,10,9.523942,-1,-1,-1,-1,-1,-1,-1,-1,-1,-1,-1,-1,-1,-1,-1,-1,-1,-1,-1,-1,-1,-1,-1,-1,-1,-1,-1,-1,-1,-1,-1,-1,-1,-1,-1,-1,-1,-1,-1,-1,-1,-1,-1,-1,-1,-1,-1,-1,-1,-1,0,0,0,0,0,0,-1,-1,-1,-1,-1,-1,-1,-1,-1,-1,-1,-1,0,0,0,0,0,0,-1,-1,-1,-1,-1,-1,-1,-1,-1,-1,-1,-1,-1,-1,False,False,0,0,False,209,0,0,0,0,0,0,0,0,0,0,0,0,0,0,0,1,
0,4746,2026-02-23 13:17:27Z,LLM_Empathetic,6.930035,7.222268,6.637801,0.614629,0,1.603765,0,0,0,0,0,0,5.498317,4.351119,6.645526,0.592854,0.702737,0.482971,7.398164,6.222906,8.573422,0.5881928,0,2.110593,7.201357,6.106676,8.29604,9.865121,10,9.523917,6.930035,7.222268,6.637801,0.614629,0,1.603765,0,0,0,0,0,0,5.498317,4.351119,6.645526,0.592854,0.702737,0.482971,7.398164,6.222906,8.573422,0.5881928,0,2.110593,7.201357,6.106676,8.29604,9.865121,10,9.523917,-1,-1,-1,-1,-1,-1,-1,-1,-1,-1,-1,-1,-1,-1,-1,-1,-1,-1,-1,-1,-1,-1,-1,-1,-1,-1,-1,-1,-1,-1,-1,-1,-1,-1,-1,-1,-1,-1,-1,-1,-1,-1,-1,-1,-1,-1,-1,-1,-1,-1,0,0,0,0,0,0,-1,-1,-1,-1,-1,-1,-1,-1,-1,-1,-1,-1,0,0,0,0,0,0,-1,-1,-1,-1,-1,-1,-1,-1,-1,-1,-1,-1,-1,-1,False,False,0,0,False,209,0,0,0,0,0,0,0,0,0,0,0,0,0,0,0,1,
0,4747,2026-02-23 13:17:27Z,LLM_Empathetic,6.930029,7.222267,6.637791,0.6146383,0,1.60377,0,0,0,0,0,0,5.49831,4.351116,6.645514,0.592854,0.702737,0.482971,7.398161,6.222908,8.573415,0.5881987,0,2.110599,7.201348,6.106671,8.296025,9.865101,10,9.523893,6.930029,7.222267,6.637791,0.6146383,0,1.60377,0,0,0,0,0,0,5.49831,4.351116,6.645514,0.592854,0.702737,0.482971,7.398161,6.222908,8.573415,0.5881987,0,2.110599,7.201348,6.106671,8.296025,9.865101,10,9.523893,-1,-1,-1,-1,-1,-1,-1,-1,-1,-1,-1,-1,-1,-1,-1,-1,-1,-1,-1,-1,-1,-1,-1,-1,-1,-1,-1,-1,-1,-1,-1,-1,-1,-1,-1,-1,-1,-1,-1,-1,-1,-1,-1,-1,-1,-1,-1,-1,-1,-1,0,0,0,0,0,0,-1,-1,-1,-1,-1,-1,-1,-1,-1,-1,-1,-1,0,0,0,0,0,0,-1,-1,-1,-1,-1,-1,-1,-1,-1,-1,-1,-1,-1,-1,False,False,0,0,False,207,0,0,0,0,0,0,0,0,0,0,0,0,0,0,0,1,
0,4748,2026-02-23 13:17:28Z,LLM_Empathetic,6.930026,7.222266,6.637786,0.6146429,0,1.603772,0,0,0,0,0,0,5.498307,4.351115,6.645508,0.592854,0.702737,0.482971,7.39816,6.222908,8.573411,0.5882016,0,2.110602,7.201343,6.106668,8.296019,9.865091,10,9.523881,6.930026,7.222266,6.637786,0.6146429,0,1.603772,0,0,0,0,0,0,5.498307,4.351115,6.645508,0.592854,0.702737,0.482971,7.39816,6.222908,8.573411,0.5882016,0,2.110602,7.201343,6.106668,8.296019,9.865091,10,9.523881,-1,-1,-1,-1,-1,-1,-1,-1,-1,-1,-1,-1,-1,-1,-1,-1,-1,-1,-1,-1,-1,-1,-1,-1,-1,-1,-1,-1,-1,-1,-1,-1,-1,-1,-1,-1,-1,-1,-1,-1,-1,-1,-1,-1,-1,-1,-1,-1,-1,-1,0,0,0,0,0,0,-1,-1,-1,-1,-1,-1,-1,-1,-1,-1,-1,-1,0,0,0,0,0,0,-1,-1,-1,-1,-1,-1,-1,-1,-1,-1,-1,-1,-1,-1,False,False,0,0,False,207,0,0,0,0,0,0,0,0,0,0,0,0,0,0,0,1,
0,4749,2026-02-23 13:17:28Z,LLM_Empathetic,6.930024,7.222266,6.637782,0.6146475,0,1.603775,0,0,0,0,0,0,5.498303,4.351114,6.645503,0.592854,0.702737,0.482971,7.398158,6.222909,8.573407,0.5882046,0,2.110605,7.201338,6.106666,8.296012,9.865082,10,9.523869,6.930024,7.222266,6.637782,0.6146475,0,1.603775,0,0,0,0,0,0,5.498303,4.351114,6.645503,0.592854,0.702737,0.482971,7.398158,6.222909,8.573407,0.5882046,0,2.110605,7.201338,6.106666,8.296012,9.865082,10,9.523869,-1,-1,-1,-1,-1,-1,-1,-1,-1,-1,-1,-1,-1,-1,-1,-1,-1,-1,-1,-1,-1,-1,-1,-1,-1,-1,-1,-1,-1,-1,-1,-1,-1,-1,-1,-1,-1,-1,-1,-1,-1,-1,-1,-1,-1,-1,-1,-1,-1,-1,0,0,0,0,0,0,-1,-1,-1,-1,-1,-1,-1,-1,-1,-1,-1,-1,0,0,0,0,0,0,-1,-1,-1,-1,-1,-1,-1,-1,-1,-1,-1,-1,-1,-1,False,False,0,0,False,207,0,0,0,0,0,0,0,0,0,0,0,0,0,0,0,1,
0,4750,2026-02-23 13:17:28Z,LLM_Empathetic,6.930018,7.222265,6.637772,0.6146567,0,1.60378,0,0,0,0,0,0,5.498296,4.351111,6.645491,0.592854,0.702737,0.482971,7.398155,6.222911,8.573399,0.5882105,0,2.110611,7.201328,6.10666,8.295998,9.865063,10,9.523845,6.930018,7.222265,6.637772,0.6146567,0,1.60378,0,0,0,0,0,0,5.498296,4.351111,6.645491,0.592854,0.702737,0.482971,7.398155,6.222911,8.573399,0.5882105,0,2.110611,7.201328,6.10666,8.295998,9.865063,10,9.523845,-1,-1,-1,-1,-1,-1,-1,-1,-1,-1,-1,-1,-1,-1,-1,-1,-1,-1,-1,-1,-1,-1,-1,-1,-1,-1,-1,-1,-1,-1,-1,-1,-1,-1,-1,-1,-1,-1,-1,-1,-1,-1,-1,-1,-1,-1,-1,-1,-1,-1,0,0,0,0,0,0,-1,-1,-1,-1,-1,-1,-1,-1,-1,-1,-1,-1,0,0,0,0,0,0,-1,-1,-1,-1,-1,-1,-1,-1,-1,-1,-1,-1,-1,-1,False,False,0,0,False,209,0,0,0,0,0,0,0,0,0,0,0,0,0,0,0,1,
0,4751,2026-02-23 13:17:28Z,LLM_Empathetic,6.930016,7.222264,6.637767,0.6146613,0,1.603783,0,0,0,0,0,0,5.498292,4.35111,6.645485,0.592854,0.702737,0.482971,7.398153,6.222912,8.573395,0.5882134,0,2.110614,7.201324,6.106658,8.29599,9.865053,10,9.523832,6.930016,7.222264,6.637767,0.6146613,0,1.603783,0,0,0,0,0,0,5.498292,4.35111,6.645485,0.592854,0.702737,0.482971,7.398153,6.222912,8.573395,0.5882134,0,2.110614,7.201324,6.106658,8.29599,9.865053,10,9.523832,-1,-1,-1,-1,-1,-1,-1,-1,-1,-1,-1,-1,-1,-1,-1,-1,-1,-1,-1,-1,-1,-1,-1,-1,-1,-1,-1,-1,-1,-1,-1,-1,-1,-1,-1,-1,-1,-1,-1,-1,-1,-1,-1,-1,-1,-1,-1,-1,-1,-1,0,0,0,0,0,0,-1,-1,-1,-1,-1,-1,-1,-1,-1,-1,-1,-1,0,0,0,0,0,0,-1,-1,-1,-1,-1,-1,-1,-1,-1,-1,-1,-1,-1,-1,False,False,0,0,False,207,0,0,0,0,0,0,0,0,0,0,0,0,0,0,0,1,
0,4752,2026-02-23 13:17:28Z,LLM_Empathetic,6.930013,7.222264,6.637762,0.614666,0,1.603785,0,0,0,0,0,0,5.498289,4.351109,6.645479,0.592854,0.702737,0.482971,7.398151,6.222912,8.573391,0.5882164,0,2.110617,7.201319,6.106655,8.295983,9.865043,10,9.52382,6.930013,7.222264,6.637762,0.614666,0,1.603785,0,0,0,0,0,0,5.498289,4.351109,6.645479,0.592854,0.702737,0.482971,7.398151,6.222912,8.573391,0.5882164,0,2.110617,7.201319,6.106655,8.295983,9.865043,10,9.52382,-1,-1,-1,-1,-1,-1,-1,-1,-1,-1,-1,-1,-1,-1,-1,-1,-1,-1,-1,-1,-1,-1,-1,-1,-1,-1,-1,-1,-1,-1,-1,-1,-1,-1,-1,-1,-1,-1,-1,-1,-1,-1,-1,-1,-1,-1,-1,-1,-1,-1,0,0,0,0,0,0,-1,-1,-1,-1,-1,-1,-1,-1,-1,-1,-1,-1,0,0,0,0,0,0,-1,-1,-1,-1,-1,-1,-1,-1,-1,-1,-1,-1,-1,-1,False,False,0,0,False,207,0,0,0,0,0,0,0,0,0,0,0,0,0,0,0,1,
0,4753,2026-02-23 13:17:28Z,LLM_Empathetic,6.930007,7.222262,6.637752,0.6146752,0,1.60379,0,0,0,0,0,0,5.498282,4.351107,6.645468,0.592854,0.702737,0.482971,7.398148,6.222914,8.573382,0.5882223,0,2.110623,7.201309,6.10665,8.295969,9.865024,10,9.523796,6.930007,7.222262,6.637752,0.6146752,0,1.60379,0,0,0,0,0,0,5.498282,4.351107,6.645468,0.592854,0.702737,0.482971,7.398148,6.222914,8.573382,0.5882223,0,2.110623,7.201309,6.10665,8.295969,9.865024,10,9.523796,-1,-1,-1,-1,-1,-1,-1,-1,-1,-1,-1,-1,-1,-1,-1,-1,-1,-1,-1,-1,-1,-1,-1,-1,-1,-1,-1,-1,-1,-1,-1,-1,-1,-1,-1,-1,-1,-1,-1,-1,-1,-1,-1,-1,-1,-1,-1,-1,-1,-1,0,0,0,0,0,0,-1,-1,-1,-1,-1,-1,-1,-1,-1,-1,-1,-1,0,0,0,0,0,0,-1,-1,-1,-1,-1,-1,-1,-1,-1,-1,-1,-1,-1,-1,False,False,0,0,False,209,0,0,0,0,0,0,0,0,0,0,0,0,0,0,0,1,
0,4754,2026-02-23 13:17:28Z,LLM_Empathetic,6.930005,7.222262,6.637747,0.6146799,0,1.603793,0,0,0,0,0,0,5.498279,4.351106,6.645462,0.592854,0.702737,0.482971,7.398147,6.222915,8.573379,0.5882253,0,2.110626,7.201304,6.106647,8.295961,9.865014,10,9.523784,6.930005,7.222262,6.637747,0.6146799,0,1.603793,0,0,0,0,0,0,5.498279,4.351106,6.645462,0.592854,0.702737,0.482971,7.398147,6.222915,8.573379,0.5882253,0,2.110626,7.201304,6.106647,8.295961,9.865014,10,9.523784,-1,-1,-1,-1,-1,-1,-1,-1,-1,-1,-1,-1,-1,-1,-1,-1,-1,-1,-1,-1,-1,-1,-1,-1,-1,-1,-1,-1,-1,-1,-1,-1,-1,-1,-1,-1,-1,-1,-1,-1,-1,-1,-1,-1,-1,-1,-1,-1,-1,-1,0,0,0,0,0,0,-1,-1,-1,-1,-1,-1,-1,-1,-1,-1,-1,-1,0,0,0,0,0,0,-1,-1,-1,-1,-1,-1,-1,-1,-1,-1,-1,-1,-1,-1,False,False,0,0,False,209,0,0,0,0,0,0,0,0,0,0,0,0,0,0,0,1,
0,4755,2026-02-23 13:17:28Z,LLM_Empathetic,6.930002,7.222261,6.637742,0.6146845,0,1.603795,0,0,0,0,0,0,5.498275,4.351105,6.645456,0.592854,0.702737,0.482971,7.398145,6.222916,8.573375,0.5882283,0,2.110629,7.201299,6.106645,8.295955,9.865005,10,9.523771,6.930002,7.222261,6.637742,0.6146845,0,1.603795,0,0,0,0,0,0,5.498275,4.351105,6.645456,0.592854,0.702737,0.482971,7.398145,6.222916,8.573375,0.5882283,0,2.110629,7.201299,6.106645,8.295955,9.865005,10,9.523771,-1,-1,-1,-1,-1,-1,-1,-1,-1,-1,-1,-1,-1,-1,-1,-1,-1,-1,-1,-1,-1,-1,-1,-1,-1,-1,-1,-1,-1,-1,-1,-1,-1,-1,-1,-1,-1,-1,-1,-1,-1,-1,-1,-1,-1,-1,-1,-1,-1,-1,0,0,0,0,0,0,-1,-1,-1,-1,-1,-1,-1,-1,-1,-1,-1,-1,0,0,0,0,0,0,-1,-1,-1,-1,-1,-1,-1,-1,-1,-1,-1,-1,-1,-1,False,False,0,0,False,207,0,0,0,0,0,0,0,0,0,0,0,0,0,0,0,1,
0,4756,2026-02-23 13:17:28Z,LLM_Empathetic,6.929996,7.22226,6.637732,0.6146938,0,1.603801,0,0,0,0,0,0,5.498268,4.351102,6.645444,0.592854,0.702737,0.482971,7.398142,6.222918,8.573366,0.5882342,0,2.110635,7.201289,6.106639,8.29594,9.864985,10,9.523746,6.929996,7.22226,6.637732,0.6146938,0,1.603801,0,0,0,0,0,0,5.498268,4.351102,6.645444,0.592854,0.702737,0.482971,7.398142,6.222918,8.573366,0.5882342,0,2.110635,7.201289,6.106639,8.29594,9.864985,10,9.523746,-1,-1,-1,-1,-1,-1,-1,-1,-1,-1,-1,-1,-1,-1,-1,-1,-1,-1,-1,-1,-1,-1,-1,-1,-1,-1,-1,-1,-1,-1,-1,-1,-1,-1,-1,-1,-1,-1,-1,-1,-1,-1,-1,-1,-1,-1,-1,-1,-1,-1,0,0,0,0,0,0,-1,-1,-1,-1,-1,-1,-1,-1,-1,-1,-1,-1,0,0,0,0,0,0,-1,-1,-1,-1,-1,-1,-1,-1,-1,-1,-1,-1,-1,-1,False,False,0,0,False,209,0,0,0,0,0,0,0,0,0,0,0,0,0,0,0,1,
0,4757,2026-02-23 13:17:28Z,LLM_Empathetic,6.929994,7.22226,6.637727,0.6146985,0,1.603803,0,0,0,0,0,0,5.498264,4.351101,6.645438,0.592854,0.702737,0.482971,7.39814,6.222918,8.573362,0.5882372,0,2.110638,7.201284,6.106637,8.295934,9.864975,10,9.523735,6.929994,7.22226,6.637727,0.6146985,0,1.603803,0,0,0,0,0,0,5.498264,4.351101,6.645438,0.592854,0.702737,0.482971,7.39814,6.222918,8.573362,0.5882372,0,2.110638,7.201284,6.106637,8.295934,9.864975,10,9.523735,-1,-1,-1,-1,-1,-1,-1,-1,-1,-1,-1,-1,-1,-1,-1,-1,-1,-1,-1,-1,-1,-1,-1,-1,-1,-1,-1,-1,-1,-1,-1,-1,-1,-1,-1,-1,-1,-1,-1,-1,-1,-1,-1,-1,-1,-1,-1,-1,-1,-1,0,0,0,0,0,0,-1,-1,-1,-1,-1,-1,-1,-1,-1,-1,-1,-1,0,0,0,0,0,0,-1,-1,-1,-1,-1,-1,-1,-1,-1,-1,-1,-1,-1,-1,False,False,0,0,False,209,0,0,0,0,0,0,0,0,0,0,0,0,0,0,0,1,
0,4758,2026-02-23 13:17:28Z,LLM_Empathetic,6.929991,7.22226,6.637722,0.6147031,0,1.603806,0,0,0,0,0,0,5.498261,4.3511,6.645432,0.592854,0.702737,0.482971,7.398139,6.222919,8.573359,0.5882402,0,2.110641,7.20128,6.106634,8.295926,9.864965,10,9.523723,6.929991,7.22226,6.637722,0.6147031,0,1.603806,0,0,0,0,0,0,5.498261,4.3511,6.645432,0.592854,0.702737,0.482971,7.398139,6.222919,8.573359,0.5882402,0,2.110641,7.20128,6.106634,8.295926,9.864965,10,9.523723,-1,-1,-1,-1,-1,-1,-1,-1,-1,-1,-1,-1,-1,-1,-1,-1,-1,-1,-1,-1,-1,-1,-1,-1,-1,-1,-1,-1,-1,-1,-1,-1,-1,-1,-1,-1,-1,-1,-1,-1,-1,-1,-1,-1,-1,-1,-1,-1,-1,-1,0,0,0,0,0,0,-1,-1,-1,-1,-1,-1,-1,-1,-1,-1,-1,-1,0,0,0,0,0,0,-1,-1,-1,-1,-1,-1,-1,-1,-1,-1,-1,-1,-1,-1,False,False,0,0,False,207,0,0,0,0,0,0,0,0,0,0,0,0,0,0,0,1,
0,4759,2026-02-23 13:17:28Z,LLM_Empathetic,6.929988,7.222259,6.637717,0.6147078,0,1.603808,0,0,0,0,0,0,5.498258,4.351099,6.645426,0.592854,0.702737,0.482971,7.398137,6.22292,8.573355,0.5882432,0,2.110644,7.201275,6.106631,8.295919,9.864956,10,9.52371,6.929988,7.222259,6.637717,0.6147078,0,1.603808,0,0,0,0,0,0,5.498258,4.351099,6.645426,0.592854,0.702737,0.482971,7.398137,6.22292,8.573355,0.5882432,0,2.110644,7.201275,6.106631,8.295919,9.864956,10,9.52371,-1,-1,-1,-1,-1,-1,-1,-1,-1,-1,-1,-1,-1,-1,-1,-1,-1,-1,-1,-1,-1,-1,-1,-1,-1,-1,-1,-1,-1,-1,-1,-1,-1,-1,-1,-1,-1,-1,-1,-1,-1,-1,-1,-1,-1,-1,-1,-1,-1,-1,0,0,0,0,0,0,-1,-1,-1,-1,-1,-1,-1,-1,-1,-1,-1,-1,0,0,0,0,0,0,-1,-1,-1,-1,-1,-1,-1,-1,-1,-1,-1,-1,-1,-1,False,False,0,0,False,207,0,0,0,0,0,0,0,0,0,0,0,0,0,0,0,1,
0,4760,2026-02-23 13:17:28Z,LLM_Empathetic,6.929986,7.222259,6.637712,0.6147124,0,1.603811,0,0,0,0,0,0,5.498254,4.351098,6.645421,0.592854,0.702737,0.482971,7.398135,6.222921,8.57335,0.5882462,0,2.110646,7.20127,6.106628,8.295912,9.864945,10,9.523698,6.929986,7.222259,6.637712,0.6147124,0,1.603811,0,0,0,0,0,0,5.498254,4.351098,6.645421,0.592854,0.702737,0.482971,7.398135,6.222921,8.57335,0.5882462,0,2.110646,7.20127,6.106628,8.295912,9.864945,10,9.523698,-1,-1,-1,-1,-1,-1,-1,-1,-1,-1,-1,-1,-1,-1,-1,-1,-1,-1,-1,-1,-1,-1,-1,-1,-1,-1,-1,-1,-1,-1,-1,-1,-1,-1,-1,-1,-1,-1,-1,-1,-1,-1,-1,-1,-1,-1,-1,-1,-1,-1,0,0,0,0,0,0,-1,-1,-1,-1,-1,-1,-1,-1,-1,-1,-1,-1,0,0,0,0,0,0,-1,-1,-1,-1,-1,-1,-1,-1,-1,-1,-1,-1,-1,-1,False,False,0,0,False,209,0,0,0,0,0,0,0,0,0,0,0,0,0,0,0,1,
0,4761,2026-02-23 13:17:28Z,LLM_Empathetic,6.929983,7.222258,6.637707,0.6147171,0,1.603813,0,0,0,0,0,0,5.49825,4.351097,6.645415,0.592854,0.702737,0.482971,7.398134,6.222921,8.573346,0.5882491,0,2.11065,7.201265,6.106626,8.295905,9.864936,10,9.523685,6.929983,7.222258,6.637707,0.6147171,0,1.603813,0,0,0,0,0,0,5.49825,4.351097,6.645415,0.592854,0.702737,0.482971,7.398134,6.222921,8.573346,0.5882491,0,2.11065,7.201265,6.106626,8.295905,9.864936,10,9.523685,-1,-1,-1,-1,-1,-1,-1,-1,-1,-1,-1,-1,-1,-1,-1,-1,-1,-1,-1,-1,-1,-1,-1,-1,-1,-1,-1,-1,-1,-1,-1,-1,-1,-1,-1,-1,-1,-1,-1,-1,-1,-1,-1,-1,-1,-1,-1,-1,-1,-1,0,0,0,0,0,0,-1,-1,-1,-1,-1,-1,-1,-1,-1,-1,-1,-1,0,0,0,0,0,0,-1,-1,-1,-1,-1,-1,-1,-1,-1,-1,-1,-1,-1,-1,False,False,0,0,False,209,0,0,0,0,0,0,0,0,0,0,0,0,0,0,0,1,
0,4762,2026-02-23 13:17:28Z,LLM_Empathetic,6.92998,7.222258,6.637702,0.6147217,0,1.603816,0,0,0,0,0,0,5.498247,4.351095,6.645409,0.592854,0.702737,0.482971,7.398132,6.222922,8.573342,0.5882521,0,2.110652,7.20126,6.106623,8.295897,9.864926,10,9.523673,6.92998,7.222258,6.637702,0.6147217,0,1.603816,0,0,0,0,0,0,5.498247,4.351095,6.645409,0.592854,0.702737,0.482971,7.398132,6.222922,8.573342,0.5882521,0,2.110652,7.20126,6.106623,8.295897,9.864926,10,9.523673,-1,-1,-1,-1,-1,-1,-1,-1,-1,-1,-1,-1,-1,-1,-1,-1,-1,-1,-1,-1,-1,-1,-1,-1,-1,-1,-1,-1,-1,-1,-1,-1,-1,-1,-1,-1,-1,-1,-1,-1,-1,-1,-1,-1,-1,-1,-1,-1,-1,-1,0,0,0,0,0,0,-1,-1,-1,-1,-1,-1,-1,-1,-1,-1,-1,-1,0,0,0,0,0,0,-1,-1,-1,-1,-1,-1,-1,-1,-1,-1,-1,-1,-1,-1,False,False,0,0,False,207,0,0,0,0,0,0,0,0,0,0,0,0,0,0,0,1,
0,4763,2026-02-23 13:17:28Z,LLM_Empathetic,6.929977,7.222257,6.637697,0.6147264,0,1.603818,0,0,0,0,0,0,5.498243,4.351094,6.645403,0.592854,0.702737,0.482971,7.39813,6.222923,8.573339,0.5882551,0,2.110656,7.201255,6.106621,8.295891,9.864916,10,9.523661,6.929977,7.222257,6.637697,0.6147264,0,1.603818,0,0,0,0,0,0,5.498243,4.351094,6.645403,0.592854,0.702737,0.482971,7.39813,6.222923,8.573339,0.5882551,0,2.110656,7.201255,6.106621,8.295891,9.864916,10,9.523661,-1,-1,-1,-1,-1,-1,-1,-1,-1,-1,-1,-1,-1,-1,-1,-1,-1,-1,-1,-1,-1,-1,-1,-1,-1,-1,-1,-1,-1,-1,-1,-1,-1,-1,-1,-1,-1,-1,-1,-1,-1,-1,-1,-1,-1,-1,-1,-1,-1,-1,0,0,0,0,0,0,-1,-1,-1,-1,-1,-1,-1,-1,-1,-1,-1,-1,0,0,0,0,0,0,-1,-1,-1,-1,-1,-1,-1,-1,-1,-1,-1,-1,-1,-1,False,False,0,0,False,209,0,0,0,0,0,0,0,0,0,0,0,0,0,0,0,1,
0,4764,2026-02-23 13:17:28Z,LLM_Empathetic,6.929972,7.222256,6.637687,0.6147357,0,1.603824,0,0,0,0,0,0,5.498236,4.351092,6.645391,0.592854,0.702737,0.482971,7.398127,6.222925,8.57333,0.5882611,0,2.110662,7.201245,6.106615,8.295877,9.864897,10,9.523637,6.929972,7.222256,6.637687,0.6147357,0,1.603824,0,0,0,0,0,0,5.498236,4.351092,6.645391,0.592854,0.702737,0.482971,7.398127,6.222925,8.57333,0.5882611,0,2.110662,7.201245,6.106615,8.295877,9.864897,10,9.523637,-1,-1,-1,-1,-1,-1,-1,-1,-1,-1,-1,-1,-1,-1,-1,-1,-1,-1,-1,-1,-1,-1,-1,-1,-1,-1,-1,-1,-1,-1,-1,-1,-1,-1,-1,-1,-1,-1,-1,-1,-1,-1,-1,-1,-1,-1,-1,-1,-1,-1,0,0,0,0,0,0,-1,-1,-1,-1,-1,-1,-1,-1,-1,-1,-1,-1,0,0,0,0,0,0,-1,-1,-1,-1,-1,-1,-1,-1,-1,-1,-1,-1,-1,-1,False,False,0,0,False,207,0,0,0,0,0,0,0,0,0,0,0,0,0,0,0,1,
0,4765,2026-02-23 13:17:28Z,LLM_Empathetic,6.929966,7.222255,6.637677,0.6147451,0,1.603829,0,0,0,0,0,0,5.498229,4.351089,6.64538,0.592854,0.702737,0.482971,7.398124,6.222927,8.573322,0.588267,0,2.110667,7.201235,6.10661,8.295862,9.864877,10,9.523612,6.929966,7.222255,6.637677,0.6147451,0,1.603829,0,0,0,0,0,0,5.498229,4.351089,6.64538,0.592854,0.702737,0.482971,7.398124,6.222927,8.573322,0.588267,0,2.110667,7.201235,6.10661,8.295862,9.864877,10,9.523612,-1,-1,-1,-1,-1,-1,-1,-1,-1,-1,-1,-1,-1,-1,-1,-1,-1,-1,-1,-1,-1,-1,-1,-1,-1,-1,-1,-1,-1,-1,-1,-1,-1,-1,-1,-1,-1,-1,-1,-1,-1,-1,-1,-1,-1,-1,-1,-1,-1,-1,0,0,0,0,0,0,-1,-1,-1,-1,-1,-1,-1,-1,-1,-1,-1,-1,0,0,0,0,0,0,-1,-1,-1,-1,-1,-1,-1,-1,-1,-1,-1,-1,-1,-1,False,False,0,0,False,209,0,0,0,0,0,0,0,0,0,0,0,0,0,0,0,1,
0,4766,2026-02-23 13:17:28Z,LLM_Empathetic,6.929964,7.222255,6.637672,0.6147497,0,1.603831,0,0,0,0,0,0,5.498226,4.351088,6.645373,0.592854,0.702737,0.482971,7.398122,6.222927,8.573318,0.5882701,0,2.11067,7.201231,6.106607,8.295855,9.864867,10,9.5236,6.929964,7.222255,6.637672,0.6147497,0,1.603831,0,0,0,0,0,0,5.498226,4.351088,6.645373,0.592854,0.702737,0.482971,7.398122,6.222927,8.573318,0.5882701,0,2.11067,7.201231,6.106607,8.295855,9.864867,10,9.5236,-1,-1,-1,-1,-1,-1,-1,-1,-1,-1,-1,-1,-1,-1,-1,-1,-1,-1,-1,-1,-1,-1,-1,-1,-1,-1,-1,-1,-1,-1,-1,-1,-1,-1,-1,-1,-1,-1,-1,-1,-1,-1,-1,-1,-1,-1,-1,-1,-1,-1,0,0,0,0,0,0,-1,-1,-1,-1,-1,-1,-1,-1,-1,-1,-1,-1,0,0,0,0,0,0,-1,-1,-1,-1,-1,-1,-1,-1,-1,-1,-1,-1,-1,-1,False,False,0,0,False,209,0,0,0,0,0,0,0,0,0,0,0,0,0,0,0,1,
0,4767,2026-02-23 13:17:28Z,LLM_Empathetic,6.929958,7.222254,6.637662,0.6147591,0,1.603837,0,0,0,0,0,0,5.498219,4.351086,6.645361,0.592854,0.702737,0.482971,7.398119,6.222929,8.57331,0.588276,0,2.110677,7.201221,6.106602,8.29584,9.864847,10,9.523575,6.929958,7.222254,6.637662,0.6147591,0,1.603837,0,0,0,0,0,0,5.498219,4.351086,6.645361,0.592854,0.702737,0.482971,7.398119,6.222929,8.57331,0.588276,0,2.110677,7.201221,6.106602,8.29584,9.864847,10,9.523575,-1,-1,-1,-1,-1,-1,-1,-1,-1,-1,-1,-1,-1,-1,-1,-1,-1,-1,-1,-1,-1,-1,-1,-1,-1,-1,-1,-1,-1,-1,-1,-1,-1,-1,-1,-1,-1,-1,-1,-1,-1,-1,-1,-1,-1,-1,-1,-1,-1,-1,0,0,0,0,0,0,-1,-1,-1,-1,-1,-1,-1,-1,-1,-1,-1,-1,0,0,0,0,0,0,-1,-1,-1,-1,-1,-1,-1,-1,-1,-1,-1,-1,-1,-1,False,False,0,0,False,207,0,0,0,0,0,0,0,0,0,0,0,0,0,0,0,1,
0,4768,2026-02-23 13:17:28Z,LLM_Empathetic,6.929955,7.222253,6.637657,0.6147638,0,1.603839,0,0,0,0,0,0,5.498215,4.351085,6.645356,0.592854,0.702737,0.482971,7.398118,6.22293,8.573306,0.5882791,0,2.110679,7.201216,6.106599,8.295834,9.864838,10,9.523562,6.929955,7.222253,6.637657,0.6147638,0,1.603839,0,0,0,0,0,0,5.498215,4.351085,6.645356,0.592854,0.702737,0.482971,7.398118,6.22293,8.573306,0.5882791,0,2.110679,7.201216,6.106599,8.295834,9.864838,10,9.523562,-1,-1,-1,-1,-1,-1,-1,-1,-1,-1,-1,-1,-1,-1,-1,-1,-1,-1,-1,-1,-1,-1,-1,-1,-1,-1,-1,-1,-1,-1,-1,-1,-1,-1,-1,-1,-1,-1,-1,-1,-1,-1,-1,-1,-1,-1,-1,-1,-1,-1,0,0,0,0,0,0,-1,-1,-1,-1,-1,-1,-1,-1,-1,-1,-1,-1,0,0,0,0,0,0,-1,-1,-1,-1,-1,-1,-1,-1,-1,-1,-1,-1,-1,-1,False,False,0,0,False,207,0,0,0,0,0,0,0,0,0,0,0,0,0,0,0,1,
0,4769,2026-02-23 13:17:28Z,LLM_Empathetic,6.92995,7.222252,6.637647,0.6147732,0,1.603844,0,0,0,0,0,0,5.498208,4.351082,6.645344,0.592854,0.702737,0.482971,7.398114,6.222931,8.573298,0.588285,0,2.110685,7.201206,6.106594,8.295819,9.864819,10,9.523538,6.92995,7.222252,6.637647,0.6147732,0,1.603844,0,0,0,0,0,0,5.498208,4.351082,6.645344,0.592854,0.702737,0.482971,7.398114,6.222931,8.573298,0.588285,0,2.110685,7.201206,6.106594,8.295819,9.864819,10,9.523538,-1,-1,-1,-1,-1,-1,-1,-1,-1,-1,-1,-1,-1,-1,-1,-1,-1,-1,-1,-1,-1,-1,-1,-1,-1,-1,-1,-1,-1,-1,-1,-1,-1,-1,-1,-1,-1,-1,-1,-1,-1,-1,-1,-1,-1,-1,-1,-1,-1,-1,0,0,0,0,0,0,-1,-1,-1,-1,-1,-1,-1,-1,-1,-1,-1,-1,0,0,0,0,0,0,-1,-1,-1,-1,-1,-1,-1,-1,-1,-1,-1,-1,-1,-1,False,False,0,0,False,207,0,0,0,0,0,0,0,0,0,0,0,0,0,0,0,1,
0,4770,2026-02-23 13:17:28Z,LLM_Empathetic,6.929947,7.222252,6.637642,0.6147779,0,1.603847,0,0,0,0,0,0,5.498204,4.351081,6.645338,0.592854,0.702737,0.482971,7.398113,6.222932,8.573294,0.5882881,0,2.110688,7.201201,6.106591,8.295812,9.864808,10,9.523525,6.929947,7.222252,6.637642,0.6147779,0,1.603847,0,0,0,0,0,0,5.498204,4.351081,6.645338,0.592854,0.702737,0.482971,7.398113,6.222932,8.573294,0.5882881,0,2.110688,7.201201,6.106591,8.295812,9.864808,10,9.523525,-1,-1,-1,-1,-1,-1,-1,-1,-1,-1,-1,-1,-1,-1,-1,-1,-1,-1,-1,-1,-1,-1,-1,-1,-1,-1,-1,-1,-1,-1,-1,-1,-1,-1,-1,-1,-1,-1,-1,-1,-1,-1,-1,-1,-1,-1,-1,-1,-1,-1,0,0,0,0,0,0,-1,-1,-1,-1,-1,-1,-1,-1,-1,-1,-1,-1,0,0,0,0,0,0,-1,-1,-1,-1,-1,-1,-1,-1,-1,-1,-1,-1,-1,-1,False,False,0,0,False,209,0,0,0,0,0,0,0,0,0,0,0,0,0,0,0,1,
0,4771,2026-02-23 13:17:28Z,LLM_Empathetic,6.929944,7.222251,6.637637,0.6147826,0,1.603849,0,0,0,0,0,0,5.498201,4.35108,6.645332,0.592854,0.702737,0.482971,7.398111,6.222933,8.57329,0.588291,0,2.110692,7.201196,6.106589,8.295804,9.864799,10,9.523513,6.929944,7.222251,6.637637,0.6147826,0,1.603849,0,0,0,0,0,0,5.498201,4.35108,6.645332,0.592854,0.702737,0.482971,7.398111,6.222933,8.57329,0.588291,0,2.110692,7.201196,6.106589,8.295804,9.864799,10,9.523513,-1,-1,-1,-1,-1,-1,-1,-1,-1,-1,-1,-1,-1,-1,-1,-1,-1,-1,-1,-1,-1,-1,-1,-1,-1,-1,-1,-1,-1,-1,-1,-1,-1,-1,-1,-1,-1,-1,-1,-1,-1,-1,-1,-1,-1,-1,-1,-1,-1,-1,0,0,0,0,0,0,-1,-1,-1,-1,-1,-1,-1,-1,-1,-1,-1,-1,0,0,0,0,0,0,-1,-1,-1,-1,-1,-1,-1,-1,-1,-1,-1,-1,-1,-1,False,False,0,0,False,207,0,0,0,0,0,0,0,0,0,0,0,0,0,0,0,1,
0,4772,2026-02-23 13:17:28Z,LLM_Empathetic,6.929944,7.222251,6.637637,0.6147826,0,1.603849,0,0,0,0,0,0,5.498201,4.35108,6.645332,0.592854,0.702737,0.482971,7.398111,6.222933,8.57329,0.588291,0,2.110692,7.201196,6.106589,8.295804,9.864799,10,9.523513,6.929944,7.222251,6.637637,0.6147826,0,1.603849,0,0,0,0,0,0,5.498201,4.35108,6.645332,0.592854,0.702737,0.482971,7.398111,6.222933,8.57329,0.588291,0,2.110692,7.201196,6.106589,8.295804,9.864799,10,9.523513,-1,-1,-1,-1,-1,-1,-1,-1,-1,-1,-1,-1,-1,-1,-1,-1,-1,-1,-1,-1,-1,-1,-1,-1,-1,-1,-1,-1,-1,-1,-1,-1,-1,-1,-1,-1,-1,-1,-1,-1,-1,-1,-1,-1,-1,-1,-1,-1,-1,-1,0,0,0,0,0,0,-1,-1,-1,-1,-1,-1,-1,-1,-1,-1,-1,-1,0,0,0,0,0,0,-1,-1,-1,-1,-1,-1,-1,-1,-1,-1,-1,-1,-1,-1,False,False,0,0,False,209,0,0,0,0,0,0,0,0,0,0,0,0,0,0,0,1,
0,4773,2026-02-23 13:17:28Z,LLM_Empathetic,6.929947,7.222252,6.637642,0.6147779,0,1.603847,0,0,0,0,0,0,5.498204,4.351081,6.645338,0.592854,0.702737,0.482971,7.398113,6.222932,8.573294,0.5882881,0,2.110688,7.201201,6.106591,8.295812,9.864808,10,9.523525,6.929947,7.222252,6.637642,0.6147779,0,1.603847,0,0,0,0,0,0,5.498204,4.351081,6.645338,0.592854,0.702737,0.482971,7.398113,6.222932,8.573294,0.5882881,0,2.110688,7.201201,6.106591,8.295812,9.864808,10,9.523525,-1,-1,-1,-1,-1,-1,-1,-1,-1,-1,-1,-1,-1,-1,-1,-1,-1,-1,-1,-1,-1,-1,-1,-1,-1,-1,-1,-1,-1,-1,-1,-1,-1,-1,-1,-1,-1,-1,-1,-1,-1,-1,-1,-1,-1,-1,-1,-1,-1,-1,0,0,0,0,0,0,-1,-1,-1,-1,-1,-1,-1,-1,-1,-1,-1,-1,0,0,0,0,0,0,-1,-1,-1,-1,-1,-1,-1,-1,-1,-1,-1,-1,-1,-1,False,False,0,0,False,207,0,0,0,0,0,0,0,0,0,0,0,0,0,0,0,1,
0,4774,2026-02-23 13:17:28Z,LLM_Empathetic,6.92995,7.222252,6.637647,0.6147732,0,1.603844,0,0,0,0,0,0,5.498208,4.351082,6.645344,0.592854,0.702737,0.482971,7.398114,6.222931,8.573298,0.588285,0,2.110685,7.201206,6.106594,8.295819,9.864819,10,9.523538,6.92995,7.222252,6.637647,0.6147732,0,1.603844,0,0,0,0,0,0,5.498208,4.351082,6.645344,0.592854,0.702737,0.482971,7.398114,6.222931,8.573298,0.588285,0,2.110685,7.201206,6.106594,8.295819,9.864819,10,9.523538,-1,-1,-1,-1,-1,-1,-1,-1,-1,-1,-1,-1,-1,-1,-1,-1,-1,-1,-1,-1,-1,-1,-1,-1,-1,-1,-1,-1,-1,-1,-1,-1,-1,-1,-1,-1,-1,-1,-1,-1,-1,-1,-1,-1,-1,-1,-1,-1,-1,-1,0,0,0,0,0,0,-1,-1,-1,-1,-1,-1,-1,-1,-1,-1,-1,-1,0,0,0,0,0,0,-1,-1,-1,-1,-1,-1,-1,-1,-1,-1,-1,-1,-1,-1,False,False,0,0,False,209,0,0,0,0,0,0,0,0,0,0,0,0,0,0,0,1,
0,4775,2026-02-23 13:17:29Z,LLM_Empathetic,6.929952,7.222253,6.637652,0.6147685,0,1.603842,0,0,0,0,0,0,5.498211,4.351084,6.64535,0.592854,0.702737,0.482971,7.398116,6.22293,8.573301,0.588282,0,2.110682,7.201211,6.106596,8.295826,9.864828,10,9.52355,6.929952,7.222253,6.637652,0.6147685,0,1.603842,0,0,0,0,0,0,5.498211,4.351084,6.64535,0.592854,0.702737,0.482971,7.398116,6.22293,8.573301,0.588282,0,2.110682,7.201211,6.106596,8.295826,9.864828,10,9.52355,-1,-1,-1,-1,-1,-1,-1,-1,-1,-1,-1,-1,-1,-1,-1,-1,-1,-1,-1,-1,-1,-1,-1,-1,-1,-1,-1,-1,-1,-1,-1,-1,-1,-1,-1,-1,-1,-1,-1,-1,-1,-1,-1,-1,-1,-1,-1,-1,-1,-1,0,0,0,0,0,0,-1,-1,-1,-1,-1,-1,-1,-1,-1,-1,-1,-1,0,0,0,0,0,0,-1,-1,-1,-1,-1,-1,-1,-1,-1,-1,-1,-1,-1,-1,False,False,0,0,False,207,0,0,0,0,0,0,0,0,0,0,0,0,0,0,0,1,
0,4776,2026-02-23 13:17:29Z,LLM_Empathetic,6.92995,7.222252,6.637647,0.6147732,0,1.603844,0,0,0,0,0,0,5.498208,4.351082,6.645344,0.592854,0.702737,0.482971,7.398114,6.222931,8.573298,0.588285,0,2.110685,7.201206,6.106594,8.295819,9.864819,10,9.523538,6.92995,7.222252,6.637647,0.6147732,0,1.603844,0,0,0,0,0,0,5.498208,4.351082,6.645344,0.592854,0.702737,0.482971,7.398114,6.222931,8.573298,0.588285,0,2.110685,7.201206,6.106594,8.295819,9.864819,10,9.523538,-1,-1,-1,-1,-1,-1,-1,-1,-1,-1,-1,-1,-1,-1,-1,-1,-1,-1,-1,-1,-1,-1,-1,-1,-1,-1,-1,-1,-1,-1,-1,-1,-1,-1,-1,-1,-1,-1,-1,-1,-1,-1,-1,-1,-1,-1,-1,-1,-1,-1,0,0,0,0,0,0,-1,-1,-1,-1,-1,-1,-1,-1,-1,-1,-1,-1,0,0,0,0,0,0,-1,-1,-1,-1,-1,-1,-1,-1,-1,-1,-1,-1,-1,-1,False,False,0,0,False,207,0,0,0,0,0,0,0,0,0,0,0,0,0,0,0,1,
0,4777,2026-02-23 13:17:29Z,LLM_Empathetic,6.929947,7.222252,6.637642,0.6147779,0,1.603847,0,0,0,0,0,0,5.498204,4.351081,6.645338,0.592854,0.702737,0.482971,7.398113,6.222932,8.573294,0.5882881,0,2.110688,7.201201,6.106591,8.295812,9.864808,10,9.523525,6.929947,7.222252,6.637642,0.6147779,0,1.603847,0,0,0,0,0,0,5.498204,4.351081,6.645338,0.592854,0.702737,0.482971,7.398113,6.222932,8.573294,0.5882881,0,2.110688,7.201201,6.106591,8.295812,9.864808,10,9.523525,-1,-1,-1,-1,-1,-1,-1,-1,-1,-1,-1,-1,-1,-1,-1,-1,-1,-1,-1,-1,-1,-1,-1,-1,-1,-1,-1,-1,-1,-1,-1,-1,-1,-1,-1,-1,-1,-1,-1,-1,-1,-1,-1,-1,-1,-1,-1,-1,-1,-1,0,0,0,0,0,0,-1,-1,-1,-1,-1,-1,-1,-1,-1,-1,-1,-1,0,0,0,0,0,0,-1,-1,-1,-1,-1,-1,-1,-1,-1,-1,-1,-1,-1,-1,False,False,0,0,False,209,0,0,0,0,0,0,0,0,0,0,0,0,0,0,0,1,
0,4778,2026-02-23 13:17:29Z,LLM_Empathetic,6.929944,7.222251,6.637637,0.6147826,0,1.603849,0,0,0,0,0,0,5.498201,4.35108,6.645332,0.592854,0.702737,0.482971,7.398111,6.222933,8.57329,0.588291,0,2.110692,7.201196,6.106589,8.295804,9.864799,10,9.523513,6.929944,7.222251,6.637637,0.6147826,0,1.603849,0,0,0,0,0,0,5.498201,4.35108,6.645332,0.592854,0.702737,0.482971,7.398111,6.222933,8.57329,0.588291,0,2.110692,7.201196,6.106589,8.295804,9.864799,10,9.523513,-1,-1,-1,-1,-1,-1,-1,-1,-1,-1,-1,-1,-1,-1,-1,-1,-1,-1,-1,-1,-1,-1,-1,-1,-1,-1,-1,-1,-1,-1,-1,-1,-1,-1,-1,-1,-1,-1,-1,-1,-1,-1,-1,-1,-1,-1,-1,-1,-1,-1,0,0,0,0,0,0,-1,-1,-1,-1,-1,-1,-1,-1,-1,-1,-1,-1,0,0,0,0,0,0,-1,-1,-1,-1,-1,-1,-1,-1,-1,-1,-1,-1,-1,-1,False,False,0,0,False,209,0,0,0,0,0,0,0,0,0,0,0,0,0,0,0,1,
0,4779,2026-02-23 13:17:29Z,LLM_Empathetic,6.929939,7.22225,6.637627,0.614792,0,1.603855,0,0,0,0,0,0,5.498194,4.351078,6.64532,0.592854,0.702737,0.482971,7.398108,6.222935,8.573281,0.5882971,0,2.110698,7.201186,6.106583,8.29579,9.864779,10,9.523488,6.929939,7.22225,6.637627,0.614792,0,1.603855,0,0,0,0,0,0,5.498194,4.351078,6.64532,0.592854,0.702737,0.482971,7.398108,6.222935,8.573281,0.5882971,0,2.110698,7.201186,6.106583,8.29579,9.864779,10,9.523488,-1,-1,-1,-1,-1,-1,-1,-1,-1,-1,-1,-1,-1,-1,-1,-1,-1,-1,-1,-1,-1,-1,-1,-1,-1,-1,-1,-1,-1,-1,-1,-1,-1,-1,-1,-1,-1,-1,-1,-1,-1,-1,-1,-1,-1,-1,-1,-1,-1,-1,0,0,0,0,0,0,-1,-1,-1,-1,-1,-1,-1,-1,-1,-1,-1,-1,0,0,0,0,0,0,-1,-1,-1,-1,-1,-1,-1,-1,-1,-1,-1,-1,-1,-1,False,False,0,0,False,209,0,0,0,0,0,0,0,0,0,0,0,0,0,0,0,1,
0,4780,2026-02-23 13:17:29Z,LLM_Empathetic,6.929936,7.22225,6.637622,0.6147966,0,1.603857,0,0,0,0,0,0,5.49819,4.351077,6.645314,0.592854,0.702737,0.482971,7.398106,6.222936,8.573277,0.5883001,0,2.1107,7.201181,6.106581,8.295783,9.864769,10,9.523476,6.929936,7.22225,6.637622,0.6147966,0,1.603857,0,0,0,0,0,0,5.49819,4.351077,6.645314,0.592854,0.702737,0.482971,7.398106,6.222936,8.573277,0.5883001,0,2.1107,7.201181,6.106581,8.295783,9.864769,10,9.523476,-1,-1,-1,-1,-1,-1,-1,-1,-1,-1,-1,-1,-1,-1,-1,-1,-1,-1,-1,-1,-1,-1,-1,-1,-1,-1,-1,-1,-1,-1,-1,-1,-1,-1,-1,-1,-1,-1,-1,-1,-1,-1,-1,-1,-1,-1,-1,-1,-1,-1,0,0,0,0,0,0,-1,-1,-1,-1,-1,-1,-1,-1,-1,-1,-1,-1,0,0,0,0,0,0,-1,-1,-1,-1,-1,-1,-1,-1,-1,-1,-1,-1,-1,-1,False,False,0,0,False,209,0,0,0,0,0,0,0,0,0,0,0,0,0,0,0,1,
0,4781,2026-02-23 13:17:29Z,LLM_Empathetic,6.92993,7.222249,6.637612,0.6148061,0,1.603862,0,0,0,0,0,0,5.498183,4.351074,6.645302,0.592854,0.702737,0.482971,7.398103,6.222937,8.573269,0.5883061,0,2.110707,7.201171,6.106575,8.295769,9.864749,10,9.523451,6.92993,7.222249,6.637612,0.6148061,0,1.603862,0,0,0,0,0,0,5.498183,4.351074,6.645302,0.592854,0.702737,0.482971,7.398103,6.222937,8.573269,0.5883061,0,2.110707,7.201171,6.106575,8.295769,9.864749,10,9.523451,-1,-1,-1,-1,-1,-1,-1,-1,-1,-1,-1,-1,-1,-1,-1,-1,-1,-1,-1,-1,-1,-1,-1,-1,-1,-1,-1,-1,-1,-1,-1,-1,-1,-1,-1,-1,-1,-1,-1,-1,-1,-1,-1,-1,-1,-1,-1,-1,-1,-1,0,0,0,0,0,0,-1,-1,-1,-1,-1,-1,-1,-1,-1,-1,-1,-1,0,0,0,0,0,0,-1,-1,-1,-1,-1,-1,-1,-1,-1,-1,-1,-1,-1,-1,False,False,0,0,False,207,0,0,0,0,0,0,0,0,0,0,0,0,0,0,0,1,
0,4782,2026-02-23 13:17:29Z,LLM_Empathetic,6.929919,7.222247,6.637591,0.614825,0,1.603873,0,0,0,0,0,0,5.498169,4.351069,6.645278,0.592854,0.702737,0.482971,7.398097,6.22294,8.573253,0.5883182,0,2.110718,7.201151,6.106565,8.295739,9.86471,10,9.523401,6.929919,7.222247,6.637591,0.614825,0,1.603873,0,0,0,0,0,0,5.498169,4.351069,6.645278,0.592854,0.702737,0.482971,7.398097,6.22294,8.573253,0.5883182,0,2.110718,7.201151,6.106565,8.295739,9.86471,10,9.523401,-1,-1,-1,-1,-1,-1,-1,-1,-1,-1,-1,-1,-1,-1,-1,-1,-1,-1,-1,-1,-1,-1,-1,-1,-1,-1,-1,-1,-1,-1,-1,-1,-1,-1,-1,-1,-1,-1,-1,-1,-1,-1,-1,-1,-1,-1,-1,-1,-1,-1,0,0,0,0,0,0,-1,-1,-1,-1,-1,-1,-1,-1,-1,-1,-1,-1,0,0,0,0,0,0,-1,-1,-1,-1,-1,-1,-1,-1,-1,-1,-1,-1,-1,-1,False,False,0,0,False,209,0,0,0,0,0,0,0,0,0,0,0,0,0,0,0,1,
0,4783,2026-02-23 13:17:29Z,LLM_Empathetic,6.929916,7.222246,6.637587,0.6148297,0,1.603875,0,0,0,0,0,0,5.498165,4.351068,6.645272,0.592854,0.702737,0.482971,7.398095,6.222941,8.573249,0.5883212,0,2.110722,7.201147,6.106562,8.295732,9.864699,10,9.523389,6.929916,7.222246,6.637587,0.6148297,0,1.603875,0,0,0,0,0,0,5.498165,4.351068,6.645272,0.592854,0.702737,0.482971,7.398095,6.222941,8.573249,0.5883212,0,2.110722,7.201147,6.106562,8.295732,9.864699,10,9.523389,-1,-1,-1,-1,-1,-1,-1,-1,-1,-1,-1,-1,-1,-1,-1,-1,-1,-1,-1,-1,-1,-1,-1,-1,-1,-1,-1,-1,-1,-1,-1,-1,-1,-1,-1,-1,-1,-1,-1,-1,-1,-1,-1,-1,-1,-1,-1,-1,-1,-1,0,0,0,0,0,0,-1,-1,-1,-1,-1,-1,-1,-1,-1,-1,-1,-1,0,0,0,0,0,0,-1,-1,-1,-1,-1,-1,-1,-1,-1,-1,-1,-1,-1,-1,False,False,0,0,False,209,0,0,0,0,0,0,0,0,0,0,0,0,0,0,0,1,
0,4784,2026-02-23 13:17:29Z,LLM_Empathetic,6.929914,7.222246,6.637581,0.6148344,0,1.603878,0,0,0,0,0,0,5.498162,4.351067,6.645267,0.592854,0.702737,0.482971,7.398093,6.222942,8.573244,0.5883242,0,2.110725,7.201142,6.106559,8.295725,9.86469,10,9.523376,6.929914,7.222246,6.637581,0.6148344,0,1.603878,0,0,0,0,0,0,5.498162,4.351067,6.645267,0.592854,0.702737,0.482971,7.398093,6.222942,8.573244,0.5883242,0,2.110725,7.201142,6.106559,8.295725,9.86469,10,9.523376,-1,-1,-1,-1,-1,-1,-1,-1,-1,-1,-1,-1,-1,-1,-1,-1,-1,-1,-1,-1,-1,-1,-1,-1,-1,-1,-1,-1,-1,-1,-1,-1,-1,-1,-1,-1,-1,-1,-1,-1,-1,-1,-1,-1,-1,-1,-1,-1,-1,-1,0,0,0,0,0,0,-1,-1,-1,-1,-1,-1,-1,-1,-1,-1,-1,-1,0,0,0,0,0,0,-1,-1,-1,-1,-1,-1,-1,-1,-1,-1,-1,-1,-1,-1,False,False,0,0,False,207,0,0,0,0,0,0,0,0,0,0,0,0,0,0,0,1,
0,4785,2026-02-23 13:17:29Z,LLM_Empathetic,6.929911,7.222245,6.637577,0.6148391,0,1.603881,0,0,0,0,0,0,5.498158,4.351066,6.64526,0.592854,0.702737,0.482971,7.398092,6.222943,8.57324,0.5883273,0,2.110728,7.201137,6.106556,8.295718,9.864679,10,9.523364,6.929911,7.222245,6.637577,0.6148391,0,1.603881,0,0,0,0,0,0,5.498158,4.351066,6.64526,0.592854,0.702737,0.482971,7.398092,6.222943,8.57324,0.5883273,0,2.110728,7.201137,6.106556,8.295718,9.864679,10,9.523364,-1,-1,-1,-1,-1,-1,-1,-1,-1,-1,-1,-1,-1,-1,-1,-1,-1,-1,-1,-1,-1,-1,-1,-1,-1,-1,-1,-1,-1,-1,-1,-1,-1,-1,-1,-1,-1,-1,-1,-1,-1,-1,-1,-1,-1,-1,-1,-1,-1,-1,0,0,0,0,0,0,-1,-1,-1,-1,-1,-1,-1,-1,-1,-1,-1,-1,0,0,0,0,0,0,-1,-1,-1,-1,-1,-1,-1,-1,-1,-1,-1,-1,-1,-1,False,False,0,0,False,209,0,0,0,0,0,0,0,0,0,0,0,0,0,0,0,1,
0,4786,2026-02-23 13:17:29Z,LLM_Empathetic,6.929908,7.222245,6.637571,0.6148438,0,1.603883,0,0,0,0,0,0,5.498155,4.351065,6.645255,0.592854,0.702737,0.482971,7.39809,6.222944,8.573236,0.5883303,0,2.110731,7.201132,6.106554,8.295711,9.86467,10,9.523352,6.929908,7.222245,6.637571,0.6148438,0,1.603883,0,0,0,0,0,0,5.498155,4.351065,6.645255,0.592854,0.702737,0.482971,7.39809,6.222944,8.573236,0.5883303,0,2.110731,7.201132,6.106554,8.295711,9.86467,10,9.523352,-1,-1,-1,-1,-1,-1,-1,-1,-1,-1,-1,-1,-1,-1,-1,-1,-1,-1,-1,-1,-1,-1,-1,-1,-1,-1,-1,-1,-1,-1,-1,-1,-1,-1,-1,-1,-1,-1,-1,-1,-1,-1,-1,-1,-1,-1,-1,-1,-1,-1,0,0,0,0,0,0,-1,-1,-1,-1,-1,-1,-1,-1,-1,-1,-1,-1,0,0,0,0,0,0,-1,-1,-1,-1,-1,-1,-1,-1,-1,-1,-1,-1,-1,-1,False,False,0,0,False,209,0,0,0,0,0,0,0,0,0,0,0,0,0,0,0,1,
0,4787,2026-02-23 13:17:29Z,LLM_Empathetic,6.929905,7.222244,6.637566,0.6148486,0,1.603886,0,0,0,0,0,0,5.498151,4.351064,6.645248,0.592854,0.702737,0.482971,7.398088,6.222945,8.573233,0.5883333,0,2.110734,7.201127,6.106551,8.295703,9.86466,10,9.523339,6.929905,7.222244,6.637566,0.6148486,0,1.603886,0,0,0,0,0,0,5.498151,4.351064,6.645248,0.592854,0.702737,0.482971,7.398088,6.222945,8.573233,0.5883333,0,2.110734,7.201127,6.106551,8.295703,9.86466,10,9.523339,-1,-1,-1,-1,-1,-1,-1,-1,-1,-1,-1,-1,-1,-1,-1,-1,-1,-1,-1,-1,-1,-1,-1,-1,-1,-1,-1,-1,-1,-1,-1,-1,-1,-1,-1,-1,-1,-1,-1,-1,-1,-1,-1,-1,-1,-1,-1,-1,-1,-1,0,0,0,0,0,0,-1,-1,-1,-1,-1,-1,-1,-1,-1,-1,-1,-1,0,0,0,0,0,0,-1,-1,-1,-1,-1,-1,-1,-1,-1,-1,-1,-1,-1,-1,False,False,0,0,False,207,0,0,0,0,0,0,0,0,0,0,0,0,0,0,0,1,
0,4788,2026-02-23 13:17:29Z,LLM_Empathetic,6.9299,7.222243,6.637556,0.614858,0,1.603891,0,0,0,0,0,0,5.498144,4.351061,6.645236,0.592854,0.702737,0.482971,7.398085,6.222947,8.573224,0.5883394,0,2.11074,7.201117,6.106546,8.295689,9.86464,10,9.523314,6.9299,7.222243,6.637556,0.614858,0,1.603891,0,0,0,0,0,0,5.498144,4.351061,6.645236,0.592854,0.702737,0.482971,7.398085,6.222947,8.573224,0.5883394,0,2.11074,7.201117,6.106546,8.295689,9.86464,10,9.523314,-1,-1,-1,-1,-1,-1,-1,-1,-1,-1,-1,-1,-1,-1,-1,-1,-1,-1,-1,-1,-1,-1,-1,-1,-1,-1,-1,-1,-1,-1,-1,-1,-1,-1,-1,-1,-1,-1,-1,-1,-1,-1,-1,-1,-1,-1,-1,-1,-1,-1,0,0,0,0,0,0,-1,-1,-1,-1,-1,-1,-1,-1,-1,-1,-1,-1,0,0,0,0,0,0,-1,-1,-1,-1,-1,-1,-1,-1,-1,-1,-1,-1,-1,-1,False,False,0,0,False,209,0,0,0,0,0,0,0,0,0,0,0,0,0,0,0,1,
0,4789,2026-02-23 13:17:29Z,LLM_Empathetic,6.929897,7.222243,6.637551,0.6148628,0,1.603894,0,0,0,0,0,0,5.49814,4.35106,6.645231,0.592854,0.702737,0.482971,7.398084,6.222948,8.57322,0.5883424,0,2.110743,7.201112,6.106543,8.295682,9.86463,10,9.523302,6.929897,7.222243,6.637551,0.6148628,0,1.603894,0,0,0,0,0,0,5.49814,4.35106,6.645231,0.592854,0.702737,0.482971,7.398084,6.222948,8.57322,0.5883424,0,2.110743,7.201112,6.106543,8.295682,9.86463,10,9.523302,-1,-1,-1,-1,-1,-1,-1,-1,-1,-1,-1,-1,-1,-1,-1,-1,-1,-1,-1,-1,-1,-1,-1,-1,-1,-1,-1,-1,-1,-1,-1,-1,-1,-1,-1,-1,-1,-1,-1,-1,-1,-1,-1,-1,-1,-1,-1,-1,-1,-1,0,0,0,0,0,0,-1,-1,-1,-1,-1,-1,-1,-1,-1,-1,-1,-1,0,0,0,0,0,0,-1,-1,-1,-1,-1,-1,-1,-1,-1,-1,-1,-1,-1,-1,False,False,0,0,False,207,0,0,0,0,0,0,0,0,0,0,0,0,0,0,0,1,
0,4790,2026-02-23 13:17:29Z,LLM_Empathetic,6.929894,7.222242,6.637546,0.6148675,0,1.603896,0,0,0,0,0,0,5.498137,4.351059,6.645225,0.592854,0.702737,0.482971,7.398082,6.222948,8.573215,0.5883455,0,2.110746,7.201107,6.10654,8.295674,9.86462,10,9.52329,6.929894,7.222242,6.637546,0.6148675,0,1.603896,0,0,0,0,0,0,5.498137,4.351059,6.645225,0.592854,0.702737,0.482971,7.398082,6.222948,8.573215,0.5883455,0,2.110746,7.201107,6.10654,8.295674,9.86462,10,9.52329,-1,-1,-1,-1,-1,-1,-1,-1,-1,-1,-1,-1,-1,-1,-1,-1,-1,-1,-1,-1,-1,-1,-1,-1,-1,-1,-1,-1,-1,-1,-1,-1,-1,-1,-1,-1,-1,-1,-1,-1,-1,-1,-1,-1,-1,-1,-1,-1,-1,-1,0,0,0,0,0,0,-1,-1,-1,-1,-1,-1,-1,-1,-1,-1,-1,-1,0,0,0,0,0,0,-1,-1,-1,-1,-1,-1,-1,-1,-1,-1,-1,-1,-1,-1,False,False,0,0,False,207,0,0,0,0,0,0,0,0,0,0,0,0,0,0,0,1,
0,4791,2026-02-23 13:17:29Z,LLM_Empathetic,6.929889,7.222241,6.637536,0.614877,0,1.603902,0,0,0,0,0,0,5.498129,4.351057,6.645213,0.592854,0.702737,0.482971,7.398078,6.22295,8.573208,0.5883515,0,2.110752,7.201097,6.106535,8.29566,9.8646,10,9.523264,6.929889,7.222241,6.637536,0.614877,0,1.603902,0,0,0,0,0,0,5.498129,4.351057,6.645213,0.592854,0.702737,0.482971,7.398078,6.22295,8.573208,0.5883515,0,2.110752,7.201097,6.106535,8.29566,9.8646,10,9.523264,-1,-1,-1,-1,-1,-1,-1,-1,-1,-1,-1,-1,-1,-1,-1,-1,-1,-1,-1,-1,-1,-1,-1,-1,-1,-1,-1,-1,-1,-1,-1,-1,-1,-1,-1,-1,-1,-1,-1,-1,-1,-1,-1,-1,-1,-1,-1,-1,-1,-1,0,0,0,0,0,0,-1,-1,-1,-1,-1,-1,-1,-1,-1,-1,-1,-1,0,0,0,0,0,0,-1,-1,-1,-1,-1,-1,-1,-1,-1,-1,-1,-1,-1,-1,False,False,0,0,False,209,0,0,0,0,0,0,0,0,0,0,0,0,0,0,0,1,
0,4792,2026-02-23 13:17:29Z,LLM_Empathetic,6.929886,7.22224,6.637531,0.6148818,0,1.603904,0,0,0,0,0,0,5.498126,4.351055,6.645206,0.592854,0.702737,0.482971,7.398077,6.222951,8.573203,0.5883546,0,2.110755,7.201092,6.106532,8.295652,9.864591,10,9.523252,6.929886,7.22224,6.637531,0.6148818,0,1.603904,0,0,0,0,0,0,5.498126,4.351055,6.645206,0.592854,0.702737,0.482971,7.398077,6.222951,8.573203,0.5883546,0,2.110755,7.201092,6.106532,8.295652,9.864591,10,9.523252,-1,-1,-1,-1,-1,-1,-1,-1,-1,-1,-1,-1,-1,-1,-1,-1,-1,-1,-1,-1,-1,-1,-1,-1,-1,-1,-1,-1,-1,-1,-1,-1,-1,-1,-1,-1,-1,-1,-1,-1,-1,-1,-1,-1,-1,-1,-1,-1,-1,-1,0,0,0,0,0,0,-1,-1,-1,-1,-1,-1,-1,-1,-1,-1,-1,-1,0,0,0,0,0,0,-1,-1,-1,-1,-1,-1,-1,-1,-1,-1,-1,-1,-1,-1,False,False,0,0,False,209,0,0,0,0,0,0,0,0,0,0,0,0,0,0,0,1,
0,4793,2026-02-23 13:17:29Z,LLM_Empathetic,6.92988,7.222239,6.63752,0.6148913,0,1.603909,0,0,0,0,0,0,5.498118,4.351053,6.645195,0.592854,0.702737,0.482971,7.398074,6.222952,8.573195,0.5883607,0,2.110761,7.201082,6.106527,8.295638,9.864571,10,9.523227,6.92988,7.222239,6.63752,0.6148913,0,1.603909,0,0,0,0,0,0,5.498118,4.351053,6.645195,0.592854,0.702737,0.482971,7.398074,6.222952,8.573195,0.5883607,0,2.110761,7.201082,6.106527,8.295638,9.864571,10,9.523227,-1,-1,-1,-1,-1,-1,-1,-1,-1,-1,-1,-1,-1,-1,-1,-1,-1,-1,-1,-1,-1,-1,-1,-1,-1,-1,-1,-1,-1,-1,-1,-1,-1,-1,-1,-1,-1,-1,-1,-1,-1,-1,-1,-1,-1,-1,-1,-1,-1,-1,0,0,0,0,0,0,-1,-1,-1,-1,-1,-1,-1,-1,-1,-1,-1,-1,0,0,0,0,0,0,-1,-1,-1,-1,-1,-1,-1,-1,-1,-1,-1,-1,-1,-1,False,False,0,0,False,209,0,0,0,0,0,0,0,0,0,0,0,0,0,0,0,1,
0,4794,2026-02-23 13:17:29Z,LLM_Empathetic,6.929877,7.222239,6.637516,0.6148961,0,1.603912,0,0,0,0,0,0,5.498115,4.351052,6.645189,0.592854,0.702737,0.482971,7.398072,6.222953,8.573191,0.5883637,0,2.110764,7.201077,6.106524,8.29563,9.86456,10,9.523214,6.929877,7.222239,6.637516,0.6148961,0,1.603912,0,0,0,0,0,0,5.498115,4.351052,6.645189,0.592854,0.702737,0.482971,7.398072,6.222953,8.573191,0.5883637,0,2.110764,7.201077,6.106524,8.29563,9.86456,10,9.523214,-1,-1,-1,-1,-1,-1,-1,-1,-1,-1,-1,-1,-1,-1,-1,-1,-1,-1,-1,-1,-1,-1,-1,-1,-1,-1,-1,-1,-1,-1,-1,-1,-1,-1,-1,-1,-1,-1,-1,-1,-1,-1,-1,-1,-1,-1,-1,-1,-1,-1,0,0,0,0,0,0,-1,-1,-1,-1,-1,-1,-1,-1,-1,-1,-1,-1,0,0,0,0,0,0,-1,-1,-1,-1,-1,-1,-1,-1,-1,-1,-1,-1,-1,-1,False,False,0,0,False,209,0,0,0,0,0,0,0,0,0,0,0,0,0,0,0,1,
0,4795,2026-02-23 13:17:29Z,LLM_Empathetic,6.929874,7.222239,6.63751,0.6149008,0,1.603915,0,0,0,0,0,0,5.498111,4.35105,6.645183,0.592854,0.702737,0.482971,7.39807,6.222954,8.573187,0.5883668,0,2.110767,7.201072,6.106522,8.295623,9.864551,10,9.523202,6.929874,7.222239,6.63751,0.6149008,0,1.603915,0,0,0,0,0,0,5.498111,4.35105,6.645183,0.592854,0.702737,0.482971,7.39807,6.222954,8.573187,0.5883668,0,2.110767,7.201072,6.106522,8.295623,9.864551,10,9.523202,-1,-1,-1,-1,-1,-1,-1,-1,-1,-1,-1,-1,-1,-1,-1,-1,-1,-1,-1,-1,-1,-1,-1,-1,-1,-1,-1,-1,-1,-1,-1,-1,-1,-1,-1,-1,-1,-1,-1,-1,-1,-1,-1,-1,-1,-1,-1,-1,-1,-1,0,0,0,0,0,0,-1,-1,-1,-1,-1,-1,-1,-1,-1,-1,-1,-1,0,0,0,0,0,0,-1,-1,-1,-1,-1,-1,-1,-1,-1,-1,-1,-1,-1,-1,False,False,0,0,False,209,0,0,0,0,0,0,0,0,0,0,0,0,0,0,0,1,
0,4796,2026-02-23 13:17:29Z,LLM_Empathetic,6.929872,7.222238,6.637505,0.6149056,0,1.603917,0,0,0,0,0,0,5.498108,4.351049,6.645176,0.592854,0.702737,0.482971,7.398069,6.222955,8.573183,0.5883698,0,2.11077,7.201067,6.106519,8.295616,9.86454,10,9.52319,6.929872,7.222238,6.637505,0.6149056,0,1.603917,0,0,0,0,0,0,5.498108,4.351049,6.645176,0.592854,0.702737,0.482971,7.398069,6.222955,8.573183,0.5883698,0,2.11077,7.201067,6.106519,8.295616,9.86454,10,9.52319,-1,-1,-1,-1,-1,-1,-1,-1,-1,-1,-1,-1,-1,-1,-1,-1,-1,-1,-1,-1,-1,-1,-1,-1,-1,-1,-1,-1,-1,-1,-1,-1,-1,-1,-1,-1,-1,-1,-1,-1,-1,-1,-1,-1,-1,-1,-1,-1,-1,-1,0,0,0,0,0,0,-1,-1,-1,-1,-1,-1,-1,-1,-1,-1,-1,-1,0,0,0,0,0,0,-1,-1,-1,-1,-1,-1,-1,-1,-1,-1,-1,-1,-1,-1,False,False,0,0,False,209,0,0,0,0,0,0,0,0,0,0,0,0,0,0,0,1,
0,4797,2026-02-23 13:17:29Z,LLM_Empathetic,6.929874,7.222239,6.63751,0.6149008,0,1.603915,0,0,0,0,0,0,5.498111,4.35105,6.645183,0.592854,0.702737,0.482971,7.39807,6.222954,8.573187,0.5883668,0,2.110767,7.201072,6.106522,8.295623,9.864551,10,9.523202,6.929874,7.222239,6.63751,0.6149008,0,1.603915,0,0,0,0,0,0,5.498111,4.35105,6.645183,0.592854,0.702737,0.482971,7.39807,6.222954,8.573187,0.5883668,0,2.110767,7.201072,6.106522,8.295623,9.864551,10,9.523202,-1,-1,-1,-1,-1,-1,-1,-1,-1,-1,-1,-1,-1,-1,-1,-1,-1,-1,-1,-1,-1,-1,-1,-1,-1,-1,-1,-1,-1,-1,-1,-1,-1,-1,-1,-1,-1,-1,-1,-1,-1,-1,-1,-1,-1,-1,-1,-1,-1,-1,0,0,0,0,0,0,-1,-1,-1,-1,-1,-1,-1,-1,-1,-1,-1,-1,0,0,0,0,0,0,-1,-1,-1,-1,-1,-1,-1,-1,-1,-1,-1,-1,-1,-1,False,False,0,0,False,207,0,0,0,0,0,0,0,0,0,0,0,0,0,0,0,1,
0,4798,2026-02-23 13:17:29Z,LLM_Empathetic,6.929872,7.222238,6.637505,0.6149056,0,1.603917,0,0,0,0,0,0,5.498108,4.351049,6.645176,0.592854,0.702737,0.482971,7.398069,6.222955,8.573183,0.5883698,0,2.11077,7.201067,6.106519,8.295616,9.86454,10,9.52319,6.929872,7.222238,6.637505,0.6149056,0,1.603917,0,0,0,0,0,0,5.498108,4.351049,6.645176,0.592854,0.702737,0.482971,7.398069,6.222955,8.573183,0.5883698,0,2.11077,7.201067,6.106519,8.295616,9.86454,10,9.52319,-1,-1,-1,-1,-1,-1,-1,-1,-1,-1,-1,-1,-1,-1,-1,-1,-1,-1,-1,-1,-1,-1,-1,-1,-1,-1,-1,-1,-1,-1,-1,-1,-1,-1,-1,-1,-1,-1,-1,-1,-1,-1,-1,-1,-1,-1,-1,-1,-1,-1,0,0,0,0,0,0,-1,-1,-1,-1,-1,-1,-1,-1,-1,-1,-1,-1,0,0,0,0,0,0,-1,-1,-1,-1,-1,-1,-1,-1,-1,-1,-1,-1,-1,-1,False,False,0,0,False,209,0,0,0,0,0,0,0,0,0,0,0,0,0,0,0,1,
0,4799,2026-02-23 13:17:30Z,LLM_Empathetic,6.929872,7.222238,6.637505,0.6149056,0,1.603917,0,0,0,0,0,0,5.498108,4.351049,6.645176,0.592854,0.702737,0.482971,7.398069,6.222955,8.573183,0.5883698,0,2.11077,7.201067,6.106519,8.295616,9.86454,10,9.52319,6.929872,7.222238,6.637505,0.6149056,0,1.603917,0,0,0,0,0,0,5.498108,4.351049,6.645176,0.592854,0.702737,0.482971,7.398069,6.222955,8.573183,0.5883698,0,2.11077,7.201067,6.106519,8.295616,9.86454,10,9.52319,-1,-1,-1,-1,-1,-1,-1,-1,-1,-1,-1,-1,-1,-1,-1,-1,-1,-1,-1,-1,-1,-1,-1,-1,-1,-1,-1,-1,-1,-1,-1,-1,-1,-1,-1,-1,-1,-1,-1,-1,-1,-1,-1,-1,-1,-1,-1,-1,-1,-1,0,0,0,0,0,0,-1,-1,-1,-1,-1,-1,-1,-1,-1,-1,-1,-1,0,0,0,0,0,0,-1,-1,-1,-1,-1,-1,-1,-1,-1,-1,-1,-1,-1,-1,False,False,0,0,False,207,0,0,0,0,0,0,0,0,0,0,0,0,0,0,0,1,
0,4800,2026-02-23 13:17:30Z,LLM_Empathetic,6.929869,7.222238,6.6375,0.6149104,0,1.60392,0,0,0,0,0,0,5.498104,4.351048,6.645171,0.592854,0.702737,0.482971,7.398067,6.222956,8.573178,0.5883729,0,2.110773,7.201062,6.106516,8.295609,9.864531,10,9.523176,6.929869,7.222238,6.6375,0.6149104,0,1.60392,0,0,0,0,0,0,5.498104,4.351048,6.645171,0.592854,0.702737,0.482971,7.398067,6.222956,8.573178,0.5883729,0,2.110773,7.201062,6.106516,8.295609,9.864531,10,9.523176,-1,-1,-1,-1,-1,-1,-1,-1,-1,-1,-1,-1,-1,-1,-1,-1,-1,-1,-1,-1,-1,-1,-1,-1,-1,-1,-1,-1,-1,-1,-1,-1,-1,-1,-1,-1,-1,-1,-1,-1,-1,-1,-1,-1,-1,-1,-1,-1,-1,-1,0,0,0,0,0,0,-1,-1,-1,-1,-1,-1,-1,-1,-1,-1,-1,-1,0,0,0,0,0,0,-1,-1,-1,-1,-1,-1,-1,-1,-1,-1,-1,-1,-1,-1,False,False,0,0,False,209,0,0,0,0,0,0,0,0,0,0,0,0,0,0,0,1,
0,4801,2026-02-23 13:17:30Z,LLM_Empathetic,6.929866,7.222237,6.637495,0.6149151,0,1.603922,0,0,0,0,0,0,5.498101,4.351047,6.645164,0.592854,0.702737,0.482971,7.398066,6.222957,8.573174,0.5883759,0,2.110776,7.201057,6.106513,8.295601,9.86452,10,9.523164,6.929866,7.222237,6.637495,0.6149151,0,1.603922,0,0,0,0,0,0,5.498101,4.351047,6.645164,0.592854,0.702737,0.482971,7.398066,6.222957,8.573174,0.5883759,0,2.110776,7.201057,6.106513,8.295601,9.86452,10,9.523164,-1,-1,-1,-1,-1,-1,-1,-1,-1,-1,-1,-1,-1,-1,-1,-1,-1,-1,-1,-1,-1,-1,-1,-1,-1,-1,-1,-1,-1,-1,-1,-1,-1,-1,-1,-1,-1,-1,-1,-1,-1,-1,-1,-1,-1,-1,-1,-1,-1,-1,0,0,0,0,0,0,-1,-1,-1,-1,-1,-1,-1,-1,-1,-1,-1,-1,0,0,0,0,0,0,-1,-1,-1,-1,-1,-1,-1,-1,-1,-1,-1,-1,-1,-1,False,False,0,0,False,209,0,0,0,0,0,0,0,0,0,0,0,0,0,0,0,1,
0,4802,2026-02-23 13:17:30Z,LLM_Empathetic,6.929863,7.222237,6.63749,0.6149199,0,1.603925,0,0,0,0,0,0,5.498097,4.351046,6.645158,0.592854,0.702737,0.482971,7.398064,6.222958,8.573171,0.588379,0,2.110779,7.201052,6.106511,8.295594,9.864511,10,9.523151,6.929863,7.222237,6.63749,0.6149199,0,1.603925,0,0,0,0,0,0,5.498097,4.351046,6.645158,0.592854,0.702737,0.482971,7.398064,6.222958,8.573171,0.588379,0,2.110779,7.201052,6.106511,8.295594,9.864511,10,9.523151,-1,-1,-1,-1,-1,-1,-1,-1,-1,-1,-1,-1,-1,-1,-1,-1,-1,-1,-1,-1,-1,-1,-1,-1,-1,-1,-1,-1,-1,-1,-1,-1,-1,-1,-1,-1,-1,-1,-1,-1,-1,-1,-1,-1,-1,-1,-1,-1,-1,-1,0,0,0,0,0,0,-1,-1,-1,-1,-1,-1,-1,-1,-1,-1,-1,-1,0,0,0,0,0,0,-1,-1,-1,-1,-1,-1,-1,-1,-1,-1,-1,-1,-1,-1,False,False,0,0,False,207,0,0,0,0,0,0,0,0,0,0,0,0,0,0,0,1,
0,4803,2026-02-23 13:17:30Z,LLM_Empathetic,6.929863,7.222237,6.63749,0.6149199,0,1.603925,0,0,0,0,0,0,5.498097,4.351046,6.645158,0.592854,0.702737,0.482971,7.398064,6.222958,8.573171,0.588379,0,2.110779,7.201052,6.106511,8.295594,9.864511,10,9.523151,6.929863,7.222237,6.63749,0.6149199,0,1.603925,0,0,0,0,0,0,5.498097,4.351046,6.645158,0.592854,0.702737,0.482971,7.398064,6.222958,8.573171,0.588379,0,2.110779,7.201052,6.106511,8.295594,9.864511,10,9.523151,-1,-1,-1,-1,-1,-1,-1,-1,-1,-1,-1,-1,-1,-1,-1,-1,-1,-1,-1,-1,-1,-1,-1,-1,-1,-1,-1,-1,-1,-1,-1,-1,-1,-1,-1,-1,-1,-1,-1,-1,-1,-1,-1,-1,-1,-1,-1,-1,-1,-1,0,0,0,0,0,0,-1,-1,-1,-1,-1,-1,-1,-1,-1,-1,-1,-1,0,0,0,0,0,0,-1,-1,-1,-1,-1,-1,-1,-1,-1,-1,-1,-1,-1,-1,False,False,0,0,False,207,0,0,0,0,0,0,0,0,0,0,0,0,0,0,0,1,
0,4804,2026-02-23 13:17:30Z,LLM_Empathetic,6.929861,7.222236,6.637485,0.6149247,0,1.603928,0,0,0,0,0,0,5.498093,4.351045,6.645153,0.592854,0.702737,0.482971,7.398062,6.222959,8.573166,0.5883821,0,2.110782,7.201047,6.106508,8.295587,9.8645,10,9.523139,6.929861,7.222236,6.637485,0.6149247,0,1.603928,0,0,0,0,0,0,5.498093,4.351045,6.645153,0.592854,0.702737,0.482971,7.398062,6.222959,8.573166,0.5883821,0,2.110782,7.201047,6.106508,8.295587,9.8645,10,9.523139,-1,-1,-1,-1,-1,-1,-1,-1,-1,-1,-1,-1,-1,-1,-1,-1,-1,-1,-1,-1,-1,-1,-1,-1,-1,-1,-1,-1,-1,-1,-1,-1,-1,-1,-1,-1,-1,-1,-1,-1,-1,-1,-1,-1,-1,-1,-1,-1,-1,-1,0,0,0,0,0,0,-1,-1,-1,-1,-1,-1,-1,-1,-1,-1,-1,-1,0,0,0,0,0,0,-1,-1,-1,-1,-1,-1,-1,-1,-1,-1,-1,-1,-1,-1,False,False,0,0,False,209,0,0,0,0,0,0,0,0,0,0,0,0,0,0,0,1,
0,4805,2026-02-23 13:17:30Z,LLM_Empathetic,6.929858,7.222236,6.63748,0.6149294,0,1.60393,0,0,0,0,0,0,5.49809,4.351043,6.645146,0.592854,0.702737,0.482971,7.39806,6.222959,8.573162,0.5883851,0,2.110785,7.201042,6.106505,8.295579,9.864491,10,9.523127,6.929858,7.222236,6.63748,0.6149294,0,1.60393,0,0,0,0,0,0,5.49809,4.351043,6.645146,0.592854,0.702737,0.482971,7.39806,6.222959,8.573162,0.5883851,0,2.110785,7.201042,6.106505,8.295579,9.864491,10,9.523127,-1,-1,-1,-1,-1,-1,-1,-1,-1,-1,-1,-1,-1,-1,-1,-1,-1,-1,-1,-1,-1,-1,-1,-1,-1,-1,-1,-1,-1,-1,-1,-1,-1,-1,-1,-1,-1,-1,-1,-1,-1,-1,-1,-1,-1,-1,-1,-1,-1,-1,0,0,0,0,0,0,-1,-1,-1,-1,-1,-1,-1,-1,-1,-1,-1,-1,0,0,0,0,0,0,-1,-1,-1,-1,-1,-1,-1,-1,-1,-1,-1,-1,-1,-1,False,False,0,0,False,207,0,0,0,0,0,0,0,0,0,0,0,0,0,0,0,1,
0,4806,2026-02-23 13:17:30Z,LLM_Empathetic,6.929855,7.222235,6.637475,0.6149342,0,1.603933,0,0,0,0,0,0,5.498086,4.351042,6.64514,0.592854,0.702737,0.482971,7.398059,6.22296,8.573158,0.5883881,0,2.110789,7.201037,6.106503,8.295572,9.86448,10,9.523113,6.929855,7.222235,6.637475,0.6149342,0,1.603933,0,0,0,0,0,0,5.498086,4.351042,6.64514,0.592854,0.702737,0.482971,7.398059,6.22296,8.573158,0.5883881,0,2.110789,7.201037,6.106503,8.295572,9.86448,10,9.523113,-1,-1,-1,-1,-1,-1,-1,-1,-1,-1,-1,-1,-1,-1,-1,-1,-1,-1,-1,-1,-1,-1,-1,-1,-1,-1,-1,-1,-1,-1,-1,-1,-1,-1,-1,-1,-1,-1,-1,-1,-1,-1,-1,-1,-1,-1,-1,-1,-1,-1,0,0,0,0,0,0,-1,-1,-1,-1,-1,-1,-1,-1,-1,-1,-1,-1,0,0,0,0,0,0,-1,-1,-1,-1,-1,-1,-1,-1,-1,-1,-1,-1,-1,-1,False,False,0,0,False,207,0,0,0,0,0,0,0,0,0,0,0,0,0,0,0,1,
0,4807,2026-02-23 13:17:30Z,LLM_Empathetic,6.929852,7.222235,6.637469,0.614939,0,1.603936,0,0,0,0,0,0,5.498083,4.351041,6.645134,0.592854,0.702737,0.482971,7.398057,6.222961,8.573153,0.5883912,0,2.110792,7.201032,6.1065,8.295565,9.86447,10,9.523101,6.929852,7.222235,6.637469,0.614939,0,1.603936,0,0,0,0,0,0,5.498083,4.351041,6.645134,0.592854,0.702737,0.482971,7.398057,6.222961,8.573153,0.5883912,0,2.110792,7.201032,6.1065,8.295565,9.86447,10,9.523101,-1,-1,-1,-1,-1,-1,-1,-1,-1,-1,-1,-1,-1,-1,-1,-1,-1,-1,-1,-1,-1,-1,-1,-1,-1,-1,-1,-1,-1,-1,-1,-1,-1,-1,-1,-1,-1,-1,-1,-1,-1,-1,-1,-1,-1,-1,-1,-1,-1,-1,0,0,0,0,0,0,-1,-1,-1,-1,-1,-1,-1,-1,-1,-1,-1,-1,0,0,0,0,0,0,-1,-1,-1,-1,-1,-1,-1,-1,-1,-1,-1,-1,-1,-1,False,False,0,0,False,209,0,0,0,0,0,0,0,0,0,0,0,0,0,0,0,1,
0,4808,2026-02-23 13:17:30Z,LLM_Empathetic,6.929849,7.222234,6.637465,0.6149438,0,1.603938,0,0,0,0,0,0,5.498079,4.35104,6.645128,0.592854,0.702737,0.482971,7.398056,6.222962,8.57315,0.5883943,0,2.110795,7.201027,6.106497,8.295557,9.86446,10,9.523088,6.929849,7.222234,6.637465,0.6149438,0,1.603938,0,0,0,0,0,0,5.498079,4.35104,6.645128,0.592854,0.702737,0.482971,7.398056,6.222962,8.57315,0.5883943,0,2.110795,7.201027,6.106497,8.295557,9.86446,10,9.523088,-1,-1,-1,-1,-1,-1,-1,-1,-1,-1,-1,-1,-1,-1,-1,-1,-1,-1,-1,-1,-1,-1,-1,-1,-1,-1,-1,-1,-1,-1,-1,-1,-1,-1,-1,-1,-1,-1,-1,-1,-1,-1,-1,-1,-1,-1,-1,-1,-1,-1,0,0,0,0,0,0,-1,-1,-1,-1,-1,-1,-1,-1,-1,-1,-1,-1,0,0,0,0,0,0,-1,-1,-1,-1,-1,-1,-1,-1,-1,-1,-1,-1,-1,-1,False,False,0,0,False,207,0,0,0,0,0,0,0,0,0,0,0,0,0,0,0,1,
0,4809,2026-02-23 13:17:30Z,LLM_Empathetic,6.929846,7.222233,6.637459,0.6149486,0,1.603941,0,0,0,0,0,0,5.498075,4.351038,6.645122,0.592854,0.702737,0.482971,7.398054,6.222962,8.573146,0.5883974,0,2.110798,7.201022,6.106494,8.29555,9.86445,10,9.523076,6.929846,7.222233,6.637459,0.6149486,0,1.603941,0,0,0,0,0,0,5.498075,4.351038,6.645122,0.592854,0.702737,0.482971,7.398054,6.222962,8.573146,0.5883974,0,2.110798,7.201022,6.106494,8.29555,9.86445,10,9.523076,-1,-1,-1,-1,-1,-1,-1,-1,-1,-1,-1,-1,-1,-1,-1,-1,-1,-1,-1,-1,-1,-1,-1,-1,-1,-1,-1,-1,-1,-1,-1,-1,-1,-1,-1,-1,-1,-1,-1,-1,-1,-1,-1,-1,-1,-1,-1,-1,-1,-1,0,0,0,0,0,0,-1,-1,-1,-1,-1,-1,-1,-1,-1,-1,-1,-1,0,0,0,0,0,0,-1,-1,-1,-1,-1,-1,-1,-1,-1,-1,-1,-1,-1,-1,False,False,0,0,False,207,0,0,0,0,0,0,0,0,0,0,0,0,0,0,0,1,
0,4810,2026-02-23 13:17:30Z,LLM_Empathetic,6.929843,7.222233,6.637454,0.6149533,0,1.603944,0,0,0,0,0,0,5.498072,4.351038,6.645116,0.592854,0.702737,0.482971,7.398052,6.222963,8.573141,0.5884004,0,2.110801,7.201016,6.106492,8.295543,9.86444,10,9.523064,6.929843,7.222233,6.637454,0.6149533,0,1.603944,0,0,0,0,0,0,5.498072,4.351038,6.645116,0.592854,0.702737,0.482971,7.398052,6.222963,8.573141,0.5884004,0,2.110801,7.201016,6.106492,8.295543,9.86444,10,9.523064,-1,-1,-1,-1,-1,-1,-1,-1,-1,-1,-1,-1,-1,-1,-1,-1,-1,-1,-1,-1,-1,-1,-1,-1,-1,-1,-1,-1,-1,-1,-1,-1,-1,-1,-1,-1,-1,-1,-1,-1,-1,-1,-1,-1,-1,-1,-1,-1,-1,-1,0,0,0,0,0,0,-1,-1,-1,-1,-1,-1,-1,-1,-1,-1,-1,-1,0,0,0,0,0,0,-1,-1,-1,-1,-1,-1,-1,-1,-1,-1,-1,-1,-1,-1,False,False,0,0,False,207,0,0,0,0,0,0,0,0,0,0,0,0,0,0,0,1,
0,4811,2026-02-23 13:17:30Z,LLM_Empathetic,6.929841,7.222232,6.637449,0.6149582,0,1.603946,0,0,0,0,0,0,5.498068,4.351036,6.64511,0.592854,0.702737,0.482971,7.39805,6.222964,8.573137,0.5884035,0,2.110804,7.201012,6.106489,8.295535,9.864429,10,9.52305,6.929841,7.222232,6.637449,0.6149582,0,1.603946,0,0,0,0,0,0,5.498068,4.351036,6.64511,0.592854,0.702737,0.482971,7.39805,6.222964,8.573137,0.5884035,0,2.110804,7.201012,6.106489,8.295535,9.864429,10,9.52305,-1,-1,-1,-1,-1,-1,-1,-1,-1,-1,-1,-1,-1,-1,-1,-1,-1,-1,-1,-1,-1,-1,-1,-1,-1,-1,-1,-1,-1,-1,-1,-1,-1,-1,-1,-1,-1,-1,-1,-1,-1,-1,-1,-1,-1,-1,-1,-1,-1,-1,0,0,0,0,0,0,-1,-1,-1,-1,-1,-1,-1,-1,-1,-1,-1,-1,0,0,0,0,0,0,-1,-1,-1,-1,-1,-1,-1,-1,-1,-1,-1,-1,-1,-1,False,False,0,0,False,209,0,0,0,0,0,0,0,0,0,0,0,0,0,0,0,1,
0,4812,2026-02-23 13:17:30Z,LLM_Empathetic,6.929835,7.222231,6.637439,0.6149678,0,1.603952,0,0,0,0,0,0,5.498061,4.351034,6.645098,0.592854,0.702737,0.482971,7.398047,6.222966,8.573129,0.5884097,0,2.11081,7.201002,6.106483,8.295521,9.864409,10,9.523026,6.929835,7.222231,6.637439,0.6149678,0,1.603952,0,0,0,0,0,0,5.498061,4.351034,6.645098,0.592854,0.702737,0.482971,7.398047,6.222966,8.573129,0.5884097,0,2.11081,7.201002,6.106483,8.295521,9.864409,10,9.523026,-1,-1,-1,-1,-1,-1,-1,-1,-1,-1,-1,-1,-1,-1,-1,-1,-1,-1,-1,-1,-1,-1,-1,-1,-1,-1,-1,-1,-1,-1,-1,-1,-1,-1,-1,-1,-1,-1,-1,-1,-1,-1,-1,-1,-1,-1,-1,-1,-1,-1,0,0,0,0,0,0,-1,-1,-1,-1,-1,-1,-1,-1,-1,-1,-1,-1,0,0,0,0,0,0,-1,-1,-1,-1,-1,-1,-1,-1,-1,-1,-1,-1,-1,-1,False,False,0,0,False,207,0,0,0,0,0,0,0,0,0,0,0,0,0,0,0,1,
0,4813,2026-02-23 13:17:30Z,LLM_Empathetic,6.929832,7.222231,6.637434,0.6149725,0,1.603954,0,0,0,0,0,0,5.498057,4.351032,6.645092,0.592854,0.702737,0.482971,7.398046,6.222967,8.573125,0.5884127,0,2.110813,7.200996,6.106481,8.295513,9.8644,10,9.523013,6.929832,7.222231,6.637434,0.6149725,0,1.603954,0,0,0,0,0,0,5.498057,4.351032,6.645092,0.592854,0.702737,0.482971,7.398046,6.222967,8.573125,0.5884127,0,2.110813,7.200996,6.106481,8.295513,9.8644,10,9.523013,-1,-1,-1,-1,-1,-1,-1,-1,-1,-1,-1,-1,-1,-1,-1,-1,-1,-1,-1,-1,-1,-1,-1,-1,-1,-1,-1,-1,-1,-1,-1,-1,-1,-1,-1,-1,-1,-1,-1,-1,-1,-1,-1,-1,-1,-1,-1,-1,-1,-1,0,0,0,0,0,0,-1,-1,-1,-1,-1,-1,-1,-1,-1,-1,-1,-1,0,0,0,0,0,0,-1,-1,-1,-1,-1,-1,-1,-1,-1,-1,-1,-1,-1,-1,False,False,0,0,False,207,0,0,0,0,0,0,0,0,0,0,0,0,0,0,0,1,
0,4814,2026-02-23 13:17:30Z,LLM_Empathetic,6.92983,7.22223,6.637428,0.6149774,0,1.603957,0,0,0,0,0,0,5.498054,4.351031,6.645086,0.592854,0.702737,0.482971,7.398044,6.222968,8.57312,0.5884158,0,2.110816,7.200992,6.106478,8.295506,9.864389,10,9.523,6.92983,7.22223,6.637428,0.6149774,0,1.603957,0,0,0,0,0,0,5.498054,4.351031,6.645086,0.592854,0.702737,0.482971,7.398044,6.222968,8.57312,0.5884158,0,2.110816,7.200992,6.106478,8.295506,9.864389,10,9.523,-1,-1,-1,-1,-1,-1,-1,-1,-1,-1,-1,-1,-1,-1,-1,-1,-1,-1,-1,-1,-1,-1,-1,-1,-1,-1,-1,-1,-1,-1,-1,-1,-1,-1,-1,-1,-1,-1,-1,-1,-1,-1,-1,-1,-1,-1,-1,-1,-1,-1,0,0,0,0,0,0,-1,-1,-1,-1,-1,-1,-1,-1,-1,-1,-1,-1,0,0,0,0,0,0,-1,-1,-1,-1,-1,-1,-1,-1,-1,-1,-1,-1,-1,-1,False,False,0,0,False,209,0,0,0,0,0,0,0,0,0,0,0,0,0,0,0,1,
0,4815,2026-02-23 13:17:30Z,LLM_Empathetic,6.929827,7.22223,6.637423,0.6149822,0,1.60396,0,0,0,0,0,0,5.49805,4.35103,6.64508,0.592854,0.702737,0.482971,7.398042,6.222969,8.573116,0.5884189,0,2.110819,7.200986,6.106475,8.295499,9.86438,10,9.522987,6.929827,7.22223,6.637423,0.6149822,0,1.60396,0,0,0,0,0,0,5.49805,4.35103,6.64508,0.592854,0.702737,0.482971,7.398042,6.222969,8.573116,0.5884189,0,2.110819,7.200986,6.106475,8.295499,9.86438,10,9.522987,-1,-1,-1,-1,-1,-1,-1,-1,-1,-1,-1,-1,-1,-1,-1,-1,-1,-1,-1,-1,-1,-1,-1,-1,-1,-1,-1,-1,-1,-1,-1,-1,-1,-1,-1,-1,-1,-1,-1,-1,-1,-1,-1,-1,-1,-1,-1,-1,-1,-1,0,0,0,0,0,0,-1,-1,-1,-1,-1,-1,-1,-1,-1,-1,-1,-1,0,0,0,0,0,0,-1,-1,-1,-1,-1,-1,-1,-1,-1,-1,-1,-1,-1,-1,False,False,0,0,False,207,0,0,0,0,0,0,0,0,0,0,0,0,0,0,0,1,
0,4816,2026-02-23 13:17:30Z,LLM_Empathetic,6.929824,7.222229,6.637418,0.614987,0,1.603962,0,0,0,0,0,0,5.498046,4.351029,6.645074,0.592854,0.702737,0.482971,7.398041,6.22297,8.573112,0.5884219,0,2.110822,7.200981,6.106472,8.295491,9.864369,10,9.522975,6.929824,7.222229,6.637418,0.614987,0,1.603962,0,0,0,0,0,0,5.498046,4.351029,6.645074,0.592854,0.702737,0.482971,7.398041,6.22297,8.573112,0.5884219,0,2.110822,7.200981,6.106472,8.295491,9.864369,10,9.522975,-1,-1,-1,-1,-1,-1,-1,-1,-1,-1,-1,-1,-1,-1,-1,-1,-1,-1,-1,-1,-1,-1,-1,-1,-1,-1,-1,-1,-1,-1,-1,-1,-1,-1,-1,-1,-1,-1,-1,-1,-1,-1,-1,-1,-1,-1,-1,-1,-1,-1,0,0,0,0,0,0,-1,-1,-1,-1,-1,-1,-1,-1,-1,-1,-1,-1,0,0,0,0,0,0,-1,-1,-1,-1,-1,-1,-1,-1,-1,-1,-1,-1,-1,-1,False,False,0,0,False,207,0,0,0,0,0,0,0,0,0,0,0,0,0,0,0,1,
0,4817,2026-02-23 13:17:30Z,LLM_Empathetic,6.929821,7.222229,6.637413,0.6149918,0,1.603965,0,0,0,0,0,0,5.498043,4.351027,6.645068,0.592854,0.702737,0.482971,7.398039,6.22297,8.573108,0.588425,0,2.110826,7.200976,6.10647,8.295484,9.864359,10,9.522962,6.929821,7.222229,6.637413,0.6149918,0,1.603965,0,0,0,0,0,0,5.498043,4.351027,6.645068,0.592854,0.702737,0.482971,7.398039,6.22297,8.573108,0.588425,0,2.110826,7.200976,6.10647,8.295484,9.864359,10,9.522962,-1,-1,-1,-1,-1,-1,-1,-1,-1,-1,-1,-1,-1,-1,-1,-1,-1,-1,-1,-1,-1,-1,-1,-1,-1,-1,-1,-1,-1,-1,-1,-1,-1,-1,-1,-1,-1,-1,-1,-1,-1,-1,-1,-1,-1,-1,-1,-1,-1,-1,0,0,0,0,0,0,-1,-1,-1,-1,-1,-1,-1,-1,-1,-1,-1,-1,0,0,0,0,0,0,-1,-1,-1,-1,-1,-1,-1,-1,-1,-1,-1,-1,-1,-1,False,False,0,0,False,207,0,0,0,0,0,0,0,0,0,0,0,0,0,0,0,1,
0,4818,2026-02-23 13:17:30Z,LLM_Empathetic,6.929818,7.222229,6.637408,0.6149966,0,1.603967,0,0,0,0,0,0,5.498039,4.351027,6.645061,0.592854,0.702737,0.482971,7.398037,6.222971,8.573104,0.5884281,0,2.110828,7.200971,6.106467,8.295476,9.864349,10,9.522949,6.929818,7.222229,6.637408,0.6149966,0,1.603967,0,0,0,0,0,0,5.498039,4.351027,6.645061,0.592854,0.702737,0.482971,7.398037,6.222971,8.573104,0.5884281,0,2.110828,7.200971,6.106467,8.295476,9.864349,10,9.522949,-1,-1,-1,-1,-1,-1,-1,-1,-1,-1,-1,-1,-1,-1,-1,-1,-1,-1,-1,-1,-1,-1,-1,-1,-1,-1,-1,-1,-1,-1,-1,-1,-1,-1,-1,-1,-1,-1,-1,-1,-1,-1,-1,-1,-1,-1,-1,-1,-1,-1,0,0,0,0,0,0,-1,-1,-1,-1,-1,-1,-1,-1,-1,-1,-1,-1,0,0,0,0,0,0,-1,-1,-1,-1,-1,-1,-1,-1,-1,-1,-1,-1,-1,-1,False,False,0,0,False,209,0,0,0,0,0,0,0,0,0,0,0,0,0,0,0,1,
0,4819,2026-02-23 13:17:30Z,LLM_Empathetic,6.929815,7.222228,6.637403,0.6150014,0,1.60397,0,0,0,0,0,0,5.498035,4.351025,6.645055,0.592854,0.702737,0.482971,7.398036,6.222972,8.573099,0.5884312,0,2.110831,7.200966,6.106464,8.295469,9.864339,10,9.522937,6.929815,7.222228,6.637403,0.6150014,0,1.60397,0,0,0,0,0,0,5.498035,4.351025,6.645055,0.592854,0.702737,0.482971,7.398036,6.222972,8.573099,0.5884312,0,2.110831,7.200966,6.106464,8.295469,9.864339,10,9.522937,-1,-1,-1,-1,-1,-1,-1,-1,-1,-1,-1,-1,-1,-1,-1,-1,-1,-1,-1,-1,-1,-1,-1,-1,-1,-1,-1,-1,-1,-1,-1,-1,-1,-1,-1,-1,-1,-1,-1,-1,-1,-1,-1,-1,-1,-1,-1,-1,-1,-1,0,0,0,0,0,0,-1,-1,-1,-1,-1,-1,-1,-1,-1,-1,-1,-1,0,0,0,0,0,0,-1,-1,-1,-1,-1,-1,-1,-1,-1,-1,-1,-1,-1,-1,False,False,0,0,False,207,0,0,0,0,0,0,0,0,0,0,0,0,0,0,0,1,
0,4820,2026-02-23 13:17:30Z,LLM_Empathetic,6.929812,7.222228,6.637397,0.6150063,0,1.603973,0,0,0,0,0,0,5.498032,4.351024,6.64505,0.592854,0.702737,0.482971,7.398034,6.222973,8.573095,0.5884343,0,2.110835,7.200961,6.106462,8.295462,9.864329,10,9.522923,6.929812,7.222228,6.637397,0.6150063,0,1.603973,0,0,0,0,0,0,5.498032,4.351024,6.64505,0.592854,0.702737,0.482971,7.398034,6.222973,8.573095,0.5884343,0,2.110835,7.200961,6.106462,8.295462,9.864329,10,9.522923,-1,-1,-1,-1,-1,-1,-1,-1,-1,-1,-1,-1,-1,-1,-1,-1,-1,-1,-1,-1,-1,-1,-1,-1,-1,-1,-1,-1,-1,-1,-1,-1,-1,-1,-1,-1,-1,-1,-1,-1,-1,-1,-1,-1,-1,-1,-1,-1,-1,-1,0,0,0,0,0,0,-1,-1,-1,-1,-1,-1,-1,-1,-1,-1,-1,-1,0,0,0,0,0,0,-1,-1,-1,-1,-1,-1,-1,-1,-1,-1,-1,-1,-1,-1,False,False,0,0,False,207,0,0,0,0,0,0,0,0,0,0,0,0,0,0,0,1,
0,4821,2026-02-23 13:17:30Z,LLM_Empathetic,6.92981,7.222227,6.637393,0.6150111,0,1.603975,0,0,0,0,0,0,5.498028,4.351023,6.645043,0.592854,0.702737,0.482971,7.398032,6.222974,8.573092,0.5884374,0,2.110838,7.200956,6.106459,8.295454,9.864319,10,9.522911,6.92981,7.222227,6.637393,0.6150111,0,1.603975,0,0,0,0,0,0,5.498028,4.351023,6.645043,0.592854,0.702737,0.482971,7.398032,6.222974,8.573092,0.5884374,0,2.110838,7.200956,6.106459,8.295454,9.864319,10,9.522911,-1,-1,-1,-1,-1,-1,-1,-1,-1,-1,-1,-1,-1,-1,-1,-1,-1,-1,-1,-1,-1,-1,-1,-1,-1,-1,-1,-1,-1,-1,-1,-1,-1,-1,-1,-1,-1,-1,-1,-1,-1,-1,-1,-1,-1,-1,-1,-1,-1,-1,0,0,0,0,0,0,-1,-1,-1,-1,-1,-1,-1,-1,-1,-1,-1,-1,0,0,0,0,0,0,-1,-1,-1,-1,-1,-1,-1,-1,-1,-1,-1,-1,-1,-1,False,False,0,0,False,207,0,0,0,0,0,0,0,0,0,0,0,0,0,0,0,1,
0,4822,2026-02-23 13:17:30Z,LLM_Empathetic,6.929804,7.222226,6.637382,0.6150208,0,1.603981,0,0,0,0,0,0,5.498021,4.35102,6.645031,0.592854,0.702737,0.482971,7.398029,6.222975,8.573083,0.5884436,0,2.110844,7.200946,6.106453,8.29544,9.864299,10,9.522885,6.929804,7.222226,6.637382,0.6150208,0,1.603981,0,0,0,0,0,0,5.498021,4.35102,6.645031,0.592854,0.702737,0.482971,7.398029,6.222975,8.573083,0.5884436,0,2.110844,7.200946,6.106453,8.29544,9.864299,10,9.522885,-1,-1,-1,-1,-1,-1,-1,-1,-1,-1,-1,-1,-1,-1,-1,-1,-1,-1,-1,-1,-1,-1,-1,-1,-1,-1,-1,-1,-1,-1,-1,-1,-1,-1,-1,-1,-1,-1,-1,-1,-1,-1,-1,-1,-1,-1,-1,-1,-1,-1,0,0,0,0,0,0,-1,-1,-1,-1,-1,-1,-1,-1,-1,-1,-1,-1,0,0,0,0,0,0,-1,-1,-1,-1,-1,-1,-1,-1,-1,-1,-1,-1,-1,-1,False,False,0,0,False,209,0,0,0,0,0,0,0,0,0,0,0,0,0,0,0,1,
0,4823,2026-02-23 13:17:30Z,LLM_Empathetic,6.929801,7.222225,6.637377,0.6150256,0,1.603983,0,0,0,0,0,0,5.498017,4.351019,6.645025,0.592854,0.702737,0.482971,7.398027,6.222976,8.573079,0.5884467,0,2.110847,7.200941,6.106451,8.295432,9.864288,10,9.522873,6.929801,7.222225,6.637377,0.6150256,0,1.603983,0,0,0,0,0,0,5.498017,4.351019,6.645025,0.592854,0.702737,0.482971,7.398027,6.222976,8.573079,0.5884467,0,2.110847,7.200941,6.106451,8.295432,9.864288,10,9.522873,-1,-1,-1,-1,-1,-1,-1,-1,-1,-1,-1,-1,-1,-1,-1,-1,-1,-1,-1,-1,-1,-1,-1,-1,-1,-1,-1,-1,-1,-1,-1,-1,-1,-1,-1,-1,-1,-1,-1,-1,-1,-1,-1,-1,-1,-1,-1,-1,-1,-1,0,0,0,0,0,0,-1,-1,-1,-1,-1,-1,-1,-1,-1,-1,-1,-1,0,0,0,0,0,0,-1,-1,-1,-1,-1,-1,-1,-1,-1,-1,-1,-1,-1,-1,False,False,0,0,False,207,0,0,0,0,0,0,0,0,0,0,0,0,0,0,0,1,
0,4824,2026-02-23 13:17:30Z,LLM_Empathetic,6.929798,7.222225,6.637372,0.6150304,0,1.603986,0,0,0,0,0,0,5.498013,4.351018,6.645019,0.592854,0.702737,0.482971,7.398026,6.222977,8.573074,0.5884498,0,2.11085,7.200936,6.106448,8.295424,9.864278,10,9.522861,6.929798,7.222225,6.637372,0.6150304,0,1.603986,0,0,0,0,0,0,5.498013,4.351018,6.645019,0.592854,0.702737,0.482971,7.398026,6.222977,8.573074,0.5884498,0,2.11085,7.200936,6.106448,8.295424,9.864278,10,9.522861,-1,-1,-1,-1,-1,-1,-1,-1,-1,-1,-1,-1,-1,-1,-1,-1,-1,-1,-1,-1,-1,-1,-1,-1,-1,-1,-1,-1,-1,-1,-1,-1,-1,-1,-1,-1,-1,-1,-1,-1,-1,-1,-1,-1,-1,-1,-1,-1,-1,-1,0,0,0,0,0,0,-1,-1,-1,-1,-1,-1,-1,-1,-1,-1,-1,-1,0,0,0,0,0,0,-1,-1,-1,-1,-1,-1,-1,-1,-1,-1,-1,-1,-1,-1,False,False,0,0,False,209,0,0,0,0,0,0,0,0,0,0,0,0,0,0,0,1,
0,4825,2026-02-23 13:17:30Z,LLM_Empathetic,6.929795,7.222224,6.637366,0.6150352,0,1.603989,0,0,0,0,0,0,5.49801,4.351017,6.645013,0.592854,0.702737,0.482971,7.398024,6.222978,8.573071,0.5884529,0,2.110853,7.200931,6.106445,8.295417,9.864268,10,9.522847,6.929795,7.222224,6.637366,0.6150352,0,1.603989,0,0,0,0,0,0,5.49801,4.351017,6.645013,0.592854,0.702737,0.482971,7.398024,6.222978,8.573071,0.5884529,0,2.110853,7.200931,6.106445,8.295417,9.864268,10,9.522847,-1,-1,-1,-1,-1,-1,-1,-1,-1,-1,-1,-1,-1,-1,-1,-1,-1,-1,-1,-1,-1,-1,-1,-1,-1,-1,-1,-1,-1,-1,-1,-1,-1,-1,-1,-1,-1,-1,-1,-1,-1,-1,-1,-1,-1,-1,-1,-1,-1,-1,0,0,0,0,0,0,-1,-1,-1,-1,-1,-1,-1,-1,-1,-1,-1,-1,0,0,0,0,0,0,-1,-1,-1,-1,-1,-1,-1,-1,-1,-1,-1,-1,-1,-1,False,False,0,0,False,209,0,0,0,0,0,0,0,0,0,0,0,0,0,0,0,1,
0,4826,2026-02-23 13:17:30Z,LLM_Empathetic,6.929792,7.222224,6.637361,0.6150401,0,1.603992,0,0,0,0,0,0,5.498006,4.351016,6.645007,0.592854,0.702737,0.482971,7.398022,6.222979,8.573066,0.588456,0,2.110856,7.200925,6.106442,8.29541,9.864258,10,9.522835,6.929792,7.222224,6.637361,0.6150401,0,1.603992,0,0,0,0,0,0,5.498006,4.351016,6.645007,0.592854,0.702737,0.482971,7.398022,6.222979,8.573066,0.588456,0,2.110856,7.200925,6.106442,8.29541,9.864258,10,9.522835,-1,-1,-1,-1,-1,-1,-1,-1,-1,-1,-1,-1,-1,-1,-1,-1,-1,-1,-1,-1,-1,-1,-1,-1,-1,-1,-1,-1,-1,-1,-1,-1,-1,-1,-1,-1,-1,-1,-1,-1,-1,-1,-1,-1,-1,-1,-1,-1,-1,-1,0,0,0,0,0,0,-1,-1,-1,-1,-1,-1,-1,-1,-1,-1,-1,-1,0,0,0,0,0,0,-1,-1,-1,-1,-1,-1,-1,-1,-1,-1,-1,-1,-1,-1,False,False,0,0,False,209,0,0,0,0,0,0,0,0,0,0,0,0,0,0,0,1,
0,4827,2026-02-23 13:17:30Z,LLM_Empathetic,6.92979,7.222223,6.637356,0.615045,0,1.603994,0,0,0,0,0,0,5.498002,4.351014,6.645,0.592854,0.702737,0.482971,7.398021,6.22298,8.573062,0.5884591,0,2.110859,7.200921,6.10644,8.295403,9.864248,10,9.522822,6.92979,7.222223,6.637356,0.615045,0,1.603994,0,0,0,0,0,0,5.498002,4.351014,6.645,0.592854,0.702737,0.482971,7.398021,6.22298,8.573062,0.5884591,0,2.110859,7.200921,6.10644,8.295403,9.864248,10,9.522822,-1,-1,-1,-1,-1,-1,-1,-1,-1,-1,-1,-1,-1,-1,-1,-1,-1,-1,-1,-1,-1,-1,-1,-1,-1,-1,-1,-1,-1,-1,-1,-1,-1,-1,-1,-1,-1,-1,-1,-1,-1,-1,-1,-1,-1,-1,-1,-1,-1,-1,0,0,0,0,0,0,-1,-1,-1,-1,-1,-1,-1,-1,-1,-1,-1,-1,0,0,0,0,0,0,-1,-1,-1,-1,-1,-1,-1,-1,-1,-1,-1,-1,-1,-1,False,False,0,0,False,209,0,0,0,0,0,0,0,0,0,0,0,0,0,0,0,1,
0,4828,2026-02-23 13:17:30Z,LLM_Empathetic,6.92979,7.222223,6.637356,0.615045,0,1.603994,0,0,0,0,0,0,5.498002,4.351014,6.645,0.592854,0.702737,0.482971,7.398021,6.22298,8.573062,0.5884591,0,2.110859,7.200921,6.10644,8.295403,9.864248,10,9.522822,6.92979,7.222223,6.637356,0.615045,0,1.603994,0,0,0,0,0,0,5.498002,4.351014,6.645,0.592854,0.702737,0.482971,7.398021,6.22298,8.573062,0.5884591,0,2.110859,7.200921,6.10644,8.295403,9.864248,10,9.522822,-1,-1,-1,-1,-1,-1,-1,-1,-1,-1,-1,-1,-1,-1,-1,-1,-1,-1,-1,-1,-1,-1,-1,-1,-1,-1,-1,-1,-1,-1,-1,-1,-1,-1,-1,-1,-1,-1,-1,-1,-1,-1,-1,-1,-1,-1,-1,-1,-1,-1,0,0,0,0,0,0,-1,-1,-1,-1,-1,-1,-1,-1,-1,-1,-1,-1,0,0,0,0,0,0,-1,-1,-1,-1,-1,-1,-1,-1,-1,-1,-1,-1,-1,-1,False,False,0,0,False,209,0,0,0,0,0,0,0,0,0,0,0,0,0,0,0,1,
0,4829,2026-02-23 13:17:31Z,LLM_Empathetic,6.929787,7.222223,6.637351,0.6150498,0,1.603997,0,0,0,0,0,0,5.497999,4.351013,6.644994,0.592854,0.702737,0.482971,7.398019,6.22298,8.573057,0.5884622,0,2.110862,7.200915,6.106437,8.295395,9.864238,10,9.522809,6.929787,7.222223,6.637351,0.6150498,0,1.603997,0,0,0,0,0,0,5.497999,4.351013,6.644994,0.592854,0.702737,0.482971,7.398019,6.22298,8.573057,0.5884622,0,2.110862,7.200915,6.106437,8.295395,9.864238,10,9.522809,-1,-1,-1,-1,-1,-1,-1,-1,-1,-1,-1,-1,-1,-1,-1,-1,-1,-1,-1,-1,-1,-1,-1,-1,-1,-1,-1,-1,-1,-1,-1,-1,-1,-1,-1,-1,-1,-1,-1,-1,-1,-1,-1,-1,-1,-1,-1,-1,-1,-1,0,0,0,0,0,0,-1,-1,-1,-1,-1,-1,-1,-1,-1,-1,-1,-1,0,0,0,0,0,0,-1,-1,-1,-1,-1,-1,-1,-1,-1,-1,-1,-1,-1,-1,False,False,0,0,False,209,0,0,0,0,0,0,0,0,0,0,0,0,0,0,0,1,
0,4830,2026-02-23 13:17:31Z,LLM_Empathetic,6.929784,7.222222,6.637346,0.6150546,0,1.603999,0,0,0,0,0,0,5.497995,4.351012,6.644988,0.592854,0.702737,0.482971,7.398017,6.222981,8.573053,0.5884653,0,2.110866,7.20091,6.106434,8.295387,9.864227,10,9.522797,6.929784,7.222222,6.637346,0.6150546,0,1.603999,0,0,0,0,0,0,5.497995,4.351012,6.644988,0.592854,0.702737,0.482971,7.398017,6.222981,8.573053,0.5884653,0,2.110866,7.20091,6.106434,8.295387,9.864227,10,9.522797,-1,-1,-1,-1,-1,-1,-1,-1,-1,-1,-1,-1,-1,-1,-1,-1,-1,-1,-1,-1,-1,-1,-1,-1,-1,-1,-1,-1,-1,-1,-1,-1,-1,-1,-1,-1,-1,-1,-1,-1,-1,-1,-1,-1,-1,-1,-1,-1,-1,-1,0,0,0,0,0,0,-1,-1,-1,-1,-1,-1,-1,-1,-1,-1,-1,-1,0,0,0,0,0,0,-1,-1,-1,-1,-1,-1,-1,-1,-1,-1,-1,-1,-1,-1,False,False,0,0,False,209,0,0,0,0,0,0,0,0,0,0,0,0,0,0,0,1,
0,4831,2026-02-23 13:17:31Z,LLM_Empathetic,6.929781,7.222222,6.637341,0.6150595,0,1.604002,0,0,0,0,0,0,5.497991,4.351011,6.644982,0.592854,0.702737,0.482971,7.398015,6.222982,8.57305,0.5884684,0,2.110869,7.200905,6.106431,8.29538,9.864218,10,9.522783,6.929781,7.222222,6.637341,0.6150595,0,1.604002,0,0,0,0,0,0,5.497991,4.351011,6.644982,0.592854,0.702737,0.482971,7.398015,6.222982,8.57305,0.5884684,0,2.110869,7.200905,6.106431,8.29538,9.864218,10,9.522783,-1,-1,-1,-1,-1,-1,-1,-1,-1,-1,-1,-1,-1,-1,-1,-1,-1,-1,-1,-1,-1,-1,-1,-1,-1,-1,-1,-1,-1,-1,-1,-1,-1,-1,-1,-1,-1,-1,-1,-1,-1,-1,-1,-1,-1,-1,-1,-1,-1,-1,0,0,0,0,0,0,-1,-1,-1,-1,-1,-1,-1,-1,-1,-1,-1,-1,0,0,0,0,0,0,-1,-1,-1,-1,-1,-1,-1,-1,-1,-1,-1,-1,-1,-1,False,False,0,0,False,207,0,0,0,0,0,0,0,0,0,0,0,0,0,0,0,1,
0,4832,2026-02-23 13:17:31Z,LLM_Empathetic,6.929778,7.222221,6.637335,0.6150643,0,1.604005,0,0,0,0,0,0,5.497988,4.351009,6.644976,0.592854,0.702737,0.482971,7.398014,6.222983,8.573045,0.5884715,0,2.110872,7.2009,6.106428,8.295373,9.864207,10,9.522771,6.929778,7.222221,6.637335,0.6150643,0,1.604005,0,0,0,0,0,0,5.497988,4.351009,6.644976,0.592854,0.702737,0.482971,7.398014,6.222983,8.573045,0.5884715,0,2.110872,7.2009,6.106428,8.295373,9.864207,10,9.522771,-1,-1,-1,-1,-1,-1,-1,-1,-1,-1,-1,-1,-1,-1,-1,-1,-1,-1,-1,-1,-1,-1,-1,-1,-1,-1,-1,-1,-1,-1,-1,-1,-1,-1,-1,-1,-1,-1,-1,-1,-1,-1,-1,-1,-1,-1,-1,-1,-1,-1,0,0,0,0,0,0,-1,-1,-1,-1,-1,-1,-1,-1,-1,-1,-1,-1,0,0,0,0,0,0,-1,-1,-1,-1,-1,-1,-1,-1,-1,-1,-1,-1,-1,-1,False,False,0,0,False,209,0,0,0,0,0,0,0,0,0,0,0,0,0,0,0,1,
0,4833,2026-02-23 13:17:31Z,LLM_Empathetic,6.929775,7.22222,6.63733,0.6150692,0,1.604007,0,0,0,0,0,0,5.497984,4.351008,6.64497,0.592854,0.702737,0.482971,7.398012,6.222984,8.573041,0.5884746,0,2.110875,7.200895,6.106426,8.295365,9.864197,10,9.522758,6.929775,7.22222,6.63733,0.6150692,0,1.604007,0,0,0,0,0,0,5.497984,4.351008,6.64497,0.592854,0.702737,0.482971,7.398012,6.222984,8.573041,0.5884746,0,2.110875,7.200895,6.106426,8.295365,9.864197,10,9.522758,-1,-1,-1,-1,-1,-1,-1,-1,-1,-1,-1,-1,-1,-1,-1,-1,-1,-1,-1,-1,-1,-1,-1,-1,-1,-1,-1,-1,-1,-1,-1,-1,-1,-1,-1,-1,-1,-1,-1,-1,-1,-1,-1,-1,-1,-1,-1,-1,-1,-1,0,0,0,0,0,0,-1,-1,-1,-1,-1,-1,-1,-1,-1,-1,-1,-1,0,0,0,0,0,0,-1,-1,-1,-1,-1,-1,-1,-1,-1,-1,-1,-1,-1,-1,False,False,0,0,False,207,0,0,0,0,0,0,0,0,0,0,0,0,0,0,0,1,
0,4834,2026-02-23 13:17:31Z,LLM_Empathetic,6.929772,7.22222,6.637325,0.615074,0,1.60401,0,0,0,0,0,0,5.49798,4.351007,6.644964,0.592854,0.702737,0.482971,7.398011,6.222985,8.573036,0.5884777,0,2.110878,7.20089,6.106423,8.295358,9.864186,10,9.522745,6.929772,7.22222,6.637325,0.615074,0,1.60401,0,0,0,0,0,0,5.49798,4.351007,6.644964,0.592854,0.702737,0.482971,7.398011,6.222985,8.573036,0.5884777,0,2.110878,7.20089,6.106423,8.295358,9.864186,10,9.522745,-1,-1,-1,-1,-1,-1,-1,-1,-1,-1,-1,-1,-1,-1,-1,-1,-1,-1,-1,-1,-1,-1,-1,-1,-1,-1,-1,-1,-1,-1,-1,-1,-1,-1,-1,-1,-1,-1,-1,-1,-1,-1,-1,-1,-1,-1,-1,-1,-1,-1,0,0,0,0,0,0,-1,-1,-1,-1,-1,-1,-1,-1,-1,-1,-1,-1,0,0,0,0,0,0,-1,-1,-1,-1,-1,-1,-1,-1,-1,-1,-1,-1,-1,-1,False,False,0,0,False,209,0,0,0,0,0,0,0,0,0,0,0,0,0,0,0,1,
0,4835,2026-02-23 13:17:31Z,LLM_Empathetic,6.92977,7.222219,6.63732,0.6150789,0,1.604013,0,0,0,0,0,0,5.497977,4.351006,6.644958,0.592854,0.702737,0.482971,7.398009,6.222986,8.573032,0.5884808,0,2.110881,7.200885,6.10642,8.29535,9.864177,10,9.522733,6.92977,7.222219,6.63732,0.6150789,0,1.604013,0,0,0,0,0,0,5.497977,4.351006,6.644958,0.592854,0.702737,0.482971,7.398009,6.222986,8.573032,0.5884808,0,2.110881,7.200885,6.10642,8.29535,9.864177,10,9.522733,-1,-1,-1,-1,-1,-1,-1,-1,-1,-1,-1,-1,-1,-1,-1,-1,-1,-1,-1,-1,-1,-1,-1,-1,-1,-1,-1,-1,-1,-1,-1,-1,-1,-1,-1,-1,-1,-1,-1,-1,-1,-1,-1,-1,-1,-1,-1,-1,-1,-1,0,0,0,0,0,0,-1,-1,-1,-1,-1,-1,-1,-1,-1,-1,-1,-1,0,0,0,0,0,0,-1,-1,-1,-1,-1,-1,-1,-1,-1,-1,-1,-1,-1,-1,False,False,0,0,False,207,0,0,0,0,0,0,0,0,0,0,0,0,0,0,0,1,
0,4836,2026-02-23 13:17:31Z,LLM_Empathetic,6.929767,7.222219,6.637314,0.6150838,0,1.604016,0,0,0,0,0,0,5.497973,4.351005,6.644951,0.592854,0.702737,0.482971,7.398007,6.222987,8.573029,0.588484,0,2.110884,7.20088,6.106417,8.295342,9.864166,10,9.522719,6.929767,7.222219,6.637314,0.6150838,0,1.604016,0,0,0,0,0,0,5.497973,4.351005,6.644951,0.592854,0.702737,0.482971,7.398007,6.222987,8.573029,0.588484,0,2.110884,7.20088,6.106417,8.295342,9.864166,10,9.522719,-1,-1,-1,-1,-1,-1,-1,-1,-1,-1,-1,-1,-1,-1,-1,-1,-1,-1,-1,-1,-1,-1,-1,-1,-1,-1,-1,-1,-1,-1,-1,-1,-1,-1,-1,-1,-1,-1,-1,-1,-1,-1,-1,-1,-1,-1,-1,-1,-1,-1,0,0,0,0,0,0,-1,-1,-1,-1,-1,-1,-1,-1,-1,-1,-1,-1,0,0,0,0,0,0,-1,-1,-1,-1,-1,-1,-1,-1,-1,-1,-1,-1,-1,-1,False,False,0,0,False,207,0,0,0,0,0,0,0,0,0,0,0,0,0,0,0,1,
0,4837,2026-02-23 13:17:31Z,LLM_Empathetic,6.929764,7.222219,6.637309,0.6150886,0,1.604018,0,0,0,0,0,0,5.497969,4.351004,6.644945,0.592854,0.702737,0.482971,7.398005,6.222988,8.573024,0.5884871,0,2.110888,7.200874,6.106414,8.295336,9.864156,10,9.522707,6.929764,7.222219,6.637309,0.6150886,0,1.604018,0,0,0,0,0,0,5.497969,4.351004,6.644945,0.592854,0.702737,0.482971,7.398005,6.222988,8.573024,0.5884871,0,2.110888,7.200874,6.106414,8.295336,9.864156,10,9.522707,-1,-1,-1,-1,-1,-1,-1,-1,-1,-1,-1,-1,-1,-1,-1,-1,-1,-1,-1,-1,-1,-1,-1,-1,-1,-1,-1,-1,-1,-1,-1,-1,-1,-1,-1,-1,-1,-1,-1,-1,-1,-1,-1,-1,-1,-1,-1,-1,-1,-1,0,0,0,0,0,0,-1,-1,-1,-1,-1,-1,-1,-1,-1,-1,-1,-1,0,0,0,0,0,0,-1,-1,-1,-1,-1,-1,-1,-1,-1,-1,-1,-1,-1,-1,False,False,0,0,False,207,0,0,0,0,0,0,0,0,0,0,0,0,0,0,0,1,
0,4838,2026-02-23 13:17:31Z,LLM_Empathetic,6.929761,7.222218,6.637304,0.6150935,0,1.604021,0,0,0,0,0,0,5.497965,4.351002,6.644939,0.592854,0.702737,0.482971,7.398004,6.222988,8.57302,0.5884902,0,2.110891,7.20087,6.106412,8.295328,9.864146,10,9.522694,6.929761,7.222218,6.637304,0.6150935,0,1.604021,0,0,0,0,0,0,5.497965,4.351002,6.644939,0.592854,0.702737,0.482971,7.398004,6.222988,8.57302,0.5884902,0,2.110891,7.20087,6.106412,8.295328,9.864146,10,9.522694,-1,-1,-1,-1,-1,-1,-1,-1,-1,-1,-1,-1,-1,-1,-1,-1,-1,-1,-1,-1,-1,-1,-1,-1,-1,-1,-1,-1,-1,-1,-1,-1,-1,-1,-1,-1,-1,-1,-1,-1,-1,-1,-1,-1,-1,-1,-1,-1,-1,-1,0,0,0,0,0,0,-1,-1,-1,-1,-1,-1,-1,-1,-1,-1,-1,-1,0,0,0,0,0,0,-1,-1,-1,-1,-1,-1,-1,-1,-1,-1,-1,-1,-1,-1,False,False,0,0,False,207,0,0,0,0,0,0,0,0,0,0,0,0,0,0,0,1,
0,4839,2026-02-23 13:17:31Z,LLM_Empathetic,6.929758,7.222218,6.637299,0.6150984,0,1.604024,0,0,0,0,0,0,5.497962,4.351001,6.644933,0.592854,0.702737,0.482971,7.398002,6.222989,8.573015,0.5884933,0,2.110894,7.200864,6.106409,8.295321,9.864136,10,9.522681,6.929758,7.222218,6.637299,0.6150984,0,1.604024,0,0,0,0,0,0,5.497962,4.351001,6.644933,0.592854,0.702737,0.482971,7.398002,6.222989,8.573015,0.5884933,0,2.110894,7.200864,6.106409,8.295321,9.864136,10,9.522681,-1,-1,-1,-1,-1,-1,-1,-1,-1,-1,-1,-1,-1,-1,-1,-1,-1,-1,-1,-1,-1,-1,-1,-1,-1,-1,-1,-1,-1,-1,-1,-1,-1,-1,-1,-1,-1,-1,-1,-1,-1,-1,-1,-1,-1,-1,-1,-1,-1,-1,0,0,0,0,0,0,-1,-1,-1,-1,-1,-1,-1,-1,-1,-1,-1,-1,0,0,0,0,0,0,-1,-1,-1,-1,-1,-1,-1,-1,-1,-1,-1,-1,-1,-1,False,False,0,0,False,209,0,0,0,0,0,0,0,0,0,0,0,0,0,0,0,1,
0,4840,2026-02-23 13:17:31Z,LLM_Empathetic,6.929755,7.222217,6.637294,0.6151033,0,1.604026,0,0,0,0,0,0,5.497958,4.351,6.644927,0.592854,0.702737,0.482971,7.398,6.22299,8.573011,0.5884964,0,2.110897,7.200859,6.106406,8.295313,9.864125,10,9.522669,6.929755,7.222217,6.637294,0.6151033,0,1.604026,0,0,0,0,0,0,5.497958,4.351,6.644927,0.592854,0.702737,0.482971,7.398,6.22299,8.573011,0.5884964,0,2.110897,7.200859,6.106406,8.295313,9.864125,10,9.522669,-1,-1,-1,-1,-1,-1,-1,-1,-1,-1,-1,-1,-1,-1,-1,-1,-1,-1,-1,-1,-1,-1,-1,-1,-1,-1,-1,-1,-1,-1,-1,-1,-1,-1,-1,-1,-1,-1,-1,-1,-1,-1,-1,-1,-1,-1,-1,-1,-1,-1,0,0,0,0,0,0,-1,-1,-1,-1,-1,-1,-1,-1,-1,-1,-1,-1,0,0,0,0,0,0,-1,-1,-1,-1,-1,-1,-1,-1,-1,-1,-1,-1,-1,-1,False,False,0,0,False,209,0,0,0,0,0,0,0,0,0,0,0,0,0,0,0,1,
0,4841,2026-02-23 13:17:31Z,LLM_Empathetic,6.929752,7.222217,6.637289,0.6151082,0,1.604029,0,0,0,0,0,0,5.497954,4.350998,6.644921,0.592854,0.702737,0.482971,7.397999,6.222991,8.573007,0.5884995,0,2.1109,7.200854,6.106403,8.295305,9.864115,10,9.522655,6.929752,7.222217,6.637289,0.6151082,0,1.604029,0,0,0,0,0,0,5.497954,4.350998,6.644921,0.592854,0.702737,0.482971,7.397999,6.222991,8.573007,0.5884995,0,2.1109,7.200854,6.106403,8.295305,9.864115,10,9.522655,-1,-1,-1,-1,-1,-1,-1,-1,-1,-1,-1,-1,-1,-1,-1,-1,-1,-1,-1,-1,-1,-1,-1,-1,-1,-1,-1,-1,-1,-1,-1,-1,-1,-1,-1,-1,-1,-1,-1,-1,-1,-1,-1,-1,-1,-1,-1,-1,-1,-1,0,0,0,0,0,0,-1,-1,-1,-1,-1,-1,-1,-1,-1,-1,-1,-1,0,0,0,0,0,0,-1,-1,-1,-1,-1,-1,-1,-1,-1,-1,-1,-1,-1,-1,False,False,0,0,False,209,0,0,0,0,0,0,0,0,0,0,0,0,0,0,0,1,
0,4842,2026-02-23 13:17:31Z,LLM_Empathetic,6.929749,7.222216,6.637283,0.6151131,0,1.604032,0,0,0,0,0,0,5.497951,4.350997,6.644915,0.592854,0.702737,0.482971,7.397997,6.222992,8.573003,0.5885027,0,2.110903,7.200849,6.1064,8.295298,9.864105,10,9.522643,6.929749,7.222216,6.637283,0.6151131,0,1.604032,0,0,0,0,0,0,5.497951,4.350997,6.644915,0.592854,0.702737,0.482971,7.397997,6.222992,8.573003,0.5885027,0,2.110903,7.200849,6.1064,8.295298,9.864105,10,9.522643,-1,-1,-1,-1,-1,-1,-1,-1,-1,-1,-1,-1,-1,-1,-1,-1,-1,-1,-1,-1,-1,-1,-1,-1,-1,-1,-1,-1,-1,-1,-1,-1,-1,-1,-1,-1,-1,-1,-1,-1,-1,-1,-1,-1,-1,-1,-1,-1,-1,-1,0,0,0,0,0,0,-1,-1,-1,-1,-1,-1,-1,-1,-1,-1,-1,-1,0,0,0,0,0,0,-1,-1,-1,-1,-1,-1,-1,-1,-1,-1,-1,-1,-1,-1,False,False,0,0,False,209,0,0,0,0,0,0,0,0,0,0,0,0,0,0,0,1,
0,4843,2026-02-23 13:17:31Z,LLM_Empathetic,6.929747,7.222216,6.637278,0.615118,0,1.604034,0,0,0,0,0,0,5.497947,4.350996,6.644908,0.592854,0.702737,0.482971,7.397995,6.222993,8.572998,0.5885058,0,2.110906,7.200844,6.106398,8.295291,9.864095,10,9.52263,6.929747,7.222216,6.637278,0.615118,0,1.604034,0,0,0,0,0,0,5.497947,4.350996,6.644908,0.592854,0.702737,0.482971,7.397995,6.222993,8.572998,0.5885058,0,2.110906,7.200844,6.106398,8.295291,9.864095,10,9.52263,-1,-1,-1,-1,-1,-1,-1,-1,-1,-1,-1,-1,-1,-1,-1,-1,-1,-1,-1,-1,-1,-1,-1,-1,-1,-1,-1,-1,-1,-1,-1,-1,-1,-1,-1,-1,-1,-1,-1,-1,-1,-1,-1,-1,-1,-1,-1,-1,-1,-1,0,0,0,0,0,0,-1,-1,-1,-1,-1,-1,-1,-1,-1,-1,-1,-1,0,0,0,0,0,0,-1,-1,-1,-1,-1,-1,-1,-1,-1,-1,-1,-1,-1,-1,False,False,0,0,False,207,0,0,0,0,0,0,0,0,0,0,0,0,0,0,0,1,
0,4844,2026-02-23 13:17:31Z,LLM_Empathetic,6.929744,7.222215,6.637273,0.6151229,0,1.604037,0,0,0,0,0,0,5.497943,4.350995,6.644902,0.592854,0.702737,0.482971,7.397994,6.222993,8.572994,0.588509,0,2.110909,7.200839,6.106395,8.295283,9.864084,10,9.522617,6.929744,7.222215,6.637273,0.6151229,0,1.604037,0,0,0,0,0,0,5.497943,4.350995,6.644902,0.592854,0.702737,0.482971,7.397994,6.222993,8.572994,0.588509,0,2.110909,7.200839,6.106395,8.295283,9.864084,10,9.522617,-1,-1,-1,-1,-1,-1,-1,-1,-1,-1,-1,-1,-1,-1,-1,-1,-1,-1,-1,-1,-1,-1,-1,-1,-1,-1,-1,-1,-1,-1,-1,-1,-1,-1,-1,-1,-1,-1,-1,-1,-1,-1,-1,-1,-1,-1,-1,-1,-1,-1,0,0,0,0,0,0,-1,-1,-1,-1,-1,-1,-1,-1,-1,-1,-1,-1,0,0,0,0,0,0,-1,-1,-1,-1,-1,-1,-1,-1,-1,-1,-1,-1,-1,-1,False,False,0,0,False,209,0,0,0,0,0,0,0,0,0,0,0,0,0,0,0,1,
0,4845,2026-02-23 13:17:31Z,LLM_Empathetic,6.929741,7.222214,6.637268,0.6151277,0,1.60404,0,0,0,0,0,0,5.49794,4.350994,6.644896,0.592854,0.702737,0.482971,7.397992,6.222994,8.57299,0.5885121,0,2.110913,7.200833,6.106392,8.295276,9.864074,10,9.522604,6.929741,7.222214,6.637268,0.6151277,0,1.60404,0,0,0,0,0,0,5.49794,4.350994,6.644896,0.592854,0.702737,0.482971,7.397992,6.222994,8.57299,0.5885121,0,2.110913,7.200833,6.106392,8.295276,9.864074,10,9.522604,-1,-1,-1,-1,-1,-1,-1,-1,-1,-1,-1,-1,-1,-1,-1,-1,-1,-1,-1,-1,-1,-1,-1,-1,-1,-1,-1,-1,-1,-1,-1,-1,-1,-1,-1,-1,-1,-1,-1,-1,-1,-1,-1,-1,-1,-1,-1,-1,-1,-1,0,0,0,0,0,0,-1,-1,-1,-1,-1,-1,-1,-1,-1,-1,-1,-1,0,0,0,0,0,0,-1,-1,-1,-1,-1,-1,-1,-1,-1,-1,-1,-1,-1,-1,False,False,0,0,False,207,0,0,0,0,0,0,0,0,0,0,0,0,0,0,0,1,
0,4846,2026-02-23 13:17:31Z,LLM_Empathetic,6.929738,7.222214,6.637262,0.6151326,0,1.604043,0,0,0,0,0,0,5.497936,4.350992,6.64489,0.592854,0.702737,0.482971,7.39799,6.222995,8.572986,0.5885152,0,2.110916,7.200829,6.10639,8.295268,9.864064,10,9.522592,6.929738,7.222214,6.637262,0.6151326,0,1.604043,0,0,0,0,0,0,5.497936,4.350992,6.64489,0.592854,0.702737,0.482971,7.39799,6.222995,8.572986,0.5885152,0,2.110916,7.200829,6.10639,8.295268,9.864064,10,9.522592,-1,-1,-1,-1,-1,-1,-1,-1,-1,-1,-1,-1,-1,-1,-1,-1,-1,-1,-1,-1,-1,-1,-1,-1,-1,-1,-1,-1,-1,-1,-1,-1,-1,-1,-1,-1,-1,-1,-1,-1,-1,-1,-1,-1,-1,-1,-1,-1,-1,-1,0,0,0,0,0,0,-1,-1,-1,-1,-1,-1,-1,-1,-1,-1,-1,-1,0,0,0,0,0,0,-1,-1,-1,-1,-1,-1,-1,-1,-1,-1,-1,-1,-1,-1,False,False,0,0,False,207,0,0,0,0,0,0,0,0,0,0,0,0,0,0,0,1,
0,4847,2026-02-23 13:17:31Z,LLM_Empathetic,6.929735,7.222213,6.637257,0.6151375,0,1.604045,0,0,0,0,0,0,5.497932,4.350991,6.644884,0.592854,0.702737,0.482971,7.397989,6.222996,8.572982,0.5885184,0,2.110919,7.200823,6.106387,8.29526,9.864054,10,9.522578,6.929735,7.222213,6.637257,0.6151375,0,1.604045,0,0,0,0,0,0,5.497932,4.350991,6.644884,0.592854,0.702737,0.482971,7.397989,6.222996,8.572982,0.5885184,0,2.110919,7.200823,6.106387,8.29526,9.864054,10,9.522578,-1,-1,-1,-1,-1,-1,-1,-1,-1,-1,-1,-1,-1,-1,-1,-1,-1,-1,-1,-1,-1,-1,-1,-1,-1,-1,-1,-1,-1,-1,-1,-1,-1,-1,-1,-1,-1,-1,-1,-1,-1,-1,-1,-1,-1,-1,-1,-1,-1,-1,0,0,0,0,0,0,-1,-1,-1,-1,-1,-1,-1,-1,-1,-1,-1,-1,0,0,0,0,0,0,-1,-1,-1,-1,-1,-1,-1,-1,-1,-1,-1,-1,-1,-1,False,False,0,0,False,209,0,0,0,0,0,0,0,0,0,0,0,0,0,0,0,1,
0,4848,2026-02-23 13:17:31Z,LLM_Empathetic,6.929732,7.222213,6.637252,0.6151424,0,1.604048,0,0,0,0,0,0,5.497929,4.35099,6.644877,0.592854,0.702737,0.482971,7.397987,6.222997,8.572977,0.5885215,0,2.110922,7.200818,6.106384,8.295253,9.864043,10,9.522565,6.929732,7.222213,6.637252,0.6151424,0,1.604048,0,0,0,0,0,0,5.497929,4.35099,6.644877,0.592854,0.702737,0.482971,7.397987,6.222997,8.572977,0.5885215,0,2.110922,7.200818,6.106384,8.295253,9.864043,10,9.522565,-1,-1,-1,-1,-1,-1,-1,-1,-1,-1,-1,-1,-1,-1,-1,-1,-1,-1,-1,-1,-1,-1,-1,-1,-1,-1,-1,-1,-1,-1,-1,-1,-1,-1,-1,-1,-1,-1,-1,-1,-1,-1,-1,-1,-1,-1,-1,-1,-1,-1,0,0,0,0,0,0,-1,-1,-1,-1,-1,-1,-1,-1,-1,-1,-1,-1,0,0,0,0,0,0,-1,-1,-1,-1,-1,-1,-1,-1,-1,-1,-1,-1,-1,-1,False,False,0,0,False,209,0,0,0,0,0,0,0,0,0,0,0,0,0,0,0,1,
0,4849,2026-02-23 13:17:31Z,LLM_Empathetic,6.929729,7.222212,6.637247,0.6151474,0,1.604051,0,0,0,0,0,0,5.497925,4.350989,6.644871,0.592854,0.702737,0.482971,7.397985,6.222998,8.572973,0.5885246,0,2.110925,7.200813,6.106381,8.295245,9.864033,10,9.522552,6.929729,7.222212,6.637247,0.6151474,0,1.604051,0,0,0,0,0,0,5.497925,4.350989,6.644871,0.592854,0.702737,0.482971,7.397985,6.222998,8.572973,0.5885246,0,2.110925,7.200813,6.106381,8.295245,9.864033,10,9.522552,-1,-1,-1,-1,-1,-1,-1,-1,-1,-1,-1,-1,-1,-1,-1,-1,-1,-1,-1,-1,-1,-1,-1,-1,-1,-1,-1,-1,-1,-1,-1,-1,-1,-1,-1,-1,-1,-1,-1,-1,-1,-1,-1,-1,-1,-1,-1,-1,-1,-1,0,0,0,0,0,0,-1,-1,-1,-1,-1,-1,-1,-1,-1,-1,-1,-1,0,0,0,0,0,0,-1,-1,-1,-1,-1,-1,-1,-1,-1,-1,-1,-1,-1,-1,False,False,0,0,False,209,0,0,0,0,0,0,0,0,0,0,0,0,0,0,0,1,
0,4850,2026-02-23 13:17:31Z,LLM_Empathetic,6.929727,7.222212,6.637241,0.6151522,0,1.604053,0,0,0,0,0,0,5.497921,4.350987,6.644865,0.592854,0.702737,0.482971,7.397984,6.222999,8.572968,0.5885278,0,2.110928,7.200808,6.106379,8.295238,9.864022,10,9.522539,6.929727,7.222212,6.637241,0.6151522,0,1.604053,0,0,0,0,0,0,5.497921,4.350987,6.644865,0.592854,0.702737,0.482971,7.397984,6.222999,8.572968,0.5885278,0,2.110928,7.200808,6.106379,8.295238,9.864022,10,9.522539,-1,-1,-1,-1,-1,-1,-1,-1,-1,-1,-1,-1,-1,-1,-1,-1,-1,-1,-1,-1,-1,-1,-1,-1,-1,-1,-1,-1,-1,-1,-1,-1,-1,-1,-1,-1,-1,-1,-1,-1,-1,-1,-1,-1,-1,-1,-1,-1,-1,-1,0,0,0,0,0,0,-1,-1,-1,-1,-1,-1,-1,-1,-1,-1,-1,-1,0,0,0,0,0,0,-1,-1,-1,-1,-1,-1,-1,-1,-1,-1,-1,-1,-1,-1,False,False,0,0,False,207,0,0,0,0,0,0,0,0,0,0,0,0,0,0,0,1,
0,4851,2026-02-23 13:17:31Z,LLM_Empathetic,6.929724,7.222211,6.637236,0.6151571,0,1.604056,0,0,0,0,0,0,5.497917,4.350986,6.644859,0.592854,0.702737,0.482971,7.397982,6.223,8.572965,0.5885309,0,2.110931,7.200802,6.106376,8.295231,9.864013,10,9.522527,6.929724,7.222211,6.637236,0.6151571,0,1.604056,0,0,0,0,0,0,5.497917,4.350986,6.644859,0.592854,0.702737,0.482971,7.397982,6.223,8.572965,0.5885309,0,2.110931,7.200802,6.106376,8.295231,9.864013,10,9.522527,-1,-1,-1,-1,-1,-1,-1,-1,-1,-1,-1,-1,-1,-1,-1,-1,-1,-1,-1,-1,-1,-1,-1,-1,-1,-1,-1,-1,-1,-1,-1,-1,-1,-1,-1,-1,-1,-1,-1,-1,-1,-1,-1,-1,-1,-1,-1,-1,-1,-1,0,0,0,0,0,0,-1,-1,-1,-1,-1,-1,-1,-1,-1,-1,-1,-1,0,0,0,0,0,0,-1,-1,-1,-1,-1,-1,-1,-1,-1,-1,-1,-1,-1,-1,False,False,0,0,False,207,0,0,0,0,0,0,0,0,0,0,0,0,0,0,0,1,
0,4852,2026-02-23 13:17:31Z,LLM_Empathetic,6.929721,7.222211,6.637231,0.6151621,0,1.604059,0,0,0,0,0,0,5.497914,4.350985,6.644853,0.592854,0.702737,0.482971,7.39798,6.223001,8.57296,0.5885341,0,2.110934,7.200798,6.106373,8.295223,9.864002,10,9.522513,6.929721,7.222211,6.637231,0.6151621,0,1.604059,0,0,0,0,0,0,5.497914,4.350985,6.644853,0.592854,0.702737,0.482971,7.39798,6.223001,8.57296,0.5885341,0,2.110934,7.200798,6.106373,8.295223,9.864002,10,9.522513,-1,-1,-1,-1,-1,-1,-1,-1,-1,-1,-1,-1,-1,-1,-1,-1,-1,-1,-1,-1,-1,-1,-1,-1,-1,-1,-1,-1,-1,-1,-1,-1,-1,-1,-1,-1,-1,-1,-1,-1,-1,-1,-1,-1,-1,-1,-1,-1,-1,-1,0,0,0,0,0,0,-1,-1,-1,-1,-1,-1,-1,-1,-1,-1,-1,-1,0,0,0,0,0,0,-1,-1,-1,-1,-1,-1,-1,-1,-1,-1,-1,-1,-1,-1,False,False,0,0,False,207,0,0,0,0,0,0,0,0,0,0,0,0,0,0,0,1,
0,4853,2026-02-23 13:17:31Z,LLM_Empathetic,6.929721,7.222211,6.637231,0.6151621,0,1.604059,0,0,0,0,0,0,5.497914,4.350985,6.644853,0.592854,0.702737,0.482971,7.39798,6.223001,8.57296,0.5885341,0,2.110934,7.200798,6.106373,8.295223,9.864002,10,9.522513,6.929721,7.222211,6.637231,0.6151621,0,1.604059,0,0,0,0,0,0,5.497914,4.350985,6.644853,0.592854,0.702737,0.482971,7.39798,6.223001,8.57296,0.5885341,0,2.110934,7.200798,6.106373,8.295223,9.864002,10,9.522513,-1,-1,-1,-1,-1,-1,-1,-1,-1,-1,-1,-1,-1,-1,-1,-1,-1,-1,-1,-1,-1,-1,-1,-1,-1,-1,-1,-1,-1,-1,-1,-1,-1,-1,-1,-1,-1,-1,-1,-1,-1,-1,-1,-1,-1,-1,-1,-1,-1,-1,0,0,0,0,0,0,-1,-1,-1,-1,-1,-1,-1,-1,-1,-1,-1,-1,0,0,0,0,0,0,-1,-1,-1,-1,-1,-1,-1,-1,-1,-1,-1,-1,-1,-1,False,False,0,0,False,209,0,0,0,0,0,0,0,0,0,0,0,0,0,0,0,1,
0,4854,2026-02-23 13:17:31Z,LLM_Empathetic,6.929718,7.22221,6.637226,0.615167,0,1.604061,0,0,0,0,0,0,5.49791,4.350984,6.644846,0.592854,0.702737,0.482971,7.397978,6.223001,8.572956,0.5885372,0,2.110938,7.200792,6.10637,8.295216,9.863992,10,9.522501,6.929718,7.22221,6.637226,0.615167,0,1.604061,0,0,0,0,0,0,5.49791,4.350984,6.644846,0.592854,0.702737,0.482971,7.397978,6.223001,8.572956,0.5885372,0,2.110938,7.200792,6.10637,8.295216,9.863992,10,9.522501,-1,-1,-1,-1,-1,-1,-1,-1,-1,-1,-1,-1,-1,-1,-1,-1,-1,-1,-1,-1,-1,-1,-1,-1,-1,-1,-1,-1,-1,-1,-1,-1,-1,-1,-1,-1,-1,-1,-1,-1,-1,-1,-1,-1,-1,-1,-1,-1,-1,-1,0,0,0,0,0,0,-1,-1,-1,-1,-1,-1,-1,-1,-1,-1,-1,-1,0,0,0,0,0,0,-1,-1,-1,-1,-1,-1,-1,-1,-1,-1,-1,-1,-1,-1,False,False,0,0,False,209,0,0,0,0,0,0,0,0,0,0,0,0,0,0,0,1,
0,4855,2026-02-23 13:17:31Z,LLM_Empathetic,6.929715,7.22221,6.63722,0.6151719,0,1.604064,0,0,0,0,0,0,5.497906,4.350983,6.64484,0.592854,0.702737,0.482971,7.397977,6.223002,8.572951,0.5885404,0,2.110941,7.200787,6.106367,8.295208,9.863981,10,9.522488,6.929715,7.22221,6.63722,0.6151719,0,1.604064,0,0,0,0,0,0,5.497906,4.350983,6.64484,0.592854,0.702737,0.482971,7.397977,6.223002,8.572951,0.5885404,0,2.110941,7.200787,6.106367,8.295208,9.863981,10,9.522488,-1,-1,-1,-1,-1,-1,-1,-1,-1,-1,-1,-1,-1,-1,-1,-1,-1,-1,-1,-1,-1,-1,-1,-1,-1,-1,-1,-1,-1,-1,-1,-1,-1,-1,-1,-1,-1,-1,-1,-1,-1,-1,-1,-1,-1,-1,-1,-1,-1,-1,0,0,0,0,0,0,-1,-1,-1,-1,-1,-1,-1,-1,-1,-1,-1,-1,0,0,0,0,0,0,-1,-1,-1,-1,-1,-1,-1,-1,-1,-1,-1,-1,-1,-1,False,False,0,0,False,209,0,0,0,0,0,0,0,0,0,0,0,0,0,0,0,1,
0,4856,2026-02-23 13:17:31Z,LLM_Empathetic,6.929712,7.222209,6.637215,0.6151768,0,1.604067,0,0,0,0,0,0,5.497902,4.350981,6.644834,0.592854,0.702737,0.482971,7.397975,6.223003,8.572948,0.5885435,0,2.110944,7.200782,6.106364,8.2952,9.863971,10,9.522474,6.929712,7.222209,6.637215,0.6151768,0,1.604067,0,0,0,0,0,0,5.497902,4.350981,6.644834,0.592854,0.702737,0.482971,7.397975,6.223003,8.572948,0.5885435,0,2.110944,7.200782,6.106364,8.2952,9.863971,10,9.522474,-1,-1,-1,-1,-1,-1,-1,-1,-1,-1,-1,-1,-1,-1,-1,-1,-1,-1,-1,-1,-1,-1,-1,-1,-1,-1,-1,-1,-1,-1,-1,-1,-1,-1,-1,-1,-1,-1,-1,-1,-1,-1,-1,-1,-1,-1,-1,-1,-1,-1,0,0,0,0,0,0,-1,-1,-1,-1,-1,-1,-1,-1,-1,-1,-1,-1,0,0,0,0,0,0,-1,-1,-1,-1,-1,-1,-1,-1,-1,-1,-1,-1,-1,-1,False,False,0,0,False,209,0,0,0,0,0,0,0,0,0,0,0,0,0,0,0,1,
0,4857,2026-02-23 13:17:31Z,LLM_Empathetic,6.929709,7.222208,6.63721,0.6151817,0,1.60407,0,0,0,0,0,0,5.497899,4.35098,6.644828,0.592854,0.702737,0.482971,7.397974,6.223004,8.572943,0.5885467,0,2.110947,7.200777,6.106361,8.295193,9.863961,10,9.522462,6.929709,7.222208,6.63721,0.6151817,0,1.60407,0,0,0,0,0,0,5.497899,4.35098,6.644828,0.592854,0.702737,0.482971,7.397974,6.223004,8.572943,0.5885467,0,2.110947,7.200777,6.106361,8.295193,9.863961,10,9.522462,-1,-1,-1,-1,-1,-1,-1,-1,-1,-1,-1,-1,-1,-1,-1,-1,-1,-1,-1,-1,-1,-1,-1,-1,-1,-1,-1,-1,-1,-1,-1,-1,-1,-1,-1,-1,-1,-1,-1,-1,-1,-1,-1,-1,-1,-1,-1,-1,-1,-1,0,0,0,0,0,0,-1,-1,-1,-1,-1,-1,-1,-1,-1,-1,-1,-1,0,0,0,0,0,0,-1,-1,-1,-1,-1,-1,-1,-1,-1,-1,-1,-1,-1,-1,False,False,0,0,False,209,0,0,0,0,0,0,0,0,0,0,0,0,0,0,0,1,
0,4858,2026-02-23 13:17:31Z,LLM_Empathetic,6.929706,7.222208,6.637204,0.6151866,0,1.604072,0,0,0,0,0,0,5.497895,4.350979,6.644822,0.592854,0.702737,0.482971,7.397972,6.223005,8.572939,0.5885499,0,2.11095,7.200771,6.106359,8.295185,9.863951,10,9.522449,6.929706,7.222208,6.637204,0.6151866,0,1.604072,0,0,0,0,0,0,5.497895,4.350979,6.644822,0.592854,0.702737,0.482971,7.397972,6.223005,8.572939,0.5885499,0,2.11095,7.200771,6.106359,8.295185,9.863951,10,9.522449,-1,-1,-1,-1,-1,-1,-1,-1,-1,-1,-1,-1,-1,-1,-1,-1,-1,-1,-1,-1,-1,-1,-1,-1,-1,-1,-1,-1,-1,-1,-1,-1,-1,-1,-1,-1,-1,-1,-1,-1,-1,-1,-1,-1,-1,-1,-1,-1,-1,-1,0,0,0,0,0,0,-1,-1,-1,-1,-1,-1,-1,-1,-1,-1,-1,-1,0,0,0,0,0,0,-1,-1,-1,-1,-1,-1,-1,-1,-1,-1,-1,-1,-1,-1,False,False,0,0,False,207,0,0,0,0,0,0,0,0,0,0,0,0,0,0,0,1,
0,4859,2026-02-23 13:17:32Z,LLM_Empathetic,6.929703,7.222208,6.637199,0.6151916,0,1.604075,0,0,0,0,0,0,5.497891,4.350977,6.644815,0.592854,0.702737,0.482971,7.39797,6.223006,8.572934,0.588553,0,2.110953,7.200767,6.106356,8.295177,9.86394,10,9.522436,6.929703,7.222208,6.637199,0.6151916,0,1.604075,0,0,0,0,0,0,5.497891,4.350977,6.644815,0.592854,0.702737,0.482971,7.39797,6.223006,8.572934,0.588553,0,2.110953,7.200767,6.106356,8.295177,9.86394,10,9.522436,-1,-1,-1,-1,-1,-1,-1,-1,-1,-1,-1,-1,-1,-1,-1,-1,-1,-1,-1,-1,-1,-1,-1,-1,-1,-1,-1,-1,-1,-1,-1,-1,-1,-1,-1,-1,-1,-1,-1,-1,-1,-1,-1,-1,-1,-1,-1,-1,-1,-1,0,0,0,0,0,0,-1,-1,-1,-1,-1,-1,-1,-1,-1,-1,-1,-1,0,0,0,0,0,0,-1,-1,-1,-1,-1,-1,-1,-1,-1,-1,-1,-1,-1,-1,False,False,0,0,False,209,0,0,0,0,0,0,0,0,0,0,0,0,0,0,0,1,
0,4860,2026-02-23 13:17:32Z,LLM_Empathetic,6.9297,7.222207,6.637194,0.6151965,0,1.604078,0,0,0,0,0,0,5.497888,4.350976,6.644809,0.592854,0.702737,0.482971,7.397968,6.223007,8.57293,0.5885562,0,2.110956,7.200761,6.106353,8.29517,9.86393,10,9.522423,6.9297,7.222207,6.637194,0.6151965,0,1.604078,0,0,0,0,0,0,5.497888,4.350976,6.644809,0.592854,0.702737,0.482971,7.397968,6.223007,8.57293,0.5885562,0,2.110956,7.200761,6.106353,8.29517,9.86393,10,9.522423,-1,-1,-1,-1,-1,-1,-1,-1,-1,-1,-1,-1,-1,-1,-1,-1,-1,-1,-1,-1,-1,-1,-1,-1,-1,-1,-1,-1,-1,-1,-1,-1,-1,-1,-1,-1,-1,-1,-1,-1,-1,-1,-1,-1,-1,-1,-1,-1,-1,-1,0,0,0,0,0,0,-1,-1,-1,-1,-1,-1,-1,-1,-1,-1,-1,-1,0,0,0,0,0,0,-1,-1,-1,-1,-1,-1,-1,-1,-1,-1,-1,-1,-1,-1,False,False,0,0,False,209,0,0,0,0,0,0,0,0,0,0,0,0,0,0,0,1,
0,4861,2026-02-23 13:17:32Z,LLM_Empathetic,6.929698,7.222207,6.637188,0.6152015,0,1.60408,0,0,0,0,0,0,5.497884,4.350975,6.644803,0.592854,0.702737,0.482971,7.397966,6.223008,8.572926,0.5885593,0,2.11096,7.200756,6.10635,8.295162,9.863919,10,9.522409,6.929698,7.222207,6.637188,0.6152015,0,1.60408,0,0,0,0,0,0,5.497884,4.350975,6.644803,0.592854,0.702737,0.482971,7.397966,6.223008,8.572926,0.5885593,0,2.11096,7.200756,6.10635,8.295162,9.863919,10,9.522409,-1,-1,-1,-1,-1,-1,-1,-1,-1,-1,-1,-1,-1,-1,-1,-1,-1,-1,-1,-1,-1,-1,-1,-1,-1,-1,-1,-1,-1,-1,-1,-1,-1,-1,-1,-1,-1,-1,-1,-1,-1,-1,-1,-1,-1,-1,-1,-1,-1,-1,0,0,0,0,0,0,-1,-1,-1,-1,-1,-1,-1,-1,-1,-1,-1,-1,0,0,0,0,0,0,-1,-1,-1,-1,-1,-1,-1,-1,-1,-1,-1,-1,-1,-1,False,False,0,0,False,209,0,0,0,0,0,0,0,0,0,0,0,0,0,0,0,1,
0,4862,2026-02-23 13:17:32Z,LLM_Empathetic,6.929695,7.222206,6.637183,0.6152064,0,1.604083,0,0,0,0,0,0,5.49788,4.350974,6.644796,0.592854,0.702737,0.482971,7.397965,6.223008,8.572922,0.5885625,0,2.110963,7.200751,6.106348,8.295155,9.863909,10,9.522397,6.929695,7.222206,6.637183,0.6152064,0,1.604083,0,0,0,0,0,0,5.49788,4.350974,6.644796,0.592854,0.702737,0.482971,7.397965,6.223008,8.572922,0.5885625,0,2.110963,7.200751,6.106348,8.295155,9.863909,10,9.522397,-1,-1,-1,-1,-1,-1,-1,-1,-1,-1,-1,-1,-1,-1,-1,-1,-1,-1,-1,-1,-1,-1,-1,-1,-1,-1,-1,-1,-1,-1,-1,-1,-1,-1,-1,-1,-1,-1,-1,-1,-1,-1,-1,-1,-1,-1,-1,-1,-1,-1,0,0,0,0,0,0,-1,-1,-1,-1,-1,-1,-1,-1,-1,-1,-1,-1,0,0,0,0,0,0,-1,-1,-1,-1,-1,-1,-1,-1,-1,-1,-1,-1,-1,-1,False,False,0,0,False,207,0,0,0,0,0,0,0,0,0,0,0,0,0,0,0,1,
0,4863,2026-02-23 13:17:32Z,LLM_Empathetic,6.929692,7.222206,6.637178,0.6152113,0,1.604086,0,0,0,0,0,0,5.497876,4.350973,6.64479,0.592854,0.702737,0.482971,7.397963,6.223009,8.572917,0.5885656,0,2.110966,7.200746,6.106345,8.295147,9.863898,10,9.522384,6.929692,7.222206,6.637178,0.6152113,0,1.604086,0,0,0,0,0,0,5.497876,4.350973,6.64479,0.592854,0.702737,0.482971,7.397963,6.223009,8.572917,0.5885656,0,2.110966,7.200746,6.106345,8.295147,9.863898,10,9.522384,-1,-1,-1,-1,-1,-1,-1,-1,-1,-1,-1,-1,-1,-1,-1,-1,-1,-1,-1,-1,-1,-1,-1,-1,-1,-1,-1,-1,-1,-1,-1,-1,-1,-1,-1,-1,-1,-1,-1,-1,-1,-1,-1,-1,-1,-1,-1,-1,-1,-1,0,0,0,0,0,0,-1,-1,-1,-1,-1,-1,-1,-1,-1,-1,-1,-1,0,0,0,0,0,0,-1,-1,-1,-1,-1,-1,-1,-1,-1,-1,-1,-1,-1,-1,False,False,0,0,False,207,0,0,0,0,0,0,0,0,0,0,0,0,0,0,0,1,
0,4864,2026-02-23 13:17:32Z,LLM_Empathetic,6.929689,7.222205,6.637173,0.6152163,0,1.604089,0,0,0,0,0,0,5.497873,4.350972,6.644784,0.592854,0.702737,0.482971,7.397962,6.22301,8.572913,0.5885688,0,2.110969,7.20074,6.106342,8.29514,9.863888,10,9.52237,6.929689,7.222205,6.637173,0.6152163,0,1.604089,0,0,0,0,0,0,5.497873,4.350972,6.644784,0.592854,0.702737,0.482971,7.397962,6.22301,8.572913,0.5885688,0,2.110969,7.20074,6.106342,8.29514,9.863888,10,9.52237,-1,-1,-1,-1,-1,-1,-1,-1,-1,-1,-1,-1,-1,-1,-1,-1,-1,-1,-1,-1,-1,-1,-1,-1,-1,-1,-1,-1,-1,-1,-1,-1,-1,-1,-1,-1,-1,-1,-1,-1,-1,-1,-1,-1,-1,-1,-1,-1,-1,-1,0,0,0,0,0,0,-1,-1,-1,-1,-1,-1,-1,-1,-1,-1,-1,-1,0,0,0,0,0,0,-1,-1,-1,-1,-1,-1,-1,-1,-1,-1,-1,-1,-1,-1,False,False,0,0,False,209,0,0,0,0,0,0,0,0,0,0,0,0,0,0,0,1,
0,4865,2026-02-23 13:17:32Z,LLM_Empathetic,6.929686,7.222204,6.637167,0.6152212,0,1.604091,0,0,0,0,0,0,5.497869,4.35097,6.644778,0.592854,0.702737,0.482971,7.39796,6.223011,8.572908,0.588572,0,2.110972,7.200735,6.106339,8.295133,9.863878,10,9.522358,6.929686,7.222204,6.637167,0.6152212,0,1.604091,0,0,0,0,0,0,5.497869,4.35097,6.644778,0.592854,0.702737,0.482971,7.39796,6.223011,8.572908,0.588572,0,2.110972,7.200735,6.106339,8.295133,9.863878,10,9.522358,-1,-1,-1,-1,-1,-1,-1,-1,-1,-1,-1,-1,-1,-1,-1,-1,-1,-1,-1,-1,-1,-1,-1,-1,-1,-1,-1,-1,-1,-1,-1,-1,-1,-1,-1,-1,-1,-1,-1,-1,-1,-1,-1,-1,-1,-1,-1,-1,-1,-1,0,0,0,0,0,0,-1,-1,-1,-1,-1,-1,-1,-1,-1,-1,-1,-1,0,0,0,0,0,0,-1,-1,-1,-1,-1,-1,-1,-1,-1,-1,-1,-1,-1,-1,False,False,0,0,False,209,0,0,0,0,0,0,0,0,0,0,0,0,0,0,0,1,
0,4866,2026-02-23 13:17:32Z,LLM_Empathetic,6.929683,7.222204,6.637162,0.6152261,0,1.604094,0,0,0,0,0,0,5.497865,4.350969,6.644772,0.592854,0.702737,0.482971,7.397958,6.223012,8.572905,0.5885751,0,2.110976,7.20073,6.106336,8.295125,9.863868,10,9.522345,6.929683,7.222204,6.637162,0.6152261,0,1.604094,0,0,0,0,0,0,5.497865,4.350969,6.644772,0.592854,0.702737,0.482971,7.397958,6.223012,8.572905,0.5885751,0,2.110976,7.20073,6.106336,8.295125,9.863868,10,9.522345,-1,-1,-1,-1,-1,-1,-1,-1,-1,-1,-1,-1,-1,-1,-1,-1,-1,-1,-1,-1,-1,-1,-1,-1,-1,-1,-1,-1,-1,-1,-1,-1,-1,-1,-1,-1,-1,-1,-1,-1,-1,-1,-1,-1,-1,-1,-1,-1,-1,-1,0,0,0,0,0,0,-1,-1,-1,-1,-1,-1,-1,-1,-1,-1,-1,-1,0,0,0,0,0,0,-1,-1,-1,-1,-1,-1,-1,-1,-1,-1,-1,-1,-1,-1,False,False,0,0,False,207,0,0,0,0,0,0,0,0,0,0,0,0,0,0,0,1,
0,4867,2026-02-23 13:17:32Z,LLM_Empathetic,6.92968,7.222203,6.637157,0.6152312,0,1.604097,0,0,0,0,0,0,5.497861,4.350968,6.644765,0.592854,0.702737,0.482971,7.397956,6.223013,8.5729,0.5885783,0,2.110979,7.200725,6.106334,8.295117,9.863857,10,9.522331,6.92968,7.222203,6.637157,0.6152312,0,1.604097,0,0,0,0,0,0,5.497861,4.350968,6.644765,0.592854,0.702737,0.482971,7.397956,6.223013,8.5729,0.5885783,0,2.110979,7.200725,6.106334,8.295117,9.863857,10,9.522331,-1,-1,-1,-1,-1,-1,-1,-1,-1,-1,-1,-1,-1,-1,-1,-1,-1,-1,-1,-1,-1,-1,-1,-1,-1,-1,-1,-1,-1,-1,-1,-1,-1,-1,-1,-1,-1,-1,-1,-1,-1,-1,-1,-1,-1,-1,-1,-1,-1,-1,0,0,0,0,0,0,-1,-1,-1,-1,-1,-1,-1,-1,-1,-1,-1,-1,0,0,0,0,0,0,-1,-1,-1,-1,-1,-1,-1,-1,-1,-1,-1,-1,-1,-1,False,False,0,0,False,207,0,0,0,0,0,0,0,0,0,0,0,0,0,0,0,1,
0,4868,2026-02-23 13:17:32Z,LLM_Empathetic,6.929677,7.222203,6.637152,0.6152361,0,1.6041,0,0,0,0,0,0,5.497858,4.350966,6.644759,0.592854,0.702737,0.482971,7.397954,6.223014,8.572896,0.5885815,0,2.110982,7.20072,6.106331,8.29511,9.863847,10,9.522319,6.929677,7.222203,6.637152,0.6152361,0,1.6041,0,0,0,0,0,0,5.497858,4.350966,6.644759,0.592854,0.702737,0.482971,7.397954,6.223014,8.572896,0.5885815,0,2.110982,7.20072,6.106331,8.29511,9.863847,10,9.522319,-1,-1,-1,-1,-1,-1,-1,-1,-1,-1,-1,-1,-1,-1,-1,-1,-1,-1,-1,-1,-1,-1,-1,-1,-1,-1,-1,-1,-1,-1,-1,-1,-1,-1,-1,-1,-1,-1,-1,-1,-1,-1,-1,-1,-1,-1,-1,-1,-1,-1,0,0,0,0,0,0,-1,-1,-1,-1,-1,-1,-1,-1,-1,-1,-1,-1,0,0,0,0,0,0,-1,-1,-1,-1,-1,-1,-1,-1,-1,-1,-1,-1,-1,-1,False,False,0,0,False,209,0,0,0,0,0,0,0,0,0,0,0,0,0,0,0,1,
0,4869,2026-02-23 13:17:32Z,LLM_Empathetic,6.929674,7.222202,6.637146,0.6152411,0,1.604102,0,0,0,0,0,0,5.497854,4.350965,6.644753,0.592854,0.702737,0.482971,7.397953,6.223014,8.572891,0.5885847,0,2.110985,7.200715,6.106328,8.295102,9.863836,10,9.522305,6.929674,7.222202,6.637146,0.6152411,0,1.604102,0,0,0,0,0,0,5.497854,4.350965,6.644753,0.592854,0.702737,0.482971,7.397953,6.223014,8.572891,0.5885847,0,2.110985,7.200715,6.106328,8.295102,9.863836,10,9.522305,-1,-1,-1,-1,-1,-1,-1,-1,-1,-1,-1,-1,-1,-1,-1,-1,-1,-1,-1,-1,-1,-1,-1,-1,-1,-1,-1,-1,-1,-1,-1,-1,-1,-1,-1,-1,-1,-1,-1,-1,-1,-1,-1,-1,-1,-1,-1,-1,-1,-1,0,0,0,0,0,0,-1,-1,-1,-1,-1,-1,-1,-1,-1,-1,-1,-1,0,0,0,0,0,0,-1,-1,-1,-1,-1,-1,-1,-1,-1,-1,-1,-1,-1,-1,False,False,0,0,False,207,0,0,0,0,0,0,0,0,0,0,0,0,0,0,0,1,
0,4870,2026-02-23 13:17:32Z,LLM_Empathetic,6.929671,7.222202,6.637141,0.615246,0,1.604105,0,0,0,0,0,0,5.49785,4.350964,6.644746,0.592854,0.702737,0.482971,7.397951,6.223015,8.572887,0.5885878,0,2.110988,7.200709,6.106325,8.295094,9.863826,10,9.522292,6.929671,7.222202,6.637141,0.615246,0,1.604105,0,0,0,0,0,0,5.49785,4.350964,6.644746,0.592854,0.702737,0.482971,7.397951,6.223015,8.572887,0.5885878,0,2.110988,7.200709,6.106325,8.295094,9.863826,10,9.522292,-1,-1,-1,-1,-1,-1,-1,-1,-1,-1,-1,-1,-1,-1,-1,-1,-1,-1,-1,-1,-1,-1,-1,-1,-1,-1,-1,-1,-1,-1,-1,-1,-1,-1,-1,-1,-1,-1,-1,-1,-1,-1,-1,-1,-1,-1,-1,-1,-1,-1,0,0,0,0,0,0,-1,-1,-1,-1,-1,-1,-1,-1,-1,-1,-1,-1,0,0,0,0,0,0,-1,-1,-1,-1,-1,-1,-1,-1,-1,-1,-1,-1,-1,-1,False,False,0,0,False,209,0,0,0,0,0,0,0,0,0,0,0,0,0,0,0,1,
0,4871,2026-02-23 13:17:32Z,LLM_Empathetic,6.929668,7.222201,6.637136,0.6152509,0,1.604108,0,0,0,0,0,0,5.497846,4.350963,6.64474,0.592854,0.702737,0.482971,7.39795,6.223016,8.572883,0.588591,0,2.110991,7.200704,6.106322,8.295087,9.863815,10,9.52228,6.929668,7.222201,6.637136,0.6152509,0,1.604108,0,0,0,0,0,0,5.497846,4.350963,6.64474,0.592854,0.702737,0.482971,7.39795,6.223016,8.572883,0.588591,0,2.110991,7.200704,6.106322,8.295087,9.863815,10,9.52228,-1,-1,-1,-1,-1,-1,-1,-1,-1,-1,-1,-1,-1,-1,-1,-1,-1,-1,-1,-1,-1,-1,-1,-1,-1,-1,-1,-1,-1,-1,-1,-1,-1,-1,-1,-1,-1,-1,-1,-1,-1,-1,-1,-1,-1,-1,-1,-1,-1,-1,0,0,0,0,0,0,-1,-1,-1,-1,-1,-1,-1,-1,-1,-1,-1,-1,0,0,0,0,0,0,-1,-1,-1,-1,-1,-1,-1,-1,-1,-1,-1,-1,-1,-1,False,False,0,0,False,209,0,0,0,0,0,0,0,0,0,0,0,0,0,0,0,1,
0,4872,2026-02-23 13:17:32Z,LLM_Empathetic,6.929666,7.222201,6.63713,0.615256,0,1.60411,0,0,0,0,0,0,5.497843,4.350962,6.644734,0.592854,0.702737,0.482971,7.397948,6.223017,8.572879,0.5885942,0,2.110995,7.200699,6.106319,8.295079,9.863805,10,9.522266,6.929666,7.222201,6.63713,0.615256,0,1.60411,0,0,0,0,0,0,5.497843,4.350962,6.644734,0.592854,0.702737,0.482971,7.397948,6.223017,8.572879,0.5885942,0,2.110995,7.200699,6.106319,8.295079,9.863805,10,9.522266,-1,-1,-1,-1,-1,-1,-1,-1,-1,-1,-1,-1,-1,-1,-1,-1,-1,-1,-1,-1,-1,-1,-1,-1,-1,-1,-1,-1,-1,-1,-1,-1,-1,-1,-1,-1,-1,-1,-1,-1,-1,-1,-1,-1,-1,-1,-1,-1,-1,-1,0,0,0,0,0,0,-1,-1,-1,-1,-1,-1,-1,-1,-1,-1,-1,-1,0,0,0,0,0,0,-1,-1,-1,-1,-1,-1,-1,-1,-1,-1,-1,-1,-1,-1,False,False,0,0,False,207,0,0,0,0,0,0,0,0,0,0,0,0,0,0,0,1,
0,4873,2026-02-23 13:17:32Z,LLM_Empathetic,6.929666,7.222201,6.63713,0.615256,0,1.60411,0,0,0,0,0,0,5.497843,4.350962,6.644734,0.592854,0.702737,0.482971,7.397948,6.223017,8.572879,0.5885942,0,2.110995,7.200699,6.106319,8.295079,9.863805,10,9.522266,6.929666,7.222201,6.63713,0.615256,0,1.60411,0,0,0,0,0,0,5.497843,4.350962,6.644734,0.592854,0.702737,0.482971,7.397948,6.223017,8.572879,0.5885942,0,2.110995,7.200699,6.106319,8.295079,9.863805,10,9.522266,-1,-1,-1,-1,-1,-1,-1,-1,-1,-1,-1,-1,-1,-1,-1,-1,-1,-1,-1,-1,-1,-1,-1,-1,-1,-1,-1,-1,-1,-1,-1,-1,-1,-1,-1,-1,-1,-1,-1,-1,-1,-1,-1,-1,-1,-1,-1,-1,-1,-1,0,0,0,0,0,0,-1,-1,-1,-1,-1,-1,-1,-1,-1,-1,-1,-1,0,0,0,0,0,0,-1,-1,-1,-1,-1,-1,-1,-1,-1,-1,-1,-1,-1,-1,False,False,0,0,False,209,0,0,0,0,0,0,0,0,0,0,0,0,0,0,0,1,
0,4874,2026-02-23 13:17:32Z,LLM_Empathetic,6.929663,7.2222,6.637125,0.6152609,0,1.604113,0,0,0,0,0,0,5.497839,4.35096,6.644728,0.592854,0.702737,0.482971,7.397946,6.223018,8.572874,0.5885974,0,2.110998,7.200694,6.106317,8.295072,9.863794,10,9.522253,6.929663,7.2222,6.637125,0.6152609,0,1.604113,0,0,0,0,0,0,5.497839,4.35096,6.644728,0.592854,0.702737,0.482971,7.397946,6.223018,8.572874,0.5885974,0,2.110998,7.200694,6.106317,8.295072,9.863794,10,9.522253,-1,-1,-1,-1,-1,-1,-1,-1,-1,-1,-1,-1,-1,-1,-1,-1,-1,-1,-1,-1,-1,-1,-1,-1,-1,-1,-1,-1,-1,-1,-1,-1,-1,-1,-1,-1,-1,-1,-1,-1,-1,-1,-1,-1,-1,-1,-1,-1,-1,-1,0,0,0,0,0,0,-1,-1,-1,-1,-1,-1,-1,-1,-1,-1,-1,-1,0,0,0,0,0,0,-1,-1,-1,-1,-1,-1,-1,-1,-1,-1,-1,-1,-1,-1,False,False,0,0,False,207,0,0,0,0,0,0,0,0,0,0,0,0,0,0,0,1,
0,4875,2026-02-23 13:17:32Z,LLM_Empathetic,6.92966,7.2222,6.63712,0.6152659,0,1.604116,0,0,0,0,0,0,5.497835,4.350959,6.644722,0.592854,0.702737,0.482971,7.397944,6.223019,8.57287,0.5886006,0,2.111001,7.200688,6.106314,8.295064,9.863784,10,9.52224,6.92966,7.2222,6.63712,0.6152659,0,1.604116,0,0,0,0,0,0,5.497835,4.350959,6.644722,0.592854,0.702737,0.482971,7.397944,6.223019,8.57287,0.5886006,0,2.111001,7.200688,6.106314,8.295064,9.863784,10,9.52224,-1,-1,-1,-1,-1,-1,-1,-1,-1,-1,-1,-1,-1,-1,-1,-1,-1,-1,-1,-1,-1,-1,-1,-1,-1,-1,-1,-1,-1,-1,-1,-1,-1,-1,-1,-1,-1,-1,-1,-1,-1,-1,-1,-1,-1,-1,-1,-1,-1,-1,0,0,0,0,0,0,-1,-1,-1,-1,-1,-1,-1,-1,-1,-1,-1,-1,0,0,0,0,0,0,-1,-1,-1,-1,-1,-1,-1,-1,-1,-1,-1,-1,-1,-1,False,False,0,0,False,209,0,0,0,0,0,0,0,0,0,0,0,0,0,0,0,1,
0,4876,2026-02-23 13:17:32Z,LLM_Empathetic,6.929657,7.222199,6.637114,0.6152709,0,1.604119,0,0,0,0,0,0,5.497831,4.350958,6.644715,0.592854,0.702737,0.482971,7.397943,6.22302,8.572865,0.5886037,0,2.111004,7.200683,6.106311,8.295056,9.863773,10,9.522227,6.929657,7.222199,6.637114,0.6152709,0,1.604119,0,0,0,0,0,0,5.497831,4.350958,6.644715,0.592854,0.702737,0.482971,7.397943,6.22302,8.572865,0.5886037,0,2.111004,7.200683,6.106311,8.295056,9.863773,10,9.522227,-1,-1,-1,-1,-1,-1,-1,-1,-1,-1,-1,-1,-1,-1,-1,-1,-1,-1,-1,-1,-1,-1,-1,-1,-1,-1,-1,-1,-1,-1,-1,-1,-1,-1,-1,-1,-1,-1,-1,-1,-1,-1,-1,-1,-1,-1,-1,-1,-1,-1,0,0,0,0,0,0,-1,-1,-1,-1,-1,-1,-1,-1,-1,-1,-1,-1,0,0,0,0,0,0,-1,-1,-1,-1,-1,-1,-1,-1,-1,-1,-1,-1,-1,-1,False,False,0,0,False,207,0,0,0,0,0,0,0,0,0,0,0,0,0,0,0,1,