ParticipantID,UnityFrame,FrameTimeStamp,CurrentScene,Emo_Valence_Score,Emo_Valence_CI_Upper,Emo_Valence_CI_Lower,Emo_Arousal_Score,Emo_Arousal_CI_Upper,Emo_Arousal_CI_Lower,Emo_Fear_Score,Emo_Fear_CI_Upper,Emo_Fear_CI_Lower,Emo_Stress_Score,Emo_Stress_CI_Upper,Emo_Stress_CI_Lower,Emo_Happy_Score,Emo_Happy_CI_Upper,Emo_Happy_CI_Lower,Emo_Sad_Score,Emo_Sad_CI_Upper,Emo_Sad_CI_Lower,Emo_Bored_Score,Emo_Bored_CI_Upper,Emo_Bored_CI_Lower,Emo_Excited_Score,Emo_Excited_CI_Upper,Emo_Excited_CI_Lower,Emo_Content_Score,Emo_Content_CI_Upper,Emo_Content_CI_Lower,Emo_Calm_Score,Emo_Calm_CI_Upper,Emo_Calm_CI_Lower,Emo_Valence_Score,Emo_Valence_CI_Upper,Emo_Valence_CI_Lower,Emo_Arousal_Score,Emo_Arousal_CI_Upper,Emo_Arousal_CI_Lower,Emo_Fear_Score,Emo_Fear_CI_Upper,Emo_Fear_CI_Lower,Emo_Stress_Score,Emo_Stress_CI_Upper,Emo_Stress_CI_Lower,Emo_Happy_Score,Emo_Happy_CI_Upper,Emo_Happy_CI_Lower,Emo_Sad_Score,Emo_Sad_CI_Upper,Emo_Sad_CI_Lower,Emo_Bored_Score,Emo_Bored_CI_Upper,Emo_Bored_CI_Lower,Emo_Excited_Score,Emo_Excited_CI_Upper,Emo_Excited_CI_Lower,Emo_Content_Score,Emo_Content_CI_Upper,Emo_Content_CI_Lower,Emo_Calm_Score,Emo_Calm_CI_Upper,Emo_Calm_CI_Lower,Vive_Eye_Left_Blink,Vive_Eye_Left_Wide,Vive_Eye_Right_Blink,Vive_Eye_Right_Wide,Vive_Eye_Left_Squeeze,Vive_Eye_Right_Squeeze,Vive_Eye_Left_Down,Vive_Eye_Right_Down,Vive_Eye_Left_Out,Vive_Eye_Right_In,Vive_Eye_Left_In,Vive_Eye_Right_Out,Vive_Eye_Left_Up,Vive_Eye_Right_Up,Vive_Face_Jaw_Right,Vive_Face_Jaw_Left,Vive_Face_Jaw_Forward,Vive_Face_Jaw_Open,Vive_Face_Mouth_Ape_Shape,Vive_Face_Mouth_Upper_Right,Vive_Face_Mouth_Upper_Left,Vive_Face_Lower_Right,Vive_Face_Lower_Left,Vive_Face_Mouth_Upper_Overturn,Vive_Face_Mouth_Lower_Overturn,Vive_Face_Mouth_Pout,Vive_Face_Mouth_Smile_Right,Vive_Face_Mouth_Smile_Left,Vive_Face_Mouth_Sad_Right,Vive_Face_Mouth_Sad_Left,Vive_Face_Mouth_Puff_Right,Vive_Face_Mouth_Puff_left,Vive_Face_Mouth_Suck,Vive_Face_Mouth_Upper_UpRight,Vive_Face_Mouth_Upper_UpLeft,Vive_Face_Mouth_Lower_DownRight,Vive_Face_Mouth_Lower_DownLeft,Vive_Face_Mouth_Upper_Inside,Vive_Face_Mouth_Lower_Inside,Vive_Face_Tongue_Out_1,Vive_Face_Tongue_Left,Vive_Face_Tongue_Right,Vive_Face_Tongue_Up,Vive_Face_Tongue_Down,Vive_Face_Tongue_Roll,Vive_Face_Tongue_Out_2,Vive_Face_Tongue_Up_Right,Vive_Face_Tongue_Up_Left,Vive_Face_Tongue_Down_Right,Vive_Face_Tongue_Down_Left,EyeGaze_Local_Pos.x,EyeGaze_Local_Pos.y,EyeGaze_Local_Pos.z,EyeGaze_Local_Direction.x,EyeGaze_Local_Direction.y,EyeGaze_Local_Direction.z,LeftEyeGaze_Local_Pos.x,LeftEyeGaze_Local_Pos.y,LeftEyeGaze_Local_Pos.z,LeftEyeGaze_Local_Direction.x,LeftEyeGaze_Local_Direction.y,LeftEyeGaze_Local_Direction.z,RightEyeGaze_Local_Pos.x,RightEyeGaze_Local_Pos.y,RightEyeGaze_Local_Pos.z,RightEyeGaze_Local_Direction.x,RightEyeGaze_Local_Direction.y,RightEyeGaze_Local_Direction.z,EyeGaze_World_Pos.x,EyeGaze_World_Pos.y,EyeGaze_World_Pos.z,EyeGaze_World_Direction.x,EyeGaze_World_Direction.y,EyeGaze_World_Direction.z,LeftEyeGaze_World_Pos.x,LeftEyeGaze_World_Pos.y,LeftEyeGaze_World_Pos.z,LeftEyeGaze_World_Direction.x,LeftEyeGaze_World_Direction.y,LeftEyeGaze_World_Direction.z,RightEyeGaze_World_Pos.x,RightEyeGaze_World_Pos.y,RightEyeGaze_World_Pos.z,RightEyeGaze_World_Direction.x,RightEyeGaze_World_Direction.y,RightEyeGaze_World_Direction.z,PupilDilation_Left,PupilDilation_Right,EyeClosed_Left,EyeClosed_Right,CurrentBlink_Duration,CurrentBlink_Interval,GazeValid,Foveal_GrayScaleValue,Parafoveal_GrayScaleValue,Headpoint_GrayScaleValue,Image_GrayScaleValue,HMD_pX,HMD_pY,HMD_pZ,HMD_rX,HMD_rY,HMD_rZ,HMD_arX,HMD_arY,HMD_arZ,HMD_aqX,HMD_aqY,HMD_aqZ,HMD_aqW,
0,1652,2026-02-16 17:35:27Z,,6.925469,7.221441,6.629497,0.6223881,0,1.608044,0,0,0,0,0,0,5.492445,4.349176,6.635725,0.592854,0.702737,0.482971,7.395486,6.224283,8.566689,0.5931615,0,2.115562,7.193205,6.102262,8.284149,9.848837,10,9.503481,6.925469,7.221441,6.629497,0.6223881,0,1.608044,0,0,0,0,0,0,5.492445,4.349176,6.635725,0.592854,0.702737,0.482971,7.395486,6.224283,8.566689,0.5931615,0,2.115562,7.193205,6.102262,8.284149,9.848837,10,9.503481,-1,-1,-1,-1,-1,-1,-1,-1,-1,-1,-1,-1,-1,-1,-1,-1,-1,-1,-1,-1,-1,-1,-1,-1,-1,-1,-1,-1,-1,-1,-1,-1,-1,-1,-1,-1,-1,-1,-1,-1,-1,-1,-1,-1,-1,-1,-1,-1,-1,-1,0,0,0,0,0,0,-1,-1,-1,-1,-1,-1,-1,-1,-1,-1,-1,-1,0,0,0,0,0,0,-1,-1,-1,-1,-1,-1,-1,-1,-1,-1,-1,-1,-1,-1,False,False,0,0,False,54,0,0,0,0,0,0,0,0,0,0,0,0,0,0,0,1,
0,1653,2026-02-16 17:35:27Z,,6.925475,7.221442,6.629508,0.6223777,0,1.608038,0,0,0,0,0,0,5.492453,4.349179,6.635737,0.592854,0.702737,0.482971,7.39549,6.224281,8.566699,0.5931548,0,2.115555,7.193216,6.102269,8.284165,9.848859,10,9.503509,6.925475,7.221442,6.629508,0.6223777,0,1.608038,0,0,0,0,0,0,5.492453,4.349179,6.635737,0.592854,0.702737,0.482971,7.39549,6.224281,8.566699,0.5931548,0,2.115555,7.193216,6.102269,8.284165,9.848859,10,9.503509,-1,-1,-1,-1,-1,-1,-1,-1,-1,-1,-1,-1,-1,-1,-1,-1,-1,-1,-1,-1,-1,-1,-1,-1,-1,-1,-1,-1,-1,-1,-1,-1,-1,-1,-1,-1,-1,-1,-1,-1,-1,-1,-1,-1,-1,-1,-1,-1,-1,-1,0,0,0,0,0,0,-1,-1,-1,-1,-1,-1,-1,-1,-1,-1,-1,-1,0,0,0,0,0,0,-1,-1,-1,-1,-1,-1,-1,-1,-1,-1,-1,-1,-1,-1,False,False,0,0,False,54,0,0,0,0,0,0,0,0,0,0,0,0,0,0,0,1,
0,1654,2026-02-16 17:35:27Z,,6.925481,7.221443,6.629519,0.6223673,0,1.608032,0,0,0,0,0,0,5.492461,4.349182,6.635751,0.592854,0.702737,0.482971,7.395494,6.224279,8.566708,0.5931482,0,2.115549,7.193227,6.102274,8.284182,9.848881,10,9.503536,6.925481,7.221443,6.629519,0.6223673,0,1.608032,0,0,0,0,0,0,5.492461,4.349182,6.635751,0.592854,0.702737,0.482971,7.395494,6.224279,8.566708,0.5931482,0,2.115549,7.193227,6.102274,8.284182,9.848881,10,9.503536,-1,-1,-1,-1,-1,-1,-1,-1,-1,-1,-1,-1,-1,-1,-1,-1,-1,-1,-1,-1,-1,-1,-1,-1,-1,-1,-1,-1,-1,-1,-1,-1,-1,-1,-1,-1,-1,-1,-1,-1,-1,-1,-1,-1,-1,-1,-1,-1,-1,-1,0,0,0,0,0,0,-1,-1,-1,-1,-1,-1,-1,-1,-1,-1,-1,-1,0,0,0,0,0,0,-1,-1,-1,-1,-1,-1,-1,-1,-1,-1,-1,-1,-1,-1,False,False,0,0,False,54,0,0,0,0,0,0,0,0,0,0,0,0,0,0,0,1,
0,1655,2026-02-16 17:35:27Z,,6.925488,7.221445,6.62953,0.6223569,0,1.608027,0,0,0,0,0,0,5.492469,4.349185,6.635764,0.592854,0.702737,0.482971,7.395497,6.224278,8.566717,0.5931415,0,2.115542,7.193238,6.102281,8.284197,9.848903,10,9.503563,6.925488,7.221445,6.62953,0.6223569,0,1.608027,0,0,0,0,0,0,5.492469,4.349185,6.635764,0.592854,0.702737,0.482971,7.395497,6.224278,8.566717,0.5931415,0,2.115542,7.193238,6.102281,8.284197,9.848903,10,9.503563,-1,-1,-1,-1,-1,-1,-1,-1,-1,-1,-1,-1,-1,-1,-1,-1,-1,-1,-1,-1,-1,-1,-1,-1,-1,-1,-1,-1,-1,-1,-1,-1,-1,-1,-1,-1,-1,-1,-1,-1,-1,-1,-1,-1,-1,-1,-1,-1,-1,-1,0,0,0,0,0,0,-1,-1,-1,-1,-1,-1,-1,-1,-1,-1,-1,-1,0,0,0,0,0,0,-1,-1,-1,-1,-1,-1,-1,-1,-1,-1,-1,-1,-1,-1,False,False,0,0,False,54,0,0,0,0,0,0,0,0,0,0,0,0,0,0,0,1,
0,1656,2026-02-16 17:35:27Z,,6.925493,7.221446,6.629541,0.6223465,0,1.608021,0,0,0,0,0,0,5.492477,4.349187,6.635777,0.592854,0.702737,0.482971,7.395501,6.224276,8.566726,0.5931348,0,2.115535,7.193249,6.102286,8.284213,9.848925,10,9.503591,6.925493,7.221446,6.629541,0.6223465,0,1.608021,0,0,0,0,0,0,5.492477,4.349187,6.635777,0.592854,0.702737,0.482971,7.395501,6.224276,8.566726,0.5931348,0,2.115535,7.193249,6.102286,8.284213,9.848925,10,9.503591,-1,-1,-1,-1,-1,-1,-1,-1,-1,-1,-1,-1,-1,-1,-1,-1,-1,-1,-1,-1,-1,-1,-1,-1,-1,-1,-1,-1,-1,-1,-1,-1,-1,-1,-1,-1,-1,-1,-1,-1,-1,-1,-1,-1,-1,-1,-1,-1,-1,-1,0,0,0,0,0,0,-1,-1,-1,-1,-1,-1,-1,-1,-1,-1,-1,-1,0,0,0,0,0,0,-1,-1,-1,-1,-1,-1,-1,-1,-1,-1,-1,-1,-1,-1,False,False,0,0,False,54,0,0,0,0,0,0,0,0,0,0,0,0,0,0,0,1,
0,1657,2026-02-16 17:35:27Z,,6.925499,7.221447,6.629552,0.6223361,0,1.608015,0,0,0,0,0,0,5.492485,4.34919,6.63579,0.592854,0.702737,0.482971,7.395504,6.224274,8.566735,0.5931282,0,2.115529,7.19326,6.102293,8.284229,9.848947,10,9.503618,6.925499,7.221447,6.629552,0.6223361,0,1.608015,0,0,0,0,0,0,5.492485,4.34919,6.63579,0.592854,0.702737,0.482971,7.395504,6.224274,8.566735,0.5931282,0,2.115529,7.19326,6.102293,8.284229,9.848947,10,9.503618,-1,-1,-1,-1,-1,-1,-1,-1,-1,-1,-1,-1,-1,-1,-1,-1,-1,-1,-1,-1,-1,-1,-1,-1,-1,-1,-1,-1,-1,-1,-1,-1,-1,-1,-1,-1,-1,-1,-1,-1,-1,-1,-1,-1,-1,-1,-1,-1,-1,-1,0,0,0,0,0,0,-1,-1,-1,-1,-1,-1,-1,-1,-1,-1,-1,-1,0,0,0,0,0,0,-1,-1,-1,-1,-1,-1,-1,-1,-1,-1,-1,-1,-1,-1,False,False,0,0,False,54,0,0,0,0,0,0,0,0,0,0,0,0,0,0,0,1,
0,1658,2026-02-16 17:35:27Z,,6.925506,7.221448,6.629563,0.6223257,0,1.608009,0,0,0,0,0,0,5.492493,4.349192,6.635803,0.592854,0.702737,0.482971,7.395508,6.224272,8.566744,0.5931215,0,2.115522,7.193271,6.102298,8.284245,9.848969,10,9.503646,6.925506,7.221448,6.629563,0.6223257,0,1.608009,0,0,0,0,0,0,5.492493,4.349192,6.635803,0.592854,0.702737,0.482971,7.395508,6.224272,8.566744,0.5931215,0,2.115522,7.193271,6.102298,8.284245,9.848969,10,9.503646,-1,-1,-1,-1,-1,-1,-1,-1,-1,-1,-1,-1,-1,-1,-1,-1,-1,-1,-1,-1,-1,-1,-1,-1,-1,-1,-1,-1,-1,-1,-1,-1,-1,-1,-1,-1,-1,-1,-1,-1,-1,-1,-1,-1,-1,-1,-1,-1,-1,-1,0,0,0,0,0,0,-1,-1,-1,-1,-1,-1,-1,-1,-1,-1,-1,-1,0,0,0,0,0,0,-1,-1,-1,-1,-1,-1,-1,-1,-1,-1,-1,-1,-1,-1,False,False,0,0,False,54,0,0,0,0,0,0,0,0,0,0,0,0,0,0,0,1,
0,1659,2026-02-16 17:35:27Z,,6.925512,7.221449,6.629574,0.6223153,0,1.608004,0,0,0,0,0,0,5.4925,4.349195,6.635816,0.592854,0.702737,0.482971,7.395512,6.22427,8.566753,0.5931149,0,2.115515,7.193282,6.102304,8.284261,9.848989,10,9.503673,6.925512,7.221449,6.629574,0.6223153,0,1.608004,0,0,0,0,0,0,5.4925,4.349195,6.635816,0.592854,0.702737,0.482971,7.395512,6.22427,8.566753,0.5931149,0,2.115515,7.193282,6.102304,8.284261,9.848989,10,9.503673,-1,-1,-1,-1,-1,-1,-1,-1,-1,-1,-1,-1,-1,-1,-1,-1,-1,-1,-1,-1,-1,-1,-1,-1,-1,-1,-1,-1,-1,-1,-1,-1,-1,-1,-1,-1,-1,-1,-1,-1,-1,-1,-1,-1,-1,-1,-1,-1,-1,-1,0,0,0,0,0,0,-1,-1,-1,-1,-1,-1,-1,-1,-1,-1,-1,-1,0,0,0,0,0,0,-1,-1,-1,-1,-1,-1,-1,-1,-1,-1,-1,-1,-1,-1,False,False,0,0,False,54,0,0,0,0,0,0,0,0,0,0,0,0,0,0,0,1,
0,1660,2026-02-16 17:35:27Z,,6.925518,7.22145,6.629586,0.622305,0,1.607998,0,0,0,0,0,0,5.492508,4.349197,6.635829,0.592854,0.702737,0.482971,7.395515,6.224268,8.566762,0.5931082,0,2.115509,7.193293,6.10231,8.284277,9.849011,10,9.5037,6.925518,7.22145,6.629586,0.622305,0,1.607998,0,0,0,0,0,0,5.492508,4.349197,6.635829,0.592854,0.702737,0.482971,7.395515,6.224268,8.566762,0.5931082,0,2.115509,7.193293,6.10231,8.284277,9.849011,10,9.5037,-1,-1,-1,-1,-1,-1,-1,-1,-1,-1,-1,-1,-1,-1,-1,-1,-1,-1,-1,-1,-1,-1,-1,-1,-1,-1,-1,-1,-1,-1,-1,-1,-1,-1,-1,-1,-1,-1,-1,-1,-1,-1,-1,-1,-1,-1,-1,-1,-1,-1,0,0,0,0,0,0,-1,-1,-1,-1,-1,-1,-1,-1,-1,-1,-1,-1,0,0,0,0,0,0,-1,-1,-1,-1,-1,-1,-1,-1,-1,-1,-1,-1,-1,-1,False,False,0,0,False,54,0,0,0,0,0,0,0,0,0,0,0,0,0,0,0,1,
0,1661,2026-02-16 17:35:27Z,,6.925524,7.221451,6.629597,0.6222946,0,1.607992,0,0,0,0,0,0,5.492516,4.3492,6.635842,0.592854,0.702737,0.482971,7.395519,6.224267,8.566771,0.5931016,0,2.115502,7.193304,6.102316,8.284292,9.849033,10,9.503727,6.925524,7.221451,6.629597,0.6222946,0,1.607992,0,0,0,0,0,0,5.492516,4.3492,6.635842,0.592854,0.702737,0.482971,7.395519,6.224267,8.566771,0.5931016,0,2.115502,7.193304,6.102316,8.284292,9.849033,10,9.503727,-1,-1,-1,-1,-1,-1,-1,-1,-1,-1,-1,-1,-1,-1,-1,-1,-1,-1,-1,-1,-1,-1,-1,-1,-1,-1,-1,-1,-1,-1,-1,-1,-1,-1,-1,-1,-1,-1,-1,-1,-1,-1,-1,-1,-1,-1,-1,-1,-1,-1,0,0,0,0,0,0,-1,-1,-1,-1,-1,-1,-1,-1,-1,-1,-1,-1,0,0,0,0,0,0,-1,-1,-1,-1,-1,-1,-1,-1,-1,-1,-1,-1,-1,-1,False,False,0,0,False,54,0,0,0,0,0,0,0,0,0,0,0,0,0,0,0,1,
0,1662,2026-02-16 17:35:27Z,,6.92553,7.221452,6.629608,0.6222843,0,1.607987,0,0,0,0,0,0,5.492524,4.349203,6.635856,0.592854,0.702737,0.482971,7.395522,6.224265,8.56678,0.593095,0,2.115495,7.193315,6.102322,8.284308,9.849055,10,9.503755,6.92553,7.221452,6.629608,0.6222843,0,1.607987,0,0,0,0,0,0,5.492524,4.349203,6.635856,0.592854,0.702737,0.482971,7.395522,6.224265,8.56678,0.593095,0,2.115495,7.193315,6.102322,8.284308,9.849055,10,9.503755,-1,-1,-1,-1,-1,-1,-1,-1,-1,-1,-1,-1,-1,-1,-1,-1,-1,-1,-1,-1,-1,-1,-1,-1,-1,-1,-1,-1,-1,-1,-1,-1,-1,-1,-1,-1,-1,-1,-1,-1,-1,-1,-1,-1,-1,-1,-1,-1,-1,-1,0,0,0,0,0,0,-1,-1,-1,-1,-1,-1,-1,-1,-1,-1,-1,-1,0,0,0,0,0,0,-1,-1,-1,-1,-1,-1,-1,-1,-1,-1,-1,-1,-1,-1,False,False,0,0,False,54,0,0,0,0,0,0,0,0,0,0,0,0,0,0,0,1,
0,1663,2026-02-16 17:35:27Z,,6.925536,7.221453,6.629619,0.6222739,0,1.607981,0,0,0,0,0,0,5.492532,4.349205,6.635869,0.592854,0.702737,0.482971,7.395526,6.224263,8.566789,0.5930884,0,2.115489,7.193326,6.102328,8.284325,9.849077,10,9.503781,6.925536,7.221453,6.629619,0.6222739,0,1.607981,0,0,0,0,0,0,5.492532,4.349205,6.635869,0.592854,0.702737,0.482971,7.395526,6.224263,8.566789,0.5930884,0,2.115489,7.193326,6.102328,8.284325,9.849077,10,9.503781,-1,-1,-1,-1,-1,-1,-1,-1,-1,-1,-1,-1,-1,-1,-1,-1,-1,-1,-1,-1,-1,-1,-1,-1,-1,-1,-1,-1,-1,-1,-1,-1,-1,-1,-1,-1,-1,-1,-1,-1,-1,-1,-1,-1,-1,-1,-1,-1,-1,-1,0,0,0,0,0,0,-1,-1,-1,-1,-1,-1,-1,-1,-1,-1,-1,-1,0,0,0,0,0,0,-1,-1,-1,-1,-1,-1,-1,-1,-1,-1,-1,-1,-1,-1,False,False,0,0,False,54,0,0,0,0,0,0,0,0,0,0,0,0,0,0,0,1,
0,1664,2026-02-16 17:35:27Z,,6.925542,7.221455,6.62963,0.6222636,0,1.607975,0,0,0,0,0,0,5.492539,4.349208,6.635881,0.592854,0.702737,0.482971,7.395529,6.224261,8.566798,0.5930818,0,2.115482,7.193336,6.102334,8.28434,9.849098,10,9.503809,6.925542,7.221455,6.62963,0.6222636,0,1.607975,0,0,0,0,0,0,5.492539,4.349208,6.635881,0.592854,0.702737,0.482971,7.395529,6.224261,8.566798,0.5930818,0,2.115482,7.193336,6.102334,8.28434,9.849098,10,9.503809,-1,-1,-1,-1,-1,-1,-1,-1,-1,-1,-1,-1,-1,-1,-1,-1,-1,-1,-1,-1,-1,-1,-1,-1,-1,-1,-1,-1,-1,-1,-1,-1,-1,-1,-1,-1,-1,-1,-1,-1,-1,-1,-1,-1,-1,-1,-1,-1,-1,-1,0,0,0,0,0,0,-1,-1,-1,-1,-1,-1,-1,-1,-1,-1,-1,-1,0,0,0,0,0,0,-1,-1,-1,-1,-1,-1,-1,-1,-1,-1,-1,-1,-1,-1,False,False,0,0,False,54,0,0,0,0,0,0,0,0,0,0,0,0,0,0,0,1,
0,1665,2026-02-16 17:35:27Z,,6.925548,7.221456,6.629641,0.6222533,0,1.60797,0,0,0,0,0,0,5.492548,4.34921,6.635895,0.592854,0.702737,0.482971,7.395533,6.224259,8.566807,0.5930752,0,2.115476,7.193347,6.102339,8.284356,9.84912,10,9.503836,6.925548,7.221456,6.629641,0.6222533,0,1.60797,0,0,0,0,0,0,5.492548,4.34921,6.635895,0.592854,0.702737,0.482971,7.395533,6.224259,8.566807,0.5930752,0,2.115476,7.193347,6.102339,8.284356,9.84912,10,9.503836,-1,-1,-1,-1,-1,-1,-1,-1,-1,-1,-1,-1,-1,-1,-1,-1,-1,-1,-1,-1,-1,-1,-1,-1,-1,-1,-1,-1,-1,-1,-1,-1,-1,-1,-1,-1,-1,-1,-1,-1,-1,-1,-1,-1,-1,-1,-1,-1,-1,-1,0,0,0,0,0,0,-1,-1,-1,-1,-1,-1,-1,-1,-1,-1,-1,-1,0,0,0,0,0,0,-1,-1,-1,-1,-1,-1,-1,-1,-1,-1,-1,-1,-1,-1,False,False,0,0,False,54,0,0,0,0,0,0,0,0,0,0,0,0,0,0,0,1,
0,1666,2026-02-16 17:35:27Z,,6.925554,7.221457,6.629652,0.622243,0,1.607964,0,0,0,0,0,0,5.492555,4.349213,6.635908,0.592854,0.702737,0.482971,7.395536,6.224257,8.566815,0.5930686,0,2.115469,7.193358,6.102345,8.284371,9.849142,10,9.503863,6.925554,7.221457,6.629652,0.622243,0,1.607964,0,0,0,0,0,0,5.492555,4.349213,6.635908,0.592854,0.702737,0.482971,7.395536,6.224257,8.566815,0.5930686,0,2.115469,7.193358,6.102345,8.284371,9.849142,10,9.503863,-1,-1,-1,-1,-1,-1,-1,-1,-1,-1,-1,-1,-1,-1,-1,-1,-1,-1,-1,-1,-1,-1,-1,-1,-1,-1,-1,-1,-1,-1,-1,-1,-1,-1,-1,-1,-1,-1,-1,-1,-1,-1,-1,-1,-1,-1,-1,-1,-1,-1,0,0,0,0,0,0,-1,-1,-1,-1,-1,-1,-1,-1,-1,-1,-1,-1,0,0,0,0,0,0,-1,-1,-1,-1,-1,-1,-1,-1,-1,-1,-1,-1,-1,-1,False,False,0,0,False,54,0,0,0,0,0,0,0,0,0,0,0,0,0,0,0,1,
0,1667,2026-02-16 17:35:27Z,,6.92556,7.221458,6.629663,0.6222327,0,1.607958,0,0,0,0,0,0,5.492563,4.349216,6.635921,0.592854,0.702737,0.482971,7.39554,6.224256,8.566825,0.593062,0,2.115462,7.193369,6.102351,8.284388,9.849163,10,9.50389,6.92556,7.221458,6.629663,0.6222327,0,1.607958,0,0,0,0,0,0,5.492563,4.349216,6.635921,0.592854,0.702737,0.482971,7.39554,6.224256,8.566825,0.593062,0,2.115462,7.193369,6.102351,8.284388,9.849163,10,9.50389,-1,-1,-1,-1,-1,-1,-1,-1,-1,-1,-1,-1,-1,-1,-1,-1,-1,-1,-1,-1,-1,-1,-1,-1,-1,-1,-1,-1,-1,-1,-1,-1,-1,-1,-1,-1,-1,-1,-1,-1,-1,-1,-1,-1,-1,-1,-1,-1,-1,-1,0,0,0,0,0,0,-1,-1,-1,-1,-1,-1,-1,-1,-1,-1,-1,-1,0,0,0,0,0,0,-1,-1,-1,-1,-1,-1,-1,-1,-1,-1,-1,-1,-1,-1,False,False,0,0,False,54,0,0,0,0,0,0,0,0,0,0,0,0,0,0,0,1,
0,1668,2026-02-16 17:35:27Z,,6.925567,7.221459,6.629674,0.6222224,0,1.607952,0,0,0,0,0,0,5.492571,4.349218,6.635934,0.592854,0.702737,0.482971,7.395544,6.224254,8.566833,0.5930554,0,2.115456,7.193379,6.102357,8.284403,9.849185,10,9.503918,6.925567,7.221459,6.629674,0.6222224,0,1.607952,0,0,0,0,0,0,5.492571,4.349218,6.635934,0.592854,0.702737,0.482971,7.395544,6.224254,8.566833,0.5930554,0,2.115456,7.193379,6.102357,8.284403,9.849185,10,9.503918,-1,-1,-1,-1,-1,-1,-1,-1,-1,-1,-1,-1,-1,-1,-1,-1,-1,-1,-1,-1,-1,-1,-1,-1,-1,-1,-1,-1,-1,-1,-1,-1,-1,-1,-1,-1,-1,-1,-1,-1,-1,-1,-1,-1,-1,-1,-1,-1,-1,-1,0,0,0,0,0,0,-1,-1,-1,-1,-1,-1,-1,-1,-1,-1,-1,-1,0,0,0,0,0,0,-1,-1,-1,-1,-1,-1,-1,-1,-1,-1,-1,-1,-1,-1,False,False,0,0,False,54,0,0,0,0,0,0,0,0,0,0,0,0,0,0,0,1,
0,1669,2026-02-16 17:35:27Z,,6.925572,7.22146,6.629685,0.6222122,0,1.607947,0,0,0,0,0,0,5.492579,4.349221,6.635947,0.592854,0.702737,0.482971,7.395547,6.224252,8.566842,0.5930488,0,2.115449,7.19339,6.102363,8.284419,9.849207,10,9.503944,6.925572,7.22146,6.629685,0.6222122,0,1.607947,0,0,0,0,0,0,5.492579,4.349221,6.635947,0.592854,0.702737,0.482971,7.395547,6.224252,8.566842,0.5930488,0,2.115449,7.19339,6.102363,8.284419,9.849207,10,9.503944,-1,-1,-1,-1,-1,-1,-1,-1,-1,-1,-1,-1,-1,-1,-1,-1,-1,-1,-1,-1,-1,-1,-1,-1,-1,-1,-1,-1,-1,-1,-1,-1,-1,-1,-1,-1,-1,-1,-1,-1,-1,-1,-1,-1,-1,-1,-1,-1,-1,-1,0,0,0,0,0,0,-1,-1,-1,-1,-1,-1,-1,-1,-1,-1,-1,-1,0,0,0,0,0,0,-1,-1,-1,-1,-1,-1,-1,-1,-1,-1,-1,-1,-1,-1,False,False,0,0,False,54,0,0,0,0,0,0,0,0,0,0,0,0,0,0,0,1,
0,1670,2026-02-16 17:35:27Z,,6.925579,7.221461,6.629696,0.6222019,0,1.607941,0,0,0,0,0,0,5.492586,4.349223,6.63596,0.592854,0.702737,0.482971,7.395551,6.22425,8.566852,0.5930423,0,2.115443,7.193401,6.102369,8.284434,9.849228,10,9.503971,6.925579,7.221461,6.629696,0.6222019,0,1.607941,0,0,0,0,0,0,5.492586,4.349223,6.63596,0.592854,0.702737,0.482971,7.395551,6.22425,8.566852,0.5930423,0,2.115443,7.193401,6.102369,8.284434,9.849228,10,9.503971,-1,-1,-1,-1,-1,-1,-1,-1,-1,-1,-1,-1,-1,-1,-1,-1,-1,-1,-1,-1,-1,-1,-1,-1,-1,-1,-1,-1,-1,-1,-1,-1,-1,-1,-1,-1,-1,-1,-1,-1,-1,-1,-1,-1,-1,-1,-1,-1,-1,-1,0,0,0,0,0,0,-1,-1,-1,-1,-1,-1,-1,-1,-1,-1,-1,-1,0,0,0,0,0,0,-1,-1,-1,-1,-1,-1,-1,-1,-1,-1,-1,-1,-1,-1,False,False,0,0,False,54,0,0,0,0,0,0,0,0,0,0,0,0,0,0,0,1,
0,1671,2026-02-16 17:35:27Z,,6.925585,7.221462,6.629707,0.6221917,0,1.607936,0,0,0,0,0,0,5.492594,4.349226,6.635972,0.592854,0.702737,0.482971,7.395554,6.224248,8.56686,0.5930357,0,2.115436,7.193412,6.102375,8.284451,9.84925,10,9.503999,6.925585,7.221462,6.629707,0.6221917,0,1.607936,0,0,0,0,0,0,5.492594,4.349226,6.635972,0.592854,0.702737,0.482971,7.395554,6.224248,8.56686,0.5930357,0,2.115436,7.193412,6.102375,8.284451,9.84925,10,9.503999,-1,-1,-1,-1,-1,-1,-1,-1,-1,-1,-1,-1,-1,-1,-1,-1,-1,-1,-1,-1,-1,-1,-1,-1,-1,-1,-1,-1,-1,-1,-1,-1,-1,-1,-1,-1,-1,-1,-1,-1,-1,-1,-1,-1,-1,-1,-1,-1,-1,-1,0,0,0,0,0,0,-1,-1,-1,-1,-1,-1,-1,-1,-1,-1,-1,-1,0,0,0,0,0,0,-1,-1,-1,-1,-1,-1,-1,-1,-1,-1,-1,-1,-1,-1,False,False,0,0,False,54,0,0,0,0,0,0,0,0,0,0,0,0,0,0,0,1,
0,1672,2026-02-16 17:35:27Z,,6.925591,7.221463,6.629718,0.6221814,0,1.60793,0,0,0,0,0,0,5.492602,4.349228,6.635985,0.592854,0.702737,0.482971,7.395558,6.224247,8.566869,0.5930291,0,2.115429,7.193423,6.10238,8.284466,9.849271,10,9.504025,6.925591,7.221463,6.629718,0.6221814,0,1.60793,0,0,0,0,0,0,5.492602,4.349228,6.635985,0.592854,0.702737,0.482971,7.395558,6.224247,8.566869,0.5930291,0,2.115429,7.193423,6.10238,8.284466,9.849271,10,9.504025,-1,-1,-1,-1,-1,-1,-1,-1,-1,-1,-1,-1,-1,-1,-1,-1,-1,-1,-1,-1,-1,-1,-1,-1,-1,-1,-1,-1,-1,-1,-1,-1,-1,-1,-1,-1,-1,-1,-1,-1,-1,-1,-1,-1,-1,-1,-1,-1,-1,-1,0,0,0,0,0,0,-1,-1,-1,-1,-1,-1,-1,-1,-1,-1,-1,-1,0,0,0,0,0,0,-1,-1,-1,-1,-1,-1,-1,-1,-1,-1,-1,-1,-1,-1,False,False,0,0,False,54,0,0,0,0,0,0,0,0,0,0,0,0,0,0,0,1,
0,1673,2026-02-16 17:35:27Z,,6.925597,7.221464,6.629729,0.6221712,0,1.607924,0,0,0,0,0,0,5.49261,4.349231,6.635998,0.592854,0.702737,0.482971,7.395561,6.224245,8.566878,0.5930226,0,2.115423,7.193433,6.102386,8.284482,9.849293,10,9.504052,6.925597,7.221464,6.629729,0.6221712,0,1.607924,0,0,0,0,0,0,5.49261,4.349231,6.635998,0.592854,0.702737,0.482971,7.395561,6.224245,8.566878,0.5930226,0,2.115423,7.193433,6.102386,8.284482,9.849293,10,9.504052,-1,-1,-1,-1,-1,-1,-1,-1,-1,-1,-1,-1,-1,-1,-1,-1,-1,-1,-1,-1,-1,-1,-1,-1,-1,-1,-1,-1,-1,-1,-1,-1,-1,-1,-1,-1,-1,-1,-1,-1,-1,-1,-1,-1,-1,-1,-1,-1,-1,-1,0,0,0,0,0,0,-1,-1,-1,-1,-1,-1,-1,-1,-1,-1,-1,-1,0,0,0,0,0,0,-1,-1,-1,-1,-1,-1,-1,-1,-1,-1,-1,-1,-1,-1,False,False,0,0,False,54,0,0,0,0,0,0,0,0,0,0,0,0,0,0,0,1,
0,1674,2026-02-16 17:35:27Z,,6.925602,7.221466,6.62974,0.6221609,0,1.607919,0,0,0,0,0,0,5.492617,4.349234,6.636011,0.592854,0.702737,0.482971,7.395565,6.224243,8.566887,0.593016,0,2.115416,7.193444,6.102392,8.284497,9.849314,10,9.50408,6.925602,7.221466,6.62974,0.6221609,0,1.607919,0,0,0,0,0,0,5.492617,4.349234,6.636011,0.592854,0.702737,0.482971,7.395565,6.224243,8.566887,0.593016,0,2.115416,7.193444,6.102392,8.284497,9.849314,10,9.50408,-1,-1,-1,-1,-1,-1,-1,-1,-1,-1,-1,-1,-1,-1,-1,-1,-1,-1,-1,-1,-1,-1,-1,-1,-1,-1,-1,-1,-1,-1,-1,-1,-1,-1,-1,-1,-1,-1,-1,-1,-1,-1,-1,-1,-1,-1,-1,-1,-1,-1,0,0,0,0,0,0,-1,-1,-1,-1,-1,-1,-1,-1,-1,-1,-1,-1,0,0,0,0,0,0,-1,-1,-1,-1,-1,-1,-1,-1,-1,-1,-1,-1,-1,-1,False,False,0,0,False,54,0,0,0,0,0,0,0,0,0,0,0,0,0,0,0,1,
0,1675,2026-02-16 17:35:27Z,,6.925609,7.221467,6.629751,0.6221507,0,1.607913,0,0,0,0,0,0,5.492625,4.349236,6.636024,0.592854,0.702737,0.482971,7.395568,6.224241,8.566895,0.5930095,0,2.11541,7.193455,6.102398,8.284513,9.849336,10,9.504107,6.925609,7.221467,6.629751,0.6221507,0,1.607913,0,0,0,0,0,0,5.492625,4.349236,6.636024,0.592854,0.702737,0.482971,7.395568,6.224241,8.566895,0.5930095,0,2.11541,7.193455,6.102398,8.284513,9.849336,10,9.504107,-1,-1,-1,-1,-1,-1,-1,-1,-1,-1,-1,-1,-1,-1,-1,-1,-1,-1,-1,-1,-1,-1,-1,-1,-1,-1,-1,-1,-1,-1,-1,-1,-1,-1,-1,-1,-1,-1,-1,-1,-1,-1,-1,-1,-1,-1,-1,-1,-1,-1,0,0,0,0,0,0,-1,-1,-1,-1,-1,-1,-1,-1,-1,-1,-1,-1,0,0,0,0,0,0,-1,-1,-1,-1,-1,-1,-1,-1,-1,-1,-1,-1,-1,-1,False,False,0,0,False,54,0,0,0,0,0,0,0,0,0,0,0,0,0,0,0,1,
0,1676,2026-02-16 17:35:27Z,,6.925615,7.221467,6.629762,0.6221405,0,1.607907,0,0,0,0,0,0,5.492633,4.349238,6.636037,0.592854,0.702737,0.482971,7.395572,6.224239,8.566905,0.5930029,0,2.115403,7.193466,6.102404,8.284529,9.849357,10,9.504133,6.925615,7.221467,6.629762,0.6221405,0,1.607907,0,0,0,0,0,0,5.492633,4.349238,6.636037,0.592854,0.702737,0.482971,7.395572,6.224239,8.566905,0.5930029,0,2.115403,7.193466,6.102404,8.284529,9.849357,10,9.504133,-1,-1,-1,-1,-1,-1,-1,-1,-1,-1,-1,-1,-1,-1,-1,-1,-1,-1,-1,-1,-1,-1,-1,-1,-1,-1,-1,-1,-1,-1,-1,-1,-1,-1,-1,-1,-1,-1,-1,-1,-1,-1,-1,-1,-1,-1,-1,-1,-1,-1,0,0,0,0,0,0,-1,-1,-1,-1,-1,-1,-1,-1,-1,-1,-1,-1,0,0,0,0,0,0,-1,-1,-1,-1,-1,-1,-1,-1,-1,-1,-1,-1,-1,-1,False,False,0,0,False,54,0,0,0,0,0,0,0,0,0,0,0,0,0,0,0,1,
0,1677,2026-02-16 17:35:27Z,,6.925621,7.221468,6.629773,0.6221303,0,1.607902,0,0,0,0,0,0,5.49264,4.349241,6.63605,0.592854,0.702737,0.482971,7.395576,6.224237,8.566914,0.5929964,0,2.115397,7.193476,6.102409,8.284544,9.849379,10,9.50416,6.925621,7.221468,6.629773,0.6221303,0,1.607902,0,0,0,0,0,0,5.49264,4.349241,6.63605,0.592854,0.702737,0.482971,7.395576,6.224237,8.566914,0.5929964,0,2.115397,7.193476,6.102409,8.284544,9.849379,10,9.50416,-1,-1,-1,-1,-1,-1,-1,-1,-1,-1,-1,-1,-1,-1,-1,-1,-1,-1,-1,-1,-1,-1,-1,-1,-1,-1,-1,-1,-1,-1,-1,-1,-1,-1,-1,-1,-1,-1,-1,-1,-1,-1,-1,-1,-1,-1,-1,-1,-1,-1,0,0,0,0,0,0,-1,-1,-1,-1,-1,-1,-1,-1,-1,-1,-1,-1,0,0,0,0,0,0,-1,-1,-1,-1,-1,-1,-1,-1,-1,-1,-1,-1,-1,-1,False,False,0,0,False,54,0,0,0,0,0,0,0,0,0,0,0,0,0,0,0,1,
0,1678,2026-02-16 17:35:27Z,,6.925627,7.22147,6.629784,0.6221201,0,1.607896,0,0,0,0,0,0,5.492648,4.349244,6.636063,0.592854,0.702737,0.482971,7.395579,6.224236,8.566922,0.5929899,0,2.11539,7.193487,6.102415,8.28456,9.8494,10,9.504187,6.925627,7.22147,6.629784,0.6221201,0,1.607896,0,0,0,0,0,0,5.492648,4.349244,6.636063,0.592854,0.702737,0.482971,7.395579,6.224236,8.566922,0.5929899,0,2.11539,7.193487,6.102415,8.28456,9.8494,10,9.504187,-1,-1,-1,-1,-1,-1,-1,-1,-1,-1,-1,-1,-1,-1,-1,-1,-1,-1,-1,-1,-1,-1,-1,-1,-1,-1,-1,-1,-1,-1,-1,-1,-1,-1,-1,-1,-1,-1,-1,-1,-1,-1,-1,-1,-1,-1,-1,-1,-1,-1,0,0,0,0,0,0,-1,-1,-1,-1,-1,-1,-1,-1,-1,-1,-1,-1,0,0,0,0,0,0,-1,-1,-1,-1,-1,-1,-1,-1,-1,-1,-1,-1,-1,-1,False,False,0,0,False,54,0,0,0,0,0,0,0,0,0,0,0,0,0,0,0,1,
0,1679,2026-02-16 17:35:27Z,,6.925632,7.221471,6.629794,0.6221099,0,1.60789,0,0,0,0,0,0,5.492656,4.349246,6.636075,0.592854,0.702737,0.482971,7.395582,6.224234,8.566931,0.5929834,0,2.115384,7.193498,6.102421,8.284575,9.849421,10,9.504213,6.925632,7.221471,6.629794,0.6221099,0,1.60789,0,0,0,0,0,0,5.492656,4.349246,6.636075,0.592854,0.702737,0.482971,7.395582,6.224234,8.566931,0.5929834,0,2.115384,7.193498,6.102421,8.284575,9.849421,10,9.504213,-1,-1,-1,-1,-1,-1,-1,-1,-1,-1,-1,-1,-1,-1,-1,-1,-1,-1,-1,-1,-1,-1,-1,-1,-1,-1,-1,-1,-1,-1,-1,-1,-1,-1,-1,-1,-1,-1,-1,-1,-1,-1,-1,-1,-1,-1,-1,-1,-1,-1,0,0,0,0,0,0,-1,-1,-1,-1,-1,-1,-1,-1,-1,-1,-1,-1,0,0,0,0,0,0,-1,-1,-1,-1,-1,-1,-1,-1,-1,-1,-1,-1,-1,-1,False,False,0,0,False,54,0,0,0,0,0,0,0,0,0,0,0,0,0,0,0,1,
0,1680,2026-02-16 17:35:27Z,,6.925639,7.221472,6.629805,0.6220998,0,1.607885,0,0,0,0,0,0,5.492663,4.349249,6.636088,0.592854,0.702737,0.482971,7.395586,6.224232,8.56694,0.5929769,0,2.115377,7.193509,6.102427,8.284591,9.849442,10,9.50424,6.925639,7.221472,6.629805,0.6220998,0,1.607885,0,0,0,0,0,0,5.492663,4.349249,6.636088,0.592854,0.702737,0.482971,7.395586,6.224232,8.56694,0.5929769,0,2.115377,7.193509,6.102427,8.284591,9.849442,10,9.50424,-1,-1,-1,-1,-1,-1,-1,-1,-1,-1,-1,-1,-1,-1,-1,-1,-1,-1,-1,-1,-1,-1,-1,-1,-1,-1,-1,-1,-1,-1,-1,-1,-1,-1,-1,-1,-1,-1,-1,-1,-1,-1,-1,-1,-1,-1,-1,-1,-1,-1,0,0,0,0,0,0,-1,-1,-1,-1,-1,-1,-1,-1,-1,-1,-1,-1,0,0,0,0,0,0,-1,-1,-1,-1,-1,-1,-1,-1,-1,-1,-1,-1,-1,-1,False,False,0,0,False,54,0,0,0,0,0,0,0,0,0,0,0,0,0,0,0,1,
0,1681,2026-02-16 17:35:27Z,,6.925644,7.221473,6.629816,0.6220896,0,1.607879,0,0,0,0,0,0,5.492671,4.349251,6.636101,0.592854,0.702737,0.482971,7.395589,6.22423,8.566949,0.5929704,0,2.115371,7.193519,6.102433,8.284607,9.849463,10,9.504268,6.925644,7.221473,6.629816,0.6220896,0,1.607879,0,0,0,0,0,0,5.492671,4.349251,6.636101,0.592854,0.702737,0.482971,7.395589,6.22423,8.566949,0.5929704,0,2.115371,7.193519,6.102433,8.284607,9.849463,10,9.504268,-1,-1,-1,-1,-1,-1,-1,-1,-1,-1,-1,-1,-1,-1,-1,-1,-1,-1,-1,-1,-1,-1,-1,-1,-1,-1,-1,-1,-1,-1,-1,-1,-1,-1,-1,-1,-1,-1,-1,-1,-1,-1,-1,-1,-1,-1,-1,-1,-1,-1,0,0,0,0,0,0,-1,-1,-1,-1,-1,-1,-1,-1,-1,-1,-1,-1,0,0,0,0,0,0,-1,-1,-1,-1,-1,-1,-1,-1,-1,-1,-1,-1,-1,-1,False,False,0,0,False,54,0,0,0,0,0,0,0,0,0,0,0,0,0,0,0,1,
0,1682,2026-02-16 17:35:27Z,,6.925651,7.221474,6.629827,0.6220795,0,1.607874,0,0,0,0,0,0,5.492679,4.349254,6.636114,0.592854,0.702737,0.482971,7.395593,6.224228,8.566957,0.5929639,0,2.115364,7.19353,6.102438,8.284622,9.849484,10,9.504294,6.925651,7.221474,6.629827,0.6220795,0,1.607874,0,0,0,0,0,0,5.492679,4.349254,6.636114,0.592854,0.702737,0.482971,7.395593,6.224228,8.566957,0.5929639,0,2.115364,7.19353,6.102438,8.284622,9.849484,10,9.504294,-1,-1,-1,-1,-1,-1,-1,-1,-1,-1,-1,-1,-1,-1,-1,-1,-1,-1,-1,-1,-1,-1,-1,-1,-1,-1,-1,-1,-1,-1,-1,-1,-1,-1,-1,-1,-1,-1,-1,-1,-1,-1,-1,-1,-1,-1,-1,-1,-1,-1,0,0,0,0,0,0,-1,-1,-1,-1,-1,-1,-1,-1,-1,-1,-1,-1,0,0,0,0,0,0,-1,-1,-1,-1,-1,-1,-1,-1,-1,-1,-1,-1,-1,-1,False,False,0,0,False,54,0,0,0,0,0,0,0,0,0,0,0,0,0,0,0,1,
0,1683,2026-02-16 17:35:27Z,,6.925656,7.221475,6.629838,0.6220694,0,1.607868,0,0,0,0,0,0,5.492687,4.349257,6.636127,0.592854,0.702737,0.482971,7.395597,6.224227,8.566966,0.5929574,0,2.115358,7.193541,6.102444,8.284637,9.849506,10,9.504321,6.925656,7.221475,6.629838,0.6220694,0,1.607868,0,0,0,0,0,0,5.492687,4.349257,6.636127,0.592854,0.702737,0.482971,7.395597,6.224227,8.566966,0.5929574,0,2.115358,7.193541,6.102444,8.284637,9.849506,10,9.504321,-1,-1,-1,-1,-1,-1,-1,-1,-1,-1,-1,-1,-1,-1,-1,-1,-1,-1,-1,-1,-1,-1,-1,-1,-1,-1,-1,-1,-1,-1,-1,-1,-1,-1,-1,-1,-1,-1,-1,-1,-1,-1,-1,-1,-1,-1,-1,-1,-1,-1,0,0,0,0,0,0,-1,-1,-1,-1,-1,-1,-1,-1,-1,-1,-1,-1,0,0,0,0,0,0,-1,-1,-1,-1,-1,-1,-1,-1,-1,-1,-1,-1,-1,-1,False,False,0,0,False,54,0,0,0,0,0,0,0,0,0,0,0,0,0,0,0,1,
0,1684,2026-02-16 17:35:28Z,,6.925663,7.221476,6.629848,0.6220592,0,1.607862,0,0,0,0,0,0,5.492694,4.349259,6.63614,0.592854,0.702737,0.482971,7.3956,6.224225,8.566976,0.5929509,0,2.115351,7.193551,6.10245,8.284654,9.849527,10,9.504348,6.925663,7.221476,6.629848,0.6220592,0,1.607862,0,0,0,0,0,0,5.492694,4.349259,6.63614,0.592854,0.702737,0.482971,7.3956,6.224225,8.566976,0.5929509,0,2.115351,7.193551,6.10245,8.284654,9.849527,10,9.504348,-1,-1,-1,-1,-1,-1,-1,-1,-1,-1,-1,-1,-1,-1,-1,-1,-1,-1,-1,-1,-1,-1,-1,-1,-1,-1,-1,-1,-1,-1,-1,-1,-1,-1,-1,-1,-1,-1,-1,-1,-1,-1,-1,-1,-1,-1,-1,-1,-1,-1,0,0,0,0,0,0,-1,-1,-1,-1,-1,-1,-1,-1,-1,-1,-1,-1,0,0,0,0,0,0,-1,-1,-1,-1,-1,-1,-1,-1,-1,-1,-1,-1,-1,-1,False,False,0,0,False,54,0,0,0,0,0,0,0,0,0,0,0,0,0,0,0,1,
0,1685,2026-02-16 17:35:28Z,,6.925668,7.221478,6.629859,0.6220491,0,1.607857,0,0,0,0,0,0,5.492702,4.349261,6.636153,0.592854,0.702737,0.482971,7.395603,6.224223,8.566984,0.5929444,0,2.115345,7.193562,6.102456,8.284669,9.849548,10,9.504374,6.925668,7.221478,6.629859,0.6220491,0,1.607857,0,0,0,0,0,0,5.492702,4.349261,6.636153,0.592854,0.702737,0.482971,7.395603,6.224223,8.566984,0.5929444,0,2.115345,7.193562,6.102456,8.284669,9.849548,10,9.504374,-1,-1,-1,-1,-1,-1,-1,-1,-1,-1,-1,-1,-1,-1,-1,-1,-1,-1,-1,-1,-1,-1,-1,-1,-1,-1,-1,-1,-1,-1,-1,-1,-1,-1,-1,-1,-1,-1,-1,-1,-1,-1,-1,-1,-1,-1,-1,-1,-1,-1,0,0,0,0,0,0,-1,-1,-1,-1,-1,-1,-1,-1,-1,-1,-1,-1,0,0,0,0,0,0,-1,-1,-1,-1,-1,-1,-1,-1,-1,-1,-1,-1,-1,-1,False,False,0,0,False,54,0,0,0,0,0,0,0,0,0,0,0,0,0,0,0,1,
0,1686,2026-02-16 17:35:28Z,,6.925674,7.221478,6.62987,0.622039,0,1.607851,0,0,0,0,0,0,5.49271,4.349264,6.636165,0.592854,0.702737,0.482971,7.395607,6.224221,8.566993,0.5929379,0,2.115338,7.193573,6.102461,8.284684,9.84957,10,9.5044,6.925674,7.221478,6.62987,0.622039,0,1.607851,0,0,0,0,0,0,5.49271,4.349264,6.636165,0.592854,0.702737,0.482971,7.395607,6.224221,8.566993,0.5929379,0,2.115338,7.193573,6.102461,8.284684,9.84957,10,9.5044,-1,-1,-1,-1,-1,-1,-1,-1,-1,-1,-1,-1,-1,-1,-1,-1,-1,-1,-1,-1,-1,-1,-1,-1,-1,-1,-1,-1,-1,-1,-1,-1,-1,-1,-1,-1,-1,-1,-1,-1,-1,-1,-1,-1,-1,-1,-1,-1,-1,-1,0,0,0,0,0,0,-1,-1,-1,-1,-1,-1,-1,-1,-1,-1,-1,-1,0,0,0,0,0,0,-1,-1,-1,-1,-1,-1,-1,-1,-1,-1,-1,-1,-1,-1,False,False,0,0,False,54,0,0,0,0,0,0,0,0,0,0,0,0,0,0,0,1,
0,1687,2026-02-16 17:35:28Z,,6.92568,7.221479,6.629881,0.6220289,0,1.607846,0,0,0,0,0,0,5.492717,4.349267,6.636178,0.592854,0.702737,0.482971,7.39561,6.224219,8.567001,0.5929314,0,2.115332,7.193583,6.102467,8.284699,9.849591,10,9.504427,6.92568,7.221479,6.629881,0.6220289,0,1.607846,0,0,0,0,0,0,5.492717,4.349267,6.636178,0.592854,0.702737,0.482971,7.39561,6.224219,8.567001,0.5929314,0,2.115332,7.193583,6.102467,8.284699,9.849591,10,9.504427,-1,-1,-1,-1,-1,-1,-1,-1,-1,-1,-1,-1,-1,-1,-1,-1,-1,-1,-1,-1,-1,-1,-1,-1,-1,-1,-1,-1,-1,-1,-1,-1,-1,-1,-1,-1,-1,-1,-1,-1,-1,-1,-1,-1,-1,-1,-1,-1,-1,-1,0,0,0,0,0,0,-1,-1,-1,-1,-1,-1,-1,-1,-1,-1,-1,-1,0,0,0,0,0,0,-1,-1,-1,-1,-1,-1,-1,-1,-1,-1,-1,-1,-1,-1,False,False,0,0,False,54,0,0,0,0,0,0,0,0,0,0,0,0,0,0,0,1,
0,1688,2026-02-16 17:35:28Z,,6.925686,7.22148,6.629892,0.6220188,0,1.60784,0,0,0,0,0,0,5.492725,4.349269,6.636191,0.592854,0.702737,0.482971,7.395614,6.224218,8.56701,0.592925,0,2.115325,7.193594,6.102473,8.284716,9.849612,10,9.504454,6.925686,7.22148,6.629892,0.6220188,0,1.60784,0,0,0,0,0,0,5.492725,4.349269,6.636191,0.592854,0.702737,0.482971,7.395614,6.224218,8.56701,0.592925,0,2.115325,7.193594,6.102473,8.284716,9.849612,10,9.504454,-1,-1,-1,-1,-1,-1,-1,-1,-1,-1,-1,-1,-1,-1,-1,-1,-1,-1,-1,-1,-1,-1,-1,-1,-1,-1,-1,-1,-1,-1,-1,-1,-1,-1,-1,-1,-1,-1,-1,-1,-1,-1,-1,-1,-1,-1,-1,-1,-1,-1,0,0,0,0,0,0,-1,-1,-1,-1,-1,-1,-1,-1,-1,-1,-1,-1,0,0,0,0,0,0,-1,-1,-1,-1,-1,-1,-1,-1,-1,-1,-1,-1,-1,-1,False,False,0,0,False,54,0,0,0,0,0,0,0,0,0,0,0,0,0,0,0,1,
0,1689,2026-02-16 17:35:28Z,,6.925692,7.221482,6.629903,0.6220087,0,1.607835,0,0,0,0,0,0,5.492733,4.349271,6.636204,0.592854,0.702737,0.482971,7.395617,6.224216,8.567019,0.5929185,0,2.115319,7.193604,6.102479,8.284731,9.849633,10,9.50448,6.925692,7.221482,6.629903,0.6220087,0,1.607835,0,0,0,0,0,0,5.492733,4.349271,6.636204,0.592854,0.702737,0.482971,7.395617,6.224216,8.567019,0.5929185,0,2.115319,7.193604,6.102479,8.284731,9.849633,10,9.50448,-1,-1,-1,-1,-1,-1,-1,-1,-1,-1,-1,-1,-1,-1,-1,-1,-1,-1,-1,-1,-1,-1,-1,-1,-1,-1,-1,-1,-1,-1,-1,-1,-1,-1,-1,-1,-1,-1,-1,-1,-1,-1,-1,-1,-1,-1,-1,-1,-1,-1,0,0,0,0,0,0,-1,-1,-1,-1,-1,-1,-1,-1,-1,-1,-1,-1,0,0,0,0,0,0,-1,-1,-1,-1,-1,-1,-1,-1,-1,-1,-1,-1,-1,-1,False,False,0,0,False,54,0,0,0,0,0,0,0,0,0,0,0,0,0,0,0,1,
0,1690,2026-02-16 17:35:28Z,,6.925698,7.221483,6.629913,0.6219987,0,1.607829,0,0,0,0,0,0,5.49274,4.349274,6.636216,0.592854,0.702737,0.482971,7.395621,6.224214,8.567028,0.5929121,0,2.115313,7.193614,6.102484,8.284746,9.849654,10,9.504507,6.925698,7.221483,6.629913,0.6219987,0,1.607829,0,0,0,0,0,0,5.49274,4.349274,6.636216,0.592854,0.702737,0.482971,7.395621,6.224214,8.567028,0.5929121,0,2.115313,7.193614,6.102484,8.284746,9.849654,10,9.504507,-1,-1,-1,-1,-1,-1,-1,-1,-1,-1,-1,-1,-1,-1,-1,-1,-1,-1,-1,-1,-1,-1,-1,-1,-1,-1,-1,-1,-1,-1,-1,-1,-1,-1,-1,-1,-1,-1,-1,-1,-1,-1,-1,-1,-1,-1,-1,-1,-1,-1,0,0,0,0,0,0,-1,-1,-1,-1,-1,-1,-1,-1,-1,-1,-1,-1,0,0,0,0,0,0,-1,-1,-1,-1,-1,-1,-1,-1,-1,-1,-1,-1,-1,-1,False,False,0,0,False,54,0,0,0,0,0,0,0,0,0,0,0,0,0,0,0,1,
0,1691,2026-02-16 17:35:28Z,,6.925704,7.221484,6.629924,0.6219886,0,1.607823,0,0,0,0,0,0,5.492748,4.349277,6.636229,0.592854,0.702737,0.482971,7.395624,6.224212,8.567037,0.5929056,0,2.115306,7.193625,6.10249,8.284761,9.849676,10,9.504534,6.925704,7.221484,6.629924,0.6219886,0,1.607823,0,0,0,0,0,0,5.492748,4.349277,6.636229,0.592854,0.702737,0.482971,7.395624,6.224212,8.567037,0.5929056,0,2.115306,7.193625,6.10249,8.284761,9.849676,10,9.504534,-1,-1,-1,-1,-1,-1,-1,-1,-1,-1,-1,-1,-1,-1,-1,-1,-1,-1,-1,-1,-1,-1,-1,-1,-1,-1,-1,-1,-1,-1,-1,-1,-1,-1,-1,-1,-1,-1,-1,-1,-1,-1,-1,-1,-1,-1,-1,-1,-1,-1,0,0,0,0,0,0,-1,-1,-1,-1,-1,-1,-1,-1,-1,-1,-1,-1,0,0,0,0,0,0,-1,-1,-1,-1,-1,-1,-1,-1,-1,-1,-1,-1,-1,-1,False,False,0,0,False,54,0,0,0,0,0,0,0,0,0,0,0,0,0,0,0,1,
0,1692,2026-02-16 17:35:28Z,,6.92571,7.221485,6.629935,0.6219785,0,1.607818,0,0,0,0,0,0,5.492755,4.349279,6.636242,0.592854,0.702737,0.482971,7.395627,6.224211,8.567045,0.5928992,0,2.1153,7.193636,6.102496,8.284777,9.849697,10,9.50456,6.92571,7.221485,6.629935,0.6219785,0,1.607818,0,0,0,0,0,0,5.492755,4.349279,6.636242,0.592854,0.702737,0.482971,7.395627,6.224211,8.567045,0.5928992,0,2.1153,7.193636,6.102496,8.284777,9.849697,10,9.50456,-1,-1,-1,-1,-1,-1,-1,-1,-1,-1,-1,-1,-1,-1,-1,-1,-1,-1,-1,-1,-1,-1,-1,-1,-1,-1,-1,-1,-1,-1,-1,-1,-1,-1,-1,-1,-1,-1,-1,-1,-1,-1,-1,-1,-1,-1,-1,-1,-1,-1,0,0,0,0,0,0,-1,-1,-1,-1,-1,-1,-1,-1,-1,-1,-1,-1,0,0,0,0,0,0,-1,-1,-1,-1,-1,-1,-1,-1,-1,-1,-1,-1,-1,-1,False,False,0,0,False,54,0,0,0,0,0,0,0,0,0,0,0,0,0,0,0,1,
0,1693,2026-02-16 17:35:28Z,,6.925716,7.221486,6.629946,0.6219685,0,1.607812,0,0,0,0,0,0,5.492763,4.349282,6.636254,0.592854,0.702737,0.482971,7.395631,6.224209,8.567054,0.5928928,0,2.115293,7.193646,6.102501,8.284792,9.849718,10,9.504586,6.925716,7.221486,6.629946,0.6219685,0,1.607812,0,0,0,0,0,0,5.492763,4.349282,6.636254,0.592854,0.702737,0.482971,7.395631,6.224209,8.567054,0.5928928,0,2.115293,7.193646,6.102501,8.284792,9.849718,10,9.504586,-1,-1,-1,-1,-1,-1,-1,-1,-1,-1,-1,-1,-1,-1,-1,-1,-1,-1,-1,-1,-1,-1,-1,-1,-1,-1,-1,-1,-1,-1,-1,-1,-1,-1,-1,-1,-1,-1,-1,-1,-1,-1,-1,-1,-1,-1,-1,-1,-1,-1,0,0,0,0,0,0,-1,-1,-1,-1,-1,-1,-1,-1,-1,-1,-1,-1,0,0,0,0,0,0,-1,-1,-1,-1,-1,-1,-1,-1,-1,-1,-1,-1,-1,-1,False,False,0,0,False,54,0,0,0,0,0,0,0,0,0,0,0,0,0,0,0,1,
0,1694,2026-02-16 17:35:28Z,,6.925722,7.221487,6.629956,0.6219584,0,1.607807,0,0,0,0,0,0,5.49277,4.349284,6.636267,0.592854,0.702737,0.482971,7.395635,6.224207,8.567062,0.5928863,0,2.115287,7.193657,6.102507,8.284807,9.849739,10,9.504613,6.925722,7.221487,6.629956,0.6219584,0,1.607807,0,0,0,0,0,0,5.49277,4.349284,6.636267,0.592854,0.702737,0.482971,7.395635,6.224207,8.567062,0.5928863,0,2.115287,7.193657,6.102507,8.284807,9.849739,10,9.504613,-1,-1,-1,-1,-1,-1,-1,-1,-1,-1,-1,-1,-1,-1,-1,-1,-1,-1,-1,-1,-1,-1,-1,-1,-1,-1,-1,-1,-1,-1,-1,-1,-1,-1,-1,-1,-1,-1,-1,-1,-1,-1,-1,-1,-1,-1,-1,-1,-1,-1,0,0,0,0,0,0,-1,-1,-1,-1,-1,-1,-1,-1,-1,-1,-1,-1,0,0,0,0,0,0,-1,-1,-1,-1,-1,-1,-1,-1,-1,-1,-1,-1,-1,-1,False,False,0,0,False,54,0,0,0,0,0,0,0,0,0,0,0,0,0,0,0,1,
0,1695,2026-02-16 17:35:28Z,,6.925728,7.221488,6.629967,0.6219484,0,1.607801,0,0,0,0,0,0,5.492778,4.349287,6.63628,0.592854,0.702737,0.482971,7.395638,6.224205,8.567071,0.59288,0,2.11528,7.193667,6.102513,8.284823,9.84976,10,9.504639,6.925728,7.221488,6.629967,0.6219484,0,1.607801,0,0,0,0,0,0,5.492778,4.349287,6.63628,0.592854,0.702737,0.482971,7.395638,6.224205,8.567071,0.59288,0,2.11528,7.193667,6.102513,8.284823,9.84976,10,9.504639,-1,-1,-1,-1,-1,-1,-1,-1,-1,-1,-1,-1,-1,-1,-1,-1,-1,-1,-1,-1,-1,-1,-1,-1,-1,-1,-1,-1,-1,-1,-1,-1,-1,-1,-1,-1,-1,-1,-1,-1,-1,-1,-1,-1,-1,-1,-1,-1,-1,-1,0,0,0,0,0,0,-1,-1,-1,-1,-1,-1,-1,-1,-1,-1,-1,-1,0,0,0,0,0,0,-1,-1,-1,-1,-1,-1,-1,-1,-1,-1,-1,-1,-1,-1,False,False,0,0,False,54,0,0,0,0,0,0,0,0,0,0,0,0,0,0,0,1,
0,1696,2026-02-16 17:35:28Z,,6.925734,7.221489,6.629978,0.6219384,0,1.607796,0,0,0,0,0,0,5.492785,4.349289,6.636292,0.592854,0.702737,0.482971,7.395642,6.224204,8.56708,0.5928735,0,2.115274,7.193678,6.102519,8.284839,9.849781,10,9.504665,6.925734,7.221489,6.629978,0.6219384,0,1.607796,0,0,0,0,0,0,5.492785,4.349289,6.636292,0.592854,0.702737,0.482971,7.395642,6.224204,8.56708,0.5928735,0,2.115274,7.193678,6.102519,8.284839,9.849781,10,9.504665,-1,-1,-1,-1,-1,-1,-1,-1,-1,-1,-1,-1,-1,-1,-1,-1,-1,-1,-1,-1,-1,-1,-1,-1,-1,-1,-1,-1,-1,-1,-1,-1,-1,-1,-1,-1,-1,-1,-1,-1,-1,-1,-1,-1,-1,-1,-1,-1,-1,-1,0,0,0,0,0,0,-1,-1,-1,-1,-1,-1,-1,-1,-1,-1,-1,-1,0,0,0,0,0,0,-1,-1,-1,-1,-1,-1,-1,-1,-1,-1,-1,-1,-1,-1,False,False,0,0,False,54,0,0,0,0,0,0,0,0,0,0,0,0,0,0,0,1,
0,1697,2026-02-16 17:35:28Z,,6.925739,7.22149,6.629989,0.6219284,0,1.60779,0,0,0,0,0,0,5.492793,4.349292,6.636305,0.592854,0.702737,0.482971,7.395645,6.224202,8.567089,0.5928671,0,2.115268,7.193688,6.102524,8.284854,9.849802,10,9.504692,6.925739,7.22149,6.629989,0.6219284,0,1.60779,0,0,0,0,0,0,5.492793,4.349292,6.636305,0.592854,0.702737,0.482971,7.395645,6.224202,8.567089,0.5928671,0,2.115268,7.193688,6.102524,8.284854,9.849802,10,9.504692,-1,-1,-1,-1,-1,-1,-1,-1,-1,-1,-1,-1,-1,-1,-1,-1,-1,-1,-1,-1,-1,-1,-1,-1,-1,-1,-1,-1,-1,-1,-1,-1,-1,-1,-1,-1,-1,-1,-1,-1,-1,-1,-1,-1,-1,-1,-1,-1,-1,-1,0,0,0,0,0,0,-1,-1,-1,-1,-1,-1,-1,-1,-1,-1,-1,-1,0,0,0,0,0,0,-1,-1,-1,-1,-1,-1,-1,-1,-1,-1,-1,-1,-1,-1,False,False,0,0,False,54,0,0,0,0,0,0,0,0,0,0,0,0,0,0,0,1,
0,1698,2026-02-16 17:35:28Z,,6.925745,7.221491,6.629999,0.6219184,0,1.607785,0,0,0,0,0,0,5.492801,4.349294,6.636318,0.592854,0.702737,0.482971,7.395648,6.2242,8.567098,0.5928607,0,2.115261,7.193699,6.10253,8.284869,9.849823,10,9.504718,6.925745,7.221491,6.629999,0.6219184,0,1.607785,0,0,0,0,0,0,5.492801,4.349294,6.636318,0.592854,0.702737,0.482971,7.395648,6.2242,8.567098,0.5928607,0,2.115261,7.193699,6.10253,8.284869,9.849823,10,9.504718,-1,-1,-1,-1,-1,-1,-1,-1,-1,-1,-1,-1,-1,-1,-1,-1,-1,-1,-1,-1,-1,-1,-1,-1,-1,-1,-1,-1,-1,-1,-1,-1,-1,-1,-1,-1,-1,-1,-1,-1,-1,-1,-1,-1,-1,-1,-1,-1,-1,-1,0,0,0,0,0,0,-1,-1,-1,-1,-1,-1,-1,-1,-1,-1,-1,-1,0,0,0,0,0,0,-1,-1,-1,-1,-1,-1,-1,-1,-1,-1,-1,-1,-1,-1,False,False,0,0,False,54,0,0,0,0,0,0,0,0,0,0,0,0,0,0,0,1,
0,1699,2026-02-16 17:35:28Z,,6.925751,7.221492,6.63001,0.6219084,0,1.607779,0,0,0,0,0,0,5.492808,4.349297,6.63633,0.592854,0.702737,0.482971,7.395652,6.224198,8.567106,0.5928543,0,2.115255,7.193709,6.102536,8.284884,9.849844,10,9.504745,6.925751,7.221492,6.63001,0.6219084,0,1.607779,0,0,0,0,0,0,5.492808,4.349297,6.63633,0.592854,0.702737,0.482971,7.395652,6.224198,8.567106,0.5928543,0,2.115255,7.193709,6.102536,8.284884,9.849844,10,9.504745,-1,-1,-1,-1,-1,-1,-1,-1,-1,-1,-1,-1,-1,-1,-1,-1,-1,-1,-1,-1,-1,-1,-1,-1,-1,-1,-1,-1,-1,-1,-1,-1,-1,-1,-1,-1,-1,-1,-1,-1,-1,-1,-1,-1,-1,-1,-1,-1,-1,-1,0,0,0,0,0,0,-1,-1,-1,-1,-1,-1,-1,-1,-1,-1,-1,-1,0,0,0,0,0,0,-1,-1,-1,-1,-1,-1,-1,-1,-1,-1,-1,-1,-1,-1,False,False,0,0,False,54,0,0,0,0,0,0,0,0,0,0,0,0,0,0,0,1,
0,1700,2026-02-16 17:35:28Z,,6.925757,7.221493,6.630021,0.6218985,0,1.607774,0,0,0,0,0,0,5.492816,4.349299,6.636343,0.592854,0.702737,0.482971,7.395655,6.224196,8.567115,0.5928479,0,2.115248,7.19372,6.102541,8.2849,9.849865,10,9.504771,6.925757,7.221493,6.630021,0.6218985,0,1.607774,0,0,0,0,0,0,5.492816,4.349299,6.636343,0.592854,0.702737,0.482971,7.395655,6.224196,8.567115,0.5928479,0,2.115248,7.19372,6.102541,8.2849,9.849865,10,9.504771,-1,-1,-1,-1,-1,-1,-1,-1,-1,-1,-1,-1,-1,-1,-1,-1,-1,-1,-1,-1,-1,-1,-1,-1,-1,-1,-1,-1,-1,-1,-1,-1,-1,-1,-1,-1,-1,-1,-1,-1,-1,-1,-1,-1,-1,-1,-1,-1,-1,-1,0,0,0,0,0,0,-1,-1,-1,-1,-1,-1,-1,-1,-1,-1,-1,-1,0,0,0,0,0,0,-1,-1,-1,-1,-1,-1,-1,-1,-1,-1,-1,-1,-1,-1,False,False,0,0,False,54,0,0,0,0,0,0,0,0,0,0,0,0,0,0,0,1,
0,1701,2026-02-16 17:35:28Z,,6.925763,7.221494,6.630032,0.6218885,0,1.607768,0,0,0,0,0,0,5.492824,4.349302,6.636355,0.592854,0.702737,0.482971,7.395659,6.224195,8.567123,0.5928416,0,2.115242,7.19373,6.102547,8.284915,9.849886,10,9.504797,6.925763,7.221494,6.630032,0.6218885,0,1.607768,0,0,0,0,0,0,5.492824,4.349302,6.636355,0.592854,0.702737,0.482971,7.395659,6.224195,8.567123,0.5928416,0,2.115242,7.19373,6.102547,8.284915,9.849886,10,9.504797,-1,-1,-1,-1,-1,-1,-1,-1,-1,-1,-1,-1,-1,-1,-1,-1,-1,-1,-1,-1,-1,-1,-1,-1,-1,-1,-1,-1,-1,-1,-1,-1,-1,-1,-1,-1,-1,-1,-1,-1,-1,-1,-1,-1,-1,-1,-1,-1,-1,-1,0,0,0,0,0,0,-1,-1,-1,-1,-1,-1,-1,-1,-1,-1,-1,-1,0,0,0,0,0,0,-1,-1,-1,-1,-1,-1,-1,-1,-1,-1,-1,-1,-1,-1,False,False,0,0,False,54,0,0,0,0,0,0,0,0,0,0,0,0,0,0,0,1,
0,1702,2026-02-16 17:35:28Z,,6.925769,7.221496,6.630042,0.6218785,0,1.607763,0,0,0,0,0,0,5.492831,4.349304,6.636368,0.592854,0.702737,0.482971,7.395662,6.224193,8.567132,0.5928352,0,2.115236,7.193741,6.102552,8.28493,9.849907,10,9.504824,6.925769,7.221496,6.630042,0.6218785,0,1.607763,0,0,0,0,0,0,5.492831,4.349304,6.636368,0.592854,0.702737,0.482971,7.395662,6.224193,8.567132,0.5928352,0,2.115236,7.193741,6.102552,8.28493,9.849907,10,9.504824,-1,-1,-1,-1,-1,-1,-1,-1,-1,-1,-1,-1,-1,-1,-1,-1,-1,-1,-1,-1,-1,-1,-1,-1,-1,-1,-1,-1,-1,-1,-1,-1,-1,-1,-1,-1,-1,-1,-1,-1,-1,-1,-1,-1,-1,-1,-1,-1,-1,-1,0,0,0,0,0,0,-1,-1,-1,-1,-1,-1,-1,-1,-1,-1,-1,-1,0,0,0,0,0,0,-1,-1,-1,-1,-1,-1,-1,-1,-1,-1,-1,-1,-1,-1,False,False,0,0,False,54,0,0,0,0,0,0,0,0,0,0,0,0,0,0,0,1,
0,1703,2026-02-16 17:35:28Z,,6.925775,7.221497,6.630053,0.6218686,0,1.607757,0,0,0,0,0,0,5.492838,4.349307,6.636381,0.592854,0.702737,0.482971,7.395666,6.224191,8.567141,0.5928288,0,2.115229,7.193751,6.102558,8.284945,9.849928,10,9.504849,6.925775,7.221497,6.630053,0.6218686,0,1.607757,0,0,0,0,0,0,5.492838,4.349307,6.636381,0.592854,0.702737,0.482971,7.395666,6.224191,8.567141,0.5928288,0,2.115229,7.193751,6.102558,8.284945,9.849928,10,9.504849,-1,-1,-1,-1,-1,-1,-1,-1,-1,-1,-1,-1,-1,-1,-1,-1,-1,-1,-1,-1,-1,-1,-1,-1,-1,-1,-1,-1,-1,-1,-1,-1,-1,-1,-1,-1,-1,-1,-1,-1,-1,-1,-1,-1,-1,-1,-1,-1,-1,-1,0,0,0,0,0,0,-1,-1,-1,-1,-1,-1,-1,-1,-1,-1,-1,-1,0,0,0,0,0,0,-1,-1,-1,-1,-1,-1,-1,-1,-1,-1,-1,-1,-1,-1,False,False,0,0,False,54,0,0,0,0,0,0,0,0,0,0,0,0,0,0,0,1,
0,1704,2026-02-16 17:35:28Z,,6.92578,7.221498,6.630064,0.6218587,0,1.607752,0,0,0,0,0,0,5.492846,4.349309,6.636393,0.592854,0.702737,0.482971,7.395669,6.224189,8.567149,0.5928224,0,2.115223,7.193762,6.102564,8.284961,9.849948,10,9.504875,6.92578,7.221498,6.630064,0.6218587,0,1.607752,0,0,0,0,0,0,5.492846,4.349309,6.636393,0.592854,0.702737,0.482971,7.395669,6.224189,8.567149,0.5928224,0,2.115223,7.193762,6.102564,8.284961,9.849948,10,9.504875,-1,-1,-1,-1,-1,-1,-1,-1,-1,-1,-1,-1,-1,-1,-1,-1,-1,-1,-1,-1,-1,-1,-1,-1,-1,-1,-1,-1,-1,-1,-1,-1,-1,-1,-1,-1,-1,-1,-1,-1,-1,-1,-1,-1,-1,-1,-1,-1,-1,-1,0,0,0,0,0,0,-1,-1,-1,-1,-1,-1,-1,-1,-1,-1,-1,-1,0,0,0,0,0,0,-1,-1,-1,-1,-1,-1,-1,-1,-1,-1,-1,-1,-1,-1,False,False,0,0,False,54,0,0,0,0,0,0,0,0,0,0,0,0,0,0,0,1,
0,1705,2026-02-16 17:35:28Z,,6.925786,7.221498,6.630074,0.6218487,0,1.607746,0,0,0,0,0,0,5.492854,4.349311,6.636406,0.592854,0.702737,0.482971,7.395672,6.224187,8.567158,0.5928161,0,2.115216,7.193772,6.10257,8.284976,9.849969,10,9.504902,6.925786,7.221498,6.630074,0.6218487,0,1.607746,0,0,0,0,0,0,5.492854,4.349311,6.636406,0.592854,0.702737,0.482971,7.395672,6.224187,8.567158,0.5928161,0,2.115216,7.193772,6.10257,8.284976,9.849969,10,9.504902,-1,-1,-1,-1,-1,-1,-1,-1,-1,-1,-1,-1,-1,-1,-1,-1,-1,-1,-1,-1,-1,-1,-1,-1,-1,-1,-1,-1,-1,-1,-1,-1,-1,-1,-1,-1,-1,-1,-1,-1,-1,-1,-1,-1,-1,-1,-1,-1,-1,-1,0,0,0,0,0,0,-1,-1,-1,-1,-1,-1,-1,-1,-1,-1,-1,-1,0,0,0,0,0,0,-1,-1,-1,-1,-1,-1,-1,-1,-1,-1,-1,-1,-1,-1,False,False,0,0,False,54,0,0,0,0,0,0,0,0,0,0,0,0,0,0,0,1,
0,1706,2026-02-16 17:35:28Z,,6.925792,7.2215,6.630085,0.6218388,0,1.607741,0,0,0,0,0,0,5.492861,4.349314,6.636418,0.592854,0.702737,0.482971,7.395676,6.224186,8.567166,0.5928097,0,2.11521,7.193783,6.102575,8.284991,9.84999,10,9.504928,6.925792,7.2215,6.630085,0.6218388,0,1.607741,0,0,0,0,0,0,5.492861,4.349314,6.636418,0.592854,0.702737,0.482971,7.395676,6.224186,8.567166,0.5928097,0,2.11521,7.193783,6.102575,8.284991,9.84999,10,9.504928,-1,-1,-1,-1,-1,-1,-1,-1,-1,-1,-1,-1,-1,-1,-1,-1,-1,-1,-1,-1,-1,-1,-1,-1,-1,-1,-1,-1,-1,-1,-1,-1,-1,-1,-1,-1,-1,-1,-1,-1,-1,-1,-1,-1,-1,-1,-1,-1,-1,-1,0,0,0,0,0,0,-1,-1,-1,-1,-1,-1,-1,-1,-1,-1,-1,-1,0,0,0,0,0,0,-1,-1,-1,-1,-1,-1,-1,-1,-1,-1,-1,-1,-1,-1,False,False,0,0,False,54,0,0,0,0,0,0,0,0,0,0,0,0,0,0,0,1,
0,1707,2026-02-16 17:35:28Z,,6.925798,7.221501,6.630095,0.6218289,0,1.607735,0,0,0,0,0,0,5.492868,4.349317,6.636431,0.592854,0.702737,0.482971,7.395679,6.224184,8.567175,0.5928034,0,2.115204,7.193793,6.102581,8.285007,9.850011,10,9.504954,6.925798,7.221501,6.630095,0.6218289,0,1.607735,0,0,0,0,0,0,5.492868,4.349317,6.636431,0.592854,0.702737,0.482971,7.395679,6.224184,8.567175,0.5928034,0,2.115204,7.193793,6.102581,8.285007,9.850011,10,9.504954,-1,-1,-1,-1,-1,-1,-1,-1,-1,-1,-1,-1,-1,-1,-1,-1,-1,-1,-1,-1,-1,-1,-1,-1,-1,-1,-1,-1,-1,-1,-1,-1,-1,-1,-1,-1,-1,-1,-1,-1,-1,-1,-1,-1,-1,-1,-1,-1,-1,-1,0,0,0,0,0,0,-1,-1,-1,-1,-1,-1,-1,-1,-1,-1,-1,-1,0,0,0,0,0,0,-1,-1,-1,-1,-1,-1,-1,-1,-1,-1,-1,-1,-1,-1,False,False,0,0,False,54,0,0,0,0,0,0,0,0,0,0,0,0,0,0,0,1,
0,1708,2026-02-16 17:35:28Z,,6.925804,7.221502,6.630106,0.621819,0,1.60773,0,0,0,0,0,0,5.492876,4.349319,6.636443,0.592854,0.702737,0.482971,7.395683,6.224182,8.567183,0.592797,0,2.115197,7.193803,6.102586,8.285022,9.850032,10,9.50498,6.925804,7.221502,6.630106,0.621819,0,1.60773,0,0,0,0,0,0,5.492876,4.349319,6.636443,0.592854,0.702737,0.482971,7.395683,6.224182,8.567183,0.592797,0,2.115197,7.193803,6.102586,8.285022,9.850032,10,9.50498,-1,-1,-1,-1,-1,-1,-1,-1,-1,-1,-1,-1,-1,-1,-1,-1,-1,-1,-1,-1,-1,-1,-1,-1,-1,-1,-1,-1,-1,-1,-1,-1,-1,-1,-1,-1,-1,-1,-1,-1,-1,-1,-1,-1,-1,-1,-1,-1,-1,-1,0,0,0,0,0,0,-1,-1,-1,-1,-1,-1,-1,-1,-1,-1,-1,-1,0,0,0,0,0,0,-1,-1,-1,-1,-1,-1,-1,-1,-1,-1,-1,-1,-1,-1,False,False,0,0,False,54,0,0,0,0,0,0,0,0,0,0,0,0,0,0,0,1,
0,1709,2026-02-16 17:35:28Z,,6.92581,7.221503,6.630116,0.6218091,0,1.607725,0,0,0,0,0,0,5.492884,4.349321,6.636456,0.592854,0.702737,0.482971,7.395686,6.224181,8.567192,0.5927907,0,2.115191,7.193814,6.102592,8.285037,9.850053,10,9.505006,6.92581,7.221503,6.630116,0.6218091,0,1.607725,0,0,0,0,0,0,5.492884,4.349321,6.636456,0.592854,0.702737,0.482971,7.395686,6.224181,8.567192,0.5927907,0,2.115191,7.193814,6.102592,8.285037,9.850053,10,9.505006,-1,-1,-1,-1,-1,-1,-1,-1,-1,-1,-1,-1,-1,-1,-1,-1,-1,-1,-1,-1,-1,-1,-1,-1,-1,-1,-1,-1,-1,-1,-1,-1,-1,-1,-1,-1,-1,-1,-1,-1,-1,-1,-1,-1,-1,-1,-1,-1,-1,-1,0,0,0,0,0,0,-1,-1,-1,-1,-1,-1,-1,-1,-1,-1,-1,-1,0,0,0,0,0,0,-1,-1,-1,-1,-1,-1,-1,-1,-1,-1,-1,-1,-1,-1,False,False,0,0,False,54,0,0,0,0,0,0,0,0,0,0,0,0,0,0,0,1,
0,1710,2026-02-16 17:35:28Z,,6.925816,7.221504,6.630127,0.6217992,0,1.607719,0,0,0,0,0,0,5.492891,4.349324,6.636468,0.592854,0.702737,0.482971,7.395689,6.224179,8.567201,0.5927843,0,2.115185,7.193824,6.102598,8.285051,9.850073,10,9.505033,6.925816,7.221504,6.630127,0.6217992,0,1.607719,0,0,0,0,0,0,5.492891,4.349324,6.636468,0.592854,0.702737,0.482971,7.395689,6.224179,8.567201,0.5927843,0,2.115185,7.193824,6.102598,8.285051,9.850073,10,9.505033,-1,-1,-1,-1,-1,-1,-1,-1,-1,-1,-1,-1,-1,-1,-1,-1,-1,-1,-1,-1,-1,-1,-1,-1,-1,-1,-1,-1,-1,-1,-1,-1,-1,-1,-1,-1,-1,-1,-1,-1,-1,-1,-1,-1,-1,-1,-1,-1,-1,-1,0,0,0,0,0,0,-1,-1,-1,-1,-1,-1,-1,-1,-1,-1,-1,-1,0,0,0,0,0,0,-1,-1,-1,-1,-1,-1,-1,-1,-1,-1,-1,-1,-1,-1,False,False,0,0,False,54,0,0,0,0,0,0,0,0,0,0,0,0,0,0,0,1,
0,1711,2026-02-16 17:35:29Z,,6.925821,7.221505,6.630137,0.6217893,0,1.607714,0,0,0,0,0,0,5.492898,4.349327,6.636481,0.592854,0.702737,0.482971,7.395693,6.224177,8.567209,0.592778,0,2.115178,7.193835,6.102603,8.285067,9.850094,10,9.505058,6.925821,7.221505,6.630137,0.6217893,0,1.607714,0,0,0,0,0,0,5.492898,4.349327,6.636481,0.592854,0.702737,0.482971,7.395693,6.224177,8.567209,0.592778,0,2.115178,7.193835,6.102603,8.285067,9.850094,10,9.505058,-1,-1,-1,-1,-1,-1,-1,-1,-1,-1,-1,-1,-1,-1,-1,-1,-1,-1,-1,-1,-1,-1,-1,-1,-1,-1,-1,-1,-1,-1,-1,-1,-1,-1,-1,-1,-1,-1,-1,-1,-1,-1,-1,-1,-1,-1,-1,-1,-1,-1,0,0,0,0,0,0,-1,-1,-1,-1,-1,-1,-1,-1,-1,-1,-1,-1,0,0,0,0,0,0,-1,-1,-1,-1,-1,-1,-1,-1,-1,-1,-1,-1,-1,-1,False,False,0,0,False,54,0,0,0,0,0,0,0,0,0,0,0,0,0,0,0,1,
0,1712,2026-02-16 17:35:29Z,,6.925827,7.221506,6.630148,0.6217794,0,1.607708,0,0,0,0,0,0,5.492906,4.349329,6.636493,0.592854,0.702737,0.482971,7.395697,6.224175,8.567218,0.5927717,0,2.115172,7.193845,6.102609,8.285082,9.850115,10,9.505084,6.925827,7.221506,6.630148,0.6217794,0,1.607708,0,0,0,0,0,0,5.492906,4.349329,6.636493,0.592854,0.702737,0.482971,7.395697,6.224175,8.567218,0.5927717,0,2.115172,7.193845,6.102609,8.285082,9.850115,10,9.505084,-1,-1,-1,-1,-1,-1,-1,-1,-1,-1,-1,-1,-1,-1,-1,-1,-1,-1,-1,-1,-1,-1,-1,-1,-1,-1,-1,-1,-1,-1,-1,-1,-1,-1,-1,-1,-1,-1,-1,-1,-1,-1,-1,-1,-1,-1,-1,-1,-1,-1,0,0,0,0,0,0,-1,-1,-1,-1,-1,-1,-1,-1,-1,-1,-1,-1,0,0,0,0,0,0,-1,-1,-1,-1,-1,-1,-1,-1,-1,-1,-1,-1,-1,-1,False,False,0,0,False,54,0,0,0,0,0,0,0,0,0,0,0,0,0,0,0,1,
0,1713,2026-02-16 17:35:29Z,,6.925833,7.221507,6.630158,0.6217696,0,1.607703,0,0,0,0,0,0,5.492913,4.349331,6.636506,0.592854,0.702737,0.482971,7.3957,6.224174,8.567226,0.5927654,0,2.115166,7.193855,6.102614,8.285097,9.850135,10,9.50511,6.925833,7.221507,6.630158,0.6217696,0,1.607703,0,0,0,0,0,0,5.492913,4.349331,6.636506,0.592854,0.702737,0.482971,7.3957,6.224174,8.567226,0.5927654,0,2.115166,7.193855,6.102614,8.285097,9.850135,10,9.50511,-1,-1,-1,-1,-1,-1,-1,-1,-1,-1,-1,-1,-1,-1,-1,-1,-1,-1,-1,-1,-1,-1,-1,-1,-1,-1,-1,-1,-1,-1,-1,-1,-1,-1,-1,-1,-1,-1,-1,-1,-1,-1,-1,-1,-1,-1,-1,-1,-1,-1,0,0,0,0,0,0,-1,-1,-1,-1,-1,-1,-1,-1,-1,-1,-1,-1,0,0,0,0,0,0,-1,-1,-1,-1,-1,-1,-1,-1,-1,-1,-1,-1,-1,-1,False,False,0,0,False,54,0,0,0,0,0,0,0,0,0,0,0,0,0,0,0,1,
0,1714,2026-02-16 17:35:29Z,,6.925838,7.221508,6.630169,0.6217598,0,1.607697,0,0,0,0,0,0,5.492921,4.349334,6.636518,0.592854,0.702737,0.482971,7.395703,6.224172,8.567235,0.5927591,0,2.11516,7.193866,6.10262,8.285112,9.850156,10,9.505136,6.925838,7.221508,6.630169,0.6217598,0,1.607697,0,0,0,0,0,0,5.492921,4.349334,6.636518,0.592854,0.702737,0.482971,7.395703,6.224172,8.567235,0.5927591,0,2.11516,7.193866,6.10262,8.285112,9.850156,10,9.505136,-1,-1,-1,-1,-1,-1,-1,-1,-1,-1,-1,-1,-1,-1,-1,-1,-1,-1,-1,-1,-1,-1,-1,-1,-1,-1,-1,-1,-1,-1,-1,-1,-1,-1,-1,-1,-1,-1,-1,-1,-1,-1,-1,-1,-1,-1,-1,-1,-1,-1,0,0,0,0,0,0,-1,-1,-1,-1,-1,-1,-1,-1,-1,-1,-1,-1,0,0,0,0,0,0,-1,-1,-1,-1,-1,-1,-1,-1,-1,-1,-1,-1,-1,-1,False,False,0,0,False,54,0,0,0,0,0,0,0,0,0,0,0,0,0,0,0,1,
0,1715,2026-02-16 17:35:29Z,,6.925845,7.221509,6.63018,0.6217499,0,1.607692,0,0,0,0,0,0,5.492928,4.349336,6.63653,0.592854,0.702737,0.482971,7.395707,6.22417,8.567244,0.5927528,0,2.115153,7.193876,6.102626,8.285128,9.850177,10,9.505162,6.925845,7.221509,6.63018,0.6217499,0,1.607692,0,0,0,0,0,0,5.492928,4.349336,6.63653,0.592854,0.702737,0.482971,7.395707,6.22417,8.567244,0.5927528,0,2.115153,7.193876,6.102626,8.285128,9.850177,10,9.505162,-1,-1,-1,-1,-1,-1,-1,-1,-1,-1,-1,-1,-1,-1,-1,-1,-1,-1,-1,-1,-1,-1,-1,-1,-1,-1,-1,-1,-1,-1,-1,-1,-1,-1,-1,-1,-1,-1,-1,-1,-1,-1,-1,-1,-1,-1,-1,-1,-1,-1,0,0,0,0,0,0,-1,-1,-1,-1,-1,-1,-1,-1,-1,-1,-1,-1,0,0,0,0,0,0,-1,-1,-1,-1,-1,-1,-1,-1,-1,-1,-1,-1,-1,-1,False,False,0,0,False,54,0,0,0,0,0,0,0,0,0,0,0,0,0,0,0,1,
0,1716,2026-02-16 17:35:29Z,,6.92585,7.22151,6.63019,0.6217401,0,1.607687,0,0,0,0,0,0,5.492936,4.349339,6.636543,0.592854,0.702737,0.482971,7.39571,6.224168,8.567252,0.5927465,0,2.115147,7.193886,6.102632,8.285142,9.850197,10,9.505188,6.92585,7.22151,6.63019,0.6217401,0,1.607687,0,0,0,0,0,0,5.492936,4.349339,6.636543,0.592854,0.702737,0.482971,7.39571,6.224168,8.567252,0.5927465,0,2.115147,7.193886,6.102632,8.285142,9.850197,10,9.505188,-1,-1,-1,-1,-1,-1,-1,-1,-1,-1,-1,-1,-1,-1,-1,-1,-1,-1,-1,-1,-1,-1,-1,-1,-1,-1,-1,-1,-1,-1,-1,-1,-1,-1,-1,-1,-1,-1,-1,-1,-1,-1,-1,-1,-1,-1,-1,-1,-1,-1,0,0,0,0,0,0,-1,-1,-1,-1,-1,-1,-1,-1,-1,-1,-1,-1,0,0,0,0,0,0,-1,-1,-1,-1,-1,-1,-1,-1,-1,-1,-1,-1,-1,-1,False,False,0,0,False,54,0,0,0,0,0,0,0,0,0,0,0,0,0,0,0,1,
0,1717,2026-02-16 17:35:29Z,,6.925856,7.221511,6.630201,0.6217303,0,1.607681,0,0,0,0,0,0,5.492943,4.349341,6.636555,0.592854,0.702737,0.482971,7.395713,6.224166,8.567261,0.5927402,0,2.115141,7.193897,6.102637,8.285157,9.850218,10,9.505214,6.925856,7.221511,6.630201,0.6217303,0,1.607681,0,0,0,0,0,0,5.492943,4.349341,6.636555,0.592854,0.702737,0.482971,7.395713,6.224166,8.567261,0.5927402,0,2.115141,7.193897,6.102637,8.285157,9.850218,10,9.505214,-1,-1,-1,-1,-1,-1,-1,-1,-1,-1,-1,-1,-1,-1,-1,-1,-1,-1,-1,-1,-1,-1,-1,-1,-1,-1,-1,-1,-1,-1,-1,-1,-1,-1,-1,-1,-1,-1,-1,-1,-1,-1,-1,-1,-1,-1,-1,-1,-1,-1,0,0,0,0,0,0,-1,-1,-1,-1,-1,-1,-1,-1,-1,-1,-1,-1,0,0,0,0,0,0,-1,-1,-1,-1,-1,-1,-1,-1,-1,-1,-1,-1,-1,-1,False,False,0,0,False,54,0,0,0,0,0,0,0,0,0,0,0,0,0,0,0,1,
0,1718,2026-02-16 17:35:29Z,,6.925862,7.221512,6.630211,0.6217204,0,1.607676,0,0,0,0,0,0,5.49295,4.349344,6.636568,0.592854,0.702737,0.482971,7.395717,6.224165,8.567269,0.5927339,0,2.115134,7.193907,6.102643,8.285172,9.850239,10,9.505239,6.925862,7.221512,6.630211,0.6217204,0,1.607676,0,0,0,0,0,0,5.49295,4.349344,6.636568,0.592854,0.702737,0.482971,7.395717,6.224165,8.567269,0.5927339,0,2.115134,7.193907,6.102643,8.285172,9.850239,10,9.505239,-1,-1,-1,-1,-1,-1,-1,-1,-1,-1,-1,-1,-1,-1,-1,-1,-1,-1,-1,-1,-1,-1,-1,-1,-1,-1,-1,-1,-1,-1,-1,-1,-1,-1,-1,-1,-1,-1,-1,-1,-1,-1,-1,-1,-1,-1,-1,-1,-1,-1,0,0,0,0,0,0,-1,-1,-1,-1,-1,-1,-1,-1,-1,-1,-1,-1,0,0,0,0,0,0,-1,-1,-1,-1,-1,-1,-1,-1,-1,-1,-1,-1,-1,-1,False,False,0,0,False,54,0,0,0,0,0,0,0,0,0,0,0,0,0,0,0,1,
0,1719,2026-02-16 17:35:29Z,,6.925868,7.221513,6.630222,0.6217107,0,1.60767,0,0,0,0,0,0,5.492958,4.349346,6.63658,0.592854,0.702737,0.482971,7.39572,6.224163,8.567278,0.5927277,0,2.115128,7.193917,6.102648,8.285188,9.850259,10,9.505265,6.925868,7.221513,6.630222,0.6217107,0,1.60767,0,0,0,0,0,0,5.492958,4.349346,6.63658,0.592854,0.702737,0.482971,7.39572,6.224163,8.567278,0.5927277,0,2.115128,7.193917,6.102648,8.285188,9.850259,10,9.505265,-1,-1,-1,-1,-1,-1,-1,-1,-1,-1,-1,-1,-1,-1,-1,-1,-1,-1,-1,-1,-1,-1,-1,-1,-1,-1,-1,-1,-1,-1,-1,-1,-1,-1,-1,-1,-1,-1,-1,-1,-1,-1,-1,-1,-1,-1,-1,-1,-1,-1,0,0,0,0,0,0,-1,-1,-1,-1,-1,-1,-1,-1,-1,-1,-1,-1,0,0,0,0,0,0,-1,-1,-1,-1,-1,-1,-1,-1,-1,-1,-1,-1,-1,-1,False,False,0,0,False,54,0,0,0,0,0,0,0,0,0,0,0,0,0,0,0,1,
0,1720,2026-02-16 17:35:29Z,,6.925873,7.221514,6.630232,0.6217008,0,1.607665,0,0,0,0,0,0,5.492965,4.349349,6.636592,0.592854,0.702737,0.482971,7.395723,6.224161,8.567286,0.5927214,0,2.115122,7.193928,6.102654,8.285202,9.85028,10,9.505291,6.925873,7.221514,6.630232,0.6217008,0,1.607665,0,0,0,0,0,0,5.492965,4.349349,6.636592,0.592854,0.702737,0.482971,7.395723,6.224161,8.567286,0.5927214,0,2.115122,7.193928,6.102654,8.285202,9.85028,10,9.505291,-1,-1,-1,-1,-1,-1,-1,-1,-1,-1,-1,-1,-1,-1,-1,-1,-1,-1,-1,-1,-1,-1,-1,-1,-1,-1,-1,-1,-1,-1,-1,-1,-1,-1,-1,-1,-1,-1,-1,-1,-1,-1,-1,-1,-1,-1,-1,-1,-1,-1,0,0,0,0,0,0,-1,-1,-1,-1,-1,-1,-1,-1,-1,-1,-1,-1,0,0,0,0,0,0,-1,-1,-1,-1,-1,-1,-1,-1,-1,-1,-1,-1,-1,-1,False,False,0,0,False,54,0,0,0,0,0,0,0,0,0,0,0,0,0,0,0,1,
0,1721,2026-02-16 17:35:29Z,,6.925879,7.221516,6.630243,0.621691,0,1.607659,0,0,0,0,0,0,5.492973,4.349351,6.636605,0.592854,0.702737,0.482971,7.395727,6.22416,8.567295,0.5927151,0,2.115115,7.193938,6.102659,8.285217,9.8503,10,9.505317,6.925879,7.221516,6.630243,0.621691,0,1.607659,0,0,0,0,0,0,5.492973,4.349351,6.636605,0.592854,0.702737,0.482971,7.395727,6.22416,8.567295,0.5927151,0,2.115115,7.193938,6.102659,8.285217,9.8503,10,9.505317,-1,-1,-1,-1,-1,-1,-1,-1,-1,-1,-1,-1,-1,-1,-1,-1,-1,-1,-1,-1,-1,-1,-1,-1,-1,-1,-1,-1,-1,-1,-1,-1,-1,-1,-1,-1,-1,-1,-1,-1,-1,-1,-1,-1,-1,-1,-1,-1,-1,-1,0,0,0,0,0,0,-1,-1,-1,-1,-1,-1,-1,-1,-1,-1,-1,-1,0,0,0,0,0,0,-1,-1,-1,-1,-1,-1,-1,-1,-1,-1,-1,-1,-1,-1,False,False,0,0,False,54,0,0,0,0,0,0,0,0,0,0,0,0,0,0,0,1,
0,1722,2026-02-16 17:35:29Z,,6.925885,7.221517,6.630253,0.6216813,0,1.607654,0,0,0,0,0,0,5.49298,4.349353,6.636617,0.592854,0.702737,0.482971,7.39573,6.224158,8.567303,0.5927089,0,2.115109,7.193948,6.102665,8.285233,9.850321,10,9.505342,6.925885,7.221517,6.630253,0.6216813,0,1.607654,0,0,0,0,0,0,5.49298,4.349353,6.636617,0.592854,0.702737,0.482971,7.39573,6.224158,8.567303,0.5927089,0,2.115109,7.193948,6.102665,8.285233,9.850321,10,9.505342,-1,-1,-1,-1,-1,-1,-1,-1,-1,-1,-1,-1,-1,-1,-1,-1,-1,-1,-1,-1,-1,-1,-1,-1,-1,-1,-1,-1,-1,-1,-1,-1,-1,-1,-1,-1,-1,-1,-1,-1,-1,-1,-1,-1,-1,-1,-1,-1,-1,-1,0,0,0,0,0,0,-1,-1,-1,-1,-1,-1,-1,-1,-1,-1,-1,-1,0,0,0,0,0,0,-1,-1,-1,-1,-1,-1,-1,-1,-1,-1,-1,-1,-1,-1,False,False,0,0,False,54,0,0,0,0,0,0,0,0,0,0,0,0,0,0,0,1,
0,1723,2026-02-16 17:35:29Z,,6.92589,7.221518,6.630264,0.6216715,0,1.607649,0,0,0,0,0,0,5.492988,4.349356,6.63663,0.592854,0.702737,0.482971,7.395734,6.224156,8.567311,0.5927026,0,2.115103,7.193958,6.10267,8.285248,9.850341,10,9.505368,6.92589,7.221518,6.630264,0.6216715,0,1.607649,0,0,0,0,0,0,5.492988,4.349356,6.63663,0.592854,0.702737,0.482971,7.395734,6.224156,8.567311,0.5927026,0,2.115103,7.193958,6.10267,8.285248,9.850341,10,9.505368,-1,-1,-1,-1,-1,-1,-1,-1,-1,-1,-1,-1,-1,-1,-1,-1,-1,-1,-1,-1,-1,-1,-1,-1,-1,-1,-1,-1,-1,-1,-1,-1,-1,-1,-1,-1,-1,-1,-1,-1,-1,-1,-1,-1,-1,-1,-1,-1,-1,-1,0,0,0,0,0,0,-1,-1,-1,-1,-1,-1,-1,-1,-1,-1,-1,-1,0,0,0,0,0,0,-1,-1,-1,-1,-1,-1,-1,-1,-1,-1,-1,-1,-1,-1,False,False,0,0,False,54,0,0,0,0,0,0,0,0,0,0,0,0,0,0,0,1,
0,1724,2026-02-16 17:35:29Z,,6.925896,7.221519,6.630274,0.6216618,0,1.607643,0,0,0,0,0,0,5.492995,4.349359,6.636642,0.592854,0.702737,0.482971,7.395737,6.224154,8.56732,0.5926964,0,2.115097,7.193969,6.102676,8.285262,9.850362,10,9.505394,6.925896,7.221519,6.630274,0.6216618,0,1.607643,0,0,0,0,0,0,5.492995,4.349359,6.636642,0.592854,0.702737,0.482971,7.395737,6.224154,8.56732,0.5926964,0,2.115097,7.193969,6.102676,8.285262,9.850362,10,9.505394,-1,-1,-1,-1,-1,-1,-1,-1,-1,-1,-1,-1,-1,-1,-1,-1,-1,-1,-1,-1,-1,-1,-1,-1,-1,-1,-1,-1,-1,-1,-1,-1,-1,-1,-1,-1,-1,-1,-1,-1,-1,-1,-1,-1,-1,-1,-1,-1,-1,-1,0,0,0,0,0,0,-1,-1,-1,-1,-1,-1,-1,-1,-1,-1,-1,-1,0,0,0,0,0,0,-1,-1,-1,-1,-1,-1,-1,-1,-1,-1,-1,-1,-1,-1,False,False,0,0,False,54,0,0,0,0,0,0,0,0,0,0,0,0,0,0,0,1,
0,1725,2026-02-16 17:35:29Z,,6.925902,7.221519,6.630284,0.621652,0,1.607638,0,0,0,0,0,0,5.493002,4.349361,6.636654,0.592854,0.702737,0.482971,7.395741,6.224153,8.567328,0.5926901,0,2.115091,7.193979,6.102682,8.285277,9.850382,10,9.50542,6.925902,7.221519,6.630284,0.621652,0,1.607638,0,0,0,0,0,0,5.493002,4.349361,6.636654,0.592854,0.702737,0.482971,7.395741,6.224153,8.567328,0.5926901,0,2.115091,7.193979,6.102682,8.285277,9.850382,10,9.50542,-1,-1,-1,-1,-1,-1,-1,-1,-1,-1,-1,-1,-1,-1,-1,-1,-1,-1,-1,-1,-1,-1,-1,-1,-1,-1,-1,-1,-1,-1,-1,-1,-1,-1,-1,-1,-1,-1,-1,-1,-1,-1,-1,-1,-1,-1,-1,-1,-1,-1,0,0,0,0,0,0,-1,-1,-1,-1,-1,-1,-1,-1,-1,-1,-1,-1,0,0,0,0,0,0,-1,-1,-1,-1,-1,-1,-1,-1,-1,-1,-1,-1,-1,-1,False,False,0,0,False,54,0,0,0,0,0,0,0,0,0,0,0,0,0,0,0,1,
0,1726,2026-02-16 17:35:29Z,,6.925908,7.22152,6.630295,0.6216423,0,1.607633,0,0,0,0,0,0,5.49301,4.349363,6.636667,0.592854,0.702737,0.482971,7.395744,6.224151,8.567337,0.5926839,0,2.115084,7.193989,6.102687,8.285293,9.850403,10,9.505445,6.925908,7.22152,6.630295,0.6216423,0,1.607633,0,0,0,0,0,0,5.49301,4.349363,6.636667,0.592854,0.702737,0.482971,7.395744,6.224151,8.567337,0.5926839,0,2.115084,7.193989,6.102687,8.285293,9.850403,10,9.505445,-1,-1,-1,-1,-1,-1,-1,-1,-1,-1,-1,-1,-1,-1,-1,-1,-1,-1,-1,-1,-1,-1,-1,-1,-1,-1,-1,-1,-1,-1,-1,-1,-1,-1,-1,-1,-1,-1,-1,-1,-1,-1,-1,-1,-1,-1,-1,-1,-1,-1,0,0,0,0,0,0,-1,-1,-1,-1,-1,-1,-1,-1,-1,-1,-1,-1,0,0,0,0,0,0,-1,-1,-1,-1,-1,-1,-1,-1,-1,-1,-1,-1,-1,-1,False,False,0,0,False,54,0,0,0,0,0,0,0,0,0,0,0,0,0,0,0,1,
0,1727,2026-02-16 17:35:29Z,,6.925913,7.221522,6.630305,0.6216325,0,1.607627,0,0,0,0,0,0,5.493017,4.349366,6.636679,0.592854,0.702737,0.482971,7.395747,6.224149,8.567346,0.5926777,0,2.115078,7.193999,6.102693,8.285307,9.850423,10,9.505471,6.925913,7.221522,6.630305,0.6216325,0,1.607627,0,0,0,0,0,0,5.493017,4.349366,6.636679,0.592854,0.702737,0.482971,7.395747,6.224149,8.567346,0.5926777,0,2.115078,7.193999,6.102693,8.285307,9.850423,10,9.505471,-1,-1,-1,-1,-1,-1,-1,-1,-1,-1,-1,-1,-1,-1,-1,-1,-1,-1,-1,-1,-1,-1,-1,-1,-1,-1,-1,-1,-1,-1,-1,-1,-1,-1,-1,-1,-1,-1,-1,-1,-1,-1,-1,-1,-1,-1,-1,-1,-1,-1,0,0,0,0,0,0,-1,-1,-1,-1,-1,-1,-1,-1,-1,-1,-1,-1,0,0,0,0,0,0,-1,-1,-1,-1,-1,-1,-1,-1,-1,-1,-1,-1,-1,-1,False,False,0,0,False,54,0,0,0,0,0,0,0,0,0,0,0,0,0,0,0,1,
0,1728,2026-02-16 17:35:29Z,,6.925919,7.221523,6.630316,0.6216228,0,1.607622,0,0,0,0,0,0,5.493024,4.349368,6.636691,0.592854,0.702737,0.482971,7.395751,6.224147,8.567354,0.5926714,0,2.115072,7.19401,6.102698,8.285322,9.850443,10,9.505497,6.925919,7.221523,6.630316,0.6216228,0,1.607622,0,0,0,0,0,0,5.493024,4.349368,6.636691,0.592854,0.702737,0.482971,7.395751,6.224147,8.567354,0.5926714,0,2.115072,7.19401,6.102698,8.285322,9.850443,10,9.505497,-1,-1,-1,-1,-1,-1,-1,-1,-1,-1,-1,-1,-1,-1,-1,-1,-1,-1,-1,-1,-1,-1,-1,-1,-1,-1,-1,-1,-1,-1,-1,-1,-1,-1,-1,-1,-1,-1,-1,-1,-1,-1,-1,-1,-1,-1,-1,-1,-1,-1,0,0,0,0,0,0,-1,-1,-1,-1,-1,-1,-1,-1,-1,-1,-1,-1,0,0,0,0,0,0,-1,-1,-1,-1,-1,-1,-1,-1,-1,-1,-1,-1,-1,-1,False,False,0,0,False,54,0,0,0,0,0,0,0,0,0,0,0,0,0,0,0,1,
0,1729,2026-02-16 17:35:29Z,,6.925925,7.221524,6.630326,0.6216131,0,1.607616,0,0,0,0,0,0,5.493032,4.34937,6.636703,0.592854,0.702737,0.482971,7.395754,6.224146,8.567363,0.5926652,0,2.115066,7.19402,6.102704,8.285336,9.850464,10,9.505523,6.925925,7.221524,6.630326,0.6216131,0,1.607616,0,0,0,0,0,0,5.493032,4.34937,6.636703,0.592854,0.702737,0.482971,7.395754,6.224146,8.567363,0.5926652,0,2.115066,7.19402,6.102704,8.285336,9.850464,10,9.505523,-1,-1,-1,-1,-1,-1,-1,-1,-1,-1,-1,-1,-1,-1,-1,-1,-1,-1,-1,-1,-1,-1,-1,-1,-1,-1,-1,-1,-1,-1,-1,-1,-1,-1,-1,-1,-1,-1,-1,-1,-1,-1,-1,-1,-1,-1,-1,-1,-1,-1,0,0,0,0,0,0,-1,-1,-1,-1,-1,-1,-1,-1,-1,-1,-1,-1,0,0,0,0,0,0,-1,-1,-1,-1,-1,-1,-1,-1,-1,-1,-1,-1,-1,-1,False,False,0,0,False,54,0,0,0,0,0,0,0,0,0,0,0,0,0,0,0,1,
0,1730,2026-02-16 17:35:29Z,,6.925931,7.221525,6.630336,0.6216034,0,1.607611,0,0,0,0,0,0,5.493039,4.349373,6.636715,0.592854,0.702737,0.482971,7.395757,6.224144,8.56737,0.592659,0,2.115059,7.19403,6.102709,8.285352,9.850484,10,9.505548,6.925931,7.221525,6.630336,0.6216034,0,1.607611,0,0,0,0,0,0,5.493039,4.349373,6.636715,0.592854,0.702737,0.482971,7.395757,6.224144,8.56737,0.592659,0,2.115059,7.19403,6.102709,8.285352,9.850484,10,9.505548,-1,-1,-1,-1,-1,-1,-1,-1,-1,-1,-1,-1,-1,-1,-1,-1,-1,-1,-1,-1,-1,-1,-1,-1,-1,-1,-1,-1,-1,-1,-1,-1,-1,-1,-1,-1,-1,-1,-1,-1,-1,-1,-1,-1,-1,-1,-1,-1,-1,-1,0,0,0,0,0,0,-1,-1,-1,-1,-1,-1,-1,-1,-1,-1,-1,-1,0,0,0,0,0,0,-1,-1,-1,-1,-1,-1,-1,-1,-1,-1,-1,-1,-1,-1,False,False,0,0,False,54,0,0,0,0,0,0,0,0,0,0,0,0,0,0,0,1,
0,1731,2026-02-16 17:35:29Z,,6.925936,7.221526,6.630347,0.6215937,0,1.607606,0,0,0,0,0,0,5.493046,4.349375,6.636728,0.592854,0.702737,0.482971,7.395761,6.224142,8.567379,0.5926528,0,2.115053,7.19404,6.102715,8.285367,9.850504,10,9.505573,6.925936,7.221526,6.630347,0.6215937,0,1.607606,0,0,0,0,0,0,5.493046,4.349375,6.636728,0.592854,0.702737,0.482971,7.395761,6.224142,8.567379,0.5926528,0,2.115053,7.19404,6.102715,8.285367,9.850504,10,9.505573,-1,-1,-1,-1,-1,-1,-1,-1,-1,-1,-1,-1,-1,-1,-1,-1,-1,-1,-1,-1,-1,-1,-1,-1,-1,-1,-1,-1,-1,-1,-1,-1,-1,-1,-1,-1,-1,-1,-1,-1,-1,-1,-1,-1,-1,-1,-1,-1,-1,-1,0,0,0,0,0,0,-1,-1,-1,-1,-1,-1,-1,-1,-1,-1,-1,-1,0,0,0,0,0,0,-1,-1,-1,-1,-1,-1,-1,-1,-1,-1,-1,-1,-1,-1,False,False,0,0,False,54,0,0,0,0,0,0,0,0,0,0,0,0,0,0,0,1,
0,1732,2026-02-16 17:35:29Z,,6.925942,7.221527,6.630357,0.621584,0,1.6076,0,0,0,0,0,0,5.493054,4.349378,6.63674,0.592854,0.702737,0.482971,7.395764,6.224141,8.567388,0.5926465,0,2.115047,7.19405,6.10272,8.285381,9.850525,10,9.505599,6.925942,7.221527,6.630357,0.621584,0,1.6076,0,0,0,0,0,0,5.493054,4.349378,6.63674,0.592854,0.702737,0.482971,7.395764,6.224141,8.567388,0.5926465,0,2.115047,7.19405,6.10272,8.285381,9.850525,10,9.505599,-1,-1,-1,-1,-1,-1,-1,-1,-1,-1,-1,-1,-1,-1,-1,-1,-1,-1,-1,-1,-1,-1,-1,-1,-1,-1,-1,-1,-1,-1,-1,-1,-1,-1,-1,-1,-1,-1,-1,-1,-1,-1,-1,-1,-1,-1,-1,-1,-1,-1,0,0,0,0,0,0,-1,-1,-1,-1,-1,-1,-1,-1,-1,-1,-1,-1,0,0,0,0,0,0,-1,-1,-1,-1,-1,-1,-1,-1,-1,-1,-1,-1,-1,-1,False,False,0,0,False,54,0,0,0,0,0,0,0,0,0,0,0,0,0,0,0,1,
0,1733,2026-02-16 17:35:29Z,,6.925948,7.221528,6.630368,0.6215743,0,1.607595,0,0,0,0,0,0,5.493061,4.34938,6.636752,0.592854,0.702737,0.482971,7.395767,6.224139,8.567396,0.5926404,0,2.115041,7.19406,6.102726,8.285397,9.850545,10,9.505625,6.925948,7.221528,6.630368,0.6215743,0,1.607595,0,0,0,0,0,0,5.493061,4.34938,6.636752,0.592854,0.702737,0.482971,7.395767,6.224139,8.567396,0.5926404,0,2.115041,7.19406,6.102726,8.285397,9.850545,10,9.505625,-1,-1,-1,-1,-1,-1,-1,-1,-1,-1,-1,-1,-1,-1,-1,-1,-1,-1,-1,-1,-1,-1,-1,-1,-1,-1,-1,-1,-1,-1,-1,-1,-1,-1,-1,-1,-1,-1,-1,-1,-1,-1,-1,-1,-1,-1,-1,-1,-1,-1,0,0,0,0,0,0,-1,-1,-1,-1,-1,-1,-1,-1,-1,-1,-1,-1,0,0,0,0,0,0,-1,-1,-1,-1,-1,-1,-1,-1,-1,-1,-1,-1,-1,-1,False,False,0,0,False,54,0,0,0,0,0,0,0,0,0,0,0,0,0,0,0,1,
0,1734,2026-02-16 17:35:29Z,,6.925953,7.221529,6.630378,0.6215647,0,1.60759,0,0,0,0,0,0,5.493068,4.349382,6.636765,0.592854,0.702737,0.482971,7.395771,6.224137,8.567405,0.5926342,0,2.115035,7.194071,6.102731,8.285411,9.850565,10,9.50565,6.925953,7.221529,6.630378,0.6215647,0,1.60759,0,0,0,0,0,0,5.493068,4.349382,6.636765,0.592854,0.702737,0.482971,7.395771,6.224137,8.567405,0.5926342,0,2.115035,7.194071,6.102731,8.285411,9.850565,10,9.50565,-1,-1,-1,-1,-1,-1,-1,-1,-1,-1,-1,-1,-1,-1,-1,-1,-1,-1,-1,-1,-1,-1,-1,-1,-1,-1,-1,-1,-1,-1,-1,-1,-1,-1,-1,-1,-1,-1,-1,-1,-1,-1,-1,-1,-1,-1,-1,-1,-1,-1,0,0,0,0,0,0,-1,-1,-1,-1,-1,-1,-1,-1,-1,-1,-1,-1,0,0,0,0,0,0,-1,-1,-1,-1,-1,-1,-1,-1,-1,-1,-1,-1,-1,-1,False,False,0,0,False,54,0,0,0,0,0,0,0,0,0,0,0,0,0,0,0,1,
0,1735,2026-02-16 17:35:29Z,,6.925959,7.22153,6.630388,0.621555,0,1.607584,0,0,0,0,0,0,5.493076,4.349385,6.636777,0.592854,0.702737,0.482971,7.395774,6.224135,8.567412,0.592628,0,2.115028,7.194081,6.102736,8.285426,9.850586,10,9.505675,6.925959,7.22153,6.630388,0.621555,0,1.607584,0,0,0,0,0,0,5.493076,4.349385,6.636777,0.592854,0.702737,0.482971,7.395774,6.224135,8.567412,0.592628,0,2.115028,7.194081,6.102736,8.285426,9.850586,10,9.505675,-1,-1,-1,-1,-1,-1,-1,-1,-1,-1,-1,-1,-1,-1,-1,-1,-1,-1,-1,-1,-1,-1,-1,-1,-1,-1,-1,-1,-1,-1,-1,-1,-1,-1,-1,-1,-1,-1,-1,-1,-1,-1,-1,-1,-1,-1,-1,-1,-1,-1,0,0,0,0,0,0,-1,-1,-1,-1,-1,-1,-1,-1,-1,-1,-1,-1,0,0,0,0,0,0,-1,-1,-1,-1,-1,-1,-1,-1,-1,-1,-1,-1,-1,-1,False,False,0,0,False,54,0,0,0,0,0,0,0,0,0,0,0,0,0,0,0,1,
0,1736,2026-02-16 17:35:29Z,,6.925965,7.221531,6.630399,0.6215454,0,1.607579,0,0,0,0,0,0,5.493083,4.349388,6.636789,0.592854,0.702737,0.482971,7.395777,6.224133,8.567421,0.5926218,0,2.115022,7.194091,6.102742,8.28544,9.850606,10,9.505701,6.925965,7.221531,6.630399,0.6215454,0,1.607579,0,0,0,0,0,0,5.493083,4.349388,6.636789,0.592854,0.702737,0.482971,7.395777,6.224133,8.567421,0.5926218,0,2.115022,7.194091,6.102742,8.28544,9.850606,10,9.505701,-1,-1,-1,-1,-1,-1,-1,-1,-1,-1,-1,-1,-1,-1,-1,-1,-1,-1,-1,-1,-1,-1,-1,-1,-1,-1,-1,-1,-1,-1,-1,-1,-1,-1,-1,-1,-1,-1,-1,-1,-1,-1,-1,-1,-1,-1,-1,-1,-1,-1,0,0,0,0,0,0,-1,-1,-1,-1,-1,-1,-1,-1,-1,-1,-1,-1,0,0,0,0,0,0,-1,-1,-1,-1,-1,-1,-1,-1,-1,-1,-1,-1,-1,-1,False,False,0,0,False,54,0,0,0,0,0,0,0,0,0,0,0,0,0,0,0,1,
0,1737,2026-02-16 17:35:29Z,,6.925971,7.221532,6.630409,0.6215357,0,1.607574,0,0,0,0,0,0,5.49309,4.34939,6.636801,0.592854,0.702737,0.482971,7.395781,6.224132,8.56743,0.5926157,0,2.115016,7.194101,6.102747,8.285456,9.850626,10,9.505726,6.925971,7.221532,6.630409,0.6215357,0,1.607574,0,0,0,0,0,0,5.49309,4.34939,6.636801,0.592854,0.702737,0.482971,7.395781,6.224132,8.56743,0.5926157,0,2.115016,7.194101,6.102747,8.285456,9.850626,10,9.505726,-1,-1,-1,-1,-1,-1,-1,-1,-1,-1,-1,-1,-1,-1,-1,-1,-1,-1,-1,-1,-1,-1,-1,-1,-1,-1,-1,-1,-1,-1,-1,-1,-1,-1,-1,-1,-1,-1,-1,-1,-1,-1,-1,-1,-1,-1,-1,-1,-1,-1,0,0,0,0,0,0,-1,-1,-1,-1,-1,-1,-1,-1,-1,-1,-1,-1,0,0,0,0,0,0,-1,-1,-1,-1,-1,-1,-1,-1,-1,-1,-1,-1,-1,-1,False,False,0,0,False,54,0,0,0,0,0,0,0,0,0,0,0,0,0,0,0,1,
0,1738,2026-02-16 17:35:29Z,,6.925976,7.221533,6.630419,0.6215261,0,1.607569,0,0,0,0,0,0,5.493098,4.349392,6.636813,0.592854,0.702737,0.482971,7.395784,6.22413,8.567438,0.5926095,0,2.11501,7.194111,6.102753,8.28547,9.850646,10,9.505752,6.925976,7.221533,6.630419,0.6215261,0,1.607569,0,0,0,0,0,0,5.493098,4.349392,6.636813,0.592854,0.702737,0.482971,7.395784,6.22413,8.567438,0.5926095,0,2.11501,7.194111,6.102753,8.28547,9.850646,10,9.505752,-1,-1,-1,-1,-1,-1,-1,-1,-1,-1,-1,-1,-1,-1,-1,-1,-1,-1,-1,-1,-1,-1,-1,-1,-1,-1,-1,-1,-1,-1,-1,-1,-1,-1,-1,-1,-1,-1,-1,-1,-1,-1,-1,-1,-1,-1,-1,-1,-1,-1,0,0,0,0,0,0,-1,-1,-1,-1,-1,-1,-1,-1,-1,-1,-1,-1,0,0,0,0,0,0,-1,-1,-1,-1,-1,-1,-1,-1,-1,-1,-1,-1,-1,-1,False,False,0,0,False,54,0,0,0,0,0,0,0,0,0,0,0,0,0,0,0,1,
0,1739,2026-02-16 17:35:29Z,LLM_Empathetic,6.925982,7.221534,6.63043,0.6215165,0,1.607563,0,0,0,0,0,0,5.493105,4.349395,6.636826,0.592854,0.702737,0.482971,7.395787,6.224129,8.567446,0.5926033,0,2.115004,7.194121,6.102758,8.285485,9.850666,10,9.505777,6.925982,7.221534,6.63043,0.6215165,0,1.607563,0,0,0,0,0,0,5.493105,4.349395,6.636826,0.592854,0.702737,0.482971,7.395787,6.224129,8.567446,0.5926033,0,2.115004,7.194121,6.102758,8.285485,9.850666,10,9.505777,-1,-1,-1,-1,-1,-1,-1,-1,-1,-1,-1,-1,-1,-1,-1,-1,-1,-1,-1,-1,-1,-1,-1,-1,-1,-1,-1,-1,-1,-1,-1,-1,-1,-1,-1,-1,-1,-1,-1,-1,-1,-1,-1,-1,-1,-1,-1,-1,-1,-1,0,0,0,0,0,0,-1,-1,-1,-1,-1,-1,-1,-1,-1,-1,-1,-1,0,0,0,0,0,0,-1,-1,-1,-1,-1,-1,-1,-1,-1,-1,-1,-1,-1,-1,False,False,0,0,False,54,0,0,0,0,0,0,0,0,0,0,0,0,0,0,0,1,
0,1740,2026-02-16 17:35:30Z,LLM_Empathetic,6.925988,7.221535,6.63044,0.6215069,0,1.607558,0,0,0,0,0,0,5.493112,4.349397,6.636837,0.592854,0.702737,0.482971,7.395791,6.224127,8.567454,0.5925971,0,2.114998,7.194131,6.102764,8.2855,9.850687,10,9.505802,6.925988,7.221535,6.63044,0.6215069,0,1.607558,0,0,0,0,0,0,5.493112,4.349397,6.636837,0.592854,0.702737,0.482971,7.395791,6.224127,8.567454,0.5925971,0,2.114998,7.194131,6.102764,8.2855,9.850687,10,9.505802,-1,-1,-1,-1,-1,-1,-1,-1,-1,-1,-1,-1,-1,-1,-1,-1,-1,-1,-1,-1,-1,-1,-1,-1,-1,-1,-1,-1,-1,-1,-1,-1,-1,-1,-1,-1,-1,-1,-1,-1,-1,-1,-1,-1,-1,-1,-1,-1,-1,-1,0,0,0,0,0,0,-1,-1,-1,-1,-1,-1,-1,-1,-1,-1,-1,-1,0,0,0,0,0,0,-1,-1,-1,-1,-1,-1,-1,-1,-1,-1,-1,-1,-1,-1,False,False,0,0,False,182,0,0,0,0,0,0,0,0,0,0,0,0,0,0,0,1,
0,1741,2026-02-16 17:35:30Z,LLM_Empathetic,6.925993,7.221536,6.63045,0.6214972,0,1.607553,0,0,0,0,0,0,5.493119,4.3494,6.63685,0.592854,0.702737,0.482971,7.395794,6.224125,8.567463,0.592591,0,2.114991,7.194141,6.102769,8.285515,9.850707,10,9.505828,6.925993,7.221536,6.63045,0.6214972,0,1.607553,0,0,0,0,0,0,5.493119,4.3494,6.63685,0.592854,0.702737,0.482971,7.395794,6.224125,8.567463,0.592591,0,2.114991,7.194141,6.102769,8.285515,9.850707,10,9.505828,-1,-1,-1,-1,-1,-1,-1,-1,-1,-1,-1,-1,-1,-1,-1,-1,-1,-1,-1,-1,-1,-1,-1,-1,-1,-1,-1,-1,-1,-1,-1,-1,-1,-1,-1,-1,-1,-1,-1,-1,-1,-1,-1,-1,-1,-1,-1,-1,-1,-1,0,0,0,0,0,0,-1,-1,-1,-1,-1,-1,-1,-1,-1,-1,-1,-1,0,0,0,0,0,0,-1,-1,-1,-1,-1,-1,-1,-1,-1,-1,-1,-1,-1,-1,False,False,0,0,False,209,0,0,0,0,0,0,0,0,0,0,0,0,0,0,0,1,
0,1742,2026-02-16 17:35:30Z,LLM_Empathetic,6.925999,7.221537,6.63046,0.6214876,0,1.607547,0,0,0,0,0,0,5.493127,4.349402,6.636862,0.592854,0.702737,0.482971,7.395797,6.224123,8.567472,0.5925848,0,2.114985,7.194151,6.102775,8.285529,9.850727,10,9.505853,6.925999,7.221537,6.63046,0.6214876,0,1.607547,0,0,0,0,0,0,5.493127,4.349402,6.636862,0.592854,0.702737,0.482971,7.395797,6.224123,8.567472,0.5925848,0,2.114985,7.194151,6.102775,8.285529,9.850727,10,9.505853,-1,-1,-1,-1,-1,-1,-1,-1,-1,-1,-1,-1,-1,-1,-1,-1,-1,-1,-1,-1,-1,-1,-1,-1,-1,-1,-1,-1,-1,-1,-1,-1,-1,-1,-1,-1,-1,-1,-1,-1,-1,-1,-1,-1,-1,-1,-1,-1,-1,-1,0,0,0,0,0,0,-1,-1,-1,-1,-1,-1,-1,-1,-1,-1,-1,-1,0,0,0,0,0,0,-1,-1,-1,-1,-1,-1,-1,-1,-1,-1,-1,-1,-1,-1,False,False,0,0,False,209,0,0,0,0,0,0,0,0,0,0,0,0,0,0,0,1,
0,1743,2026-02-16 17:35:30Z,LLM_Empathetic,6.926004,7.221538,6.630471,0.621478,0,1.607542,0,0,0,0,0,0,5.493134,4.349404,6.636874,0.592854,0.702737,0.482971,7.395801,6.224122,8.567479,0.5925787,0,2.114979,7.194162,6.10278,8.285543,9.850747,10,9.505878,6.926004,7.221538,6.630471,0.621478,0,1.607542,0,0,0,0,0,0,5.493134,4.349404,6.636874,0.592854,0.702737,0.482971,7.395801,6.224122,8.567479,0.5925787,0,2.114979,7.194162,6.10278,8.285543,9.850747,10,9.505878,-1,-1,-1,-1,-1,-1,-1,-1,-1,-1,-1,-1,-1,-1,-1,-1,-1,-1,-1,-1,-1,-1,-1,-1,-1,-1,-1,-1,-1,-1,-1,-1,-1,-1,-1,-1,-1,-1,-1,-1,-1,-1,-1,-1,-1,-1,-1,-1,-1,-1,0,0,0,0,0,0,-1,-1,-1,-1,-1,-1,-1,-1,-1,-1,-1,-1,0,0,0,0,0,0,-1,-1,-1,-1,-1,-1,-1,-1,-1,-1,-1,-1,-1,-1,False,False,0,0,False,209,0,0,0,0,0,0,0,0,0,0,0,0,0,0,0,1,
0,1744,2026-02-16 17:35:30Z,LLM_Empathetic,6.92601,7.221539,6.630481,0.6214685,0,1.607537,0,0,0,0,0,0,5.493141,4.349407,6.636886,0.592854,0.702737,0.482971,7.395804,6.22412,8.567488,0.5925726,0,2.114973,7.194172,6.102786,8.285559,9.850767,10,9.505903,6.92601,7.221539,6.630481,0.6214685,0,1.607537,0,0,0,0,0,0,5.493141,4.349407,6.636886,0.592854,0.702737,0.482971,7.395804,6.22412,8.567488,0.5925726,0,2.114973,7.194172,6.102786,8.285559,9.850767,10,9.505903,-1,-1,-1,-1,-1,-1,-1,-1,-1,-1,-1,-1,-1,-1,-1,-1,-1,-1,-1,-1,-1,-1,-1,-1,-1,-1,-1,-1,-1,-1,-1,-1,-1,-1,-1,-1,-1,-1,-1,-1,-1,-1,-1,-1,-1,-1,-1,-1,-1,-1,0,0,0,0,0,0,-1,-1,-1,-1,-1,-1,-1,-1,-1,-1,-1,-1,0,0,0,0,0,0,-1,-1,-1,-1,-1,-1,-1,-1,-1,-1,-1,-1,-1,-1,False,False,0,0,False,209,0,0,0,0,0,0,0,0,0,0,0,0,0,0,0,1,
0,1745,2026-02-16 17:35:30Z,LLM_Empathetic,6.926016,7.22154,6.630491,0.6214589,0,1.607531,0,0,0,0,0,0,5.493148,4.349409,6.636898,0.592854,0.702737,0.482971,7.395807,6.224118,8.567496,0.5925664,0,2.114967,7.194182,6.102791,8.285573,9.850787,10,9.505929,6.926016,7.22154,6.630491,0.6214589,0,1.607531,0,0,0,0,0,0,5.493148,4.349409,6.636898,0.592854,0.702737,0.482971,7.395807,6.224118,8.567496,0.5925664,0,2.114967,7.194182,6.102791,8.285573,9.850787,10,9.505929,-1,-1,-1,-1,-1,-1,-1,-1,-1,-1,-1,-1,-1,-1,-1,-1,-1,-1,-1,-1,-1,-1,-1,-1,-1,-1,-1,-1,-1,-1,-1,-1,-1,-1,-1,-1,-1,-1,-1,-1,-1,-1,-1,-1,-1,-1,-1,-1,-1,-1,0,0,0,0,0,0,-1,-1,-1,-1,-1,-1,-1,-1,-1,-1,-1,-1,0,0,0,0,0,0,-1,-1,-1,-1,-1,-1,-1,-1,-1,-1,-1,-1,-1,-1,False,False,0,0,False,207,0,0,0,0,0,0,0,0,0,0,0,0,0,0,0,1,
0,1746,2026-02-16 17:35:30Z,LLM_Empathetic,6.926022,7.221541,6.630501,0.6214494,0,1.607526,0,0,0,0,0,0,5.493155,4.349411,6.63691,0.592854,0.702737,0.482971,7.39581,6.224117,8.567505,0.5925603,0,2.114961,7.194192,6.102797,8.285588,9.850807,10,9.505954,6.926022,7.221541,6.630501,0.6214494,0,1.607526,0,0,0,0,0,0,5.493155,4.349411,6.63691,0.592854,0.702737,0.482971,7.39581,6.224117,8.567505,0.5925603,0,2.114961,7.194192,6.102797,8.285588,9.850807,10,9.505954,-1,-1,-1,-1,-1,-1,-1,-1,-1,-1,-1,-1,-1,-1,-1,-1,-1,-1,-1,-1,-1,-1,-1,-1,-1,-1,-1,-1,-1,-1,-1,-1,-1,-1,-1,-1,-1,-1,-1,-1,-1,-1,-1,-1,-1,-1,-1,-1,-1,-1,0,0,0,0,0,0,-1,-1,-1,-1,-1,-1,-1,-1,-1,-1,-1,-1,0,0,0,0,0,0,-1,-1,-1,-1,-1,-1,-1,-1,-1,-1,-1,-1,-1,-1,False,False,0,0,False,209,0,0,0,0,0,0,0,0,0,0,0,0,0,0,0,1,
0,1747,2026-02-16 17:35:30Z,LLM_Empathetic,6.926027,7.221542,6.630512,0.6214398,0,1.607521,0,0,0,0,0,0,5.493163,4.349414,6.636922,0.592854,0.702737,0.482971,7.395813,6.224115,8.567513,0.5925542,0,2.114954,7.194202,6.102802,8.285603,9.850827,10,9.505979,6.926027,7.221542,6.630512,0.6214398,0,1.607521,0,0,0,0,0,0,5.493163,4.349414,6.636922,0.592854,0.702737,0.482971,7.395813,6.224115,8.567513,0.5925542,0,2.114954,7.194202,6.102802,8.285603,9.850827,10,9.505979,-1,-1,-1,-1,-1,-1,-1,-1,-1,-1,-1,-1,-1,-1,-1,-1,-1,-1,-1,-1,-1,-1,-1,-1,-1,-1,-1,-1,-1,-1,-1,-1,-1,-1,-1,-1,-1,-1,-1,-1,-1,-1,-1,-1,-1,-1,-1,-1,-1,-1,0,0,0,0,0,0,-1,-1,-1,-1,-1,-1,-1,-1,-1,-1,-1,-1,0,0,0,0,0,0,-1,-1,-1,-1,-1,-1,-1,-1,-1,-1,-1,-1,-1,-1,False,False,0,0,False,207,0,0,0,0,0,0,0,0,0,0,0,0,0,0,0,1,
0,1748,2026-02-16 17:35:30Z,LLM_Empathetic,6.926033,7.221543,6.630522,0.6214302,0,1.607516,0,0,0,0,0,0,5.49317,4.349416,6.636934,0.592854,0.702737,0.482971,7.395817,6.224113,8.567521,0.5925481,0,2.114949,7.194212,6.102808,8.285617,9.850847,10,9.506004,6.926033,7.221543,6.630522,0.6214302,0,1.607516,0,0,0,0,0,0,5.49317,4.349416,6.636934,0.592854,0.702737,0.482971,7.395817,6.224113,8.567521,0.5925481,0,2.114949,7.194212,6.102808,8.285617,9.850847,10,9.506004,-1,-1,-1,-1,-1,-1,-1,-1,-1,-1,-1,-1,-1,-1,-1,-1,-1,-1,-1,-1,-1,-1,-1,-1,-1,-1,-1,-1,-1,-1,-1,-1,-1,-1,-1,-1,-1,-1,-1,-1,-1,-1,-1,-1,-1,-1,-1,-1,-1,-1,0,0,0,0,0,0,-1,-1,-1,-1,-1,-1,-1,-1,-1,-1,-1,-1,0,0,0,0,0,0,-1,-1,-1,-1,-1,-1,-1,-1,-1,-1,-1,-1,-1,-1,False,False,0,0,False,207,0,0,0,0,0,0,0,0,0,0,0,0,0,0,0,1,
0,1749,2026-02-16 17:35:30Z,LLM_Empathetic,6.926038,7.221544,6.630532,0.6214207,0,1.60751,0,0,0,0,0,0,5.493177,4.349419,6.636947,0.592854,0.702737,0.482971,7.39582,6.224112,8.56753,0.592542,0,2.114942,7.194222,6.102813,8.285632,9.850867,10,9.506029,6.926038,7.221544,6.630532,0.6214207,0,1.60751,0,0,0,0,0,0,5.493177,4.349419,6.636947,0.592854,0.702737,0.482971,7.39582,6.224112,8.56753,0.592542,0,2.114942,7.194222,6.102813,8.285632,9.850867,10,9.506029,-1,-1,-1,-1,-1,-1,-1,-1,-1,-1,-1,-1,-1,-1,-1,-1,-1,-1,-1,-1,-1,-1,-1,-1,-1,-1,-1,-1,-1,-1,-1,-1,-1,-1,-1,-1,-1,-1,-1,-1,-1,-1,-1,-1,-1,-1,-1,-1,-1,-1,0,0,0,0,0,0,-1,-1,-1,-1,-1,-1,-1,-1,-1,-1,-1,-1,0,0,0,0,0,0,-1,-1,-1,-1,-1,-1,-1,-1,-1,-1,-1,-1,-1,-1,False,False,0,0,False,209,0,0,0,0,0,0,0,0,0,0,0,0,0,0,0,1,
0,1750,2026-02-16 17:35:30Z,LLM_Empathetic,6.926044,7.221545,6.630542,0.6214111,0,1.607505,0,0,0,0,0,0,5.493185,4.349421,6.636959,0.592854,0.702737,0.482971,7.395823,6.22411,8.567537,0.5925359,0,2.114936,7.194232,6.102818,8.285646,9.850887,10,9.506054,6.926044,7.221545,6.630542,0.6214111,0,1.607505,0,0,0,0,0,0,5.493185,4.349421,6.636959,0.592854,0.702737,0.482971,7.395823,6.22411,8.567537,0.5925359,0,2.114936,7.194232,6.102818,8.285646,9.850887,10,9.506054,-1,-1,-1,-1,-1,-1,-1,-1,-1,-1,-1,-1,-1,-1,-1,-1,-1,-1,-1,-1,-1,-1,-1,-1,-1,-1,-1,-1,-1,-1,-1,-1,-1,-1,-1,-1,-1,-1,-1,-1,-1,-1,-1,-1,-1,-1,-1,-1,-1,-1,0,0,0,0,0,0,-1,-1,-1,-1,-1,-1,-1,-1,-1,-1,-1,-1,0,0,0,0,0,0,-1,-1,-1,-1,-1,-1,-1,-1,-1,-1,-1,-1,-1,-1,False,False,0,0,False,209,0,0,0,0,0,0,0,0,0,0,0,0,0,0,0,1,
0,1751,2026-02-16 17:35:30Z,LLM_Empathetic,6.926049,7.221546,6.630552,0.6214017,0,1.6075,0,0,0,0,0,0,5.493192,4.349423,6.636971,0.592854,0.702737,0.482971,7.395827,6.224108,8.567546,0.5925298,0,2.11493,7.194242,6.102824,8.285661,9.850907,10,9.50608,6.926049,7.221546,6.630552,0.6214017,0,1.6075,0,0,0,0,0,0,5.493192,4.349423,6.636971,0.592854,0.702737,0.482971,7.395827,6.224108,8.567546,0.5925298,0,2.11493,7.194242,6.102824,8.285661,9.850907,10,9.50608,-1,-1,-1,-1,-1,-1,-1,-1,-1,-1,-1,-1,-1,-1,-1,-1,-1,-1,-1,-1,-1,-1,-1,-1,-1,-1,-1,-1,-1,-1,-1,-1,-1,-1,-1,-1,-1,-1,-1,-1,-1,-1,-1,-1,-1,-1,-1,-1,-1,-1,0,0,0,0,0,0,-1,-1,-1,-1,-1,-1,-1,-1,-1,-1,-1,-1,0,0,0,0,0,0,-1,-1,-1,-1,-1,-1,-1,-1,-1,-1,-1,-1,-1,-1,False,False,0,0,False,209,0,0,0,0,0,0,0,0,0,0,0,0,0,0,0,1,
0,1752,2026-02-16 17:35:30Z,LLM_Empathetic,6.926055,7.221547,6.630563,0.6213921,0,1.607495,0,0,0,0,0,0,5.493199,4.349426,6.636982,0.592854,0.702737,0.482971,7.39583,6.224106,8.567554,0.5925237,0,2.114924,7.194252,6.102829,8.285676,9.850927,10,9.506104,6.926055,7.221547,6.630563,0.6213921,0,1.607495,0,0,0,0,0,0,5.493199,4.349426,6.636982,0.592854,0.702737,0.482971,7.39583,6.224106,8.567554,0.5925237,0,2.114924,7.194252,6.102829,8.285676,9.850927,10,9.506104,-1,-1,-1,-1,-1,-1,-1,-1,-1,-1,-1,-1,-1,-1,-1,-1,-1,-1,-1,-1,-1,-1,-1,-1,-1,-1,-1,-1,-1,-1,-1,-1,-1,-1,-1,-1,-1,-1,-1,-1,-1,-1,-1,-1,-1,-1,-1,-1,-1,-1,0,0,0,0,0,0,-1,-1,-1,-1,-1,-1,-1,-1,-1,-1,-1,-1,0,0,0,0,0,0,-1,-1,-1,-1,-1,-1,-1,-1,-1,-1,-1,-1,-1,-1,False,False,0,0,False,209,0,0,0,0,0,0,0,0,0,0,0,0,0,0,0,1,
0,1753,2026-02-16 17:35:30Z,LLM_Empathetic,6.926061,7.221548,6.630573,0.6213826,0,1.607489,0,0,0,0,0,0,5.493206,4.349428,6.636994,0.592854,0.702737,0.482971,7.395833,6.224105,8.567562,0.5925176,0,2.114918,7.194262,6.102835,8.28569,9.850947,10,9.506129,6.926061,7.221548,6.630573,0.6213826,0,1.607489,0,0,0,0,0,0,5.493206,4.349428,6.636994,0.592854,0.702737,0.482971,7.395833,6.224105,8.567562,0.5925176,0,2.114918,7.194262,6.102835,8.28569,9.850947,10,9.506129,-1,-1,-1,-1,-1,-1,-1,-1,-1,-1,-1,-1,-1,-1,-1,-1,-1,-1,-1,-1,-1,-1,-1,-1,-1,-1,-1,-1,-1,-1,-1,-1,-1,-1,-1,-1,-1,-1,-1,-1,-1,-1,-1,-1,-1,-1,-1,-1,-1,-1,0,0,0,0,0,0,-1,-1,-1,-1,-1,-1,-1,-1,-1,-1,-1,-1,0,0,0,0,0,0,-1,-1,-1,-1,-1,-1,-1,-1,-1,-1,-1,-1,-1,-1,False,False,0,0,False,209,0,0,0,0,0,0,0,0,0,0,0,0,0,0,0,1,
0,1754,2026-02-16 17:35:31Z,LLM_Empathetic,6.926066,7.22155,6.630583,0.6213731,0,1.607484,0,0,0,0,0,0,5.493213,4.349431,6.637007,0.592854,0.702737,0.482971,7.395837,6.224103,8.567571,0.5925115,0,2.114912,7.194272,6.10284,8.285705,9.850967,10,9.506154,6.926066,7.22155,6.630583,0.6213731,0,1.607484,0,0,0,0,0,0,5.493213,4.349431,6.637007,0.592854,0.702737,0.482971,7.395837,6.224103,8.567571,0.5925115,0,2.114912,7.194272,6.10284,8.285705,9.850967,10,9.506154,-1,-1,-1,-1,-1,-1,-1,-1,-1,-1,-1,-1,-1,-1,-1,-1,-1,-1,-1,-1,-1,-1,-1,-1,-1,-1,-1,-1,-1,-1,-1,-1,-1,-1,-1,-1,-1,-1,-1,-1,-1,-1,-1,-1,-1,-1,-1,-1,-1,-1,0,0,0,0,0,0,-1,-1,-1,-1,-1,-1,-1,-1,-1,-1,-1,-1,0,0,0,0,0,0,-1,-1,-1,-1,-1,-1,-1,-1,-1,-1,-1,-1,-1,-1,False,False,0,0,False,207,0,0,0,0,0,0,0,0,0,0,0,0,0,0,0,1,
0,1755,2026-02-16 17:35:31Z,LLM_Empathetic,6.926072,7.22155,6.630593,0.6213636,0,1.607479,0,0,0,0,0,0,5.49322,4.349433,6.637019,0.592854,0.702737,0.482971,7.39584,6.224102,8.567579,0.5925055,0,2.114906,7.194282,6.102846,8.285719,9.850987,10,9.50618,6.926072,7.22155,6.630593,0.6213636,0,1.607479,0,0,0,0,0,0,5.49322,4.349433,6.637019,0.592854,0.702737,0.482971,7.39584,6.224102,8.567579,0.5925055,0,2.114906,7.194282,6.102846,8.285719,9.850987,10,9.50618,-1,-1,-1,-1,-1,-1,-1,-1,-1,-1,-1,-1,-1,-1,-1,-1,-1,-1,-1,-1,-1,-1,-1,-1,-1,-1,-1,-1,-1,-1,-1,-1,-1,-1,-1,-1,-1,-1,-1,-1,-1,-1,-1,-1,-1,-1,-1,-1,-1,-1,0,0,0,0,0,0,-1,-1,-1,-1,-1,-1,-1,-1,-1,-1,-1,-1,0,0,0,0,0,0,-1,-1,-1,-1,-1,-1,-1,-1,-1,-1,-1,-1,-1,-1,False,False,0,0,False,207,0,0,0,0,0,0,0,0,0,0,0,0,0,0,0,1,
0,1756,2026-02-16 17:35:31Z,LLM_Empathetic,6.926077,7.221551,6.630603,0.6213542,0,1.607474,0,0,0,0,0,0,5.493228,4.349435,6.637031,0.592854,0.702737,0.482971,7.395843,6.2241,8.567587,0.5924994,0,2.1149,7.194292,6.102851,8.285734,9.851007,10,9.506205,6.926077,7.221551,6.630603,0.6213542,0,1.607474,0,0,0,0,0,0,5.493228,4.349435,6.637031,0.592854,0.702737,0.482971,7.395843,6.2241,8.567587,0.5924994,0,2.1149,7.194292,6.102851,8.285734,9.851007,10,9.506205,-1,-1,-1,-1,-1,-1,-1,-1,-1,-1,-1,-1,-1,-1,-1,-1,-1,-1,-1,-1,-1,-1,-1,-1,-1,-1,-1,-1,-1,-1,-1,-1,-1,-1,-1,-1,-1,-1,-1,-1,-1,-1,-1,-1,-1,-1,-1,-1,-1,-1,0,0,0,0,0,0,-1,-1,-1,-1,-1,-1,-1,-1,-1,-1,-1,-1,0,0,0,0,0,0,-1,-1,-1,-1,-1,-1,-1,-1,-1,-1,-1,-1,-1,-1,False,False,0,0,False,207,0,0,0,0,0,0,0,0,0,0,0,0,0,0,0,1,
0,1757,2026-02-16 17:35:31Z,LLM_Empathetic,6.926083,7.221552,6.630613,0.6213447,0,1.607468,0,0,0,0,0,0,5.493235,4.349438,6.637043,0.592854,0.702737,0.482971,7.395846,6.224098,8.567595,0.5924933,0,2.114894,7.194302,6.102856,8.285748,9.851027,10,9.506229,6.926083,7.221552,6.630613,0.6213447,0,1.607468,0,0,0,0,0,0,5.493235,4.349438,6.637043,0.592854,0.702737,0.482971,7.395846,6.224098,8.567595,0.5924933,0,2.114894,7.194302,6.102856,8.285748,9.851027,10,9.506229,-1,-1,-1,-1,-1,-1,-1,-1,-1,-1,-1,-1,-1,-1,-1,-1,-1,-1,-1,-1,-1,-1,-1,-1,-1,-1,-1,-1,-1,-1,-1,-1,-1,-1,-1,-1,-1,-1,-1,-1,-1,-1,-1,-1,-1,-1,-1,-1,-1,-1,0,0,0,0,0,0,-1,-1,-1,-1,-1,-1,-1,-1,-1,-1,-1,-1,0,0,0,0,0,0,-1,-1,-1,-1,-1,-1,-1,-1,-1,-1,-1,-1,-1,-1,False,False,0,0,False,207,0,0,0,0,0,0,0,0,0,0,0,0,0,0,0,1,
0,1758,2026-02-16 17:35:31Z,LLM_Empathetic,6.926088,7.221553,6.630623,0.6213352,0,1.607463,0,0,0,0,0,0,5.493242,4.34944,6.637054,0.592854,0.702737,0.482971,7.39585,6.224096,8.567603,0.5924873,0,2.114888,7.194312,6.102861,8.285763,9.851047,10,9.506254,6.926088,7.221553,6.630623,0.6213352,0,1.607463,0,0,0,0,0,0,5.493242,4.34944,6.637054,0.592854,0.702737,0.482971,7.39585,6.224096,8.567603,0.5924873,0,2.114888,7.194312,6.102861,8.285763,9.851047,10,9.506254,-1,-1,-1,-1,-1,-1,-1,-1,-1,-1,-1,-1,-1,-1,-1,-1,-1,-1,-1,-1,-1,-1,-1,-1,-1,-1,-1,-1,-1,-1,-1,-1,-1,-1,-1,-1,-1,-1,-1,-1,-1,-1,-1,-1,-1,-1,-1,-1,-1,-1,0,0,0,0,0,0,-1,-1,-1,-1,-1,-1,-1,-1,-1,-1,-1,-1,0,0,0,0,0,0,-1,-1,-1,-1,-1,-1,-1,-1,-1,-1,-1,-1,-1,-1,False,False,0,0,False,207,0,0,0,0,0,0,0,0,0,0,0,0,0,0,0,1,
0,1759,2026-02-16 17:35:31Z,LLM_Empathetic,6.926094,7.221554,6.630634,0.6213258,0,1.607458,0,0,0,0,0,0,5.493249,4.349442,6.637066,0.592854,0.702737,0.482971,7.395853,6.224095,8.567612,0.5924812,0,2.114882,7.194322,6.102867,8.285777,9.851067,10,9.506279,6.926094,7.221554,6.630634,0.6213258,0,1.607458,0,0,0,0,0,0,5.493249,4.349442,6.637066,0.592854,0.702737,0.482971,7.395853,6.224095,8.567612,0.5924812,0,2.114882,7.194322,6.102867,8.285777,9.851067,10,9.506279,-1,-1,-1,-1,-1,-1,-1,-1,-1,-1,-1,-1,-1,-1,-1,-1,-1,-1,-1,-1,-1,-1,-1,-1,-1,-1,-1,-1,-1,-1,-1,-1,-1,-1,-1,-1,-1,-1,-1,-1,-1,-1,-1,-1,-1,-1,-1,-1,-1,-1,0,0,0,0,0,0,-1,-1,-1,-1,-1,-1,-1,-1,-1,-1,-1,-1,0,0,0,0,0,0,-1,-1,-1,-1,-1,-1,-1,-1,-1,-1,-1,-1,-1,-1,False,False,0,0,False,209,0,0,0,0,0,0,0,0,0,0,0,0,0,0,0,1,
0,1760,2026-02-16 17:35:31Z,LLM_Empathetic,6.9261,7.221555,6.630644,0.6213163,0,1.607453,0,0,0,0,0,0,5.493257,4.349445,6.637078,0.592854,0.702737,0.482971,7.395856,6.224093,8.56762,0.5924752,0,2.114876,7.194332,6.102872,8.285791,9.851087,10,9.506304,6.9261,7.221555,6.630644,0.6213163,0,1.607453,0,0,0,0,0,0,5.493257,4.349445,6.637078,0.592854,0.702737,0.482971,7.395856,6.224093,8.56762,0.5924752,0,2.114876,7.194332,6.102872,8.285791,9.851087,10,9.506304,-1,-1,-1,-1,-1,-1,-1,-1,-1,-1,-1,-1,-1,-1,-1,-1,-1,-1,-1,-1,-1,-1,-1,-1,-1,-1,-1,-1,-1,-1,-1,-1,-1,-1,-1,-1,-1,-1,-1,-1,-1,-1,-1,-1,-1,-1,-1,-1,-1,-1,0,0,0,0,0,0,-1,-1,-1,-1,-1,-1,-1,-1,-1,-1,-1,-1,0,0,0,0,0,0,-1,-1,-1,-1,-1,-1,-1,-1,-1,-1,-1,-1,-1,-1,False,False,0,0,False,209,0,0,0,0,0,0,0,0,0,0,0,0,0,0,0,1,
0,1761,2026-02-16 17:35:31Z,LLM_Empathetic,6.926105,7.221556,6.630654,0.6213069,0,1.607448,0,0,0,0,0,0,5.493264,4.349447,6.63709,0.592854,0.702737,0.482971,7.39586,6.224092,8.567628,0.5924691,0,2.11487,7.194342,6.102878,8.285806,9.851107,10,9.506329,6.926105,7.221556,6.630654,0.6213069,0,1.607448,0,0,0,0,0,0,5.493264,4.349447,6.63709,0.592854,0.702737,0.482971,7.39586,6.224092,8.567628,0.5924691,0,2.11487,7.194342,6.102878,8.285806,9.851107,10,9.506329,-1,-1,-1,-1,-1,-1,-1,-1,-1,-1,-1,-1,-1,-1,-1,-1,-1,-1,-1,-1,-1,-1,-1,-1,-1,-1,-1,-1,-1,-1,-1,-1,-1,-1,-1,-1,-1,-1,-1,-1,-1,-1,-1,-1,-1,-1,-1,-1,-1,-1,0,0,0,0,0,0,-1,-1,-1,-1,-1,-1,-1,-1,-1,-1,-1,-1,0,0,0,0,0,0,-1,-1,-1,-1,-1,-1,-1,-1,-1,-1,-1,-1,-1,-1,False,False,0,0,False,207,0,0,0,0,0,0,0,0,0,0,0,0,0,0,0,1,
0,1762,2026-02-16 17:35:31Z,LLM_Empathetic,6.926111,7.221557,6.630664,0.6212975,0,1.607442,0,0,0,0,0,0,5.49327,4.34945,6.637102,0.592854,0.702737,0.482971,7.395863,6.22409,8.567636,0.5924631,0,2.114863,7.194351,6.102883,8.285821,9.851126,10,9.506353,6.926111,7.221557,6.630664,0.6212975,0,1.607442,0,0,0,0,0,0,5.49327,4.34945,6.637102,0.592854,0.702737,0.482971,7.395863,6.22409,8.567636,0.5924631,0,2.114863,7.194351,6.102883,8.285821,9.851126,10,9.506353,-1,-1,-1,-1,-1,-1,-1,-1,-1,-1,-1,-1,-1,-1,-1,-1,-1,-1,-1,-1,-1,-1,-1,-1,-1,-1,-1,-1,-1,-1,-1,-1,-1,-1,-1,-1,-1,-1,-1,-1,-1,-1,-1,-1,-1,-1,-1,-1,-1,-1,0,0,0,0,0,0,-1,-1,-1,-1,-1,-1,-1,-1,-1,-1,-1,-1,0,0,0,0,0,0,-1,-1,-1,-1,-1,-1,-1,-1,-1,-1,-1,-1,-1,-1,False,False,0,0,False,209,0,0,0,0,0,0,0,0,0,0,0,0,0,0,0,1,
0,1763,2026-02-16 17:35:31Z,LLM_Empathetic,6.926116,7.221559,6.630674,0.6212881,0,1.607437,0,0,0,0,0,0,5.493278,4.349452,6.637114,0.592854,0.702737,0.482971,7.395866,6.224088,8.567644,0.5924571,0,2.114857,7.194361,6.102889,8.285835,9.851146,10,9.506378,6.926116,7.221559,6.630674,0.6212881,0,1.607437,0,0,0,0,0,0,5.493278,4.349452,6.637114,0.592854,0.702737,0.482971,7.395866,6.224088,8.567644,0.5924571,0,2.114857,7.194361,6.102889,8.285835,9.851146,10,9.506378,-1,-1,-1,-1,-1,-1,-1,-1,-1,-1,-1,-1,-1,-1,-1,-1,-1,-1,-1,-1,-1,-1,-1,-1,-1,-1,-1,-1,-1,-1,-1,-1,-1,-1,-1,-1,-1,-1,-1,-1,-1,-1,-1,-1,-1,-1,-1,-1,-1,-1,0,0,0,0,0,0,-1,-1,-1,-1,-1,-1,-1,-1,-1,-1,-1,-1,0,0,0,0,0,0,-1,-1,-1,-1,-1,-1,-1,-1,-1,-1,-1,-1,-1,-1,False,False,0,0,False,207,0,0,0,0,0,0,0,0,0,0,0,0,0,0,0,1,
0,1764,2026-02-16 17:35:31Z,LLM_Empathetic,6.926122,7.22156,6.630684,0.6212786,0,1.607432,0,0,0,0,0,0,5.493285,4.349454,6.637126,0.592854,0.702737,0.482971,7.395869,6.224086,8.567653,0.592451,0,2.114851,7.194371,6.102894,8.28585,9.851166,10,9.506403,6.926122,7.22156,6.630684,0.6212786,0,1.607432,0,0,0,0,0,0,5.493285,4.349454,6.637126,0.592854,0.702737,0.482971,7.395869,6.224086,8.567653,0.592451,0,2.114851,7.194371,6.102894,8.28585,9.851166,10,9.506403,-1,-1,-1,-1,-1,-1,-1,-1,-1,-1,-1,-1,-1,-1,-1,-1,-1,-1,-1,-1,-1,-1,-1,-1,-1,-1,-1,-1,-1,-1,-1,-1,-1,-1,-1,-1,-1,-1,-1,-1,-1,-1,-1,-1,-1,-1,-1,-1,-1,-1,0,0,0,0,0,0,-1,-1,-1,-1,-1,-1,-1,-1,-1,-1,-1,-1,0,0,0,0,0,0,-1,-1,-1,-1,-1,-1,-1,-1,-1,-1,-1,-1,-1,-1,False,False,0,0,False,209,0,0,0,0,0,0,0,0,0,0,0,0,0,0,0,1,
0,1765,2026-02-16 17:35:31Z,LLM_Empathetic,6.926127,7.22156,6.630694,0.6212692,0,1.607427,0,0,0,0,0,0,5.493292,4.349457,6.637138,0.592854,0.702737,0.482971,7.395873,6.224085,8.56766,0.592445,0,2.114845,7.194381,6.102899,8.285864,9.851185,10,9.506428,6.926127,7.22156,6.630694,0.6212692,0,1.607427,0,0,0,0,0,0,5.493292,4.349457,6.637138,0.592854,0.702737,0.482971,7.395873,6.224085,8.56766,0.592445,0,2.114845,7.194381,6.102899,8.285864,9.851185,10,9.506428,-1,-1,-1,-1,-1,-1,-1,-1,-1,-1,-1,-1,-1,-1,-1,-1,-1,-1,-1,-1,-1,-1,-1,-1,-1,-1,-1,-1,-1,-1,-1,-1,-1,-1,-1,-1,-1,-1,-1,-1,-1,-1,-1,-1,-1,-1,-1,-1,-1,-1,0,0,0,0,0,0,-1,-1,-1,-1,-1,-1,-1,-1,-1,-1,-1,-1,0,0,0,0,0,0,-1,-1,-1,-1,-1,-1,-1,-1,-1,-1,-1,-1,-1,-1,False,False,0,0,False,207,0,0,0,0,0,0,0,0,0,0,0,0,0,0,0,1,
0,1766,2026-02-16 17:35:31Z,LLM_Empathetic,6.926133,7.221561,6.630704,0.6212599,0,1.607422,0,0,0,0,0,0,5.493299,4.349459,6.63715,0.592854,0.702737,0.482971,7.395876,6.224083,8.567669,0.592439,0,2.114839,7.194391,6.102904,8.285878,9.851205,10,9.506453,6.926133,7.221561,6.630704,0.6212599,0,1.607422,0,0,0,0,0,0,5.493299,4.349459,6.63715,0.592854,0.702737,0.482971,7.395876,6.224083,8.567669,0.592439,0,2.114839,7.194391,6.102904,8.285878,9.851205,10,9.506453,-1,-1,-1,-1,-1,-1,-1,-1,-1,-1,-1,-1,-1,-1,-1,-1,-1,-1,-1,-1,-1,-1,-1,-1,-1,-1,-1,-1,-1,-1,-1,-1,-1,-1,-1,-1,-1,-1,-1,-1,-1,-1,-1,-1,-1,-1,-1,-1,-1,-1,0,0,0,0,0,0,-1,-1,-1,-1,-1,-1,-1,-1,-1,-1,-1,-1,0,0,0,0,0,0,-1,-1,-1,-1,-1,-1,-1,-1,-1,-1,-1,-1,-1,-1,False,False,0,0,False,207,0,0,0,0,0,0,0,0,0,0,0,0,0,0,0,1,
0,1767,2026-02-16 17:35:31Z,LLM_Empathetic,6.926138,7.221562,6.630714,0.6212505,0,1.607417,0,0,0,0,0,0,5.493306,4.349461,6.637161,0.592854,0.702737,0.482971,7.395879,6.224082,8.567677,0.592433,0,2.114833,7.194401,6.10291,8.285892,9.851225,10,9.506477,6.926138,7.221562,6.630714,0.6212505,0,1.607417,0,0,0,0,0,0,5.493306,4.349461,6.637161,0.592854,0.702737,0.482971,7.395879,6.224082,8.567677,0.592433,0,2.114833,7.194401,6.10291,8.285892,9.851225,10,9.506477,-1,-1,-1,-1,-1,-1,-1,-1,-1,-1,-1,-1,-1,-1,-1,-1,-1,-1,-1,-1,-1,-1,-1,-1,-1,-1,-1,-1,-1,-1,-1,-1,-1,-1,-1,-1,-1,-1,-1,-1,-1,-1,-1,-1,-1,-1,-1,-1,-1,-1,0,0,0,0,0,0,-1,-1,-1,-1,-1,-1,-1,-1,-1,-1,-1,-1,0,0,0,0,0,0,-1,-1,-1,-1,-1,-1,-1,-1,-1,-1,-1,-1,-1,-1,False,False,0,0,False,207,0,0,0,0,0,0,0,0,0,0,0,0,0,0,0,1,
0,1768,2026-02-16 17:35:31Z,LLM_Empathetic,6.926144,7.221563,6.630724,0.6212411,0,1.607411,0,0,0,0,0,0,5.493313,4.349463,6.637173,0.592854,0.702737,0.482971,7.395882,6.22408,8.567685,0.592427,0,2.114827,7.194411,6.102915,8.285907,9.851244,10,9.506502,6.926144,7.221563,6.630724,0.6212411,0,1.607411,0,0,0,0,0,0,5.493313,4.349463,6.637173,0.592854,0.702737,0.482971,7.395882,6.22408,8.567685,0.592427,0,2.114827,7.194411,6.102915,8.285907,9.851244,10,9.506502,-1,-1,-1,-1,-1,-1,-1,-1,-1,-1,-1,-1,-1,-1,-1,-1,-1,-1,-1,-1,-1,-1,-1,-1,-1,-1,-1,-1,-1,-1,-1,-1,-1,-1,-1,-1,-1,-1,-1,-1,-1,-1,-1,-1,-1,-1,-1,-1,-1,-1,0,0,0,0,0,0,-1,-1,-1,-1,-1,-1,-1,-1,-1,-1,-1,-1,0,0,0,0,0,0,-1,-1,-1,-1,-1,-1,-1,-1,-1,-1,-1,-1,-1,-1,False,False,0,0,False,209,0,0,0,0,0,0,0,0,0,0,0,0,0,0,0,1,
0,1769,2026-02-16 17:35:31Z,LLM_Empathetic,6.926149,7.221564,6.630734,0.6212317,0,1.607406,0,0,0,0,0,0,5.49332,4.349466,6.637185,0.592854,0.702737,0.482971,7.395885,6.224078,8.567694,0.592421,0,2.114821,7.19442,6.102921,8.285921,9.851264,10,9.506527,6.926149,7.221564,6.630734,0.6212317,0,1.607406,0,0,0,0,0,0,5.49332,4.349466,6.637185,0.592854,0.702737,0.482971,7.395885,6.224078,8.567694,0.592421,0,2.114821,7.19442,6.102921,8.285921,9.851264,10,9.506527,-1,-1,-1,-1,-1,-1,-1,-1,-1,-1,-1,-1,-1,-1,-1,-1,-1,-1,-1,-1,-1,-1,-1,-1,-1,-1,-1,-1,-1,-1,-1,-1,-1,-1,-1,-1,-1,-1,-1,-1,-1,-1,-1,-1,-1,-1,-1,-1,-1,-1,0,0,0,0,0,0,-1,-1,-1,-1,-1,-1,-1,-1,-1,-1,-1,-1,0,0,0,0,0,0,-1,-1,-1,-1,-1,-1,-1,-1,-1,-1,-1,-1,-1,-1,False,False,0,0,False,207,0,0,0,0,0,0,0,0,0,0,0,0,0,0,0,1,
0,1770,2026-02-16 17:35:31Z,LLM_Empathetic,6.926155,7.221565,6.630744,0.6212224,0,1.607401,0,0,0,0,0,0,5.493328,4.349468,6.637197,0.592854,0.702737,0.482971,7.395889,6.224076,8.567701,0.592415,0,2.114815,7.19443,6.102926,8.285935,9.851284,10,9.506552,6.926155,7.221565,6.630744,0.6212224,0,1.607401,0,0,0,0,0,0,5.493328,4.349468,6.637197,0.592854,0.702737,0.482971,7.395889,6.224076,8.567701,0.592415,0,2.114815,7.19443,6.102926,8.285935,9.851284,10,9.506552,-1,-1,-1,-1,-1,-1,-1,-1,-1,-1,-1,-1,-1,-1,-1,-1,-1,-1,-1,-1,-1,-1,-1,-1,-1,-1,-1,-1,-1,-1,-1,-1,-1,-1,-1,-1,-1,-1,-1,-1,-1,-1,-1,-1,-1,-1,-1,-1,-1,-1,0,0,0,0,0,0,-1,-1,-1,-1,-1,-1,-1,-1,-1,-1,-1,-1,0,0,0,0,0,0,-1,-1,-1,-1,-1,-1,-1,-1,-1,-1,-1,-1,-1,-1,False,False,0,0,False,207,0,0,0,0,0,0,0,0,0,0,0,0,0,0,0,1,
0,1771,2026-02-16 17:35:31Z,LLM_Empathetic,6.92616,7.221566,6.630754,0.621213,0,1.607396,0,0,0,0,0,0,5.493335,4.349471,6.637209,0.592854,0.702737,0.482971,7.395892,6.224075,8.56771,0.592409,0,2.114809,7.19444,6.102931,8.28595,9.851303,10,9.506577,6.92616,7.221566,6.630754,0.621213,0,1.607396,0,0,0,0,0,0,5.493335,4.349471,6.637209,0.592854,0.702737,0.482971,7.395892,6.224075,8.56771,0.592409,0,2.114809,7.19444,6.102931,8.28595,9.851303,10,9.506577,-1,-1,-1,-1,-1,-1,-1,-1,-1,-1,-1,-1,-1,-1,-1,-1,-1,-1,-1,-1,-1,-1,-1,-1,-1,-1,-1,-1,-1,-1,-1,-1,-1,-1,-1,-1,-1,-1,-1,-1,-1,-1,-1,-1,-1,-1,-1,-1,-1,-1,0,0,0,0,0,0,-1,-1,-1,-1,-1,-1,-1,-1,-1,-1,-1,-1,0,0,0,0,0,0,-1,-1,-1,-1,-1,-1,-1,-1,-1,-1,-1,-1,-1,-1,False,False,0,0,False,209,0,0,0,0,0,0,0,0,0,0,0,0,0,0,0,1,
0,1772,2026-02-16 17:35:31Z,LLM_Empathetic,6.926166,7.221567,6.630764,0.6212037,0,1.607391,0,0,0,0,0,0,5.493341,4.349473,6.63722,0.592854,0.702737,0.482971,7.395895,6.224073,8.567718,0.592403,0,2.114803,7.19445,6.102936,8.285964,9.851323,10,9.5066,6.926166,7.221567,6.630764,0.6212037,0,1.607391,0,0,0,0,0,0,5.493341,4.349473,6.63722,0.592854,0.702737,0.482971,7.395895,6.224073,8.567718,0.592403,0,2.114803,7.19445,6.102936,8.285964,9.851323,10,9.5066,-1,-1,-1,-1,-1,-1,-1,-1,-1,-1,-1,-1,-1,-1,-1,-1,-1,-1,-1,-1,-1,-1,-1,-1,-1,-1,-1,-1,-1,-1,-1,-1,-1,-1,-1,-1,-1,-1,-1,-1,-1,-1,-1,-1,-1,-1,-1,-1,-1,-1,0,0,0,0,0,0,-1,-1,-1,-1,-1,-1,-1,-1,-1,-1,-1,-1,0,0,0,0,0,0,-1,-1,-1,-1,-1,-1,-1,-1,-1,-1,-1,-1,-1,-1,False,False,0,0,False,207,0,0,0,0,0,0,0,0,0,0,0,0,0,0,0,1,
0,1773,2026-02-16 17:35:31Z,LLM_Empathetic,6.926171,7.221568,6.630774,0.6211944,0,1.607386,0,0,0,0,0,0,5.493349,4.349475,6.637232,0.592854,0.702737,0.482971,7.395898,6.224072,8.567726,0.592397,0,2.114797,7.19446,6.102942,8.285978,9.851342,10,9.506625,6.926171,7.221568,6.630774,0.6211944,0,1.607386,0,0,0,0,0,0,5.493349,4.349475,6.637232,0.592854,0.702737,0.482971,7.395898,6.224072,8.567726,0.592397,0,2.114797,7.19446,6.102942,8.285978,9.851342,10,9.506625,-1,-1,-1,-1,-1,-1,-1,-1,-1,-1,-1,-1,-1,-1,-1,-1,-1,-1,-1,-1,-1,-1,-1,-1,-1,-1,-1,-1,-1,-1,-1,-1,-1,-1,-1,-1,-1,-1,-1,-1,-1,-1,-1,-1,-1,-1,-1,-1,-1,-1,0,0,0,0,0,0,-1,-1,-1,-1,-1,-1,-1,-1,-1,-1,-1,-1,0,0,0,0,0,0,-1,-1,-1,-1,-1,-1,-1,-1,-1,-1,-1,-1,-1,-1,False,False,0,0,False,209,0,0,0,0,0,0,0,0,0,0,0,0,0,0,0,1,
0,1774,2026-02-16 17:35:31Z,LLM_Empathetic,6.926177,7.22157,6.630785,0.621185,0,1.60738,0,0,0,0,0,0,5.493356,4.349478,6.637244,0.592854,0.702737,0.482971,7.395902,6.22407,8.567734,0.5923911,0,2.114791,7.194469,6.102947,8.285993,9.851362,10,9.50665,6.926177,7.22157,6.630785,0.621185,0,1.60738,0,0,0,0,0,0,5.493356,4.349478,6.637244,0.592854,0.702737,0.482971,7.395902,6.22407,8.567734,0.5923911,0,2.114791,7.194469,6.102947,8.285993,9.851362,10,9.50665,-1,-1,-1,-1,-1,-1,-1,-1,-1,-1,-1,-1,-1,-1,-1,-1,-1,-1,-1,-1,-1,-1,-1,-1,-1,-1,-1,-1,-1,-1,-1,-1,-1,-1,-1,-1,-1,-1,-1,-1,-1,-1,-1,-1,-1,-1,-1,-1,-1,-1,0,0,0,0,0,0,-1,-1,-1,-1,-1,-1,-1,-1,-1,-1,-1,-1,0,0,0,0,0,0,-1,-1,-1,-1,-1,-1,-1,-1,-1,-1,-1,-1,-1,-1,False,False,0,0,False,209,0,0,0,0,0,0,0,0,0,0,0,0,0,0,0,1,
0,1775,2026-02-16 17:35:31Z,LLM_Empathetic,6.926182,7.22157,6.630794,0.6211757,0,1.607375,0,0,0,0,0,0,5.493363,4.34948,6.637256,0.592854,0.702737,0.482971,7.395905,6.224068,8.567742,0.5923851,0,2.114785,7.194479,6.102952,8.286007,9.851381,10,9.506675,6.926182,7.22157,6.630794,0.6211757,0,1.607375,0,0,0,0,0,0,5.493363,4.34948,6.637256,0.592854,0.702737,0.482971,7.395905,6.224068,8.567742,0.5923851,0,2.114785,7.194479,6.102952,8.286007,9.851381,10,9.506675,-1,-1,-1,-1,-1,-1,-1,-1,-1,-1,-1,-1,-1,-1,-1,-1,-1,-1,-1,-1,-1,-1,-1,-1,-1,-1,-1,-1,-1,-1,-1,-1,-1,-1,-1,-1,-1,-1,-1,-1,-1,-1,-1,-1,-1,-1,-1,-1,-1,-1,0,0,0,0,0,0,-1,-1,-1,-1,-1,-1,-1,-1,-1,-1,-1,-1,0,0,0,0,0,0,-1,-1,-1,-1,-1,-1,-1,-1,-1,-1,-1,-1,-1,-1,False,False,0,0,False,209,0,0,0,0,0,0,0,0,0,0,0,0,0,0,0,1,
0,1776,2026-02-16 17:35:31Z,LLM_Empathetic,6.926188,7.221571,6.630804,0.6211664,0,1.60737,0,0,0,0,0,0,5.49337,4.349483,6.637268,0.592854,0.702737,0.482971,7.395908,6.224066,8.56775,0.5923792,0,2.114779,7.194489,6.102958,8.286021,9.851401,10,9.506699,6.926188,7.221571,6.630804,0.6211664,0,1.60737,0,0,0,0,0,0,5.49337,4.349483,6.637268,0.592854,0.702737,0.482971,7.395908,6.224066,8.56775,0.5923792,0,2.114779,7.194489,6.102958,8.286021,9.851401,10,9.506699,-1,-1,-1,-1,-1,-1,-1,-1,-1,-1,-1,-1,-1,-1,-1,-1,-1,-1,-1,-1,-1,-1,-1,-1,-1,-1,-1,-1,-1,-1,-1,-1,-1,-1,-1,-1,-1,-1,-1,-1,-1,-1,-1,-1,-1,-1,-1,-1,-1,-1,0,0,0,0,0,0,-1,-1,-1,-1,-1,-1,-1,-1,-1,-1,-1,-1,0,0,0,0,0,0,-1,-1,-1,-1,-1,-1,-1,-1,-1,-1,-1,-1,-1,-1,False,False,0,0,False,209,0,0,0,0,0,0,0,0,0,0,0,0,0,0,0,1,
0,1777,2026-02-16 17:35:31Z,LLM_Empathetic,6.926193,7.221572,6.630814,0.6211571,0,1.607365,0,0,0,0,0,0,5.493377,4.349484,6.63728,0.592854,0.702737,0.482971,7.395911,6.224065,8.567758,0.5923732,0,2.114774,7.194499,6.102963,8.286036,9.85142,10,9.506723,6.926193,7.221572,6.630814,0.6211571,0,1.607365,0,0,0,0,0,0,5.493377,4.349484,6.63728,0.592854,0.702737,0.482971,7.395911,6.224065,8.567758,0.5923732,0,2.114774,7.194499,6.102963,8.286036,9.85142,10,9.506723,-1,-1,-1,-1,-1,-1,-1,-1,-1,-1,-1,-1,-1,-1,-1,-1,-1,-1,-1,-1,-1,-1,-1,-1,-1,-1,-1,-1,-1,-1,-1,-1,-1,-1,-1,-1,-1,-1,-1,-1,-1,-1,-1,-1,-1,-1,-1,-1,-1,-1,0,0,0,0,0,0,-1,-1,-1,-1,-1,-1,-1,-1,-1,-1,-1,-1,0,0,0,0,0,0,-1,-1,-1,-1,-1,-1,-1,-1,-1,-1,-1,-1,-1,-1,False,False,0,0,False,209,0,0,0,0,0,0,0,0,0,0,0,0,0,0,0,1,
0,1778,2026-02-16 17:35:31Z,LLM_Empathetic,6.926199,7.221573,6.630824,0.6211478,0,1.60736,0,0,0,0,0,0,5.493384,4.349487,6.637291,0.592854,0.702737,0.482971,7.395915,6.224063,8.567766,0.5923672,0,2.114768,7.194509,6.102968,8.28605,9.85144,10,9.506748,6.926199,7.221573,6.630824,0.6211478,0,1.60736,0,0,0,0,0,0,5.493384,4.349487,6.637291,0.592854,0.702737,0.482971,7.395915,6.224063,8.567766,0.5923672,0,2.114768,7.194509,6.102968,8.28605,9.85144,10,9.506748,-1,-1,-1,-1,-1,-1,-1,-1,-1,-1,-1,-1,-1,-1,-1,-1,-1,-1,-1,-1,-1,-1,-1,-1,-1,-1,-1,-1,-1,-1,-1,-1,-1,-1,-1,-1,-1,-1,-1,-1,-1,-1,-1,-1,-1,-1,-1,-1,-1,-1,0,0,0,0,0,0,-1,-1,-1,-1,-1,-1,-1,-1,-1,-1,-1,-1,0,0,0,0,0,0,-1,-1,-1,-1,-1,-1,-1,-1,-1,-1,-1,-1,-1,-1,False,False,0,0,False,207,0,0,0,0,0,0,0,0,0,0,0,0,0,0,0,1,
0,1779,2026-02-16 17:35:31Z,LLM_Empathetic,6.926204,7.221574,6.630834,0.6211385,0,1.607355,0,0,0,0,0,0,5.493391,4.349489,6.637303,0.592854,0.702737,0.482971,7.395917,6.224061,8.567774,0.5923613,0,2.114762,7.194519,6.102973,8.286064,9.85146,10,9.506772,6.926204,7.221574,6.630834,0.6211385,0,1.607355,0,0,0,0,0,0,5.493391,4.349489,6.637303,0.592854,0.702737,0.482971,7.395917,6.224061,8.567774,0.5923613,0,2.114762,7.194519,6.102973,8.286064,9.85146,10,9.506772,-1,-1,-1,-1,-1,-1,-1,-1,-1,-1,-1,-1,-1,-1,-1,-1,-1,-1,-1,-1,-1,-1,-1,-1,-1,-1,-1,-1,-1,-1,-1,-1,-1,-1,-1,-1,-1,-1,-1,-1,-1,-1,-1,-1,-1,-1,-1,-1,-1,-1,0,0,0,0,0,0,-1,-1,-1,-1,-1,-1,-1,-1,-1,-1,-1,-1,0,0,0,0,0,0,-1,-1,-1,-1,-1,-1,-1,-1,-1,-1,-1,-1,-1,-1,False,False,0,0,False,209,0,0,0,0,0,0,0,0,0,0,0,0,0,0,0,1,
0,1780,2026-02-16 17:35:31Z,LLM_Empathetic,6.926209,7.221575,6.630844,0.6211292,0,1.60735,0,0,0,0,0,0,5.493398,4.349492,6.637315,0.592854,0.702737,0.482971,7.395921,6.22406,8.567782,0.5923553,0,2.114756,7.194528,6.102979,8.286078,9.85148,10,9.506797,6.926209,7.221575,6.630844,0.6211292,0,1.60735,0,0,0,0,0,0,5.493398,4.349492,6.637315,0.592854,0.702737,0.482971,7.395921,6.22406,8.567782,0.5923553,0,2.114756,7.194528,6.102979,8.286078,9.85148,10,9.506797,-1,-1,-1,-1,-1,-1,-1,-1,-1,-1,-1,-1,-1,-1,-1,-1,-1,-1,-1,-1,-1,-1,-1,-1,-1,-1,-1,-1,-1,-1,-1,-1,-1,-1,-1,-1,-1,-1,-1,-1,-1,-1,-1,-1,-1,-1,-1,-1,-1,-1,0,0,0,0,0,0,-1,-1,-1,-1,-1,-1,-1,-1,-1,-1,-1,-1,0,0,0,0,0,0,-1,-1,-1,-1,-1,-1,-1,-1,-1,-1,-1,-1,-1,-1,False,False,0,0,False,207,0,0,0,0,0,0,0,0,0,0,0,0,0,0,0,1,
0,1781,2026-02-16 17:35:31Z,LLM_Empathetic,6.926215,7.221576,6.630854,0.62112,0,1.607345,0,0,0,0,0,0,5.493405,4.349494,6.637326,0.592854,0.702737,0.482971,7.395924,6.224058,8.56779,0.5923494,0,2.11475,7.194538,6.102984,8.286093,9.851499,10,9.506822,6.926215,7.221576,6.630854,0.62112,0,1.607345,0,0,0,0,0,0,5.493405,4.349494,6.637326,0.592854,0.702737,0.482971,7.395924,6.224058,8.56779,0.5923494,0,2.11475,7.194538,6.102984,8.286093,9.851499,10,9.506822,-1,-1,-1,-1,-1,-1,-1,-1,-1,-1,-1,-1,-1,-1,-1,-1,-1,-1,-1,-1,-1,-1,-1,-1,-1,-1,-1,-1,-1,-1,-1,-1,-1,-1,-1,-1,-1,-1,-1,-1,-1,-1,-1,-1,-1,-1,-1,-1,-1,-1,0,0,0,0,0,0,-1,-1,-1,-1,-1,-1,-1,-1,-1,-1,-1,-1,0,0,0,0,0,0,-1,-1,-1,-1,-1,-1,-1,-1,-1,-1,-1,-1,-1,-1,False,False,0,0,False,209,0,0,0,0,0,0,0,0,0,0,0,0,0,0,0,1,
0,1782,2026-02-16 17:35:31Z,LLM_Empathetic,6.92622,7.221577,6.630864,0.6211107,0,1.607339,0,0,0,0,0,0,5.493412,4.349496,6.637338,0.592854,0.702737,0.482971,7.395927,6.224057,8.567799,0.5923434,0,2.114744,7.194548,6.102989,8.286107,9.851518,10,9.506845,6.92622,7.221577,6.630864,0.6211107,0,1.607339,0,0,0,0,0,0,5.493412,4.349496,6.637338,0.592854,0.702737,0.482971,7.395927,6.224057,8.567799,0.5923434,0,2.114744,7.194548,6.102989,8.286107,9.851518,10,9.506845,-1,-1,-1,-1,-1,-1,-1,-1,-1,-1,-1,-1,-1,-1,-1,-1,-1,-1,-1,-1,-1,-1,-1,-1,-1,-1,-1,-1,-1,-1,-1,-1,-1,-1,-1,-1,-1,-1,-1,-1,-1,-1,-1,-1,-1,-1,-1,-1,-1,-1,0,0,0,0,0,0,-1,-1,-1,-1,-1,-1,-1,-1,-1,-1,-1,-1,0,0,0,0,0,0,-1,-1,-1,-1,-1,-1,-1,-1,-1,-1,-1,-1,-1,-1,False,False,0,0,False,207,0,0,0,0,0,0,0,0,0,0,0,0,0,0,0,1,
0,1783,2026-02-16 17:35:31Z,LLM_Empathetic,6.926226,7.221578,6.630874,0.6211014,0,1.607334,0,0,0,0,0,0,5.493419,4.349499,6.63735,0.592854,0.702737,0.482971,7.39593,6.224055,8.567806,0.5923375,0,2.114738,7.194557,6.102994,8.286121,9.851538,10,9.50687,6.926226,7.221578,6.630874,0.6211014,0,1.607334,0,0,0,0,0,0,5.493419,4.349499,6.63735,0.592854,0.702737,0.482971,7.39593,6.224055,8.567806,0.5923375,0,2.114738,7.194557,6.102994,8.286121,9.851538,10,9.50687,-1,-1,-1,-1,-1,-1,-1,-1,-1,-1,-1,-1,-1,-1,-1,-1,-1,-1,-1,-1,-1,-1,-1,-1,-1,-1,-1,-1,-1,-1,-1,-1,-1,-1,-1,-1,-1,-1,-1,-1,-1,-1,-1,-1,-1,-1,-1,-1,-1,-1,0,0,0,0,0,0,-1,-1,-1,-1,-1,-1,-1,-1,-1,-1,-1,-1,0,0,0,0,0,0,-1,-1,-1,-1,-1,-1,-1,-1,-1,-1,-1,-1,-1,-1,False,False,0,0,False,209,0,0,0,0,0,0,0,0,0,0,0,0,0,0,0,1,
0,1784,2026-02-16 17:35:32Z,LLM_Empathetic,6.926231,7.221579,6.630884,0.6210922,0,1.607329,0,0,0,0,0,0,5.493426,4.349501,6.637362,0.592854,0.702737,0.482971,7.395934,6.224053,8.567814,0.5923316,0,2.114732,7.194567,6.103,8.286135,9.851557,10,9.506894,6.926231,7.221579,6.630884,0.6210922,0,1.607329,0,0,0,0,0,0,5.493426,4.349501,6.637362,0.592854,0.702737,0.482971,7.395934,6.224053,8.567814,0.5923316,0,2.114732,7.194567,6.103,8.286135,9.851557,10,9.506894,-1,-1,-1,-1,-1,-1,-1,-1,-1,-1,-1,-1,-1,-1,-1,-1,-1,-1,-1,-1,-1,-1,-1,-1,-1,-1,-1,-1,-1,-1,-1,-1,-1,-1,-1,-1,-1,-1,-1,-1,-1,-1,-1,-1,-1,-1,-1,-1,-1,-1,0,0,0,0,0,0,-1,-1,-1,-1,-1,-1,-1,-1,-1,-1,-1,-1,0,0,0,0,0,0,-1,-1,-1,-1,-1,-1,-1,-1,-1,-1,-1,-1,-1,-1,False,False,0,0,False,209,0,0,0,0,0,0,0,0,0,0,0,0,0,0,0,1,
0,1785,2026-02-16 17:35:32Z,LLM_Empathetic,6.926237,7.22158,6.630894,0.621083,0,1.607324,0,0,0,0,0,0,5.493433,4.349503,6.637373,0.592854,0.702737,0.482971,7.395937,6.224051,8.567822,0.5923257,0,2.114726,7.194577,6.103005,8.286149,9.851576,10,9.506919,6.926237,7.22158,6.630894,0.621083,0,1.607324,0,0,0,0,0,0,5.493433,4.349503,6.637373,0.592854,0.702737,0.482971,7.395937,6.224051,8.567822,0.5923257,0,2.114726,7.194577,6.103005,8.286149,9.851576,10,9.506919,-1,-1,-1,-1,-1,-1,-1,-1,-1,-1,-1,-1,-1,-1,-1,-1,-1,-1,-1,-1,-1,-1,-1,-1,-1,-1,-1,-1,-1,-1,-1,-1,-1,-1,-1,-1,-1,-1,-1,-1,-1,-1,-1,-1,-1,-1,-1,-1,-1,-1,0,0,0,0,0,0,-1,-1,-1,-1,-1,-1,-1,-1,-1,-1,-1,-1,0,0,0,0,0,0,-1,-1,-1,-1,-1,-1,-1,-1,-1,-1,-1,-1,-1,-1,False,False,0,0,False,209,0,0,0,0,0,0,0,0,0,0,0,0,0,0,0,1,
0,1786,2026-02-16 17:35:32Z,LLM_Empathetic,6.926242,7.221581,6.630903,0.6210738,0,1.607319,0,0,0,0,0,0,5.49344,4.349505,6.637385,0.592854,0.702737,0.482971,7.39594,6.22405,8.56783,0.5923198,0,2.11472,7.194586,6.10301,8.286163,9.851596,10,9.506943,6.926242,7.221581,6.630903,0.6210738,0,1.607319,0,0,0,0,0,0,5.49344,4.349505,6.637385,0.592854,0.702737,0.482971,7.39594,6.22405,8.56783,0.5923198,0,2.11472,7.194586,6.10301,8.286163,9.851596,10,9.506943,-1,-1,-1,-1,-1,-1,-1,-1,-1,-1,-1,-1,-1,-1,-1,-1,-1,-1,-1,-1,-1,-1,-1,-1,-1,-1,-1,-1,-1,-1,-1,-1,-1,-1,-1,-1,-1,-1,-1,-1,-1,-1,-1,-1,-1,-1,-1,-1,-1,-1,0,0,0,0,0,0,-1,-1,-1,-1,-1,-1,-1,-1,-1,-1,-1,-1,0,0,0,0,0,0,-1,-1,-1,-1,-1,-1,-1,-1,-1,-1,-1,-1,-1,-1,False,False,0,0,False,209,0,0,0,0,0,0,0,0,0,0,0,0,0,0,0,1,
0,1787,2026-02-16 17:35:32Z,LLM_Empathetic,6.926248,7.221582,6.630913,0.6210645,0,1.607314,0,0,0,0,0,0,5.493447,4.349508,6.637396,0.592854,0.702737,0.482971,7.395943,6.224048,8.567839,0.5923139,0,2.114714,7.194596,6.103015,8.286178,9.851615,10,9.506968,6.926248,7.221582,6.630913,0.6210645,0,1.607314,0,0,0,0,0,0,5.493447,4.349508,6.637396,0.592854,0.702737,0.482971,7.395943,6.224048,8.567839,0.5923139,0,2.114714,7.194596,6.103015,8.286178,9.851615,10,9.506968,-1,-1,-1,-1,-1,-1,-1,-1,-1,-1,-1,-1,-1,-1,-1,-1,-1,-1,-1,-1,-1,-1,-1,-1,-1,-1,-1,-1,-1,-1,-1,-1,-1,-1,-1,-1,-1,-1,-1,-1,-1,-1,-1,-1,-1,-1,-1,-1,-1,-1,0,0,0,0,0,0,-1,-1,-1,-1,-1,-1,-1,-1,-1,-1,-1,-1,0,0,0,0,0,0,-1,-1,-1,-1,-1,-1,-1,-1,-1,-1,-1,-1,-1,-1,False,False,0,0,False,209,0,0,0,0,0,0,0,0,0,0,0,0,0,0,0,1,
0,1788,2026-02-16 17:35:32Z,LLM_Empathetic,6.926253,7.221583,6.630923,0.6210553,0,1.607309,0,0,0,0,0,0,5.493454,4.34951,6.637408,0.592854,0.702737,0.482971,7.395947,6.224047,8.567846,0.592308,0,2.114708,7.194606,6.103021,8.286192,9.851634,10,9.506991,6.926253,7.221583,6.630923,0.6210553,0,1.607309,0,0,0,0,0,0,5.493454,4.34951,6.637408,0.592854,0.702737,0.482971,7.395947,6.224047,8.567846,0.592308,0,2.114708,7.194606,6.103021,8.286192,9.851634,10,9.506991,-1,-1,-1,-1,-1,-1,-1,-1,-1,-1,-1,-1,-1,-1,-1,-1,-1,-1,-1,-1,-1,-1,-1,-1,-1,-1,-1,-1,-1,-1,-1,-1,-1,-1,-1,-1,-1,-1,-1,-1,-1,-1,-1,-1,-1,-1,-1,-1,-1,-1,0,0,0,0,0,0,-1,-1,-1,-1,-1,-1,-1,-1,-1,-1,-1,-1,0,0,0,0,0,0,-1,-1,-1,-1,-1,-1,-1,-1,-1,-1,-1,-1,-1,-1,False,False,0,0,False,207,0,0,0,0,0,0,0,0,0,0,0,0,0,0,0,1,
0,1789,2026-02-16 17:35:32Z,LLM_Empathetic,6.926259,7.221584,6.630933,0.6210461,0,1.607304,0,0,0,0,0,0,5.493461,4.349513,6.63742,0.592854,0.702737,0.482971,7.395949,6.224045,8.567854,0.5923021,0,2.114702,7.194615,6.103026,8.286206,9.851653,10,9.507016,6.926259,7.221584,6.630933,0.6210461,0,1.607304,0,0,0,0,0,0,5.493461,4.349513,6.63742,0.592854,0.702737,0.482971,7.395949,6.224045,8.567854,0.5923021,0,2.114702,7.194615,6.103026,8.286206,9.851653,10,9.507016,-1,-1,-1,-1,-1,-1,-1,-1,-1,-1,-1,-1,-1,-1,-1,-1,-1,-1,-1,-1,-1,-1,-1,-1,-1,-1,-1,-1,-1,-1,-1,-1,-1,-1,-1,-1,-1,-1,-1,-1,-1,-1,-1,-1,-1,-1,-1,-1,-1,-1,0,0,0,0,0,0,-1,-1,-1,-1,-1,-1,-1,-1,-1,-1,-1,-1,0,0,0,0,0,0,-1,-1,-1,-1,-1,-1,-1,-1,-1,-1,-1,-1,-1,-1,False,False,0,0,False,207,0,0,0,0,0,0,0,0,0,0,0,0,0,0,0,1,
0,1790,2026-02-16 17:35:32Z,LLM_Empathetic,6.926264,7.221585,6.630943,0.6210369,0,1.607299,0,0,0,0,0,0,5.493468,4.349514,6.637431,0.592854,0.702737,0.482971,7.395953,6.224043,8.567863,0.5922962,0,2.114697,7.194625,6.103031,8.28622,9.851673,10,9.50704,6.926264,7.221585,6.630943,0.6210369,0,1.607299,0,0,0,0,0,0,5.493468,4.349514,6.637431,0.592854,0.702737,0.482971,7.395953,6.224043,8.567863,0.5922962,0,2.114697,7.194625,6.103031,8.28622,9.851673,10,9.50704,-1,-1,-1,-1,-1,-1,-1,-1,-1,-1,-1,-1,-1,-1,-1,-1,-1,-1,-1,-1,-1,-1,-1,-1,-1,-1,-1,-1,-1,-1,-1,-1,-1,-1,-1,-1,-1,-1,-1,-1,-1,-1,-1,-1,-1,-1,-1,-1,-1,-1,0,0,0,0,0,0,-1,-1,-1,-1,-1,-1,-1,-1,-1,-1,-1,-1,0,0,0,0,0,0,-1,-1,-1,-1,-1,-1,-1,-1,-1,-1,-1,-1,-1,-1,False,False,0,0,False,209,0,0,0,0,0,0,0,0,0,0,0,0,0,0,0,1,
0,1791,2026-02-16 17:35:32Z,LLM_Empathetic,6.92627,7.221586,6.630953,0.6210278,0,1.607294,0,0,0,0,0,0,5.493475,4.349517,6.637443,0.592854,0.702737,0.482971,7.395956,6.224042,8.56787,0.5922903,0,2.114691,7.194635,6.103036,8.286234,9.851692,10,9.507064,6.92627,7.221586,6.630953,0.6210278,0,1.607294,0,0,0,0,0,0,5.493475,4.349517,6.637443,0.592854,0.702737,0.482971,7.395956,6.224042,8.56787,0.5922903,0,2.114691,7.194635,6.103036,8.286234,9.851692,10,9.507064,-1,-1,-1,-1,-1,-1,-1,-1,-1,-1,-1,-1,-1,-1,-1,-1,-1,-1,-1,-1,-1,-1,-1,-1,-1,-1,-1,-1,-1,-1,-1,-1,-1,-1,-1,-1,-1,-1,-1,-1,-1,-1,-1,-1,-1,-1,-1,-1,-1,-1,0,0,0,0,0,0,-1,-1,-1,-1,-1,-1,-1,-1,-1,-1,-1,-1,0,0,0,0,0,0,-1,-1,-1,-1,-1,-1,-1,-1,-1,-1,-1,-1,-1,-1,False,False,0,0,False,207,0,0,0,0,0,0,0,0,0,0,0,0,0,0,0,1,
0,1792,2026-02-16 17:35:32Z,LLM_Empathetic,6.926275,7.221587,6.630962,0.6210186,0,1.607289,0,0,0,0,0,0,5.493482,4.349519,6.637455,0.592854,0.702737,0.482971,7.395959,6.22404,8.567878,0.5922844,0,2.114685,7.194644,6.103042,8.286248,9.851711,10,9.507089,6.926275,7.221587,6.630962,0.6210186,0,1.607289,0,0,0,0,0,0,5.493482,4.349519,6.637455,0.592854,0.702737,0.482971,7.395959,6.22404,8.567878,0.5922844,0,2.114685,7.194644,6.103042,8.286248,9.851711,10,9.507089,-1,-1,-1,-1,-1,-1,-1,-1,-1,-1,-1,-1,-1,-1,-1,-1,-1,-1,-1,-1,-1,-1,-1,-1,-1,-1,-1,-1,-1,-1,-1,-1,-1,-1,-1,-1,-1,-1,-1,-1,-1,-1,-1,-1,-1,-1,-1,-1,-1,-1,0,0,0,0,0,0,-1,-1,-1,-1,-1,-1,-1,-1,-1,-1,-1,-1,0,0,0,0,0,0,-1,-1,-1,-1,-1,-1,-1,-1,-1,-1,-1,-1,-1,-1,False,False,0,0,False,207,0,0,0,0,0,0,0,0,0,0,0,0,0,0,0,1,
0,1793,2026-02-16 17:35:32Z,LLM_Empathetic,6.92628,7.221588,6.630972,0.6210094,0,1.607283,0,0,0,0,0,0,5.493489,4.349522,6.637466,0.592854,0.702737,0.482971,7.395962,6.224039,8.567886,0.5922786,0,2.114679,7.194654,6.103047,8.286263,9.85173,10,9.507113,6.92628,7.221588,6.630972,0.6210094,0,1.607283,0,0,0,0,0,0,5.493489,4.349522,6.637466,0.592854,0.702737,0.482971,7.395962,6.224039,8.567886,0.5922786,0,2.114679,7.194654,6.103047,8.286263,9.85173,10,9.507113,-1,-1,-1,-1,-1,-1,-1,-1,-1,-1,-1,-1,-1,-1,-1,-1,-1,-1,-1,-1,-1,-1,-1,-1,-1,-1,-1,-1,-1,-1,-1,-1,-1,-1,-1,-1,-1,-1,-1,-1,-1,-1,-1,-1,-1,-1,-1,-1,-1,-1,0,0,0,0,0,0,-1,-1,-1,-1,-1,-1,-1,-1,-1,-1,-1,-1,0,0,0,0,0,0,-1,-1,-1,-1,-1,-1,-1,-1,-1,-1,-1,-1,-1,-1,False,False,0,0,False,209,0,0,0,0,0,0,0,0,0,0,0,0,0,0,0,1,
0,1794,2026-02-16 17:35:32Z,LLM_Empathetic,6.926286,7.221589,6.630982,0.6210002,0,1.607278,0,0,0,0,0,0,5.493495,4.349524,6.637477,0.592854,0.702737,0.482971,7.395966,6.224037,8.567894,0.5922727,0,2.114673,7.194664,6.103052,8.286276,9.851749,10,9.507136,6.926286,7.221589,6.630982,0.6210002,0,1.607278,0,0,0,0,0,0,5.493495,4.349524,6.637477,0.592854,0.702737,0.482971,7.395966,6.224037,8.567894,0.5922727,0,2.114673,7.194664,6.103052,8.286276,9.851749,10,9.507136,-1,-1,-1,-1,-1,-1,-1,-1,-1,-1,-1,-1,-1,-1,-1,-1,-1,-1,-1,-1,-1,-1,-1,-1,-1,-1,-1,-1,-1,-1,-1,-1,-1,-1,-1,-1,-1,-1,-1,-1,-1,-1,-1,-1,-1,-1,-1,-1,-1,-1,0,0,0,0,0,0,-1,-1,-1,-1,-1,-1,-1,-1,-1,-1,-1,-1,0,0,0,0,0,0,-1,-1,-1,-1,-1,-1,-1,-1,-1,-1,-1,-1,-1,-1,False,False,0,0,False,209,0,0,0,0,0,0,0,0,0,0,0,0,0,0,0,1,
0,1795,2026-02-16 17:35:32Z,LLM_Empathetic,6.926291,7.22159,6.630992,0.6209911,0,1.607273,0,0,0,0,0,0,5.493503,4.349526,6.637489,0.592854,0.702737,0.482971,7.395968,6.224035,8.567903,0.5922669,0,2.114667,7.194674,6.103057,8.28629,9.851769,10,9.507161,6.926291,7.22159,6.630992,0.6209911,0,1.607273,0,0,0,0,0,0,5.493503,4.349526,6.637489,0.592854,0.702737,0.482971,7.395968,6.224035,8.567903,0.5922669,0,2.114667,7.194674,6.103057,8.28629,9.851769,10,9.507161,-1,-1,-1,-1,-1,-1,-1,-1,-1,-1,-1,-1,-1,-1,-1,-1,-1,-1,-1,-1,-1,-1,-1,-1,-1,-1,-1,-1,-1,-1,-1,-1,-1,-1,-1,-1,-1,-1,-1,-1,-1,-1,-1,-1,-1,-1,-1,-1,-1,-1,0,0,0,0,0,0,-1,-1,-1,-1,-1,-1,-1,-1,-1,-1,-1,-1,0,0,0,0,0,0,-1,-1,-1,-1,-1,-1,-1,-1,-1,-1,-1,-1,-1,-1,False,False,0,0,False,209,0,0,0,0,0,0,0,0,0,0,0,0,0,0,0,1,
0,1796,2026-02-16 17:35:32Z,LLM_Empathetic,6.926296,7.221591,6.631001,0.6209819,0,1.607268,0,0,0,0,0,0,5.493509,4.349528,6.637501,0.592854,0.702737,0.482971,7.395972,6.224034,8.56791,0.592261,0,2.114661,7.194683,6.103063,8.286304,9.851789,10,9.507185,6.926296,7.221591,6.631001,0.6209819,0,1.607268,0,0,0,0,0,0,5.493509,4.349528,6.637501,0.592854,0.702737,0.482971,7.395972,6.224034,8.56791,0.592261,0,2.114661,7.194683,6.103063,8.286304,9.851789,10,9.507185,-1,-1,-1,-1,-1,-1,-1,-1,-1,-1,-1,-1,-1,-1,-1,-1,-1,-1,-1,-1,-1,-1,-1,-1,-1,-1,-1,-1,-1,-1,-1,-1,-1,-1,-1,-1,-1,-1,-1,-1,-1,-1,-1,-1,-1,-1,-1,-1,-1,-1,0,0,0,0,0,0,-1,-1,-1,-1,-1,-1,-1,-1,-1,-1,-1,-1,0,0,0,0,0,0,-1,-1,-1,-1,-1,-1,-1,-1,-1,-1,-1,-1,-1,-1,False,False,0,0,False,207,0,0,0,0,0,0,0,0,0,0,0,0,0,0,0,1,
0,1797,2026-02-16 17:35:32Z,LLM_Empathetic,6.926302,7.221592,6.631011,0.6209728,0,1.607263,0,0,0,0,0,0,5.493516,4.349531,6.637512,0.592854,0.702737,0.482971,7.395975,6.224032,8.567918,0.5922552,0,2.114655,7.194693,6.103068,8.286318,9.851808,10,9.507209,6.926302,7.221592,6.631011,0.6209728,0,1.607263,0,0,0,0,0,0,5.493516,4.349531,6.637512,0.592854,0.702737,0.482971,7.395975,6.224032,8.567918,0.5922552,0,2.114655,7.194693,6.103068,8.286318,9.851808,10,9.507209,-1,-1,-1,-1,-1,-1,-1,-1,-1,-1,-1,-1,-1,-1,-1,-1,-1,-1,-1,-1,-1,-1,-1,-1,-1,-1,-1,-1,-1,-1,-1,-1,-1,-1,-1,-1,-1,-1,-1,-1,-1,-1,-1,-1,-1,-1,-1,-1,-1,-1,0,0,0,0,0,0,-1,-1,-1,-1,-1,-1,-1,-1,-1,-1,-1,-1,0,0,0,0,0,0,-1,-1,-1,-1,-1,-1,-1,-1,-1,-1,-1,-1,-1,-1,False,False,0,0,False,209,0,0,0,0,0,0,0,0,0,0,0,0,0,0,0,1,
0,1798,2026-02-16 17:35:32Z,LLM_Empathetic,6.926307,7.221593,6.631021,0.6209637,0,1.607258,0,0,0,0,0,0,5.493523,4.349533,6.637524,0.592854,0.702737,0.482971,7.395978,6.22403,8.567925,0.5922493,0,2.11465,7.194702,6.103073,8.286332,9.851827,10,9.507233,6.926307,7.221593,6.631021,0.6209637,0,1.607258,0,0,0,0,0,0,5.493523,4.349533,6.637524,0.592854,0.702737,0.482971,7.395978,6.22403,8.567925,0.5922493,0,2.11465,7.194702,6.103073,8.286332,9.851827,10,9.507233,-1,-1,-1,-1,-1,-1,-1,-1,-1,-1,-1,-1,-1,-1,-1,-1,-1,-1,-1,-1,-1,-1,-1,-1,-1,-1,-1,-1,-1,-1,-1,-1,-1,-1,-1,-1,-1,-1,-1,-1,-1,-1,-1,-1,-1,-1,-1,-1,-1,-1,0,0,0,0,0,0,-1,-1,-1,-1,-1,-1,-1,-1,-1,-1,-1,-1,0,0,0,0,0,0,-1,-1,-1,-1,-1,-1,-1,-1,-1,-1,-1,-1,-1,-1,False,False,0,0,False,209,0,0,0,0,0,0,0,0,0,0,0,0,0,0,0,1,
0,1799,2026-02-16 17:35:32Z,LLM_Empathetic,6.926312,7.221594,6.631031,0.6209546,0,1.607253,0,0,0,0,0,0,5.49353,4.349535,6.637535,0.592854,0.702737,0.482971,7.395981,6.224029,8.567934,0.5922435,0,2.114644,7.194712,6.103078,8.286346,9.851846,10,9.507257,6.926312,7.221594,6.631031,0.6209546,0,1.607253,0,0,0,0,0,0,5.49353,4.349535,6.637535,0.592854,0.702737,0.482971,7.395981,6.224029,8.567934,0.5922435,0,2.114644,7.194712,6.103078,8.286346,9.851846,10,9.507257,-1,-1,-1,-1,-1,-1,-1,-1,-1,-1,-1,-1,-1,-1,-1,-1,-1,-1,-1,-1,-1,-1,-1,-1,-1,-1,-1,-1,-1,-1,-1,-1,-1,-1,-1,-1,-1,-1,-1,-1,-1,-1,-1,-1,-1,-1,-1,-1,-1,-1,0,0,0,0,0,0,-1,-1,-1,-1,-1,-1,-1,-1,-1,-1,-1,-1,0,0,0,0,0,0,-1,-1,-1,-1,-1,-1,-1,-1,-1,-1,-1,-1,-1,-1,False,False,0,0,False,209,0,0,0,0,0,0,0,0,0,0,0,0,0,0,0,1,
0,1800,2026-02-16 17:35:32Z,LLM_Empathetic,6.926318,7.221595,6.631041,0.6209455,0,1.607248,0,0,0,0,0,0,5.493537,4.349538,6.637547,0.592854,0.702737,0.482971,7.395984,6.224027,8.567942,0.5922377,0,2.114638,7.194721,6.103083,8.28636,9.851865,10,9.507281,6.926318,7.221595,6.631041,0.6209455,0,1.607248,0,0,0,0,0,0,5.493537,4.349538,6.637547,0.592854,0.702737,0.482971,7.395984,6.224027,8.567942,0.5922377,0,2.114638,7.194721,6.103083,8.28636,9.851865,10,9.507281,-1,-1,-1,-1,-1,-1,-1,-1,-1,-1,-1,-1,-1,-1,-1,-1,-1,-1,-1,-1,-1,-1,-1,-1,-1,-1,-1,-1,-1,-1,-1,-1,-1,-1,-1,-1,-1,-1,-1,-1,-1,-1,-1,-1,-1,-1,-1,-1,-1,-1,0,0,0,0,0,0,-1,-1,-1,-1,-1,-1,-1,-1,-1,-1,-1,-1,0,0,0,0,0,0,-1,-1,-1,-1,-1,-1,-1,-1,-1,-1,-1,-1,-1,-1,False,False,0,0,False,209,0,0,0,0,0,0,0,0,0,0,0,0,0,0,0,1,
0,1801,2026-02-16 17:35:32Z,LLM_Empathetic,6.926323,7.221596,6.631051,0.6209363,0,1.607243,0,0,0,0,0,0,5.493544,4.34954,6.637558,0.592854,0.702737,0.482971,7.395988,6.224026,8.567949,0.5922318,0,2.114632,7.194731,6.103088,8.286374,9.851884,10,9.507305,6.926323,7.221596,6.631051,0.6209363,0,1.607243,0,0,0,0,0,0,5.493544,4.34954,6.637558,0.592854,0.702737,0.482971,7.395988,6.224026,8.567949,0.5922318,0,2.114632,7.194731,6.103088,8.286374,9.851884,10,9.507305,-1,-1,-1,-1,-1,-1,-1,-1,-1,-1,-1,-1,-1,-1,-1,-1,-1,-1,-1,-1,-1,-1,-1,-1,-1,-1,-1,-1,-1,-1,-1,-1,-1,-1,-1,-1,-1,-1,-1,-1,-1,-1,-1,-1,-1,-1,-1,-1,-1,-1,0,0,0,0,0,0,-1,-1,-1,-1,-1,-1,-1,-1,-1,-1,-1,-1,0,0,0,0,0,0,-1,-1,-1,-1,-1,-1,-1,-1,-1,-1,-1,-1,-1,-1,False,False,0,0,False,207,0,0,0,0,0,0,0,0,0,0,0,0,0,0,0,1,
0,1802,2026-02-16 17:35:32Z,LLM_Empathetic,6.926329,7.221597,6.63106,0.6209272,0,1.607238,0,0,0,0,0,0,5.493551,4.349542,6.63757,0.592854,0.702737,0.482971,7.39599,6.224024,8.567958,0.592226,0,2.114626,7.19474,6.103094,8.286388,9.851903,10,9.507329,6.926329,7.221597,6.63106,0.6209272,0,1.607238,0,0,0,0,0,0,5.493551,4.349542,6.63757,0.592854,0.702737,0.482971,7.39599,6.224024,8.567958,0.592226,0,2.114626,7.19474,6.103094,8.286388,9.851903,10,9.507329,-1,-1,-1,-1,-1,-1,-1,-1,-1,-1,-1,-1,-1,-1,-1,-1,-1,-1,-1,-1,-1,-1,-1,-1,-1,-1,-1,-1,-1,-1,-1,-1,-1,-1,-1,-1,-1,-1,-1,-1,-1,-1,-1,-1,-1,-1,-1,-1,-1,-1,0,0,0,0,0,0,-1,-1,-1,-1,-1,-1,-1,-1,-1,-1,-1,-1,0,0,0,0,0,0,-1,-1,-1,-1,-1,-1,-1,-1,-1,-1,-1,-1,-1,-1,False,False,0,0,False,207,0,0,0,0,0,0,0,0,0,0,0,0,0,0,0,1,
0,1803,2026-02-16 17:35:32Z,LLM_Empathetic,6.926334,7.221598,6.63107,0.6209182,0,1.607233,0,0,0,0,0,0,5.493558,4.349545,6.637581,0.592854,0.702737,0.482971,7.395994,6.224022,8.567966,0.5922201,0,2.11462,7.19475,6.103099,8.286402,9.851922,10,9.507353,6.926334,7.221598,6.63107,0.6209182,0,1.607233,0,0,0,0,0,0,5.493558,4.349545,6.637581,0.592854,0.702737,0.482971,7.395994,6.224022,8.567966,0.5922201,0,2.11462,7.19475,6.103099,8.286402,9.851922,10,9.507353,-1,-1,-1,-1,-1,-1,-1,-1,-1,-1,-1,-1,-1,-1,-1,-1,-1,-1,-1,-1,-1,-1,-1,-1,-1,-1,-1,-1,-1,-1,-1,-1,-1,-1,-1,-1,-1,-1,-1,-1,-1,-1,-1,-1,-1,-1,-1,-1,-1,-1,0,0,0,0,0,0,-1,-1,-1,-1,-1,-1,-1,-1,-1,-1,-1,-1,0,0,0,0,0,0,-1,-1,-1,-1,-1,-1,-1,-1,-1,-1,-1,-1,-1,-1,False,False,0,0,False,209,0,0,0,0,0,0,0,0,0,0,0,0,0,0,0,1,
0,1804,2026-02-16 17:35:32Z,LLM_Empathetic,6.926339,7.221599,6.63108,0.620909,0,1.607228,0,0,0,0,0,0,5.493565,4.349547,6.637593,0.592854,0.702737,0.482971,7.395997,6.224021,8.567973,0.5922143,0,2.114615,7.194759,6.103104,8.286416,9.851941,10,9.507377,6.926339,7.221599,6.63108,0.620909,0,1.607228,0,0,0,0,0,0,5.493565,4.349547,6.637593,0.592854,0.702737,0.482971,7.395997,6.224021,8.567973,0.5922143,0,2.114615,7.194759,6.103104,8.286416,9.851941,10,9.507377,-1,-1,-1,-1,-1,-1,-1,-1,-1,-1,-1,-1,-1,-1,-1,-1,-1,-1,-1,-1,-1,-1,-1,-1,-1,-1,-1,-1,-1,-1,-1,-1,-1,-1,-1,-1,-1,-1,-1,-1,-1,-1,-1,-1,-1,-1,-1,-1,-1,-1,0,0,0,0,0,0,-1,-1,-1,-1,-1,-1,-1,-1,-1,-1,-1,-1,0,0,0,0,0,0,-1,-1,-1,-1,-1,-1,-1,-1,-1,-1,-1,-1,-1,-1,False,False,0,0,False,209,0,0,0,0,0,0,0,0,0,0,0,0,0,0,0,1,
0,1805,2026-02-16 17:35:32Z,LLM_Empathetic,6.926344,7.2216,6.631089,0.6209,0,1.607223,0,0,0,0,0,0,5.493571,4.349549,6.637604,0.592854,0.702737,0.482971,7.396,6.224019,8.567981,0.5922085,0,2.114609,7.194769,6.103109,8.286429,9.85196,10,9.507401,6.926344,7.2216,6.631089,0.6209,0,1.607223,0,0,0,0,0,0,5.493571,4.349549,6.637604,0.592854,0.702737,0.482971,7.396,6.224019,8.567981,0.5922085,0,2.114609,7.194769,6.103109,8.286429,9.85196,10,9.507401,-1,-1,-1,-1,-1,-1,-1,-1,-1,-1,-1,-1,-1,-1,-1,-1,-1,-1,-1,-1,-1,-1,-1,-1,-1,-1,-1,-1,-1,-1,-1,-1,-1,-1,-1,-1,-1,-1,-1,-1,-1,-1,-1,-1,-1,-1,-1,-1,-1,-1,0,0,0,0,0,0,-1,-1,-1,-1,-1,-1,-1,-1,-1,-1,-1,-1,0,0,0,0,0,0,-1,-1,-1,-1,-1,-1,-1,-1,-1,-1,-1,-1,-1,-1,False,False,0,0,False,209,0,0,0,0,0,0,0,0,0,0,0,0,0,0,0,1,
0,1806,2026-02-16 17:35:32Z,LLM_Empathetic,6.92635,7.221601,6.631099,0.6208909,0,1.607218,0,0,0,0,0,0,5.493578,4.349551,6.637616,0.592854,0.702737,0.482971,7.396003,6.224018,8.567989,0.5922027,0,2.114603,7.194778,6.103114,8.286444,9.851979,10,9.507424,6.92635,7.221601,6.631099,0.6208909,0,1.607218,0,0,0,0,0,0,5.493578,4.349551,6.637616,0.592854,0.702737,0.482971,7.396003,6.224018,8.567989,0.5922027,0,2.114603,7.194778,6.103114,8.286444,9.851979,10,9.507424,-1,-1,-1,-1,-1,-1,-1,-1,-1,-1,-1,-1,-1,-1,-1,-1,-1,-1,-1,-1,-1,-1,-1,-1,-1,-1,-1,-1,-1,-1,-1,-1,-1,-1,-1,-1,-1,-1,-1,-1,-1,-1,-1,-1,-1,-1,-1,-1,-1,-1,0,0,0,0,0,0,-1,-1,-1,-1,-1,-1,-1,-1,-1,-1,-1,-1,0,0,0,0,0,0,-1,-1,-1,-1,-1,-1,-1,-1,-1,-1,-1,-1,-1,-1,False,False,0,0,False,207,0,0,0,0,0,0,0,0,0,0,0,0,0,0,0,1,
0,1807,2026-02-16 17:35:32Z,LLM_Empathetic,6.926355,7.221601,6.631109,0.6208819,0,1.607213,0,0,0,0,0,0,5.493585,4.349554,6.637627,0.592854,0.702737,0.482971,7.396006,6.224016,8.567997,0.5921969,0,2.114597,7.194788,6.103119,8.286457,9.851998,10,9.507448,6.926355,7.221601,6.631109,0.6208819,0,1.607213,0,0,0,0,0,0,5.493585,4.349554,6.637627,0.592854,0.702737,0.482971,7.396006,6.224016,8.567997,0.5921969,0,2.114597,7.194788,6.103119,8.286457,9.851998,10,9.507448,-1,-1,-1,-1,-1,-1,-1,-1,-1,-1,-1,-1,-1,-1,-1,-1,-1,-1,-1,-1,-1,-1,-1,-1,-1,-1,-1,-1,-1,-1,-1,-1,-1,-1,-1,-1,-1,-1,-1,-1,-1,-1,-1,-1,-1,-1,-1,-1,-1,-1,0,0,0,0,0,0,-1,-1,-1,-1,-1,-1,-1,-1,-1,-1,-1,-1,0,0,0,0,0,0,-1,-1,-1,-1,-1,-1,-1,-1,-1,-1,-1,-1,-1,-1,False,False,0,0,False,209,0,0,0,0,0,0,0,0,0,0,0,0,0,0,0,1,
0,1808,2026-02-16 17:35:32Z,LLM_Empathetic,6.926361,7.221602,6.631118,0.6208728,0,1.607208,0,0,0,0,0,0,5.493592,4.349556,6.637639,0.592854,0.702737,0.482971,7.396009,6.224014,8.568005,0.5921911,0,2.114592,7.194798,6.103125,8.286471,9.852017,10,9.507472,6.926361,7.221602,6.631118,0.6208728,0,1.607208,0,0,0,0,0,0,5.493592,4.349556,6.637639,0.592854,0.702737,0.482971,7.396009,6.224014,8.568005,0.5921911,0,2.114592,7.194798,6.103125,8.286471,9.852017,10,9.507472,-1,-1,-1,-1,-1,-1,-1,-1,-1,-1,-1,-1,-1,-1,-1,-1,-1,-1,-1,-1,-1,-1,-1,-1,-1,-1,-1,-1,-1,-1,-1,-1,-1,-1,-1,-1,-1,-1,-1,-1,-1,-1,-1,-1,-1,-1,-1,-1,-1,-1,0,0,0,0,0,0,-1,-1,-1,-1,-1,-1,-1,-1,-1,-1,-1,-1,0,0,0,0,0,0,-1,-1,-1,-1,-1,-1,-1,-1,-1,-1,-1,-1,-1,-1,False,False,0,0,False,207,0,0,0,0,0,0,0,0,0,0,0,0,0,0,0,1,
0,1809,2026-02-16 17:35:32Z,LLM_Empathetic,6.926366,7.221603,6.631128,0.6208638,0,1.607203,0,0,0,0,0,0,5.493599,4.349558,6.63765,0.592854,0.702737,0.482971,7.396012,6.224013,8.568012,0.5921853,0,2.114586,7.194807,6.10313,8.286486,9.852036,10,9.507496,6.926366,7.221603,6.631128,0.6208638,0,1.607203,0,0,0,0,0,0,5.493599,4.349558,6.63765,0.592854,0.702737,0.482971,7.396012,6.224013,8.568012,0.5921853,0,2.114586,7.194807,6.10313,8.286486,9.852036,10,9.507496,-1,-1,-1,-1,-1,-1,-1,-1,-1,-1,-1,-1,-1,-1,-1,-1,-1,-1,-1,-1,-1,-1,-1,-1,-1,-1,-1,-1,-1,-1,-1,-1,-1,-1,-1,-1,-1,-1,-1,-1,-1,-1,-1,-1,-1,-1,-1,-1,-1,-1,0,0,0,0,0,0,-1,-1,-1,-1,-1,-1,-1,-1,-1,-1,-1,-1,0,0,0,0,0,0,-1,-1,-1,-1,-1,-1,-1,-1,-1,-1,-1,-1,-1,-1,False,False,0,0,False,209,0,0,0,0,0,0,0,0,0,0,0,0,0,0,0,1,
0,1810,2026-02-16 17:35:32Z,LLM_Empathetic,6.926371,7.221604,6.631138,0.6208547,0,1.607198,0,0,0,0,0,0,5.493606,4.34956,6.637661,0.592854,0.702737,0.482971,7.396016,6.224011,8.568021,0.5921795,0,2.11458,7.194817,6.103135,8.286499,9.852056,10,9.50752,6.926371,7.221604,6.631138,0.6208547,0,1.607198,0,0,0,0,0,0,5.493606,4.34956,6.637661,0.592854,0.702737,0.482971,7.396016,6.224011,8.568021,0.5921795,0,2.11458,7.194817,6.103135,8.286499,9.852056,10,9.50752,-1,-1,-1,-1,-1,-1,-1,-1,-1,-1,-1,-1,-1,-1,-1,-1,-1,-1,-1,-1,-1,-1,-1,-1,-1,-1,-1,-1,-1,-1,-1,-1,-1,-1,-1,-1,-1,-1,-1,-1,-1,-1,-1,-1,-1,-1,-1,-1,-1,-1,0,0,0,0,0,0,-1,-1,-1,-1,-1,-1,-1,-1,-1,-1,-1,-1,0,0,0,0,0,0,-1,-1,-1,-1,-1,-1,-1,-1,-1,-1,-1,-1,-1,-1,False,False,0,0,False,207,0,0,0,0,0,0,0,0,0,0,0,0,0,0,0,1,
0,1811,2026-02-16 17:35:32Z,LLM_Empathetic,6.926376,7.221605,6.631147,0.6208457,0,1.607193,0,0,0,0,0,0,5.493612,4.349563,6.637673,0.592854,0.702737,0.482971,7.396019,6.22401,8.568028,0.5921738,0,2.114574,7.194826,6.10314,8.286513,9.852074,10,9.507544,6.926376,7.221605,6.631147,0.6208457,0,1.607193,0,0,0,0,0,0,5.493612,4.349563,6.637673,0.592854,0.702737,0.482971,7.396019,6.22401,8.568028,0.5921738,0,2.114574,7.194826,6.10314,8.286513,9.852074,10,9.507544,-1,-1,-1,-1,-1,-1,-1,-1,-1,-1,-1,-1,-1,-1,-1,-1,-1,-1,-1,-1,-1,-1,-1,-1,-1,-1,-1,-1,-1,-1,-1,-1,-1,-1,-1,-1,-1,-1,-1,-1,-1,-1,-1,-1,-1,-1,-1,-1,-1,-1,0,0,0,0,0,0,-1,-1,-1,-1,-1,-1,-1,-1,-1,-1,-1,-1,0,0,0,0,0,0,-1,-1,-1,-1,-1,-1,-1,-1,-1,-1,-1,-1,-1,-1,False,False,0,0,False,209,0,0,0,0,0,0,0,0,0,0,0,0,0,0,0,1,
0,1812,2026-02-16 17:35:32Z,LLM_Empathetic,6.926382,7.221606,6.631157,0.6208367,0,1.607188,0,0,0,0,0,0,5.493619,4.349565,6.637684,0.592854,0.702737,0.482971,7.396022,6.224008,8.568036,0.592168,0,2.114568,7.194836,6.103145,8.286527,9.852093,10,9.507567,6.926382,7.221606,6.631157,0.6208367,0,1.607188,0,0,0,0,0,0,5.493619,4.349565,6.637684,0.592854,0.702737,0.482971,7.396022,6.224008,8.568036,0.592168,0,2.114568,7.194836,6.103145,8.286527,9.852093,10,9.507567,-1,-1,-1,-1,-1,-1,-1,-1,-1,-1,-1,-1,-1,-1,-1,-1,-1,-1,-1,-1,-1,-1,-1,-1,-1,-1,-1,-1,-1,-1,-1,-1,-1,-1,-1,-1,-1,-1,-1,-1,-1,-1,-1,-1,-1,-1,-1,-1,-1,-1,0,0,0,0,0,0,-1,-1,-1,-1,-1,-1,-1,-1,-1,-1,-1,-1,0,0,0,0,0,0,-1,-1,-1,-1,-1,-1,-1,-1,-1,-1,-1,-1,-1,-1,False,False,0,0,False,207,0,0,0,0,0,0,0,0,0,0,0,0,0,0,0,1,
0,1813,2026-02-16 17:35:32Z,LLM_Empathetic,6.926387,7.221607,6.631167,0.6208277,0,1.607183,0,0,0,0,0,0,5.493626,4.349567,6.637696,0.592854,0.702737,0.482971,7.396025,6.224006,8.568044,0.5921623,0,2.114563,7.194845,6.10315,8.286541,9.852112,10,9.507591,6.926387,7.221607,6.631167,0.6208277,0,1.607183,0,0,0,0,0,0,5.493626,4.349567,6.637696,0.592854,0.702737,0.482971,7.396025,6.224006,8.568044,0.5921623,0,2.114563,7.194845,6.10315,8.286541,9.852112,10,9.507591,-1,-1,-1,-1,-1,-1,-1,-1,-1,-1,-1,-1,-1,-1,-1,-1,-1,-1,-1,-1,-1,-1,-1,-1,-1,-1,-1,-1,-1,-1,-1,-1,-1,-1,-1,-1,-1,-1,-1,-1,-1,-1,-1,-1,-1,-1,-1,-1,-1,-1,0,0,0,0,0,0,-1,-1,-1,-1,-1,-1,-1,-1,-1,-1,-1,-1,0,0,0,0,0,0,-1,-1,-1,-1,-1,-1,-1,-1,-1,-1,-1,-1,-1,-1,False,False,0,0,False,207,0,0,0,0,0,0,0,0,0,0,0,0,0,0,0,1,
0,1814,2026-02-16 17:35:33Z,LLM_Empathetic,6.926393,7.221608,6.631176,0.6208187,0,1.607178,0,0,0,0,0,0,5.493633,4.349569,6.637707,0.592854,0.702737,0.482971,7.396028,6.224005,8.568051,0.5921565,0,2.114557,7.194854,6.103156,8.286554,9.852131,10,9.507615,6.926393,7.221608,6.631176,0.6208187,0,1.607178,0,0,0,0,0,0,5.493633,4.349569,6.637707,0.592854,0.702737,0.482971,7.396028,6.224005,8.568051,0.5921565,0,2.114557,7.194854,6.103156,8.286554,9.852131,10,9.507615,-1,-1,-1,-1,-1,-1,-1,-1,-1,-1,-1,-1,-1,-1,-1,-1,-1,-1,-1,-1,-1,-1,-1,-1,-1,-1,-1,-1,-1,-1,-1,-1,-1,-1,-1,-1,-1,-1,-1,-1,-1,-1,-1,-1,-1,-1,-1,-1,-1,-1,0,0,0,0,0,0,-1,-1,-1,-1,-1,-1,-1,-1,-1,-1,-1,-1,0,0,0,0,0,0,-1,-1,-1,-1,-1,-1,-1,-1,-1,-1,-1,-1,-1,-1,False,False,0,0,False,209,0,0,0,0,0,0,0,0,0,0,0,0,0,0,0,1,
0,1815,2026-02-16 17:35:33Z,LLM_Empathetic,6.926398,7.221609,6.631186,0.6208097,0,1.607173,0,0,0,0,0,0,5.49364,4.349572,6.637718,0.592854,0.702737,0.482971,7.396031,6.224003,8.56806,0.5921507,0,2.114551,7.194864,6.10316,8.286568,9.85215,10,9.507639,6.926398,7.221609,6.631186,0.6208097,0,1.607173,0,0,0,0,0,0,5.49364,4.349572,6.637718,0.592854,0.702737,0.482971,7.396031,6.224003,8.56806,0.5921507,0,2.114551,7.194864,6.10316,8.286568,9.85215,10,9.507639,-1,-1,-1,-1,-1,-1,-1,-1,-1,-1,-1,-1,-1,-1,-1,-1,-1,-1,-1,-1,-1,-1,-1,-1,-1,-1,-1,-1,-1,-1,-1,-1,-1,-1,-1,-1,-1,-1,-1,-1,-1,-1,-1,-1,-1,-1,-1,-1,-1,-1,0,0,0,0,0,0,-1,-1,-1,-1,-1,-1,-1,-1,-1,-1,-1,-1,0,0,0,0,0,0,-1,-1,-1,-1,-1,-1,-1,-1,-1,-1,-1,-1,-1,-1,False,False,0,0,False,209,0,0,0,0,0,0,0,0,0,0,0,0,0,0,0,1,
0,1816,2026-02-16 17:35:33Z,LLM_Empathetic,6.926403,7.22161,6.631196,0.6208007,0,1.607168,0,0,0,0,0,0,5.493647,4.349574,6.63773,0.592854,0.702737,0.482971,7.396034,6.224001,8.568068,0.592145,0,2.114545,7.194873,6.103166,8.286582,9.852169,10,9.507662,6.926403,7.22161,6.631196,0.6208007,0,1.607168,0,0,0,0,0,0,5.493647,4.349574,6.63773,0.592854,0.702737,0.482971,7.396034,6.224001,8.568068,0.592145,0,2.114545,7.194873,6.103166,8.286582,9.852169,10,9.507662,-1,-1,-1,-1,-1,-1,-1,-1,-1,-1,-1,-1,-1,-1,-1,-1,-1,-1,-1,-1,-1,-1,-1,-1,-1,-1,-1,-1,-1,-1,-1,-1,-1,-1,-1,-1,-1,-1,-1,-1,-1,-1,-1,-1,-1,-1,-1,-1,-1,-1,0,0,0,0,0,0,-1,-1,-1,-1,-1,-1,-1,-1,-1,-1,-1,-1,0,0,0,0,0,0,-1,-1,-1,-1,-1,-1,-1,-1,-1,-1,-1,-1,-1,-1,False,False,0,0,False,207,0,0,0,0,0,0,0,0,0,0,0,0,0,0,0,1,
0,1817,2026-02-16 17:35:33Z,LLM_Empathetic,6.926408,7.221611,6.631205,0.6207917,0,1.607163,0,0,0,0,0,0,5.493653,4.349576,6.637741,0.592854,0.702737,0.482971,7.396037,6.224,8.568075,0.5921392,0,2.11454,7.194883,6.103171,8.286595,9.852187,10,9.507686,6.926408,7.221611,6.631205,0.6207917,0,1.607163,0,0,0,0,0,0,5.493653,4.349576,6.637741,0.592854,0.702737,0.482971,7.396037,6.224,8.568075,0.5921392,0,2.11454,7.194883,6.103171,8.286595,9.852187,10,9.507686,-1,-1,-1,-1,-1,-1,-1,-1,-1,-1,-1,-1,-1,-1,-1,-1,-1,-1,-1,-1,-1,-1,-1,-1,-1,-1,-1,-1,-1,-1,-1,-1,-1,-1,-1,-1,-1,-1,-1,-1,-1,-1,-1,-1,-1,-1,-1,-1,-1,-1,0,0,0,0,0,0,-1,-1,-1,-1,-1,-1,-1,-1,-1,-1,-1,-1,0,0,0,0,0,0,-1,-1,-1,-1,-1,-1,-1,-1,-1,-1,-1,-1,-1,-1,False,False,0,0,False,209,0,0,0,0,0,0,0,0,0,0,0,0,0,0,0,1,
0,1818,2026-02-16 17:35:33Z,LLM_Empathetic,6.926414,7.221612,6.631215,0.6207827,0,1.607159,0,0,0,0,0,0,5.49366,4.349578,6.637753,0.592854,0.702737,0.482971,7.39604,6.223999,8.568083,0.5921335,0,2.114534,7.194892,6.103176,8.28661,9.852206,10,9.50771,6.926414,7.221612,6.631215,0.6207827,0,1.607159,0,0,0,0,0,0,5.49366,4.349578,6.637753,0.592854,0.702737,0.482971,7.39604,6.223999,8.568083,0.5921335,0,2.114534,7.194892,6.103176,8.28661,9.852206,10,9.50771,-1,-1,-1,-1,-1,-1,-1,-1,-1,-1,-1,-1,-1,-1,-1,-1,-1,-1,-1,-1,-1,-1,-1,-1,-1,-1,-1,-1,-1,-1,-1,-1,-1,-1,-1,-1,-1,-1,-1,-1,-1,-1,-1,-1,-1,-1,-1,-1,-1,-1,0,0,0,0,0,0,-1,-1,-1,-1,-1,-1,-1,-1,-1,-1,-1,-1,0,0,0,0,0,0,-1,-1,-1,-1,-1,-1,-1,-1,-1,-1,-1,-1,-1,-1,False,False,0,0,False,207,0,0,0,0,0,0,0,0,0,0,0,0,0,0,0,1,
0,1819,2026-02-16 17:35:33Z,LLM_Empathetic,6.926419,7.221613,6.631225,0.6207738,0,1.607154,0,0,0,0,0,0,5.493667,4.349581,6.637764,0.592854,0.702737,0.482971,7.396043,6.223997,8.56809,0.5921277,0,2.114528,7.194901,6.103181,8.286623,9.852225,10,9.507733,6.926419,7.221613,6.631225,0.6207738,0,1.607154,0,0,0,0,0,0,5.493667,4.349581,6.637764,0.592854,0.702737,0.482971,7.396043,6.223997,8.56809,0.5921277,0,2.114528,7.194901,6.103181,8.286623,9.852225,10,9.507733,-1,-1,-1,-1,-1,-1,-1,-1,-1,-1,-1,-1,-1,-1,-1,-1,-1,-1,-1,-1,-1,-1,-1,-1,-1,-1,-1,-1,-1,-1,-1,-1,-1,-1,-1,-1,-1,-1,-1,-1,-1,-1,-1,-1,-1,-1,-1,-1,-1,-1,0,0,0,0,0,0,-1,-1,-1,-1,-1,-1,-1,-1,-1,-1,-1,-1,0,0,0,0,0,0,-1,-1,-1,-1,-1,-1,-1,-1,-1,-1,-1,-1,-1,-1,False,False,0,0,False,207,0,0,0,0,0,0,0,0,0,0,0,0,0,0,0,1,
0,1820,2026-02-16 17:35:33Z,LLM_Empathetic,6.926424,7.221614,6.631234,0.6207649,0,1.607149,0,0,0,0,0,0,5.493674,4.349583,6.637775,0.592854,0.702737,0.482971,7.396047,6.223995,8.568098,0.592122,0,2.114522,7.194911,6.103186,8.286637,9.852243,10,9.507756,6.926424,7.221614,6.631234,0.6207649,0,1.607149,0,0,0,0,0,0,5.493674,4.349583,6.637775,0.592854,0.702737,0.482971,7.396047,6.223995,8.568098,0.592122,0,2.114522,7.194911,6.103186,8.286637,9.852243,10,9.507756,-1,-1,-1,-1,-1,-1,-1,-1,-1,-1,-1,-1,-1,-1,-1,-1,-1,-1,-1,-1,-1,-1,-1,-1,-1,-1,-1,-1,-1,-1,-1,-1,-1,-1,-1,-1,-1,-1,-1,-1,-1,-1,-1,-1,-1,-1,-1,-1,-1,-1,0,0,0,0,0,0,-1,-1,-1,-1,-1,-1,-1,-1,-1,-1,-1,-1,0,0,0,0,0,0,-1,-1,-1,-1,-1,-1,-1,-1,-1,-1,-1,-1,-1,-1,False,False,0,0,False,209,0,0,0,0,0,0,0,0,0,0,0,0,0,0,0,1,
0,1821,2026-02-16 17:35:33Z,LLM_Empathetic,6.926429,7.221615,6.631244,0.6207559,0,1.607144,0,0,0,0,0,0,5.49368,4.349585,6.637786,0.592854,0.702737,0.482971,7.396049,6.223994,8.568107,0.5921162,0,2.114517,7.194921,6.103191,8.286651,9.852262,10,9.50778,6.926429,7.221615,6.631244,0.6207559,0,1.607144,0,0,0,0,0,0,5.49368,4.349585,6.637786,0.592854,0.702737,0.482971,7.396049,6.223994,8.568107,0.5921162,0,2.114517,7.194921,6.103191,8.286651,9.852262,10,9.50778,-1,-1,-1,-1,-1,-1,-1,-1,-1,-1,-1,-1,-1,-1,-1,-1,-1,-1,-1,-1,-1,-1,-1,-1,-1,-1,-1,-1,-1,-1,-1,-1,-1,-1,-1,-1,-1,-1,-1,-1,-1,-1,-1,-1,-1,-1,-1,-1,-1,-1,0,0,0,0,0,0,-1,-1,-1,-1,-1,-1,-1,-1,-1,-1,-1,-1,0,0,0,0,0,0,-1,-1,-1,-1,-1,-1,-1,-1,-1,-1,-1,-1,-1,-1,False,False,0,0,False,209,0,0,0,0,0,0,0,0,0,0,0,0,0,0,0,1,
0,1822,2026-02-16 17:35:33Z,LLM_Empathetic,6.926435,7.221616,6.631253,0.620747,0,1.607139,0,0,0,0,0,0,5.493687,4.349587,6.637797,0.592854,0.702737,0.482971,7.396053,6.223992,8.568114,0.5921105,0,2.114511,7.19493,6.103196,8.286664,9.852282,10,9.507804,6.926435,7.221616,6.631253,0.620747,0,1.607139,0,0,0,0,0,0,5.493687,4.349587,6.637797,0.592854,0.702737,0.482971,7.396053,6.223992,8.568114,0.5921105,0,2.114511,7.19493,6.103196,8.286664,9.852282,10,9.507804,-1,-1,-1,-1,-1,-1,-1,-1,-1,-1,-1,-1,-1,-1,-1,-1,-1,-1,-1,-1,-1,-1,-1,-1,-1,-1,-1,-1,-1,-1,-1,-1,-1,-1,-1,-1,-1,-1,-1,-1,-1,-1,-1,-1,-1,-1,-1,-1,-1,-1,0,0,0,0,0,0,-1,-1,-1,-1,-1,-1,-1,-1,-1,-1,-1,-1,0,0,0,0,0,0,-1,-1,-1,-1,-1,-1,-1,-1,-1,-1,-1,-1,-1,-1,False,False,0,0,False,207,0,0,0,0,0,0,0,0,0,0,0,0,0,0,0,1,
0,1823,2026-02-16 17:35:33Z,LLM_Empathetic,6.92644,7.221617,6.631263,0.620738,0,1.607134,0,0,0,0,0,0,5.493694,4.349589,6.637809,0.592854,0.702737,0.482971,7.396056,6.22399,8.568122,0.5921048,0,2.114505,7.194939,6.103201,8.286678,9.852301,10,9.507827,6.92644,7.221617,6.631263,0.620738,0,1.607134,0,0,0,0,0,0,5.493694,4.349589,6.637809,0.592854,0.702737,0.482971,7.396056,6.22399,8.568122,0.5921048,0,2.114505,7.194939,6.103201,8.286678,9.852301,10,9.507827,-1,-1,-1,-1,-1,-1,-1,-1,-1,-1,-1,-1,-1,-1,-1,-1,-1,-1,-1,-1,-1,-1,-1,-1,-1,-1,-1,-1,-1,-1,-1,-1,-1,-1,-1,-1,-1,-1,-1,-1,-1,-1,-1,-1,-1,-1,-1,-1,-1,-1,0,0,0,0,0,0,-1,-1,-1,-1,-1,-1,-1,-1,-1,-1,-1,-1,0,0,0,0,0,0,-1,-1,-1,-1,-1,-1,-1,-1,-1,-1,-1,-1,-1,-1,False,False,0,0,False,209,0,0,0,0,0,0,0,0,0,0,0,0,0,0,0,1,
0,1824,2026-02-16 17:35:33Z,LLM_Empathetic,6.926445,7.221618,6.631272,0.6207291,0,1.607129,0,0,0,0,0,0,5.493701,4.349592,6.63782,0.592854,0.702737,0.482971,7.396059,6.223989,8.56813,0.5920991,0,2.1145,7.194949,6.103206,8.286692,9.852319,10,9.507851,6.926445,7.221618,6.631272,0.6207291,0,1.607129,0,0,0,0,0,0,5.493701,4.349592,6.63782,0.592854,0.702737,0.482971,7.396059,6.223989,8.56813,0.5920991,0,2.1145,7.194949,6.103206,8.286692,9.852319,10,9.507851,-1,-1,-1,-1,-1,-1,-1,-1,-1,-1,-1,-1,-1,-1,-1,-1,-1,-1,-1,-1,-1,-1,-1,-1,-1,-1,-1,-1,-1,-1,-1,-1,-1,-1,-1,-1,-1,-1,-1,-1,-1,-1,-1,-1,-1,-1,-1,-1,-1,-1,0,0,0,0,0,0,-1,-1,-1,-1,-1,-1,-1,-1,-1,-1,-1,-1,0,0,0,0,0,0,-1,-1,-1,-1,-1,-1,-1,-1,-1,-1,-1,-1,-1,-1,False,False,0,0,False,209,0,0,0,0,0,0,0,0,0,0,0,0,0,0,0,1,
0,1825,2026-02-16 17:35:33Z,LLM_Empathetic,6.92645,7.221619,6.631282,0.6207201,0,1.607124,0,0,0,0,0,0,5.493708,4.349594,6.637831,0.592854,0.702737,0.482971,7.396062,6.223987,8.568137,0.5920933,0,2.114494,7.194958,6.103211,8.286705,9.852338,10,9.507874,6.92645,7.221619,6.631282,0.6207201,0,1.607124,0,0,0,0,0,0,5.493708,4.349594,6.637831,0.592854,0.702737,0.482971,7.396062,6.223987,8.568137,0.5920933,0,2.114494,7.194958,6.103211,8.286705,9.852338,10,9.507874,-1,-1,-1,-1,-1,-1,-1,-1,-1,-1,-1,-1,-1,-1,-1,-1,-1,-1,-1,-1,-1,-1,-1,-1,-1,-1,-1,-1,-1,-1,-1,-1,-1,-1,-1,-1,-1,-1,-1,-1,-1,-1,-1,-1,-1,-1,-1,-1,-1,-1,0,0,0,0,0,0,-1,-1,-1,-1,-1,-1,-1,-1,-1,-1,-1,-1,0,0,0,0,0,0,-1,-1,-1,-1,-1,-1,-1,-1,-1,-1,-1,-1,-1,-1,False,False,0,0,False,209,0,0,0,0,0,0,0,0,0,0,0,0,0,0,0,1,
0,1826,2026-02-16 17:35:33Z,LLM_Empathetic,6.926455,7.22162,6.631291,0.6207113,0,1.607119,0,0,0,0,0,0,5.493714,4.349596,6.637843,0.592854,0.702737,0.482971,7.396065,6.223986,8.568145,0.5920877,0,2.114488,7.194967,6.103217,8.286719,9.852356,10,9.507897,6.926455,7.22162,6.631291,0.6207113,0,1.607119,0,0,0,0,0,0,5.493714,4.349596,6.637843,0.592854,0.702737,0.482971,7.396065,6.223986,8.568145,0.5920877,0,2.114488,7.194967,6.103217,8.286719,9.852356,10,9.507897,-1,-1,-1,-1,-1,-1,-1,-1,-1,-1,-1,-1,-1,-1,-1,-1,-1,-1,-1,-1,-1,-1,-1,-1,-1,-1,-1,-1,-1,-1,-1,-1,-1,-1,-1,-1,-1,-1,-1,-1,-1,-1,-1,-1,-1,-1,-1,-1,-1,-1,0,0,0,0,0,0,-1,-1,-1,-1,-1,-1,-1,-1,-1,-1,-1,-1,0,0,0,0,0,0,-1,-1,-1,-1,-1,-1,-1,-1,-1,-1,-1,-1,-1,-1,False,False,0,0,False,209,0,0,0,0,0,0,0,0,0,0,0,0,0,0,0,1,
0,1827,2026-02-16 17:35:33Z,LLM_Empathetic,6.926461,7.221621,6.631301,0.6207024,0,1.607114,0,0,0,0,0,0,5.493721,4.349598,6.637854,0.592854,0.702737,0.482971,7.396068,6.223984,8.568152,0.592082,0,2.114482,7.194977,6.103221,8.286733,9.852375,10,9.507921,6.926461,7.221621,6.631301,0.6207024,0,1.607114,0,0,0,0,0,0,5.493721,4.349598,6.637854,0.592854,0.702737,0.482971,7.396068,6.223984,8.568152,0.592082,0,2.114482,7.194977,6.103221,8.286733,9.852375,10,9.507921,-1,-1,-1,-1,-1,-1,-1,-1,-1,-1,-1,-1,-1,-1,-1,-1,-1,-1,-1,-1,-1,-1,-1,-1,-1,-1,-1,-1,-1,-1,-1,-1,-1,-1,-1,-1,-1,-1,-1,-1,-1,-1,-1,-1,-1,-1,-1,-1,-1,-1,0,0,0,0,0,0,-1,-1,-1,-1,-1,-1,-1,-1,-1,-1,-1,-1,0,0,0,0,0,0,-1,-1,-1,-1,-1,-1,-1,-1,-1,-1,-1,-1,-1,-1,False,False,0,0,False,209,0,0,0,0,0,0,0,0,0,0,0,0,0,0,0,1,
0,1828,2026-02-16 17:35:33Z,LLM_Empathetic,6.926466,7.221622,6.63131,0.6206934,0,1.607109,0,0,0,0,0,0,5.493728,4.349601,6.637865,0.592854,0.702737,0.482971,7.396071,6.223982,8.56816,0.5920763,0,2.114477,7.194986,6.103227,8.286746,9.852394,10,9.507944,6.926466,7.221622,6.63131,0.6206934,0,1.607109,0,0,0,0,0,0,5.493728,4.349601,6.637865,0.592854,0.702737,0.482971,7.396071,6.223982,8.56816,0.5920763,0,2.114477,7.194986,6.103227,8.286746,9.852394,10,9.507944,-1,-1,-1,-1,-1,-1,-1,-1,-1,-1,-1,-1,-1,-1,-1,-1,-1,-1,-1,-1,-1,-1,-1,-1,-1,-1,-1,-1,-1,-1,-1,-1,-1,-1,-1,-1,-1,-1,-1,-1,-1,-1,-1,-1,-1,-1,-1,-1,-1,-1,0,0,0,0,0,0,-1,-1,-1,-1,-1,-1,-1,-1,-1,-1,-1,-1,0,0,0,0,0,0,-1,-1,-1,-1,-1,-1,-1,-1,-1,-1,-1,-1,-1,-1,False,False,0,0,False,209,0,0,0,0,0,0,0,0,0,0,0,0,0,0,0,1,
0,1829,2026-02-16 17:35:33Z,LLM_Empathetic,6.926471,7.221622,6.63132,0.6206846,0,1.607104,0,0,0,0,0,0,5.493734,4.349603,6.637877,0.592854,0.702737,0.482971,7.396074,6.223981,8.568168,0.5920706,0,2.114471,7.194995,6.103232,8.286759,9.852412,10,9.507968,6.926471,7.221622,6.63132,0.6206846,0,1.607104,0,0,0,0,0,0,5.493734,4.349603,6.637877,0.592854,0.702737,0.482971,7.396074,6.223981,8.568168,0.5920706,0,2.114471,7.194995,6.103232,8.286759,9.852412,10,9.507968,-1,-1,-1,-1,-1,-1,-1,-1,-1,-1,-1,-1,-1,-1,-1,-1,-1,-1,-1,-1,-1,-1,-1,-1,-1,-1,-1,-1,-1,-1,-1,-1,-1,-1,-1,-1,-1,-1,-1,-1,-1,-1,-1,-1,-1,-1,-1,-1,-1,-1,0,0,0,0,0,0,-1,-1,-1,-1,-1,-1,-1,-1,-1,-1,-1,-1,0,0,0,0,0,0,-1,-1,-1,-1,-1,-1,-1,-1,-1,-1,-1,-1,-1,-1,False,False,0,0,False,209,0,0,0,0,0,0,0,0,0,0,0,0,0,0,0,1,
0,1830,2026-02-16 17:35:33Z,LLM_Empathetic,6.926476,7.221623,6.63133,0.6206757,0,1.6071,0,0,0,0,0,0,5.493741,4.349605,6.637887,0.592854,0.702737,0.482971,7.396077,6.223979,8.568175,0.5920649,0,2.114465,7.195004,6.103237,8.286774,9.852431,10,9.507992,6.926476,7.221623,6.63133,0.6206757,0,1.6071,0,0,0,0,0,0,5.493741,4.349605,6.637887,0.592854,0.702737,0.482971,7.396077,6.223979,8.568175,0.5920649,0,2.114465,7.195004,6.103237,8.286774,9.852431,10,9.507992,-1,-1,-1,-1,-1,-1,-1,-1,-1,-1,-1,-1,-1,-1,-1,-1,-1,-1,-1,-1,-1,-1,-1,-1,-1,-1,-1,-1,-1,-1,-1,-1,-1,-1,-1,-1,-1,-1,-1,-1,-1,-1,-1,-1,-1,-1,-1,-1,-1,-1,0,0,0,0,0,0,-1,-1,-1,-1,-1,-1,-1,-1,-1,-1,-1,-1,0,0,0,0,0,0,-1,-1,-1,-1,-1,-1,-1,-1,-1,-1,-1,-1,-1,-1,False,False,0,0,False,207,0,0,0,0,0,0,0,0,0,0,0,0,0,0,0,1,
0,1831,2026-02-16 17:35:33Z,LLM_Empathetic,6.926482,7.221624,6.631339,0.6206668,0,1.607095,0,0,0,0,0,0,5.493748,4.349607,6.637899,0.592854,0.702737,0.482971,7.39608,6.223978,8.568184,0.5920592,0,2.11446,7.195014,6.103242,8.286787,9.852449,10,9.508015,6.926482,7.221624,6.631339,0.6206668,0,1.607095,0,0,0,0,0,0,5.493748,4.349607,6.637899,0.592854,0.702737,0.482971,7.39608,6.223978,8.568184,0.5920592,0,2.11446,7.195014,6.103242,8.286787,9.852449,10,9.508015,-1,-1,-1,-1,-1,-1,-1,-1,-1,-1,-1,-1,-1,-1,-1,-1,-1,-1,-1,-1,-1,-1,-1,-1,-1,-1,-1,-1,-1,-1,-1,-1,-1,-1,-1,-1,-1,-1,-1,-1,-1,-1,-1,-1,-1,-1,-1,-1,-1,-1,0,0,0,0,0,0,-1,-1,-1,-1,-1,-1,-1,-1,-1,-1,-1,-1,0,0,0,0,0,0,-1,-1,-1,-1,-1,-1,-1,-1,-1,-1,-1,-1,-1,-1,False,False,0,0,False,209,0,0,0,0,0,0,0,0,0,0,0,0,0,0,0,1,
0,1832,2026-02-16 17:35:33Z,LLM_Empathetic,6.926487,7.221625,6.631349,0.620658,0,1.60709,0,0,0,0,0,0,5.493754,4.349609,6.63791,0.592854,0.702737,0.482971,7.396083,6.223976,8.568192,0.5920535,0,2.114454,7.195023,6.103247,8.2868,9.852468,10,9.508039,6.926487,7.221625,6.631349,0.620658,0,1.60709,0,0,0,0,0,0,5.493754,4.349609,6.63791,0.592854,0.702737,0.482971,7.396083,6.223976,8.568192,0.5920535,0,2.114454,7.195023,6.103247,8.2868,9.852468,10,9.508039,-1,-1,-1,-1,-1,-1,-1,-1,-1,-1,-1,-1,-1,-1,-1,-1,-1,-1,-1,-1,-1,-1,-1,-1,-1,-1,-1,-1,-1,-1,-1,-1,-1,-1,-1,-1,-1,-1,-1,-1,-1,-1,-1,-1,-1,-1,-1,-1,-1,-1,0,0,0,0,0,0,-1,-1,-1,-1,-1,-1,-1,-1,-1,-1,-1,-1,0,0,0,0,0,0,-1,-1,-1,-1,-1,-1,-1,-1,-1,-1,-1,-1,-1,-1,False,False,0,0,False,209,0,0,0,0,0,0,0,0,0,0,0,0,0,0,0,1,
0,1833,2026-02-16 17:35:33Z,LLM_Empathetic,6.926492,7.221626,6.631358,0.6206491,0,1.607085,0,0,0,0,0,0,5.493761,4.349612,6.637921,0.592854,0.702737,0.482971,7.396087,6.223975,8.568199,0.5920479,0,2.114448,7.195033,6.103252,8.286814,9.852487,10,9.508061,6.926492,7.221626,6.631358,0.6206491,0,1.607085,0,0,0,0,0,0,5.493761,4.349612,6.637921,0.592854,0.702737,0.482971,7.396087,6.223975,8.568199,0.5920479,0,2.114448,7.195033,6.103252,8.286814,9.852487,10,9.508061,-1,-1,-1,-1,-1,-1,-1,-1,-1,-1,-1,-1,-1,-1,-1,-1,-1,-1,-1,-1,-1,-1,-1,-1,-1,-1,-1,-1,-1,-1,-1,-1,-1,-1,-1,-1,-1,-1,-1,-1,-1,-1,-1,-1,-1,-1,-1,-1,-1,-1,0,0,0,0,0,0,-1,-1,-1,-1,-1,-1,-1,-1,-1,-1,-1,-1,0,0,0,0,0,0,-1,-1,-1,-1,-1,-1,-1,-1,-1,-1,-1,-1,-1,-1,False,False,0,0,False,209,0,0,0,0,0,0,0,0,0,0,0,0,0,0,0,1,
0,1834,2026-02-16 17:35:33Z,LLM_Empathetic,6.926497,7.221627,6.631367,0.6206403,0,1.60708,0,0,0,0,0,0,5.493768,4.349614,6.637932,0.592854,0.702737,0.482971,7.39609,6.223973,8.568207,0.5920422,0,2.114443,7.195042,6.103257,8.286828,9.852506,10,9.508084,6.926497,7.221627,6.631367,0.6206403,0,1.60708,0,0,0,0,0,0,5.493768,4.349614,6.637932,0.592854,0.702737,0.482971,7.39609,6.223973,8.568207,0.5920422,0,2.114443,7.195042,6.103257,8.286828,9.852506,10,9.508084,-1,-1,-1,-1,-1,-1,-1,-1,-1,-1,-1,-1,-1,-1,-1,-1,-1,-1,-1,-1,-1,-1,-1,-1,-1,-1,-1,-1,-1,-1,-1,-1,-1,-1,-1,-1,-1,-1,-1,-1,-1,-1,-1,-1,-1,-1,-1,-1,-1,-1,0,0,0,0,0,0,-1,-1,-1,-1,-1,-1,-1,-1,-1,-1,-1,-1,0,0,0,0,0,0,-1,-1,-1,-1,-1,-1,-1,-1,-1,-1,-1,-1,-1,-1,False,False,0,0,False,209,0,0,0,0,0,0,0,0,0,0,0,0,0,0,0,1,
0,1835,2026-02-16 17:35:33Z,LLM_Empathetic,6.926503,7.221628,6.631377,0.6206314,0,1.607075,0,0,0,0,0,0,5.493775,4.349616,6.637943,0.592854,0.702737,0.482971,7.396092,6.223971,8.568214,0.5920365,0,2.114437,7.195051,6.103262,8.286841,9.852524,10,9.508108,6.926503,7.221628,6.631377,0.6206314,0,1.607075,0,0,0,0,0,0,5.493775,4.349616,6.637943,0.592854,0.702737,0.482971,7.396092,6.223971,8.568214,0.5920365,0,2.114437,7.195051,6.103262,8.286841,9.852524,10,9.508108,-1,-1,-1,-1,-1,-1,-1,-1,-1,-1,-1,-1,-1,-1,-1,-1,-1,-1,-1,-1,-1,-1,-1,-1,-1,-1,-1,-1,-1,-1,-1,-1,-1,-1,-1,-1,-1,-1,-1,-1,-1,-1,-1,-1,-1,-1,-1,-1,-1,-1,0,0,0,0,0,0,-1,-1,-1,-1,-1,-1,-1,-1,-1,-1,-1,-1,0,0,0,0,0,0,-1,-1,-1,-1,-1,-1,-1,-1,-1,-1,-1,-1,-1,-1,False,False,0,0,False,207,0,0,0,0,0,0,0,0,0,0,0,0,0,0,0,1,
0,1836,2026-02-16 17:35:33Z,LLM_Empathetic,6.926508,7.221629,6.631386,0.6206226,0,1.60707,0,0,0,0,0,0,5.493782,4.349618,6.637955,0.592854,0.702737,0.482971,7.396096,6.22397,8.568222,0.5920309,0,2.114431,7.19506,6.103267,8.286855,9.852542,10,9.508131,6.926508,7.221629,6.631386,0.6206226,0,1.60707,0,0,0,0,0,0,5.493782,4.349618,6.637955,0.592854,0.702737,0.482971,7.396096,6.22397,8.568222,0.5920309,0,2.114431,7.19506,6.103267,8.286855,9.852542,10,9.508131,-1,-1,-1,-1,-1,-1,-1,-1,-1,-1,-1,-1,-1,-1,-1,-1,-1,-1,-1,-1,-1,-1,-1,-1,-1,-1,-1,-1,-1,-1,-1,-1,-1,-1,-1,-1,-1,-1,-1,-1,-1,-1,-1,-1,-1,-1,-1,-1,-1,-1,0,0,0,0,0,0,-1,-1,-1,-1,-1,-1,-1,-1,-1,-1,-1,-1,0,0,0,0,0,0,-1,-1,-1,-1,-1,-1,-1,-1,-1,-1,-1,-1,-1,-1,False,False,0,0,False,207,0,0,0,0,0,0,0,0,0,0,0,0,0,0,0,1,
0,1837,2026-02-16 17:35:33Z,LLM_Empathetic,6.926513,7.22163,6.631396,0.6206138,0,1.607065,0,0,0,0,0,0,5.493788,4.349621,6.637966,0.592854,0.702737,0.482971,7.396099,6.223969,8.56823,0.5920252,0,2.114426,7.19507,6.103272,8.286868,9.852561,10,9.508155,6.926513,7.22163,6.631396,0.6206138,0,1.607065,0,0,0,0,0,0,5.493788,4.349621,6.637966,0.592854,0.702737,0.482971,7.396099,6.223969,8.56823,0.5920252,0,2.114426,7.19507,6.103272,8.286868,9.852561,10,9.508155,-1,-1,-1,-1,-1,-1,-1,-1,-1,-1,-1,-1,-1,-1,-1,-1,-1,-1,-1,-1,-1,-1,-1,-1,-1,-1,-1,-1,-1,-1,-1,-1,-1,-1,-1,-1,-1,-1,-1,-1,-1,-1,-1,-1,-1,-1,-1,-1,-1,-1,0,0,0,0,0,0,-1,-1,-1,-1,-1,-1,-1,-1,-1,-1,-1,-1,0,0,0,0,0,0,-1,-1,-1,-1,-1,-1,-1,-1,-1,-1,-1,-1,-1,-1,False,False,0,0,False,207,0,0,0,0,0,0,0,0,0,0,0,0,0,0,0,1,
0,1838,2026-02-16 17:35:33Z,LLM_Empathetic,6.926518,7.221631,6.631405,0.6206049,0,1.60706,0,0,0,0,0,0,5.493795,4.349623,6.637977,0.592854,0.702737,0.482971,7.396102,6.223967,8.568237,0.5920196,0,2.11442,7.195079,6.103277,8.286881,9.852579,10,9.508178,6.926518,7.221631,6.631405,0.6206049,0,1.60706,0,0,0,0,0,0,5.493795,4.349623,6.637977,0.592854,0.702737,0.482971,7.396102,6.223967,8.568237,0.5920196,0,2.11442,7.195079,6.103277,8.286881,9.852579,10,9.508178,-1,-1,-1,-1,-1,-1,-1,-1,-1,-1,-1,-1,-1,-1,-1,-1,-1,-1,-1,-1,-1,-1,-1,-1,-1,-1,-1,-1,-1,-1,-1,-1,-1,-1,-1,-1,-1,-1,-1,-1,-1,-1,-1,-1,-1,-1,-1,-1,-1,-1,0,0,0,0,0,0,-1,-1,-1,-1,-1,-1,-1,-1,-1,-1,-1,-1,0,0,0,0,0,0,-1,-1,-1,-1,-1,-1,-1,-1,-1,-1,-1,-1,-1,-1,False,False,0,0,False,209,0,0,0,0,0,0,0,0,0,0,0,0,0,0,0,1,
0,1839,2026-02-16 17:35:33Z,LLM_Empathetic,6.926523,7.221632,6.631414,0.6205961,0,1.607056,0,0,0,0,0,0,5.493802,4.349625,6.637988,0.592854,0.702737,0.482971,7.396105,6.223965,8.568245,0.592014,0,2.114414,7.195088,6.103282,8.286896,9.852598,10,9.508201,6.926523,7.221632,6.631414,0.6205961,0,1.607056,0,0,0,0,0,0,5.493802,4.349625,6.637988,0.592854,0.702737,0.482971,7.396105,6.223965,8.568245,0.592014,0,2.114414,7.195088,6.103282,8.286896,9.852598,10,9.508201,-1,-1,-1,-1,-1,-1,-1,-1,-1,-1,-1,-1,-1,-1,-1,-1,-1,-1,-1,-1,-1,-1,-1,-1,-1,-1,-1,-1,-1,-1,-1,-1,-1,-1,-1,-1,-1,-1,-1,-1,-1,-1,-1,-1,-1,-1,-1,-1,-1,-1,0,0,0,0,0,0,-1,-1,-1,-1,-1,-1,-1,-1,-1,-1,-1,-1,0,0,0,0,0,0,-1,-1,-1,-1,-1,-1,-1,-1,-1,-1,-1,-1,-1,-1,False,False,0,0,False,209,0,0,0,0,0,0,0,0,0,0,0,0,0,0,0,1,
0,1840,2026-02-16 17:35:33Z,LLM_Empathetic,6.926528,7.221633,6.631424,0.6205873,0,1.607051,0,0,0,0,0,0,5.493808,4.349627,6.637999,0.592854,0.702737,0.482971,7.396108,6.223964,8.568253,0.5920083,0,2.114409,7.195097,6.103287,8.286909,9.852616,10,9.508224,6.926528,7.221633,6.631424,0.6205873,0,1.607051,0,0,0,0,0,0,5.493808,4.349627,6.637999,0.592854,0.702737,0.482971,7.396108,6.223964,8.568253,0.5920083,0,2.114409,7.195097,6.103287,8.286909,9.852616,10,9.508224,-1,-1,-1,-1,-1,-1,-1,-1,-1,-1,-1,-1,-1,-1,-1,-1,-1,-1,-1,-1,-1,-1,-1,-1,-1,-1,-1,-1,-1,-1,-1,-1,-1,-1,-1,-1,-1,-1,-1,-1,-1,-1,-1,-1,-1,-1,-1,-1,-1,-1,0,0,0,0,0,0,-1,-1,-1,-1,-1,-1,-1,-1,-1,-1,-1,-1,0,0,0,0,0,0,-1,-1,-1,-1,-1,-1,-1,-1,-1,-1,-1,-1,-1,-1,False,False,0,0,False,209,0,0,0,0,0,0,0,0,0,0,0,0,0,0,0,1,
0,1841,2026-02-16 17:35:33Z,LLM_Empathetic,6.926534,7.221634,6.631433,0.6205785,0,1.607046,0,0,0,0,0,0,5.493814,4.349629,6.638011,0.592854,0.702737,0.482971,7.396111,6.223962,8.56826,0.5920027,0,2.114403,7.195107,6.103292,8.286922,9.852634,10,9.508247,6.926534,7.221634,6.631433,0.6205785,0,1.607046,0,0,0,0,0,0,5.493814,4.349629,6.638011,0.592854,0.702737,0.482971,7.396111,6.223962,8.56826,0.5920027,0,2.114403,7.195107,6.103292,8.286922,9.852634,10,9.508247,-1,-1,-1,-1,-1,-1,-1,-1,-1,-1,-1,-1,-1,-1,-1,-1,-1,-1,-1,-1,-1,-1,-1,-1,-1,-1,-1,-1,-1,-1,-1,-1,-1,-1,-1,-1,-1,-1,-1,-1,-1,-1,-1,-1,-1,-1,-1,-1,-1,-1,0,0,0,0,0,0,-1,-1,-1,-1,-1,-1,-1,-1,-1,-1,-1,-1,0,0,0,0,0,0,-1,-1,-1,-1,-1,-1,-1,-1,-1,-1,-1,-1,-1,-1,False,False,0,0,False,209,0,0,0,0,0,0,0,0,0,0,0,0,0,0,0,1,
0,1842,2026-02-16 17:35:33Z,LLM_Empathetic,6.926539,7.221635,6.631443,0.6205698,0,1.607041,0,0,0,0,0,0,5.493821,4.349632,6.638021,0.592854,0.702737,0.482971,7.396114,6.22396,8.568268,0.591997,0,2.114398,7.195116,6.103297,8.286936,9.852654,10,9.50827,6.926539,7.221635,6.631443,0.6205698,0,1.607041,0,0,0,0,0,0,5.493821,4.349632,6.638021,0.592854,0.702737,0.482971,7.396114,6.22396,8.568268,0.591997,0,2.114398,7.195116,6.103297,8.286936,9.852654,10,9.50827,-1,-1,-1,-1,-1,-1,-1,-1,-1,-1,-1,-1,-1,-1,-1,-1,-1,-1,-1,-1,-1,-1,-1,-1,-1,-1,-1,-1,-1,-1,-1,-1,-1,-1,-1,-1,-1,-1,-1,-1,-1,-1,-1,-1,-1,-1,-1,-1,-1,-1,0,0,0,0,0,0,-1,-1,-1,-1,-1,-1,-1,-1,-1,-1,-1,-1,0,0,0,0,0,0,-1,-1,-1,-1,-1,-1,-1,-1,-1,-1,-1,-1,-1,-1,False,False,0,0,False,209,0,0,0,0,0,0,0,0,0,0,0,0,0,0,0,1,
0,1843,2026-02-16 17:35:33Z,LLM_Empathetic,6.926544,7.221636,6.631452,0.620561,0,1.607036,0,0,0,0,0,0,5.493828,4.349634,6.638032,0.592854,0.702737,0.482971,7.396117,6.223959,8.568275,0.5919914,0,2.114392,7.195125,6.103302,8.286949,9.852672,10,9.508293,6.926544,7.221636,6.631452,0.620561,0,1.607036,0,0,0,0,0,0,5.493828,4.349634,6.638032,0.592854,0.702737,0.482971,7.396117,6.223959,8.568275,0.5919914,0,2.114392,7.195125,6.103302,8.286949,9.852672,10,9.508293,-1,-1,-1,-1,-1,-1,-1,-1,-1,-1,-1,-1,-1,-1,-1,-1,-1,-1,-1,-1,-1,-1,-1,-1,-1,-1,-1,-1,-1,-1,-1,-1,-1,-1,-1,-1,-1,-1,-1,-1,-1,-1,-1,-1,-1,-1,-1,-1,-1,-1,0,0,0,0,0,0,-1,-1,-1,-1,-1,-1,-1,-1,-1,-1,-1,-1,0,0,0,0,0,0,-1,-1,-1,-1,-1,-1,-1,-1,-1,-1,-1,-1,-1,-1,False,False,0,0,False,207,0,0,0,0,0,0,0,0,0,0,0,0,0,0,0,1,
0,1844,2026-02-16 17:35:33Z,LLM_Empathetic,6.926549,7.221637,6.631462,0.6205522,0,1.607031,0,0,0,0,0,0,5.493834,4.349636,6.638043,0.592854,0.702737,0.482971,7.39612,6.223958,8.568283,0.5919858,0,2.114386,7.195134,6.103307,8.286963,9.85269,10,9.508317,6.926549,7.221637,6.631462,0.6205522,0,1.607031,0,0,0,0,0,0,5.493834,4.349636,6.638043,0.592854,0.702737,0.482971,7.39612,6.223958,8.568283,0.5919858,0,2.114386,7.195134,6.103307,8.286963,9.85269,10,9.508317,-1,-1,-1,-1,-1,-1,-1,-1,-1,-1,-1,-1,-1,-1,-1,-1,-1,-1,-1,-1,-1,-1,-1,-1,-1,-1,-1,-1,-1,-1,-1,-1,-1,-1,-1,-1,-1,-1,-1,-1,-1,-1,-1,-1,-1,-1,-1,-1,-1,-1,0,0,0,0,0,0,-1,-1,-1,-1,-1,-1,-1,-1,-1,-1,-1,-1,0,0,0,0,0,0,-1,-1,-1,-1,-1,-1,-1,-1,-1,-1,-1,-1,-1,-1,False,False,0,0,False,207,0,0,0,0,0,0,0,0,0,0,0,0,0,0,0,1,
0,1845,2026-02-16 17:35:33Z,LLM_Empathetic,6.926554,7.221638,6.631471,0.6205434,0,1.607027,0,0,0,0,0,0,5.493841,4.349638,6.638055,0.592854,0.702737,0.482971,7.396123,6.223956,8.568291,0.5919802,0,2.114381,7.195144,6.103312,8.286976,9.852709,10,9.50834,6.926554,7.221638,6.631471,0.6205434,0,1.607027,0,0,0,0,0,0,5.493841,4.349638,6.638055,0.592854,0.702737,0.482971,7.396123,6.223956,8.568291,0.5919802,0,2.114381,7.195144,6.103312,8.286976,9.852709,10,9.50834,-1,-1,-1,-1,-1,-1,-1,-1,-1,-1,-1,-1,-1,-1,-1,-1,-1,-1,-1,-1,-1,-1,-1,-1,-1,-1,-1,-1,-1,-1,-1,-1,-1,-1,-1,-1,-1,-1,-1,-1,-1,-1,-1,-1,-1,-1,-1,-1,-1,-1,0,0,0,0,0,0,-1,-1,-1,-1,-1,-1,-1,-1,-1,-1,-1,-1,0,0,0,0,0,0,-1,-1,-1,-1,-1,-1,-1,-1,-1,-1,-1,-1,-1,-1,False,False,0,0,False,207,0,0,0,0,0,0,0,0,0,0,0,0,0,0,0,1,
0,1846,2026-02-16 17:35:34Z,LLM_Empathetic,6.926559,7.221639,6.63148,0.6205347,0,1.607022,0,0,0,0,0,0,5.493848,4.34964,6.638066,0.592854,0.702737,0.482971,7.396126,6.223954,8.568298,0.5919746,0,2.114375,7.195153,6.103317,8.286989,9.852727,10,9.508363,6.926559,7.221639,6.63148,0.6205347,0,1.607022,0,0,0,0,0,0,5.493848,4.34964,6.638066,0.592854,0.702737,0.482971,7.396126,6.223954,8.568298,0.5919746,0,2.114375,7.195153,6.103317,8.286989,9.852727,10,9.508363,-1,-1,-1,-1,-1,-1,-1,-1,-1,-1,-1,-1,-1,-1,-1,-1,-1,-1,-1,-1,-1,-1,-1,-1,-1,-1,-1,-1,-1,-1,-1,-1,-1,-1,-1,-1,-1,-1,-1,-1,-1,-1,-1,-1,-1,-1,-1,-1,-1,-1,0,0,0,0,0,0,-1,-1,-1,-1,-1,-1,-1,-1,-1,-1,-1,-1,0,0,0,0,0,0,-1,-1,-1,-1,-1,-1,-1,-1,-1,-1,-1,-1,-1,-1,False,False,0,0,False,207,0,0,0,0,0,0,0,0,0,0,0,0,0,0,0,1,
0,1847,2026-02-16 17:35:34Z,LLM_Empathetic,6.926565,7.22164,6.63149,0.620526,0,1.607017,0,0,0,0,0,0,5.493855,4.349643,6.638077,0.592854,0.702737,0.482971,7.396129,6.223953,8.568306,0.591969,0,2.114369,7.195162,6.103322,8.287003,9.852745,10,9.508386,6.926565,7.22164,6.63149,0.620526,0,1.607017,0,0,0,0,0,0,5.493855,4.349643,6.638077,0.592854,0.702737,0.482971,7.396129,6.223953,8.568306,0.591969,0,2.114369,7.195162,6.103322,8.287003,9.852745,10,9.508386,-1,-1,-1,-1,-1,-1,-1,-1,-1,-1,-1,-1,-1,-1,-1,-1,-1,-1,-1,-1,-1,-1,-1,-1,-1,-1,-1,-1,-1,-1,-1,-1,-1,-1,-1,-1,-1,-1,-1,-1,-1,-1,-1,-1,-1,-1,-1,-1,-1,-1,0,0,0,0,0,0,-1,-1,-1,-1,-1,-1,-1,-1,-1,-1,-1,-1,0,0,0,0,0,0,-1,-1,-1,-1,-1,-1,-1,-1,-1,-1,-1,-1,-1,-1,False,False,0,0,False,207,0,0,0,0,0,0,0,0,0,0,0,0,0,0,0,1,
0,1848,2026-02-16 17:35:34Z,LLM_Empathetic,6.92657,7.221641,6.631499,0.6205172,0,1.607012,0,0,0,0,0,0,5.493861,4.349645,6.638088,0.592854,0.702737,0.482971,7.396132,6.223951,8.568314,0.5919634,0,2.114364,7.195171,6.103327,8.287016,9.852763,10,9.508409,6.92657,7.221641,6.631499,0.6205172,0,1.607012,0,0,0,0,0,0,5.493861,4.349645,6.638088,0.592854,0.702737,0.482971,7.396132,6.223951,8.568314,0.5919634,0,2.114364,7.195171,6.103327,8.287016,9.852763,10,9.508409,-1,-1,-1,-1,-1,-1,-1,-1,-1,-1,-1,-1,-1,-1,-1,-1,-1,-1,-1,-1,-1,-1,-1,-1,-1,-1,-1,-1,-1,-1,-1,-1,-1,-1,-1,-1,-1,-1,-1,-1,-1,-1,-1,-1,-1,-1,-1,-1,-1,-1,0,0,0,0,0,0,-1,-1,-1,-1,-1,-1,-1,-1,-1,-1,-1,-1,0,0,0,0,0,0,-1,-1,-1,-1,-1,-1,-1,-1,-1,-1,-1,-1,-1,-1,False,False,0,0,False,207,0,0,0,0,0,0,0,0,0,0,0,0,0,0,0,1,
0,1849,2026-02-16 17:35:34Z,LLM_Empathetic,6.926575,7.221642,6.631508,0.6205084,0,1.607007,0,0,0,0,0,0,5.493868,4.349647,6.638099,0.592854,0.702737,0.482971,7.396135,6.223949,8.568321,0.5919578,0,2.114358,7.19518,6.103332,8.28703,9.852782,10,9.508431,6.926575,7.221642,6.631508,0.6205084,0,1.607007,0,0,0,0,0,0,5.493868,4.349647,6.638099,0.592854,0.702737,0.482971,7.396135,6.223949,8.568321,0.5919578,0,2.114358,7.19518,6.103332,8.28703,9.852782,10,9.508431,-1,-1,-1,-1,-1,-1,-1,-1,-1,-1,-1,-1,-1,-1,-1,-1,-1,-1,-1,-1,-1,-1,-1,-1,-1,-1,-1,-1,-1,-1,-1,-1,-1,-1,-1,-1,-1,-1,-1,-1,-1,-1,-1,-1,-1,-1,-1,-1,-1,-1,0,0,0,0,0,0,-1,-1,-1,-1,-1,-1,-1,-1,-1,-1,-1,-1,0,0,0,0,0,0,-1,-1,-1,-1,-1,-1,-1,-1,-1,-1,-1,-1,-1,-1,False,False,0,0,False,207,0,0,0,0,0,0,0,0,0,0,0,0,0,0,0,1,
0,1850,2026-02-16 17:35:34Z,LLM_Empathetic,6.92658,7.221642,6.631518,0.6204997,0,1.607002,0,0,0,0,0,0,5.493875,4.349649,6.63811,0.592854,0.702737,0.482971,7.396138,6.223948,8.568329,0.5919522,0,2.114353,7.195189,6.103337,8.287044,9.8528,10,9.508455,6.92658,7.221642,6.631518,0.6204997,0,1.607002,0,0,0,0,0,0,5.493875,4.349649,6.63811,0.592854,0.702737,0.482971,7.396138,6.223948,8.568329,0.5919522,0,2.114353,7.195189,6.103337,8.287044,9.8528,10,9.508455,-1,-1,-1,-1,-1,-1,-1,-1,-1,-1,-1,-1,-1,-1,-1,-1,-1,-1,-1,-1,-1,-1,-1,-1,-1,-1,-1,-1,-1,-1,-1,-1,-1,-1,-1,-1,-1,-1,-1,-1,-1,-1,-1,-1,-1,-1,-1,-1,-1,-1,0,0,0,0,0,0,-1,-1,-1,-1,-1,-1,-1,-1,-1,-1,-1,-1,0,0,0,0,0,0,-1,-1,-1,-1,-1,-1,-1,-1,-1,-1,-1,-1,-1,-1,False,False,0,0,False,207,0,0,0,0,0,0,0,0,0,0,0,0,0,0,0,1,
0,1851,2026-02-16 17:35:34Z,LLM_Empathetic,6.926585,7.221643,6.631527,0.620491,0,1.606998,0,0,0,0,0,0,5.493881,4.349651,6.638121,0.592854,0.702737,0.482971,7.396141,6.223947,8.568336,0.5919466,0,2.114347,7.195199,6.103342,8.287057,9.852818,10,9.508478,6.926585,7.221643,6.631527,0.620491,0,1.606998,0,0,0,0,0,0,5.493881,4.349651,6.638121,0.592854,0.702737,0.482971,7.396141,6.223947,8.568336,0.5919466,0,2.114347,7.195199,6.103342,8.287057,9.852818,10,9.508478,-1,-1,-1,-1,-1,-1,-1,-1,-1,-1,-1,-1,-1,-1,-1,-1,-1,-1,-1,-1,-1,-1,-1,-1,-1,-1,-1,-1,-1,-1,-1,-1,-1,-1,-1,-1,-1,-1,-1,-1,-1,-1,-1,-1,-1,-1,-1,-1,-1,-1,0,0,0,0,0,0,-1,-1,-1,-1,-1,-1,-1,-1,-1,-1,-1,-1,0,0,0,0,0,0,-1,-1,-1,-1,-1,-1,-1,-1,-1,-1,-1,-1,-1,-1,False,False,0,0,False,209,0,0,0,0,0,0,0,0,0,0,0,0,0,0,0,1,
0,1852,2026-02-16 17:35:34Z,LLM_Empathetic,6.92659,7.221644,6.631536,0.6204823,0,1.606993,0,0,0,0,0,0,5.493887,4.349654,6.638132,0.592854,0.702737,0.482971,7.396144,6.223945,8.568343,0.5919411,0,2.114341,7.195208,6.103347,8.28707,9.852837,10,9.508501,6.92659,7.221644,6.631536,0.6204823,0,1.606993,0,0,0,0,0,0,5.493887,4.349654,6.638132,0.592854,0.702737,0.482971,7.396144,6.223945,8.568343,0.5919411,0,2.114341,7.195208,6.103347,8.28707,9.852837,10,9.508501,-1,-1,-1,-1,-1,-1,-1,-1,-1,-1,-1,-1,-1,-1,-1,-1,-1,-1,-1,-1,-1,-1,-1,-1,-1,-1,-1,-1,-1,-1,-1,-1,-1,-1,-1,-1,-1,-1,-1,-1,-1,-1,-1,-1,-1,-1,-1,-1,-1,-1,0,0,0,0,0,0,-1,-1,-1,-1,-1,-1,-1,-1,-1,-1,-1,-1,0,0,0,0,0,0,-1,-1,-1,-1,-1,-1,-1,-1,-1,-1,-1,-1,-1,-1,False,False,0,0,False,209,0,0,0,0,0,0,0,0,0,0,0,0,0,0,0,1,
0,1853,2026-02-16 17:35:34Z,LLM_Empathetic,6.926596,7.221645,6.631546,0.6204736,0,1.606988,0,0,0,0,0,0,5.493894,4.349656,6.638143,0.592854,0.702737,0.482971,7.396147,6.223943,8.568351,0.5919355,0,2.114336,7.195217,6.103352,8.287084,9.852855,10,9.508524,6.926596,7.221645,6.631546,0.6204736,0,1.606988,0,0,0,0,0,0,5.493894,4.349656,6.638143,0.592854,0.702737,0.482971,7.396147,6.223943,8.568351,0.5919355,0,2.114336,7.195217,6.103352,8.287084,9.852855,10,9.508524,-1,-1,-1,-1,-1,-1,-1,-1,-1,-1,-1,-1,-1,-1,-1,-1,-1,-1,-1,-1,-1,-1,-1,-1,-1,-1,-1,-1,-1,-1,-1,-1,-1,-1,-1,-1,-1,-1,-1,-1,-1,-1,-1,-1,-1,-1,-1,-1,-1,-1,0,0,0,0,0,0,-1,-1,-1,-1,-1,-1,-1,-1,-1,-1,-1,-1,0,0,0,0,0,0,-1,-1,-1,-1,-1,-1,-1,-1,-1,-1,-1,-1,-1,-1,False,False,0,0,False,209,0,0,0,0,0,0,0,0,0,0,0,0,0,0,0,1,
0,1854,2026-02-16 17:35:34Z,LLM_Empathetic,6.9266,7.221646,6.631555,0.6204649,0,1.606983,0,0,0,0,0,0,5.493901,4.349658,6.638154,0.592854,0.702737,0.482971,7.39615,6.223942,8.568358,0.5919299,0,2.11433,7.195226,6.103357,8.287097,9.852874,10,9.508547,6.9266,7.221646,6.631555,0.6204649,0,1.606983,0,0,0,0,0,0,5.493901,4.349658,6.638154,0.592854,0.702737,0.482971,7.39615,6.223942,8.568358,0.5919299,0,2.11433,7.195226,6.103357,8.287097,9.852874,10,9.508547,-1,-1,-1,-1,-1,-1,-1,-1,-1,-1,-1,-1,-1,-1,-1,-1,-1,-1,-1,-1,-1,-1,-1,-1,-1,-1,-1,-1,-1,-1,-1,-1,-1,-1,-1,-1,-1,-1,-1,-1,-1,-1,-1,-1,-1,-1,-1,-1,-1,-1,0,0,0,0,0,0,-1,-1,-1,-1,-1,-1,-1,-1,-1,-1,-1,-1,0,0,0,0,0,0,-1,-1,-1,-1,-1,-1,-1,-1,-1,-1,-1,-1,-1,-1,False,False,0,0,False,207,0,0,0,0,0,0,0,0,0,0,0,0,0,0,0,1,
0,1855,2026-02-16 17:35:34Z,LLM_Empathetic,6.926606,7.221647,6.631564,0.6204562,0,1.606978,0,0,0,0,0,0,5.493907,4.34966,6.638165,0.592854,0.702737,0.482971,7.396153,6.22394,8.568366,0.5919244,0,2.114325,7.195235,6.103362,8.287109,9.852892,10,9.50857,6.926606,7.221647,6.631564,0.6204562,0,1.606978,0,0,0,0,0,0,5.493907,4.34966,6.638165,0.592854,0.702737,0.482971,7.396153,6.22394,8.568366,0.5919244,0,2.114325,7.195235,6.103362,8.287109,9.852892,10,9.50857,-1,-1,-1,-1,-1,-1,-1,-1,-1,-1,-1,-1,-1,-1,-1,-1,-1,-1,-1,-1,-1,-1,-1,-1,-1,-1,-1,-1,-1,-1,-1,-1,-1,-1,-1,-1,-1,-1,-1,-1,-1,-1,-1,-1,-1,-1,-1,-1,-1,-1,0,0,0,0,0,0,-1,-1,-1,-1,-1,-1,-1,-1,-1,-1,-1,-1,0,0,0,0,0,0,-1,-1,-1,-1,-1,-1,-1,-1,-1,-1,-1,-1,-1,-1,False,False,0,0,False,209,0,0,0,0,0,0,0,0,0,0,0,0,0,0,0,1,
0,1856,2026-02-16 17:35:34Z,LLM_Empathetic,6.926611,7.221648,6.631574,0.6204475,0,1.606974,0,0,0,0,0,0,5.493914,4.349662,6.638176,0.592854,0.702737,0.482971,7.396156,6.223939,8.568374,0.5919188,0,2.114319,7.195244,6.103366,8.287123,9.85291,10,9.508593,6.926611,7.221648,6.631574,0.6204475,0,1.606974,0,0,0,0,0,0,5.493914,4.349662,6.638176,0.592854,0.702737,0.482971,7.396156,6.223939,8.568374,0.5919188,0,2.114319,7.195244,6.103366,8.287123,9.85291,10,9.508593,-1,-1,-1,-1,-1,-1,-1,-1,-1,-1,-1,-1,-1,-1,-1,-1,-1,-1,-1,-1,-1,-1,-1,-1,-1,-1,-1,-1,-1,-1,-1,-1,-1,-1,-1,-1,-1,-1,-1,-1,-1,-1,-1,-1,-1,-1,-1,-1,-1,-1,0,0,0,0,0,0,-1,-1,-1,-1,-1,-1,-1,-1,-1,-1,-1,-1,0,0,0,0,0,0,-1,-1,-1,-1,-1,-1,-1,-1,-1,-1,-1,-1,-1,-1,False,False,0,0,False,209,0,0,0,0,0,0,0,0,0,0,0,0,0,0,0,1,
0,1857,2026-02-16 17:35:34Z,LLM_Empathetic,6.926616,7.221649,6.631583,0.6204389,0,1.606969,0,0,0,0,0,0,5.49392,4.349664,6.638187,0.592854,0.702737,0.482971,7.396159,6.223937,8.568381,0.5919132,0,2.114314,7.195253,6.103372,8.287136,9.852928,10,9.508615,6.926616,7.221649,6.631583,0.6204389,0,1.606969,0,0,0,0,0,0,5.49392,4.349664,6.638187,0.592854,0.702737,0.482971,7.396159,6.223937,8.568381,0.5919132,0,2.114314,7.195253,6.103372,8.287136,9.852928,10,9.508615,-1,-1,-1,-1,-1,-1,-1,-1,-1,-1,-1,-1,-1,-1,-1,-1,-1,-1,-1,-1,-1,-1,-1,-1,-1,-1,-1,-1,-1,-1,-1,-1,-1,-1,-1,-1,-1,-1,-1,-1,-1,-1,-1,-1,-1,-1,-1,-1,-1,-1,0,0,0,0,0,0,-1,-1,-1,-1,-1,-1,-1,-1,-1,-1,-1,-1,0,0,0,0,0,0,-1,-1,-1,-1,-1,-1,-1,-1,-1,-1,-1,-1,-1,-1,False,False,0,0,False,209,0,0,0,0,0,0,0,0,0,0,0,0,0,0,0,1,
0,1858,2026-02-16 17:35:34Z,LLM_Empathetic,6.926621,7.22165,6.631592,0.6204302,0,1.606964,0,0,0,0,0,0,5.493927,4.349667,6.638198,0.592854,0.702737,0.482971,7.396162,6.223936,8.568389,0.5919077,0,2.114308,7.195262,6.103376,8.287149,9.852946,10,9.508638,6.926621,7.22165,6.631592,0.6204302,0,1.606964,0,0,0,0,0,0,5.493927,4.349667,6.638198,0.592854,0.702737,0.482971,7.396162,6.223936,8.568389,0.5919077,0,2.114308,7.195262,6.103376,8.287149,9.852946,10,9.508638,-1,-1,-1,-1,-1,-1,-1,-1,-1,-1,-1,-1,-1,-1,-1,-1,-1,-1,-1,-1,-1,-1,-1,-1,-1,-1,-1,-1,-1,-1,-1,-1,-1,-1,-1,-1,-1,-1,-1,-1,-1,-1,-1,-1,-1,-1,-1,-1,-1,-1,0,0,0,0,0,0,-1,-1,-1,-1,-1,-1,-1,-1,-1,-1,-1,-1,0,0,0,0,0,0,-1,-1,-1,-1,-1,-1,-1,-1,-1,-1,-1,-1,-1,-1,False,False,0,0,False,209,0,0,0,0,0,0,0,0,0,0,0,0,0,0,0,1,
0,1859,2026-02-16 17:35:34Z,LLM_Empathetic,6.926626,7.221651,6.631601,0.6204215,0,1.606959,0,0,0,0,0,0,5.493934,4.349669,6.638209,0.592854,0.702737,0.482971,7.396165,6.223934,8.568397,0.5919021,0,2.114302,7.195271,6.103381,8.287163,9.852964,10,9.508661,6.926626,7.221651,6.631601,0.6204215,0,1.606959,0,0,0,0,0,0,5.493934,4.349669,6.638209,0.592854,0.702737,0.482971,7.396165,6.223934,8.568397,0.5919021,0,2.114302,7.195271,6.103381,8.287163,9.852964,10,9.508661,-1,-1,-1,-1,-1,-1,-1,-1,-1,-1,-1,-1,-1,-1,-1,-1,-1,-1,-1,-1,-1,-1,-1,-1,-1,-1,-1,-1,-1,-1,-1,-1,-1,-1,-1,-1,-1,-1,-1,-1,-1,-1,-1,-1,-1,-1,-1,-1,-1,-1,0,0,0,0,0,0,-1,-1,-1,-1,-1,-1,-1,-1,-1,-1,-1,-1,0,0,0,0,0,0,-1,-1,-1,-1,-1,-1,-1,-1,-1,-1,-1,-1,-1,-1,False,False,0,0,False,209,0,0,0,0,0,0,0,0,0,0,0,0,0,0,0,1,
0,1860,2026-02-16 17:35:34Z,LLM_Empathetic,6.926631,7.221652,6.631611,0.6204129,0,1.606955,0,0,0,0,0,0,5.49394,4.349671,6.638219,0.592854,0.702737,0.482971,7.396168,6.223933,8.568404,0.5918966,0,2.114297,7.195281,6.103386,8.287176,9.852983,10,9.508683,6.926631,7.221652,6.631611,0.6204129,0,1.606955,0,0,0,0,0,0,5.49394,4.349671,6.638219,0.592854,0.702737,0.482971,7.396168,6.223933,8.568404,0.5918966,0,2.114297,7.195281,6.103386,8.287176,9.852983,10,9.508683,-1,-1,-1,-1,-1,-1,-1,-1,-1,-1,-1,-1,-1,-1,-1,-1,-1,-1,-1,-1,-1,-1,-1,-1,-1,-1,-1,-1,-1,-1,-1,-1,-1,-1,-1,-1,-1,-1,-1,-1,-1,-1,-1,-1,-1,-1,-1,-1,-1,-1,0,0,0,0,0,0,-1,-1,-1,-1,-1,-1,-1,-1,-1,-1,-1,-1,0,0,0,0,0,0,-1,-1,-1,-1,-1,-1,-1,-1,-1,-1,-1,-1,-1,-1,False,False,0,0,False,207,0,0,0,0,0,0,0,0,0,0,0,0,0,0,0,1,
0,1861,2026-02-16 17:35:34Z,LLM_Empathetic,6.926636,7.221653,6.63162,0.6204042,0,1.60695,0,0,0,0,0,0,5.493947,4.349673,6.63823,0.592854,0.702737,0.482971,7.396171,6.223931,8.568411,0.5918911,0,2.114291,7.19529,6.103391,8.287189,9.853001,10,9.508706,6.926636,7.221653,6.63162,0.6204042,0,1.60695,0,0,0,0,0,0,5.493947,4.349673,6.63823,0.592854,0.702737,0.482971,7.396171,6.223931,8.568411,0.5918911,0,2.114291,7.19529,6.103391,8.287189,9.853001,10,9.508706,-1,-1,-1,-1,-1,-1,-1,-1,-1,-1,-1,-1,-1,-1,-1,-1,-1,-1,-1,-1,-1,-1,-1,-1,-1,-1,-1,-1,-1,-1,-1,-1,-1,-1,-1,-1,-1,-1,-1,-1,-1,-1,-1,-1,-1,-1,-1,-1,-1,-1,0,0,0,0,0,0,-1,-1,-1,-1,-1,-1,-1,-1,-1,-1,-1,-1,0,0,0,0,0,0,-1,-1,-1,-1,-1,-1,-1,-1,-1,-1,-1,-1,-1,-1,False,False,0,0,False,209,0,0,0,0,0,0,0,0,0,0,0,0,0,0,0,1,
0,1862,2026-02-16 17:35:34Z,LLM_Empathetic,6.926641,7.221653,6.631629,0.6203956,0,1.606945,0,0,0,0,0,0,5.493953,4.349675,6.638241,0.592854,0.702737,0.482971,7.396174,6.223929,8.568419,0.5918855,0,2.114286,7.195299,6.103396,8.287203,9.853019,10,9.508729,6.926641,7.221653,6.631629,0.6203956,0,1.606945,0,0,0,0,0,0,5.493953,4.349675,6.638241,0.592854,0.702737,0.482971,7.396174,6.223929,8.568419,0.5918855,0,2.114286,7.195299,6.103396,8.287203,9.853019,10,9.508729,-1,-1,-1,-1,-1,-1,-1,-1,-1,-1,-1,-1,-1,-1,-1,-1,-1,-1,-1,-1,-1,-1,-1,-1,-1,-1,-1,-1,-1,-1,-1,-1,-1,-1,-1,-1,-1,-1,-1,-1,-1,-1,-1,-1,-1,-1,-1,-1,-1,-1,0,0,0,0,0,0,-1,-1,-1,-1,-1,-1,-1,-1,-1,-1,-1,-1,0,0,0,0,0,0,-1,-1,-1,-1,-1,-1,-1,-1,-1,-1,-1,-1,-1,-1,False,False,0,0,False,209,0,0,0,0,0,0,0,0,0,0,0,0,0,0,0,1,
0,1863,2026-02-16 17:35:34Z,LLM_Empathetic,6.926646,7.221654,6.631639,0.620387,0,1.60694,0,0,0,0,0,0,5.49396,4.349678,6.638252,0.592854,0.702737,0.482971,7.396177,6.223928,8.568426,0.59188,0,2.11428,7.195308,6.103401,8.287216,9.853037,10,9.508752,6.926646,7.221654,6.631639,0.620387,0,1.60694,0,0,0,0,0,0,5.49396,4.349678,6.638252,0.592854,0.702737,0.482971,7.396177,6.223928,8.568426,0.59188,0,2.11428,7.195308,6.103401,8.287216,9.853037,10,9.508752,-1,-1,-1,-1,-1,-1,-1,-1,-1,-1,-1,-1,-1,-1,-1,-1,-1,-1,-1,-1,-1,-1,-1,-1,-1,-1,-1,-1,-1,-1,-1,-1,-1,-1,-1,-1,-1,-1,-1,-1,-1,-1,-1,-1,-1,-1,-1,-1,-1,-1,0,0,0,0,0,0,-1,-1,-1,-1,-1,-1,-1,-1,-1,-1,-1,-1,0,0,0,0,0,0,-1,-1,-1,-1,-1,-1,-1,-1,-1,-1,-1,-1,-1,-1,False,False,0,0,False,207,0,0,0,0,0,0,0,0,0,0,0,0,0,0,0,1,
0,1864,2026-02-16 17:35:34Z,LLM_Empathetic,6.926651,7.221655,6.631648,0.6203783,0,1.606936,0,0,0,0,0,0,5.493966,4.349679,6.638263,0.592854,0.702737,0.482971,7.39618,6.223927,8.568434,0.5918745,0,2.114275,7.195317,6.103406,8.28723,9.853055,10,9.508775,6.926651,7.221655,6.631648,0.6203783,0,1.606936,0,0,0,0,0,0,5.493966,4.349679,6.638263,0.592854,0.702737,0.482971,7.39618,6.223927,8.568434,0.5918745,0,2.114275,7.195317,6.103406,8.28723,9.853055,10,9.508775,-1,-1,-1,-1,-1,-1,-1,-1,-1,-1,-1,-1,-1,-1,-1,-1,-1,-1,-1,-1,-1,-1,-1,-1,-1,-1,-1,-1,-1,-1,-1,-1,-1,-1,-1,-1,-1,-1,-1,-1,-1,-1,-1,-1,-1,-1,-1,-1,-1,-1,0,0,0,0,0,0,-1,-1,-1,-1,-1,-1,-1,-1,-1,-1,-1,-1,0,0,0,0,0,0,-1,-1,-1,-1,-1,-1,-1,-1,-1,-1,-1,-1,-1,-1,False,False,0,0,False,207,0,0,0,0,0,0,0,0,0,0,0,0,0,0,0,1,
0,1865,2026-02-16 17:35:34Z,LLM_Empathetic,6.926657,7.221656,6.631657,0.6203697,0,1.606931,0,0,0,0,0,0,5.493973,4.349682,6.638274,0.592854,0.702737,0.482971,7.396183,6.223925,8.568441,0.5918689,0,2.114269,7.195326,6.103411,8.287242,9.853073,10,9.508798,6.926657,7.221656,6.631657,0.6203697,0,1.606931,0,0,0,0,0,0,5.493973,4.349682,6.638274,0.592854,0.702737,0.482971,7.396183,6.223925,8.568441,0.5918689,0,2.114269,7.195326,6.103411,8.287242,9.853073,10,9.508798,-1,-1,-1,-1,-1,-1,-1,-1,-1,-1,-1,-1,-1,-1,-1,-1,-1,-1,-1,-1,-1,-1,-1,-1,-1,-1,-1,-1,-1,-1,-1,-1,-1,-1,-1,-1,-1,-1,-1,-1,-1,-1,-1,-1,-1,-1,-1,-1,-1,-1,0,0,0,0,0,0,-1,-1,-1,-1,-1,-1,-1,-1,-1,-1,-1,-1,0,0,0,0,0,0,-1,-1,-1,-1,-1,-1,-1,-1,-1,-1,-1,-1,-1,-1,False,False,0,0,False,209,0,0,0,0,0,0,0,0,0,0,0,0,0,0,0,1,
0,1866,2026-02-16 17:35:34Z,LLM_Empathetic,6.926661,7.221657,6.631666,0.6203611,0,1.606926,0,0,0,0,0,0,5.493979,4.349684,6.638285,0.592854,0.702737,0.482971,7.396186,6.223924,8.568449,0.5918635,0,2.114264,7.195335,6.103415,8.287255,9.853091,10,9.50882,6.926661,7.221657,6.631666,0.6203611,0,1.606926,0,0,0,0,0,0,5.493979,4.349684,6.638285,0.592854,0.702737,0.482971,7.396186,6.223924,8.568449,0.5918635,0,2.114264,7.195335,6.103415,8.287255,9.853091,10,9.50882,-1,-1,-1,-1,-1,-1,-1,-1,-1,-1,-1,-1,-1,-1,-1,-1,-1,-1,-1,-1,-1,-1,-1,-1,-1,-1,-1,-1,-1,-1,-1,-1,-1,-1,-1,-1,-1,-1,-1,-1,-1,-1,-1,-1,-1,-1,-1,-1,-1,-1,0,0,0,0,0,0,-1,-1,-1,-1,-1,-1,-1,-1,-1,-1,-1,-1,0,0,0,0,0,0,-1,-1,-1,-1,-1,-1,-1,-1,-1,-1,-1,-1,-1,-1,False,False,0,0,False,207,0,0,0,0,0,0,0,0,0,0,0,0,0,0,0,1,
0,1867,2026-02-16 17:35:34Z,LLM_Empathetic,6.926667,7.221658,6.631675,0.6203525,0,1.606921,0,0,0,0,0,0,5.493986,4.349686,6.638296,0.592854,0.702737,0.482971,7.396189,6.223922,8.568457,0.5918579,0,2.114258,7.195344,6.103421,8.287269,9.853109,10,9.508842,6.926667,7.221658,6.631675,0.6203525,0,1.606921,0,0,0,0,0,0,5.493986,4.349686,6.638296,0.592854,0.702737,0.482971,7.396189,6.223922,8.568457,0.5918579,0,2.114258,7.195344,6.103421,8.287269,9.853109,10,9.508842,-1,-1,-1,-1,-1,-1,-1,-1,-1,-1,-1,-1,-1,-1,-1,-1,-1,-1,-1,-1,-1,-1,-1,-1,-1,-1,-1,-1,-1,-1,-1,-1,-1,-1,-1,-1,-1,-1,-1,-1,-1,-1,-1,-1,-1,-1,-1,-1,-1,-1,0,0,0,0,0,0,-1,-1,-1,-1,-1,-1,-1,-1,-1,-1,-1,-1,0,0,0,0,0,0,-1,-1,-1,-1,-1,-1,-1,-1,-1,-1,-1,-1,-1,-1,False,False,0,0,False,207,0,0,0,0,0,0,0,0,0,0,0,0,0,0,0,1,
0,1868,2026-02-16 17:35:34Z,LLM_Empathetic,6.926672,7.221659,6.631684,0.6203439,0,1.606917,0,0,0,0,0,0,5.493992,4.349688,6.638307,0.592854,0.702737,0.482971,7.396192,6.22392,8.568463,0.5918524,0,2.114253,7.195353,6.103426,8.287282,9.853127,10,9.508865,6.926672,7.221659,6.631684,0.6203439,0,1.606917,0,0,0,0,0,0,5.493992,4.349688,6.638307,0.592854,0.702737,0.482971,7.396192,6.22392,8.568463,0.5918524,0,2.114253,7.195353,6.103426,8.287282,9.853127,10,9.508865,-1,-1,-1,-1,-1,-1,-1,-1,-1,-1,-1,-1,-1,-1,-1,-1,-1,-1,-1,-1,-1,-1,-1,-1,-1,-1,-1,-1,-1,-1,-1,-1,-1,-1,-1,-1,-1,-1,-1,-1,-1,-1,-1,-1,-1,-1,-1,-1,-1,-1,0,0,0,0,0,0,-1,-1,-1,-1,-1,-1,-1,-1,-1,-1,-1,-1,0,0,0,0,0,0,-1,-1,-1,-1,-1,-1,-1,-1,-1,-1,-1,-1,-1,-1,False,False,0,0,False,207,0,0,0,0,0,0,0,0,0,0,0,0,0,0,0,1,
0,1869,2026-02-16 17:35:34Z,LLM_Empathetic,6.926677,7.22166,6.631694,0.6203353,0,1.606912,0,0,0,0,0,0,5.493999,4.34969,6.638318,0.592854,0.702737,0.482971,7.396195,6.223919,8.568471,0.5918469,0,2.114247,7.195362,6.10343,8.287295,9.853146,10,9.508888,6.926677,7.22166,6.631694,0.6203353,0,1.606912,0,0,0,0,0,0,5.493999,4.34969,6.638318,0.592854,0.702737,0.482971,7.396195,6.223919,8.568471,0.5918469,0,2.114247,7.195362,6.10343,8.287295,9.853146,10,9.508888,-1,-1,-1,-1,-1,-1,-1,-1,-1,-1,-1,-1,-1,-1,-1,-1,-1,-1,-1,-1,-1,-1,-1,-1,-1,-1,-1,-1,-1,-1,-1,-1,-1,-1,-1,-1,-1,-1,-1,-1,-1,-1,-1,-1,-1,-1,-1,-1,-1,-1,0,0,0,0,0,0,-1,-1,-1,-1,-1,-1,-1,-1,-1,-1,-1,-1,0,0,0,0,0,0,-1,-1,-1,-1,-1,-1,-1,-1,-1,-1,-1,-1,-1,-1,False,False,0,0,False,209,0,0,0,0,0,0,0,0,0,0,0,0,0,0,0,1,
0,1870,2026-02-16 17:35:34Z,LLM_Empathetic,6.926682,7.221661,6.631703,0.6203268,0,1.606907,0,0,0,0,0,0,5.494005,4.349692,6.638329,0.592854,0.702737,0.482971,7.396198,6.223917,8.568479,0.5918415,0,2.114242,7.195371,6.103435,8.287309,9.853164,10,9.50891,6.926682,7.221661,6.631703,0.6203268,0,1.606907,0,0,0,0,0,0,5.494005,4.349692,6.638329,0.592854,0.702737,0.482971,7.396198,6.223917,8.568479,0.5918415,0,2.114242,7.195371,6.103435,8.287309,9.853164,10,9.50891,-1,-1,-1,-1,-1,-1,-1,-1,-1,-1,-1,-1,-1,-1,-1,-1,-1,-1,-1,-1,-1,-1,-1,-1,-1,-1,-1,-1,-1,-1,-1,-1,-1,-1,-1,-1,-1,-1,-1,-1,-1,-1,-1,-1,-1,-1,-1,-1,-1,-1,0,0,0,0,0,0,-1,-1,-1,-1,-1,-1,-1,-1,-1,-1,-1,-1,0,0,0,0,0,0,-1,-1,-1,-1,-1,-1,-1,-1,-1,-1,-1,-1,-1,-1,False,False,0,0,False,207,0,0,0,0,0,0,0,0,0,0,0,0,0,0,0,1,
0,1871,2026-02-16 17:35:34Z,LLM_Empathetic,6.926687,7.221662,6.631712,0.6203182,0,1.606902,0,0,0,0,0,0,5.494012,4.349695,6.638339,0.592854,0.702737,0.482971,7.396201,6.223916,8.568486,0.5918359,0,2.114236,7.19538,6.10344,8.287321,9.853181,10,9.508933,6.926687,7.221662,6.631712,0.6203182,0,1.606902,0,0,0,0,0,0,5.494012,4.349695,6.638339,0.592854,0.702737,0.482971,7.396201,6.223916,8.568486,0.5918359,0,2.114236,7.19538,6.10344,8.287321,9.853181,10,9.508933,-1,-1,-1,-1,-1,-1,-1,-1,-1,-1,-1,-1,-1,-1,-1,-1,-1,-1,-1,-1,-1,-1,-1,-1,-1,-1,-1,-1,-1,-1,-1,-1,-1,-1,-1,-1,-1,-1,-1,-1,-1,-1,-1,-1,-1,-1,-1,-1,-1,-1,0,0,0,0,0,0,-1,-1,-1,-1,-1,-1,-1,-1,-1,-1,-1,-1,0,0,0,0,0,0,-1,-1,-1,-1,-1,-1,-1,-1,-1,-1,-1,-1,-1,-1,False,False,0,0,False,207,0,0,0,0,0,0,0,0,0,0,0,0,0,0,0,1,
0,1872,2026-02-16 17:35:34Z,LLM_Empathetic,6.926692,7.221663,6.631721,0.6203096,0,1.606898,0,0,0,0,0,0,5.494018,4.349697,6.63835,0.592854,0.702737,0.482971,7.396204,6.223914,8.568494,0.5918304,0,2.114231,7.195389,6.103445,8.287334,9.853199,10,9.508956,6.926692,7.221663,6.631721,0.6203096,0,1.606898,0,0,0,0,0,0,5.494018,4.349697,6.63835,0.592854,0.702737,0.482971,7.396204,6.223914,8.568494,0.5918304,0,2.114231,7.195389,6.103445,8.287334,9.853199,10,9.508956,-1,-1,-1,-1,-1,-1,-1,-1,-1,-1,-1,-1,-1,-1,-1,-1,-1,-1,-1,-1,-1,-1,-1,-1,-1,-1,-1,-1,-1,-1,-1,-1,-1,-1,-1,-1,-1,-1,-1,-1,-1,-1,-1,-1,-1,-1,-1,-1,-1,-1,0,0,0,0,0,0,-1,-1,-1,-1,-1,-1,-1,-1,-1,-1,-1,-1,0,0,0,0,0,0,-1,-1,-1,-1,-1,-1,-1,-1,-1,-1,-1,-1,-1,-1,False,False,0,0,False,207,0,0,0,0,0,0,0,0,0,0,0,0,0,0,0,1,
0,1873,2026-02-16 17:35:34Z,LLM_Empathetic,6.926697,7.221663,6.631731,0.6203011,0,1.606893,0,0,0,0,0,0,5.494025,4.349699,6.638361,0.592854,0.702737,0.482971,7.396207,6.223913,8.568501,0.5918249,0,2.114225,7.195398,6.10345,8.287348,9.853217,10,9.508978,6.926697,7.221663,6.631731,0.6203011,0,1.606893,0,0,0,0,0,0,5.494025,4.349699,6.638361,0.592854,0.702737,0.482971,7.396207,6.223913,8.568501,0.5918249,0,2.114225,7.195398,6.10345,8.287348,9.853217,10,9.508978,-1,-1,-1,-1,-1,-1,-1,-1,-1,-1,-1,-1,-1,-1,-1,-1,-1,-1,-1,-1,-1,-1,-1,-1,-1,-1,-1,-1,-1,-1,-1,-1,-1,-1,-1,-1,-1,-1,-1,-1,-1,-1,-1,-1,-1,-1,-1,-1,-1,-1,0,0,0,0,0,0,-1,-1,-1,-1,-1,-1,-1,-1,-1,-1,-1,-1,0,0,0,0,0,0,-1,-1,-1,-1,-1,-1,-1,-1,-1,-1,-1,-1,-1,-1,False,False,0,0,False,207,0,0,0,0,0,0,0,0,0,0,0,0,0,0,0,1,
0,1874,2026-02-16 17:35:34Z,LLM_Empathetic,6.926702,7.221664,6.63174,0.6202925,0,1.606888,0,0,0,0,0,0,5.494031,4.349701,6.638371,0.592854,0.702737,0.482971,7.39621,6.223911,8.568508,0.5918195,0,2.11422,7.195407,6.103455,8.287361,9.853235,10,9.509001,6.926702,7.221664,6.63174,0.6202925,0,1.606888,0,0,0,0,0,0,5.494031,4.349701,6.638371,0.592854,0.702737,0.482971,7.39621,6.223911,8.568508,0.5918195,0,2.11422,7.195407,6.103455,8.287361,9.853235,10,9.509001,-1,-1,-1,-1,-1,-1,-1,-1,-1,-1,-1,-1,-1,-1,-1,-1,-1,-1,-1,-1,-1,-1,-1,-1,-1,-1,-1,-1,-1,-1,-1,-1,-1,-1,-1,-1,-1,-1,-1,-1,-1,-1,-1,-1,-1,-1,-1,-1,-1,-1,0,0,0,0,0,0,-1,-1,-1,-1,-1,-1,-1,-1,-1,-1,-1,-1,0,0,0,0,0,0,-1,-1,-1,-1,-1,-1,-1,-1,-1,-1,-1,-1,-1,-1,False,False,0,0,False,207,0,0,0,0,0,0,0,0,0,0,0,0,0,0,0,1,
0,1875,2026-02-16 17:35:34Z,LLM_Empathetic,6.926707,7.221665,6.631749,0.620284,0,1.606883,0,0,0,0,0,0,5.494038,4.349703,6.638382,0.592854,0.702737,0.482971,7.396213,6.22391,8.568516,0.591814,0,2.114214,7.195416,6.103459,8.287374,9.853253,10,9.509024,6.926707,7.221665,6.631749,0.620284,0,1.606883,0,0,0,0,0,0,5.494038,4.349703,6.638382,0.592854,0.702737,0.482971,7.396213,6.22391,8.568516,0.591814,0,2.114214,7.195416,6.103459,8.287374,9.853253,10,9.509024,-1,-1,-1,-1,-1,-1,-1,-1,-1,-1,-1,-1,-1,-1,-1,-1,-1,-1,-1,-1,-1,-1,-1,-1,-1,-1,-1,-1,-1,-1,-1,-1,-1,-1,-1,-1,-1,-1,-1,-1,-1,-1,-1,-1,-1,-1,-1,-1,-1,-1,0,0,0,0,0,0,-1,-1,-1,-1,-1,-1,-1,-1,-1,-1,-1,-1,0,0,0,0,0,0,-1,-1,-1,-1,-1,-1,-1,-1,-1,-1,-1,-1,-1,-1,False,False,0,0,False,207,0,0,0,0,0,0,0,0,0,0,0,0,0,0,0,1,
0,1876,2026-02-16 17:35:34Z,LLM_Empathetic,6.926712,7.221666,6.631758,0.6202754,0,1.606879,0,0,0,0,0,0,5.494044,4.349705,6.638393,0.592854,0.702737,0.482971,7.396215,6.223908,8.568523,0.5918086,0,2.114209,7.195425,6.103465,8.287387,9.853271,10,9.509046,6.926712,7.221666,6.631758,0.6202754,0,1.606879,0,0,0,0,0,0,5.494044,4.349705,6.638393,0.592854,0.702737,0.482971,7.396215,6.223908,8.568523,0.5918086,0,2.114209,7.195425,6.103465,8.287387,9.853271,10,9.509046,-1,-1,-1,-1,-1,-1,-1,-1,-1,-1,-1,-1,-1,-1,-1,-1,-1,-1,-1,-1,-1,-1,-1,-1,-1,-1,-1,-1,-1,-1,-1,-1,-1,-1,-1,-1,-1,-1,-1,-1,-1,-1,-1,-1,-1,-1,-1,-1,-1,-1,0,0,0,0,0,0,-1,-1,-1,-1,-1,-1,-1,-1,-1,-1,-1,-1,0,0,0,0,0,0,-1,-1,-1,-1,-1,-1,-1,-1,-1,-1,-1,-1,-1,-1,False,False,0,0,False,207,0,0,0,0,0,0,0,0,0,0,0,0,0,0,0,1,
0,1877,2026-02-16 17:35:35Z,LLM_Empathetic,6.926717,7.221667,6.631767,0.6202669,0,1.606874,0,0,0,0,0,0,5.494051,4.349708,6.638404,0.592854,0.702737,0.482971,7.396218,6.223907,8.56853,0.5918031,0,2.114203,7.195434,6.103469,8.2874,9.853289,10,9.509068,6.926717,7.221667,6.631767,0.6202669,0,1.606874,0,0,0,0,0,0,5.494051,4.349708,6.638404,0.592854,0.702737,0.482971,7.396218,6.223907,8.56853,0.5918031,0,2.114203,7.195434,6.103469,8.2874,9.853289,10,9.509068,-1,-1,-1,-1,-1,-1,-1,-1,-1,-1,-1,-1,-1,-1,-1,-1,-1,-1,-1,-1,-1,-1,-1,-1,-1,-1,-1,-1,-1,-1,-1,-1,-1,-1,-1,-1,-1,-1,-1,-1,-1,-1,-1,-1,-1,-1,-1,-1,-1,-1,0,0,0,0,0,0,-1,-1,-1,-1,-1,-1,-1,-1,-1,-1,-1,-1,0,0,0,0,0,0,-1,-1,-1,-1,-1,-1,-1,-1,-1,-1,-1,-1,-1,-1,False,False,0,0,False,209,0,0,0,0,0,0,0,0,0,0,0,0,0,0,0,1,
0,1878,2026-02-16 17:35:35Z,LLM_Empathetic,6.926722,7.221668,6.631776,0.6202583,0,1.606869,0,0,0,0,0,0,5.494057,4.34971,6.638415,0.592854,0.702737,0.482971,7.396221,6.223905,8.568538,0.5917976,0,2.114198,7.195443,6.103474,8.287413,9.853307,10,9.50909,6.926722,7.221668,6.631776,0.6202583,0,1.606869,0,0,0,0,0,0,5.494057,4.34971,6.638415,0.592854,0.702737,0.482971,7.396221,6.223905,8.568538,0.5917976,0,2.114198,7.195443,6.103474,8.287413,9.853307,10,9.50909,-1,-1,-1,-1,-1,-1,-1,-1,-1,-1,-1,-1,-1,-1,-1,-1,-1,-1,-1,-1,-1,-1,-1,-1,-1,-1,-1,-1,-1,-1,-1,-1,-1,-1,-1,-1,-1,-1,-1,-1,-1,-1,-1,-1,-1,-1,-1,-1,-1,-1,0,0,0,0,0,0,-1,-1,-1,-1,-1,-1,-1,-1,-1,-1,-1,-1,0,0,0,0,0,0,-1,-1,-1,-1,-1,-1,-1,-1,-1,-1,-1,-1,-1,-1,False,False,0,0,False,207,0,0,0,0,0,0,0,0,0,0,0,0,0,0,0,1,
0,1879,2026-02-16 17:35:35Z,LLM_Empathetic,6.926727,7.221669,6.631785,0.6202499,0,1.606865,0,0,0,0,0,0,5.494063,4.349712,6.638425,0.592854,0.702737,0.482971,7.396224,6.223904,8.568545,0.5917922,0,2.114192,7.195452,6.103479,8.287426,9.853325,10,9.509113,6.926727,7.221669,6.631785,0.6202499,0,1.606865,0,0,0,0,0,0,5.494063,4.349712,6.638425,0.592854,0.702737,0.482971,7.396224,6.223904,8.568545,0.5917922,0,2.114192,7.195452,6.103479,8.287426,9.853325,10,9.509113,-1,-1,-1,-1,-1,-1,-1,-1,-1,-1,-1,-1,-1,-1,-1,-1,-1,-1,-1,-1,-1,-1,-1,-1,-1,-1,-1,-1,-1,-1,-1,-1,-1,-1,-1,-1,-1,-1,-1,-1,-1,-1,-1,-1,-1,-1,-1,-1,-1,-1,0,0,0,0,0,0,-1,-1,-1,-1,-1,-1,-1,-1,-1,-1,-1,-1,0,0,0,0,0,0,-1,-1,-1,-1,-1,-1,-1,-1,-1,-1,-1,-1,-1,-1,False,False,0,0,False,207,0,0,0,0,0,0,0,0,0,0,0,0,0,0,0,1,
0,1880,2026-02-16 17:35:35Z,LLM_Empathetic,6.926732,7.22167,6.631794,0.6202413,0,1.60686,0,0,0,0,0,0,5.49407,4.349714,6.638436,0.592854,0.702737,0.482971,7.396227,6.223902,8.568553,0.5917867,0,2.114187,7.195461,6.103484,8.287439,9.853342,10,9.509135,6.926732,7.22167,6.631794,0.6202413,0,1.60686,0,0,0,0,0,0,5.49407,4.349714,6.638436,0.592854,0.702737,0.482971,7.396227,6.223902,8.568553,0.5917867,0,2.114187,7.195461,6.103484,8.287439,9.853342,10,9.509135,-1,-1,-1,-1,-1,-1,-1,-1,-1,-1,-1,-1,-1,-1,-1,-1,-1,-1,-1,-1,-1,-1,-1,-1,-1,-1,-1,-1,-1,-1,-1,-1,-1,-1,-1,-1,-1,-1,-1,-1,-1,-1,-1,-1,-1,-1,-1,-1,-1,-1,0,0,0,0,0,0,-1,-1,-1,-1,-1,-1,-1,-1,-1,-1,-1,-1,0,0,0,0,0,0,-1,-1,-1,-1,-1,-1,-1,-1,-1,-1,-1,-1,-1,-1,False,False,0,0,False,209,0,0,0,0,0,0,0,0,0,0,0,0,0,0,0,1,
0,1881,2026-02-16 17:35:35Z,LLM_Empathetic,6.926737,7.221671,6.631804,0.6202328,0,1.606855,0,0,0,0,0,0,5.494076,4.349716,6.638447,0.592854,0.702737,0.482971,7.39623,6.223901,8.56856,0.5917813,0,2.114182,7.19547,6.103488,8.287452,9.85336,10,9.509158,6.926737,7.221671,6.631804,0.6202328,0,1.606855,0,0,0,0,0,0,5.494076,4.349716,6.638447,0.592854,0.702737,0.482971,7.39623,6.223901,8.56856,0.5917813,0,2.114182,7.19547,6.103488,8.287452,9.85336,10,9.509158,-1,-1,-1,-1,-1,-1,-1,-1,-1,-1,-1,-1,-1,-1,-1,-1,-1,-1,-1,-1,-1,-1,-1,-1,-1,-1,-1,-1,-1,-1,-1,-1,-1,-1,-1,-1,-1,-1,-1,-1,-1,-1,-1,-1,-1,-1,-1,-1,-1,-1,0,0,0,0,0,0,-1,-1,-1,-1,-1,-1,-1,-1,-1,-1,-1,-1,0,0,0,0,0,0,-1,-1,-1,-1,-1,-1,-1,-1,-1,-1,-1,-1,-1,-1,False,False,0,0,False,209,0,0,0,0,0,0,0,0,0,0,0,0,0,0,0,1,
0,1882,2026-02-16 17:35:35Z,LLM_Empathetic,6.926742,7.221672,6.631813,0.6202244,0,1.606851,0,0,0,0,0,0,5.494083,4.349718,6.638458,0.592854,0.702737,0.482971,7.396233,6.223899,8.568567,0.5917758,0,2.114176,7.195479,6.103494,8.287465,9.853378,10,9.50918,6.926742,7.221672,6.631813,0.6202244,0,1.606851,0,0,0,0,0,0,5.494083,4.349718,6.638458,0.592854,0.702737,0.482971,7.396233,6.223899,8.568567,0.5917758,0,2.114176,7.195479,6.103494,8.287465,9.853378,10,9.50918,-1,-1,-1,-1,-1,-1,-1,-1,-1,-1,-1,-1,-1,-1,-1,-1,-1,-1,-1,-1,-1,-1,-1,-1,-1,-1,-1,-1,-1,-1,-1,-1,-1,-1,-1,-1,-1,-1,-1,-1,-1,-1,-1,-1,-1,-1,-1,-1,-1,-1,0,0,0,0,0,0,-1,-1,-1,-1,-1,-1,-1,-1,-1,-1,-1,-1,0,0,0,0,0,0,-1,-1,-1,-1,-1,-1,-1,-1,-1,-1,-1,-1,-1,-1,False,False,0,0,False,209,0,0,0,0,0,0,0,0,0,0,0,0,0,0,0,1,
0,1883,2026-02-16 17:35:35Z,LLM_Empathetic,6.926747,7.221673,6.631822,0.6202158,0,1.606846,0,0,0,0,0,0,5.494089,4.34972,6.638468,0.592854,0.702737,0.482971,7.396236,6.223897,8.568575,0.5917704,0,2.114171,7.195488,6.103498,8.287478,9.853396,10,9.509203,6.926747,7.221673,6.631822,0.6202158,0,1.606846,0,0,0,0,0,0,5.494089,4.34972,6.638468,0.592854,0.702737,0.482971,7.396236,6.223897,8.568575,0.5917704,0,2.114171,7.195488,6.103498,8.287478,9.853396,10,9.509203,-1,-1,-1,-1,-1,-1,-1,-1,-1,-1,-1,-1,-1,-1,-1,-1,-1,-1,-1,-1,-1,-1,-1,-1,-1,-1,-1,-1,-1,-1,-1,-1,-1,-1,-1,-1,-1,-1,-1,-1,-1,-1,-1,-1,-1,-1,-1,-1,-1,-1,0,0,0,0,0,0,-1,-1,-1,-1,-1,-1,-1,-1,-1,-1,-1,-1,0,0,0,0,0,0,-1,-1,-1,-1,-1,-1,-1,-1,-1,-1,-1,-1,-1,-1,False,False,0,0,False,207,0,0,0,0,0,0,0,0,0,0,0,0,0,0,0,1,
0,1884,2026-02-16 17:35:35Z,LLM_Empathetic,6.926752,7.221673,6.631831,0.6202074,0,1.606841,0,0,0,0,0,0,5.494096,4.349722,6.638479,0.592854,0.702737,0.482971,7.396239,6.223896,8.568583,0.591765,0,2.114165,7.195497,6.103503,8.287491,9.853414,10,9.509225,6.926752,7.221673,6.631831,0.6202074,0,1.606841,0,0,0,0,0,0,5.494096,4.349722,6.638479,0.592854,0.702737,0.482971,7.396239,6.223896,8.568583,0.591765,0,2.114165,7.195497,6.103503,8.287491,9.853414,10,9.509225,-1,-1,-1,-1,-1,-1,-1,-1,-1,-1,-1,-1,-1,-1,-1,-1,-1,-1,-1,-1,-1,-1,-1,-1,-1,-1,-1,-1,-1,-1,-1,-1,-1,-1,-1,-1,-1,-1,-1,-1,-1,-1,-1,-1,-1,-1,-1,-1,-1,-1,0,0,0,0,0,0,-1,-1,-1,-1,-1,-1,-1,-1,-1,-1,-1,-1,0,0,0,0,0,0,-1,-1,-1,-1,-1,-1,-1,-1,-1,-1,-1,-1,-1,-1,False,False,0,0,False,207,0,0,0,0,0,0,0,0,0,0,0,0,0,0,0,1,
0,1885,2026-02-16 17:35:35Z,LLM_Empathetic,6.926757,7.221674,6.63184,0.6201989,0,1.606837,0,0,0,0,0,0,5.494102,4.349724,6.63849,0.592854,0.702737,0.482971,7.396242,6.223895,8.568589,0.5917596,0,2.11416,7.195506,6.103508,8.287504,9.853432,10,9.509247,6.926757,7.221674,6.63184,0.6201989,0,1.606837,0,0,0,0,0,0,5.494102,4.349724,6.63849,0.592854,0.702737,0.482971,7.396242,6.223895,8.568589,0.5917596,0,2.11416,7.195506,6.103508,8.287504,9.853432,10,9.509247,-1,-1,-1,-1,-1,-1,-1,-1,-1,-1,-1,-1,-1,-1,-1,-1,-1,-1,-1,-1,-1,-1,-1,-1,-1,-1,-1,-1,-1,-1,-1,-1,-1,-1,-1,-1,-1,-1,-1,-1,-1,-1,-1,-1,-1,-1,-1,-1,-1,-1,0,0,0,0,0,0,-1,-1,-1,-1,-1,-1,-1,-1,-1,-1,-1,-1,0,0,0,0,0,0,-1,-1,-1,-1,-1,-1,-1,-1,-1,-1,-1,-1,-1,-1,False,False,0,0,False,207,0,0,0,0,0,0,0,0,0,0,0,0,0,0,0,1,
0,1886,2026-02-16 17:35:35Z,LLM_Empathetic,6.926762,7.221675,6.631849,0.6201904,0,1.606832,0,0,0,0,0,0,5.494108,4.349727,6.638501,0.592854,0.702737,0.482971,7.396245,6.223893,8.568597,0.5917541,0,2.114155,7.195515,6.103513,8.287518,9.853449,10,9.50927,6.926762,7.221675,6.631849,0.6201904,0,1.606832,0,0,0,0,0,0,5.494108,4.349727,6.638501,0.592854,0.702737,0.482971,7.396245,6.223893,8.568597,0.5917541,0,2.114155,7.195515,6.103513,8.287518,9.853449,10,9.50927,-1,-1,-1,-1,-1,-1,-1,-1,-1,-1,-1,-1,-1,-1,-1,-1,-1,-1,-1,-1,-1,-1,-1,-1,-1,-1,-1,-1,-1,-1,-1,-1,-1,-1,-1,-1,-1,-1,-1,-1,-1,-1,-1,-1,-1,-1,-1,-1,-1,-1,0,0,0,0,0,0,-1,-1,-1,-1,-1,-1,-1,-1,-1,-1,-1,-1,0,0,0,0,0,0,-1,-1,-1,-1,-1,-1,-1,-1,-1,-1,-1,-1,-1,-1,False,False,0,0,False,207,0,0,0,0,0,0,0,0,0,0,0,0,0,0,0,1,
0,1887,2026-02-16 17:35:35Z,LLM_Empathetic,6.926767,7.221676,6.631858,0.620182,0,1.606827,0,0,0,0,0,0,5.494115,4.349729,6.638511,0.592854,0.702737,0.482971,7.396248,6.223892,8.568604,0.5917487,0,2.114149,7.195523,6.103518,8.28753,9.853467,10,9.509292,6.926767,7.221676,6.631858,0.620182,0,1.606827,0,0,0,0,0,0,5.494115,4.349729,6.638511,0.592854,0.702737,0.482971,7.396248,6.223892,8.568604,0.5917487,0,2.114149,7.195523,6.103518,8.28753,9.853467,10,9.509292,-1,-1,-1,-1,-1,-1,-1,-1,-1,-1,-1,-1,-1,-1,-1,-1,-1,-1,-1,-1,-1,-1,-1,-1,-1,-1,-1,-1,-1,-1,-1,-1,-1,-1,-1,-1,-1,-1,-1,-1,-1,-1,-1,-1,-1,-1,-1,-1,-1,-1,0,0,0,0,0,0,-1,-1,-1,-1,-1,-1,-1,-1,-1,-1,-1,-1,0,0,0,0,0,0,-1,-1,-1,-1,-1,-1,-1,-1,-1,-1,-1,-1,-1,-1,False,False,0,0,False,207,0,0,0,0,0,0,0,0,0,0,0,0,0,0,0,1,
0,1888,2026-02-16 17:35:35Z,LLM_Empathetic,6.926772,7.221677,6.631867,0.6201735,0,1.606822,0,0,0,0,0,0,5.494121,4.349731,6.638522,0.592854,0.702737,0.482971,7.396251,6.22389,8.568611,0.5917433,0,2.114144,7.195532,6.103522,8.287543,9.853485,10,9.509314,6.926772,7.221677,6.631867,0.6201735,0,1.606822,0,0,0,0,0,0,5.494121,4.349731,6.638522,0.592854,0.702737,0.482971,7.396251,6.22389,8.568611,0.5917433,0,2.114144,7.195532,6.103522,8.287543,9.853485,10,9.509314,-1,-1,-1,-1,-1,-1,-1,-1,-1,-1,-1,-1,-1,-1,-1,-1,-1,-1,-1,-1,-1,-1,-1,-1,-1,-1,-1,-1,-1,-1,-1,-1,-1,-1,-1,-1,-1,-1,-1,-1,-1,-1,-1,-1,-1,-1,-1,-1,-1,-1,0,0,0,0,0,0,-1,-1,-1,-1,-1,-1,-1,-1,-1,-1,-1,-1,0,0,0,0,0,0,-1,-1,-1,-1,-1,-1,-1,-1,-1,-1,-1,-1,-1,-1,False,False,0,0,False,207,0,0,0,0,0,0,0,0,0,0,0,0,0,0,0,1,
0,1889,2026-02-16 17:35:35Z,LLM_Empathetic,6.926777,7.221678,6.631876,0.6201651,0,1.606818,0,0,0,0,0,0,5.494128,4.349733,6.638533,0.592854,0.702737,0.482971,7.396254,6.223889,8.568619,0.5917379,0,2.114138,7.195541,6.103527,8.287556,9.853502,10,9.509336,6.926777,7.221678,6.631876,0.6201651,0,1.606818,0,0,0,0,0,0,5.494128,4.349733,6.638533,0.592854,0.702737,0.482971,7.396254,6.223889,8.568619,0.5917379,0,2.114138,7.195541,6.103527,8.287556,9.853502,10,9.509336,-1,-1,-1,-1,-1,-1,-1,-1,-1,-1,-1,-1,-1,-1,-1,-1,-1,-1,-1,-1,-1,-1,-1,-1,-1,-1,-1,-1,-1,-1,-1,-1,-1,-1,-1,-1,-1,-1,-1,-1,-1,-1,-1,-1,-1,-1,-1,-1,-1,-1,0,0,0,0,0,0,-1,-1,-1,-1,-1,-1,-1,-1,-1,-1,-1,-1,0,0,0,0,0,0,-1,-1,-1,-1,-1,-1,-1,-1,-1,-1,-1,-1,-1,-1,False,False,0,0,False,209,0,0,0,0,0,0,0,0,0,0,0,0,0,0,0,1,
0,1890,2026-02-16 17:35:35Z,LLM_Empathetic,6.926782,7.221679,6.631885,0.6201566,0,1.606813,0,0,0,0,0,0,5.494134,4.349735,6.638543,0.592854,0.702737,0.482971,7.396256,6.223887,8.568626,0.5917325,0,2.114133,7.19555,6.103532,8.287569,9.85352,10,9.509358,6.926782,7.221679,6.631885,0.6201566,0,1.606813,0,0,0,0,0,0,5.494134,4.349735,6.638543,0.592854,0.702737,0.482971,7.396256,6.223887,8.568626,0.5917325,0,2.114133,7.19555,6.103532,8.287569,9.85352,10,9.509358,-1,-1,-1,-1,-1,-1,-1,-1,-1,-1,-1,-1,-1,-1,-1,-1,-1,-1,-1,-1,-1,-1,-1,-1,-1,-1,-1,-1,-1,-1,-1,-1,-1,-1,-1,-1,-1,-1,-1,-1,-1,-1,-1,-1,-1,-1,-1,-1,-1,-1,0,0,0,0,0,0,-1,-1,-1,-1,-1,-1,-1,-1,-1,-1,-1,-1,0,0,0,0,0,0,-1,-1,-1,-1,-1,-1,-1,-1,-1,-1,-1,-1,-1,-1,False,False,0,0,False,207,0,0,0,0,0,0,0,0,0,0,0,0,0,0,0,1,
0,1891,2026-02-16 17:35:35Z,LLM_Empathetic,6.926787,7.22168,6.631894,0.6201482,0,1.606809,0,0,0,0,0,0,5.49414,4.349737,6.638554,0.592854,0.702737,0.482971,7.396259,6.223886,8.568633,0.5917271,0,2.114127,7.195559,6.103537,8.287581,9.853538,10,9.50938,6.926787,7.22168,6.631894,0.6201482,0,1.606809,0,0,0,0,0,0,5.49414,4.349737,6.638554,0.592854,0.702737,0.482971,7.396259,6.223886,8.568633,0.5917271,0,2.114127,7.195559,6.103537,8.287581,9.853538,10,9.50938,-1,-1,-1,-1,-1,-1,-1,-1,-1,-1,-1,-1,-1,-1,-1,-1,-1,-1,-1,-1,-1,-1,-1,-1,-1,-1,-1,-1,-1,-1,-1,-1,-1,-1,-1,-1,-1,-1,-1,-1,-1,-1,-1,-1,-1,-1,-1,-1,-1,-1,0,0,0,0,0,0,-1,-1,-1,-1,-1,-1,-1,-1,-1,-1,-1,-1,0,0,0,0,0,0,-1,-1,-1,-1,-1,-1,-1,-1,-1,-1,-1,-1,-1,-1,False,False,0,0,False,207,0,0,0,0,0,0,0,0,0,0,0,0,0,0,0,1,
0,1892,2026-02-16 17:35:35Z,LLM_Empathetic,6.926792,7.221681,6.631903,0.6201398,0,1.606804,0,0,0,0,0,0,5.494147,4.349739,6.638565,0.592854,0.702737,0.482971,7.396262,6.223884,8.568641,0.5917217,0,2.114122,7.195568,6.103541,8.287595,9.853556,10,9.509403,6.926792,7.221681,6.631903,0.6201398,0,1.606804,0,0,0,0,0,0,5.494147,4.349739,6.638565,0.592854,0.702737,0.482971,7.396262,6.223884,8.568641,0.5917217,0,2.114122,7.195568,6.103541,8.287595,9.853556,10,9.509403,-1,-1,-1,-1,-1,-1,-1,-1,-1,-1,-1,-1,-1,-1,-1,-1,-1,-1,-1,-1,-1,-1,-1,-1,-1,-1,-1,-1,-1,-1,-1,-1,-1,-1,-1,-1,-1,-1,-1,-1,-1,-1,-1,-1,-1,-1,-1,-1,-1,-1,0,0,0,0,0,0,-1,-1,-1,-1,-1,-1,-1,-1,-1,-1,-1,-1,0,0,0,0,0,0,-1,-1,-1,-1,-1,-1,-1,-1,-1,-1,-1,-1,-1,-1,False,False,0,0,False,207,0,0,0,0,0,0,0,0,0,0,0,0,0,0,0,1,
0,1893,2026-02-16 17:35:35Z,LLM_Empathetic,6.926797,7.221682,6.631912,0.6201314,0,1.606799,0,0,0,0,0,0,5.494153,4.349741,6.638575,0.592854,0.702737,0.482971,7.396265,6.223883,8.568648,0.5917163,0,2.114117,7.195577,6.103546,8.287607,9.853573,10,9.509425,6.926797,7.221682,6.631912,0.6201314,0,1.606799,0,0,0,0,0,0,5.494153,4.349741,6.638575,0.592854,0.702737,0.482971,7.396265,6.223883,8.568648,0.5917163,0,2.114117,7.195577,6.103546,8.287607,9.853573,10,9.509425,-1,-1,-1,-1,-1,-1,-1,-1,-1,-1,-1,-1,-1,-1,-1,-1,-1,-1,-1,-1,-1,-1,-1,-1,-1,-1,-1,-1,-1,-1,-1,-1,-1,-1,-1,-1,-1,-1,-1,-1,-1,-1,-1,-1,-1,-1,-1,-1,-1,-1,0,0,0,0,0,0,-1,-1,-1,-1,-1,-1,-1,-1,-1,-1,-1,-1,0,0,0,0,0,0,-1,-1,-1,-1,-1,-1,-1,-1,-1,-1,-1,-1,-1,-1,False,False,0,0,False,209,0,0,0,0,0,0,0,0,0,0,0,0,0,0,0,1,
0,1894,2026-02-16 17:35:35Z,LLM_Empathetic,6.926802,7.221683,6.631921,0.620123,0,1.606795,0,0,0,0,0,0,5.494159,4.349743,6.638586,0.592854,0.702737,0.482971,7.396268,6.223881,8.568655,0.5917109,0,2.114111,7.195585,6.103551,8.287621,9.853591,10,9.509447,6.926802,7.221683,6.631921,0.620123,0,1.606795,0,0,0,0,0,0,5.494159,4.349743,6.638586,0.592854,0.702737,0.482971,7.396268,6.223881,8.568655,0.5917109,0,2.114111,7.195585,6.103551,8.287621,9.853591,10,9.509447,-1,-1,-1,-1,-1,-1,-1,-1,-1,-1,-1,-1,-1,-1,-1,-1,-1,-1,-1,-1,-1,-1,-1,-1,-1,-1,-1,-1,-1,-1,-1,-1,-1,-1,-1,-1,-1,-1,-1,-1,-1,-1,-1,-1,-1,-1,-1,-1,-1,-1,0,0,0,0,0,0,-1,-1,-1,-1,-1,-1,-1,-1,-1,-1,-1,-1,0,0,0,0,0,0,-1,-1,-1,-1,-1,-1,-1,-1,-1,-1,-1,-1,-1,-1,False,False,0,0,False,207,0,0,0,0,0,0,0,0,0,0,0,0,0,0,0,1,
0,1895,2026-02-16 17:35:35Z,LLM_Empathetic,6.926807,7.221684,6.63193,0.6201146,0,1.60679,0,0,0,0,0,0,5.494166,4.349746,6.638597,0.592854,0.702737,0.482971,7.396271,6.22388,8.568663,0.5917056,0,2.114106,7.195594,6.103556,8.287633,9.853608,10,9.509469,6.926807,7.221684,6.63193,0.6201146,0,1.60679,0,0,0,0,0,0,5.494166,4.349746,6.638597,0.592854,0.702737,0.482971,7.396271,6.22388,8.568663,0.5917056,0,2.114106,7.195594,6.103556,8.287633,9.853608,10,9.509469,-1,-1,-1,-1,-1,-1,-1,-1,-1,-1,-1,-1,-1,-1,-1,-1,-1,-1,-1,-1,-1,-1,-1,-1,-1,-1,-1,-1,-1,-1,-1,-1,-1,-1,-1,-1,-1,-1,-1,-1,-1,-1,-1,-1,-1,-1,-1,-1,-1,-1,0,0,0,0,0,0,-1,-1,-1,-1,-1,-1,-1,-1,-1,-1,-1,-1,0,0,0,0,0,0,-1,-1,-1,-1,-1,-1,-1,-1,-1,-1,-1,-1,-1,-1,False,False,0,0,False,209,0,0,0,0,0,0,0,0,0,0,0,0,0,0,0,1,
0,1896,2026-02-16 17:35:35Z,LLM_Empathetic,6.926812,7.221684,6.631939,0.6201062,0,1.606785,0,0,0,0,0,0,5.494172,4.349748,6.638607,0.592854,0.702737,0.482971,7.396274,6.223878,8.56867,0.5917002,0,2.1141,7.195603,6.10356,8.287646,9.853626,10,9.509491,6.926812,7.221684,6.631939,0.6201062,0,1.606785,0,0,0,0,0,0,5.494172,4.349748,6.638607,0.592854,0.702737,0.482971,7.396274,6.223878,8.56867,0.5917002,0,2.1141,7.195603,6.10356,8.287646,9.853626,10,9.509491,-1,-1,-1,-1,-1,-1,-1,-1,-1,-1,-1,-1,-1,-1,-1,-1,-1,-1,-1,-1,-1,-1,-1,-1,-1,-1,-1,-1,-1,-1,-1,-1,-1,-1,-1,-1,-1,-1,-1,-1,-1,-1,-1,-1,-1,-1,-1,-1,-1,-1,0,0,0,0,0,0,-1,-1,-1,-1,-1,-1,-1,-1,-1,-1,-1,-1,0,0,0,0,0,0,-1,-1,-1,-1,-1,-1,-1,-1,-1,-1,-1,-1,-1,-1,False,False,0,0,False,209,0,0,0,0,0,0,0,0,0,0,0,0,0,0,0,1,
0,1897,2026-02-16 17:35:35Z,LLM_Empathetic,6.926816,7.221685,6.631948,0.6200978,0,1.606781,0,0,0,0,0,0,5.494178,4.34975,6.638618,0.592854,0.702737,0.482971,7.396277,6.223877,8.568677,0.5916948,0,2.114095,7.195612,6.103565,8.287659,9.853643,10,9.509514,6.926816,7.221685,6.631948,0.6200978,0,1.606781,0,0,0,0,0,0,5.494178,4.34975,6.638618,0.592854,0.702737,0.482971,7.396277,6.223877,8.568677,0.5916948,0,2.114095,7.195612,6.103565,8.287659,9.853643,10,9.509514,-1,-1,-1,-1,-1,-1,-1,-1,-1,-1,-1,-1,-1,-1,-1,-1,-1,-1,-1,-1,-1,-1,-1,-1,-1,-1,-1,-1,-1,-1,-1,-1,-1,-1,-1,-1,-1,-1,-1,-1,-1,-1,-1,-1,-1,-1,-1,-1,-1,-1,0,0,0,0,0,0,-1,-1,-1,-1,-1,-1,-1,-1,-1,-1,-1,-1,0,0,0,0,0,0,-1,-1,-1,-1,-1,-1,-1,-1,-1,-1,-1,-1,-1,-1,False,False,0,0,False,207,0,0,0,0,0,0,0,0,0,0,0,0,0,0,0,1,
0,1898,2026-02-16 17:35:35Z,LLM_Empathetic,6.926822,7.221686,6.631957,0.6200894,0,1.606776,0,0,0,0,0,0,5.494185,4.349752,6.638628,0.592854,0.702737,0.482971,7.39628,6.223875,8.568685,0.5916895,0,2.11409,7.195621,6.10357,8.287672,9.853662,10,9.509536,6.926822,7.221686,6.631957,0.6200894,0,1.606776,0,0,0,0,0,0,5.494185,4.349752,6.638628,0.592854,0.702737,0.482971,7.39628,6.223875,8.568685,0.5916895,0,2.11409,7.195621,6.10357,8.287672,9.853662,10,9.509536,-1,-1,-1,-1,-1,-1,-1,-1,-1,-1,-1,-1,-1,-1,-1,-1,-1,-1,-1,-1,-1,-1,-1,-1,-1,-1,-1,-1,-1,-1,-1,-1,-1,-1,-1,-1,-1,-1,-1,-1,-1,-1,-1,-1,-1,-1,-1,-1,-1,-1,0,0,0,0,0,0,-1,-1,-1,-1,-1,-1,-1,-1,-1,-1,-1,-1,0,0,0,0,0,0,-1,-1,-1,-1,-1,-1,-1,-1,-1,-1,-1,-1,-1,-1,False,False,0,0,False,207,0,0,0,0,0,0,0,0,0,0,0,0,0,0,0,1,
0,1899,2026-02-16 17:35:35Z,LLM_Empathetic,6.926826,7.221687,6.631966,0.620081,0,1.606771,0,0,0,0,0,0,5.494191,4.349754,6.638639,0.592854,0.702737,0.482971,7.396283,6.223874,8.568692,0.5916841,0,2.114084,7.19563,6.103575,8.287684,9.853679,10,9.509558,6.926826,7.221687,6.631966,0.620081,0,1.606771,0,0,0,0,0,0,5.494191,4.349754,6.638639,0.592854,0.702737,0.482971,7.396283,6.223874,8.568692,0.5916841,0,2.114084,7.19563,6.103575,8.287684,9.853679,10,9.509558,-1,-1,-1,-1,-1,-1,-1,-1,-1,-1,-1,-1,-1,-1,-1,-1,-1,-1,-1,-1,-1,-1,-1,-1,-1,-1,-1,-1,-1,-1,-1,-1,-1,-1,-1,-1,-1,-1,-1,-1,-1,-1,-1,-1,-1,-1,-1,-1,-1,-1,0,0,0,0,0,0,-1,-1,-1,-1,-1,-1,-1,-1,-1,-1,-1,-1,0,0,0,0,0,0,-1,-1,-1,-1,-1,-1,-1,-1,-1,-1,-1,-1,-1,-1,False,False,0,0,False,209,0,0,0,0,0,0,0,0,0,0,0,0,0,0,0,1,
0,1900,2026-02-16 17:35:35Z,LLM_Empathetic,6.926831,7.221688,6.631975,0.6200727,0,1.606767,0,0,0,0,0,0,5.494197,4.349756,6.638649,0.592854,0.702737,0.482971,7.396286,6.223872,8.568699,0.5916787,0,2.114079,7.195638,6.10358,8.287698,9.853697,10,9.50958,6.926831,7.221688,6.631975,0.6200727,0,1.606767,0,0,0,0,0,0,5.494197,4.349756,6.638649,0.592854,0.702737,0.482971,7.396286,6.223872,8.568699,0.5916787,0,2.114079,7.195638,6.10358,8.287698,9.853697,10,9.50958,-1,-1,-1,-1,-1,-1,-1,-1,-1,-1,-1,-1,-1,-1,-1,-1,-1,-1,-1,-1,-1,-1,-1,-1,-1,-1,-1,-1,-1,-1,-1,-1,-1,-1,-1,-1,-1,-1,-1,-1,-1,-1,-1,-1,-1,-1,-1,-1,-1,-1,0,0,0,0,0,0,-1,-1,-1,-1,-1,-1,-1,-1,-1,-1,-1,-1,0,0,0,0,0,0,-1,-1,-1,-1,-1,-1,-1,-1,-1,-1,-1,-1,-1,-1,False,False,0,0,False,207,0,0,0,0,0,0,0,0,0,0,0,0,0,0,0,1,
0,1901,2026-02-16 17:35:35Z,LLM_Empathetic,6.926836,7.221689,6.631984,0.6200643,0,1.606762,0,0,0,0,0,0,5.494204,4.349758,6.63866,0.592854,0.702737,0.482971,7.396288,6.223871,8.568707,0.5916734,0,2.114074,7.195647,6.103584,8.28771,9.853714,10,9.509602,6.926836,7.221689,6.631984,0.6200643,0,1.606762,0,0,0,0,0,0,5.494204,4.349758,6.63866,0.592854,0.702737,0.482971,7.396288,6.223871,8.568707,0.5916734,0,2.114074,7.195647,6.103584,8.28771,9.853714,10,9.509602,-1,-1,-1,-1,-1,-1,-1,-1,-1,-1,-1,-1,-1,-1,-1,-1,-1,-1,-1,-1,-1,-1,-1,-1,-1,-1,-1,-1,-1,-1,-1,-1,-1,-1,-1,-1,-1,-1,-1,-1,-1,-1,-1,-1,-1,-1,-1,-1,-1,-1,0,0,0,0,0,0,-1,-1,-1,-1,-1,-1,-1,-1,-1,-1,-1,-1,0,0,0,0,0,0,-1,-1,-1,-1,-1,-1,-1,-1,-1,-1,-1,-1,-1,-1,False,False,0,0,False,209,0,0,0,0,0,0,0,0,0,0,0,0,0,0,0,1,
0,1902,2026-02-16 17:35:35Z,LLM_Empathetic,6.926841,7.22169,6.631993,0.6200559,0,1.606758,0,0,0,0,0,0,5.49421,4.34976,6.63867,0.592854,0.702737,0.482971,7.396291,6.223869,8.568713,0.591668,0,2.114069,7.195656,6.103589,8.287724,9.853731,10,9.509624,6.926841,7.22169,6.631993,0.6200559,0,1.606758,0,0,0,0,0,0,5.49421,4.34976,6.63867,0.592854,0.702737,0.482971,7.396291,6.223869,8.568713,0.591668,0,2.114069,7.195656,6.103589,8.287724,9.853731,10,9.509624,-1,-1,-1,-1,-1,-1,-1,-1,-1,-1,-1,-1,-1,-1,-1,-1,-1,-1,-1,-1,-1,-1,-1,-1,-1,-1,-1,-1,-1,-1,-1,-1,-1,-1,-1,-1,-1,-1,-1,-1,-1,-1,-1,-1,-1,-1,-1,-1,-1,-1,0,0,0,0,0,0,-1,-1,-1,-1,-1,-1,-1,-1,-1,-1,-1,-1,0,0,0,0,0,0,-1,-1,-1,-1,-1,-1,-1,-1,-1,-1,-1,-1,-1,-1,False,False,0,0,False,209,0,0,0,0,0,0,0,0,0,0,0,0,0,0,0,1,
0,1903,2026-02-16 17:35:35Z,LLM_Empathetic,6.926846,7.221691,6.632002,0.6200476,0,1.606753,0,0,0,0,0,0,5.494216,4.349762,6.638681,0.592854,0.702737,0.482971,7.396294,6.223868,8.568721,0.5916627,0,2.114063,7.195664,6.103594,8.287736,9.853749,10,9.509645,6.926846,7.221691,6.632002,0.6200476,0,1.606753,0,0,0,0,0,0,5.494216,4.349762,6.638681,0.592854,0.702737,0.482971,7.396294,6.223868,8.568721,0.5916627,0,2.114063,7.195664,6.103594,8.287736,9.853749,10,9.509645,-1,-1,-1,-1,-1,-1,-1,-1,-1,-1,-1,-1,-1,-1,-1,-1,-1,-1,-1,-1,-1,-1,-1,-1,-1,-1,-1,-1,-1,-1,-1,-1,-1,-1,-1,-1,-1,-1,-1,-1,-1,-1,-1,-1,-1,-1,-1,-1,-1,-1,0,0,0,0,0,0,-1,-1,-1,-1,-1,-1,-1,-1,-1,-1,-1,-1,0,0,0,0,0,0,-1,-1,-1,-1,-1,-1,-1,-1,-1,-1,-1,-1,-1,-1,False,False,0,0,False,209,0,0,0,0,0,0,0,0,0,0,0,0,0,0,0,1,
0,1904,2026-02-16 17:35:35Z,LLM_Empathetic,6.926851,7.221691,6.63201,0.6200393,0,1.606748,0,0,0,0,0,0,5.494223,4.349764,6.638691,0.592854,0.702737,0.482971,7.396297,6.223866,8.568728,0.5916573,0,2.114058,7.195673,6.103599,8.287748,9.853766,10,9.509667,6.926851,7.221691,6.63201,0.6200393,0,1.606748,0,0,0,0,0,0,5.494223,4.349764,6.638691,0.592854,0.702737,0.482971,7.396297,6.223866,8.568728,0.5916573,0,2.114058,7.195673,6.103599,8.287748,9.853766,10,9.509667,-1,-1,-1,-1,-1,-1,-1,-1,-1,-1,-1,-1,-1,-1,-1,-1,-1,-1,-1,-1,-1,-1,-1,-1,-1,-1,-1,-1,-1,-1,-1,-1,-1,-1,-1,-1,-1,-1,-1,-1,-1,-1,-1,-1,-1,-1,-1,-1,-1,-1,0,0,0,0,0,0,-1,-1,-1,-1,-1,-1,-1,-1,-1,-1,-1,-1,0,0,0,0,0,0,-1,-1,-1,-1,-1,-1,-1,-1,-1,-1,-1,-1,-1,-1,False,False,0,0,False,207,0,0,0,0,0,0,0,0,0,0,0,0,0,0,0,1,
0,1905,2026-02-16 17:35:35Z,LLM_Empathetic,6.926856,7.221692,6.63202,0.6200309,0,1.606744,0,0,0,0,0,0,5.494229,4.349766,6.638702,0.592854,0.702737,0.482971,7.3963,6.223865,8.568735,0.591652,0,2.114052,7.195682,6.103603,8.287762,9.853784,10,9.509689,6.926856,7.221692,6.63202,0.6200309,0,1.606744,0,0,0,0,0,0,5.494229,4.349766,6.638702,0.592854,0.702737,0.482971,7.3963,6.223865,8.568735,0.591652,0,2.114052,7.195682,6.103603,8.287762,9.853784,10,9.509689,-1,-1,-1,-1,-1,-1,-1,-1,-1,-1,-1,-1,-1,-1,-1,-1,-1,-1,-1,-1,-1,-1,-1,-1,-1,-1,-1,-1,-1,-1,-1,-1,-1,-1,-1,-1,-1,-1,-1,-1,-1,-1,-1,-1,-1,-1,-1,-1,-1,-1,0,0,0,0,0,0,-1,-1,-1,-1,-1,-1,-1,-1,-1,-1,-1,-1,0,0,0,0,0,0,-1,-1,-1,-1,-1,-1,-1,-1,-1,-1,-1,-1,-1,-1,False,False,0,0,False,209,0,0,0,0,0,0,0,0,0,0,0,0,0,0,0,1,
0,1906,2026-02-16 17:35:35Z,LLM_Empathetic,6.926861,7.221693,6.632029,0.6200226,0,1.606739,0,0,0,0,0,0,5.494236,4.349769,6.638712,0.592854,0.702737,0.482971,7.396303,6.223864,8.568743,0.5916467,0,2.114047,7.195691,6.103608,8.287774,9.853802,10,9.509711,6.926861,7.221693,6.632029,0.6200226,0,1.606739,0,0,0,0,0,0,5.494236,4.349769,6.638712,0.592854,0.702737,0.482971,7.396303,6.223864,8.568743,0.5916467,0,2.114047,7.195691,6.103608,8.287774,9.853802,10,9.509711,-1,-1,-1,-1,-1,-1,-1,-1,-1,-1,-1,-1,-1,-1,-1,-1,-1,-1,-1,-1,-1,-1,-1,-1,-1,-1,-1,-1,-1,-1,-1,-1,-1,-1,-1,-1,-1,-1,-1,-1,-1,-1,-1,-1,-1,-1,-1,-1,-1,-1,0,0,0,0,0,0,-1,-1,-1,-1,-1,-1,-1,-1,-1,-1,-1,-1,0,0,0,0,0,0,-1,-1,-1,-1,-1,-1,-1,-1,-1,-1,-1,-1,-1,-1,False,False,0,0,False,209,0,0,0,0,0,0,0,0,0,0,0,0,0,0,0,1,
0,1907,2026-02-16 17:35:35Z,LLM_Empathetic,6.926866,7.221694,6.632037,0.6200143,0,1.606735,0,0,0,0,0,0,5.494242,4.349771,6.638723,0.592854,0.702737,0.482971,7.396306,6.223862,8.568749,0.5916414,0,2.114042,7.1957,6.103613,8.287787,9.853819,10,9.509733,6.926866,7.221694,6.632037,0.6200143,0,1.606735,0,0,0,0,0,0,5.494242,4.349771,6.638723,0.592854,0.702737,0.482971,7.396306,6.223862,8.568749,0.5916414,0,2.114042,7.1957,6.103613,8.287787,9.853819,10,9.509733,-1,-1,-1,-1,-1,-1,-1,-1,-1,-1,-1,-1,-1,-1,-1,-1,-1,-1,-1,-1,-1,-1,-1,-1,-1,-1,-1,-1,-1,-1,-1,-1,-1,-1,-1,-1,-1,-1,-1,-1,-1,-1,-1,-1,-1,-1,-1,-1,-1,-1,0,0,0,0,0,0,-1,-1,-1,-1,-1,-1,-1,-1,-1,-1,-1,-1,0,0,0,0,0,0,-1,-1,-1,-1,-1,-1,-1,-1,-1,-1,-1,-1,-1,-1,False,False,0,0,False,207,0,0,0,0,0,0,0,0,0,0,0,0,0,0,0,1,
0,1908,2026-02-16 17:35:36Z,LLM_Empathetic,6.926871,7.221695,6.632046,0.620006,0,1.60673,0,0,0,0,0,0,5.494248,4.349773,6.638733,0.592854,0.702737,0.482971,7.396308,6.22386,8.568757,0.591636,0,2.114036,7.195708,6.103618,8.2878,9.853836,10,9.509755,6.926871,7.221695,6.632046,0.620006,0,1.60673,0,0,0,0,0,0,5.494248,4.349773,6.638733,0.592854,0.702737,0.482971,7.396308,6.22386,8.568757,0.591636,0,2.114036,7.195708,6.103618,8.2878,9.853836,10,9.509755,-1,-1,-1,-1,-1,-1,-1,-1,-1,-1,-1,-1,-1,-1,-1,-1,-1,-1,-1,-1,-1,-1,-1,-1,-1,-1,-1,-1,-1,-1,-1,-1,-1,-1,-1,-1,-1,-1,-1,-1,-1,-1,-1,-1,-1,-1,-1,-1,-1,-1,0,0,0,0,0,0,-1,-1,-1,-1,-1,-1,-1,-1,-1,-1,-1,-1,0,0,0,0,0,0,-1,-1,-1,-1,-1,-1,-1,-1,-1,-1,-1,-1,-1,-1,False,False,0,0,False,209,0,0,0,0,0,0,0,0,0,0,0,0,0,0,0,1,
0,1909,2026-02-16 17:35:36Z,LLM_Empathetic,6.926876,7.221696,6.632055,0.6199977,0,1.606726,0,0,0,0,0,0,5.494254,4.349775,6.638744,0.592854,0.702737,0.482971,7.396311,6.223859,8.568764,0.5916307,0,2.114031,7.195717,6.103622,8.287812,9.853854,10,9.509777,6.926876,7.221696,6.632055,0.6199977,0,1.606726,0,0,0,0,0,0,5.494254,4.349775,6.638744,0.592854,0.702737,0.482971,7.396311,6.223859,8.568764,0.5916307,0,2.114031,7.195717,6.103622,8.287812,9.853854,10,9.509777,-1,-1,-1,-1,-1,-1,-1,-1,-1,-1,-1,-1,-1,-1,-1,-1,-1,-1,-1,-1,-1,-1,-1,-1,-1,-1,-1,-1,-1,-1,-1,-1,-1,-1,-1,-1,-1,-1,-1,-1,-1,-1,-1,-1,-1,-1,-1,-1,-1,-1,0,0,0,0,0,0,-1,-1,-1,-1,-1,-1,-1,-1,-1,-1,-1,-1,0,0,0,0,0,0,-1,-1,-1,-1,-1,-1,-1,-1,-1,-1,-1,-1,-1,-1,False,False,0,0,False,209,0,0,0,0,0,0,0,0,0,0,0,0,0,0,0,1,
0,1910,2026-02-16 17:35:36Z,LLM_Empathetic,6.92688,7.221697,6.632064,0.6199893,0,1.606721,0,0,0,0,0,0,5.494261,4.349777,6.638754,0.592854,0.702737,0.482971,7.396314,6.223857,8.568771,0.5916254,0,2.114026,7.195726,6.103627,8.287826,9.853871,10,9.509799,6.92688,7.221697,6.632064,0.6199893,0,1.606721,0,0,0,0,0,0,5.494261,4.349777,6.638754,0.592854,0.702737,0.482971,7.396314,6.223857,8.568771,0.5916254,0,2.114026,7.195726,6.103627,8.287826,9.853871,10,9.509799,-1,-1,-1,-1,-1,-1,-1,-1,-1,-1,-1,-1,-1,-1,-1,-1,-1,-1,-1,-1,-1,-1,-1,-1,-1,-1,-1,-1,-1,-1,-1,-1,-1,-1,-1,-1,-1,-1,-1,-1,-1,-1,-1,-1,-1,-1,-1,-1,-1,-1,0,0,0,0,0,0,-1,-1,-1,-1,-1,-1,-1,-1,-1,-1,-1,-1,0,0,0,0,0,0,-1,-1,-1,-1,-1,-1,-1,-1,-1,-1,-1,-1,-1,-1,False,False,0,0,False,207,0,0,0,0,0,0,0,0,0,0,0,0,0,0,0,1,
0,1911,2026-02-16 17:35:36Z,LLM_Empathetic,6.926885,7.221697,6.632073,0.6199811,0,1.606716,0,0,0,0,0,0,5.494267,4.349779,6.638765,0.592854,0.702737,0.482971,7.396317,6.223856,8.568779,0.5916201,0,2.11402,7.195735,6.103632,8.287838,9.853889,10,9.509821,6.926885,7.221697,6.632073,0.6199811,0,1.606716,0,0,0,0,0,0,5.494267,4.349779,6.638765,0.592854,0.702737,0.482971,7.396317,6.223856,8.568779,0.5916201,0,2.11402,7.195735,6.103632,8.287838,9.853889,10,9.509821,-1,-1,-1,-1,-1,-1,-1,-1,-1,-1,-1,-1,-1,-1,-1,-1,-1,-1,-1,-1,-1,-1,-1,-1,-1,-1,-1,-1,-1,-1,-1,-1,-1,-1,-1,-1,-1,-1,-1,-1,-1,-1,-1,-1,-1,-1,-1,-1,-1,-1,0,0,0,0,0,0,-1,-1,-1,-1,-1,-1,-1,-1,-1,-1,-1,-1,0,0,0,0,0,0,-1,-1,-1,-1,-1,-1,-1,-1,-1,-1,-1,-1,-1,-1,False,False,0,0,False,207,0,0,0,0,0,0,0,0,0,0,0,0,0,0,0,1,
0,1912,2026-02-16 17:35:36Z,LLM_Empathetic,6.92689,7.221698,6.632082,0.6199728,0,1.606712,0,0,0,0,0,0,5.494273,4.349781,6.638775,0.592854,0.702737,0.482971,7.39632,6.223855,8.568786,0.5916148,0,2.114015,7.195743,6.103637,8.28785,9.853906,10,9.509843,6.92689,7.221698,6.632082,0.6199728,0,1.606712,0,0,0,0,0,0,5.494273,4.349781,6.638775,0.592854,0.702737,0.482971,7.39632,6.223855,8.568786,0.5916148,0,2.114015,7.195743,6.103637,8.28785,9.853906,10,9.509843,-1,-1,-1,-1,-1,-1,-1,-1,-1,-1,-1,-1,-1,-1,-1,-1,-1,-1,-1,-1,-1,-1,-1,-1,-1,-1,-1,-1,-1,-1,-1,-1,-1,-1,-1,-1,-1,-1,-1,-1,-1,-1,-1,-1,-1,-1,-1,-1,-1,-1,0,0,0,0,0,0,-1,-1,-1,-1,-1,-1,-1,-1,-1,-1,-1,-1,0,0,0,0,0,0,-1,-1,-1,-1,-1,-1,-1,-1,-1,-1,-1,-1,-1,-1,False,False,0,0,False,209,0,0,0,0,0,0,0,0,0,0,0,0,0,0,0,1,
0,1913,2026-02-16 17:35:36Z,LLM_Empathetic,6.926895,7.221699,6.632091,0.6199645,0,1.606707,0,0,0,0,0,0,5.494279,4.349783,6.638786,0.592854,0.702737,0.482971,7.396323,6.223853,8.568793,0.5916095,0,2.11401,7.195752,6.103641,8.287864,9.853924,10,9.509865,6.926895,7.221699,6.632091,0.6199645,0,1.606707,0,0,0,0,0,0,5.494279,4.349783,6.638786,0.592854,0.702737,0.482971,7.396323,6.223853,8.568793,0.5916095,0,2.11401,7.195752,6.103641,8.287864,9.853924,10,9.509865,-1,-1,-1,-1,-1,-1,-1,-1,-1,-1,-1,-1,-1,-1,-1,-1,-1,-1,-1,-1,-1,-1,-1,-1,-1,-1,-1,-1,-1,-1,-1,-1,-1,-1,-1,-1,-1,-1,-1,-1,-1,-1,-1,-1,-1,-1,-1,-1,-1,-1,0,0,0,0,0,0,-1,-1,-1,-1,-1,-1,-1,-1,-1,-1,-1,-1,0,0,0,0,0,0,-1,-1,-1,-1,-1,-1,-1,-1,-1,-1,-1,-1,-1,-1,False,False,0,0,False,207,0,0,0,0,0,0,0,0,0,0,0,0,0,0,0,1,
0,1914,2026-02-16 17:35:36Z,LLM_Empathetic,6.9269,7.2217,6.6321,0.6199563,0,1.606703,0,0,0,0,0,0,5.494286,4.349785,6.638796,0.592854,0.702737,0.482971,7.396326,6.223852,8.5688,0.5916042,0,2.114005,7.195761,6.103646,8.287876,9.853941,10,9.509887,6.9269,7.2217,6.6321,0.6199563,0,1.606703,0,0,0,0,0,0,5.494286,4.349785,6.638796,0.592854,0.702737,0.482971,7.396326,6.223852,8.5688,0.5916042,0,2.114005,7.195761,6.103646,8.287876,9.853941,10,9.509887,-1,-1,-1,-1,-1,-1,-1,-1,-1,-1,-1,-1,-1,-1,-1,-1,-1,-1,-1,-1,-1,-1,-1,-1,-1,-1,-1,-1,-1,-1,-1,-1,-1,-1,-1,-1,-1,-1,-1,-1,-1,-1,-1,-1,-1,-1,-1,-1,-1,-1,0,0,0,0,0,0,-1,-1,-1,-1,-1,-1,-1,-1,-1,-1,-1,-1,0,0,0,0,0,0,-1,-1,-1,-1,-1,-1,-1,-1,-1,-1,-1,-1,-1,-1,False,False,0,0,False,209,0,0,0,0,0,0,0,0,0,0,0,0,0,0,0,1,
0,1915,2026-02-16 17:35:36Z,LLM_Empathetic,6.926905,7.221701,6.632108,0.619948,0,1.606698,0,0,0,0,0,0,5.494292,4.349787,6.638807,0.592854,0.702737,0.482971,7.396328,6.22385,8.568808,0.5915989,0,2.113999,7.195769,6.103651,8.287889,9.853958,10,9.509908,6.926905,7.221701,6.632108,0.619948,0,1.606698,0,0,0,0,0,0,5.494292,4.349787,6.638807,0.592854,0.702737,0.482971,7.396328,6.22385,8.568808,0.5915989,0,2.113999,7.195769,6.103651,8.287889,9.853958,10,9.509908,-1,-1,-1,-1,-1,-1,-1,-1,-1,-1,-1,-1,-1,-1,-1,-1,-1,-1,-1,-1,-1,-1,-1,-1,-1,-1,-1,-1,-1,-1,-1,-1,-1,-1,-1,-1,-1,-1,-1,-1,-1,-1,-1,-1,-1,-1,-1,-1,-1,-1,0,0,0,0,0,0,-1,-1,-1,-1,-1,-1,-1,-1,-1,-1,-1,-1,0,0,0,0,0,0,-1,-1,-1,-1,-1,-1,-1,-1,-1,-1,-1,-1,-1,-1,False,False,0,0,False,207,0,0,0,0,0,0,0,0,0,0,0,0,0,0,0,1,
0,1916,2026-02-16 17:35:36Z,LLM_Empathetic,6.926909,7.221702,6.632117,0.6199397,0,1.606694,0,0,0,0,0,0,5.494298,4.349789,6.638817,0.592854,0.702737,0.482971,7.396331,6.223849,8.568814,0.5915936,0,2.113994,7.195778,6.103655,8.287901,9.853975,10,9.50993,6.926909,7.221702,6.632117,0.6199397,0,1.606694,0,0,0,0,0,0,5.494298,4.349789,6.638817,0.592854,0.702737,0.482971,7.396331,6.223849,8.568814,0.5915936,0,2.113994,7.195778,6.103655,8.287901,9.853975,10,9.50993,-1,-1,-1,-1,-1,-1,-1,-1,-1,-1,-1,-1,-1,-1,-1,-1,-1,-1,-1,-1,-1,-1,-1,-1,-1,-1,-1,-1,-1,-1,-1,-1,-1,-1,-1,-1,-1,-1,-1,-1,-1,-1,-1,-1,-1,-1,-1,-1,-1,-1,0,0,0,0,0,0,-1,-1,-1,-1,-1,-1,-1,-1,-1,-1,-1,-1,0,0,0,0,0,0,-1,-1,-1,-1,-1,-1,-1,-1,-1,-1,-1,-1,-1,-1,False,False,0,0,False,207,0,0,0,0,0,0,0,0,0,0,0,0,0,0,0,1,
0,1917,2026-02-16 17:35:36Z,LLM_Empathetic,6.926915,7.221703,6.632126,0.6199315,0,1.606689,0,0,0,0,0,0,5.494304,4.349792,6.638828,0.592854,0.702737,0.482971,7.396334,6.223847,8.568822,0.5915883,0,2.113989,7.195786,6.10366,8.287914,9.853992,10,9.509952,6.926915,7.221703,6.632126,0.6199315,0,1.606689,0,0,0,0,0,0,5.494304,4.349792,6.638828,0.592854,0.702737,0.482971,7.396334,6.223847,8.568822,0.5915883,0,2.113989,7.195786,6.10366,8.287914,9.853992,10,9.509952,-1,-1,-1,-1,-1,-1,-1,-1,-1,-1,-1,-1,-1,-1,-1,-1,-1,-1,-1,-1,-1,-1,-1,-1,-1,-1,-1,-1,-1,-1,-1,-1,-1,-1,-1,-1,-1,-1,-1,-1,-1,-1,-1,-1,-1,-1,-1,-1,-1,-1,0,0,0,0,0,0,-1,-1,-1,-1,-1,-1,-1,-1,-1,-1,-1,-1,0,0,0,0,0,0,-1,-1,-1,-1,-1,-1,-1,-1,-1,-1,-1,-1,-1,-1,False,False,0,0,False,209,0,0,0,0,0,0,0,0,0,0,0,0,0,0,0,1,
0,1918,2026-02-16 17:35:36Z,LLM_Empathetic,6.926919,7.221704,6.632135,0.6199232,0,1.606684,0,0,0,0,0,0,5.49431,4.349793,6.638838,0.592854,0.702737,0.482971,7.396337,6.223846,8.568829,0.591583,0,2.113983,7.195795,6.103665,8.287927,9.85401,10,9.509974,6.926919,7.221704,6.632135,0.6199232,0,1.606684,0,0,0,0,0,0,5.49431,4.349793,6.638838,0.592854,0.702737,0.482971,7.396337,6.223846,8.568829,0.591583,0,2.113983,7.195795,6.103665,8.287927,9.85401,10,9.509974,-1,-1,-1,-1,-1,-1,-1,-1,-1,-1,-1,-1,-1,-1,-1,-1,-1,-1,-1,-1,-1,-1,-1,-1,-1,-1,-1,-1,-1,-1,-1,-1,-1,-1,-1,-1,-1,-1,-1,-1,-1,-1,-1,-1,-1,-1,-1,-1,-1,-1,0,0,0,0,0,0,-1,-1,-1,-1,-1,-1,-1,-1,-1,-1,-1,-1,0,0,0,0,0,0,-1,-1,-1,-1,-1,-1,-1,-1,-1,-1,-1,-1,-1,-1,False,False,0,0,False,209,0,0,0,0,0,0,0,0,0,0,0,0,0,0,0,1,
0,1919,2026-02-16 17:35:36Z,LLM_Empathetic,6.926924,7.221704,6.632143,0.619915,0,1.60668,0,0,0,0,0,0,5.494317,4.349795,6.638848,0.592854,0.702737,0.482971,7.39634,6.223844,8.568836,0.5915778,0,2.113978,7.195804,6.10367,8.287939,9.854028,10,9.509995,6.926924,7.221704,6.632143,0.619915,0,1.60668,0,0,0,0,0,0,5.494317,4.349795,6.638848,0.592854,0.702737,0.482971,7.39634,6.223844,8.568836,0.5915778,0,2.113978,7.195804,6.10367,8.287939,9.854028,10,9.509995,-1,-1,-1,-1,-1,-1,-1,-1,-1,-1,-1,-1,-1,-1,-1,-1,-1,-1,-1,-1,-1,-1,-1,-1,-1,-1,-1,-1,-1,-1,-1,-1,-1,-1,-1,-1,-1,-1,-1,-1,-1,-1,-1,-1,-1,-1,-1,-1,-1,-1,0,0,0,0,0,0,-1,-1,-1,-1,-1,-1,-1,-1,-1,-1,-1,-1,0,0,0,0,0,0,-1,-1,-1,-1,-1,-1,-1,-1,-1,-1,-1,-1,-1,-1,False,False,0,0,False,209,0,0,0,0,0,0,0,0,0,0,0,0,0,0,0,1,
0,1920,2026-02-16 17:35:36Z,LLM_Empathetic,6.926929,7.221705,6.632153,0.6199068,0,1.606675,0,0,0,0,0,0,5.494323,4.349798,6.638859,0.592854,0.702737,0.482971,7.396343,6.223843,8.568843,0.5915725,0,2.113973,7.195813,6.103674,8.287951,9.854045,10,9.510016,6.926929,7.221705,6.632153,0.6199068,0,1.606675,0,0,0,0,0,0,5.494323,4.349798,6.638859,0.592854,0.702737,0.482971,7.396343,6.223843,8.568843,0.5915725,0,2.113973,7.195813,6.103674,8.287951,9.854045,10,9.510016,-1,-1,-1,-1,-1,-1,-1,-1,-1,-1,-1,-1,-1,-1,-1,-1,-1,-1,-1,-1,-1,-1,-1,-1,-1,-1,-1,-1,-1,-1,-1,-1,-1,-1,-1,-1,-1,-1,-1,-1,-1,-1,-1,-1,-1,-1,-1,-1,-1,-1,0,0,0,0,0,0,-1,-1,-1,-1,-1,-1,-1,-1,-1,-1,-1,-1,0,0,0,0,0,0,-1,-1,-1,-1,-1,-1,-1,-1,-1,-1,-1,-1,-1,-1,False,False,0,0,False,209,0,0,0,0,0,0,0,0,0,0,0,0,0,0,0,1,
0,1921,2026-02-16 17:35:36Z,LLM_Empathetic,6.926934,7.221706,6.632161,0.6198986,0,1.606671,0,0,0,0,0,0,5.494329,4.3498,6.638869,0.592854,0.702737,0.482971,7.396346,6.223841,8.568851,0.5915672,0,2.113968,7.195821,6.103679,8.287965,9.854062,10,9.510038,6.926934,7.221706,6.632161,0.6198986,0,1.606671,0,0,0,0,0,0,5.494329,4.3498,6.638869,0.592854,0.702737,0.482971,7.396346,6.223841,8.568851,0.5915672,0,2.113968,7.195821,6.103679,8.287965,9.854062,10,9.510038,-1,-1,-1,-1,-1,-1,-1,-1,-1,-1,-1,-1,-1,-1,-1,-1,-1,-1,-1,-1,-1,-1,-1,-1,-1,-1,-1,-1,-1,-1,-1,-1,-1,-1,-1,-1,-1,-1,-1,-1,-1,-1,-1,-1,-1,-1,-1,-1,-1,-1,0,0,0,0,0,0,-1,-1,-1,-1,-1,-1,-1,-1,-1,-1,-1,-1,0,0,0,0,0,0,-1,-1,-1,-1,-1,-1,-1,-1,-1,-1,-1,-1,-1,-1,False,False,0,0,False,209,0,0,0,0,0,0,0,0,0,0,0,0,0,0,0,1,
0,1922,2026-02-16 17:35:36Z,LLM_Empathetic,6.926939,7.221707,6.63217,0.6198903,0,1.606666,0,0,0,0,0,0,5.494336,4.349802,6.63888,0.592854,0.702737,0.482971,7.396348,6.22384,8.568857,0.591562,0,2.113962,7.19583,6.103683,8.287977,9.854079,10,9.51006,6.926939,7.221707,6.63217,0.6198903,0,1.606666,0,0,0,0,0,0,5.494336,4.349802,6.63888,0.592854,0.702737,0.482971,7.396348,6.22384,8.568857,0.591562,0,2.113962,7.19583,6.103683,8.287977,9.854079,10,9.51006,-1,-1,-1,-1,-1,-1,-1,-1,-1,-1,-1,-1,-1,-1,-1,-1,-1,-1,-1,-1,-1,-1,-1,-1,-1,-1,-1,-1,-1,-1,-1,-1,-1,-1,-1,-1,-1,-1,-1,-1,-1,-1,-1,-1,-1,-1,-1,-1,-1,-1,0,0,0,0,0,0,-1,-1,-1,-1,-1,-1,-1,-1,-1,-1,-1,-1,0,0,0,0,0,0,-1,-1,-1,-1,-1,-1,-1,-1,-1,-1,-1,-1,-1,-1,False,False,0,0,False,207,0,0,0,0,0,0,0,0,0,0,0,0,0,0,0,1,
0,1923,2026-02-16 17:35:36Z,LLM_Empathetic,6.926943,7.221708,6.632179,0.6198821,0,1.606662,0,0,0,0,0,0,5.494342,4.349804,6.63889,0.592854,0.702737,0.482971,7.396351,6.223838,8.568865,0.5915567,0,2.113957,7.195838,6.103688,8.28799,9.854096,10,9.510081,6.926943,7.221708,6.632179,0.6198821,0,1.606662,0,0,0,0,0,0,5.494342,4.349804,6.63889,0.592854,0.702737,0.482971,7.396351,6.223838,8.568865,0.5915567,0,2.113957,7.195838,6.103688,8.28799,9.854096,10,9.510081,-1,-1,-1,-1,-1,-1,-1,-1,-1,-1,-1,-1,-1,-1,-1,-1,-1,-1,-1,-1,-1,-1,-1,-1,-1,-1,-1,-1,-1,-1,-1,-1,-1,-1,-1,-1,-1,-1,-1,-1,-1,-1,-1,-1,-1,-1,-1,-1,-1,-1,0,0,0,0,0,0,-1,-1,-1,-1,-1,-1,-1,-1,-1,-1,-1,-1,0,0,0,0,0,0,-1,-1,-1,-1,-1,-1,-1,-1,-1,-1,-1,-1,-1,-1,False,False,0,0,False,207,0,0,0,0,0,0,0,0,0,0,0,0,0,0,0,1,
0,1924,2026-02-16 17:35:36Z,LLM_Empathetic,6.926949,7.221709,6.632187,0.6198739,0,1.606657,0,0,0,0,0,0,5.494348,4.349806,6.6389,0.592854,0.702737,0.482971,7.396354,6.223837,8.568871,0.5915514,0,2.113952,7.195847,6.103693,8.288002,9.854114,10,9.510103,6.926949,7.221709,6.632187,0.6198739,0,1.606657,0,0,0,0,0,0,5.494348,4.349806,6.6389,0.592854,0.702737,0.482971,7.396354,6.223837,8.568871,0.5915514,0,2.113952,7.195847,6.103693,8.288002,9.854114,10,9.510103,-1,-1,-1,-1,-1,-1,-1,-1,-1,-1,-1,-1,-1,-1,-1,-1,-1,-1,-1,-1,-1,-1,-1,-1,-1,-1,-1,-1,-1,-1,-1,-1,-1,-1,-1,-1,-1,-1,-1,-1,-1,-1,-1,-1,-1,-1,-1,-1,-1,-1,0,0,0,0,0,0,-1,-1,-1,-1,-1,-1,-1,-1,-1,-1,-1,-1,0,0,0,0,0,0,-1,-1,-1,-1,-1,-1,-1,-1,-1,-1,-1,-1,-1,-1,False,False,0,0,False,209,0,0,0,0,0,0,0,0,0,0,0,0,0,0,0,1,
0,1925,2026-02-16 17:35:36Z,LLM_Empathetic,6.926953,7.22171,6.632196,0.6198657,0,1.606653,0,0,0,0,0,0,5.494354,4.349808,6.638911,0.592854,0.702737,0.482971,7.396357,6.223835,8.568878,0.5915462,0,2.113947,7.195856,6.103697,8.288014,9.854131,10,9.510125,6.926953,7.22171,6.632196,0.6198657,0,1.606653,0,0,0,0,0,0,5.494354,4.349808,6.638911,0.592854,0.702737,0.482971,7.396357,6.223835,8.568878,0.5915462,0,2.113947,7.195856,6.103697,8.288014,9.854131,10,9.510125,-1,-1,-1,-1,-1,-1,-1,-1,-1,-1,-1,-1,-1,-1,-1,-1,-1,-1,-1,-1,-1,-1,-1,-1,-1,-1,-1,-1,-1,-1,-1,-1,-1,-1,-1,-1,-1,-1,-1,-1,-1,-1,-1,-1,-1,-1,-1,-1,-1,-1,0,0,0,0,0,0,-1,-1,-1,-1,-1,-1,-1,-1,-1,-1,-1,-1,0,0,0,0,0,0,-1,-1,-1,-1,-1,-1,-1,-1,-1,-1,-1,-1,-1,-1,False,False,0,0,False,207,0,0,0,0,0,0,0,0,0,0,0,0,0,0,0,1,
0,1926,2026-02-16 17:35:36Z,LLM_Empathetic,6.926958,7.221711,6.632205,0.6198575,0,1.606648,0,0,0,0,0,0,5.49436,4.34981,6.638921,0.592854,0.702737,0.482971,7.39636,6.223834,8.568886,0.5915409,0,2.113941,7.195864,6.103702,8.288028,9.854148,10,9.510146,6.926958,7.221711,6.632205,0.6198575,0,1.606648,0,0,0,0,0,0,5.49436,4.34981,6.638921,0.592854,0.702737,0.482971,7.39636,6.223834,8.568886,0.5915409,0,2.113941,7.195864,6.103702,8.288028,9.854148,10,9.510146,-1,-1,-1,-1,-1,-1,-1,-1,-1,-1,-1,-1,-1,-1,-1,-1,-1,-1,-1,-1,-1,-1,-1,-1,-1,-1,-1,-1,-1,-1,-1,-1,-1,-1,-1,-1,-1,-1,-1,-1,-1,-1,-1,-1,-1,-1,-1,-1,-1,-1,0,0,0,0,0,0,-1,-1,-1,-1,-1,-1,-1,-1,-1,-1,-1,-1,0,0,0,0,0,0,-1,-1,-1,-1,-1,-1,-1,-1,-1,-1,-1,-1,-1,-1,False,False,0,0,False,207,0,0,0,0,0,0,0,0,0,0,0,0,0,0,0,1,
0,1927,2026-02-16 17:35:36Z,LLM_Empathetic,6.926963,7.221712,6.632214,0.6198493,0,1.606644,0,0,0,0,0,0,5.494367,4.349812,6.638931,0.592854,0.702737,0.482971,7.396362,6.223833,8.568892,0.5915357,0,2.113936,7.195873,6.103707,8.28804,9.854165,10,9.510168,6.926963,7.221712,6.632214,0.6198493,0,1.606644,0,0,0,0,0,0,5.494367,4.349812,6.638931,0.592854,0.702737,0.482971,7.396362,6.223833,8.568892,0.5915357,0,2.113936,7.195873,6.103707,8.28804,9.854165,10,9.510168,-1,-1,-1,-1,-1,-1,-1,-1,-1,-1,-1,-1,-1,-1,-1,-1,-1,-1,-1,-1,-1,-1,-1,-1,-1,-1,-1,-1,-1,-1,-1,-1,-1,-1,-1,-1,-1,-1,-1,-1,-1,-1,-1,-1,-1,-1,-1,-1,-1,-1,0,0,0,0,0,0,-1,-1,-1,-1,-1,-1,-1,-1,-1,-1,-1,-1,0,0,0,0,0,0,-1,-1,-1,-1,-1,-1,-1,-1,-1,-1,-1,-1,-1,-1,False,False,0,0,False,207,0,0,0,0,0,0,0,0,0,0,0,0,0,0,0,1,
0,1928,2026-02-16 17:35:36Z,LLM_Empathetic,6.926968,7.221713,6.632223,0.6198412,0,1.606639,0,0,0,0,0,0,5.494373,4.349814,6.638942,0.592854,0.702737,0.482971,7.396365,6.223831,8.5689,0.5915305,0,2.113931,7.195881,6.103712,8.288053,9.854182,10,9.510189,6.926968,7.221713,6.632223,0.6198412,0,1.606639,0,0,0,0,0,0,5.494373,4.349814,6.638942,0.592854,0.702737,0.482971,7.396365,6.223831,8.5689,0.5915305,0,2.113931,7.195881,6.103712,8.288053,9.854182,10,9.510189,-1,-1,-1,-1,-1,-1,-1,-1,-1,-1,-1,-1,-1,-1,-1,-1,-1,-1,-1,-1,-1,-1,-1,-1,-1,-1,-1,-1,-1,-1,-1,-1,-1,-1,-1,-1,-1,-1,-1,-1,-1,-1,-1,-1,-1,-1,-1,-1,-1,-1,0,0,0,0,0,0,-1,-1,-1,-1,-1,-1,-1,-1,-1,-1,-1,-1,0,0,0,0,0,0,-1,-1,-1,-1,-1,-1,-1,-1,-1,-1,-1,-1,-1,-1,False,False,0,0,False,209,0,0,0,0,0,0,0,0,0,0,0,0,0,0,0,1,
0,1929,2026-02-16 17:35:36Z,LLM_Empathetic,6.926972,7.221713,6.632231,0.619833,0,1.606635,0,0,0,0,0,0,5.494379,4.349816,6.638952,0.592854,0.702737,0.482971,7.396368,6.22383,8.568907,0.5915253,0,2.113926,7.19589,6.103716,8.288065,9.854199,10,9.510211,6.926972,7.221713,6.632231,0.619833,0,1.606635,0,0,0,0,0,0,5.494379,4.349816,6.638952,0.592854,0.702737,0.482971,7.396368,6.22383,8.568907,0.5915253,0,2.113926,7.19589,6.103716,8.288065,9.854199,10,9.510211,-1,-1,-1,-1,-1,-1,-1,-1,-1,-1,-1,-1,-1,-1,-1,-1,-1,-1,-1,-1,-1,-1,-1,-1,-1,-1,-1,-1,-1,-1,-1,-1,-1,-1,-1,-1,-1,-1,-1,-1,-1,-1,-1,-1,-1,-1,-1,-1,-1,-1,0,0,0,0,0,0,-1,-1,-1,-1,-1,-1,-1,-1,-1,-1,-1,-1,0,0,0,0,0,0,-1,-1,-1,-1,-1,-1,-1,-1,-1,-1,-1,-1,-1,-1,False,False,0,0,False,209,0,0,0,0,0,0,0,0,0,0,0,0,0,0,0,1,
0,1930,2026-02-16 17:35:36Z,LLM_Empathetic,6.926977,7.221714,6.63224,0.6198248,0,1.60663,0,0,0,0,0,0,5.494385,4.349818,6.638962,0.592854,0.702737,0.482971,7.396371,6.223828,8.568914,0.59152,0,2.11392,7.195899,6.103721,8.288077,9.854217,10,9.510233,6.926977,7.221714,6.63224,0.6198248,0,1.60663,0,0,0,0,0,0,5.494385,4.349818,6.638962,0.592854,0.702737,0.482971,7.396371,6.223828,8.568914,0.59152,0,2.11392,7.195899,6.103721,8.288077,9.854217,10,9.510233,-1,-1,-1,-1,-1,-1,-1,-1,-1,-1,-1,-1,-1,-1,-1,-1,-1,-1,-1,-1,-1,-1,-1,-1,-1,-1,-1,-1,-1,-1,-1,-1,-1,-1,-1,-1,-1,-1,-1,-1,-1,-1,-1,-1,-1,-1,-1,-1,-1,-1,0,0,0,0,0,0,-1,-1,-1,-1,-1,-1,-1,-1,-1,-1,-1,-1,0,0,0,0,0,0,-1,-1,-1,-1,-1,-1,-1,-1,-1,-1,-1,-1,-1,-1,False,False,0,0,False,209,0,0,0,0,0,0,0,0,0,0,0,0,0,0,0,1,
0,1931,2026-02-16 17:35:36Z,LLM_Empathetic,6.926982,7.221715,6.632249,0.6198167,0,1.606626,0,0,0,0,0,0,5.494391,4.34982,6.638973,0.592854,0.702737,0.482971,7.396374,6.223827,8.568921,0.5915148,0,2.113915,7.195907,6.103725,8.28809,9.854234,10,9.510254,6.926982,7.221715,6.632249,0.6198167,0,1.606626,0,0,0,0,0,0,5.494391,4.34982,6.638973,0.592854,0.702737,0.482971,7.396374,6.223827,8.568921,0.5915148,0,2.113915,7.195907,6.103725,8.28809,9.854234,10,9.510254,-1,-1,-1,-1,-1,-1,-1,-1,-1,-1,-1,-1,-1,-1,-1,-1,-1,-1,-1,-1,-1,-1,-1,-1,-1,-1,-1,-1,-1,-1,-1,-1,-1,-1,-1,-1,-1,-1,-1,-1,-1,-1,-1,-1,-1,-1,-1,-1,-1,-1,0,0,0,0,0,0,-1,-1,-1,-1,-1,-1,-1,-1,-1,-1,-1,-1,0,0,0,0,0,0,-1,-1,-1,-1,-1,-1,-1,-1,-1,-1,-1,-1,-1,-1,False,False,0,0,False,209,0,0,0,0,0,0,0,0,0,0,0,0,0,0,0,1,
0,1932,2026-02-16 17:35:36Z,LLM_Empathetic,6.926987,7.221716,6.632257,0.6198085,0,1.606621,0,0,0,0,0,0,5.494398,4.349822,6.638983,0.592854,0.702737,0.482971,7.396377,6.223825,8.568929,0.5915096,0,2.11391,7.195916,6.10373,8.288102,9.854251,10,9.510276,6.926987,7.221716,6.632257,0.6198085,0,1.606621,0,0,0,0,0,0,5.494398,4.349822,6.638983,0.592854,0.702737,0.482971,7.396377,6.223825,8.568929,0.5915096,0,2.11391,7.195916,6.10373,8.288102,9.854251,10,9.510276,-1,-1,-1,-1,-1,-1,-1,-1,-1,-1,-1,-1,-1,-1,-1,-1,-1,-1,-1,-1,-1,-1,-1,-1,-1,-1,-1,-1,-1,-1,-1,-1,-1,-1,-1,-1,-1,-1,-1,-1,-1,-1,-1,-1,-1,-1,-1,-1,-1,-1,0,0,0,0,0,0,-1,-1,-1,-1,-1,-1,-1,-1,-1,-1,-1,-1,0,0,0,0,0,0,-1,-1,-1,-1,-1,-1,-1,-1,-1,-1,-1,-1,-1,-1,False,False,0,0,False,209,0,0,0,0,0,0,0,0,0,0,0,0,0,0,0,1,
0,1933,2026-02-16 17:35:36Z,LLM_Empathetic,6.926991,7.221717,6.632266,0.6198004,0,1.606617,0,0,0,0,0,0,5.494403,4.349824,6.638993,0.592854,0.702737,0.482971,7.396379,6.223824,8.568935,0.5915043,0,2.113905,7.195924,6.103734,8.288115,9.854268,10,9.510297,6.926991,7.221717,6.632266,0.6198004,0,1.606617,0,0,0,0,0,0,5.494403,4.349824,6.638993,0.592854,0.702737,0.482971,7.396379,6.223824,8.568935,0.5915043,0,2.113905,7.195924,6.103734,8.288115,9.854268,10,9.510297,-1,-1,-1,-1,-1,-1,-1,-1,-1,-1,-1,-1,-1,-1,-1,-1,-1,-1,-1,-1,-1,-1,-1,-1,-1,-1,-1,-1,-1,-1,-1,-1,-1,-1,-1,-1,-1,-1,-1,-1,-1,-1,-1,-1,-1,-1,-1,-1,-1,-1,0,0,0,0,0,0,-1,-1,-1,-1,-1,-1,-1,-1,-1,-1,-1,-1,0,0,0,0,0,0,-1,-1,-1,-1,-1,-1,-1,-1,-1,-1,-1,-1,-1,-1,False,False,0,0,False,207,0,0,0,0,0,0,0,0,0,0,0,0,0,0,0,1,
0,1934,2026-02-16 17:35:36Z,LLM_Empathetic,6.926996,7.221718,6.632275,0.6197922,0,1.606612,0,0,0,0,0,0,5.49441,4.349826,6.639004,0.592854,0.702737,0.482971,7.396382,6.223823,8.568942,0.5914991,0,2.113899,7.195933,6.103739,8.288127,9.854285,10,9.510319,6.926996,7.221718,6.632275,0.6197922,0,1.606612,0,0,0,0,0,0,5.49441,4.349826,6.639004,0.592854,0.702737,0.482971,7.396382,6.223823,8.568942,0.5914991,0,2.113899,7.195933,6.103739,8.288127,9.854285,10,9.510319,-1,-1,-1,-1,-1,-1,-1,-1,-1,-1,-1,-1,-1,-1,-1,-1,-1,-1,-1,-1,-1,-1,-1,-1,-1,-1,-1,-1,-1,-1,-1,-1,-1,-1,-1,-1,-1,-1,-1,-1,-1,-1,-1,-1,-1,-1,-1,-1,-1,-1,0,0,0,0,0,0,-1,-1,-1,-1,-1,-1,-1,-1,-1,-1,-1,-1,0,0,0,0,0,0,-1,-1,-1,-1,-1,-1,-1,-1,-1,-1,-1,-1,-1,-1,False,False,0,0,False,207,0,0,0,0,0,0,0,0,0,0,0,0,0,0,0,1,
0,1935,2026-02-16 17:35:36Z,LLM_Empathetic,6.927001,7.221718,6.632284,0.6197841,0,1.606608,0,0,0,0,0,0,5.494416,4.349828,6.639014,0.592854,0.702737,0.482971,7.396385,6.223821,8.56895,0.591494,0,2.113894,7.195941,6.103744,8.288139,9.854302,10,9.51034,6.927001,7.221718,6.632284,0.6197841,0,1.606608,0,0,0,0,0,0,5.494416,4.349828,6.639014,0.592854,0.702737,0.482971,7.396385,6.223821,8.56895,0.591494,0,2.113894,7.195941,6.103744,8.288139,9.854302,10,9.51034,-1,-1,-1,-1,-1,-1,-1,-1,-1,-1,-1,-1,-1,-1,-1,-1,-1,-1,-1,-1,-1,-1,-1,-1,-1,-1,-1,-1,-1,-1,-1,-1,-1,-1,-1,-1,-1,-1,-1,-1,-1,-1,-1,-1,-1,-1,-1,-1,-1,-1,0,0,0,0,0,0,-1,-1,-1,-1,-1,-1,-1,-1,-1,-1,-1,-1,0,0,0,0,0,0,-1,-1,-1,-1,-1,-1,-1,-1,-1,-1,-1,-1,-1,-1,False,False,0,0,False,207,0,0,0,0,0,0,0,0,0,0,0,0,0,0,0,1,
0,1936,2026-02-16 17:35:36Z,LLM_Empathetic,6.927006,7.221719,6.632292,0.619776,0,1.606603,0,0,0,0,0,0,5.494422,4.34983,6.639024,0.592854,0.702737,0.482971,7.396388,6.22382,8.568956,0.5914887,0,2.113889,7.19595,6.103748,8.288153,9.85432,10,9.510361,6.927006,7.221719,6.632292,0.619776,0,1.606603,0,0,0,0,0,0,5.494422,4.34983,6.639024,0.592854,0.702737,0.482971,7.396388,6.22382,8.568956,0.5914887,0,2.113889,7.19595,6.103748,8.288153,9.85432,10,9.510361,-1,-1,-1,-1,-1,-1,-1,-1,-1,-1,-1,-1,-1,-1,-1,-1,-1,-1,-1,-1,-1,-1,-1,-1,-1,-1,-1,-1,-1,-1,-1,-1,-1,-1,-1,-1,-1,-1,-1,-1,-1,-1,-1,-1,-1,-1,-1,-1,-1,-1,0,0,0,0,0,0,-1,-1,-1,-1,-1,-1,-1,-1,-1,-1,-1,-1,0,0,0,0,0,0,-1,-1,-1,-1,-1,-1,-1,-1,-1,-1,-1,-1,-1,-1,False,False,0,0,False,209,0,0,0,0,0,0,0,0,0,0,0,0,0,0,0,1,
0,1937,2026-02-16 17:35:36Z,LLM_Empathetic,6.927011,7.22172,6.632301,0.6197678,0,1.606599,0,0,0,0,0,0,5.494428,4.349833,6.639034,0.592854,0.702737,0.482971,7.39639,6.223818,8.568964,0.5914835,0,2.113884,7.195959,6.103753,8.288165,9.854336,10,9.510383,6.927011,7.22172,6.632301,0.6197678,0,1.606599,0,0,0,0,0,0,5.494428,4.349833,6.639034,0.592854,0.702737,0.482971,7.39639,6.223818,8.568964,0.5914835,0,2.113884,7.195959,6.103753,8.288165,9.854336,10,9.510383,-1,-1,-1,-1,-1,-1,-1,-1,-1,-1,-1,-1,-1,-1,-1,-1,-1,-1,-1,-1,-1,-1,-1,-1,-1,-1,-1,-1,-1,-1,-1,-1,-1,-1,-1,-1,-1,-1,-1,-1,-1,-1,-1,-1,-1,-1,-1,-1,-1,-1,0,0,0,0,0,0,-1,-1,-1,-1,-1,-1,-1,-1,-1,-1,-1,-1,0,0,0,0,0,0,-1,-1,-1,-1,-1,-1,-1,-1,-1,-1,-1,-1,-1,-1,False,False,0,0,False,209,0,0,0,0,0,0,0,0,0,0,0,0,0,0,0,1,
0,1938,2026-02-16 17:35:37Z,LLM_Empathetic,6.927015,7.221721,6.63231,0.6197597,0,1.606594,0,0,0,0,0,0,5.494434,4.349834,6.639045,0.592854,0.702737,0.482971,7.396393,6.223817,8.568971,0.5914783,0,2.113879,7.195967,6.103758,8.288177,9.854353,10,9.510404,6.927015,7.221721,6.63231,0.6197597,0,1.606594,0,0,0,0,0,0,5.494434,4.349834,6.639045,0.592854,0.702737,0.482971,7.396393,6.223817,8.568971,0.5914783,0,2.113879,7.195967,6.103758,8.288177,9.854353,10,9.510404,-1,-1,-1,-1,-1,-1,-1,-1,-1,-1,-1,-1,-1,-1,-1,-1,-1,-1,-1,-1,-1,-1,-1,-1,-1,-1,-1,-1,-1,-1,-1,-1,-1,-1,-1,-1,-1,-1,-1,-1,-1,-1,-1,-1,-1,-1,-1,-1,-1,-1,0,0,0,0,0,0,-1,-1,-1,-1,-1,-1,-1,-1,-1,-1,-1,-1,0,0,0,0,0,0,-1,-1,-1,-1,-1,-1,-1,-1,-1,-1,-1,-1,-1,-1,False,False,0,0,False,209,0,0,0,0,0,0,0,0,0,0,0,0,0,0,0,1,
0,1939,2026-02-16 17:35:37Z,LLM_Empathetic,6.92702,7.221722,6.632318,0.6197516,0,1.60659,0,0,0,0,0,0,5.494441,4.349836,6.639055,0.592854,0.702737,0.482971,7.396396,6.223815,8.568977,0.5914732,0,2.113873,7.195975,6.103762,8.28819,9.85437,10,9.510426,6.92702,7.221722,6.632318,0.6197516,0,1.60659,0,0,0,0,0,0,5.494441,4.349836,6.639055,0.592854,0.702737,0.482971,7.396396,6.223815,8.568977,0.5914732,0,2.113873,7.195975,6.103762,8.28819,9.85437,10,9.510426,-1,-1,-1,-1,-1,-1,-1,-1,-1,-1,-1,-1,-1,-1,-1,-1,-1,-1,-1,-1,-1,-1,-1,-1,-1,-1,-1,-1,-1,-1,-1,-1,-1,-1,-1,-1,-1,-1,-1,-1,-1,-1,-1,-1,-1,-1,-1,-1,-1,-1,0,0,0,0,0,0,-1,-1,-1,-1,-1,-1,-1,-1,-1,-1,-1,-1,0,0,0,0,0,0,-1,-1,-1,-1,-1,-1,-1,-1,-1,-1,-1,-1,-1,-1,False,False,0,0,False,209,0,0,0,0,0,0,0,0,0,0,0,0,0,0,0,1,
0,1940,2026-02-16 17:35:37Z,LLM_Empathetic,6.927025,7.221723,6.632327,0.6197436,0,1.606585,0,0,0,0,0,0,5.494447,4.349838,6.639065,0.592854,0.702737,0.482971,7.396399,6.223814,8.568985,0.591468,0,2.113868,7.195984,6.103767,8.288202,9.854387,10,9.510447,6.927025,7.221723,6.632327,0.6197436,0,1.606585,0,0,0,0,0,0,5.494447,4.349838,6.639065,0.592854,0.702737,0.482971,7.396399,6.223814,8.568985,0.591468,0,2.113868,7.195984,6.103767,8.288202,9.854387,10,9.510447,-1,-1,-1,-1,-1,-1,-1,-1,-1,-1,-1,-1,-1,-1,-1,-1,-1,-1,-1,-1,-1,-1,-1,-1,-1,-1,-1,-1,-1,-1,-1,-1,-1,-1,-1,-1,-1,-1,-1,-1,-1,-1,-1,-1,-1,-1,-1,-1,-1,-1,0,0,0,0,0,0,-1,-1,-1,-1,-1,-1,-1,-1,-1,-1,-1,-1,0,0,0,0,0,0,-1,-1,-1,-1,-1,-1,-1,-1,-1,-1,-1,-1,-1,-1,False,False,0,0,False,207,0,0,0,0,0,0,0,0,0,0,0,0,0,0,0,1,
0,1941,2026-02-16 17:35:37Z,LLM_Empathetic,6.92703,7.221724,6.632336,0.6197355,0,1.606581,0,0,0,0,0,0,5.494452,4.349841,6.639075,0.592854,0.702737,0.482971,7.396402,6.223813,8.568992,0.5914628,0,2.113863,7.195992,6.103772,8.288215,9.854404,10,9.510468,6.92703,7.221724,6.632336,0.6197355,0,1.606581,0,0,0,0,0,0,5.494452,4.349841,6.639075,0.592854,0.702737,0.482971,7.396402,6.223813,8.568992,0.5914628,0,2.113863,7.195992,6.103772,8.288215,9.854404,10,9.510468,-1,-1,-1,-1,-1,-1,-1,-1,-1,-1,-1,-1,-1,-1,-1,-1,-1,-1,-1,-1,-1,-1,-1,-1,-1,-1,-1,-1,-1,-1,-1,-1,-1,-1,-1,-1,-1,-1,-1,-1,-1,-1,-1,-1,-1,-1,-1,-1,-1,-1,0,0,0,0,0,0,-1,-1,-1,-1,-1,-1,-1,-1,-1,-1,-1,-1,0,0,0,0,0,0,-1,-1,-1,-1,-1,-1,-1,-1,-1,-1,-1,-1,-1,-1,False,False,0,0,False,209,0,0,0,0,0,0,0,0,0,0,0,0,0,0,0,1,
0,1942,2026-02-16 17:35:37Z,LLM_Empathetic,6.927034,7.221725,6.632344,0.6197274,0,1.606576,0,0,0,0,0,0,5.494459,4.349843,6.639085,0.592854,0.702737,0.482971,7.396405,6.223811,8.568998,0.5914576,0,2.113858,7.196001,6.103776,8.288227,9.854421,10,9.510489,6.927034,7.221725,6.632344,0.6197274,0,1.606576,0,0,0,0,0,0,5.494459,4.349843,6.639085,0.592854,0.702737,0.482971,7.396405,6.223811,8.568998,0.5914576,0,2.113858,7.196001,6.103776,8.288227,9.854421,10,9.510489,-1,-1,-1,-1,-1,-1,-1,-1,-1,-1,-1,-1,-1,-1,-1,-1,-1,-1,-1,-1,-1,-1,-1,-1,-1,-1,-1,-1,-1,-1,-1,-1,-1,-1,-1,-1,-1,-1,-1,-1,-1,-1,-1,-1,-1,-1,-1,-1,-1,-1,0,0,0,0,0,0,-1,-1,-1,-1,-1,-1,-1,-1,-1,-1,-1,-1,0,0,0,0,0,0,-1,-1,-1,-1,-1,-1,-1,-1,-1,-1,-1,-1,-1,-1,False,False,0,0,False,209,0,0,0,0,0,0,0,0,0,0,0,0,0,0,0,1,
0,1943,2026-02-16 17:35:37Z,LLM_Empathetic,6.927039,7.221725,6.632353,0.6197193,0,1.606572,0,0,0,0,0,0,5.494465,4.349844,6.639096,0.592854,0.702737,0.482971,7.396408,6.22381,8.569006,0.5914524,0,2.113853,7.19601,6.103781,8.288239,9.854438,10,9.51051,6.927039,7.221725,6.632353,0.6197193,0,1.606572,0,0,0,0,0,0,5.494465,4.349844,6.639096,0.592854,0.702737,0.482971,7.396408,6.22381,8.569006,0.5914524,0,2.113853,7.19601,6.103781,8.288239,9.854438,10,9.51051,-1,-1,-1,-1,-1,-1,-1,-1,-1,-1,-1,-1,-1,-1,-1,-1,-1,-1,-1,-1,-1,-1,-1,-1,-1,-1,-1,-1,-1,-1,-1,-1,-1,-1,-1,-1,-1,-1,-1,-1,-1,-1,-1,-1,-1,-1,-1,-1,-1,-1,0,0,0,0,0,0,-1,-1,-1,-1,-1,-1,-1,-1,-1,-1,-1,-1,0,0,0,0,0,0,-1,-1,-1,-1,-1,-1,-1,-1,-1,-1,-1,-1,-1,-1,False,False,0,0,False,209,0,0,0,0,0,0,0,0,0,0,0,0,0,0,0,1,
0,1944,2026-02-16 17:35:37Z,LLM_Empathetic,6.927044,7.221726,6.632362,0.6197112,0,1.606568,0,0,0,0,0,0,5.494471,4.349846,6.639106,0.592854,0.702737,0.482971,7.39641,6.223808,8.569013,0.5914473,0,2.113848,7.196018,6.103786,8.288252,9.854455,10,9.510531,6.927044,7.221726,6.632362,0.6197112,0,1.606568,0,0,0,0,0,0,5.494471,4.349846,6.639106,0.592854,0.702737,0.482971,7.39641,6.223808,8.569013,0.5914473,0,2.113848,7.196018,6.103786,8.288252,9.854455,10,9.510531,-1,-1,-1,-1,-1,-1,-1,-1,-1,-1,-1,-1,-1,-1,-1,-1,-1,-1,-1,-1,-1,-1,-1,-1,-1,-1,-1,-1,-1,-1,-1,-1,-1,-1,-1,-1,-1,-1,-1,-1,-1,-1,-1,-1,-1,-1,-1,-1,-1,-1,0,0,0,0,0,0,-1,-1,-1,-1,-1,-1,-1,-1,-1,-1,-1,-1,0,0,0,0,0,0,-1,-1,-1,-1,-1,-1,-1,-1,-1,-1,-1,-1,-1,-1,False,False,0,0,False,209,0,0,0,0,0,0,0,0,0,0,0,0,0,0,0,1,
0,1945,2026-02-16 17:35:37Z,LLM_Empathetic,6.927049,7.221727,6.63237,0.6197032,0,1.606563,0,0,0,0,0,0,5.494477,4.349849,6.639116,0.592854,0.702737,0.482971,7.396413,6.223807,8.569019,0.5914421,0,2.113842,7.196026,6.10379,8.288264,9.854472,10,9.510552,6.927049,7.221727,6.63237,0.6197032,0,1.606563,0,0,0,0,0,0,5.494477,4.349849,6.639116,0.592854,0.702737,0.482971,7.396413,6.223807,8.569019,0.5914421,0,2.113842,7.196026,6.10379,8.288264,9.854472,10,9.510552,-1,-1,-1,-1,-1,-1,-1,-1,-1,-1,-1,-1,-1,-1,-1,-1,-1,-1,-1,-1,-1,-1,-1,-1,-1,-1,-1,-1,-1,-1,-1,-1,-1,-1,-1,-1,-1,-1,-1,-1,-1,-1,-1,-1,-1,-1,-1,-1,-1,-1,0,0,0,0,0,0,-1,-1,-1,-1,-1,-1,-1,-1,-1,-1,-1,-1,0,0,0,0,0,0,-1,-1,-1,-1,-1,-1,-1,-1,-1,-1,-1,-1,-1,-1,False,False,0,0,False,207,0,0,0,0,0,0,0,0,0,0,0,0,0,0,0,1,
0,1946,2026-02-16 17:35:37Z,LLM_Empathetic,6.927053,7.221728,6.632379,0.6196951,0,1.606559,0,0,0,0,0,0,5.494483,4.349851,6.639126,0.592854,0.702737,0.482971,7.396416,6.223805,8.569027,0.591437,0,2.113837,7.196035,6.103795,8.288276,9.854488,10,9.510574,6.927053,7.221728,6.632379,0.6196951,0,1.606559,0,0,0,0,0,0,5.494483,4.349851,6.639126,0.592854,0.702737,0.482971,7.396416,6.223805,8.569027,0.591437,0,2.113837,7.196035,6.103795,8.288276,9.854488,10,9.510574,-1,-1,-1,-1,-1,-1,-1,-1,-1,-1,-1,-1,-1,-1,-1,-1,-1,-1,-1,-1,-1,-1,-1,-1,-1,-1,-1,-1,-1,-1,-1,-1,-1,-1,-1,-1,-1,-1,-1,-1,-1,-1,-1,-1,-1,-1,-1,-1,-1,-1,0,0,0,0,0,0,-1,-1,-1,-1,-1,-1,-1,-1,-1,-1,-1,-1,0,0,0,0,0,0,-1,-1,-1,-1,-1,-1,-1,-1,-1,-1,-1,-1,-1,-1,False,False,0,0,False,209,0,0,0,0,0,0,0,0,0,0,0,0,0,0,0,1,
0,1947,2026-02-16 17:35:37Z,LLM_Empathetic,6.927058,7.221729,6.632388,0.6196871,0,1.606554,0,0,0,0,0,0,5.494489,4.349853,6.639136,0.592854,0.702737,0.482971,7.396419,6.223804,8.569034,0.5914318,0,2.113832,7.196043,6.103799,8.288288,9.854506,10,9.510595,6.927058,7.221729,6.632388,0.6196871,0,1.606554,0,0,0,0,0,0,5.494489,4.349853,6.639136,0.592854,0.702737,0.482971,7.396419,6.223804,8.569034,0.5914318,0,2.113832,7.196043,6.103799,8.288288,9.854506,10,9.510595,-1,-1,-1,-1,-1,-1,-1,-1,-1,-1,-1,-1,-1,-1,-1,-1,-1,-1,-1,-1,-1,-1,-1,-1,-1,-1,-1,-1,-1,-1,-1,-1,-1,-1,-1,-1,-1,-1,-1,-1,-1,-1,-1,-1,-1,-1,-1,-1,-1,-1,0,0,0,0,0,0,-1,-1,-1,-1,-1,-1,-1,-1,-1,-1,-1,-1,0,0,0,0,0,0,-1,-1,-1,-1,-1,-1,-1,-1,-1,-1,-1,-1,-1,-1,False,False,0,0,False,207,0,0,0,0,0,0,0,0,0,0,0,0,0,0,0,1,
0,1948,2026-02-16 17:35:37Z,LLM_Empathetic,6.927063,7.22173,6.632396,0.619679,0,1.60655,0,0,0,0,0,0,5.494495,4.349854,6.639147,0.592854,0.702737,0.482971,7.396421,6.223803,8.56904,0.5914267,0,2.113827,7.196052,6.103804,8.288301,9.854523,10,9.510616,6.927063,7.22173,6.632396,0.619679,0,1.60655,0,0,0,0,0,0,5.494495,4.349854,6.639147,0.592854,0.702737,0.482971,7.396421,6.223803,8.56904,0.5914267,0,2.113827,7.196052,6.103804,8.288301,9.854523,10,9.510616,-1,-1,-1,-1,-1,-1,-1,-1,-1,-1,-1,-1,-1,-1,-1,-1,-1,-1,-1,-1,-1,-1,-1,-1,-1,-1,-1,-1,-1,-1,-1,-1,-1,-1,-1,-1,-1,-1,-1,-1,-1,-1,-1,-1,-1,-1,-1,-1,-1,-1,0,0,0,0,0,0,-1,-1,-1,-1,-1,-1,-1,-1,-1,-1,-1,-1,0,0,0,0,0,0,-1,-1,-1,-1,-1,-1,-1,-1,-1,-1,-1,-1,-1,-1,False,False,0,0,False,207,0,0,0,0,0,0,0,0,0,0,0,0,0,0,0,1,
0,1949,2026-02-16 17:35:37Z,LLM_Empathetic,6.927068,7.221731,6.632405,0.619671,0,1.606545,0,0,0,0,0,0,5.494502,4.349856,6.639157,0.592854,0.702737,0.482971,7.396424,6.223801,8.569048,0.5914215,0,2.113822,7.19606,6.103808,8.288313,9.85454,10,9.510637,6.927068,7.221731,6.632405,0.619671,0,1.606545,0,0,0,0,0,0,5.494502,4.349856,6.639157,0.592854,0.702737,0.482971,7.396424,6.223801,8.569048,0.5914215,0,2.113822,7.19606,6.103808,8.288313,9.85454,10,9.510637,-1,-1,-1,-1,-1,-1,-1,-1,-1,-1,-1,-1,-1,-1,-1,-1,-1,-1,-1,-1,-1,-1,-1,-1,-1,-1,-1,-1,-1,-1,-1,-1,-1,-1,-1,-1,-1,-1,-1,-1,-1,-1,-1,-1,-1,-1,-1,-1,-1,-1,0,0,0,0,0,0,-1,-1,-1,-1,-1,-1,-1,-1,-1,-1,-1,-1,0,0,0,0,0,0,-1,-1,-1,-1,-1,-1,-1,-1,-1,-1,-1,-1,-1,-1,False,False,0,0,False,207,0,0,0,0,0,0,0,0,0,0,0,0,0,0,0,1,
0,1950,2026-02-16 17:35:37Z,LLM_Empathetic,6.927073,7.221731,6.632413,0.6196629,0,1.606541,0,0,0,0,0,0,5.494508,4.349859,6.639167,0.592854,0.702737,0.482971,7.396427,6.2238,8.569055,0.5914164,0,2.113817,7.196069,6.103813,8.288325,9.854556,10,9.510659,6.927073,7.221731,6.632413,0.6196629,0,1.606541,0,0,0,0,0,0,5.494508,4.349859,6.639167,0.592854,0.702737,0.482971,7.396427,6.2238,8.569055,0.5914164,0,2.113817,7.196069,6.103813,8.288325,9.854556,10,9.510659,-1,-1,-1,-1,-1,-1,-1,-1,-1,-1,-1,-1,-1,-1,-1,-1,-1,-1,-1,-1,-1,-1,-1,-1,-1,-1,-1,-1,-1,-1,-1,-1,-1,-1,-1,-1,-1,-1,-1,-1,-1,-1,-1,-1,-1,-1,-1,-1,-1,-1,0,0,0,0,0,0,-1,-1,-1,-1,-1,-1,-1,-1,-1,-1,-1,-1,0,0,0,0,0,0,-1,-1,-1,-1,-1,-1,-1,-1,-1,-1,-1,-1,-1,-1,False,False,0,0,False,209,0,0,0,0,0,0,0,0,0,0,0,0,0,0,0,1,
0,1951,2026-02-16 17:35:37Z,LLM_Empathetic,6.927077,7.221732,6.632422,0.619655,0,1.606537,0,0,0,0,0,0,5.494514,4.349861,6.639177,0.592854,0.702737,0.482971,7.39643,6.223798,8.569061,0.5914112,0,2.113811,7.196077,6.103817,8.288338,9.854573,10,9.51068,6.927077,7.221732,6.632422,0.619655,0,1.606537,0,0,0,0,0,0,5.494514,4.349861,6.639177,0.592854,0.702737,0.482971,7.39643,6.223798,8.569061,0.5914112,0,2.113811,7.196077,6.103817,8.288338,9.854573,10,9.51068,-1,-1,-1,-1,-1,-1,-1,-1,-1,-1,-1,-1,-1,-1,-1,-1,-1,-1,-1,-1,-1,-1,-1,-1,-1,-1,-1,-1,-1,-1,-1,-1,-1,-1,-1,-1,-1,-1,-1,-1,-1,-1,-1,-1,-1,-1,-1,-1,-1,-1,0,0,0,0,0,0,-1,-1,-1,-1,-1,-1,-1,-1,-1,-1,-1,-1,0,0,0,0,0,0,-1,-1,-1,-1,-1,-1,-1,-1,-1,-1,-1,-1,-1,-1,False,False,0,0,False,209,0,0,0,0,0,0,0,0,0,0,0,0,0,0,0,1,
0,1952,2026-02-16 17:35:37Z,LLM_Empathetic,6.927082,7.221733,6.632431,0.6196469,0,1.606532,0,0,0,0,0,0,5.49452,4.349863,6.639187,0.592854,0.702737,0.482971,7.396432,6.223797,8.569069,0.5914061,0,2.113806,7.196085,6.103822,8.28835,9.85459,10,9.510701,6.927082,7.221733,6.632431,0.6196469,0,1.606532,0,0,0,0,0,0,5.49452,4.349863,6.639187,0.592854,0.702737,0.482971,7.396432,6.223797,8.569069,0.5914061,0,2.113806,7.196085,6.103822,8.28835,9.85459,10,9.510701,-1,-1,-1,-1,-1,-1,-1,-1,-1,-1,-1,-1,-1,-1,-1,-1,-1,-1,-1,-1,-1,-1,-1,-1,-1,-1,-1,-1,-1,-1,-1,-1,-1,-1,-1,-1,-1,-1,-1,-1,-1,-1,-1,-1,-1,-1,-1,-1,-1,-1,0,0,0,0,0,0,-1,-1,-1,-1,-1,-1,-1,-1,-1,-1,-1,-1,0,0,0,0,0,0,-1,-1,-1,-1,-1,-1,-1,-1,-1,-1,-1,-1,-1,-1,False,False,0,0,False,209,0,0,0,0,0,0,0,0,0,0,0,0,0,0,0,1,
0,1953,2026-02-16 17:35:37Z,LLM_Empathetic,6.927087,7.221734,6.632439,0.6196389,0,1.606528,0,0,0,0,0,0,5.494526,4.349864,6.639197,0.592854,0.702737,0.482971,7.396435,6.223795,8.569076,0.591401,0,2.113801,7.196094,6.103827,8.288363,9.854607,10,9.510722,6.927087,7.221734,6.632439,0.6196389,0,1.606528,0,0,0,0,0,0,5.494526,4.349864,6.639197,0.592854,0.702737,0.482971,7.396435,6.223795,8.569076,0.591401,0,2.113801,7.196094,6.103827,8.288363,9.854607,10,9.510722,-1,-1,-1,-1,-1,-1,-1,-1,-1,-1,-1,-1,-1,-1,-1,-1,-1,-1,-1,-1,-1,-1,-1,-1,-1,-1,-1,-1,-1,-1,-1,-1,-1,-1,-1,-1,-1,-1,-1,-1,-1,-1,-1,-1,-1,-1,-1,-1,-1,-1,0,0,0,0,0,0,-1,-1,-1,-1,-1,-1,-1,-1,-1,-1,-1,-1,0,0,0,0,0,0,-1,-1,-1,-1,-1,-1,-1,-1,-1,-1,-1,-1,-1,-1,False,False,0,0,False,207,0,0,0,0,0,0,0,0,0,0,0,0,0,0,0,1,
0,1954,2026-02-16 17:35:37Z,LLM_Empathetic,6.927091,7.221735,6.632448,0.6196309,0,1.606523,0,0,0,0,0,0,5.494532,4.349866,6.639207,0.592854,0.702737,0.482971,7.396438,6.223794,8.569082,0.5913958,0,2.113796,7.196102,6.103831,8.288375,9.854624,10,9.510743,6.927091,7.221735,6.632448,0.6196309,0,1.606523,0,0,0,0,0,0,5.494532,4.349866,6.639207,0.592854,0.702737,0.482971,7.396438,6.223794,8.569082,0.5913958,0,2.113796,7.196102,6.103831,8.288375,9.854624,10,9.510743,-1,-1,-1,-1,-1,-1,-1,-1,-1,-1,-1,-1,-1,-1,-1,-1,-1,-1,-1,-1,-1,-1,-1,-1,-1,-1,-1,-1,-1,-1,-1,-1,-1,-1,-1,-1,-1,-1,-1,-1,-1,-1,-1,-1,-1,-1,-1,-1,-1,-1,0,0,0,0,0,0,-1,-1,-1,-1,-1,-1,-1,-1,-1,-1,-1,-1,0,0,0,0,0,0,-1,-1,-1,-1,-1,-1,-1,-1,-1,-1,-1,-1,-1,-1,False,False,0,0,False,207,0,0,0,0,0,0,0,0,0,0,0,0,0,0,0,1,
0,1955,2026-02-16 17:35:37Z,LLM_Empathetic,6.927096,7.221735,6.632456,0.6196229,0,1.606519,0,0,0,0,0,0,5.494538,4.349869,6.639217,0.592854,0.702737,0.482971,7.396441,6.223793,8.569089,0.5913907,0,2.113791,7.196111,6.103836,8.288387,9.85464,10,9.510764,6.927096,7.221735,6.632456,0.6196229,0,1.606519,0,0,0,0,0,0,5.494538,4.349869,6.639217,0.592854,0.702737,0.482971,7.396441,6.223793,8.569089,0.5913907,0,2.113791,7.196111,6.103836,8.288387,9.85464,10,9.510764,-1,-1,-1,-1,-1,-1,-1,-1,-1,-1,-1,-1,-1,-1,-1,-1,-1,-1,-1,-1,-1,-1,-1,-1,-1,-1,-1,-1,-1,-1,-1,-1,-1,-1,-1,-1,-1,-1,-1,-1,-1,-1,-1,-1,-1,-1,-1,-1,-1,-1,0,0,0,0,0,0,-1,-1,-1,-1,-1,-1,-1,-1,-1,-1,-1,-1,0,0,0,0,0,0,-1,-1,-1,-1,-1,-1,-1,-1,-1,-1,-1,-1,-1,-1,False,False,0,0,False,209,0,0,0,0,0,0,0,0,0,0,0,0,0,0,0,1,
0,1956,2026-02-16 17:35:37Z,LLM_Empathetic,6.927101,7.221736,6.632465,0.6196149,0,1.606514,0,0,0,0,0,0,5.494544,4.349871,6.639227,0.592854,0.702737,0.482971,7.396443,6.223791,8.569097,0.5913856,0,2.113786,7.196119,6.10384,8.288399,9.854657,10,9.510785,6.927101,7.221736,6.632465,0.6196149,0,1.606514,0,0,0,0,0,0,5.494544,4.349871,6.639227,0.592854,0.702737,0.482971,7.396443,6.223791,8.569097,0.5913856,0,2.113786,7.196119,6.10384,8.288399,9.854657,10,9.510785,-1,-1,-1,-1,-1,-1,-1,-1,-1,-1,-1,-1,-1,-1,-1,-1,-1,-1,-1,-1,-1,-1,-1,-1,-1,-1,-1,-1,-1,-1,-1,-1,-1,-1,-1,-1,-1,-1,-1,-1,-1,-1,-1,-1,-1,-1,-1,-1,-1,-1,0,0,0,0,0,0,-1,-1,-1,-1,-1,-1,-1,-1,-1,-1,-1,-1,0,0,0,0,0,0,-1,-1,-1,-1,-1,-1,-1,-1,-1,-1,-1,-1,-1,-1,False,False,0,0,False,207,0,0,0,0,0,0,0,0,0,0,0,0,0,0,0,1,
0,1957,2026-02-16 17:35:37Z,LLM_Empathetic,6.927105,7.221737,6.632473,0.6196069,0,1.60651,0,0,0,0,0,0,5.49455,4.349873,6.639238,0.592854,0.702737,0.482971,7.396446,6.22379,8.569103,0.5913805,0,2.113781,7.196127,6.103845,8.288411,9.854674,10,9.510806,6.927105,7.221737,6.632473,0.6196069,0,1.60651,0,0,0,0,0,0,5.49455,4.349873,6.639238,0.592854,0.702737,0.482971,7.396446,6.22379,8.569103,0.5913805,0,2.113781,7.196127,6.103845,8.288411,9.854674,10,9.510806,-1,-1,-1,-1,-1,-1,-1,-1,-1,-1,-1,-1,-1,-1,-1,-1,-1,-1,-1,-1,-1,-1,-1,-1,-1,-1,-1,-1,-1,-1,-1,-1,-1,-1,-1,-1,-1,-1,-1,-1,-1,-1,-1,-1,-1,-1,-1,-1,-1,-1,0,0,0,0,0,0,-1,-1,-1,-1,-1,-1,-1,-1,-1,-1,-1,-1,0,0,0,0,0,0,-1,-1,-1,-1,-1,-1,-1,-1,-1,-1,-1,-1,-1,-1,False,False,0,0,False,207,0,0,0,0,0,0,0,0,0,0,0,0,0,0,0,1,
0,1958,2026-02-16 17:35:37Z,LLM_Empathetic,6.92711,7.221738,6.632482,0.6195989,0,1.606506,0,0,0,0,0,0,5.494556,4.349874,6.639248,0.592854,0.702737,0.482971,7.396449,6.223788,8.56911,0.5913754,0,2.113776,7.196136,6.103849,8.288424,9.854691,10,9.510827,6.92711,7.221738,6.632482,0.6195989,0,1.606506,0,0,0,0,0,0,5.494556,4.349874,6.639248,0.592854,0.702737,0.482971,7.396449,6.223788,8.56911,0.5913754,0,2.113776,7.196136,6.103849,8.288424,9.854691,10,9.510827,-1,-1,-1,-1,-1,-1,-1,-1,-1,-1,-1,-1,-1,-1,-1,-1,-1,-1,-1,-1,-1,-1,-1,-1,-1,-1,-1,-1,-1,-1,-1,-1,-1,-1,-1,-1,-1,-1,-1,-1,-1,-1,-1,-1,-1,-1,-1,-1,-1,-1,0,0,0,0,0,0,-1,-1,-1,-1,-1,-1,-1,-1,-1,-1,-1,-1,0,0,0,0,0,0,-1,-1,-1,-1,-1,-1,-1,-1,-1,-1,-1,-1,-1,-1,False,False,0,0,False,207,0,0,0,0,0,0,0,0,0,0,0,0,0,0,0,1,
0,1959,2026-02-16 17:35:37Z,LLM_Empathetic,6.927115,7.221739,6.632491,0.6195909,0,1.606501,0,0,0,0,0,0,5.494562,4.349876,6.639258,0.592854,0.702737,0.482971,7.396451,6.223787,8.569117,0.5913702,0,2.113771,7.196144,6.103854,8.288436,9.854708,10,9.510848,6.927115,7.221739,6.632491,0.6195909,0,1.606501,0,0,0,0,0,0,5.494562,4.349876,6.639258,0.592854,0.702737,0.482971,7.396451,6.223787,8.569117,0.5913702,0,2.113771,7.196144,6.103854,8.288436,9.854708,10,9.510848,-1,-1,-1,-1,-1,-1,-1,-1,-1,-1,-1,-1,-1,-1,-1,-1,-1,-1,-1,-1,-1,-1,-1,-1,-1,-1,-1,-1,-1,-1,-1,-1,-1,-1,-1,-1,-1,-1,-1,-1,-1,-1,-1,-1,-1,-1,-1,-1,-1,-1,0,0,0,0,0,0,-1,-1,-1,-1,-1,-1,-1,-1,-1,-1,-1,-1,0,0,0,0,0,0,-1,-1,-1,-1,-1,-1,-1,-1,-1,-1,-1,-1,-1,-1,False,False,0,0,False,207,0,0,0,0,0,0,0,0,0,0,0,0,0,0,0,1,
0,1960,2026-02-16 17:35:37Z,LLM_Empathetic,6.92712,7.22174,6.632499,0.619583,0,1.606497,0,0,0,0,0,0,5.494568,4.349879,6.639268,0.592854,0.702737,0.482971,7.396454,6.223785,8.569124,0.5913652,0,2.113765,7.196153,6.103858,8.288448,9.854724,10,9.510869,6.92712,7.22174,6.632499,0.619583,0,1.606497,0,0,0,0,0,0,5.494568,4.349879,6.639268,0.592854,0.702737,0.482971,7.396454,6.223785,8.569124,0.5913652,0,2.113765,7.196153,6.103858,8.288448,9.854724,10,9.510869,-1,-1,-1,-1,-1,-1,-1,-1,-1,-1,-1,-1,-1,-1,-1,-1,-1,-1,-1,-1,-1,-1,-1,-1,-1,-1,-1,-1,-1,-1,-1,-1,-1,-1,-1,-1,-1,-1,-1,-1,-1,-1,-1,-1,-1,-1,-1,-1,-1,-1,0,0,0,0,0,0,-1,-1,-1,-1,-1,-1,-1,-1,-1,-1,-1,-1,0,0,0,0,0,0,-1,-1,-1,-1,-1,-1,-1,-1,-1,-1,-1,-1,-1,-1,False,False,0,0,False,207,0,0,0,0,0,0,0,0,0,0,0,0,0,0,0,1,
0,1961,2026-02-16 17:35:37Z,LLM_Empathetic,6.927124,7.221741,6.632507,0.619575,0,1.606493,0,0,0,0,0,0,5.494574,4.349881,6.639278,0.592854,0.702737,0.482971,7.396457,6.223784,8.569131,0.59136,0,2.11376,7.196161,6.103863,8.28846,9.854741,10,9.51089,6.927124,7.221741,6.632507,0.619575,0,1.606493,0,0,0,0,0,0,5.494574,4.349881,6.639278,0.592854,0.702737,0.482971,7.396457,6.223784,8.569131,0.59136,0,2.11376,7.196161,6.103863,8.28846,9.854741,10,9.51089,-1,-1,-1,-1,-1,-1,-1,-1,-1,-1,-1,-1,-1,-1,-1,-1,-1,-1,-1,-1,-1,-1,-1,-1,-1,-1,-1,-1,-1,-1,-1,-1,-1,-1,-1,-1,-1,-1,-1,-1,-1,-1,-1,-1,-1,-1,-1,-1,-1,-1,0,0,0,0,0,0,-1,-1,-1,-1,-1,-1,-1,-1,-1,-1,-1,-1,0,0,0,0,0,0,-1,-1,-1,-1,-1,-1,-1,-1,-1,-1,-1,-1,-1,-1,False,False,0,0,False,207,0,0,0,0,0,0,0,0,0,0,0,0,0,0,0,1,
0,1962,2026-02-16 17:35:37Z,LLM_Empathetic,6.927129,7.221742,6.632516,0.6195671,0,1.606488,0,0,0,0,0,0,5.49458,4.349883,6.639288,0.592854,0.702737,0.482971,7.39646,6.223783,8.569138,0.591355,0,2.113755,7.196169,6.103868,8.288472,9.854757,10,9.510911,6.927129,7.221742,6.632516,0.6195671,0,1.606488,0,0,0,0,0,0,5.49458,4.349883,6.639288,0.592854,0.702737,0.482971,7.39646,6.223783,8.569138,0.591355,0,2.113755,7.196169,6.103868,8.288472,9.854757,10,9.510911,-1,-1,-1,-1,-1,-1,-1,-1,-1,-1,-1,-1,-1,-1,-1,-1,-1,-1,-1,-1,-1,-1,-1,-1,-1,-1,-1,-1,-1,-1,-1,-1,-1,-1,-1,-1,-1,-1,-1,-1,-1,-1,-1,-1,-1,-1,-1,-1,-1,-1,0,0,0,0,0,0,-1,-1,-1,-1,-1,-1,-1,-1,-1,-1,-1,-1,0,0,0,0,0,0,-1,-1,-1,-1,-1,-1,-1,-1,-1,-1,-1,-1,-1,-1,False,False,0,0,False,209,0,0,0,0,0,0,0,0,0,0,0,0,0,0,0,1,
0,1963,2026-02-16 17:35:37Z,LLM_Empathetic,6.927134,7.221743,6.632524,0.6195591,0,1.606484,0,0,0,0,0,0,5.494586,4.349885,6.639298,0.592854,0.702737,0.482971,7.396463,6.223781,8.569144,0.5913499,0,2.11375,7.196178,6.103872,8.288485,9.854774,10,9.510932,6.927134,7.221743,6.632524,0.6195591,0,1.606484,0,0,0,0,0,0,5.494586,4.349885,6.639298,0.592854,0.702737,0.482971,7.396463,6.223781,8.569144,0.5913499,0,2.11375,7.196178,6.103872,8.288485,9.854774,10,9.510932,-1,-1,-1,-1,-1,-1,-1,-1,-1,-1,-1,-1,-1,-1,-1,-1,-1,-1,-1,-1,-1,-1,-1,-1,-1,-1,-1,-1,-1,-1,-1,-1,-1,-1,-1,-1,-1,-1,-1,-1,-1,-1,-1,-1,-1,-1,-1,-1,-1,-1,0,0,0,0,0,0,-1,-1,-1,-1,-1,-1,-1,-1,-1,-1,-1,-1,0,0,0,0,0,0,-1,-1,-1,-1,-1,-1,-1,-1,-1,-1,-1,-1,-1,-1,False,False,0,0,False,207,0,0,0,0,0,0,0,0,0,0,0,0,0,0,0,1,
0,1964,2026-02-16 17:35:37Z,LLM_Empathetic,6.927138,7.221743,6.632533,0.6195512,0,1.606479,0,0,0,0,0,0,5.494592,4.349886,6.639308,0.592854,0.702737,0.482971,7.396465,6.22378,8.569152,0.5913448,0,2.113745,7.196186,6.103876,8.288497,9.854791,10,9.510953,6.927138,7.221743,6.632533,0.6195512,0,1.606479,0,0,0,0,0,0,5.494592,4.349886,6.639308,0.592854,0.702737,0.482971,7.396465,6.22378,8.569152,0.5913448,0,2.113745,7.196186,6.103876,8.288497,9.854791,10,9.510953,-1,-1,-1,-1,-1,-1,-1,-1,-1,-1,-1,-1,-1,-1,-1,-1,-1,-1,-1,-1,-1,-1,-1,-1,-1,-1,-1,-1,-1,-1,-1,-1,-1,-1,-1,-1,-1,-1,-1,-1,-1,-1,-1,-1,-1,-1,-1,-1,-1,-1,0,0,0,0,0,0,-1,-1,-1,-1,-1,-1,-1,-1,-1,-1,-1,-1,0,0,0,0,0,0,-1,-1,-1,-1,-1,-1,-1,-1,-1,-1,-1,-1,-1,-1,False,False,0,0,False,207,0,0,0,0,0,0,0,0,0,0,0,0,0,0,0,1,
0,1965,2026-02-16 17:35:37Z,LLM_Empathetic,6.927143,7.221744,6.632542,0.6195433,0,1.606475,0,0,0,0,0,0,5.494598,4.349888,6.639318,0.592854,0.702737,0.482971,7.396468,6.223778,8.569159,0.5913397,0,2.11374,7.196195,6.103881,8.288508,9.854808,10,9.510974,6.927143,7.221744,6.632542,0.6195433,0,1.606475,0,0,0,0,0,0,5.494598,4.349888,6.639318,0.592854,0.702737,0.482971,7.396468,6.223778,8.569159,0.5913397,0,2.11374,7.196195,6.103881,8.288508,9.854808,10,9.510974,-1,-1,-1,-1,-1,-1,-1,-1,-1,-1,-1,-1,-1,-1,-1,-1,-1,-1,-1,-1,-1,-1,-1,-1,-1,-1,-1,-1,-1,-1,-1,-1,-1,-1,-1,-1,-1,-1,-1,-1,-1,-1,-1,-1,-1,-1,-1,-1,-1,-1,0,0,0,0,0,0,-1,-1,-1,-1,-1,-1,-1,-1,-1,-1,-1,-1,0,0,0,0,0,0,-1,-1,-1,-1,-1,-1,-1,-1,-1,-1,-1,-1,-1,-1,False,False,0,0,False,209,0,0,0,0,0,0,0,0,0,0,0,0,0,0,0,1,
0,1966,2026-02-16 17:35:37Z,LLM_Empathetic,6.927147,7.221745,6.63255,0.6195353,0,1.606471,0,0,0,0,0,0,5.494604,4.349891,6.639328,0.592854,0.702737,0.482971,7.396471,6.223777,8.569165,0.5913346,0,2.113735,7.196203,6.103885,8.288521,9.854824,10,9.510995,6.927147,7.221745,6.63255,0.6195353,0,1.606471,0,0,0,0,0,0,5.494604,4.349891,6.639328,0.592854,0.702737,0.482971,7.396471,6.223777,8.569165,0.5913346,0,2.113735,7.196203,6.103885,8.288521,9.854824,10,9.510995,-1,-1,-1,-1,-1,-1,-1,-1,-1,-1,-1,-1,-1,-1,-1,-1,-1,-1,-1,-1,-1,-1,-1,-1,-1,-1,-1,-1,-1,-1,-1,-1,-1,-1,-1,-1,-1,-1,-1,-1,-1,-1,-1,-1,-1,-1,-1,-1,-1,-1,0,0,0,0,0,0,-1,-1,-1,-1,-1,-1,-1,-1,-1,-1,-1,-1,0,0,0,0,0,0,-1,-1,-1,-1,-1,-1,-1,-1,-1,-1,-1,-1,-1,-1,False,False,0,0,False,209,0,0,0,0,0,0,0,0,0,0,0,0,0,0,0,1,
0,1967,2026-02-16 17:35:38Z,LLM_Empathetic,6.927152,7.221746,6.632558,0.6195274,0,1.606466,0,0,0,0,0,0,5.49461,4.349893,6.639338,0.592854,0.702737,0.482971,7.396473,6.223775,8.569172,0.5913296,0,2.11373,7.196211,6.10389,8.288533,9.854841,10,9.511016,6.927152,7.221746,6.632558,0.6195274,0,1.606466,0,0,0,0,0,0,5.49461,4.349893,6.639338,0.592854,0.702737,0.482971,7.396473,6.223775,8.569172,0.5913296,0,2.11373,7.196211,6.10389,8.288533,9.854841,10,9.511016,-1,-1,-1,-1,-1,-1,-1,-1,-1,-1,-1,-1,-1,-1,-1,-1,-1,-1,-1,-1,-1,-1,-1,-1,-1,-1,-1,-1,-1,-1,-1,-1,-1,-1,-1,-1,-1,-1,-1,-1,-1,-1,-1,-1,-1,-1,-1,-1,-1,-1,0,0,0,0,0,0,-1,-1,-1,-1,-1,-1,-1,-1,-1,-1,-1,-1,0,0,0,0,0,0,-1,-1,-1,-1,-1,-1,-1,-1,-1,-1,-1,-1,-1,-1,False,False,0,0,False,209,0,0,0,0,0,0,0,0,0,0,0,0,0,0,0,1,
0,1968,2026-02-16 17:35:38Z,LLM_Empathetic,6.927157,7.221747,6.632567,0.6195195,0,1.606462,0,0,0,0,0,0,5.494616,4.349895,6.639348,0.592854,0.702737,0.482971,7.396476,6.223774,8.56918,0.5913245,0,2.113725,7.196219,6.103894,8.288546,9.854857,10,9.511037,6.927157,7.221747,6.632567,0.6195195,0,1.606462,0,0,0,0,0,0,5.494616,4.349895,6.639348,0.592854,0.702737,0.482971,7.396476,6.223774,8.56918,0.5913245,0,2.113725,7.196219,6.103894,8.288546,9.854857,10,9.511037,-1,-1,-1,-1,-1,-1,-1,-1,-1,-1,-1,-1,-1,-1,-1,-1,-1,-1,-1,-1,-1,-1,-1,-1,-1,-1,-1,-1,-1,-1,-1,-1,-1,-1,-1,-1,-1,-1,-1,-1,-1,-1,-1,-1,-1,-1,-1,-1,-1,-1,0,0,0,0,0,0,-1,-1,-1,-1,-1,-1,-1,-1,-1,-1,-1,-1,0,0,0,0,0,0,-1,-1,-1,-1,-1,-1,-1,-1,-1,-1,-1,-1,-1,-1,False,False,0,0,False,209,0,0,0,0,0,0,0,0,0,0,0,0,0,0,0,1,
0,1969,2026-02-16 17:35:38Z,LLM_Empathetic,6.927162,7.221747,6.632576,0.6195115,0,1.606457,0,0,0,0,0,0,5.494622,4.349896,6.639358,0.592854,0.702737,0.482971,7.396479,6.223773,8.569186,0.5913194,0,2.11372,7.196228,6.103899,8.288557,9.854874,10,9.511058,6.927162,7.221747,6.632576,0.6195115,0,1.606457,0,0,0,0,0,0,5.494622,4.349896,6.639358,0.592854,0.702737,0.482971,7.396479,6.223773,8.569186,0.5913194,0,2.11372,7.196228,6.103899,8.288557,9.854874,10,9.511058,-1,-1,-1,-1,-1,-1,-1,-1,-1,-1,-1,-1,-1,-1,-1,-1,-1,-1,-1,-1,-1,-1,-1,-1,-1,-1,-1,-1,-1,-1,-1,-1,-1,-1,-1,-1,-1,-1,-1,-1,-1,-1,-1,-1,-1,-1,-1,-1,-1,-1,0,0,0,0,0,0,-1,-1,-1,-1,-1,-1,-1,-1,-1,-1,-1,-1,0,0,0,0,0,0,-1,-1,-1,-1,-1,-1,-1,-1,-1,-1,-1,-1,-1,-1,False,False,0,0,False,207,0,0,0,0,0,0,0,0,0,0,0,0,0,0,0,1,
0,1970,2026-02-16 17:35:38Z,LLM_Empathetic,6.927166,7.221748,6.632584,0.6195037,0,1.606453,0,0,0,0,0,0,5.494628,4.349898,6.639368,0.592854,0.702737,0.482971,7.396482,6.223771,8.569193,0.5913144,0,2.113715,7.196236,6.103903,8.288569,9.854891,10,9.511078,6.927166,7.221748,6.632584,0.6195037,0,1.606453,0,0,0,0,0,0,5.494628,4.349898,6.639368,0.592854,0.702737,0.482971,7.396482,6.223771,8.569193,0.5913144,0,2.113715,7.196236,6.103903,8.288569,9.854891,10,9.511078,-1,-1,-1,-1,-1,-1,-1,-1,-1,-1,-1,-1,-1,-1,-1,-1,-1,-1,-1,-1,-1,-1,-1,-1,-1,-1,-1,-1,-1,-1,-1,-1,-1,-1,-1,-1,-1,-1,-1,-1,-1,-1,-1,-1,-1,-1,-1,-1,-1,-1,0,0,0,0,0,0,-1,-1,-1,-1,-1,-1,-1,-1,-1,-1,-1,-1,0,0,0,0,0,0,-1,-1,-1,-1,-1,-1,-1,-1,-1,-1,-1,-1,-1,-1,False,False,0,0,False,209,0,0,0,0,0,0,0,0,0,0,0,0,0,0,0,1,
0,1971,2026-02-16 17:35:38Z,LLM_Empathetic,6.927171,7.221749,6.632592,0.6194957,0,1.606449,0,0,0,0,0,0,5.494634,4.3499,6.639378,0.592854,0.702737,0.482971,7.396484,6.22377,8.5692,0.5913093,0,2.11371,7.196244,6.103908,8.288582,9.854907,10,9.511099,6.927171,7.221749,6.632592,0.6194957,0,1.606449,0,0,0,0,0,0,5.494634,4.3499,6.639378,0.592854,0.702737,0.482971,7.396484,6.22377,8.5692,0.5913093,0,2.11371,7.196244,6.103908,8.288582,9.854907,10,9.511099,-1,-1,-1,-1,-1,-1,-1,-1,-1,-1,-1,-1,-1,-1,-1,-1,-1,-1,-1,-1,-1,-1,-1,-1,-1,-1,-1,-1,-1,-1,-1,-1,-1,-1,-1,-1,-1,-1,-1,-1,-1,-1,-1,-1,-1,-1,-1,-1,-1,-1,0,0,0,0,0,0,-1,-1,-1,-1,-1,-1,-1,-1,-1,-1,-1,-1,0,0,0,0,0,0,-1,-1,-1,-1,-1,-1,-1,-1,-1,-1,-1,-1,-1,-1,False,False,0,0,False,209,0,0,0,0,0,0,0,0,0,0,0,0,0,0,0,1,
0,1972,2026-02-16 17:35:38Z,LLM_Empathetic,6.927176,7.22175,6.632601,0.6194879,0,1.606444,0,0,0,0,0,0,5.49464,4.349903,6.639388,0.592854,0.702737,0.482971,7.396487,6.223768,8.569206,0.5913042,0,2.113705,7.196253,6.103912,8.288593,9.854923,10,9.51112,6.927176,7.22175,6.632601,0.6194879,0,1.606444,0,0,0,0,0,0,5.49464,4.349903,6.639388,0.592854,0.702737,0.482971,7.396487,6.223768,8.569206,0.5913042,0,2.113705,7.196253,6.103912,8.288593,9.854923,10,9.51112,-1,-1,-1,-1,-1,-1,-1,-1,-1,-1,-1,-1,-1,-1,-1,-1,-1,-1,-1,-1,-1,-1,-1,-1,-1,-1,-1,-1,-1,-1,-1,-1,-1,-1,-1,-1,-1,-1,-1,-1,-1,-1,-1,-1,-1,-1,-1,-1,-1,-1,0,0,0,0,0,0,-1,-1,-1,-1,-1,-1,-1,-1,-1,-1,-1,-1,0,0,0,0,0,0,-1,-1,-1,-1,-1,-1,-1,-1,-1,-1,-1,-1,-1,-1,False,False,0,0,False,207,0,0,0,0,0,0,0,0,0,0,0,0,0,0,0,1,
0,1973,2026-02-16 17:35:38Z,LLM_Empathetic,6.92718,7.221751,6.632609,0.61948,0,1.60644,0,0,0,0,0,0,5.494646,4.349905,6.639398,0.592854,0.702737,0.482971,7.39649,6.223767,8.569213,0.5912992,0,2.1137,7.196261,6.103917,8.288606,9.85494,10,9.511141,6.92718,7.221751,6.632609,0.61948,0,1.60644,0,0,0,0,0,0,5.494646,4.349905,6.639398,0.592854,0.702737,0.482971,7.39649,6.223767,8.569213,0.5912992,0,2.1137,7.196261,6.103917,8.288606,9.85494,10,9.511141,-1,-1,-1,-1,-1,-1,-1,-1,-1,-1,-1,-1,-1,-1,-1,-1,-1,-1,-1,-1,-1,-1,-1,-1,-1,-1,-1,-1,-1,-1,-1,-1,-1,-1,-1,-1,-1,-1,-1,-1,-1,-1,-1,-1,-1,-1,-1,-1,-1,-1,0,0,0,0,0,0,-1,-1,-1,-1,-1,-1,-1,-1,-1,-1,-1,-1,0,0,0,0,0,0,-1,-1,-1,-1,-1,-1,-1,-1,-1,-1,-1,-1,-1,-1,False,False,0,0,False,209,0,0,0,0,0,0,0,0,0,0,0,0,0,0,0,1,
0,1974,2026-02-16 17:35:38Z,LLM_Empathetic,6.927185,7.221752,6.632617,0.6194721,0,1.606436,0,0,0,0,0,0,5.494652,4.349906,6.639408,0.592854,0.702737,0.482971,7.396492,6.223766,8.569221,0.5912942,0,2.113694,7.196269,6.103921,8.288618,9.854957,10,9.511162,6.927185,7.221752,6.632617,0.6194721,0,1.606436,0,0,0,0,0,0,5.494652,4.349906,6.639408,0.592854,0.702737,0.482971,7.396492,6.223766,8.569221,0.5912942,0,2.113694,7.196269,6.103921,8.288618,9.854957,10,9.511162,-1,-1,-1,-1,-1,-1,-1,-1,-1,-1,-1,-1,-1,-1,-1,-1,-1,-1,-1,-1,-1,-1,-1,-1,-1,-1,-1,-1,-1,-1,-1,-1,-1,-1,-1,-1,-1,-1,-1,-1,-1,-1,-1,-1,-1,-1,-1,-1,-1,-1,0,0,0,0,0,0,-1,-1,-1,-1,-1,-1,-1,-1,-1,-1,-1,-1,0,0,0,0,0,0,-1,-1,-1,-1,-1,-1,-1,-1,-1,-1,-1,-1,-1,-1,False,False,0,0,False,209,0,0,0,0,0,0,0,0,0,0,0,0,0,0,0,1,
0,1975,2026-02-16 17:35:38Z,LLM_Empathetic,6.927189,7.221753,6.632626,0.6194642,0,1.606431,0,0,0,0,0,0,5.494658,4.349908,6.639418,0.592854,0.702737,0.482971,7.396495,6.223764,8.569227,0.5912891,0,2.113689,7.196278,6.103926,8.28863,9.854974,10,9.511182,6.927189,7.221753,6.632626,0.6194642,0,1.606431,0,0,0,0,0,0,5.494658,4.349908,6.639418,0.592854,0.702737,0.482971,7.396495,6.223764,8.569227,0.5912891,0,2.113689,7.196278,6.103926,8.28863,9.854974,10,9.511182,-1,-1,-1,-1,-1,-1,-1,-1,-1,-1,-1,-1,-1,-1,-1,-1,-1,-1,-1,-1,-1,-1,-1,-1,-1,-1,-1,-1,-1,-1,-1,-1,-1,-1,-1,-1,-1,-1,-1,-1,-1,-1,-1,-1,-1,-1,-1,-1,-1,-1,0,0,0,0,0,0,-1,-1,-1,-1,-1,-1,-1,-1,-1,-1,-1,-1,0,0,0,0,0,0,-1,-1,-1,-1,-1,-1,-1,-1,-1,-1,-1,-1,-1,-1,False,False,0,0,False,207,0,0,0,0,0,0,0,0,0,0,0,0,0,0,0,1,
0,1976,2026-02-16 17:35:38Z,LLM_Empathetic,6.927194,7.221754,6.632635,0.6194564,0,1.606427,0,0,0,0,0,0,5.494664,4.34991,6.639428,0.592854,0.702737,0.482971,7.396498,6.223763,8.569234,0.5912841,0,2.113684,7.196286,6.10393,8.288642,9.85499,10,9.511203,6.927194,7.221754,6.632635,0.6194564,0,1.606427,0,0,0,0,0,0,5.494664,4.34991,6.639428,0.592854,0.702737,0.482971,7.396498,6.223763,8.569234,0.5912841,0,2.113684,7.196286,6.10393,8.288642,9.85499,10,9.511203,-1,-1,-1,-1,-1,-1,-1,-1,-1,-1,-1,-1,-1,-1,-1,-1,-1,-1,-1,-1,-1,-1,-1,-1,-1,-1,-1,-1,-1,-1,-1,-1,-1,-1,-1,-1,-1,-1,-1,-1,-1,-1,-1,-1,-1,-1,-1,-1,-1,-1,0,0,0,0,0,0,-1,-1,-1,-1,-1,-1,-1,-1,-1,-1,-1,-1,0,0,0,0,0,0,-1,-1,-1,-1,-1,-1,-1,-1,-1,-1,-1,-1,-1,-1,False,False,0,0,False,209,0,0,0,0,0,0,0,0,0,0,0,0,0,0,0,1,
0,1977,2026-02-16 17:35:38Z,LLM_Empathetic,6.927198,7.221754,6.632643,0.6194485,0,1.606423,0,0,0,0,0,0,5.49467,4.349912,6.639438,0.592854,0.702737,0.482971,7.396501,6.223762,8.569241,0.591279,0,2.113679,7.196294,6.103935,8.288654,9.855006,10,9.511224,6.927198,7.221754,6.632643,0.6194485,0,1.606423,0,0,0,0,0,0,5.49467,4.349912,6.639438,0.592854,0.702737,0.482971,7.396501,6.223762,8.569241,0.591279,0,2.113679,7.196294,6.103935,8.288654,9.855006,10,9.511224,-1,-1,-1,-1,-1,-1,-1,-1,-1,-1,-1,-1,-1,-1,-1,-1,-1,-1,-1,-1,-1,-1,-1,-1,-1,-1,-1,-1,-1,-1,-1,-1,-1,-1,-1,-1,-1,-1,-1,-1,-1,-1,-1,-1,-1,-1,-1,-1,-1,-1,0,0,0,0,0,0,-1,-1,-1,-1,-1,-1,-1,-1,-1,-1,-1,-1,0,0,0,0,0,0,-1,-1,-1,-1,-1,-1,-1,-1,-1,-1,-1,-1,-1,-1,False,False,0,0,False,207,0,0,0,0,0,0,0,0,0,0,0,0,0,0,0,1,
0,1978,2026-02-16 17:35:38Z,LLM_Empathetic,6.927203,7.221755,6.632651,0.6194407,0,1.606418,0,0,0,0,0,0,5.494676,4.349914,6.639448,0.592854,0.702737,0.482971,7.396503,6.22376,8.569247,0.591274,0,2.113674,7.196302,6.103939,8.288666,9.855022,10,9.511244,6.927203,7.221755,6.632651,0.6194407,0,1.606418,0,0,0,0,0,0,5.494676,4.349914,6.639448,0.592854,0.702737,0.482971,7.396503,6.22376,8.569247,0.591274,0,2.113674,7.196302,6.103939,8.288666,9.855022,10,9.511244,-1,-1,-1,-1,-1,-1,-1,-1,-1,-1,-1,-1,-1,-1,-1,-1,-1,-1,-1,-1,-1,-1,-1,-1,-1,-1,-1,-1,-1,-1,-1,-1,-1,-1,-1,-1,-1,-1,-1,-1,-1,-1,-1,-1,-1,-1,-1,-1,-1,-1,0,0,0,0,0,0,-1,-1,-1,-1,-1,-1,-1,-1,-1,-1,-1,-1,0,0,0,0,0,0,-1,-1,-1,-1,-1,-1,-1,-1,-1,-1,-1,-1,-1,-1,False,False,0,0,False,207,0,0,0,0,0,0,0,0,0,0,0,0,0,0,0,1,
0,1979,2026-02-16 17:35:38Z,LLM_Empathetic,6.927208,7.221756,6.63266,0.6194328,0,1.606414,0,0,0,0,0,0,5.494682,4.349916,6.639458,0.592854,0.702737,0.482971,7.396506,6.223759,8.569254,0.591269,0,2.113669,7.196311,6.103944,8.288678,9.85504,10,9.511265,6.927208,7.221756,6.63266,0.6194328,0,1.606414,0,0,0,0,0,0,5.494682,4.349916,6.639458,0.592854,0.702737,0.482971,7.396506,6.223759,8.569254,0.591269,0,2.113669,7.196311,6.103944,8.288678,9.85504,10,9.511265,-1,-1,-1,-1,-1,-1,-1,-1,-1,-1,-1,-1,-1,-1,-1,-1,-1,-1,-1,-1,-1,-1,-1,-1,-1,-1,-1,-1,-1,-1,-1,-1,-1,-1,-1,-1,-1,-1,-1,-1,-1,-1,-1,-1,-1,-1,-1,-1,-1,-1,0,0,0,0,0,0,-1,-1,-1,-1,-1,-1,-1,-1,-1,-1,-1,-1,0,0,0,0,0,0,-1,-1,-1,-1,-1,-1,-1,-1,-1,-1,-1,-1,-1,-1,False,False,0,0,False,209,0,0,0,0,0,0,0,0,0,0,0,0,0,0,0,1,
0,1980,2026-02-16 17:35:38Z,LLM_Empathetic,6.927213,7.221757,6.632668,0.619425,0,1.60641,0,0,0,0,0,0,5.494688,4.349918,6.639468,0.592854,0.702737,0.482971,7.396509,6.223757,8.569261,0.5912639,0,2.113664,7.196319,6.103948,8.288691,9.855056,10,9.511286,6.927213,7.221757,6.632668,0.619425,0,1.60641,0,0,0,0,0,0,5.494688,4.349918,6.639468,0.592854,0.702737,0.482971,7.396509,6.223757,8.569261,0.5912639,0,2.113664,7.196319,6.103948,8.288691,9.855056,10,9.511286,-1,-1,-1,-1,-1,-1,-1,-1,-1,-1,-1,-1,-1,-1,-1,-1,-1,-1,-1,-1,-1,-1,-1,-1,-1,-1,-1,-1,-1,-1,-1,-1,-1,-1,-1,-1,-1,-1,-1,-1,-1,-1,-1,-1,-1,-1,-1,-1,-1,-1,0,0,0,0,0,0,-1,-1,-1,-1,-1,-1,-1,-1,-1,-1,-1,-1,0,0,0,0,0,0,-1,-1,-1,-1,-1,-1,-1,-1,-1,-1,-1,-1,-1,-1,False,False,0,0,False,209,0,0,0,0,0,0,0,0,0,0,0,0,0,0,0,1,
0,1981,2026-02-16 17:35:38Z,LLM_Empathetic,6.927217,7.221757,6.632677,0.6194171,0,1.606405,0,0,0,0,0,0,5.494694,4.34992,6.639477,0.592854,0.702737,0.482971,7.396512,6.223756,8.569268,0.5912589,0,2.113659,7.196327,6.103952,8.288702,9.855072,10,9.511306,6.927217,7.221757,6.632677,0.6194171,0,1.606405,0,0,0,0,0,0,5.494694,4.34992,6.639477,0.592854,0.702737,0.482971,7.396512,6.223756,8.569268,0.5912589,0,2.113659,7.196327,6.103952,8.288702,9.855072,10,9.511306,-1,-1,-1,-1,-1,-1,-1,-1,-1,-1,-1,-1,-1,-1,-1,-1,-1,-1,-1,-1,-1,-1,-1,-1,-1,-1,-1,-1,-1,-1,-1,-1,-1,-1,-1,-1,-1,-1,-1,-1,-1,-1,-1,-1,-1,-1,-1,-1,-1,-1,0,0,0,0,0,0,-1,-1,-1,-1,-1,-1,-1,-1,-1,-1,-1,-1,0,0,0,0,0,0,-1,-1,-1,-1,-1,-1,-1,-1,-1,-1,-1,-1,-1,-1,False,False,0,0,False,209,0,0,0,0,0,0,0,0,0,0,0,0,0,0,0,1,
0,1982,2026-02-16 17:35:38Z,LLM_Empathetic,6.927222,7.221758,6.632685,0.6194093,0,1.606401,0,0,0,0,0,0,5.494699,4.349922,6.639487,0.592854,0.702737,0.482971,7.396514,6.223754,8.569275,0.5912539,0,2.113654,7.196335,6.103957,8.288714,9.855088,10,9.511327,6.927222,7.221758,6.632685,0.6194093,0,1.606401,0,0,0,0,0,0,5.494699,4.349922,6.639487,0.592854,0.702737,0.482971,7.396514,6.223754,8.569275,0.5912539,0,2.113654,7.196335,6.103957,8.288714,9.855088,10,9.511327,-1,-1,-1,-1,-1,-1,-1,-1,-1,-1,-1,-1,-1,-1,-1,-1,-1,-1,-1,-1,-1,-1,-1,-1,-1,-1,-1,-1,-1,-1,-1,-1,-1,-1,-1,-1,-1,-1,-1,-1,-1,-1,-1,-1,-1,-1,-1,-1,-1,-1,0,0,0,0,0,0,-1,-1,-1,-1,-1,-1,-1,-1,-1,-1,-1,-1,0,0,0,0,0,0,-1,-1,-1,-1,-1,-1,-1,-1,-1,-1,-1,-1,-1,-1,False,False,0,0,False,207,0,0,0,0,0,0,0,0,0,0,0,0,0,0,0,1,
0,1983,2026-02-16 17:35:38Z,LLM_Empathetic,6.927226,7.221759,6.632693,0.6194015,0,1.606397,0,0,0,0,0,0,5.494705,4.349924,6.639497,0.592854,0.702737,0.482971,7.396517,6.223753,8.569282,0.5912489,0,2.113649,7.196343,6.103961,8.288726,9.855105,10,9.511348,6.927226,7.221759,6.632693,0.6194015,0,1.606397,0,0,0,0,0,0,5.494705,4.349924,6.639497,0.592854,0.702737,0.482971,7.396517,6.223753,8.569282,0.5912489,0,2.113649,7.196343,6.103961,8.288726,9.855105,10,9.511348,-1,-1,-1,-1,-1,-1,-1,-1,-1,-1,-1,-1,-1,-1,-1,-1,-1,-1,-1,-1,-1,-1,-1,-1,-1,-1,-1,-1,-1,-1,-1,-1,-1,-1,-1,-1,-1,-1,-1,-1,-1,-1,-1,-1,-1,-1,-1,-1,-1,-1,0,0,0,0,0,0,-1,-1,-1,-1,-1,-1,-1,-1,-1,-1,-1,-1,0,0,0,0,0,0,-1,-1,-1,-1,-1,-1,-1,-1,-1,-1,-1,-1,-1,-1,False,False,0,0,False,209,0,0,0,0,0,0,0,0,0,0,0,0,0,0,0,1,
0,1984,2026-02-16 17:35:38Z,LLM_Empathetic,6.927231,7.22176,6.632701,0.6193937,0,1.606393,0,0,0,0,0,0,5.494711,4.349926,6.639507,0.592854,0.702737,0.482971,7.39652,6.223752,8.569288,0.5912439,0,2.113644,7.196352,6.103966,8.288738,9.855122,10,9.511368,6.927231,7.22176,6.632701,0.6193937,0,1.606393,0,0,0,0,0,0,5.494711,4.349926,6.639507,0.592854,0.702737,0.482971,7.39652,6.223752,8.569288,0.5912439,0,2.113644,7.196352,6.103966,8.288738,9.855122,10,9.511368,-1,-1,-1,-1,-1,-1,-1,-1,-1,-1,-1,-1,-1,-1,-1,-1,-1,-1,-1,-1,-1,-1,-1,-1,-1,-1,-1,-1,-1,-1,-1,-1,-1,-1,-1,-1,-1,-1,-1,-1,-1,-1,-1,-1,-1,-1,-1,-1,-1,-1,0,0,0,0,0,0,-1,-1,-1,-1,-1,-1,-1,-1,-1,-1,-1,-1,0,0,0,0,0,0,-1,-1,-1,-1,-1,-1,-1,-1,-1,-1,-1,-1,-1,-1,False,False,0,0,False,209,0,0,0,0,0,0,0,0,0,0,0,0,0,0,0,1,
0,1985,2026-02-16 17:35:38Z,LLM_Empathetic,6.927236,7.221761,6.63271,0.6193859,0,1.606388,0,0,0,0,0,0,5.494717,4.349928,6.639517,0.592854,0.702737,0.482971,7.396523,6.22375,8.569295,0.5912389,0,2.113639,7.19636,6.103971,8.28875,9.855138,10,9.511389,6.927236,7.221761,6.63271,0.6193859,0,1.606388,0,0,0,0,0,0,5.494717,4.349928,6.639517,0.592854,0.702737,0.482971,7.396523,6.22375,8.569295,0.5912389,0,2.113639,7.19636,6.103971,8.28875,9.855138,10,9.511389,-1,-1,-1,-1,-1,-1,-1,-1,-1,-1,-1,-1,-1,-1,-1,-1,-1,-1,-1,-1,-1,-1,-1,-1,-1,-1,-1,-1,-1,-1,-1,-1,-1,-1,-1,-1,-1,-1,-1,-1,-1,-1,-1,-1,-1,-1,-1,-1,-1,-1,0,0,0,0,0,0,-1,-1,-1,-1,-1,-1,-1,-1,-1,-1,-1,-1,0,0,0,0,0,0,-1,-1,-1,-1,-1,-1,-1,-1,-1,-1,-1,-1,-1,-1,False,False,0,0,False,209,0,0,0,0,0,0,0,0,0,0,0,0,0,0,0,1,
0,1986,2026-02-16 17:35:38Z,LLM_Empathetic,6.92724,7.221762,6.632718,0.6193781,0,1.606384,0,0,0,0,0,0,5.494723,4.34993,6.639527,0.592854,0.702737,0.482971,7.396525,6.223749,8.569302,0.5912339,0,2.113634,7.196368,6.103975,8.288762,9.855154,10,9.511409,6.92724,7.221762,6.632718,0.6193781,0,1.606384,0,0,0,0,0,0,5.494723,4.34993,6.639527,0.592854,0.702737,0.482971,7.396525,6.223749,8.569302,0.5912339,0,2.113634,7.196368,6.103975,8.288762,9.855154,10,9.511409,-1,-1,-1,-1,-1,-1,-1,-1,-1,-1,-1,-1,-1,-1,-1,-1,-1,-1,-1,-1,-1,-1,-1,-1,-1,-1,-1,-1,-1,-1,-1,-1,-1,-1,-1,-1,-1,-1,-1,-1,-1,-1,-1,-1,-1,-1,-1,-1,-1,-1,0,0,0,0,0,0,-1,-1,-1,-1,-1,-1,-1,-1,-1,-1,-1,-1,0,0,0,0,0,0,-1,-1,-1,-1,-1,-1,-1,-1,-1,-1,-1,-1,-1,-1,False,False,0,0,False,209,0,0,0,0,0,0,0,0,0,0,0,0,0,0,0,1,
0,1987,2026-02-16 17:35:38Z,LLM_Empathetic,6.927245,7.221763,6.632727,0.6193703,0,1.60638,0,0,0,0,0,0,5.494729,4.349932,6.639536,0.592854,0.702737,0.482971,7.396528,6.223748,8.569308,0.5912289,0,2.113629,7.196376,6.103979,8.288774,9.85517,10,9.51143,6.927245,7.221763,6.632727,0.6193703,0,1.60638,0,0,0,0,0,0,5.494729,4.349932,6.639536,0.592854,0.702737,0.482971,7.396528,6.223748,8.569308,0.5912289,0,2.113629,7.196376,6.103979,8.288774,9.85517,10,9.51143,-1,-1,-1,-1,-1,-1,-1,-1,-1,-1,-1,-1,-1,-1,-1,-1,-1,-1,-1,-1,-1,-1,-1,-1,-1,-1,-1,-1,-1,-1,-1,-1,-1,-1,-1,-1,-1,-1,-1,-1,-1,-1,-1,-1,-1,-1,-1,-1,-1,-1,0,0,0,0,0,0,-1,-1,-1,-1,-1,-1,-1,-1,-1,-1,-1,-1,0,0,0,0,0,0,-1,-1,-1,-1,-1,-1,-1,-1,-1,-1,-1,-1,-1,-1,False,False,0,0,False,209,0,0,0,0,0,0,0,0,0,0,0,0,0,0,0,1,
0,1988,2026-02-16 17:35:38Z,LLM_Empathetic,6.927249,7.221764,6.632735,0.6193625,0,1.606375,0,0,0,0,0,0,5.494735,4.349934,6.639546,0.592854,0.702737,0.482971,7.396531,6.223746,8.569315,0.591224,0,2.113624,7.196384,6.103984,8.288786,9.855186,10,9.51145,6.927249,7.221764,6.632735,0.6193625,0,1.606375,0,0,0,0,0,0,5.494735,4.349934,6.639546,0.592854,0.702737,0.482971,7.396531,6.223746,8.569315,0.591224,0,2.113624,7.196384,6.103984,8.288786,9.855186,10,9.51145,-1,-1,-1,-1,-1,-1,-1,-1,-1,-1,-1,-1,-1,-1,-1,-1,-1,-1,-1,-1,-1,-1,-1,-1,-1,-1,-1,-1,-1,-1,-1,-1,-1,-1,-1,-1,-1,-1,-1,-1,-1,-1,-1,-1,-1,-1,-1,-1,-1,-1,0,0,0,0,0,0,-1,-1,-1,-1,-1,-1,-1,-1,-1,-1,-1,-1,0,0,0,0,0,0,-1,-1,-1,-1,-1,-1,-1,-1,-1,-1,-1,-1,-1,-1,False,False,0,0,False,207,0,0,0,0,0,0,0,0,0,0,0,0,0,0,0,1,
0,1989,2026-02-16 17:35:38Z,LLM_Empathetic,6.927254,7.221764,6.632743,0.6193547,0,1.606371,0,0,0,0,0,0,5.494741,4.349936,6.639556,0.592854,0.702737,0.482971,7.396533,6.223745,8.569322,0.5912189,0,2.113619,7.196393,6.103988,8.288797,9.855204,10,9.511471,6.927254,7.221764,6.632743,0.6193547,0,1.606371,0,0,0,0,0,0,5.494741,4.349936,6.639556,0.592854,0.702737,0.482971,7.396533,6.223745,8.569322,0.5912189,0,2.113619,7.196393,6.103988,8.288797,9.855204,10,9.511471,-1,-1,-1,-1,-1,-1,-1,-1,-1,-1,-1,-1,-1,-1,-1,-1,-1,-1,-1,-1,-1,-1,-1,-1,-1,-1,-1,-1,-1,-1,-1,-1,-1,-1,-1,-1,-1,-1,-1,-1,-1,-1,-1,-1,-1,-1,-1,-1,-1,-1,0,0,0,0,0,0,-1,-1,-1,-1,-1,-1,-1,-1,-1,-1,-1,-1,0,0,0,0,0,0,-1,-1,-1,-1,-1,-1,-1,-1,-1,-1,-1,-1,-1,-1,False,False,0,0,False,207,0,0,0,0,0,0,0,0,0,0,0,0,0,0,0,1,
0,1990,2026-02-16 17:35:38Z,LLM_Empathetic,6.927258,7.221765,6.632751,0.6193469,0,1.606367,0,0,0,0,0,0,5.494747,4.349938,6.639566,0.592854,0.702737,0.482971,7.396536,6.223743,8.569329,0.591214,0,2.113614,7.196401,6.103992,8.28881,9.85522,10,9.511491,6.927258,7.221765,6.632751,0.6193469,0,1.606367,0,0,0,0,0,0,5.494747,4.349938,6.639566,0.592854,0.702737,0.482971,7.396536,6.223743,8.569329,0.591214,0,2.113614,7.196401,6.103992,8.28881,9.85522,10,9.511491,-1,-1,-1,-1,-1,-1,-1,-1,-1,-1,-1,-1,-1,-1,-1,-1,-1,-1,-1,-1,-1,-1,-1,-1,-1,-1,-1,-1,-1,-1,-1,-1,-1,-1,-1,-1,-1,-1,-1,-1,-1,-1,-1,-1,-1,-1,-1,-1,-1,-1,0,0,0,0,0,0,-1,-1,-1,-1,-1,-1,-1,-1,-1,-1,-1,-1,0,0,0,0,0,0,-1,-1,-1,-1,-1,-1,-1,-1,-1,-1,-1,-1,-1,-1,False,False,0,0,False,209,0,0,0,0,0,0,0,0,0,0,0,0,0,0,0,1,
0,1991,2026-02-16 17:35:38Z,LLM_Empathetic,6.927263,7.221766,6.63276,0.6193392,0,1.606362,0,0,0,0,0,0,5.494752,4.34994,6.639576,0.592854,0.702737,0.482971,7.396539,6.223742,8.569336,0.591209,0,2.113609,7.196409,6.103997,8.288821,9.855236,10,9.511512,6.927263,7.221766,6.63276,0.6193392,0,1.606362,0,0,0,0,0,0,5.494752,4.34994,6.639576,0.592854,0.702737,0.482971,7.396539,6.223742,8.569336,0.591209,0,2.113609,7.196409,6.103997,8.288821,9.855236,10,9.511512,-1,-1,-1,-1,-1,-1,-1,-1,-1,-1,-1,-1,-1,-1,-1,-1,-1,-1,-1,-1,-1,-1,-1,-1,-1,-1,-1,-1,-1,-1,-1,-1,-1,-1,-1,-1,-1,-1,-1,-1,-1,-1,-1,-1,-1,-1,-1,-1,-1,-1,0,0,0,0,0,0,-1,-1,-1,-1,-1,-1,-1,-1,-1,-1,-1,-1,0,0,0,0,0,0,-1,-1,-1,-1,-1,-1,-1,-1,-1,-1,-1,-1,-1,-1,False,False,0,0,False,209,0,0,0,0,0,0,0,0,0,0,0,0,0,0,0,1,
0,1992,2026-02-16 17:35:38Z,LLM_Empathetic,6.927268,7.221767,6.632768,0.6193314,0,1.606358,0,0,0,0,0,0,5.494759,4.349942,6.639586,0.592854,0.702737,0.482971,7.396541,6.223741,8.569343,0.591204,0,2.113604,7.196417,6.104002,8.288834,9.855252,10,9.511532,6.927268,7.221767,6.632768,0.6193314,0,1.606358,0,0,0,0,0,0,5.494759,4.349942,6.639586,0.592854,0.702737,0.482971,7.396541,6.223741,8.569343,0.591204,0,2.113604,7.196417,6.104002,8.288834,9.855252,10,9.511532,-1,-1,-1,-1,-1,-1,-1,-1,-1,-1,-1,-1,-1,-1,-1,-1,-1,-1,-1,-1,-1,-1,-1,-1,-1,-1,-1,-1,-1,-1,-1,-1,-1,-1,-1,-1,-1,-1,-1,-1,-1,-1,-1,-1,-1,-1,-1,-1,-1,-1,0,0,0,0,0,0,-1,-1,-1,-1,-1,-1,-1,-1,-1,-1,-1,-1,0,0,0,0,0,0,-1,-1,-1,-1,-1,-1,-1,-1,-1,-1,-1,-1,-1,-1,False,False,0,0,False,209,0,0,0,0,0,0,0,0,0,0,0,0,0,0,0,1,
0,1993,2026-02-16 17:35:38Z,LLM_Empathetic,6.927272,7.221767,6.632777,0.6193236,0,1.606354,0,0,0,0,0,0,5.494764,4.349944,6.639596,0.592854,0.702737,0.482971,7.396544,6.223739,8.569349,0.591199,0,2.1136,7.196425,6.104006,8.288845,9.855268,10,9.511553,6.927272,7.221767,6.632777,0.6193236,0,1.606354,0,0,0,0,0,0,5.494764,4.349944,6.639596,0.592854,0.702737,0.482971,7.396544,6.223739,8.569349,0.591199,0,2.1136,7.196425,6.104006,8.288845,9.855268,10,9.511553,-1,-1,-1,-1,-1,-1,-1,-1,-1,-1,-1,-1,-1,-1,-1,-1,-1,-1,-1,-1,-1,-1,-1,-1,-1,-1,-1,-1,-1,-1,-1,-1,-1,-1,-1,-1,-1,-1,-1,-1,-1,-1,-1,-1,-1,-1,-1,-1,-1,-1,0,0,0,0,0,0,-1,-1,-1,-1,-1,-1,-1,-1,-1,-1,-1,-1,0,0,0,0,0,0,-1,-1,-1,-1,-1,-1,-1,-1,-1,-1,-1,-1,-1,-1,False,False,0,0,False,209,0,0,0,0,0,0,0,0,0,0,0,0,0,0,0,1,
0,1994,2026-02-16 17:35:38Z,LLM_Empathetic,6.927277,7.221768,6.632785,0.6193159,0,1.60635,0,0,0,0,0,0,5.49477,4.349946,6.639606,0.592854,0.702737,0.482971,7.396547,6.223738,8.569356,0.5911941,0,2.113595,7.196434,6.10401,8.288857,9.855285,10,9.511573,6.927277,7.221768,6.632785,0.6193159,0,1.60635,0,0,0,0,0,0,5.49477,4.349946,6.639606,0.592854,0.702737,0.482971,7.396547,6.223738,8.569356,0.5911941,0,2.113595,7.196434,6.10401,8.288857,9.855285,10,9.511573,-1,-1,-1,-1,-1,-1,-1,-1,-1,-1,-1,-1,-1,-1,-1,-1,-1,-1,-1,-1,-1,-1,-1,-1,-1,-1,-1,-1,-1,-1,-1,-1,-1,-1,-1,-1,-1,-1,-1,-1,-1,-1,-1,-1,-1,-1,-1,-1,-1,-1,0,0,0,0,0,0,-1,-1,-1,-1,-1,-1,-1,-1,-1,-1,-1,-1,0,0,0,0,0,0,-1,-1,-1,-1,-1,-1,-1,-1,-1,-1,-1,-1,-1,-1,False,False,0,0,False,209,0,0,0,0,0,0,0,0,0,0,0,0,0,0,0,1,
0,1995,2026-02-16 17:35:38Z,LLM_Empathetic,6.927281,7.221769,6.632793,0.6193081,0,1.606345,0,0,0,0,0,0,5.494776,4.349947,6.639615,0.592854,0.702737,0.482971,7.396549,6.223737,8.569363,0.5911891,0,2.11359,7.196442,6.104014,8.288869,9.855301,10,9.511594,6.927281,7.221769,6.632793,0.6193081,0,1.606345,0,0,0,0,0,0,5.494776,4.349947,6.639615,0.592854,0.702737,0.482971,7.396549,6.223737,8.569363,0.5911891,0,2.11359,7.196442,6.104014,8.288869,9.855301,10,9.511594,-1,-1,-1,-1,-1,-1,-1,-1,-1,-1,-1,-1,-1,-1,-1,-1,-1,-1,-1,-1,-1,-1,-1,-1,-1,-1,-1,-1,-1,-1,-1,-1,-1,-1,-1,-1,-1,-1,-1,-1,-1,-1,-1,-1,-1,-1,-1,-1,-1,-1,0,0,0,0,0,0,-1,-1,-1,-1,-1,-1,-1,-1,-1,-1,-1,-1,0,0,0,0,0,0,-1,-1,-1,-1,-1,-1,-1,-1,-1,-1,-1,-1,-1,-1,False,False,0,0,False,207,0,0,0,0,0,0,0,0,0,0,0,0,0,0,0,1,
0,1996,2026-02-16 17:35:38Z,LLM_Empathetic,6.927286,7.22177,6.632802,0.6193004,0,1.606341,0,0,0,0,0,0,5.494782,4.349949,6.639625,0.592854,0.702737,0.482971,7.396552,6.223735,8.569369,0.5911841,0,2.113585,7.19645,6.104019,8.288881,9.855317,10,9.511614,6.927286,7.22177,6.632802,0.6193004,0,1.606341,0,0,0,0,0,0,5.494782,4.349949,6.639625,0.592854,0.702737,0.482971,7.396552,6.223735,8.569369,0.5911841,0,2.113585,7.19645,6.104019,8.288881,9.855317,10,9.511614,-1,-1,-1,-1,-1,-1,-1,-1,-1,-1,-1,-1,-1,-1,-1,-1,-1,-1,-1,-1,-1,-1,-1,-1,-1,-1,-1,-1,-1,-1,-1,-1,-1,-1,-1,-1,-1,-1,-1,-1,-1,-1,-1,-1,-1,-1,-1,-1,-1,-1,0,0,0,0,0,0,-1,-1,-1,-1,-1,-1,-1,-1,-1,-1,-1,-1,0,0,0,0,0,0,-1,-1,-1,-1,-1,-1,-1,-1,-1,-1,-1,-1,-1,-1,False,False,0,0,False,209,0,0,0,0,0,0,0,0,0,0,0,0,0,0,0,1,
0,1997,2026-02-16 17:35:39Z,LLM_Empathetic,6.92729,7.221771,6.63281,0.6192926,0,1.606337,0,0,0,0,0,0,5.494788,4.349951,6.639635,0.592854,0.702737,0.482971,7.396554,6.223734,8.569376,0.5911792,0,2.11358,7.196458,6.104023,8.288893,9.855333,10,9.511634,6.92729,7.221771,6.63281,0.6192926,0,1.606337,0,0,0,0,0,0,5.494788,4.349951,6.639635,0.592854,0.702737,0.482971,7.396554,6.223734,8.569376,0.5911792,0,2.11358,7.196458,6.104023,8.288893,9.855333,10,9.511634,-1,-1,-1,-1,-1,-1,-1,-1,-1,-1,-1,-1,-1,-1,-1,-1,-1,-1,-1,-1,-1,-1,-1,-1,-1,-1,-1,-1,-1,-1,-1,-1,-1,-1,-1,-1,-1,-1,-1,-1,-1,-1,-1,-1,-1,-1,-1,-1,-1,-1,0,0,0,0,0,0,-1,-1,-1,-1,-1,-1,-1,-1,-1,-1,-1,-1,0,0,0,0,0,0,-1,-1,-1,-1,-1,-1,-1,-1,-1,-1,-1,-1,-1,-1,False,False,0,0,False,209,0,0,0,0,0,0,0,0,0,0,0,0,0,0,0,1,
0,1998,2026-02-16 17:35:39Z,LLM_Empathetic,6.927295,7.221772,6.632818,0.6192849,0,1.606332,0,0,0,0,0,0,5.494794,4.349953,6.639645,0.592854,0.702737,0.482971,7.396557,6.223732,8.569383,0.5911742,0,2.113575,7.196466,6.104028,8.288905,9.85535,10,9.511655,6.927295,7.221772,6.632818,0.6192849,0,1.606332,0,0,0,0,0,0,5.494794,4.349953,6.639645,0.592854,0.702737,0.482971,7.396557,6.223732,8.569383,0.5911742,0,2.113575,7.196466,6.104028,8.288905,9.85535,10,9.511655,-1,-1,-1,-1,-1,-1,-1,-1,-1,-1,-1,-1,-1,-1,-1,-1,-1,-1,-1,-1,-1,-1,-1,-1,-1,-1,-1,-1,-1,-1,-1,-1,-1,-1,-1,-1,-1,-1,-1,-1,-1,-1,-1,-1,-1,-1,-1,-1,-1,-1,0,0,0,0,0,0,-1,-1,-1,-1,-1,-1,-1,-1,-1,-1,-1,-1,0,0,0,0,0,0,-1,-1,-1,-1,-1,-1,-1,-1,-1,-1,-1,-1,-1,-1,False,False,0,0,False,209,0,0,0,0,0,0,0,0,0,0,0,0,0,0,0,1,
0,1999,2026-02-16 17:35:39Z,LLM_Empathetic,6.927299,7.221773,6.632826,0.6192772,0,1.606328,0,0,0,0,0,0,5.4948,4.349955,6.639654,0.592854,0.702737,0.482971,7.39656,6.223731,8.569389,0.5911693,0,2.11357,7.196474,6.104032,8.288917,9.855366,10,9.511675,6.927299,7.221773,6.632826,0.6192772,0,1.606328,0,0,0,0,0,0,5.4948,4.349955,6.639654,0.592854,0.702737,0.482971,7.39656,6.223731,8.569389,0.5911693,0,2.11357,7.196474,6.104032,8.288917,9.855366,10,9.511675,-1,-1,-1,-1,-1,-1,-1,-1,-1,-1,-1,-1,-1,-1,-1,-1,-1,-1,-1,-1,-1,-1,-1,-1,-1,-1,-1,-1,-1,-1,-1,-1,-1,-1,-1,-1,-1,-1,-1,-1,-1,-1,-1,-1,-1,-1,-1,-1,-1,-1,0,0,0,0,0,0,-1,-1,-1,-1,-1,-1,-1,-1,-1,-1,-1,-1,0,0,0,0,0,0,-1,-1,-1,-1,-1,-1,-1,-1,-1,-1,-1,-1,-1,-1,False,False,0,0,False,207,0,0,0,0,0,0,0,0,0,0,0,0,0,0,0,1,
0,2000,2026-02-16 17:35:39Z,LLM_Empathetic,6.927304,7.221773,6.632834,0.6192695,0,1.606324,0,0,0,0,0,0,5.494805,4.349957,6.639664,0.592854,0.702737,0.482971,7.396563,6.22373,8.569396,0.5911644,0,2.113565,7.196482,6.104037,8.288928,9.855382,10,9.511695,6.927304,7.221773,6.632834,0.6192695,0,1.606324,0,0,0,0,0,0,5.494805,4.349957,6.639664,0.592854,0.702737,0.482971,7.396563,6.22373,8.569396,0.5911644,0,2.113565,7.196482,6.104037,8.288928,9.855382,10,9.511695,-1,-1,-1,-1,-1,-1,-1,-1,-1,-1,-1,-1,-1,-1,-1,-1,-1,-1,-1,-1,-1,-1,-1,-1,-1,-1,-1,-1,-1,-1,-1,-1,-1,-1,-1,-1,-1,-1,-1,-1,-1,-1,-1,-1,-1,-1,-1,-1,-1,-1,0,0,0,0,0,0,-1,-1,-1,-1,-1,-1,-1,-1,-1,-1,-1,-1,0,0,0,0,0,0,-1,-1,-1,-1,-1,-1,-1,-1,-1,-1,-1,-1,-1,-1,False,False,0,0,False,209,0,0,0,0,0,0,0,0,0,0,0,0,0,0,0,1,
0,2001,2026-02-16 17:35:39Z,LLM_Empathetic,6.927309,7.221774,6.632843,0.6192617,0,1.60632,0,0,0,0,0,0,5.494811,4.349959,6.639674,0.592854,0.702737,0.482971,7.396565,6.223728,8.569403,0.5911595,0,2.11356,7.19649,6.104041,8.28894,9.855398,10,9.511716,6.927309,7.221774,6.632843,0.6192617,0,1.60632,0,0,0,0,0,0,5.494811,4.349959,6.639674,0.592854,0.702737,0.482971,7.396565,6.223728,8.569403,0.5911595,0,2.11356,7.19649,6.104041,8.28894,9.855398,10,9.511716,-1,-1,-1,-1,-1,-1,-1,-1,-1,-1,-1,-1,-1,-1,-1,-1,-1,-1,-1,-1,-1,-1,-1,-1,-1,-1,-1,-1,-1,-1,-1,-1,-1,-1,-1,-1,-1,-1,-1,-1,-1,-1,-1,-1,-1,-1,-1,-1,-1,-1,0,0,0,0,0,0,-1,-1,-1,-1,-1,-1,-1,-1,-1,-1,-1,-1,0,0,0,0,0,0,-1,-1,-1,-1,-1,-1,-1,-1,-1,-1,-1,-1,-1,-1,False,False,0,0,False,209,0,0,0,0,0,0,0,0,0,0,0,0,0,0,0,1,
0,2002,2026-02-16 17:35:39Z,LLM_Empathetic,6.927313,7.221775,6.632851,0.6192541,0,1.606315,0,0,0,0,0,0,5.494817,4.349961,6.639683,0.592854,0.702737,0.482971,7.396568,6.223727,8.569409,0.5911545,0,2.113555,7.196498,6.104045,8.288952,9.855414,10,9.511736,6.927313,7.221775,6.632851,0.6192541,0,1.606315,0,0,0,0,0,0,5.494817,4.349961,6.639683,0.592854,0.702737,0.482971,7.396568,6.223727,8.569409,0.5911545,0,2.113555,7.196498,6.104045,8.288952,9.855414,10,9.511736,-1,-1,-1,-1,-1,-1,-1,-1,-1,-1,-1,-1,-1,-1,-1,-1,-1,-1,-1,-1,-1,-1,-1,-1,-1,-1,-1,-1,-1,-1,-1,-1,-1,-1,-1,-1,-1,-1,-1,-1,-1,-1,-1,-1,-1,-1,-1,-1,-1,-1,0,0,0,0,0,0,-1,-1,-1,-1,-1,-1,-1,-1,-1,-1,-1,-1,0,0,0,0,0,0,-1,-1,-1,-1,-1,-1,-1,-1,-1,-1,-1,-1,-1,-1,False,False,0,0,False,207,0,0,0,0,0,0,0,0,0,0,0,0,0,0,0,1,
0,2003,2026-02-16 17:35:39Z,LLM_Empathetic,6.927318,7.221776,6.632859,0.6192464,0,1.606311,0,0,0,0,0,0,5.494823,4.349963,6.639693,0.592854,0.702737,0.482971,7.396571,6.223726,8.569416,0.5911496,0,2.11355,7.196507,6.10405,8.288964,9.855431,10,9.511756,6.927318,7.221776,6.632859,0.6192464,0,1.606311,0,0,0,0,0,0,5.494823,4.349963,6.639693,0.592854,0.702737,0.482971,7.396571,6.223726,8.569416,0.5911496,0,2.11355,7.196507,6.10405,8.288964,9.855431,10,9.511756,-1,-1,-1,-1,-1,-1,-1,-1,-1,-1,-1,-1,-1,-1,-1,-1,-1,-1,-1,-1,-1,-1,-1,-1,-1,-1,-1,-1,-1,-1,-1,-1,-1,-1,-1,-1,-1,-1,-1,-1,-1,-1,-1,-1,-1,-1,-1,-1,-1,-1,0,0,0,0,0,0,-1,-1,-1,-1,-1,-1,-1,-1,-1,-1,-1,-1,0,0,0,0,0,0,-1,-1,-1,-1,-1,-1,-1,-1,-1,-1,-1,-1,-1,-1,False,False,0,0,False,207,0,0,0,0,0,0,0,0,0,0,0,0,0,0,0,1,
0,2004,2026-02-16 17:35:39Z,LLM_Empathetic,6.927322,7.221776,6.632867,0.6192387,0,1.606307,0,0,0,0,0,0,5.494829,4.349965,6.639703,0.592854,0.702737,0.482971,7.396573,6.223724,8.569423,0.5911446,0,2.113545,7.196515,6.104054,8.288976,9.855447,10,9.511776,6.927322,7.221776,6.632867,0.6192387,0,1.606307,0,0,0,0,0,0,5.494829,4.349965,6.639703,0.592854,0.702737,0.482971,7.396573,6.223724,8.569423,0.5911446,0,2.113545,7.196515,6.104054,8.288976,9.855447,10,9.511776,-1,-1,-1,-1,-1,-1,-1,-1,-1,-1,-1,-1,-1,-1,-1,-1,-1,-1,-1,-1,-1,-1,-1,-1,-1,-1,-1,-1,-1,-1,-1,-1,-1,-1,-1,-1,-1,-1,-1,-1,-1,-1,-1,-1,-1,-1,-1,-1,-1,-1,0,0,0,0,0,0,-1,-1,-1,-1,-1,-1,-1,-1,-1,-1,-1,-1,0,0,0,0,0,0,-1,-1,-1,-1,-1,-1,-1,-1,-1,-1,-1,-1,-1,-1,False,False,0,0,False,207,0,0,0,0,0,0,0,0,0,0,0,0,0,0,0,1,
0,2005,2026-02-16 17:35:39Z,LLM_Empathetic,6.927327,7.221777,6.632876,0.619231,0,1.606303,0,0,0,0,0,0,5.494834,4.349967,6.639713,0.592854,0.702737,0.482971,7.396576,6.223723,8.569429,0.5911397,0,2.11354,7.196523,6.104058,8.288987,9.855463,10,9.511797,6.927327,7.221777,6.632876,0.619231,0,1.606303,0,0,0,0,0,0,5.494834,4.349967,6.639713,0.592854,0.702737,0.482971,7.396576,6.223723,8.569429,0.5911397,0,2.11354,7.196523,6.104058,8.288987,9.855463,10,9.511797,-1,-1,-1,-1,-1,-1,-1,-1,-1,-1,-1,-1,-1,-1,-1,-1,-1,-1,-1,-1,-1,-1,-1,-1,-1,-1,-1,-1,-1,-1,-1,-1,-1,-1,-1,-1,-1,-1,-1,-1,-1,-1,-1,-1,-1,-1,-1,-1,-1,-1,0,0,0,0,0,0,-1,-1,-1,-1,-1,-1,-1,-1,-1,-1,-1,-1,0,0,0,0,0,0,-1,-1,-1,-1,-1,-1,-1,-1,-1,-1,-1,-1,-1,-1,False,False,0,0,False,209,0,0,0,0,0,0,0,0,0,0,0,0,0,0,0,1,
0,2006,2026-02-16 17:35:39Z,LLM_Empathetic,6.927331,7.221778,6.632884,0.6192233,0,1.606298,0,0,0,0,0,0,5.49484,4.349968,6.639722,0.592854,0.702737,0.482971,7.396579,6.223722,8.569436,0.5911348,0,2.113535,7.196531,6.104063,8.289,9.855479,10,9.511817,6.927331,7.221778,6.632884,0.6192233,0,1.606298,0,0,0,0,0,0,5.49484,4.349968,6.639722,0.592854,0.702737,0.482971,7.396579,6.223722,8.569436,0.5911348,0,2.113535,7.196531,6.104063,8.289,9.855479,10,9.511817,-1,-1,-1,-1,-1,-1,-1,-1,-1,-1,-1,-1,-1,-1,-1,-1,-1,-1,-1,-1,-1,-1,-1,-1,-1,-1,-1,-1,-1,-1,-1,-1,-1,-1,-1,-1,-1,-1,-1,-1,-1,-1,-1,-1,-1,-1,-1,-1,-1,-1,0,0,0,0,0,0,-1,-1,-1,-1,-1,-1,-1,-1,-1,-1,-1,-1,0,0,0,0,0,0,-1,-1,-1,-1,-1,-1,-1,-1,-1,-1,-1,-1,-1,-1,False,False,0,0,False,207,0,0,0,0,0,0,0,0,0,0,0,0,0,0,0,1,
0,2007,2026-02-16 17:35:39Z,LLM_Empathetic,6.927336,7.221779,6.632892,0.6192156,0,1.606294,0,0,0,0,0,0,5.494846,4.34997,6.639732,0.592854,0.702737,0.482971,7.396581,6.22372,8.569443,0.5911299,0,2.11353,7.196538,6.104067,8.289011,9.855495,10,9.511837,6.927336,7.221779,6.632892,0.6192156,0,1.606294,0,0,0,0,0,0,5.494846,4.34997,6.639732,0.592854,0.702737,0.482971,7.396581,6.22372,8.569443,0.5911299,0,2.11353,7.196538,6.104067,8.289011,9.855495,10,9.511837,-1,-1,-1,-1,-1,-1,-1,-1,-1,-1,-1,-1,-1,-1,-1,-1,-1,-1,-1,-1,-1,-1,-1,-1,-1,-1,-1,-1,-1,-1,-1,-1,-1,-1,-1,-1,-1,-1,-1,-1,-1,-1,-1,-1,-1,-1,-1,-1,-1,-1,0,0,0,0,0,0,-1,-1,-1,-1,-1,-1,-1,-1,-1,-1,-1,-1,0,0,0,0,0,0,-1,-1,-1,-1,-1,-1,-1,-1,-1,-1,-1,-1,-1,-1,False,False,0,0,False,209,0,0,0,0,0,0,0,0,0,0,0,0,0,0,0,1,
0,2008,2026-02-16 17:35:39Z,LLM_Empathetic,6.92734,7.22178,6.6329,0.6192079,0,1.60629,0,0,0,0,0,0,5.494852,4.349972,6.639742,0.592854,0.702737,0.482971,7.396584,6.223719,8.569449,0.591125,0,2.113525,7.196547,6.104072,8.289022,9.855512,10,9.511857,6.92734,7.22178,6.6329,0.6192079,0,1.60629,0,0,0,0,0,0,5.494852,4.349972,6.639742,0.592854,0.702737,0.482971,7.396584,6.223719,8.569449,0.591125,0,2.113525,7.196547,6.104072,8.289022,9.855512,10,9.511857,-1,-1,-1,-1,-1,-1,-1,-1,-1,-1,-1,-1,-1,-1,-1,-1,-1,-1,-1,-1,-1,-1,-1,-1,-1,-1,-1,-1,-1,-1,-1,-1,-1,-1,-1,-1,-1,-1,-1,-1,-1,-1,-1,-1,-1,-1,-1,-1,-1,-1,0,0,0,0,0,0,-1,-1,-1,-1,-1,-1,-1,-1,-1,-1,-1,-1,0,0,0,0,0,0,-1,-1,-1,-1,-1,-1,-1,-1,-1,-1,-1,-1,-1,-1,False,False,0,0,False,209,0,0,0,0,0,0,0,0,0,0,0,0,0,0,0,1,
0,2009,2026-02-16 17:35:39Z,LLM_Empathetic,6.927345,7.221781,6.632908,0.6192003,0,1.606286,0,0,0,0,0,0,5.494858,4.349974,6.639751,0.592854,0.702737,0.482971,7.396586,6.223717,8.569456,0.5911201,0,2.11352,7.196555,6.104076,8.289035,9.855527,10,9.511877,6.927345,7.221781,6.632908,0.6192003,0,1.606286,0,0,0,0,0,0,5.494858,4.349974,6.639751,0.592854,0.702737,0.482971,7.396586,6.223717,8.569456,0.5911201,0,2.11352,7.196555,6.104076,8.289035,9.855527,10,9.511877,-1,-1,-1,-1,-1,-1,-1,-1,-1,-1,-1,-1,-1,-1,-1,-1,-1,-1,-1,-1,-1,-1,-1,-1,-1,-1,-1,-1,-1,-1,-1,-1,-1,-1,-1,-1,-1,-1,-1,-1,-1,-1,-1,-1,-1,-1,-1,-1,-1,-1,0,0,0,0,0,0,-1,-1,-1,-1,-1,-1,-1,-1,-1,-1,-1,-1,0,0,0,0,0,0,-1,-1,-1,-1,-1,-1,-1,-1,-1,-1,-1,-1,-1,-1,False,False,0,0,False,207,0,0,0,0,0,0,0,0,0,0,0,0,0,0,0,1,
0,2010,2026-02-16 17:35:39Z,LLM_Empathetic,6.927349,7.221782,6.632917,0.6191926,0,1.606282,0,0,0,0,0,0,5.494864,4.349976,6.639761,0.592854,0.702737,0.482971,7.396589,6.223716,8.569463,0.5911152,0,2.113516,7.196563,6.10408,8.289046,9.855543,10,9.511898,6.927349,7.221782,6.632917,0.6191926,0,1.606282,0,0,0,0,0,0,5.494864,4.349976,6.639761,0.592854,0.702737,0.482971,7.396589,6.223716,8.569463,0.5911152,0,2.113516,7.196563,6.10408,8.289046,9.855543,10,9.511898,-1,-1,-1,-1,-1,-1,-1,-1,-1,-1,-1,-1,-1,-1,-1,-1,-1,-1,-1,-1,-1,-1,-1,-1,-1,-1,-1,-1,-1,-1,-1,-1,-1,-1,-1,-1,-1,-1,-1,-1,-1,-1,-1,-1,-1,-1,-1,-1,-1,-1,0,0,0,0,0,0,-1,-1,-1,-1,-1,-1,-1,-1,-1,-1,-1,-1,0,0,0,0,0,0,-1,-1,-1,-1,-1,-1,-1,-1,-1,-1,-1,-1,-1,-1,False,False,0,0,False,209,0,0,0,0,0,0,0,0,0,0,0,0,0,0,0,1,
0,2011,2026-02-16 17:35:39Z,LLM_Empathetic,6.927354,7.221782,6.632925,0.619185,0,1.606277,0,0,0,0,0,0,5.494869,4.349978,6.639771,0.592854,0.702737,0.482971,7.396592,6.223715,8.569469,0.5911103,0,2.113511,7.196571,6.104084,8.289058,9.855559,10,9.511918,6.927354,7.221782,6.632925,0.619185,0,1.606277,0,0,0,0,0,0,5.494869,4.349978,6.639771,0.592854,0.702737,0.482971,7.396592,6.223715,8.569469,0.5911103,0,2.113511,7.196571,6.104084,8.289058,9.855559,10,9.511918,-1,-1,-1,-1,-1,-1,-1,-1,-1,-1,-1,-1,-1,-1,-1,-1,-1,-1,-1,-1,-1,-1,-1,-1,-1,-1,-1,-1,-1,-1,-1,-1,-1,-1,-1,-1,-1,-1,-1,-1,-1,-1,-1,-1,-1,-1,-1,-1,-1,-1,0,0,0,0,0,0,-1,-1,-1,-1,-1,-1,-1,-1,-1,-1,-1,-1,0,0,0,0,0,0,-1,-1,-1,-1,-1,-1,-1,-1,-1,-1,-1,-1,-1,-1,False,False,0,0,False,207,0,0,0,0,0,0,0,0,0,0,0,0,0,0,0,1,
0,2012,2026-02-16 17:35:39Z,LLM_Empathetic,6.927358,7.221783,6.632933,0.6191773,0,1.606273,0,0,0,0,0,0,5.494875,4.34998,6.639781,0.592854,0.702737,0.482971,7.396595,6.223713,8.569476,0.5911053,0,2.113506,7.196579,6.104089,8.28907,9.855576,10,9.511938,6.927358,7.221783,6.632933,0.6191773,0,1.606273,0,0,0,0,0,0,5.494875,4.34998,6.639781,0.592854,0.702737,0.482971,7.396595,6.223713,8.569476,0.5911053,0,2.113506,7.196579,6.104089,8.28907,9.855576,10,9.511938,-1,-1,-1,-1,-1,-1,-1,-1,-1,-1,-1,-1,-1,-1,-1,-1,-1,-1,-1,-1,-1,-1,-1,-1,-1,-1,-1,-1,-1,-1,-1,-1,-1,-1,-1,-1,-1,-1,-1,-1,-1,-1,-1,-1,-1,-1,-1,-1,-1,-1,0,0,0,0,0,0,-1,-1,-1,-1,-1,-1,-1,-1,-1,-1,-1,-1,0,0,0,0,0,0,-1,-1,-1,-1,-1,-1,-1,-1,-1,-1,-1,-1,-1,-1,False,False,0,0,False,207,0,0,0,0,0,0,0,0,0,0,0,0,0,0,0,1,
0,2013,2026-02-16 17:35:39Z,LLM_Empathetic,6.927363,7.221784,6.632941,0.6191697,0,1.606269,0,0,0,0,0,0,5.494881,4.349982,6.63979,0.592854,0.702737,0.482971,7.396597,6.223712,8.569483,0.5911005,0,2.113501,7.196587,6.104094,8.289082,9.855592,10,9.511958,6.927363,7.221784,6.632941,0.6191697,0,1.606269,0,0,0,0,0,0,5.494881,4.349982,6.63979,0.592854,0.702737,0.482971,7.396597,6.223712,8.569483,0.5911005,0,2.113501,7.196587,6.104094,8.289082,9.855592,10,9.511958,-1,-1,-1,-1,-1,-1,-1,-1,-1,-1,-1,-1,-1,-1,-1,-1,-1,-1,-1,-1,-1,-1,-1,-1,-1,-1,-1,-1,-1,-1,-1,-1,-1,-1,-1,-1,-1,-1,-1,-1,-1,-1,-1,-1,-1,-1,-1,-1,-1,-1,0,0,0,0,0,0,-1,-1,-1,-1,-1,-1,-1,-1,-1,-1,-1,-1,0,0,0,0,0,0,-1,-1,-1,-1,-1,-1,-1,-1,-1,-1,-1,-1,-1,-1,False,False,0,0,False,207,0,0,0,0,0,0,0,0,0,0,0,0,0,0,0,1,
0,2014,2026-02-16 17:35:39Z,LLM_Empathetic,6.927367,7.221785,6.632949,0.619162,0,1.606265,0,0,0,0,0,0,5.494886,4.349984,6.6398,0.592854,0.702737,0.482971,7.3966,6.223711,8.569489,0.5910956,0,2.113496,7.196595,6.104098,8.289093,9.855608,10,9.511978,6.927367,7.221785,6.632949,0.619162,0,1.606265,0,0,0,0,0,0,5.494886,4.349984,6.6398,0.592854,0.702737,0.482971,7.3966,6.223711,8.569489,0.5910956,0,2.113496,7.196595,6.104098,8.289093,9.855608,10,9.511978,-1,-1,-1,-1,-1,-1,-1,-1,-1,-1,-1,-1,-1,-1,-1,-1,-1,-1,-1,-1,-1,-1,-1,-1,-1,-1,-1,-1,-1,-1,-1,-1,-1,-1,-1,-1,-1,-1,-1,-1,-1,-1,-1,-1,-1,-1,-1,-1,-1,-1,0,0,0,0,0,0,-1,-1,-1,-1,-1,-1,-1,-1,-1,-1,-1,-1,0,0,0,0,0,0,-1,-1,-1,-1,-1,-1,-1,-1,-1,-1,-1,-1,-1,-1,False,False,0,0,False,207,0,0,0,0,0,0,0,0,0,0,0,0,0,0,0,1,
0,2015,2026-02-16 17:35:39Z,LLM_Empathetic,6.927372,7.221786,6.632957,0.6191544,0,1.606261,0,0,0,0,0,0,5.494893,4.349986,6.639809,0.592854,0.702737,0.482971,7.396602,6.223709,8.569496,0.5910907,0,2.113491,7.196603,6.104102,8.289104,9.855623,10,9.511998,6.927372,7.221786,6.632957,0.6191544,0,1.606261,0,0,0,0,0,0,5.494893,4.349986,6.639809,0.592854,0.702737,0.482971,7.396602,6.223709,8.569496,0.5910907,0,2.113491,7.196603,6.104102,8.289104,9.855623,10,9.511998,-1,-1,-1,-1,-1,-1,-1,-1,-1,-1,-1,-1,-1,-1,-1,-1,-1,-1,-1,-1,-1,-1,-1,-1,-1,-1,-1,-1,-1,-1,-1,-1,-1,-1,-1,-1,-1,-1,-1,-1,-1,-1,-1,-1,-1,-1,-1,-1,-1,-1,0,0,0,0,0,0,-1,-1,-1,-1,-1,-1,-1,-1,-1,-1,-1,-1,0,0,0,0,0,0,-1,-1,-1,-1,-1,-1,-1,-1,-1,-1,-1,-1,-1,-1,False,False,0,0,False,209,0,0,0,0,0,0,0,0,0,0,0,0,0,0,0,1,
0,2016,2026-02-16 17:35:39Z,LLM_Empathetic,6.927376,7.221786,6.632966,0.6191468,0,1.606256,0,0,0,0,0,0,5.494898,4.349988,6.639819,0.592854,0.702737,0.482971,7.396605,6.223708,8.569503,0.5910859,0,2.113486,7.196611,6.104106,8.289117,9.855639,10,9.512018,6.927376,7.221786,6.632966,0.6191468,0,1.606256,0,0,0,0,0,0,5.494898,4.349988,6.639819,0.592854,0.702737,0.482971,7.396605,6.223708,8.569503,0.5910859,0,2.113486,7.196611,6.104106,8.289117,9.855639,10,9.512018,-1,-1,-1,-1,-1,-1,-1,-1,-1,-1,-1,-1,-1,-1,-1,-1,-1,-1,-1,-1,-1,-1,-1,-1,-1,-1,-1,-1,-1,-1,-1,-1,-1,-1,-1,-1,-1,-1,-1,-1,-1,-1,-1,-1,-1,-1,-1,-1,-1,-1,0,0,0,0,0,0,-1,-1,-1,-1,-1,-1,-1,-1,-1,-1,-1,-1,0,0,0,0,0,0,-1,-1,-1,-1,-1,-1,-1,-1,-1,-1,-1,-1,-1,-1,False,False,0,0,False,209,0,0,0,0,0,0,0,0,0,0,0,0,0,0,0,1,
0,2017,2026-02-16 17:35:39Z,LLM_Empathetic,6.927381,7.221787,6.632974,0.6191392,0,1.606252,0,0,0,0,0,0,5.494904,4.34999,6.639829,0.592854,0.702737,0.482971,7.396607,6.223707,8.56951,0.591081,0,2.113481,7.196619,6.104111,8.289128,9.855656,10,9.512038,6.927381,7.221787,6.632974,0.6191392,0,1.606252,0,0,0,0,0,0,5.494904,4.34999,6.639829,0.592854,0.702737,0.482971,7.396607,6.223707,8.56951,0.591081,0,2.113481,7.196619,6.104111,8.289128,9.855656,10,9.512038,-1,-1,-1,-1,-1,-1,-1,-1,-1,-1,-1,-1,-1,-1,-1,-1,-1,-1,-1,-1,-1,-1,-1,-1,-1,-1,-1,-1,-1,-1,-1,-1,-1,-1,-1,-1,-1,-1,-1,-1,-1,-1,-1,-1,-1,-1,-1,-1,-1,-1,0,0,0,0,0,0,-1,-1,-1,-1,-1,-1,-1,-1,-1,-1,-1,-1,0,0,0,0,0,0,-1,-1,-1,-1,-1,-1,-1,-1,-1,-1,-1,-1,-1,-1,False,False,0,0,False,207,0,0,0,0,0,0,0,0,0,0,0,0,0,0,0,1,
0,2018,2026-02-16 17:35:39Z,LLM_Empathetic,6.927385,7.221788,6.632982,0.6191316,0,1.606248,0,0,0,0,0,0,5.49491,4.349992,6.639838,0.592854,0.702737,0.482971,7.39661,6.223705,8.569515,0.5910761,0,2.113477,7.196627,6.104115,8.28914,9.855672,10,9.512058,6.927385,7.221788,6.632982,0.6191316,0,1.606248,0,0,0,0,0,0,5.49491,4.349992,6.639838,0.592854,0.702737,0.482971,7.39661,6.223705,8.569515,0.5910761,0,2.113477,7.196627,6.104115,8.28914,9.855672,10,9.512058,-1,-1,-1,-1,-1,-1,-1,-1,-1,-1,-1,-1,-1,-1,-1,-1,-1,-1,-1,-1,-1,-1,-1,-1,-1,-1,-1,-1,-1,-1,-1,-1,-1,-1,-1,-1,-1,-1,-1,-1,-1,-1,-1,-1,-1,-1,-1,-1,-1,-1,0,0,0,0,0,0,-1,-1,-1,-1,-1,-1,-1,-1,-1,-1,-1,-1,0,0,0,0,0,0,-1,-1,-1,-1,-1,-1,-1,-1,-1,-1,-1,-1,-1,-1,False,False,0,0,False,209,0,0,0,0,0,0,0,0,0,0,0,0,0,0,0,1,
0,2019,2026-02-16 17:35:39Z,LLM_Empathetic,6.92739,7.221789,6.63299,0.619124,0,1.606244,0,0,0,0,0,0,5.494915,4.349994,6.639848,0.592854,0.702737,0.482971,7.396613,6.223704,8.569522,0.5910712,0,2.113472,7.196635,6.104119,8.289151,9.855687,10,9.512078,6.92739,7.221789,6.63299,0.619124,0,1.606244,0,0,0,0,0,0,5.494915,4.349994,6.639848,0.592854,0.702737,0.482971,7.396613,6.223704,8.569522,0.5910712,0,2.113472,7.196635,6.104119,8.289151,9.855687,10,9.512078,-1,-1,-1,-1,-1,-1,-1,-1,-1,-1,-1,-1,-1,-1,-1,-1,-1,-1,-1,-1,-1,-1,-1,-1,-1,-1,-1,-1,-1,-1,-1,-1,-1,-1,-1,-1,-1,-1,-1,-1,-1,-1,-1,-1,-1,-1,-1,-1,-1,-1,0,0,0,0,0,0,-1,-1,-1,-1,-1,-1,-1,-1,-1,-1,-1,-1,0,0,0,0,0,0,-1,-1,-1,-1,-1,-1,-1,-1,-1,-1,-1,-1,-1,-1,False,False,0,0,False,207,0,0,0,0,0,0,0,0,0,0,0,0,0,0,0,1,
0,2020,2026-02-16 17:35:39Z,LLM_Empathetic,6.927394,7.22179,6.632998,0.6191164,0,1.60624,0,0,0,0,0,0,5.494921,4.349996,6.639857,0.592854,0.702737,0.482971,7.396616,6.223702,8.569529,0.5910664,0,2.113467,7.196643,6.104124,8.289163,9.855703,10,9.512098,6.927394,7.22179,6.632998,0.6191164,0,1.60624,0,0,0,0,0,0,5.494921,4.349996,6.639857,0.592854,0.702737,0.482971,7.396616,6.223702,8.569529,0.5910664,0,2.113467,7.196643,6.104124,8.289163,9.855703,10,9.512098,-1,-1,-1,-1,-1,-1,-1,-1,-1,-1,-1,-1,-1,-1,-1,-1,-1,-1,-1,-1,-1,-1,-1,-1,-1,-1,-1,-1,-1,-1,-1,-1,-1,-1,-1,-1,-1,-1,-1,-1,-1,-1,-1,-1,-1,-1,-1,-1,-1,-1,0,0,0,0,0,0,-1,-1,-1,-1,-1,-1,-1,-1,-1,-1,-1,-1,0,0,0,0,0,0,-1,-1,-1,-1,-1,-1,-1,-1,-1,-1,-1,-1,-1,-1,False,False,0,0,False,207,0,0,0,0,0,0,0,0,0,0,0,0,0,0,0,1,
0,2021,2026-02-16 17:35:39Z,LLM_Empathetic,6.927399,7.22179,6.633007,0.6191088,0,1.606235,0,0,0,0,0,0,5.494927,4.349997,6.639867,0.592854,0.702737,0.482971,7.396618,6.223701,8.569535,0.5910615,0,2.113462,7.196651,6.104128,8.289175,9.85572,10,9.512118,6.927399,7.22179,6.633007,0.6191088,0,1.606235,0,0,0,0,0,0,5.494927,4.349997,6.639867,0.592854,0.702737,0.482971,7.396618,6.223701,8.569535,0.5910615,0,2.113462,7.196651,6.104128,8.289175,9.85572,10,9.512118,-1,-1,-1,-1,-1,-1,-1,-1,-1,-1,-1,-1,-1,-1,-1,-1,-1,-1,-1,-1,-1,-1,-1,-1,-1,-1,-1,-1,-1,-1,-1,-1,-1,-1,-1,-1,-1,-1,-1,-1,-1,-1,-1,-1,-1,-1,-1,-1,-1,-1,0,0,0,0,0,0,-1,-1,-1,-1,-1,-1,-1,-1,-1,-1,-1,-1,0,0,0,0,0,0,-1,-1,-1,-1,-1,-1,-1,-1,-1,-1,-1,-1,-1,-1,False,False,0,0,False,207,0,0,0,0,0,0,0,0,0,0,0,0,0,0,0,1,
0,2022,2026-02-16 17:35:39Z,LLM_Empathetic,6.927403,7.221791,6.633015,0.6191012,0,1.606231,0,0,0,0,0,0,5.494933,4.349999,6.639876,0.592854,0.702737,0.482971,7.396621,6.2237,8.569542,0.5910566,0,2.113457,7.196659,6.104132,8.289186,9.855735,10,9.512138,6.927403,7.221791,6.633015,0.6191012,0,1.606231,0,0,0,0,0,0,5.494933,4.349999,6.639876,0.592854,0.702737,0.482971,7.396621,6.2237,8.569542,0.5910566,0,2.113457,7.196659,6.104132,8.289186,9.855735,10,9.512138,-1,-1,-1,-1,-1,-1,-1,-1,-1,-1,-1,-1,-1,-1,-1,-1,-1,-1,-1,-1,-1,-1,-1,-1,-1,-1,-1,-1,-1,-1,-1,-1,-1,-1,-1,-1,-1,-1,-1,-1,-1,-1,-1,-1,-1,-1,-1,-1,-1,-1,0,0,0,0,0,0,-1,-1,-1,-1,-1,-1,-1,-1,-1,-1,-1,-1,0,0,0,0,0,0,-1,-1,-1,-1,-1,-1,-1,-1,-1,-1,-1,-1,-1,-1,False,False,0,0,False,207,0,0,0,0,0,0,0,0,0,0,0,0,0,0,0,1,
0,2023,2026-02-16 17:35:39Z,LLM_Empathetic,6.927407,7.221792,6.633023,0.6190936,0,1.606227,0,0,0,0,0,0,5.494938,4.350001,6.639886,0.592854,0.702737,0.482971,7.396623,6.223699,8.569549,0.5910518,0,2.113452,7.196667,6.104136,8.289198,9.855751,10,9.512158,6.927407,7.221792,6.633023,0.6190936,0,1.606227,0,0,0,0,0,0,5.494938,4.350001,6.639886,0.592854,0.702737,0.482971,7.396623,6.223699,8.569549,0.5910518,0,2.113452,7.196667,6.104136,8.289198,9.855751,10,9.512158,-1,-1,-1,-1,-1,-1,-1,-1,-1,-1,-1,-1,-1,-1,-1,-1,-1,-1,-1,-1,-1,-1,-1,-1,-1,-1,-1,-1,-1,-1,-1,-1,-1,-1,-1,-1,-1,-1,-1,-1,-1,-1,-1,-1,-1,-1,-1,-1,-1,-1,0,0,0,0,0,0,-1,-1,-1,-1,-1,-1,-1,-1,-1,-1,-1,-1,0,0,0,0,0,0,-1,-1,-1,-1,-1,-1,-1,-1,-1,-1,-1,-1,-1,-1,False,False,0,0,False,207,0,0,0,0,0,0,0,0,0,0,0,0,0,0,0,1,
0,2024,2026-02-16 17:35:39Z,LLM_Empathetic,6.927412,7.221793,6.633031,0.619086,0,1.606223,0,0,0,0,0,0,5.494944,4.350003,6.639895,0.592854,0.702737,0.482971,7.396626,6.223697,8.569555,0.5910469,0,2.113447,7.196675,6.104141,8.289209,9.855767,10,9.512178,6.927412,7.221793,6.633031,0.619086,0,1.606223,0,0,0,0,0,0,5.494944,4.350003,6.639895,0.592854,0.702737,0.482971,7.396626,6.223697,8.569555,0.5910469,0,2.113447,7.196675,6.104141,8.289209,9.855767,10,9.512178,-1,-1,-1,-1,-1,-1,-1,-1,-1,-1,-1,-1,-1,-1,-1,-1,-1,-1,-1,-1,-1,-1,-1,-1,-1,-1,-1,-1,-1,-1,-1,-1,-1,-1,-1,-1,-1,-1,-1,-1,-1,-1,-1,-1,-1,-1,-1,-1,-1,-1,0,0,0,0,0,0,-1,-1,-1,-1,-1,-1,-1,-1,-1,-1,-1,-1,0,0,0,0,0,0,-1,-1,-1,-1,-1,-1,-1,-1,-1,-1,-1,-1,-1,-1,False,False,0,0,False,209,0,0,0,0,0,0,0,0,0,0,0,0,0,0,0,1,
0,2025,2026-02-16 17:35:39Z,LLM_Empathetic,6.927416,7.221794,6.633039,0.6190785,0,1.606219,0,0,0,0,0,0,5.49495,4.350005,6.639905,0.592854,0.702737,0.482971,7.396628,6.223696,8.569562,0.591042,0,2.113442,7.196683,6.104145,8.289221,9.855783,10,9.512198,6.927416,7.221794,6.633039,0.6190785,0,1.606219,0,0,0,0,0,0,5.49495,4.350005,6.639905,0.592854,0.702737,0.482971,7.396628,6.223696,8.569562,0.591042,0,2.113442,7.196683,6.104145,8.289221,9.855783,10,9.512198,-1,-1,-1,-1,-1,-1,-1,-1,-1,-1,-1,-1,-1,-1,-1,-1,-1,-1,-1,-1,-1,-1,-1,-1,-1,-1,-1,-1,-1,-1,-1,-1,-1,-1,-1,-1,-1,-1,-1,-1,-1,-1,-1,-1,-1,-1,-1,-1,-1,-1,0,0,0,0,0,0,-1,-1,-1,-1,-1,-1,-1,-1,-1,-1,-1,-1,0,0,0,0,0,0,-1,-1,-1,-1,-1,-1,-1,-1,-1,-1,-1,-1,-1,-1,False,False,0,0,False,209,0,0,0,0,0,0,0,0,0,0,0,0,0,0,0,1,
0,2026,2026-02-16 17:35:39Z,LLM_Empathetic,6.927421,7.221795,6.633047,0.6190709,0,1.606214,0,0,0,0,0,0,5.494956,4.350007,6.639915,0.592854,0.702737,0.482971,7.396631,6.223694,8.569569,0.5910372,0,2.113438,7.196691,6.104149,8.289232,9.855799,10,9.512218,6.927421,7.221795,6.633047,0.6190709,0,1.606214,0,0,0,0,0,0,5.494956,4.350007,6.639915,0.592854,0.702737,0.482971,7.396631,6.223694,8.569569,0.5910372,0,2.113438,7.196691,6.104149,8.289232,9.855799,10,9.512218,-1,-1,-1,-1,-1,-1,-1,-1,-1,-1,-1,-1,-1,-1,-1,-1,-1,-1,-1,-1,-1,-1,-1,-1,-1,-1,-1,-1,-1,-1,-1,-1,-1,-1,-1,-1,-1,-1,-1,-1,-1,-1,-1,-1,-1,-1,-1,-1,-1,-1,0,0,0,0,0,0,-1,-1,-1,-1,-1,-1,-1,-1,-1,-1,-1,-1,0,0,0,0,0,0,-1,-1,-1,-1,-1,-1,-1,-1,-1,-1,-1,-1,-1,-1,False,False,0,0,False,207,0,0,0,0,0,0,0,0,0,0,0,0,0,0,0,1,
0,2027,2026-02-16 17:35:39Z,LLM_Empathetic,6.927425,7.221795,6.633055,0.6190634,0,1.60621,0,0,0,0,0,0,5.494961,4.350008,6.639925,0.592854,0.702737,0.482971,7.396634,6.223693,8.569575,0.5910324,0,2.113433,7.196699,6.104154,8.289245,9.855815,10,9.512239,6.927425,7.221795,6.633055,0.6190634,0,1.60621,0,0,0,0,0,0,5.494961,4.350008,6.639925,0.592854,0.702737,0.482971,7.396634,6.223693,8.569575,0.5910324,0,2.113433,7.196699,6.104154,8.289245,9.855815,10,9.512239,-1,-1,-1,-1,-1,-1,-1,-1,-1,-1,-1,-1,-1,-1,-1,-1,-1,-1,-1,-1,-1,-1,-1,-1,-1,-1,-1,-1,-1,-1,-1,-1,-1,-1,-1,-1,-1,-1,-1,-1,-1,-1,-1,-1,-1,-1,-1,-1,-1,-1,0,0,0,0,0,0,-1,-1,-1,-1,-1,-1,-1,-1,-1,-1,-1,-1,0,0,0,0,0,0,-1,-1,-1,-1,-1,-1,-1,-1,-1,-1,-1,-1,-1,-1,False,False,0,0,False,207,0,0,0,0,0,0,0,0,0,0,0,0,0,0,0,1,
0,2028,2026-02-16 17:35:39Z,LLM_Empathetic,6.92743,7.221796,6.633063,0.6190558,0,1.606206,0,0,0,0,0,0,5.494967,4.35001,6.639934,0.592854,0.702737,0.482971,7.396636,6.223692,8.569581,0.5910276,0,2.113428,7.196707,6.104158,8.289256,9.85583,10,9.512258,6.92743,7.221796,6.633063,0.6190558,0,1.606206,0,0,0,0,0,0,5.494967,4.35001,6.639934,0.592854,0.702737,0.482971,7.396636,6.223692,8.569581,0.5910276,0,2.113428,7.196707,6.104158,8.289256,9.85583,10,9.512258,-1,-1,-1,-1,-1,-1,-1,-1,-1,-1,-1,-1,-1,-1,-1,-1,-1,-1,-1,-1,-1,-1,-1,-1,-1,-1,-1,-1,-1,-1,-1,-1,-1,-1,-1,-1,-1,-1,-1,-1,-1,-1,-1,-1,-1,-1,-1,-1,-1,-1,0,0,0,0,0,0,-1,-1,-1,-1,-1,-1,-1,-1,-1,-1,-1,-1,0,0,0,0,0,0,-1,-1,-1,-1,-1,-1,-1,-1,-1,-1,-1,-1,-1,-1,False,False,0,0,False,209,0,0,0,0,0,0,0,0,0,0,0,0,0,0,0,1,
0,2029,2026-02-16 17:35:40Z,LLM_Empathetic,6.927434,7.221797,6.633071,0.6190482,0,1.606202,0,0,0,0,0,0,5.494973,4.350012,6.639944,0.592854,0.702737,0.482971,7.396639,6.223691,8.569588,0.5910227,0,2.113423,7.196714,6.104162,8.289268,9.855846,10,9.512278,6.927434,7.221797,6.633071,0.6190482,0,1.606202,0,0,0,0,0,0,5.494973,4.350012,6.639944,0.592854,0.702737,0.482971,7.396639,6.223691,8.569588,0.5910227,0,2.113423,7.196714,6.104162,8.289268,9.855846,10,9.512278,-1,-1,-1,-1,-1,-1,-1,-1,-1,-1,-1,-1,-1,-1,-1,-1,-1,-1,-1,-1,-1,-1,-1,-1,-1,-1,-1,-1,-1,-1,-1,-1,-1,-1,-1,-1,-1,-1,-1,-1,-1,-1,-1,-1,-1,-1,-1,-1,-1,-1,0,0,0,0,0,0,-1,-1,-1,-1,-1,-1,-1,-1,-1,-1,-1,-1,0,0,0,0,0,0,-1,-1,-1,-1,-1,-1,-1,-1,-1,-1,-1,-1,-1,-1,False,False,0,0,False,209,0,0,0,0,0,0,0,0,0,0,0,0,0,0,0,1,
0,2030,2026-02-16 17:35:40Z,LLM_Empathetic,6.927439,7.221797,6.63308,0.6190407,0,1.606198,0,0,0,0,0,0,5.494978,4.350014,6.639953,0.592854,0.702737,0.482971,7.396642,6.223689,8.569594,0.5910179,0,2.113418,7.196723,6.104167,8.289279,9.855863,10,9.512298,6.927439,7.221797,6.63308,0.6190407,0,1.606198,0,0,0,0,0,0,5.494978,4.350014,6.639953,0.592854,0.702737,0.482971,7.396642,6.223689,8.569594,0.5910179,0,2.113418,7.196723,6.104167,8.289279,9.855863,10,9.512298,-1,-1,-1,-1,-1,-1,-1,-1,-1,-1,-1,-1,-1,-1,-1,-1,-1,-1,-1,-1,-1,-1,-1,-1,-1,-1,-1,-1,-1,-1,-1,-1,-1,-1,-1,-1,-1,-1,-1,-1,-1,-1,-1,-1,-1,-1,-1,-1,-1,-1,0,0,0,0,0,0,-1,-1,-1,-1,-1,-1,-1,-1,-1,-1,-1,-1,0,0,0,0,0,0,-1,-1,-1,-1,-1,-1,-1,-1,-1,-1,-1,-1,-1,-1,False,False,0,0,False,209,0,0,0,0,0,0,0,0,0,0,0,0,0,0,0,1,
0,2031,2026-02-16 17:35:40Z,LLM_Empathetic,6.927443,7.221798,6.633088,0.6190332,0,1.606194,0,0,0,0,0,0,5.494984,4.350016,6.639962,0.592854,0.702737,0.482971,7.396644,6.223688,8.569601,0.5910131,0,2.113413,7.19673,6.104171,8.28929,9.855878,10,9.512318,6.927443,7.221798,6.633088,0.6190332,0,1.606194,0,0,0,0,0,0,5.494984,4.350016,6.639962,0.592854,0.702737,0.482971,7.396644,6.223688,8.569601,0.5910131,0,2.113413,7.19673,6.104171,8.28929,9.855878,10,9.512318,-1,-1,-1,-1,-1,-1,-1,-1,-1,-1,-1,-1,-1,-1,-1,-1,-1,-1,-1,-1,-1,-1,-1,-1,-1,-1,-1,-1,-1,-1,-1,-1,-1,-1,-1,-1,-1,-1,-1,-1,-1,-1,-1,-1,-1,-1,-1,-1,-1,-1,0,0,0,0,0,0,-1,-1,-1,-1,-1,-1,-1,-1,-1,-1,-1,-1,0,0,0,0,0,0,-1,-1,-1,-1,-1,-1,-1,-1,-1,-1,-1,-1,-1,-1,False,False,0,0,False,207,0,0,0,0,0,0,0,0,0,0,0,0,0,0,0,1,
0,2032,2026-02-16 17:35:40Z,LLM_Empathetic,6.927447,7.221799,6.633095,0.6190256,0,1.606189,0,0,0,0,0,0,5.49499,4.350018,6.639972,0.592854,0.702737,0.482971,7.396647,6.223686,8.569608,0.5910082,0,2.113409,7.196738,6.104175,8.289302,9.855894,10,9.512338,6.927447,7.221799,6.633095,0.6190256,0,1.606189,0,0,0,0,0,0,5.49499,4.350018,6.639972,0.592854,0.702737,0.482971,7.396647,6.223686,8.569608,0.5910082,0,2.113409,7.196738,6.104175,8.289302,9.855894,10,9.512338,-1,-1,-1,-1,-1,-1,-1,-1,-1,-1,-1,-1,-1,-1,-1,-1,-1,-1,-1,-1,-1,-1,-1,-1,-1,-1,-1,-1,-1,-1,-1,-1,-1,-1,-1,-1,-1,-1,-1,-1,-1,-1,-1,-1,-1,-1,-1,-1,-1,-1,0,0,0,0,0,0,-1,-1,-1,-1,-1,-1,-1,-1,-1,-1,-1,-1,0,0,0,0,0,0,-1,-1,-1,-1,-1,-1,-1,-1,-1,-1,-1,-1,-1,-1,False,False,0,0,False,207,0,0,0,0,0,0,0,0,0,0,0,0,0,0,0,1,
0,2033,2026-02-16 17:35:40Z,LLM_Empathetic,6.927452,7.2218,6.633103,0.6190181,0,1.606185,0,0,0,0,0,0,5.494996,4.35002,6.639981,0.592854,0.702737,0.482971,7.396649,6.223685,8.569614,0.5910034,0,2.113404,7.196746,6.104179,8.289313,9.855909,10,9.512357,6.927452,7.2218,6.633103,0.6190181,0,1.606185,0,0,0,0,0,0,5.494996,4.35002,6.639981,0.592854,0.702737,0.482971,7.396649,6.223685,8.569614,0.5910034,0,2.113404,7.196746,6.104179,8.289313,9.855909,10,9.512357,-1,-1,-1,-1,-1,-1,-1,-1,-1,-1,-1,-1,-1,-1,-1,-1,-1,-1,-1,-1,-1,-1,-1,-1,-1,-1,-1,-1,-1,-1,-1,-1,-1,-1,-1,-1,-1,-1,-1,-1,-1,-1,-1,-1,-1,-1,-1,-1,-1,-1,0,0,0,0,0,0,-1,-1,-1,-1,-1,-1,-1,-1,-1,-1,-1,-1,0,0,0,0,0,0,-1,-1,-1,-1,-1,-1,-1,-1,-1,-1,-1,-1,-1,-1,False,False,0,0,False,209,0,0,0,0,0,0,0,0,0,0,0,0,0,0,0,1,
0,2034,2026-02-16 17:35:40Z,LLM_Empathetic,6.927456,7.221801,6.633111,0.6190106,0,1.606181,0,0,0,0,0,0,5.495001,4.350022,6.639991,0.592854,0.702737,0.482971,7.396652,6.223684,8.569621,0.5909986,0,2.113399,7.196754,6.104184,8.289325,9.855926,10,9.512377,6.927456,7.221801,6.633111,0.6190106,0,1.606181,0,0,0,0,0,0,5.495001,4.350022,6.639991,0.592854,0.702737,0.482971,7.396652,6.223684,8.569621,0.5909986,0,2.113399,7.196754,6.104184,8.289325,9.855926,10,9.512377,-1,-1,-1,-1,-1,-1,-1,-1,-1,-1,-1,-1,-1,-1,-1,-1,-1,-1,-1,-1,-1,-1,-1,-1,-1,-1,-1,-1,-1,-1,-1,-1,-1,-1,-1,-1,-1,-1,-1,-1,-1,-1,-1,-1,-1,-1,-1,-1,-1,-1,0,0,0,0,0,0,-1,-1,-1,-1,-1,-1,-1,-1,-1,-1,-1,-1,0,0,0,0,0,0,-1,-1,-1,-1,-1,-1,-1,-1,-1,-1,-1,-1,-1,-1,False,False,0,0,False,207,0,0,0,0,0,0,0,0,0,0,0,0,0,0,0,1,
0,2035,2026-02-16 17:35:40Z,LLM_Empathetic,6.927461,7.221802,6.63312,0.6190031,0,1.606177,0,0,0,0,0,0,5.495007,4.350024,6.64,0.592854,0.702737,0.482971,7.396655,6.223682,8.569627,0.5909938,0,2.113394,7.196762,6.104188,8.289336,9.855941,10,9.512397,6.927461,7.221802,6.63312,0.6190031,0,1.606177,0,0,0,0,0,0,5.495007,4.350024,6.64,0.592854,0.702737,0.482971,7.396655,6.223682,8.569627,0.5909938,0,2.113394,7.196762,6.104188,8.289336,9.855941,10,9.512397,-1,-1,-1,-1,-1,-1,-1,-1,-1,-1,-1,-1,-1,-1,-1,-1,-1,-1,-1,-1,-1,-1,-1,-1,-1,-1,-1,-1,-1,-1,-1,-1,-1,-1,-1,-1,-1,-1,-1,-1,-1,-1,-1,-1,-1,-1,-1,-1,-1,-1,0,0,0,0,0,0,-1,-1,-1,-1,-1,-1,-1,-1,-1,-1,-1,-1,0,0,0,0,0,0,-1,-1,-1,-1,-1,-1,-1,-1,-1,-1,-1,-1,-1,-1,False,False,0,0,False,209,0,0,0,0,0,0,0,0,0,0,0,0,0,0,0,1,
0,2036,2026-02-16 17:35:40Z,LLM_Empathetic,6.927465,7.221803,6.633128,0.6189956,0,1.606173,0,0,0,0,0,0,5.495013,4.350026,6.64001,0.592854,0.702737,0.482971,7.396657,6.223681,8.569633,0.590989,0,2.113389,7.19677,6.104192,8.289349,9.855957,10,9.512417,6.927465,7.221803,6.633128,0.6189956,0,1.606173,0,0,0,0,0,0,5.495013,4.350026,6.64001,0.592854,0.702737,0.482971,7.396657,6.223681,8.569633,0.590989,0,2.113389,7.19677,6.104192,8.289349,9.855957,10,9.512417,-1,-1,-1,-1,-1,-1,-1,-1,-1,-1,-1,-1,-1,-1,-1,-1,-1,-1,-1,-1,-1,-1,-1,-1,-1,-1,-1,-1,-1,-1,-1,-1,-1,-1,-1,-1,-1,-1,-1,-1,-1,-1,-1,-1,-1,-1,-1,-1,-1,-1,0,0,0,0,0,0,-1,-1,-1,-1,-1,-1,-1,-1,-1,-1,-1,-1,0,0,0,0,0,0,-1,-1,-1,-1,-1,-1,-1,-1,-1,-1,-1,-1,-1,-1,False,False,0,0,False,209,0,0,0,0,0,0,0,0,0,0,0,0,0,0,0,1,
0,2037,2026-02-16 17:35:40Z,LLM_Empathetic,6.92747,7.221803,6.633136,0.6189881,0,1.606169,0,0,0,0,0,0,5.495018,4.350028,6.640019,0.592854,0.702737,0.482971,7.39666,6.22368,8.56964,0.5909842,0,2.113384,7.196778,6.104197,8.28936,9.855972,10,9.512436,6.92747,7.221803,6.633136,0.6189881,0,1.606169,0,0,0,0,0,0,5.495018,4.350028,6.640019,0.592854,0.702737,0.482971,7.39666,6.22368,8.56964,0.5909842,0,2.113384,7.196778,6.104197,8.28936,9.855972,10,9.512436,-1,-1,-1,-1,-1,-1,-1,-1,-1,-1,-1,-1,-1,-1,-1,-1,-1,-1,-1,-1,-1,-1,-1,-1,-1,-1,-1,-1,-1,-1,-1,-1,-1,-1,-1,-1,-1,-1,-1,-1,-1,-1,-1,-1,-1,-1,-1,-1,-1,-1,0,0,0,0,0,0,-1,-1,-1,-1,-1,-1,-1,-1,-1,-1,-1,-1,0,0,0,0,0,0,-1,-1,-1,-1,-1,-1,-1,-1,-1,-1,-1,-1,-1,-1,False,False,0,0,False,209,0,0,0,0,0,0,0,0,0,0,0,0,0,0,0,1,
0,2038,2026-02-16 17:35:40Z,LLM_Empathetic,6.927474,7.221804,6.633144,0.6189806,0,1.606165,0,0,0,0,0,0,5.495024,4.350029,6.640029,0.592854,0.702737,0.482971,7.396662,6.223679,8.569647,0.5909794,0,2.11338,7.196785,6.104201,8.289371,9.855989,10,9.512456,6.927474,7.221804,6.633144,0.6189806,0,1.606165,0,0,0,0,0,0,5.495024,4.350029,6.640029,0.592854,0.702737,0.482971,7.396662,6.223679,8.569647,0.5909794,0,2.11338,7.196785,6.104201,8.289371,9.855989,10,9.512456,-1,-1,-1,-1,-1,-1,-1,-1,-1,-1,-1,-1,-1,-1,-1,-1,-1,-1,-1,-1,-1,-1,-1,-1,-1,-1,-1,-1,-1,-1,-1,-1,-1,-1,-1,-1,-1,-1,-1,-1,-1,-1,-1,-1,-1,-1,-1,-1,-1,-1,0,0,0,0,0,0,-1,-1,-1,-1,-1,-1,-1,-1,-1,-1,-1,-1,0,0,0,0,0,0,-1,-1,-1,-1,-1,-1,-1,-1,-1,-1,-1,-1,-1,-1,False,False,0,0,False,209,0,0,0,0,0,0,0,0,0,0,0,0,0,0,0,1,
0,2039,2026-02-16 17:35:40Z,LLM_Empathetic,6.927478,7.221805,6.633152,0.6189731,0,1.606161,0,0,0,0,0,0,5.495029,4.350031,6.640038,0.592854,0.702737,0.482971,7.396665,6.223677,8.569654,0.5909746,0,2.113375,7.196794,6.104205,8.289383,9.856004,10,9.512476,6.927478,7.221805,6.633152,0.6189731,0,1.606161,0,0,0,0,0,0,5.495029,4.350031,6.640038,0.592854,0.702737,0.482971,7.396665,6.223677,8.569654,0.5909746,0,2.113375,7.196794,6.104205,8.289383,9.856004,10,9.512476,-1,-1,-1,-1,-1,-1,-1,-1,-1,-1,-1,-1,-1,-1,-1,-1,-1,-1,-1,-1,-1,-1,-1,-1,-1,-1,-1,-1,-1,-1,-1,-1,-1,-1,-1,-1,-1,-1,-1,-1,-1,-1,-1,-1,-1,-1,-1,-1,-1,-1,0,0,0,0,0,0,-1,-1,-1,-1,-1,-1,-1,-1,-1,-1,-1,-1,0,0,0,0,0,0,-1,-1,-1,-1,-1,-1,-1,-1,-1,-1,-1,-1,-1,-1,False,False,0,0,False,209,0,0,0,0,0,0,0,0,0,0,0,0,0,0,0,1,
0,2040,2026-02-16 17:35:40Z,LLM_Empathetic,6.927483,7.221806,6.63316,0.6189656,0,1.606156,0,0,0,0,0,0,5.495035,4.350033,6.640048,0.592854,0.702737,0.482971,7.396667,6.223676,8.569659,0.5909698,0,2.11337,7.196801,6.104209,8.289394,9.85602,10,9.512495,6.927483,7.221806,6.63316,0.6189656,0,1.606156,0,0,0,0,0,0,5.495035,4.350033,6.640048,0.592854,0.702737,0.482971,7.396667,6.223676,8.569659,0.5909698,0,2.11337,7.196801,6.104209,8.289394,9.85602,10,9.512495,-1,-1,-1,-1,-1,-1,-1,-1,-1,-1,-1,-1,-1,-1,-1,-1,-1,-1,-1,-1,-1,-1,-1,-1,-1,-1,-1,-1,-1,-1,-1,-1,-1,-1,-1,-1,-1,-1,-1,-1,-1,-1,-1,-1,-1,-1,-1,-1,-1,-1,0,0,0,0,0,0,-1,-1,-1,-1,-1,-1,-1,-1,-1,-1,-1,-1,0,0,0,0,0,0,-1,-1,-1,-1,-1,-1,-1,-1,-1,-1,-1,-1,-1,-1,False,False,0,0,False,209,0,0,0,0,0,0,0,0,0,0,0,0,0,0,0,1,
0,2041,2026-02-16 17:35:40Z,LLM_Empathetic,6.927487,7.221807,6.633168,0.6189582,0,1.606152,0,0,0,0,0,0,5.495041,4.350035,6.640057,0.592854,0.702737,0.482971,7.39667,6.223674,8.569666,0.590965,0,2.113365,7.196809,6.104214,8.289406,9.856035,10,9.512515,6.927487,7.221807,6.633168,0.6189582,0,1.606152,0,0,0,0,0,0,5.495041,4.350035,6.640057,0.592854,0.702737,0.482971,7.39667,6.223674,8.569666,0.590965,0,2.113365,7.196809,6.104214,8.289406,9.856035,10,9.512515,-1,-1,-1,-1,-1,-1,-1,-1,-1,-1,-1,-1,-1,-1,-1,-1,-1,-1,-1,-1,-1,-1,-1,-1,-1,-1,-1,-1,-1,-1,-1,-1,-1,-1,-1,-1,-1,-1,-1,-1,-1,-1,-1,-1,-1,-1,-1,-1,-1,-1,0,0,0,0,0,0,-1,-1,-1,-1,-1,-1,-1,-1,-1,-1,-1,-1,0,0,0,0,0,0,-1,-1,-1,-1,-1,-1,-1,-1,-1,-1,-1,-1,-1,-1,False,False,0,0,False,209,0,0,0,0,0,0,0,0,0,0,0,0,0,0,0,1,
0,2042,2026-02-16 17:35:40Z,LLM_Empathetic,6.927492,7.221807,6.633176,0.6189507,0,1.606148,0,0,0,0,0,0,5.495047,4.350037,6.640067,0.592854,0.702737,0.482971,7.396673,6.223673,8.569673,0.5909603,0,2.113361,7.196817,6.104218,8.289417,9.856051,10,9.512535,6.927492,7.221807,6.633176,0.6189507,0,1.606148,0,0,0,0,0,0,5.495047,4.350037,6.640067,0.592854,0.702737,0.482971,7.396673,6.223673,8.569673,0.5909603,0,2.113361,7.196817,6.104218,8.289417,9.856051,10,9.512535,-1,-1,-1,-1,-1,-1,-1,-1,-1,-1,-1,-1,-1,-1,-1,-1,-1,-1,-1,-1,-1,-1,-1,-1,-1,-1,-1,-1,-1,-1,-1,-1,-1,-1,-1,-1,-1,-1,-1,-1,-1,-1,-1,-1,-1,-1,-1,-1,-1,-1,0,0,0,0,0,0,-1,-1,-1,-1,-1,-1,-1,-1,-1,-1,-1,-1,0,0,0,0,0,0,-1,-1,-1,-1,-1,-1,-1,-1,-1,-1,-1,-1,-1,-1,False,False,0,0,False,207,0,0,0,0,0,0,0,0,0,0,0,0,0,0,0,1,
0,2043,2026-02-16 17:35:40Z,LLM_Empathetic,6.927496,7.221808,6.633183,0.6189432,0,1.606144,0,0,0,0,0,0,5.495052,4.350039,6.640076,0.592854,0.702737,0.482971,7.396675,6.223672,8.569679,0.5909555,0,2.113356,7.196825,6.104222,8.289429,9.856067,10,9.512554,6.927496,7.221808,6.633183,0.6189432,0,1.606144,0,0,0,0,0,0,5.495052,4.350039,6.640076,0.592854,0.702737,0.482971,7.396675,6.223672,8.569679,0.5909555,0,2.113356,7.196825,6.104222,8.289429,9.856067,10,9.512554,-1,-1,-1,-1,-1,-1,-1,-1,-1,-1,-1,-1,-1,-1,-1,-1,-1,-1,-1,-1,-1,-1,-1,-1,-1,-1,-1,-1,-1,-1,-1,-1,-1,-1,-1,-1,-1,-1,-1,-1,-1,-1,-1,-1,-1,-1,-1,-1,-1,-1,0,0,0,0,0,0,-1,-1,-1,-1,-1,-1,-1,-1,-1,-1,-1,-1,0,0,0,0,0,0,-1,-1,-1,-1,-1,-1,-1,-1,-1,-1,-1,-1,-1,-1,False,False,0,0,False,207,0,0,0,0,0,0,0,0,0,0,0,0,0,0,0,1,
0,2044,2026-02-16 17:35:40Z,LLM_Empathetic,6.9275,7.221809,6.633192,0.6189358,0,1.60614,0,0,0,0,0,0,5.495058,4.35004,6.640086,0.592854,0.702737,0.482971,7.396678,6.22367,8.569686,0.5909507,0,2.113351,7.196833,6.104227,8.28944,9.856082,10,9.512574,6.9275,7.221809,6.633192,0.6189358,0,1.60614,0,0,0,0,0,0,5.495058,4.35004,6.640086,0.592854,0.702737,0.482971,7.396678,6.22367,8.569686,0.5909507,0,2.113351,7.196833,6.104227,8.28944,9.856082,10,9.512574,-1,-1,-1,-1,-1,-1,-1,-1,-1,-1,-1,-1,-1,-1,-1,-1,-1,-1,-1,-1,-1,-1,-1,-1,-1,-1,-1,-1,-1,-1,-1,-1,-1,-1,-1,-1,-1,-1,-1,-1,-1,-1,-1,-1,-1,-1,-1,-1,-1,-1,0,0,0,0,0,0,-1,-1,-1,-1,-1,-1,-1,-1,-1,-1,-1,-1,0,0,0,0,0,0,-1,-1,-1,-1,-1,-1,-1,-1,-1,-1,-1,-1,-1,-1,False,False,0,0,False,207,0,0,0,0,0,0,0,0,0,0,0,0,0,0,0,1,
0,2045,2026-02-16 17:35:40Z,LLM_Empathetic,6.927505,7.22181,6.6332,0.6189283,0,1.606136,0,0,0,0,0,0,5.495063,4.350042,6.640095,0.592854,0.702737,0.482971,7.39668,6.223669,8.569692,0.5909459,0,2.113346,7.19684,6.10423,8.289452,9.856098,10,9.512593,6.927505,7.22181,6.6332,0.6189283,0,1.606136,0,0,0,0,0,0,5.495063,4.350042,6.640095,0.592854,0.702737,0.482971,7.39668,6.223669,8.569692,0.5909459,0,2.113346,7.19684,6.10423,8.289452,9.856098,10,9.512593,-1,-1,-1,-1,-1,-1,-1,-1,-1,-1,-1,-1,-1,-1,-1,-1,-1,-1,-1,-1,-1,-1,-1,-1,-1,-1,-1,-1,-1,-1,-1,-1,-1,-1,-1,-1,-1,-1,-1,-1,-1,-1,-1,-1,-1,-1,-1,-1,-1,-1,0,0,0,0,0,0,-1,-1,-1,-1,-1,-1,-1,-1,-1,-1,-1,-1,0,0,0,0,0,0,-1,-1,-1,-1,-1,-1,-1,-1,-1,-1,-1,-1,-1,-1,False,False,0,0,False,209,0,0,0,0,0,0,0,0,0,0,0,0,0,0,0,1,
0,2046,2026-02-16 17:35:40Z,LLM_Empathetic,6.927509,7.22181,6.633208,0.6189209,0,1.606132,0,0,0,0,0,0,5.495069,4.350044,6.640104,0.592854,0.702737,0.482971,7.396683,6.223668,8.569698,0.5909411,0,2.113342,7.196848,6.104235,8.289463,9.856113,10,9.512613,6.927509,7.22181,6.633208,0.6189209,0,1.606132,0,0,0,0,0,0,5.495069,4.350044,6.640104,0.592854,0.702737,0.482971,7.396683,6.223668,8.569698,0.5909411,0,2.113342,7.196848,6.104235,8.289463,9.856113,10,9.512613,-1,-1,-1,-1,-1,-1,-1,-1,-1,-1,-1,-1,-1,-1,-1,-1,-1,-1,-1,-1,-1,-1,-1,-1,-1,-1,-1,-1,-1,-1,-1,-1,-1,-1,-1,-1,-1,-1,-1,-1,-1,-1,-1,-1,-1,-1,-1,-1,-1,-1,0,0,0,0,0,0,-1,-1,-1,-1,-1,-1,-1,-1,-1,-1,-1,-1,0,0,0,0,0,0,-1,-1,-1,-1,-1,-1,-1,-1,-1,-1,-1,-1,-1,-1,False,False,0,0,False,207,0,0,0,0,0,0,0,0,0,0,0,0,0,0,0,1,
0,2047,2026-02-16 17:35:40Z,LLM_Empathetic,6.927514,7.221811,6.633215,0.6189135,0,1.606128,0,0,0,0,0,0,5.495075,4.350046,6.640114,0.592854,0.702737,0.482971,7.396686,6.223667,8.569705,0.5909364,0,2.113337,7.196856,6.104239,8.289474,9.85613,10,9.512633,6.927514,7.221811,6.633215,0.6189135,0,1.606128,0,0,0,0,0,0,5.495075,4.350046,6.640114,0.592854,0.702737,0.482971,7.396686,6.223667,8.569705,0.5909364,0,2.113337,7.196856,6.104239,8.289474,9.85613,10,9.512633,-1,-1,-1,-1,-1,-1,-1,-1,-1,-1,-1,-1,-1,-1,-1,-1,-1,-1,-1,-1,-1,-1,-1,-1,-1,-1,-1,-1,-1,-1,-1,-1,-1,-1,-1,-1,-1,-1,-1,-1,-1,-1,-1,-1,-1,-1,-1,-1,-1,-1,0,0,0,0,0,0,-1,-1,-1,-1,-1,-1,-1,-1,-1,-1,-1,-1,0,0,0,0,0,0,-1,-1,-1,-1,-1,-1,-1,-1,-1,-1,-1,-1,-1,-1,False,False,0,0,False,207,0,0,0,0,0,0,0,0,0,0,0,0,0,0,0,1,
0,2048,2026-02-16 17:35:40Z,LLM_Empathetic,6.927518,7.221812,6.633224,0.618906,0,1.606123,0,0,0,0,0,0,5.49508,4.350048,6.640123,0.592854,0.702737,0.482971,7.396688,6.223665,8.569712,0.5909317,0,2.113332,7.196864,6.104243,8.289485,9.856145,10,9.512652,6.927518,7.221812,6.633224,0.618906,0,1.606123,0,0,0,0,0,0,5.49508,4.350048,6.640123,0.592854,0.702737,0.482971,7.396688,6.223665,8.569712,0.5909317,0,2.113332,7.196864,6.104243,8.289485,9.856145,10,9.512652,-1,-1,-1,-1,-1,-1,-1,-1,-1,-1,-1,-1,-1,-1,-1,-1,-1,-1,-1,-1,-1,-1,-1,-1,-1,-1,-1,-1,-1,-1,-1,-1,-1,-1,-1,-1,-1,-1,-1,-1,-1,-1,-1,-1,-1,-1,-1,-1,-1,-1,0,0,0,0,0,0,-1,-1,-1,-1,-1,-1,-1,-1,-1,-1,-1,-1,0,0,0,0,0,0,-1,-1,-1,-1,-1,-1,-1,-1,-1,-1,-1,-1,-1,-1,False,False,0,0,False,209,0,0,0,0,0,0,0,0,0,0,0,0,0,0,0,1,
0,2049,2026-02-16 17:35:40Z,LLM_Empathetic,6.927522,7.221813,6.633232,0.6188986,0,1.606119,0,0,0,0,0,0,5.495086,4.35005,6.640132,0.592854,0.702737,0.482971,7.396691,6.223664,8.569717,0.5909269,0,2.113327,7.196872,6.104248,8.289496,9.85616,10,9.512672,6.927522,7.221813,6.633232,0.6188986,0,1.606119,0,0,0,0,0,0,5.495086,4.35005,6.640132,0.592854,0.702737,0.482971,7.396691,6.223664,8.569717,0.5909269,0,2.113327,7.196872,6.104248,8.289496,9.85616,10,9.512672,-1,-1,-1,-1,-1,-1,-1,-1,-1,-1,-1,-1,-1,-1,-1,-1,-1,-1,-1,-1,-1,-1,-1,-1,-1,-1,-1,-1,-1,-1,-1,-1,-1,-1,-1,-1,-1,-1,-1,-1,-1,-1,-1,-1,-1,-1,-1,-1,-1,-1,0,0,0,0,0,0,-1,-1,-1,-1,-1,-1,-1,-1,-1,-1,-1,-1,0,0,0,0,0,0,-1,-1,-1,-1,-1,-1,-1,-1,-1,-1,-1,-1,-1,-1,False,False,0,0,False,207,0,0,0,0,0,0,0,0,0,0,0,0,0,0,0,1,
0,2050,2026-02-16 17:35:40Z,LLM_Empathetic,6.927526,7.221814,6.633239,0.6188912,0,1.606115,0,0,0,0,0,0,5.495091,4.350052,6.640142,0.592854,0.702737,0.482971,7.396693,6.223662,8.569724,0.5909221,0,2.113322,7.196879,6.104252,8.289508,9.856176,10,9.512691,6.927526,7.221814,6.633239,0.6188912,0,1.606115,0,0,0,0,0,0,5.495091,4.350052,6.640142,0.592854,0.702737,0.482971,7.396693,6.223662,8.569724,0.5909221,0,2.113322,7.196879,6.104252,8.289508,9.856176,10,9.512691,-1,-1,-1,-1,-1,-1,-1,-1,-1,-1,-1,-1,-1,-1,-1,-1,-1,-1,-1,-1,-1,-1,-1,-1,-1,-1,-1,-1,-1,-1,-1,-1,-1,-1,-1,-1,-1,-1,-1,-1,-1,-1,-1,-1,-1,-1,-1,-1,-1,-1,0,0,0,0,0,0,-1,-1,-1,-1,-1,-1,-1,-1,-1,-1,-1,-1,0,0,0,0,0,0,-1,-1,-1,-1,-1,-1,-1,-1,-1,-1,-1,-1,-1,-1,False,False,0,0,False,209,0,0,0,0,0,0,0,0,0,0,0,0,0,0,0,1,
0,2051,2026-02-16 17:35:40Z,LLM_Empathetic,6.927531,7.221815,6.633247,0.6188837,0,1.606111,0,0,0,0,0,0,5.495097,4.350054,6.640151,0.592854,0.702737,0.482971,7.396696,6.223661,8.569731,0.5909173,0,2.113318,7.196887,6.104256,8.289519,9.856192,10,9.512712,6.927531,7.221815,6.633247,0.6188837,0,1.606111,0,0,0,0,0,0,5.495097,4.350054,6.640151,0.592854,0.702737,0.482971,7.396696,6.223661,8.569731,0.5909173,0,2.113318,7.196887,6.104256,8.289519,9.856192,10,9.512712,-1,-1,-1,-1,-1,-1,-1,-1,-1,-1,-1,-1,-1,-1,-1,-1,-1,-1,-1,-1,-1,-1,-1,-1,-1,-1,-1,-1,-1,-1,-1,-1,-1,-1,-1,-1,-1,-1,-1,-1,-1,-1,-1,-1,-1,-1,-1,-1,-1,-1,0,0,0,0,0,0,-1,-1,-1,-1,-1,-1,-1,-1,-1,-1,-1,-1,0,0,0,0,0,0,-1,-1,-1,-1,-1,-1,-1,-1,-1,-1,-1,-1,-1,-1,False,False,0,0,False,209,0,0,0,0,0,0,0,0,0,0,0,0,0,0,0,1,
0,2052,2026-02-16 17:35:40Z,LLM_Empathetic,6.927536,7.221815,6.633255,0.6188763,0,1.606107,0,0,0,0,0,0,5.495103,4.350056,6.640161,0.592854,0.702737,0.482971,7.396698,6.22366,8.569737,0.5909126,0,2.113313,7.196895,6.10426,8.289531,9.856207,10,9.512731,6.927536,7.221815,6.633255,0.6188763,0,1.606107,0,0,0,0,0,0,5.495103,4.350056,6.640161,0.592854,0.702737,0.482971,7.396698,6.22366,8.569737,0.5909126,0,2.113313,7.196895,6.10426,8.289531,9.856207,10,9.512731,-1,-1,-1,-1,-1,-1,-1,-1,-1,-1,-1,-1,-1,-1,-1,-1,-1,-1,-1,-1,-1,-1,-1,-1,-1,-1,-1,-1,-1,-1,-1,-1,-1,-1,-1,-1,-1,-1,-1,-1,-1,-1,-1,-1,-1,-1,-1,-1,-1,-1,0,0,0,0,0,0,-1,-1,-1,-1,-1,-1,-1,-1,-1,-1,-1,-1,0,0,0,0,0,0,-1,-1,-1,-1,-1,-1,-1,-1,-1,-1,-1,-1,-1,-1,False,False,0,0,False,209,0,0,0,0,0,0,0,0,0,0,0,0,0,0,0,1,
0,2053,2026-02-16 17:35:40Z,LLM_Empathetic,6.92754,7.221816,6.633263,0.6188689,0,1.606103,0,0,0,0,0,0,5.495109,4.350057,6.64017,0.592854,0.702737,0.482971,7.396701,6.223659,8.569743,0.5909079,0,2.113308,7.196903,6.104264,8.289542,9.856223,10,9.512751,6.92754,7.221816,6.633263,0.6188689,0,1.606103,0,0,0,0,0,0,5.495109,4.350057,6.64017,0.592854,0.702737,0.482971,7.396701,6.223659,8.569743,0.5909079,0,2.113308,7.196903,6.104264,8.289542,9.856223,10,9.512751,-1,-1,-1,-1,-1,-1,-1,-1,-1,-1,-1,-1,-1,-1,-1,-1,-1,-1,-1,-1,-1,-1,-1,-1,-1,-1,-1,-1,-1,-1,-1,-1,-1,-1,-1,-1,-1,-1,-1,-1,-1,-1,-1,-1,-1,-1,-1,-1,-1,-1,0,0,0,0,0,0,-1,-1,-1,-1,-1,-1,-1,-1,-1,-1,-1,-1,0,0,0,0,0,0,-1,-1,-1,-1,-1,-1,-1,-1,-1,-1,-1,-1,-1,-1,False,False,0,0,False,209,0,0,0,0,0,0,0,0,0,0,0,0,0,0,0,1,
0,2054,2026-02-16 17:35:40Z,LLM_Empathetic,6.927544,7.221817,6.633271,0.6188615,0,1.606099,0,0,0,0,0,0,5.495114,4.350059,6.640179,0.592854,0.702737,0.482971,7.396703,6.223657,8.56975,0.5909032,0,2.113303,7.196911,6.104269,8.289554,9.856238,10,9.51277,6.927544,7.221817,6.633271,0.6188615,0,1.606099,0,0,0,0,0,0,5.495114,4.350059,6.640179,0.592854,0.702737,0.482971,7.396703,6.223657,8.56975,0.5909032,0,2.113303,7.196911,6.104269,8.289554,9.856238,10,9.51277,-1,-1,-1,-1,-1,-1,-1,-1,-1,-1,-1,-1,-1,-1,-1,-1,-1,-1,-1,-1,-1,-1,-1,-1,-1,-1,-1,-1,-1,-1,-1,-1,-1,-1,-1,-1,-1,-1,-1,-1,-1,-1,-1,-1,-1,-1,-1,-1,-1,-1,0,0,0,0,0,0,-1,-1,-1,-1,-1,-1,-1,-1,-1,-1,-1,-1,0,0,0,0,0,0,-1,-1,-1,-1,-1,-1,-1,-1,-1,-1,-1,-1,-1,-1,False,False,0,0,False,209,0,0,0,0,0,0,0,0,0,0,0,0,0,0,0,1,
0,2055,2026-02-16 17:35:40Z,LLM_Empathetic,6.927548,7.221817,6.633279,0.6188541,0,1.606095,0,0,0,0,0,0,5.49512,4.350061,6.640189,0.592854,0.702737,0.482971,7.396706,6.223656,8.569757,0.5908984,0,2.113299,7.196918,6.104273,8.289565,9.856254,10,9.512789,6.927548,7.221817,6.633279,0.6188541,0,1.606095,0,0,0,0,0,0,5.49512,4.350061,6.640189,0.592854,0.702737,0.482971,7.396706,6.223656,8.569757,0.5908984,0,2.113299,7.196918,6.104273,8.289565,9.856254,10,9.512789,-1,-1,-1,-1,-1,-1,-1,-1,-1,-1,-1,-1,-1,-1,-1,-1,-1,-1,-1,-1,-1,-1,-1,-1,-1,-1,-1,-1,-1,-1,-1,-1,-1,-1,-1,-1,-1,-1,-1,-1,-1,-1,-1,-1,-1,-1,-1,-1,-1,-1,0,0,0,0,0,0,-1,-1,-1,-1,-1,-1,-1,-1,-1,-1,-1,-1,0,0,0,0,0,0,-1,-1,-1,-1,-1,-1,-1,-1,-1,-1,-1,-1,-1,-1,False,False,0,0,False,209,0,0,0,0,0,0,0,0,0,0,0,0,0,0,0,1,
0,2056,2026-02-16 17:35:40Z,LLM_Empathetic,6.927553,7.221818,6.633287,0.6188467,0,1.606091,0,0,0,0,0,0,5.495125,4.350063,6.640198,0.592854,0.702737,0.482971,7.396708,6.223655,8.569763,0.5908937,0,2.113294,7.196926,6.104277,8.289577,9.856269,10,9.512809,6.927553,7.221818,6.633287,0.6188467,0,1.606091,0,0,0,0,0,0,5.495125,4.350063,6.640198,0.592854,0.702737,0.482971,7.396708,6.223655,8.569763,0.5908937,0,2.113294,7.196926,6.104277,8.289577,9.856269,10,9.512809,-1,-1,-1,-1,-1,-1,-1,-1,-1,-1,-1,-1,-1,-1,-1,-1,-1,-1,-1,-1,-1,-1,-1,-1,-1,-1,-1,-1,-1,-1,-1,-1,-1,-1,-1,-1,-1,-1,-1,-1,-1,-1,-1,-1,-1,-1,-1,-1,-1,-1,0,0,0,0,0,0,-1,-1,-1,-1,-1,-1,-1,-1,-1,-1,-1,-1,0,0,0,0,0,0,-1,-1,-1,-1,-1,-1,-1,-1,-1,-1,-1,-1,-1,-1,False,False,0,0,False,207,0,0,0,0,0,0,0,0,0,0,0,0,0,0,0,1,
0,2057,2026-02-16 17:35:40Z,LLM_Empathetic,6.927557,7.221819,6.633295,0.6188393,0,1.606087,0,0,0,0,0,0,5.495131,4.350065,6.640207,0.592854,0.702737,0.482971,7.396711,6.223653,8.569769,0.5908889,0,2.113289,7.196934,6.104281,8.289588,9.856285,10,9.512828,6.927557,7.221819,6.633295,0.6188393,0,1.606087,0,0,0,0,0,0,5.495131,4.350065,6.640207,0.592854,0.702737,0.482971,7.396711,6.223653,8.569769,0.5908889,0,2.113289,7.196934,6.104281,8.289588,9.856285,10,9.512828,-1,-1,-1,-1,-1,-1,-1,-1,-1,-1,-1,-1,-1,-1,-1,-1,-1,-1,-1,-1,-1,-1,-1,-1,-1,-1,-1,-1,-1,-1,-1,-1,-1,-1,-1,-1,-1,-1,-1,-1,-1,-1,-1,-1,-1,-1,-1,-1,-1,-1,0,0,0,0,0,0,-1,-1,-1,-1,-1,-1,-1,-1,-1,-1,-1,-1,0,0,0,0,0,0,-1,-1,-1,-1,-1,-1,-1,-1,-1,-1,-1,-1,-1,-1,False,False,0,0,False,207,0,0,0,0,0,0,0,0,0,0,0,0,0,0,0,1,
0,2058,2026-02-16 17:35:40Z,LLM_Empathetic,6.927561,7.22182,6.633303,0.618832,0,1.606083,0,0,0,0,0,0,5.495136,4.350067,6.640217,0.592854,0.702737,0.482971,7.396714,6.223652,8.569776,0.5908842,0,2.113285,7.196942,6.104285,8.289598,9.8563,10,9.512848,6.927561,7.22182,6.633303,0.618832,0,1.606083,0,0,0,0,0,0,5.495136,4.350067,6.640217,0.592854,0.702737,0.482971,7.396714,6.223652,8.569776,0.5908842,0,2.113285,7.196942,6.104285,8.289598,9.8563,10,9.512848,-1,-1,-1,-1,-1,-1,-1,-1,-1,-1,-1,-1,-1,-1,-1,-1,-1,-1,-1,-1,-1,-1,-1,-1,-1,-1,-1,-1,-1,-1,-1,-1,-1,-1,-1,-1,-1,-1,-1,-1,-1,-1,-1,-1,-1,-1,-1,-1,-1,-1,0,0,0,0,0,0,-1,-1,-1,-1,-1,-1,-1,-1,-1,-1,-1,-1,0,0,0,0,0,0,-1,-1,-1,-1,-1,-1,-1,-1,-1,-1,-1,-1,-1,-1,False,False,0,0,False,207,0,0,0,0,0,0,0,0,0,0,0,0,0,0,0,1,
0,2059,2026-02-16 17:35:40Z,LLM_Empathetic,6.927566,7.221821,6.633311,0.6188246,0,1.606079,0,0,0,0,0,0,5.495142,4.350069,6.640226,0.592854,0.702737,0.482971,7.396716,6.223651,8.569782,0.5908795,0,2.11328,7.196949,6.10429,8.28961,9.856316,10,9.512867,6.927566,7.221821,6.633311,0.6188246,0,1.606079,0,0,0,0,0,0,5.495142,4.350069,6.640226,0.592854,0.702737,0.482971,7.396716,6.223651,8.569782,0.5908795,0,2.11328,7.196949,6.10429,8.28961,9.856316,10,9.512867,-1,-1,-1,-1,-1,-1,-1,-1,-1,-1,-1,-1,-1,-1,-1,-1,-1,-1,-1,-1,-1,-1,-1,-1,-1,-1,-1,-1,-1,-1,-1,-1,-1,-1,-1,-1,-1,-1,-1,-1,-1,-1,-1,-1,-1,-1,-1,-1,-1,-1,0,0,0,0,0,0,-1,-1,-1,-1,-1,-1,-1,-1,-1,-1,-1,-1,0,0,0,0,0,0,-1,-1,-1,-1,-1,-1,-1,-1,-1,-1,-1,-1,-1,-1,False,False,0,0,False,209,0,0,0,0,0,0,0,0,0,0,0,0,0,0,0,1,
0,2060,2026-02-16 17:35:41Z,LLM_Empathetic,6.92757,7.221821,6.633318,0.6188172,0,1.606075,0,0,0,0,0,0,5.495148,4.35007,6.640235,0.592854,0.702737,0.482971,7.396719,6.22365,8.569788,0.5908748,0,2.113275,7.196957,6.104294,8.289621,9.856331,10,9.512886,6.92757,7.221821,6.633318,0.6188172,0,1.606075,0,0,0,0,0,0,5.495148,4.35007,6.640235,0.592854,0.702737,0.482971,7.396719,6.22365,8.569788,0.5908748,0,2.113275,7.196957,6.104294,8.289621,9.856331,10,9.512886,-1,-1,-1,-1,-1,-1,-1,-1,-1,-1,-1,-1,-1,-1,-1,-1,-1,-1,-1,-1,-1,-1,-1,-1,-1,-1,-1,-1,-1,-1,-1,-1,-1,-1,-1,-1,-1,-1,-1,-1,-1,-1,-1,-1,-1,-1,-1,-1,-1,-1,0,0,0,0,0,0,-1,-1,-1,-1,-1,-1,-1,-1,-1,-1,-1,-1,0,0,0,0,0,0,-1,-1,-1,-1,-1,-1,-1,-1,-1,-1,-1,-1,-1,-1,False,False,0,0,False,207,0,0,0,0,0,0,0,0,0,0,0,0,0,0,0,1,
0,2061,2026-02-16 17:35:41Z,LLM_Empathetic,6.927575,7.221822,6.633327,0.6188099,0,1.606071,0,0,0,0,0,0,5.495153,4.350072,6.640244,0.592854,0.702737,0.482971,7.396721,6.223648,8.569795,0.5908701,0,2.113271,7.196965,6.104298,8.289633,9.856347,10,9.512906,6.927575,7.221822,6.633327,0.6188099,0,1.606071,0,0,0,0,0,0,5.495153,4.350072,6.640244,0.592854,0.702737,0.482971,7.396721,6.223648,8.569795,0.5908701,0,2.113271,7.196965,6.104298,8.289633,9.856347,10,9.512906,-1,-1,-1,-1,-1,-1,-1,-1,-1,-1,-1,-1,-1,-1,-1,-1,-1,-1,-1,-1,-1,-1,-1,-1,-1,-1,-1,-1,-1,-1,-1,-1,-1,-1,-1,-1,-1,-1,-1,-1,-1,-1,-1,-1,-1,-1,-1,-1,-1,-1,0,0,0,0,0,0,-1,-1,-1,-1,-1,-1,-1,-1,-1,-1,-1,-1,0,0,0,0,0,0,-1,-1,-1,-1,-1,-1,-1,-1,-1,-1,-1,-1,-1,-1,False,False,0,0,False,209,0,0,0,0,0,0,0,0,0,0,0,0,0,0,0,1,
0,2062,2026-02-16 17:35:41Z,LLM_Empathetic,6.927579,7.221823,6.633334,0.6188025,0,1.606066,0,0,0,0,0,0,5.495159,4.350074,6.640254,0.592854,0.702737,0.482971,7.396724,6.223647,8.569801,0.5908654,0,2.113266,7.196973,6.104302,8.289644,9.856362,10,9.512925,6.927579,7.221823,6.633334,0.6188025,0,1.606066,0,0,0,0,0,0,5.495159,4.350074,6.640254,0.592854,0.702737,0.482971,7.396724,6.223647,8.569801,0.5908654,0,2.113266,7.196973,6.104302,8.289644,9.856362,10,9.512925,-1,-1,-1,-1,-1,-1,-1,-1,-1,-1,-1,-1,-1,-1,-1,-1,-1,-1,-1,-1,-1,-1,-1,-1,-1,-1,-1,-1,-1,-1,-1,-1,-1,-1,-1,-1,-1,-1,-1,-1,-1,-1,-1,-1,-1,-1,-1,-1,-1,-1,0,0,0,0,0,0,-1,-1,-1,-1,-1,-1,-1,-1,-1,-1,-1,-1,0,0,0,0,0,0,-1,-1,-1,-1,-1,-1,-1,-1,-1,-1,-1,-1,-1,-1,False,False,0,0,False,207,0,0,0,0,0,0,0,0,0,0,0,0,0,0,0,1,
0,2063,2026-02-16 17:35:41Z,LLM_Empathetic,6.927583,7.221824,6.633342,0.6187952,0,1.606062,0,0,0,0,0,0,5.495164,4.350076,6.640263,0.592854,0.702737,0.482971,7.396726,6.223646,8.569808,0.5908607,0,2.113261,7.19698,6.104306,8.289656,9.856378,10,9.512944,6.927583,7.221824,6.633342,0.6187952,0,1.606062,0,0,0,0,0,0,5.495164,4.350076,6.640263,0.592854,0.702737,0.482971,7.396726,6.223646,8.569808,0.5908607,0,2.113261,7.19698,6.104306,8.289656,9.856378,10,9.512944,-1,-1,-1,-1,-1,-1,-1,-1,-1,-1,-1,-1,-1,-1,-1,-1,-1,-1,-1,-1,-1,-1,-1,-1,-1,-1,-1,-1,-1,-1,-1,-1,-1,-1,-1,-1,-1,-1,-1,-1,-1,-1,-1,-1,-1,-1,-1,-1,-1,-1,0,0,0,0,0,0,-1,-1,-1,-1,-1,-1,-1,-1,-1,-1,-1,-1,0,0,0,0,0,0,-1,-1,-1,-1,-1,-1,-1,-1,-1,-1,-1,-1,-1,-1,False,False,0,0,False,209,0,0,0,0,0,0,0,0,0,0,0,0,0,0,0,1,
0,2064,2026-02-16 17:35:41Z,LLM_Empathetic,6.927588,7.221825,6.63335,0.6187878,0,1.606058,0,0,0,0,0,0,5.49517,4.350078,6.640273,0.592854,0.702737,0.482971,7.396729,6.223644,8.569814,0.590856,0,2.113256,7.196988,6.104311,8.289666,9.856393,10,9.512964,6.927588,7.221825,6.63335,0.6187878,0,1.606058,0,0,0,0,0,0,5.49517,4.350078,6.640273,0.592854,0.702737,0.482971,7.396729,6.223644,8.569814,0.590856,0,2.113256,7.196988,6.104311,8.289666,9.856393,10,9.512964,-1,-1,-1,-1,-1,-1,-1,-1,-1,-1,-1,-1,-1,-1,-1,-1,-1,-1,-1,-1,-1,-1,-1,-1,-1,-1,-1,-1,-1,-1,-1,-1,-1,-1,-1,-1,-1,-1,-1,-1,-1,-1,-1,-1,-1,-1,-1,-1,-1,-1,0,0,0,0,0,0,-1,-1,-1,-1,-1,-1,-1,-1,-1,-1,-1,-1,0,0,0,0,0,0,-1,-1,-1,-1,-1,-1,-1,-1,-1,-1,-1,-1,-1,-1,False,False,0,0,False,209,0,0,0,0,0,0,0,0,0,0,0,0,0,0,0,1,
0,2065,2026-02-16 17:35:41Z,LLM_Empathetic,6.927592,7.221826,6.633358,0.6187805,0,1.606054,0,0,0,0,0,0,5.495175,4.35008,6.640282,0.592854,0.702737,0.482971,7.396731,6.223643,8.56982,0.5908512,0,2.113252,7.196996,6.104315,8.289678,9.856408,10,9.512983,6.927592,7.221826,6.633358,0.6187805,0,1.606054,0,0,0,0,0,0,5.495175,4.35008,6.640282,0.592854,0.702737,0.482971,7.396731,6.223643,8.56982,0.5908512,0,2.113252,7.196996,6.104315,8.289678,9.856408,10,9.512983,-1,-1,-1,-1,-1,-1,-1,-1,-1,-1,-1,-1,-1,-1,-1,-1,-1,-1,-1,-1,-1,-1,-1,-1,-1,-1,-1,-1,-1,-1,-1,-1,-1,-1,-1,-1,-1,-1,-1,-1,-1,-1,-1,-1,-1,-1,-1,-1,-1,-1,0,0,0,0,0,0,-1,-1,-1,-1,-1,-1,-1,-1,-1,-1,-1,-1,0,0,0,0,0,0,-1,-1,-1,-1,-1,-1,-1,-1,-1,-1,-1,-1,-1,-1,False,False,0,0,False,209,0,0,0,0,0,0,0,0,0,0,0,0,0,0,0,1,
0,2066,2026-02-16 17:35:41Z,LLM_Empathetic,6.927596,7.221826,6.633366,0.6187732,0,1.60605,0,0,0,0,0,0,5.495181,4.350081,6.640291,0.592854,0.702737,0.482971,7.396734,6.223641,8.569827,0.5908465,0,2.113247,7.197003,6.104319,8.289689,9.856423,10,9.513002,6.927596,7.221826,6.633366,0.6187732,0,1.60605,0,0,0,0,0,0,5.495181,4.350081,6.640291,0.592854,0.702737,0.482971,7.396734,6.223641,8.569827,0.5908465,0,2.113247,7.197003,6.104319,8.289689,9.856423,10,9.513002,-1,-1,-1,-1,-1,-1,-1,-1,-1,-1,-1,-1,-1,-1,-1,-1,-1,-1,-1,-1,-1,-1,-1,-1,-1,-1,-1,-1,-1,-1,-1,-1,-1,-1,-1,-1,-1,-1,-1,-1,-1,-1,-1,-1,-1,-1,-1,-1,-1,-1,0,0,0,0,0,0,-1,-1,-1,-1,-1,-1,-1,-1,-1,-1,-1,-1,0,0,0,0,0,0,-1,-1,-1,-1,-1,-1,-1,-1,-1,-1,-1,-1,-1,-1,False,False,0,0,False,207,0,0,0,0,0,0,0,0,0,0,0,0,0,0,0,1,
0,2067,2026-02-16 17:35:41Z,LLM_Empathetic,6.9276,7.221827,6.633374,0.6187658,0,1.606046,0,0,0,0,0,0,5.495186,4.350083,6.6403,0.592854,0.702737,0.482971,7.396737,6.22364,8.569833,0.5908418,0,2.113242,7.197011,6.104323,8.289701,9.856439,10,9.513021,6.9276,7.221827,6.633374,0.6187658,0,1.606046,0,0,0,0,0,0,5.495186,4.350083,6.6403,0.592854,0.702737,0.482971,7.396737,6.22364,8.569833,0.5908418,0,2.113242,7.197011,6.104323,8.289701,9.856439,10,9.513021,-1,-1,-1,-1,-1,-1,-1,-1,-1,-1,-1,-1,-1,-1,-1,-1,-1,-1,-1,-1,-1,-1,-1,-1,-1,-1,-1,-1,-1,-1,-1,-1,-1,-1,-1,-1,-1,-1,-1,-1,-1,-1,-1,-1,-1,-1,-1,-1,-1,-1,0,0,0,0,0,0,-1,-1,-1,-1,-1,-1,-1,-1,-1,-1,-1,-1,0,0,0,0,0,0,-1,-1,-1,-1,-1,-1,-1,-1,-1,-1,-1,-1,-1,-1,False,False,0,0,False,209,0,0,0,0,0,0,0,0,0,0,0,0,0,0,0,1,
0,2068,2026-02-16 17:35:41Z,LLM_Empathetic,6.927605,7.221828,6.633381,0.6187585,0,1.606042,0,0,0,0,0,0,5.495192,4.350085,6.640309,0.592854,0.702737,0.482971,7.396739,6.223639,8.569839,0.5908372,0,2.113238,7.197019,6.104327,8.289712,9.856455,10,9.513041,6.927605,7.221828,6.633381,0.6187585,0,1.606042,0,0,0,0,0,0,5.495192,4.350085,6.640309,0.592854,0.702737,0.482971,7.396739,6.223639,8.569839,0.5908372,0,2.113238,7.197019,6.104327,8.289712,9.856455,10,9.513041,-1,-1,-1,-1,-1,-1,-1,-1,-1,-1,-1,-1,-1,-1,-1,-1,-1,-1,-1,-1,-1,-1,-1,-1,-1,-1,-1,-1,-1,-1,-1,-1,-1,-1,-1,-1,-1,-1,-1,-1,-1,-1,-1,-1,-1,-1,-1,-1,-1,-1,0,0,0,0,0,0,-1,-1,-1,-1,-1,-1,-1,-1,-1,-1,-1,-1,0,0,0,0,0,0,-1,-1,-1,-1,-1,-1,-1,-1,-1,-1,-1,-1,-1,-1,False,False,0,0,False,209,0,0,0,0,0,0,0,0,0,0,0,0,0,0,0,1,
0,2069,2026-02-16 17:35:41Z,LLM_Empathetic,6.927609,7.221828,6.633389,0.6187512,0,1.606038,0,0,0,0,0,0,5.495198,4.350087,6.640319,0.592854,0.702737,0.482971,7.396741,6.223638,8.569846,0.5908325,0,2.113233,7.197027,6.104331,8.289722,9.85647,10,9.513061,6.927609,7.221828,6.633389,0.6187512,0,1.606038,0,0,0,0,0,0,5.495198,4.350087,6.640319,0.592854,0.702737,0.482971,7.396741,6.223638,8.569846,0.5908325,0,2.113233,7.197027,6.104331,8.289722,9.85647,10,9.513061,-1,-1,-1,-1,-1,-1,-1,-1,-1,-1,-1,-1,-1,-1,-1,-1,-1,-1,-1,-1,-1,-1,-1,-1,-1,-1,-1,-1,-1,-1,-1,-1,-1,-1,-1,-1,-1,-1,-1,-1,-1,-1,-1,-1,-1,-1,-1,-1,-1,-1,0,0,0,0,0,0,-1,-1,-1,-1,-1,-1,-1,-1,-1,-1,-1,-1,0,0,0,0,0,0,-1,-1,-1,-1,-1,-1,-1,-1,-1,-1,-1,-1,-1,-1,False,False,0,0,False,209,0,0,0,0,0,0,0,0,0,0,0,0,0,0,0,1,
0,2070,2026-02-16 17:35:41Z,LLM_Empathetic,6.927613,7.221829,6.633397,0.6187438,0,1.606034,0,0,0,0,0,0,5.495203,4.350089,6.640328,0.592854,0.702737,0.482971,7.396744,6.223636,8.569852,0.5908278,0,2.113228,7.197034,6.104335,8.289734,9.856485,10,9.51308,6.927613,7.221829,6.633397,0.6187438,0,1.606034,0,0,0,0,0,0,5.495203,4.350089,6.640328,0.592854,0.702737,0.482971,7.396744,6.223636,8.569852,0.5908278,0,2.113228,7.197034,6.104335,8.289734,9.856485,10,9.51308,-1,-1,-1,-1,-1,-1,-1,-1,-1,-1,-1,-1,-1,-1,-1,-1,-1,-1,-1,-1,-1,-1,-1,-1,-1,-1,-1,-1,-1,-1,-1,-1,-1,-1,-1,-1,-1,-1,-1,-1,-1,-1,-1,-1,-1,-1,-1,-1,-1,-1,0,0,0,0,0,0,-1,-1,-1,-1,-1,-1,-1,-1,-1,-1,-1,-1,0,0,0,0,0,0,-1,-1,-1,-1,-1,-1,-1,-1,-1,-1,-1,-1,-1,-1,False,False,0,0,False,209,0,0,0,0,0,0,0,0,0,0,0,0,0,0,0,1,
0,2071,2026-02-16 17:35:41Z,LLM_Empathetic,6.927618,7.22183,6.633405,0.6187366,0,1.60603,0,0,0,0,0,0,5.495209,4.350091,6.640337,0.592854,0.702737,0.482971,7.396747,6.223635,8.569859,0.5908231,0,2.113224,7.197042,6.10434,8.289745,9.856501,10,9.513099,6.927618,7.22183,6.633405,0.6187366,0,1.60603,0,0,0,0,0,0,5.495209,4.350091,6.640337,0.592854,0.702737,0.482971,7.396747,6.223635,8.569859,0.5908231,0,2.113224,7.197042,6.10434,8.289745,9.856501,10,9.513099,-1,-1,-1,-1,-1,-1,-1,-1,-1,-1,-1,-1,-1,-1,-1,-1,-1,-1,-1,-1,-1,-1,-1,-1,-1,-1,-1,-1,-1,-1,-1,-1,-1,-1,-1,-1,-1,-1,-1,-1,-1,-1,-1,-1,-1,-1,-1,-1,-1,-1,0,0,0,0,0,0,-1,-1,-1,-1,-1,-1,-1,-1,-1,-1,-1,-1,0,0,0,0,0,0,-1,-1,-1,-1,-1,-1,-1,-1,-1,-1,-1,-1,-1,-1,False,False,0,0,False,209,0,0,0,0,0,0,0,0,0,0,0,0,0,0,0,1,
0,2072,2026-02-16 17:35:41Z,LLM_Empathetic,6.927622,7.221831,6.633413,0.6187292,0,1.606026,0,0,0,0,0,0,5.495214,4.350092,6.640347,0.592854,0.702737,0.482971,7.396749,6.223634,8.569865,0.5908185,0,2.113219,7.19705,6.104344,8.289757,9.856516,10,9.513118,6.927622,7.221831,6.633413,0.6187292,0,1.606026,0,0,0,0,0,0,5.495214,4.350092,6.640347,0.592854,0.702737,0.482971,7.396749,6.223634,8.569865,0.5908185,0,2.113219,7.19705,6.104344,8.289757,9.856516,10,9.513118,-1,-1,-1,-1,-1,-1,-1,-1,-1,-1,-1,-1,-1,-1,-1,-1,-1,-1,-1,-1,-1,-1,-1,-1,-1,-1,-1,-1,-1,-1,-1,-1,-1,-1,-1,-1,-1,-1,-1,-1,-1,-1,-1,-1,-1,-1,-1,-1,-1,-1,0,0,0,0,0,0,-1,-1,-1,-1,-1,-1,-1,-1,-1,-1,-1,-1,0,0,0,0,0,0,-1,-1,-1,-1,-1,-1,-1,-1,-1,-1,-1,-1,-1,-1,False,False,0,0,False,209,0,0,0,0,0,0,0,0,0,0,0,0,0,0,0,1,
0,2073,2026-02-16 17:35:41Z,LLM_Empathetic,6.927626,7.221832,6.63342,0.618722,0,1.606022,0,0,0,0,0,0,5.49522,4.350094,6.640356,0.592854,0.702737,0.482971,7.396751,6.223632,8.569871,0.5908138,0,2.113214,7.197057,6.104348,8.289767,9.856531,10,9.513137,6.927626,7.221832,6.63342,0.618722,0,1.606022,0,0,0,0,0,0,5.49522,4.350094,6.640356,0.592854,0.702737,0.482971,7.396751,6.223632,8.569871,0.5908138,0,2.113214,7.197057,6.104348,8.289767,9.856531,10,9.513137,-1,-1,-1,-1,-1,-1,-1,-1,-1,-1,-1,-1,-1,-1,-1,-1,-1,-1,-1,-1,-1,-1,-1,-1,-1,-1,-1,-1,-1,-1,-1,-1,-1,-1,-1,-1,-1,-1,-1,-1,-1,-1,-1,-1,-1,-1,-1,-1,-1,-1,0,0,0,0,0,0,-1,-1,-1,-1,-1,-1,-1,-1,-1,-1,-1,-1,0,0,0,0,0,0,-1,-1,-1,-1,-1,-1,-1,-1,-1,-1,-1,-1,-1,-1,False,False,0,0,False,209,0,0,0,0,0,0,0,0,0,0,0,0,0,0,0,1,
0,2074,2026-02-16 17:35:41Z,LLM_Empathetic,6.92763,7.221832,6.633428,0.6187147,0,1.606018,0,0,0,0,0,0,5.495225,4.350096,6.640365,0.592854,0.702737,0.482971,7.396754,6.223631,8.569878,0.5908091,0,2.113209,7.197065,6.104352,8.289779,9.856546,10,9.513157,6.92763,7.221832,6.633428,0.6187147,0,1.606018,0,0,0,0,0,0,5.495225,4.350096,6.640365,0.592854,0.702737,0.482971,7.396754,6.223631,8.569878,0.5908091,0,2.113209,7.197065,6.104352,8.289779,9.856546,10,9.513157,-1,-1,-1,-1,-1,-1,-1,-1,-1,-1,-1,-1,-1,-1,-1,-1,-1,-1,-1,-1,-1,-1,-1,-1,-1,-1,-1,-1,-1,-1,-1,-1,-1,-1,-1,-1,-1,-1,-1,-1,-1,-1,-1,-1,-1,-1,-1,-1,-1,-1,0,0,0,0,0,0,-1,-1,-1,-1,-1,-1,-1,-1,-1,-1,-1,-1,0,0,0,0,0,0,-1,-1,-1,-1,-1,-1,-1,-1,-1,-1,-1,-1,-1,-1,False,False,0,0,False,209,0,0,0,0,0,0,0,0,0,0,0,0,0,0,0,1,
0,2075,2026-02-16 17:35:41Z,LLM_Empathetic,6.927635,7.221833,6.633436,0.6187074,0,1.606014,0,0,0,0,0,0,5.495231,4.350098,6.640374,0.592854,0.702737,0.482971,7.396757,6.22363,8.569883,0.5908045,0,2.113205,7.197073,6.104356,8.28979,9.856562,10,9.513176,6.927635,7.221833,6.633436,0.6187074,0,1.606014,0,0,0,0,0,0,5.495231,4.350098,6.640374,0.592854,0.702737,0.482971,7.396757,6.22363,8.569883,0.5908045,0,2.113205,7.197073,6.104356,8.28979,9.856562,10,9.513176,-1,-1,-1,-1,-1,-1,-1,-1,-1,-1,-1,-1,-1,-1,-1,-1,-1,-1,-1,-1,-1,-1,-1,-1,-1,-1,-1,-1,-1,-1,-1,-1,-1,-1,-1,-1,-1,-1,-1,-1,-1,-1,-1,-1,-1,-1,-1,-1,-1,-1,0,0,0,0,0,0,-1,-1,-1,-1,-1,-1,-1,-1,-1,-1,-1,-1,0,0,0,0,0,0,-1,-1,-1,-1,-1,-1,-1,-1,-1,-1,-1,-1,-1,-1,False,False,0,0,False,209,0,0,0,0,0,0,0,0,0,0,0,0,0,0,0,1,
0,2076,2026-02-16 17:35:41Z,LLM_Empathetic,6.927639,7.221834,6.633444,0.6187001,0,1.60601,0,0,0,0,0,0,5.495236,4.3501,6.640383,0.592854,0.702737,0.482971,7.396759,6.223629,8.56989,0.5907997,0,2.1132,7.19708,6.104361,8.289801,9.856577,10,9.513195,6.927639,7.221834,6.633444,0.6187001,0,1.60601,0,0,0,0,0,0,5.495236,4.3501,6.640383,0.592854,0.702737,0.482971,7.396759,6.223629,8.56989,0.5907997,0,2.1132,7.19708,6.104361,8.289801,9.856577,10,9.513195,-1,-1,-1,-1,-1,-1,-1,-1,-1,-1,-1,-1,-1,-1,-1,-1,-1,-1,-1,-1,-1,-1,-1,-1,-1,-1,-1,-1,-1,-1,-1,-1,-1,-1,-1,-1,-1,-1,-1,-1,-1,-1,-1,-1,-1,-1,-1,-1,-1,-1,0,0,0,0,0,0,-1,-1,-1,-1,-1,-1,-1,-1,-1,-1,-1,-1,0,0,0,0,0,0,-1,-1,-1,-1,-1,-1,-1,-1,-1,-1,-1,-1,-1,-1,False,False,0,0,False,207,0,0,0,0,0,0,0,0,0,0,0,0,0,0,0,1,
0,2077,2026-02-16 17:35:41Z,LLM_Empathetic,6.927643,7.221835,6.633451,0.6186928,0,1.606006,0,0,0,0,0,0,5.495242,4.350101,6.640392,0.592854,0.702737,0.482971,7.396761,6.223627,8.569897,0.5907951,0,2.113195,7.197088,6.104364,8.289812,9.856592,10,9.513214,6.927643,7.221835,6.633451,0.6186928,0,1.606006,0,0,0,0,0,0,5.495242,4.350101,6.640392,0.592854,0.702737,0.482971,7.396761,6.223627,8.569897,0.5907951,0,2.113195,7.197088,6.104364,8.289812,9.856592,10,9.513214,-1,-1,-1,-1,-1,-1,-1,-1,-1,-1,-1,-1,-1,-1,-1,-1,-1,-1,-1,-1,-1,-1,-1,-1,-1,-1,-1,-1,-1,-1,-1,-1,-1,-1,-1,-1,-1,-1,-1,-1,-1,-1,-1,-1,-1,-1,-1,-1,-1,-1,0,0,0,0,0,0,-1,-1,-1,-1,-1,-1,-1,-1,-1,-1,-1,-1,0,0,0,0,0,0,-1,-1,-1,-1,-1,-1,-1,-1,-1,-1,-1,-1,-1,-1,False,False,0,0,False,209,0,0,0,0,0,0,0,0,0,0,0,0,0,0,0,1,
0,2078,2026-02-16 17:35:41Z,LLM_Empathetic,6.927648,7.221836,6.63346,0.6186856,0,1.606002,0,0,0,0,0,0,5.495247,4.350103,6.640401,0.592854,0.702737,0.482971,7.396764,6.223626,8.569902,0.5907905,0,2.113191,7.197095,6.104369,8.289824,9.856607,10,9.513233,6.927648,7.221836,6.63346,0.6186856,0,1.606002,0,0,0,0,0,0,5.495247,4.350103,6.640401,0.592854,0.702737,0.482971,7.396764,6.223626,8.569902,0.5907905,0,2.113191,7.197095,6.104369,8.289824,9.856607,10,9.513233,-1,-1,-1,-1,-1,-1,-1,-1,-1,-1,-1,-1,-1,-1,-1,-1,-1,-1,-1,-1,-1,-1,-1,-1,-1,-1,-1,-1,-1,-1,-1,-1,-1,-1,-1,-1,-1,-1,-1,-1,-1,-1,-1,-1,-1,-1,-1,-1,-1,-1,0,0,0,0,0,0,-1,-1,-1,-1,-1,-1,-1,-1,-1,-1,-1,-1,0,0,0,0,0,0,-1,-1,-1,-1,-1,-1,-1,-1,-1,-1,-1,-1,-1,-1,False,False,0,0,False,209,0,0,0,0,0,0,0,0,0,0,0,0,0,0,0,1,
0,2079,2026-02-16 17:35:41Z,LLM_Empathetic,6.927652,7.221836,6.633467,0.6186783,0,1.605998,0,0,0,0,0,0,5.495253,4.350105,6.640411,0.592854,0.702737,0.482971,7.396767,6.223625,8.569909,0.5907858,0,2.113186,7.197103,6.104373,8.289834,9.856623,10,9.513252,6.927652,7.221836,6.633467,0.6186783,0,1.605998,0,0,0,0,0,0,5.495253,4.350105,6.640411,0.592854,0.702737,0.482971,7.396767,6.223625,8.569909,0.5907858,0,2.113186,7.197103,6.104373,8.289834,9.856623,10,9.513252,-1,-1,-1,-1,-1,-1,-1,-1,-1,-1,-1,-1,-1,-1,-1,-1,-1,-1,-1,-1,-1,-1,-1,-1,-1,-1,-1,-1,-1,-1,-1,-1,-1,-1,-1,-1,-1,-1,-1,-1,-1,-1,-1,-1,-1,-1,-1,-1,-1,-1,0,0,0,0,0,0,-1,-1,-1,-1,-1,-1,-1,-1,-1,-1,-1,-1,0,0,0,0,0,0,-1,-1,-1,-1,-1,-1,-1,-1,-1,-1,-1,-1,-1,-1,False,False,0,0,False,207,0,0,0,0,0,0,0,0,0,0,0,0,0,0,0,1,
0,2080,2026-02-16 17:35:41Z,LLM_Empathetic,6.927656,7.221837,6.633475,0.6186711,0,1.605994,0,0,0,0,0,0,5.495258,4.350107,6.64042,0.592854,0.702737,0.482971,7.396769,6.223623,8.569915,0.5907812,0,2.113182,7.197111,6.104377,8.289845,9.856638,10,9.513271,6.927656,7.221837,6.633475,0.6186711,0,1.605994,0,0,0,0,0,0,5.495258,4.350107,6.64042,0.592854,0.702737,0.482971,7.396769,6.223623,8.569915,0.5907812,0,2.113182,7.197111,6.104377,8.289845,9.856638,10,9.513271,-1,-1,-1,-1,-1,-1,-1,-1,-1,-1,-1,-1,-1,-1,-1,-1,-1,-1,-1,-1,-1,-1,-1,-1,-1,-1,-1,-1,-1,-1,-1,-1,-1,-1,-1,-1,-1,-1,-1,-1,-1,-1,-1,-1,-1,-1,-1,-1,-1,-1,0,0,0,0,0,0,-1,-1,-1,-1,-1,-1,-1,-1,-1,-1,-1,-1,0,0,0,0,0,0,-1,-1,-1,-1,-1,-1,-1,-1,-1,-1,-1,-1,-1,-1,False,False,0,0,False,207,0,0,0,0,0,0,0,0,0,0,0,0,0,0,0,1,
0,2081,2026-02-16 17:35:41Z,LLM_Empathetic,6.92766,7.221838,6.633483,0.6186638,0,1.60599,0,0,0,0,0,0,5.495264,4.350109,6.640429,0.592854,0.702737,0.482971,7.396772,6.223622,8.569921,0.5907765,0,2.113177,7.197118,6.104381,8.289857,9.856653,10,9.51329,6.92766,7.221838,6.633483,0.6186638,0,1.60599,0,0,0,0,0,0,5.495264,4.350109,6.640429,0.592854,0.702737,0.482971,7.396772,6.223622,8.569921,0.5907765,0,2.113177,7.197118,6.104381,8.289857,9.856653,10,9.51329,-1,-1,-1,-1,-1,-1,-1,-1,-1,-1,-1,-1,-1,-1,-1,-1,-1,-1,-1,-1,-1,-1,-1,-1,-1,-1,-1,-1,-1,-1,-1,-1,-1,-1,-1,-1,-1,-1,-1,-1,-1,-1,-1,-1,-1,-1,-1,-1,-1,-1,0,0,0,0,0,0,-1,-1,-1,-1,-1,-1,-1,-1,-1,-1,-1,-1,0,0,0,0,0,0,-1,-1,-1,-1,-1,-1,-1,-1,-1,-1,-1,-1,-1,-1,False,False,0,0,False,209,0,0,0,0,0,0,0,0,0,0,0,0,0,0,0,1,
0,2082,2026-02-16 17:35:41Z,LLM_Empathetic,6.927665,7.221838,6.633491,0.6186566,0,1.605986,0,0,0,0,0,0,5.495269,4.350111,6.640438,0.592854,0.702737,0.482971,7.396774,6.223621,8.569928,0.5907719,0,2.113172,7.197126,6.104385,8.289867,9.856668,10,9.513309,6.927665,7.221838,6.633491,0.6186566,0,1.605986,0,0,0,0,0,0,5.495269,4.350111,6.640438,0.592854,0.702737,0.482971,7.396774,6.223621,8.569928,0.5907719,0,2.113172,7.197126,6.104385,8.289867,9.856668,10,9.513309,-1,-1,-1,-1,-1,-1,-1,-1,-1,-1,-1,-1,-1,-1,-1,-1,-1,-1,-1,-1,-1,-1,-1,-1,-1,-1,-1,-1,-1,-1,-1,-1,-1,-1,-1,-1,-1,-1,-1,-1,-1,-1,-1,-1,-1,-1,-1,-1,-1,-1,0,0,0,0,0,0,-1,-1,-1,-1,-1,-1,-1,-1,-1,-1,-1,-1,0,0,0,0,0,0,-1,-1,-1,-1,-1,-1,-1,-1,-1,-1,-1,-1,-1,-1,False,False,0,0,False,209,0,0,0,0,0,0,0,0,0,0,0,0,0,0,0,1,
0,2083,2026-02-16 17:35:41Z,LLM_Empathetic,6.927669,7.221839,6.633498,0.6186493,0,1.605982,0,0,0,0,0,0,5.495275,4.350112,6.640447,0.592854,0.702737,0.482971,7.396777,6.223619,8.569934,0.5907673,0,2.113168,7.197134,6.104389,8.289879,9.856684,10,9.513329,6.927669,7.221839,6.633498,0.6186493,0,1.605982,0,0,0,0,0,0,5.495275,4.350112,6.640447,0.592854,0.702737,0.482971,7.396777,6.223619,8.569934,0.5907673,0,2.113168,7.197134,6.104389,8.289879,9.856684,10,9.513329,-1,-1,-1,-1,-1,-1,-1,-1,-1,-1,-1,-1,-1,-1,-1,-1,-1,-1,-1,-1,-1,-1,-1,-1,-1,-1,-1,-1,-1,-1,-1,-1,-1,-1,-1,-1,-1,-1,-1,-1,-1,-1,-1,-1,-1,-1,-1,-1,-1,-1,0,0,0,0,0,0,-1,-1,-1,-1,-1,-1,-1,-1,-1,-1,-1,-1,0,0,0,0,0,0,-1,-1,-1,-1,-1,-1,-1,-1,-1,-1,-1,-1,-1,-1,False,False,0,0,False,209,0,0,0,0,0,0,0,0,0,0,0,0,0,0,0,1,
0,2084,2026-02-16 17:35:41Z,LLM_Empathetic,6.927673,7.22184,6.633506,0.6186421,0,1.605978,0,0,0,0,0,0,5.49528,4.350114,6.640457,0.592854,0.702737,0.482971,7.396779,6.223619,8.569941,0.5907626,0,2.113163,7.197141,6.104393,8.28989,9.856699,10,9.513348,6.927673,7.22184,6.633506,0.6186421,0,1.605978,0,0,0,0,0,0,5.49528,4.350114,6.640457,0.592854,0.702737,0.482971,7.396779,6.223619,8.569941,0.5907626,0,2.113163,7.197141,6.104393,8.28989,9.856699,10,9.513348,-1,-1,-1,-1,-1,-1,-1,-1,-1,-1,-1,-1,-1,-1,-1,-1,-1,-1,-1,-1,-1,-1,-1,-1,-1,-1,-1,-1,-1,-1,-1,-1,-1,-1,-1,-1,-1,-1,-1,-1,-1,-1,-1,-1,-1,-1,-1,-1,-1,-1,0,0,0,0,0,0,-1,-1,-1,-1,-1,-1,-1,-1,-1,-1,-1,-1,0,0,0,0,0,0,-1,-1,-1,-1,-1,-1,-1,-1,-1,-1,-1,-1,-1,-1,False,False,0,0,False,207,0,0,0,0,0,0,0,0,0,0,0,0,0,0,0,1,
0,2085,2026-02-16 17:35:41Z,LLM_Empathetic,6.927677,7.221841,6.633514,0.6186349,0,1.605974,0,0,0,0,0,0,5.495286,4.350116,6.640466,0.592854,0.702737,0.482971,7.396781,6.223617,8.569946,0.590758,0,2.113158,7.197149,6.104397,8.289901,9.856714,10,9.513367,6.927677,7.221841,6.633514,0.6186349,0,1.605974,0,0,0,0,0,0,5.495286,4.350116,6.640466,0.592854,0.702737,0.482971,7.396781,6.223617,8.569946,0.590758,0,2.113158,7.197149,6.104397,8.289901,9.856714,10,9.513367,-1,-1,-1,-1,-1,-1,-1,-1,-1,-1,-1,-1,-1,-1,-1,-1,-1,-1,-1,-1,-1,-1,-1,-1,-1,-1,-1,-1,-1,-1,-1,-1,-1,-1,-1,-1,-1,-1,-1,-1,-1,-1,-1,-1,-1,-1,-1,-1,-1,-1,0,0,0,0,0,0,-1,-1,-1,-1,-1,-1,-1,-1,-1,-1,-1,-1,0,0,0,0,0,0,-1,-1,-1,-1,-1,-1,-1,-1,-1,-1,-1,-1,-1,-1,False,False,0,0,False,207,0,0,0,0,0,0,0,0,0,0,0,0,0,0,0,1,
0,2086,2026-02-16 17:35:41Z,LLM_Empathetic,6.927681,7.221842,6.633522,0.6186276,0,1.60597,0,0,0,0,0,0,5.495291,4.350118,6.640475,0.592854,0.702737,0.482971,7.396784,6.223616,8.569953,0.5907534,0,2.113154,7.197156,6.104402,8.289912,9.85673,10,9.513386,6.927681,7.221842,6.633522,0.6186276,0,1.60597,0,0,0,0,0,0,5.495291,4.350118,6.640475,0.592854,0.702737,0.482971,7.396784,6.223616,8.569953,0.5907534,0,2.113154,7.197156,6.104402,8.289912,9.85673,10,9.513386,-1,-1,-1,-1,-1,-1,-1,-1,-1,-1,-1,-1,-1,-1,-1,-1,-1,-1,-1,-1,-1,-1,-1,-1,-1,-1,-1,-1,-1,-1,-1,-1,-1,-1,-1,-1,-1,-1,-1,-1,-1,-1,-1,-1,-1,-1,-1,-1,-1,-1,0,0,0,0,0,0,-1,-1,-1,-1,-1,-1,-1,-1,-1,-1,-1,-1,0,0,0,0,0,0,-1,-1,-1,-1,-1,-1,-1,-1,-1,-1,-1,-1,-1,-1,False,False,0,0,False,209,0,0,0,0,0,0,0,0,0,0,0,0,0,0,0,1,
0,2087,2026-02-16 17:35:41Z,LLM_Empathetic,6.927686,7.221842,6.633529,0.6186204,0,1.605966,0,0,0,0,0,0,5.495296,4.35012,6.640484,0.592854,0.702737,0.482971,7.396787,6.223614,8.56996,0.5907487,0,2.113149,7.197164,6.104406,8.289923,9.856744,10,9.513405,6.927686,7.221842,6.633529,0.6186204,0,1.605966,0,0,0,0,0,0,5.495296,4.35012,6.640484,0.592854,0.702737,0.482971,7.396787,6.223614,8.56996,0.5907487,0,2.113149,7.197164,6.104406,8.289923,9.856744,10,9.513405,-1,-1,-1,-1,-1,-1,-1,-1,-1,-1,-1,-1,-1,-1,-1,-1,-1,-1,-1,-1,-1,-1,-1,-1,-1,-1,-1,-1,-1,-1,-1,-1,-1,-1,-1,-1,-1,-1,-1,-1,-1,-1,-1,-1,-1,-1,-1,-1,-1,-1,0,0,0,0,0,0,-1,-1,-1,-1,-1,-1,-1,-1,-1,-1,-1,-1,0,0,0,0,0,0,-1,-1,-1,-1,-1,-1,-1,-1,-1,-1,-1,-1,-1,-1,False,False,0,0,False,207,0,0,0,0,0,0,0,0,0,0,0,0,0,0,0,1,
0,2088,2026-02-16 17:35:41Z,LLM_Empathetic,6.92769,7.221843,6.633537,0.6186132,0,1.605962,0,0,0,0,0,0,5.495302,4.350121,6.640493,0.592854,0.702737,0.482971,7.396789,6.223613,8.569965,0.5907441,0,2.113144,7.197172,6.10441,8.289934,9.856759,10,9.513424,6.92769,7.221843,6.633537,0.6186132,0,1.605962,0,0,0,0,0,0,5.495302,4.350121,6.640493,0.592854,0.702737,0.482971,7.396789,6.223613,8.569965,0.5907441,0,2.113144,7.197172,6.10441,8.289934,9.856759,10,9.513424,-1,-1,-1,-1,-1,-1,-1,-1,-1,-1,-1,-1,-1,-1,-1,-1,-1,-1,-1,-1,-1,-1,-1,-1,-1,-1,-1,-1,-1,-1,-1,-1,-1,-1,-1,-1,-1,-1,-1,-1,-1,-1,-1,-1,-1,-1,-1,-1,-1,-1,0,0,0,0,0,0,-1,-1,-1,-1,-1,-1,-1,-1,-1,-1,-1,-1,0,0,0,0,0,0,-1,-1,-1,-1,-1,-1,-1,-1,-1,-1,-1,-1,-1,-1,False,False,0,0,False,207,0,0,0,0,0,0,0,0,0,0,0,0,0,0,0,1,
0,2089,2026-02-16 17:35:41Z,LLM_Empathetic,6.927694,7.221844,6.633544,0.618606,0,1.605958,0,0,0,0,0,0,5.495307,4.350123,6.640502,0.592854,0.702737,0.482971,7.396791,6.223612,8.569972,0.5907395,0,2.11314,7.197179,6.104414,8.289946,9.856774,10,9.513443,6.927694,7.221844,6.633544,0.618606,0,1.605958,0,0,0,0,0,0,5.495307,4.350123,6.640502,0.592854,0.702737,0.482971,7.396791,6.223612,8.569972,0.5907395,0,2.11314,7.197179,6.104414,8.289946,9.856774,10,9.513443,-1,-1,-1,-1,-1,-1,-1,-1,-1,-1,-1,-1,-1,-1,-1,-1,-1,-1,-1,-1,-1,-1,-1,-1,-1,-1,-1,-1,-1,-1,-1,-1,-1,-1,-1,-1,-1,-1,-1,-1,-1,-1,-1,-1,-1,-1,-1,-1,-1,-1,0,0,0,0,0,0,-1,-1,-1,-1,-1,-1,-1,-1,-1,-1,-1,-1,0,0,0,0,0,0,-1,-1,-1,-1,-1,-1,-1,-1,-1,-1,-1,-1,-1,-1,False,False,0,0,False,207,0,0,0,0,0,0,0,0,0,0,0,0,0,0,0,1,
0,2090,2026-02-16 17:35:41Z,LLM_Empathetic,6.927699,7.221845,6.633553,0.6185988,0,1.605954,0,0,0,0,0,0,5.495313,4.350125,6.640511,0.592854,0.702737,0.482971,7.396794,6.22361,8.569978,0.5907349,0,2.113135,7.197186,6.104418,8.289956,9.85679,10,9.513462,6.927699,7.221845,6.633553,0.6185988,0,1.605954,0,0,0,0,0,0,5.495313,4.350125,6.640511,0.592854,0.702737,0.482971,7.396794,6.22361,8.569978,0.5907349,0,2.113135,7.197186,6.104418,8.289956,9.85679,10,9.513462,-1,-1,-1,-1,-1,-1,-1,-1,-1,-1,-1,-1,-1,-1,-1,-1,-1,-1,-1,-1,-1,-1,-1,-1,-1,-1,-1,-1,-1,-1,-1,-1,-1,-1,-1,-1,-1,-1,-1,-1,-1,-1,-1,-1,-1,-1,-1,-1,-1,-1,0,0,0,0,0,0,-1,-1,-1,-1,-1,-1,-1,-1,-1,-1,-1,-1,0,0,0,0,0,0,-1,-1,-1,-1,-1,-1,-1,-1,-1,-1,-1,-1,-1,-1,False,False,0,0,False,209,0,0,0,0,0,0,0,0,0,0,0,0,0,0,0,1,
0,2091,2026-02-16 17:35:42Z,LLM_Empathetic,6.927703,7.221846,6.63356,0.6185916,0,1.60595,0,0,0,0,0,0,5.495318,4.350127,6.64052,0.592854,0.702737,0.482971,7.396797,6.223609,8.569984,0.5907303,0,2.113131,7.197194,6.104422,8.289968,9.856805,10,9.51348,6.927703,7.221846,6.63356,0.6185916,0,1.60595,0,0,0,0,0,0,5.495318,4.350127,6.64052,0.592854,0.702737,0.482971,7.396797,6.223609,8.569984,0.5907303,0,2.113131,7.197194,6.104422,8.289968,9.856805,10,9.51348,-1,-1,-1,-1,-1,-1,-1,-1,-1,-1,-1,-1,-1,-1,-1,-1,-1,-1,-1,-1,-1,-1,-1,-1,-1,-1,-1,-1,-1,-1,-1,-1,-1,-1,-1,-1,-1,-1,-1,-1,-1,-1,-1,-1,-1,-1,-1,-1,-1,-1,0,0,0,0,0,0,-1,-1,-1,-1,-1,-1,-1,-1,-1,-1,-1,-1,0,0,0,0,0,0,-1,-1,-1,-1,-1,-1,-1,-1,-1,-1,-1,-1,-1,-1,False,False,0,0,False,207,0,0,0,0,0,0,0,0,0,0,0,0,0,0,0,1,
0,2092,2026-02-16 17:35:42Z,LLM_Empathetic,6.927707,7.221846,6.633568,0.6185844,0,1.605946,0,0,0,0,0,0,5.495324,4.350129,6.640529,0.592854,0.702737,0.482971,7.396799,6.223608,8.56999,0.5907257,0,2.113126,7.197202,6.104426,8.289978,9.85682,10,9.513499,6.927707,7.221846,6.633568,0.6185844,0,1.605946,0,0,0,0,0,0,5.495324,4.350129,6.640529,0.592854,0.702737,0.482971,7.396799,6.223608,8.56999,0.5907257,0,2.113126,7.197202,6.104426,8.289978,9.85682,10,9.513499,-1,-1,-1,-1,-1,-1,-1,-1,-1,-1,-1,-1,-1,-1,-1,-1,-1,-1,-1,-1,-1,-1,-1,-1,-1,-1,-1,-1,-1,-1,-1,-1,-1,-1,-1,-1,-1,-1,-1,-1,-1,-1,-1,-1,-1,-1,-1,-1,-1,-1,0,0,0,0,0,0,-1,-1,-1,-1,-1,-1,-1,-1,-1,-1,-1,-1,0,0,0,0,0,0,-1,-1,-1,-1,-1,-1,-1,-1,-1,-1,-1,-1,-1,-1,False,False,0,0,False,209,0,0,0,0,0,0,0,0,0,0,0,0,0,0,0,1,
0,2093,2026-02-16 17:35:42Z,LLM_Empathetic,6.927711,7.221847,6.633575,0.6185772,0,1.605942,0,0,0,0,0,0,5.495329,4.35013,6.640538,0.592854,0.702737,0.482971,7.396801,6.223607,8.569997,0.5907211,0,2.113122,7.197209,6.10443,8.289989,9.856834,10,9.513518,6.927711,7.221847,6.633575,0.6185772,0,1.605942,0,0,0,0,0,0,5.495329,4.35013,6.640538,0.592854,0.702737,0.482971,7.396801,6.223607,8.569997,0.5907211,0,2.113122,7.197209,6.10443,8.289989,9.856834,10,9.513518,-1,-1,-1,-1,-1,-1,-1,-1,-1,-1,-1,-1,-1,-1,-1,-1,-1,-1,-1,-1,-1,-1,-1,-1,-1,-1,-1,-1,-1,-1,-1,-1,-1,-1,-1,-1,-1,-1,-1,-1,-1,-1,-1,-1,-1,-1,-1,-1,-1,-1,0,0,0,0,0,0,-1,-1,-1,-1,-1,-1,-1,-1,-1,-1,-1,-1,0,0,0,0,0,0,-1,-1,-1,-1,-1,-1,-1,-1,-1,-1,-1,-1,-1,-1,False,False,0,0,False,207,0,0,0,0,0,0,0,0,0,0,0,0,0,0,0,1,
0,2094,2026-02-16 17:35:42Z,LLM_Empathetic,6.927715,7.221848,6.633583,0.61857,0,1.605938,0,0,0,0,0,0,5.495335,4.350132,6.640547,0.592854,0.702737,0.482971,7.396804,6.223606,8.570003,0.5907165,0,2.113117,7.197217,6.104434,8.29,9.85685,10,9.513537,6.927715,7.221848,6.633583,0.61857,0,1.605938,0,0,0,0,0,0,5.495335,4.350132,6.640547,0.592854,0.702737,0.482971,7.396804,6.223606,8.570003,0.5907165,0,2.113117,7.197217,6.104434,8.29,9.85685,10,9.513537,-1,-1,-1,-1,-1,-1,-1,-1,-1,-1,-1,-1,-1,-1,-1,-1,-1,-1,-1,-1,-1,-1,-1,-1,-1,-1,-1,-1,-1,-1,-1,-1,-1,-1,-1,-1,-1,-1,-1,-1,-1,-1,-1,-1,-1,-1,-1,-1,-1,-1,0,0,0,0,0,0,-1,-1,-1,-1,-1,-1,-1,-1,-1,-1,-1,-1,0,0,0,0,0,0,-1,-1,-1,-1,-1,-1,-1,-1,-1,-1,-1,-1,-1,-1,False,False,0,0,False,207,0,0,0,0,0,0,0,0,0,0,0,0,0,0,0,1,
0,2095,2026-02-16 17:35:42Z,LLM_Empathetic,6.92772,7.221848,6.633591,0.6185629,0,1.605934,0,0,0,0,0,0,5.49534,4.350134,6.640556,0.592854,0.702737,0.482971,7.396807,6.223604,8.570009,0.5907119,0,2.113112,7.197225,6.104438,8.290011,9.856865,10,9.513556,6.92772,7.221848,6.633591,0.6185629,0,1.605934,0,0,0,0,0,0,5.49534,4.350134,6.640556,0.592854,0.702737,0.482971,7.396807,6.223604,8.570009,0.5907119,0,2.113112,7.197225,6.104438,8.290011,9.856865,10,9.513556,-1,-1,-1,-1,-1,-1,-1,-1,-1,-1,-1,-1,-1,-1,-1,-1,-1,-1,-1,-1,-1,-1,-1,-1,-1,-1,-1,-1,-1,-1,-1,-1,-1,-1,-1,-1,-1,-1,-1,-1,-1,-1,-1,-1,-1,-1,-1,-1,-1,-1,0,0,0,0,0,0,-1,-1,-1,-1,-1,-1,-1,-1,-1,-1,-1,-1,0,0,0,0,0,0,-1,-1,-1,-1,-1,-1,-1,-1,-1,-1,-1,-1,-1,-1,False,False,0,0,False,207,0,0,0,0,0,0,0,0,0,0,0,0,0,0,0,1,
0,2096,2026-02-16 17:35:42Z,LLM_Empathetic,6.927724,7.221849,6.633598,0.6185557,0,1.60593,0,0,0,0,0,0,5.495346,4.350136,6.640565,0.592854,0.702737,0.482971,7.396809,6.223603,8.570015,0.5907073,0,2.113108,7.197232,6.104443,8.290022,9.85688,10,9.513576,6.927724,7.221849,6.633598,0.6185557,0,1.60593,0,0,0,0,0,0,5.495346,4.350136,6.640565,0.592854,0.702737,0.482971,7.396809,6.223603,8.570015,0.5907073,0,2.113108,7.197232,6.104443,8.290022,9.85688,10,9.513576,-1,-1,-1,-1,-1,-1,-1,-1,-1,-1,-1,-1,-1,-1,-1,-1,-1,-1,-1,-1,-1,-1,-1,-1,-1,-1,-1,-1,-1,-1,-1,-1,-1,-1,-1,-1,-1,-1,-1,-1,-1,-1,-1,-1,-1,-1,-1,-1,-1,-1,0,0,0,0,0,0,-1,-1,-1,-1,-1,-1,-1,-1,-1,-1,-1,-1,0,0,0,0,0,0,-1,-1,-1,-1,-1,-1,-1,-1,-1,-1,-1,-1,-1,-1,False,False,0,0,False,209,0,0,0,0,0,0,0,0,0,0,0,0,0,0,0,1,
0,2097,2026-02-16 17:35:42Z,LLM_Empathetic,6.927728,7.22185,6.633606,0.6185485,0,1.605926,0,0,0,0,0,0,5.495351,4.350138,6.640574,0.592854,0.702737,0.482971,7.396811,6.223602,8.570022,0.5907027,0,2.113103,7.197239,6.104446,8.290033,9.856895,10,9.513594,6.927728,7.22185,6.633606,0.6185485,0,1.605926,0,0,0,0,0,0,5.495351,4.350138,6.640574,0.592854,0.702737,0.482971,7.396811,6.223602,8.570022,0.5907027,0,2.113103,7.197239,6.104446,8.290033,9.856895,10,9.513594,-1,-1,-1,-1,-1,-1,-1,-1,-1,-1,-1,-1,-1,-1,-1,-1,-1,-1,-1,-1,-1,-1,-1,-1,-1,-1,-1,-1,-1,-1,-1,-1,-1,-1,-1,-1,-1,-1,-1,-1,-1,-1,-1,-1,-1,-1,-1,-1,-1,-1,0,0,0,0,0,0,-1,-1,-1,-1,-1,-1,-1,-1,-1,-1,-1,-1,0,0,0,0,0,0,-1,-1,-1,-1,-1,-1,-1,-1,-1,-1,-1,-1,-1,-1,False,False,0,0,False,209,0,0,0,0,0,0,0,0,0,0,0,0,0,0,0,1,
0,2098,2026-02-16 17:35:42Z,LLM_Empathetic,6.927732,7.221851,6.633614,0.6185414,0,1.605922,0,0,0,0,0,0,5.495357,4.350139,6.640584,0.592854,0.702737,0.482971,7.396814,6.2236,8.570027,0.5906981,0,2.113098,7.197247,6.104451,8.290044,9.85691,10,9.513613,6.927732,7.221851,6.633614,0.6185414,0,1.605922,0,0,0,0,0,0,5.495357,4.350139,6.640584,0.592854,0.702737,0.482971,7.396814,6.2236,8.570027,0.5906981,0,2.113098,7.197247,6.104451,8.290044,9.85691,10,9.513613,-1,-1,-1,-1,-1,-1,-1,-1,-1,-1,-1,-1,-1,-1,-1,-1,-1,-1,-1,-1,-1,-1,-1,-1,-1,-1,-1,-1,-1,-1,-1,-1,-1,-1,-1,-1,-1,-1,-1,-1,-1,-1,-1,-1,-1,-1,-1,-1,-1,-1,0,0,0,0,0,0,-1,-1,-1,-1,-1,-1,-1,-1,-1,-1,-1,-1,0,0,0,0,0,0,-1,-1,-1,-1,-1,-1,-1,-1,-1,-1,-1,-1,-1,-1,False,False,0,0,False,209,0,0,0,0,0,0,0,0,0,0,0,0,0,0,0,1,
0,2099,2026-02-16 17:35:42Z,LLM_Empathetic,6.927737,7.221852,6.633622,0.6185342,0,1.605918,0,0,0,0,0,0,5.495362,4.350141,6.640593,0.592854,0.702737,0.482971,7.396816,6.223599,8.570034,0.5906935,0,2.113094,7.197255,6.104455,8.290055,9.856925,10,9.513632,6.927737,7.221852,6.633622,0.6185342,0,1.605918,0,0,0,0,0,0,5.495362,4.350141,6.640593,0.592854,0.702737,0.482971,7.396816,6.223599,8.570034,0.5906935,0,2.113094,7.197255,6.104455,8.290055,9.856925,10,9.513632,-1,-1,-1,-1,-1,-1,-1,-1,-1,-1,-1,-1,-1,-1,-1,-1,-1,-1,-1,-1,-1,-1,-1,-1,-1,-1,-1,-1,-1,-1,-1,-1,-1,-1,-1,-1,-1,-1,-1,-1,-1,-1,-1,-1,-1,-1,-1,-1,-1,-1,0,0,0,0,0,0,-1,-1,-1,-1,-1,-1,-1,-1,-1,-1,-1,-1,0,0,0,0,0,0,-1,-1,-1,-1,-1,-1,-1,-1,-1,-1,-1,-1,-1,-1,False,False,0,0,False,207,0,0,0,0,0,0,0,0,0,0,0,0,0,0,0,1,
0,2100,2026-02-16 17:35:42Z,LLM_Empathetic,6.927741,7.221852,6.633629,0.6185271,0,1.605914,0,0,0,0,0,0,5.495367,4.350143,6.640602,0.592854,0.702737,0.482971,7.396819,6.223598,8.570041,0.5906889,0,2.113089,7.197262,6.104459,8.290066,9.85694,10,9.513651,6.927741,7.221852,6.633629,0.6185271,0,1.605914,0,0,0,0,0,0,5.495367,4.350143,6.640602,0.592854,0.702737,0.482971,7.396819,6.223598,8.570041,0.5906889,0,2.113089,7.197262,6.104459,8.290066,9.85694,10,9.513651,-1,-1,-1,-1,-1,-1,-1,-1,-1,-1,-1,-1,-1,-1,-1,-1,-1,-1,-1,-1,-1,-1,-1,-1,-1,-1,-1,-1,-1,-1,-1,-1,-1,-1,-1,-1,-1,-1,-1,-1,-1,-1,-1,-1,-1,-1,-1,-1,-1,-1,0,0,0,0,0,0,-1,-1,-1,-1,-1,-1,-1,-1,-1,-1,-1,-1,0,0,0,0,0,0,-1,-1,-1,-1,-1,-1,-1,-1,-1,-1,-1,-1,-1,-1,False,False,0,0,False,209,0,0,0,0,0,0,0,0,0,0,0,0,0,0,0,1,
0,2101,2026-02-16 17:35:42Z,LLM_Empathetic,6.927745,7.221853,6.633637,0.61852,0,1.605911,0,0,0,0,0,0,5.495373,4.350145,6.640611,0.592854,0.702737,0.482971,7.396821,6.223597,8.570046,0.5906844,0,2.113085,7.197269,6.104463,8.290077,9.856956,10,9.513669,6.927745,7.221853,6.633637,0.61852,0,1.605911,0,0,0,0,0,0,5.495373,4.350145,6.640611,0.592854,0.702737,0.482971,7.396821,6.223597,8.570046,0.5906844,0,2.113085,7.197269,6.104463,8.290077,9.856956,10,9.513669,-1,-1,-1,-1,-1,-1,-1,-1,-1,-1,-1,-1,-1,-1,-1,-1,-1,-1,-1,-1,-1,-1,-1,-1,-1,-1,-1,-1,-1,-1,-1,-1,-1,-1,-1,-1,-1,-1,-1,-1,-1,-1,-1,-1,-1,-1,-1,-1,-1,-1,0,0,0,0,0,0,-1,-1,-1,-1,-1,-1,-1,-1,-1,-1,-1,-1,0,0,0,0,0,0,-1,-1,-1,-1,-1,-1,-1,-1,-1,-1,-1,-1,-1,-1,False,False,0,0,False,209,0,0,0,0,0,0,0,0,0,0,0,0,0,0,0,1,
0,2102,2026-02-16 17:35:42Z,LLM_Empathetic,6.927749,7.221854,6.633645,0.6185128,0,1.605907,0,0,0,0,0,0,5.495378,4.350146,6.64062,0.592854,0.702737,0.482971,7.396824,6.223595,8.570052,0.5906798,0,2.11308,7.197277,6.104467,8.290088,9.85697,10,9.513688,6.927749,7.221854,6.633645,0.6185128,0,1.605907,0,0,0,0,0,0,5.495378,4.350146,6.64062,0.592854,0.702737,0.482971,7.396824,6.223595,8.570052,0.5906798,0,2.11308,7.197277,6.104467,8.290088,9.85697,10,9.513688,-1,-1,-1,-1,-1,-1,-1,-1,-1,-1,-1,-1,-1,-1,-1,-1,-1,-1,-1,-1,-1,-1,-1,-1,-1,-1,-1,-1,-1,-1,-1,-1,-1,-1,-1,-1,-1,-1,-1,-1,-1,-1,-1,-1,-1,-1,-1,-1,-1,-1,0,0,0,0,0,0,-1,-1,-1,-1,-1,-1,-1,-1,-1,-1,-1,-1,0,0,0,0,0,0,-1,-1,-1,-1,-1,-1,-1,-1,-1,-1,-1,-1,-1,-1,False,False,0,0,False,209,0,0,0,0,0,0,0,0,0,0,0,0,0,0,0,1,
0,2103,2026-02-16 17:35:42Z,LLM_Empathetic,6.927753,7.221855,6.633652,0.6185057,0,1.605903,0,0,0,0,0,0,5.495383,4.350148,6.640629,0.592854,0.702737,0.482971,7.396826,6.223594,8.570059,0.5906752,0,2.113076,7.197285,6.104471,8.290099,9.856985,10,9.513707,6.927753,7.221855,6.633652,0.6185057,0,1.605903,0,0,0,0,0,0,5.495383,4.350148,6.640629,0.592854,0.702737,0.482971,7.396826,6.223594,8.570059,0.5906752,0,2.113076,7.197285,6.104471,8.290099,9.856985,10,9.513707,-1,-1,-1,-1,-1,-1,-1,-1,-1,-1,-1,-1,-1,-1,-1,-1,-1,-1,-1,-1,-1,-1,-1,-1,-1,-1,-1,-1,-1,-1,-1,-1,-1,-1,-1,-1,-1,-1,-1,-1,-1,-1,-1,-1,-1,-1,-1,-1,-1,-1,0,0,0,0,0,0,-1,-1,-1,-1,-1,-1,-1,-1,-1,-1,-1,-1,0,0,0,0,0,0,-1,-1,-1,-1,-1,-1,-1,-1,-1,-1,-1,-1,-1,-1,False,False,0,0,False,209,0,0,0,0,0,0,0,0,0,0,0,0,0,0,0,1,
0,2104,2026-02-16 17:35:42Z,LLM_Empathetic,6.927758,7.221856,6.63366,0.6184986,0,1.605899,0,0,0,0,0,0,5.495389,4.35015,6.640638,0.592854,0.702737,0.482971,7.396829,6.223593,8.570065,0.5906707,0,2.113071,7.197292,6.104475,8.29011,9.857,10,9.513725,6.927758,7.221856,6.63366,0.6184986,0,1.605899,0,0,0,0,0,0,5.495389,4.35015,6.640638,0.592854,0.702737,0.482971,7.396829,6.223593,8.570065,0.5906707,0,2.113071,7.197292,6.104475,8.29011,9.857,10,9.513725,-1,-1,-1,-1,-1,-1,-1,-1,-1,-1,-1,-1,-1,-1,-1,-1,-1,-1,-1,-1,-1,-1,-1,-1,-1,-1,-1,-1,-1,-1,-1,-1,-1,-1,-1,-1,-1,-1,-1,-1,-1,-1,-1,-1,-1,-1,-1,-1,-1,-1,0,0,0,0,0,0,-1,-1,-1,-1,-1,-1,-1,-1,-1,-1,-1,-1,0,0,0,0,0,0,-1,-1,-1,-1,-1,-1,-1,-1,-1,-1,-1,-1,-1,-1,False,False,0,0,False,209,0,0,0,0,0,0,0,0,0,0,0,0,0,0,0,1,
0,2105,2026-02-16 17:35:42Z,LLM_Empathetic,6.927762,7.221856,6.633667,0.6184914,0,1.605895,0,0,0,0,0,0,5.495394,4.350152,6.640647,0.592854,0.702737,0.482971,7.396831,6.223591,8.570071,0.5906661,0,2.113066,7.197299,6.104479,8.290121,9.857015,10,9.513744,6.927762,7.221856,6.633667,0.6184914,0,1.605895,0,0,0,0,0,0,5.495394,4.350152,6.640647,0.592854,0.702737,0.482971,7.396831,6.223591,8.570071,0.5906661,0,2.113066,7.197299,6.104479,8.290121,9.857015,10,9.513744,-1,-1,-1,-1,-1,-1,-1,-1,-1,-1,-1,-1,-1,-1,-1,-1,-1,-1,-1,-1,-1,-1,-1,-1,-1,-1,-1,-1,-1,-1,-1,-1,-1,-1,-1,-1,-1,-1,-1,-1,-1,-1,-1,-1,-1,-1,-1,-1,-1,-1,0,0,0,0,0,0,-1,-1,-1,-1,-1,-1,-1,-1,-1,-1,-1,-1,0,0,0,0,0,0,-1,-1,-1,-1,-1,-1,-1,-1,-1,-1,-1,-1,-1,-1,False,False,0,0,False,209,0,0,0,0,0,0,0,0,0,0,0,0,0,0,0,1,
0,2106,2026-02-16 17:35:42Z,LLM_Empathetic,6.927766,7.221857,6.633675,0.6184843,0,1.605891,0,0,0,0,0,0,5.495399,4.350153,6.640656,0.592854,0.702737,0.482971,7.396833,6.22359,8.570077,0.5906616,0,2.113062,7.197307,6.104483,8.290132,9.85703,10,9.513763,6.927766,7.221857,6.633675,0.6184843,0,1.605891,0,0,0,0,0,0,5.495399,4.350153,6.640656,0.592854,0.702737,0.482971,7.396833,6.22359,8.570077,0.5906616,0,2.113062,7.197307,6.104483,8.290132,9.85703,10,9.513763,-1,-1,-1,-1,-1,-1,-1,-1,-1,-1,-1,-1,-1,-1,-1,-1,-1,-1,-1,-1,-1,-1,-1,-1,-1,-1,-1,-1,-1,-1,-1,-1,-1,-1,-1,-1,-1,-1,-1,-1,-1,-1,-1,-1,-1,-1,-1,-1,-1,-1,0,0,0,0,0,0,-1,-1,-1,-1,-1,-1,-1,-1,-1,-1,-1,-1,0,0,0,0,0,0,-1,-1,-1,-1,-1,-1,-1,-1,-1,-1,-1,-1,-1,-1,False,False,0,0,False,207,0,0,0,0,0,0,0,0,0,0,0,0,0,0,0,1,
0,2107,2026-02-16 17:35:42Z,LLM_Empathetic,6.92777,7.221858,6.633683,0.6184772,0,1.605887,0,0,0,0,0,0,5.495405,4.350155,6.640665,0.592854,0.702737,0.482971,7.396836,6.223589,8.570084,0.590657,0,2.113057,7.197314,6.104487,8.290143,9.857045,10,9.513782,6.92777,7.221858,6.633683,0.6184772,0,1.605887,0,0,0,0,0,0,5.495405,4.350155,6.640665,0.592854,0.702737,0.482971,7.396836,6.223589,8.570084,0.590657,0,2.113057,7.197314,6.104487,8.290143,9.857045,10,9.513782,-1,-1,-1,-1,-1,-1,-1,-1,-1,-1,-1,-1,-1,-1,-1,-1,-1,-1,-1,-1,-1,-1,-1,-1,-1,-1,-1,-1,-1,-1,-1,-1,-1,-1,-1,-1,-1,-1,-1,-1,-1,-1,-1,-1,-1,-1,-1,-1,-1,-1,0,0,0,0,0,0,-1,-1,-1,-1,-1,-1,-1,-1,-1,-1,-1,-1,0,0,0,0,0,0,-1,-1,-1,-1,-1,-1,-1,-1,-1,-1,-1,-1,-1,-1,False,False,0,0,False,209,0,0,0,0,0,0,0,0,0,0,0,0,0,0,0,1,
0,2108,2026-02-16 17:35:42Z,LLM_Empathetic,6.927774,7.221859,6.63369,0.6184701,0,1.605883,0,0,0,0,0,0,5.49541,4.350157,6.640674,0.592854,0.702737,0.482971,7.396839,6.223588,8.570089,0.5906525,0,2.113053,7.197322,6.104491,8.290154,9.857059,10,9.513801,6.927774,7.221859,6.63369,0.6184701,0,1.605883,0,0,0,0,0,0,5.49541,4.350157,6.640674,0.592854,0.702737,0.482971,7.396839,6.223588,8.570089,0.5906525,0,2.113053,7.197322,6.104491,8.290154,9.857059,10,9.513801,-1,-1,-1,-1,-1,-1,-1,-1,-1,-1,-1,-1,-1,-1,-1,-1,-1,-1,-1,-1,-1,-1,-1,-1,-1,-1,-1,-1,-1,-1,-1,-1,-1,-1,-1,-1,-1,-1,-1,-1,-1,-1,-1,-1,-1,-1,-1,-1,-1,-1,0,0,0,0,0,0,-1,-1,-1,-1,-1,-1,-1,-1,-1,-1,-1,-1,0,0,0,0,0,0,-1,-1,-1,-1,-1,-1,-1,-1,-1,-1,-1,-1,-1,-1,False,False,0,0,False,209,0,0,0,0,0,0,0,0,0,0,0,0,0,0,0,1,
0,2109,2026-02-16 17:35:42Z,LLM_Empathetic,6.927779,7.221859,6.633698,0.618463,0,1.605879,0,0,0,0,0,0,5.495416,4.350159,6.640683,0.592854,0.702737,0.482971,7.396841,6.223587,8.570096,0.5906479,0,2.113048,7.19733,6.104495,8.290164,9.857075,10,9.51382,6.927779,7.221859,6.633698,0.618463,0,1.605879,0,0,0,0,0,0,5.495416,4.350159,6.640683,0.592854,0.702737,0.482971,7.396841,6.223587,8.570096,0.5906479,0,2.113048,7.19733,6.104495,8.290164,9.857075,10,9.51382,-1,-1,-1,-1,-1,-1,-1,-1,-1,-1,-1,-1,-1,-1,-1,-1,-1,-1,-1,-1,-1,-1,-1,-1,-1,-1,-1,-1,-1,-1,-1,-1,-1,-1,-1,-1,-1,-1,-1,-1,-1,-1,-1,-1,-1,-1,-1,-1,-1,-1,0,0,0,0,0,0,-1,-1,-1,-1,-1,-1,-1,-1,-1,-1,-1,-1,0,0,0,0,0,0,-1,-1,-1,-1,-1,-1,-1,-1,-1,-1,-1,-1,-1,-1,False,False,0,0,False,207,0,0,0,0,0,0,0,0,0,0,0,0,0,0,0,1,
0,2110,2026-02-16 17:35:42Z,LLM_Empathetic,6.927783,7.22186,6.633705,0.6184559,0,1.605875,0,0,0,0,0,0,5.495421,4.350161,6.640692,0.592854,0.702737,0.482971,7.396843,6.223585,8.570102,0.5906434,0,2.113044,7.197337,6.104499,8.290175,9.857089,10,9.513838,6.927783,7.22186,6.633705,0.6184559,0,1.605875,0,0,0,0,0,0,5.495421,4.350161,6.640692,0.592854,0.702737,0.482971,7.396843,6.223585,8.570102,0.5906434,0,2.113044,7.197337,6.104499,8.290175,9.857089,10,9.513838,-1,-1,-1,-1,-1,-1,-1,-1,-1,-1,-1,-1,-1,-1,-1,-1,-1,-1,-1,-1,-1,-1,-1,-1,-1,-1,-1,-1,-1,-1,-1,-1,-1,-1,-1,-1,-1,-1,-1,-1,-1,-1,-1,-1,-1,-1,-1,-1,-1,-1,0,0,0,0,0,0,-1,-1,-1,-1,-1,-1,-1,-1,-1,-1,-1,-1,0,0,0,0,0,0,-1,-1,-1,-1,-1,-1,-1,-1,-1,-1,-1,-1,-1,-1,False,False,0,0,False,207,0,0,0,0,0,0,0,0,0,0,0,0,0,0,0,1,
0,2111,2026-02-16 17:35:42Z,LLM_Empathetic,6.927787,7.221861,6.633713,0.6184488,0,1.605871,0,0,0,0,0,0,5.495426,4.350163,6.640701,0.592854,0.702737,0.482971,7.396846,6.223584,8.570108,0.5906388,0,2.113039,7.197344,6.104503,8.290186,9.857104,10,9.513857,6.927787,7.221861,6.633713,0.6184488,0,1.605871,0,0,0,0,0,0,5.495426,4.350163,6.640701,0.592854,0.702737,0.482971,7.396846,6.223584,8.570108,0.5906388,0,2.113039,7.197344,6.104503,8.290186,9.857104,10,9.513857,-1,-1,-1,-1,-1,-1,-1,-1,-1,-1,-1,-1,-1,-1,-1,-1,-1,-1,-1,-1,-1,-1,-1,-1,-1,-1,-1,-1,-1,-1,-1,-1,-1,-1,-1,-1,-1,-1,-1,-1,-1,-1,-1,-1,-1,-1,-1,-1,-1,-1,0,0,0,0,0,0,-1,-1,-1,-1,-1,-1,-1,-1,-1,-1,-1,-1,0,0,0,0,0,0,-1,-1,-1,-1,-1,-1,-1,-1,-1,-1,-1,-1,-1,-1,False,False,0,0,False,209,0,0,0,0,0,0,0,0,0,0,0,0,0,0,0,1,
0,2112,2026-02-16 17:35:42Z,LLM_Empathetic,6.927791,7.221861,6.63372,0.6184417,0,1.605867,0,0,0,0,0,0,5.495432,4.350164,6.640709,0.592854,0.702737,0.482971,7.396848,6.223583,8.570114,0.5906343,0,2.113035,7.197352,6.104507,8.290197,9.85712,10,9.513875,6.927791,7.221861,6.63372,0.6184417,0,1.605867,0,0,0,0,0,0,5.495432,4.350164,6.640709,0.592854,0.702737,0.482971,7.396848,6.223583,8.570114,0.5906343,0,2.113035,7.197352,6.104507,8.290197,9.85712,10,9.513875,-1,-1,-1,-1,-1,-1,-1,-1,-1,-1,-1,-1,-1,-1,-1,-1,-1,-1,-1,-1,-1,-1,-1,-1,-1,-1,-1,-1,-1,-1,-1,-1,-1,-1,-1,-1,-1,-1,-1,-1,-1,-1,-1,-1,-1,-1,-1,-1,-1,-1,0,0,0,0,0,0,-1,-1,-1,-1,-1,-1,-1,-1,-1,-1,-1,-1,0,0,0,0,0,0,-1,-1,-1,-1,-1,-1,-1,-1,-1,-1,-1,-1,-1,-1,False,False,0,0,False,209,0,0,0,0,0,0,0,0,0,0,0,0,0,0,0,1,
0,2113,2026-02-16 17:35:42Z,LLM_Empathetic,6.927795,7.221862,6.633728,0.6184346,0,1.605864,0,0,0,0,0,0,5.495437,4.350166,6.640718,0.592854,0.702737,0.482971,7.396851,6.223581,8.570121,0.5906298,0,2.11303,7.197359,6.104511,8.290208,9.857134,10,9.513894,6.927795,7.221862,6.633728,0.6184346,0,1.605864,0,0,0,0,0,0,5.495437,4.350166,6.640718,0.592854,0.702737,0.482971,7.396851,6.223581,8.570121,0.5906298,0,2.11303,7.197359,6.104511,8.290208,9.857134,10,9.513894,-1,-1,-1,-1,-1,-1,-1,-1,-1,-1,-1,-1,-1,-1,-1,-1,-1,-1,-1,-1,-1,-1,-1,-1,-1,-1,-1,-1,-1,-1,-1,-1,-1,-1,-1,-1,-1,-1,-1,-1,-1,-1,-1,-1,-1,-1,-1,-1,-1,-1,0,0,0,0,0,0,-1,-1,-1,-1,-1,-1,-1,-1,-1,-1,-1,-1,0,0,0,0,0,0,-1,-1,-1,-1,-1,-1,-1,-1,-1,-1,-1,-1,-1,-1,False,False,0,0,False,209,0,0,0,0,0,0,0,0,0,0,0,0,0,0,0,1,
0,2114,2026-02-16 17:35:42Z,LLM_Empathetic,6.927799,7.221863,6.633736,0.6184276,0,1.60586,0,0,0,0,0,0,5.495442,4.350168,6.640728,0.592854,0.702737,0.482971,7.396853,6.22358,8.570127,0.5906252,0,2.113026,7.197367,6.104516,8.290218,9.857149,10,9.513912,6.927799,7.221863,6.633736,0.6184276,0,1.60586,0,0,0,0,0,0,5.495442,4.350168,6.640728,0.592854,0.702737,0.482971,7.396853,6.22358,8.570127,0.5906252,0,2.113026,7.197367,6.104516,8.290218,9.857149,10,9.513912,-1,-1,-1,-1,-1,-1,-1,-1,-1,-1,-1,-1,-1,-1,-1,-1,-1,-1,-1,-1,-1,-1,-1,-1,-1,-1,-1,-1,-1,-1,-1,-1,-1,-1,-1,-1,-1,-1,-1,-1,-1,-1,-1,-1,-1,-1,-1,-1,-1,-1,0,0,0,0,0,0,-1,-1,-1,-1,-1,-1,-1,-1,-1,-1,-1,-1,0,0,0,0,0,0,-1,-1,-1,-1,-1,-1,-1,-1,-1,-1,-1,-1,-1,-1,False,False,0,0,False,207,0,0,0,0,0,0,0,0,0,0,0,0,0,0,0,1,
0,2115,2026-02-16 17:35:42Z,LLM_Empathetic,6.927804,7.221864,6.633743,0.6184205,0,1.605856,0,0,0,0,0,0,5.495448,4.35017,6.640737,0.592854,0.702737,0.482971,7.396856,6.223579,8.570132,0.5906207,0,2.113021,7.197374,6.104519,8.29023,9.857163,10,9.513931,6.927804,7.221864,6.633743,0.6184205,0,1.605856,0,0,0,0,0,0,5.495448,4.35017,6.640737,0.592854,0.702737,0.482971,7.396856,6.223579,8.570132,0.5906207,0,2.113021,7.197374,6.104519,8.29023,9.857163,10,9.513931,-1,-1,-1,-1,-1,-1,-1,-1,-1,-1,-1,-1,-1,-1,-1,-1,-1,-1,-1,-1,-1,-1,-1,-1,-1,-1,-1,-1,-1,-1,-1,-1,-1,-1,-1,-1,-1,-1,-1,-1,-1,-1,-1,-1,-1,-1,-1,-1,-1,-1,0,0,0,0,0,0,-1,-1,-1,-1,-1,-1,-1,-1,-1,-1,-1,-1,0,0,0,0,0,0,-1,-1,-1,-1,-1,-1,-1,-1,-1,-1,-1,-1,-1,-1,False,False,0,0,False,209,0,0,0,0,0,0,0,0,0,0,0,0,0,0,0,1,
0,2116,2026-02-16 17:35:42Z,LLM_Empathetic,6.927808,7.221865,6.633751,0.6184134,0,1.605852,0,0,0,0,0,0,5.495453,4.350171,6.640745,0.592854,0.702737,0.482971,7.396858,6.223577,8.570139,0.5906162,0,2.113017,7.197381,6.104524,8.29024,9.857179,10,9.51395,6.927808,7.221865,6.633751,0.6184134,0,1.605852,0,0,0,0,0,0,5.495453,4.350171,6.640745,0.592854,0.702737,0.482971,7.396858,6.223577,8.570139,0.5906162,0,2.113017,7.197381,6.104524,8.29024,9.857179,10,9.51395,-1,-1,-1,-1,-1,-1,-1,-1,-1,-1,-1,-1,-1,-1,-1,-1,-1,-1,-1,-1,-1,-1,-1,-1,-1,-1,-1,-1,-1,-1,-1,-1,-1,-1,-1,-1,-1,-1,-1,-1,-1,-1,-1,-1,-1,-1,-1,-1,-1,-1,0,0,0,0,0,0,-1,-1,-1,-1,-1,-1,-1,-1,-1,-1,-1,-1,0,0,0,0,0,0,-1,-1,-1,-1,-1,-1,-1,-1,-1,-1,-1,-1,-1,-1,False,False,0,0,False,209,0,0,0,0,0,0,0,0,0,0,0,0,0,0,0,1,
0,2117,2026-02-16 17:35:42Z,LLM_Empathetic,6.927812,7.221865,6.633758,0.6184064,0,1.605848,0,0,0,0,0,0,5.495459,4.350173,6.640754,0.592854,0.702737,0.482971,7.396861,6.223577,8.570145,0.5906117,0,2.113012,7.197389,6.104527,8.290251,9.857193,10,9.513968,6.927812,7.221865,6.633758,0.6184064,0,1.605848,0,0,0,0,0,0,5.495459,4.350173,6.640754,0.592854,0.702737,0.482971,7.396861,6.223577,8.570145,0.5906117,0,2.113012,7.197389,6.104527,8.290251,9.857193,10,9.513968,-1,-1,-1,-1,-1,-1,-1,-1,-1,-1,-1,-1,-1,-1,-1,-1,-1,-1,-1,-1,-1,-1,-1,-1,-1,-1,-1,-1,-1,-1,-1,-1,-1,-1,-1,-1,-1,-1,-1,-1,-1,-1,-1,-1,-1,-1,-1,-1,-1,-1,0,0,0,0,0,0,-1,-1,-1,-1,-1,-1,-1,-1,-1,-1,-1,-1,0,0,0,0,0,0,-1,-1,-1,-1,-1,-1,-1,-1,-1,-1,-1,-1,-1,-1,False,False,0,0,False,207,0,0,0,0,0,0,0,0,0,0,0,0,0,0,0,1,
0,2118,2026-02-16 17:35:42Z,LLM_Empathetic,6.927816,7.221866,6.633766,0.6183993,0,1.605844,0,0,0,0,0,0,5.495464,4.350175,6.640763,0.592854,0.702737,0.482971,7.396863,6.223575,8.570151,0.5906072,0,2.113008,7.197396,6.104531,8.290262,9.857208,10,9.513987,6.927816,7.221866,6.633766,0.6183993,0,1.605844,0,0,0,0,0,0,5.495464,4.350175,6.640763,0.592854,0.702737,0.482971,7.396863,6.223575,8.570151,0.5906072,0,2.113008,7.197396,6.104531,8.290262,9.857208,10,9.513987,-1,-1,-1,-1,-1,-1,-1,-1,-1,-1,-1,-1,-1,-1,-1,-1,-1,-1,-1,-1,-1,-1,-1,-1,-1,-1,-1,-1,-1,-1,-1,-1,-1,-1,-1,-1,-1,-1,-1,-1,-1,-1,-1,-1,-1,-1,-1,-1,-1,-1,0,0,0,0,0,0,-1,-1,-1,-1,-1,-1,-1,-1,-1,-1,-1,-1,0,0,0,0,0,0,-1,-1,-1,-1,-1,-1,-1,-1,-1,-1,-1,-1,-1,-1,False,False,0,0,False,207,0,0,0,0,0,0,0,0,0,0,0,0,0,0,0,1,
0,2119,2026-02-16 17:35:42Z,LLM_Empathetic,6.92782,7.221867,6.633773,0.6183923,0,1.60584,0,0,0,0,0,0,5.495469,4.350177,6.640772,0.592854,0.702737,0.482971,7.396865,6.223574,8.570157,0.5906026,0,2.113003,7.197403,6.104536,8.290273,9.857223,10,9.514006,6.92782,7.221867,6.633773,0.6183923,0,1.60584,0,0,0,0,0,0,5.495469,4.350177,6.640772,0.592854,0.702737,0.482971,7.396865,6.223574,8.570157,0.5906026,0,2.113003,7.197403,6.104536,8.290273,9.857223,10,9.514006,-1,-1,-1,-1,-1,-1,-1,-1,-1,-1,-1,-1,-1,-1,-1,-1,-1,-1,-1,-1,-1,-1,-1,-1,-1,-1,-1,-1,-1,-1,-1,-1,-1,-1,-1,-1,-1,-1,-1,-1,-1,-1,-1,-1,-1,-1,-1,-1,-1,-1,0,0,0,0,0,0,-1,-1,-1,-1,-1,-1,-1,-1,-1,-1,-1,-1,0,0,0,0,0,0,-1,-1,-1,-1,-1,-1,-1,-1,-1,-1,-1,-1,-1,-1,False,False,0,0,False,209,0,0,0,0,0,0,0,0,0,0,0,0,0,0,0,1,
0,2120,2026-02-16 17:35:42Z,LLM_Empathetic,6.927824,7.221868,6.633781,0.6183853,0,1.605836,0,0,0,0,0,0,5.495474,4.350178,6.640781,0.592854,0.702737,0.482971,7.396868,6.223573,8.570164,0.5905981,0,2.112998,7.197411,6.104539,8.290283,9.857238,10,9.514024,6.927824,7.221868,6.633781,0.6183853,0,1.605836,0,0,0,0,0,0,5.495474,4.350178,6.640781,0.592854,0.702737,0.482971,7.396868,6.223573,8.570164,0.5905981,0,2.112998,7.197411,6.104539,8.290283,9.857238,10,9.514024,-1,-1,-1,-1,-1,-1,-1,-1,-1,-1,-1,-1,-1,-1,-1,-1,-1,-1,-1,-1,-1,-1,-1,-1,-1,-1,-1,-1,-1,-1,-1,-1,-1,-1,-1,-1,-1,-1,-1,-1,-1,-1,-1,-1,-1,-1,-1,-1,-1,-1,0,0,0,0,0,0,-1,-1,-1,-1,-1,-1,-1,-1,-1,-1,-1,-1,0,0,0,0,0,0,-1,-1,-1,-1,-1,-1,-1,-1,-1,-1,-1,-1,-1,-1,False,False,0,0,False,209,0,0,0,0,0,0,0,0,0,0,0,0,0,0,0,1,
0,2121,2026-02-16 17:35:42Z,LLM_Empathetic,6.927828,7.221868,6.633789,0.6183782,0,1.605832,0,0,0,0,0,0,5.49548,4.35018,6.64079,0.592854,0.702737,0.482971,7.39687,6.223571,8.570169,0.5905936,0,2.112994,7.197419,6.104544,8.290295,9.857252,10,9.514043,6.927828,7.221868,6.633789,0.6183782,0,1.605832,0,0,0,0,0,0,5.49548,4.35018,6.64079,0.592854,0.702737,0.482971,7.39687,6.223571,8.570169,0.5905936,0,2.112994,7.197419,6.104544,8.290295,9.857252,10,9.514043,-1,-1,-1,-1,-1,-1,-1,-1,-1,-1,-1,-1,-1,-1,-1,-1,-1,-1,-1,-1,-1,-1,-1,-1,-1,-1,-1,-1,-1,-1,-1,-1,-1,-1,-1,-1,-1,-1,-1,-1,-1,-1,-1,-1,-1,-1,-1,-1,-1,-1,0,0,0,0,0,0,-1,-1,-1,-1,-1,-1,-1,-1,-1,-1,-1,-1,0,0,0,0,0,0,-1,-1,-1,-1,-1,-1,-1,-1,-1,-1,-1,-1,-1,-1,False,False,0,0,False,209,0,0,0,0,0,0,0,0,0,0,0,0,0,0,0,1,
0,2122,2026-02-16 17:35:43Z,LLM_Empathetic,6.927833,7.221869,6.633796,0.6183712,0,1.605829,0,0,0,0,0,0,5.495485,4.350182,6.640799,0.592854,0.702737,0.482971,7.396873,6.22357,8.570175,0.5905891,0,2.112989,7.197426,6.104548,8.290305,9.857267,10,9.514061,6.927833,7.221869,6.633796,0.6183712,0,1.605829,0,0,0,0,0,0,5.495485,4.350182,6.640799,0.592854,0.702737,0.482971,7.396873,6.22357,8.570175,0.5905891,0,2.112989,7.197426,6.104548,8.290305,9.857267,10,9.514061,-1,-1,-1,-1,-1,-1,-1,-1,-1,-1,-1,-1,-1,-1,-1,-1,-1,-1,-1,-1,-1,-1,-1,-1,-1,-1,-1,-1,-1,-1,-1,-1,-1,-1,-1,-1,-1,-1,-1,-1,-1,-1,-1,-1,-1,-1,-1,-1,-1,-1,0,0,0,0,0,0,-1,-1,-1,-1,-1,-1,-1,-1,-1,-1,-1,-1,0,0,0,0,0,0,-1,-1,-1,-1,-1,-1,-1,-1,-1,-1,-1,-1,-1,-1,False,False,0,0,False,209,0,0,0,0,0,0,0,0,0,0,0,0,0,0,0,1,
0,2123,2026-02-16 17:35:43Z,LLM_Empathetic,6.927837,7.22187,6.633803,0.6183642,0,1.605825,0,0,0,0,0,0,5.495491,4.350183,6.640808,0.592854,0.702737,0.482971,7.396875,6.223569,8.570182,0.5905846,0,2.112985,7.197433,6.104551,8.290316,9.857282,10,9.51408,6.927837,7.22187,6.633803,0.6183642,0,1.605825,0,0,0,0,0,0,5.495491,4.350183,6.640808,0.592854,0.702737,0.482971,7.396875,6.223569,8.570182,0.5905846,0,2.112985,7.197433,6.104551,8.290316,9.857282,10,9.51408,-1,-1,-1,-1,-1,-1,-1,-1,-1,-1,-1,-1,-1,-1,-1,-1,-1,-1,-1,-1,-1,-1,-1,-1,-1,-1,-1,-1,-1,-1,-1,-1,-1,-1,-1,-1,-1,-1,-1,-1,-1,-1,-1,-1,-1,-1,-1,-1,-1,-1,0,0,0,0,0,0,-1,-1,-1,-1,-1,-1,-1,-1,-1,-1,-1,-1,0,0,0,0,0,0,-1,-1,-1,-1,-1,-1,-1,-1,-1,-1,-1,-1,-1,-1,False,False,0,0,False,209,0,0,0,0,0,0,0,0,0,0,0,0,0,0,0,1,
0,2124,2026-02-16 17:35:43Z,LLM_Empathetic,6.927841,7.22187,6.633811,0.6183571,0,1.605821,0,0,0,0,0,0,5.495496,4.350185,6.640817,0.592854,0.702737,0.482971,7.396877,6.223567,8.570188,0.5905801,0,2.112981,7.197441,6.104556,8.290327,9.857297,10,9.514098,6.927841,7.22187,6.633811,0.6183571,0,1.605821,0,0,0,0,0,0,5.495496,4.350185,6.640817,0.592854,0.702737,0.482971,7.396877,6.223567,8.570188,0.5905801,0,2.112981,7.197441,6.104556,8.290327,9.857297,10,9.514098,-1,-1,-1,-1,-1,-1,-1,-1,-1,-1,-1,-1,-1,-1,-1,-1,-1,-1,-1,-1,-1,-1,-1,-1,-1,-1,-1,-1,-1,-1,-1,-1,-1,-1,-1,-1,-1,-1,-1,-1,-1,-1,-1,-1,-1,-1,-1,-1,-1,-1,0,0,0,0,0,0,-1,-1,-1,-1,-1,-1,-1,-1,-1,-1,-1,-1,0,0,0,0,0,0,-1,-1,-1,-1,-1,-1,-1,-1,-1,-1,-1,-1,-1,-1,False,False,0,0,False,207,0,0,0,0,0,0,0,0,0,0,0,0,0,0,0,1,
0,2125,2026-02-16 17:35:43Z,LLM_Empathetic,6.927845,7.221871,6.633819,0.6183501,0,1.605817,0,0,0,0,0,0,5.495501,4.350187,6.640825,0.592854,0.702737,0.482971,7.39688,6.223567,8.570194,0.5905756,0,2.112976,7.197448,6.104559,8.290338,9.857311,10,9.514116,6.927845,7.221871,6.633819,0.6183501,0,1.605817,0,0,0,0,0,0,5.495501,4.350187,6.640825,0.592854,0.702737,0.482971,7.39688,6.223567,8.570194,0.5905756,0,2.112976,7.197448,6.104559,8.290338,9.857311,10,9.514116,-1,-1,-1,-1,-1,-1,-1,-1,-1,-1,-1,-1,-1,-1,-1,-1,-1,-1,-1,-1,-1,-1,-1,-1,-1,-1,-1,-1,-1,-1,-1,-1,-1,-1,-1,-1,-1,-1,-1,-1,-1,-1,-1,-1,-1,-1,-1,-1,-1,-1,0,0,0,0,0,0,-1,-1,-1,-1,-1,-1,-1,-1,-1,-1,-1,-1,0,0,0,0,0,0,-1,-1,-1,-1,-1,-1,-1,-1,-1,-1,-1,-1,-1,-1,False,False,0,0,False,209,0,0,0,0,0,0,0,0,0,0,0,0,0,0,0,1,
0,2126,2026-02-16 17:35:43Z,LLM_Empathetic,6.927849,7.221872,6.633826,0.6183431,0,1.605813,0,0,0,0,0,0,5.495506,4.350189,6.640834,0.592854,0.702737,0.482971,7.396883,6.223565,8.5702,0.5905712,0,2.112972,7.197455,6.104564,8.290348,9.857327,10,9.514135,6.927849,7.221872,6.633826,0.6183431,0,1.605813,0,0,0,0,0,0,5.495506,4.350189,6.640834,0.592854,0.702737,0.482971,7.396883,6.223565,8.5702,0.5905712,0,2.112972,7.197455,6.104564,8.290348,9.857327,10,9.514135,-1,-1,-1,-1,-1,-1,-1,-1,-1,-1,-1,-1,-1,-1,-1,-1,-1,-1,-1,-1,-1,-1,-1,-1,-1,-1,-1,-1,-1,-1,-1,-1,-1,-1,-1,-1,-1,-1,-1,-1,-1,-1,-1,-1,-1,-1,-1,-1,-1,-1,0,0,0,0,0,0,-1,-1,-1,-1,-1,-1,-1,-1,-1,-1,-1,-1,0,0,0,0,0,0,-1,-1,-1,-1,-1,-1,-1,-1,-1,-1,-1,-1,-1,-1,False,False,0,0,False,209,0,0,0,0,0,0,0,0,0,0,0,0,0,0,0,1,
0,2127,2026-02-16 17:35:43Z,LLM_Empathetic,6.927853,7.221873,6.633833,0.6183361,0,1.605809,0,0,0,0,0,0,5.495512,4.350191,6.640843,0.592854,0.702737,0.482971,7.396885,6.223564,8.570206,0.5905666,0,2.112967,7.197463,6.104568,8.290359,9.857341,10,9.514153,6.927853,7.221873,6.633833,0.6183361,0,1.605809,0,0,0,0,0,0,5.495512,4.350191,6.640843,0.592854,0.702737,0.482971,7.396885,6.223564,8.570206,0.5905666,0,2.112967,7.197463,6.104568,8.290359,9.857341,10,9.514153,-1,-1,-1,-1,-1,-1,-1,-1,-1,-1,-1,-1,-1,-1,-1,-1,-1,-1,-1,-1,-1,-1,-1,-1,-1,-1,-1,-1,-1,-1,-1,-1,-1,-1,-1,-1,-1,-1,-1,-1,-1,-1,-1,-1,-1,-1,-1,-1,-1,-1,0,0,0,0,0,0,-1,-1,-1,-1,-1,-1,-1,-1,-1,-1,-1,-1,0,0,0,0,0,0,-1,-1,-1,-1,-1,-1,-1,-1,-1,-1,-1,-1,-1,-1,False,False,0,0,False,207,0,0,0,0,0,0,0,0,0,0,0,0,0,0,0,1,
0,2128,2026-02-16 17:35:43Z,LLM_Empathetic,6.927857,7.221873,6.633841,0.618329,0,1.605805,0,0,0,0,0,0,5.495517,4.350193,6.640852,0.592854,0.702737,0.482971,7.396887,6.223563,8.570212,0.5905622,0,2.112962,7.19747,6.104571,8.29037,9.857356,10,9.514172,6.927857,7.221873,6.633841,0.618329,0,1.605805,0,0,0,0,0,0,5.495517,4.350193,6.640852,0.592854,0.702737,0.482971,7.396887,6.223563,8.570212,0.5905622,0,2.112962,7.19747,6.104571,8.29037,9.857356,10,9.514172,-1,-1,-1,-1,-1,-1,-1,-1,-1,-1,-1,-1,-1,-1,-1,-1,-1,-1,-1,-1,-1,-1,-1,-1,-1,-1,-1,-1,-1,-1,-1,-1,-1,-1,-1,-1,-1,-1,-1,-1,-1,-1,-1,-1,-1,-1,-1,-1,-1,-1,0,0,0,0,0,0,-1,-1,-1,-1,-1,-1,-1,-1,-1,-1,-1,-1,0,0,0,0,0,0,-1,-1,-1,-1,-1,-1,-1,-1,-1,-1,-1,-1,-1,-1,False,False,0,0,False,207,0,0,0,0,0,0,0,0,0,0,0,0,0,0,0,1,
0,2129,2026-02-16 17:35:43Z,LLM_Empathetic,6.927861,7.221874,6.633849,0.6183221,0,1.605801,0,0,0,0,0,0,5.495522,4.350194,6.640861,0.592854,0.702737,0.482971,7.39689,6.223561,8.570218,0.5905577,0,2.112958,7.197477,6.104576,8.29038,9.85737,10,9.514191,6.927861,7.221874,6.633849,0.6183221,0,1.605801,0,0,0,0,0,0,5.495522,4.350194,6.640861,0.592854,0.702737,0.482971,7.39689,6.223561,8.570218,0.5905577,0,2.112958,7.197477,6.104576,8.29038,9.85737,10,9.514191,-1,-1,-1,-1,-1,-1,-1,-1,-1,-1,-1,-1,-1,-1,-1,-1,-1,-1,-1,-1,-1,-1,-1,-1,-1,-1,-1,-1,-1,-1,-1,-1,-1,-1,-1,-1,-1,-1,-1,-1,-1,-1,-1,-1,-1,-1,-1,-1,-1,-1,0,0,0,0,0,0,-1,-1,-1,-1,-1,-1,-1,-1,-1,-1,-1,-1,0,0,0,0,0,0,-1,-1,-1,-1,-1,-1,-1,-1,-1,-1,-1,-1,-1,-1,False,False,0,0,False,207,0,0,0,0,0,0,0,0,0,0,0,0,0,0,0,1,
0,2130,2026-02-16 17:35:43Z,LLM_Empathetic,6.927866,7.221875,6.633856,0.6183151,0,1.605798,0,0,0,0,0,0,5.495528,4.350196,6.64087,0.592854,0.702737,0.482971,7.396892,6.22356,8.570224,0.5905532,0,2.112954,7.197485,6.104579,8.290391,9.857385,10,9.514209,6.927866,7.221875,6.633856,0.6183151,0,1.605798,0,0,0,0,0,0,5.495528,4.350196,6.64087,0.592854,0.702737,0.482971,7.396892,6.22356,8.570224,0.5905532,0,2.112954,7.197485,6.104579,8.290391,9.857385,10,9.514209,-1,-1,-1,-1,-1,-1,-1,-1,-1,-1,-1,-1,-1,-1,-1,-1,-1,-1,-1,-1,-1,-1,-1,-1,-1,-1,-1,-1,-1,-1,-1,-1,-1,-1,-1,-1,-1,-1,-1,-1,-1,-1,-1,-1,-1,-1,-1,-1,-1,-1,0,0,0,0,0,0,-1,-1,-1,-1,-1,-1,-1,-1,-1,-1,-1,-1,0,0,0,0,0,0,-1,-1,-1,-1,-1,-1,-1,-1,-1,-1,-1,-1,-1,-1,False,False,0,0,False,209,0,0,0,0,0,0,0,0,0,0,0,0,0,0,0,1,
0,2131,2026-02-16 17:35:43Z,LLM_Empathetic,6.92787,7.221876,6.633863,0.6183081,0,1.605794,0,0,0,0,0,0,5.495533,4.350198,6.640878,0.592854,0.702737,0.482971,7.396894,6.223559,8.57023,0.5905488,0,2.112949,7.197492,6.104583,8.290401,9.8574,10,9.514227,6.92787,7.221876,6.633863,0.6183081,0,1.605794,0,0,0,0,0,0,5.495533,4.350198,6.640878,0.592854,0.702737,0.482971,7.396894,6.223559,8.57023,0.5905488,0,2.112949,7.197492,6.104583,8.290401,9.8574,10,9.514227,-1,-1,-1,-1,-1,-1,-1,-1,-1,-1,-1,-1,-1,-1,-1,-1,-1,-1,-1,-1,-1,-1,-1,-1,-1,-1,-1,-1,-1,-1,-1,-1,-1,-1,-1,-1,-1,-1,-1,-1,-1,-1,-1,-1,-1,-1,-1,-1,-1,-1,0,0,0,0,0,0,-1,-1,-1,-1,-1,-1,-1,-1,-1,-1,-1,-1,0,0,0,0,0,0,-1,-1,-1,-1,-1,-1,-1,-1,-1,-1,-1,-1,-1,-1,False,False,0,0,False,209,0,0,0,0,0,0,0,0,0,0,0,0,0,0,0,1,
0,2132,2026-02-16 17:35:43Z,LLM_Empathetic,6.927874,7.221877,6.633871,0.6183011,0,1.60579,0,0,0,0,0,0,5.495538,4.350199,6.640887,0.592854,0.702737,0.482971,7.396897,6.223558,8.570236,0.5905443,0,2.112945,7.197499,6.104588,8.290412,9.857414,10,9.514246,6.927874,7.221877,6.633871,0.6183011,0,1.60579,0,0,0,0,0,0,5.495538,4.350199,6.640887,0.592854,0.702737,0.482971,7.396897,6.223558,8.570236,0.5905443,0,2.112945,7.197499,6.104588,8.290412,9.857414,10,9.514246,-1,-1,-1,-1,-1,-1,-1,-1,-1,-1,-1,-1,-1,-1,-1,-1,-1,-1,-1,-1,-1,-1,-1,-1,-1,-1,-1,-1,-1,-1,-1,-1,-1,-1,-1,-1,-1,-1,-1,-1,-1,-1,-1,-1,-1,-1,-1,-1,-1,-1,0,0,0,0,0,0,-1,-1,-1,-1,-1,-1,-1,-1,-1,-1,-1,-1,0,0,0,0,0,0,-1,-1,-1,-1,-1,-1,-1,-1,-1,-1,-1,-1,-1,-1,False,False,0,0,False,209,0,0,0,0,0,0,0,0,0,0,0,0,0,0,0,1,
0,2133,2026-02-16 17:35:43Z,LLM_Empathetic,6.927878,7.221877,6.633878,0.6182941,0,1.605786,0,0,0,0,0,0,5.495543,4.350201,6.640896,0.592854,0.702737,0.482971,7.396899,6.223557,8.570242,0.5905398,0,2.11294,7.197507,6.104591,8.290423,9.857429,10,9.514264,6.927878,7.221877,6.633878,0.6182941,0,1.605786,0,0,0,0,0,0,5.495543,4.350201,6.640896,0.592854,0.702737,0.482971,7.396899,6.223557,8.570242,0.5905398,0,2.11294,7.197507,6.104591,8.290423,9.857429,10,9.514264,-1,-1,-1,-1,-1,-1,-1,-1,-1,-1,-1,-1,-1,-1,-1,-1,-1,-1,-1,-1,-1,-1,-1,-1,-1,-1,-1,-1,-1,-1,-1,-1,-1,-1,-1,-1,-1,-1,-1,-1,-1,-1,-1,-1,-1,-1,-1,-1,-1,-1,0,0,0,0,0,0,-1,-1,-1,-1,-1,-1,-1,-1,-1,-1,-1,-1,0,0,0,0,0,0,-1,-1,-1,-1,-1,-1,-1,-1,-1,-1,-1,-1,-1,-1,False,False,0,0,False,207,0,0,0,0,0,0,0,0,0,0,0,0,0,0,0,1,
0,2134,2026-02-16 17:35:43Z,LLM_Empathetic,6.927882,7.221878,6.633886,0.6182872,0,1.605782,0,0,0,0,0,0,5.495549,4.350203,6.640905,0.592854,0.702737,0.482971,7.396902,6.223555,8.570249,0.5905353,0,2.112936,7.197514,6.104595,8.290434,9.857444,10,9.514282,6.927882,7.221878,6.633886,0.6182872,0,1.605782,0,0,0,0,0,0,5.495549,4.350203,6.640905,0.592854,0.702737,0.482971,7.396902,6.223555,8.570249,0.5905353,0,2.112936,7.197514,6.104595,8.290434,9.857444,10,9.514282,-1,-1,-1,-1,-1,-1,-1,-1,-1,-1,-1,-1,-1,-1,-1,-1,-1,-1,-1,-1,-1,-1,-1,-1,-1,-1,-1,-1,-1,-1,-1,-1,-1,-1,-1,-1,-1,-1,-1,-1,-1,-1,-1,-1,-1,-1,-1,-1,-1,-1,0,0,0,0,0,0,-1,-1,-1,-1,-1,-1,-1,-1,-1,-1,-1,-1,0,0,0,0,0,0,-1,-1,-1,-1,-1,-1,-1,-1,-1,-1,-1,-1,-1,-1,False,False,0,0,False,209,0,0,0,0,0,0,0,0,0,0,0,0,0,0,0,1,
0,2135,2026-02-16 17:35:43Z,LLM_Empathetic,6.927886,7.221879,6.633893,0.6182802,0,1.605778,0,0,0,0,0,0,5.495554,4.350204,6.640913,0.592854,0.702737,0.482971,7.396904,6.223554,8.570254,0.5905309,0,2.112931,7.197521,6.104599,8.290444,9.857458,10,9.5143,6.927886,7.221879,6.633893,0.6182802,0,1.605778,0,0,0,0,0,0,5.495554,4.350204,6.640913,0.592854,0.702737,0.482971,7.396904,6.223554,8.570254,0.5905309,0,2.112931,7.197521,6.104599,8.290444,9.857458,10,9.5143,-1,-1,-1,-1,-1,-1,-1,-1,-1,-1,-1,-1,-1,-1,-1,-1,-1,-1,-1,-1,-1,-1,-1,-1,-1,-1,-1,-1,-1,-1,-1,-1,-1,-1,-1,-1,-1,-1,-1,-1,-1,-1,-1,-1,-1,-1,-1,-1,-1,-1,0,0,0,0,0,0,-1,-1,-1,-1,-1,-1,-1,-1,-1,-1,-1,-1,0,0,0,0,0,0,-1,-1,-1,-1,-1,-1,-1,-1,-1,-1,-1,-1,-1,-1,False,False,0,0,False,209,0,0,0,0,0,0,0,0,0,0,0,0,0,0,0,1,
0,2136,2026-02-16 17:35:43Z,LLM_Empathetic,6.92789,7.221879,6.633901,0.6182733,0,1.605775,0,0,0,0,0,0,5.495559,4.350206,6.640923,0.592854,0.702737,0.482971,7.396906,6.223553,8.57026,0.5905264,0,2.112927,7.197529,6.104603,8.290455,9.857472,10,9.514319,6.92789,7.221879,6.633901,0.6182733,0,1.605775,0,0,0,0,0,0,5.495559,4.350206,6.640923,0.592854,0.702737,0.482971,7.396906,6.223553,8.57026,0.5905264,0,2.112927,7.197529,6.104603,8.290455,9.857472,10,9.514319,-1,-1,-1,-1,-1,-1,-1,-1,-1,-1,-1,-1,-1,-1,-1,-1,-1,-1,-1,-1,-1,-1,-1,-1,-1,-1,-1,-1,-1,-1,-1,-1,-1,-1,-1,-1,-1,-1,-1,-1,-1,-1,-1,-1,-1,-1,-1,-1,-1,-1,0,0,0,0,0,0,-1,-1,-1,-1,-1,-1,-1,-1,-1,-1,-1,-1,0,0,0,0,0,0,-1,-1,-1,-1,-1,-1,-1,-1,-1,-1,-1,-1,-1,-1,False,False,0,0,False,207,0,0,0,0,0,0,0,0,0,0,0,0,0,0,0,1,
0,2137,2026-02-16 17:35:43Z,LLM_Empathetic,6.927894,7.22188,6.633908,0.6182663,0,1.605771,0,0,0,0,0,0,5.495564,4.350208,6.640931,0.592854,0.702737,0.482971,7.396909,6.223552,8.570267,0.590522,0,2.112922,7.197536,6.104607,8.290465,9.857488,10,9.514338,6.927894,7.22188,6.633908,0.6182663,0,1.605771,0,0,0,0,0,0,5.495564,4.350208,6.640931,0.592854,0.702737,0.482971,7.396909,6.223552,8.570267,0.590522,0,2.112922,7.197536,6.104607,8.290465,9.857488,10,9.514338,-1,-1,-1,-1,-1,-1,-1,-1,-1,-1,-1,-1,-1,-1,-1,-1,-1,-1,-1,-1,-1,-1,-1,-1,-1,-1,-1,-1,-1,-1,-1,-1,-1,-1,-1,-1,-1,-1,-1,-1,-1,-1,-1,-1,-1,-1,-1,-1,-1,-1,0,0,0,0,0,0,-1,-1,-1,-1,-1,-1,-1,-1,-1,-1,-1,-1,0,0,0,0,0,0,-1,-1,-1,-1,-1,-1,-1,-1,-1,-1,-1,-1,-1,-1,False,False,0,0,False,207,0,0,0,0,0,0,0,0,0,0,0,0,0,0,0,1,
0,2138,2026-02-16 17:35:43Z,LLM_Empathetic,6.927898,7.221881,6.633915,0.6182594,0,1.605767,0,0,0,0,0,0,5.49557,4.35021,6.64094,0.592854,0.702737,0.482971,7.396911,6.22355,8.570272,0.5905175,0,2.112918,7.197543,6.104611,8.290477,9.857502,10,9.514356,6.927898,7.221881,6.633915,0.6182594,0,1.605767,0,0,0,0,0,0,5.49557,4.35021,6.64094,0.592854,0.702737,0.482971,7.396911,6.22355,8.570272,0.5905175,0,2.112918,7.197543,6.104611,8.290477,9.857502,10,9.514356,-1,-1,-1,-1,-1,-1,-1,-1,-1,-1,-1,-1,-1,-1,-1,-1,-1,-1,-1,-1,-1,-1,-1,-1,-1,-1,-1,-1,-1,-1,-1,-1,-1,-1,-1,-1,-1,-1,-1,-1,-1,-1,-1,-1,-1,-1,-1,-1,-1,-1,0,0,0,0,0,0,-1,-1,-1,-1,-1,-1,-1,-1,-1,-1,-1,-1,0,0,0,0,0,0,-1,-1,-1,-1,-1,-1,-1,-1,-1,-1,-1,-1,-1,-1,False,False,0,0,False,209,0,0,0,0,0,0,0,0,0,0,0,0,0,0,0,1,
0,2139,2026-02-16 17:35:43Z,LLM_Empathetic,6.927902,7.221882,6.633923,0.6182524,0,1.605763,0,0,0,0,0,0,5.495575,4.350212,6.640949,0.592854,0.702737,0.482971,7.396914,6.223549,8.570278,0.5905131,0,2.112913,7.197551,6.104615,8.290487,9.857516,10,9.514374,6.927902,7.221882,6.633923,0.6182524,0,1.605763,0,0,0,0,0,0,5.495575,4.350212,6.640949,0.592854,0.702737,0.482971,7.396914,6.223549,8.570278,0.5905131,0,2.112913,7.197551,6.104615,8.290487,9.857516,10,9.514374,-1,-1,-1,-1,-1,-1,-1,-1,-1,-1,-1,-1,-1,-1,-1,-1,-1,-1,-1,-1,-1,-1,-1,-1,-1,-1,-1,-1,-1,-1,-1,-1,-1,-1,-1,-1,-1,-1,-1,-1,-1,-1,-1,-1,-1,-1,-1,-1,-1,-1,0,0,0,0,0,0,-1,-1,-1,-1,-1,-1,-1,-1,-1,-1,-1,-1,0,0,0,0,0,0,-1,-1,-1,-1,-1,-1,-1,-1,-1,-1,-1,-1,-1,-1,False,False,0,0,False,209,0,0,0,0,0,0,0,0,0,0,0,0,0,0,0,1,
0,2140,2026-02-16 17:35:43Z,LLM_Empathetic,6.927907,7.221882,6.633931,0.6182455,0,1.605759,0,0,0,0,0,0,5.49558,4.350214,6.640957,0.592854,0.702737,0.482971,7.396916,6.223548,8.570285,0.5905086,0,2.112909,7.197558,6.104619,8.290498,9.857532,10,9.514392,6.927907,7.221882,6.633931,0.6182455,0,1.605759,0,0,0,0,0,0,5.49558,4.350214,6.640957,0.592854,0.702737,0.482971,7.396916,6.223548,8.570285,0.5905086,0,2.112909,7.197558,6.104619,8.290498,9.857532,10,9.514392,-1,-1,-1,-1,-1,-1,-1,-1,-1,-1,-1,-1,-1,-1,-1,-1,-1,-1,-1,-1,-1,-1,-1,-1,-1,-1,-1,-1,-1,-1,-1,-1,-1,-1,-1,-1,-1,-1,-1,-1,-1,-1,-1,-1,-1,-1,-1,-1,-1,-1,0,0,0,0,0,0,-1,-1,-1,-1,-1,-1,-1,-1,-1,-1,-1,-1,0,0,0,0,0,0,-1,-1,-1,-1,-1,-1,-1,-1,-1,-1,-1,-1,-1,-1,False,False,0,0,False,207,0,0,0,0,0,0,0,0,0,0,0,0,0,0,0,1,
0,2141,2026-02-16 17:35:43Z,LLM_Empathetic,6.927911,7.221883,6.633938,0.6182385,0,1.605755,0,0,0,0,0,0,5.495585,4.350215,6.640966,0.592854,0.702737,0.482971,7.396918,6.223547,8.570291,0.5905042,0,2.112905,7.197565,6.104623,8.290508,9.857546,10,9.514411,6.927911,7.221883,6.633938,0.6182385,0,1.605755,0,0,0,0,0,0,5.495585,4.350215,6.640966,0.592854,0.702737,0.482971,7.396918,6.223547,8.570291,0.5905042,0,2.112905,7.197565,6.104623,8.290508,9.857546,10,9.514411,-1,-1,-1,-1,-1,-1,-1,-1,-1,-1,-1,-1,-1,-1,-1,-1,-1,-1,-1,-1,-1,-1,-1,-1,-1,-1,-1,-1,-1,-1,-1,-1,-1,-1,-1,-1,-1,-1,-1,-1,-1,-1,-1,-1,-1,-1,-1,-1,-1,-1,0,0,0,0,0,0,-1,-1,-1,-1,-1,-1,-1,-1,-1,-1,-1,-1,0,0,0,0,0,0,-1,-1,-1,-1,-1,-1,-1,-1,-1,-1,-1,-1,-1,-1,False,False,0,0,False,209,0,0,0,0,0,0,0,0,0,0,0,0,0,0,0,1,
0,2142,2026-02-16 17:35:43Z,LLM_Empathetic,6.927915,7.221884,6.633945,0.6182316,0,1.605752,0,0,0,0,0,0,5.495591,4.350217,6.640975,0.592854,0.702737,0.482971,7.396921,6.223546,8.570296,0.5904998,0,2.1129,7.197572,6.104627,8.290519,9.85756,10,9.514429,6.927915,7.221884,6.633945,0.6182316,0,1.605752,0,0,0,0,0,0,5.495591,4.350217,6.640975,0.592854,0.702737,0.482971,7.396921,6.223546,8.570296,0.5904998,0,2.1129,7.197572,6.104627,8.290519,9.85756,10,9.514429,-1,-1,-1,-1,-1,-1,-1,-1,-1,-1,-1,-1,-1,-1,-1,-1,-1,-1,-1,-1,-1,-1,-1,-1,-1,-1,-1,-1,-1,-1,-1,-1,-1,-1,-1,-1,-1,-1,-1,-1,-1,-1,-1,-1,-1,-1,-1,-1,-1,-1,0,0,0,0,0,0,-1,-1,-1,-1,-1,-1,-1,-1,-1,-1,-1,-1,0,0,0,0,0,0,-1,-1,-1,-1,-1,-1,-1,-1,-1,-1,-1,-1,-1,-1,False,False,0,0,False,209,0,0,0,0,0,0,0,0,0,0,0,0,0,0,0,1,
0,2143,2026-02-16 17:35:43Z,LLM_Empathetic,6.927919,7.221885,6.633953,0.6182247,0,1.605748,0,0,0,0,0,0,5.495596,4.350219,6.640984,0.592854,0.702737,0.482971,7.396923,6.223544,8.570303,0.5904953,0,2.112896,7.19758,6.104631,8.290529,9.857574,10,9.514447,6.927919,7.221885,6.633953,0.6182247,0,1.605748,0,0,0,0,0,0,5.495596,4.350219,6.640984,0.592854,0.702737,0.482971,7.396923,6.223544,8.570303,0.5904953,0,2.112896,7.19758,6.104631,8.290529,9.857574,10,9.514447,-1,-1,-1,-1,-1,-1,-1,-1,-1,-1,-1,-1,-1,-1,-1,-1,-1,-1,-1,-1,-1,-1,-1,-1,-1,-1,-1,-1,-1,-1,-1,-1,-1,-1,-1,-1,-1,-1,-1,-1,-1,-1,-1,-1,-1,-1,-1,-1,-1,-1,0,0,0,0,0,0,-1,-1,-1,-1,-1,-1,-1,-1,-1,-1,-1,-1,0,0,0,0,0,0,-1,-1,-1,-1,-1,-1,-1,-1,-1,-1,-1,-1,-1,-1,False,False,0,0,False,209,0,0,0,0,0,0,0,0,0,0,0,0,0,0,0,1,
0,2144,2026-02-16 17:35:43Z,LLM_Empathetic,6.927923,7.221885,6.63396,0.6182178,0,1.605744,0,0,0,0,0,0,5.495601,4.35022,6.640993,0.592854,0.702737,0.482971,7.396925,6.223543,8.570309,0.5904909,0,2.112891,7.197587,6.104635,8.29054,9.857589,10,9.514465,6.927923,7.221885,6.63396,0.6182178,0,1.605744,0,0,0,0,0,0,5.495601,4.35022,6.640993,0.592854,0.702737,0.482971,7.396925,6.223543,8.570309,0.5904909,0,2.112891,7.197587,6.104635,8.29054,9.857589,10,9.514465,-1,-1,-1,-1,-1,-1,-1,-1,-1,-1,-1,-1,-1,-1,-1,-1,-1,-1,-1,-1,-1,-1,-1,-1,-1,-1,-1,-1,-1,-1,-1,-1,-1,-1,-1,-1,-1,-1,-1,-1,-1,-1,-1,-1,-1,-1,-1,-1,-1,-1,0,0,0,0,0,0,-1,-1,-1,-1,-1,-1,-1,-1,-1,-1,-1,-1,0,0,0,0,0,0,-1,-1,-1,-1,-1,-1,-1,-1,-1,-1,-1,-1,-1,-1,False,False,0,0,False,207,0,0,0,0,0,0,0,0,0,0,0,0,0,0,0,1,
0,2145,2026-02-16 17:35:43Z,LLM_Empathetic,6.927927,7.221886,6.633967,0.6182109,0,1.60574,0,0,0,0,0,0,5.495606,4.350222,6.641001,0.592854,0.702737,0.482971,7.396928,6.223542,8.570314,0.5904865,0,2.112887,7.197594,6.104639,8.290551,9.857604,10,9.514483,6.927927,7.221886,6.633967,0.6182109,0,1.60574,0,0,0,0,0,0,5.495606,4.350222,6.641001,0.592854,0.702737,0.482971,7.396928,6.223542,8.570314,0.5904865,0,2.112887,7.197594,6.104639,8.290551,9.857604,10,9.514483,-1,-1,-1,-1,-1,-1,-1,-1,-1,-1,-1,-1,-1,-1,-1,-1,-1,-1,-1,-1,-1,-1,-1,-1,-1,-1,-1,-1,-1,-1,-1,-1,-1,-1,-1,-1,-1,-1,-1,-1,-1,-1,-1,-1,-1,-1,-1,-1,-1,-1,0,0,0,0,0,0,-1,-1,-1,-1,-1,-1,-1,-1,-1,-1,-1,-1,0,0,0,0,0,0,-1,-1,-1,-1,-1,-1,-1,-1,-1,-1,-1,-1,-1,-1,False,False,0,0,False,207,0,0,0,0,0,0,0,0,0,0,0,0,0,0,0,1,
0,2146,2026-02-16 17:35:43Z,LLM_Empathetic,6.927931,7.221887,6.633975,0.6182039,0,1.605736,0,0,0,0,0,0,5.495612,4.350224,6.64101,0.592854,0.702737,0.482971,7.39693,6.22354,8.570321,0.5904821,0,2.112882,7.197601,6.104642,8.290562,9.857618,10,9.514502,6.927931,7.221887,6.633975,0.6182039,0,1.605736,0,0,0,0,0,0,5.495612,4.350224,6.64101,0.592854,0.702737,0.482971,7.39693,6.22354,8.570321,0.5904821,0,2.112882,7.197601,6.104642,8.290562,9.857618,10,9.514502,-1,-1,-1,-1,-1,-1,-1,-1,-1,-1,-1,-1,-1,-1,-1,-1,-1,-1,-1,-1,-1,-1,-1,-1,-1,-1,-1,-1,-1,-1,-1,-1,-1,-1,-1,-1,-1,-1,-1,-1,-1,-1,-1,-1,-1,-1,-1,-1,-1,-1,0,0,0,0,0,0,-1,-1,-1,-1,-1,-1,-1,-1,-1,-1,-1,-1,0,0,0,0,0,0,-1,-1,-1,-1,-1,-1,-1,-1,-1,-1,-1,-1,-1,-1,False,False,0,0,False,207,0,0,0,0,0,0,0,0,0,0,0,0,0,0,0,1,
0,2147,2026-02-16 17:35:43Z,LLM_Empathetic,6.927935,7.221888,6.633982,0.618197,0,1.605733,0,0,0,0,0,0,5.495617,4.350225,6.641019,0.592854,0.702737,0.482971,7.396933,6.223539,8.570327,0.5904776,0,2.112878,7.197609,6.104647,8.290572,9.857633,10,9.51452,6.927935,7.221888,6.633982,0.618197,0,1.605733,0,0,0,0,0,0,5.495617,4.350225,6.641019,0.592854,0.702737,0.482971,7.396933,6.223539,8.570327,0.5904776,0,2.112878,7.197609,6.104647,8.290572,9.857633,10,9.51452,-1,-1,-1,-1,-1,-1,-1,-1,-1,-1,-1,-1,-1,-1,-1,-1,-1,-1,-1,-1,-1,-1,-1,-1,-1,-1,-1,-1,-1,-1,-1,-1,-1,-1,-1,-1,-1,-1,-1,-1,-1,-1,-1,-1,-1,-1,-1,-1,-1,-1,0,0,0,0,0,0,-1,-1,-1,-1,-1,-1,-1,-1,-1,-1,-1,-1,0,0,0,0,0,0,-1,-1,-1,-1,-1,-1,-1,-1,-1,-1,-1,-1,-1,-1,False,False,0,0,False,207,0,0,0,0,0,0,0,0,0,0,0,0,0,0,0,1,
0,2148,2026-02-16 17:35:43Z,LLM_Empathetic,6.927939,7.221888,6.63399,0.6181901,0,1.605729,0,0,0,0,0,0,5.495622,4.350227,6.641027,0.592854,0.702737,0.482971,7.396935,6.223538,8.570333,0.5904732,0,2.112874,7.197616,6.10465,8.290583,9.857647,10,9.514538,6.927939,7.221888,6.63399,0.6181901,0,1.605729,0,0,0,0,0,0,5.495622,4.350227,6.641027,0.592854,0.702737,0.482971,7.396935,6.223538,8.570333,0.5904732,0,2.112874,7.197616,6.10465,8.290583,9.857647,10,9.514538,-1,-1,-1,-1,-1,-1,-1,-1,-1,-1,-1,-1,-1,-1,-1,-1,-1,-1,-1,-1,-1,-1,-1,-1,-1,-1,-1,-1,-1,-1,-1,-1,-1,-1,-1,-1,-1,-1,-1,-1,-1,-1,-1,-1,-1,-1,-1,-1,-1,-1,0,0,0,0,0,0,-1,-1,-1,-1,-1,-1,-1,-1,-1,-1,-1,-1,0,0,0,0,0,0,-1,-1,-1,-1,-1,-1,-1,-1,-1,-1,-1,-1,-1,-1,False,False,0,0,False,209,0,0,0,0,0,0,0,0,0,0,0,0,0,0,0,1,
0,2149,2026-02-16 17:35:43Z,LLM_Empathetic,6.927943,7.221889,6.633997,0.6181833,0,1.605725,0,0,0,0,0,0,5.495627,4.350229,6.641036,0.592854,0.702737,0.482971,7.396937,6.223537,8.570338,0.5904688,0,2.112869,7.197623,6.104654,8.290593,9.857661,10,9.514556,6.927943,7.221889,6.633997,0.6181833,0,1.605725,0,0,0,0,0,0,5.495627,4.350229,6.641036,0.592854,0.702737,0.482971,7.396937,6.223537,8.570338,0.5904688,0,2.112869,7.197623,6.104654,8.290593,9.857661,10,9.514556,-1,-1,-1,-1,-1,-1,-1,-1,-1,-1,-1,-1,-1,-1,-1,-1,-1,-1,-1,-1,-1,-1,-1,-1,-1,-1,-1,-1,-1,-1,-1,-1,-1,-1,-1,-1,-1,-1,-1,-1,-1,-1,-1,-1,-1,-1,-1,-1,-1,-1,0,0,0,0,0,0,-1,-1,-1,-1,-1,-1,-1,-1,-1,-1,-1,-1,0,0,0,0,0,0,-1,-1,-1,-1,-1,-1,-1,-1,-1,-1,-1,-1,-1,-1,False,False,0,0,False,209,0,0,0,0,0,0,0,0,0,0,0,0,0,0,0,1,
0,2150,2026-02-16 17:35:43Z,LLM_Empathetic,6.927947,7.221889,6.634005,0.6181763,0,1.605721,0,0,0,0,0,0,5.495633,4.350231,6.641045,0.592854,0.702737,0.482971,7.39694,6.223536,8.570345,0.5904644,0,2.112865,7.19763,6.104658,8.290604,9.857677,10,9.514574,6.927947,7.221889,6.634005,0.6181763,0,1.605721,0,0,0,0,0,0,5.495633,4.350231,6.641045,0.592854,0.702737,0.482971,7.39694,6.223536,8.570345,0.5904644,0,2.112865,7.19763,6.104658,8.290604,9.857677,10,9.514574,-1,-1,-1,-1,-1,-1,-1,-1,-1,-1,-1,-1,-1,-1,-1,-1,-1,-1,-1,-1,-1,-1,-1,-1,-1,-1,-1,-1,-1,-1,-1,-1,-1,-1,-1,-1,-1,-1,-1,-1,-1,-1,-1,-1,-1,-1,-1,-1,-1,-1,0,0,0,0,0,0,-1,-1,-1,-1,-1,-1,-1,-1,-1,-1,-1,-1,0,0,0,0,0,0,-1,-1,-1,-1,-1,-1,-1,-1,-1,-1,-1,-1,-1,-1,False,False,0,0,False,207,0,0,0,0,0,0,0,0,0,0,0,0,0,0,0,1,
0,2151,2026-02-16 17:35:43Z,LLM_Empathetic,6.927951,7.22189,6.634012,0.6181695,0,1.605717,0,0,0,0,0,0,5.495638,4.350233,6.641054,0.592854,0.702737,0.482971,7.396942,6.223535,8.570351,0.5904599,0,2.11286,7.197638,6.104662,8.290614,9.857691,10,9.514592,6.927951,7.22189,6.634012,0.6181695,0,1.605717,0,0,0,0,0,0,5.495638,4.350233,6.641054,0.592854,0.702737,0.482971,7.396942,6.223535,8.570351,0.5904599,0,2.11286,7.197638,6.104662,8.290614,9.857691,10,9.514592,-1,-1,-1,-1,-1,-1,-1,-1,-1,-1,-1,-1,-1,-1,-1,-1,-1,-1,-1,-1,-1,-1,-1,-1,-1,-1,-1,-1,-1,-1,-1,-1,-1,-1,-1,-1,-1,-1,-1,-1,-1,-1,-1,-1,-1,-1,-1,-1,-1,-1,0,0,0,0,0,0,-1,-1,-1,-1,-1,-1,-1,-1,-1,-1,-1,-1,0,0,0,0,0,0,-1,-1,-1,-1,-1,-1,-1,-1,-1,-1,-1,-1,-1,-1,False,False,0,0,False,207,0,0,0,0,0,0,0,0,0,0,0,0,0,0,0,1,
0,2152,2026-02-16 17:35:43Z,LLM_Empathetic,6.927955,7.221891,6.634019,0.6181626,0,1.605713,0,0,0,0,0,0,5.495643,4.350234,6.641062,0.592854,0.702737,0.482971,7.396945,6.223533,8.570356,0.5904555,0,2.112856,7.197645,6.104666,8.290625,9.857705,10,9.51461,6.927955,7.221891,6.634019,0.6181626,0,1.605713,0,0,0,0,0,0,5.495643,4.350234,6.641062,0.592854,0.702737,0.482971,7.396945,6.223533,8.570356,0.5904555,0,2.112856,7.197645,6.104666,8.290625,9.857705,10,9.51461,-1,-1,-1,-1,-1,-1,-1,-1,-1,-1,-1,-1,-1,-1,-1,-1,-1,-1,-1,-1,-1,-1,-1,-1,-1,-1,-1,-1,-1,-1,-1,-1,-1,-1,-1,-1,-1,-1,-1,-1,-1,-1,-1,-1,-1,-1,-1,-1,-1,-1,0,0,0,0,0,0,-1,-1,-1,-1,-1,-1,-1,-1,-1,-1,-1,-1,0,0,0,0,0,0,-1,-1,-1,-1,-1,-1,-1,-1,-1,-1,-1,-1,-1,-1,False,False,0,0,False,207,0,0,0,0,0,0,0,0,0,0,0,0,0,0,0,1,
0,2153,2026-02-16 17:35:44Z,LLM_Empathetic,6.927959,7.221892,6.634027,0.6181557,0,1.60571,0,0,0,0,0,0,5.495648,4.350236,6.641071,0.592854,0.702737,0.482971,7.396947,6.223532,8.570362,0.5904512,0,2.112852,7.197652,6.10467,8.290635,9.857719,10,9.514628,6.927959,7.221892,6.634027,0.6181557,0,1.60571,0,0,0,0,0,0,5.495648,4.350236,6.641071,0.592854,0.702737,0.482971,7.396947,6.223532,8.570362,0.5904512,0,2.112852,7.197652,6.10467,8.290635,9.857719,10,9.514628,-1,-1,-1,-1,-1,-1,-1,-1,-1,-1,-1,-1,-1,-1,-1,-1,-1,-1,-1,-1,-1,-1,-1,-1,-1,-1,-1,-1,-1,-1,-1,-1,-1,-1,-1,-1,-1,-1,-1,-1,-1,-1,-1,-1,-1,-1,-1,-1,-1,-1,0,0,0,0,0,0,-1,-1,-1,-1,-1,-1,-1,-1,-1,-1,-1,-1,0,0,0,0,0,0,-1,-1,-1,-1,-1,-1,-1,-1,-1,-1,-1,-1,-1,-1,False,False,0,0,False,207,0,0,0,0,0,0,0,0,0,0,0,0,0,0,0,1,
0,2154,2026-02-16 17:35:44Z,LLM_Empathetic,6.927963,7.221893,6.634034,0.6181489,0,1.605706,0,0,0,0,0,0,5.495653,4.350237,6.641079,0.592854,0.702737,0.482971,7.396949,6.223531,8.570369,0.5904468,0,2.112847,7.197659,6.104674,8.290646,9.857734,10,9.514647,6.927963,7.221893,6.634034,0.6181489,0,1.605706,0,0,0,0,0,0,5.495653,4.350237,6.641079,0.592854,0.702737,0.482971,7.396949,6.223531,8.570369,0.5904468,0,2.112847,7.197659,6.104674,8.290646,9.857734,10,9.514647,-1,-1,-1,-1,-1,-1,-1,-1,-1,-1,-1,-1,-1,-1,-1,-1,-1,-1,-1,-1,-1,-1,-1,-1,-1,-1,-1,-1,-1,-1,-1,-1,-1,-1,-1,-1,-1,-1,-1,-1,-1,-1,-1,-1,-1,-1,-1,-1,-1,-1,0,0,0,0,0,0,-1,-1,-1,-1,-1,-1,-1,-1,-1,-1,-1,-1,0,0,0,0,0,0,-1,-1,-1,-1,-1,-1,-1,-1,-1,-1,-1,-1,-1,-1,False,False,0,0,False,209,0,0,0,0,0,0,0,0,0,0,0,0,0,0,0,1,
0,2155,2026-02-16 17:35:44Z,LLM_Empathetic,6.927968,7.221893,6.634041,0.618142,0,1.605702,0,0,0,0,0,0,5.495658,4.350239,6.641088,0.592854,0.702737,0.482971,7.396952,6.223529,8.570374,0.5904424,0,2.112843,7.197667,6.104678,8.290656,9.857748,10,9.514665,6.927968,7.221893,6.634041,0.618142,0,1.605702,0,0,0,0,0,0,5.495658,4.350239,6.641088,0.592854,0.702737,0.482971,7.396952,6.223529,8.570374,0.5904424,0,2.112843,7.197667,6.104678,8.290656,9.857748,10,9.514665,-1,-1,-1,-1,-1,-1,-1,-1,-1,-1,-1,-1,-1,-1,-1,-1,-1,-1,-1,-1,-1,-1,-1,-1,-1,-1,-1,-1,-1,-1,-1,-1,-1,-1,-1,-1,-1,-1,-1,-1,-1,-1,-1,-1,-1,-1,-1,-1,-1,-1,0,0,0,0,0,0,-1,-1,-1,-1,-1,-1,-1,-1,-1,-1,-1,-1,0,0,0,0,0,0,-1,-1,-1,-1,-1,-1,-1,-1,-1,-1,-1,-1,-1,-1,False,False,0,0,False,207,0,0,0,0,0,0,0,0,0,0,0,0,0,0,0,1,
0,2156,2026-02-16 17:35:44Z,LLM_Empathetic,6.927971,7.221894,6.634048,0.6181351,0,1.605698,0,0,0,0,0,0,5.495664,4.350241,6.641097,0.592854,0.702737,0.482971,7.396954,6.223528,8.57038,0.5904379,0,2.112838,7.197674,6.104682,8.290667,9.857762,10,9.514683,6.927971,7.221894,6.634048,0.6181351,0,1.605698,0,0,0,0,0,0,5.495664,4.350241,6.641097,0.592854,0.702737,0.482971,7.396954,6.223528,8.57038,0.5904379,0,2.112838,7.197674,6.104682,8.290667,9.857762,10,9.514683,-1,-1,-1,-1,-1,-1,-1,-1,-1,-1,-1,-1,-1,-1,-1,-1,-1,-1,-1,-1,-1,-1,-1,-1,-1,-1,-1,-1,-1,-1,-1,-1,-1,-1,-1,-1,-1,-1,-1,-1,-1,-1,-1,-1,-1,-1,-1,-1,-1,-1,0,0,0,0,0,0,-1,-1,-1,-1,-1,-1,-1,-1,-1,-1,-1,-1,0,0,0,0,0,0,-1,-1,-1,-1,-1,-1,-1,-1,-1,-1,-1,-1,-1,-1,False,False,0,0,False,209,0,0,0,0,0,0,0,0,0,0,0,0,0,0,0,1,
0,2157,2026-02-16 17:35:44Z,LLM_Empathetic,6.927976,7.221895,6.634056,0.6181282,0,1.605695,0,0,0,0,0,0,5.495669,4.350243,6.641106,0.592854,0.702737,0.482971,7.396956,6.223527,8.570386,0.5904336,0,2.112834,7.197681,6.104686,8.290677,9.857777,10,9.514701,6.927976,7.221895,6.634056,0.6181282,0,1.605695,0,0,0,0,0,0,5.495669,4.350243,6.641106,0.592854,0.702737,0.482971,7.396956,6.223527,8.570386,0.5904336,0,2.112834,7.197681,6.104686,8.290677,9.857777,10,9.514701,-1,-1,-1,-1,-1,-1,-1,-1,-1,-1,-1,-1,-1,-1,-1,-1,-1,-1,-1,-1,-1,-1,-1,-1,-1,-1,-1,-1,-1,-1,-1,-1,-1,-1,-1,-1,-1,-1,-1,-1,-1,-1,-1,-1,-1,-1,-1,-1,-1,-1,0,0,0,0,0,0,-1,-1,-1,-1,-1,-1,-1,-1,-1,-1,-1,-1,0,0,0,0,0,0,-1,-1,-1,-1,-1,-1,-1,-1,-1,-1,-1,-1,-1,-1,False,False,0,0,False,209,0,0,0,0,0,0,0,0,0,0,0,0,0,0,0,1,
0,2158,2026-02-16 17:35:44Z,LLM_Empathetic,6.927979,7.221896,6.634063,0.6181214,0,1.605691,0,0,0,0,0,0,5.495674,4.350245,6.641114,0.592854,0.702737,0.482971,7.396959,6.223526,8.570393,0.5904292,0,2.11283,7.197688,6.10469,8.290688,9.857792,10,9.514719,6.927979,7.221896,6.634063,0.6181214,0,1.605691,0,0,0,0,0,0,5.495674,4.350245,6.641114,0.592854,0.702737,0.482971,7.396959,6.223526,8.570393,0.5904292,0,2.11283,7.197688,6.10469,8.290688,9.857792,10,9.514719,-1,-1,-1,-1,-1,-1,-1,-1,-1,-1,-1,-1,-1,-1,-1,-1,-1,-1,-1,-1,-1,-1,-1,-1,-1,-1,-1,-1,-1,-1,-1,-1,-1,-1,-1,-1,-1,-1,-1,-1,-1,-1,-1,-1,-1,-1,-1,-1,-1,-1,0,0,0,0,0,0,-1,-1,-1,-1,-1,-1,-1,-1,-1,-1,-1,-1,0,0,0,0,0,0,-1,-1,-1,-1,-1,-1,-1,-1,-1,-1,-1,-1,-1,-1,False,False,0,0,False,209,0,0,0,0,0,0,0,0,0,0,0,0,0,0,0,1,
0,2159,2026-02-16 17:35:44Z,LLM_Empathetic,6.927984,7.221896,6.63407,0.6181146,0,1.605687,0,0,0,0,0,0,5.495679,4.350246,6.641123,0.592854,0.702737,0.482971,7.396961,6.223525,8.570398,0.5904248,0,2.112825,7.197695,6.104693,8.290698,9.857806,10,9.514737,6.927984,7.221896,6.63407,0.6181146,0,1.605687,0,0,0,0,0,0,5.495679,4.350246,6.641123,0.592854,0.702737,0.482971,7.396961,6.223525,8.570398,0.5904248,0,2.112825,7.197695,6.104693,8.290698,9.857806,10,9.514737,-1,-1,-1,-1,-1,-1,-1,-1,-1,-1,-1,-1,-1,-1,-1,-1,-1,-1,-1,-1,-1,-1,-1,-1,-1,-1,-1,-1,-1,-1,-1,-1,-1,-1,-1,-1,-1,-1,-1,-1,-1,-1,-1,-1,-1,-1,-1,-1,-1,-1,0,0,0,0,0,0,-1,-1,-1,-1,-1,-1,-1,-1,-1,-1,-1,-1,0,0,0,0,0,0,-1,-1,-1,-1,-1,-1,-1,-1,-1,-1,-1,-1,-1,-1,False,False,0,0,False,209,0,0,0,0,0,0,0,0,0,0,0,0,0,0,0,1,
0,2160,2026-02-16 17:35:44Z,LLM_Empathetic,6.927988,7.221897,6.634078,0.6181077,0,1.605683,0,0,0,0,0,0,5.495685,4.350248,6.641131,0.592854,0.702737,0.482971,7.396964,6.223524,8.570404,0.5904204,0,2.112821,7.197702,6.104697,8.290709,9.857821,10,9.514755,6.927988,7.221897,6.634078,0.6181077,0,1.605683,0,0,0,0,0,0,5.495685,4.350248,6.641131,0.592854,0.702737,0.482971,7.396964,6.223524,8.570404,0.5904204,0,2.112821,7.197702,6.104697,8.290709,9.857821,10,9.514755,-1,-1,-1,-1,-1,-1,-1,-1,-1,-1,-1,-1,-1,-1,-1,-1,-1,-1,-1,-1,-1,-1,-1,-1,-1,-1,-1,-1,-1,-1,-1,-1,-1,-1,-1,-1,-1,-1,-1,-1,-1,-1,-1,-1,-1,-1,-1,-1,-1,-1,0,0,0,0,0,0,-1,-1,-1,-1,-1,-1,-1,-1,-1,-1,-1,-1,0,0,0,0,0,0,-1,-1,-1,-1,-1,-1,-1,-1,-1,-1,-1,-1,-1,-1,False,False,0,0,False,209,0,0,0,0,0,0,0,0,0,0,0,0,0,0,0,1,
0,2161,2026-02-16 17:35:44Z,LLM_Empathetic,6.927991,7.221898,6.634085,0.6181009,0,1.60568,0,0,0,0,0,0,5.49569,4.350249,6.64114,0.592854,0.702737,0.482971,7.396966,6.223522,8.57041,0.5904161,0,2.112816,7.19771,6.104701,8.290719,9.857835,10,9.514773,6.927991,7.221898,6.634085,0.6181009,0,1.60568,0,0,0,0,0,0,5.49569,4.350249,6.64114,0.592854,0.702737,0.482971,7.396966,6.223522,8.57041,0.5904161,0,2.112816,7.19771,6.104701,8.290719,9.857835,10,9.514773,-1,-1,-1,-1,-1,-1,-1,-1,-1,-1,-1,-1,-1,-1,-1,-1,-1,-1,-1,-1,-1,-1,-1,-1,-1,-1,-1,-1,-1,-1,-1,-1,-1,-1,-1,-1,-1,-1,-1,-1,-1,-1,-1,-1,-1,-1,-1,-1,-1,-1,0,0,0,0,0,0,-1,-1,-1,-1,-1,-1,-1,-1,-1,-1,-1,-1,0,0,0,0,0,0,-1,-1,-1,-1,-1,-1,-1,-1,-1,-1,-1,-1,-1,-1,False,False,0,0,False,207,0,0,0,0,0,0,0,0,0,0,0,0,0,0,0,1,
0,2162,2026-02-16 17:35:44Z,LLM_Empathetic,6.927996,7.221899,6.634092,0.6180941,0,1.605676,0,0,0,0,0,0,5.495695,4.350251,6.641149,0.592854,0.702737,0.482971,7.396968,6.223521,8.570415,0.5904117,0,2.112812,7.197717,6.104705,8.29073,9.857849,10,9.514791,6.927996,7.221899,6.634092,0.6180941,0,1.605676,0,0,0,0,0,0,5.495695,4.350251,6.641149,0.592854,0.702737,0.482971,7.396968,6.223521,8.570415,0.5904117,0,2.112812,7.197717,6.104705,8.29073,9.857849,10,9.514791,-1,-1,-1,-1,-1,-1,-1,-1,-1,-1,-1,-1,-1,-1,-1,-1,-1,-1,-1,-1,-1,-1,-1,-1,-1,-1,-1,-1,-1,-1,-1,-1,-1,-1,-1,-1,-1,-1,-1,-1,-1,-1,-1,-1,-1,-1,-1,-1,-1,-1,0,0,0,0,0,0,-1,-1,-1,-1,-1,-1,-1,-1,-1,-1,-1,-1,0,0,0,0,0,0,-1,-1,-1,-1,-1,-1,-1,-1,-1,-1,-1,-1,-1,-1,False,False,0,0,False,207,0,0,0,0,0,0,0,0,0,0,0,0,0,0,0,1,
0,2163,2026-02-16 17:35:44Z,LLM_Empathetic,6.927999,7.221899,6.6341,0.6180872,0,1.605672,0,0,0,0,0,0,5.4957,4.350253,6.641157,0.592854,0.702737,0.482971,7.396971,6.22352,8.570422,0.5904073,0,2.112808,7.197724,6.104709,8.29074,9.857863,10,9.514809,6.927999,7.221899,6.6341,0.6180872,0,1.605672,0,0,0,0,0,0,5.4957,4.350253,6.641157,0.592854,0.702737,0.482971,7.396971,6.22352,8.570422,0.5904073,0,2.112808,7.197724,6.104709,8.29074,9.857863,10,9.514809,-1,-1,-1,-1,-1,-1,-1,-1,-1,-1,-1,-1,-1,-1,-1,-1,-1,-1,-1,-1,-1,-1,-1,-1,-1,-1,-1,-1,-1,-1,-1,-1,-1,-1,-1,-1,-1,-1,-1,-1,-1,-1,-1,-1,-1,-1,-1,-1,-1,-1,0,0,0,0,0,0,-1,-1,-1,-1,-1,-1,-1,-1,-1,-1,-1,-1,0,0,0,0,0,0,-1,-1,-1,-1,-1,-1,-1,-1,-1,-1,-1,-1,-1,-1,False,False,0,0,False,209,0,0,0,0,0,0,0,0,0,0,0,0,0,0,0,1,
0,2164,2026-02-16 17:35:44Z,LLM_Empathetic,6.928004,7.2219,6.634107,0.6180804,0,1.605668,0,0,0,0,0,0,5.495705,4.350255,6.641166,0.592854,0.702737,0.482971,7.396973,6.223518,8.570428,0.590403,0,2.112803,7.197731,6.104713,8.290751,9.857878,10,9.514827,6.928004,7.2219,6.634107,0.6180804,0,1.605668,0,0,0,0,0,0,5.495705,4.350255,6.641166,0.592854,0.702737,0.482971,7.396973,6.223518,8.570428,0.590403,0,2.112803,7.197731,6.104713,8.290751,9.857878,10,9.514827,-1,-1,-1,-1,-1,-1,-1,-1,-1,-1,-1,-1,-1,-1,-1,-1,-1,-1,-1,-1,-1,-1,-1,-1,-1,-1,-1,-1,-1,-1,-1,-1,-1,-1,-1,-1,-1,-1,-1,-1,-1,-1,-1,-1,-1,-1,-1,-1,-1,-1,0,0,0,0,0,0,-1,-1,-1,-1,-1,-1,-1,-1,-1,-1,-1,-1,0,0,0,0,0,0,-1,-1,-1,-1,-1,-1,-1,-1,-1,-1,-1,-1,-1,-1,False,False,0,0,False,209,0,0,0,0,0,0,0,0,0,0,0,0,0,0,0,1,
0,2165,2026-02-16 17:35:44Z,LLM_Empathetic,6.928008,7.2219,6.634114,0.6180736,0,1.605664,0,0,0,0,0,0,5.49571,4.350256,6.641175,0.592854,0.702737,0.482971,7.396976,6.223517,8.570434,0.5903986,0,2.112799,7.197739,6.104717,8.290761,9.857892,10,9.514845,6.928008,7.2219,6.634114,0.6180736,0,1.605664,0,0,0,0,0,0,5.49571,4.350256,6.641175,0.592854,0.702737,0.482971,7.396976,6.223517,8.570434,0.5903986,0,2.112799,7.197739,6.104717,8.290761,9.857892,10,9.514845,-1,-1,-1,-1,-1,-1,-1,-1,-1,-1,-1,-1,-1,-1,-1,-1,-1,-1,-1,-1,-1,-1,-1,-1,-1,-1,-1,-1,-1,-1,-1,-1,-1,-1,-1,-1,-1,-1,-1,-1,-1,-1,-1,-1,-1,-1,-1,-1,-1,-1,0,0,0,0,0,0,-1,-1,-1,-1,-1,-1,-1,-1,-1,-1,-1,-1,0,0,0,0,0,0,-1,-1,-1,-1,-1,-1,-1,-1,-1,-1,-1,-1,-1,-1,False,False,0,0,False,209,0,0,0,0,0,0,0,0,0,0,0,0,0,0,0,1,
0,2166,2026-02-16 17:35:44Z,LLM_Empathetic,6.928011,7.221901,6.634122,0.6180668,0,1.605661,0,0,0,0,0,0,5.495716,4.350258,6.641183,0.592854,0.702737,0.482971,7.396978,6.223516,8.570439,0.5903942,0,2.112795,7.197746,6.104721,8.290771,9.857906,10,9.514863,6.928011,7.221901,6.634122,0.6180668,0,1.605661,0,0,0,0,0,0,5.495716,4.350258,6.641183,0.592854,0.702737,0.482971,7.396978,6.223516,8.570439,0.5903942,0,2.112795,7.197746,6.104721,8.290771,9.857906,10,9.514863,-1,-1,-1,-1,-1,-1,-1,-1,-1,-1,-1,-1,-1,-1,-1,-1,-1,-1,-1,-1,-1,-1,-1,-1,-1,-1,-1,-1,-1,-1,-1,-1,-1,-1,-1,-1,-1,-1,-1,-1,-1,-1,-1,-1,-1,-1,-1,-1,-1,-1,0,0,0,0,0,0,-1,-1,-1,-1,-1,-1,-1,-1,-1,-1,-1,-1,0,0,0,0,0,0,-1,-1,-1,-1,-1,-1,-1,-1,-1,-1,-1,-1,-1,-1,False,False,0,0,False,209,0,0,0,0,0,0,0,0,0,0,0,0,0,0,0,1,
0,2167,2026-02-16 17:35:44Z,LLM_Empathetic,6.928016,7.221902,6.634129,0.61806,0,1.605657,0,0,0,0,0,0,5.49572,4.35026,6.641192,0.592854,0.702737,0.482971,7.39698,6.223515,8.570445,0.5903898,0,2.11279,7.197753,6.104724,8.290782,9.857921,10,9.514881,6.928016,7.221902,6.634129,0.61806,0,1.605657,0,0,0,0,0,0,5.49572,4.35026,6.641192,0.592854,0.702737,0.482971,7.39698,6.223515,8.570445,0.5903898,0,2.11279,7.197753,6.104724,8.290782,9.857921,10,9.514881,-1,-1,-1,-1,-1,-1,-1,-1,-1,-1,-1,-1,-1,-1,-1,-1,-1,-1,-1,-1,-1,-1,-1,-1,-1,-1,-1,-1,-1,-1,-1,-1,-1,-1,-1,-1,-1,-1,-1,-1,-1,-1,-1,-1,-1,-1,-1,-1,-1,-1,0,0,0,0,0,0,-1,-1,-1,-1,-1,-1,-1,-1,-1,-1,-1,-1,0,0,0,0,0,0,-1,-1,-1,-1,-1,-1,-1,-1,-1,-1,-1,-1,-1,-1,False,False,0,0,False,207,0,0,0,0,0,0,0,0,0,0,0,0,0,0,0,1,
0,2168,2026-02-16 17:35:44Z,LLM_Empathetic,6.92802,7.221903,6.634136,0.6180532,0,1.605653,0,0,0,0,0,0,5.495726,4.350262,6.641201,0.592854,0.702737,0.482971,7.396982,6.223514,8.570452,0.5903855,0,2.112786,7.19776,6.104728,8.290792,9.857935,10,9.514898,6.92802,7.221903,6.634136,0.6180532,0,1.605653,0,0,0,0,0,0,5.495726,4.350262,6.641201,0.592854,0.702737,0.482971,7.396982,6.223514,8.570452,0.5903855,0,2.112786,7.19776,6.104728,8.290792,9.857935,10,9.514898,-1,-1,-1,-1,-1,-1,-1,-1,-1,-1,-1,-1,-1,-1,-1,-1,-1,-1,-1,-1,-1,-1,-1,-1,-1,-1,-1,-1,-1,-1,-1,-1,-1,-1,-1,-1,-1,-1,-1,-1,-1,-1,-1,-1,-1,-1,-1,-1,-1,-1,0,0,0,0,0,0,-1,-1,-1,-1,-1,-1,-1,-1,-1,-1,-1,-1,0,0,0,0,0,0,-1,-1,-1,-1,-1,-1,-1,-1,-1,-1,-1,-1,-1,-1,False,False,0,0,False,207,0,0,0,0,0,0,0,0,0,0,0,0,0,0,0,1,
0,2169,2026-02-16 17:35:44Z,LLM_Empathetic,6.928024,7.221904,6.634143,0.6180464,0,1.605649,0,0,0,0,0,0,5.495731,4.350263,6.641209,0.592854,0.702737,0.482971,7.396985,6.223513,8.570457,0.5903811,0,2.112782,7.197767,6.104732,8.290803,9.857949,10,9.514916,6.928024,7.221904,6.634143,0.6180464,0,1.605649,0,0,0,0,0,0,5.495731,4.350263,6.641209,0.592854,0.702737,0.482971,7.396985,6.223513,8.570457,0.5903811,0,2.112782,7.197767,6.104732,8.290803,9.857949,10,9.514916,-1,-1,-1,-1,-1,-1,-1,-1,-1,-1,-1,-1,-1,-1,-1,-1,-1,-1,-1,-1,-1,-1,-1,-1,-1,-1,-1,-1,-1,-1,-1,-1,-1,-1,-1,-1,-1,-1,-1,-1,-1,-1,-1,-1,-1,-1,-1,-1,-1,-1,0,0,0,0,0,0,-1,-1,-1,-1,-1,-1,-1,-1,-1,-1,-1,-1,0,0,0,0,0,0,-1,-1,-1,-1,-1,-1,-1,-1,-1,-1,-1,-1,-1,-1,False,False,0,0,False,209,0,0,0,0,0,0,0,0,0,0,0,0,0,0,0,1,
0,2170,2026-02-16 17:35:44Z,LLM_Empathetic,6.928028,7.221904,6.634151,0.6180396,0,1.605646,0,0,0,0,0,0,5.495736,4.350265,6.641218,0.592854,0.702737,0.482971,7.396987,6.223511,8.570463,0.5903768,0,2.112777,7.197774,6.104736,8.290813,9.857964,10,9.514935,6.928028,7.221904,6.634151,0.6180396,0,1.605646,0,0,0,0,0,0,5.495736,4.350265,6.641218,0.592854,0.702737,0.482971,7.396987,6.223511,8.570463,0.5903768,0,2.112777,7.197774,6.104736,8.290813,9.857964,10,9.514935,-1,-1,-1,-1,-1,-1,-1,-1,-1,-1,-1,-1,-1,-1,-1,-1,-1,-1,-1,-1,-1,-1,-1,-1,-1,-1,-1,-1,-1,-1,-1,-1,-1,-1,-1,-1,-1,-1,-1,-1,-1,-1,-1,-1,-1,-1,-1,-1,-1,-1,0,0,0,0,0,0,-1,-1,-1,-1,-1,-1,-1,-1,-1,-1,-1,-1,0,0,0,0,0,0,-1,-1,-1,-1,-1,-1,-1,-1,-1,-1,-1,-1,-1,-1,False,False,0,0,False,207,0,0,0,0,0,0,0,0,0,0,0,0,0,0,0,1,
0,2171,2026-02-16 17:35:44Z,LLM_Empathetic,6.928031,7.221905,6.634158,0.6180328,0,1.605642,0,0,0,0,0,0,5.495741,4.350266,6.641226,0.592854,0.702737,0.482971,7.396989,6.22351,8.570469,0.5903724,0,2.112773,7.197781,6.10474,8.290824,9.857977,10,9.514953,6.928031,7.221905,6.634158,0.6180328,0,1.605642,0,0,0,0,0,0,5.495741,4.350266,6.641226,0.592854,0.702737,0.482971,7.396989,6.22351,8.570469,0.5903724,0,2.112773,7.197781,6.10474,8.290824,9.857977,10,9.514953,-1,-1,-1,-1,-1,-1,-1,-1,-1,-1,-1,-1,-1,-1,-1,-1,-1,-1,-1,-1,-1,-1,-1,-1,-1,-1,-1,-1,-1,-1,-1,-1,-1,-1,-1,-1,-1,-1,-1,-1,-1,-1,-1,-1,-1,-1,-1,-1,-1,-1,0,0,0,0,0,0,-1,-1,-1,-1,-1,-1,-1,-1,-1,-1,-1,-1,0,0,0,0,0,0,-1,-1,-1,-1,-1,-1,-1,-1,-1,-1,-1,-1,-1,-1,False,False,0,0,False,209,0,0,0,0,0,0,0,0,0,0,0,0,0,0,0,1,
0,2172,2026-02-16 17:35:44Z,LLM_Empathetic,6.928036,7.221906,6.634165,0.6180261,0,1.605638,0,0,0,0,0,0,5.495746,4.350268,6.641235,0.592854,0.702737,0.482971,7.396992,6.223509,8.570475,0.5903682,0,2.112768,7.197788,6.104744,8.290833,9.857991,10,9.51497,6.928036,7.221906,6.634165,0.6180261,0,1.605638,0,0,0,0,0,0,5.495746,4.350268,6.641235,0.592854,0.702737,0.482971,7.396992,6.223509,8.570475,0.5903682,0,2.112768,7.197788,6.104744,8.290833,9.857991,10,9.51497,-1,-1,-1,-1,-1,-1,-1,-1,-1,-1,-1,-1,-1,-1,-1,-1,-1,-1,-1,-1,-1,-1,-1,-1,-1,-1,-1,-1,-1,-1,-1,-1,-1,-1,-1,-1,-1,-1,-1,-1,-1,-1,-1,-1,-1,-1,-1,-1,-1,-1,0,0,0,0,0,0,-1,-1,-1,-1,-1,-1,-1,-1,-1,-1,-1,-1,0,0,0,0,0,0,-1,-1,-1,-1,-1,-1,-1,-1,-1,-1,-1,-1,-1,-1,False,False,0,0,False,207,0,0,0,0,0,0,0,0,0,0,0,0,0,0,0,1,
0,2173,2026-02-16 17:35:44Z,LLM_Empathetic,6.92804,7.221907,6.634172,0.6180193,0,1.605634,0,0,0,0,0,0,5.495751,4.35027,6.641243,0.592854,0.702737,0.482971,7.396994,6.223508,8.570481,0.5903638,0,2.112764,7.197795,6.104748,8.290844,9.858006,10,9.514988,6.92804,7.221907,6.634172,0.6180193,0,1.605634,0,0,0,0,0,0,5.495751,4.35027,6.641243,0.592854,0.702737,0.482971,7.396994,6.223508,8.570481,0.5903638,0,2.112764,7.197795,6.104748,8.290844,9.858006,10,9.514988,-1,-1,-1,-1,-1,-1,-1,-1,-1,-1,-1,-1,-1,-1,-1,-1,-1,-1,-1,-1,-1,-1,-1,-1,-1,-1,-1,-1,-1,-1,-1,-1,-1,-1,-1,-1,-1,-1,-1,-1,-1,-1,-1,-1,-1,-1,-1,-1,-1,-1,0,0,0,0,0,0,-1,-1,-1,-1,-1,-1,-1,-1,-1,-1,-1,-1,0,0,0,0,0,0,-1,-1,-1,-1,-1,-1,-1,-1,-1,-1,-1,-1,-1,-1,False,False,0,0,False,209,0,0,0,0,0,0,0,0,0,0,0,0,0,0,0,1,
0,2174,2026-02-16 17:35:44Z,LLM_Empathetic,6.928043,7.221907,6.63418,0.6180125,0,1.605631,0,0,0,0,0,0,5.495757,4.350272,6.641252,0.592854,0.702737,0.482971,7.396996,6.223506,8.570487,0.5903594,0,2.11276,7.197803,6.104752,8.290854,9.85802,10,9.515006,6.928043,7.221907,6.63418,0.6180125,0,1.605631,0,0,0,0,0,0,5.495757,4.350272,6.641252,0.592854,0.702737,0.482971,7.396996,6.223506,8.570487,0.5903594,0,2.11276,7.197803,6.104752,8.290854,9.85802,10,9.515006,-1,-1,-1,-1,-1,-1,-1,-1,-1,-1,-1,-1,-1,-1,-1,-1,-1,-1,-1,-1,-1,-1,-1,-1,-1,-1,-1,-1,-1,-1,-1,-1,-1,-1,-1,-1,-1,-1,-1,-1,-1,-1,-1,-1,-1,-1,-1,-1,-1,-1,0,0,0,0,0,0,-1,-1,-1,-1,-1,-1,-1,-1,-1,-1,-1,-1,0,0,0,0,0,0,-1,-1,-1,-1,-1,-1,-1,-1,-1,-1,-1,-1,-1,-1,False,False,0,0,False,207,0,0,0,0,0,0,0,0,0,0,0,0,0,0,0,1,
0,2175,2026-02-16 17:35:44Z,LLM_Empathetic,6.928048,7.221908,6.634187,0.6180058,0,1.605627,0,0,0,0,0,0,5.495762,4.350273,6.64126,0.592854,0.702737,0.482971,7.396999,6.223505,8.570493,0.5903551,0,2.112756,7.19781,6.104755,8.290865,9.858034,10,9.515023,6.928048,7.221908,6.634187,0.6180058,0,1.605627,0,0,0,0,0,0,5.495762,4.350273,6.64126,0.592854,0.702737,0.482971,7.396999,6.223505,8.570493,0.5903551,0,2.112756,7.19781,6.104755,8.290865,9.858034,10,9.515023,-1,-1,-1,-1,-1,-1,-1,-1,-1,-1,-1,-1,-1,-1,-1,-1,-1,-1,-1,-1,-1,-1,-1,-1,-1,-1,-1,-1,-1,-1,-1,-1,-1,-1,-1,-1,-1,-1,-1,-1,-1,-1,-1,-1,-1,-1,-1,-1,-1,-1,0,0,0,0,0,0,-1,-1,-1,-1,-1,-1,-1,-1,-1,-1,-1,-1,0,0,0,0,0,0,-1,-1,-1,-1,-1,-1,-1,-1,-1,-1,-1,-1,-1,-1,False,False,0,0,False,207,0,0,0,0,0,0,0,0,0,0,0,0,0,0,0,1,
0,2176,2026-02-16 17:35:44Z,LLM_Empathetic,6.928051,7.221909,6.634194,0.617999,0,1.605623,0,0,0,0,0,0,5.495767,4.350275,6.641269,0.592854,0.702737,0.482971,7.397001,6.223504,8.570498,0.5903508,0,2.112751,7.197817,6.104759,8.290875,9.858048,10,9.515041,6.928051,7.221909,6.634194,0.617999,0,1.605623,0,0,0,0,0,0,5.495767,4.350275,6.641269,0.592854,0.702737,0.482971,7.397001,6.223504,8.570498,0.5903508,0,2.112751,7.197817,6.104759,8.290875,9.858048,10,9.515041,-1,-1,-1,-1,-1,-1,-1,-1,-1,-1,-1,-1,-1,-1,-1,-1,-1,-1,-1,-1,-1,-1,-1,-1,-1,-1,-1,-1,-1,-1,-1,-1,-1,-1,-1,-1,-1,-1,-1,-1,-1,-1,-1,-1,-1,-1,-1,-1,-1,-1,0,0,0,0,0,0,-1,-1,-1,-1,-1,-1,-1,-1,-1,-1,-1,-1,0,0,0,0,0,0,-1,-1,-1,-1,-1,-1,-1,-1,-1,-1,-1,-1,-1,-1,False,False,0,0,False,207,0,0,0,0,0,0,0,0,0,0,0,0,0,0,0,1,
0,2177,2026-02-16 17:35:44Z,LLM_Empathetic,6.928055,7.22191,6.634202,0.6179922,0,1.60562,0,0,0,0,0,0,5.495772,4.350277,6.641277,0.592854,0.702737,0.482971,7.397004,6.223503,8.570504,0.5903465,0,2.112747,7.197824,6.104763,8.290886,9.858063,10,9.515059,6.928055,7.22191,6.634202,0.6179922,0,1.60562,0,0,0,0,0,0,5.495772,4.350277,6.641277,0.592854,0.702737,0.482971,7.397004,6.223503,8.570504,0.5903465,0,2.112747,7.197824,6.104763,8.290886,9.858063,10,9.515059,-1,-1,-1,-1,-1,-1,-1,-1,-1,-1,-1,-1,-1,-1,-1,-1,-1,-1,-1,-1,-1,-1,-1,-1,-1,-1,-1,-1,-1,-1,-1,-1,-1,-1,-1,-1,-1,-1,-1,-1,-1,-1,-1,-1,-1,-1,-1,-1,-1,-1,0,0,0,0,0,0,-1,-1,-1,-1,-1,-1,-1,-1,-1,-1,-1,-1,0,0,0,0,0,0,-1,-1,-1,-1,-1,-1,-1,-1,-1,-1,-1,-1,-1,-1,False,False,0,0,False,207,0,0,0,0,0,0,0,0,0,0,0,0,0,0,0,1,
0,2178,2026-02-16 17:35:44Z,LLM_Empathetic,6.92806,7.22191,6.634209,0.6179855,0,1.605616,0,0,0,0,0,0,5.495777,4.350278,6.641286,0.592854,0.702737,0.482971,7.397006,6.223502,8.57051,0.5903422,0,2.112742,7.197831,6.104767,8.290896,9.858077,10,9.515077,6.92806,7.22191,6.634209,0.6179855,0,1.605616,0,0,0,0,0,0,5.495777,4.350278,6.641286,0.592854,0.702737,0.482971,7.397006,6.223502,8.57051,0.5903422,0,2.112742,7.197831,6.104767,8.290896,9.858077,10,9.515077,-1,-1,-1,-1,-1,-1,-1,-1,-1,-1,-1,-1,-1,-1,-1,-1,-1,-1,-1,-1,-1,-1,-1,-1,-1,-1,-1,-1,-1,-1,-1,-1,-1,-1,-1,-1,-1,-1,-1,-1,-1,-1,-1,-1,-1,-1,-1,-1,-1,-1,0,0,0,0,0,0,-1,-1,-1,-1,-1,-1,-1,-1,-1,-1,-1,-1,0,0,0,0,0,0,-1,-1,-1,-1,-1,-1,-1,-1,-1,-1,-1,-1,-1,-1,False,False,0,0,False,209,0,0,0,0,0,0,0,0,0,0,0,0,0,0,0,1,
0,2179,2026-02-16 17:35:44Z,LLM_Empathetic,6.928063,7.221911,6.634216,0.6179788,0,1.605612,0,0,0,0,0,0,5.495782,4.35028,6.641294,0.592854,0.702737,0.482971,7.397008,6.223501,8.570516,0.5903378,0,2.112738,7.197838,6.104771,8.290907,9.85809,10,9.515095,6.928063,7.221911,6.634216,0.6179788,0,1.605612,0,0,0,0,0,0,5.495782,4.35028,6.641294,0.592854,0.702737,0.482971,7.397008,6.223501,8.570516,0.5903378,0,2.112738,7.197838,6.104771,8.290907,9.85809,10,9.515095,-1,-1,-1,-1,-1,-1,-1,-1,-1,-1,-1,-1,-1,-1,-1,-1,-1,-1,-1,-1,-1,-1,-1,-1,-1,-1,-1,-1,-1,-1,-1,-1,-1,-1,-1,-1,-1,-1,-1,-1,-1,-1,-1,-1,-1,-1,-1,-1,-1,-1,0,0,0,0,0,0,-1,-1,-1,-1,-1,-1,-1,-1,-1,-1,-1,-1,0,0,0,0,0,0,-1,-1,-1,-1,-1,-1,-1,-1,-1,-1,-1,-1,-1,-1,False,False,0,0,False,207,0,0,0,0,0,0,0,0,0,0,0,0,0,0,0,1,
0,2180,2026-02-16 17:35:44Z,LLM_Empathetic,6.928067,7.221911,6.634223,0.617972,0,1.605608,0,0,0,0,0,0,5.495787,4.350282,6.641303,0.592854,0.702737,0.482971,7.39701,6.223499,8.570522,0.5903335,0,2.112734,7.197845,6.104774,8.290916,9.858105,10,9.515113,6.928067,7.221911,6.634223,0.617972,0,1.605608,0,0,0,0,0,0,5.495787,4.350282,6.641303,0.592854,0.702737,0.482971,7.39701,6.223499,8.570522,0.5903335,0,2.112734,7.197845,6.104774,8.290916,9.858105,10,9.515113,-1,-1,-1,-1,-1,-1,-1,-1,-1,-1,-1,-1,-1,-1,-1,-1,-1,-1,-1,-1,-1,-1,-1,-1,-1,-1,-1,-1,-1,-1,-1,-1,-1,-1,-1,-1,-1,-1,-1,-1,-1,-1,-1,-1,-1,-1,-1,-1,-1,-1,0,0,0,0,0,0,-1,-1,-1,-1,-1,-1,-1,-1,-1,-1,-1,-1,0,0,0,0,0,0,-1,-1,-1,-1,-1,-1,-1,-1,-1,-1,-1,-1,-1,-1,False,False,0,0,False,209,0,0,0,0,0,0,0,0,0,0,0,0,0,0,0,1,
0,2181,2026-02-16 17:35:44Z,LLM_Empathetic,6.928071,7.221912,6.634231,0.6179653,0,1.605605,0,0,0,0,0,0,5.495792,4.350284,6.641312,0.592854,0.702737,0.482971,7.397013,6.223498,8.570528,0.5903292,0,2.11273,7.197852,6.104778,8.290927,9.858119,10,9.51513,6.928071,7.221912,6.634231,0.6179653,0,1.605605,0,0,0,0,0,0,5.495792,4.350284,6.641312,0.592854,0.702737,0.482971,7.397013,6.223498,8.570528,0.5903292,0,2.11273,7.197852,6.104778,8.290927,9.858119,10,9.51513,-1,-1,-1,-1,-1,-1,-1,-1,-1,-1,-1,-1,-1,-1,-1,-1,-1,-1,-1,-1,-1,-1,-1,-1,-1,-1,-1,-1,-1,-1,-1,-1,-1,-1,-1,-1,-1,-1,-1,-1,-1,-1,-1,-1,-1,-1,-1,-1,-1,-1,0,0,0,0,0,0,-1,-1,-1,-1,-1,-1,-1,-1,-1,-1,-1,-1,0,0,0,0,0,0,-1,-1,-1,-1,-1,-1,-1,-1,-1,-1,-1,-1,-1,-1,False,False,0,0,False,207,0,0,0,0,0,0,0,0,0,0,0,0,0,0,0,1,
0,2182,2026-02-16 17:35:44Z,LLM_Empathetic,6.928075,7.221913,6.634238,0.6179585,0,1.605601,0,0,0,0,0,0,5.495798,4.350285,6.64132,0.592854,0.702737,0.482971,7.397015,6.223497,8.570534,0.5903249,0,2.112725,7.197859,6.104782,8.290937,9.858133,10,9.515148,6.928075,7.221913,6.634238,0.6179585,0,1.605601,0,0,0,0,0,0,5.495798,4.350285,6.64132,0.592854,0.702737,0.482971,7.397015,6.223497,8.570534,0.5903249,0,2.112725,7.197859,6.104782,8.290937,9.858133,10,9.515148,-1,-1,-1,-1,-1,-1,-1,-1,-1,-1,-1,-1,-1,-1,-1,-1,-1,-1,-1,-1,-1,-1,-1,-1,-1,-1,-1,-1,-1,-1,-1,-1,-1,-1,-1,-1,-1,-1,-1,-1,-1,-1,-1,-1,-1,-1,-1,-1,-1,-1,0,0,0,0,0,0,-1,-1,-1,-1,-1,-1,-1,-1,-1,-1,-1,-1,0,0,0,0,0,0,-1,-1,-1,-1,-1,-1,-1,-1,-1,-1,-1,-1,-1,-1,False,False,0,0,False,209,0,0,0,0,0,0,0,0,0,0,0,0,0,0,0,1,
0,2183,2026-02-16 17:35:44Z,LLM_Empathetic,6.928079,7.221914,6.634245,0.6179518,0,1.605597,0,0,0,0,0,0,5.495802,4.350287,6.641328,0.592854,0.702737,0.482971,7.397017,6.223496,8.570539,0.5903206,0,2.112721,7.197866,6.104786,8.290948,9.858148,10,9.515165,6.928079,7.221914,6.634245,0.6179518,0,1.605597,0,0,0,0,0,0,5.495802,4.350287,6.641328,0.592854,0.702737,0.482971,7.397017,6.223496,8.570539,0.5903206,0,2.112721,7.197866,6.104786,8.290948,9.858148,10,9.515165,-1,-1,-1,-1,-1,-1,-1,-1,-1,-1,-1,-1,-1,-1,-1,-1,-1,-1,-1,-1,-1,-1,-1,-1,-1,-1,-1,-1,-1,-1,-1,-1,-1,-1,-1,-1,-1,-1,-1,-1,-1,-1,-1,-1,-1,-1,-1,-1,-1,-1,0,0,0,0,0,0,-1,-1,-1,-1,-1,-1,-1,-1,-1,-1,-1,-1,0,0,0,0,0,0,-1,-1,-1,-1,-1,-1,-1,-1,-1,-1,-1,-1,-1,-1,False,False,0,0,False,207,0,0,0,0,0,0,0,0,0,0,0,0,0,0,0,1,
0,2184,2026-02-16 17:35:44Z,LLM_Empathetic,6.928083,7.221914,6.634252,0.6179451,0,1.605594,0,0,0,0,0,0,5.495808,4.350288,6.641337,0.592854,0.702737,0.482971,7.39702,6.223495,8.570545,0.5903163,0,2.112717,7.197874,6.10479,8.290958,9.858162,10,9.515183,6.928083,7.221914,6.634252,0.6179451,0,1.605594,0,0,0,0,0,0,5.495808,4.350288,6.641337,0.592854,0.702737,0.482971,7.39702,6.223495,8.570545,0.5903163,0,2.112717,7.197874,6.10479,8.290958,9.858162,10,9.515183,-1,-1,-1,-1,-1,-1,-1,-1,-1,-1,-1,-1,-1,-1,-1,-1,-1,-1,-1,-1,-1,-1,-1,-1,-1,-1,-1,-1,-1,-1,-1,-1,-1,-1,-1,-1,-1,-1,-1,-1,-1,-1,-1,-1,-1,-1,-1,-1,-1,-1,0,0,0,0,0,0,-1,-1,-1,-1,-1,-1,-1,-1,-1,-1,-1,-1,0,0,0,0,0,0,-1,-1,-1,-1,-1,-1,-1,-1,-1,-1,-1,-1,-1,-1,False,False,0,0,False,207,0,0,0,0,0,0,0,0,0,0,0,0,0,0,0,1,
0,2185,2026-02-16 17:35:45Z,LLM_Empathetic,6.928087,7.221915,6.634259,0.6179383,0,1.60559,0,0,0,0,0,0,5.495813,4.35029,6.641346,0.592854,0.702737,0.482971,7.397022,6.223494,8.570551,0.5903119,0,2.112712,7.197881,6.104794,8.290968,9.858175,10,9.515202,6.928087,7.221915,6.634259,0.6179383,0,1.60559,0,0,0,0,0,0,5.495813,4.35029,6.641346,0.592854,0.702737,0.482971,7.397022,6.223494,8.570551,0.5903119,0,2.112712,7.197881,6.104794,8.290968,9.858175,10,9.515202,-1,-1,-1,-1,-1,-1,-1,-1,-1,-1,-1,-1,-1,-1,-1,-1,-1,-1,-1,-1,-1,-1,-1,-1,-1,-1,-1,-1,-1,-1,-1,-1,-1,-1,-1,-1,-1,-1,-1,-1,-1,-1,-1,-1,-1,-1,-1,-1,-1,-1,0,0,0,0,0,0,-1,-1,-1,-1,-1,-1,-1,-1,-1,-1,-1,-1,0,0,0,0,0,0,-1,-1,-1,-1,-1,-1,-1,-1,-1,-1,-1,-1,-1,-1,False,False,0,0,False,207,0,0,0,0,0,0,0,0,0,0,0,0,0,0,0,1,
0,2186,2026-02-16 17:35:45Z,LLM_Empathetic,6.928091,7.221916,6.634266,0.6179317,0,1.605586,0,0,0,0,0,0,5.495818,4.350292,6.641354,0.592854,0.702737,0.482971,7.397024,6.223492,8.570557,0.5903077,0,2.112708,7.197887,6.104797,8.290978,9.85819,10,9.515219,6.928091,7.221916,6.634266,0.6179317,0,1.605586,0,0,0,0,0,0,5.495818,4.350292,6.641354,0.592854,0.702737,0.482971,7.397024,6.223492,8.570557,0.5903077,0,2.112708,7.197887,6.104797,8.290978,9.85819,10,9.515219,-1,-1,-1,-1,-1,-1,-1,-1,-1,-1,-1,-1,-1,-1,-1,-1,-1,-1,-1,-1,-1,-1,-1,-1,-1,-1,-1,-1,-1,-1,-1,-1,-1,-1,-1,-1,-1,-1,-1,-1,-1,-1,-1,-1,-1,-1,-1,-1,-1,-1,0,0,0,0,0,0,-1,-1,-1,-1,-1,-1,-1,-1,-1,-1,-1,-1,0,0,0,0,0,0,-1,-1,-1,-1,-1,-1,-1,-1,-1,-1,-1,-1,-1,-1,False,False,0,0,False,207,0,0,0,0,0,0,0,0,0,0,0,0,0,0,0,1,
0,2187,2026-02-16 17:35:45Z,LLM_Empathetic,6.928095,7.221917,6.634274,0.6179249,0,1.605582,0,0,0,0,0,0,5.495823,4.350294,6.641362,0.592854,0.702737,0.482971,7.397027,6.223491,8.570562,0.5903034,0,2.112704,7.197895,6.104801,8.290989,9.858204,10,9.515237,6.928095,7.221917,6.634274,0.6179249,0,1.605582,0,0,0,0,0,0,5.495823,4.350294,6.641362,0.592854,0.702737,0.482971,7.397027,6.223491,8.570562,0.5903034,0,2.112704,7.197895,6.104801,8.290989,9.858204,10,9.515237,-1,-1,-1,-1,-1,-1,-1,-1,-1,-1,-1,-1,-1,-1,-1,-1,-1,-1,-1,-1,-1,-1,-1,-1,-1,-1,-1,-1,-1,-1,-1,-1,-1,-1,-1,-1,-1,-1,-1,-1,-1,-1,-1,-1,-1,-1,-1,-1,-1,-1,0,0,0,0,0,0,-1,-1,-1,-1,-1,-1,-1,-1,-1,-1,-1,-1,0,0,0,0,0,0,-1,-1,-1,-1,-1,-1,-1,-1,-1,-1,-1,-1,-1,-1,False,False,0,0,False,207,0,0,0,0,0,0,0,0,0,0,0,0,0,0,0,1,
0,2188,2026-02-16 17:35:48Z,LLM_Empathetic,6.928099,7.221917,6.634281,0.6179183,0,1.605579,0,0,0,0,0,0,5.495828,4.350295,6.641371,0.592854,0.702737,0.482971,7.397029,6.22349,8.570568,0.5902991,0,2.1127,7.197902,6.104805,8.290999,9.858218,10,9.515254,6.928099,7.221917,6.634281,0.6179183,0,1.605579,0,0,0,0,0,0,5.495828,4.350295,6.641371,0.592854,0.702737,0.482971,7.397029,6.22349,8.570568,0.5902991,0,2.1127,7.197902,6.104805,8.290999,9.858218,10,9.515254,-1,-1,-1,-1,-1,-1,-1,-1,-1,-1,-1,-1,-1,-1,-1,-1,-1,-1,-1,-1,-1,-1,-1,-1,-1,-1,-1,-1,-1,-1,-1,-1,-1,-1,-1,-1,-1,-1,-1,-1,-1,-1,-1,-1,-1,-1,-1,-1,-1,-1,0,0,0,0,0,0,-1,-1,-1,-1,-1,-1,-1,-1,-1,-1,-1,-1,0,0,0,0,0,0,-1,-1,-1,-1,-1,-1,-1,-1,-1,-1,-1,-1,-1,-1,False,False,0,0,False,209,0,0,0,0,0,0,0,0,0,0,0,0,0,0,0,1,
0,2189,2026-02-16 17:35:49Z,LLM_Empathetic,6.928103,7.221918,6.634288,0.6179115,0,1.605575,0,0,0,0,0,0,5.495833,4.350297,6.641379,0.592854,0.702737,0.482971,7.397031,6.223489,8.570575,0.5902948,0,2.112695,7.197909,6.104809,8.291009,9.858232,10,9.515272,6.928103,7.221918,6.634288,0.6179115,0,1.605575,0,0,0,0,0,0,5.495833,4.350297,6.641379,0.592854,0.702737,0.482971,7.397031,6.223489,8.570575,0.5902948,0,2.112695,7.197909,6.104809,8.291009,9.858232,10,9.515272,-1,-1,-1,-1,-1,-1,-1,-1,-1,-1,-1,-1,-1,-1,-1,-1,-1,-1,-1,-1,-1,-1,-1,-1,-1,-1,-1,-1,-1,-1,-1,-1,-1,-1,-1,-1,-1,-1,-1,-1,-1,-1,-1,-1,-1,-1,-1,-1,-1,-1,0,0,0,0,0,0,-1,-1,-1,-1,-1,-1,-1,-1,-1,-1,-1,-1,0,0,0,0,0,0,-1,-1,-1,-1,-1,-1,-1,-1,-1,-1,-1,-1,-1,-1,False,False,0,0,False,209,0,0,0,0,0,0,0,0,0,0,0,0,0,0,0,1,
0,2190,2026-02-16 17:35:49Z,LLM_Empathetic,6.928107,7.221919,6.634295,0.6179048,0,1.605571,0,0,0,0,0,0,5.495838,4.350298,6.641388,0.592854,0.702737,0.482971,7.397034,6.223487,8.57058,0.5902905,0,2.112691,7.197916,6.104813,8.291019,9.858246,10,9.515289,6.928107,7.221919,6.634295,0.6179048,0,1.605571,0,0,0,0,0,0,5.495838,4.350298,6.641388,0.592854,0.702737,0.482971,7.397034,6.223487,8.57058,0.5902905,0,2.112691,7.197916,6.104813,8.291019,9.858246,10,9.515289,-1,-1,-1,-1,-1,-1,-1,-1,-1,-1,-1,-1,-1,-1,-1,-1,-1,-1,-1,-1,-1,-1,-1,-1,-1,-1,-1,-1,-1,-1,-1,-1,-1,-1,-1,-1,-1,-1,-1,-1,-1,-1,-1,-1,-1,-1,-1,-1,-1,-1,0,0,0,0,0,0,-1,-1,-1,-1,-1,-1,-1,-1,-1,-1,-1,-1,0,0,0,0,0,0,-1,-1,-1,-1,-1,-1,-1,-1,-1,-1,-1,-1,-1,-1,False,False,0,0,False,209,0,0,0,0,0,0,0,0,0,0,0,0,0,0,0,1,
0,2191,2026-02-16 17:35:49Z,LLM_Empathetic,6.928111,7.22192,6.634302,0.6178982,0,1.605568,0,0,0,0,0,0,5.495843,4.3503,6.641396,0.592854,0.702737,0.482971,7.397036,6.223486,8.570586,0.5902862,0,2.112687,7.197923,6.104816,8.29103,9.85826,10,9.515307,6.928111,7.22192,6.634302,0.6178982,0,1.605568,0,0,0,0,0,0,5.495843,4.3503,6.641396,0.592854,0.702737,0.482971,7.397036,6.223486,8.570586,0.5902862,0,2.112687,7.197923,6.104816,8.29103,9.85826,10,9.515307,-1,-1,-1,-1,-1,-1,-1,-1,-1,-1,-1,-1,-1,-1,-1,-1,-1,-1,-1,-1,-1,-1,-1,-1,-1,-1,-1,-1,-1,-1,-1,-1,-1,-1,-1,-1,-1,-1,-1,-1,-1,-1,-1,-1,-1,-1,-1,-1,-1,-1,0,0,0,0,0,0,-1,-1,-1,-1,-1,-1,-1,-1,-1,-1,-1,-1,0,0,0,0,0,0,-1,-1,-1,-1,-1,-1,-1,-1,-1,-1,-1,-1,-1,-1,False,False,0,0,False,209,0,0,0,0,0,0,0,0,0,0,0,0,0,0,0,1,
0,2192,2026-02-16 17:35:49Z,LLM_Empathetic,6.928115,7.22192,6.634309,0.6178915,0,1.605564,0,0,0,0,0,0,5.495848,4.350302,6.641405,0.592854,0.702737,0.482971,7.397038,6.223485,8.570592,0.590282,0,2.112682,7.19793,6.10482,8.29104,9.858274,10,9.515325,6.928115,7.22192,6.634309,0.6178915,0,1.605564,0,0,0,0,0,0,5.495848,4.350302,6.641405,0.592854,0.702737,0.482971,7.397038,6.223485,8.570592,0.590282,0,2.112682,7.19793,6.10482,8.29104,9.858274,10,9.515325,-1,-1,-1,-1,-1,-1,-1,-1,-1,-1,-1,-1,-1,-1,-1,-1,-1,-1,-1,-1,-1,-1,-1,-1,-1,-1,-1,-1,-1,-1,-1,-1,-1,-1,-1,-1,-1,-1,-1,-1,-1,-1,-1,-1,-1,-1,-1,-1,-1,-1,0,0,0,0,0,0,-1,-1,-1,-1,-1,-1,-1,-1,-1,-1,-1,-1,0,0,0,0,0,0,-1,-1,-1,-1,-1,-1,-1,-1,-1,-1,-1,-1,-1,-1,False,False,0,0,False,207,0,0,0,0,0,0,0,0,0,0,0,0,0,0,0,1,
0,2193,2026-02-16 17:35:49Z,LLM_Empathetic,6.928119,7.221921,6.634316,0.6178848,0,1.60556,0,0,0,0,0,0,5.495853,4.350304,6.641413,0.592854,0.702737,0.482971,7.39704,6.223484,8.570598,0.5902777,0,2.112678,7.197937,6.104824,8.29105,9.858288,10,9.515342,6.928119,7.221921,6.634316,0.6178848,0,1.60556,0,0,0,0,0,0,5.495853,4.350304,6.641413,0.592854,0.702737,0.482971,7.39704,6.223484,8.570598,0.5902777,0,2.112678,7.197937,6.104824,8.29105,9.858288,10,9.515342,-1,-1,-1,-1,-1,-1,-1,-1,-1,-1,-1,-1,-1,-1,-1,-1,-1,-1,-1,-1,-1,-1,-1,-1,-1,-1,-1,-1,-1,-1,-1,-1,-1,-1,-1,-1,-1,-1,-1,-1,-1,-1,-1,-1,-1,-1,-1,-1,-1,-1,0,0,0,0,0,0,-1,-1,-1,-1,-1,-1,-1,-1,-1,-1,-1,-1,0,0,0,0,0,0,-1,-1,-1,-1,-1,-1,-1,-1,-1,-1,-1,-1,-1,-1,False,False,0,0,False,209,0,0,0,0,0,0,0,0,0,0,0,0,0,0,0,1,
0,2194,2026-02-16 17:35:49Z,LLM_Empathetic,6.928123,7.221921,6.634324,0.6178781,0,1.605557,0,0,0,0,0,0,5.495858,4.350305,6.641421,0.592854,0.702737,0.482971,7.397043,6.223483,8.570603,0.5902734,0,2.112674,7.197944,6.104828,8.29106,9.858302,10,9.51536,6.928123,7.221921,6.634324,0.6178781,0,1.605557,0,0,0,0,0,0,5.495858,4.350305,6.641421,0.592854,0.702737,0.482971,7.397043,6.223483,8.570603,0.5902734,0,2.112674,7.197944,6.104828,8.29106,9.858302,10,9.51536,-1,-1,-1,-1,-1,-1,-1,-1,-1,-1,-1,-1,-1,-1,-1,-1,-1,-1,-1,-1,-1,-1,-1,-1,-1,-1,-1,-1,-1,-1,-1,-1,-1,-1,-1,-1,-1,-1,-1,-1,-1,-1,-1,-1,-1,-1,-1,-1,-1,-1,0,0,0,0,0,0,-1,-1,-1,-1,-1,-1,-1,-1,-1,-1,-1,-1,0,0,0,0,0,0,-1,-1,-1,-1,-1,-1,-1,-1,-1,-1,-1,-1,-1,-1,False,False,0,0,False,209,0,0,0,0,0,0,0,0,0,0,0,0,0,0,0,1,
0,2195,2026-02-16 17:35:49Z,LLM_Empathetic,6.928127,7.221922,6.634331,0.6178715,0,1.605553,0,0,0,0,0,0,5.495863,4.350307,6.64143,0.592854,0.702737,0.482971,7.397045,6.223482,8.570609,0.5902691,0,2.112669,7.197951,6.104832,8.291071,9.858316,10,9.515377,6.928127,7.221922,6.634331,0.6178715,0,1.605553,0,0,0,0,0,0,5.495863,4.350307,6.64143,0.592854,0.702737,0.482971,7.397045,6.223482,8.570609,0.5902691,0,2.112669,7.197951,6.104832,8.291071,9.858316,10,9.515377,-1,-1,-1,-1,-1,-1,-1,-1,-1,-1,-1,-1,-1,-1,-1,-1,-1,-1,-1,-1,-1,-1,-1,-1,-1,-1,-1,-1,-1,-1,-1,-1,-1,-1,-1,-1,-1,-1,-1,-1,-1,-1,-1,-1,-1,-1,-1,-1,-1,-1,0,0,0,0,0,0,-1,-1,-1,-1,-1,-1,-1,-1,-1,-1,-1,-1,0,0,0,0,0,0,-1,-1,-1,-1,-1,-1,-1,-1,-1,-1,-1,-1,-1,-1,False,False,0,0,False,209,0,0,0,0,0,0,0,0,0,0,0,0,0,0,0,1,
0,2196,2026-02-16 17:35:49Z,LLM_Empathetic,6.928131,7.221923,6.634338,0.6178648,0,1.605549,0,0,0,0,0,0,5.495868,4.350308,6.641438,0.592854,0.702737,0.482971,7.397048,6.22348,8.570615,0.5902649,0,2.112665,7.197958,6.104836,8.291081,9.85833,10,9.515395,6.928131,7.221923,6.634338,0.6178648,0,1.605549,0,0,0,0,0,0,5.495868,4.350308,6.641438,0.592854,0.702737,0.482971,7.397048,6.22348,8.570615,0.5902649,0,2.112665,7.197958,6.104836,8.291081,9.85833,10,9.515395,-1,-1,-1,-1,-1,-1,-1,-1,-1,-1,-1,-1,-1,-1,-1,-1,-1,-1,-1,-1,-1,-1,-1,-1,-1,-1,-1,-1,-1,-1,-1,-1,-1,-1,-1,-1,-1,-1,-1,-1,-1,-1,-1,-1,-1,-1,-1,-1,-1,-1,0,0,0,0,0,0,-1,-1,-1,-1,-1,-1,-1,-1,-1,-1,-1,-1,0,0,0,0,0,0,-1,-1,-1,-1,-1,-1,-1,-1,-1,-1,-1,-1,-1,-1,False,False,0,0,False,209,0,0,0,0,0,0,0,0,0,0,0,0,0,0,0,1,
0,2197,2026-02-16 17:35:49Z,LLM_Empathetic,6.928134,7.221924,6.634345,0.6178581,0,1.605546,0,0,0,0,0,0,5.495873,4.35031,6.641447,0.592854,0.702737,0.482971,7.39705,6.223479,8.570621,0.5902606,0,2.112661,7.197965,6.104839,8.291091,9.858344,10,9.515412,6.928134,7.221924,6.634345,0.6178581,0,1.605546,0,0,0,0,0,0,5.495873,4.35031,6.641447,0.592854,0.702737,0.482971,7.39705,6.223479,8.570621,0.5902606,0,2.112661,7.197965,6.104839,8.291091,9.858344,10,9.515412,-1,-1,-1,-1,-1,-1,-1,-1,-1,-1,-1,-1,-1,-1,-1,-1,-1,-1,-1,-1,-1,-1,-1,-1,-1,-1,-1,-1,-1,-1,-1,-1,-1,-1,-1,-1,-1,-1,-1,-1,-1,-1,-1,-1,-1,-1,-1,-1,-1,-1,0,0,0,0,0,0,-1,-1,-1,-1,-1,-1,-1,-1,-1,-1,-1,-1,0,0,0,0,0,0,-1,-1,-1,-1,-1,-1,-1,-1,-1,-1,-1,-1,-1,-1,False,False,0,0,False,209,0,0,0,0,0,0,0,0,0,0,0,0,0,0,0,1,
0,2198,2026-02-16 17:35:49Z,LLM_Empathetic,6.928138,7.221924,6.634352,0.6178515,0,1.605542,0,0,0,0,0,0,5.495878,4.350312,6.641455,0.592854,0.702737,0.482971,7.397052,6.223478,8.570626,0.5902563,0,2.112657,7.197972,6.104843,8.291101,9.858358,10,9.51543,6.928138,7.221924,6.634352,0.6178515,0,1.605542,0,0,0,0,0,0,5.495878,4.350312,6.641455,0.592854,0.702737,0.482971,7.397052,6.223478,8.570626,0.5902563,0,2.112657,7.197972,6.104843,8.291101,9.858358,10,9.51543,-1,-1,-1,-1,-1,-1,-1,-1,-1,-1,-1,-1,-1,-1,-1,-1,-1,-1,-1,-1,-1,-1,-1,-1,-1,-1,-1,-1,-1,-1,-1,-1,-1,-1,-1,-1,-1,-1,-1,-1,-1,-1,-1,-1,-1,-1,-1,-1,-1,-1,0,0,0,0,0,0,-1,-1,-1,-1,-1,-1,-1,-1,-1,-1,-1,-1,0,0,0,0,0,0,-1,-1,-1,-1,-1,-1,-1,-1,-1,-1,-1,-1,-1,-1,False,False,0,0,False,209,0,0,0,0,0,0,0,0,0,0,0,0,0,0,0,1,
0,2199,2026-02-16 17:35:49Z,LLM_Empathetic,6.928142,7.221925,6.634359,0.6178448,0,1.605538,0,0,0,0,0,0,5.495883,4.350314,6.641464,0.592854,0.702737,0.482971,7.397054,6.223477,8.570632,0.590252,0,2.112653,7.197979,6.104847,8.291112,9.858372,10,9.515448,6.928142,7.221925,6.634359,0.6178448,0,1.605538,0,0,0,0,0,0,5.495883,4.350314,6.641464,0.592854,0.702737,0.482971,7.397054,6.223477,8.570632,0.590252,0,2.112653,7.197979,6.104847,8.291112,9.858372,10,9.515448,-1,-1,-1,-1,-1,-1,-1,-1,-1,-1,-1,-1,-1,-1,-1,-1,-1,-1,-1,-1,-1,-1,-1,-1,-1,-1,-1,-1,-1,-1,-1,-1,-1,-1,-1,-1,-1,-1,-1,-1,-1,-1,-1,-1,-1,-1,-1,-1,-1,-1,0,0,0,0,0,0,-1,-1,-1,-1,-1,-1,-1,-1,-1,-1,-1,-1,0,0,0,0,0,0,-1,-1,-1,-1,-1,-1,-1,-1,-1,-1,-1,-1,-1,-1,False,False,0,0,False,209,0,0,0,0,0,0,0,0,0,0,0,0,0,0,0,1,
0,2200,2026-02-16 17:35:49Z,LLM_Empathetic,6.928146,7.221926,6.634367,0.6178382,0,1.605535,0,0,0,0,0,0,5.495888,4.350315,6.641472,0.592854,0.702737,0.482971,7.397057,6.223475,8.570638,0.5902478,0,2.112648,7.197986,6.104851,8.291121,9.858386,10,9.515465,6.928146,7.221926,6.634367,0.6178382,0,1.605535,0,0,0,0,0,0,5.495888,4.350315,6.641472,0.592854,0.702737,0.482971,7.397057,6.223475,8.570638,0.5902478,0,2.112648,7.197986,6.104851,8.291121,9.858386,10,9.515465,-1,-1,-1,-1,-1,-1,-1,-1,-1,-1,-1,-1,-1,-1,-1,-1,-1,-1,-1,-1,-1,-1,-1,-1,-1,-1,-1,-1,-1,-1,-1,-1,-1,-1,-1,-1,-1,-1,-1,-1,-1,-1,-1,-1,-1,-1,-1,-1,-1,-1,0,0,0,0,0,0,-1,-1,-1,-1,-1,-1,-1,-1,-1,-1,-1,-1,0,0,0,0,0,0,-1,-1,-1,-1,-1,-1,-1,-1,-1,-1,-1,-1,-1,-1,False,False,0,0,False,209,0,0,0,0,0,0,0,0,0,0,0,0,0,0,0,1,
0,2201,2026-02-16 17:35:49Z,LLM_Empathetic,6.92815,7.221927,6.634374,0.6178315,0,1.605531,0,0,0,0,0,0,5.495893,4.350317,6.64148,0.592854,0.702737,0.482971,7.397059,6.223475,8.570643,0.5902436,0,2.112644,7.197993,6.104855,8.291132,9.858399,10,9.515483,6.92815,7.221927,6.634374,0.6178315,0,1.605531,0,0,0,0,0,0,5.495893,4.350317,6.64148,0.592854,0.702737,0.482971,7.397059,6.223475,8.570643,0.5902436,0,2.112644,7.197993,6.104855,8.291132,9.858399,10,9.515483,-1,-1,-1,-1,-1,-1,-1,-1,-1,-1,-1,-1,-1,-1,-1,-1,-1,-1,-1,-1,-1,-1,-1,-1,-1,-1,-1,-1,-1,-1,-1,-1,-1,-1,-1,-1,-1,-1,-1,-1,-1,-1,-1,-1,-1,-1,-1,-1,-1,-1,0,0,0,0,0,0,-1,-1,-1,-1,-1,-1,-1,-1,-1,-1,-1,-1,0,0,0,0,0,0,-1,-1,-1,-1,-1,-1,-1,-1,-1,-1,-1,-1,-1,-1,False,False,0,0,False,207,0,0,0,0,0,0,0,0,0,0,0,0,0,0,0,1,
0,2202,2026-02-16 17:35:49Z,LLM_Empathetic,6.928154,7.221927,6.634381,0.6178249,0,1.605527,0,0,0,0,0,0,5.495899,4.350318,6.641489,0.592854,0.702737,0.482971,7.397061,6.223473,8.570649,0.5902393,0,2.11264,7.198,6.104858,8.291142,9.858414,10,9.5155,6.928154,7.221927,6.634381,0.6178249,0,1.605527,0,0,0,0,0,0,5.495899,4.350318,6.641489,0.592854,0.702737,0.482971,7.397061,6.223473,8.570649,0.5902393,0,2.11264,7.198,6.104858,8.291142,9.858414,10,9.5155,-1,-1,-1,-1,-1,-1,-1,-1,-1,-1,-1,-1,-1,-1,-1,-1,-1,-1,-1,-1,-1,-1,-1,-1,-1,-1,-1,-1,-1,-1,-1,-1,-1,-1,-1,-1,-1,-1,-1,-1,-1,-1,-1,-1,-1,-1,-1,-1,-1,-1,0,0,0,0,0,0,-1,-1,-1,-1,-1,-1,-1,-1,-1,-1,-1,-1,0,0,0,0,0,0,-1,-1,-1,-1,-1,-1,-1,-1,-1,-1,-1,-1,-1,-1,False,False,0,0,False,207,0,0,0,0,0,0,0,0,0,0,0,0,0,0,0,1,
0,2203,2026-02-16 17:35:49Z,LLM_Empathetic,6.928158,7.221928,6.634388,0.6178183,0,1.605524,0,0,0,0,0,0,5.495903,4.35032,6.641497,0.592854,0.702737,0.482971,7.397063,6.223472,8.570655,0.5902351,0,2.112635,7.198007,6.104862,8.291152,9.858428,10,9.515517,6.928158,7.221928,6.634388,0.6178183,0,1.605524,0,0,0,0,0,0,5.495903,4.35032,6.641497,0.592854,0.702737,0.482971,7.397063,6.223472,8.570655,0.5902351,0,2.112635,7.198007,6.104862,8.291152,9.858428,10,9.515517,-1,-1,-1,-1,-1,-1,-1,-1,-1,-1,-1,-1,-1,-1,-1,-1,-1,-1,-1,-1,-1,-1,-1,-1,-1,-1,-1,-1,-1,-1,-1,-1,-1,-1,-1,-1,-1,-1,-1,-1,-1,-1,-1,-1,-1,-1,-1,-1,-1,-1,0,0,0,0,0,0,-1,-1,-1,-1,-1,-1,-1,-1,-1,-1,-1,-1,0,0,0,0,0,0,-1,-1,-1,-1,-1,-1,-1,-1,-1,-1,-1,-1,-1,-1,False,False,0,0,False,209,0,0,0,0,0,0,0,0,0,0,0,0,0,0,0,1,
0,2204,2026-02-16 17:35:49Z,LLM_Empathetic,6.928162,7.221929,6.634395,0.6178117,0,1.60552,0,0,0,0,0,0,5.495909,4.350322,6.641506,0.592854,0.702737,0.482971,7.397066,6.223471,8.570661,0.5902308,0,2.112631,7.198014,6.104866,8.291162,9.858441,10,9.515535,6.928162,7.221929,6.634395,0.6178117,0,1.60552,0,0,0,0,0,0,5.495909,4.350322,6.641506,0.592854,0.702737,0.482971,7.397066,6.223471,8.570661,0.5902308,0,2.112631,7.198014,6.104866,8.291162,9.858441,10,9.515535,-1,-1,-1,-1,-1,-1,-1,-1,-1,-1,-1,-1,-1,-1,-1,-1,-1,-1,-1,-1,-1,-1,-1,-1,-1,-1,-1,-1,-1,-1,-1,-1,-1,-1,-1,-1,-1,-1,-1,-1,-1,-1,-1,-1,-1,-1,-1,-1,-1,-1,0,0,0,0,0,0,-1,-1,-1,-1,-1,-1,-1,-1,-1,-1,-1,-1,0,0,0,0,0,0,-1,-1,-1,-1,-1,-1,-1,-1,-1,-1,-1,-1,-1,-1,False,False,0,0,False,209,0,0,0,0,0,0,0,0,0,0,0,0,0,0,0,1,
0,2205,2026-02-16 17:35:49Z,LLM_Empathetic,6.928165,7.221929,6.634402,0.617805,0,1.605516,0,0,0,0,0,0,5.495914,4.350324,6.641514,0.592854,0.702737,0.482971,7.397068,6.22347,8.570666,0.5902266,0,2.112627,7.19802,6.104869,8.291173,9.858456,10,9.515553,6.928165,7.221929,6.634402,0.617805,0,1.605516,0,0,0,0,0,0,5.495914,4.350324,6.641514,0.592854,0.702737,0.482971,7.397068,6.22347,8.570666,0.5902266,0,2.112627,7.19802,6.104869,8.291173,9.858456,10,9.515553,-1,-1,-1,-1,-1,-1,-1,-1,-1,-1,-1,-1,-1,-1,-1,-1,-1,-1,-1,-1,-1,-1,-1,-1,-1,-1,-1,-1,-1,-1,-1,-1,-1,-1,-1,-1,-1,-1,-1,-1,-1,-1,-1,-1,-1,-1,-1,-1,-1,-1,0,0,0,0,0,0,-1,-1,-1,-1,-1,-1,-1,-1,-1,-1,-1,-1,0,0,0,0,0,0,-1,-1,-1,-1,-1,-1,-1,-1,-1,-1,-1,-1,-1,-1,False,False,0,0,False,209,0,0,0,0,0,0,0,0,0,0,0,0,0,0,0,1,
0,2206,2026-02-16 17:35:49Z,LLM_Empathetic,6.92817,7.22193,6.634409,0.6177984,0,1.605513,0,0,0,0,0,0,5.495919,4.350325,6.641522,0.592854,0.702737,0.482971,7.39707,6.223468,8.570673,0.5902224,0,2.112623,7.198028,6.104873,8.291183,9.858469,10,9.51557,6.92817,7.22193,6.634409,0.6177984,0,1.605513,0,0,0,0,0,0,5.495919,4.350325,6.641522,0.592854,0.702737,0.482971,7.39707,6.223468,8.570673,0.5902224,0,2.112623,7.198028,6.104873,8.291183,9.858469,10,9.51557,-1,-1,-1,-1,-1,-1,-1,-1,-1,-1,-1,-1,-1,-1,-1,-1,-1,-1,-1,-1,-1,-1,-1,-1,-1,-1,-1,-1,-1,-1,-1,-1,-1,-1,-1,-1,-1,-1,-1,-1,-1,-1,-1,-1,-1,-1,-1,-1,-1,-1,0,0,0,0,0,0,-1,-1,-1,-1,-1,-1,-1,-1,-1,-1,-1,-1,0,0,0,0,0,0,-1,-1,-1,-1,-1,-1,-1,-1,-1,-1,-1,-1,-1,-1,False,False,0,0,False,209,0,0,0,0,0,0,0,0,0,0,0,0,0,0,0,1,
0,2207,2026-02-16 17:35:49Z,LLM_Empathetic,6.928174,7.221931,6.634416,0.6177918,0,1.605509,0,0,0,0,0,0,5.495924,4.350327,6.641531,0.592854,0.702737,0.482971,7.397073,6.223467,8.570679,0.5902181,0,2.112618,7.198035,6.104877,8.291193,9.858483,10,9.515587,6.928174,7.221931,6.634416,0.6177918,0,1.605509,0,0,0,0,0,0,5.495924,4.350327,6.641531,0.592854,0.702737,0.482971,7.397073,6.223467,8.570679,0.5902181,0,2.112618,7.198035,6.104877,8.291193,9.858483,10,9.515587,-1,-1,-1,-1,-1,-1,-1,-1,-1,-1,-1,-1,-1,-1,-1,-1,-1,-1,-1,-1,-1,-1,-1,-1,-1,-1,-1,-1,-1,-1,-1,-1,-1,-1,-1,-1,-1,-1,-1,-1,-1,-1,-1,-1,-1,-1,-1,-1,-1,-1,0,0,0,0,0,0,-1,-1,-1,-1,-1,-1,-1,-1,-1,-1,-1,-1,0,0,0,0,0,0,-1,-1,-1,-1,-1,-1,-1,-1,-1,-1,-1,-1,-1,-1,False,False,0,0,False,207,0,0,0,0,0,0,0,0,0,0,0,0,0,0,0,1,
0,2208,2026-02-16 17:35:49Z,LLM_Empathetic,6.928177,7.221931,6.634423,0.6177852,0,1.605505,0,0,0,0,0,0,5.495929,4.350328,6.641539,0.592854,0.702737,0.482971,7.397075,6.223466,8.570684,0.5902139,0,2.112614,7.198041,6.104881,8.291203,9.858497,10,9.515605,6.928177,7.221931,6.634423,0.6177852,0,1.605505,0,0,0,0,0,0,5.495929,4.350328,6.641539,0.592854,0.702737,0.482971,7.397075,6.223466,8.570684,0.5902139,0,2.112614,7.198041,6.104881,8.291203,9.858497,10,9.515605,-1,-1,-1,-1,-1,-1,-1,-1,-1,-1,-1,-1,-1,-1,-1,-1,-1,-1,-1,-1,-1,-1,-1,-1,-1,-1,-1,-1,-1,-1,-1,-1,-1,-1,-1,-1,-1,-1,-1,-1,-1,-1,-1,-1,-1,-1,-1,-1,-1,-1,0,0,0,0,0,0,-1,-1,-1,-1,-1,-1,-1,-1,-1,-1,-1,-1,0,0,0,0,0,0,-1,-1,-1,-1,-1,-1,-1,-1,-1,-1,-1,-1,-1,-1,False,False,0,0,False,207,0,0,0,0,0,0,0,0,0,0,0,0,0,0,0,1,
0,2209,2026-02-16 17:35:49Z,LLM_Empathetic,6.928181,7.221932,6.63443,0.6177786,0,1.605502,0,0,0,0,0,0,5.495934,4.35033,6.641547,0.592854,0.702737,0.482971,7.397077,6.223465,8.57069,0.5902097,0,2.11261,7.198049,6.104885,8.291213,9.858511,10,9.515622,6.928181,7.221932,6.63443,0.6177786,0,1.605502,0,0,0,0,0,0,5.495934,4.35033,6.641547,0.592854,0.702737,0.482971,7.397077,6.223465,8.57069,0.5902097,0,2.11261,7.198049,6.104885,8.291213,9.858511,10,9.515622,-1,-1,-1,-1,-1,-1,-1,-1,-1,-1,-1,-1,-1,-1,-1,-1,-1,-1,-1,-1,-1,-1,-1,-1,-1,-1,-1,-1,-1,-1,-1,-1,-1,-1,-1,-1,-1,-1,-1,-1,-1,-1,-1,-1,-1,-1,-1,-1,-1,-1,0,0,0,0,0,0,-1,-1,-1,-1,-1,-1,-1,-1,-1,-1,-1,-1,0,0,0,0,0,0,-1,-1,-1,-1,-1,-1,-1,-1,-1,-1,-1,-1,-1,-1,False,False,0,0,False,209,0,0,0,0,0,0,0,0,0,0,0,0,0,0,0,1,
0,2210,2026-02-16 17:35:49Z,LLM_Empathetic,6.928185,7.221933,6.634437,0.617772,0,1.605498,0,0,0,0,0,0,5.495939,4.350332,6.641556,0.592854,0.702737,0.482971,7.397079,6.223464,8.570696,0.5902054,0,2.112606,7.198055,6.104888,8.291224,9.858524,10,9.515639,6.928185,7.221933,6.634437,0.617772,0,1.605498,0,0,0,0,0,0,5.495939,4.350332,6.641556,0.592854,0.702737,0.482971,7.397079,6.223464,8.570696,0.5902054,0,2.112606,7.198055,6.104888,8.291224,9.858524,10,9.515639,-1,-1,-1,-1,-1,-1,-1,-1,-1,-1,-1,-1,-1,-1,-1,-1,-1,-1,-1,-1,-1,-1,-1,-1,-1,-1,-1,-1,-1,-1,-1,-1,-1,-1,-1,-1,-1,-1,-1,-1,-1,-1,-1,-1,-1,-1,-1,-1,-1,-1,0,0,0,0,0,0,-1,-1,-1,-1,-1,-1,-1,-1,-1,-1,-1,-1,0,0,0,0,0,0,-1,-1,-1,-1,-1,-1,-1,-1,-1,-1,-1,-1,-1,-1,False,False,0,0,False,209,0,0,0,0,0,0,0,0,0,0,0,0,0,0,0,1,
0,2211,2026-02-16 17:35:49Z,LLM_Empathetic,6.928189,7.221933,6.634444,0.6177654,0,1.605494,0,0,0,0,0,0,5.495944,4.350334,6.641564,0.592854,0.702737,0.482971,7.397082,6.223463,8.570702,0.5902012,0,2.112602,7.198062,6.104892,8.291233,9.858539,10,9.515656,6.928189,7.221933,6.634444,0.6177654,0,1.605494,0,0,0,0,0,0,5.495944,4.350334,6.641564,0.592854,0.702737,0.482971,7.397082,6.223463,8.570702,0.5902012,0,2.112602,7.198062,6.104892,8.291233,9.858539,10,9.515656,-1,-1,-1,-1,-1,-1,-1,-1,-1,-1,-1,-1,-1,-1,-1,-1,-1,-1,-1,-1,-1,-1,-1,-1,-1,-1,-1,-1,-1,-1,-1,-1,-1,-1,-1,-1,-1,-1,-1,-1,-1,-1,-1,-1,-1,-1,-1,-1,-1,-1,0,0,0,0,0,0,-1,-1,-1,-1,-1,-1,-1,-1,-1,-1,-1,-1,0,0,0,0,0,0,-1,-1,-1,-1,-1,-1,-1,-1,-1,-1,-1,-1,-1,-1,False,False,0,0,False,209,0,0,0,0,0,0,0,0,0,0,0,0,0,0,0,1,
0,2212,2026-02-16 17:35:49Z,LLM_Empathetic,6.928193,7.221934,6.634451,0.6177588,0,1.605491,0,0,0,0,0,0,5.495948,4.350335,6.641572,0.592854,0.702737,0.482971,7.397084,6.223462,8.570707,0.590197,0,2.112597,7.198069,6.104896,8.291244,9.858552,10,9.515674,6.928193,7.221934,6.634451,0.6177588,0,1.605491,0,0,0,0,0,0,5.495948,4.350335,6.641572,0.592854,0.702737,0.482971,7.397084,6.223462,8.570707,0.590197,0,2.112597,7.198069,6.104896,8.291244,9.858552,10,9.515674,-1,-1,-1,-1,-1,-1,-1,-1,-1,-1,-1,-1,-1,-1,-1,-1,-1,-1,-1,-1,-1,-1,-1,-1,-1,-1,-1,-1,-1,-1,-1,-1,-1,-1,-1,-1,-1,-1,-1,-1,-1,-1,-1,-1,-1,-1,-1,-1,-1,-1,0,0,0,0,0,0,-1,-1,-1,-1,-1,-1,-1,-1,-1,-1,-1,-1,0,0,0,0,0,0,-1,-1,-1,-1,-1,-1,-1,-1,-1,-1,-1,-1,-1,-1,False,False,0,0,False,207,0,0,0,0,0,0,0,0,0,0,0,0,0,0,0,1,
0,2213,2026-02-16 17:35:50Z,LLM_Empathetic,6.928197,7.221935,6.634459,0.6177523,0,1.605487,0,0,0,0,0,0,5.495954,4.350337,6.641581,0.592854,0.702737,0.482971,7.397086,6.22346,8.570713,0.5901928,0,2.112593,7.198076,6.104899,8.291253,9.858566,10,9.515692,6.928197,7.221935,6.634459,0.6177523,0,1.605487,0,0,0,0,0,0,5.495954,4.350337,6.641581,0.592854,0.702737,0.482971,7.397086,6.22346,8.570713,0.5901928,0,2.112593,7.198076,6.104899,8.291253,9.858566,10,9.515692,-1,-1,-1,-1,-1,-1,-1,-1,-1,-1,-1,-1,-1,-1,-1,-1,-1,-1,-1,-1,-1,-1,-1,-1,-1,-1,-1,-1,-1,-1,-1,-1,-1,-1,-1,-1,-1,-1,-1,-1,-1,-1,-1,-1,-1,-1,-1,-1,-1,-1,0,0,0,0,0,0,-1,-1,-1,-1,-1,-1,-1,-1,-1,-1,-1,-1,0,0,0,0,0,0,-1,-1,-1,-1,-1,-1,-1,-1,-1,-1,-1,-1,-1,-1,False,False,0,0,False,207,0,0,0,0,0,0,0,0,0,0,0,0,0,0,0,1,
0,2214,2026-02-16 17:35:50Z,LLM_Empathetic,6.928201,7.221936,6.634466,0.6177456,0,1.605484,0,0,0,0,0,0,5.495958,4.350338,6.641589,0.592854,0.702737,0.482971,7.397089,6.223459,8.570719,0.5901886,0,2.112589,7.198083,6.104903,8.291264,9.85858,10,9.515709,6.928201,7.221936,6.634466,0.6177456,0,1.605484,0,0,0,0,0,0,5.495958,4.350338,6.641589,0.592854,0.702737,0.482971,7.397089,6.223459,8.570719,0.5901886,0,2.112589,7.198083,6.104903,8.291264,9.85858,10,9.515709,-1,-1,-1,-1,-1,-1,-1,-1,-1,-1,-1,-1,-1,-1,-1,-1,-1,-1,-1,-1,-1,-1,-1,-1,-1,-1,-1,-1,-1,-1,-1,-1,-1,-1,-1,-1,-1,-1,-1,-1,-1,-1,-1,-1,-1,-1,-1,-1,-1,-1,0,0,0,0,0,0,-1,-1,-1,-1,-1,-1,-1,-1,-1,-1,-1,-1,0,0,0,0,0,0,-1,-1,-1,-1,-1,-1,-1,-1,-1,-1,-1,-1,-1,-1,False,False,0,0,False,207,0,0,0,0,0,0,0,0,0,0,0,0,0,0,0,1,
0,2215,2026-02-16 17:35:50Z,LLM_Empathetic,6.928205,7.221936,6.634472,0.6177391,0,1.60548,0,0,0,0,0,0,5.495964,4.35034,6.641597,0.592854,0.702737,0.482971,7.397091,6.223458,8.570724,0.5901843,0,2.112585,7.19809,6.104907,8.291274,9.858594,10,9.515726,6.928205,7.221936,6.634472,0.6177391,0,1.60548,0,0,0,0,0,0,5.495964,4.35034,6.641597,0.592854,0.702737,0.482971,7.397091,6.223458,8.570724,0.5901843,0,2.112585,7.19809,6.104907,8.291274,9.858594,10,9.515726,-1,-1,-1,-1,-1,-1,-1,-1,-1,-1,-1,-1,-1,-1,-1,-1,-1,-1,-1,-1,-1,-1,-1,-1,-1,-1,-1,-1,-1,-1,-1,-1,-1,-1,-1,-1,-1,-1,-1,-1,-1,-1,-1,-1,-1,-1,-1,-1,-1,-1,0,0,0,0,0,0,-1,-1,-1,-1,-1,-1,-1,-1,-1,-1,-1,-1,0,0,0,0,0,0,-1,-1,-1,-1,-1,-1,-1,-1,-1,-1,-1,-1,-1,-1,False,False,0,0,False,209,0,0,0,0,0,0,0,0,0,0,0,0,0,0,0,1,
0,2216,2026-02-16 17:35:50Z,LLM_Empathetic,6.928208,7.221937,6.63448,0.6177325,0,1.605476,0,0,0,0,0,0,5.495968,4.350342,6.641605,0.592854,0.702737,0.482971,7.397093,6.223457,8.570729,0.5901802,0,2.112581,7.198097,6.104911,8.291284,9.858607,10,9.515743,6.928208,7.221937,6.63448,0.6177325,0,1.605476,0,0,0,0,0,0,5.495968,4.350342,6.641605,0.592854,0.702737,0.482971,7.397093,6.223457,8.570729,0.5901802,0,2.112581,7.198097,6.104911,8.291284,9.858607,10,9.515743,-1,-1,-1,-1,-1,-1,-1,-1,-1,-1,-1,-1,-1,-1,-1,-1,-1,-1,-1,-1,-1,-1,-1,-1,-1,-1,-1,-1,-1,-1,-1,-1,-1,-1,-1,-1,-1,-1,-1,-1,-1,-1,-1,-1,-1,-1,-1,-1,-1,-1,0,0,0,0,0,0,-1,-1,-1,-1,-1,-1,-1,-1,-1,-1,-1,-1,0,0,0,0,0,0,-1,-1,-1,-1,-1,-1,-1,-1,-1,-1,-1,-1,-1,-1,False,False,0,0,False,209,0,0,0,0,0,0,0,0,0,0,0,0,0,0,0,1,
0,2217,2026-02-16 17:35:50Z,LLM_Empathetic,6.928212,7.221938,6.634487,0.6177259,0,1.605473,0,0,0,0,0,0,5.495974,4.350343,6.641614,0.592854,0.702737,0.482971,7.397095,6.223455,8.570735,0.5901759,0,2.112576,7.198104,6.104915,8.291294,9.858622,10,9.51576,6.928212,7.221938,6.634487,0.6177259,0,1.605473,0,0,0,0,0,0,5.495974,4.350343,6.641614,0.592854,0.702737,0.482971,7.397095,6.223455,8.570735,0.5901759,0,2.112576,7.198104,6.104915,8.291294,9.858622,10,9.51576,-1,-1,-1,-1,-1,-1,-1,-1,-1,-1,-1,-1,-1,-1,-1,-1,-1,-1,-1,-1,-1,-1,-1,-1,-1,-1,-1,-1,-1,-1,-1,-1,-1,-1,-1,-1,-1,-1,-1,-1,-1,-1,-1,-1,-1,-1,-1,-1,-1,-1,0,0,0,0,0,0,-1,-1,-1,-1,-1,-1,-1,-1,-1,-1,-1,-1,0,0,0,0,0,0,-1,-1,-1,-1,-1,-1,-1,-1,-1,-1,-1,-1,-1,-1,False,False,0,0,False,207,0,0,0,0,0,0,0,0,0,0,0,0,0,0,0,1,
0,2218,2026-02-16 17:35:50Z,LLM_Empathetic,6.928216,7.221939,6.634494,0.6177194,0,1.605469,0,0,0,0,0,0,5.495978,4.350345,6.641622,0.592854,0.702737,0.482971,7.397098,6.223454,8.570741,0.5901718,0,2.112572,7.198111,6.104918,8.291304,9.858635,10,9.515778,6.928216,7.221939,6.634494,0.6177194,0,1.605469,0,0,0,0,0,0,5.495978,4.350345,6.641622,0.592854,0.702737,0.482971,7.397098,6.223454,8.570741,0.5901718,0,2.112572,7.198111,6.104918,8.291304,9.858635,10,9.515778,-1,-1,-1,-1,-1,-1,-1,-1,-1,-1,-1,-1,-1,-1,-1,-1,-1,-1,-1,-1,-1,-1,-1,-1,-1,-1,-1,-1,-1,-1,-1,-1,-1,-1,-1,-1,-1,-1,-1,-1,-1,-1,-1,-1,-1,-1,-1,-1,-1,-1,0,0,0,0,0,0,-1,-1,-1,-1,-1,-1,-1,-1,-1,-1,-1,-1,0,0,0,0,0,0,-1,-1,-1,-1,-1,-1,-1,-1,-1,-1,-1,-1,-1,-1,False,False,0,0,False,209,0,0,0,0,0,0,0,0,0,0,0,0,0,0,0,1,
0,2219,2026-02-16 17:35:50Z,LLM_Empathetic,6.92822,7.221939,6.634501,0.6177128,0,1.605465,0,0,0,0,0,0,5.495983,4.350347,6.64163,0.592854,0.702737,0.482971,7.3971,6.223454,8.570746,0.5901675,0,2.112568,7.198118,6.104922,8.291314,9.858649,10,9.515795,6.92822,7.221939,6.634501,0.6177128,0,1.605465,0,0,0,0,0,0,5.495983,4.350347,6.64163,0.592854,0.702737,0.482971,7.3971,6.223454,8.570746,0.5901675,0,2.112568,7.198118,6.104922,8.291314,9.858649,10,9.515795,-1,-1,-1,-1,-1,-1,-1,-1,-1,-1,-1,-1,-1,-1,-1,-1,-1,-1,-1,-1,-1,-1,-1,-1,-1,-1,-1,-1,-1,-1,-1,-1,-1,-1,-1,-1,-1,-1,-1,-1,-1,-1,-1,-1,-1,-1,-1,-1,-1,-1,0,0,0,0,0,0,-1,-1,-1,-1,-1,-1,-1,-1,-1,-1,-1,-1,0,0,0,0,0,0,-1,-1,-1,-1,-1,-1,-1,-1,-1,-1,-1,-1,-1,-1,False,False,0,0,False,209,0,0,0,0,0,0,0,0,0,0,0,0,0,0,0,1,
0,2220,2026-02-16 17:35:50Z,LLM_Empathetic,6.928224,7.22194,6.634508,0.6177063,0,1.605462,0,0,0,0,0,0,5.495988,4.350348,6.641639,0.592854,0.702737,0.482971,7.397102,6.223452,8.570752,0.5901634,0,2.112564,7.198124,6.104926,8.291324,9.858663,10,9.515813,6.928224,7.22194,6.634508,0.6177063,0,1.605462,0,0,0,0,0,0,5.495988,4.350348,6.641639,0.592854,0.702737,0.482971,7.397102,6.223452,8.570752,0.5901634,0,2.112564,7.198124,6.104926,8.291324,9.858663,10,9.515813,-1,-1,-1,-1,-1,-1,-1,-1,-1,-1,-1,-1,-1,-1,-1,-1,-1,-1,-1,-1,-1,-1,-1,-1,-1,-1,-1,-1,-1,-1,-1,-1,-1,-1,-1,-1,-1,-1,-1,-1,-1,-1,-1,-1,-1,-1,-1,-1,-1,-1,0,0,0,0,0,0,-1,-1,-1,-1,-1,-1,-1,-1,-1,-1,-1,-1,0,0,0,0,0,0,-1,-1,-1,-1,-1,-1,-1,-1,-1,-1,-1,-1,-1,-1,False,False,0,0,False,207,0,0,0,0,0,0,0,0,0,0,0,0,0,0,0,1,
0,2221,2026-02-16 17:35:50Z,LLM_Empathetic,6.928227,7.221941,6.634515,0.6176997,0,1.605458,0,0,0,0,0,0,5.495993,4.35035,6.641647,0.592854,0.702737,0.482971,7.397104,6.223451,8.570758,0.5901591,0,2.11256,7.198131,6.104929,8.291334,9.858676,10,9.51583,6.928227,7.221941,6.634515,0.6176997,0,1.605458,0,0,0,0,0,0,5.495993,4.35035,6.641647,0.592854,0.702737,0.482971,7.397104,6.223451,8.570758,0.5901591,0,2.11256,7.198131,6.104929,8.291334,9.858676,10,9.51583,-1,-1,-1,-1,-1,-1,-1,-1,-1,-1,-1,-1,-1,-1,-1,-1,-1,-1,-1,-1,-1,-1,-1,-1,-1,-1,-1,-1,-1,-1,-1,-1,-1,-1,-1,-1,-1,-1,-1,-1,-1,-1,-1,-1,-1,-1,-1,-1,-1,-1,0,0,0,0,0,0,-1,-1,-1,-1,-1,-1,-1,-1,-1,-1,-1,-1,0,0,0,0,0,0,-1,-1,-1,-1,-1,-1,-1,-1,-1,-1,-1,-1,-1,-1,False,False,0,0,False,209,0,0,0,0,0,0,0,0,0,0,0,0,0,0,0,1,
0,2222,2026-02-16 17:35:50Z,LLM_Empathetic,6.928231,7.221941,6.634521,0.6176932,0,1.605455,0,0,0,0,0,0,5.495998,4.350351,6.641655,0.592854,0.702737,0.482971,7.397107,6.22345,8.570764,0.5901549,0,2.112555,7.198138,6.104933,8.291344,9.85869,10,9.515847,6.928231,7.221941,6.634521,0.6176932,0,1.605455,0,0,0,0,0,0,5.495998,4.350351,6.641655,0.592854,0.702737,0.482971,7.397107,6.22345,8.570764,0.5901549,0,2.112555,7.198138,6.104933,8.291344,9.85869,10,9.515847,-1,-1,-1,-1,-1,-1,-1,-1,-1,-1,-1,-1,-1,-1,-1,-1,-1,-1,-1,-1,-1,-1,-1,-1,-1,-1,-1,-1,-1,-1,-1,-1,-1,-1,-1,-1,-1,-1,-1,-1,-1,-1,-1,-1,-1,-1,-1,-1,-1,-1,0,0,0,0,0,0,-1,-1,-1,-1,-1,-1,-1,-1,-1,-1,-1,-1,0,0,0,0,0,0,-1,-1,-1,-1,-1,-1,-1,-1,-1,-1,-1,-1,-1,-1,False,False,0,0,False,209,0,0,0,0,0,0,0,0,0,0,0,0,0,0,0,1,
0,2223,2026-02-16 17:35:50Z,LLM_Empathetic,6.928236,7.221942,6.634529,0.6176866,0,1.605451,0,0,0,0,0,0,5.496003,4.350353,6.641664,0.592854,0.702737,0.482971,7.397109,6.223449,8.570769,0.5901508,0,2.112551,7.198145,6.104937,8.291354,9.858704,10,9.515864,6.928236,7.221942,6.634529,0.6176866,0,1.605451,0,0,0,0,0,0,5.496003,4.350353,6.641664,0.592854,0.702737,0.482971,7.397109,6.223449,8.570769,0.5901508,0,2.112551,7.198145,6.104937,8.291354,9.858704,10,9.515864,-1,-1,-1,-1,-1,-1,-1,-1,-1,-1,-1,-1,-1,-1,-1,-1,-1,-1,-1,-1,-1,-1,-1,-1,-1,-1,-1,-1,-1,-1,-1,-1,-1,-1,-1,-1,-1,-1,-1,-1,-1,-1,-1,-1,-1,-1,-1,-1,-1,-1,0,0,0,0,0,0,-1,-1,-1,-1,-1,-1,-1,-1,-1,-1,-1,-1,0,0,0,0,0,0,-1,-1,-1,-1,-1,-1,-1,-1,-1,-1,-1,-1,-1,-1,False,False,0,0,False,209,0,0,0,0,0,0,0,0,0,0,0,0,0,0,0,1,
0,2224,2026-02-16 17:35:50Z,LLM_Empathetic,6.928239,7.221942,6.634536,0.6176801,0,1.605447,0,0,0,0,0,0,5.496008,4.350355,6.641672,0.592854,0.702737,0.482971,7.397111,6.223447,8.570775,0.5901466,0,2.112547,7.198152,6.10494,8.291364,9.858718,10,9.515882,6.928239,7.221942,6.634536,0.6176801,0,1.605447,0,0,0,0,0,0,5.496008,4.350355,6.641672,0.592854,0.702737,0.482971,7.397111,6.223447,8.570775,0.5901466,0,2.112547,7.198152,6.10494,8.291364,9.858718,10,9.515882,-1,-1,-1,-1,-1,-1,-1,-1,-1,-1,-1,-1,-1,-1,-1,-1,-1,-1,-1,-1,-1,-1,-1,-1,-1,-1,-1,-1,-1,-1,-1,-1,-1,-1,-1,-1,-1,-1,-1,-1,-1,-1,-1,-1,-1,-1,-1,-1,-1,-1,0,0,0,0,0,0,-1,-1,-1,-1,-1,-1,-1,-1,-1,-1,-1,-1,0,0,0,0,0,0,-1,-1,-1,-1,-1,-1,-1,-1,-1,-1,-1,-1,-1,-1,False,False,0,0,False,207,0,0,0,0,0,0,0,0,0,0,0,0,0,0,0,1,
0,2225,2026-02-16 17:35:50Z,LLM_Empathetic,6.928243,7.221943,6.634542,0.6176736,0,1.605444,0,0,0,0,0,0,5.496013,4.350357,6.64168,0.592854,0.702737,0.482971,7.397113,6.223446,8.570781,0.5901424,0,2.112543,7.198159,6.104944,8.291374,9.858731,10,9.515899,6.928243,7.221943,6.634542,0.6176736,0,1.605444,0,0,0,0,0,0,5.496013,4.350357,6.64168,0.592854,0.702737,0.482971,7.397113,6.223446,8.570781,0.5901424,0,2.112543,7.198159,6.104944,8.291374,9.858731,10,9.515899,-1,-1,-1,-1,-1,-1,-1,-1,-1,-1,-1,-1,-1,-1,-1,-1,-1,-1,-1,-1,-1,-1,-1,-1,-1,-1,-1,-1,-1,-1,-1,-1,-1,-1,-1,-1,-1,-1,-1,-1,-1,-1,-1,-1,-1,-1,-1,-1,-1,-1,0,0,0,0,0,0,-1,-1,-1,-1,-1,-1,-1,-1,-1,-1,-1,-1,0,0,0,0,0,0,-1,-1,-1,-1,-1,-1,-1,-1,-1,-1,-1,-1,-1,-1,False,False,0,0,False,209,0,0,0,0,0,0,0,0,0,0,0,0,0,0,0,1,
0,2226,2026-02-16 17:35:50Z,LLM_Empathetic,6.928247,7.221944,6.63455,0.6176671,0,1.60544,0,0,0,0,0,0,5.496018,4.350358,6.641688,0.592854,0.702737,0.482971,7.397116,6.223445,8.570786,0.5901383,0,2.112539,7.198165,6.104948,8.291384,9.858745,10,9.515916,6.928247,7.221944,6.63455,0.6176671,0,1.60544,0,0,0,0,0,0,5.496018,4.350358,6.641688,0.592854,0.702737,0.482971,7.397116,6.223445,8.570786,0.5901383,0,2.112539,7.198165,6.104948,8.291384,9.858745,10,9.515916,-1,-1,-1,-1,-1,-1,-1,-1,-1,-1,-1,-1,-1,-1,-1,-1,-1,-1,-1,-1,-1,-1,-1,-1,-1,-1,-1,-1,-1,-1,-1,-1,-1,-1,-1,-1,-1,-1,-1,-1,-1,-1,-1,-1,-1,-1,-1,-1,-1,-1,0,0,0,0,0,0,-1,-1,-1,-1,-1,-1,-1,-1,-1,-1,-1,-1,0,0,0,0,0,0,-1,-1,-1,-1,-1,-1,-1,-1,-1,-1,-1,-1,-1,-1,False,False,0,0,False,207,0,0,0,0,0,0,0,0,0,0,0,0,0,0,0,1,
0,2227,2026-02-16 17:35:50Z,LLM_Empathetic,6.928251,7.221945,6.634557,0.6176605,0,1.605437,0,0,0,0,0,0,5.496023,4.35036,6.641696,0.592854,0.702737,0.482971,7.397118,6.223444,8.570792,0.590134,0,2.112535,7.198173,6.104952,8.291394,9.858759,10,9.515933,6.928251,7.221945,6.634557,0.6176605,0,1.605437,0,0,0,0,0,0,5.496023,4.35036,6.641696,0.592854,0.702737,0.482971,7.397118,6.223444,8.570792,0.590134,0,2.112535,7.198173,6.104952,8.291394,9.858759,10,9.515933,-1,-1,-1,-1,-1,-1,-1,-1,-1,-1,-1,-1,-1,-1,-1,-1,-1,-1,-1,-1,-1,-1,-1,-1,-1,-1,-1,-1,-1,-1,-1,-1,-1,-1,-1,-1,-1,-1,-1,-1,-1,-1,-1,-1,-1,-1,-1,-1,-1,-1,0,0,0,0,0,0,-1,-1,-1,-1,-1,-1,-1,-1,-1,-1,-1,-1,0,0,0,0,0,0,-1,-1,-1,-1,-1,-1,-1,-1,-1,-1,-1,-1,-1,-1,False,False,0,0,False,207,0,0,0,0,0,0,0,0,0,0,0,0,0,0,0,1,
0,2228,2026-02-16 17:35:50Z,LLM_Empathetic,6.928255,7.221945,6.634563,0.617654,0,1.605433,0,0,0,0,0,0,5.496028,4.350361,6.641705,0.592854,0.702737,0.482971,7.39712,6.223443,8.570798,0.5901299,0,2.11253,7.198179,6.104955,8.291404,9.858772,10,9.51595,6.928255,7.221945,6.634563,0.617654,0,1.605433,0,0,0,0,0,0,5.496028,4.350361,6.641705,0.592854,0.702737,0.482971,7.39712,6.223443,8.570798,0.5901299,0,2.11253,7.198179,6.104955,8.291404,9.858772,10,9.51595,-1,-1,-1,-1,-1,-1,-1,-1,-1,-1,-1,-1,-1,-1,-1,-1,-1,-1,-1,-1,-1,-1,-1,-1,-1,-1,-1,-1,-1,-1,-1,-1,-1,-1,-1,-1,-1,-1,-1,-1,-1,-1,-1,-1,-1,-1,-1,-1,-1,-1,0,0,0,0,0,0,-1,-1,-1,-1,-1,-1,-1,-1,-1,-1,-1,-1,0,0,0,0,0,0,-1,-1,-1,-1,-1,-1,-1,-1,-1,-1,-1,-1,-1,-1,False,False,0,0,False,209,0,0,0,0,0,0,0,0,0,0,0,0,0,0,0,1,
0,2229,2026-02-16 17:35:50Z,LLM_Empathetic,6.928258,7.221946,6.634571,0.6176475,0,1.605429,0,0,0,0,0,0,5.496033,4.350363,6.641713,0.592854,0.702737,0.482971,7.397122,6.223442,8.570804,0.5901257,0,2.112526,7.198186,6.104959,8.291414,9.858786,10,9.515967,6.928258,7.221946,6.634571,0.6176475,0,1.605429,0,0,0,0,0,0,5.496033,4.350363,6.641713,0.592854,0.702737,0.482971,7.397122,6.223442,8.570804,0.5901257,0,2.112526,7.198186,6.104959,8.291414,9.858786,10,9.515967,-1,-1,-1,-1,-1,-1,-1,-1,-1,-1,-1,-1,-1,-1,-1,-1,-1,-1,-1,-1,-1,-1,-1,-1,-1,-1,-1,-1,-1,-1,-1,-1,-1,-1,-1,-1,-1,-1,-1,-1,-1,-1,-1,-1,-1,-1,-1,-1,-1,-1,0,0,0,0,0,0,-1,-1,-1,-1,-1,-1,-1,-1,-1,-1,-1,-1,0,0,0,0,0,0,-1,-1,-1,-1,-1,-1,-1,-1,-1,-1,-1,-1,-1,-1,False,False,0,0,False,209,0,0,0,0,0,0,0,0,0,0,0,0,0,0,0,1,
0,2230,2026-02-16 17:35:50Z,LLM_Empathetic,6.928262,7.221947,6.634577,0.617641,0,1.605426,0,0,0,0,0,0,5.496037,4.350365,6.641721,0.592854,0.702737,0.482971,7.397125,6.223441,8.570809,0.5901216,0,2.112522,7.198193,6.104963,8.291424,9.8588,10,9.515985,6.928262,7.221947,6.634577,0.617641,0,1.605426,0,0,0,0,0,0,5.496037,4.350365,6.641721,0.592854,0.702737,0.482971,7.397125,6.223441,8.570809,0.5901216,0,2.112522,7.198193,6.104963,8.291424,9.8588,10,9.515985,-1,-1,-1,-1,-1,-1,-1,-1,-1,-1,-1,-1,-1,-1,-1,-1,-1,-1,-1,-1,-1,-1,-1,-1,-1,-1,-1,-1,-1,-1,-1,-1,-1,-1,-1,-1,-1,-1,-1,-1,-1,-1,-1,-1,-1,-1,-1,-1,-1,-1,0,0,0,0,0,0,-1,-1,-1,-1,-1,-1,-1,-1,-1,-1,-1,-1,0,0,0,0,0,0,-1,-1,-1,-1,-1,-1,-1,-1,-1,-1,-1,-1,-1,-1,False,False,0,0,False,209,0,0,0,0,0,0,0,0,0,0,0,0,0,0,0,1,
0,2231,2026-02-16 17:35:50Z,LLM_Empathetic,6.928266,7.221948,6.634584,0.6176345,0,1.605422,0,0,0,0,0,0,5.496043,4.350366,6.641729,0.592854,0.702737,0.482971,7.397127,6.223439,8.570815,0.5901174,0,2.112518,7.1982,6.104967,8.291434,9.858813,10,9.516002,6.928266,7.221948,6.634584,0.6176345,0,1.605422,0,0,0,0,0,0,5.496043,4.350366,6.641729,0.592854,0.702737,0.482971,7.397127,6.223439,8.570815,0.5901174,0,2.112518,7.1982,6.104967,8.291434,9.858813,10,9.516002,-1,-1,-1,-1,-1,-1,-1,-1,-1,-1,-1,-1,-1,-1,-1,-1,-1,-1,-1,-1,-1,-1,-1,-1,-1,-1,-1,-1,-1,-1,-1,-1,-1,-1,-1,-1,-1,-1,-1,-1,-1,-1,-1,-1,-1,-1,-1,-1,-1,-1,0,0,0,0,0,0,-1,-1,-1,-1,-1,-1,-1,-1,-1,-1,-1,-1,0,0,0,0,0,0,-1,-1,-1,-1,-1,-1,-1,-1,-1,-1,-1,-1,-1,-1,False,False,0,0,False,209,0,0,0,0,0,0,0,0,0,0,0,0,0,0,0,1,
0,2232,2026-02-16 17:35:50Z,LLM_Empathetic,6.92827,7.221948,6.634592,0.617628,0,1.605419,0,0,0,0,0,0,5.496047,4.350368,6.641737,0.592854,0.702737,0.482971,7.397129,6.223438,8.570821,0.5901132,0,2.112514,7.198206,6.10497,8.291444,9.858827,10,9.516019,6.92827,7.221948,6.634592,0.617628,0,1.605419,0,0,0,0,0,0,5.496047,4.350368,6.641737,0.592854,0.702737,0.482971,7.397129,6.223438,8.570821,0.5901132,0,2.112514,7.198206,6.10497,8.291444,9.858827,10,9.516019,-1,-1,-1,-1,-1,-1,-1,-1,-1,-1,-1,-1,-1,-1,-1,-1,-1,-1,-1,-1,-1,-1,-1,-1,-1,-1,-1,-1,-1,-1,-1,-1,-1,-1,-1,-1,-1,-1,-1,-1,-1,-1,-1,-1,-1,-1,-1,-1,-1,-1,0,0,0,0,0,0,-1,-1,-1,-1,-1,-1,-1,-1,-1,-1,-1,-1,0,0,0,0,0,0,-1,-1,-1,-1,-1,-1,-1,-1,-1,-1,-1,-1,-1,-1,False,False,0,0,False,207,0,0,0,0,0,0,0,0,0,0,0,0,0,0,0,1,
0,2233,2026-02-16 17:35:50Z,LLM_Empathetic,6.928274,7.221949,6.634598,0.6176215,0,1.605415,0,0,0,0,0,0,5.496052,4.350369,6.641746,0.592854,0.702737,0.482971,7.397131,6.223437,8.570826,0.5901091,0,2.112509,7.198214,6.104974,8.291454,9.858841,10,9.516036,6.928274,7.221949,6.634598,0.6176215,0,1.605415,0,0,0,0,0,0,5.496052,4.350369,6.641746,0.592854,0.702737,0.482971,7.397131,6.223437,8.570826,0.5901091,0,2.112509,7.198214,6.104974,8.291454,9.858841,10,9.516036,-1,-1,-1,-1,-1,-1,-1,-1,-1,-1,-1,-1,-1,-1,-1,-1,-1,-1,-1,-1,-1,-1,-1,-1,-1,-1,-1,-1,-1,-1,-1,-1,-1,-1,-1,-1,-1,-1,-1,-1,-1,-1,-1,-1,-1,-1,-1,-1,-1,-1,0,0,0,0,0,0,-1,-1,-1,-1,-1,-1,-1,-1,-1,-1,-1,-1,0,0,0,0,0,0,-1,-1,-1,-1,-1,-1,-1,-1,-1,-1,-1,-1,-1,-1,False,False,0,0,False,209,0,0,0,0,0,0,0,0,0,0,0,0,0,0,0,1,
0,2234,2026-02-16 17:35:50Z,LLM_Empathetic,6.928277,7.22195,6.634605,0.617615,0,1.605412,0,0,0,0,0,0,5.496058,4.350371,6.641754,0.592854,0.702737,0.482971,7.397134,6.223436,8.570831,0.5901049,0,2.112505,7.19822,6.104978,8.291464,9.858854,10,9.516053,6.928277,7.22195,6.634605,0.617615,0,1.605412,0,0,0,0,0,0,5.496058,4.350371,6.641754,0.592854,0.702737,0.482971,7.397134,6.223436,8.570831,0.5901049,0,2.112505,7.19822,6.104978,8.291464,9.858854,10,9.516053,-1,-1,-1,-1,-1,-1,-1,-1,-1,-1,-1,-1,-1,-1,-1,-1,-1,-1,-1,-1,-1,-1,-1,-1,-1,-1,-1,-1,-1,-1,-1,-1,-1,-1,-1,-1,-1,-1,-1,-1,-1,-1,-1,-1,-1,-1,-1,-1,-1,-1,0,0,0,0,0,0,-1,-1,-1,-1,-1,-1,-1,-1,-1,-1,-1,-1,0,0,0,0,0,0,-1,-1,-1,-1,-1,-1,-1,-1,-1,-1,-1,-1,-1,-1,False,False,0,0,False,207,0,0,0,0,0,0,0,0,0,0,0,0,0,0,0,1,
0,2235,2026-02-16 17:35:50Z,LLM_Empathetic,6.928281,7.22195,6.634612,0.6176085,0,1.605408,0,0,0,0,0,0,5.496062,4.350373,6.641762,0.592854,0.702737,0.482971,7.397136,6.223435,8.570837,0.5901008,0,2.112501,7.198227,6.104981,8.291473,9.858868,10,9.516069,6.928281,7.22195,6.634612,0.6176085,0,1.605408,0,0,0,0,0,0,5.496062,4.350373,6.641762,0.592854,0.702737,0.482971,7.397136,6.223435,8.570837,0.5901008,0,2.112501,7.198227,6.104981,8.291473,9.858868,10,9.516069,-1,-1,-1,-1,-1,-1,-1,-1,-1,-1,-1,-1,-1,-1,-1,-1,-1,-1,-1,-1,-1,-1,-1,-1,-1,-1,-1,-1,-1,-1,-1,-1,-1,-1,-1,-1,-1,-1,-1,-1,-1,-1,-1,-1,-1,-1,-1,-1,-1,-1,0,0,0,0,0,0,-1,-1,-1,-1,-1,-1,-1,-1,-1,-1,-1,-1,0,0,0,0,0,0,-1,-1,-1,-1,-1,-1,-1,-1,-1,-1,-1,-1,-1,-1,False,False,0,0,False,207,0,0,0,0,0,0,0,0,0,0,0,0,0,0,0,1,
0,2236,2026-02-16 17:35:50Z,LLM_Empathetic,6.928285,7.221951,6.634619,0.6176021,0,1.605404,0,0,0,0,0,0,5.496067,4.350374,6.64177,0.592854,0.702737,0.482971,7.397138,6.223433,8.570843,0.5900966,0,2.112497,7.198234,6.104985,8.291484,9.858881,10,9.516087,6.928285,7.221951,6.634619,0.6176021,0,1.605404,0,0,0,0,0,0,5.496067,4.350374,6.64177,0.592854,0.702737,0.482971,7.397138,6.223433,8.570843,0.5900966,0,2.112497,7.198234,6.104985,8.291484,9.858881,10,9.516087,-1,-1,-1,-1,-1,-1,-1,-1,-1,-1,-1,-1,-1,-1,-1,-1,-1,-1,-1,-1,-1,-1,-1,-1,-1,-1,-1,-1,-1,-1,-1,-1,-1,-1,-1,-1,-1,-1,-1,-1,-1,-1,-1,-1,-1,-1,-1,-1,-1,-1,0,0,0,0,0,0,-1,-1,-1,-1,-1,-1,-1,-1,-1,-1,-1,-1,0,0,0,0,0,0,-1,-1,-1,-1,-1,-1,-1,-1,-1,-1,-1,-1,-1,-1,False,False,0,0,False,209,0,0,0,0,0,0,0,0,0,0,0,0,0,0,0,1,
0,2237,2026-02-16 17:35:50Z,LLM_Empathetic,6.928289,7.221951,6.634626,0.6175956,0,1.605401,0,0,0,0,0,0,5.496072,4.350376,6.641778,0.592854,0.702737,0.482971,7.397141,6.223433,8.570848,0.5900925,0,2.112493,7.198241,6.104989,8.291493,9.858895,10,9.516104,6.928289,7.221951,6.634626,0.6175956,0,1.605401,0,0,0,0,0,0,5.496072,4.350376,6.641778,0.592854,0.702737,0.482971,7.397141,6.223433,8.570848,0.5900925,0,2.112493,7.198241,6.104989,8.291493,9.858895,10,9.516104,-1,-1,-1,-1,-1,-1,-1,-1,-1,-1,-1,-1,-1,-1,-1,-1,-1,-1,-1,-1,-1,-1,-1,-1,-1,-1,-1,-1,-1,-1,-1,-1,-1,-1,-1,-1,-1,-1,-1,-1,-1,-1,-1,-1,-1,-1,-1,-1,-1,-1,0,0,0,0,0,0,-1,-1,-1,-1,-1,-1,-1,-1,-1,-1,-1,-1,0,0,0,0,0,0,-1,-1,-1,-1,-1,-1,-1,-1,-1,-1,-1,-1,-1,-1,False,False,0,0,False,207,0,0,0,0,0,0,0,0,0,0,0,0,0,0,0,1,
0,2238,2026-02-16 17:35:50Z,LLM_Empathetic,6.928293,7.221952,6.634633,0.6175891,0,1.605397,0,0,0,0,0,0,5.496077,4.350378,6.641787,0.592854,0.702737,0.482971,7.397142,6.223432,8.570854,0.5900883,0,2.112489,7.198247,6.104992,8.291504,9.858909,10,9.516121,6.928293,7.221952,6.634633,0.6175891,0,1.605397,0,0,0,0,0,0,5.496077,4.350378,6.641787,0.592854,0.702737,0.482971,7.397142,6.223432,8.570854,0.5900883,0,2.112489,7.198247,6.104992,8.291504,9.858909,10,9.516121,-1,-1,-1,-1,-1,-1,-1,-1,-1,-1,-1,-1,-1,-1,-1,-1,-1,-1,-1,-1,-1,-1,-1,-1,-1,-1,-1,-1,-1,-1,-1,-1,-1,-1,-1,-1,-1,-1,-1,-1,-1,-1,-1,-1,-1,-1,-1,-1,-1,-1,0,0,0,0,0,0,-1,-1,-1,-1,-1,-1,-1,-1,-1,-1,-1,-1,0,0,0,0,0,0,-1,-1,-1,-1,-1,-1,-1,-1,-1,-1,-1,-1,-1,-1,False,False,0,0,False,209,0,0,0,0,0,0,0,0,0,0,0,0,0,0,0,1,
0,2239,2026-02-16 17:35:50Z,LLM_Empathetic,6.928297,7.221953,6.63464,0.6175827,0,1.605394,0,0,0,0,0,0,5.496082,4.350379,6.641795,0.592854,0.702737,0.482971,7.397145,6.22343,8.57086,0.5900842,0,2.112484,7.198254,6.104996,8.291513,9.858922,10,9.516138,6.928297,7.221953,6.63464,0.6175827,0,1.605394,0,0,0,0,0,0,5.496082,4.350379,6.641795,0.592854,0.702737,0.482971,7.397145,6.22343,8.57086,0.5900842,0,2.112484,7.198254,6.104996,8.291513,9.858922,10,9.516138,-1,-1,-1,-1,-1,-1,-1,-1,-1,-1,-1,-1,-1,-1,-1,-1,-1,-1,-1,-1,-1,-1,-1,-1,-1,-1,-1,-1,-1,-1,-1,-1,-1,-1,-1,-1,-1,-1,-1,-1,-1,-1,-1,-1,-1,-1,-1,-1,-1,-1,0,0,0,0,0,0,-1,-1,-1,-1,-1,-1,-1,-1,-1,-1,-1,-1,0,0,0,0,0,0,-1,-1,-1,-1,-1,-1,-1,-1,-1,-1,-1,-1,-1,-1,False,False,0,0,False,207,0,0,0,0,0,0,0,0,0,0,0,0,0,0,0,1,
0,2240,2026-02-16 17:35:50Z,LLM_Empathetic,6.9283,7.221954,6.634647,0.6175762,0,1.60539,0,0,0,0,0,0,5.496087,4.350381,6.641803,0.592854,0.702737,0.482971,7.397147,6.223429,8.570866,0.59008,0,2.11248,7.198261,6.105,8.291523,9.858935,10,9.516155,6.9283,7.221954,6.634647,0.6175762,0,1.60539,0,0,0,0,0,0,5.496087,4.350381,6.641803,0.592854,0.702737,0.482971,7.397147,6.223429,8.570866,0.59008,0,2.11248,7.198261,6.105,8.291523,9.858935,10,9.516155,-1,-1,-1,-1,-1,-1,-1,-1,-1,-1,-1,-1,-1,-1,-1,-1,-1,-1,-1,-1,-1,-1,-1,-1,-1,-1,-1,-1,-1,-1,-1,-1,-1,-1,-1,-1,-1,-1,-1,-1,-1,-1,-1,-1,-1,-1,-1,-1,-1,-1,0,0,0,0,0,0,-1,-1,-1,-1,-1,-1,-1,-1,-1,-1,-1,-1,0,0,0,0,0,0,-1,-1,-1,-1,-1,-1,-1,-1,-1,-1,-1,-1,-1,-1,False,False,0,0,False,209,0,0,0,0,0,0,0,0,0,0,0,0,0,0,0,1,
0,2241,2026-02-16 17:35:50Z,LLM_Empathetic,6.928304,7.221954,6.634654,0.6175697,0,1.605387,0,0,0,0,0,0,5.496092,4.350382,6.641811,0.592854,0.702737,0.482971,7.397149,6.223428,8.570871,0.5900759,0,2.112476,7.198268,6.105003,8.291533,9.858949,10,9.516172,6.928304,7.221954,6.634654,0.6175697,0,1.605387,0,0,0,0,0,0,5.496092,4.350382,6.641811,0.592854,0.702737,0.482971,7.397149,6.223428,8.570871,0.5900759,0,2.112476,7.198268,6.105003,8.291533,9.858949,10,9.516172,-1,-1,-1,-1,-1,-1,-1,-1,-1,-1,-1,-1,-1,-1,-1,-1,-1,-1,-1,-1,-1,-1,-1,-1,-1,-1,-1,-1,-1,-1,-1,-1,-1,-1,-1,-1,-1,-1,-1,-1,-1,-1,-1,-1,-1,-1,-1,-1,-1,-1,0,0,0,0,0,0,-1,-1,-1,-1,-1,-1,-1,-1,-1,-1,-1,-1,0,0,0,0,0,0,-1,-1,-1,-1,-1,-1,-1,-1,-1,-1,-1,-1,-1,-1,False,False,0,0,False,207,0,0,0,0,0,0,0,0,0,0,0,0,0,0,0,1,
0,2242,2026-02-16 17:35:51Z,LLM_Empathetic,6.928308,7.221955,6.634661,0.6175633,0,1.605383,0,0,0,0,0,0,5.496097,4.350384,6.641819,0.592854,0.702737,0.482971,7.397151,6.223427,8.570876,0.5900718,0,2.112472,7.198275,6.105007,8.291543,9.858963,10,9.516189,6.928308,7.221955,6.634661,0.6175633,0,1.605383,0,0,0,0,0,0,5.496097,4.350384,6.641819,0.592854,0.702737,0.482971,7.397151,6.223427,8.570876,0.5900718,0,2.112472,7.198275,6.105007,8.291543,9.858963,10,9.516189,-1,-1,-1,-1,-1,-1,-1,-1,-1,-1,-1,-1,-1,-1,-1,-1,-1,-1,-1,-1,-1,-1,-1,-1,-1,-1,-1,-1,-1,-1,-1,-1,-1,-1,-1,-1,-1,-1,-1,-1,-1,-1,-1,-1,-1,-1,-1,-1,-1,-1,0,0,0,0,0,0,-1,-1,-1,-1,-1,-1,-1,-1,-1,-1,-1,-1,0,0,0,0,0,0,-1,-1,-1,-1,-1,-1,-1,-1,-1,-1,-1,-1,-1,-1,False,False,0,0,False,207,0,0,0,0,0,0,0,0,0,0,0,0,0,0,0,1,
0,2243,2026-02-16 17:35:51Z,LLM_Empathetic,6.928312,7.221956,6.634667,0.6175569,0,1.605379,0,0,0,0,0,0,5.496101,4.350386,6.641828,0.592854,0.702737,0.482971,7.397154,6.223426,8.570882,0.5900676,0,2.112468,7.198281,6.105011,8.291553,9.858976,10,9.516206,6.928312,7.221956,6.634667,0.6175569,0,1.605379,0,0,0,0,0,0,5.496101,4.350386,6.641828,0.592854,0.702737,0.482971,7.397154,6.223426,8.570882,0.5900676,0,2.112468,7.198281,6.105011,8.291553,9.858976,10,9.516206,-1,-1,-1,-1,-1,-1,-1,-1,-1,-1,-1,-1,-1,-1,-1,-1,-1,-1,-1,-1,-1,-1,-1,-1,-1,-1,-1,-1,-1,-1,-1,-1,-1,-1,-1,-1,-1,-1,-1,-1,-1,-1,-1,-1,-1,-1,-1,-1,-1,-1,0,0,0,0,0,0,-1,-1,-1,-1,-1,-1,-1,-1,-1,-1,-1,-1,0,0,0,0,0,0,-1,-1,-1,-1,-1,-1,-1,-1,-1,-1,-1,-1,-1,-1,False,False,0,0,False,209,0,0,0,0,0,0,0,0,0,0,0,0,0,0,0,1,
0,2244,2026-02-16 17:35:51Z,LLM_Empathetic,6.928316,7.221956,6.634675,0.6175504,0,1.605376,0,0,0,0,0,0,5.496106,4.350387,6.641836,0.592854,0.702737,0.482971,7.397156,6.223424,8.570888,0.5900635,0,2.112464,7.198288,6.105014,8.291563,9.85899,10,9.516223,6.928316,7.221956,6.634675,0.6175504,0,1.605376,0,0,0,0,0,0,5.496106,4.350387,6.641836,0.592854,0.702737,0.482971,7.397156,6.223424,8.570888,0.5900635,0,2.112464,7.198288,6.105014,8.291563,9.85899,10,9.516223,-1,-1,-1,-1,-1,-1,-1,-1,-1,-1,-1,-1,-1,-1,-1,-1,-1,-1,-1,-1,-1,-1,-1,-1,-1,-1,-1,-1,-1,-1,-1,-1,-1,-1,-1,-1,-1,-1,-1,-1,-1,-1,-1,-1,-1,-1,-1,-1,-1,-1,0,0,0,0,0,0,-1,-1,-1,-1,-1,-1,-1,-1,-1,-1,-1,-1,0,0,0,0,0,0,-1,-1,-1,-1,-1,-1,-1,-1,-1,-1,-1,-1,-1,-1,False,False,0,0,False,207,0,0,0,0,0,0,0,0,0,0,0,0,0,0,0,1,
0,2245,2026-02-16 17:35:51Z,LLM_Empathetic,6.928319,7.221957,6.634681,0.617544,0,1.605372,0,0,0,0,0,0,5.496111,4.350389,6.641844,0.592854,0.702737,0.482971,7.397158,6.223423,8.570893,0.5900594,0,2.11246,7.198295,6.105018,8.291573,9.859003,10,9.51624,6.928319,7.221957,6.634681,0.617544,0,1.605372,0,0,0,0,0,0,5.496111,4.350389,6.641844,0.592854,0.702737,0.482971,7.397158,6.223423,8.570893,0.5900594,0,2.11246,7.198295,6.105018,8.291573,9.859003,10,9.51624,-1,-1,-1,-1,-1,-1,-1,-1,-1,-1,-1,-1,-1,-1,-1,-1,-1,-1,-1,-1,-1,-1,-1,-1,-1,-1,-1,-1,-1,-1,-1,-1,-1,-1,-1,-1,-1,-1,-1,-1,-1,-1,-1,-1,-1,-1,-1,-1,-1,-1,0,0,0,0,0,0,-1,-1,-1,-1,-1,-1,-1,-1,-1,-1,-1,-1,0,0,0,0,0,0,-1,-1,-1,-1,-1,-1,-1,-1,-1,-1,-1,-1,-1,-1,False,False,0,0,False,209,0,0,0,0,0,0,0,0,0,0,0,0,0,0,0,1,
0,2246,2026-02-16 17:35:51Z,LLM_Empathetic,6.928323,7.221958,6.634688,0.6175376,0,1.605369,0,0,0,0,0,0,5.496116,4.35039,6.641852,0.592854,0.702737,0.482971,7.397161,6.223422,8.570899,0.5900553,0,2.112456,7.198302,6.105021,8.291582,9.859016,10,9.516257,6.928323,7.221958,6.634688,0.6175376,0,1.605369,0,0,0,0,0,0,5.496116,4.35039,6.641852,0.592854,0.702737,0.482971,7.397161,6.223422,8.570899,0.5900553,0,2.112456,7.198302,6.105021,8.291582,9.859016,10,9.516257,-1,-1,-1,-1,-1,-1,-1,-1,-1,-1,-1,-1,-1,-1,-1,-1,-1,-1,-1,-1,-1,-1,-1,-1,-1,-1,-1,-1,-1,-1,-1,-1,-1,-1,-1,-1,-1,-1,-1,-1,-1,-1,-1,-1,-1,-1,-1,-1,-1,-1,0,0,0,0,0,0,-1,-1,-1,-1,-1,-1,-1,-1,-1,-1,-1,-1,0,0,0,0,0,0,-1,-1,-1,-1,-1,-1,-1,-1,-1,-1,-1,-1,-1,-1,False,False,0,0,False,209,0,0,0,0,0,0,0,0,0,0,0,0,0,0,0,1,
0,2247,2026-02-16 17:35:51Z,LLM_Empathetic,6.928327,7.221959,6.634695,0.6175311,0,1.605365,0,0,0,0,0,0,5.496121,4.350392,6.64186,0.592854,0.702737,0.482971,7.397162,6.223421,8.570905,0.5900512,0,2.112452,7.198308,6.105025,8.291593,9.859031,10,9.516273,6.928327,7.221959,6.634695,0.6175311,0,1.605365,0,0,0,0,0,0,5.496121,4.350392,6.64186,0.592854,0.702737,0.482971,7.397162,6.223421,8.570905,0.5900512,0,2.112452,7.198308,6.105025,8.291593,9.859031,10,9.516273,-1,-1,-1,-1,-1,-1,-1,-1,-1,-1,-1,-1,-1,-1,-1,-1,-1,-1,-1,-1,-1,-1,-1,-1,-1,-1,-1,-1,-1,-1,-1,-1,-1,-1,-1,-1,-1,-1,-1,-1,-1,-1,-1,-1,-1,-1,-1,-1,-1,-1,0,0,0,0,0,0,-1,-1,-1,-1,-1,-1,-1,-1,-1,-1,-1,-1,0,0,0,0,0,0,-1,-1,-1,-1,-1,-1,-1,-1,-1,-1,-1,-1,-1,-1,False,False,0,0,False,209,0,0,0,0,0,0,0,0,0,0,0,0,0,0,0,1,
0,2248,2026-02-16 17:35:51Z,LLM_Empathetic,6.92833,7.221959,6.634702,0.6175247,0,1.605362,0,0,0,0,0,0,5.496126,4.350394,6.641868,0.592854,0.702737,0.482971,7.397165,6.22342,8.57091,0.5900471,0,2.112448,7.198315,6.105029,8.291602,9.859044,10,9.516291,6.92833,7.221959,6.634702,0.6175247,0,1.605362,0,0,0,0,0,0,5.496126,4.350394,6.641868,0.592854,0.702737,0.482971,7.397165,6.22342,8.57091,0.5900471,0,2.112448,7.198315,6.105029,8.291602,9.859044,10,9.516291,-1,-1,-1,-1,-1,-1,-1,-1,-1,-1,-1,-1,-1,-1,-1,-1,-1,-1,-1,-1,-1,-1,-1,-1,-1,-1,-1,-1,-1,-1,-1,-1,-1,-1,-1,-1,-1,-1,-1,-1,-1,-1,-1,-1,-1,-1,-1,-1,-1,-1,0,0,0,0,0,0,-1,-1,-1,-1,-1,-1,-1,-1,-1,-1,-1,-1,0,0,0,0,0,0,-1,-1,-1,-1,-1,-1,-1,-1,-1,-1,-1,-1,-1,-1,False,False,0,0,False,209,0,0,0,0,0,0,0,0,0,0,0,0,0,0,0,1,