ParticipantID,UnityFrame,FrameTimeStamp,CurrentScene,Emo_Valence_Score,Emo_Valence_CI_Upper,Emo_Valence_CI_Lower,Emo_Arousal_Score,Emo_Arousal_CI_Upper,Emo_Arousal_CI_Lower,Emo_Fear_Score,Emo_Fear_CI_Upper,Emo_Fear_CI_Lower,Emo_Stress_Score,Emo_Stress_CI_Upper,Emo_Stress_CI_Lower,Emo_Happy_Score,Emo_Happy_CI_Upper,Emo_Happy_CI_Lower,Emo_Sad_Score,Emo_Sad_CI_Upper,Emo_Sad_CI_Lower,Emo_Bored_Score,Emo_Bored_CI_Upper,Emo_Bored_CI_Lower,Emo_Excited_Score,Emo_Excited_CI_Upper,Emo_Excited_CI_Lower,Emo_Content_Score,Emo_Content_CI_Upper,Emo_Content_CI_Lower,Emo_Calm_Score,Emo_Calm_CI_Upper,Emo_Calm_CI_Lower,Emo_Valence_Score,Emo_Valence_CI_Upper,Emo_Valence_CI_Lower,Emo_Arousal_Score,Emo_Arousal_CI_Upper,Emo_Arousal_CI_Lower,Emo_Fear_Score,Emo_Fear_CI_Upper,Emo_Fear_CI_Lower,Emo_Stress_Score,Emo_Stress_CI_Upper,Emo_Stress_CI_Lower,Emo_Happy_Score,Emo_Happy_CI_Upper,Emo_Happy_CI_Lower,Emo_Sad_Score,Emo_Sad_CI_Upper,Emo_Sad_CI_Lower,Emo_Bored_Score,Emo_Bored_CI_Upper,Emo_Bored_CI_Lower,Emo_Excited_Score,Emo_Excited_CI_Upper,Emo_Excited_CI_Lower,Emo_Content_Score,Emo_Content_CI_Upper,Emo_Content_CI_Lower,Emo_Calm_Score,Emo_Calm_CI_Upper,Emo_Calm_CI_Lower,Vive_Eye_Left_Blink,Vive_Eye_Left_Wide,Vive_Eye_Right_Blink,Vive_Eye_Right_Wide,Vive_Eye_Left_Squeeze,Vive_Eye_Right_Squeeze,Vive_Eye_Left_Down,Vive_Eye_Right_Down,Vive_Eye_Left_Out,Vive_Eye_Right_In,Vive_Eye_Left_In,Vive_Eye_Right_Out,Vive_Eye_Left_Up,Vive_Eye_Right_Up,Vive_Face_Jaw_Right,Vive_Face_Jaw_Left,Vive_Face_Jaw_Forward,Vive_Face_Jaw_Open,Vive_Face_Mouth_Ape_Shape,Vive_Face_Mouth_Upper_Right,Vive_Face_Mouth_Upper_Left,Vive_Face_Lower_Right,Vive_Face_Lower_Left,Vive_Face_Mouth_Upper_Overturn,Vive_Face_Mouth_Lower_Overturn,Vive_Face_Mouth_Pout,Vive_Face_Mouth_Smile_Right,Vive_Face_Mouth_Smile_Left,Vive_Face_Mouth_Sad_Right,Vive_Face_Mouth_Sad_Left,Vive_Face_Mouth_Puff_Right,Vive_Face_Mouth_Puff_left,Vive_Face_Mouth_Suck,Vive_Face_Mouth_Upper_UpRight,Vive_Face_Mouth_Upper_UpLeft,Vive_Face_Mouth_Lower_DownRight,Vive_Face_Mouth_Lower_DownLeft,Vive_Face_Mouth_Upper_Inside,Vive_Face_Mouth_Lower_Inside,Vive_Face_Tongue_Out_1,Vive_Face_Tongue_Left,Vive_Face_Tongue_Right,Vive_Face_Tongue_Up,Vive_Face_Tongue_Down,Vive_Face_Tongue_Roll,Vive_Face_Tongue_Out_2,Vive_Face_Tongue_Up_Right,Vive_Face_Tongue_Up_Left,Vive_Face_Tongue_Down_Right,Vive_Face_Tongue_Down_Left,EyeGaze_Local_Pos.x,EyeGaze_Local_Pos.y,EyeGaze_Local_Pos.z,EyeGaze_Local_Direction.x,EyeGaze_Local_Direction.y,EyeGaze_Local_Direction.z,LeftEyeGaze_Local_Pos.x,LeftEyeGaze_Local_Pos.y,LeftEyeGaze_Local_Pos.z,LeftEyeGaze_Local_Direction.x,LeftEyeGaze_Local_Direction.y,LeftEyeGaze_Local_Direction.z,RightEyeGaze_Local_Pos.x,RightEyeGaze_Local_Pos.y,RightEyeGaze_Local_Pos.z,RightEyeGaze_Local_Direction.x,RightEyeGaze_Local_Direction.y,RightEyeGaze_Local_Direction.z,EyeGaze_World_Pos.x,EyeGaze_World_Pos.y,EyeGaze_World_Pos.z,EyeGaze_World_Direction.x,EyeGaze_World_Direction.y,EyeGaze_World_Direction.z,LeftEyeGaze_World_Pos.x,LeftEyeGaze_World_Pos.y,LeftEyeGaze_World_Pos.z,LeftEyeGaze_World_Direction.x,LeftEyeGaze_World_Direction.y,LeftEyeGaze_World_Direction.z,RightEyeGaze_World_Pos.x,RightEyeGaze_World_Pos.y,RightEyeGaze_World_Pos.z,RightEyeGaze_World_Direction.x,RightEyeGaze_World_Direction.y,RightEyeGaze_World_Direction.z,PupilDilation_Left,PupilDilation_Right,EyeClosed_Left,EyeClosed_Right,CurrentBlink_Duration,CurrentBlink_Interval,GazeValid,Foveal_GrayScaleValue,Parafoveal_GrayScaleValue,Headpoint_GrayScaleValue,Image_GrayScaleValue,HMD_pX,HMD_pY,HMD_pZ,HMD_rX,HMD_rY,HMD_rZ,HMD_arX,HMD_arY,HMD_arZ,HMD_aqX,HMD_aqY,HMD_aqZ,HMD_aqW,
23414312,635,2026-02-23 13:59:28Z,,6.912142,7.219029,6.605255,0.6450372,0,1.620535,0,0,0,0,0,0,5.475306,4.343508,6.607113,0.592854,0.702737,0.482971,7.38767,6.228304,8.547036,0.6076655,0,2.130066,7.16941,6.08938,8.24944,9.801305,10,9.443826,6.912142,7.219029,6.605255,0.6450372,0,1.620535,0,0,0,0,0,0,5.475306,4.343508,6.607113,0.592854,0.702737,0.482971,7.38767,6.228304,8.547036,0.6076655,0,2.130066,7.16941,6.08938,8.24944,9.801305,10,9.443826,-1,-1,-1,-1,-1,-1,-1,-1,-1,-1,-1,-1,-1,-1,-1,-1,-1,-1,-1,-1,-1,-1,-1,-1,-1,-1,-1,-1,-1,-1,-1,-1,-1,-1,-1,-1,-1,-1,-1,-1,-1,-1,-1,-1,-1,-1,-1,-1,-1,-1,0,0,0,0,0,0,-1,-1,-1,-1,-1,-1,-1,-1,-1,-1,-1,-1,0,0,0,0,0,0,-1,-1,-1,-1,-1,-1,-1,-1,-1,-1,-1,-1,-1,-1,False,False,0,0,False,54,0,0,0,0,0,0,0,0,0,0,0,0,0,0,0,1,
23414312,636,2026-02-23 13:59:28Z,,6.912172,7.219035,6.605309,0.6449864,0,1.620507,0,0,0,0,0,0,5.475344,4.343521,6.607177,0.592854,0.702737,0.482971,7.387687,6.228295,8.54708,0.607633,0,2.130033,7.169463,6.089409,8.249518,9.801412,10,9.44396,6.912172,7.219035,6.605309,0.6449864,0,1.620507,0,0,0,0,0,0,5.475344,4.343521,6.607177,0.592854,0.702737,0.482971,7.387687,6.228295,8.54708,0.607633,0,2.130033,7.169463,6.089409,8.249518,9.801412,10,9.44396,-1,-1,-1,-1,-1,-1,-1,-1,-1,-1,-1,-1,-1,-1,-1,-1,-1,-1,-1,-1,-1,-1,-1,-1,-1,-1,-1,-1,-1,-1,-1,-1,-1,-1,-1,-1,-1,-1,-1,-1,-1,-1,-1,-1,-1,-1,-1,-1,-1,-1,0,0,0,0,0,0,-1,-1,-1,-1,-1,-1,-1,-1,-1,-1,-1,-1,0,0,0,0,0,0,-1,-1,-1,-1,-1,-1,-1,-1,-1,-1,-1,-1,-1,-1,False,False,0,0,False,54,0,0,0,0,0,0,0,0,0,0,0,0,0,0,0,1,
23414312,637,2026-02-23 13:59:28Z,,6.912202,7.21904,6.605364,0.6449357,0,1.620479,0,0,0,0,0,0,5.475382,4.343534,6.607242,0.592854,0.702737,0.482971,7.387705,6.228286,8.547124,0.6076005,0,2.130001,7.169517,6.089438,8.249596,9.801518,10,9.444094,6.912202,7.21904,6.605364,0.6449357,0,1.620479,0,0,0,0,0,0,5.475382,4.343534,6.607242,0.592854,0.702737,0.482971,7.387705,6.228286,8.547124,0.6076005,0,2.130001,7.169517,6.089438,8.249596,9.801518,10,9.444094,-1,-1,-1,-1,-1,-1,-1,-1,-1,-1,-1,-1,-1,-1,-1,-1,-1,-1,-1,-1,-1,-1,-1,-1,-1,-1,-1,-1,-1,-1,-1,-1,-1,-1,-1,-1,-1,-1,-1,-1,-1,-1,-1,-1,-1,-1,-1,-1,-1,-1,0,0,0,0,0,0,-1,-1,-1,-1,-1,-1,-1,-1,-1,-1,-1,-1,0,0,0,0,0,0,-1,-1,-1,-1,-1,-1,-1,-1,-1,-1,-1,-1,-1,-1,False,False,0,0,False,54,0,0,0,0,0,0,0,0,0,0,0,0,0,0,0,1,
23414312,638,2026-02-23 13:59:28Z,,6.912231,7.219045,6.605418,0.6448851,0,1.620451,0,0,0,0,0,0,5.47542,4.343546,6.607306,0.592854,0.702737,0.482971,7.387722,6.228277,8.547168,0.6075681,0,2.129968,7.169569,6.089467,8.249674,9.801624,10,9.444227,6.912231,7.219045,6.605418,0.6448851,0,1.620451,0,0,0,0,0,0,5.47542,4.343546,6.607306,0.592854,0.702737,0.482971,7.387722,6.228277,8.547168,0.6075681,0,2.129968,7.169569,6.089467,8.249674,9.801624,10,9.444227,-1,-1,-1,-1,-1,-1,-1,-1,-1,-1,-1,-1,-1,-1,-1,-1,-1,-1,-1,-1,-1,-1,-1,-1,-1,-1,-1,-1,-1,-1,-1,-1,-1,-1,-1,-1,-1,-1,-1,-1,-1,-1,-1,-1,-1,-1,-1,-1,-1,-1,0,0,0,0,0,0,-1,-1,-1,-1,-1,-1,-1,-1,-1,-1,-1,-1,0,0,0,0,0,0,-1,-1,-1,-1,-1,-1,-1,-1,-1,-1,-1,-1,-1,-1,False,False,0,0,False,54,0,0,0,0,0,0,0,0,0,0,0,0,0,0,0,1,
23414312,639,2026-02-23 13:59:28Z,,6.912261,7.219051,6.605472,0.6448347,0,1.620423,0,0,0,0,0,0,5.475459,4.343559,6.607369,0.592854,0.702737,0.482971,7.38774,6.228268,8.547212,0.6075358,0,2.129936,7.169623,6.089496,8.249751,9.80173,10,9.44436,6.912261,7.219051,6.605472,0.6448347,0,1.620423,0,0,0,0,0,0,5.475459,4.343559,6.607369,0.592854,0.702737,0.482971,7.38774,6.228268,8.547212,0.6075358,0,2.129936,7.169623,6.089496,8.249751,9.80173,10,9.44436,-1,-1,-1,-1,-1,-1,-1,-1,-1,-1,-1,-1,-1,-1,-1,-1,-1,-1,-1,-1,-1,-1,-1,-1,-1,-1,-1,-1,-1,-1,-1,-1,-1,-1,-1,-1,-1,-1,-1,-1,-1,-1,-1,-1,-1,-1,-1,-1,-1,-1,0,0,0,0,0,0,-1,-1,-1,-1,-1,-1,-1,-1,-1,-1,-1,-1,0,0,0,0,0,0,-1,-1,-1,-1,-1,-1,-1,-1,-1,-1,-1,-1,-1,-1,False,False,0,0,False,54,0,0,0,0,0,0,0,0,0,0,0,0,0,0,0,1,
23414312,640,2026-02-23 13:59:28Z,,6.912291,7.219056,6.605525,0.6447845,0,1.620395,0,0,0,0,0,0,5.475497,4.343571,6.607432,0.592854,0.702737,0.482971,7.387757,6.228259,8.547256,0.6075037,0,2.129904,7.169675,6.089524,8.249827,9.801836,10,9.444492,6.912291,7.219056,6.605525,0.6447845,0,1.620395,0,0,0,0,0,0,5.475497,4.343571,6.607432,0.592854,0.702737,0.482971,7.387757,6.228259,8.547256,0.6075037,0,2.129904,7.169675,6.089524,8.249827,9.801836,10,9.444492,-1,-1,-1,-1,-1,-1,-1,-1,-1,-1,-1,-1,-1,-1,-1,-1,-1,-1,-1,-1,-1,-1,-1,-1,-1,-1,-1,-1,-1,-1,-1,-1,-1,-1,-1,-1,-1,-1,-1,-1,-1,-1,-1,-1,-1,-1,-1,-1,-1,-1,0,0,0,0,0,0,-1,-1,-1,-1,-1,-1,-1,-1,-1,-1,-1,-1,0,0,0,0,0,0,-1,-1,-1,-1,-1,-1,-1,-1,-1,-1,-1,-1,-1,-1,False,False,0,0,False,54,0,0,0,0,0,0,0,0,0,0,0,0,0,0,0,1,
23414312,641,2026-02-23 13:59:28Z,,6.912321,7.219061,6.605579,0.6447343,0,1.620368,0,0,0,0,0,0,5.475535,4.343584,6.607496,0.592854,0.702737,0.482971,7.387774,6.228251,8.547299,0.6074715,0,2.129872,7.169728,6.089553,8.249905,9.801941,10,9.444624,6.912321,7.219061,6.605579,0.6447343,0,1.620368,0,0,0,0,0,0,5.475535,4.343584,6.607496,0.592854,0.702737,0.482971,7.387774,6.228251,8.547299,0.6074715,0,2.129872,7.169728,6.089553,8.249905,9.801941,10,9.444624,-1,-1,-1,-1,-1,-1,-1,-1,-1,-1,-1,-1,-1,-1,-1,-1,-1,-1,-1,-1,-1,-1,-1,-1,-1,-1,-1,-1,-1,-1,-1,-1,-1,-1,-1,-1,-1,-1,-1,-1,-1,-1,-1,-1,-1,-1,-1,-1,-1,-1,0,0,0,0,0,0,-1,-1,-1,-1,-1,-1,-1,-1,-1,-1,-1,-1,0,0,0,0,0,0,-1,-1,-1,-1,-1,-1,-1,-1,-1,-1,-1,-1,-1,-1,False,False,0,0,False,54,0,0,0,0,0,0,0,0,0,0,0,0,0,0,0,1,
23414312,642,2026-02-23 13:59:28Z,,6.91235,7.219067,6.605633,0.6446843,0,1.62034,0,0,0,0,0,0,5.475573,4.343596,6.607559,0.592854,0.702737,0.482971,7.387792,6.228241,8.547342,0.6074395,0,2.12984,7.169781,6.089581,8.249981,9.802046,10,9.444756,6.91235,7.219067,6.605633,0.6446843,0,1.62034,0,0,0,0,0,0,5.475573,4.343596,6.607559,0.592854,0.702737,0.482971,7.387792,6.228241,8.547342,0.6074395,0,2.12984,7.169781,6.089581,8.249981,9.802046,10,9.444756,-1,-1,-1,-1,-1,-1,-1,-1,-1,-1,-1,-1,-1,-1,-1,-1,-1,-1,-1,-1,-1,-1,-1,-1,-1,-1,-1,-1,-1,-1,-1,-1,-1,-1,-1,-1,-1,-1,-1,-1,-1,-1,-1,-1,-1,-1,-1,-1,-1,-1,0,0,0,0,0,0,-1,-1,-1,-1,-1,-1,-1,-1,-1,-1,-1,-1,0,0,0,0,0,0,-1,-1,-1,-1,-1,-1,-1,-1,-1,-1,-1,-1,-1,-1,False,False,0,0,False,54,0,0,0,0,0,0,0,0,0,0,0,0,0,0,0,1,
23414312,643,2026-02-23 13:59:28Z,,6.912379,7.219072,6.605686,0.6446344,0,1.620313,0,0,0,0,0,0,5.47561,4.343609,6.607622,0.592854,0.702737,0.482971,7.387809,6.228232,8.547385,0.6074076,0,2.129808,7.169833,6.08961,8.250057,9.802151,10,9.444887,6.912379,7.219072,6.605686,0.6446344,0,1.620313,0,0,0,0,0,0,5.47561,4.343609,6.607622,0.592854,0.702737,0.482971,7.387809,6.228232,8.547385,0.6074076,0,2.129808,7.169833,6.08961,8.250057,9.802151,10,9.444887,-1,-1,-1,-1,-1,-1,-1,-1,-1,-1,-1,-1,-1,-1,-1,-1,-1,-1,-1,-1,-1,-1,-1,-1,-1,-1,-1,-1,-1,-1,-1,-1,-1,-1,-1,-1,-1,-1,-1,-1,-1,-1,-1,-1,-1,-1,-1,-1,-1,-1,0,0,0,0,0,0,-1,-1,-1,-1,-1,-1,-1,-1,-1,-1,-1,-1,0,0,0,0,0,0,-1,-1,-1,-1,-1,-1,-1,-1,-1,-1,-1,-1,-1,-1,False,False,0,0,False,54,0,0,0,0,0,0,0,0,0,0,0,0,0,0,0,1,
23414312,644,2026-02-23 13:59:28Z,,6.912408,7.219077,6.60574,0.6445847,0,1.620285,0,0,0,0,0,0,5.475648,4.343621,6.607685,0.592854,0.702737,0.482971,7.387826,6.228224,8.547429,0.6073757,0,2.129776,7.169886,6.089638,8.250134,9.802255,10,9.445018,6.912408,7.219077,6.60574,0.6445847,0,1.620285,0,0,0,0,0,0,5.475648,4.343621,6.607685,0.592854,0.702737,0.482971,7.387826,6.228224,8.547429,0.6073757,0,2.129776,7.169886,6.089638,8.250134,9.802255,10,9.445018,-1,-1,-1,-1,-1,-1,-1,-1,-1,-1,-1,-1,-1,-1,-1,-1,-1,-1,-1,-1,-1,-1,-1,-1,-1,-1,-1,-1,-1,-1,-1,-1,-1,-1,-1,-1,-1,-1,-1,-1,-1,-1,-1,-1,-1,-1,-1,-1,-1,-1,0,0,0,0,0,0,-1,-1,-1,-1,-1,-1,-1,-1,-1,-1,-1,-1,0,0,0,0,0,0,-1,-1,-1,-1,-1,-1,-1,-1,-1,-1,-1,-1,-1,-1,False,False,0,0,False,54,0,0,0,0,0,0,0,0,0,0,0,0,0,0,0,1,
23414312,645,2026-02-23 13:59:28Z,,6.912437,7.219082,6.605793,0.6445351,0,1.620258,0,0,0,0,0,0,5.475686,4.343634,6.607748,0.592854,0.702737,0.482971,7.387843,6.228215,8.547472,0.6073439,0,2.129744,7.169938,6.089666,8.25021,9.802359,10,9.445148,6.912437,7.219082,6.605793,0.6445351,0,1.620258,0,0,0,0,0,0,5.475686,4.343634,6.607748,0.592854,0.702737,0.482971,7.387843,6.228215,8.547472,0.6073439,0,2.129744,7.169938,6.089666,8.25021,9.802359,10,9.445148,-1,-1,-1,-1,-1,-1,-1,-1,-1,-1,-1,-1,-1,-1,-1,-1,-1,-1,-1,-1,-1,-1,-1,-1,-1,-1,-1,-1,-1,-1,-1,-1,-1,-1,-1,-1,-1,-1,-1,-1,-1,-1,-1,-1,-1,-1,-1,-1,-1,-1,0,0,0,0,0,0,-1,-1,-1,-1,-1,-1,-1,-1,-1,-1,-1,-1,0,0,0,0,0,0,-1,-1,-1,-1,-1,-1,-1,-1,-1,-1,-1,-1,-1,-1,False,False,0,0,False,54,0,0,0,0,0,0,0,0,0,0,0,0,0,0,0,1,
23414312,646,2026-02-23 13:59:28Z,,6.912467,7.219088,6.605845,0.6444856,0,1.620231,0,0,0,0,0,0,5.475723,4.343646,6.60781,0.592854,0.702737,0.482971,7.38786,6.228206,8.547515,0.6073123,0,2.129713,7.16999,6.089694,8.250286,9.802463,10,9.445279,6.912467,7.219088,6.605845,0.6444856,0,1.620231,0,0,0,0,0,0,5.475723,4.343646,6.60781,0.592854,0.702737,0.482971,7.38786,6.228206,8.547515,0.6073123,0,2.129713,7.16999,6.089694,8.250286,9.802463,10,9.445279,-1,-1,-1,-1,-1,-1,-1,-1,-1,-1,-1,-1,-1,-1,-1,-1,-1,-1,-1,-1,-1,-1,-1,-1,-1,-1,-1,-1,-1,-1,-1,-1,-1,-1,-1,-1,-1,-1,-1,-1,-1,-1,-1,-1,-1,-1,-1,-1,-1,-1,0,0,0,0,0,0,-1,-1,-1,-1,-1,-1,-1,-1,-1,-1,-1,-1,0,0,0,0,0,0,-1,-1,-1,-1,-1,-1,-1,-1,-1,-1,-1,-1,-1,-1,False,False,0,0,False,54,0,0,0,0,0,0,0,0,0,0,0,0,0,0,0,1,
23414312,647,2026-02-23 13:59:28Z,,6.912496,7.219093,6.605898,0.6444362,0,1.620203,0,0,0,0,0,0,5.47576,4.343658,6.607872,0.592854,0.702737,0.482971,7.387877,6.228198,8.547558,0.6072807,0,2.129681,7.170042,6.089722,8.250361,9.802567,10,9.445409,6.912496,7.219093,6.605898,0.6444362,0,1.620203,0,0,0,0,0,0,5.47576,4.343658,6.607872,0.592854,0.702737,0.482971,7.387877,6.228198,8.547558,0.6072807,0,2.129681,7.170042,6.089722,8.250361,9.802567,10,9.445409,-1,-1,-1,-1,-1,-1,-1,-1,-1,-1,-1,-1,-1,-1,-1,-1,-1,-1,-1,-1,-1,-1,-1,-1,-1,-1,-1,-1,-1,-1,-1,-1,-1,-1,-1,-1,-1,-1,-1,-1,-1,-1,-1,-1,-1,-1,-1,-1,-1,-1,0,0,0,0,0,0,-1,-1,-1,-1,-1,-1,-1,-1,-1,-1,-1,-1,0,0,0,0,0,0,-1,-1,-1,-1,-1,-1,-1,-1,-1,-1,-1,-1,-1,-1,False,False,0,0,False,54,0,0,0,0,0,0,0,0,0,0,0,0,0,0,0,1,
23414312,648,2026-02-23 13:59:28Z,,6.912525,7.219099,6.605951,0.644387,0,1.620176,0,0,0,0,0,0,5.475798,4.343671,6.607934,0.592854,0.702737,0.482971,7.387894,6.228189,8.547601,0.6072491,0,2.12965,7.170093,6.08975,8.250437,9.80267,10,9.445539,6.912525,7.219099,6.605951,0.644387,0,1.620176,0,0,0,0,0,0,5.475798,4.343671,6.607934,0.592854,0.702737,0.482971,7.387894,6.228189,8.547601,0.6072491,0,2.12965,7.170093,6.08975,8.250437,9.80267,10,9.445539,-1,-1,-1,-1,-1,-1,-1,-1,-1,-1,-1,-1,-1,-1,-1,-1,-1,-1,-1,-1,-1,-1,-1,-1,-1,-1,-1,-1,-1,-1,-1,-1,-1,-1,-1,-1,-1,-1,-1,-1,-1,-1,-1,-1,-1,-1,-1,-1,-1,-1,0,0,0,0,0,0,-1,-1,-1,-1,-1,-1,-1,-1,-1,-1,-1,-1,0,0,0,0,0,0,-1,-1,-1,-1,-1,-1,-1,-1,-1,-1,-1,-1,-1,-1,False,False,0,0,False,54,0,0,0,0,0,0,0,0,0,0,0,0,0,0,0,1,
23414312,649,2026-02-23 13:59:28Z,,6.912554,7.219104,6.606003,0.644338,0,1.620149,0,0,0,0,0,0,5.475835,4.343683,6.607996,0.592854,0.702737,0.482971,7.387911,6.22818,8.547643,0.6072177,0,2.129618,7.170145,6.089778,8.250512,9.802773,10,9.445668,6.912554,7.219104,6.606003,0.644338,0,1.620149,0,0,0,0,0,0,5.475835,4.343683,6.607996,0.592854,0.702737,0.482971,7.387911,6.22818,8.547643,0.6072177,0,2.129618,7.170145,6.089778,8.250512,9.802773,10,9.445668,-1,-1,-1,-1,-1,-1,-1,-1,-1,-1,-1,-1,-1,-1,-1,-1,-1,-1,-1,-1,-1,-1,-1,-1,-1,-1,-1,-1,-1,-1,-1,-1,-1,-1,-1,-1,-1,-1,-1,-1,-1,-1,-1,-1,-1,-1,-1,-1,-1,-1,0,0,0,0,0,0,-1,-1,-1,-1,-1,-1,-1,-1,-1,-1,-1,-1,0,0,0,0,0,0,-1,-1,-1,-1,-1,-1,-1,-1,-1,-1,-1,-1,-1,-1,False,False,0,0,False,54,0,0,0,0,0,0,0,0,0,0,0,0,0,0,0,1,
23414312,650,2026-02-23 13:59:28Z,,6.912582,7.219109,6.606056,0.644289,0,1.620122,0,0,0,0,0,0,5.475872,4.343695,6.608058,0.592854,0.702737,0.482971,7.387928,6.228171,8.547686,0.6071864,0,2.129587,7.170196,6.089806,8.250587,9.802876,10,9.445797,6.912582,7.219109,6.606056,0.644289,0,1.620122,0,0,0,0,0,0,5.475872,4.343695,6.608058,0.592854,0.702737,0.482971,7.387928,6.228171,8.547686,0.6071864,0,2.129587,7.170196,6.089806,8.250587,9.802876,10,9.445797,-1,-1,-1,-1,-1,-1,-1,-1,-1,-1,-1,-1,-1,-1,-1,-1,-1,-1,-1,-1,-1,-1,-1,-1,-1,-1,-1,-1,-1,-1,-1,-1,-1,-1,-1,-1,-1,-1,-1,-1,-1,-1,-1,-1,-1,-1,-1,-1,-1,-1,0,0,0,0,0,0,-1,-1,-1,-1,-1,-1,-1,-1,-1,-1,-1,-1,0,0,0,0,0,0,-1,-1,-1,-1,-1,-1,-1,-1,-1,-1,-1,-1,-1,-1,False,False,0,0,False,54,0,0,0,0,0,0,0,0,0,0,0,0,0,0,0,1,
23414312,651,2026-02-23 13:59:28Z,,6.912611,7.219114,6.606108,0.6442402,0,1.620095,0,0,0,0,0,0,5.475909,4.343708,6.60812,0.592854,0.702737,0.482971,7.387945,6.228163,8.547728,0.6071551,0,2.129555,7.170247,6.089834,8.250662,9.802978,10,9.445926,6.912611,7.219114,6.606108,0.6442402,0,1.620095,0,0,0,0,0,0,5.475909,4.343708,6.60812,0.592854,0.702737,0.482971,7.387945,6.228163,8.547728,0.6071551,0,2.129555,7.170247,6.089834,8.250662,9.802978,10,9.445926,-1,-1,-1,-1,-1,-1,-1,-1,-1,-1,-1,-1,-1,-1,-1,-1,-1,-1,-1,-1,-1,-1,-1,-1,-1,-1,-1,-1,-1,-1,-1,-1,-1,-1,-1,-1,-1,-1,-1,-1,-1,-1,-1,-1,-1,-1,-1,-1,-1,-1,0,0,0,0,0,0,-1,-1,-1,-1,-1,-1,-1,-1,-1,-1,-1,-1,0,0,0,0,0,0,-1,-1,-1,-1,-1,-1,-1,-1,-1,-1,-1,-1,-1,-1,False,False,0,0,False,54,0,0,0,0,0,0,0,0,0,0,0,0,0,0,0,1,
23414312,652,2026-02-23 13:59:28Z,,6.91264,7.219119,6.60616,0.6441916,0,1.620068,0,0,0,0,0,0,5.475945,4.343719,6.608181,0.592854,0.702737,0.482971,7.387962,6.228154,8.54777,0.607124,0,2.129524,7.170299,6.089861,8.250736,9.80308,10,9.446054,6.91264,7.219119,6.60616,0.6441916,0,1.620068,0,0,0,0,0,0,5.475945,4.343719,6.608181,0.592854,0.702737,0.482971,7.387962,6.228154,8.54777,0.607124,0,2.129524,7.170299,6.089861,8.250736,9.80308,10,9.446054,-1,-1,-1,-1,-1,-1,-1,-1,-1,-1,-1,-1,-1,-1,-1,-1,-1,-1,-1,-1,-1,-1,-1,-1,-1,-1,-1,-1,-1,-1,-1,-1,-1,-1,-1,-1,-1,-1,-1,-1,-1,-1,-1,-1,-1,-1,-1,-1,-1,-1,0,0,0,0,0,0,-1,-1,-1,-1,-1,-1,-1,-1,-1,-1,-1,-1,0,0,0,0,0,0,-1,-1,-1,-1,-1,-1,-1,-1,-1,-1,-1,-1,-1,-1,False,False,0,0,False,54,0,0,0,0,0,0,0,0,0,0,0,0,0,0,0,1,
23414312,653,2026-02-23 13:59:28Z,,6.912668,7.219124,6.606212,0.644143,0,1.620042,0,0,0,0,0,0,5.475982,4.343732,6.608243,0.592854,0.702737,0.482971,7.387979,6.228145,8.547812,0.6070929,0,2.129493,7.17035,6.089889,8.250811,9.803182,10,9.446181,6.912668,7.219124,6.606212,0.644143,0,1.620042,0,0,0,0,0,0,5.475982,4.343732,6.608243,0.592854,0.702737,0.482971,7.387979,6.228145,8.547812,0.6070929,0,2.129493,7.17035,6.089889,8.250811,9.803182,10,9.446181,-1,-1,-1,-1,-1,-1,-1,-1,-1,-1,-1,-1,-1,-1,-1,-1,-1,-1,-1,-1,-1,-1,-1,-1,-1,-1,-1,-1,-1,-1,-1,-1,-1,-1,-1,-1,-1,-1,-1,-1,-1,-1,-1,-1,-1,-1,-1,-1,-1,-1,0,0,0,0,0,0,-1,-1,-1,-1,-1,-1,-1,-1,-1,-1,-1,-1,0,0,0,0,0,0,-1,-1,-1,-1,-1,-1,-1,-1,-1,-1,-1,-1,-1,-1,False,False,0,0,False,54,0,0,0,0,0,0,0,0,0,0,0,0,0,0,0,1,
23414312,654,2026-02-23 13:59:28Z,,6.912697,7.21913,6.606264,0.6440946,0,1.620015,0,0,0,0,0,0,5.476019,4.343744,6.608304,0.592854,0.702737,0.482971,7.387995,6.228137,8.547854,0.6070619,0,2.129462,7.1704,6.089917,8.250885,9.803284,10,9.446309,6.912697,7.21913,6.606264,0.6440946,0,1.620015,0,0,0,0,0,0,5.476019,4.343744,6.608304,0.592854,0.702737,0.482971,7.387995,6.228137,8.547854,0.6070619,0,2.129462,7.1704,6.089917,8.250885,9.803284,10,9.446309,-1,-1,-1,-1,-1,-1,-1,-1,-1,-1,-1,-1,-1,-1,-1,-1,-1,-1,-1,-1,-1,-1,-1,-1,-1,-1,-1,-1,-1,-1,-1,-1,-1,-1,-1,-1,-1,-1,-1,-1,-1,-1,-1,-1,-1,-1,-1,-1,-1,-1,0,0,0,0,0,0,-1,-1,-1,-1,-1,-1,-1,-1,-1,-1,-1,-1,0,0,0,0,0,0,-1,-1,-1,-1,-1,-1,-1,-1,-1,-1,-1,-1,-1,-1,False,False,0,0,False,54,0,0,0,0,0,0,0,0,0,0,0,0,0,0,0,1,
23414312,655,2026-02-23 13:59:28Z,,6.912725,7.219135,6.606316,0.6440463,0,1.619988,0,0,0,0,0,0,5.476055,4.343756,6.608365,0.592854,0.702737,0.482971,7.388012,6.228128,8.547896,0.6070309,0,2.129431,7.170451,6.089944,8.250958,9.803385,10,9.446436,6.912725,7.219135,6.606316,0.6440463,0,1.619988,0,0,0,0,0,0,5.476055,4.343756,6.608365,0.592854,0.702737,0.482971,7.388012,6.228128,8.547896,0.6070309,0,2.129431,7.170451,6.089944,8.250958,9.803385,10,9.446436,-1,-1,-1,-1,-1,-1,-1,-1,-1,-1,-1,-1,-1,-1,-1,-1,-1,-1,-1,-1,-1,-1,-1,-1,-1,-1,-1,-1,-1,-1,-1,-1,-1,-1,-1,-1,-1,-1,-1,-1,-1,-1,-1,-1,-1,-1,-1,-1,-1,-1,0,0,0,0,0,0,-1,-1,-1,-1,-1,-1,-1,-1,-1,-1,-1,-1,0,0,0,0,0,0,-1,-1,-1,-1,-1,-1,-1,-1,-1,-1,-1,-1,-1,-1,False,False,0,0,False,54,0,0,0,0,0,0,0,0,0,0,0,0,0,0,0,1,
23414312,656,2026-02-23 13:59:28Z,,6.912754,7.21914,6.606367,0.6439981,0,1.619962,0,0,0,0,0,0,5.476092,4.343768,6.608426,0.592854,0.702737,0.482971,7.388029,6.22812,8.547937,0.6070001,0,2.1294,7.170502,6.089972,8.251033,9.803486,10,9.446563,6.912754,7.21914,6.606367,0.6439981,0,1.619962,0,0,0,0,0,0,5.476092,4.343768,6.608426,0.592854,0.702737,0.482971,7.388029,6.22812,8.547937,0.6070001,0,2.1294,7.170502,6.089972,8.251033,9.803486,10,9.446563,-1,-1,-1,-1,-1,-1,-1,-1,-1,-1,-1,-1,-1,-1,-1,-1,-1,-1,-1,-1,-1,-1,-1,-1,-1,-1,-1,-1,-1,-1,-1,-1,-1,-1,-1,-1,-1,-1,-1,-1,-1,-1,-1,-1,-1,-1,-1,-1,-1,-1,0,0,0,0,0,0,-1,-1,-1,-1,-1,-1,-1,-1,-1,-1,-1,-1,0,0,0,0,0,0,-1,-1,-1,-1,-1,-1,-1,-1,-1,-1,-1,-1,-1,-1,False,False,0,0,False,54,0,0,0,0,0,0,0,0,0,0,0,0,0,0,0,1,
23414312,657,2026-02-23 13:59:28Z,,6.912782,7.219145,6.606419,0.6439501,0,1.619935,0,0,0,0,0,0,5.476128,4.34378,6.608487,0.592854,0.702737,0.482971,7.388045,6.228111,8.547979,0.6069694,0,2.12937,7.170552,6.089999,8.251106,9.803587,10,9.44669,6.912782,7.219145,6.606419,0.6439501,0,1.619935,0,0,0,0,0,0,5.476128,4.34378,6.608487,0.592854,0.702737,0.482971,7.388045,6.228111,8.547979,0.6069694,0,2.12937,7.170552,6.089999,8.251106,9.803587,10,9.44669,-1,-1,-1,-1,-1,-1,-1,-1,-1,-1,-1,-1,-1,-1,-1,-1,-1,-1,-1,-1,-1,-1,-1,-1,-1,-1,-1,-1,-1,-1,-1,-1,-1,-1,-1,-1,-1,-1,-1,-1,-1,-1,-1,-1,-1,-1,-1,-1,-1,-1,0,0,0,0,0,0,-1,-1,-1,-1,-1,-1,-1,-1,-1,-1,-1,-1,0,0,0,0,0,0,-1,-1,-1,-1,-1,-1,-1,-1,-1,-1,-1,-1,-1,-1,False,False,0,0,False,54,0,0,0,0,0,0,0,0,0,0,0,0,0,0,0,1,
23414312,658,2026-02-23 13:59:28Z,,6.91281,7.21915,6.60647,0.6439022,0,1.619909,0,0,0,0,0,0,5.476164,4.343792,6.608547,0.592854,0.702737,0.482971,7.388062,6.228103,8.548021,0.6069387,0,2.129339,7.170602,6.090026,8.25118,9.803687,10,9.446815,6.91281,7.21915,6.60647,0.6439022,0,1.619909,0,0,0,0,0,0,5.476164,4.343792,6.608547,0.592854,0.702737,0.482971,7.388062,6.228103,8.548021,0.6069387,0,2.129339,7.170602,6.090026,8.25118,9.803687,10,9.446815,-1,-1,-1,-1,-1,-1,-1,-1,-1,-1,-1,-1,-1,-1,-1,-1,-1,-1,-1,-1,-1,-1,-1,-1,-1,-1,-1,-1,-1,-1,-1,-1,-1,-1,-1,-1,-1,-1,-1,-1,-1,-1,-1,-1,-1,-1,-1,-1,-1,-1,0,0,0,0,0,0,-1,-1,-1,-1,-1,-1,-1,-1,-1,-1,-1,-1,0,0,0,0,0,0,-1,-1,-1,-1,-1,-1,-1,-1,-1,-1,-1,-1,-1,-1,False,False,0,0,False,54,0,0,0,0,0,0,0,0,0,0,0,0,0,0,0,1,
23414312,659,2026-02-23 13:59:28Z,,6.912838,7.219155,6.606521,0.6438544,0,1.619882,0,0,0,0,0,0,5.476201,4.343804,6.608607,0.592854,0.702737,0.482971,7.388078,6.228094,8.548062,0.6069081,0,2.129308,7.170652,6.090053,8.251253,9.803787,10,9.446941,6.912838,7.219155,6.606521,0.6438544,0,1.619882,0,0,0,0,0,0,5.476201,4.343804,6.608607,0.592854,0.702737,0.482971,7.388078,6.228094,8.548062,0.6069081,0,2.129308,7.170652,6.090053,8.251253,9.803787,10,9.446941,-1,-1,-1,-1,-1,-1,-1,-1,-1,-1,-1,-1,-1,-1,-1,-1,-1,-1,-1,-1,-1,-1,-1,-1,-1,-1,-1,-1,-1,-1,-1,-1,-1,-1,-1,-1,-1,-1,-1,-1,-1,-1,-1,-1,-1,-1,-1,-1,-1,-1,0,0,0,0,0,0,-1,-1,-1,-1,-1,-1,-1,-1,-1,-1,-1,-1,0,0,0,0,0,0,-1,-1,-1,-1,-1,-1,-1,-1,-1,-1,-1,-1,-1,-1,False,False,0,0,False,54,0,0,0,0,0,0,0,0,0,0,0,0,0,0,0,1,
23414312,660,2026-02-23 13:59:28Z,,6.912866,7.21916,6.606572,0.6438068,0,1.619856,0,0,0,0,0,0,5.476237,4.343816,6.608667,0.592854,0.702737,0.482971,7.388094,6.228086,8.548103,0.6068776,0,2.129278,7.170702,6.09008,8.251326,9.803887,10,9.447067,6.912866,7.21916,6.606572,0.6438068,0,1.619856,0,0,0,0,0,0,5.476237,4.343816,6.608667,0.592854,0.702737,0.482971,7.388094,6.228086,8.548103,0.6068776,0,2.129278,7.170702,6.09008,8.251326,9.803887,10,9.447067,-1,-1,-1,-1,-1,-1,-1,-1,-1,-1,-1,-1,-1,-1,-1,-1,-1,-1,-1,-1,-1,-1,-1,-1,-1,-1,-1,-1,-1,-1,-1,-1,-1,-1,-1,-1,-1,-1,-1,-1,-1,-1,-1,-1,-1,-1,-1,-1,-1,-1,0,0,0,0,0,0,-1,-1,-1,-1,-1,-1,-1,-1,-1,-1,-1,-1,0,0,0,0,0,0,-1,-1,-1,-1,-1,-1,-1,-1,-1,-1,-1,-1,-1,-1,False,False,0,0,False,54,0,0,0,0,0,0,0,0,0,0,0,0,0,0,0,1,
23414312,661,2026-02-23 13:59:28Z,,6.912894,7.219165,6.606623,0.6437593,0,1.61983,0,0,0,0,0,0,5.476273,4.343828,6.608727,0.592854,0.702737,0.482971,7.388111,6.228077,8.548145,0.6068472,0,2.129247,7.170753,6.090107,8.251399,9.803988,10,9.447192,6.912894,7.219165,6.606623,0.6437593,0,1.61983,0,0,0,0,0,0,5.476273,4.343828,6.608727,0.592854,0.702737,0.482971,7.388111,6.228077,8.548145,0.6068472,0,2.129247,7.170753,6.090107,8.251399,9.803988,10,9.447192,-1,-1,-1,-1,-1,-1,-1,-1,-1,-1,-1,-1,-1,-1,-1,-1,-1,-1,-1,-1,-1,-1,-1,-1,-1,-1,-1,-1,-1,-1,-1,-1,-1,-1,-1,-1,-1,-1,-1,-1,-1,-1,-1,-1,-1,-1,-1,-1,-1,-1,0,0,0,0,0,0,-1,-1,-1,-1,-1,-1,-1,-1,-1,-1,-1,-1,0,0,0,0,0,0,-1,-1,-1,-1,-1,-1,-1,-1,-1,-1,-1,-1,-1,-1,False,False,0,0,False,54,0,0,0,0,0,0,0,0,0,0,0,0,0,0,0,1,
23414312,662,2026-02-23 13:59:28Z,,6.912922,7.21917,6.606674,0.6437119,0,1.619804,0,0,0,0,0,0,5.476308,4.34384,6.608788,0.592854,0.702737,0.482971,7.388127,6.228069,8.548186,0.6068168,0,2.129217,7.170803,6.090134,8.251472,9.804087,10,9.447317,6.912922,7.21917,6.606674,0.6437119,0,1.619804,0,0,0,0,0,0,5.476308,4.34384,6.608788,0.592854,0.702737,0.482971,7.388127,6.228069,8.548186,0.6068168,0,2.129217,7.170803,6.090134,8.251472,9.804087,10,9.447317,-1,-1,-1,-1,-1,-1,-1,-1,-1,-1,-1,-1,-1,-1,-1,-1,-1,-1,-1,-1,-1,-1,-1,-1,-1,-1,-1,-1,-1,-1,-1,-1,-1,-1,-1,-1,-1,-1,-1,-1,-1,-1,-1,-1,-1,-1,-1,-1,-1,-1,0,0,0,0,0,0,-1,-1,-1,-1,-1,-1,-1,-1,-1,-1,-1,-1,0,0,0,0,0,0,-1,-1,-1,-1,-1,-1,-1,-1,-1,-1,-1,-1,-1,-1,False,False,0,0,False,54,0,0,0,0,0,0,0,0,0,0,0,0,0,0,0,1,
23414312,663,2026-02-23 13:59:28Z,,6.91295,7.219175,6.606724,0.6436646,0,1.619778,0,0,0,0,0,0,5.476344,4.343852,6.608847,0.592854,0.702737,0.482971,7.388144,6.22806,8.548227,0.6067865,0,2.129187,7.170852,6.090161,8.251544,9.804186,10,9.447441,6.91295,7.219175,6.606724,0.6436646,0,1.619778,0,0,0,0,0,0,5.476344,4.343852,6.608847,0.592854,0.702737,0.482971,7.388144,6.22806,8.548227,0.6067865,0,2.129187,7.170852,6.090161,8.251544,9.804186,10,9.447441,-1,-1,-1,-1,-1,-1,-1,-1,-1,-1,-1,-1,-1,-1,-1,-1,-1,-1,-1,-1,-1,-1,-1,-1,-1,-1,-1,-1,-1,-1,-1,-1,-1,-1,-1,-1,-1,-1,-1,-1,-1,-1,-1,-1,-1,-1,-1,-1,-1,-1,0,0,0,0,0,0,-1,-1,-1,-1,-1,-1,-1,-1,-1,-1,-1,-1,0,0,0,0,0,0,-1,-1,-1,-1,-1,-1,-1,-1,-1,-1,-1,-1,-1,-1,False,False,0,0,False,54,0,0,0,0,0,0,0,0,0,0,0,0,0,0,0,1,
23414312,664,2026-02-23 13:59:29Z,,6.912978,7.21918,6.606775,0.6436175,0,1.619752,0,0,0,0,0,0,5.47638,4.343863,6.608907,0.592854,0.702737,0.482971,7.38816,6.228052,8.548268,0.6067563,0,2.129157,7.170902,6.090188,8.251616,9.804285,10,9.447566,6.912978,7.21918,6.606775,0.6436175,0,1.619752,0,0,0,0,0,0,5.47638,4.343863,6.608907,0.592854,0.702737,0.482971,7.38816,6.228052,8.548268,0.6067563,0,2.129157,7.170902,6.090188,8.251616,9.804285,10,9.447566,-1,-1,-1,-1,-1,-1,-1,-1,-1,-1,-1,-1,-1,-1,-1,-1,-1,-1,-1,-1,-1,-1,-1,-1,-1,-1,-1,-1,-1,-1,-1,-1,-1,-1,-1,-1,-1,-1,-1,-1,-1,-1,-1,-1,-1,-1,-1,-1,-1,-1,0,0,0,0,0,0,-1,-1,-1,-1,-1,-1,-1,-1,-1,-1,-1,-1,0,0,0,0,0,0,-1,-1,-1,-1,-1,-1,-1,-1,-1,-1,-1,-1,-1,-1,False,False,0,0,False,54,0,0,0,0,0,0,0,0,0,0,0,0,0,0,0,1,
23414312,665,2026-02-23 13:59:29Z,,6.913005,7.219185,6.606825,0.6435704,0,1.619726,0,0,0,0,0,0,5.476416,4.343875,6.608966,0.592854,0.702737,0.482971,7.388176,6.228044,8.548309,0.6067262,0,2.129127,7.170951,6.090215,8.251688,9.804383,10,9.44769,6.913005,7.219185,6.606825,0.6435704,0,1.619726,0,0,0,0,0,0,5.476416,4.343875,6.608966,0.592854,0.702737,0.482971,7.388176,6.228044,8.548309,0.6067262,0,2.129127,7.170951,6.090215,8.251688,9.804383,10,9.44769,-1,-1,-1,-1,-1,-1,-1,-1,-1,-1,-1,-1,-1,-1,-1,-1,-1,-1,-1,-1,-1,-1,-1,-1,-1,-1,-1,-1,-1,-1,-1,-1,-1,-1,-1,-1,-1,-1,-1,-1,-1,-1,-1,-1,-1,-1,-1,-1,-1,-1,0,0,0,0,0,0,-1,-1,-1,-1,-1,-1,-1,-1,-1,-1,-1,-1,0,0,0,0,0,0,-1,-1,-1,-1,-1,-1,-1,-1,-1,-1,-1,-1,-1,-1,False,False,0,0,False,54,0,0,0,0,0,0,0,0,0,0,0,0,0,0,0,1,
23414312,666,2026-02-23 13:59:29Z,,6.913033,7.21919,6.606875,0.6435235,0,1.6197,0,0,0,0,0,0,5.476451,4.343887,6.609025,0.592854,0.702737,0.482971,7.388192,6.228035,8.548349,0.6066962,0,2.129097,7.171,6.090241,8.25176,9.804482,10,9.447813,6.913033,7.21919,6.606875,0.6435235,0,1.6197,0,0,0,0,0,0,5.476451,4.343887,6.609025,0.592854,0.702737,0.482971,7.388192,6.228035,8.548349,0.6066962,0,2.129097,7.171,6.090241,8.25176,9.804482,10,9.447813,-1,-1,-1,-1,-1,-1,-1,-1,-1,-1,-1,-1,-1,-1,-1,-1,-1,-1,-1,-1,-1,-1,-1,-1,-1,-1,-1,-1,-1,-1,-1,-1,-1,-1,-1,-1,-1,-1,-1,-1,-1,-1,-1,-1,-1,-1,-1,-1,-1,-1,0,0,0,0,0,0,-1,-1,-1,-1,-1,-1,-1,-1,-1,-1,-1,-1,0,0,0,0,0,0,-1,-1,-1,-1,-1,-1,-1,-1,-1,-1,-1,-1,-1,-1,False,False,0,0,False,54,0,0,0,0,0,0,0,0,0,0,0,0,0,0,0,1,
23414312,667,2026-02-23 13:59:29Z,,6.91306,7.219195,6.606925,0.6434768,0,1.619674,0,0,0,0,0,0,5.476486,4.343899,6.609085,0.592854,0.702737,0.482971,7.388208,6.228027,8.54839,0.6066662,0,2.129067,7.17105,6.090268,8.251832,9.80458,10,9.447936,6.91306,7.219195,6.606925,0.6434768,0,1.619674,0,0,0,0,0,0,5.476486,4.343899,6.609085,0.592854,0.702737,0.482971,7.388208,6.228027,8.54839,0.6066662,0,2.129067,7.17105,6.090268,8.251832,9.80458,10,9.447936,-1,-1,-1,-1,-1,-1,-1,-1,-1,-1,-1,-1,-1,-1,-1,-1,-1,-1,-1,-1,-1,-1,-1,-1,-1,-1,-1,-1,-1,-1,-1,-1,-1,-1,-1,-1,-1,-1,-1,-1,-1,-1,-1,-1,-1,-1,-1,-1,-1,-1,0,0,0,0,0,0,-1,-1,-1,-1,-1,-1,-1,-1,-1,-1,-1,-1,0,0,0,0,0,0,-1,-1,-1,-1,-1,-1,-1,-1,-1,-1,-1,-1,-1,-1,False,False,0,0,False,54,0,0,0,0,0,0,0,0,0,0,0,0,0,0,0,1,
23414312,668,2026-02-23 13:59:29Z,,6.913088,7.2192,6.606975,0.6434301,0,1.619648,0,0,0,0,0,0,5.476521,4.34391,6.609143,0.592854,0.702737,0.482971,7.388225,6.228019,8.54843,0.6066363,0,2.129037,7.171098,6.090294,8.251904,9.804678,10,9.448059,6.913088,7.2192,6.606975,0.6434301,0,1.619648,0,0,0,0,0,0,5.476521,4.34391,6.609143,0.592854,0.702737,0.482971,7.388225,6.228019,8.54843,0.6066363,0,2.129037,7.171098,6.090294,8.251904,9.804678,10,9.448059,-1,-1,-1,-1,-1,-1,-1,-1,-1,-1,-1,-1,-1,-1,-1,-1,-1,-1,-1,-1,-1,-1,-1,-1,-1,-1,-1,-1,-1,-1,-1,-1,-1,-1,-1,-1,-1,-1,-1,-1,-1,-1,-1,-1,-1,-1,-1,-1,-1,-1,0,0,0,0,0,0,-1,-1,-1,-1,-1,-1,-1,-1,-1,-1,-1,-1,0,0,0,0,0,0,-1,-1,-1,-1,-1,-1,-1,-1,-1,-1,-1,-1,-1,-1,False,False,0,0,False,54,0,0,0,0,0,0,0,0,0,0,0,0,0,0,0,1,
23414312,669,2026-02-23 13:59:29Z,,6.913115,7.219205,6.607025,0.6433836,0,1.619623,0,0,0,0,0,0,5.476557,4.343922,6.609202,0.592854,0.702737,0.482971,7.388241,6.228011,8.548471,0.6066065,0,2.129007,7.171147,6.090321,8.251974,9.804775,10,9.448182,6.913115,7.219205,6.607025,0.6433836,0,1.619623,0,0,0,0,0,0,5.476557,4.343922,6.609202,0.592854,0.702737,0.482971,7.388241,6.228011,8.548471,0.6066065,0,2.129007,7.171147,6.090321,8.251974,9.804775,10,9.448182,-1,-1,-1,-1,-1,-1,-1,-1,-1,-1,-1,-1,-1,-1,-1,-1,-1,-1,-1,-1,-1,-1,-1,-1,-1,-1,-1,-1,-1,-1,-1,-1,-1,-1,-1,-1,-1,-1,-1,-1,-1,-1,-1,-1,-1,-1,-1,-1,-1,-1,0,0,0,0,0,0,-1,-1,-1,-1,-1,-1,-1,-1,-1,-1,-1,-1,0,0,0,0,0,0,-1,-1,-1,-1,-1,-1,-1,-1,-1,-1,-1,-1,-1,-1,False,False,0,0,False,54,0,0,0,0,0,0,0,0,0,0,0,0,0,0,0,1,
23414312,670,2026-02-23 13:59:29Z,,6.913143,7.21921,6.607075,0.6433371,0,1.619597,0,0,0,0,0,0,5.476592,4.343934,6.609261,0.592854,0.702737,0.482971,7.388257,6.228002,8.548512,0.6065768,0,2.128977,7.171196,6.090347,8.252046,9.804873,10,9.448304,6.913143,7.21921,6.607075,0.6433371,0,1.619597,0,0,0,0,0,0,5.476592,4.343934,6.609261,0.592854,0.702737,0.482971,7.388257,6.228002,8.548512,0.6065768,0,2.128977,7.171196,6.090347,8.252046,9.804873,10,9.448304,-1,-1,-1,-1,-1,-1,-1,-1,-1,-1,-1,-1,-1,-1,-1,-1,-1,-1,-1,-1,-1,-1,-1,-1,-1,-1,-1,-1,-1,-1,-1,-1,-1,-1,-1,-1,-1,-1,-1,-1,-1,-1,-1,-1,-1,-1,-1,-1,-1,-1,0,0,0,0,0,0,-1,-1,-1,-1,-1,-1,-1,-1,-1,-1,-1,-1,0,0,0,0,0,0,-1,-1,-1,-1,-1,-1,-1,-1,-1,-1,-1,-1,-1,-1,False,False,0,0,False,54,0,0,0,0,0,0,0,0,0,0,0,0,0,0,0,1,
23414312,671,2026-02-23 13:59:29Z,,6.91317,7.219215,6.607124,0.6432909,0,1.619572,0,0,0,0,0,0,5.476627,4.343945,6.609319,0.592854,0.702737,0.482971,7.388273,6.227994,8.548552,0.6065472,0,2.128947,7.171245,6.090374,8.252116,9.80497,10,9.448426,6.91317,7.219215,6.607124,0.6432909,0,1.619572,0,0,0,0,0,0,5.476627,4.343945,6.609319,0.592854,0.702737,0.482971,7.388273,6.227994,8.548552,0.6065472,0,2.128947,7.171245,6.090374,8.252116,9.80497,10,9.448426,-1,-1,-1,-1,-1,-1,-1,-1,-1,-1,-1,-1,-1,-1,-1,-1,-1,-1,-1,-1,-1,-1,-1,-1,-1,-1,-1,-1,-1,-1,-1,-1,-1,-1,-1,-1,-1,-1,-1,-1,-1,-1,-1,-1,-1,-1,-1,-1,-1,-1,0,0,0,0,0,0,-1,-1,-1,-1,-1,-1,-1,-1,-1,-1,-1,-1,0,0,0,0,0,0,-1,-1,-1,-1,-1,-1,-1,-1,-1,-1,-1,-1,-1,-1,False,False,0,0,False,54,0,0,0,0,0,0,0,0,0,0,0,0,0,0,0,1,
23414312,672,2026-02-23 13:59:29Z,,6.913197,7.21922,6.607173,0.6432447,0,1.619546,0,0,0,0,0,0,5.476662,4.343956,6.609377,0.592854,0.702737,0.482971,7.388288,6.227986,8.548592,0.6065176,0,2.128918,7.171293,6.0904,8.252188,9.805067,10,9.448547,6.913197,7.21922,6.607173,0.6432447,0,1.619546,0,0,0,0,0,0,5.476662,4.343956,6.609377,0.592854,0.702737,0.482971,7.388288,6.227986,8.548592,0.6065176,0,2.128918,7.171293,6.0904,8.252188,9.805067,10,9.448547,-1,-1,-1,-1,-1,-1,-1,-1,-1,-1,-1,-1,-1,-1,-1,-1,-1,-1,-1,-1,-1,-1,-1,-1,-1,-1,-1,-1,-1,-1,-1,-1,-1,-1,-1,-1,-1,-1,-1,-1,-1,-1,-1,-1,-1,-1,-1,-1,-1,-1,0,0,0,0,0,0,-1,-1,-1,-1,-1,-1,-1,-1,-1,-1,-1,-1,0,0,0,0,0,0,-1,-1,-1,-1,-1,-1,-1,-1,-1,-1,-1,-1,-1,-1,False,False,0,0,False,54,0,0,0,0,0,0,0,0,0,0,0,0,0,0,0,1,
23414312,673,2026-02-23 13:59:29Z,,6.913224,7.219225,6.607223,0.6431986,0,1.619521,0,0,0,0,0,0,5.476697,4.343968,6.609436,0.592854,0.702737,0.482971,7.388304,6.227978,8.548632,0.6064881,0,2.128889,7.171341,6.090426,8.252258,9.805163,10,9.448668,6.913224,7.219225,6.607223,0.6431986,0,1.619521,0,0,0,0,0,0,5.476697,4.343968,6.609436,0.592854,0.702737,0.482971,7.388304,6.227978,8.548632,0.6064881,0,2.128889,7.171341,6.090426,8.252258,9.805163,10,9.448668,-1,-1,-1,-1,-1,-1,-1,-1,-1,-1,-1,-1,-1,-1,-1,-1,-1,-1,-1,-1,-1,-1,-1,-1,-1,-1,-1,-1,-1,-1,-1,-1,-1,-1,-1,-1,-1,-1,-1,-1,-1,-1,-1,-1,-1,-1,-1,-1,-1,-1,0,0,0,0,0,0,-1,-1,-1,-1,-1,-1,-1,-1,-1,-1,-1,-1,0,0,0,0,0,0,-1,-1,-1,-1,-1,-1,-1,-1,-1,-1,-1,-1,-1,-1,False,False,0,0,False,54,0,0,0,0,0,0,0,0,0,0,0,0,0,0,0,1,
23414312,674,2026-02-23 13:59:29Z,,6.913251,7.21923,6.607272,0.6431527,0,1.619496,0,0,0,0,0,0,5.476732,4.34398,6.609494,0.592854,0.702737,0.482971,7.38832,6.22797,8.548672,0.6064587,0,2.128859,7.17139,6.090452,8.252328,9.80526,10,9.44879,6.913251,7.21923,6.607272,0.6431527,0,1.619496,0,0,0,0,0,0,5.476732,4.34398,6.609494,0.592854,0.702737,0.482971,7.38832,6.22797,8.548672,0.6064587,0,2.128859,7.17139,6.090452,8.252328,9.80526,10,9.44879,-1,-1,-1,-1,-1,-1,-1,-1,-1,-1,-1,-1,-1,-1,-1,-1,-1,-1,-1,-1,-1,-1,-1,-1,-1,-1,-1,-1,-1,-1,-1,-1,-1,-1,-1,-1,-1,-1,-1,-1,-1,-1,-1,-1,-1,-1,-1,-1,-1,-1,0,0,0,0,0,0,-1,-1,-1,-1,-1,-1,-1,-1,-1,-1,-1,-1,0,0,0,0,0,0,-1,-1,-1,-1,-1,-1,-1,-1,-1,-1,-1,-1,-1,-1,False,False,0,0,False,54,0,0,0,0,0,0,0,0,0,0,0,0,0,0,0,1,
23414312,675,2026-02-23 13:59:29Z,,6.913278,7.219234,6.607321,0.6431069,0,1.61947,0,0,0,0,0,0,5.476766,4.343991,6.609551,0.592854,0.702737,0.482971,7.388336,6.227962,8.548711,0.6064293,0,2.12883,7.171438,6.090478,8.252398,9.805356,10,9.448911,6.913278,7.219234,6.607321,0.6431069,0,1.61947,0,0,0,0,0,0,5.476766,4.343991,6.609551,0.592854,0.702737,0.482971,7.388336,6.227962,8.548711,0.6064293,0,2.12883,7.171438,6.090478,8.252398,9.805356,10,9.448911,-1,-1,-1,-1,-1,-1,-1,-1,-1,-1,-1,-1,-1,-1,-1,-1,-1,-1,-1,-1,-1,-1,-1,-1,-1,-1,-1,-1,-1,-1,-1,-1,-1,-1,-1,-1,-1,-1,-1,-1,-1,-1,-1,-1,-1,-1,-1,-1,-1,-1,0,0,0,0,0,0,-1,-1,-1,-1,-1,-1,-1,-1,-1,-1,-1,-1,0,0,0,0,0,0,-1,-1,-1,-1,-1,-1,-1,-1,-1,-1,-1,-1,-1,-1,False,False,0,0,False,54,0,0,0,0,0,0,0,0,0,0,0,0,0,0,0,1,
23414312,676,2026-02-23 13:59:29Z,,6.913305,7.21924,6.60737,0.6430612,0,1.619445,0,0,0,0,0,0,5.476801,4.344003,6.60961,0.592854,0.702737,0.482971,7.388352,6.227953,8.548751,0.6064001,0,2.1288,7.171486,6.090504,8.252468,9.805452,10,9.449031,6.913305,7.21924,6.60737,0.6430612,0,1.619445,0,0,0,0,0,0,5.476801,4.344003,6.60961,0.592854,0.702737,0.482971,7.388352,6.227953,8.548751,0.6064001,0,2.1288,7.171486,6.090504,8.252468,9.805452,10,9.449031,-1,-1,-1,-1,-1,-1,-1,-1,-1,-1,-1,-1,-1,-1,-1,-1,-1,-1,-1,-1,-1,-1,-1,-1,-1,-1,-1,-1,-1,-1,-1,-1,-1,-1,-1,-1,-1,-1,-1,-1,-1,-1,-1,-1,-1,-1,-1,-1,-1,-1,0,0,0,0,0,0,-1,-1,-1,-1,-1,-1,-1,-1,-1,-1,-1,-1,0,0,0,0,0,0,-1,-1,-1,-1,-1,-1,-1,-1,-1,-1,-1,-1,-1,-1,False,False,0,0,False,54,0,0,0,0,0,0,0,0,0,0,0,0,0,0,0,1,
23414312,677,2026-02-23 13:59:29Z,,6.913332,7.219244,6.607419,0.6430156,0,1.61942,0,0,0,0,0,0,5.476835,4.344014,6.609667,0.592854,0.702737,0.482971,7.388368,6.227945,8.54879,0.6063709,0,2.128771,7.171534,6.09053,8.252539,9.805548,10,9.449151,6.913332,7.219244,6.607419,0.6430156,0,1.61942,0,0,0,0,0,0,5.476835,4.344014,6.609667,0.592854,0.702737,0.482971,7.388368,6.227945,8.54879,0.6063709,0,2.128771,7.171534,6.09053,8.252539,9.805548,10,9.449151,-1,-1,-1,-1,-1,-1,-1,-1,-1,-1,-1,-1,-1,-1,-1,-1,-1,-1,-1,-1,-1,-1,-1,-1,-1,-1,-1,-1,-1,-1,-1,-1,-1,-1,-1,-1,-1,-1,-1,-1,-1,-1,-1,-1,-1,-1,-1,-1,-1,-1,0,0,0,0,0,0,-1,-1,-1,-1,-1,-1,-1,-1,-1,-1,-1,-1,0,0,0,0,0,0,-1,-1,-1,-1,-1,-1,-1,-1,-1,-1,-1,-1,-1,-1,False,False,0,0,False,54,0,0,0,0,0,0,0,0,0,0,0,0,0,0,0,1,
23414312,678,2026-02-23 13:59:29Z,,6.913358,7.219249,6.607468,0.6429701,0,1.619395,0,0,0,0,0,0,5.47687,4.344026,6.609725,0.592854,0.702737,0.482971,7.388383,6.227937,8.54883,0.6063418,0,2.128742,7.171582,6.090556,8.252608,9.805643,10,9.44927,6.913358,7.219249,6.607468,0.6429701,0,1.619395,0,0,0,0,0,0,5.47687,4.344026,6.609725,0.592854,0.702737,0.482971,7.388383,6.227937,8.54883,0.6063418,0,2.128742,7.171582,6.090556,8.252608,9.805643,10,9.44927,-1,-1,-1,-1,-1,-1,-1,-1,-1,-1,-1,-1,-1,-1,-1,-1,-1,-1,-1,-1,-1,-1,-1,-1,-1,-1,-1,-1,-1,-1,-1,-1,-1,-1,-1,-1,-1,-1,-1,-1,-1,-1,-1,-1,-1,-1,-1,-1,-1,-1,0,0,0,0,0,0,-1,-1,-1,-1,-1,-1,-1,-1,-1,-1,-1,-1,0,0,0,0,0,0,-1,-1,-1,-1,-1,-1,-1,-1,-1,-1,-1,-1,-1,-1,False,False,0,0,False,54,0,0,0,0,0,0,0,0,0,0,0,0,0,0,0,1,
23414312,679,2026-02-23 13:59:29Z,,6.913385,7.219254,6.607516,0.6429248,0,1.61937,0,0,0,0,0,0,5.476904,4.344037,6.609782,0.592854,0.702737,0.482971,7.388399,6.227929,8.548869,0.6063128,0,2.128713,7.171629,6.090582,8.252678,9.805738,10,9.44939,6.913385,7.219254,6.607516,0.6429248,0,1.61937,0,0,0,0,0,0,5.476904,4.344037,6.609782,0.592854,0.702737,0.482971,7.388399,6.227929,8.548869,0.6063128,0,2.128713,7.171629,6.090582,8.252678,9.805738,10,9.44939,-1,-1,-1,-1,-1,-1,-1,-1,-1,-1,-1,-1,-1,-1,-1,-1,-1,-1,-1,-1,-1,-1,-1,-1,-1,-1,-1,-1,-1,-1,-1,-1,-1,-1,-1,-1,-1,-1,-1,-1,-1,-1,-1,-1,-1,-1,-1,-1,-1,-1,0,0,0,0,0,0,-1,-1,-1,-1,-1,-1,-1,-1,-1,-1,-1,-1,0,0,0,0,0,0,-1,-1,-1,-1,-1,-1,-1,-1,-1,-1,-1,-1,-1,-1,False,False,0,0,False,54,0,0,0,0,0,0,0,0,0,0,0,0,0,0,0,1,
23414312,680,2026-02-23 13:59:29Z,,6.913412,7.219259,6.607564,0.6428795,0,1.619345,0,0,0,0,0,0,5.476938,4.344048,6.609839,0.592854,0.702737,0.482971,7.388414,6.227921,8.548908,0.6062838,0,2.128684,7.171677,6.090608,8.252747,9.805833,10,9.44951,6.913412,7.219259,6.607564,0.6428795,0,1.619345,0,0,0,0,0,0,5.476938,4.344048,6.609839,0.592854,0.702737,0.482971,7.388414,6.227921,8.548908,0.6062838,0,2.128684,7.171677,6.090608,8.252747,9.805833,10,9.44951,-1,-1,-1,-1,-1,-1,-1,-1,-1,-1,-1,-1,-1,-1,-1,-1,-1,-1,-1,-1,-1,-1,-1,-1,-1,-1,-1,-1,-1,-1,-1,-1,-1,-1,-1,-1,-1,-1,-1,-1,-1,-1,-1,-1,-1,-1,-1,-1,-1,-1,0,0,0,0,0,0,-1,-1,-1,-1,-1,-1,-1,-1,-1,-1,-1,-1,0,0,0,0,0,0,-1,-1,-1,-1,-1,-1,-1,-1,-1,-1,-1,-1,-1,-1,False,False,0,0,False,54,0,0,0,0,0,0,0,0,0,0,0,0,0,0,0,1,
23414312,681,2026-02-23 13:59:29Z,,6.913438,7.219264,6.607613,0.6428344,0,1.61932,0,0,0,0,0,0,5.476973,4.344059,6.609896,0.592854,0.702737,0.482971,7.38843,6.227913,8.548947,0.6062549,0,2.128655,7.171724,6.090633,8.252816,9.805928,10,9.449628,6.913438,7.219264,6.607613,0.6428344,0,1.61932,0,0,0,0,0,0,5.476973,4.344059,6.609896,0.592854,0.702737,0.482971,7.38843,6.227913,8.548947,0.6062549,0,2.128655,7.171724,6.090633,8.252816,9.805928,10,9.449628,-1,-1,-1,-1,-1,-1,-1,-1,-1,-1,-1,-1,-1,-1,-1,-1,-1,-1,-1,-1,-1,-1,-1,-1,-1,-1,-1,-1,-1,-1,-1,-1,-1,-1,-1,-1,-1,-1,-1,-1,-1,-1,-1,-1,-1,-1,-1,-1,-1,-1,0,0,0,0,0,0,-1,-1,-1,-1,-1,-1,-1,-1,-1,-1,-1,-1,0,0,0,0,0,0,-1,-1,-1,-1,-1,-1,-1,-1,-1,-1,-1,-1,-1,-1,False,False,0,0,False,54,0,0,0,0,0,0,0,0,0,0,0,0,0,0,0,1,
23414312,682,2026-02-23 13:59:29Z,,6.913465,7.219268,6.607661,0.6427894,0,1.619295,0,0,0,0,0,0,5.477006,4.34407,6.609952,0.592854,0.702737,0.482971,7.388446,6.227905,8.548986,0.6062261,0,2.128626,7.171772,6.090659,8.252885,9.806023,10,9.449746,6.913465,7.219268,6.607661,0.6427894,0,1.619295,0,0,0,0,0,0,5.477006,4.34407,6.609952,0.592854,0.702737,0.482971,7.388446,6.227905,8.548986,0.6062261,0,2.128626,7.171772,6.090659,8.252885,9.806023,10,9.449746,-1,-1,-1,-1,-1,-1,-1,-1,-1,-1,-1,-1,-1,-1,-1,-1,-1,-1,-1,-1,-1,-1,-1,-1,-1,-1,-1,-1,-1,-1,-1,-1,-1,-1,-1,-1,-1,-1,-1,-1,-1,-1,-1,-1,-1,-1,-1,-1,-1,-1,0,0,0,0,0,0,-1,-1,-1,-1,-1,-1,-1,-1,-1,-1,-1,-1,0,0,0,0,0,0,-1,-1,-1,-1,-1,-1,-1,-1,-1,-1,-1,-1,-1,-1,False,False,0,0,False,54,0,0,0,0,0,0,0,0,0,0,0,0,0,0,0,1,
23414312,683,2026-02-23 13:59:29Z,,6.913491,7.219273,6.607709,0.6427445,0,1.61927,0,0,0,0,0,0,5.47704,4.344082,6.610009,0.592854,0.702737,0.482971,7.388461,6.227897,8.549026,0.6061974,0,2.128598,7.171819,6.090684,8.252954,9.806116,10,9.449864,6.913491,7.219273,6.607709,0.6427445,0,1.61927,0,0,0,0,0,0,5.47704,4.344082,6.610009,0.592854,0.702737,0.482971,7.388461,6.227897,8.549026,0.6061974,0,2.128598,7.171819,6.090684,8.252954,9.806116,10,9.449864,-1,-1,-1,-1,-1,-1,-1,-1,-1,-1,-1,-1,-1,-1,-1,-1,-1,-1,-1,-1,-1,-1,-1,-1,-1,-1,-1,-1,-1,-1,-1,-1,-1,-1,-1,-1,-1,-1,-1,-1,-1,-1,-1,-1,-1,-1,-1,-1,-1,-1,0,0,0,0,0,0,-1,-1,-1,-1,-1,-1,-1,-1,-1,-1,-1,-1,0,0,0,0,0,0,-1,-1,-1,-1,-1,-1,-1,-1,-1,-1,-1,-1,-1,-1,False,False,0,0,False,54,0,0,0,0,0,0,0,0,0,0,0,0,0,0,0,1,
23414312,684,2026-02-23 13:59:29Z,,6.913517,7.219278,6.607757,0.6426998,0,1.619246,0,0,0,0,0,0,5.477074,4.344093,6.610066,0.592854,0.702737,0.482971,7.388476,6.227889,8.549065,0.6061687,0,2.128569,7.171865,6.09071,8.253022,9.806211,10,9.449983,6.913517,7.219278,6.607757,0.6426998,0,1.619246,0,0,0,0,0,0,5.477074,4.344093,6.610066,0.592854,0.702737,0.482971,7.388476,6.227889,8.549065,0.6061687,0,2.128569,7.171865,6.09071,8.253022,9.806211,10,9.449983,-1,-1,-1,-1,-1,-1,-1,-1,-1,-1,-1,-1,-1,-1,-1,-1,-1,-1,-1,-1,-1,-1,-1,-1,-1,-1,-1,-1,-1,-1,-1,-1,-1,-1,-1,-1,-1,-1,-1,-1,-1,-1,-1,-1,-1,-1,-1,-1,-1,-1,0,0,0,0,0,0,-1,-1,-1,-1,-1,-1,-1,-1,-1,-1,-1,-1,0,0,0,0,0,0,-1,-1,-1,-1,-1,-1,-1,-1,-1,-1,-1,-1,-1,-1,False,False,0,0,False,54,0,0,0,0,0,0,0,0,0,0,0,0,0,0,0,1,
23414312,685,2026-02-23 13:59:29Z,,6.913544,7.219283,6.607805,0.6426551,0,1.619221,0,0,0,0,0,0,5.477108,4.344104,6.610122,0.592854,0.702737,0.482971,7.388492,6.227881,8.549103,0.6061401,0,2.128541,7.171913,6.090735,8.253091,9.806304,10,9.4501,6.913544,7.219283,6.607805,0.6426551,0,1.619221,0,0,0,0,0,0,5.477108,4.344104,6.610122,0.592854,0.702737,0.482971,7.388492,6.227881,8.549103,0.6061401,0,2.128541,7.171913,6.090735,8.253091,9.806304,10,9.4501,-1,-1,-1,-1,-1,-1,-1,-1,-1,-1,-1,-1,-1,-1,-1,-1,-1,-1,-1,-1,-1,-1,-1,-1,-1,-1,-1,-1,-1,-1,-1,-1,-1,-1,-1,-1,-1,-1,-1,-1,-1,-1,-1,-1,-1,-1,-1,-1,-1,-1,0,0,0,0,0,0,-1,-1,-1,-1,-1,-1,-1,-1,-1,-1,-1,-1,0,0,0,0,0,0,-1,-1,-1,-1,-1,-1,-1,-1,-1,-1,-1,-1,-1,-1,False,False,0,0,False,54,0,0,0,0,0,0,0,0,0,0,0,0,0,0,0,1,
23414312,686,2026-02-23 13:59:29Z,,6.91357,7.219287,6.607852,0.6426105,0,1.619197,0,0,0,0,0,0,5.477142,4.344115,6.610178,0.592854,0.702737,0.482971,7.388507,6.227873,8.549142,0.6061115,0,2.128512,7.171959,6.090761,8.25316,9.806397,10,9.450217,6.91357,7.219287,6.607852,0.6426105,0,1.619197,0,0,0,0,0,0,5.477142,4.344115,6.610178,0.592854,0.702737,0.482971,7.388507,6.227873,8.549142,0.6061115,0,2.128512,7.171959,6.090761,8.25316,9.806397,10,9.450217,-1,-1,-1,-1,-1,-1,-1,-1,-1,-1,-1,-1,-1,-1,-1,-1,-1,-1,-1,-1,-1,-1,-1,-1,-1,-1,-1,-1,-1,-1,-1,-1,-1,-1,-1,-1,-1,-1,-1,-1,-1,-1,-1,-1,-1,-1,-1,-1,-1,-1,0,0,0,0,0,0,-1,-1,-1,-1,-1,-1,-1,-1,-1,-1,-1,-1,0,0,0,0,0,0,-1,-1,-1,-1,-1,-1,-1,-1,-1,-1,-1,-1,-1,-1,False,False,0,0,False,54,0,0,0,0,0,0,0,0,0,0,0,0,0,0,0,1,
23414312,687,2026-02-23 13:59:29Z,,6.913596,7.219292,6.6079,0.6425661,0,1.619172,0,0,0,0,0,0,5.477175,4.344127,6.610235,0.592854,0.702737,0.482971,7.388523,6.227865,8.54918,0.6060831,0,2.128484,7.172006,6.090786,8.253227,9.806491,10,9.450335,6.913596,7.219292,6.6079,0.6425661,0,1.619172,0,0,0,0,0,0,5.477175,4.344127,6.610235,0.592854,0.702737,0.482971,7.388523,6.227865,8.54918,0.6060831,0,2.128484,7.172006,6.090786,8.253227,9.806491,10,9.450335,-1,-1,-1,-1,-1,-1,-1,-1,-1,-1,-1,-1,-1,-1,-1,-1,-1,-1,-1,-1,-1,-1,-1,-1,-1,-1,-1,-1,-1,-1,-1,-1,-1,-1,-1,-1,-1,-1,-1,-1,-1,-1,-1,-1,-1,-1,-1,-1,-1,-1,0,0,0,0,0,0,-1,-1,-1,-1,-1,-1,-1,-1,-1,-1,-1,-1,0,0,0,0,0,0,-1,-1,-1,-1,-1,-1,-1,-1,-1,-1,-1,-1,-1,-1,False,False,0,0,False,54,0,0,0,0,0,0,0,0,0,0,0,0,0,0,0,1,
23414312,688,2026-02-23 13:59:29Z,,6.913622,7.219297,6.607947,0.6425218,0,1.619148,0,0,0,0,0,0,5.477209,4.344138,6.610291,0.592854,0.702737,0.482971,7.388538,6.227858,8.549219,0.6060547,0,2.128455,7.172053,6.090811,8.253295,9.806584,10,9.450452,6.913622,7.219297,6.607947,0.6425218,0,1.619148,0,0,0,0,0,0,5.477209,4.344138,6.610291,0.592854,0.702737,0.482971,7.388538,6.227858,8.549219,0.6060547,0,2.128455,7.172053,6.090811,8.253295,9.806584,10,9.450452,-1,-1,-1,-1,-1,-1,-1,-1,-1,-1,-1,-1,-1,-1,-1,-1,-1,-1,-1,-1,-1,-1,-1,-1,-1,-1,-1,-1,-1,-1,-1,-1,-1,-1,-1,-1,-1,-1,-1,-1,-1,-1,-1,-1,-1,-1,-1,-1,-1,-1,0,0,0,0,0,0,-1,-1,-1,-1,-1,-1,-1,-1,-1,-1,-1,-1,0,0,0,0,0,0,-1,-1,-1,-1,-1,-1,-1,-1,-1,-1,-1,-1,-1,-1,False,False,0,0,False,54,0,0,0,0,0,0,0,0,0,0,0,0,0,0,0,1,
23414312,689,2026-02-23 13:59:30Z,,6.913648,7.219302,6.607995,0.6424776,0,1.619123,0,0,0,0,0,0,5.477242,4.344149,6.610347,0.592854,0.702737,0.482971,7.388553,6.227849,8.549257,0.6060264,0,2.128427,7.172099,6.090836,8.253363,9.806677,10,9.450568,6.913648,7.219302,6.607995,0.6424776,0,1.619123,0,0,0,0,0,0,5.477242,4.344149,6.610347,0.592854,0.702737,0.482971,7.388553,6.227849,8.549257,0.6060264,0,2.128427,7.172099,6.090836,8.253363,9.806677,10,9.450568,-1,-1,-1,-1,-1,-1,-1,-1,-1,-1,-1,-1,-1,-1,-1,-1,-1,-1,-1,-1,-1,-1,-1,-1,-1,-1,-1,-1,-1,-1,-1,-1,-1,-1,-1,-1,-1,-1,-1,-1,-1,-1,-1,-1,-1,-1,-1,-1,-1,-1,0,0,0,0,0,0,-1,-1,-1,-1,-1,-1,-1,-1,-1,-1,-1,-1,0,0,0,0,0,0,-1,-1,-1,-1,-1,-1,-1,-1,-1,-1,-1,-1,-1,-1,False,False,0,0,False,54,0,0,0,0,0,0,0,0,0,0,0,0,0,0,0,1,
23414312,690,2026-02-23 13:59:30Z,,6.913674,7.219306,6.608042,0.6424335,0,1.619099,0,0,0,0,0,0,5.477276,4.34416,6.610402,0.592854,0.702737,0.482971,7.388568,6.227842,8.549295,0.6059982,0,2.128398,7.172145,6.090861,8.25343,9.806769,10,9.450684,6.913674,7.219306,6.608042,0.6424335,0,1.619099,0,0,0,0,0,0,5.477276,4.34416,6.610402,0.592854,0.702737,0.482971,7.388568,6.227842,8.549295,0.6059982,0,2.128398,7.172145,6.090861,8.25343,9.806769,10,9.450684,-1,-1,-1,-1,-1,-1,-1,-1,-1,-1,-1,-1,-1,-1,-1,-1,-1,-1,-1,-1,-1,-1,-1,-1,-1,-1,-1,-1,-1,-1,-1,-1,-1,-1,-1,-1,-1,-1,-1,-1,-1,-1,-1,-1,-1,-1,-1,-1,-1,-1,0,0,0,0,0,0,-1,-1,-1,-1,-1,-1,-1,-1,-1,-1,-1,-1,0,0,0,0,0,0,-1,-1,-1,-1,-1,-1,-1,-1,-1,-1,-1,-1,-1,-1,False,False,0,0,False,54,0,0,0,0,0,0,0,0,0,0,0,0,0,0,0,1,
23414312,691,2026-02-23 13:59:30Z,,6.9137,7.219311,6.608089,0.6423895,0,1.619075,0,0,0,0,0,0,5.477309,4.344171,6.610458,0.592854,0.702737,0.482971,7.388584,6.227834,8.549334,0.60597,0,2.12837,7.172192,6.090886,8.253498,9.806862,10,9.4508,6.9137,7.219311,6.608089,0.6423895,0,1.619075,0,0,0,0,0,0,5.477309,4.344171,6.610458,0.592854,0.702737,0.482971,7.388584,6.227834,8.549334,0.60597,0,2.12837,7.172192,6.090886,8.253498,9.806862,10,9.4508,-1,-1,-1,-1,-1,-1,-1,-1,-1,-1,-1,-1,-1,-1,-1,-1,-1,-1,-1,-1,-1,-1,-1,-1,-1,-1,-1,-1,-1,-1,-1,-1,-1,-1,-1,-1,-1,-1,-1,-1,-1,-1,-1,-1,-1,-1,-1,-1,-1,-1,0,0,0,0,0,0,-1,-1,-1,-1,-1,-1,-1,-1,-1,-1,-1,-1,0,0,0,0,0,0,-1,-1,-1,-1,-1,-1,-1,-1,-1,-1,-1,-1,-1,-1,False,False,0,0,False,54,0,0,0,0,0,0,0,0,0,0,0,0,0,0,0,1,
23414312,692,2026-02-23 13:59:30Z,,6.913726,7.219316,6.608136,0.6423457,0,1.61905,0,0,0,0,0,0,5.477342,4.344182,6.610513,0.592854,0.702737,0.482971,7.388599,6.227826,8.549372,0.6059419,0,2.128342,7.172238,6.090911,8.253565,9.806953,10,9.450915,6.913726,7.219316,6.608136,0.6423457,0,1.61905,0,0,0,0,0,0,5.477342,4.344182,6.610513,0.592854,0.702737,0.482971,7.388599,6.227826,8.549372,0.6059419,0,2.128342,7.172238,6.090911,8.253565,9.806953,10,9.450915,-1,-1,-1,-1,-1,-1,-1,-1,-1,-1,-1,-1,-1,-1,-1,-1,-1,-1,-1,-1,-1,-1,-1,-1,-1,-1,-1,-1,-1,-1,-1,-1,-1,-1,-1,-1,-1,-1,-1,-1,-1,-1,-1,-1,-1,-1,-1,-1,-1,-1,0,0,0,0,0,0,-1,-1,-1,-1,-1,-1,-1,-1,-1,-1,-1,-1,0,0,0,0,0,0,-1,-1,-1,-1,-1,-1,-1,-1,-1,-1,-1,-1,-1,-1,False,False,0,0,False,54,0,0,0,0,0,0,0,0,0,0,0,0,0,0,0,1,
23414312,693,2026-02-23 13:59:30Z,,6.913752,7.21932,6.608183,0.6423019,0,1.619026,0,0,0,0,0,0,5.477376,4.344193,6.610569,0.592854,0.702737,0.482971,7.388614,6.227818,8.54941,0.6059139,0,2.128314,7.172284,6.090936,8.253633,9.807046,10,9.451031,6.913752,7.21932,6.608183,0.6423019,0,1.619026,0,0,0,0,0,0,5.477376,4.344193,6.610569,0.592854,0.702737,0.482971,7.388614,6.227818,8.54941,0.6059139,0,2.128314,7.172284,6.090936,8.253633,9.807046,10,9.451031,-1,-1,-1,-1,-1,-1,-1,-1,-1,-1,-1,-1,-1,-1,-1,-1,-1,-1,-1,-1,-1,-1,-1,-1,-1,-1,-1,-1,-1,-1,-1,-1,-1,-1,-1,-1,-1,-1,-1,-1,-1,-1,-1,-1,-1,-1,-1,-1,-1,-1,0,0,0,0,0,0,-1,-1,-1,-1,-1,-1,-1,-1,-1,-1,-1,-1,0,0,0,0,0,0,-1,-1,-1,-1,-1,-1,-1,-1,-1,-1,-1,-1,-1,-1,False,False,0,0,False,54,0,0,0,0,0,0,0,0,0,0,0,0,0,0,0,1,
23414312,694,2026-02-23 13:59:30Z,,6.913777,7.219325,6.60823,0.6422582,0,1.619002,0,0,0,0,0,0,5.477408,4.344203,6.610624,0.592854,0.702737,0.482971,7.388629,6.227811,8.549448,0.6058859,0,2.128286,7.172329,6.090961,8.253699,9.807137,10,9.451146,6.913777,7.219325,6.60823,0.6422582,0,1.619002,0,0,0,0,0,0,5.477408,4.344203,6.610624,0.592854,0.702737,0.482971,7.388629,6.227811,8.549448,0.6058859,0,2.128286,7.172329,6.090961,8.253699,9.807137,10,9.451146,-1,-1,-1,-1,-1,-1,-1,-1,-1,-1,-1,-1,-1,-1,-1,-1,-1,-1,-1,-1,-1,-1,-1,-1,-1,-1,-1,-1,-1,-1,-1,-1,-1,-1,-1,-1,-1,-1,-1,-1,-1,-1,-1,-1,-1,-1,-1,-1,-1,-1,0,0,0,0,0,0,-1,-1,-1,-1,-1,-1,-1,-1,-1,-1,-1,-1,0,0,0,0,0,0,-1,-1,-1,-1,-1,-1,-1,-1,-1,-1,-1,-1,-1,-1,False,False,0,0,False,54,0,0,0,0,0,0,0,0,0,0,0,0,0,0,0,1,
23414312,695,2026-02-23 13:59:30Z,,6.913803,7.21933,6.608276,0.6422147,0,1.618978,0,0,0,0,0,0,5.477441,4.344214,6.610679,0.592854,0.702737,0.482971,7.388644,6.227803,8.549485,0.605858,0,2.128258,7.172375,6.090986,8.253766,9.807229,10,9.451261,6.913803,7.21933,6.608276,0.6422147,0,1.618978,0,0,0,0,0,0,5.477441,4.344214,6.610679,0.592854,0.702737,0.482971,7.388644,6.227803,8.549485,0.605858,0,2.128258,7.172375,6.090986,8.253766,9.807229,10,9.451261,-1,-1,-1,-1,-1,-1,-1,-1,-1,-1,-1,-1,-1,-1,-1,-1,-1,-1,-1,-1,-1,-1,-1,-1,-1,-1,-1,-1,-1,-1,-1,-1,-1,-1,-1,-1,-1,-1,-1,-1,-1,-1,-1,-1,-1,-1,-1,-1,-1,-1,0,0,0,0,0,0,-1,-1,-1,-1,-1,-1,-1,-1,-1,-1,-1,-1,0,0,0,0,0,0,-1,-1,-1,-1,-1,-1,-1,-1,-1,-1,-1,-1,-1,-1,False,False,0,0,False,54,0,0,0,0,0,0,0,0,0,0,0,0,0,0,0,1,
23414312,696,2026-02-23 13:59:30Z,,6.913828,7.219334,6.608323,0.6421712,0,1.618954,0,0,0,0,0,0,5.477474,4.344225,6.610734,0.592854,0.702737,0.482971,7.388659,6.227795,8.549523,0.6058302,0,2.128231,7.172421,6.091011,8.253833,9.80732,10,9.451375,6.913828,7.219334,6.608323,0.6421712,0,1.618954,0,0,0,0,0,0,5.477474,4.344225,6.610734,0.592854,0.702737,0.482971,7.388659,6.227795,8.549523,0.6058302,0,2.128231,7.172421,6.091011,8.253833,9.80732,10,9.451375,-1,-1,-1,-1,-1,-1,-1,-1,-1,-1,-1,-1,-1,-1,-1,-1,-1,-1,-1,-1,-1,-1,-1,-1,-1,-1,-1,-1,-1,-1,-1,-1,-1,-1,-1,-1,-1,-1,-1,-1,-1,-1,-1,-1,-1,-1,-1,-1,-1,-1,0,0,0,0,0,0,-1,-1,-1,-1,-1,-1,-1,-1,-1,-1,-1,-1,0,0,0,0,0,0,-1,-1,-1,-1,-1,-1,-1,-1,-1,-1,-1,-1,-1,-1,False,False,0,0,False,54,0,0,0,0,0,0,0,0,0,0,0,0,0,0,0,1,
23414312,697,2026-02-23 13:59:30Z,,6.913854,7.219339,6.608369,0.6421279,0,1.61893,0,0,0,0,0,0,5.477507,4.344236,6.610788,0.592854,0.702737,0.482971,7.388674,6.227787,8.549561,0.6058025,0,2.128203,7.172466,6.091035,8.253899,9.80741,10,9.451489,6.913854,7.219339,6.608369,0.6421279,0,1.61893,0,0,0,0,0,0,5.477507,4.344236,6.610788,0.592854,0.702737,0.482971,7.388674,6.227787,8.549561,0.6058025,0,2.128203,7.172466,6.091035,8.253899,9.80741,10,9.451489,-1,-1,-1,-1,-1,-1,-1,-1,-1,-1,-1,-1,-1,-1,-1,-1,-1,-1,-1,-1,-1,-1,-1,-1,-1,-1,-1,-1,-1,-1,-1,-1,-1,-1,-1,-1,-1,-1,-1,-1,-1,-1,-1,-1,-1,-1,-1,-1,-1,-1,0,0,0,0,0,0,-1,-1,-1,-1,-1,-1,-1,-1,-1,-1,-1,-1,0,0,0,0,0,0,-1,-1,-1,-1,-1,-1,-1,-1,-1,-1,-1,-1,-1,-1,False,False,0,0,False,54,0,0,0,0,0,0,0,0,0,0,0,0,0,0,0,1,
23414312,698,2026-02-23 13:59:30Z,,6.913879,7.219344,6.608415,0.6420847,0,1.618906,0,0,0,0,0,0,5.47754,4.344247,6.610843,0.592854,0.702737,0.482971,7.388689,6.22778,8.549598,0.6057748,0,2.128175,7.172512,6.09106,8.253965,9.807502,10,9.451603,6.913879,7.219344,6.608415,0.6420847,0,1.618906,0,0,0,0,0,0,5.47754,4.344247,6.610843,0.592854,0.702737,0.482971,7.388689,6.22778,8.549598,0.6057748,0,2.128175,7.172512,6.09106,8.253965,9.807502,10,9.451603,-1,-1,-1,-1,-1,-1,-1,-1,-1,-1,-1,-1,-1,-1,-1,-1,-1,-1,-1,-1,-1,-1,-1,-1,-1,-1,-1,-1,-1,-1,-1,-1,-1,-1,-1,-1,-1,-1,-1,-1,-1,-1,-1,-1,-1,-1,-1,-1,-1,-1,0,0,0,0,0,0,-1,-1,-1,-1,-1,-1,-1,-1,-1,-1,-1,-1,0,0,0,0,0,0,-1,-1,-1,-1,-1,-1,-1,-1,-1,-1,-1,-1,-1,-1,False,False,0,0,False,54,0,0,0,0,0,0,0,0,0,0,0,0,0,0,0,1,
23414312,699,2026-02-23 13:59:30Z,,6.913905,7.219348,6.608461,0.6420416,0,1.618883,0,0,0,0,0,0,5.477572,4.344258,6.610898,0.592854,0.702737,0.482971,7.388704,6.227772,8.549636,0.6057472,0,2.128148,7.172557,6.091084,8.254031,9.807591,10,9.451716,6.913905,7.219348,6.608461,0.6420416,0,1.618883,0,0,0,0,0,0,5.477572,4.344258,6.610898,0.592854,0.702737,0.482971,7.388704,6.227772,8.549636,0.6057472,0,2.128148,7.172557,6.091084,8.254031,9.807591,10,9.451716,-1,-1,-1,-1,-1,-1,-1,-1,-1,-1,-1,-1,-1,-1,-1,-1,-1,-1,-1,-1,-1,-1,-1,-1,-1,-1,-1,-1,-1,-1,-1,-1,-1,-1,-1,-1,-1,-1,-1,-1,-1,-1,-1,-1,-1,-1,-1,-1,-1,-1,0,0,0,0,0,0,-1,-1,-1,-1,-1,-1,-1,-1,-1,-1,-1,-1,0,0,0,0,0,0,-1,-1,-1,-1,-1,-1,-1,-1,-1,-1,-1,-1,-1,-1,False,False,0,0,False,54,0,0,0,0,0,0,0,0,0,0,0,0,0,0,0,1,
23414312,700,2026-02-23 13:59:30Z,,6.91393,7.219353,6.608507,0.6419985,0,1.618859,0,0,0,0,0,0,5.477605,4.344269,6.610952,0.592854,0.702737,0.482971,7.388719,6.227765,8.549673,0.6057196,0,2.12812,7.172603,6.091109,8.254097,9.807682,10,9.45183,6.91393,7.219353,6.608507,0.6419985,0,1.618859,0,0,0,0,0,0,5.477605,4.344269,6.610952,0.592854,0.702737,0.482971,7.388719,6.227765,8.549673,0.6057196,0,2.12812,7.172603,6.091109,8.254097,9.807682,10,9.45183,-1,-1,-1,-1,-1,-1,-1,-1,-1,-1,-1,-1,-1,-1,-1,-1,-1,-1,-1,-1,-1,-1,-1,-1,-1,-1,-1,-1,-1,-1,-1,-1,-1,-1,-1,-1,-1,-1,-1,-1,-1,-1,-1,-1,-1,-1,-1,-1,-1,-1,0,0,0,0,0,0,-1,-1,-1,-1,-1,-1,-1,-1,-1,-1,-1,-1,0,0,0,0,0,0,-1,-1,-1,-1,-1,-1,-1,-1,-1,-1,-1,-1,-1,-1,False,False,0,0,False,54,0,0,0,0,0,0,0,0,0,0,0,0,0,0,0,1,
23414312,701,2026-02-23 13:59:30Z,,6.913955,7.219357,6.608553,0.6419556,0,1.618835,0,0,0,0,0,0,5.477637,4.344279,6.611006,0.592854,0.702737,0.482971,7.388733,6.227757,8.54971,0.6056921,0,2.128093,7.172647,6.091133,8.254163,9.807773,10,9.451942,6.913955,7.219357,6.608553,0.6419556,0,1.618835,0,0,0,0,0,0,5.477637,4.344279,6.611006,0.592854,0.702737,0.482971,7.388733,6.227757,8.54971,0.6056921,0,2.128093,7.172647,6.091133,8.254163,9.807773,10,9.451942,-1,-1,-1,-1,-1,-1,-1,-1,-1,-1,-1,-1,-1,-1,-1,-1,-1,-1,-1,-1,-1,-1,-1,-1,-1,-1,-1,-1,-1,-1,-1,-1,-1,-1,-1,-1,-1,-1,-1,-1,-1,-1,-1,-1,-1,-1,-1,-1,-1,-1,0,0,0,0,0,0,-1,-1,-1,-1,-1,-1,-1,-1,-1,-1,-1,-1,0,0,0,0,0,0,-1,-1,-1,-1,-1,-1,-1,-1,-1,-1,-1,-1,-1,-1,False,False,0,0,False,54,0,0,0,0,0,0,0,0,0,0,0,0,0,0,0,1,
23414312,702,2026-02-23 13:59:30Z,,6.91398,7.219362,6.608599,0.6419128,0,1.618812,0,0,0,0,0,0,5.47767,4.34429,6.61106,0.592854,0.702737,0.482971,7.388748,6.227749,8.549747,0.6056647,0,2.128065,7.172692,6.091157,8.254229,9.807862,10,9.452056,6.91398,7.219362,6.608599,0.6419128,0,1.618812,0,0,0,0,0,0,5.47767,4.34429,6.61106,0.592854,0.702737,0.482971,7.388748,6.227749,8.549747,0.6056647,0,2.128065,7.172692,6.091157,8.254229,9.807862,10,9.452056,-1,-1,-1,-1,-1,-1,-1,-1,-1,-1,-1,-1,-1,-1,-1,-1,-1,-1,-1,-1,-1,-1,-1,-1,-1,-1,-1,-1,-1,-1,-1,-1,-1,-1,-1,-1,-1,-1,-1,-1,-1,-1,-1,-1,-1,-1,-1,-1,-1,-1,0,0,0,0,0,0,-1,-1,-1,-1,-1,-1,-1,-1,-1,-1,-1,-1,0,0,0,0,0,0,-1,-1,-1,-1,-1,-1,-1,-1,-1,-1,-1,-1,-1,-1,False,False,0,0,False,54,0,0,0,0,0,0,0,0,0,0,0,0,0,0,0,1,
23414312,703,2026-02-23 13:59:30Z,,6.914006,7.219367,6.608645,0.6418701,0,1.618788,0,0,0,0,0,0,5.477702,4.344301,6.611114,0.592854,0.702737,0.482971,7.388763,6.227742,8.549785,0.6056374,0,2.128038,7.172737,6.091182,8.254293,9.807952,10,9.452168,6.914006,7.219367,6.608645,0.6418701,0,1.618788,0,0,0,0,0,0,5.477702,4.344301,6.611114,0.592854,0.702737,0.482971,7.388763,6.227742,8.549785,0.6056374,0,2.128038,7.172737,6.091182,8.254293,9.807952,10,9.452168,-1,-1,-1,-1,-1,-1,-1,-1,-1,-1,-1,-1,-1,-1,-1,-1,-1,-1,-1,-1,-1,-1,-1,-1,-1,-1,-1,-1,-1,-1,-1,-1,-1,-1,-1,-1,-1,-1,-1,-1,-1,-1,-1,-1,-1,-1,-1,-1,-1,-1,0,0,0,0,0,0,-1,-1,-1,-1,-1,-1,-1,-1,-1,-1,-1,-1,0,0,0,0,0,0,-1,-1,-1,-1,-1,-1,-1,-1,-1,-1,-1,-1,-1,-1,False,False,0,0,False,54,0,0,0,0,0,0,0,0,0,0,0,0,0,0,0,1,
23414312,704,2026-02-23 13:59:30Z,,6.914031,7.219371,6.60869,0.6418275,0,1.618765,0,0,0,0,0,0,5.477735,4.344311,6.611168,0.592854,0.702737,0.482971,7.388778,6.227734,8.549821,0.6056101,0,2.128011,7.172782,6.091206,8.254359,9.808041,10,9.45228,6.914031,7.219371,6.60869,0.6418275,0,1.618765,0,0,0,0,0,0,5.477735,4.344311,6.611168,0.592854,0.702737,0.482971,7.388778,6.227734,8.549821,0.6056101,0,2.128011,7.172782,6.091206,8.254359,9.808041,10,9.45228,-1,-1,-1,-1,-1,-1,-1,-1,-1,-1,-1,-1,-1,-1,-1,-1,-1,-1,-1,-1,-1,-1,-1,-1,-1,-1,-1,-1,-1,-1,-1,-1,-1,-1,-1,-1,-1,-1,-1,-1,-1,-1,-1,-1,-1,-1,-1,-1,-1,-1,0,0,0,0,0,0,-1,-1,-1,-1,-1,-1,-1,-1,-1,-1,-1,-1,0,0,0,0,0,0,-1,-1,-1,-1,-1,-1,-1,-1,-1,-1,-1,-1,-1,-1,False,False,0,0,False,54,0,0,0,0,0,0,0,0,0,0,0,0,0,0,0,1,
23414312,705,2026-02-23 13:59:30Z,,6.914056,7.219376,6.608736,0.6417851,0,1.618741,0,0,0,0,0,0,5.477767,4.344322,6.611221,0.592854,0.702737,0.482971,7.388792,6.227727,8.549858,0.6055829,0,2.127983,7.172827,6.09123,8.254424,9.80813,10,9.452392,6.914056,7.219376,6.608736,0.6417851,0,1.618741,0,0,0,0,0,0,5.477767,4.344322,6.611221,0.592854,0.702737,0.482971,7.388792,6.227727,8.549858,0.6055829,0,2.127983,7.172827,6.09123,8.254424,9.80813,10,9.452392,-1,-1,-1,-1,-1,-1,-1,-1,-1,-1,-1,-1,-1,-1,-1,-1,-1,-1,-1,-1,-1,-1,-1,-1,-1,-1,-1,-1,-1,-1,-1,-1,-1,-1,-1,-1,-1,-1,-1,-1,-1,-1,-1,-1,-1,-1,-1,-1,-1,-1,0,0,0,0,0,0,-1,-1,-1,-1,-1,-1,-1,-1,-1,-1,-1,-1,0,0,0,0,0,0,-1,-1,-1,-1,-1,-1,-1,-1,-1,-1,-1,-1,-1,-1,False,False,0,0,False,54,0,0,0,0,0,0,0,0,0,0,0,0,0,0,0,1,
23414312,706,2026-02-23 13:59:30Z,,6.914081,7.21938,6.608781,0.6417427,0,1.618718,0,0,0,0,0,0,5.477798,4.344333,6.611275,0.592854,0.702737,0.482971,7.388807,6.227719,8.549895,0.6055558,0,2.127956,7.172871,6.091254,8.254489,9.808219,10,9.452503,6.914081,7.21938,6.608781,0.6417427,0,1.618718,0,0,0,0,0,0,5.477798,4.344333,6.611275,0.592854,0.702737,0.482971,7.388807,6.227719,8.549895,0.6055558,0,2.127956,7.172871,6.091254,8.254489,9.808219,10,9.452503,-1,-1,-1,-1,-1,-1,-1,-1,-1,-1,-1,-1,-1,-1,-1,-1,-1,-1,-1,-1,-1,-1,-1,-1,-1,-1,-1,-1,-1,-1,-1,-1,-1,-1,-1,-1,-1,-1,-1,-1,-1,-1,-1,-1,-1,-1,-1,-1,-1,-1,0,0,0,0,0,0,-1,-1,-1,-1,-1,-1,-1,-1,-1,-1,-1,-1,0,0,0,0,0,0,-1,-1,-1,-1,-1,-1,-1,-1,-1,-1,-1,-1,-1,-1,False,False,0,0,False,54,0,0,0,0,0,0,0,0,0,0,0,0,0,0,0,1,
23414312,707,2026-02-23 13:59:30Z,,6.914105,7.219385,6.608827,0.6417004,0,1.618695,0,0,0,0,0,0,5.47783,4.344343,6.611329,0.592854,0.702737,0.482971,7.388822,6.227712,8.549932,0.6055287,0,2.127929,7.172915,6.091278,8.254554,9.808308,10,9.452615,6.914105,7.219385,6.608827,0.6417004,0,1.618695,0,0,0,0,0,0,5.47783,4.344343,6.611329,0.592854,0.702737,0.482971,7.388822,6.227712,8.549932,0.6055287,0,2.127929,7.172915,6.091278,8.254554,9.808308,10,9.452615,-1,-1,-1,-1,-1,-1,-1,-1,-1,-1,-1,-1,-1,-1,-1,-1,-1,-1,-1,-1,-1,-1,-1,-1,-1,-1,-1,-1,-1,-1,-1,-1,-1,-1,-1,-1,-1,-1,-1,-1,-1,-1,-1,-1,-1,-1,-1,-1,-1,-1,0,0,0,0,0,0,-1,-1,-1,-1,-1,-1,-1,-1,-1,-1,-1,-1,0,0,0,0,0,0,-1,-1,-1,-1,-1,-1,-1,-1,-1,-1,-1,-1,-1,-1,False,False,0,0,False,54,0,0,0,0,0,0,0,0,0,0,0,0,0,0,0,1,
23414312,708,2026-02-23 13:59:30Z,,6.91413,7.219389,6.608871,0.6416582,0,1.618671,0,0,0,0,0,0,5.477862,4.344354,6.611382,0.592854,0.702737,0.482971,7.388836,6.227704,8.549968,0.6055017,0,2.127902,7.17296,6.091302,8.254619,9.808396,10,9.452726,6.91413,7.219389,6.608871,0.6416582,0,1.618671,0,0,0,0,0,0,5.477862,4.344354,6.611382,0.592854,0.702737,0.482971,7.388836,6.227704,8.549968,0.6055017,0,2.127902,7.17296,6.091302,8.254619,9.808396,10,9.452726,-1,-1,-1,-1,-1,-1,-1,-1,-1,-1,-1,-1,-1,-1,-1,-1,-1,-1,-1,-1,-1,-1,-1,-1,-1,-1,-1,-1,-1,-1,-1,-1,-1,-1,-1,-1,-1,-1,-1,-1,-1,-1,-1,-1,-1,-1,-1,-1,-1,-1,0,0,0,0,0,0,-1,-1,-1,-1,-1,-1,-1,-1,-1,-1,-1,-1,0,0,0,0,0,0,-1,-1,-1,-1,-1,-1,-1,-1,-1,-1,-1,-1,-1,-1,False,False,0,0,False,54,0,0,0,0,0,0,0,0,0,0,0,0,0,0,0,1,
23414312,709,2026-02-23 13:59:30Z,,6.914155,7.219393,6.608917,0.6416162,0,1.618648,0,0,0,0,0,0,5.477894,4.344364,6.611435,0.592854,0.702737,0.482971,7.388851,6.227697,8.550005,0.6054747,0,2.127875,7.173004,6.091326,8.254683,9.808485,10,9.452837,6.914155,7.219393,6.608917,0.6416162,0,1.618648,0,0,0,0,0,0,5.477894,4.344364,6.611435,0.592854,0.702737,0.482971,7.388851,6.227697,8.550005,0.6054747,0,2.127875,7.173004,6.091326,8.254683,9.808485,10,9.452837,-1,-1,-1,-1,-1,-1,-1,-1,-1,-1,-1,-1,-1,-1,-1,-1,-1,-1,-1,-1,-1,-1,-1,-1,-1,-1,-1,-1,-1,-1,-1,-1,-1,-1,-1,-1,-1,-1,-1,-1,-1,-1,-1,-1,-1,-1,-1,-1,-1,-1,0,0,0,0,0,0,-1,-1,-1,-1,-1,-1,-1,-1,-1,-1,-1,-1,0,0,0,0,0,0,-1,-1,-1,-1,-1,-1,-1,-1,-1,-1,-1,-1,-1,-1,False,False,0,0,False,54,0,0,0,0,0,0,0,0,0,0,0,0,0,0,0,1,
23414312,710,2026-02-23 13:59:30Z,,6.91418,7.219398,6.608962,0.6415742,0,1.618625,0,0,0,0,0,0,5.477926,4.344375,6.611488,0.592854,0.702737,0.482971,7.388865,6.227689,8.550041,0.6054478,0,2.127848,7.173048,6.09135,8.254747,9.808573,10,9.452948,6.91418,7.219398,6.608962,0.6415742,0,1.618625,0,0,0,0,0,0,5.477926,4.344375,6.611488,0.592854,0.702737,0.482971,7.388865,6.227689,8.550041,0.6054478,0,2.127848,7.173048,6.09135,8.254747,9.808573,10,9.452948,-1,-1,-1,-1,-1,-1,-1,-1,-1,-1,-1,-1,-1,-1,-1,-1,-1,-1,-1,-1,-1,-1,-1,-1,-1,-1,-1,-1,-1,-1,-1,-1,-1,-1,-1,-1,-1,-1,-1,-1,-1,-1,-1,-1,-1,-1,-1,-1,-1,-1,0,0,0,0,0,0,-1,-1,-1,-1,-1,-1,-1,-1,-1,-1,-1,-1,0,0,0,0,0,0,-1,-1,-1,-1,-1,-1,-1,-1,-1,-1,-1,-1,-1,-1,False,False,0,0,False,54,0,0,0,0,0,0,0,0,0,0,0,0,0,0,0,1,
23414312,711,2026-02-23 13:59:30Z,,6.914205,7.219402,6.609006,0.6415323,0,1.618602,0,0,0,0,0,0,5.477958,4.344385,6.611541,0.592854,0.702737,0.482971,7.388879,6.227682,8.550077,0.6054211,0,2.127821,7.173092,6.091374,8.254811,9.808661,10,9.453057,6.914205,7.219402,6.609006,0.6415323,0,1.618602,0,0,0,0,0,0,5.477958,4.344385,6.611541,0.592854,0.702737,0.482971,7.388879,6.227682,8.550077,0.6054211,0,2.127821,7.173092,6.091374,8.254811,9.808661,10,9.453057,-1,-1,-1,-1,-1,-1,-1,-1,-1,-1,-1,-1,-1,-1,-1,-1,-1,-1,-1,-1,-1,-1,-1,-1,-1,-1,-1,-1,-1,-1,-1,-1,-1,-1,-1,-1,-1,-1,-1,-1,-1,-1,-1,-1,-1,-1,-1,-1,-1,-1,0,0,0,0,0,0,-1,-1,-1,-1,-1,-1,-1,-1,-1,-1,-1,-1,0,0,0,0,0,0,-1,-1,-1,-1,-1,-1,-1,-1,-1,-1,-1,-1,-1,-1,False,False,0,0,False,54,0,0,0,0,0,0,0,0,0,0,0,0,0,0,0,1,
23414312,712,2026-02-23 13:59:30Z,,6.914229,7.219407,6.609051,0.6414905,0,1.618579,0,0,0,0,0,0,5.477989,4.344396,6.611593,0.592854,0.702737,0.482971,7.388894,6.227674,8.550114,0.6053943,0,2.127795,7.173136,6.091398,8.254875,9.808748,10,9.453168,6.914229,7.219407,6.609051,0.6414905,0,1.618579,0,0,0,0,0,0,5.477989,4.344396,6.611593,0.592854,0.702737,0.482971,7.388894,6.227674,8.550114,0.6053943,0,2.127795,7.173136,6.091398,8.254875,9.808748,10,9.453168,-1,-1,-1,-1,-1,-1,-1,-1,-1,-1,-1,-1,-1,-1,-1,-1,-1,-1,-1,-1,-1,-1,-1,-1,-1,-1,-1,-1,-1,-1,-1,-1,-1,-1,-1,-1,-1,-1,-1,-1,-1,-1,-1,-1,-1,-1,-1,-1,-1,-1,0,0,0,0,0,0,-1,-1,-1,-1,-1,-1,-1,-1,-1,-1,-1,-1,0,0,0,0,0,0,-1,-1,-1,-1,-1,-1,-1,-1,-1,-1,-1,-1,-1,-1,False,False,0,0,False,54,0,0,0,0,0,0,0,0,0,0,0,0,0,0,0,1,
23414312,713,2026-02-23 13:59:30Z,,6.914254,7.219411,6.609096,0.6414489,0,1.618556,0,0,0,0,0,0,5.478021,4.344406,6.611646,0.592854,0.702737,0.482971,7.388908,6.227667,8.55015,0.6053676,0,2.127768,7.17318,6.091421,8.254939,9.808836,10,9.453278,6.914254,7.219411,6.609096,0.6414489,0,1.618556,0,0,0,0,0,0,5.478021,4.344406,6.611646,0.592854,0.702737,0.482971,7.388908,6.227667,8.55015,0.6053676,0,2.127768,7.17318,6.091421,8.254939,9.808836,10,9.453278,-1,-1,-1,-1,-1,-1,-1,-1,-1,-1,-1,-1,-1,-1,-1,-1,-1,-1,-1,-1,-1,-1,-1,-1,-1,-1,-1,-1,-1,-1,-1,-1,-1,-1,-1,-1,-1,-1,-1,-1,-1,-1,-1,-1,-1,-1,-1,-1,-1,-1,0,0,0,0,0,0,-1,-1,-1,-1,-1,-1,-1,-1,-1,-1,-1,-1,0,0,0,0,0,0,-1,-1,-1,-1,-1,-1,-1,-1,-1,-1,-1,-1,-1,-1,False,False,0,0,False,54,0,0,0,0,0,0,0,0,0,0,0,0,0,0,0,1,
23414312,714,2026-02-23 13:59:30Z,,6.914278,7.219416,6.60914,0.6414073,0,1.618533,0,0,0,0,0,0,5.478053,4.344417,6.611699,0.592854,0.702737,0.482971,7.388923,6.22766,8.550186,0.605341,0,2.127741,7.173223,6.091445,8.255003,9.808923,10,9.453387,6.914278,7.219416,6.60914,0.6414073,0,1.618533,0,0,0,0,0,0,5.478053,4.344417,6.611699,0.592854,0.702737,0.482971,7.388923,6.22766,8.550186,0.605341,0,2.127741,7.173223,6.091445,8.255003,9.808923,10,9.453387,-1,-1,-1,-1,-1,-1,-1,-1,-1,-1,-1,-1,-1,-1,-1,-1,-1,-1,-1,-1,-1,-1,-1,-1,-1,-1,-1,-1,-1,-1,-1,-1,-1,-1,-1,-1,-1,-1,-1,-1,-1,-1,-1,-1,-1,-1,-1,-1,-1,-1,0,0,0,0,0,0,-1,-1,-1,-1,-1,-1,-1,-1,-1,-1,-1,-1,0,0,0,0,0,0,-1,-1,-1,-1,-1,-1,-1,-1,-1,-1,-1,-1,-1,-1,False,False,0,0,False,54,0,0,0,0,0,0,0,0,0,0,0,0,0,0,0,1,
23414312,715,2026-02-23 13:59:30Z,,6.914302,7.21942,6.609185,0.6413658,0,1.61851,0,0,0,0,0,0,5.478084,4.344427,6.611751,0.592854,0.702737,0.482971,7.388937,6.227653,8.550222,0.6053144,0,2.127715,7.173267,6.091469,8.255067,9.80901,10,9.453496,6.914302,7.21942,6.609185,0.6413658,0,1.61851,0,0,0,0,0,0,5.478084,4.344427,6.611751,0.592854,0.702737,0.482971,7.388937,6.227653,8.550222,0.6053144,0,2.127715,7.173267,6.091469,8.255067,9.80901,10,9.453496,-1,-1,-1,-1,-1,-1,-1,-1,-1,-1,-1,-1,-1,-1,-1,-1,-1,-1,-1,-1,-1,-1,-1,-1,-1,-1,-1,-1,-1,-1,-1,-1,-1,-1,-1,-1,-1,-1,-1,-1,-1,-1,-1,-1,-1,-1,-1,-1,-1,-1,0,0,0,0,0,0,-1,-1,-1,-1,-1,-1,-1,-1,-1,-1,-1,-1,0,0,0,0,0,0,-1,-1,-1,-1,-1,-1,-1,-1,-1,-1,-1,-1,-1,-1,False,False,0,0,False,54,0,0,0,0,0,0,0,0,0,0,0,0,0,0,0,1,
23414312,716,2026-02-23 13:59:30Z,,6.914327,7.219425,6.609229,0.6413245,0,1.618487,0,0,0,0,0,0,5.478115,4.344437,6.611803,0.592854,0.702737,0.482971,7.388951,6.227645,8.550258,0.605288,0,2.127688,7.173311,6.091492,8.25513,9.809096,10,9.453605,6.914327,7.219425,6.609229,0.6413245,0,1.618487,0,0,0,0,0,0,5.478115,4.344437,6.611803,0.592854,0.702737,0.482971,7.388951,6.227645,8.550258,0.605288,0,2.127688,7.173311,6.091492,8.25513,9.809096,10,9.453605,-1,-1,-1,-1,-1,-1,-1,-1,-1,-1,-1,-1,-1,-1,-1,-1,-1,-1,-1,-1,-1,-1,-1,-1,-1,-1,-1,-1,-1,-1,-1,-1,-1,-1,-1,-1,-1,-1,-1,-1,-1,-1,-1,-1,-1,-1,-1,-1,-1,-1,0,0,0,0,0,0,-1,-1,-1,-1,-1,-1,-1,-1,-1,-1,-1,-1,0,0,0,0,0,0,-1,-1,-1,-1,-1,-1,-1,-1,-1,-1,-1,-1,-1,-1,False,False,0,0,False,54,0,0,0,0,0,0,0,0,0,0,0,0,0,0,0,1,
23414312,717,2026-02-23 13:59:30Z,,6.914351,7.219429,6.609273,0.6412832,0,1.618464,0,0,0,0,0,0,5.478146,4.344448,6.611856,0.592854,0.702737,0.482971,7.388966,6.227638,8.550294,0.6052616,0,2.127662,7.173354,6.091516,8.255193,9.809183,10,9.453713,6.914351,7.219429,6.609273,0.6412832,0,1.618464,0,0,0,0,0,0,5.478146,4.344448,6.611856,0.592854,0.702737,0.482971,7.388966,6.227638,8.550294,0.6052616,0,2.127662,7.173354,6.091516,8.255193,9.809183,10,9.453713,-1,-1,-1,-1,-1,-1,-1,-1,-1,-1,-1,-1,-1,-1,-1,-1,-1,-1,-1,-1,-1,-1,-1,-1,-1,-1,-1,-1,-1,-1,-1,-1,-1,-1,-1,-1,-1,-1,-1,-1,-1,-1,-1,-1,-1,-1,-1,-1,-1,-1,0,0,0,0,0,0,-1,-1,-1,-1,-1,-1,-1,-1,-1,-1,-1,-1,0,0,0,0,0,0,-1,-1,-1,-1,-1,-1,-1,-1,-1,-1,-1,-1,-1,-1,False,False,0,0,False,54,0,0,0,0,0,0,0,0,0,0,0,0,0,0,0,1,
23414312,718,2026-02-23 13:59:30Z,,6.914375,7.219433,6.609317,0.641242,0,1.618442,0,0,0,0,0,0,5.478178,4.344458,6.611907,0.592854,0.702737,0.482971,7.388979,6.22763,8.550329,0.6052352,0,2.127635,7.173397,6.091539,8.255257,9.80927,10,9.453822,6.914375,7.219433,6.609317,0.641242,0,1.618442,0,0,0,0,0,0,5.478178,4.344458,6.611907,0.592854,0.702737,0.482971,7.388979,6.22763,8.550329,0.6052352,0,2.127635,7.173397,6.091539,8.255257,9.80927,10,9.453822,-1,-1,-1,-1,-1,-1,-1,-1,-1,-1,-1,-1,-1,-1,-1,-1,-1,-1,-1,-1,-1,-1,-1,-1,-1,-1,-1,-1,-1,-1,-1,-1,-1,-1,-1,-1,-1,-1,-1,-1,-1,-1,-1,-1,-1,-1,-1,-1,-1,-1,0,0,0,0,0,0,-1,-1,-1,-1,-1,-1,-1,-1,-1,-1,-1,-1,0,0,0,0,0,0,-1,-1,-1,-1,-1,-1,-1,-1,-1,-1,-1,-1,-1,-1,False,False,0,0,False,54,0,0,0,0,0,0,0,0,0,0,0,0,0,0,0,1,
23414312,719,2026-02-23 13:59:31Z,LLM_Empathetic,6.9144,7.219438,6.609361,0.641201,0,1.618419,0,0,0,0,0,0,5.478209,4.344468,6.611959,0.592854,0.702737,0.482971,7.388994,6.227623,8.550365,0.6052089,0,2.127609,7.17344,6.091562,8.25532,9.809356,10,9.453931,6.9144,7.219438,6.609361,0.641201,0,1.618419,0,0,0,0,0,0,5.478209,4.344468,6.611959,0.592854,0.702737,0.482971,7.388994,6.227623,8.550365,0.6052089,0,2.127609,7.17344,6.091562,8.25532,9.809356,10,9.453931,-1,-1,-1,-1,-1,-1,-1,-1,-1,-1,-1,-1,-1,-1,-1,-1,-1,-1,-1,-1,-1,-1,-1,-1,-1,-1,-1,-1,-1,-1,-1,-1,-1,-1,-1,-1,-1,-1,-1,-1,-1,-1,-1,-1,-1,-1,-1,-1,-1,-1,0,0,0,0,0,0,-1,-1,-1,-1,-1,-1,-1,-1,-1,-1,-1,-1,0,0,0,0,0,0,-1,-1,-1,-1,-1,-1,-1,-1,-1,-1,-1,-1,-1,-1,False,False,0,0,False,54,0,0,0,0,0,0,0,0,0,0,0,0,0,0,0,1,
23414312,720,2026-02-23 13:59:31Z,LLM_Empathetic,6.914423,7.219442,6.609405,0.64116,0,1.618397,0,0,0,0,0,0,5.47824,4.344479,6.612011,0.592854,0.702737,0.482971,7.389008,6.227616,8.550401,0.6051826,0,2.127583,7.173483,6.091586,8.255382,9.809442,10,9.454039,6.914423,7.219442,6.609405,0.64116,0,1.618397,0,0,0,0,0,0,5.47824,4.344479,6.612011,0.592854,0.702737,0.482971,7.389008,6.227616,8.550401,0.6051826,0,2.127583,7.173483,6.091586,8.255382,9.809442,10,9.454039,-1,-1,-1,-1,-1,-1,-1,-1,-1,-1,-1,-1,-1,-1,-1,-1,-1,-1,-1,-1,-1,-1,-1,-1,-1,-1,-1,-1,-1,-1,-1,-1,-1,-1,-1,-1,-1,-1,-1,-1,-1,-1,-1,-1,-1,-1,-1,-1,-1,-1,0,0,0,0,0,0,-1,-1,-1,-1,-1,-1,-1,-1,-1,-1,-1,-1,0,0,0,0,0,0,-1,-1,-1,-1,-1,-1,-1,-1,-1,-1,-1,-1,-1,-1,False,False,0,0,False,182,0,0,0,0,0,0,0,0,0,0,0,0,0,0,0,1,
23414312,721,2026-02-23 13:59:31Z,LLM_Empathetic,6.914448,7.219446,6.609448,0.6411191,0,1.618374,0,0,0,0,0,0,5.478271,4.344489,6.612062,0.592854,0.702737,0.482971,7.389022,6.227609,8.550436,0.6051565,0,2.127557,7.173526,6.091609,8.255445,9.809527,10,9.454146,6.914448,7.219446,6.609448,0.6411191,0,1.618374,0,0,0,0,0,0,5.478271,4.344489,6.612062,0.592854,0.702737,0.482971,7.389022,6.227609,8.550436,0.6051565,0,2.127557,7.173526,6.091609,8.255445,9.809527,10,9.454146,-1,-1,-1,-1,-1,-1,-1,-1,-1,-1,-1,-1,-1,-1,-1,-1,-1,-1,-1,-1,-1,-1,-1,-1,-1,-1,-1,-1,-1,-1,-1,-1,-1,-1,-1,-1,-1,-1,-1,-1,-1,-1,-1,-1,-1,-1,-1,-1,-1,-1,0,0,0,0,0,0,-1,-1,-1,-1,-1,-1,-1,-1,-1,-1,-1,-1,0,0,0,0,0,0,-1,-1,-1,-1,-1,-1,-1,-1,-1,-1,-1,-1,-1,-1,False,False,0,0,False,209,0,0,0,0,0,0,0,0,0,0,0,0,0,0,0,1,
23414312,722,2026-02-23 13:59:31Z,LLM_Empathetic,6.914472,7.219451,6.609492,0.6410784,0,1.618351,0,0,0,0,0,0,5.478302,4.344499,6.612114,0.592854,0.702737,0.482971,7.389036,6.227602,8.550471,0.6051304,0,2.127531,7.173569,6.091632,8.255507,9.809613,10,9.454253,6.914472,7.219451,6.609492,0.6410784,0,1.618351,0,0,0,0,0,0,5.478302,4.344499,6.612114,0.592854,0.702737,0.482971,7.389036,6.227602,8.550471,0.6051304,0,2.127531,7.173569,6.091632,8.255507,9.809613,10,9.454253,-1,-1,-1,-1,-1,-1,-1,-1,-1,-1,-1,-1,-1,-1,-1,-1,-1,-1,-1,-1,-1,-1,-1,-1,-1,-1,-1,-1,-1,-1,-1,-1,-1,-1,-1,-1,-1,-1,-1,-1,-1,-1,-1,-1,-1,-1,-1,-1,-1,-1,0,0,0,0,0,0,-1,-1,-1,-1,-1,-1,-1,-1,-1,-1,-1,-1,0,0,0,0,0,0,-1,-1,-1,-1,-1,-1,-1,-1,-1,-1,-1,-1,-1,-1,False,False,0,0,False,209,0,0,0,0,0,0,0,0,0,0,0,0,0,0,0,1,
23414312,723,2026-02-23 13:59:31Z,LLM_Empathetic,6.914495,7.219455,6.609536,0.6410377,0,1.618329,0,0,0,0,0,0,5.478332,4.344509,6.612165,0.592854,0.702737,0.482971,7.38905,6.227594,8.550507,0.6051043,0,2.127505,7.173612,6.091655,8.255569,9.809699,10,9.45436,6.914495,7.219455,6.609536,0.6410377,0,1.618329,0,0,0,0,0,0,5.478332,4.344509,6.612165,0.592854,0.702737,0.482971,7.38905,6.227594,8.550507,0.6051043,0,2.127505,7.173612,6.091655,8.255569,9.809699,10,9.45436,-1,-1,-1,-1,-1,-1,-1,-1,-1,-1,-1,-1,-1,-1,-1,-1,-1,-1,-1,-1,-1,-1,-1,-1,-1,-1,-1,-1,-1,-1,-1,-1,-1,-1,-1,-1,-1,-1,-1,-1,-1,-1,-1,-1,-1,-1,-1,-1,-1,-1,0,0,0,0,0,0,-1,-1,-1,-1,-1,-1,-1,-1,-1,-1,-1,-1,0,0,0,0,0,0,-1,-1,-1,-1,-1,-1,-1,-1,-1,-1,-1,-1,-1,-1,False,False,0,0,False,207,0,0,0,0,0,0,0,0,0,0,0,0,0,0,0,1,
23414312,724,2026-02-23 13:59:31Z,LLM_Empathetic,6.914519,7.21946,6.609579,0.6409971,0,1.618307,0,0,0,0,0,0,5.478363,4.344519,6.612217,0.592854,0.702737,0.482971,7.389064,6.227587,8.550542,0.6050783,0,2.127479,7.173655,6.091678,8.255631,9.809784,10,9.454468,6.914519,7.21946,6.609579,0.6409971,0,1.618307,0,0,0,0,0,0,5.478363,4.344519,6.612217,0.592854,0.702737,0.482971,7.389064,6.227587,8.550542,0.6050783,0,2.127479,7.173655,6.091678,8.255631,9.809784,10,9.454468,-1,-1,-1,-1,-1,-1,-1,-1,-1,-1,-1,-1,-1,-1,-1,-1,-1,-1,-1,-1,-1,-1,-1,-1,-1,-1,-1,-1,-1,-1,-1,-1,-1,-1,-1,-1,-1,-1,-1,-1,-1,-1,-1,-1,-1,-1,-1,-1,-1,-1,0,0,0,0,0,0,-1,-1,-1,-1,-1,-1,-1,-1,-1,-1,-1,-1,0,0,0,0,0,0,-1,-1,-1,-1,-1,-1,-1,-1,-1,-1,-1,-1,-1,-1,False,False,0,0,False,209,0,0,0,0,0,0,0,0,0,0,0,0,0,0,0,1,
23414312,725,2026-02-23 13:59:31Z,LLM_Empathetic,6.914543,7.219464,6.609622,0.6409566,0,1.618284,0,0,0,0,0,0,5.478394,4.344529,6.612268,0.592854,0.702737,0.482971,7.389078,6.22758,8.550577,0.6050524,0,2.127453,7.173697,6.091702,8.255693,9.809869,10,9.454574,6.914543,7.219464,6.609622,0.6409566,0,1.618284,0,0,0,0,0,0,5.478394,4.344529,6.612268,0.592854,0.702737,0.482971,7.389078,6.22758,8.550577,0.6050524,0,2.127453,7.173697,6.091702,8.255693,9.809869,10,9.454574,-1,-1,-1,-1,-1,-1,-1,-1,-1,-1,-1,-1,-1,-1,-1,-1,-1,-1,-1,-1,-1,-1,-1,-1,-1,-1,-1,-1,-1,-1,-1,-1,-1,-1,-1,-1,-1,-1,-1,-1,-1,-1,-1,-1,-1,-1,-1,-1,-1,-1,0,0,0,0,0,0,-1,-1,-1,-1,-1,-1,-1,-1,-1,-1,-1,-1,0,0,0,0,0,0,-1,-1,-1,-1,-1,-1,-1,-1,-1,-1,-1,-1,-1,-1,False,False,0,0,False,209,0,0,0,0,0,0,0,0,0,0,0,0,0,0,0,1,
23414312,726,2026-02-23 13:59:31Z,LLM_Empathetic,6.914567,7.219468,6.609666,0.6409162,0,1.618262,0,0,0,0,0,0,5.478424,4.34454,6.612319,0.592854,0.702737,0.482971,7.389092,6.227572,8.550612,0.6050265,0,2.127427,7.173739,6.091724,8.255755,9.809954,10,9.45468,6.914567,7.219468,6.609666,0.6409162,0,1.618262,0,0,0,0,0,0,5.478424,4.34454,6.612319,0.592854,0.702737,0.482971,7.389092,6.227572,8.550612,0.6050265,0,2.127427,7.173739,6.091724,8.255755,9.809954,10,9.45468,-1,-1,-1,-1,-1,-1,-1,-1,-1,-1,-1,-1,-1,-1,-1,-1,-1,-1,-1,-1,-1,-1,-1,-1,-1,-1,-1,-1,-1,-1,-1,-1,-1,-1,-1,-1,-1,-1,-1,-1,-1,-1,-1,-1,-1,-1,-1,-1,-1,-1,0,0,0,0,0,0,-1,-1,-1,-1,-1,-1,-1,-1,-1,-1,-1,-1,0,0,0,0,0,0,-1,-1,-1,-1,-1,-1,-1,-1,-1,-1,-1,-1,-1,-1,False,False,0,0,False,207,0,0,0,0,0,0,0,0,0,0,0,0,0,0,0,1,
23414312,727,2026-02-23 13:59:31Z,LLM_Empathetic,6.914591,7.219472,6.609709,0.6408759,0,1.61824,0,0,0,0,0,0,5.478455,4.34455,6.61237,0.592854,0.702737,0.482971,7.389106,6.227565,8.550647,0.6050007,0,2.127401,7.173782,6.091747,8.255817,9.810038,10,9.454786,6.914591,7.219472,6.609709,0.6408759,0,1.61824,0,0,0,0,0,0,5.478455,4.34455,6.61237,0.592854,0.702737,0.482971,7.389106,6.227565,8.550647,0.6050007,0,2.127401,7.173782,6.091747,8.255817,9.810038,10,9.454786,-1,-1,-1,-1,-1,-1,-1,-1,-1,-1,-1,-1,-1,-1,-1,-1,-1,-1,-1,-1,-1,-1,-1,-1,-1,-1,-1,-1,-1,-1,-1,-1,-1,-1,-1,-1,-1,-1,-1,-1,-1,-1,-1,-1,-1,-1,-1,-1,-1,-1,0,0,0,0,0,0,-1,-1,-1,-1,-1,-1,-1,-1,-1,-1,-1,-1,0,0,0,0,0,0,-1,-1,-1,-1,-1,-1,-1,-1,-1,-1,-1,-1,-1,-1,False,False,0,0,False,209,0,0,0,0,0,0,0,0,0,0,0,0,0,0,0,1,
23414312,728,2026-02-23 13:59:31Z,LLM_Empathetic,6.914614,7.219477,6.609752,0.6408358,0,1.618218,0,0,0,0,0,0,5.478485,4.34456,6.612421,0.592854,0.702737,0.482971,7.38912,6.227558,8.550682,0.604975,0,2.127375,7.173824,6.09177,8.255879,9.810122,10,9.454892,6.914614,7.219477,6.609752,0.6408358,0,1.618218,0,0,0,0,0,0,5.478485,4.34456,6.612421,0.592854,0.702737,0.482971,7.38912,6.227558,8.550682,0.604975,0,2.127375,7.173824,6.09177,8.255879,9.810122,10,9.454892,-1,-1,-1,-1,-1,-1,-1,-1,-1,-1,-1,-1,-1,-1,-1,-1,-1,-1,-1,-1,-1,-1,-1,-1,-1,-1,-1,-1,-1,-1,-1,-1,-1,-1,-1,-1,-1,-1,-1,-1,-1,-1,-1,-1,-1,-1,-1,-1,-1,-1,0,0,0,0,0,0,-1,-1,-1,-1,-1,-1,-1,-1,-1,-1,-1,-1,0,0,0,0,0,0,-1,-1,-1,-1,-1,-1,-1,-1,-1,-1,-1,-1,-1,-1,False,False,0,0,False,207,0,0,0,0,0,0,0,0,0,0,0,0,0,0,0,1,
23414312,729,2026-02-23 13:59:31Z,LLM_Empathetic,6.914638,7.219481,6.609795,0.6407956,0,1.618196,0,0,0,0,0,0,5.478515,4.34457,6.612471,0.592854,0.702737,0.482971,7.389134,6.227551,8.550716,0.6049493,0,2.12735,7.173866,6.091793,8.25594,9.810206,10,9.454998,6.914638,7.219481,6.609795,0.6407956,0,1.618196,0,0,0,0,0,0,5.478515,4.34457,6.612471,0.592854,0.702737,0.482971,7.389134,6.227551,8.550716,0.6049493,0,2.12735,7.173866,6.091793,8.25594,9.810206,10,9.454998,-1,-1,-1,-1,-1,-1,-1,-1,-1,-1,-1,-1,-1,-1,-1,-1,-1,-1,-1,-1,-1,-1,-1,-1,-1,-1,-1,-1,-1,-1,-1,-1,-1,-1,-1,-1,-1,-1,-1,-1,-1,-1,-1,-1,-1,-1,-1,-1,-1,-1,0,0,0,0,0,0,-1,-1,-1,-1,-1,-1,-1,-1,-1,-1,-1,-1,0,0,0,0,0,0,-1,-1,-1,-1,-1,-1,-1,-1,-1,-1,-1,-1,-1,-1,False,False,0,0,False,209,0,0,0,0,0,0,0,0,0,0,0,0,0,0,0,1,
23414312,730,2026-02-23 13:59:31Z,LLM_Empathetic,6.914661,7.219485,6.609838,0.6407557,0,1.618173,0,0,0,0,0,0,5.478546,4.34458,6.612522,0.592854,0.702737,0.482971,7.389148,6.227544,8.550752,0.6049237,0,2.127324,7.173908,6.091815,8.256001,9.81029,10,9.455103,6.914661,7.219485,6.609838,0.6407557,0,1.618173,0,0,0,0,0,0,5.478546,4.34458,6.612522,0.592854,0.702737,0.482971,7.389148,6.227544,8.550752,0.6049237,0,2.127324,7.173908,6.091815,8.256001,9.81029,10,9.455103,-1,-1,-1,-1,-1,-1,-1,-1,-1,-1,-1,-1,-1,-1,-1,-1,-1,-1,-1,-1,-1,-1,-1,-1,-1,-1,-1,-1,-1,-1,-1,-1,-1,-1,-1,-1,-1,-1,-1,-1,-1,-1,-1,-1,-1,-1,-1,-1,-1,-1,0,0,0,0,0,0,-1,-1,-1,-1,-1,-1,-1,-1,-1,-1,-1,-1,0,0,0,0,0,0,-1,-1,-1,-1,-1,-1,-1,-1,-1,-1,-1,-1,-1,-1,False,False,0,0,False,207,0,0,0,0,0,0,0,0,0,0,0,0,0,0,0,1,
23414312,731,2026-02-23 13:59:32Z,LLM_Empathetic,6.914685,7.21949,6.60988,0.6407157,0,1.618151,0,0,0,0,0,0,5.478576,4.34459,6.612572,0.592854,0.702737,0.482971,7.389161,6.227537,8.550786,0.6048981,0,2.127299,7.17395,6.091838,8.256063,9.810374,10,9.455209,6.914685,7.21949,6.60988,0.6407157,0,1.618151,0,0,0,0,0,0,5.478576,4.34459,6.612572,0.592854,0.702737,0.482971,7.389161,6.227537,8.550786,0.6048981,0,2.127299,7.17395,6.091838,8.256063,9.810374,10,9.455209,-1,-1,-1,-1,-1,-1,-1,-1,-1,-1,-1,-1,-1,-1,-1,-1,-1,-1,-1,-1,-1,-1,-1,-1,-1,-1,-1,-1,-1,-1,-1,-1,-1,-1,-1,-1,-1,-1,-1,-1,-1,-1,-1,-1,-1,-1,-1,-1,-1,-1,0,0,0,0,0,0,-1,-1,-1,-1,-1,-1,-1,-1,-1,-1,-1,-1,0,0,0,0,0,0,-1,-1,-1,-1,-1,-1,-1,-1,-1,-1,-1,-1,-1,-1,False,False,0,0,False,207,0,0,0,0,0,0,0,0,0,0,0,0,0,0,0,1,
23414312,732,2026-02-23 13:59:32Z,LLM_Empathetic,6.914708,7.219493,6.609923,0.6406759,0,1.618129,0,0,0,0,0,0,5.478606,4.3446,6.612623,0.592854,0.702737,0.482971,7.389175,6.22753,8.55082,0.6048726,0,2.127273,7.173992,6.091861,8.256124,9.810458,10,9.455314,6.914708,7.219493,6.609923,0.6406759,0,1.618129,0,0,0,0,0,0,5.478606,4.3446,6.612623,0.592854,0.702737,0.482971,7.389175,6.22753,8.55082,0.6048726,0,2.127273,7.173992,6.091861,8.256124,9.810458,10,9.455314,-1,-1,-1,-1,-1,-1,-1,-1,-1,-1,-1,-1,-1,-1,-1,-1,-1,-1,-1,-1,-1,-1,-1,-1,-1,-1,-1,-1,-1,-1,-1,-1,-1,-1,-1,-1,-1,-1,-1,-1,-1,-1,-1,-1,-1,-1,-1,-1,-1,-1,0,0,0,0,0,0,-1,-1,-1,-1,-1,-1,-1,-1,-1,-1,-1,-1,0,0,0,0,0,0,-1,-1,-1,-1,-1,-1,-1,-1,-1,-1,-1,-1,-1,-1,False,False,0,0,False,209,0,0,0,0,0,0,0,0,0,0,0,0,0,0,0,1,
23414312,733,2026-02-23 13:59:32Z,LLM_Empathetic,6.914732,7.219498,6.609965,0.6406362,0,1.618108,0,0,0,0,0,0,5.478636,4.34461,6.612673,0.592854,0.702737,0.482971,7.389189,6.227523,8.550855,0.6048472,0,2.127248,7.174034,6.091884,8.256185,9.810541,10,9.455418,6.914732,7.219498,6.609965,0.6406362,0,1.618108,0,0,0,0,0,0,5.478636,4.34461,6.612673,0.592854,0.702737,0.482971,7.389189,6.227523,8.550855,0.6048472,0,2.127248,7.174034,6.091884,8.256185,9.810541,10,9.455418,-1,-1,-1,-1,-1,-1,-1,-1,-1,-1,-1,-1,-1,-1,-1,-1,-1,-1,-1,-1,-1,-1,-1,-1,-1,-1,-1,-1,-1,-1,-1,-1,-1,-1,-1,-1,-1,-1,-1,-1,-1,-1,-1,-1,-1,-1,-1,-1,-1,-1,0,0,0,0,0,0,-1,-1,-1,-1,-1,-1,-1,-1,-1,-1,-1,-1,0,0,0,0,0,0,-1,-1,-1,-1,-1,-1,-1,-1,-1,-1,-1,-1,-1,-1,False,False,0,0,False,207,0,0,0,0,0,0,0,0,0,0,0,0,0,0,0,1,
23414312,734,2026-02-23 13:59:32Z,LLM_Empathetic,6.914755,7.219502,6.610008,0.6405966,0,1.618086,0,0,0,0,0,0,5.478666,4.344619,6.612723,0.592854,0.702737,0.482971,7.389203,6.227516,8.550889,0.6048218,0,2.127222,7.174076,6.091906,8.256246,9.810624,10,9.455523,6.914755,7.219502,6.610008,0.6405966,0,1.618086,0,0,0,0,0,0,5.478666,4.344619,6.612723,0.592854,0.702737,0.482971,7.389203,6.227516,8.550889,0.6048218,0,2.127222,7.174076,6.091906,8.256246,9.810624,10,9.455523,-1,-1,-1,-1,-1,-1,-1,-1,-1,-1,-1,-1,-1,-1,-1,-1,-1,-1,-1,-1,-1,-1,-1,-1,-1,-1,-1,-1,-1,-1,-1,-1,-1,-1,-1,-1,-1,-1,-1,-1,-1,-1,-1,-1,-1,-1,-1,-1,-1,-1,0,0,0,0,0,0,-1,-1,-1,-1,-1,-1,-1,-1,-1,-1,-1,-1,0,0,0,0,0,0,-1,-1,-1,-1,-1,-1,-1,-1,-1,-1,-1,-1,-1,-1,False,False,0,0,False,209,0,0,0,0,0,0,0,0,0,0,0,0,0,0,0,1,
23414312,735,2026-02-23 13:59:32Z,LLM_Empathetic,6.914778,7.219506,6.61005,0.640557,0,1.618064,0,0,0,0,0,0,5.478696,4.344629,6.612773,0.592854,0.702737,0.482971,7.389216,6.227509,8.550923,0.6047965,0,2.127197,7.174117,6.091928,8.256306,9.810707,10,9.455626,6.914778,7.219506,6.61005,0.640557,0,1.618064,0,0,0,0,0,0,5.478696,4.344629,6.612773,0.592854,0.702737,0.482971,7.389216,6.227509,8.550923,0.6047965,0,2.127197,7.174117,6.091928,8.256306,9.810707,10,9.455626,-1,-1,-1,-1,-1,-1,-1,-1,-1,-1,-1,-1,-1,-1,-1,-1,-1,-1,-1,-1,-1,-1,-1,-1,-1,-1,-1,-1,-1,-1,-1,-1,-1,-1,-1,-1,-1,-1,-1,-1,-1,-1,-1,-1,-1,-1,-1,-1,-1,-1,0,0,0,0,0,0,-1,-1,-1,-1,-1,-1,-1,-1,-1,-1,-1,-1,0,0,0,0,0,0,-1,-1,-1,-1,-1,-1,-1,-1,-1,-1,-1,-1,-1,-1,False,False,0,0,False,209,0,0,0,0,0,0,0,0,0,0,0,0,0,0,0,1,
23414312,736,2026-02-23 13:59:32Z,LLM_Empathetic,6.914802,7.219511,6.610093,0.6405176,0,1.618042,0,0,0,0,0,0,5.478726,4.344639,6.612823,0.592854,0.702737,0.482971,7.38923,6.227502,8.550958,0.6047712,0,2.127172,7.174159,6.091951,8.256367,9.81079,10,9.45573,6.914802,7.219511,6.610093,0.6405176,0,1.618042,0,0,0,0,0,0,5.478726,4.344639,6.612823,0.592854,0.702737,0.482971,7.38923,6.227502,8.550958,0.6047712,0,2.127172,7.174159,6.091951,8.256367,9.81079,10,9.45573,-1,-1,-1,-1,-1,-1,-1,-1,-1,-1,-1,-1,-1,-1,-1,-1,-1,-1,-1,-1,-1,-1,-1,-1,-1,-1,-1,-1,-1,-1,-1,-1,-1,-1,-1,-1,-1,-1,-1,-1,-1,-1,-1,-1,-1,-1,-1,-1,-1,-1,0,0,0,0,0,0,-1,-1,-1,-1,-1,-1,-1,-1,-1,-1,-1,-1,0,0,0,0,0,0,-1,-1,-1,-1,-1,-1,-1,-1,-1,-1,-1,-1,-1,-1,False,False,0,0,False,209,0,0,0,0,0,0,0,0,0,0,0,0,0,0,0,1,
23414312,737,2026-02-23 13:59:32Z,LLM_Empathetic,6.914824,7.219515,6.610135,0.6404782,0,1.618021,0,0,0,0,0,0,5.478755,4.344649,6.612872,0.592854,0.702737,0.482971,7.389243,6.227495,8.550992,0.604746,0,2.127146,7.1742,6.091973,8.256427,9.810873,10,9.455834,6.914824,7.219515,6.610135,0.6404782,0,1.618021,0,0,0,0,0,0,5.478755,4.344649,6.612872,0.592854,0.702737,0.482971,7.389243,6.227495,8.550992,0.604746,0,2.127146,7.1742,6.091973,8.256427,9.810873,10,9.455834,-1,-1,-1,-1,-1,-1,-1,-1,-1,-1,-1,-1,-1,-1,-1,-1,-1,-1,-1,-1,-1,-1,-1,-1,-1,-1,-1,-1,-1,-1,-1,-1,-1,-1,-1,-1,-1,-1,-1,-1,-1,-1,-1,-1,-1,-1,-1,-1,-1,-1,0,0,0,0,0,0,-1,-1,-1,-1,-1,-1,-1,-1,-1,-1,-1,-1,0,0,0,0,0,0,-1,-1,-1,-1,-1,-1,-1,-1,-1,-1,-1,-1,-1,-1,False,False,0,0,False,209,0,0,0,0,0,0,0,0,0,0,0,0,0,0,0,1,
23414312,738,2026-02-23 13:59:32Z,LLM_Empathetic,6.914848,7.219519,6.610177,0.6404389,0,1.617999,0,0,0,0,0,0,5.478785,4.344659,6.612922,0.592854,0.702737,0.482971,7.389257,6.227488,8.551026,0.6047209,0,2.127121,7.174241,6.091996,8.256487,9.810955,10,9.455937,6.914848,7.219519,6.610177,0.6404389,0,1.617999,0,0,0,0,0,0,5.478785,4.344659,6.612922,0.592854,0.702737,0.482971,7.389257,6.227488,8.551026,0.6047209,0,2.127121,7.174241,6.091996,8.256487,9.810955,10,9.455937,-1,-1,-1,-1,-1,-1,-1,-1,-1,-1,-1,-1,-1,-1,-1,-1,-1,-1,-1,-1,-1,-1,-1,-1,-1,-1,-1,-1,-1,-1,-1,-1,-1,-1,-1,-1,-1,-1,-1,-1,-1,-1,-1,-1,-1,-1,-1,-1,-1,-1,0,0,0,0,0,0,-1,-1,-1,-1,-1,-1,-1,-1,-1,-1,-1,-1,0,0,0,0,0,0,-1,-1,-1,-1,-1,-1,-1,-1,-1,-1,-1,-1,-1,-1,False,False,0,0,False,207,0,0,0,0,0,0,0,0,0,0,0,0,0,0,0,1,
23414312,739,2026-02-23 13:59:32Z,LLM_Empathetic,6.914871,7.219523,6.610219,0.6403998,0,1.617977,0,0,0,0,0,0,5.478815,4.344669,6.612971,0.592854,0.702737,0.482971,7.38927,6.227481,8.551061,0.6046958,0,2.127096,7.174282,6.092018,8.256547,9.811037,10,9.45604,6.914871,7.219523,6.610219,0.6403998,0,1.617977,0,0,0,0,0,0,5.478815,4.344669,6.612971,0.592854,0.702737,0.482971,7.38927,6.227481,8.551061,0.6046958,0,2.127096,7.174282,6.092018,8.256547,9.811037,10,9.45604,-1,-1,-1,-1,-1,-1,-1,-1,-1,-1,-1,-1,-1,-1,-1,-1,-1,-1,-1,-1,-1,-1,-1,-1,-1,-1,-1,-1,-1,-1,-1,-1,-1,-1,-1,-1,-1,-1,-1,-1,-1,-1,-1,-1,-1,-1,-1,-1,-1,-1,0,0,0,0,0,0,-1,-1,-1,-1,-1,-1,-1,-1,-1,-1,-1,-1,0,0,0,0,0,0,-1,-1,-1,-1,-1,-1,-1,-1,-1,-1,-1,-1,-1,-1,False,False,0,0,False,207,0,0,0,0,0,0,0,0,0,0,0,0,0,0,0,1,
23414312,740,2026-02-23 13:59:32Z,LLM_Empathetic,6.914894,7.219527,6.61026,0.6403607,0,1.617956,0,0,0,0,0,0,5.478845,4.344678,6.613021,0.592854,0.702737,0.482971,7.389284,6.227474,8.551094,0.6046708,0,2.127071,7.174323,6.09204,8.256607,9.811119,10,9.456143,6.914894,7.219527,6.61026,0.6403607,0,1.617956,0,0,0,0,0,0,5.478845,4.344678,6.613021,0.592854,0.702737,0.482971,7.389284,6.227474,8.551094,0.6046708,0,2.127071,7.174323,6.09204,8.256607,9.811119,10,9.456143,-1,-1,-1,-1,-1,-1,-1,-1,-1,-1,-1,-1,-1,-1,-1,-1,-1,-1,-1,-1,-1,-1,-1,-1,-1,-1,-1,-1,-1,-1,-1,-1,-1,-1,-1,-1,-1,-1,-1,-1,-1,-1,-1,-1,-1,-1,-1,-1,-1,-1,0,0,0,0,0,0,-1,-1,-1,-1,-1,-1,-1,-1,-1,-1,-1,-1,0,0,0,0,0,0,-1,-1,-1,-1,-1,-1,-1,-1,-1,-1,-1,-1,-1,-1,False,False,0,0,False,207,0,0,0,0,0,0,0,0,0,0,0,0,0,0,0,1,
23414312,741,2026-02-23 13:59:32Z,LLM_Empathetic,6.914917,7.219532,6.610302,0.6403217,0,1.617934,0,0,0,0,0,0,5.478874,4.344688,6.61307,0.592854,0.702737,0.482971,7.389297,6.227467,8.551128,0.6046458,0,2.127046,7.174364,6.092062,8.256667,9.811201,10,9.456246,6.914917,7.219532,6.610302,0.6403217,0,1.617934,0,0,0,0,0,0,5.478874,4.344688,6.61307,0.592854,0.702737,0.482971,7.389297,6.227467,8.551128,0.6046458,0,2.127046,7.174364,6.092062,8.256667,9.811201,10,9.456246,-1,-1,-1,-1,-1,-1,-1,-1,-1,-1,-1,-1,-1,-1,-1,-1,-1,-1,-1,-1,-1,-1,-1,-1,-1,-1,-1,-1,-1,-1,-1,-1,-1,-1,-1,-1,-1,-1,-1,-1,-1,-1,-1,-1,-1,-1,-1,-1,-1,-1,0,0,0,0,0,0,-1,-1,-1,-1,-1,-1,-1,-1,-1,-1,-1,-1,0,0,0,0,0,0,-1,-1,-1,-1,-1,-1,-1,-1,-1,-1,-1,-1,-1,-1,False,False,0,0,False,209,0,0,0,0,0,0,0,0,0,0,0,0,0,0,0,1,
23414312,742,2026-02-23 13:59:32Z,LLM_Empathetic,6.91494,7.219535,6.610344,0.6402828,0,1.617913,0,0,0,0,0,0,5.478903,4.344698,6.613119,0.592854,0.702737,0.482971,7.389311,6.22746,8.551162,0.6046209,0,2.127021,7.174405,6.092084,8.256726,9.811283,10,9.456348,6.91494,7.219535,6.610344,0.6402828,0,1.617913,0,0,0,0,0,0,5.478903,4.344698,6.613119,0.592854,0.702737,0.482971,7.389311,6.22746,8.551162,0.6046209,0,2.127021,7.174405,6.092084,8.256726,9.811283,10,9.456348,-1,-1,-1,-1,-1,-1,-1,-1,-1,-1,-1,-1,-1,-1,-1,-1,-1,-1,-1,-1,-1,-1,-1,-1,-1,-1,-1,-1,-1,-1,-1,-1,-1,-1,-1,-1,-1,-1,-1,-1,-1,-1,-1,-1,-1,-1,-1,-1,-1,-1,0,0,0,0,0,0,-1,-1,-1,-1,-1,-1,-1,-1,-1,-1,-1,-1,0,0,0,0,0,0,-1,-1,-1,-1,-1,-1,-1,-1,-1,-1,-1,-1,-1,-1,False,False,0,0,False,209,0,0,0,0,0,0,0,0,0,0,0,0,0,0,0,1,
23414312,743,2026-02-23 13:59:32Z,LLM_Empathetic,6.914962,7.21954,6.610385,0.640244,0,1.617891,0,0,0,0,0,0,5.478933,4.344707,6.613168,0.592854,0.702737,0.482971,7.389324,6.227453,8.551195,0.604596,0,2.126997,7.174446,6.092107,8.256785,9.811364,10,9.456451,6.914962,7.21954,6.610385,0.640244,0,1.617891,0,0,0,0,0,0,5.478933,4.344707,6.613168,0.592854,0.702737,0.482971,7.389324,6.227453,8.551195,0.604596,0,2.126997,7.174446,6.092107,8.256785,9.811364,10,9.456451,-1,-1,-1,-1,-1,-1,-1,-1,-1,-1,-1,-1,-1,-1,-1,-1,-1,-1,-1,-1,-1,-1,-1,-1,-1,-1,-1,-1,-1,-1,-1,-1,-1,-1,-1,-1,-1,-1,-1,-1,-1,-1,-1,-1,-1,-1,-1,-1,-1,-1,0,0,0,0,0,0,-1,-1,-1,-1,-1,-1,-1,-1,-1,-1,-1,-1,0,0,0,0,0,0,-1,-1,-1,-1,-1,-1,-1,-1,-1,-1,-1,-1,-1,-1,False,False,0,0,False,209,0,0,0,0,0,0,0,0,0,0,0,0,0,0,0,1,
23414312,744,2026-02-23 13:59:32Z,LLM_Empathetic,6.914985,7.219544,6.610427,0.6402053,0,1.61787,0,0,0,0,0,0,5.478962,4.344718,6.613217,0.592854,0.702737,0.482971,7.389338,6.227446,8.551229,0.6045712,0,2.126972,7.174487,6.092129,8.256845,9.811445,10,9.456553,6.914985,7.219544,6.610427,0.6402053,0,1.61787,0,0,0,0,0,0,5.478962,4.344718,6.613217,0.592854,0.702737,0.482971,7.389338,6.227446,8.551229,0.6045712,0,2.126972,7.174487,6.092129,8.256845,9.811445,10,9.456553,-1,-1,-1,-1,-1,-1,-1,-1,-1,-1,-1,-1,-1,-1,-1,-1,-1,-1,-1,-1,-1,-1,-1,-1,-1,-1,-1,-1,-1,-1,-1,-1,-1,-1,-1,-1,-1,-1,-1,-1,-1,-1,-1,-1,-1,-1,-1,-1,-1,-1,0,0,0,0,0,0,-1,-1,-1,-1,-1,-1,-1,-1,-1,-1,-1,-1,0,0,0,0,0,0,-1,-1,-1,-1,-1,-1,-1,-1,-1,-1,-1,-1,-1,-1,False,False,0,0,False,209,0,0,0,0,0,0,0,0,0,0,0,0,0,0,0,1,
23414312,745,2026-02-23 13:59:32Z,LLM_Empathetic,6.915008,7.219548,6.610468,0.6401666,0,1.617849,0,0,0,0,0,0,5.478992,4.344727,6.613266,0.592854,0.702737,0.482971,7.389351,6.227439,8.551263,0.6045465,0,2.126947,7.174527,6.092151,8.256905,9.811526,10,9.456655,6.915008,7.219548,6.610468,0.6401666,0,1.617849,0,0,0,0,0,0,5.478992,4.344727,6.613266,0.592854,0.702737,0.482971,7.389351,6.227439,8.551263,0.6045465,0,2.126947,7.174527,6.092151,8.256905,9.811526,10,9.456655,-1,-1,-1,-1,-1,-1,-1,-1,-1,-1,-1,-1,-1,-1,-1,-1,-1,-1,-1,-1,-1,-1,-1,-1,-1,-1,-1,-1,-1,-1,-1,-1,-1,-1,-1,-1,-1,-1,-1,-1,-1,-1,-1,-1,-1,-1,-1,-1,-1,-1,0,0,0,0,0,0,-1,-1,-1,-1,-1,-1,-1,-1,-1,-1,-1,-1,0,0,0,0,0,0,-1,-1,-1,-1,-1,-1,-1,-1,-1,-1,-1,-1,-1,-1,False,False,0,0,False,207,0,0,0,0,0,0,0,0,0,0,0,0,0,0,0,1,
23414312,746,2026-02-23 13:59:33Z,LLM_Empathetic,6.91503,7.219552,6.610509,0.6401281,0,1.617827,0,0,0,0,0,0,5.479021,4.344737,6.613315,0.592854,0.702737,0.482971,7.389364,6.227433,8.551296,0.6045218,0,2.126922,7.174568,6.092173,8.256964,9.811607,10,9.456757,6.91503,7.219552,6.610509,0.6401281,0,1.617827,0,0,0,0,0,0,5.479021,4.344737,6.613315,0.592854,0.702737,0.482971,7.389364,6.227433,8.551296,0.6045218,0,2.126922,7.174568,6.092173,8.256964,9.811607,10,9.456757,-1,-1,-1,-1,-1,-1,-1,-1,-1,-1,-1,-1,-1,-1,-1,-1,-1,-1,-1,-1,-1,-1,-1,-1,-1,-1,-1,-1,-1,-1,-1,-1,-1,-1,-1,-1,-1,-1,-1,-1,-1,-1,-1,-1,-1,-1,-1,-1,-1,-1,0,0,0,0,0,0,-1,-1,-1,-1,-1,-1,-1,-1,-1,-1,-1,-1,0,0,0,0,0,0,-1,-1,-1,-1,-1,-1,-1,-1,-1,-1,-1,-1,-1,-1,False,False,0,0,False,209,0,0,0,0,0,0,0,0,0,0,0,0,0,0,0,1,
23414312,747,2026-02-23 13:59:33Z,LLM_Empathetic,6.915053,7.219556,6.61055,0.6400896,0,1.617806,0,0,0,0,0,0,5.47905,4.344746,6.613363,0.592854,0.702737,0.482971,7.389378,6.227426,8.55133,0.6044972,0,2.126898,7.174608,6.092195,8.257022,9.811688,10,9.456858,6.915053,7.219556,6.61055,0.6400896,0,1.617806,0,0,0,0,0,0,5.47905,4.344746,6.613363,0.592854,0.702737,0.482971,7.389378,6.227426,8.55133,0.6044972,0,2.126898,7.174608,6.092195,8.257022,9.811688,10,9.456858,-1,-1,-1,-1,-1,-1,-1,-1,-1,-1,-1,-1,-1,-1,-1,-1,-1,-1,-1,-1,-1,-1,-1,-1,-1,-1,-1,-1,-1,-1,-1,-1,-1,-1,-1,-1,-1,-1,-1,-1,-1,-1,-1,-1,-1,-1,-1,-1,-1,-1,0,0,0,0,0,0,-1,-1,-1,-1,-1,-1,-1,-1,-1,-1,-1,-1,0,0,0,0,0,0,-1,-1,-1,-1,-1,-1,-1,-1,-1,-1,-1,-1,-1,-1,False,False,0,0,False,209,0,0,0,0,0,0,0,0,0,0,0,0,0,0,0,1,
23414312,748,2026-02-23 13:59:33Z,LLM_Empathetic,6.915076,7.21956,6.610591,0.6400512,0,1.617785,0,0,0,0,0,0,5.479079,4.344756,6.613411,0.592854,0.702737,0.482971,7.38939,6.227419,8.551363,0.6044726,0,2.126873,7.174648,6.092216,8.257081,9.811769,10,9.456959,6.915076,7.21956,6.610591,0.6400512,0,1.617785,0,0,0,0,0,0,5.479079,4.344756,6.613411,0.592854,0.702737,0.482971,7.38939,6.227419,8.551363,0.6044726,0,2.126873,7.174648,6.092216,8.257081,9.811769,10,9.456959,-1,-1,-1,-1,-1,-1,-1,-1,-1,-1,-1,-1,-1,-1,-1,-1,-1,-1,-1,-1,-1,-1,-1,-1,-1,-1,-1,-1,-1,-1,-1,-1,-1,-1,-1,-1,-1,-1,-1,-1,-1,-1,-1,-1,-1,-1,-1,-1,-1,-1,0,0,0,0,0,0,-1,-1,-1,-1,-1,-1,-1,-1,-1,-1,-1,-1,0,0,0,0,0,0,-1,-1,-1,-1,-1,-1,-1,-1,-1,-1,-1,-1,-1,-1,False,False,0,0,False,209,0,0,0,0,0,0,0,0,0,0,0,0,0,0,0,1,
23414312,749,2026-02-23 13:59:33Z,LLM_Empathetic,6.915099,7.219564,6.610632,0.640013,0,1.617764,0,0,0,0,0,0,5.479107,4.344766,6.61346,0.592854,0.702737,0.482971,7.389404,6.227412,8.551395,0.6044481,0,2.126848,7.174688,6.092238,8.25714,9.81185,10,9.45706,6.915099,7.219564,6.610632,0.640013,0,1.617764,0,0,0,0,0,0,5.479107,4.344766,6.61346,0.592854,0.702737,0.482971,7.389404,6.227412,8.551395,0.6044481,0,2.126848,7.174688,6.092238,8.25714,9.81185,10,9.45706,-1,-1,-1,-1,-1,-1,-1,-1,-1,-1,-1,-1,-1,-1,-1,-1,-1,-1,-1,-1,-1,-1,-1,-1,-1,-1,-1,-1,-1,-1,-1,-1,-1,-1,-1,-1,-1,-1,-1,-1,-1,-1,-1,-1,-1,-1,-1,-1,-1,-1,0,0,0,0,0,0,-1,-1,-1,-1,-1,-1,-1,-1,-1,-1,-1,-1,0,0,0,0,0,0,-1,-1,-1,-1,-1,-1,-1,-1,-1,-1,-1,-1,-1,-1,False,False,0,0,False,207,0,0,0,0,0,0,0,0,0,0,0,0,0,0,0,1,
23414312,750,2026-02-23 13:59:33Z,LLM_Empathetic,6.915121,7.219568,6.610673,0.6399748,0,1.617743,0,0,0,0,0,0,5.479136,4.344775,6.613508,0.592854,0.702737,0.482971,7.389417,6.227406,8.551429,0.6044236,0,2.126824,7.174728,6.09226,8.257198,9.81193,10,9.45716,6.915121,7.219568,6.610673,0.6399748,0,1.617743,0,0,0,0,0,0,5.479136,4.344775,6.613508,0.592854,0.702737,0.482971,7.389417,6.227406,8.551429,0.6044236,0,2.126824,7.174728,6.09226,8.257198,9.81193,10,9.45716,-1,-1,-1,-1,-1,-1,-1,-1,-1,-1,-1,-1,-1,-1,-1,-1,-1,-1,-1,-1,-1,-1,-1,-1,-1,-1,-1,-1,-1,-1,-1,-1,-1,-1,-1,-1,-1,-1,-1,-1,-1,-1,-1,-1,-1,-1,-1,-1,-1,-1,0,0,0,0,0,0,-1,-1,-1,-1,-1,-1,-1,-1,-1,-1,-1,-1,0,0,0,0,0,0,-1,-1,-1,-1,-1,-1,-1,-1,-1,-1,-1,-1,-1,-1,False,False,0,0,False,209,0,0,0,0,0,0,0,0,0,0,0,0,0,0,0,1,
23414312,751,2026-02-23 13:59:33Z,LLM_Empathetic,6.915143,7.219573,6.610714,0.6399367,0,1.617722,0,0,0,0,0,0,5.479166,4.344785,6.613556,0.592854,0.702737,0.482971,7.38943,6.227398,8.551462,0.6043992,0,2.1268,7.174768,6.092281,8.257257,9.812009,10,9.45726,6.915143,7.219573,6.610714,0.6399367,0,1.617722,0,0,0,0,0,0,5.479166,4.344785,6.613556,0.592854,0.702737,0.482971,7.38943,6.227398,8.551462,0.6043992,0,2.1268,7.174768,6.092281,8.257257,9.812009,10,9.45726,-1,-1,-1,-1,-1,-1,-1,-1,-1,-1,-1,-1,-1,-1,-1,-1,-1,-1,-1,-1,-1,-1,-1,-1,-1,-1,-1,-1,-1,-1,-1,-1,-1,-1,-1,-1,-1,-1,-1,-1,-1,-1,-1,-1,-1,-1,-1,-1,-1,-1,0,0,0,0,0,0,-1,-1,-1,-1,-1,-1,-1,-1,-1,-1,-1,-1,0,0,0,0,0,0,-1,-1,-1,-1,-1,-1,-1,-1,-1,-1,-1,-1,-1,-1,False,False,0,0,False,209,0,0,0,0,0,0,0,0,0,0,0,0,0,0,0,1,
23414312,752,2026-02-23 13:59:33Z,LLM_Empathetic,6.915166,7.219576,6.610755,0.6398987,0,1.617701,0,0,0,0,0,0,5.479194,4.344794,6.613605,0.592854,0.702737,0.482971,7.389443,6.227392,8.551496,0.6043749,0,2.126775,7.174809,6.092303,8.257315,9.812089,10,9.45736,6.915166,7.219576,6.610755,0.6398987,0,1.617701,0,0,0,0,0,0,5.479194,4.344794,6.613605,0.592854,0.702737,0.482971,7.389443,6.227392,8.551496,0.6043749,0,2.126775,7.174809,6.092303,8.257315,9.812089,10,9.45736,-1,-1,-1,-1,-1,-1,-1,-1,-1,-1,-1,-1,-1,-1,-1,-1,-1,-1,-1,-1,-1,-1,-1,-1,-1,-1,-1,-1,-1,-1,-1,-1,-1,-1,-1,-1,-1,-1,-1,-1,-1,-1,-1,-1,-1,-1,-1,-1,-1,-1,0,0,0,0,0,0,-1,-1,-1,-1,-1,-1,-1,-1,-1,-1,-1,-1,0,0,0,0,0,0,-1,-1,-1,-1,-1,-1,-1,-1,-1,-1,-1,-1,-1,-1,False,False,0,0,False,209,0,0,0,0,0,0,0,0,0,0,0,0,0,0,0,1,
23414312,753,2026-02-23 13:59:33Z,LLM_Empathetic,6.915188,7.21958,6.610795,0.6398607,0,1.61768,0,0,0,0,0,0,5.479223,4.344804,6.613652,0.592854,0.702737,0.482971,7.389456,6.227385,8.551528,0.6043506,0,2.126751,7.174849,6.092325,8.257373,9.812169,10,9.45746,6.915188,7.21958,6.610795,0.6398607,0,1.61768,0,0,0,0,0,0,5.479223,4.344804,6.613652,0.592854,0.702737,0.482971,7.389456,6.227385,8.551528,0.6043506,0,2.126751,7.174849,6.092325,8.257373,9.812169,10,9.45746,-1,-1,-1,-1,-1,-1,-1,-1,-1,-1,-1,-1,-1,-1,-1,-1,-1,-1,-1,-1,-1,-1,-1,-1,-1,-1,-1,-1,-1,-1,-1,-1,-1,-1,-1,-1,-1,-1,-1,-1,-1,-1,-1,-1,-1,-1,-1,-1,-1,-1,0,0,0,0,0,0,-1,-1,-1,-1,-1,-1,-1,-1,-1,-1,-1,-1,0,0,0,0,0,0,-1,-1,-1,-1,-1,-1,-1,-1,-1,-1,-1,-1,-1,-1,False,False,0,0,False,209,0,0,0,0,0,0,0,0,0,0,0,0,0,0,0,1,
23414312,754,2026-02-23 13:59:33Z,LLM_Empathetic,6.91521,7.219584,6.610836,0.6398228,0,1.617659,0,0,0,0,0,0,5.479251,4.344813,6.6137,0.592854,0.702737,0.482971,7.38947,6.227378,8.55156,0.6043264,0,2.126727,7.174888,6.092346,8.257431,9.812248,10,9.457561,6.91521,7.219584,6.610836,0.6398228,0,1.617659,0,0,0,0,0,0,5.479251,4.344813,6.6137,0.592854,0.702737,0.482971,7.38947,6.227378,8.55156,0.6043264,0,2.126727,7.174888,6.092346,8.257431,9.812248,10,9.457561,-1,-1,-1,-1,-1,-1,-1,-1,-1,-1,-1,-1,-1,-1,-1,-1,-1,-1,-1,-1,-1,-1,-1,-1,-1,-1,-1,-1,-1,-1,-1,-1,-1,-1,-1,-1,-1,-1,-1,-1,-1,-1,-1,-1,-1,-1,-1,-1,-1,-1,0,0,0,0,0,0,-1,-1,-1,-1,-1,-1,-1,-1,-1,-1,-1,-1,0,0,0,0,0,0,-1,-1,-1,-1,-1,-1,-1,-1,-1,-1,-1,-1,-1,-1,False,False,0,0,False,209,0,0,0,0,0,0,0,0,0,0,0,0,0,0,0,1,
23414312,755,2026-02-23 13:59:33Z,LLM_Empathetic,6.915233,7.219588,6.610877,0.6397851,0,1.617638,0,0,0,0,0,0,5.47928,4.344822,6.613748,0.592854,0.702737,0.482971,7.389482,6.227372,8.551594,0.6043022,0,2.126703,7.174928,6.092368,8.257489,9.812327,10,9.45766,6.915233,7.219588,6.610877,0.6397851,0,1.617638,0,0,0,0,0,0,5.47928,4.344822,6.613748,0.592854,0.702737,0.482971,7.389482,6.227372,8.551594,0.6043022,0,2.126703,7.174928,6.092368,8.257489,9.812327,10,9.45766,-1,-1,-1,-1,-1,-1,-1,-1,-1,-1,-1,-1,-1,-1,-1,-1,-1,-1,-1,-1,-1,-1,-1,-1,-1,-1,-1,-1,-1,-1,-1,-1,-1,-1,-1,-1,-1,-1,-1,-1,-1,-1,-1,-1,-1,-1,-1,-1,-1,-1,0,0,0,0,0,0,-1,-1,-1,-1,-1,-1,-1,-1,-1,-1,-1,-1,0,0,0,0,0,0,-1,-1,-1,-1,-1,-1,-1,-1,-1,-1,-1,-1,-1,-1,False,False,0,0,False,209,0,0,0,0,0,0,0,0,0,0,0,0,0,0,0,1,
23414312,756,2026-02-23 13:59:33Z,LLM_Empathetic,6.915255,7.219593,6.610917,0.6397474,0,1.617617,0,0,0,0,0,0,5.479309,4.344832,6.613795,0.592854,0.702737,0.482971,7.389495,6.227365,8.551626,0.604278,0,2.126678,7.174967,6.092389,8.257546,9.812407,10,9.457759,6.915255,7.219593,6.610917,0.6397474,0,1.617617,0,0,0,0,0,0,5.479309,4.344832,6.613795,0.592854,0.702737,0.482971,7.389495,6.227365,8.551626,0.604278,0,2.126678,7.174967,6.092389,8.257546,9.812407,10,9.457759,-1,-1,-1,-1,-1,-1,-1,-1,-1,-1,-1,-1,-1,-1,-1,-1,-1,-1,-1,-1,-1,-1,-1,-1,-1,-1,-1,-1,-1,-1,-1,-1,-1,-1,-1,-1,-1,-1,-1,-1,-1,-1,-1,-1,-1,-1,-1,-1,-1,-1,0,0,0,0,0,0,-1,-1,-1,-1,-1,-1,-1,-1,-1,-1,-1,-1,0,0,0,0,0,0,-1,-1,-1,-1,-1,-1,-1,-1,-1,-1,-1,-1,-1,-1,False,False,0,0,False,209,0,0,0,0,0,0,0,0,0,0,0,0,0,0,0,1,
23414312,757,2026-02-23 13:59:33Z,LLM_Empathetic,6.915277,7.219596,6.610957,0.6397098,0,1.617597,0,0,0,0,0,0,5.479337,4.344841,6.613843,0.592854,0.702737,0.482971,7.389508,6.227358,8.551659,0.6042539,0,2.126654,7.175007,6.092411,8.257605,9.812486,10,9.457858,6.915277,7.219596,6.610957,0.6397098,0,1.617597,0,0,0,0,0,0,5.479337,4.344841,6.613843,0.592854,0.702737,0.482971,7.389508,6.227358,8.551659,0.6042539,0,2.126654,7.175007,6.092411,8.257605,9.812486,10,9.457858,-1,-1,-1,-1,-1,-1,-1,-1,-1,-1,-1,-1,-1,-1,-1,-1,-1,-1,-1,-1,-1,-1,-1,-1,-1,-1,-1,-1,-1,-1,-1,-1,-1,-1,-1,-1,-1,-1,-1,-1,-1,-1,-1,-1,-1,-1,-1,-1,-1,-1,0,0,0,0,0,0,-1,-1,-1,-1,-1,-1,-1,-1,-1,-1,-1,-1,0,0,0,0,0,0,-1,-1,-1,-1,-1,-1,-1,-1,-1,-1,-1,-1,-1,-1,False,False,0,0,False,209,0,0,0,0,0,0,0,0,0,0,0,0,0,0,0,1,
23414312,758,2026-02-23 13:59:33Z,LLM_Empathetic,6.915299,7.219601,6.610997,0.6396723,0,1.617576,0,0,0,0,0,0,5.479365,4.344851,6.61389,0.592854,0.702737,0.482971,7.389522,6.227352,8.551691,0.6042299,0,2.12663,7.175046,6.092432,8.257662,9.812564,10,9.457956,6.915299,7.219601,6.610997,0.6396723,0,1.617576,0,0,0,0,0,0,5.479365,4.344851,6.61389,0.592854,0.702737,0.482971,7.389522,6.227352,8.551691,0.6042299,0,2.12663,7.175046,6.092432,8.257662,9.812564,10,9.457956,-1,-1,-1,-1,-1,-1,-1,-1,-1,-1,-1,-1,-1,-1,-1,-1,-1,-1,-1,-1,-1,-1,-1,-1,-1,-1,-1,-1,-1,-1,-1,-1,-1,-1,-1,-1,-1,-1,-1,-1,-1,-1,-1,-1,-1,-1,-1,-1,-1,-1,0,0,0,0,0,0,-1,-1,-1,-1,-1,-1,-1,-1,-1,-1,-1,-1,0,0,0,0,0,0,-1,-1,-1,-1,-1,-1,-1,-1,-1,-1,-1,-1,-1,-1,False,False,0,0,False,209,0,0,0,0,0,0,0,0,0,0,0,0,0,0,0,1,
23414312,759,2026-02-23 13:59:33Z,LLM_Empathetic,6.915321,7.219604,6.611037,0.6396349,0,1.617555,0,0,0,0,0,0,5.479393,4.34486,6.613937,0.592854,0.702737,0.482971,7.389534,6.227345,8.551723,0.604206,0,2.126606,7.175086,6.092453,8.257719,9.812642,10,9.458055,6.915321,7.219604,6.611037,0.6396349,0,1.617555,0,0,0,0,0,0,5.479393,4.34486,6.613937,0.592854,0.702737,0.482971,7.389534,6.227345,8.551723,0.604206,0,2.126606,7.175086,6.092453,8.257719,9.812642,10,9.458055,-1,-1,-1,-1,-1,-1,-1,-1,-1,-1,-1,-1,-1,-1,-1,-1,-1,-1,-1,-1,-1,-1,-1,-1,-1,-1,-1,-1,-1,-1,-1,-1,-1,-1,-1,-1,-1,-1,-1,-1,-1,-1,-1,-1,-1,-1,-1,-1,-1,-1,0,0,0,0,0,0,-1,-1,-1,-1,-1,-1,-1,-1,-1,-1,-1,-1,0,0,0,0,0,0,-1,-1,-1,-1,-1,-1,-1,-1,-1,-1,-1,-1,-1,-1,False,False,0,0,False,209,0,0,0,0,0,0,0,0,0,0,0,0,0,0,0,1,
23414312,760,2026-02-23 13:59:33Z,LLM_Empathetic,6.915343,7.219608,6.611077,0.6395976,0,1.617535,0,0,0,0,0,0,5.479422,4.34487,6.613985,0.592854,0.702737,0.482971,7.389547,6.227338,8.551756,0.6041821,0,2.126582,7.175125,6.092474,8.257776,9.812721,10,9.458154,6.915343,7.219608,6.611077,0.6395976,0,1.617535,0,0,0,0,0,0,5.479422,4.34487,6.613985,0.592854,0.702737,0.482971,7.389547,6.227338,8.551756,0.6041821,0,2.126582,7.175125,6.092474,8.257776,9.812721,10,9.458154,-1,-1,-1,-1,-1,-1,-1,-1,-1,-1,-1,-1,-1,-1,-1,-1,-1,-1,-1,-1,-1,-1,-1,-1,-1,-1,-1,-1,-1,-1,-1,-1,-1,-1,-1,-1,-1,-1,-1,-1,-1,-1,-1,-1,-1,-1,-1,-1,-1,-1,0,0,0,0,0,0,-1,-1,-1,-1,-1,-1,-1,-1,-1,-1,-1,-1,0,0,0,0,0,0,-1,-1,-1,-1,-1,-1,-1,-1,-1,-1,-1,-1,-1,-1,False,False,0,0,False,209,0,0,0,0,0,0,0,0,0,0,0,0,0,0,0,1,
23414312,761,2026-02-23 13:59:33Z,LLM_Empathetic,6.915365,7.219613,6.611117,0.6395603,0,1.617514,0,0,0,0,0,0,5.47945,4.344879,6.614032,0.592854,0.702737,0.482971,7.38956,6.227332,8.551788,0.6041582,0,2.126559,7.175164,6.092495,8.257833,9.812799,10,9.458252,6.915365,7.219613,6.611117,0.6395603,0,1.617514,0,0,0,0,0,0,5.47945,4.344879,6.614032,0.592854,0.702737,0.482971,7.38956,6.227332,8.551788,0.6041582,0,2.126559,7.175164,6.092495,8.257833,9.812799,10,9.458252,-1,-1,-1,-1,-1,-1,-1,-1,-1,-1,-1,-1,-1,-1,-1,-1,-1,-1,-1,-1,-1,-1,-1,-1,-1,-1,-1,-1,-1,-1,-1,-1,-1,-1,-1,-1,-1,-1,-1,-1,-1,-1,-1,-1,-1,-1,-1,-1,-1,-1,0,0,0,0,0,0,-1,-1,-1,-1,-1,-1,-1,-1,-1,-1,-1,-1,0,0,0,0,0,0,-1,-1,-1,-1,-1,-1,-1,-1,-1,-1,-1,-1,-1,-1,False,False,0,0,False,207,0,0,0,0,0,0,0,0,0,0,0,0,0,0,0,1,
23414312,762,2026-02-23 13:59:33Z,LLM_Empathetic,6.915387,7.219616,6.611157,0.6395231,0,1.617494,0,0,0,0,0,0,5.479478,4.344888,6.614079,0.592854,0.702737,0.482971,7.389573,6.227325,8.551821,0.6041344,0,2.126535,7.175203,6.092517,8.257891,9.812877,10,9.458349,6.915387,7.219616,6.611157,0.6395231,0,1.617494,0,0,0,0,0,0,5.479478,4.344888,6.614079,0.592854,0.702737,0.482971,7.389573,6.227325,8.551821,0.6041344,0,2.126535,7.175203,6.092517,8.257891,9.812877,10,9.458349,-1,-1,-1,-1,-1,-1,-1,-1,-1,-1,-1,-1,-1,-1,-1,-1,-1,-1,-1,-1,-1,-1,-1,-1,-1,-1,-1,-1,-1,-1,-1,-1,-1,-1,-1,-1,-1,-1,-1,-1,-1,-1,-1,-1,-1,-1,-1,-1,-1,-1,0,0,0,0,0,0,-1,-1,-1,-1,-1,-1,-1,-1,-1,-1,-1,-1,0,0,0,0,0,0,-1,-1,-1,-1,-1,-1,-1,-1,-1,-1,-1,-1,-1,-1,False,False,0,0,False,207,0,0,0,0,0,0,0,0,0,0,0,0,0,0,0,1,
23414312,763,2026-02-23 13:59:33Z,LLM_Empathetic,6.915409,7.21962,6.611197,0.6394861,0,1.617473,0,0,0,0,0,0,5.479506,4.344897,6.614126,0.592854,0.702737,0.482971,7.389585,6.227319,8.551853,0.6041107,0,2.126511,7.175242,6.092538,8.257947,9.812955,10,9.458447,6.915409,7.21962,6.611197,0.6394861,0,1.617473,0,0,0,0,0,0,5.479506,4.344897,6.614126,0.592854,0.702737,0.482971,7.389585,6.227319,8.551853,0.6041107,0,2.126511,7.175242,6.092538,8.257947,9.812955,10,9.458447,-1,-1,-1,-1,-1,-1,-1,-1,-1,-1,-1,-1,-1,-1,-1,-1,-1,-1,-1,-1,-1,-1,-1,-1,-1,-1,-1,-1,-1,-1,-1,-1,-1,-1,-1,-1,-1,-1,-1,-1,-1,-1,-1,-1,-1,-1,-1,-1,-1,-1,0,0,0,0,0,0,-1,-1,-1,-1,-1,-1,-1,-1,-1,-1,-1,-1,0,0,0,0,0,0,-1,-1,-1,-1,-1,-1,-1,-1,-1,-1,-1,-1,-1,-1,False,False,0,0,False,209,0,0,0,0,0,0,0,0,0,0,0,0,0,0,0,1,
23414312,764,2026-02-23 13:59:33Z,LLM_Empathetic,6.91543,7.219624,6.611236,0.6394491,0,1.617453,0,0,0,0,0,0,5.479534,4.344907,6.614172,0.592854,0.702737,0.482971,7.389598,6.227312,8.551886,0.604087,0,2.126487,7.175281,6.092559,8.258004,9.813032,10,9.458545,6.91543,7.219624,6.611236,0.6394491,0,1.617453,0,0,0,0,0,0,5.479534,4.344907,6.614172,0.592854,0.702737,0.482971,7.389598,6.227312,8.551886,0.604087,0,2.126487,7.175281,6.092559,8.258004,9.813032,10,9.458545,-1,-1,-1,-1,-1,-1,-1,-1,-1,-1,-1,-1,-1,-1,-1,-1,-1,-1,-1,-1,-1,-1,-1,-1,-1,-1,-1,-1,-1,-1,-1,-1,-1,-1,-1,-1,-1,-1,-1,-1,-1,-1,-1,-1,-1,-1,-1,-1,-1,-1,0,0,0,0,0,0,-1,-1,-1,-1,-1,-1,-1,-1,-1,-1,-1,-1,0,0,0,0,0,0,-1,-1,-1,-1,-1,-1,-1,-1,-1,-1,-1,-1,-1,-1,False,False,0,0,False,209,0,0,0,0,0,0,0,0,0,0,0,0,0,0,0,1,
23414312,765,2026-02-23 13:59:33Z,LLM_Empathetic,6.915452,7.219628,6.611276,0.6394122,0,1.617433,0,0,0,0,0,0,5.479562,4.344916,6.614219,0.592854,0.702737,0.482971,7.389611,6.227305,8.551917,0.6040633,0,2.126464,7.17532,6.09258,8.25806,9.81311,10,9.458642,6.915452,7.219628,6.611276,0.6394122,0,1.617433,0,0,0,0,0,0,5.479562,4.344916,6.614219,0.592854,0.702737,0.482971,7.389611,6.227305,8.551917,0.6040633,0,2.126464,7.17532,6.09258,8.25806,9.81311,10,9.458642,-1,-1,-1,-1,-1,-1,-1,-1,-1,-1,-1,-1,-1,-1,-1,-1,-1,-1,-1,-1,-1,-1,-1,-1,-1,-1,-1,-1,-1,-1,-1,-1,-1,-1,-1,-1,-1,-1,-1,-1,-1,-1,-1,-1,-1,-1,-1,-1,-1,-1,0,0,0,0,0,0,-1,-1,-1,-1,-1,-1,-1,-1,-1,-1,-1,-1,0,0,0,0,0,0,-1,-1,-1,-1,-1,-1,-1,-1,-1,-1,-1,-1,-1,-1,False,False,0,0,False,209,0,0,0,0,0,0,0,0,0,0,0,0,0,0,0,1,
23414312,766,2026-02-23 13:59:33Z,LLM_Empathetic,6.915473,7.219632,6.611315,0.6393753,0,1.617412,0,0,0,0,0,0,5.47959,4.344925,6.614265,0.592854,0.702737,0.482971,7.389624,6.227299,8.55195,0.6040397,0,2.12644,7.175358,6.092601,8.258117,9.813188,10,9.458739,6.915473,7.219632,6.611315,0.6393753,0,1.617412,0,0,0,0,0,0,5.47959,4.344925,6.614265,0.592854,0.702737,0.482971,7.389624,6.227299,8.55195,0.6040397,0,2.12644,7.175358,6.092601,8.258117,9.813188,10,9.458739,-1,-1,-1,-1,-1,-1,-1,-1,-1,-1,-1,-1,-1,-1,-1,-1,-1,-1,-1,-1,-1,-1,-1,-1,-1,-1,-1,-1,-1,-1,-1,-1,-1,-1,-1,-1,-1,-1,-1,-1,-1,-1,-1,-1,-1,-1,-1,-1,-1,-1,0,0,0,0,0,0,-1,-1,-1,-1,-1,-1,-1,-1,-1,-1,-1,-1,0,0,0,0,0,0,-1,-1,-1,-1,-1,-1,-1,-1,-1,-1,-1,-1,-1,-1,False,False,0,0,False,207,0,0,0,0,0,0,0,0,0,0,0,0,0,0,0,1,
23414312,767,2026-02-23 13:59:33Z,LLM_Empathetic,6.915495,7.219636,6.611354,0.6393386,0,1.617392,0,0,0,0,0,0,5.479618,4.344934,6.614312,0.592854,0.702737,0.482971,7.389637,6.227293,8.551981,0.6040162,0,2.126417,7.175397,6.092622,8.258173,9.813265,10,9.458836,6.915495,7.219636,6.611354,0.6393386,0,1.617392,0,0,0,0,0,0,5.479618,4.344934,6.614312,0.592854,0.702737,0.482971,7.389637,6.227293,8.551981,0.6040162,0,2.126417,7.175397,6.092622,8.258173,9.813265,10,9.458836,-1,-1,-1,-1,-1,-1,-1,-1,-1,-1,-1,-1,-1,-1,-1,-1,-1,-1,-1,-1,-1,-1,-1,-1,-1,-1,-1,-1,-1,-1,-1,-1,-1,-1,-1,-1,-1,-1,-1,-1,-1,-1,-1,-1,-1,-1,-1,-1,-1,-1,0,0,0,0,0,0,-1,-1,-1,-1,-1,-1,-1,-1,-1,-1,-1,-1,0,0,0,0,0,0,-1,-1,-1,-1,-1,-1,-1,-1,-1,-1,-1,-1,-1,-1,False,False,0,0,False,209,0,0,0,0,0,0,0,0,0,0,0,0,0,0,0,1,
23414312,768,2026-02-23 13:59:33Z,LLM_Empathetic,6.915517,7.21964,6.611393,0.6393019,0,1.617372,0,0,0,0,0,0,5.479646,4.344944,6.614358,0.592854,0.702737,0.482971,7.389649,6.227286,8.552013,0.6039927,0,2.126393,7.175436,6.092642,8.258229,9.813341,10,9.458933,6.915517,7.21964,6.611393,0.6393019,0,1.617372,0,0,0,0,0,0,5.479646,4.344944,6.614358,0.592854,0.702737,0.482971,7.389649,6.227286,8.552013,0.6039927,0,2.126393,7.175436,6.092642,8.258229,9.813341,10,9.458933,-1,-1,-1,-1,-1,-1,-1,-1,-1,-1,-1,-1,-1,-1,-1,-1,-1,-1,-1,-1,-1,-1,-1,-1,-1,-1,-1,-1,-1,-1,-1,-1,-1,-1,-1,-1,-1,-1,-1,-1,-1,-1,-1,-1,-1,-1,-1,-1,-1,-1,0,0,0,0,0,0,-1,-1,-1,-1,-1,-1,-1,-1,-1,-1,-1,-1,0,0,0,0,0,0,-1,-1,-1,-1,-1,-1,-1,-1,-1,-1,-1,-1,-1,-1,False,False,0,0,False,209,0,0,0,0,0,0,0,0,0,0,0,0,0,0,0,1,
23414312,769,2026-02-23 13:59:56Z,LLM_Empathetic,6.915538,7.219644,6.611433,0.6392653,0,1.617352,0,0,0,0,0,0,5.479673,4.344953,6.614405,0.592854,0.702737,0.482971,7.389662,6.22728,8.552045,0.6039693,0,2.12637,7.175474,6.092663,8.258286,9.813418,10,9.459029,6.915538,7.219644,6.611433,0.6392653,0,1.617352,0,0,0,0,0,0,5.479673,4.344953,6.614405,0.592854,0.702737,0.482971,7.389662,6.22728,8.552045,0.6039693,0,2.12637,7.175474,6.092663,8.258286,9.813418,10,9.459029,-1,-1,-1,-1,-1,-1,-1,-1,-1,-1,-1,-1,-1,-1,-1,-1,-1,-1,-1,-1,-1,-1,-1,-1,-1,-1,-1,-1,-1,-1,-1,-1,-1,-1,-1,-1,-1,-1,-1,-1,-1,-1,-1,-1,-1,-1,-1,-1,-1,-1,0,0,0,0,0,0,-1,-1,-1,-1,-1,-1,-1,-1,-1,-1,-1,-1,0,0,0,0,0,0,-1,-1,-1,-1,-1,-1,-1,-1,-1,-1,-1,-1,-1,-1,False,False,0,0,False,209,0,0,0,0,0,0,0,0,0,0,0,0,0,0,0,1,
23414312,770,2026-02-23 13:59:56Z,LLM_Empathetic,6.91556,7.219648,6.611472,0.6392288,0,1.617331,0,0,0,0,0,0,5.479701,4.344962,6.61445,0.592854,0.702737,0.482971,7.389675,6.227273,8.552076,0.6039459,0,2.126346,7.175512,6.092684,8.258342,9.813495,10,9.459125,6.91556,7.219648,6.611472,0.6392288,0,1.617331,0,0,0,0,0,0,5.479701,4.344962,6.61445,0.592854,0.702737,0.482971,7.389675,6.227273,8.552076,0.6039459,0,2.126346,7.175512,6.092684,8.258342,9.813495,10,9.459125,-1,-1,-1,-1,-1,-1,-1,-1,-1,-1,-1,-1,-1,-1,-1,-1,-1,-1,-1,-1,-1,-1,-1,-1,-1,-1,-1,-1,-1,-1,-1,-1,-1,-1,-1,-1,-1,-1,-1,-1,-1,-1,-1,-1,-1,-1,-1,-1,-1,-1,0,0,0,0,0,0,-1,-1,-1,-1,-1,-1,-1,-1,-1,-1,-1,-1,0,0,0,0,0,0,-1,-1,-1,-1,-1,-1,-1,-1,-1,-1,-1,-1,-1,-1,False,False,0,0,False,207,0,0,0,0,0,0,0,0,0,0,0,0,0,0,0,1,
23414312,771,2026-02-23 13:59:56Z,LLM_Empathetic,6.915581,7.219652,6.611511,0.6391923,0,1.617311,0,0,0,0,0,0,5.479729,4.344971,6.614497,0.592854,0.702737,0.482971,7.389687,6.227266,8.552108,0.6039225,0,2.126323,7.17555,6.092705,8.258397,9.813571,10,9.459221,6.915581,7.219652,6.611511,0.6391923,0,1.617311,0,0,0,0,0,0,5.479729,4.344971,6.614497,0.592854,0.702737,0.482971,7.389687,6.227266,8.552108,0.6039225,0,2.126323,7.17555,6.092705,8.258397,9.813571,10,9.459221,-1,-1,-1,-1,-1,-1,-1,-1,-1,-1,-1,-1,-1,-1,-1,-1,-1,-1,-1,-1,-1,-1,-1,-1,-1,-1,-1,-1,-1,-1,-1,-1,-1,-1,-1,-1,-1,-1,-1,-1,-1,-1,-1,-1,-1,-1,-1,-1,-1,-1,0,0,0,0,0,0,-1,-1,-1,-1,-1,-1,-1,-1,-1,-1,-1,-1,0,0,0,0,0,0,-1,-1,-1,-1,-1,-1,-1,-1,-1,-1,-1,-1,-1,-1,False,False,0,0,False,209,0,0,0,0,0,0,0,0,0,0,0,0,0,0,0,1,
23414312,772,2026-02-23 13:59:57Z,LLM_Empathetic,6.915603,7.219656,6.61155,0.639156,0,1.617291,0,0,0,0,0,0,5.479756,4.34498,6.614542,0.592854,0.702737,0.482971,7.389699,6.22726,8.552139,0.6038993,0,2.1263,7.175589,6.092725,8.258453,9.813647,10,9.459316,6.915603,7.219656,6.61155,0.639156,0,1.617291,0,0,0,0,0,0,5.479756,4.34498,6.614542,0.592854,0.702737,0.482971,7.389699,6.22726,8.552139,0.6038993,0,2.1263,7.175589,6.092725,8.258453,9.813647,10,9.459316,-1,-1,-1,-1,-1,-1,-1,-1,-1,-1,-1,-1,-1,-1,-1,-1,-1,-1,-1,-1,-1,-1,-1,-1,-1,-1,-1,-1,-1,-1,-1,-1,-1,-1,-1,-1,-1,-1,-1,-1,-1,-1,-1,-1,-1,-1,-1,-1,-1,-1,0,0,0,0,0,0,-1,-1,-1,-1,-1,-1,-1,-1,-1,-1,-1,-1,0,0,0,0,0,0,-1,-1,-1,-1,-1,-1,-1,-1,-1,-1,-1,-1,-1,-1,False,False,0,0,False,207,0,0,0,0,0,0,0,0,0,0,0,0,0,0,0,1,
23414312,773,2026-02-23 13:59:57Z,LLM_Empathetic,6.915624,7.219659,6.611588,0.6391197,0,1.617271,0,0,0,0,0,0,5.479784,4.344989,6.614588,0.592854,0.702737,0.482971,7.389712,6.227253,8.552171,0.6038761,0,2.126276,7.175627,6.092746,8.258509,9.813724,10,9.459413,6.915624,7.219659,6.611588,0.6391197,0,1.617271,0,0,0,0,0,0,5.479784,4.344989,6.614588,0.592854,0.702737,0.482971,7.389712,6.227253,8.552171,0.6038761,0,2.126276,7.175627,6.092746,8.258509,9.813724,10,9.459413,-1,-1,-1,-1,-1,-1,-1,-1,-1,-1,-1,-1,-1,-1,-1,-1,-1,-1,-1,-1,-1,-1,-1,-1,-1,-1,-1,-1,-1,-1,-1,-1,-1,-1,-1,-1,-1,-1,-1,-1,-1,-1,-1,-1,-1,-1,-1,-1,-1,-1,0,0,0,0,0,0,-1,-1,-1,-1,-1,-1,-1,-1,-1,-1,-1,-1,0,0,0,0,0,0,-1,-1,-1,-1,-1,-1,-1,-1,-1,-1,-1,-1,-1,-1,False,False,0,0,False,207,0,0,0,0,0,0,0,0,0,0,0,0,0,0,0,1,
23414312,774,2026-02-23 13:59:57Z,LLM_Empathetic,6.915645,7.219663,6.611627,0.6390835,0,1.617251,0,0,0,0,0,0,5.479811,4.344998,6.614634,0.592854,0.702737,0.482971,7.389725,6.227247,8.552202,0.6038529,0,2.126253,7.175665,6.092767,8.258564,9.8138,10,9.459508,6.915645,7.219663,6.611627,0.6390835,0,1.617251,0,0,0,0,0,0,5.479811,4.344998,6.614634,0.592854,0.702737,0.482971,7.389725,6.227247,8.552202,0.6038529,0,2.126253,7.175665,6.092767,8.258564,9.8138,10,9.459508,-1,-1,-1,-1,-1,-1,-1,-1,-1,-1,-1,-1,-1,-1,-1,-1,-1,-1,-1,-1,-1,-1,-1,-1,-1,-1,-1,-1,-1,-1,-1,-1,-1,-1,-1,-1,-1,-1,-1,-1,-1,-1,-1,-1,-1,-1,-1,-1,-1,-1,0,0,0,0,0,0,-1,-1,-1,-1,-1,-1,-1,-1,-1,-1,-1,-1,0,0,0,0,0,0,-1,-1,-1,-1,-1,-1,-1,-1,-1,-1,-1,-1,-1,-1,False,False,0,0,False,209,0,0,0,0,0,0,0,0,0,0,0,0,0,0,0,1,
23414312,775,2026-02-23 13:59:57Z,LLM_Empathetic,6.915667,7.219667,6.611666,0.6390474,0,1.617231,0,0,0,0,0,0,5.479838,4.345007,6.61468,0.592854,0.702737,0.482971,7.389737,6.227241,8.552234,0.6038297,0,2.12623,7.175703,6.092787,8.258619,9.813875,10,9.459602,6.915667,7.219667,6.611666,0.6390474,0,1.617231,0,0,0,0,0,0,5.479838,4.345007,6.61468,0.592854,0.702737,0.482971,7.389737,6.227241,8.552234,0.6038297,0,2.12623,7.175703,6.092787,8.258619,9.813875,10,9.459602,-1,-1,-1,-1,-1,-1,-1,-1,-1,-1,-1,-1,-1,-1,-1,-1,-1,-1,-1,-1,-1,-1,-1,-1,-1,-1,-1,-1,-1,-1,-1,-1,-1,-1,-1,-1,-1,-1,-1,-1,-1,-1,-1,-1,-1,-1,-1,-1,-1,-1,0,0,0,0,0,0,-1,-1,-1,-1,-1,-1,-1,-1,-1,-1,-1,-1,0,0,0,0,0,0,-1,-1,-1,-1,-1,-1,-1,-1,-1,-1,-1,-1,-1,-1,False,False,0,0,False,207,0,0,0,0,0,0,0,0,0,0,0,0,0,0,0,1,
23414312,776,2026-02-23 13:59:57Z,LLM_Empathetic,6.915688,7.219671,6.611704,0.6390114,0,1.617212,0,0,0,0,0,0,5.479866,4.345016,6.614725,0.592854,0.702737,0.482971,7.38975,6.227234,8.552265,0.6038067,0,2.126207,7.175741,6.092808,8.258675,9.813951,10,9.459698,6.915688,7.219671,6.611704,0.6390114,0,1.617212,0,0,0,0,0,0,5.479866,4.345016,6.614725,0.592854,0.702737,0.482971,7.38975,6.227234,8.552265,0.6038067,0,2.126207,7.175741,6.092808,8.258675,9.813951,10,9.459698,-1,-1,-1,-1,-1,-1,-1,-1,-1,-1,-1,-1,-1,-1,-1,-1,-1,-1,-1,-1,-1,-1,-1,-1,-1,-1,-1,-1,-1,-1,-1,-1,-1,-1,-1,-1,-1,-1,-1,-1,-1,-1,-1,-1,-1,-1,-1,-1,-1,-1,0,0,0,0,0,0,-1,-1,-1,-1,-1,-1,-1,-1,-1,-1,-1,-1,0,0,0,0,0,0,-1,-1,-1,-1,-1,-1,-1,-1,-1,-1,-1,-1,-1,-1,False,False,0,0,False,207,0,0,0,0,0,0,0,0,0,0,0,0,0,0,0,1,
23414312,777,2026-02-23 13:59:57Z,LLM_Empathetic,6.915709,7.219675,6.611743,0.6389754,0,1.617192,0,0,0,0,0,0,5.479893,4.345025,6.614771,0.592854,0.702737,0.482971,7.389762,6.227228,8.552297,0.6037837,0,2.126184,7.175778,6.092828,8.25873,9.814027,10,9.459792,6.915709,7.219675,6.611743,0.6389754,0,1.617192,0,0,0,0,0,0,5.479893,4.345025,6.614771,0.592854,0.702737,0.482971,7.389762,6.227228,8.552297,0.6037837,0,2.126184,7.175778,6.092828,8.25873,9.814027,10,9.459792,-1,-1,-1,-1,-1,-1,-1,-1,-1,-1,-1,-1,-1,-1,-1,-1,-1,-1,-1,-1,-1,-1,-1,-1,-1,-1,-1,-1,-1,-1,-1,-1,-1,-1,-1,-1,-1,-1,-1,-1,-1,-1,-1,-1,-1,-1,-1,-1,-1,-1,0,0,0,0,0,0,-1,-1,-1,-1,-1,-1,-1,-1,-1,-1,-1,-1,0,0,0,0,0,0,-1,-1,-1,-1,-1,-1,-1,-1,-1,-1,-1,-1,-1,-1,False,False,0,0,False,209,0,0,0,0,0,0,0,0,0,0,0,0,0,0,0,1,
23414312,778,2026-02-23 13:59:57Z,LLM_Empathetic,6.91573,7.219678,6.611782,0.6389396,0,1.617172,0,0,0,0,0,0,5.47992,4.345034,6.614816,0.592854,0.702737,0.482971,7.389774,6.227221,8.552327,0.6037607,0,2.126161,7.175816,6.092849,8.258785,9.814102,10,9.459887,6.91573,7.219678,6.611782,0.6389396,0,1.617172,0,0,0,0,0,0,5.47992,4.345034,6.614816,0.592854,0.702737,0.482971,7.389774,6.227221,8.552327,0.6037607,0,2.126161,7.175816,6.092849,8.258785,9.814102,10,9.459887,-1,-1,-1,-1,-1,-1,-1,-1,-1,-1,-1,-1,-1,-1,-1,-1,-1,-1,-1,-1,-1,-1,-1,-1,-1,-1,-1,-1,-1,-1,-1,-1,-1,-1,-1,-1,-1,-1,-1,-1,-1,-1,-1,-1,-1,-1,-1,-1,-1,-1,0,0,0,0,0,0,-1,-1,-1,-1,-1,-1,-1,-1,-1,-1,-1,-1,0,0,0,0,0,0,-1,-1,-1,-1,-1,-1,-1,-1,-1,-1,-1,-1,-1,-1,False,False,0,0,False,209,0,0,0,0,0,0,0,0,0,0,0,0,0,0,0,1,
23414312,779,2026-02-23 13:59:58Z,LLM_Empathetic,6.915751,7.219682,6.61182,0.6389037,0,1.617152,0,0,0,0,0,0,5.479947,4.345043,6.614861,0.592854,0.702737,0.482971,7.389787,6.227215,8.552359,0.6037378,0,2.126138,7.175854,6.092869,8.25884,9.814177,10,9.459981,6.915751,7.219682,6.61182,0.6389037,0,1.617152,0,0,0,0,0,0,5.479947,4.345043,6.614861,0.592854,0.702737,0.482971,7.389787,6.227215,8.552359,0.6037378,0,2.126138,7.175854,6.092869,8.25884,9.814177,10,9.459981,-1,-1,-1,-1,-1,-1,-1,-1,-1,-1,-1,-1,-1,-1,-1,-1,-1,-1,-1,-1,-1,-1,-1,-1,-1,-1,-1,-1,-1,-1,-1,-1,-1,-1,-1,-1,-1,-1,-1,-1,-1,-1,-1,-1,-1,-1,-1,-1,-1,-1,0,0,0,0,0,0,-1,-1,-1,-1,-1,-1,-1,-1,-1,-1,-1,-1,0,0,0,0,0,0,-1,-1,-1,-1,-1,-1,-1,-1,-1,-1,-1,-1,-1,-1,False,False,0,0,False,207,0,0,0,0,0,0,0,0,0,0,0,0,0,0,0,1,
23414312,780,2026-02-23 13:59:58Z,LLM_Empathetic,6.915772,7.219686,6.611858,0.638868,0,1.617133,0,0,0,0,0,0,5.479974,4.345052,6.614906,0.592854,0.702737,0.482971,7.389799,6.227209,8.552389,0.6037149,0,2.126115,7.175891,6.092889,8.258894,9.814252,10,9.460075,6.915772,7.219686,6.611858,0.638868,0,1.617133,0,0,0,0,0,0,5.479974,4.345052,6.614906,0.592854,0.702737,0.482971,7.389799,6.227209,8.552389,0.6037149,0,2.126115,7.175891,6.092889,8.258894,9.814252,10,9.460075,-1,-1,-1,-1,-1,-1,-1,-1,-1,-1,-1,-1,-1,-1,-1,-1,-1,-1,-1,-1,-1,-1,-1,-1,-1,-1,-1,-1,-1,-1,-1,-1,-1,-1,-1,-1,-1,-1,-1,-1,-1,-1,-1,-1,-1,-1,-1,-1,-1,-1,0,0,0,0,0,0,-1,-1,-1,-1,-1,-1,-1,-1,-1,-1,-1,-1,0,0,0,0,0,0,-1,-1,-1,-1,-1,-1,-1,-1,-1,-1,-1,-1,-1,-1,False,False,0,0,False,209,0,0,0,0,0,0,0,0,0,0,0,0,0,0,0,1,
23414312,781,2026-02-23 13:59:58Z,LLM_Empathetic,6.915793,7.21969,6.611896,0.6388324,0,1.617113,0,0,0,0,0,0,5.480001,4.345061,6.614951,0.592854,0.702737,0.482971,7.389811,6.227202,8.552421,0.6036921,0,2.126092,7.175929,6.092909,8.258949,9.814326,10,9.460169,6.915793,7.21969,6.611896,0.6388324,0,1.617113,0,0,0,0,0,0,5.480001,4.345061,6.614951,0.592854,0.702737,0.482971,7.389811,6.227202,8.552421,0.6036921,0,2.126092,7.175929,6.092909,8.258949,9.814326,10,9.460169,-1,-1,-1,-1,-1,-1,-1,-1,-1,-1,-1,-1,-1,-1,-1,-1,-1,-1,-1,-1,-1,-1,-1,-1,-1,-1,-1,-1,-1,-1,-1,-1,-1,-1,-1,-1,-1,-1,-1,-1,-1,-1,-1,-1,-1,-1,-1,-1,-1,-1,0,0,0,0,0,0,-1,-1,-1,-1,-1,-1,-1,-1,-1,-1,-1,-1,0,0,0,0,0,0,-1,-1,-1,-1,-1,-1,-1,-1,-1,-1,-1,-1,-1,-1,False,False,0,0,False,209,0,0,0,0,0,0,0,0,0,0,0,0,0,0,0,1,
23414312,782,2026-02-23 13:59:58Z,LLM_Empathetic,6.915814,7.219694,6.611934,0.6387969,0,1.617093,0,0,0,0,0,0,5.480028,4.34507,6.614996,0.592854,0.702737,0.482971,7.389823,6.227196,8.552451,0.6036693,0,2.12607,7.175966,6.09293,8.259004,9.814402,10,9.460262,6.915814,7.219694,6.611934,0.6387969,0,1.617093,0,0,0,0,0,0,5.480028,4.34507,6.614996,0.592854,0.702737,0.482971,7.389823,6.227196,8.552451,0.6036693,0,2.12607,7.175966,6.09293,8.259004,9.814402,10,9.460262,-1,-1,-1,-1,-1,-1,-1,-1,-1,-1,-1,-1,-1,-1,-1,-1,-1,-1,-1,-1,-1,-1,-1,-1,-1,-1,-1,-1,-1,-1,-1,-1,-1,-1,-1,-1,-1,-1,-1,-1,-1,-1,-1,-1,-1,-1,-1,-1,-1,-1,0,0,0,0,0,0,-1,-1,-1,-1,-1,-1,-1,-1,-1,-1,-1,-1,0,0,0,0,0,0,-1,-1,-1,-1,-1,-1,-1,-1,-1,-1,-1,-1,-1,-1,False,False,0,0,False,207,0,0,0,0,0,0,0,0,0,0,0,0,0,0,0,1,
23414312,783,2026-02-23 13:59:58Z,LLM_Empathetic,6.915835,7.219697,6.611972,0.6387613,0,1.617074,0,0,0,0,0,0,5.480055,4.345079,6.615041,0.592854,0.702737,0.482971,7.389836,6.22719,8.552482,0.6036466,0,2.126047,7.176003,6.09295,8.259058,9.814476,10,9.460356,6.915835,7.219697,6.611972,0.6387613,0,1.617074,0,0,0,0,0,0,5.480055,4.345079,6.615041,0.592854,0.702737,0.482971,7.389836,6.22719,8.552482,0.6036466,0,2.126047,7.176003,6.09295,8.259058,9.814476,10,9.460356,-1,-1,-1,-1,-1,-1,-1,-1,-1,-1,-1,-1,-1,-1,-1,-1,-1,-1,-1,-1,-1,-1,-1,-1,-1,-1,-1,-1,-1,-1,-1,-1,-1,-1,-1,-1,-1,-1,-1,-1,-1,-1,-1,-1,-1,-1,-1,-1,-1,-1,0,0,0,0,0,0,-1,-1,-1,-1,-1,-1,-1,-1,-1,-1,-1,-1,0,0,0,0,0,0,-1,-1,-1,-1,-1,-1,-1,-1,-1,-1,-1,-1,-1,-1,False,False,0,0,False,207,0,0,0,0,0,0,0,0,0,0,0,0,0,0,0,1,
23414312,784,2026-02-23 13:59:58Z,LLM_Empathetic,6.915856,7.219701,6.61201,0.6387259,0,1.617054,0,0,0,0,0,0,5.480082,4.345088,6.615086,0.592854,0.702737,0.482971,7.389848,6.227184,8.552513,0.6036239,0,2.126024,7.176041,6.09297,8.259112,9.81455,10,9.460449,6.915856,7.219701,6.61201,0.6387259,0,1.617054,0,0,0,0,0,0,5.480082,4.345088,6.615086,0.592854,0.702737,0.482971,7.389848,6.227184,8.552513,0.6036239,0,2.126024,7.176041,6.09297,8.259112,9.81455,10,9.460449,-1,-1,-1,-1,-1,-1,-1,-1,-1,-1,-1,-1,-1,-1,-1,-1,-1,-1,-1,-1,-1,-1,-1,-1,-1,-1,-1,-1,-1,-1,-1,-1,-1,-1,-1,-1,-1,-1,-1,-1,-1,-1,-1,-1,-1,-1,-1,-1,-1,-1,0,0,0,0,0,0,-1,-1,-1,-1,-1,-1,-1,-1,-1,-1,-1,-1,0,0,0,0,0,0,-1,-1,-1,-1,-1,-1,-1,-1,-1,-1,-1,-1,-1,-1,False,False,0,0,False,207,0,0,0,0,0,0,0,0,0,0,0,0,0,0,0,1,
23414312,785,2026-02-23 13:59:58Z,LLM_Empathetic,6.915876,7.219705,6.612048,0.6386906,0,1.617035,0,0,0,0,0,0,5.480108,4.345097,6.61513,0.592854,0.702737,0.482971,7.38986,6.227178,8.552544,0.6036013,0,2.126002,7.176078,6.09299,8.259167,9.814624,10,9.460543,6.915876,7.219705,6.612048,0.6386906,0,1.617035,0,0,0,0,0,0,5.480108,4.345097,6.61513,0.592854,0.702737,0.482971,7.38986,6.227178,8.552544,0.6036013,0,2.126002,7.176078,6.09299,8.259167,9.814624,10,9.460543,-1,-1,-1,-1,-1,-1,-1,-1,-1,-1,-1,-1,-1,-1,-1,-1,-1,-1,-1,-1,-1,-1,-1,-1,-1,-1,-1,-1,-1,-1,-1,-1,-1,-1,-1,-1,-1,-1,-1,-1,-1,-1,-1,-1,-1,-1,-1,-1,-1,-1,0,0,0,0,0,0,-1,-1,-1,-1,-1,-1,-1,-1,-1,-1,-1,-1,0,0,0,0,0,0,-1,-1,-1,-1,-1,-1,-1,-1,-1,-1,-1,-1,-1,-1,False,False,0,0,False,209,0,0,0,0,0,0,0,0,0,0,0,0,0,0,0,1,
23414312,786,2026-02-23 13:59:58Z,LLM_Empathetic,6.915897,7.219709,6.612086,0.6386554,0,1.617015,0,0,0,0,0,0,5.480135,4.345105,6.615175,0.592854,0.702737,0.482971,7.389873,6.227171,8.552574,0.6035787,0,2.125979,7.176115,6.09301,8.25922,9.814698,10,9.460635,6.915897,7.219709,6.612086,0.6386554,0,1.617015,0,0,0,0,0,0,5.480135,4.345105,6.615175,0.592854,0.702737,0.482971,7.389873,6.227171,8.552574,0.6035787,0,2.125979,7.176115,6.09301,8.25922,9.814698,10,9.460635,-1,-1,-1,-1,-1,-1,-1,-1,-1,-1,-1,-1,-1,-1,-1,-1,-1,-1,-1,-1,-1,-1,-1,-1,-1,-1,-1,-1,-1,-1,-1,-1,-1,-1,-1,-1,-1,-1,-1,-1,-1,-1,-1,-1,-1,-1,-1,-1,-1,-1,0,0,0,0,0,0,-1,-1,-1,-1,-1,-1,-1,-1,-1,-1,-1,-1,0,0,0,0,0,0,-1,-1,-1,-1,-1,-1,-1,-1,-1,-1,-1,-1,-1,-1,False,False,0,0,False,209,0,0,0,0,0,0,0,0,0,0,0,0,0,0,0,1,
23414312,787,2026-02-23 13:59:58Z,LLM_Empathetic,6.915918,7.219713,6.612123,0.6386202,0,1.616996,0,0,0,0,0,0,5.480162,4.345114,6.61522,0.592854,0.702737,0.482971,7.389884,6.227165,8.552605,0.6035562,0,2.125957,7.176152,6.09303,8.259274,9.814772,10,9.460728,6.915918,7.219713,6.612123,0.6386202,0,1.616996,0,0,0,0,0,0,5.480162,4.345114,6.61522,0.592854,0.702737,0.482971,7.389884,6.227165,8.552605,0.6035562,0,2.125957,7.176152,6.09303,8.259274,9.814772,10,9.460728,-1,-1,-1,-1,-1,-1,-1,-1,-1,-1,-1,-1,-1,-1,-1,-1,-1,-1,-1,-1,-1,-1,-1,-1,-1,-1,-1,-1,-1,-1,-1,-1,-1,-1,-1,-1,-1,-1,-1,-1,-1,-1,-1,-1,-1,-1,-1,-1,-1,-1,0,0,0,0,0,0,-1,-1,-1,-1,-1,-1,-1,-1,-1,-1,-1,-1,0,0,0,0,0,0,-1,-1,-1,-1,-1,-1,-1,-1,-1,-1,-1,-1,-1,-1,False,False,0,0,False,209,0,0,0,0,0,0,0,0,0,0,0,0,0,0,0,1,
23414312,788,2026-02-23 13:59:58Z,LLM_Empathetic,6.915938,7.219716,6.612161,0.6385851,0,1.616976,0,0,0,0,0,0,5.480188,4.345123,6.615264,0.592854,0.702737,0.482971,7.389896,6.227159,8.552635,0.6035337,0,2.125934,7.176188,6.09305,8.259328,9.814846,10,9.46082,6.915938,7.219716,6.612161,0.6385851,0,1.616976,0,0,0,0,0,0,5.480188,4.345123,6.615264,0.592854,0.702737,0.482971,7.389896,6.227159,8.552635,0.6035337,0,2.125934,7.176188,6.09305,8.259328,9.814846,10,9.46082,-1,-1,-1,-1,-1,-1,-1,-1,-1,-1,-1,-1,-1,-1,-1,-1,-1,-1,-1,-1,-1,-1,-1,-1,-1,-1,-1,-1,-1,-1,-1,-1,-1,-1,-1,-1,-1,-1,-1,-1,-1,-1,-1,-1,-1,-1,-1,-1,-1,-1,0,0,0,0,0,0,-1,-1,-1,-1,-1,-1,-1,-1,-1,-1,-1,-1,0,0,0,0,0,0,-1,-1,-1,-1,-1,-1,-1,-1,-1,-1,-1,-1,-1,-1,False,False,0,0,False,209,0,0,0,0,0,0,0,0,0,0,0,0,0,0,0,1,
23414312,789,2026-02-23 13:59:58Z,LLM_Empathetic,6.915959,7.21972,6.612198,0.63855,0,1.616957,0,0,0,0,0,0,5.480215,4.345131,6.615308,0.592854,0.702737,0.482971,7.389909,6.227152,8.552666,0.6035113,0,2.125912,7.176226,6.09307,8.259381,9.814919,10,9.460913,6.915959,7.21972,6.612198,0.63855,0,1.616957,0,0,0,0,0,0,5.480215,4.345131,6.615308,0.592854,0.702737,0.482971,7.389909,6.227152,8.552666,0.6035113,0,2.125912,7.176226,6.09307,8.259381,9.814919,10,9.460913,-1,-1,-1,-1,-1,-1,-1,-1,-1,-1,-1,-1,-1,-1,-1,-1,-1,-1,-1,-1,-1,-1,-1,-1,-1,-1,-1,-1,-1,-1,-1,-1,-1,-1,-1,-1,-1,-1,-1,-1,-1,-1,-1,-1,-1,-1,-1,-1,-1,-1,0,0,0,0,0,0,-1,-1,-1,-1,-1,-1,-1,-1,-1,-1,-1,-1,0,0,0,0,0,0,-1,-1,-1,-1,-1,-1,-1,-1,-1,-1,-1,-1,-1,-1,False,False,0,0,False,209,0,0,0,0,0,0,0,0,0,0,0,0,0,0,0,1,
23414312,790,2026-02-23 13:59:58Z,LLM_Empathetic,6.91598,7.219724,6.612236,0.6385151,0,1.616938,0,0,0,0,0,0,5.480241,4.34514,6.615352,0.592854,0.702737,0.482971,7.389921,6.227146,8.552695,0.6034889,0,2.125889,7.176262,6.09309,8.259436,9.814993,10,9.461004,6.91598,7.219724,6.612236,0.6385151,0,1.616938,0,0,0,0,0,0,5.480241,4.34514,6.615352,0.592854,0.702737,0.482971,7.389921,6.227146,8.552695,0.6034889,0,2.125889,7.176262,6.09309,8.259436,9.814993,10,9.461004,-1,-1,-1,-1,-1,-1,-1,-1,-1,-1,-1,-1,-1,-1,-1,-1,-1,-1,-1,-1,-1,-1,-1,-1,-1,-1,-1,-1,-1,-1,-1,-1,-1,-1,-1,-1,-1,-1,-1,-1,-1,-1,-1,-1,-1,-1,-1,-1,-1,-1,0,0,0,0,0,0,-1,-1,-1,-1,-1,-1,-1,-1,-1,-1,-1,-1,0,0,0,0,0,0,-1,-1,-1,-1,-1,-1,-1,-1,-1,-1,-1,-1,-1,-1,False,False,0,0,False,207,0,0,0,0,0,0,0,0,0,0,0,0,0,0,0,1,
23414312,791,2026-02-23 13:59:58Z,LLM_Empathetic,6.916,7.219728,6.612273,0.6384802,0,1.616919,0,0,0,0,0,0,5.480268,4.345149,6.615396,0.592854,0.702737,0.482971,7.389933,6.22714,8.552726,0.6034666,0,2.125867,7.176299,6.09311,8.259489,9.815065,10,9.461097,6.916,7.219728,6.612273,0.6384802,0,1.616919,0,0,0,0,0,0,5.480268,4.345149,6.615396,0.592854,0.702737,0.482971,7.389933,6.22714,8.552726,0.6034666,0,2.125867,7.176299,6.09311,8.259489,9.815065,10,9.461097,-1,-1,-1,-1,-1,-1,-1,-1,-1,-1,-1,-1,-1,-1,-1,-1,-1,-1,-1,-1,-1,-1,-1,-1,-1,-1,-1,-1,-1,-1,-1,-1,-1,-1,-1,-1,-1,-1,-1,-1,-1,-1,-1,-1,-1,-1,-1,-1,-1,-1,0,0,0,0,0,0,-1,-1,-1,-1,-1,-1,-1,-1,-1,-1,-1,-1,0,0,0,0,0,0,-1,-1,-1,-1,-1,-1,-1,-1,-1,-1,-1,-1,-1,-1,False,False,0,0,False,209,0,0,0,0,0,0,0,0,0,0,0,0,0,0,0,1,
23414312,792,2026-02-23 13:59:58Z,LLM_Empathetic,6.916021,7.219731,6.61231,0.6384454,0,1.616899,0,0,0,0,0,0,5.480294,4.345158,6.61544,0.592854,0.702737,0.482971,7.389945,6.227134,8.552756,0.6034443,0,2.125845,7.176335,6.09313,8.259542,9.815139,10,9.461188,6.916021,7.219731,6.61231,0.6384454,0,1.616899,0,0,0,0,0,0,5.480294,4.345158,6.61544,0.592854,0.702737,0.482971,7.389945,6.227134,8.552756,0.6034443,0,2.125845,7.176335,6.09313,8.259542,9.815139,10,9.461188,-1,-1,-1,-1,-1,-1,-1,-1,-1,-1,-1,-1,-1,-1,-1,-1,-1,-1,-1,-1,-1,-1,-1,-1,-1,-1,-1,-1,-1,-1,-1,-1,-1,-1,-1,-1,-1,-1,-1,-1,-1,-1,-1,-1,-1,-1,-1,-1,-1,-1,0,0,0,0,0,0,-1,-1,-1,-1,-1,-1,-1,-1,-1,-1,-1,-1,0,0,0,0,0,0,-1,-1,-1,-1,-1,-1,-1,-1,-1,-1,-1,-1,-1,-1,False,False,0,0,False,207,0,0,0,0,0,0,0,0,0,0,0,0,0,0,0,1,
23414312,793,2026-02-23 13:59:58Z,LLM_Empathetic,6.916041,7.219735,6.612348,0.6384107,0,1.61688,0,0,0,0,0,0,5.48032,4.345167,6.615484,0.592854,0.702737,0.482971,7.389957,6.227128,8.552786,0.603422,0,2.125822,7.176372,6.093149,8.259595,9.815211,10,9.46128,6.916041,7.219735,6.612348,0.6384107,0,1.61688,0,0,0,0,0,0,5.48032,4.345167,6.615484,0.592854,0.702737,0.482971,7.389957,6.227128,8.552786,0.603422,0,2.125822,7.176372,6.093149,8.259595,9.815211,10,9.46128,-1,-1,-1,-1,-1,-1,-1,-1,-1,-1,-1,-1,-1,-1,-1,-1,-1,-1,-1,-1,-1,-1,-1,-1,-1,-1,-1,-1,-1,-1,-1,-1,-1,-1,-1,-1,-1,-1,-1,-1,-1,-1,-1,-1,-1,-1,-1,-1,-1,-1,0,0,0,0,0,0,-1,-1,-1,-1,-1,-1,-1,-1,-1,-1,-1,-1,0,0,0,0,0,0,-1,-1,-1,-1,-1,-1,-1,-1,-1,-1,-1,-1,-1,-1,False,False,0,0,False,207,0,0,0,0,0,0,0,0,0,0,0,0,0,0,0,1,
23414312,794,2026-02-23 13:59:58Z,LLM_Empathetic,6.916061,7.219738,6.612384,0.6383761,0,1.616861,0,0,0,0,0,0,5.480346,4.345175,6.615528,0.592854,0.702737,0.482971,7.389969,6.227121,8.552816,0.6033998,0,2.1258,7.176408,6.093169,8.259648,9.815285,10,9.46137,6.916061,7.219738,6.612384,0.6383761,0,1.616861,0,0,0,0,0,0,5.480346,4.345175,6.615528,0.592854,0.702737,0.482971,7.389969,6.227121,8.552816,0.6033998,0,2.1258,7.176408,6.093169,8.259648,9.815285,10,9.46137,-1,-1,-1,-1,-1,-1,-1,-1,-1,-1,-1,-1,-1,-1,-1,-1,-1,-1,-1,-1,-1,-1,-1,-1,-1,-1,-1,-1,-1,-1,-1,-1,-1,-1,-1,-1,-1,-1,-1,-1,-1,-1,-1,-1,-1,-1,-1,-1,-1,-1,0,0,0,0,0,0,-1,-1,-1,-1,-1,-1,-1,-1,-1,-1,-1,-1,0,0,0,0,0,0,-1,-1,-1,-1,-1,-1,-1,-1,-1,-1,-1,-1,-1,-1,False,False,0,0,False,209,0,0,0,0,0,0,0,0,0,0,0,0,0,0,0,1,
23414312,795,2026-02-23 13:59:58Z,LLM_Empathetic,6.916082,7.219742,6.612422,0.6383415,0,1.616842,0,0,0,0,0,0,5.480372,4.345184,6.615571,0.592854,0.702737,0.482971,7.389981,6.227116,8.552846,0.6033777,0,2.125778,7.176445,6.093189,8.259702,9.815357,10,9.461462,6.916082,7.219742,6.612422,0.6383415,0,1.616842,0,0,0,0,0,0,5.480372,4.345184,6.615571,0.592854,0.702737,0.482971,7.389981,6.227116,8.552846,0.6033777,0,2.125778,7.176445,6.093189,8.259702,9.815357,10,9.461462,-1,-1,-1,-1,-1,-1,-1,-1,-1,-1,-1,-1,-1,-1,-1,-1,-1,-1,-1,-1,-1,-1,-1,-1,-1,-1,-1,-1,-1,-1,-1,-1,-1,-1,-1,-1,-1,-1,-1,-1,-1,-1,-1,-1,-1,-1,-1,-1,-1,-1,0,0,0,0,0,0,-1,-1,-1,-1,-1,-1,-1,-1,-1,-1,-1,-1,0,0,0,0,0,0,-1,-1,-1,-1,-1,-1,-1,-1,-1,-1,-1,-1,-1,-1,False,False,0,0,False,209,0,0,0,0,0,0,0,0,0,0,0,0,0,0,0,1,
23414312,796,2026-02-23 13:59:58Z,LLM_Empathetic,6.916102,7.219746,6.612459,0.638307,0,1.616823,0,0,0,0,0,0,5.480399,4.345192,6.615615,0.592854,0.702737,0.482971,7.389993,6.227109,8.552876,0.6033556,0,2.125756,7.176481,6.093208,8.259754,9.81543,10,9.461553,6.916102,7.219746,6.612459,0.638307,0,1.616823,0,0,0,0,0,0,5.480399,4.345192,6.615615,0.592854,0.702737,0.482971,7.389993,6.227109,8.552876,0.6033556,0,2.125756,7.176481,6.093208,8.259754,9.81543,10,9.461553,-1,-1,-1,-1,-1,-1,-1,-1,-1,-1,-1,-1,-1,-1,-1,-1,-1,-1,-1,-1,-1,-1,-1,-1,-1,-1,-1,-1,-1,-1,-1,-1,-1,-1,-1,-1,-1,-1,-1,-1,-1,-1,-1,-1,-1,-1,-1,-1,-1,-1,0,0,0,0,0,0,-1,-1,-1,-1,-1,-1,-1,-1,-1,-1,-1,-1,0,0,0,0,0,0,-1,-1,-1,-1,-1,-1,-1,-1,-1,-1,-1,-1,-1,-1,False,False,0,0,False,209,0,0,0,0,0,0,0,0,0,0,0,0,0,0,0,1,
23414312,797,2026-02-23 13:59:58Z,LLM_Empathetic,6.916122,7.219749,6.612495,0.6382725,0,1.616804,0,0,0,0,0,0,5.480425,4.345201,6.615659,0.592854,0.702737,0.482971,7.390005,6.227103,8.552906,0.6033335,0,2.125734,7.176517,6.093228,8.259807,9.815501,10,9.461643,6.916122,7.219749,6.612495,0.6382725,0,1.616804,0,0,0,0,0,0,5.480425,4.345201,6.615659,0.592854,0.702737,0.482971,7.390005,6.227103,8.552906,0.6033335,0,2.125734,7.176517,6.093228,8.259807,9.815501,10,9.461643,-1,-1,-1,-1,-1,-1,-1,-1,-1,-1,-1,-1,-1,-1,-1,-1,-1,-1,-1,-1,-1,-1,-1,-1,-1,-1,-1,-1,-1,-1,-1,-1,-1,-1,-1,-1,-1,-1,-1,-1,-1,-1,-1,-1,-1,-1,-1,-1,-1,-1,0,0,0,0,0,0,-1,-1,-1,-1,-1,-1,-1,-1,-1,-1,-1,-1,0,0,0,0,0,0,-1,-1,-1,-1,-1,-1,-1,-1,-1,-1,-1,-1,-1,-1,False,False,0,0,False,209,0,0,0,0,0,0,0,0,0,0,0,0,0,0,0,1,
23414312,798,2026-02-23 13:59:58Z,LLM_Empathetic,6.916143,7.219753,6.612532,0.6382382,0,1.616785,0,0,0,0,0,0,5.480451,4.34521,6.615702,0.592854,0.702737,0.482971,7.390017,6.227097,8.552936,0.6033115,0,2.125712,7.176553,6.093247,8.25986,9.815574,10,9.461734,6.916143,7.219753,6.612532,0.6382382,0,1.616785,0,0,0,0,0,0,5.480451,4.34521,6.615702,0.592854,0.702737,0.482971,7.390017,6.227097,8.552936,0.6033115,0,2.125712,7.176553,6.093247,8.25986,9.815574,10,9.461734,-1,-1,-1,-1,-1,-1,-1,-1,-1,-1,-1,-1,-1,-1,-1,-1,-1,-1,-1,-1,-1,-1,-1,-1,-1,-1,-1,-1,-1,-1,-1,-1,-1,-1,-1,-1,-1,-1,-1,-1,-1,-1,-1,-1,-1,-1,-1,-1,-1,-1,0,0,0,0,0,0,-1,-1,-1,-1,-1,-1,-1,-1,-1,-1,-1,-1,0,0,0,0,0,0,-1,-1,-1,-1,-1,-1,-1,-1,-1,-1,-1,-1,-1,-1,False,False,0,0,False,207,0,0,0,0,0,0,0,0,0,0,0,0,0,0,0,1,
23414312,799,2026-02-23 13:59:58Z,LLM_Empathetic,6.916163,7.219757,6.612569,0.6382039,0,1.616766,0,0,0,0,0,0,5.480476,4.345218,6.615745,0.592854,0.702737,0.482971,7.390028,6.227091,8.552966,0.6032896,0,2.12569,7.176589,6.093267,8.259912,9.815646,10,9.461824,6.916163,7.219757,6.612569,0.6382039,0,1.616766,0,0,0,0,0,0,5.480476,4.345218,6.615745,0.592854,0.702737,0.482971,7.390028,6.227091,8.552966,0.6032896,0,2.12569,7.176589,6.093267,8.259912,9.815646,10,9.461824,-1,-1,-1,-1,-1,-1,-1,-1,-1,-1,-1,-1,-1,-1,-1,-1,-1,-1,-1,-1,-1,-1,-1,-1,-1,-1,-1,-1,-1,-1,-1,-1,-1,-1,-1,-1,-1,-1,-1,-1,-1,-1,-1,-1,-1,-1,-1,-1,-1,-1,0,0,0,0,0,0,-1,-1,-1,-1,-1,-1,-1,-1,-1,-1,-1,-1,0,0,0,0,0,0,-1,-1,-1,-1,-1,-1,-1,-1,-1,-1,-1,-1,-1,-1,False,False,0,0,False,207,0,0,0,0,0,0,0,0,0,0,0,0,0,0,0,1,
23414312,800,2026-02-23 13:59:58Z,LLM_Empathetic,6.916183,7.21976,6.612606,0.6381697,0,1.616747,0,0,0,0,0,0,5.480503,4.345227,6.615788,0.592854,0.702737,0.482971,7.39004,6.227085,8.552996,0.6032677,0,2.125668,7.176625,6.093287,8.259965,9.815718,10,9.461914,6.916183,7.21976,6.612606,0.6381697,0,1.616747,0,0,0,0,0,0,5.480503,4.345227,6.615788,0.592854,0.702737,0.482971,7.39004,6.227085,8.552996,0.6032677,0,2.125668,7.176625,6.093287,8.259965,9.815718,10,9.461914,-1,-1,-1,-1,-1,-1,-1,-1,-1,-1,-1,-1,-1,-1,-1,-1,-1,-1,-1,-1,-1,-1,-1,-1,-1,-1,-1,-1,-1,-1,-1,-1,-1,-1,-1,-1,-1,-1,-1,-1,-1,-1,-1,-1,-1,-1,-1,-1,-1,-1,0,0,0,0,0,0,-1,-1,-1,-1,-1,-1,-1,-1,-1,-1,-1,-1,0,0,0,0,0,0,-1,-1,-1,-1,-1,-1,-1,-1,-1,-1,-1,-1,-1,-1,False,False,0,0,False,209,0,0,0,0,0,0,0,0,0,0,0,0,0,0,0,1,
23414312,801,2026-02-23 13:59:58Z,LLM_Empathetic,6.916203,7.219764,6.612642,0.6381356,0,1.616729,0,0,0,0,0,0,5.480528,4.345235,6.615832,0.592854,0.702737,0.482971,7.390052,6.227079,8.553025,0.6032459,0,2.125646,7.176661,6.093306,8.260016,9.815789,10,9.462005,6.916203,7.219764,6.612642,0.6381356,0,1.616729,0,0,0,0,0,0,5.480528,4.345235,6.615832,0.592854,0.702737,0.482971,7.390052,6.227079,8.553025,0.6032459,0,2.125646,7.176661,6.093306,8.260016,9.815789,10,9.462005,-1,-1,-1,-1,-1,-1,-1,-1,-1,-1,-1,-1,-1,-1,-1,-1,-1,-1,-1,-1,-1,-1,-1,-1,-1,-1,-1,-1,-1,-1,-1,-1,-1,-1,-1,-1,-1,-1,-1,-1,-1,-1,-1,-1,-1,-1,-1,-1,-1,-1,0,0,0,0,0,0,-1,-1,-1,-1,-1,-1,-1,-1,-1,-1,-1,-1,0,0,0,0,0,0,-1,-1,-1,-1,-1,-1,-1,-1,-1,-1,-1,-1,-1,-1,False,False,0,0,False,207,0,0,0,0,0,0,0,0,0,0,0,0,0,0,0,1,
23414312,802,2026-02-23 13:59:58Z,LLM_Empathetic,6.916223,7.219768,6.612679,0.6381015,0,1.61671,0,0,0,0,0,0,5.480554,4.345244,6.615875,0.592854,0.702737,0.482971,7.390063,6.227073,8.553055,0.603224,0,2.125624,7.176697,6.093325,8.260069,9.815861,10,9.462094,6.916223,7.219768,6.612679,0.6381015,0,1.61671,0,0,0,0,0,0,5.480554,4.345244,6.615875,0.592854,0.702737,0.482971,7.390063,6.227073,8.553055,0.603224,0,2.125624,7.176697,6.093325,8.260069,9.815861,10,9.462094,-1,-1,-1,-1,-1,-1,-1,-1,-1,-1,-1,-1,-1,-1,-1,-1,-1,-1,-1,-1,-1,-1,-1,-1,-1,-1,-1,-1,-1,-1,-1,-1,-1,-1,-1,-1,-1,-1,-1,-1,-1,-1,-1,-1,-1,-1,-1,-1,-1,-1,0,0,0,0,0,0,-1,-1,-1,-1,-1,-1,-1,-1,-1,-1,-1,-1,0,0,0,0,0,0,-1,-1,-1,-1,-1,-1,-1,-1,-1,-1,-1,-1,-1,-1,False,False,0,0,False,209,0,0,0,0,0,0,0,0,0,0,0,0,0,0,0,1,
23414312,803,2026-02-23 13:59:58Z,LLM_Empathetic,6.916243,7.219771,6.612715,0.6380675,0,1.616691,0,0,0,0,0,0,5.48058,4.345253,6.615918,0.592854,0.702737,0.482971,7.390075,6.227067,8.553084,0.6032022,0,2.125603,7.176733,6.093345,8.260121,9.815932,10,9.462184,6.916243,7.219771,6.612715,0.6380675,0,1.616691,0,0,0,0,0,0,5.48058,4.345253,6.615918,0.592854,0.702737,0.482971,7.390075,6.227067,8.553084,0.6032022,0,2.125603,7.176733,6.093345,8.260121,9.815932,10,9.462184,-1,-1,-1,-1,-1,-1,-1,-1,-1,-1,-1,-1,-1,-1,-1,-1,-1,-1,-1,-1,-1,-1,-1,-1,-1,-1,-1,-1,-1,-1,-1,-1,-1,-1,-1,-1,-1,-1,-1,-1,-1,-1,-1,-1,-1,-1,-1,-1,-1,-1,0,0,0,0,0,0,-1,-1,-1,-1,-1,-1,-1,-1,-1,-1,-1,-1,0,0,0,0,0,0,-1,-1,-1,-1,-1,-1,-1,-1,-1,-1,-1,-1,-1,-1,False,False,0,0,False,209,0,0,0,0,0,0,0,0,0,0,0,0,0,0,0,1,
23414312,804,2026-02-23 13:59:58Z,LLM_Empathetic,6.916263,7.219775,6.612751,0.6380336,0,1.616672,0,0,0,0,0,0,5.480606,4.345261,6.615961,0.592854,0.702737,0.482971,7.390087,6.227061,8.553114,0.6031805,0,2.125581,7.176768,6.093364,8.260173,9.816003,10,9.462273,6.916263,7.219775,6.612751,0.6380336,0,1.616672,0,0,0,0,0,0,5.480606,4.345261,6.615961,0.592854,0.702737,0.482971,7.390087,6.227061,8.553114,0.6031805,0,2.125581,7.176768,6.093364,8.260173,9.816003,10,9.462273,-1,-1,-1,-1,-1,-1,-1,-1,-1,-1,-1,-1,-1,-1,-1,-1,-1,-1,-1,-1,-1,-1,-1,-1,-1,-1,-1,-1,-1,-1,-1,-1,-1,-1,-1,-1,-1,-1,-1,-1,-1,-1,-1,-1,-1,-1,-1,-1,-1,-1,0,0,0,0,0,0,-1,-1,-1,-1,-1,-1,-1,-1,-1,-1,-1,-1,0,0,0,0,0,0,-1,-1,-1,-1,-1,-1,-1,-1,-1,-1,-1,-1,-1,-1,False,False,0,0,False,209,0,0,0,0,0,0,0,0,0,0,0,0,0,0,0,1,
23414312,805,2026-02-23 13:59:58Z,LLM_Empathetic,6.916283,7.219779,6.612787,0.6379997,0,1.616654,0,0,0,0,0,0,5.480631,4.345269,6.616003,0.592854,0.702737,0.482971,7.390099,6.227055,8.553143,0.6031588,0,2.125559,7.176804,6.093383,8.260225,9.816074,10,9.462362,6.916283,7.219779,6.612787,0.6379997,0,1.616654,0,0,0,0,0,0,5.480631,4.345269,6.616003,0.592854,0.702737,0.482971,7.390099,6.227055,8.553143,0.6031588,0,2.125559,7.176804,6.093383,8.260225,9.816074,10,9.462362,-1,-1,-1,-1,-1,-1,-1,-1,-1,-1,-1,-1,-1,-1,-1,-1,-1,-1,-1,-1,-1,-1,-1,-1,-1,-1,-1,-1,-1,-1,-1,-1,-1,-1,-1,-1,-1,-1,-1,-1,-1,-1,-1,-1,-1,-1,-1,-1,-1,-1,0,0,0,0,0,0,-1,-1,-1,-1,-1,-1,-1,-1,-1,-1,-1,-1,0,0,0,0,0,0,-1,-1,-1,-1,-1,-1,-1,-1,-1,-1,-1,-1,-1,-1,False,False,0,0,False,207,0,0,0,0,0,0,0,0,0,0,0,0,0,0,0,1,
23414312,806,2026-02-23 13:59:58Z,LLM_Empathetic,6.916303,7.219782,6.612823,0.6379659,0,1.616635,0,0,0,0,0,0,5.480657,4.345278,6.616046,0.592854,0.702737,0.482971,7.39011,6.227049,8.553172,0.6031372,0,2.125538,7.176839,6.093402,8.260277,9.816145,10,9.462451,6.916303,7.219782,6.612823,0.6379659,0,1.616635,0,0,0,0,0,0,5.480657,4.345278,6.616046,0.592854,0.702737,0.482971,7.39011,6.227049,8.553172,0.6031372,0,2.125538,7.176839,6.093402,8.260277,9.816145,10,9.462451,-1,-1,-1,-1,-1,-1,-1,-1,-1,-1,-1,-1,-1,-1,-1,-1,-1,-1,-1,-1,-1,-1,-1,-1,-1,-1,-1,-1,-1,-1,-1,-1,-1,-1,-1,-1,-1,-1,-1,-1,-1,-1,-1,-1,-1,-1,-1,-1,-1,-1,0,0,0,0,0,0,-1,-1,-1,-1,-1,-1,-1,-1,-1,-1,-1,-1,0,0,0,0,0,0,-1,-1,-1,-1,-1,-1,-1,-1,-1,-1,-1,-1,-1,-1,False,False,0,0,False,207,0,0,0,0,0,0,0,0,0,0,0,0,0,0,0,1,
23414312,807,2026-02-23 13:59:58Z,LLM_Empathetic,6.916323,7.219786,6.61286,0.6379322,0,1.616616,0,0,0,0,0,0,5.480682,4.345286,6.616088,0.592854,0.702737,0.482971,7.390122,6.227043,8.553202,0.6031156,0,2.125516,7.176875,6.093421,8.260328,9.816216,10,9.46254,6.916323,7.219786,6.61286,0.6379322,0,1.616616,0,0,0,0,0,0,5.480682,4.345286,6.616088,0.592854,0.702737,0.482971,7.390122,6.227043,8.553202,0.6031156,0,2.125516,7.176875,6.093421,8.260328,9.816216,10,9.46254,-1,-1,-1,-1,-1,-1,-1,-1,-1,-1,-1,-1,-1,-1,-1,-1,-1,-1,-1,-1,-1,-1,-1,-1,-1,-1,-1,-1,-1,-1,-1,-1,-1,-1,-1,-1,-1,-1,-1,-1,-1,-1,-1,-1,-1,-1,-1,-1,-1,-1,0,0,0,0,0,0,-1,-1,-1,-1,-1,-1,-1,-1,-1,-1,-1,-1,0,0,0,0,0,0,-1,-1,-1,-1,-1,-1,-1,-1,-1,-1,-1,-1,-1,-1,False,False,0,0,False,207,0,0,0,0,0,0,0,0,0,0,0,0,0,0,0,1,
23414312,808,2026-02-23 13:59:58Z,LLM_Empathetic,6.916343,7.21979,6.612895,0.6378986,0,1.616598,0,0,0,0,0,0,5.480708,4.345294,6.616131,0.592854,0.702737,0.482971,7.390133,6.227037,8.55323,0.6030941,0,2.125494,7.17691,6.093441,8.26038,9.816286,10,9.462628,6.916343,7.21979,6.612895,0.6378986,0,1.616598,0,0,0,0,0,0,5.480708,4.345294,6.616131,0.592854,0.702737,0.482971,7.390133,6.227037,8.55323,0.6030941,0,2.125494,7.17691,6.093441,8.26038,9.816286,10,9.462628,-1,-1,-1,-1,-1,-1,-1,-1,-1,-1,-1,-1,-1,-1,-1,-1,-1,-1,-1,-1,-1,-1,-1,-1,-1,-1,-1,-1,-1,-1,-1,-1,-1,-1,-1,-1,-1,-1,-1,-1,-1,-1,-1,-1,-1,-1,-1,-1,-1,-1,0,0,0,0,0,0,-1,-1,-1,-1,-1,-1,-1,-1,-1,-1,-1,-1,0,0,0,0,0,0,-1,-1,-1,-1,-1,-1,-1,-1,-1,-1,-1,-1,-1,-1,False,False,0,0,False,207,0,0,0,0,0,0,0,0,0,0,0,0,0,0,0,1,
23414312,809,2026-02-23 13:59:58Z,LLM_Empathetic,6.916362,7.219793,6.612932,0.637865,0,1.616579,0,0,0,0,0,0,5.480733,4.345303,6.616173,0.592854,0.702737,0.482971,7.390145,6.227031,8.55326,0.6030726,0,2.125473,7.176945,6.09346,8.260431,9.816357,10,9.462717,6.916362,7.219793,6.612932,0.637865,0,1.616579,0,0,0,0,0,0,5.480733,4.345303,6.616173,0.592854,0.702737,0.482971,7.390145,6.227031,8.55326,0.6030726,0,2.125473,7.176945,6.09346,8.260431,9.816357,10,9.462717,-1,-1,-1,-1,-1,-1,-1,-1,-1,-1,-1,-1,-1,-1,-1,-1,-1,-1,-1,-1,-1,-1,-1,-1,-1,-1,-1,-1,-1,-1,-1,-1,-1,-1,-1,-1,-1,-1,-1,-1,-1,-1,-1,-1,-1,-1,-1,-1,-1,-1,0,0,0,0,0,0,-1,-1,-1,-1,-1,-1,-1,-1,-1,-1,-1,-1,0,0,0,0,0,0,-1,-1,-1,-1,-1,-1,-1,-1,-1,-1,-1,-1,-1,-1,False,False,0,0,False,209,0,0,0,0,0,0,0,0,0,0,0,0,0,0,0,1,
23414312,810,2026-02-23 13:59:59Z,LLM_Empathetic,6.916382,7.219797,6.612967,0.6378315,0,1.616561,0,0,0,0,0,0,5.480758,4.345312,6.616216,0.592854,0.702737,0.482971,7.390157,6.227025,8.553288,0.6030511,0,2.125452,7.17698,6.093479,8.260483,9.816427,10,9.462805,6.916382,7.219797,6.612967,0.6378315,0,1.616561,0,0,0,0,0,0,5.480758,4.345312,6.616216,0.592854,0.702737,0.482971,7.390157,6.227025,8.553288,0.6030511,0,2.125452,7.17698,6.093479,8.260483,9.816427,10,9.462805,-1,-1,-1,-1,-1,-1,-1,-1,-1,-1,-1,-1,-1,-1,-1,-1,-1,-1,-1,-1,-1,-1,-1,-1,-1,-1,-1,-1,-1,-1,-1,-1,-1,-1,-1,-1,-1,-1,-1,-1,-1,-1,-1,-1,-1,-1,-1,-1,-1,-1,0,0,0,0,0,0,-1,-1,-1,-1,-1,-1,-1,-1,-1,-1,-1,-1,0,0,0,0,0,0,-1,-1,-1,-1,-1,-1,-1,-1,-1,-1,-1,-1,-1,-1,False,False,0,0,False,207,0,0,0,0,0,0,0,0,0,0,0,0,0,0,0,1,
23414312,811,2026-02-23 13:59:59Z,LLM_Empathetic,6.916402,7.2198,6.613003,0.6377981,0,1.616542,0,0,0,0,0,0,5.480784,4.34532,6.616258,0.592854,0.702737,0.482971,7.390168,6.227019,8.553318,0.6030297,0,2.12543,7.177015,6.093498,8.260534,9.816498,10,9.462893,6.916402,7.2198,6.613003,0.6377981,0,1.616542,0,0,0,0,0,0,5.480784,4.34532,6.616258,0.592854,0.702737,0.482971,7.390168,6.227019,8.553318,0.6030297,0,2.12543,7.177015,6.093498,8.260534,9.816498,10,9.462893,-1,-1,-1,-1,-1,-1,-1,-1,-1,-1,-1,-1,-1,-1,-1,-1,-1,-1,-1,-1,-1,-1,-1,-1,-1,-1,-1,-1,-1,-1,-1,-1,-1,-1,-1,-1,-1,-1,-1,-1,-1,-1,-1,-1,-1,-1,-1,-1,-1,-1,0,0,0,0,0,0,-1,-1,-1,-1,-1,-1,-1,-1,-1,-1,-1,-1,0,0,0,0,0,0,-1,-1,-1,-1,-1,-1,-1,-1,-1,-1,-1,-1,-1,-1,False,False,0,0,False,209,0,0,0,0,0,0,0,0,0,0,0,0,0,0,0,1,
23414312,812,2026-02-23 13:59:59Z,LLM_Empathetic,6.916421,7.219804,6.613039,0.6377648,0,1.616524,0,0,0,0,0,0,5.480809,4.345328,6.6163,0.592854,0.702737,0.482971,7.39018,6.227013,8.553347,0.6030084,0,2.125409,7.177051,6.093517,8.260585,9.816567,10,9.462981,6.916421,7.219804,6.613039,0.6377648,0,1.616524,0,0,0,0,0,0,5.480809,4.345328,6.6163,0.592854,0.702737,0.482971,7.39018,6.227013,8.553347,0.6030084,0,2.125409,7.177051,6.093517,8.260585,9.816567,10,9.462981,-1,-1,-1,-1,-1,-1,-1,-1,-1,-1,-1,-1,-1,-1,-1,-1,-1,-1,-1,-1,-1,-1,-1,-1,-1,-1,-1,-1,-1,-1,-1,-1,-1,-1,-1,-1,-1,-1,-1,-1,-1,-1,-1,-1,-1,-1,-1,-1,-1,-1,0,0,0,0,0,0,-1,-1,-1,-1,-1,-1,-1,-1,-1,-1,-1,-1,0,0,0,0,0,0,-1,-1,-1,-1,-1,-1,-1,-1,-1,-1,-1,-1,-1,-1,False,False,0,0,False,209,0,0,0,0,0,0,0,0,0,0,0,0,0,0,0,1,
23414312,813,2026-02-23 13:59:59Z,LLM_Empathetic,6.916441,7.219807,6.613074,0.6377314,0,1.616506,0,0,0,0,0,0,5.480834,4.345336,6.616342,0.592854,0.702737,0.482971,7.390191,6.227007,8.553375,0.6029871,0,2.125387,7.177085,6.093536,8.260636,9.816637,10,9.463069,6.916441,7.219807,6.613074,0.6377314,0,1.616506,0,0,0,0,0,0,5.480834,4.345336,6.616342,0.592854,0.702737,0.482971,7.390191,6.227007,8.553375,0.6029871,0,2.125387,7.177085,6.093536,8.260636,9.816637,10,9.463069,-1,-1,-1,-1,-1,-1,-1,-1,-1,-1,-1,-1,-1,-1,-1,-1,-1,-1,-1,-1,-1,-1,-1,-1,-1,-1,-1,-1,-1,-1,-1,-1,-1,-1,-1,-1,-1,-1,-1,-1,-1,-1,-1,-1,-1,-1,-1,-1,-1,-1,0,0,0,0,0,0,-1,-1,-1,-1,-1,-1,-1,-1,-1,-1,-1,-1,0,0,0,0,0,0,-1,-1,-1,-1,-1,-1,-1,-1,-1,-1,-1,-1,-1,-1,False,False,0,0,False,209,0,0,0,0,0,0,0,0,0,0,0,0,0,0,0,1,
23414312,814,2026-02-23 13:59:59Z,LLM_Empathetic,6.916461,7.21981,6.61311,0.6376982,0,1.616487,0,0,0,0,0,0,5.480859,4.345345,6.616384,0.592854,0.702737,0.482971,7.390203,6.227001,8.553405,0.6029658,0,2.125366,7.17712,6.093554,8.260687,9.816707,10,9.463157,6.916461,7.21981,6.61311,0.6376982,0,1.616487,0,0,0,0,0,0,5.480859,4.345345,6.616384,0.592854,0.702737,0.482971,7.390203,6.227001,8.553405,0.6029658,0,2.125366,7.17712,6.093554,8.260687,9.816707,10,9.463157,-1,-1,-1,-1,-1,-1,-1,-1,-1,-1,-1,-1,-1,-1,-1,-1,-1,-1,-1,-1,-1,-1,-1,-1,-1,-1,-1,-1,-1,-1,-1,-1,-1,-1,-1,-1,-1,-1,-1,-1,-1,-1,-1,-1,-1,-1,-1,-1,-1,-1,0,0,0,0,0,0,-1,-1,-1,-1,-1,-1,-1,-1,-1,-1,-1,-1,0,0,0,0,0,0,-1,-1,-1,-1,-1,-1,-1,-1,-1,-1,-1,-1,-1,-1,False,False,0,0,False,209,0,0,0,0,0,0,0,0,0,0,0,0,0,0,0,1,
23414312,815,2026-02-23 13:59:59Z,LLM_Empathetic,6.91648,7.219814,6.613145,0.6376651,0,1.616469,0,0,0,0,0,0,5.480885,4.345353,6.616426,0.592854,0.702737,0.482971,7.390214,6.226995,8.553433,0.6029446,0,2.125345,7.177155,6.093574,8.260738,9.816776,10,9.463243,6.91648,7.219814,6.613145,0.6376651,0,1.616469,0,0,0,0,0,0,5.480885,4.345353,6.616426,0.592854,0.702737,0.482971,7.390214,6.226995,8.553433,0.6029446,0,2.125345,7.177155,6.093574,8.260738,9.816776,10,9.463243,-1,-1,-1,-1,-1,-1,-1,-1,-1,-1,-1,-1,-1,-1,-1,-1,-1,-1,-1,-1,-1,-1,-1,-1,-1,-1,-1,-1,-1,-1,-1,-1,-1,-1,-1,-1,-1,-1,-1,-1,-1,-1,-1,-1,-1,-1,-1,-1,-1,-1,0,0,0,0,0,0,-1,-1,-1,-1,-1,-1,-1,-1,-1,-1,-1,-1,0,0,0,0,0,0,-1,-1,-1,-1,-1,-1,-1,-1,-1,-1,-1,-1,-1,-1,False,False,0,0,False,207,0,0,0,0,0,0,0,0,0,0,0,0,0,0,0,1,
23414312,816,2026-02-23 13:59:59Z,LLM_Empathetic,6.9165,7.219818,6.613181,0.637632,0,1.616451,0,0,0,0,0,0,5.480909,4.345361,6.616468,0.592854,0.702737,0.482971,7.390225,6.226989,8.553462,0.6029233,0,2.125324,7.17719,6.093592,8.260789,9.816846,10,9.46333,6.9165,7.219818,6.613181,0.637632,0,1.616451,0,0,0,0,0,0,5.480909,4.345361,6.616468,0.592854,0.702737,0.482971,7.390225,6.226989,8.553462,0.6029233,0,2.125324,7.17719,6.093592,8.260789,9.816846,10,9.46333,-1,-1,-1,-1,-1,-1,-1,-1,-1,-1,-1,-1,-1,-1,-1,-1,-1,-1,-1,-1,-1,-1,-1,-1,-1,-1,-1,-1,-1,-1,-1,-1,-1,-1,-1,-1,-1,-1,-1,-1,-1,-1,-1,-1,-1,-1,-1,-1,-1,-1,0,0,0,0,0,0,-1,-1,-1,-1,-1,-1,-1,-1,-1,-1,-1,-1,0,0,0,0,0,0,-1,-1,-1,-1,-1,-1,-1,-1,-1,-1,-1,-1,-1,-1,False,False,0,0,False,209,0,0,0,0,0,0,0,0,0,0,0,0,0,0,0,1,
23414312,817,2026-02-23 13:59:59Z,LLM_Empathetic,6.916519,7.219821,6.613216,0.637599,0,1.616433,0,0,0,0,0,0,5.480935,4.34537,6.616509,0.592854,0.702737,0.482971,7.390237,6.226984,8.553491,0.6029022,0,2.125303,7.177225,6.093611,8.260839,9.816916,10,9.463418,6.916519,7.219821,6.613216,0.637599,0,1.616433,0,0,0,0,0,0,5.480935,4.34537,6.616509,0.592854,0.702737,0.482971,7.390237,6.226984,8.553491,0.6029022,0,2.125303,7.177225,6.093611,8.260839,9.816916,10,9.463418,-1,-1,-1,-1,-1,-1,-1,-1,-1,-1,-1,-1,-1,-1,-1,-1,-1,-1,-1,-1,-1,-1,-1,-1,-1,-1,-1,-1,-1,-1,-1,-1,-1,-1,-1,-1,-1,-1,-1,-1,-1,-1,-1,-1,-1,-1,-1,-1,-1,-1,0,0,0,0,0,0,-1,-1,-1,-1,-1,-1,-1,-1,-1,-1,-1,-1,0,0,0,0,0,0,-1,-1,-1,-1,-1,-1,-1,-1,-1,-1,-1,-1,-1,-1,False,False,0,0,False,209,0,0,0,0,0,0,0,0,0,0,0,0,0,0,0,1,
23414312,818,2026-02-23 13:59:59Z,LLM_Empathetic,6.916538,7.219825,6.613252,0.637566,0,1.616414,0,0,0,0,0,0,5.480959,4.345378,6.616551,0.592854,0.702737,0.482971,7.390248,6.226978,8.553519,0.6028811,0,2.125282,7.177259,6.09363,8.26089,9.816984,10,9.463505,6.916538,7.219825,6.613252,0.637566,0,1.616414,0,0,0,0,0,0,5.480959,4.345378,6.616551,0.592854,0.702737,0.482971,7.390248,6.226978,8.553519,0.6028811,0,2.125282,7.177259,6.09363,8.26089,9.816984,10,9.463505,-1,-1,-1,-1,-1,-1,-1,-1,-1,-1,-1,-1,-1,-1,-1,-1,-1,-1,-1,-1,-1,-1,-1,-1,-1,-1,-1,-1,-1,-1,-1,-1,-1,-1,-1,-1,-1,-1,-1,-1,-1,-1,-1,-1,-1,-1,-1,-1,-1,-1,0,0,0,0,0,0,-1,-1,-1,-1,-1,-1,-1,-1,-1,-1,-1,-1,0,0,0,0,0,0,-1,-1,-1,-1,-1,-1,-1,-1,-1,-1,-1,-1,-1,-1,False,False,0,0,False,209,0,0,0,0,0,0,0,0,0,0,0,0,0,0,0,1,
23414312,819,2026-02-23 13:59:59Z,LLM_Empathetic,6.916558,7.219828,6.613286,0.6375331,0,1.616396,0,0,0,0,0,0,5.480984,4.345386,6.616592,0.592854,0.702737,0.482971,7.39026,6.226972,8.553548,0.6028601,0,2.12526,7.177294,6.093648,8.26094,9.817054,10,9.463591,6.916558,7.219828,6.613286,0.6375331,0,1.616396,0,0,0,0,0,0,5.480984,4.345386,6.616592,0.592854,0.702737,0.482971,7.39026,6.226972,8.553548,0.6028601,0,2.12526,7.177294,6.093648,8.26094,9.817054,10,9.463591,-1,-1,-1,-1,-1,-1,-1,-1,-1,-1,-1,-1,-1,-1,-1,-1,-1,-1,-1,-1,-1,-1,-1,-1,-1,-1,-1,-1,-1,-1,-1,-1,-1,-1,-1,-1,-1,-1,-1,-1,-1,-1,-1,-1,-1,-1,-1,-1,-1,-1,0,0,0,0,0,0,-1,-1,-1,-1,-1,-1,-1,-1,-1,-1,-1,-1,0,0,0,0,0,0,-1,-1,-1,-1,-1,-1,-1,-1,-1,-1,-1,-1,-1,-1,False,False,0,0,False,207,0,0,0,0,0,0,0,0,0,0,0,0,0,0,0,1,
23414312,820,2026-02-23 13:59:59Z,LLM_Empathetic,6.916577,7.219832,6.613322,0.6375003,0,1.616378,0,0,0,0,0,0,5.481009,4.345394,6.616634,0.592854,0.702737,0.482971,7.390271,6.226966,8.553576,0.6028391,0,2.125239,7.177328,6.093667,8.26099,9.817122,10,9.463677,6.916577,7.219832,6.613322,0.6375003,0,1.616378,0,0,0,0,0,0,5.481009,4.345394,6.616634,0.592854,0.702737,0.482971,7.390271,6.226966,8.553576,0.6028391,0,2.125239,7.177328,6.093667,8.26099,9.817122,10,9.463677,-1,-1,-1,-1,-1,-1,-1,-1,-1,-1,-1,-1,-1,-1,-1,-1,-1,-1,-1,-1,-1,-1,-1,-1,-1,-1,-1,-1,-1,-1,-1,-1,-1,-1,-1,-1,-1,-1,-1,-1,-1,-1,-1,-1,-1,-1,-1,-1,-1,-1,0,0,0,0,0,0,-1,-1,-1,-1,-1,-1,-1,-1,-1,-1,-1,-1,0,0,0,0,0,0,-1,-1,-1,-1,-1,-1,-1,-1,-1,-1,-1,-1,-1,-1,False,False,0,0,False,207,0,0,0,0,0,0,0,0,0,0,0,0,0,0,0,1,
23414312,821,2026-02-23 13:59:59Z,LLM_Empathetic,6.916596,7.219835,6.613357,0.6374676,0,1.61636,0,0,0,0,0,0,5.481034,4.345403,6.616675,0.592854,0.702737,0.482971,7.390282,6.22696,8.553605,0.6028181,0,2.125218,7.177363,6.093686,8.261041,9.817191,10,9.463763,6.916596,7.219835,6.613357,0.6374676,0,1.61636,0,0,0,0,0,0,5.481034,4.345403,6.616675,0.592854,0.702737,0.482971,7.390282,6.22696,8.553605,0.6028181,0,2.125218,7.177363,6.093686,8.261041,9.817191,10,9.463763,-1,-1,-1,-1,-1,-1,-1,-1,-1,-1,-1,-1,-1,-1,-1,-1,-1,-1,-1,-1,-1,-1,-1,-1,-1,-1,-1,-1,-1,-1,-1,-1,-1,-1,-1,-1,-1,-1,-1,-1,-1,-1,-1,-1,-1,-1,-1,-1,-1,-1,0,0,0,0,0,0,-1,-1,-1,-1,-1,-1,-1,-1,-1,-1,-1,-1,0,0,0,0,0,0,-1,-1,-1,-1,-1,-1,-1,-1,-1,-1,-1,-1,-1,-1,False,False,0,0,False,209,0,0,0,0,0,0,0,0,0,0,0,0,0,0,0,1,
23414312,822,2026-02-23 13:59:59Z,LLM_Empathetic,6.916615,7.219839,6.613392,0.637435,0,1.616342,0,0,0,0,0,0,5.481059,4.345411,6.616717,0.592854,0.702737,0.482971,7.390294,6.226954,8.553633,0.6027972,0,2.125198,7.177397,6.093704,8.26109,9.81726,10,9.46385,6.916615,7.219839,6.613392,0.637435,0,1.616342,0,0,0,0,0,0,5.481059,4.345411,6.616717,0.592854,0.702737,0.482971,7.390294,6.226954,8.553633,0.6027972,0,2.125198,7.177397,6.093704,8.26109,9.81726,10,9.46385,-1,-1,-1,-1,-1,-1,-1,-1,-1,-1,-1,-1,-1,-1,-1,-1,-1,-1,-1,-1,-1,-1,-1,-1,-1,-1,-1,-1,-1,-1,-1,-1,-1,-1,-1,-1,-1,-1,-1,-1,-1,-1,-1,-1,-1,-1,-1,-1,-1,-1,0,0,0,0,0,0,-1,-1,-1,-1,-1,-1,-1,-1,-1,-1,-1,-1,0,0,0,0,0,0,-1,-1,-1,-1,-1,-1,-1,-1,-1,-1,-1,-1,-1,-1,False,False,0,0,False,207,0,0,0,0,0,0,0,0,0,0,0,0,0,0,0,1,
23414312,823,2026-02-23 13:59:59Z,LLM_Empathetic,6.916635,7.219842,6.613427,0.6374024,0,1.616324,0,0,0,0,0,0,5.481083,4.345419,6.616758,0.592854,0.702737,0.482971,7.390305,6.226949,8.553661,0.6027763,0,2.125177,7.177431,6.093723,8.261141,9.817327,10,9.463936,6.916635,7.219842,6.613427,0.6374024,0,1.616324,0,0,0,0,0,0,5.481083,4.345419,6.616758,0.592854,0.702737,0.482971,7.390305,6.226949,8.553661,0.6027763,0,2.125177,7.177431,6.093723,8.261141,9.817327,10,9.463936,-1,-1,-1,-1,-1,-1,-1,-1,-1,-1,-1,-1,-1,-1,-1,-1,-1,-1,-1,-1,-1,-1,-1,-1,-1,-1,-1,-1,-1,-1,-1,-1,-1,-1,-1,-1,-1,-1,-1,-1,-1,-1,-1,-1,-1,-1,-1,-1,-1,-1,0,0,0,0,0,0,-1,-1,-1,-1,-1,-1,-1,-1,-1,-1,-1,-1,0,0,0,0,0,0,-1,-1,-1,-1,-1,-1,-1,-1,-1,-1,-1,-1,-1,-1,False,False,0,0,False,207,0,0,0,0,0,0,0,0,0,0,0,0,0,0,0,1,
23414312,824,2026-02-23 13:59:59Z,LLM_Empathetic,6.916654,7.219846,6.613461,0.6373698,0,1.616306,0,0,0,0,0,0,5.481108,4.345427,6.616799,0.592854,0.702737,0.482971,7.390316,6.226943,8.55369,0.6027554,0,2.125156,7.177465,6.093741,8.26119,9.817396,10,9.464022,6.916654,7.219846,6.613461,0.6373698,0,1.616306,0,0,0,0,0,0,5.481108,4.345427,6.616799,0.592854,0.702737,0.482971,7.390316,6.226943,8.55369,0.6027554,0,2.125156,7.177465,6.093741,8.26119,9.817396,10,9.464022,-1,-1,-1,-1,-1,-1,-1,-1,-1,-1,-1,-1,-1,-1,-1,-1,-1,-1,-1,-1,-1,-1,-1,-1,-1,-1,-1,-1,-1,-1,-1,-1,-1,-1,-1,-1,-1,-1,-1,-1,-1,-1,-1,-1,-1,-1,-1,-1,-1,-1,0,0,0,0,0,0,-1,-1,-1,-1,-1,-1,-1,-1,-1,-1,-1,-1,0,0,0,0,0,0,-1,-1,-1,-1,-1,-1,-1,-1,-1,-1,-1,-1,-1,-1,False,False,0,0,False,209,0,0,0,0,0,0,0,0,0,0,0,0,0,0,0,1,
23414312,825,2026-02-23 13:59:59Z,LLM_Empathetic,6.916673,7.219849,6.613496,0.6373373,0,1.616288,0,0,0,0,0,0,5.481133,4.345435,6.61684,0.592854,0.702737,0.482971,7.390327,6.226937,8.553718,0.6027347,0,2.125135,7.1775,6.09376,8.26124,9.817465,10,9.464107,6.916673,7.219849,6.613496,0.6373373,0,1.616288,0,0,0,0,0,0,5.481133,4.345435,6.61684,0.592854,0.702737,0.482971,7.390327,6.226937,8.553718,0.6027347,0,2.125135,7.1775,6.09376,8.26124,9.817465,10,9.464107,-1,-1,-1,-1,-1,-1,-1,-1,-1,-1,-1,-1,-1,-1,-1,-1,-1,-1,-1,-1,-1,-1,-1,-1,-1,-1,-1,-1,-1,-1,-1,-1,-1,-1,-1,-1,-1,-1,-1,-1,-1,-1,-1,-1,-1,-1,-1,-1,-1,-1,0,0,0,0,0,0,-1,-1,-1,-1,-1,-1,-1,-1,-1,-1,-1,-1,0,0,0,0,0,0,-1,-1,-1,-1,-1,-1,-1,-1,-1,-1,-1,-1,-1,-1,False,False,0,0,False,209,0,0,0,0,0,0,0,0,0,0,0,0,0,0,0,1,
23414312,826,2026-02-23 13:59:59Z,LLM_Empathetic,6.916692,7.219852,6.613531,0.6373049,0,1.61627,0,0,0,0,0,0,5.481157,4.345443,6.616881,0.592854,0.702737,0.482971,7.390338,6.226932,8.553746,0.6027139,0,2.125114,7.177534,6.093778,8.26129,9.817533,10,9.464192,6.916692,7.219852,6.613531,0.6373049,0,1.61627,0,0,0,0,0,0,5.481157,4.345443,6.616881,0.592854,0.702737,0.482971,7.390338,6.226932,8.553746,0.6027139,0,2.125114,7.177534,6.093778,8.26129,9.817533,10,9.464192,-1,-1,-1,-1,-1,-1,-1,-1,-1,-1,-1,-1,-1,-1,-1,-1,-1,-1,-1,-1,-1,-1,-1,-1,-1,-1,-1,-1,-1,-1,-1,-1,-1,-1,-1,-1,-1,-1,-1,-1,-1,-1,-1,-1,-1,-1,-1,-1,-1,-1,0,0,0,0,0,0,-1,-1,-1,-1,-1,-1,-1,-1,-1,-1,-1,-1,0,0,0,0,0,0,-1,-1,-1,-1,-1,-1,-1,-1,-1,-1,-1,-1,-1,-1,False,False,0,0,False,209,0,0,0,0,0,0,0,0,0,0,0,0,0,0,0,1,
23414312,827,2026-02-23 13:59:59Z,LLM_Empathetic,6.916711,7.219856,6.613565,0.6372725,0,1.616253,0,0,0,0,0,0,5.481182,4.345451,6.616922,0.592854,0.702737,0.482971,7.390349,6.226926,8.553774,0.6026932,0,2.125093,7.177567,6.093797,8.261339,9.8176,10,9.464277,6.916711,7.219856,6.613565,0.6372725,0,1.616253,0,0,0,0,0,0,5.481182,4.345451,6.616922,0.592854,0.702737,0.482971,7.390349,6.226926,8.553774,0.6026932,0,2.125093,7.177567,6.093797,8.261339,9.8176,10,9.464277,-1,-1,-1,-1,-1,-1,-1,-1,-1,-1,-1,-1,-1,-1,-1,-1,-1,-1,-1,-1,-1,-1,-1,-1,-1,-1,-1,-1,-1,-1,-1,-1,-1,-1,-1,-1,-1,-1,-1,-1,-1,-1,-1,-1,-1,-1,-1,-1,-1,-1,0,0,0,0,0,0,-1,-1,-1,-1,-1,-1,-1,-1,-1,-1,-1,-1,0,0,0,0,0,0,-1,-1,-1,-1,-1,-1,-1,-1,-1,-1,-1,-1,-1,-1,False,False,0,0,False,209,0,0,0,0,0,0,0,0,0,0,0,0,0,0,0,1,
23414312,828,2026-02-23 13:59:59Z,LLM_Empathetic,6.91673,7.21986,6.6136,0.6372403,0,1.616235,0,0,0,0,0,0,5.481206,4.345459,6.616962,0.592854,0.702737,0.482971,7.390361,6.22692,8.553802,0.6026725,0,2.125073,7.177601,6.093815,8.261389,9.817668,10,9.464362,6.91673,7.21986,6.6136,0.6372403,0,1.616235,0,0,0,0,0,0,5.481206,4.345459,6.616962,0.592854,0.702737,0.482971,7.390361,6.22692,8.553802,0.6026725,0,2.125073,7.177601,6.093815,8.261389,9.817668,10,9.464362,-1,-1,-1,-1,-1,-1,-1,-1,-1,-1,-1,-1,-1,-1,-1,-1,-1,-1,-1,-1,-1,-1,-1,-1,-1,-1,-1,-1,-1,-1,-1,-1,-1,-1,-1,-1,-1,-1,-1,-1,-1,-1,-1,-1,-1,-1,-1,-1,-1,-1,0,0,0,0,0,0,-1,-1,-1,-1,-1,-1,-1,-1,-1,-1,-1,-1,0,0,0,0,0,0,-1,-1,-1,-1,-1,-1,-1,-1,-1,-1,-1,-1,-1,-1,False,False,0,0,False,209,0,0,0,0,0,0,0,0,0,0,0,0,0,0,0,1,
23414312,829,2026-02-23 13:59:59Z,LLM_Empathetic,6.916749,7.219863,6.613635,0.6372081,0,1.616217,0,0,0,0,0,0,5.48123,4.345468,6.617003,0.592854,0.702737,0.482971,7.390372,6.226914,8.55383,0.6026519,0,2.125052,7.177635,6.093833,8.261438,9.817736,10,9.464447,6.916749,7.219863,6.613635,0.6372081,0,1.616217,0,0,0,0,0,0,5.48123,4.345468,6.617003,0.592854,0.702737,0.482971,7.390372,6.226914,8.55383,0.6026519,0,2.125052,7.177635,6.093833,8.261438,9.817736,10,9.464447,-1,-1,-1,-1,-1,-1,-1,-1,-1,-1,-1,-1,-1,-1,-1,-1,-1,-1,-1,-1,-1,-1,-1,-1,-1,-1,-1,-1,-1,-1,-1,-1,-1,-1,-1,-1,-1,-1,-1,-1,-1,-1,-1,-1,-1,-1,-1,-1,-1,-1,0,0,0,0,0,0,-1,-1,-1,-1,-1,-1,-1,-1,-1,-1,-1,-1,0,0,0,0,0,0,-1,-1,-1,-1,-1,-1,-1,-1,-1,-1,-1,-1,-1,-1,False,False,0,0,False,207,0,0,0,0,0,0,0,0,0,0,0,0,0,0,0,1,
23414312,830,2026-02-23 13:59:59Z,LLM_Empathetic,6.916768,7.219866,6.613669,0.6371759,0,1.616199,0,0,0,0,0,0,5.481255,4.345476,6.617044,0.592854,0.702737,0.482971,7.390383,6.226909,8.553858,0.6026313,0,2.125032,7.177669,6.093852,8.261487,9.817803,10,9.464532,6.916768,7.219866,6.613669,0.6371759,0,1.616199,0,0,0,0,0,0,5.481255,4.345476,6.617044,0.592854,0.702737,0.482971,7.390383,6.226909,8.553858,0.6026313,0,2.125032,7.177669,6.093852,8.261487,9.817803,10,9.464532,-1,-1,-1,-1,-1,-1,-1,-1,-1,-1,-1,-1,-1,-1,-1,-1,-1,-1,-1,-1,-1,-1,-1,-1,-1,-1,-1,-1,-1,-1,-1,-1,-1,-1,-1,-1,-1,-1,-1,-1,-1,-1,-1,-1,-1,-1,-1,-1,-1,-1,0,0,0,0,0,0,-1,-1,-1,-1,-1,-1,-1,-1,-1,-1,-1,-1,0,0,0,0,0,0,-1,-1,-1,-1,-1,-1,-1,-1,-1,-1,-1,-1,-1,-1,False,False,0,0,False,209,0,0,0,0,0,0,0,0,0,0,0,0,0,0,0,1,
23414312,831,2026-02-23 13:59:59Z,LLM_Empathetic,6.916787,7.21987,6.613703,0.6371439,0,1.616182,0,0,0,0,0,0,5.481279,4.345484,6.617085,0.592854,0.702737,0.482971,7.390394,6.226903,8.553885,0.6026108,0,2.125011,7.177703,6.09387,8.261537,9.81787,10,9.464617,6.916787,7.21987,6.613703,0.6371439,0,1.616182,0,0,0,0,0,0,5.481279,4.345484,6.617085,0.592854,0.702737,0.482971,7.390394,6.226903,8.553885,0.6026108,0,2.125011,7.177703,6.09387,8.261537,9.81787,10,9.464617,-1,-1,-1,-1,-1,-1,-1,-1,-1,-1,-1,-1,-1,-1,-1,-1,-1,-1,-1,-1,-1,-1,-1,-1,-1,-1,-1,-1,-1,-1,-1,-1,-1,-1,-1,-1,-1,-1,-1,-1,-1,-1,-1,-1,-1,-1,-1,-1,-1,-1,0,0,0,0,0,0,-1,-1,-1,-1,-1,-1,-1,-1,-1,-1,-1,-1,0,0,0,0,0,0,-1,-1,-1,-1,-1,-1,-1,-1,-1,-1,-1,-1,-1,-1,False,False,0,0,False,209,0,0,0,0,0,0,0,0,0,0,0,0,0,0,0,1,
23414312,832,2026-02-23 13:59:59Z,LLM_Empathetic,6.916805,7.219873,6.613738,0.6371118,0,1.616164,0,0,0,0,0,0,5.481303,4.345491,6.617125,0.592854,0.702737,0.482971,7.390405,6.226897,8.553913,0.6025903,0,2.124991,7.177736,6.093888,8.261585,9.817938,10,9.464701,6.916805,7.219873,6.613738,0.6371118,0,1.616164,0,0,0,0,0,0,5.481303,4.345491,6.617125,0.592854,0.702737,0.482971,7.390405,6.226897,8.553913,0.6025903,0,2.124991,7.177736,6.093888,8.261585,9.817938,10,9.464701,-1,-1,-1,-1,-1,-1,-1,-1,-1,-1,-1,-1,-1,-1,-1,-1,-1,-1,-1,-1,-1,-1,-1,-1,-1,-1,-1,-1,-1,-1,-1,-1,-1,-1,-1,-1,-1,-1,-1,-1,-1,-1,-1,-1,-1,-1,-1,-1,-1,-1,0,0,0,0,0,0,-1,-1,-1,-1,-1,-1,-1,-1,-1,-1,-1,-1,0,0,0,0,0,0,-1,-1,-1,-1,-1,-1,-1,-1,-1,-1,-1,-1,-1,-1,False,False,0,0,False,207,0,0,0,0,0,0,0,0,0,0,0,0,0,0,0,1,
23414312,833,2026-02-23 13:59:59Z,LLM_Empathetic,6.916824,7.219877,6.613772,0.6370799,0,1.616146,0,0,0,0,0,0,5.481327,4.3455,6.617165,0.592854,0.702737,0.482971,7.390416,6.226892,8.553941,0.6025698,0,2.12497,7.17777,6.093906,8.261635,9.818005,10,9.464785,6.916824,7.219877,6.613772,0.6370799,0,1.616146,0,0,0,0,0,0,5.481327,4.3455,6.617165,0.592854,0.702737,0.482971,7.390416,6.226892,8.553941,0.6025698,0,2.12497,7.17777,6.093906,8.261635,9.818005,10,9.464785,-1,-1,-1,-1,-1,-1,-1,-1,-1,-1,-1,-1,-1,-1,-1,-1,-1,-1,-1,-1,-1,-1,-1,-1,-1,-1,-1,-1,-1,-1,-1,-1,-1,-1,-1,-1,-1,-1,-1,-1,-1,-1,-1,-1,-1,-1,-1,-1,-1,-1,0,0,0,0,0,0,-1,-1,-1,-1,-1,-1,-1,-1,-1,-1,-1,-1,0,0,0,0,0,0,-1,-1,-1,-1,-1,-1,-1,-1,-1,-1,-1,-1,-1,-1,False,False,0,0,False,209,0,0,0,0,0,0,0,0,0,0,0,0,0,0,0,1,
23414312,834,2026-02-23 13:59:59Z,LLM_Empathetic,6.916843,7.21988,6.613806,0.637048,0,1.616129,0,0,0,0,0,0,5.481351,4.345508,6.617206,0.592854,0.702737,0.482971,7.390427,6.226886,8.553968,0.6025494,0,2.12495,7.177804,6.093925,8.261683,9.818071,10,9.464869,6.916843,7.21988,6.613806,0.637048,0,1.616129,0,0,0,0,0,0,5.481351,4.345508,6.617206,0.592854,0.702737,0.482971,7.390427,6.226886,8.553968,0.6025494,0,2.12495,7.177804,6.093925,8.261683,9.818071,10,9.464869,-1,-1,-1,-1,-1,-1,-1,-1,-1,-1,-1,-1,-1,-1,-1,-1,-1,-1,-1,-1,-1,-1,-1,-1,-1,-1,-1,-1,-1,-1,-1,-1,-1,-1,-1,-1,-1,-1,-1,-1,-1,-1,-1,-1,-1,-1,-1,-1,-1,-1,0,0,0,0,0,0,-1,-1,-1,-1,-1,-1,-1,-1,-1,-1,-1,-1,0,0,0,0,0,0,-1,-1,-1,-1,-1,-1,-1,-1,-1,-1,-1,-1,-1,-1,False,False,0,0,False,209,0,0,0,0,0,0,0,0,0,0,0,0,0,0,0,1,
23414312,835,2026-02-23 13:59:59Z,LLM_Empathetic,6.916862,7.219883,6.61384,0.6370162,0,1.616111,0,0,0,0,0,0,5.481375,4.345516,6.617246,0.592854,0.702737,0.482971,7.390438,6.22688,8.553996,0.602529,0,2.124929,7.177837,6.093943,8.261732,9.818138,10,9.464952,6.916862,7.219883,6.61384,0.6370162,0,1.616111,0,0,0,0,0,0,5.481375,4.345516,6.617246,0.592854,0.702737,0.482971,7.390438,6.22688,8.553996,0.602529,0,2.124929,7.177837,6.093943,8.261732,9.818138,10,9.464952,-1,-1,-1,-1,-1,-1,-1,-1,-1,-1,-1,-1,-1,-1,-1,-1,-1,-1,-1,-1,-1,-1,-1,-1,-1,-1,-1,-1,-1,-1,-1,-1,-1,-1,-1,-1,-1,-1,-1,-1,-1,-1,-1,-1,-1,-1,-1,-1,-1,-1,0,0,0,0,0,0,-1,-1,-1,-1,-1,-1,-1,-1,-1,-1,-1,-1,0,0,0,0,0,0,-1,-1,-1,-1,-1,-1,-1,-1,-1,-1,-1,-1,-1,-1,False,False,0,0,False,207,0,0,0,0,0,0,0,0,0,0,0,0,0,0,0,1,
23414312,836,2026-02-23 13:59:59Z,LLM_Empathetic,6.916881,7.219887,6.613874,0.6369845,0,1.616094,0,0,0,0,0,0,5.4814,4.345523,6.617286,0.592854,0.702737,0.482971,7.390449,6.226874,8.554024,0.6025087,0,2.124909,7.17787,6.093961,8.261781,9.818205,10,9.465036,6.916881,7.219887,6.613874,0.6369845,0,1.616094,0,0,0,0,0,0,5.4814,4.345523,6.617286,0.592854,0.702737,0.482971,7.390449,6.226874,8.554024,0.6025087,0,2.124909,7.17787,6.093961,8.261781,9.818205,10,9.465036,-1,-1,-1,-1,-1,-1,-1,-1,-1,-1,-1,-1,-1,-1,-1,-1,-1,-1,-1,-1,-1,-1,-1,-1,-1,-1,-1,-1,-1,-1,-1,-1,-1,-1,-1,-1,-1,-1,-1,-1,-1,-1,-1,-1,-1,-1,-1,-1,-1,-1,0,0,0,0,0,0,-1,-1,-1,-1,-1,-1,-1,-1,-1,-1,-1,-1,0,0,0,0,0,0,-1,-1,-1,-1,-1,-1,-1,-1,-1,-1,-1,-1,-1,-1,False,False,0,0,False,207,0,0,0,0,0,0,0,0,0,0,0,0,0,0,0,1,
23414312,837,2026-02-23 13:59:59Z,LLM_Empathetic,6.916899,7.21989,6.613908,0.6369528,0,1.616076,0,0,0,0,0,0,5.481423,4.345531,6.617326,0.592854,0.702737,0.482971,7.39046,6.226869,8.554051,0.6024884,0,2.124889,7.177904,6.093979,8.261829,9.818272,10,9.465119,6.916899,7.21989,6.613908,0.6369528,0,1.616076,0,0,0,0,0,0,5.481423,4.345531,6.617326,0.592854,0.702737,0.482971,7.39046,6.226869,8.554051,0.6024884,0,2.124889,7.177904,6.093979,8.261829,9.818272,10,9.465119,-1,-1,-1,-1,-1,-1,-1,-1,-1,-1,-1,-1,-1,-1,-1,-1,-1,-1,-1,-1,-1,-1,-1,-1,-1,-1,-1,-1,-1,-1,-1,-1,-1,-1,-1,-1,-1,-1,-1,-1,-1,-1,-1,-1,-1,-1,-1,-1,-1,-1,0,0,0,0,0,0,-1,-1,-1,-1,-1,-1,-1,-1,-1,-1,-1,-1,0,0,0,0,0,0,-1,-1,-1,-1,-1,-1,-1,-1,-1,-1,-1,-1,-1,-1,False,False,0,0,False,207,0,0,0,0,0,0,0,0,0,0,0,0,0,0,0,1,
23414312,838,2026-02-23 13:59:59Z,LLM_Empathetic,6.916918,7.219893,6.613942,0.6369211,0,1.616059,0,0,0,0,0,0,5.481447,4.345539,6.617366,0.592854,0.702737,0.482971,7.390471,6.226863,8.554079,0.6024681,0,2.124869,7.177937,6.093997,8.261878,9.818337,10,9.465203,6.916918,7.219893,6.613942,0.6369211,0,1.616059,0,0,0,0,0,0,5.481447,4.345539,6.617366,0.592854,0.702737,0.482971,7.390471,6.226863,8.554079,0.6024681,0,2.124869,7.177937,6.093997,8.261878,9.818337,10,9.465203,-1,-1,-1,-1,-1,-1,-1,-1,-1,-1,-1,-1,-1,-1,-1,-1,-1,-1,-1,-1,-1,-1,-1,-1,-1,-1,-1,-1,-1,-1,-1,-1,-1,-1,-1,-1,-1,-1,-1,-1,-1,-1,-1,-1,-1,-1,-1,-1,-1,-1,0,0,0,0,0,0,-1,-1,-1,-1,-1,-1,-1,-1,-1,-1,-1,-1,0,0,0,0,0,0,-1,-1,-1,-1,-1,-1,-1,-1,-1,-1,-1,-1,-1,-1,False,False,0,0,False,207,0,0,0,0,0,0,0,0,0,0,0,0,0,0,0,1,
23414312,839,2026-02-23 13:59:59Z,LLM_Empathetic,6.916936,7.219897,6.613976,0.6368896,0,1.616041,0,0,0,0,0,0,5.481471,4.345547,6.617405,0.592854,0.702737,0.482971,7.390482,6.226858,8.554106,0.6024479,0,2.124848,7.17797,6.094015,8.261927,9.818404,10,9.465286,6.916936,7.219897,6.613976,0.6368896,0,1.616041,0,0,0,0,0,0,5.481471,4.345547,6.617405,0.592854,0.702737,0.482971,7.390482,6.226858,8.554106,0.6024479,0,2.124848,7.17797,6.094015,8.261927,9.818404,10,9.465286,-1,-1,-1,-1,-1,-1,-1,-1,-1,-1,-1,-1,-1,-1,-1,-1,-1,-1,-1,-1,-1,-1,-1,-1,-1,-1,-1,-1,-1,-1,-1,-1,-1,-1,-1,-1,-1,-1,-1,-1,-1,-1,-1,-1,-1,-1,-1,-1,-1,-1,0,0,0,0,0,0,-1,-1,-1,-1,-1,-1,-1,-1,-1,-1,-1,-1,0,0,0,0,0,0,-1,-1,-1,-1,-1,-1,-1,-1,-1,-1,-1,-1,-1,-1,False,False,0,0,False,209,0,0,0,0,0,0,0,0,0,0,0,0,0,0,0,1,
23414312,840,2026-02-23 13:59:59Z,LLM_Empathetic,6.916955,7.2199,6.614009,0.6368581,0,1.616024,0,0,0,0,0,0,5.481495,4.345555,6.617445,0.592854,0.702737,0.482971,7.390492,6.226852,8.554133,0.6024278,0,2.124828,7.178003,6.094032,8.261974,9.81847,10,9.465369,6.916955,7.2199,6.614009,0.6368581,0,1.616024,0,0,0,0,0,0,5.481495,4.345555,6.617445,0.592854,0.702737,0.482971,7.390492,6.226852,8.554133,0.6024278,0,2.124828,7.178003,6.094032,8.261974,9.81847,10,9.465369,-1,-1,-1,-1,-1,-1,-1,-1,-1,-1,-1,-1,-1,-1,-1,-1,-1,-1,-1,-1,-1,-1,-1,-1,-1,-1,-1,-1,-1,-1,-1,-1,-1,-1,-1,-1,-1,-1,-1,-1,-1,-1,-1,-1,-1,-1,-1,-1,-1,-1,0,0,0,0,0,0,-1,-1,-1,-1,-1,-1,-1,-1,-1,-1,-1,-1,0,0,0,0,0,0,-1,-1,-1,-1,-1,-1,-1,-1,-1,-1,-1,-1,-1,-1,False,False,0,0,False,209,0,0,0,0,0,0,0,0,0,0,0,0,0,0,0,1,
23414312,841,2026-02-23 13:59:59Z,LLM_Empathetic,6.916973,7.219903,6.614043,0.6368266,0,1.616007,0,0,0,0,0,0,5.481519,4.345563,6.617485,0.592854,0.702737,0.482971,7.390503,6.226847,8.554161,0.6024076,0,2.124808,7.178036,6.09405,8.262023,9.818536,10,9.465452,6.916973,7.219903,6.614043,0.6368266,0,1.616007,0,0,0,0,0,0,5.481519,4.345563,6.617485,0.592854,0.702737,0.482971,7.390503,6.226847,8.554161,0.6024076,0,2.124808,7.178036,6.09405,8.262023,9.818536,10,9.465452,-1,-1,-1,-1,-1,-1,-1,-1,-1,-1,-1,-1,-1,-1,-1,-1,-1,-1,-1,-1,-1,-1,-1,-1,-1,-1,-1,-1,-1,-1,-1,-1,-1,-1,-1,-1,-1,-1,-1,-1,-1,-1,-1,-1,-1,-1,-1,-1,-1,-1,0,0,0,0,0,0,-1,-1,-1,-1,-1,-1,-1,-1,-1,-1,-1,-1,0,0,0,0,0,0,-1,-1,-1,-1,-1,-1,-1,-1,-1,-1,-1,-1,-1,-1,False,False,0,0,False,207,0,0,0,0,0,0,0,0,0,0,0,0,0,0,0,1,
23414312,842,2026-02-23 13:59:59Z,LLM_Empathetic,6.916992,7.219907,6.614077,0.6367953,0,1.615989,0,0,0,0,0,0,5.481543,4.345571,6.617525,0.592854,0.702737,0.482971,7.390514,6.226841,8.554188,0.6023875,0,2.124788,7.178069,6.094068,8.262071,9.818602,10,9.465534,6.916992,7.219907,6.614077,0.6367953,0,1.615989,0,0,0,0,0,0,5.481543,4.345571,6.617525,0.592854,0.702737,0.482971,7.390514,6.226841,8.554188,0.6023875,0,2.124788,7.178069,6.094068,8.262071,9.818602,10,9.465534,-1,-1,-1,-1,-1,-1,-1,-1,-1,-1,-1,-1,-1,-1,-1,-1,-1,-1,-1,-1,-1,-1,-1,-1,-1,-1,-1,-1,-1,-1,-1,-1,-1,-1,-1,-1,-1,-1,-1,-1,-1,-1,-1,-1,-1,-1,-1,-1,-1,-1,0,0,0,0,0,0,-1,-1,-1,-1,-1,-1,-1,-1,-1,-1,-1,-1,0,0,0,0,0,0,-1,-1,-1,-1,-1,-1,-1,-1,-1,-1,-1,-1,-1,-1,False,False,0,0,False,209,0,0,0,0,0,0,0,0,0,0,0,0,0,0,0,1,
23414312,843,2026-02-23 14:00:00Z,LLM_Empathetic,6.91701,7.21991,6.61411,0.6367639,0,1.615972,0,0,0,0,0,0,5.481566,4.345579,6.617564,0.592854,0.702737,0.482971,7.390525,6.226835,8.554215,0.6023675,0,2.124768,7.178102,6.094086,8.262119,9.818667,10,9.465617,6.91701,7.21991,6.61411,0.6367639,0,1.615972,0,0,0,0,0,0,5.481566,4.345579,6.617564,0.592854,0.702737,0.482971,7.390525,6.226835,8.554215,0.6023675,0,2.124768,7.178102,6.094086,8.262119,9.818667,10,9.465617,-1,-1,-1,-1,-1,-1,-1,-1,-1,-1,-1,-1,-1,-1,-1,-1,-1,-1,-1,-1,-1,-1,-1,-1,-1,-1,-1,-1,-1,-1,-1,-1,-1,-1,-1,-1,-1,-1,-1,-1,-1,-1,-1,-1,-1,-1,-1,-1,-1,-1,0,0,0,0,0,0,-1,-1,-1,-1,-1,-1,-1,-1,-1,-1,-1,-1,0,0,0,0,0,0,-1,-1,-1,-1,-1,-1,-1,-1,-1,-1,-1,-1,-1,-1,False,False,0,0,False,209,0,0,0,0,0,0,0,0,0,0,0,0,0,0,0,1,
23414312,844,2026-02-23 14:00:00Z,LLM_Empathetic,6.917028,7.219913,6.614143,0.6367327,0,1.615955,0,0,0,0,0,0,5.48159,4.345586,6.617604,0.592854,0.702737,0.482971,7.390536,6.22683,8.554242,0.6023475,0,2.124748,7.178135,6.094104,8.262167,9.818733,10,9.465699,6.917028,7.219913,6.614143,0.6367327,0,1.615955,0,0,0,0,0,0,5.48159,4.345586,6.617604,0.592854,0.702737,0.482971,7.390536,6.22683,8.554242,0.6023475,0,2.124748,7.178135,6.094104,8.262167,9.818733,10,9.465699,-1,-1,-1,-1,-1,-1,-1,-1,-1,-1,-1,-1,-1,-1,-1,-1,-1,-1,-1,-1,-1,-1,-1,-1,-1,-1,-1,-1,-1,-1,-1,-1,-1,-1,-1,-1,-1,-1,-1,-1,-1,-1,-1,-1,-1,-1,-1,-1,-1,-1,0,0,0,0,0,0,-1,-1,-1,-1,-1,-1,-1,-1,-1,-1,-1,-1,0,0,0,0,0,0,-1,-1,-1,-1,-1,-1,-1,-1,-1,-1,-1,-1,-1,-1,False,False,0,0,False,207,0,0,0,0,0,0,0,0,0,0,0,0,0,0,0,1,
23414312,845,2026-02-23 14:00:00Z,LLM_Empathetic,6.917047,7.219917,6.614177,0.6367015,0,1.615938,0,0,0,0,0,0,5.481614,4.345594,6.617643,0.592854,0.702737,0.482971,7.390547,6.226824,8.55427,0.6023275,0,2.124728,7.178167,6.094121,8.262215,9.818799,10,9.465781,6.917047,7.219917,6.614177,0.6367015,0,1.615938,0,0,0,0,0,0,5.481614,4.345594,6.617643,0.592854,0.702737,0.482971,7.390547,6.226824,8.55427,0.6023275,0,2.124728,7.178167,6.094121,8.262215,9.818799,10,9.465781,-1,-1,-1,-1,-1,-1,-1,-1,-1,-1,-1,-1,-1,-1,-1,-1,-1,-1,-1,-1,-1,-1,-1,-1,-1,-1,-1,-1,-1,-1,-1,-1,-1,-1,-1,-1,-1,-1,-1,-1,-1,-1,-1,-1,-1,-1,-1,-1,-1,-1,0,0,0,0,0,0,-1,-1,-1,-1,-1,-1,-1,-1,-1,-1,-1,-1,0,0,0,0,0,0,-1,-1,-1,-1,-1,-1,-1,-1,-1,-1,-1,-1,-1,-1,False,False,0,0,False,207,0,0,0,0,0,0,0,0,0,0,0,0,0,0,0,1,
23414312,846,2026-02-23 14:00:00Z,LLM_Empathetic,6.917065,7.21992,6.61421,0.6366704,0,1.615921,0,0,0,0,0,0,5.481637,4.345602,6.617682,0.592854,0.702737,0.482971,7.390557,6.226819,8.554296,0.6023076,0,2.124708,7.1782,6.094139,8.262262,9.818864,10,9.465863,6.917065,7.21992,6.61421,0.6366704,0,1.615921,0,0,0,0,0,0,5.481637,4.345602,6.617682,0.592854,0.702737,0.482971,7.390557,6.226819,8.554296,0.6023076,0,2.124708,7.1782,6.094139,8.262262,9.818864,10,9.465863,-1,-1,-1,-1,-1,-1,-1,-1,-1,-1,-1,-1,-1,-1,-1,-1,-1,-1,-1,-1,-1,-1,-1,-1,-1,-1,-1,-1,-1,-1,-1,-1,-1,-1,-1,-1,-1,-1,-1,-1,-1,-1,-1,-1,-1,-1,-1,-1,-1,-1,0,0,0,0,0,0,-1,-1,-1,-1,-1,-1,-1,-1,-1,-1,-1,-1,0,0,0,0,0,0,-1,-1,-1,-1,-1,-1,-1,-1,-1,-1,-1,-1,-1,-1,False,False,0,0,False,207,0,0,0,0,0,0,0,0,0,0,0,0,0,0,0,1,
23414312,847,2026-02-23 14:00:00Z,LLM_Empathetic,6.917083,7.219923,6.614244,0.6366394,0,1.615903,0,0,0,0,0,0,5.48166,4.34561,6.617722,0.592854,0.702737,0.482971,7.390568,6.226813,8.554323,0.6022877,0,2.124688,7.178233,6.094157,8.26231,9.818929,10,9.465945,6.917083,7.219923,6.614244,0.6366394,0,1.615903,0,0,0,0,0,0,5.48166,4.34561,6.617722,0.592854,0.702737,0.482971,7.390568,6.226813,8.554323,0.6022877,0,2.124688,7.178233,6.094157,8.26231,9.818929,10,9.465945,-1,-1,-1,-1,-1,-1,-1,-1,-1,-1,-1,-1,-1,-1,-1,-1,-1,-1,-1,-1,-1,-1,-1,-1,-1,-1,-1,-1,-1,-1,-1,-1,-1,-1,-1,-1,-1,-1,-1,-1,-1,-1,-1,-1,-1,-1,-1,-1,-1,-1,0,0,0,0,0,0,-1,-1,-1,-1,-1,-1,-1,-1,-1,-1,-1,-1,0,0,0,0,0,0,-1,-1,-1,-1,-1,-1,-1,-1,-1,-1,-1,-1,-1,-1,False,False,0,0,False,207,0,0,0,0,0,0,0,0,0,0,0,0,0,0,0,1,
23414312,848,2026-02-23 14:00:00Z,LLM_Empathetic,6.917102,7.219927,6.614276,0.6366084,0,1.615886,0,0,0,0,0,0,5.481684,4.345618,6.617761,0.592854,0.702737,0.482971,7.390579,6.226808,8.55435,0.6022679,0,2.124668,7.178266,6.094174,8.262358,9.818995,10,9.466027,6.917102,7.219927,6.614276,0.6366084,0,1.615886,0,0,0,0,0,0,5.481684,4.345618,6.617761,0.592854,0.702737,0.482971,7.390579,6.226808,8.55435,0.6022679,0,2.124668,7.178266,6.094174,8.262358,9.818995,10,9.466027,-1,-1,-1,-1,-1,-1,-1,-1,-1,-1,-1,-1,-1,-1,-1,-1,-1,-1,-1,-1,-1,-1,-1,-1,-1,-1,-1,-1,-1,-1,-1,-1,-1,-1,-1,-1,-1,-1,-1,-1,-1,-1,-1,-1,-1,-1,-1,-1,-1,-1,0,0,0,0,0,0,-1,-1,-1,-1,-1,-1,-1,-1,-1,-1,-1,-1,0,0,0,0,0,0,-1,-1,-1,-1,-1,-1,-1,-1,-1,-1,-1,-1,-1,-1,False,False,0,0,False,209,0,0,0,0,0,0,0,0,0,0,0,0,0,0,0,1,
23414312,849,2026-02-23 14:00:00Z,LLM_Empathetic,6.91712,7.21993,6.61431,0.6365774,0,1.615869,0,0,0,0,0,0,5.481708,4.345625,6.6178,0.592854,0.702737,0.482971,7.39059,6.226802,8.554378,0.602248,0,2.124648,7.178298,6.094192,8.262404,9.819059,10,9.466108,6.91712,7.21993,6.61431,0.6365774,0,1.615869,0,0,0,0,0,0,5.481708,4.345625,6.6178,0.592854,0.702737,0.482971,7.39059,6.226802,8.554378,0.602248,0,2.124648,7.178298,6.094192,8.262404,9.819059,10,9.466108,-1,-1,-1,-1,-1,-1,-1,-1,-1,-1,-1,-1,-1,-1,-1,-1,-1,-1,-1,-1,-1,-1,-1,-1,-1,-1,-1,-1,-1,-1,-1,-1,-1,-1,-1,-1,-1,-1,-1,-1,-1,-1,-1,-1,-1,-1,-1,-1,-1,-1,0,0,0,0,0,0,-1,-1,-1,-1,-1,-1,-1,-1,-1,-1,-1,-1,0,0,0,0,0,0,-1,-1,-1,-1,-1,-1,-1,-1,-1,-1,-1,-1,-1,-1,False,False,0,0,False,209,0,0,0,0,0,0,0,0,0,0,0,0,0,0,0,1,
23414312,850,2026-02-23 14:00:00Z,LLM_Empathetic,6.917138,7.219934,6.614343,0.6365466,0,1.615852,0,0,0,0,0,0,5.481731,4.345633,6.617839,0.592854,0.702737,0.482971,7.3906,6.226797,8.554404,0.6022282,0,2.124629,7.17833,6.09421,8.262452,9.819124,10,9.466189,6.917138,7.219934,6.614343,0.6365466,0,1.615852,0,0,0,0,0,0,5.481731,4.345633,6.617839,0.592854,0.702737,0.482971,7.3906,6.226797,8.554404,0.6022282,0,2.124629,7.17833,6.09421,8.262452,9.819124,10,9.466189,-1,-1,-1,-1,-1,-1,-1,-1,-1,-1,-1,-1,-1,-1,-1,-1,-1,-1,-1,-1,-1,-1,-1,-1,-1,-1,-1,-1,-1,-1,-1,-1,-1,-1,-1,-1,-1,-1,-1,-1,-1,-1,-1,-1,-1,-1,-1,-1,-1,-1,0,0,0,0,0,0,-1,-1,-1,-1,-1,-1,-1,-1,-1,-1,-1,-1,0,0,0,0,0,0,-1,-1,-1,-1,-1,-1,-1,-1,-1,-1,-1,-1,-1,-1,False,False,0,0,False,209,0,0,0,0,0,0,0,0,0,0,0,0,0,0,0,1,
23414312,851,2026-02-23 14:00:00Z,LLM_Empathetic,6.917156,7.219937,6.614376,0.6365157,0,1.615835,0,0,0,0,0,0,5.481754,4.345641,6.617878,0.592854,0.702737,0.482971,7.390611,6.226791,8.554431,0.6022085,0,2.124609,7.178363,6.094227,8.262499,9.819189,10,9.46627,6.917156,7.219937,6.614376,0.6365157,0,1.615835,0,0,0,0,0,0,5.481754,4.345641,6.617878,0.592854,0.702737,0.482971,7.390611,6.226791,8.554431,0.6022085,0,2.124609,7.178363,6.094227,8.262499,9.819189,10,9.46627,-1,-1,-1,-1,-1,-1,-1,-1,-1,-1,-1,-1,-1,-1,-1,-1,-1,-1,-1,-1,-1,-1,-1,-1,-1,-1,-1,-1,-1,-1,-1,-1,-1,-1,-1,-1,-1,-1,-1,-1,-1,-1,-1,-1,-1,-1,-1,-1,-1,-1,0,0,0,0,0,0,-1,-1,-1,-1,-1,-1,-1,-1,-1,-1,-1,-1,0,0,0,0,0,0,-1,-1,-1,-1,-1,-1,-1,-1,-1,-1,-1,-1,-1,-1,False,False,0,0,False,209,0,0,0,0,0,0,0,0,0,0,0,0,0,0,0,1,
23414312,852,2026-02-23 14:00:00Z,LLM_Empathetic,6.917174,7.21994,6.614408,0.636485,0,1.615818,0,0,0,0,0,0,5.481777,4.345648,6.617917,0.592854,0.702737,0.482971,7.390621,6.226786,8.554458,0.6021888,0,2.124589,7.178395,6.094245,8.262547,9.819253,10,9.466352,6.917174,7.21994,6.614408,0.636485,0,1.615818,0,0,0,0,0,0,5.481777,4.345648,6.617917,0.592854,0.702737,0.482971,7.390621,6.226786,8.554458,0.6021888,0,2.124589,7.178395,6.094245,8.262547,9.819253,10,9.466352,-1,-1,-1,-1,-1,-1,-1,-1,-1,-1,-1,-1,-1,-1,-1,-1,-1,-1,-1,-1,-1,-1,-1,-1,-1,-1,-1,-1,-1,-1,-1,-1,-1,-1,-1,-1,-1,-1,-1,-1,-1,-1,-1,-1,-1,-1,-1,-1,-1,-1,0,0,0,0,0,0,-1,-1,-1,-1,-1,-1,-1,-1,-1,-1,-1,-1,0,0,0,0,0,0,-1,-1,-1,-1,-1,-1,-1,-1,-1,-1,-1,-1,-1,-1,False,False,0,0,False,209,0,0,0,0,0,0,0,0,0,0,0,0,0,0,0,1,
23414312,853,2026-02-23 14:00:00Z,LLM_Empathetic,6.917192,7.219943,6.614441,0.6364543,0,1.615801,0,0,0,0,0,0,5.481801,4.345656,6.617956,0.592854,0.702737,0.482971,7.390632,6.22678,8.554484,0.6021692,0,2.12457,7.178427,6.094262,8.262593,9.819318,10,9.466433,6.917192,7.219943,6.614441,0.6364543,0,1.615801,0,0,0,0,0,0,5.481801,4.345656,6.617956,0.592854,0.702737,0.482971,7.390632,6.22678,8.554484,0.6021692,0,2.12457,7.178427,6.094262,8.262593,9.819318,10,9.466433,-1,-1,-1,-1,-1,-1,-1,-1,-1,-1,-1,-1,-1,-1,-1,-1,-1,-1,-1,-1,-1,-1,-1,-1,-1,-1,-1,-1,-1,-1,-1,-1,-1,-1,-1,-1,-1,-1,-1,-1,-1,-1,-1,-1,-1,-1,-1,-1,-1,-1,0,0,0,0,0,0,-1,-1,-1,-1,-1,-1,-1,-1,-1,-1,-1,-1,0,0,0,0,0,0,-1,-1,-1,-1,-1,-1,-1,-1,-1,-1,-1,-1,-1,-1,False,False,0,0,False,209,0,0,0,0,0,0,0,0,0,0,0,0,0,0,0,1,
23414312,854,2026-02-23 14:00:00Z,LLM_Empathetic,6.917211,7.219946,6.614474,0.6364236,0,1.615784,0,0,0,0,0,0,5.481824,4.345664,6.617994,0.592854,0.702737,0.482971,7.390643,6.226775,8.55451,0.6021495,0,2.12455,7.17846,6.09428,8.26264,9.819382,10,9.466514,6.917211,7.219946,6.614474,0.6364236,0,1.615784,0,0,0,0,0,0,5.481824,4.345664,6.617994,0.592854,0.702737,0.482971,7.390643,6.226775,8.55451,0.6021495,0,2.12455,7.17846,6.09428,8.26264,9.819382,10,9.466514,-1,-1,-1,-1,-1,-1,-1,-1,-1,-1,-1,-1,-1,-1,-1,-1,-1,-1,-1,-1,-1,-1,-1,-1,-1,-1,-1,-1,-1,-1,-1,-1,-1,-1,-1,-1,-1,-1,-1,-1,-1,-1,-1,-1,-1,-1,-1,-1,-1,-1,0,0,0,0,0,0,-1,-1,-1,-1,-1,-1,-1,-1,-1,-1,-1,-1,0,0,0,0,0,0,-1,-1,-1,-1,-1,-1,-1,-1,-1,-1,-1,-1,-1,-1,False,False,0,0,False,209,0,0,0,0,0,0,0,0,0,0,0,0,0,0,0,1,
23414312,855,2026-02-23 14:00:00Z,LLM_Empathetic,6.917228,7.21995,6.614507,0.6363931,0,1.615768,0,0,0,0,0,0,5.481847,4.345672,6.618033,0.592854,0.702737,0.482971,7.390653,6.226769,8.554537,0.60213,0,2.12453,7.178492,6.094297,8.262688,9.819446,10,9.466594,6.917228,7.21995,6.614507,0.6363931,0,1.615768,0,0,0,0,0,0,5.481847,4.345672,6.618033,0.592854,0.702737,0.482971,7.390653,6.226769,8.554537,0.60213,0,2.12453,7.178492,6.094297,8.262688,9.819446,10,9.466594,-1,-1,-1,-1,-1,-1,-1,-1,-1,-1,-1,-1,-1,-1,-1,-1,-1,-1,-1,-1,-1,-1,-1,-1,-1,-1,-1,-1,-1,-1,-1,-1,-1,-1,-1,-1,-1,-1,-1,-1,-1,-1,-1,-1,-1,-1,-1,-1,-1,-1,0,0,0,0,0,0,-1,-1,-1,-1,-1,-1,-1,-1,-1,-1,-1,-1,0,0,0,0,0,0,-1,-1,-1,-1,-1,-1,-1,-1,-1,-1,-1,-1,-1,-1,False,False,0,0,False,207,0,0,0,0,0,0,0,0,0,0,0,0,0,0,0,1,
23414312,856,2026-02-23 14:00:00Z,LLM_Empathetic,6.917246,7.219953,6.61454,0.6363626,0,1.615751,0,0,0,0,0,0,5.48187,4.345679,6.618072,0.592854,0.702737,0.482971,7.390664,6.226764,8.554564,0.6021104,0,2.124511,7.178524,6.094315,8.262734,9.81951,10,9.466674,6.917246,7.219953,6.61454,0.6363626,0,1.615751,0,0,0,0,0,0,5.48187,4.345679,6.618072,0.592854,0.702737,0.482971,7.390664,6.226764,8.554564,0.6021104,0,2.124511,7.178524,6.094315,8.262734,9.81951,10,9.466674,-1,-1,-1,-1,-1,-1,-1,-1,-1,-1,-1,-1,-1,-1,-1,-1,-1,-1,-1,-1,-1,-1,-1,-1,-1,-1,-1,-1,-1,-1,-1,-1,-1,-1,-1,-1,-1,-1,-1,-1,-1,-1,-1,-1,-1,-1,-1,-1,-1,-1,0,0,0,0,0,0,-1,-1,-1,-1,-1,-1,-1,-1,-1,-1,-1,-1,0,0,0,0,0,0,-1,-1,-1,-1,-1,-1,-1,-1,-1,-1,-1,-1,-1,-1,False,False,0,0,False,209,0,0,0,0,0,0,0,0,0,0,0,0,0,0,0,1,
23414312,857,2026-02-23 14:00:00Z,LLM_Empathetic,6.917264,7.219956,6.614572,0.6363321,0,1.615734,0,0,0,0,0,0,5.481893,4.345687,6.61811,0.592854,0.702737,0.482971,7.390674,6.226758,8.55459,0.602091,0,2.124491,7.178555,6.094332,8.26278,9.819574,10,9.466755,6.917264,7.219956,6.614572,0.6363321,0,1.615734,0,0,0,0,0,0,5.481893,4.345687,6.61811,0.592854,0.702737,0.482971,7.390674,6.226758,8.55459,0.602091,0,2.124491,7.178555,6.094332,8.26278,9.819574,10,9.466755,-1,-1,-1,-1,-1,-1,-1,-1,-1,-1,-1,-1,-1,-1,-1,-1,-1,-1,-1,-1,-1,-1,-1,-1,-1,-1,-1,-1,-1,-1,-1,-1,-1,-1,-1,-1,-1,-1,-1,-1,-1,-1,-1,-1,-1,-1,-1,-1,-1,-1,0,0,0,0,0,0,-1,-1,-1,-1,-1,-1,-1,-1,-1,-1,-1,-1,0,0,0,0,0,0,-1,-1,-1,-1,-1,-1,-1,-1,-1,-1,-1,-1,-1,-1,False,False,0,0,False,209,0,0,0,0,0,0,0,0,0,0,0,0,0,0,0,1,
23414312,858,2026-02-23 14:00:00Z,LLM_Empathetic,6.917282,7.219959,6.614605,0.6363017,0,1.615717,0,0,0,0,0,0,5.481916,4.345695,6.618148,0.592854,0.702737,0.482971,7.390685,6.226753,8.554616,0.6020715,0,2.124472,7.178587,6.094349,8.262827,9.819637,10,9.466834,6.917282,7.219959,6.614605,0.6363017,0,1.615717,0,0,0,0,0,0,5.481916,4.345695,6.618148,0.592854,0.702737,0.482971,7.390685,6.226753,8.554616,0.6020715,0,2.124472,7.178587,6.094349,8.262827,9.819637,10,9.466834,-1,-1,-1,-1,-1,-1,-1,-1,-1,-1,-1,-1,-1,-1,-1,-1,-1,-1,-1,-1,-1,-1,-1,-1,-1,-1,-1,-1,-1,-1,-1,-1,-1,-1,-1,-1,-1,-1,-1,-1,-1,-1,-1,-1,-1,-1,-1,-1,-1,-1,0,0,0,0,0,0,-1,-1,-1,-1,-1,-1,-1,-1,-1,-1,-1,-1,0,0,0,0,0,0,-1,-1,-1,-1,-1,-1,-1,-1,-1,-1,-1,-1,-1,-1,False,False,0,0,False,209,0,0,0,0,0,0,0,0,0,0,0,0,0,0,0,1,
23414312,859,2026-02-23 14:00:00Z,LLM_Empathetic,6.9173,7.219963,6.614637,0.6362714,0,1.6157,0,0,0,0,0,0,5.481939,4.345702,6.618186,0.592854,0.702737,0.482971,7.390695,6.226748,8.554643,0.602052,0,2.124452,7.178619,6.094366,8.262874,9.819701,10,9.466914,6.9173,7.219963,6.614637,0.6362714,0,1.6157,0,0,0,0,0,0,5.481939,4.345702,6.618186,0.592854,0.702737,0.482971,7.390695,6.226748,8.554643,0.602052,0,2.124452,7.178619,6.094366,8.262874,9.819701,10,9.466914,-1,-1,-1,-1,-1,-1,-1,-1,-1,-1,-1,-1,-1,-1,-1,-1,-1,-1,-1,-1,-1,-1,-1,-1,-1,-1,-1,-1,-1,-1,-1,-1,-1,-1,-1,-1,-1,-1,-1,-1,-1,-1,-1,-1,-1,-1,-1,-1,-1,-1,0,0,0,0,0,0,-1,-1,-1,-1,-1,-1,-1,-1,-1,-1,-1,-1,0,0,0,0,0,0,-1,-1,-1,-1,-1,-1,-1,-1,-1,-1,-1,-1,-1,-1,False,False,0,0,False,209,0,0,0,0,0,0,0,0,0,0,0,0,0,0,0,1,
23414312,860,2026-02-23 14:00:00Z,LLM_Empathetic,6.917318,7.219966,6.61467,0.6362411,0,1.615684,0,0,0,0,0,0,5.481962,4.345709,6.618225,0.592854,0.702737,0.482971,7.390706,6.226743,8.554669,0.6020327,0,2.124433,7.178651,6.094383,8.26292,9.819765,10,9.466994,6.917318,7.219966,6.61467,0.6362411,0,1.615684,0,0,0,0,0,0,5.481962,4.345709,6.618225,0.592854,0.702737,0.482971,7.390706,6.226743,8.554669,0.6020327,0,2.124433,7.178651,6.094383,8.26292,9.819765,10,9.466994,-1,-1,-1,-1,-1,-1,-1,-1,-1,-1,-1,-1,-1,-1,-1,-1,-1,-1,-1,-1,-1,-1,-1,-1,-1,-1,-1,-1,-1,-1,-1,-1,-1,-1,-1,-1,-1,-1,-1,-1,-1,-1,-1,-1,-1,-1,-1,-1,-1,-1,0,0,0,0,0,0,-1,-1,-1,-1,-1,-1,-1,-1,-1,-1,-1,-1,0,0,0,0,0,0,-1,-1,-1,-1,-1,-1,-1,-1,-1,-1,-1,-1,-1,-1,False,False,0,0,False,207,0,0,0,0,0,0,0,0,0,0,0,0,0,0,0,1,
23414312,861,2026-02-23 14:00:00Z,LLM_Empathetic,6.917336,7.219969,6.614702,0.6362109,0,1.615667,0,0,0,0,0,0,5.481985,4.345717,6.618263,0.592854,0.702737,0.482971,7.390716,6.226737,8.554695,0.6020133,0,2.124414,7.178683,6.0944,8.262966,9.819828,10,9.467073,6.917336,7.219969,6.614702,0.6362109,0,1.615667,0,0,0,0,0,0,5.481985,4.345717,6.618263,0.592854,0.702737,0.482971,7.390716,6.226737,8.554695,0.6020133,0,2.124414,7.178683,6.0944,8.262966,9.819828,10,9.467073,-1,-1,-1,-1,-1,-1,-1,-1,-1,-1,-1,-1,-1,-1,-1,-1,-1,-1,-1,-1,-1,-1,-1,-1,-1,-1,-1,-1,-1,-1,-1,-1,-1,-1,-1,-1,-1,-1,-1,-1,-1,-1,-1,-1,-1,-1,-1,-1,-1,-1,0,0,0,0,0,0,-1,-1,-1,-1,-1,-1,-1,-1,-1,-1,-1,-1,0,0,0,0,0,0,-1,-1,-1,-1,-1,-1,-1,-1,-1,-1,-1,-1,-1,-1,False,False,0,0,False,209,0,0,0,0,0,0,0,0,0,0,0,0,0,0,0,1,
23414312,862,2026-02-23 14:00:00Z,LLM_Empathetic,6.917353,7.219972,6.614734,0.6361807,0,1.61565,0,0,0,0,0,0,5.482008,4.345725,6.618301,0.592854,0.702737,0.482971,7.390727,6.226732,8.554721,0.601994,0,2.124394,7.178715,6.094418,8.263013,9.819892,10,9.467154,6.917353,7.219972,6.614734,0.6361807,0,1.61565,0,0,0,0,0,0,5.482008,4.345725,6.618301,0.592854,0.702737,0.482971,7.390727,6.226732,8.554721,0.601994,0,2.124394,7.178715,6.094418,8.263013,9.819892,10,9.467154,-1,-1,-1,-1,-1,-1,-1,-1,-1,-1,-1,-1,-1,-1,-1,-1,-1,-1,-1,-1,-1,-1,-1,-1,-1,-1,-1,-1,-1,-1,-1,-1,-1,-1,-1,-1,-1,-1,-1,-1,-1,-1,-1,-1,-1,-1,-1,-1,-1,-1,0,0,0,0,0,0,-1,-1,-1,-1,-1,-1,-1,-1,-1,-1,-1,-1,0,0,0,0,0,0,-1,-1,-1,-1,-1,-1,-1,-1,-1,-1,-1,-1,-1,-1,False,False,0,0,False,209,0,0,0,0,0,0,0,0,0,0,0,0,0,0,0,1,
23414312,863,2026-02-23 14:00:00Z,LLM_Empathetic,6.917371,7.219975,6.614767,0.6361506,0,1.615634,0,0,0,0,0,0,5.48203,4.345732,6.618339,0.592854,0.702737,0.482971,7.390737,6.226727,8.554748,0.6019747,0,2.124375,7.178746,6.094435,8.263059,9.819955,10,9.467233,6.917371,7.219975,6.614767,0.6361506,0,1.615634,0,0,0,0,0,0,5.48203,4.345732,6.618339,0.592854,0.702737,0.482971,7.390737,6.226727,8.554748,0.6019747,0,2.124375,7.178746,6.094435,8.263059,9.819955,10,9.467233,-1,-1,-1,-1,-1,-1,-1,-1,-1,-1,-1,-1,-1,-1,-1,-1,-1,-1,-1,-1,-1,-1,-1,-1,-1,-1,-1,-1,-1,-1,-1,-1,-1,-1,-1,-1,-1,-1,-1,-1,-1,-1,-1,-1,-1,-1,-1,-1,-1,-1,0,0,0,0,0,0,-1,-1,-1,-1,-1,-1,-1,-1,-1,-1,-1,-1,0,0,0,0,0,0,-1,-1,-1,-1,-1,-1,-1,-1,-1,-1,-1,-1,-1,-1,False,False,0,0,False,209,0,0,0,0,0,0,0,0,0,0,0,0,0,0,0,1,
23414312,864,2026-02-23 14:00:00Z,LLM_Empathetic,6.917389,7.219979,6.614799,0.6361206,0,1.615617,0,0,0,0,0,0,5.482053,4.34574,6.618377,0.592854,0.702737,0.482971,7.390747,6.226721,8.554773,0.6019555,0,2.124356,7.178778,6.094452,8.263104,9.820018,10,9.467312,6.917389,7.219979,6.614799,0.6361206,0,1.615617,0,0,0,0,0,0,5.482053,4.34574,6.618377,0.592854,0.702737,0.482971,7.390747,6.226721,8.554773,0.6019555,0,2.124356,7.178778,6.094452,8.263104,9.820018,10,9.467312,-1,-1,-1,-1,-1,-1,-1,-1,-1,-1,-1,-1,-1,-1,-1,-1,-1,-1,-1,-1,-1,-1,-1,-1,-1,-1,-1,-1,-1,-1,-1,-1,-1,-1,-1,-1,-1,-1,-1,-1,-1,-1,-1,-1,-1,-1,-1,-1,-1,-1,0,0,0,0,0,0,-1,-1,-1,-1,-1,-1,-1,-1,-1,-1,-1,-1,0,0,0,0,0,0,-1,-1,-1,-1,-1,-1,-1,-1,-1,-1,-1,-1,-1,-1,False,False,0,0,False,209,0,0,0,0,0,0,0,0,0,0,0,0,0,0,0,1,
23414312,865,2026-02-23 14:00:00Z,LLM_Empathetic,6.917407,7.219982,6.61483,0.6360906,0,1.615601,0,0,0,0,0,0,5.482076,4.345747,6.618415,0.592854,0.702737,0.482971,7.390758,6.226716,8.554799,0.6019363,0,2.124337,7.17881,6.094469,8.263151,9.820081,10,9.46739,6.917407,7.219982,6.61483,0.6360906,0,1.615601,0,0,0,0,0,0,5.482076,4.345747,6.618415,0.592854,0.702737,0.482971,7.390758,6.226716,8.554799,0.6019363,0,2.124337,7.17881,6.094469,8.263151,9.820081,10,9.46739,-1,-1,-1,-1,-1,-1,-1,-1,-1,-1,-1,-1,-1,-1,-1,-1,-1,-1,-1,-1,-1,-1,-1,-1,-1,-1,-1,-1,-1,-1,-1,-1,-1,-1,-1,-1,-1,-1,-1,-1,-1,-1,-1,-1,-1,-1,-1,-1,-1,-1,0,0,0,0,0,0,-1,-1,-1,-1,-1,-1,-1,-1,-1,-1,-1,-1,0,0,0,0,0,0,-1,-1,-1,-1,-1,-1,-1,-1,-1,-1,-1,-1,-1,-1,False,False,0,0,False,207,0,0,0,0,0,0,0,0,0,0,0,0,0,0,0,1,
23414312,866,2026-02-23 14:00:00Z,LLM_Empathetic,6.917424,7.219985,6.614863,0.6360607,0,1.615584,0,0,0,0,0,0,5.482099,4.345755,6.618453,0.592854,0.702737,0.482971,7.390768,6.22671,8.554826,0.6019171,0,2.124317,7.178841,6.094486,8.263197,9.820144,10,9.467469,6.917424,7.219985,6.614863,0.6360607,0,1.615584,0,0,0,0,0,0,5.482099,4.345755,6.618453,0.592854,0.702737,0.482971,7.390768,6.22671,8.554826,0.6019171,0,2.124317,7.178841,6.094486,8.263197,9.820144,10,9.467469,-1,-1,-1,-1,-1,-1,-1,-1,-1,-1,-1,-1,-1,-1,-1,-1,-1,-1,-1,-1,-1,-1,-1,-1,-1,-1,-1,-1,-1,-1,-1,-1,-1,-1,-1,-1,-1,-1,-1,-1,-1,-1,-1,-1,-1,-1,-1,-1,-1,-1,0,0,0,0,0,0,-1,-1,-1,-1,-1,-1,-1,-1,-1,-1,-1,-1,0,0,0,0,0,0,-1,-1,-1,-1,-1,-1,-1,-1,-1,-1,-1,-1,-1,-1,False,False,0,0,False,209,0,0,0,0,0,0,0,0,0,0,0,0,0,0,0,1,
23414312,867,2026-02-23 14:00:00Z,LLM_Empathetic,6.917441,7.219988,6.614895,0.6360308,0,1.615568,0,0,0,0,0,0,5.482121,4.345762,6.61849,0.592854,0.702737,0.482971,7.390778,6.226705,8.554852,0.601898,0,2.124298,7.178872,6.094503,8.263243,9.820207,10,9.467548,6.917441,7.219988,6.614895,0.6360308,0,1.615568,0,0,0,0,0,0,5.482121,4.345762,6.61849,0.592854,0.702737,0.482971,7.390778,6.226705,8.554852,0.601898,0,2.124298,7.178872,6.094503,8.263243,9.820207,10,9.467548,-1,-1,-1,-1,-1,-1,-1,-1,-1,-1,-1,-1,-1,-1,-1,-1,-1,-1,-1,-1,-1,-1,-1,-1,-1,-1,-1,-1,-1,-1,-1,-1,-1,-1,-1,-1,-1,-1,-1,-1,-1,-1,-1,-1,-1,-1,-1,-1,-1,-1,0,0,0,0,0,0,-1,-1,-1,-1,-1,-1,-1,-1,-1,-1,-1,-1,0,0,0,0,0,0,-1,-1,-1,-1,-1,-1,-1,-1,-1,-1,-1,-1,-1,-1,False,False,0,0,False,209,0,0,0,0,0,0,0,0,0,0,0,0,0,0,0,1,
23414312,868,2026-02-23 14:00:00Z,LLM_Empathetic,6.917459,7.219991,6.614927,0.636001,0,1.615551,0,0,0,0,0,0,5.482144,4.345769,6.618528,0.592854,0.702737,0.482971,7.390789,6.2267,8.554877,0.6018789,0,2.124279,7.178904,6.09452,8.263288,9.820269,10,9.467627,6.917459,7.219991,6.614927,0.636001,0,1.615551,0,0,0,0,0,0,5.482144,4.345769,6.618528,0.592854,0.702737,0.482971,7.390789,6.2267,8.554877,0.6018789,0,2.124279,7.178904,6.09452,8.263288,9.820269,10,9.467627,-1,-1,-1,-1,-1,-1,-1,-1,-1,-1,-1,-1,-1,-1,-1,-1,-1,-1,-1,-1,-1,-1,-1,-1,-1,-1,-1,-1,-1,-1,-1,-1,-1,-1,-1,-1,-1,-1,-1,-1,-1,-1,-1,-1,-1,-1,-1,-1,-1,-1,0,0,0,0,0,0,-1,-1,-1,-1,-1,-1,-1,-1,-1,-1,-1,-1,0,0,0,0,0,0,-1,-1,-1,-1,-1,-1,-1,-1,-1,-1,-1,-1,-1,-1,False,False,0,0,False,209,0,0,0,0,0,0,0,0,0,0,0,0,0,0,0,1,
23414312,869,2026-02-23 14:00:00Z,LLM_Empathetic,6.917477,7.219995,6.614958,0.6359712,0,1.615535,0,0,0,0,0,0,5.482166,4.345777,6.618566,0.592854,0.702737,0.482971,7.390799,6.226695,8.554903,0.6018599,0,2.12426,7.178935,6.094537,8.263333,9.820332,10,9.467705,6.917477,7.219995,6.614958,0.6359712,0,1.615535,0,0,0,0,0,0,5.482166,4.345777,6.618566,0.592854,0.702737,0.482971,7.390799,6.226695,8.554903,0.6018599,0,2.12426,7.178935,6.094537,8.263333,9.820332,10,9.467705,-1,-1,-1,-1,-1,-1,-1,-1,-1,-1,-1,-1,-1,-1,-1,-1,-1,-1,-1,-1,-1,-1,-1,-1,-1,-1,-1,-1,-1,-1,-1,-1,-1,-1,-1,-1,-1,-1,-1,-1,-1,-1,-1,-1,-1,-1,-1,-1,-1,-1,0,0,0,0,0,0,-1,-1,-1,-1,-1,-1,-1,-1,-1,-1,-1,-1,0,0,0,0,0,0,-1,-1,-1,-1,-1,-1,-1,-1,-1,-1,-1,-1,-1,-1,False,False,0,0,False,209,0,0,0,0,0,0,0,0,0,0,0,0,0,0,0,1,
23414312,870,2026-02-23 14:00:00Z,LLM_Empathetic,6.917494,7.219998,6.61499,0.6359416,0,1.615519,0,0,0,0,0,0,5.482189,4.345785,6.618603,0.592854,0.702737,0.482971,7.390809,6.226689,8.554929,0.6018409,0,2.124241,7.178966,6.094554,8.263379,9.820394,10,9.467783,6.917494,7.219998,6.61499,0.6359416,0,1.615519,0,0,0,0,0,0,5.482189,4.345785,6.618603,0.592854,0.702737,0.482971,7.390809,6.226689,8.554929,0.6018409,0,2.124241,7.178966,6.094554,8.263379,9.820394,10,9.467783,-1,-1,-1,-1,-1,-1,-1,-1,-1,-1,-1,-1,-1,-1,-1,-1,-1,-1,-1,-1,-1,-1,-1,-1,-1,-1,-1,-1,-1,-1,-1,-1,-1,-1,-1,-1,-1,-1,-1,-1,-1,-1,-1,-1,-1,-1,-1,-1,-1,-1,0,0,0,0,0,0,-1,-1,-1,-1,-1,-1,-1,-1,-1,-1,-1,-1,0,0,0,0,0,0,-1,-1,-1,-1,-1,-1,-1,-1,-1,-1,-1,-1,-1,-1,False,False,0,0,False,209,0,0,0,0,0,0,0,0,0,0,0,0,0,0,0,1,
23414312,871,2026-02-23 14:00:00Z,LLM_Empathetic,6.917511,7.220001,6.615022,0.6359119,0,1.615502,0,0,0,0,0,0,5.482211,4.345792,6.61864,0.592854,0.702737,0.482971,7.390819,6.226684,8.554955,0.6018219,0,2.124222,7.178997,6.094571,8.263425,9.820456,10,9.467861,6.917511,7.220001,6.615022,0.6359119,0,1.615502,0,0,0,0,0,0,5.482211,4.345792,6.61864,0.592854,0.702737,0.482971,7.390819,6.226684,8.554955,0.6018219,0,2.124222,7.178997,6.094571,8.263425,9.820456,10,9.467861,-1,-1,-1,-1,-1,-1,-1,-1,-1,-1,-1,-1,-1,-1,-1,-1,-1,-1,-1,-1,-1,-1,-1,-1,-1,-1,-1,-1,-1,-1,-1,-1,-1,-1,-1,-1,-1,-1,-1,-1,-1,-1,-1,-1,-1,-1,-1,-1,-1,-1,0,0,0,0,0,0,-1,-1,-1,-1,-1,-1,-1,-1,-1,-1,-1,-1,0,0,0,0,0,0,-1,-1,-1,-1,-1,-1,-1,-1,-1,-1,-1,-1,-1,-1,False,False,0,0,False,207,0,0,0,0,0,0,0,0,0,0,0,0,0,0,0,1,
23414312,872,2026-02-23 14:00:00Z,LLM_Empathetic,6.917529,7.220004,6.615054,0.6358824,0,1.615486,0,0,0,0,0,0,5.482234,4.345799,6.618678,0.592854,0.702737,0.482971,7.39083,6.226679,8.55498,0.6018029,0,2.124203,7.179028,6.094587,8.26347,9.820518,10,9.467939,6.917529,7.220004,6.615054,0.6358824,0,1.615486,0,0,0,0,0,0,5.482234,4.345799,6.618678,0.592854,0.702737,0.482971,7.39083,6.226679,8.55498,0.6018029,0,2.124203,7.179028,6.094587,8.26347,9.820518,10,9.467939,-1,-1,-1,-1,-1,-1,-1,-1,-1,-1,-1,-1,-1,-1,-1,-1,-1,-1,-1,-1,-1,-1,-1,-1,-1,-1,-1,-1,-1,-1,-1,-1,-1,-1,-1,-1,-1,-1,-1,-1,-1,-1,-1,-1,-1,-1,-1,-1,-1,-1,0,0,0,0,0,0,-1,-1,-1,-1,-1,-1,-1,-1,-1,-1,-1,-1,0,0,0,0,0,0,-1,-1,-1,-1,-1,-1,-1,-1,-1,-1,-1,-1,-1,-1,False,False,0,0,False,207,0,0,0,0,0,0,0,0,0,0,0,0,0,0,0,1,
23414312,873,2026-02-23 14:00:00Z,LLM_Empathetic,6.917546,7.220007,6.615085,0.6358528,0,1.61547,0,0,0,0,0,0,5.482256,4.345807,6.618715,0.592854,0.702737,0.482971,7.39084,6.226674,8.555006,0.6017841,0,2.124184,7.179059,6.094604,8.263515,9.82058,10,9.468017,6.917546,7.220007,6.615085,0.6358528,0,1.61547,0,0,0,0,0,0,5.482256,4.345807,6.618715,0.592854,0.702737,0.482971,7.39084,6.226674,8.555006,0.6017841,0,2.124184,7.179059,6.094604,8.263515,9.82058,10,9.468017,-1,-1,-1,-1,-1,-1,-1,-1,-1,-1,-1,-1,-1,-1,-1,-1,-1,-1,-1,-1,-1,-1,-1,-1,-1,-1,-1,-1,-1,-1,-1,-1,-1,-1,-1,-1,-1,-1,-1,-1,-1,-1,-1,-1,-1,-1,-1,-1,-1,-1,0,0,0,0,0,0,-1,-1,-1,-1,-1,-1,-1,-1,-1,-1,-1,-1,0,0,0,0,0,0,-1,-1,-1,-1,-1,-1,-1,-1,-1,-1,-1,-1,-1,-1,False,False,0,0,False,207,0,0,0,0,0,0,0,0,0,0,0,0,0,0,0,1,
23414312,874,2026-02-23 14:00:00Z,LLM_Empathetic,6.917563,7.22001,6.615117,0.6358234,0,1.615453,0,0,0,0,0,0,5.482278,4.345814,6.618752,0.592854,0.702737,0.482971,7.39085,6.226668,8.555032,0.6017652,0,2.124166,7.17909,6.094621,8.26356,9.820642,10,9.468094,6.917563,7.22001,6.615117,0.6358234,0,1.615453,0,0,0,0,0,0,5.482278,4.345814,6.618752,0.592854,0.702737,0.482971,7.39085,6.226668,8.555032,0.6017652,0,2.124166,7.17909,6.094621,8.26356,9.820642,10,9.468094,-1,-1,-1,-1,-1,-1,-1,-1,-1,-1,-1,-1,-1,-1,-1,-1,-1,-1,-1,-1,-1,-1,-1,-1,-1,-1,-1,-1,-1,-1,-1,-1,-1,-1,-1,-1,-1,-1,-1,-1,-1,-1,-1,-1,-1,-1,-1,-1,-1,-1,0,0,0,0,0,0,-1,-1,-1,-1,-1,-1,-1,-1,-1,-1,-1,-1,0,0,0,0,0,0,-1,-1,-1,-1,-1,-1,-1,-1,-1,-1,-1,-1,-1,-1,False,False,0,0,False,209,0,0,0,0,0,0,0,0,0,0,0,0,0,0,0,1,
23414312,875,2026-02-23 14:00:01Z,LLM_Empathetic,6.917581,7.220014,6.615148,0.635794,0,1.615437,0,0,0,0,0,0,5.4823,4.345821,6.61879,0.592854,0.702737,0.482971,7.39086,6.226663,8.555057,0.6017463,0,2.124147,7.179121,6.094638,8.263605,9.820704,10,9.468172,6.917581,7.220014,6.615148,0.635794,0,1.615437,0,0,0,0,0,0,5.4823,4.345821,6.61879,0.592854,0.702737,0.482971,7.39086,6.226663,8.555057,0.6017463,0,2.124147,7.179121,6.094638,8.263605,9.820704,10,9.468172,-1,-1,-1,-1,-1,-1,-1,-1,-1,-1,-1,-1,-1,-1,-1,-1,-1,-1,-1,-1,-1,-1,-1,-1,-1,-1,-1,-1,-1,-1,-1,-1,-1,-1,-1,-1,-1,-1,-1,-1,-1,-1,-1,-1,-1,-1,-1,-1,-1,-1,0,0,0,0,0,0,-1,-1,-1,-1,-1,-1,-1,-1,-1,-1,-1,-1,0,0,0,0,0,0,-1,-1,-1,-1,-1,-1,-1,-1,-1,-1,-1,-1,-1,-1,False,False,0,0,False,209,0,0,0,0,0,0,0,0,0,0,0,0,0,0,0,1,
23414312,876,2026-02-23 14:00:01Z,LLM_Empathetic,6.917598,7.220016,6.61518,0.6357646,0,1.615421,0,0,0,0,0,0,5.482323,4.345829,6.618827,0.592854,0.702737,0.482971,7.39087,6.226658,8.555082,0.6017275,0,2.124128,7.179152,6.094655,8.26365,9.820765,10,9.468249,6.917598,7.220016,6.61518,0.6357646,0,1.615421,0,0,0,0,0,0,5.482323,4.345829,6.618827,0.592854,0.702737,0.482971,7.39087,6.226658,8.555082,0.6017275,0,2.124128,7.179152,6.094655,8.26365,9.820765,10,9.468249,-1,-1,-1,-1,-1,-1,-1,-1,-1,-1,-1,-1,-1,-1,-1,-1,-1,-1,-1,-1,-1,-1,-1,-1,-1,-1,-1,-1,-1,-1,-1,-1,-1,-1,-1,-1,-1,-1,-1,-1,-1,-1,-1,-1,-1,-1,-1,-1,-1,-1,0,0,0,0,0,0,-1,-1,-1,-1,-1,-1,-1,-1,-1,-1,-1,-1,0,0,0,0,0,0,-1,-1,-1,-1,-1,-1,-1,-1,-1,-1,-1,-1,-1,-1,False,False,0,0,False,207,0,0,0,0,0,0,0,0,0,0,0,0,0,0,0,1,
23414312,877,2026-02-23 14:00:01Z,LLM_Empathetic,6.917615,7.22002,6.615211,0.6357353,0,1.615405,0,0,0,0,0,0,5.482345,4.345836,6.618864,0.592854,0.702737,0.482971,7.39088,6.226653,8.555108,0.6017088,0,2.124109,7.179183,6.094671,8.263695,9.820827,10,9.468327,6.917615,7.22002,6.615211,0.6357353,0,1.615405,0,0,0,0,0,0,5.482345,4.345836,6.618864,0.592854,0.702737,0.482971,7.39088,6.226653,8.555108,0.6017088,0,2.124109,7.179183,6.094671,8.263695,9.820827,10,9.468327,-1,-1,-1,-1,-1,-1,-1,-1,-1,-1,-1,-1,-1,-1,-1,-1,-1,-1,-1,-1,-1,-1,-1,-1,-1,-1,-1,-1,-1,-1,-1,-1,-1,-1,-1,-1,-1,-1,-1,-1,-1,-1,-1,-1,-1,-1,-1,-1,-1,-1,0,0,0,0,0,0,-1,-1,-1,-1,-1,-1,-1,-1,-1,-1,-1,-1,0,0,0,0,0,0,-1,-1,-1,-1,-1,-1,-1,-1,-1,-1,-1,-1,-1,-1,False,False,0,0,False,207,0,0,0,0,0,0,0,0,0,0,0,0,0,0,0,1,
23414312,878,2026-02-23 14:00:01Z,LLM_Empathetic,6.917633,7.220023,6.615242,0.6357061,0,1.615389,0,0,0,0,0,0,5.482367,4.345843,6.618901,0.592854,0.702737,0.482971,7.39089,6.226647,8.555133,0.6016901,0,2.12409,7.179214,6.094688,8.26374,9.820888,10,9.468403,6.917633,7.220023,6.615242,0.6357061,0,1.615389,0,0,0,0,0,0,5.482367,4.345843,6.618901,0.592854,0.702737,0.482971,7.39089,6.226647,8.555133,0.6016901,0,2.12409,7.179214,6.094688,8.26374,9.820888,10,9.468403,-1,-1,-1,-1,-1,-1,-1,-1,-1,-1,-1,-1,-1,-1,-1,-1,-1,-1,-1,-1,-1,-1,-1,-1,-1,-1,-1,-1,-1,-1,-1,-1,-1,-1,-1,-1,-1,-1,-1,-1,-1,-1,-1,-1,-1,-1,-1,-1,-1,-1,0,0,0,0,0,0,-1,-1,-1,-1,-1,-1,-1,-1,-1,-1,-1,-1,0,0,0,0,0,0,-1,-1,-1,-1,-1,-1,-1,-1,-1,-1,-1,-1,-1,-1,False,False,0,0,False,209,0,0,0,0,0,0,0,0,0,0,0,0,0,0,0,1,
23414312,879,2026-02-23 14:00:01Z,LLM_Empathetic,6.91765,7.220026,6.615273,0.6356769,0,1.615373,0,0,0,0,0,0,5.482389,4.34585,6.618937,0.592854,0.702737,0.482971,7.3909,6.226643,8.555159,0.6016713,0,2.124072,7.179244,6.094704,8.263784,9.820949,10,9.46848,6.91765,7.220026,6.615273,0.6356769,0,1.615373,0,0,0,0,0,0,5.482389,4.34585,6.618937,0.592854,0.702737,0.482971,7.3909,6.226643,8.555159,0.6016713,0,2.124072,7.179244,6.094704,8.263784,9.820949,10,9.46848,-1,-1,-1,-1,-1,-1,-1,-1,-1,-1,-1,-1,-1,-1,-1,-1,-1,-1,-1,-1,-1,-1,-1,-1,-1,-1,-1,-1,-1,-1,-1,-1,-1,-1,-1,-1,-1,-1,-1,-1,-1,-1,-1,-1,-1,-1,-1,-1,-1,-1,0,0,0,0,0,0,-1,-1,-1,-1,-1,-1,-1,-1,-1,-1,-1,-1,0,0,0,0,0,0,-1,-1,-1,-1,-1,-1,-1,-1,-1,-1,-1,-1,-1,-1,False,False,0,0,False,209,0,0,0,0,0,0,0,0,0,0,0,0,0,0,0,1,
23414312,880,2026-02-23 14:00:01Z,LLM_Empathetic,6.917667,7.220029,6.615304,0.6356478,0,1.615357,0,0,0,0,0,0,5.482411,4.345858,6.618974,0.592854,0.702737,0.482971,7.39091,6.226637,8.555183,0.6016527,0,2.124053,7.179275,6.094721,8.263829,9.82101,10,9.468556,6.917667,7.220029,6.615304,0.6356478,0,1.615357,0,0,0,0,0,0,5.482411,4.345858,6.618974,0.592854,0.702737,0.482971,7.39091,6.226637,8.555183,0.6016527,0,2.124053,7.179275,6.094721,8.263829,9.82101,10,9.468556,-1,-1,-1,-1,-1,-1,-1,-1,-1,-1,-1,-1,-1,-1,-1,-1,-1,-1,-1,-1,-1,-1,-1,-1,-1,-1,-1,-1,-1,-1,-1,-1,-1,-1,-1,-1,-1,-1,-1,-1,-1,-1,-1,-1,-1,-1,-1,-1,-1,-1,0,0,0,0,0,0,-1,-1,-1,-1,-1,-1,-1,-1,-1,-1,-1,-1,0,0,0,0,0,0,-1,-1,-1,-1,-1,-1,-1,-1,-1,-1,-1,-1,-1,-1,False,False,0,0,False,207,0,0,0,0,0,0,0,0,0,0,0,0,0,0,0,1,
23414312,881,2026-02-23 14:00:01Z,LLM_Empathetic,6.917684,7.220032,6.615336,0.6356187,0,1.61534,0,0,0,0,0,0,5.482433,4.345865,6.619011,0.592854,0.702737,0.482971,7.39092,6.226632,8.555209,0.6016341,0,2.124034,7.179305,6.094738,8.263874,9.821071,10,9.468634,6.917684,7.220032,6.615336,0.6356187,0,1.61534,0,0,0,0,0,0,5.482433,4.345865,6.619011,0.592854,0.702737,0.482971,7.39092,6.226632,8.555209,0.6016341,0,2.124034,7.179305,6.094738,8.263874,9.821071,10,9.468634,-1,-1,-1,-1,-1,-1,-1,-1,-1,-1,-1,-1,-1,-1,-1,-1,-1,-1,-1,-1,-1,-1,-1,-1,-1,-1,-1,-1,-1,-1,-1,-1,-1,-1,-1,-1,-1,-1,-1,-1,-1,-1,-1,-1,-1,-1,-1,-1,-1,-1,0,0,0,0,0,0,-1,-1,-1,-1,-1,-1,-1,-1,-1,-1,-1,-1,0,0,0,0,0,0,-1,-1,-1,-1,-1,-1,-1,-1,-1,-1,-1,-1,-1,-1,False,False,0,0,False,209,0,0,0,0,0,0,0,0,0,0,0,0,0,0,0,1,
23414312,882,2026-02-23 14:00:01Z,LLM_Empathetic,6.917701,7.220035,6.615367,0.6355897,0,1.615324,0,0,0,0,0,0,5.482455,4.345872,6.619048,0.592854,0.702737,0.482971,7.39093,6.226627,8.555234,0.6016155,0,2.124016,7.179336,6.094754,8.263918,9.821132,10,9.46871,6.917701,7.220035,6.615367,0.6355897,0,1.615324,0,0,0,0,0,0,5.482455,4.345872,6.619048,0.592854,0.702737,0.482971,7.39093,6.226627,8.555234,0.6016155,0,2.124016,7.179336,6.094754,8.263918,9.821132,10,9.46871,-1,-1,-1,-1,-1,-1,-1,-1,-1,-1,-1,-1,-1,-1,-1,-1,-1,-1,-1,-1,-1,-1,-1,-1,-1,-1,-1,-1,-1,-1,-1,-1,-1,-1,-1,-1,-1,-1,-1,-1,-1,-1,-1,-1,-1,-1,-1,-1,-1,-1,0,0,0,0,0,0,-1,-1,-1,-1,-1,-1,-1,-1,-1,-1,-1,-1,0,0,0,0,0,0,-1,-1,-1,-1,-1,-1,-1,-1,-1,-1,-1,-1,-1,-1,False,False,0,0,False,209,0,0,0,0,0,0,0,0,0,0,0,0,0,0,0,1,
23414312,883,2026-02-23 14:00:01Z,LLM_Empathetic,6.917718,7.220038,6.615398,0.6355608,0,1.615309,0,0,0,0,0,0,5.482477,4.34588,6.619084,0.592854,0.702737,0.482971,7.39094,6.226622,8.55526,0.601597,0,2.123997,7.179366,6.09477,8.263963,9.821193,10,9.468786,6.917718,7.220038,6.615398,0.6355608,0,1.615309,0,0,0,0,0,0,5.482477,4.34588,6.619084,0.592854,0.702737,0.482971,7.39094,6.226622,8.55526,0.601597,0,2.123997,7.179366,6.09477,8.263963,9.821193,10,9.468786,-1,-1,-1,-1,-1,-1,-1,-1,-1,-1,-1,-1,-1,-1,-1,-1,-1,-1,-1,-1,-1,-1,-1,-1,-1,-1,-1,-1,-1,-1,-1,-1,-1,-1,-1,-1,-1,-1,-1,-1,-1,-1,-1,-1,-1,-1,-1,-1,-1,-1,0,0,0,0,0,0,-1,-1,-1,-1,-1,-1,-1,-1,-1,-1,-1,-1,0,0,0,0,0,0,-1,-1,-1,-1,-1,-1,-1,-1,-1,-1,-1,-1,-1,-1,False,False,0,0,False,207,0,0,0,0,0,0,0,0,0,0,0,0,0,0,0,1,
23414312,884,2026-02-23 14:00:01Z,LLM_Empathetic,6.917735,7.220041,6.615429,0.6355318,0,1.615293,0,0,0,0,0,0,5.482499,4.345887,6.619121,0.592854,0.702737,0.482971,7.39095,6.226617,8.555285,0.6015785,0,2.123979,7.179397,6.094787,8.264007,9.821254,10,9.468863,6.917735,7.220041,6.615429,0.6355318,0,1.615293,0,0,0,0,0,0,5.482499,4.345887,6.619121,0.592854,0.702737,0.482971,7.39095,6.226617,8.555285,0.6015785,0,2.123979,7.179397,6.094787,8.264007,9.821254,10,9.468863,-1,-1,-1,-1,-1,-1,-1,-1,-1,-1,-1,-1,-1,-1,-1,-1,-1,-1,-1,-1,-1,-1,-1,-1,-1,-1,-1,-1,-1,-1,-1,-1,-1,-1,-1,-1,-1,-1,-1,-1,-1,-1,-1,-1,-1,-1,-1,-1,-1,-1,0,0,0,0,0,0,-1,-1,-1,-1,-1,-1,-1,-1,-1,-1,-1,-1,0,0,0,0,0,0,-1,-1,-1,-1,-1,-1,-1,-1,-1,-1,-1,-1,-1,-1,False,False,0,0,False,209,0,0,0,0,0,0,0,0,0,0,0,0,0,0,0,1,
23414312,885,2026-02-23 14:00:01Z,LLM_Empathetic,6.917752,7.220045,6.615459,0.635503,0,1.615277,0,0,0,0,0,0,5.482521,4.345894,6.619157,0.592854,0.702737,0.482971,7.39096,6.226612,8.555309,0.60156,0,2.12396,7.179427,6.094803,8.264051,9.821314,10,9.468938,6.917752,7.220045,6.615459,0.635503,0,1.615277,0,0,0,0,0,0,5.482521,4.345894,6.619157,0.592854,0.702737,0.482971,7.39096,6.226612,8.555309,0.60156,0,2.12396,7.179427,6.094803,8.264051,9.821314,10,9.468938,-1,-1,-1,-1,-1,-1,-1,-1,-1,-1,-1,-1,-1,-1,-1,-1,-1,-1,-1,-1,-1,-1,-1,-1,-1,-1,-1,-1,-1,-1,-1,-1,-1,-1,-1,-1,-1,-1,-1,-1,-1,-1,-1,-1,-1,-1,-1,-1,-1,-1,0,0,0,0,0,0,-1,-1,-1,-1,-1,-1,-1,-1,-1,-1,-1,-1,0,0,0,0,0,0,-1,-1,-1,-1,-1,-1,-1,-1,-1,-1,-1,-1,-1,-1,False,False,0,0,False,209,0,0,0,0,0,0,0,0,0,0,0,0,0,0,0,1,
23414312,886,2026-02-23 14:00:01Z,LLM_Empathetic,6.917769,7.220047,6.61549,0.6354742,0,1.615261,0,0,0,0,0,0,5.482543,4.345901,6.619194,0.592854,0.702737,0.482971,7.39097,6.226606,8.555334,0.6015415,0,2.123942,7.179457,6.09482,8.264095,9.821374,10,9.469014,6.917769,7.220047,6.61549,0.6354742,0,1.615261,0,0,0,0,0,0,5.482543,4.345901,6.619194,0.592854,0.702737,0.482971,7.39097,6.226606,8.555334,0.6015415,0,2.123942,7.179457,6.09482,8.264095,9.821374,10,9.469014,-1,-1,-1,-1,-1,-1,-1,-1,-1,-1,-1,-1,-1,-1,-1,-1,-1,-1,-1,-1,-1,-1,-1,-1,-1,-1,-1,-1,-1,-1,-1,-1,-1,-1,-1,-1,-1,-1,-1,-1,-1,-1,-1,-1,-1,-1,-1,-1,-1,-1,0,0,0,0,0,0,-1,-1,-1,-1,-1,-1,-1,-1,-1,-1,-1,-1,0,0,0,0,0,0,-1,-1,-1,-1,-1,-1,-1,-1,-1,-1,-1,-1,-1,-1,False,False,0,0,False,207,0,0,0,0,0,0,0,0,0,0,0,0,0,0,0,1,
23414312,887,2026-02-23 14:00:01Z,LLM_Empathetic,6.917786,7.220051,6.615521,0.6354454,0,1.615245,0,0,0,0,0,0,5.482564,4.345909,6.61923,0.592854,0.702737,0.482971,7.39098,6.226601,8.555359,0.6015232,0,2.123924,7.179487,6.094836,8.264139,9.821435,10,9.46909,6.917786,7.220051,6.615521,0.6354454,0,1.615245,0,0,0,0,0,0,5.482564,4.345909,6.61923,0.592854,0.702737,0.482971,7.39098,6.226601,8.555359,0.6015232,0,2.123924,7.179487,6.094836,8.264139,9.821435,10,9.46909,-1,-1,-1,-1,-1,-1,-1,-1,-1,-1,-1,-1,-1,-1,-1,-1,-1,-1,-1,-1,-1,-1,-1,-1,-1,-1,-1,-1,-1,-1,-1,-1,-1,-1,-1,-1,-1,-1,-1,-1,-1,-1,-1,-1,-1,-1,-1,-1,-1,-1,0,0,0,0,0,0,-1,-1,-1,-1,-1,-1,-1,-1,-1,-1,-1,-1,0,0,0,0,0,0,-1,-1,-1,-1,-1,-1,-1,-1,-1,-1,-1,-1,-1,-1,False,False,0,0,False,207,0,0,0,0,0,0,0,0,0,0,0,0,0,0,0,1,
23414312,888,2026-02-23 14:00:01Z,LLM_Empathetic,6.917803,7.220054,6.615552,0.6354167,0,1.615229,0,0,0,0,0,0,5.482586,4.345916,6.619266,0.592854,0.702737,0.482971,7.39099,6.226596,8.555385,0.6015047,0,2.123905,7.179517,6.094852,8.264183,9.821495,10,9.469166,6.917803,7.220054,6.615552,0.6354167,0,1.615229,0,0,0,0,0,0,5.482586,4.345916,6.619266,0.592854,0.702737,0.482971,7.39099,6.226596,8.555385,0.6015047,0,2.123905,7.179517,6.094852,8.264183,9.821495,10,9.469166,-1,-1,-1,-1,-1,-1,-1,-1,-1,-1,-1,-1,-1,-1,-1,-1,-1,-1,-1,-1,-1,-1,-1,-1,-1,-1,-1,-1,-1,-1,-1,-1,-1,-1,-1,-1,-1,-1,-1,-1,-1,-1,-1,-1,-1,-1,-1,-1,-1,-1,0,0,0,0,0,0,-1,-1,-1,-1,-1,-1,-1,-1,-1,-1,-1,-1,0,0,0,0,0,0,-1,-1,-1,-1,-1,-1,-1,-1,-1,-1,-1,-1,-1,-1,False,False,0,0,False,209,0,0,0,0,0,0,0,0,0,0,0,0,0,0,0,1,
23414312,889,2026-02-23 14:00:01Z,LLM_Empathetic,6.917819,7.220057,6.615582,0.6353881,0,1.615213,0,0,0,0,0,0,5.482607,4.345923,6.619302,0.592854,0.702737,0.482971,7.391,6.226591,8.555409,0.6014864,0,2.123887,7.179547,6.094869,8.264227,9.821555,10,9.469241,6.917819,7.220057,6.615582,0.6353881,0,1.615213,0,0,0,0,0,0,5.482607,4.345923,6.619302,0.592854,0.702737,0.482971,7.391,6.226591,8.555409,0.6014864,0,2.123887,7.179547,6.094869,8.264227,9.821555,10,9.469241,-1,-1,-1,-1,-1,-1,-1,-1,-1,-1,-1,-1,-1,-1,-1,-1,-1,-1,-1,-1,-1,-1,-1,-1,-1,-1,-1,-1,-1,-1,-1,-1,-1,-1,-1,-1,-1,-1,-1,-1,-1,-1,-1,-1,-1,-1,-1,-1,-1,-1,0,0,0,0,0,0,-1,-1,-1,-1,-1,-1,-1,-1,-1,-1,-1,-1,0,0,0,0,0,0,-1,-1,-1,-1,-1,-1,-1,-1,-1,-1,-1,-1,-1,-1,False,False,0,0,False,207,0,0,0,0,0,0,0,0,0,0,0,0,0,0,0,1,
23414312,890,2026-02-23 14:00:01Z,LLM_Empathetic,6.917837,7.22006,6.615613,0.6353595,0,1.615198,0,0,0,0,0,0,5.482629,4.34593,6.619339,0.592854,0.702737,0.482971,7.39101,6.226586,8.555434,0.6014681,0,2.123868,7.179577,6.094885,8.264271,9.821615,10,9.469316,6.917837,7.22006,6.615613,0.6353595,0,1.615198,0,0,0,0,0,0,5.482629,4.34593,6.619339,0.592854,0.702737,0.482971,7.39101,6.226586,8.555434,0.6014681,0,2.123868,7.179577,6.094885,8.264271,9.821615,10,9.469316,-1,-1,-1,-1,-1,-1,-1,-1,-1,-1,-1,-1,-1,-1,-1,-1,-1,-1,-1,-1,-1,-1,-1,-1,-1,-1,-1,-1,-1,-1,-1,-1,-1,-1,-1,-1,-1,-1,-1,-1,-1,-1,-1,-1,-1,-1,-1,-1,-1,-1,0,0,0,0,0,0,-1,-1,-1,-1,-1,-1,-1,-1,-1,-1,-1,-1,0,0,0,0,0,0,-1,-1,-1,-1,-1,-1,-1,-1,-1,-1,-1,-1,-1,-1,False,False,0,0,False,209,0,0,0,0,0,0,0,0,0,0,0,0,0,0,0,1,
23414312,891,2026-02-23 14:00:01Z,LLM_Empathetic,6.917853,7.220063,6.615644,0.635331,0,1.615182,0,0,0,0,0,0,5.482651,4.345937,6.619374,0.592854,0.702737,0.482971,7.39102,6.226581,8.555459,0.6014498,0,2.12385,7.179607,6.094901,8.264315,9.821675,10,9.469391,6.917853,7.220063,6.615644,0.635331,0,1.615182,0,0,0,0,0,0,5.482651,4.345937,6.619374,0.592854,0.702737,0.482971,7.39102,6.226581,8.555459,0.6014498,0,2.12385,7.179607,6.094901,8.264315,9.821675,10,9.469391,-1,-1,-1,-1,-1,-1,-1,-1,-1,-1,-1,-1,-1,-1,-1,-1,-1,-1,-1,-1,-1,-1,-1,-1,-1,-1,-1,-1,-1,-1,-1,-1,-1,-1,-1,-1,-1,-1,-1,-1,-1,-1,-1,-1,-1,-1,-1,-1,-1,-1,0,0,0,0,0,0,-1,-1,-1,-1,-1,-1,-1,-1,-1,-1,-1,-1,0,0,0,0,0,0,-1,-1,-1,-1,-1,-1,-1,-1,-1,-1,-1,-1,-1,-1,False,False,0,0,False,209,0,0,0,0,0,0,0,0,0,0,0,0,0,0,0,1,
23414312,892,2026-02-23 14:00:01Z,LLM_Empathetic,6.91787,7.220066,6.615674,0.6353025,0,1.615166,0,0,0,0,0,0,5.482672,4.345944,6.619411,0.592854,0.702737,0.482971,7.391029,6.226576,8.555484,0.6014316,0,2.123832,7.179637,6.094917,8.264359,9.821734,10,9.469466,6.91787,7.220066,6.615674,0.6353025,0,1.615166,0,0,0,0,0,0,5.482672,4.345944,6.619411,0.592854,0.702737,0.482971,7.391029,6.226576,8.555484,0.6014316,0,2.123832,7.179637,6.094917,8.264359,9.821734,10,9.469466,-1,-1,-1,-1,-1,-1,-1,-1,-1,-1,-1,-1,-1,-1,-1,-1,-1,-1,-1,-1,-1,-1,-1,-1,-1,-1,-1,-1,-1,-1,-1,-1,-1,-1,-1,-1,-1,-1,-1,-1,-1,-1,-1,-1,-1,-1,-1,-1,-1,-1,0,0,0,0,0,0,-1,-1,-1,-1,-1,-1,-1,-1,-1,-1,-1,-1,0,0,0,0,0,0,-1,-1,-1,-1,-1,-1,-1,-1,-1,-1,-1,-1,-1,-1,False,False,0,0,False,207,0,0,0,0,0,0,0,0,0,0,0,0,0,0,0,1,
23414312,893,2026-02-23 14:00:01Z,LLM_Empathetic,6.917887,7.220069,6.615705,0.6352741,0,1.61515,0,0,0,0,0,0,5.482694,4.345952,6.619446,0.592854,0.702737,0.482971,7.391039,6.226571,8.555508,0.6014134,0,2.123814,7.179667,6.094934,8.264402,9.821795,10,9.469541,6.917887,7.220069,6.615705,0.6352741,0,1.61515,0,0,0,0,0,0,5.482694,4.345952,6.619446,0.592854,0.702737,0.482971,7.391039,6.226571,8.555508,0.6014134,0,2.123814,7.179667,6.094934,8.264402,9.821795,10,9.469541,-1,-1,-1,-1,-1,-1,-1,-1,-1,-1,-1,-1,-1,-1,-1,-1,-1,-1,-1,-1,-1,-1,-1,-1,-1,-1,-1,-1,-1,-1,-1,-1,-1,-1,-1,-1,-1,-1,-1,-1,-1,-1,-1,-1,-1,-1,-1,-1,-1,-1,0,0,0,0,0,0,-1,-1,-1,-1,-1,-1,-1,-1,-1,-1,-1,-1,0,0,0,0,0,0,-1,-1,-1,-1,-1,-1,-1,-1,-1,-1,-1,-1,-1,-1,False,False,0,0,False,209,0,0,0,0,0,0,0,0,0,0,0,0,0,0,0,1,
23414312,894,2026-02-23 14:00:01Z,LLM_Empathetic,6.917903,7.220072,6.615735,0.6352457,0,1.615135,0,0,0,0,0,0,5.482715,4.345959,6.619482,0.592854,0.702737,0.482971,7.391049,6.226566,8.555532,0.6013952,0,2.123796,7.179697,6.09495,8.264445,9.821854,10,9.469616,6.917903,7.220072,6.615735,0.6352457,0,1.615135,0,0,0,0,0,0,5.482715,4.345959,6.619482,0.592854,0.702737,0.482971,7.391049,6.226566,8.555532,0.6013952,0,2.123796,7.179697,6.09495,8.264445,9.821854,10,9.469616,-1,-1,-1,-1,-1,-1,-1,-1,-1,-1,-1,-1,-1,-1,-1,-1,-1,-1,-1,-1,-1,-1,-1,-1,-1,-1,-1,-1,-1,-1,-1,-1,-1,-1,-1,-1,-1,-1,-1,-1,-1,-1,-1,-1,-1,-1,-1,-1,-1,-1,0,0,0,0,0,0,-1,-1,-1,-1,-1,-1,-1,-1,-1,-1,-1,-1,0,0,0,0,0,0,-1,-1,-1,-1,-1,-1,-1,-1,-1,-1,-1,-1,-1,-1,False,False,0,0,False,209,0,0,0,0,0,0,0,0,0,0,0,0,0,0,0,1,
23414312,895,2026-02-23 14:00:01Z,LLM_Empathetic,6.91792,7.220075,6.615765,0.6352174,0,1.615119,0,0,0,0,0,0,5.482737,4.345966,6.619518,0.592854,0.702737,0.482971,7.391059,6.226561,8.555557,0.6013771,0,2.123777,7.179727,6.094965,8.264489,9.821913,10,9.46969,6.91792,7.220075,6.615765,0.6352174,0,1.615119,0,0,0,0,0,0,5.482737,4.345966,6.619518,0.592854,0.702737,0.482971,7.391059,6.226561,8.555557,0.6013771,0,2.123777,7.179727,6.094965,8.264489,9.821913,10,9.46969,-1,-1,-1,-1,-1,-1,-1,-1,-1,-1,-1,-1,-1,-1,-1,-1,-1,-1,-1,-1,-1,-1,-1,-1,-1,-1,-1,-1,-1,-1,-1,-1,-1,-1,-1,-1,-1,-1,-1,-1,-1,-1,-1,-1,-1,-1,-1,-1,-1,-1,0,0,0,0,0,0,-1,-1,-1,-1,-1,-1,-1,-1,-1,-1,-1,-1,0,0,0,0,0,0,-1,-1,-1,-1,-1,-1,-1,-1,-1,-1,-1,-1,-1,-1,False,False,0,0,False,209,0,0,0,0,0,0,0,0,0,0,0,0,0,0,0,1,
23414312,896,2026-02-23 14:00:01Z,LLM_Empathetic,6.917937,7.220078,6.615796,0.6351892,0,1.615104,0,0,0,0,0,0,5.482758,4.345973,6.619554,0.592854,0.702737,0.482971,7.391068,6.226556,8.555582,0.601359,0,2.12376,7.179757,6.094982,8.264532,9.821973,10,9.469765,6.917937,7.220078,6.615796,0.6351892,0,1.615104,0,0,0,0,0,0,5.482758,4.345973,6.619554,0.592854,0.702737,0.482971,7.391068,6.226556,8.555582,0.601359,0,2.12376,7.179757,6.094982,8.264532,9.821973,10,9.469765,-1,-1,-1,-1,-1,-1,-1,-1,-1,-1,-1,-1,-1,-1,-1,-1,-1,-1,-1,-1,-1,-1,-1,-1,-1,-1,-1,-1,-1,-1,-1,-1,-1,-1,-1,-1,-1,-1,-1,-1,-1,-1,-1,-1,-1,-1,-1,-1,-1,-1,0,0,0,0,0,0,-1,-1,-1,-1,-1,-1,-1,-1,-1,-1,-1,-1,0,0,0,0,0,0,-1,-1,-1,-1,-1,-1,-1,-1,-1,-1,-1,-1,-1,-1,False,False,0,0,False,209,0,0,0,0,0,0,0,0,0,0,0,0,0,0,0,1,
23414312,897,2026-02-23 14:00:01Z,LLM_Empathetic,6.917953,7.220081,6.615826,0.635161,0,1.615088,0,0,0,0,0,0,5.48278,4.34598,6.619589,0.592854,0.702737,0.482971,7.391078,6.226551,8.555606,0.6013409,0,2.123741,7.179786,6.094998,8.264575,9.822032,10,9.469839,6.917953,7.220081,6.615826,0.635161,0,1.615088,0,0,0,0,0,0,5.48278,4.34598,6.619589,0.592854,0.702737,0.482971,7.391078,6.226551,8.555606,0.6013409,0,2.123741,7.179786,6.094998,8.264575,9.822032,10,9.469839,-1,-1,-1,-1,-1,-1,-1,-1,-1,-1,-1,-1,-1,-1,-1,-1,-1,-1,-1,-1,-1,-1,-1,-1,-1,-1,-1,-1,-1,-1,-1,-1,-1,-1,-1,-1,-1,-1,-1,-1,-1,-1,-1,-1,-1,-1,-1,-1,-1,-1,0,0,0,0,0,0,-1,-1,-1,-1,-1,-1,-1,-1,-1,-1,-1,-1,0,0,0,0,0,0,-1,-1,-1,-1,-1,-1,-1,-1,-1,-1,-1,-1,-1,-1,False,False,0,0,False,209,0,0,0,0,0,0,0,0,0,0,0,0,0,0,0,1,
23414312,898,2026-02-23 14:00:01Z,LLM_Empathetic,6.91797,7.220084,6.615856,0.6351328,0,1.615072,0,0,0,0,0,0,5.4828,4.345987,6.619625,0.592854,0.702737,0.482971,7.391088,6.226546,8.555631,0.6013229,0,2.123723,7.179816,6.095014,8.264619,9.822091,10,9.469913,6.91797,7.220084,6.615856,0.6351328,0,1.615072,0,0,0,0,0,0,5.4828,4.345987,6.619625,0.592854,0.702737,0.482971,7.391088,6.226546,8.555631,0.6013229,0,2.123723,7.179816,6.095014,8.264619,9.822091,10,9.469913,-1,-1,-1,-1,-1,-1,-1,-1,-1,-1,-1,-1,-1,-1,-1,-1,-1,-1,-1,-1,-1,-1,-1,-1,-1,-1,-1,-1,-1,-1,-1,-1,-1,-1,-1,-1,-1,-1,-1,-1,-1,-1,-1,-1,-1,-1,-1,-1,-1,-1,0,0,0,0,0,0,-1,-1,-1,-1,-1,-1,-1,-1,-1,-1,-1,-1,0,0,0,0,0,0,-1,-1,-1,-1,-1,-1,-1,-1,-1,-1,-1,-1,-1,-1,False,False,0,0,False,207,0,0,0,0,0,0,0,0,0,0,0,0,0,0,0,1,
23414312,899,2026-02-23 14:00:01Z,LLM_Empathetic,6.917986,7.220087,6.615886,0.6351047,0,1.615057,0,0,0,0,0,0,5.482822,4.345994,6.61966,0.592854,0.702737,0.482971,7.391098,6.226541,8.555655,0.6013049,0,2.123705,7.179845,6.09503,8.264662,9.82215,10,9.469987,6.917986,7.220087,6.615886,0.6351047,0,1.615057,0,0,0,0,0,0,5.482822,4.345994,6.61966,0.592854,0.702737,0.482971,7.391098,6.226541,8.555655,0.6013049,0,2.123705,7.179845,6.09503,8.264662,9.82215,10,9.469987,-1,-1,-1,-1,-1,-1,-1,-1,-1,-1,-1,-1,-1,-1,-1,-1,-1,-1,-1,-1,-1,-1,-1,-1,-1,-1,-1,-1,-1,-1,-1,-1,-1,-1,-1,-1,-1,-1,-1,-1,-1,-1,-1,-1,-1,-1,-1,-1,-1,-1,0,0,0,0,0,0,-1,-1,-1,-1,-1,-1,-1,-1,-1,-1,-1,-1,0,0,0,0,0,0,-1,-1,-1,-1,-1,-1,-1,-1,-1,-1,-1,-1,-1,-1,False,False,0,0,False,209,0,0,0,0,0,0,0,0,0,0,0,0,0,0,0,1,
23414312,900,2026-02-23 14:00:01Z,LLM_Empathetic,6.918003,7.22009,6.615916,0.6350766,0,1.615042,0,0,0,0,0,0,5.482843,4.346001,6.619696,0.592854,0.702737,0.482971,7.391108,6.226536,8.555679,0.601287,0,2.123687,7.179875,6.095046,8.264705,9.822208,10,9.470061,6.918003,7.22009,6.615916,0.6350766,0,1.615042,0,0,0,0,0,0,5.482843,4.346001,6.619696,0.592854,0.702737,0.482971,7.391108,6.226536,8.555679,0.601287,0,2.123687,7.179875,6.095046,8.264705,9.822208,10,9.470061,-1,-1,-1,-1,-1,-1,-1,-1,-1,-1,-1,-1,-1,-1,-1,-1,-1,-1,-1,-1,-1,-1,-1,-1,-1,-1,-1,-1,-1,-1,-1,-1,-1,-1,-1,-1,-1,-1,-1,-1,-1,-1,-1,-1,-1,-1,-1,-1,-1,-1,0,0,0,0,0,0,-1,-1,-1,-1,-1,-1,-1,-1,-1,-1,-1,-1,0,0,0,0,0,0,-1,-1,-1,-1,-1,-1,-1,-1,-1,-1,-1,-1,-1,-1,False,False,0,0,False,207,0,0,0,0,0,0,0,0,0,0,0,0,0,0,0,1,
23414312,901,2026-02-23 14:00:01Z,LLM_Empathetic,6.918019,7.220093,6.615946,0.6350487,0,1.615026,0,0,0,0,0,0,5.482864,4.346008,6.619731,0.592854,0.702737,0.482971,7.391117,6.226531,8.555704,0.6012691,0,2.123669,7.179904,6.095062,8.264748,9.822268,10,9.470135,6.918019,7.220093,6.615946,0.6350487,0,1.615026,0,0,0,0,0,0,5.482864,4.346008,6.619731,0.592854,0.702737,0.482971,7.391117,6.226531,8.555704,0.6012691,0,2.123669,7.179904,6.095062,8.264748,9.822268,10,9.470135,-1,-1,-1,-1,-1,-1,-1,-1,-1,-1,-1,-1,-1,-1,-1,-1,-1,-1,-1,-1,-1,-1,-1,-1,-1,-1,-1,-1,-1,-1,-1,-1,-1,-1,-1,-1,-1,-1,-1,-1,-1,-1,-1,-1,-1,-1,-1,-1,-1,-1,0,0,0,0,0,0,-1,-1,-1,-1,-1,-1,-1,-1,-1,-1,-1,-1,0,0,0,0,0,0,-1,-1,-1,-1,-1,-1,-1,-1,-1,-1,-1,-1,-1,-1,False,False,0,0,False,207,0,0,0,0,0,0,0,0,0,0,0,0,0,0,0,1,
23414312,902,2026-02-23 14:00:01Z,LLM_Empathetic,6.918036,7.220096,6.615976,0.6350207,0,1.615011,0,0,0,0,0,0,5.482885,4.346015,6.619766,0.592854,0.702737,0.482971,7.391127,6.226526,8.555728,0.6012511,0,2.123652,7.179934,6.095078,8.264791,9.822326,10,9.470208,6.918036,7.220096,6.615976,0.6350207,0,1.615011,0,0,0,0,0,0,5.482885,4.346015,6.619766,0.592854,0.702737,0.482971,7.391127,6.226526,8.555728,0.6012511,0,2.123652,7.179934,6.095078,8.264791,9.822326,10,9.470208,-1,-1,-1,-1,-1,-1,-1,-1,-1,-1,-1,-1,-1,-1,-1,-1,-1,-1,-1,-1,-1,-1,-1,-1,-1,-1,-1,-1,-1,-1,-1,-1,-1,-1,-1,-1,-1,-1,-1,-1,-1,-1,-1,-1,-1,-1,-1,-1,-1,-1,0,0,0,0,0,0,-1,-1,-1,-1,-1,-1,-1,-1,-1,-1,-1,-1,0,0,0,0,0,0,-1,-1,-1,-1,-1,-1,-1,-1,-1,-1,-1,-1,-1,-1,False,False,0,0,False,209,0,0,0,0,0,0,0,0,0,0,0,0,0,0,0,1,
23414312,903,2026-02-23 14:00:01Z,LLM_Empathetic,6.918052,7.220099,6.616005,0.6349928,0,1.614995,0,0,0,0,0,0,5.482907,4.346022,6.619802,0.592854,0.702737,0.482971,7.391136,6.226521,8.555752,0.6012333,0,2.123634,7.179963,6.095093,8.264833,9.822385,10,9.470282,6.918052,7.220099,6.616005,0.6349928,0,1.614995,0,0,0,0,0,0,5.482907,4.346022,6.619802,0.592854,0.702737,0.482971,7.391136,6.226521,8.555752,0.6012333,0,2.123634,7.179963,6.095093,8.264833,9.822385,10,9.470282,-1,-1,-1,-1,-1,-1,-1,-1,-1,-1,-1,-1,-1,-1,-1,-1,-1,-1,-1,-1,-1,-1,-1,-1,-1,-1,-1,-1,-1,-1,-1,-1,-1,-1,-1,-1,-1,-1,-1,-1,-1,-1,-1,-1,-1,-1,-1,-1,-1,-1,0,0,0,0,0,0,-1,-1,-1,-1,-1,-1,-1,-1,-1,-1,-1,-1,0,0,0,0,0,0,-1,-1,-1,-1,-1,-1,-1,-1,-1,-1,-1,-1,-1,-1,False,False,0,0,False,209,0,0,0,0,0,0,0,0,0,0,0,0,0,0,0,1,
23414312,904,2026-02-23 14:00:01Z,LLM_Empathetic,6.918069,7.220102,6.616035,0.634965,0,1.61498,0,0,0,0,0,0,5.482928,4.346029,6.619837,0.592854,0.702737,0.482971,7.391146,6.226516,8.555777,0.6012155,0,2.123616,7.179992,6.095109,8.264875,9.822443,10,9.470355,6.918069,7.220102,6.616035,0.634965,0,1.61498,0,0,0,0,0,0,5.482928,4.346029,6.619837,0.592854,0.702737,0.482971,7.391146,6.226516,8.555777,0.6012155,0,2.123616,7.179992,6.095109,8.264875,9.822443,10,9.470355,-1,-1,-1,-1,-1,-1,-1,-1,-1,-1,-1,-1,-1,-1,-1,-1,-1,-1,-1,-1,-1,-1,-1,-1,-1,-1,-1,-1,-1,-1,-1,-1,-1,-1,-1,-1,-1,-1,-1,-1,-1,-1,-1,-1,-1,-1,-1,-1,-1,-1,0,0,0,0,0,0,-1,-1,-1,-1,-1,-1,-1,-1,-1,-1,-1,-1,0,0,0,0,0,0,-1,-1,-1,-1,-1,-1,-1,-1,-1,-1,-1,-1,-1,-1,False,False,0,0,False,207,0,0,0,0,0,0,0,0,0,0,0,0,0,0,0,1,
23414312,905,2026-02-23 14:00:01Z,LLM_Empathetic,6.918085,7.220105,6.616065,0.6349372,0,1.614965,0,0,0,0,0,0,5.482949,4.346036,6.619872,0.592854,0.702737,0.482971,7.391156,6.226511,8.5558,0.6011977,0,2.123598,7.180021,6.095125,8.264918,9.822501,10,9.470428,6.918085,7.220105,6.616065,0.6349372,0,1.614965,0,0,0,0,0,0,5.482949,4.346036,6.619872,0.592854,0.702737,0.482971,7.391156,6.226511,8.5558,0.6011977,0,2.123598,7.180021,6.095125,8.264918,9.822501,10,9.470428,-1,-1,-1,-1,-1,-1,-1,-1,-1,-1,-1,-1,-1,-1,-1,-1,-1,-1,-1,-1,-1,-1,-1,-1,-1,-1,-1,-1,-1,-1,-1,-1,-1,-1,-1,-1,-1,-1,-1,-1,-1,-1,-1,-1,-1,-1,-1,-1,-1,-1,0,0,0,0,0,0,-1,-1,-1,-1,-1,-1,-1,-1,-1,-1,-1,-1,0,0,0,0,0,0,-1,-1,-1,-1,-1,-1,-1,-1,-1,-1,-1,-1,-1,-1,False,False,0,0,False,209,0,0,0,0,0,0,0,0,0,0,0,0,0,0,0,1,
23414312,906,2026-02-23 14:00:01Z,LLM_Empathetic,6.918101,7.220108,6.616095,0.6349095,0,1.614949,0,0,0,0,0,0,5.48297,4.346043,6.619907,0.592854,0.702737,0.482971,7.391165,6.226506,8.555824,0.6011799,0,2.12358,7.18005,6.095141,8.264961,9.822559,10,9.470502,6.918101,7.220108,6.616095,0.6349095,0,1.614949,0,0,0,0,0,0,5.48297,4.346043,6.619907,0.592854,0.702737,0.482971,7.391165,6.226506,8.555824,0.6011799,0,2.12358,7.18005,6.095141,8.264961,9.822559,10,9.470502,-1,-1,-1,-1,-1,-1,-1,-1,-1,-1,-1,-1,-1,-1,-1,-1,-1,-1,-1,-1,-1,-1,-1,-1,-1,-1,-1,-1,-1,-1,-1,-1,-1,-1,-1,-1,-1,-1,-1,-1,-1,-1,-1,-1,-1,-1,-1,-1,-1,-1,0,0,0,0,0,0,-1,-1,-1,-1,-1,-1,-1,-1,-1,-1,-1,-1,0,0,0,0,0,0,-1,-1,-1,-1,-1,-1,-1,-1,-1,-1,-1,-1,-1,-1,False,False,0,0,False,209,0,0,0,0,0,0,0,0,0,0,0,0,0,0,0,1,
23414312,907,2026-02-23 14:00:01Z,LLM_Empathetic,6.918118,7.22011,6.616125,0.6348817,0,1.614934,0,0,0,0,0,0,5.482991,4.34605,6.619942,0.592854,0.702737,0.482971,7.391175,6.226501,8.555848,0.6011622,0,2.123563,7.180079,6.095157,8.265003,9.822618,10,9.470574,6.918118,7.22011,6.616125,0.6348817,0,1.614934,0,0,0,0,0,0,5.482991,4.34605,6.619942,0.592854,0.702737,0.482971,7.391175,6.226501,8.555848,0.6011622,0,2.123563,7.180079,6.095157,8.265003,9.822618,10,9.470574,-1,-1,-1,-1,-1,-1,-1,-1,-1,-1,-1,-1,-1,-1,-1,-1,-1,-1,-1,-1,-1,-1,-1,-1,-1,-1,-1,-1,-1,-1,-1,-1,-1,-1,-1,-1,-1,-1,-1,-1,-1,-1,-1,-1,-1,-1,-1,-1,-1,-1,0,0,0,0,0,0,-1,-1,-1,-1,-1,-1,-1,-1,-1,-1,-1,-1,0,0,0,0,0,0,-1,-1,-1,-1,-1,-1,-1,-1,-1,-1,-1,-1,-1,-1,False,False,0,0,False,207,0,0,0,0,0,0,0,0,0,0,0,0,0,0,0,1,
23414312,908,2026-02-23 14:00:02Z,LLM_Empathetic,6.918134,7.220114,6.616154,0.6348541,0,1.614919,0,0,0,0,0,0,5.483012,4.346056,6.619977,0.592854,0.702737,0.482971,7.391184,6.226496,8.555873,0.6011445,0,2.123545,7.180109,6.095172,8.265045,9.822676,10,9.470647,6.918134,7.220114,6.616154,0.6348541,0,1.614919,0,0,0,0,0,0,5.483012,4.346056,6.619977,0.592854,0.702737,0.482971,7.391184,6.226496,8.555873,0.6011445,0,2.123545,7.180109,6.095172,8.265045,9.822676,10,9.470647,-1,-1,-1,-1,-1,-1,-1,-1,-1,-1,-1,-1,-1,-1,-1,-1,-1,-1,-1,-1,-1,-1,-1,-1,-1,-1,-1,-1,-1,-1,-1,-1,-1,-1,-1,-1,-1,-1,-1,-1,-1,-1,-1,-1,-1,-1,-1,-1,-1,-1,0,0,0,0,0,0,-1,-1,-1,-1,-1,-1,-1,-1,-1,-1,-1,-1,0,0,0,0,0,0,-1,-1,-1,-1,-1,-1,-1,-1,-1,-1,-1,-1,-1,-1,False,False,0,0,False,209,0,0,0,0,0,0,0,0,0,0,0,0,0,0,0,1,
23414312,909,2026-02-23 14:00:02Z,LLM_Empathetic,6.91815,7.220117,6.616184,0.6348265,0,1.614904,0,0,0,0,0,0,5.483032,4.346064,6.620012,0.592854,0.702737,0.482971,7.391194,6.226491,8.555897,0.6011268,0,2.123527,7.180138,6.095188,8.265088,9.822734,10,9.47072,6.91815,7.220117,6.616184,0.6348265,0,1.614904,0,0,0,0,0,0,5.483032,4.346064,6.620012,0.592854,0.702737,0.482971,7.391194,6.226491,8.555897,0.6011268,0,2.123527,7.180138,6.095188,8.265088,9.822734,10,9.47072,-1,-1,-1,-1,-1,-1,-1,-1,-1,-1,-1,-1,-1,-1,-1,-1,-1,-1,-1,-1,-1,-1,-1,-1,-1,-1,-1,-1,-1,-1,-1,-1,-1,-1,-1,-1,-1,-1,-1,-1,-1,-1,-1,-1,-1,-1,-1,-1,-1,-1,0,0,0,0,0,0,-1,-1,-1,-1,-1,-1,-1,-1,-1,-1,-1,-1,0,0,0,0,0,0,-1,-1,-1,-1,-1,-1,-1,-1,-1,-1,-1,-1,-1,-1,False,False,0,0,False,207,0,0,0,0,0,0,0,0,0,0,0,0,0,0,0,1,
23414312,910,2026-02-23 14:00:02Z,LLM_Empathetic,6.918166,7.220119,6.616213,0.634799,0,1.614888,0,0,0,0,0,0,5.483053,4.34607,6.620047,0.592854,0.702737,0.482971,7.391203,6.226487,8.555921,0.6011091,0,2.12351,7.180166,6.095204,8.26513,9.822791,10,9.470793,6.918166,7.220119,6.616213,0.634799,0,1.614888,0,0,0,0,0,0,5.483053,4.34607,6.620047,0.592854,0.702737,0.482971,7.391203,6.226487,8.555921,0.6011091,0,2.12351,7.180166,6.095204,8.26513,9.822791,10,9.470793,-1,-1,-1,-1,-1,-1,-1,-1,-1,-1,-1,-1,-1,-1,-1,-1,-1,-1,-1,-1,-1,-1,-1,-1,-1,-1,-1,-1,-1,-1,-1,-1,-1,-1,-1,-1,-1,-1,-1,-1,-1,-1,-1,-1,-1,-1,-1,-1,-1,-1,0,0,0,0,0,0,-1,-1,-1,-1,-1,-1,-1,-1,-1,-1,-1,-1,0,0,0,0,0,0,-1,-1,-1,-1,-1,-1,-1,-1,-1,-1,-1,-1,-1,-1,False,False,0,0,False,207,0,0,0,0,0,0,0,0,0,0,0,0,0,0,0,1,
23414312,911,2026-02-23 14:00:02Z,LLM_Empathetic,6.918182,7.220122,6.616242,0.6347715,0,1.614873,0,0,0,0,0,0,5.483074,4.346077,6.620081,0.592854,0.702737,0.482971,7.391213,6.226481,8.555944,0.6010916,0,2.123492,7.180195,6.095219,8.265172,9.822849,10,9.470865,6.918182,7.220122,6.616242,0.6347715,0,1.614873,0,0,0,0,0,0,5.483074,4.346077,6.620081,0.592854,0.702737,0.482971,7.391213,6.226481,8.555944,0.6010916,0,2.123492,7.180195,6.095219,8.265172,9.822849,10,9.470865,-1,-1,-1,-1,-1,-1,-1,-1,-1,-1,-1,-1,-1,-1,-1,-1,-1,-1,-1,-1,-1,-1,-1,-1,-1,-1,-1,-1,-1,-1,-1,-1,-1,-1,-1,-1,-1,-1,-1,-1,-1,-1,-1,-1,-1,-1,-1,-1,-1,-1,0,0,0,0,0,0,-1,-1,-1,-1,-1,-1,-1,-1,-1,-1,-1,-1,0,0,0,0,0,0,-1,-1,-1,-1,-1,-1,-1,-1,-1,-1,-1,-1,-1,-1,False,False,0,0,False,209,0,0,0,0,0,0,0,0,0,0,0,0,0,0,0,1,
23414312,912,2026-02-23 14:00:02Z,LLM_Empathetic,6.918199,7.220125,6.616272,0.634744,0,1.614858,0,0,0,0,0,0,5.483095,4.346084,6.620116,0.592854,0.702737,0.482971,7.391222,6.226477,8.555968,0.601074,0,2.123474,7.180224,6.095235,8.265214,9.822906,10,9.470937,6.918199,7.220125,6.616272,0.634744,0,1.614858,0,0,0,0,0,0,5.483095,4.346084,6.620116,0.592854,0.702737,0.482971,7.391222,6.226477,8.555968,0.601074,0,2.123474,7.180224,6.095235,8.265214,9.822906,10,9.470937,-1,-1,-1,-1,-1,-1,-1,-1,-1,-1,-1,-1,-1,-1,-1,-1,-1,-1,-1,-1,-1,-1,-1,-1,-1,-1,-1,-1,-1,-1,-1,-1,-1,-1,-1,-1,-1,-1,-1,-1,-1,-1,-1,-1,-1,-1,-1,-1,-1,-1,0,0,0,0,0,0,-1,-1,-1,-1,-1,-1,-1,-1,-1,-1,-1,-1,0,0,0,0,0,0,-1,-1,-1,-1,-1,-1,-1,-1,-1,-1,-1,-1,-1,-1,False,False,0,0,False,207,0,0,0,0,0,0,0,0,0,0,0,0,0,0,0,1,
23414312,913,2026-02-23 14:00:02Z,LLM_Empathetic,6.918215,7.220128,6.616301,0.6347167,0,1.614843,0,0,0,0,0,0,5.483116,4.346091,6.620151,0.592854,0.702737,0.482971,7.391232,6.226472,8.555992,0.6010565,0,2.123457,7.180253,6.095251,8.265256,9.822964,10,9.471009,6.918215,7.220128,6.616301,0.6347167,0,1.614843,0,0,0,0,0,0,5.483116,4.346091,6.620151,0.592854,0.702737,0.482971,7.391232,6.226472,8.555992,0.6010565,0,2.123457,7.180253,6.095251,8.265256,9.822964,10,9.471009,-1,-1,-1,-1,-1,-1,-1,-1,-1,-1,-1,-1,-1,-1,-1,-1,-1,-1,-1,-1,-1,-1,-1,-1,-1,-1,-1,-1,-1,-1,-1,-1,-1,-1,-1,-1,-1,-1,-1,-1,-1,-1,-1,-1,-1,-1,-1,-1,-1,-1,0,0,0,0,0,0,-1,-1,-1,-1,-1,-1,-1,-1,-1,-1,-1,-1,0,0,0,0,0,0,-1,-1,-1,-1,-1,-1,-1,-1,-1,-1,-1,-1,-1,-1,False,False,0,0,False,209,0,0,0,0,0,0,0,0,0,0,0,0,0,0,0,1,
23414312,914,2026-02-23 14:00:02Z,LLM_Empathetic,6.918231,7.220131,6.616331,0.6346893,0,1.614828,0,0,0,0,0,0,5.483136,4.346098,6.620185,0.592854,0.702737,0.482971,7.391241,6.226467,8.556015,0.6010389,0,2.123439,7.180282,6.095266,8.265298,9.823022,10,9.471081,6.918231,7.220131,6.616331,0.6346893,0,1.614828,0,0,0,0,0,0,5.483136,4.346098,6.620185,0.592854,0.702737,0.482971,7.391241,6.226467,8.556015,0.6010389,0,2.123439,7.180282,6.095266,8.265298,9.823022,10,9.471081,-1,-1,-1,-1,-1,-1,-1,-1,-1,-1,-1,-1,-1,-1,-1,-1,-1,-1,-1,-1,-1,-1,-1,-1,-1,-1,-1,-1,-1,-1,-1,-1,-1,-1,-1,-1,-1,-1,-1,-1,-1,-1,-1,-1,-1,-1,-1,-1,-1,-1,0,0,0,0,0,0,-1,-1,-1,-1,-1,-1,-1,-1,-1,-1,-1,-1,0,0,0,0,0,0,-1,-1,-1,-1,-1,-1,-1,-1,-1,-1,-1,-1,-1,-1,False,False,0,0,False,207,0,0,0,0,0,0,0,0,0,0,0,0,0,0,0,1,
23414312,915,2026-02-23 14:00:02Z,LLM_Empathetic,6.918247,7.220134,6.61636,0.6346621,0,1.614813,0,0,0,0,0,0,5.483157,4.346105,6.620219,0.592854,0.702737,0.482971,7.391251,6.226462,8.556039,0.6010215,0,2.123422,7.18031,6.095282,8.26534,9.823079,10,9.471153,6.918247,7.220134,6.61636,0.6346621,0,1.614813,0,0,0,0,0,0,5.483157,4.346105,6.620219,0.592854,0.702737,0.482971,7.391251,6.226462,8.556039,0.6010215,0,2.123422,7.18031,6.095282,8.26534,9.823079,10,9.471153,-1,-1,-1,-1,-1,-1,-1,-1,-1,-1,-1,-1,-1,-1,-1,-1,-1,-1,-1,-1,-1,-1,-1,-1,-1,-1,-1,-1,-1,-1,-1,-1,-1,-1,-1,-1,-1,-1,-1,-1,-1,-1,-1,-1,-1,-1,-1,-1,-1,-1,0,0,0,0,0,0,-1,-1,-1,-1,-1,-1,-1,-1,-1,-1,-1,-1,0,0,0,0,0,0,-1,-1,-1,-1,-1,-1,-1,-1,-1,-1,-1,-1,-1,-1,False,False,0,0,False,209,0,0,0,0,0,0,0,0,0,0,0,0,0,0,0,1,
23414312,916,2026-02-23 14:00:02Z,LLM_Empathetic,6.918263,7.220137,6.616389,0.6346349,0,1.614798,0,0,0,0,0,0,5.483178,4.346111,6.620254,0.592854,0.702737,0.482971,7.39126,6.226458,8.556063,0.6010041,0,2.123405,7.180339,6.095297,8.265382,9.823136,10,9.471225,6.918263,7.220137,6.616389,0.6346349,0,1.614798,0,0,0,0,0,0,5.483178,4.346111,6.620254,0.592854,0.702737,0.482971,7.39126,6.226458,8.556063,0.6010041,0,2.123405,7.180339,6.095297,8.265382,9.823136,10,9.471225,-1,-1,-1,-1,-1,-1,-1,-1,-1,-1,-1,-1,-1,-1,-1,-1,-1,-1,-1,-1,-1,-1,-1,-1,-1,-1,-1,-1,-1,-1,-1,-1,-1,-1,-1,-1,-1,-1,-1,-1,-1,-1,-1,-1,-1,-1,-1,-1,-1,-1,0,0,0,0,0,0,-1,-1,-1,-1,-1,-1,-1,-1,-1,-1,-1,-1,0,0,0,0,0,0,-1,-1,-1,-1,-1,-1,-1,-1,-1,-1,-1,-1,-1,-1,False,False,0,0,False,209,0,0,0,0,0,0,0,0,0,0,0,0,0,0,0,1,
23414312,917,2026-02-23 14:00:02Z,LLM_Empathetic,6.918279,7.22014,6.616418,0.6346077,0,1.614783,0,0,0,0,0,0,5.483198,4.346118,6.620288,0.592854,0.702737,0.482971,7.391269,6.226452,8.556087,0.6009867,0,2.123387,7.180367,6.095313,8.265423,9.823193,10,9.471296,6.918279,7.22014,6.616418,0.6346077,0,1.614783,0,0,0,0,0,0,5.483198,4.346118,6.620288,0.592854,0.702737,0.482971,7.391269,6.226452,8.556087,0.6009867,0,2.123387,7.180367,6.095313,8.265423,9.823193,10,9.471296,-1,-1,-1,-1,-1,-1,-1,-1,-1,-1,-1,-1,-1,-1,-1,-1,-1,-1,-1,-1,-1,-1,-1,-1,-1,-1,-1,-1,-1,-1,-1,-1,-1,-1,-1,-1,-1,-1,-1,-1,-1,-1,-1,-1,-1,-1,-1,-1,-1,-1,0,0,0,0,0,0,-1,-1,-1,-1,-1,-1,-1,-1,-1,-1,-1,-1,0,0,0,0,0,0,-1,-1,-1,-1,-1,-1,-1,-1,-1,-1,-1,-1,-1,-1,False,False,0,0,False,207,0,0,0,0,0,0,0,0,0,0,0,0,0,0,0,1,
23414312,918,2026-02-23 14:00:02Z,LLM_Empathetic,6.918295,7.220143,6.616447,0.6345805,0,1.614768,0,0,0,0,0,0,5.483219,4.346125,6.620323,0.592854,0.702737,0.482971,7.391279,6.226448,8.556109,0.6009693,0,2.12337,7.180396,6.095328,8.265465,9.82325,10,9.471368,6.918295,7.220143,6.616447,0.6345805,0,1.614768,0,0,0,0,0,0,5.483219,4.346125,6.620323,0.592854,0.702737,0.482971,7.391279,6.226448,8.556109,0.6009693,0,2.12337,7.180396,6.095328,8.265465,9.82325,10,9.471368,-1,-1,-1,-1,-1,-1,-1,-1,-1,-1,-1,-1,-1,-1,-1,-1,-1,-1,-1,-1,-1,-1,-1,-1,-1,-1,-1,-1,-1,-1,-1,-1,-1,-1,-1,-1,-1,-1,-1,-1,-1,-1,-1,-1,-1,-1,-1,-1,-1,-1,0,0,0,0,0,0,-1,-1,-1,-1,-1,-1,-1,-1,-1,-1,-1,-1,0,0,0,0,0,0,-1,-1,-1,-1,-1,-1,-1,-1,-1,-1,-1,-1,-1,-1,False,False,0,0,False,207,0,0,0,0,0,0,0,0,0,0,0,0,0,0,0,1,
23414312,919,2026-02-23 14:00:02Z,LLM_Empathetic,6.918311,7.220146,6.616476,0.6345534,0,1.614753,0,0,0,0,0,0,5.483239,4.346132,6.620357,0.592854,0.702737,0.482971,7.391288,6.226443,8.556133,0.6009519,0,2.123352,7.180424,6.095344,8.265507,9.823307,10,9.471439,6.918311,7.220146,6.616476,0.6345534,0,1.614753,0,0,0,0,0,0,5.483239,4.346132,6.620357,0.592854,0.702737,0.482971,7.391288,6.226443,8.556133,0.6009519,0,2.123352,7.180424,6.095344,8.265507,9.823307,10,9.471439,-1,-1,-1,-1,-1,-1,-1,-1,-1,-1,-1,-1,-1,-1,-1,-1,-1,-1,-1,-1,-1,-1,-1,-1,-1,-1,-1,-1,-1,-1,-1,-1,-1,-1,-1,-1,-1,-1,-1,-1,-1,-1,-1,-1,-1,-1,-1,-1,-1,-1,0,0,0,0,0,0,-1,-1,-1,-1,-1,-1,-1,-1,-1,-1,-1,-1,0,0,0,0,0,0,-1,-1,-1,-1,-1,-1,-1,-1,-1,-1,-1,-1,-1,-1,False,False,0,0,False,209,0,0,0,0,0,0,0,0,0,0,0,0,0,0,0,1,
23414312,920,2026-02-23 14:00:02Z,LLM_Empathetic,6.918327,7.220149,6.616505,0.6345264,0,1.614738,0,0,0,0,0,0,5.48326,4.346138,6.620391,0.592854,0.702737,0.482971,7.391297,6.226438,8.556157,0.6009346,0,2.123335,7.180453,6.095359,8.265548,9.823363,10,9.471511,6.918327,7.220149,6.616505,0.6345264,0,1.614738,0,0,0,0,0,0,5.48326,4.346138,6.620391,0.592854,0.702737,0.482971,7.391297,6.226438,8.556157,0.6009346,0,2.123335,7.180453,6.095359,8.265548,9.823363,10,9.471511,-1,-1,-1,-1,-1,-1,-1,-1,-1,-1,-1,-1,-1,-1,-1,-1,-1,-1,-1,-1,-1,-1,-1,-1,-1,-1,-1,-1,-1,-1,-1,-1,-1,-1,-1,-1,-1,-1,-1,-1,-1,-1,-1,-1,-1,-1,-1,-1,-1,-1,0,0,0,0,0,0,-1,-1,-1,-1,-1,-1,-1,-1,-1,-1,-1,-1,0,0,0,0,0,0,-1,-1,-1,-1,-1,-1,-1,-1,-1,-1,-1,-1,-1,-1,False,False,0,0,False,207,0,0,0,0,0,0,0,0,0,0,0,0,0,0,0,1,
23414312,921,2026-02-23 14:00:02Z,LLM_Empathetic,6.918343,7.220151,6.616534,0.6344994,0,1.614723,0,0,0,0,0,0,5.48328,4.346146,6.620425,0.592854,0.702737,0.482971,7.391306,6.226433,8.55618,0.6009173,0,2.123318,7.180481,6.095374,8.265589,9.823421,10,9.471581,6.918343,7.220151,6.616534,0.6344994,0,1.614723,0,0,0,0,0,0,5.48328,4.346146,6.620425,0.592854,0.702737,0.482971,7.391306,6.226433,8.55618,0.6009173,0,2.123318,7.180481,6.095374,8.265589,9.823421,10,9.471581,-1,-1,-1,-1,-1,-1,-1,-1,-1,-1,-1,-1,-1,-1,-1,-1,-1,-1,-1,-1,-1,-1,-1,-1,-1,-1,-1,-1,-1,-1,-1,-1,-1,-1,-1,-1,-1,-1,-1,-1,-1,-1,-1,-1,-1,-1,-1,-1,-1,-1,0,0,0,0,0,0,-1,-1,-1,-1,-1,-1,-1,-1,-1,-1,-1,-1,0,0,0,0,0,0,-1,-1,-1,-1,-1,-1,-1,-1,-1,-1,-1,-1,-1,-1,False,False,0,0,False,207,0,0,0,0,0,0,0,0,0,0,0,0,0,0,0,1,
23414312,922,2026-02-23 14:00:02Z,LLM_Empathetic,6.918358,7.220154,6.616563,0.6344724,0,1.614708,0,0,0,0,0,0,5.4833,4.346152,6.620459,0.592854,0.702737,0.482971,7.391316,6.226429,8.556204,0.6009001,0,2.123301,7.18051,6.095389,8.265631,9.823477,10,9.471652,6.918358,7.220154,6.616563,0.6344724,0,1.614708,0,0,0,0,0,0,5.4833,4.346152,6.620459,0.592854,0.702737,0.482971,7.391316,6.226429,8.556204,0.6009001,0,2.123301,7.18051,6.095389,8.265631,9.823477,10,9.471652,-1,-1,-1,-1,-1,-1,-1,-1,-1,-1,-1,-1,-1,-1,-1,-1,-1,-1,-1,-1,-1,-1,-1,-1,-1,-1,-1,-1,-1,-1,-1,-1,-1,-1,-1,-1,-1,-1,-1,-1,-1,-1,-1,-1,-1,-1,-1,-1,-1,-1,0,0,0,0,0,0,-1,-1,-1,-1,-1,-1,-1,-1,-1,-1,-1,-1,0,0,0,0,0,0,-1,-1,-1,-1,-1,-1,-1,-1,-1,-1,-1,-1,-1,-1,False,False,0,0,False,209,0,0,0,0,0,0,0,0,0,0,0,0,0,0,0,1,
23414312,923,2026-02-23 14:00:02Z,LLM_Empathetic,6.918375,7.220157,6.616591,0.6344455,0,1.614694,0,0,0,0,0,0,5.483321,4.346159,6.620493,0.592854,0.702737,0.482971,7.391325,6.226424,8.556227,0.6008828,0,2.123283,7.180538,6.095405,8.265672,9.823533,10,9.471724,6.918375,7.220157,6.616591,0.6344455,0,1.614694,0,0,0,0,0,0,5.483321,4.346159,6.620493,0.592854,0.702737,0.482971,7.391325,6.226424,8.556227,0.6008828,0,2.123283,7.180538,6.095405,8.265672,9.823533,10,9.471724,-1,-1,-1,-1,-1,-1,-1,-1,-1,-1,-1,-1,-1,-1,-1,-1,-1,-1,-1,-1,-1,-1,-1,-1,-1,-1,-1,-1,-1,-1,-1,-1,-1,-1,-1,-1,-1,-1,-1,-1,-1,-1,-1,-1,-1,-1,-1,-1,-1,-1,0,0,0,0,0,0,-1,-1,-1,-1,-1,-1,-1,-1,-1,-1,-1,-1,0,0,0,0,0,0,-1,-1,-1,-1,-1,-1,-1,-1,-1,-1,-1,-1,-1,-1,False,False,0,0,False,209,0,0,0,0,0,0,0,0,0,0,0,0,0,0,0,1,
23414312,924,2026-02-23 14:00:02Z,LLM_Empathetic,6.91839,7.22016,6.61662,0.6344187,0,1.614679,0,0,0,0,0,0,5.483341,4.346166,6.620527,0.592854,0.702737,0.482971,7.391335,6.226419,8.556251,0.6008657,0,2.123266,7.180566,6.09542,8.265713,9.823589,10,9.471794,6.91839,7.22016,6.61662,0.6344187,0,1.614679,0,0,0,0,0,0,5.483341,4.346166,6.620527,0.592854,0.702737,0.482971,7.391335,6.226419,8.556251,0.6008657,0,2.123266,7.180566,6.09542,8.265713,9.823589,10,9.471794,-1,-1,-1,-1,-1,-1,-1,-1,-1,-1,-1,-1,-1,-1,-1,-1,-1,-1,-1,-1,-1,-1,-1,-1,-1,-1,-1,-1,-1,-1,-1,-1,-1,-1,-1,-1,-1,-1,-1,-1,-1,-1,-1,-1,-1,-1,-1,-1,-1,-1,0,0,0,0,0,0,-1,-1,-1,-1,-1,-1,-1,-1,-1,-1,-1,-1,0,0,0,0,0,0,-1,-1,-1,-1,-1,-1,-1,-1,-1,-1,-1,-1,-1,-1,False,False,0,0,False,209,0,0,0,0,0,0,0,0,0,0,0,0,0,0,0,1,
23414312,925,2026-02-23 14:00:02Z,LLM_Empathetic,6.918406,7.220163,6.616649,0.6343919,0,1.614664,0,0,0,0,0,0,5.483361,4.346172,6.620561,0.592854,0.702737,0.482971,7.391344,6.226414,8.556273,0.6008485,0,2.123249,7.180594,6.095435,8.265754,9.823646,10,9.471865,6.918406,7.220163,6.616649,0.6343919,0,1.614664,0,0,0,0,0,0,5.483361,4.346172,6.620561,0.592854,0.702737,0.482971,7.391344,6.226414,8.556273,0.6008485,0,2.123249,7.180594,6.095435,8.265754,9.823646,10,9.471865,-1,-1,-1,-1,-1,-1,-1,-1,-1,-1,-1,-1,-1,-1,-1,-1,-1,-1,-1,-1,-1,-1,-1,-1,-1,-1,-1,-1,-1,-1,-1,-1,-1,-1,-1,-1,-1,-1,-1,-1,-1,-1,-1,-1,-1,-1,-1,-1,-1,-1,0,0,0,0,0,0,-1,-1,-1,-1,-1,-1,-1,-1,-1,-1,-1,-1,0,0,0,0,0,0,-1,-1,-1,-1,-1,-1,-1,-1,-1,-1,-1,-1,-1,-1,False,False,0,0,False,207,0,0,0,0,0,0,0,0,0,0,0,0,0,0,0,1,
23414312,926,2026-02-23 14:00:02Z,LLM_Empathetic,6.918422,7.220166,6.616677,0.6343652,0,1.614649,0,0,0,0,0,0,5.483382,4.346179,6.620595,0.592854,0.702737,0.482971,7.391353,6.226409,8.556296,0.6008314,0,2.123232,7.180622,6.09545,8.265795,9.823702,10,9.471935,6.918422,7.220166,6.616677,0.6343652,0,1.614649,0,0,0,0,0,0,5.483382,4.346179,6.620595,0.592854,0.702737,0.482971,7.391353,6.226409,8.556296,0.6008314,0,2.123232,7.180622,6.09545,8.265795,9.823702,10,9.471935,-1,-1,-1,-1,-1,-1,-1,-1,-1,-1,-1,-1,-1,-1,-1,-1,-1,-1,-1,-1,-1,-1,-1,-1,-1,-1,-1,-1,-1,-1,-1,-1,-1,-1,-1,-1,-1,-1,-1,-1,-1,-1,-1,-1,-1,-1,-1,-1,-1,-1,0,0,0,0,0,0,-1,-1,-1,-1,-1,-1,-1,-1,-1,-1,-1,-1,0,0,0,0,0,0,-1,-1,-1,-1,-1,-1,-1,-1,-1,-1,-1,-1,-1,-1,False,False,0,0,False,207,0,0,0,0,0,0,0,0,0,0,0,0,0,0,0,1,
23414312,927,2026-02-23 14:00:02Z,LLM_Empathetic,6.918437,7.220169,6.616706,0.6343385,0,1.614635,0,0,0,0,0,0,5.483402,4.346186,6.620628,0.592854,0.702737,0.482971,7.391362,6.226405,8.55632,0.6008143,0,2.123215,7.18065,6.095466,8.265836,9.823758,10,9.472005,6.918437,7.220169,6.616706,0.6343385,0,1.614635,0,0,0,0,0,0,5.483402,4.346186,6.620628,0.592854,0.702737,0.482971,7.391362,6.226405,8.55632,0.6008143,0,2.123215,7.18065,6.095466,8.265836,9.823758,10,9.472005,-1,-1,-1,-1,-1,-1,-1,-1,-1,-1,-1,-1,-1,-1,-1,-1,-1,-1,-1,-1,-1,-1,-1,-1,-1,-1,-1,-1,-1,-1,-1,-1,-1,-1,-1,-1,-1,-1,-1,-1,-1,-1,-1,-1,-1,-1,-1,-1,-1,-1,0,0,0,0,0,0,-1,-1,-1,-1,-1,-1,-1,-1,-1,-1,-1,-1,0,0,0,0,0,0,-1,-1,-1,-1,-1,-1,-1,-1,-1,-1,-1,-1,-1,-1,False,False,0,0,False,209,0,0,0,0,0,0,0,0,0,0,0,0,0,0,0,1,
23414312,928,2026-02-23 14:00:02Z,LLM_Empathetic,6.918453,7.220171,6.616735,0.6343119,0,1.61462,0,0,0,0,0,0,5.483422,4.346192,6.620662,0.592854,0.702737,0.482971,7.391371,6.2264,8.556343,0.6007972,0,2.123198,7.180678,6.095481,8.265877,9.823813,10,9.472075,6.918453,7.220171,6.616735,0.6343119,0,1.61462,0,0,0,0,0,0,5.483422,4.346192,6.620662,0.592854,0.702737,0.482971,7.391371,6.2264,8.556343,0.6007972,0,2.123198,7.180678,6.095481,8.265877,9.823813,10,9.472075,-1,-1,-1,-1,-1,-1,-1,-1,-1,-1,-1,-1,-1,-1,-1,-1,-1,-1,-1,-1,-1,-1,-1,-1,-1,-1,-1,-1,-1,-1,-1,-1,-1,-1,-1,-1,-1,-1,-1,-1,-1,-1,-1,-1,-1,-1,-1,-1,-1,-1,0,0,0,0,0,0,-1,-1,-1,-1,-1,-1,-1,-1,-1,-1,-1,-1,0,0,0,0,0,0,-1,-1,-1,-1,-1,-1,-1,-1,-1,-1,-1,-1,-1,-1,False,False,0,0,False,209,0,0,0,0,0,0,0,0,0,0,0,0,0,0,0,1,
23414312,929,2026-02-23 14:00:02Z,LLM_Empathetic,6.918468,7.220174,6.616763,0.6342852,0,1.614605,0,0,0,0,0,0,5.483442,4.346199,6.620696,0.592854,0.702737,0.482971,7.39138,6.226395,8.556366,0.6007802,0,2.123181,7.180706,6.095496,8.265918,9.82387,10,9.472146,6.918468,7.220174,6.616763,0.6342852,0,1.614605,0,0,0,0,0,0,5.483442,4.346199,6.620696,0.592854,0.702737,0.482971,7.39138,6.226395,8.556366,0.6007802,0,2.123181,7.180706,6.095496,8.265918,9.82387,10,9.472146,-1,-1,-1,-1,-1,-1,-1,-1,-1,-1,-1,-1,-1,-1,-1,-1,-1,-1,-1,-1,-1,-1,-1,-1,-1,-1,-1,-1,-1,-1,-1,-1,-1,-1,-1,-1,-1,-1,-1,-1,-1,-1,-1,-1,-1,-1,-1,-1,-1,-1,0,0,0,0,0,0,-1,-1,-1,-1,-1,-1,-1,-1,-1,-1,-1,-1,0,0,0,0,0,0,-1,-1,-1,-1,-1,-1,-1,-1,-1,-1,-1,-1,-1,-1,False,False,0,0,False,209,0,0,0,0,0,0,0,0,0,0,0,0,0,0,0,1,
23414312,930,2026-02-23 14:00:02Z,LLM_Empathetic,6.918484,7.220177,6.616791,0.6342587,0,1.61459,0,0,0,0,0,0,5.483462,4.346206,6.620729,0.592854,0.702737,0.482971,7.39139,6.226391,8.556389,0.6007631,0,2.123163,7.180734,6.095511,8.265958,9.823925,10,9.472216,6.918484,7.220177,6.616791,0.6342587,0,1.61459,0,0,0,0,0,0,5.483462,4.346206,6.620729,0.592854,0.702737,0.482971,7.39139,6.226391,8.556389,0.6007631,0,2.123163,7.180734,6.095511,8.265958,9.823925,10,9.472216,-1,-1,-1,-1,-1,-1,-1,-1,-1,-1,-1,-1,-1,-1,-1,-1,-1,-1,-1,-1,-1,-1,-1,-1,-1,-1,-1,-1,-1,-1,-1,-1,-1,-1,-1,-1,-1,-1,-1,-1,-1,-1,-1,-1,-1,-1,-1,-1,-1,-1,0,0,0,0,0,0,-1,-1,-1,-1,-1,-1,-1,-1,-1,-1,-1,-1,0,0,0,0,0,0,-1,-1,-1,-1,-1,-1,-1,-1,-1,-1,-1,-1,-1,-1,False,False,0,0,False,209,0,0,0,0,0,0,0,0,0,0,0,0,0,0,0,1,
23414312,931,2026-02-23 14:00:02Z,LLM_Empathetic,6.9185,7.22018,6.61682,0.6342322,0,1.614576,0,0,0,0,0,0,5.483482,4.346212,6.620762,0.592854,0.702737,0.482971,7.391399,6.226386,8.556412,0.6007462,0,2.123147,7.180762,6.095526,8.265999,9.823981,10,9.472285,6.9185,7.22018,6.61682,0.6342322,0,1.614576,0,0,0,0,0,0,5.483482,4.346212,6.620762,0.592854,0.702737,0.482971,7.391399,6.226386,8.556412,0.6007462,0,2.123147,7.180762,6.095526,8.265999,9.823981,10,9.472285,-1,-1,-1,-1,-1,-1,-1,-1,-1,-1,-1,-1,-1,-1,-1,-1,-1,-1,-1,-1,-1,-1,-1,-1,-1,-1,-1,-1,-1,-1,-1,-1,-1,-1,-1,-1,-1,-1,-1,-1,-1,-1,-1,-1,-1,-1,-1,-1,-1,-1,0,0,0,0,0,0,-1,-1,-1,-1,-1,-1,-1,-1,-1,-1,-1,-1,0,0,0,0,0,0,-1,-1,-1,-1,-1,-1,-1,-1,-1,-1,-1,-1,-1,-1,False,False,0,0,False,209,0,0,0,0,0,0,0,0,0,0,0,0,0,0,0,1,
23414312,932,2026-02-23 14:00:02Z,LLM_Empathetic,6.918516,7.220182,6.616848,0.6342057,0,1.614561,0,0,0,0,0,0,5.483502,4.346219,6.620796,0.592854,0.702737,0.482971,7.391408,6.226381,8.556436,0.6007292,0,2.12313,7.18079,6.095541,8.266039,9.824037,10,9.472355,6.918516,7.220182,6.616848,0.6342057,0,1.614561,0,0,0,0,0,0,5.483502,4.346219,6.620796,0.592854,0.702737,0.482971,7.391408,6.226381,8.556436,0.6007292,0,2.12313,7.18079,6.095541,8.266039,9.824037,10,9.472355,-1,-1,-1,-1,-1,-1,-1,-1,-1,-1,-1,-1,-1,-1,-1,-1,-1,-1,-1,-1,-1,-1,-1,-1,-1,-1,-1,-1,-1,-1,-1,-1,-1,-1,-1,-1,-1,-1,-1,-1,-1,-1,-1,-1,-1,-1,-1,-1,-1,-1,0,0,0,0,0,0,-1,-1,-1,-1,-1,-1,-1,-1,-1,-1,-1,-1,0,0,0,0,0,0,-1,-1,-1,-1,-1,-1,-1,-1,-1,-1,-1,-1,-1,-1,False,False,0,0,False,207,0,0,0,0,0,0,0,0,0,0,0,0,0,0,0,1,
23414312,933,2026-02-23 14:00:02Z,LLM_Empathetic,6.918531,7.220185,6.616877,0.6341793,0,1.614547,0,0,0,0,0,0,5.483522,4.346226,6.620829,0.592854,0.702737,0.482971,7.391417,6.226377,8.556458,0.6007123,0,2.123113,7.180818,6.095556,8.26608,9.824092,10,9.472425,6.918531,7.220185,6.616877,0.6341793,0,1.614547,0,0,0,0,0,0,5.483522,4.346226,6.620829,0.592854,0.702737,0.482971,7.391417,6.226377,8.556458,0.6007123,0,2.123113,7.180818,6.095556,8.26608,9.824092,10,9.472425,-1,-1,-1,-1,-1,-1,-1,-1,-1,-1,-1,-1,-1,-1,-1,-1,-1,-1,-1,-1,-1,-1,-1,-1,-1,-1,-1,-1,-1,-1,-1,-1,-1,-1,-1,-1,-1,-1,-1,-1,-1,-1,-1,-1,-1,-1,-1,-1,-1,-1,0,0,0,0,0,0,-1,-1,-1,-1,-1,-1,-1,-1,-1,-1,-1,-1,0,0,0,0,0,0,-1,-1,-1,-1,-1,-1,-1,-1,-1,-1,-1,-1,-1,-1,False,False,0,0,False,209,0,0,0,0,0,0,0,0,0,0,0,0,0,0,0,1,
23414312,934,2026-02-23 14:00:02Z,LLM_Empathetic,6.918547,7.220188,6.616905,0.6341529,0,1.614532,0,0,0,0,0,0,5.483542,4.346232,6.620862,0.592854,0.702737,0.482971,7.391426,6.226372,8.556481,0.6006954,0,2.123096,7.180845,6.095571,8.26612,9.824147,10,9.472494,6.918547,7.220188,6.616905,0.6341529,0,1.614532,0,0,0,0,0,0,5.483542,4.346232,6.620862,0.592854,0.702737,0.482971,7.391426,6.226372,8.556481,0.6006954,0,2.123096,7.180845,6.095571,8.26612,9.824147,10,9.472494,-1,-1,-1,-1,-1,-1,-1,-1,-1,-1,-1,-1,-1,-1,-1,-1,-1,-1,-1,-1,-1,-1,-1,-1,-1,-1,-1,-1,-1,-1,-1,-1,-1,-1,-1,-1,-1,-1,-1,-1,-1,-1,-1,-1,-1,-1,-1,-1,-1,-1,0,0,0,0,0,0,-1,-1,-1,-1,-1,-1,-1,-1,-1,-1,-1,-1,0,0,0,0,0,0,-1,-1,-1,-1,-1,-1,-1,-1,-1,-1,-1,-1,-1,-1,False,False,0,0,False,207,0,0,0,0,0,0,0,0,0,0,0,0,0,0,0,1,
23414312,935,2026-02-23 14:00:02Z,LLM_Empathetic,6.918562,7.220191,6.616933,0.6341266,0,1.614518,0,0,0,0,0,0,5.483562,4.346239,6.620896,0.592854,0.702737,0.482971,7.391435,6.226367,8.556503,0.6006786,0,2.123079,7.180873,6.095586,8.26616,9.824203,10,9.472564,6.918562,7.220191,6.616933,0.6341266,0,1.614518,0,0,0,0,0,0,5.483562,4.346239,6.620896,0.592854,0.702737,0.482971,7.391435,6.226367,8.556503,0.6006786,0,2.123079,7.180873,6.095586,8.26616,9.824203,10,9.472564,-1,-1,-1,-1,-1,-1,-1,-1,-1,-1,-1,-1,-1,-1,-1,-1,-1,-1,-1,-1,-1,-1,-1,-1,-1,-1,-1,-1,-1,-1,-1,-1,-1,-1,-1,-1,-1,-1,-1,-1,-1,-1,-1,-1,-1,-1,-1,-1,-1,-1,0,0,0,0,0,0,-1,-1,-1,-1,-1,-1,-1,-1,-1,-1,-1,-1,0,0,0,0,0,0,-1,-1,-1,-1,-1,-1,-1,-1,-1,-1,-1,-1,-1,-1,False,False,0,0,False,207,0,0,0,0,0,0,0,0,0,0,0,0,0,0,0,1,
23414312,936,2026-02-23 14:00:02Z,LLM_Empathetic,6.918578,7.220194,6.616961,0.6341003,0,1.614503,0,0,0,0,0,0,5.483582,4.346245,6.620929,0.592854,0.702737,0.482971,7.391444,6.226363,8.556526,0.6006618,0,2.123062,7.180901,6.095601,8.266201,9.824258,10,9.472632,6.918578,7.220194,6.616961,0.6341003,0,1.614503,0,0,0,0,0,0,5.483582,4.346245,6.620929,0.592854,0.702737,0.482971,7.391444,6.226363,8.556526,0.6006618,0,2.123062,7.180901,6.095601,8.266201,9.824258,10,9.472632,-1,-1,-1,-1,-1,-1,-1,-1,-1,-1,-1,-1,-1,-1,-1,-1,-1,-1,-1,-1,-1,-1,-1,-1,-1,-1,-1,-1,-1,-1,-1,-1,-1,-1,-1,-1,-1,-1,-1,-1,-1,-1,-1,-1,-1,-1,-1,-1,-1,-1,0,0,0,0,0,0,-1,-1,-1,-1,-1,-1,-1,-1,-1,-1,-1,-1,0,0,0,0,0,0,-1,-1,-1,-1,-1,-1,-1,-1,-1,-1,-1,-1,-1,-1,False,False,0,0,False,209,0,0,0,0,0,0,0,0,0,0,0,0,0,0,0,1,
23414312,937,2026-02-23 14:00:02Z,LLM_Empathetic,6.918593,7.220197,6.616989,0.6340741,0,1.614489,0,0,0,0,0,0,5.483602,4.346252,6.620962,0.592854,0.702737,0.482971,7.391453,6.226358,8.556549,0.6006449,0,2.123045,7.180928,6.095616,8.266241,9.824312,10,9.472702,6.918593,7.220197,6.616989,0.6340741,0,1.614489,0,0,0,0,0,0,5.483602,4.346252,6.620962,0.592854,0.702737,0.482971,7.391453,6.226358,8.556549,0.6006449,0,2.123045,7.180928,6.095616,8.266241,9.824312,10,9.472702,-1,-1,-1,-1,-1,-1,-1,-1,-1,-1,-1,-1,-1,-1,-1,-1,-1,-1,-1,-1,-1,-1,-1,-1,-1,-1,-1,-1,-1,-1,-1,-1,-1,-1,-1,-1,-1,-1,-1,-1,-1,-1,-1,-1,-1,-1,-1,-1,-1,-1,0,0,0,0,0,0,-1,-1,-1,-1,-1,-1,-1,-1,-1,-1,-1,-1,0,0,0,0,0,0,-1,-1,-1,-1,-1,-1,-1,-1,-1,-1,-1,-1,-1,-1,False,False,0,0,False,207,0,0,0,0,0,0,0,0,0,0,0,0,0,0,0,1,
23414312,938,2026-02-23 14:00:02Z,LLM_Empathetic,6.918608,7.2202,6.617017,0.6340479,0,1.614474,0,0,0,0,0,0,5.483622,4.346258,6.620995,0.592854,0.702737,0.482971,7.391462,6.226353,8.556572,0.6006282,0,2.123029,7.180955,6.095631,8.266281,9.824368,10,9.472771,6.918608,7.2202,6.617017,0.6340479,0,1.614474,0,0,0,0,0,0,5.483622,4.346258,6.620995,0.592854,0.702737,0.482971,7.391462,6.226353,8.556572,0.6006282,0,2.123029,7.180955,6.095631,8.266281,9.824368,10,9.472771,-1,-1,-1,-1,-1,-1,-1,-1,-1,-1,-1,-1,-1,-1,-1,-1,-1,-1,-1,-1,-1,-1,-1,-1,-1,-1,-1,-1,-1,-1,-1,-1,-1,-1,-1,-1,-1,-1,-1,-1,-1,-1,-1,-1,-1,-1,-1,-1,-1,-1,0,0,0,0,0,0,-1,-1,-1,-1,-1,-1,-1,-1,-1,-1,-1,-1,0,0,0,0,0,0,-1,-1,-1,-1,-1,-1,-1,-1,-1,-1,-1,-1,-1,-1,False,False,0,0,False,207,0,0,0,0,0,0,0,0,0,0,0,0,0,0,0,1,
23414312,939,2026-02-23 14:00:02Z,LLM_Empathetic,6.918623,7.220202,6.617045,0.6340218,0,1.61446,0,0,0,0,0,0,5.483642,4.346265,6.621028,0.592854,0.702737,0.482971,7.391471,6.226348,8.556595,0.6006114,0,2.123012,7.180983,6.095646,8.266321,9.824423,10,9.472839,6.918623,7.220202,6.617045,0.6340218,0,1.61446,0,0,0,0,0,0,5.483642,4.346265,6.621028,0.592854,0.702737,0.482971,7.391471,6.226348,8.556595,0.6006114,0,2.123012,7.180983,6.095646,8.266321,9.824423,10,9.472839,-1,-1,-1,-1,-1,-1,-1,-1,-1,-1,-1,-1,-1,-1,-1,-1,-1,-1,-1,-1,-1,-1,-1,-1,-1,-1,-1,-1,-1,-1,-1,-1,-1,-1,-1,-1,-1,-1,-1,-1,-1,-1,-1,-1,-1,-1,-1,-1,-1,-1,0,0,0,0,0,0,-1,-1,-1,-1,-1,-1,-1,-1,-1,-1,-1,-1,0,0,0,0,0,0,-1,-1,-1,-1,-1,-1,-1,-1,-1,-1,-1,-1,-1,-1,False,False,0,0,False,207,0,0,0,0,0,0,0,0,0,0,0,0,0,0,0,1,
23414312,940,2026-02-23 14:00:02Z,LLM_Empathetic,6.918639,7.220205,6.617073,0.6339957,0,1.614445,0,0,0,0,0,0,5.483661,4.346272,6.621061,0.592854,0.702737,0.482971,7.39148,6.226344,8.556618,0.6005948,0,2.122995,7.18101,6.095661,8.266361,9.824477,10,9.472908,6.918639,7.220205,6.617073,0.6339957,0,1.614445,0,0,0,0,0,0,5.483661,4.346272,6.621061,0.592854,0.702737,0.482971,7.39148,6.226344,8.556618,0.6005948,0,2.122995,7.18101,6.095661,8.266361,9.824477,10,9.472908,-1,-1,-1,-1,-1,-1,-1,-1,-1,-1,-1,-1,-1,-1,-1,-1,-1,-1,-1,-1,-1,-1,-1,-1,-1,-1,-1,-1,-1,-1,-1,-1,-1,-1,-1,-1,-1,-1,-1,-1,-1,-1,-1,-1,-1,-1,-1,-1,-1,-1,0,0,0,0,0,0,-1,-1,-1,-1,-1,-1,-1,-1,-1,-1,-1,-1,0,0,0,0,0,0,-1,-1,-1,-1,-1,-1,-1,-1,-1,-1,-1,-1,-1,-1,False,False,0,0,False,209,0,0,0,0,0,0,0,0,0,0,0,0,0,0,0,1,
23414312,941,2026-02-23 14:00:03Z,LLM_Empathetic,6.918654,7.220208,6.617101,0.6339697,0,1.614431,0,0,0,0,0,0,5.483681,4.346278,6.621094,0.592854,0.702737,0.482971,7.39149,6.226339,8.55664,0.6005781,0,2.122978,7.181038,6.095675,8.266401,9.824532,10,9.472977,6.918654,7.220208,6.617101,0.6339697,0,1.614431,0,0,0,0,0,0,5.483681,4.346278,6.621094,0.592854,0.702737,0.482971,7.39149,6.226339,8.55664,0.6005781,0,2.122978,7.181038,6.095675,8.266401,9.824532,10,9.472977,-1,-1,-1,-1,-1,-1,-1,-1,-1,-1,-1,-1,-1,-1,-1,-1,-1,-1,-1,-1,-1,-1,-1,-1,-1,-1,-1,-1,-1,-1,-1,-1,-1,-1,-1,-1,-1,-1,-1,-1,-1,-1,-1,-1,-1,-1,-1,-1,-1,-1,0,0,0,0,0,0,-1,-1,-1,-1,-1,-1,-1,-1,-1,-1,-1,-1,0,0,0,0,0,0,-1,-1,-1,-1,-1,-1,-1,-1,-1,-1,-1,-1,-1,-1,False,False,0,0,False,209,0,0,0,0,0,0,0,0,0,0,0,0,0,0,0,1,
23414312,942,2026-02-23 14:00:03Z,LLM_Empathetic,6.91867,7.220211,6.617128,0.6339437,0,1.614417,0,0,0,0,0,0,5.483701,4.346284,6.621127,0.592854,0.702737,0.482971,7.391499,6.226335,8.556663,0.6005614,0,2.122962,7.181065,6.09569,8.26644,9.824586,10,9.473045,6.91867,7.220211,6.617128,0.6339437,0,1.614417,0,0,0,0,0,0,5.483701,4.346284,6.621127,0.592854,0.702737,0.482971,7.391499,6.226335,8.556663,0.6005614,0,2.122962,7.181065,6.09569,8.26644,9.824586,10,9.473045,-1,-1,-1,-1,-1,-1,-1,-1,-1,-1,-1,-1,-1,-1,-1,-1,-1,-1,-1,-1,-1,-1,-1,-1,-1,-1,-1,-1,-1,-1,-1,-1,-1,-1,-1,-1,-1,-1,-1,-1,-1,-1,-1,-1,-1,-1,-1,-1,-1,-1,0,0,0,0,0,0,-1,-1,-1,-1,-1,-1,-1,-1,-1,-1,-1,-1,0,0,0,0,0,0,-1,-1,-1,-1,-1,-1,-1,-1,-1,-1,-1,-1,-1,-1,False,False,0,0,False,207,0,0,0,0,0,0,0,0,0,0,0,0,0,0,0,1,
23414312,943,2026-02-23 14:00:03Z,LLM_Empathetic,6.918685,7.220213,6.617157,0.6339177,0,1.614402,0,0,0,0,0,0,5.48372,4.346291,6.62116,0.592854,0.702737,0.482971,7.391507,6.22633,8.556685,0.6005448,0,2.122945,7.181092,6.095705,8.26648,9.824641,10,9.473113,6.918685,7.220213,6.617157,0.6339177,0,1.614402,0,0,0,0,0,0,5.48372,4.346291,6.62116,0.592854,0.702737,0.482971,7.391507,6.22633,8.556685,0.6005448,0,2.122945,7.181092,6.095705,8.26648,9.824641,10,9.473113,-1,-1,-1,-1,-1,-1,-1,-1,-1,-1,-1,-1,-1,-1,-1,-1,-1,-1,-1,-1,-1,-1,-1,-1,-1,-1,-1,-1,-1,-1,-1,-1,-1,-1,-1,-1,-1,-1,-1,-1,-1,-1,-1,-1,-1,-1,-1,-1,-1,-1,0,0,0,0,0,0,-1,-1,-1,-1,-1,-1,-1,-1,-1,-1,-1,-1,0,0,0,0,0,0,-1,-1,-1,-1,-1,-1,-1,-1,-1,-1,-1,-1,-1,-1,False,False,0,0,False,209,0,0,0,0,0,0,0,0,0,0,0,0,0,0,0,1,
23414312,944,2026-02-23 14:00:03Z,LLM_Empathetic,6.9187,7.220216,6.617184,0.6338918,0,1.614388,0,0,0,0,0,0,5.48374,4.346297,6.621192,0.592854,0.702737,0.482971,7.391516,6.226326,8.556707,0.6005282,0,2.122929,7.181119,6.09572,8.266521,9.824696,10,9.473182,6.9187,7.220216,6.617184,0.6338918,0,1.614388,0,0,0,0,0,0,5.48374,4.346297,6.621192,0.592854,0.702737,0.482971,7.391516,6.226326,8.556707,0.6005282,0,2.122929,7.181119,6.09572,8.266521,9.824696,10,9.473182,-1,-1,-1,-1,-1,-1,-1,-1,-1,-1,-1,-1,-1,-1,-1,-1,-1,-1,-1,-1,-1,-1,-1,-1,-1,-1,-1,-1,-1,-1,-1,-1,-1,-1,-1,-1,-1,-1,-1,-1,-1,-1,-1,-1,-1,-1,-1,-1,-1,-1,0,0,0,0,0,0,-1,-1,-1,-1,-1,-1,-1,-1,-1,-1,-1,-1,0,0,0,0,0,0,-1,-1,-1,-1,-1,-1,-1,-1,-1,-1,-1,-1,-1,-1,False,False,0,0,False,207,0,0,0,0,0,0,0,0,0,0,0,0,0,0,0,1,
23414312,945,2026-02-23 14:00:03Z,LLM_Empathetic,6.918715,7.220219,6.617212,0.633866,0,1.614374,0,0,0,0,0,0,5.483759,4.346304,6.621225,0.592854,0.702737,0.482971,7.391525,6.226321,8.55673,0.6005117,0,2.122912,7.181147,6.095735,8.26656,9.824749,10,9.473249,6.918715,7.220219,6.617212,0.633866,0,1.614374,0,0,0,0,0,0,5.483759,4.346304,6.621225,0.592854,0.702737,0.482971,7.391525,6.226321,8.55673,0.6005117,0,2.122912,7.181147,6.095735,8.26656,9.824749,10,9.473249,-1,-1,-1,-1,-1,-1,-1,-1,-1,-1,-1,-1,-1,-1,-1,-1,-1,-1,-1,-1,-1,-1,-1,-1,-1,-1,-1,-1,-1,-1,-1,-1,-1,-1,-1,-1,-1,-1,-1,-1,-1,-1,-1,-1,-1,-1,-1,-1,-1,-1,0,0,0,0,0,0,-1,-1,-1,-1,-1,-1,-1,-1,-1,-1,-1,-1,0,0,0,0,0,0,-1,-1,-1,-1,-1,-1,-1,-1,-1,-1,-1,-1,-1,-1,False,False,0,0,False,209,0,0,0,0,0,0,0,0,0,0,0,0,0,0,0,1,
23414312,946,2026-02-23 14:00:03Z,LLM_Empathetic,6.918731,7.220222,6.617239,0.6338401,0,1.61436,0,0,0,0,0,0,5.483779,4.346311,6.621258,0.592854,0.702737,0.482971,7.391534,6.226316,8.556752,0.6004952,0,2.122895,7.181174,6.095749,8.2666,9.824803,10,9.473318,6.918731,7.220222,6.617239,0.6338401,0,1.61436,0,0,0,0,0,0,5.483779,4.346311,6.621258,0.592854,0.702737,0.482971,7.391534,6.226316,8.556752,0.6004952,0,2.122895,7.181174,6.095749,8.2666,9.824803,10,9.473318,-1,-1,-1,-1,-1,-1,-1,-1,-1,-1,-1,-1,-1,-1,-1,-1,-1,-1,-1,-1,-1,-1,-1,-1,-1,-1,-1,-1,-1,-1,-1,-1,-1,-1,-1,-1,-1,-1,-1,-1,-1,-1,-1,-1,-1,-1,-1,-1,-1,-1,0,0,0,0,0,0,-1,-1,-1,-1,-1,-1,-1,-1,-1,-1,-1,-1,0,0,0,0,0,0,-1,-1,-1,-1,-1,-1,-1,-1,-1,-1,-1,-1,-1,-1,False,False,0,0,False,207,0,0,0,0,0,0,0,0,0,0,0,0,0,0,0,1,
23414312,947,2026-02-23 14:00:03Z,LLM_Empathetic,6.918746,7.220224,6.617267,0.6338144,0,1.614345,0,0,0,0,0,0,5.483799,4.346317,6.62129,0.592854,0.702737,0.482971,7.391543,6.226312,8.556775,0.6004786,0,2.122879,7.181201,6.095764,8.266639,9.824858,10,9.473386,6.918746,7.220224,6.617267,0.6338144,0,1.614345,0,0,0,0,0,0,5.483799,4.346317,6.62129,0.592854,0.702737,0.482971,7.391543,6.226312,8.556775,0.6004786,0,2.122879,7.181201,6.095764,8.266639,9.824858,10,9.473386,-1,-1,-1,-1,-1,-1,-1,-1,-1,-1,-1,-1,-1,-1,-1,-1,-1,-1,-1,-1,-1,-1,-1,-1,-1,-1,-1,-1,-1,-1,-1,-1,-1,-1,-1,-1,-1,-1,-1,-1,-1,-1,-1,-1,-1,-1,-1,-1,-1,-1,0,0,0,0,0,0,-1,-1,-1,-1,-1,-1,-1,-1,-1,-1,-1,-1,0,0,0,0,0,0,-1,-1,-1,-1,-1,-1,-1,-1,-1,-1,-1,-1,-1,-1,False,False,0,0,False,209,0,0,0,0,0,0,0,0,0,0,0,0,0,0,0,1,
23414312,948,2026-02-23 14:00:03Z,LLM_Empathetic,6.918761,7.220227,6.617294,0.6337887,0,1.614331,0,0,0,0,0,0,5.483818,4.346323,6.621323,0.592854,0.702737,0.482971,7.391552,6.226307,8.556797,0.6004622,0,2.122863,7.181228,6.095778,8.266678,9.824912,10,9.473454,6.918761,7.220227,6.617294,0.6337887,0,1.614331,0,0,0,0,0,0,5.483818,4.346323,6.621323,0.592854,0.702737,0.482971,7.391552,6.226307,8.556797,0.6004622,0,2.122863,7.181228,6.095778,8.266678,9.824912,10,9.473454,-1,-1,-1,-1,-1,-1,-1,-1,-1,-1,-1,-1,-1,-1,-1,-1,-1,-1,-1,-1,-1,-1,-1,-1,-1,-1,-1,-1,-1,-1,-1,-1,-1,-1,-1,-1,-1,-1,-1,-1,-1,-1,-1,-1,-1,-1,-1,-1,-1,-1,0,0,0,0,0,0,-1,-1,-1,-1,-1,-1,-1,-1,-1,-1,-1,-1,0,0,0,0,0,0,-1,-1,-1,-1,-1,-1,-1,-1,-1,-1,-1,-1,-1,-1,False,False,0,0,False,209,0,0,0,0,0,0,0,0,0,0,0,0,0,0,0,1,
23414312,949,2026-02-23 14:00:03Z,LLM_Empathetic,6.918776,7.22023,6.617322,0.633763,0,1.614317,0,0,0,0,0,0,5.483837,4.34633,6.621355,0.592854,0.702737,0.482971,7.391561,6.226303,8.556819,0.6004457,0,2.122846,7.181255,6.095793,8.266718,9.824965,10,9.473521,6.918776,7.22023,6.617322,0.633763,0,1.614317,0,0,0,0,0,0,5.483837,4.34633,6.621355,0.592854,0.702737,0.482971,7.391561,6.226303,8.556819,0.6004457,0,2.122846,7.181255,6.095793,8.266718,9.824965,10,9.473521,-1,-1,-1,-1,-1,-1,-1,-1,-1,-1,-1,-1,-1,-1,-1,-1,-1,-1,-1,-1,-1,-1,-1,-1,-1,-1,-1,-1,-1,-1,-1,-1,-1,-1,-1,-1,-1,-1,-1,-1,-1,-1,-1,-1,-1,-1,-1,-1,-1,-1,0,0,0,0,0,0,-1,-1,-1,-1,-1,-1,-1,-1,-1,-1,-1,-1,0,0,0,0,0,0,-1,-1,-1,-1,-1,-1,-1,-1,-1,-1,-1,-1,-1,-1,False,False,0,0,False,207,0,0,0,0,0,0,0,0,0,0,0,0,0,0,0,1,
23414312,950,2026-02-23 14:00:03Z,LLM_Empathetic,6.918791,7.220232,6.617349,0.6337374,0,1.614303,0,0,0,0,0,0,5.483857,4.346336,6.621387,0.592854,0.702737,0.482971,7.39157,6.226298,8.556842,0.6004294,0,2.12283,7.181282,6.095808,8.266757,9.825019,10,9.473589,6.918791,7.220232,6.617349,0.6337374,0,1.614303,0,0,0,0,0,0,5.483857,4.346336,6.621387,0.592854,0.702737,0.482971,7.39157,6.226298,8.556842,0.6004294,0,2.12283,7.181282,6.095808,8.266757,9.825019,10,9.473589,-1,-1,-1,-1,-1,-1,-1,-1,-1,-1,-1,-1,-1,-1,-1,-1,-1,-1,-1,-1,-1,-1,-1,-1,-1,-1,-1,-1,-1,-1,-1,-1,-1,-1,-1,-1,-1,-1,-1,-1,-1,-1,-1,-1,-1,-1,-1,-1,-1,-1,0,0,0,0,0,0,-1,-1,-1,-1,-1,-1,-1,-1,-1,-1,-1,-1,0,0,0,0,0,0,-1,-1,-1,-1,-1,-1,-1,-1,-1,-1,-1,-1,-1,-1,False,False,0,0,False,207,0,0,0,0,0,0,0,0,0,0,0,0,0,0,0,1,
23414312,951,2026-02-23 14:00:03Z,LLM_Empathetic,6.918806,7.220235,6.617377,0.6337118,0,1.614289,0,0,0,0,0,0,5.483876,4.346343,6.62142,0.592854,0.702737,0.482971,7.391579,6.226294,8.556864,0.600413,0,2.122813,7.181309,6.095822,8.266796,9.825073,10,9.473656,6.918806,7.220235,6.617377,0.6337118,0,1.614289,0,0,0,0,0,0,5.483876,4.346343,6.62142,0.592854,0.702737,0.482971,7.391579,6.226294,8.556864,0.600413,0,2.122813,7.181309,6.095822,8.266796,9.825073,10,9.473656,-1,-1,-1,-1,-1,-1,-1,-1,-1,-1,-1,-1,-1,-1,-1,-1,-1,-1,-1,-1,-1,-1,-1,-1,-1,-1,-1,-1,-1,-1,-1,-1,-1,-1,-1,-1,-1,-1,-1,-1,-1,-1,-1,-1,-1,-1,-1,-1,-1,-1,0,0,0,0,0,0,-1,-1,-1,-1,-1,-1,-1,-1,-1,-1,-1,-1,0,0,0,0,0,0,-1,-1,-1,-1,-1,-1,-1,-1,-1,-1,-1,-1,-1,-1,False,False,0,0,False,207,0,0,0,0,0,0,0,0,0,0,0,0,0,0,0,1,
23414312,952,2026-02-23 14:00:03Z,LLM_Empathetic,6.918821,7.220238,6.617404,0.6336862,0,1.614275,0,0,0,0,0,0,5.483895,4.346349,6.621452,0.592854,0.702737,0.482971,7.391587,6.226289,8.556886,0.6003966,0,2.122797,7.181335,6.095837,8.266835,9.825127,10,9.473723,6.918821,7.220238,6.617404,0.6336862,0,1.614275,0,0,0,0,0,0,5.483895,4.346349,6.621452,0.592854,0.702737,0.482971,7.391587,6.226289,8.556886,0.6003966,0,2.122797,7.181335,6.095837,8.266835,9.825127,10,9.473723,-1,-1,-1,-1,-1,-1,-1,-1,-1,-1,-1,-1,-1,-1,-1,-1,-1,-1,-1,-1,-1,-1,-1,-1,-1,-1,-1,-1,-1,-1,-1,-1,-1,-1,-1,-1,-1,-1,-1,-1,-1,-1,-1,-1,-1,-1,-1,-1,-1,-1,0,0,0,0,0,0,-1,-1,-1,-1,-1,-1,-1,-1,-1,-1,-1,-1,0,0,0,0,0,0,-1,-1,-1,-1,-1,-1,-1,-1,-1,-1,-1,-1,-1,-1,False,False,0,0,False,207,0,0,0,0,0,0,0,0,0,0,0,0,0,0,0,1,
23414312,953,2026-02-23 14:00:03Z,LLM_Empathetic,6.918836,7.220241,6.617431,0.6336607,0,1.614261,0,0,0,0,0,0,5.483915,4.346355,6.621484,0.592854,0.702737,0.482971,7.391596,6.226285,8.556908,0.6003802,0,2.122781,7.181362,6.095851,8.266874,9.82518,10,9.47379,6.918836,7.220241,6.617431,0.6336607,0,1.614261,0,0,0,0,0,0,5.483915,4.346355,6.621484,0.592854,0.702737,0.482971,7.391596,6.226285,8.556908,0.6003802,0,2.122781,7.181362,6.095851,8.266874,9.82518,10,9.47379,-1,-1,-1,-1,-1,-1,-1,-1,-1,-1,-1,-1,-1,-1,-1,-1,-1,-1,-1,-1,-1,-1,-1,-1,-1,-1,-1,-1,-1,-1,-1,-1,-1,-1,-1,-1,-1,-1,-1,-1,-1,-1,-1,-1,-1,-1,-1,-1,-1,-1,0,0,0,0,0,0,-1,-1,-1,-1,-1,-1,-1,-1,-1,-1,-1,-1,0,0,0,0,0,0,-1,-1,-1,-1,-1,-1,-1,-1,-1,-1,-1,-1,-1,-1,False,False,0,0,False,209,0,0,0,0,0,0,0,0,0,0,0,0,0,0,0,1,
23414312,954,2026-02-23 14:00:03Z,LLM_Empathetic,6.918851,7.220243,6.617459,0.6336353,0,1.614247,0,0,0,0,0,0,5.483934,4.346362,6.621517,0.592854,0.702737,0.482971,7.391605,6.22628,8.556931,0.600364,0,2.122764,7.181389,6.095866,8.266913,9.825233,10,9.473858,6.918851,7.220243,6.617459,0.6336353,0,1.614247,0,0,0,0,0,0,5.483934,4.346362,6.621517,0.592854,0.702737,0.482971,7.391605,6.22628,8.556931,0.600364,0,2.122764,7.181389,6.095866,8.266913,9.825233,10,9.473858,-1,-1,-1,-1,-1,-1,-1,-1,-1,-1,-1,-1,-1,-1,-1,-1,-1,-1,-1,-1,-1,-1,-1,-1,-1,-1,-1,-1,-1,-1,-1,-1,-1,-1,-1,-1,-1,-1,-1,-1,-1,-1,-1,-1,-1,-1,-1,-1,-1,-1,0,0,0,0,0,0,-1,-1,-1,-1,-1,-1,-1,-1,-1,-1,-1,-1,0,0,0,0,0,0,-1,-1,-1,-1,-1,-1,-1,-1,-1,-1,-1,-1,-1,-1,False,False,0,0,False,209,0,0,0,0,0,0,0,0,0,0,0,0,0,0,0,1,
23414312,955,2026-02-23 14:00:03Z,LLM_Empathetic,6.918866,7.220246,6.617486,0.6336099,0,1.614233,0,0,0,0,0,0,5.483953,4.346368,6.621549,0.592854,0.702737,0.482971,7.391613,6.226275,8.556952,0.6003477,0,2.122748,7.181416,6.09588,8.266953,9.825287,10,9.473925,6.918866,7.220246,6.617486,0.6336099,0,1.614233,0,0,0,0,0,0,5.483953,4.346368,6.621549,0.592854,0.702737,0.482971,7.391613,6.226275,8.556952,0.6003477,0,2.122748,7.181416,6.09588,8.266953,9.825287,10,9.473925,-1,-1,-1,-1,-1,-1,-1,-1,-1,-1,-1,-1,-1,-1,-1,-1,-1,-1,-1,-1,-1,-1,-1,-1,-1,-1,-1,-1,-1,-1,-1,-1,-1,-1,-1,-1,-1,-1,-1,-1,-1,-1,-1,-1,-1,-1,-1,-1,-1,-1,0,0,0,0,0,0,-1,-1,-1,-1,-1,-1,-1,-1,-1,-1,-1,-1,0,0,0,0,0,0,-1,-1,-1,-1,-1,-1,-1,-1,-1,-1,-1,-1,-1,-1,False,False,0,0,False,209,0,0,0,0,0,0,0,0,0,0,0,0,0,0,0,1,
23414312,956,2026-02-23 14:00:03Z,LLM_Empathetic,6.918881,7.220249,6.617513,0.6335846,0,1.614219,0,0,0,0,0,0,5.483973,4.346375,6.621581,0.592854,0.702737,0.482971,7.391623,6.226271,8.556974,0.6003314,0,2.122732,7.181442,6.095894,8.266992,9.82534,10,9.473991,6.918881,7.220249,6.617513,0.6335846,0,1.614219,0,0,0,0,0,0,5.483973,4.346375,6.621581,0.592854,0.702737,0.482971,7.391623,6.226271,8.556974,0.6003314,0,2.122732,7.181442,6.095894,8.266992,9.82534,10,9.473991,-1,-1,-1,-1,-1,-1,-1,-1,-1,-1,-1,-1,-1,-1,-1,-1,-1,-1,-1,-1,-1,-1,-1,-1,-1,-1,-1,-1,-1,-1,-1,-1,-1,-1,-1,-1,-1,-1,-1,-1,-1,-1,-1,-1,-1,-1,-1,-1,-1,-1,0,0,0,0,0,0,-1,-1,-1,-1,-1,-1,-1,-1,-1,-1,-1,-1,0,0,0,0,0,0,-1,-1,-1,-1,-1,-1,-1,-1,-1,-1,-1,-1,-1,-1,False,False,0,0,False,209,0,0,0,0,0,0,0,0,0,0,0,0,0,0,0,1,
23414312,957,2026-02-23 14:00:03Z,LLM_Empathetic,6.918896,7.220252,6.61754,0.6335592,0,1.614205,0,0,0,0,0,0,5.483992,4.346381,6.621613,0.592854,0.702737,0.482971,7.391631,6.226266,8.556996,0.6003152,0,2.122716,7.181469,6.095909,8.26703,9.825393,10,9.474058,6.918896,7.220252,6.61754,0.6335592,0,1.614205,0,0,0,0,0,0,5.483992,4.346381,6.621613,0.592854,0.702737,0.482971,7.391631,6.226266,8.556996,0.6003152,0,2.122716,7.181469,6.095909,8.26703,9.825393,10,9.474058,-1,-1,-1,-1,-1,-1,-1,-1,-1,-1,-1,-1,-1,-1,-1,-1,-1,-1,-1,-1,-1,-1,-1,-1,-1,-1,-1,-1,-1,-1,-1,-1,-1,-1,-1,-1,-1,-1,-1,-1,-1,-1,-1,-1,-1,-1,-1,-1,-1,-1,0,0,0,0,0,0,-1,-1,-1,-1,-1,-1,-1,-1,-1,-1,-1,-1,0,0,0,0,0,0,-1,-1,-1,-1,-1,-1,-1,-1,-1,-1,-1,-1,-1,-1,False,False,0,0,False,207,0,0,0,0,0,0,0,0,0,0,0,0,0,0,0,1,
23414312,958,2026-02-23 14:00:03Z,LLM_Empathetic,6.918911,7.220254,6.617567,0.633534,0,1.614191,0,0,0,0,0,0,5.484011,4.346387,6.621644,0.592854,0.702737,0.482971,7.39164,6.226262,8.557018,0.6002991,0,2.122699,7.181496,6.095923,8.267069,9.825446,10,9.474124,6.918911,7.220254,6.617567,0.633534,0,1.614191,0,0,0,0,0,0,5.484011,4.346387,6.621644,0.592854,0.702737,0.482971,7.39164,6.226262,8.557018,0.6002991,0,2.122699,7.181496,6.095923,8.267069,9.825446,10,9.474124,-1,-1,-1,-1,-1,-1,-1,-1,-1,-1,-1,-1,-1,-1,-1,-1,-1,-1,-1,-1,-1,-1,-1,-1,-1,-1,-1,-1,-1,-1,-1,-1,-1,-1,-1,-1,-1,-1,-1,-1,-1,-1,-1,-1,-1,-1,-1,-1,-1,-1,0,0,0,0,0,0,-1,-1,-1,-1,-1,-1,-1,-1,-1,-1,-1,-1,0,0,0,0,0,0,-1,-1,-1,-1,-1,-1,-1,-1,-1,-1,-1,-1,-1,-1,False,False,0,0,False,209,0,0,0,0,0,0,0,0,0,0,0,0,0,0,0,1,
23414312,959,2026-02-23 14:00:03Z,LLM_Empathetic,6.918926,7.220257,6.617594,0.6335087,0,1.614177,0,0,0,0,0,0,5.48403,4.346394,6.621676,0.592854,0.702737,0.482971,7.391648,6.226257,8.55704,0.6002829,0,2.122683,7.181522,6.095938,8.267107,9.8255,10,9.474191,6.918926,7.220257,6.617594,0.6335087,0,1.614177,0,0,0,0,0,0,5.48403,4.346394,6.621676,0.592854,0.702737,0.482971,7.391648,6.226257,8.55704,0.6002829,0,2.122683,7.181522,6.095938,8.267107,9.8255,10,9.474191,-1,-1,-1,-1,-1,-1,-1,-1,-1,-1,-1,-1,-1,-1,-1,-1,-1,-1,-1,-1,-1,-1,-1,-1,-1,-1,-1,-1,-1,-1,-1,-1,-1,-1,-1,-1,-1,-1,-1,-1,-1,-1,-1,-1,-1,-1,-1,-1,-1,-1,0,0,0,0,0,0,-1,-1,-1,-1,-1,-1,-1,-1,-1,-1,-1,-1,0,0,0,0,0,0,-1,-1,-1,-1,-1,-1,-1,-1,-1,-1,-1,-1,-1,-1,False,False,0,0,False,207,0,0,0,0,0,0,0,0,0,0,0,0,0,0,0,1,
23414312,960,2026-02-23 14:00:03Z,LLM_Empathetic,6.918941,7.22026,6.617621,0.6334835,0,1.614163,0,0,0,0,0,0,5.484049,4.3464,6.621708,0.592854,0.702737,0.482971,7.391657,6.226253,8.557062,0.6002668,0,2.122667,7.181549,6.095952,8.267146,9.825552,10,9.474257,6.918941,7.22026,6.617621,0.6334835,0,1.614163,0,0,0,0,0,0,5.484049,4.3464,6.621708,0.592854,0.702737,0.482971,7.391657,6.226253,8.557062,0.6002668,0,2.122667,7.181549,6.095952,8.267146,9.825552,10,9.474257,-1,-1,-1,-1,-1,-1,-1,-1,-1,-1,-1,-1,-1,-1,-1,-1,-1,-1,-1,-1,-1,-1,-1,-1,-1,-1,-1,-1,-1,-1,-1,-1,-1,-1,-1,-1,-1,-1,-1,-1,-1,-1,-1,-1,-1,-1,-1,-1,-1,-1,0,0,0,0,0,0,-1,-1,-1,-1,-1,-1,-1,-1,-1,-1,-1,-1,0,0,0,0,0,0,-1,-1,-1,-1,-1,-1,-1,-1,-1,-1,-1,-1,-1,-1,False,False,0,0,False,209,0,0,0,0,0,0,0,0,0,0,0,0,0,0,0,1,
23414312,961,2026-02-23 14:00:03Z,LLM_Empathetic,6.918955,7.220262,6.617648,0.6334584,0,1.614149,0,0,0,0,0,0,5.484068,4.346406,6.62174,0.592854,0.702737,0.482971,7.391666,6.226249,8.557084,0.6002507,0,2.122651,7.181575,6.095966,8.267184,9.825604,10,9.474323,6.918955,7.220262,6.617648,0.6334584,0,1.614149,0,0,0,0,0,0,5.484068,4.346406,6.62174,0.592854,0.702737,0.482971,7.391666,6.226249,8.557084,0.6002507,0,2.122651,7.181575,6.095966,8.267184,9.825604,10,9.474323,-1,-1,-1,-1,-1,-1,-1,-1,-1,-1,-1,-1,-1,-1,-1,-1,-1,-1,-1,-1,-1,-1,-1,-1,-1,-1,-1,-1,-1,-1,-1,-1,-1,-1,-1,-1,-1,-1,-1,-1,-1,-1,-1,-1,-1,-1,-1,-1,-1,-1,0,0,0,0,0,0,-1,-1,-1,-1,-1,-1,-1,-1,-1,-1,-1,-1,0,0,0,0,0,0,-1,-1,-1,-1,-1,-1,-1,-1,-1,-1,-1,-1,-1,-1,False,False,0,0,False,209,0,0,0,0,0,0,0,0,0,0,0,0,0,0,0,1,
23414312,962,2026-02-23 14:00:03Z,LLM_Empathetic,6.91897,7.220265,6.617675,0.6334333,0,1.614135,0,0,0,0,0,0,5.484087,4.346412,6.621772,0.592854,0.702737,0.482971,7.391675,6.226244,8.557105,0.6002346,0,2.122635,7.181601,6.095981,8.267223,9.825658,10,9.474389,6.91897,7.220265,6.617675,0.6334333,0,1.614135,0,0,0,0,0,0,5.484087,4.346412,6.621772,0.592854,0.702737,0.482971,7.391675,6.226244,8.557105,0.6002346,0,2.122635,7.181601,6.095981,8.267223,9.825658,10,9.474389,-1,-1,-1,-1,-1,-1,-1,-1,-1,-1,-1,-1,-1,-1,-1,-1,-1,-1,-1,-1,-1,-1,-1,-1,-1,-1,-1,-1,-1,-1,-1,-1,-1,-1,-1,-1,-1,-1,-1,-1,-1,-1,-1,-1,-1,-1,-1,-1,-1,-1,0,0,0,0,0,0,-1,-1,-1,-1,-1,-1,-1,-1,-1,-1,-1,-1,0,0,0,0,0,0,-1,-1,-1,-1,-1,-1,-1,-1,-1,-1,-1,-1,-1,-1,False,False,0,0,False,209,0,0,0,0,0,0,0,0,0,0,0,0,0,0,0,1,
23414312,963,2026-02-23 14:00:03Z,LLM_Empathetic,6.918985,7.220268,6.617702,0.6334082,0,1.614121,0,0,0,0,0,0,5.484106,4.346418,6.621803,0.592854,0.702737,0.482971,7.391683,6.22624,8.557127,0.6002185,0,2.122619,7.181628,6.095995,8.267262,9.82571,10,9.474456,6.918985,7.220268,6.617702,0.6334082,0,1.614121,0,0,0,0,0,0,5.484106,4.346418,6.621803,0.592854,0.702737,0.482971,7.391683,6.22624,8.557127,0.6002185,0,2.122619,7.181628,6.095995,8.267262,9.82571,10,9.474456,-1,-1,-1,-1,-1,-1,-1,-1,-1,-1,-1,-1,-1,-1,-1,-1,-1,-1,-1,-1,-1,-1,-1,-1,-1,-1,-1,-1,-1,-1,-1,-1,-1,-1,-1,-1,-1,-1,-1,-1,-1,-1,-1,-1,-1,-1,-1,-1,-1,-1,0,0,0,0,0,0,-1,-1,-1,-1,-1,-1,-1,-1,-1,-1,-1,-1,0,0,0,0,0,0,-1,-1,-1,-1,-1,-1,-1,-1,-1,-1,-1,-1,-1,-1,False,False,0,0,False,207,0,0,0,0,0,0,0,0,0,0,0,0,0,0,0,1,
23414312,964,2026-02-23 14:00:03Z,LLM_Empathetic,6.918999,7.22027,6.617728,0.6333832,0,1.614108,0,0,0,0,0,0,5.484125,4.346425,6.621835,0.592854,0.702737,0.482971,7.391692,6.226235,8.557149,0.6002025,0,2.122603,7.181654,6.096009,8.2673,9.825763,10,9.474522,6.918999,7.22027,6.617728,0.6333832,0,1.614108,0,0,0,0,0,0,5.484125,4.346425,6.621835,0.592854,0.702737,0.482971,7.391692,6.226235,8.557149,0.6002025,0,2.122603,7.181654,6.096009,8.2673,9.825763,10,9.474522,-1,-1,-1,-1,-1,-1,-1,-1,-1,-1,-1,-1,-1,-1,-1,-1,-1,-1,-1,-1,-1,-1,-1,-1,-1,-1,-1,-1,-1,-1,-1,-1,-1,-1,-1,-1,-1,-1,-1,-1,-1,-1,-1,-1,-1,-1,-1,-1,-1,-1,0,0,0,0,0,0,-1,-1,-1,-1,-1,-1,-1,-1,-1,-1,-1,-1,0,0,0,0,0,0,-1,-1,-1,-1,-1,-1,-1,-1,-1,-1,-1,-1,-1,-1,False,False,0,0,False,209,0,0,0,0,0,0,0,0,0,0,0,0,0,0,0,1,
23414312,965,2026-02-23 14:00:03Z,LLM_Empathetic,6.919014,7.220273,6.617755,0.6333582,0,1.614094,0,0,0,0,0,0,5.484144,4.346431,6.621867,0.592854,0.702737,0.482971,7.3917,6.226231,8.557171,0.6001865,0,2.122587,7.18168,6.096023,8.267338,9.825815,10,9.474587,6.919014,7.220273,6.617755,0.6333582,0,1.614094,0,0,0,0,0,0,5.484144,4.346431,6.621867,0.592854,0.702737,0.482971,7.3917,6.226231,8.557171,0.6001865,0,2.122587,7.18168,6.096023,8.267338,9.825815,10,9.474587,-1,-1,-1,-1,-1,-1,-1,-1,-1,-1,-1,-1,-1,-1,-1,-1,-1,-1,-1,-1,-1,-1,-1,-1,-1,-1,-1,-1,-1,-1,-1,-1,-1,-1,-1,-1,-1,-1,-1,-1,-1,-1,-1,-1,-1,-1,-1,-1,-1,-1,0,0,0,0,0,0,-1,-1,-1,-1,-1,-1,-1,-1,-1,-1,-1,-1,0,0,0,0,0,0,-1,-1,-1,-1,-1,-1,-1,-1,-1,-1,-1,-1,-1,-1,False,False,0,0,False,209,0,0,0,0,0,0,0,0,0,0,0,0,0,0,0,1,
23414312,966,2026-02-23 14:00:03Z,LLM_Empathetic,6.919029,7.220275,6.617782,0.6333333,0,1.61408,0,0,0,0,0,0,5.484162,4.346437,6.621898,0.592854,0.702737,0.482971,7.391709,6.226226,8.557192,0.6001706,0,2.122571,7.181706,6.096037,8.267376,9.825868,10,9.474653,6.919029,7.220275,6.617782,0.6333333,0,1.61408,0,0,0,0,0,0,5.484162,4.346437,6.621898,0.592854,0.702737,0.482971,7.391709,6.226226,8.557192,0.6001706,0,2.122571,7.181706,6.096037,8.267376,9.825868,10,9.474653,-1,-1,-1,-1,-1,-1,-1,-1,-1,-1,-1,-1,-1,-1,-1,-1,-1,-1,-1,-1,-1,-1,-1,-1,-1,-1,-1,-1,-1,-1,-1,-1,-1,-1,-1,-1,-1,-1,-1,-1,-1,-1,-1,-1,-1,-1,-1,-1,-1,-1,0,0,0,0,0,0,-1,-1,-1,-1,-1,-1,-1,-1,-1,-1,-1,-1,0,0,0,0,0,0,-1,-1,-1,-1,-1,-1,-1,-1,-1,-1,-1,-1,-1,-1,False,False,0,0,False,207,0,0,0,0,0,0,0,0,0,0,0,0,0,0,0,1,
23414312,967,2026-02-23 14:01:22Z,LLM_Empathetic,6.919044,7.220278,6.617808,0.6333084,0,1.614066,0,0,0,0,0,0,5.484181,4.346444,6.62193,0.592854,0.702737,0.482971,7.391717,6.226222,8.557214,0.6001546,0,2.122555,7.181733,6.096052,8.267414,9.825919,10,9.474718,6.919044,7.220278,6.617808,0.6333084,0,1.614066,0,0,0,0,0,0,5.484181,4.346444,6.62193,0.592854,0.702737,0.482971,7.391717,6.226222,8.557214,0.6001546,0,2.122555,7.181733,6.096052,8.267414,9.825919,10,9.474718,-1,-1,-1,-1,-1,-1,-1,-1,-1,-1,-1,-1,-1,-1,-1,-1,-1,-1,-1,-1,-1,-1,-1,-1,-1,-1,-1,-1,-1,-1,-1,-1,-1,-1,-1,-1,-1,-1,-1,-1,-1,-1,-1,-1,-1,-1,-1,-1,-1,-1,0,0,0,0,0,0,-1,-1,-1,-1,-1,-1,-1,-1,-1,-1,-1,-1,0,0,0,0,0,0,-1,-1,-1,-1,-1,-1,-1,-1,-1,-1,-1,-1,-1,-1,False,False,0,0,False,209,0,0,0,0,0,0,0,0,0,0,0,0,0,0,0,1,
23414312,968,2026-02-23 14:01:27Z,LLM_Empathetic,6.919058,7.220281,6.617835,0.6332836,0,1.614053,0,0,0,0,0,0,5.4842,4.34645,6.621961,0.592854,0.702737,0.482971,7.391726,6.226218,8.557236,0.6001387,0,2.122539,7.181758,6.096066,8.267452,9.825972,10,9.474784,6.919058,7.220281,6.617835,0.6332836,0,1.614053,0,0,0,0,0,0,5.4842,4.34645,6.621961,0.592854,0.702737,0.482971,7.391726,6.226218,8.557236,0.6001387,0,2.122539,7.181758,6.096066,8.267452,9.825972,10,9.474784,-1,-1,-1,-1,-1,-1,-1,-1,-1,-1,-1,-1,-1,-1,-1,-1,-1,-1,-1,-1,-1,-1,-1,-1,-1,-1,-1,-1,-1,-1,-1,-1,-1,-1,-1,-1,-1,-1,-1,-1,-1,-1,-1,-1,-1,-1,-1,-1,-1,-1,0,0,0,0,0,0,-1,-1,-1,-1,-1,-1,-1,-1,-1,-1,-1,-1,0,0,0,0,0,0,-1,-1,-1,-1,-1,-1,-1,-1,-1,-1,-1,-1,-1,-1,False,False,0,0,False,209,0,0,0,0,0,0,0,0,0,0,0,0,0,0,0,1,
23414312,969,2026-02-23 14:01:27Z,LLM_Empathetic,6.919073,7.220284,6.617862,0.6332588,0,1.614039,0,0,0,0,0,0,5.484219,4.346456,6.621992,0.592854,0.702737,0.482971,7.391735,6.226213,8.557257,0.6001229,0,2.122523,7.181785,6.09608,8.26749,9.826024,10,9.474849,6.919073,7.220284,6.617862,0.6332588,0,1.614039,0,0,0,0,0,0,5.484219,4.346456,6.621992,0.592854,0.702737,0.482971,7.391735,6.226213,8.557257,0.6001229,0,2.122523,7.181785,6.09608,8.26749,9.826024,10,9.474849,-1,-1,-1,-1,-1,-1,-1,-1,-1,-1,-1,-1,-1,-1,-1,-1,-1,-1,-1,-1,-1,-1,-1,-1,-1,-1,-1,-1,-1,-1,-1,-1,-1,-1,-1,-1,-1,-1,-1,-1,-1,-1,-1,-1,-1,-1,-1,-1,-1,-1,0,0,0,0,0,0,-1,-1,-1,-1,-1,-1,-1,-1,-1,-1,-1,-1,0,0,0,0,0,0,-1,-1,-1,-1,-1,-1,-1,-1,-1,-1,-1,-1,-1,-1,False,False,0,0,False,209,0,0,0,0,0,0,0,0,0,0,0,0,0,0,0,1,
23414312,970,2026-02-23 14:01:27Z,LLM_Empathetic,6.919087,7.220286,6.617888,0.633234,0,1.614025,0,0,0,0,0,0,5.484238,4.346462,6.622024,0.592854,0.702737,0.482971,7.391743,6.226209,8.557279,0.600107,0,2.122507,7.18181,6.096094,8.267529,9.826076,10,9.474915,6.919087,7.220286,6.617888,0.633234,0,1.614025,0,0,0,0,0,0,5.484238,4.346462,6.622024,0.592854,0.702737,0.482971,7.391743,6.226209,8.557279,0.600107,0,2.122507,7.18181,6.096094,8.267529,9.826076,10,9.474915,-1,-1,-1,-1,-1,-1,-1,-1,-1,-1,-1,-1,-1,-1,-1,-1,-1,-1,-1,-1,-1,-1,-1,-1,-1,-1,-1,-1,-1,-1,-1,-1,-1,-1,-1,-1,-1,-1,-1,-1,-1,-1,-1,-1,-1,-1,-1,-1,-1,-1,0,0,0,0,0,0,-1,-1,-1,-1,-1,-1,-1,-1,-1,-1,-1,-1,0,0,0,0,0,0,-1,-1,-1,-1,-1,-1,-1,-1,-1,-1,-1,-1,-1,-1,False,False,0,0,False,209,0,0,0,0,0,0,0,0,0,0,0,0,0,0,0,1,
23414312,971,2026-02-23 14:01:28Z,LLM_Empathetic,6.919102,7.220289,6.617915,0.6332093,0,1.614012,0,0,0,0,0,0,5.484256,4.346468,6.622055,0.592854,0.702737,0.482971,7.391752,6.226204,8.5573,0.6000912,0,2.122492,7.181837,6.096108,8.267566,9.826127,10,9.474979,6.919102,7.220289,6.617915,0.6332093,0,1.614012,0,0,0,0,0,0,5.484256,4.346468,6.622055,0.592854,0.702737,0.482971,7.391752,6.226204,8.5573,0.6000912,0,2.122492,7.181837,6.096108,8.267566,9.826127,10,9.474979,-1,-1,-1,-1,-1,-1,-1,-1,-1,-1,-1,-1,-1,-1,-1,-1,-1,-1,-1,-1,-1,-1,-1,-1,-1,-1,-1,-1,-1,-1,-1,-1,-1,-1,-1,-1,-1,-1,-1,-1,-1,-1,-1,-1,-1,-1,-1,-1,-1,-1,0,0,0,0,0,0,-1,-1,-1,-1,-1,-1,-1,-1,-1,-1,-1,-1,0,0,0,0,0,0,-1,-1,-1,-1,-1,-1,-1,-1,-1,-1,-1,-1,-1,-1,False,False,0,0,False,209,0,0,0,0,0,0,0,0,0,0,0,0,0,0,0,1,
23414312,972,2026-02-23 14:01:28Z,LLM_Empathetic,6.919116,7.220292,6.617941,0.6331846,0,1.613998,0,0,0,0,0,0,5.484275,4.346475,6.622086,0.592854,0.702737,0.482971,7.39176,6.2262,8.557322,0.6000754,0,2.122476,7.181862,6.096122,8.267604,9.82618,10,9.475044,6.919116,7.220292,6.617941,0.6331846,0,1.613998,0,0,0,0,0,0,5.484275,4.346475,6.622086,0.592854,0.702737,0.482971,7.39176,6.2262,8.557322,0.6000754,0,2.122476,7.181862,6.096122,8.267604,9.82618,10,9.475044,-1,-1,-1,-1,-1,-1,-1,-1,-1,-1,-1,-1,-1,-1,-1,-1,-1,-1,-1,-1,-1,-1,-1,-1,-1,-1,-1,-1,-1,-1,-1,-1,-1,-1,-1,-1,-1,-1,-1,-1,-1,-1,-1,-1,-1,-1,-1,-1,-1,-1,0,0,0,0,0,0,-1,-1,-1,-1,-1,-1,-1,-1,-1,-1,-1,-1,0,0,0,0,0,0,-1,-1,-1,-1,-1,-1,-1,-1,-1,-1,-1,-1,-1,-1,False,False,0,0,False,209,0,0,0,0,0,0,0,0,0,0,0,0,0,0,0,1,
23414312,973,2026-02-23 14:01:28Z,LLM_Empathetic,6.919131,7.220294,6.617967,0.63316,0,1.613985,0,0,0,0,0,0,5.484293,4.346481,6.622117,0.592854,0.702737,0.482971,7.391769,6.226196,8.557343,0.6000596,0,2.12246,7.181889,6.096136,8.267642,9.826231,10,9.475109,6.919131,7.220294,6.617967,0.63316,0,1.613985,0,0,0,0,0,0,5.484293,4.346481,6.622117,0.592854,0.702737,0.482971,7.391769,6.226196,8.557343,0.6000596,0,2.12246,7.181889,6.096136,8.267642,9.826231,10,9.475109,-1,-1,-1,-1,-1,-1,-1,-1,-1,-1,-1,-1,-1,-1,-1,-1,-1,-1,-1,-1,-1,-1,-1,-1,-1,-1,-1,-1,-1,-1,-1,-1,-1,-1,-1,-1,-1,-1,-1,-1,-1,-1,-1,-1,-1,-1,-1,-1,-1,-1,0,0,0,0,0,0,-1,-1,-1,-1,-1,-1,-1,-1,-1,-1,-1,-1,0,0,0,0,0,0,-1,-1,-1,-1,-1,-1,-1,-1,-1,-1,-1,-1,-1,-1,False,False,0,0,False,207,0,0,0,0,0,0,0,0,0,0,0,0,0,0,0,1,
23414312,974,2026-02-23 14:01:28Z,LLM_Empathetic,6.919145,7.220297,6.617994,0.6331354,0,1.613971,0,0,0,0,0,0,5.484312,4.346487,6.622148,0.592854,0.702737,0.482971,7.391778,6.226191,8.557364,0.6000438,0,2.122444,7.181914,6.09615,8.267679,9.826283,10,9.475174,6.919145,7.220297,6.617994,0.6331354,0,1.613971,0,0,0,0,0,0,5.484312,4.346487,6.622148,0.592854,0.702737,0.482971,7.391778,6.226191,8.557364,0.6000438,0,2.122444,7.181914,6.09615,8.267679,9.826283,10,9.475174,-1,-1,-1,-1,-1,-1,-1,-1,-1,-1,-1,-1,-1,-1,-1,-1,-1,-1,-1,-1,-1,-1,-1,-1,-1,-1,-1,-1,-1,-1,-1,-1,-1,-1,-1,-1,-1,-1,-1,-1,-1,-1,-1,-1,-1,-1,-1,-1,-1,-1,0,0,0,0,0,0,-1,-1,-1,-1,-1,-1,-1,-1,-1,-1,-1,-1,0,0,0,0,0,0,-1,-1,-1,-1,-1,-1,-1,-1,-1,-1,-1,-1,-1,-1,False,False,0,0,False,209,0,0,0,0,0,0,0,0,0,0,0,0,0,0,0,1,
23414312,975,2026-02-23 14:01:28Z,LLM_Empathetic,6.91916,7.220299,6.61802,0.6331109,0,1.613957,0,0,0,0,0,0,5.484331,4.346493,6.622179,0.592854,0.702737,0.482971,7.391786,6.226187,8.557385,0.6000281,0,2.122428,7.18194,6.096164,8.267717,9.826334,10,9.475239,6.91916,7.220299,6.61802,0.6331109,0,1.613957,0,0,0,0,0,0,5.484331,4.346493,6.622179,0.592854,0.702737,0.482971,7.391786,6.226187,8.557385,0.6000281,0,2.122428,7.18194,6.096164,8.267717,9.826334,10,9.475239,-1,-1,-1,-1,-1,-1,-1,-1,-1,-1,-1,-1,-1,-1,-1,-1,-1,-1,-1,-1,-1,-1,-1,-1,-1,-1,-1,-1,-1,-1,-1,-1,-1,-1,-1,-1,-1,-1,-1,-1,-1,-1,-1,-1,-1,-1,-1,-1,-1,-1,0,0,0,0,0,0,-1,-1,-1,-1,-1,-1,-1,-1,-1,-1,-1,-1,0,0,0,0,0,0,-1,-1,-1,-1,-1,-1,-1,-1,-1,-1,-1,-1,-1,-1,False,False,0,0,False,209,0,0,0,0,0,0,0,0,0,0,0,0,0,0,0,1,
23414312,976,2026-02-23 14:01:28Z,LLM_Empathetic,6.919174,7.220302,6.618046,0.6330864,0,1.613944,0,0,0,0,0,0,5.484349,4.346499,6.62221,0.592854,0.702737,0.482971,7.391794,6.226182,8.557406,0.6000124,0,2.122413,7.181966,6.096178,8.267755,9.826385,10,9.475304,6.919174,7.220302,6.618046,0.6330864,0,1.613944,0,0,0,0,0,0,5.484349,4.346499,6.62221,0.592854,0.702737,0.482971,7.391794,6.226182,8.557406,0.6000124,0,2.122413,7.181966,6.096178,8.267755,9.826385,10,9.475304,-1,-1,-1,-1,-1,-1,-1,-1,-1,-1,-1,-1,-1,-1,-1,-1,-1,-1,-1,-1,-1,-1,-1,-1,-1,-1,-1,-1,-1,-1,-1,-1,-1,-1,-1,-1,-1,-1,-1,-1,-1,-1,-1,-1,-1,-1,-1,-1,-1,-1,0,0,0,0,0,0,-1,-1,-1,-1,-1,-1,-1,-1,-1,-1,-1,-1,0,0,0,0,0,0,-1,-1,-1,-1,-1,-1,-1,-1,-1,-1,-1,-1,-1,-1,False,False,0,0,False,209,0,0,0,0,0,0,0,0,0,0,0,0,0,0,0,1,
23414312,977,2026-02-23 14:01:28Z,LLM_Empathetic,6.919188,7.220304,6.618073,0.6330619,0,1.61393,0,0,0,0,0,0,5.484368,4.346505,6.622241,0.592854,0.702737,0.482971,7.391803,6.226178,8.557427,0.5999967,0,2.122397,7.181992,6.096192,8.267792,9.826437,10,9.475368,6.919188,7.220304,6.618073,0.6330619,0,1.61393,0,0,0,0,0,0,5.484368,4.346505,6.622241,0.592854,0.702737,0.482971,7.391803,6.226178,8.557427,0.5999967,0,2.122397,7.181992,6.096192,8.267792,9.826437,10,9.475368,-1,-1,-1,-1,-1,-1,-1,-1,-1,-1,-1,-1,-1,-1,-1,-1,-1,-1,-1,-1,-1,-1,-1,-1,-1,-1,-1,-1,-1,-1,-1,-1,-1,-1,-1,-1,-1,-1,-1,-1,-1,-1,-1,-1,-1,-1,-1,-1,-1,-1,0,0,0,0,0,0,-1,-1,-1,-1,-1,-1,-1,-1,-1,-1,-1,-1,0,0,0,0,0,0,-1,-1,-1,-1,-1,-1,-1,-1,-1,-1,-1,-1,-1,-1,False,False,0,0,False,209,0,0,0,0,0,0,0,0,0,0,0,0,0,0,0,1,
23414312,978,2026-02-23 14:01:28Z,LLM_Empathetic,6.919203,7.220307,6.618098,0.6330374,0,1.613917,0,0,0,0,0,0,5.484386,4.346511,6.622272,0.592854,0.702737,0.482971,7.391811,6.226174,8.557448,0.5999811,0,2.122381,7.182017,6.096206,8.26783,9.826488,10,9.475432,6.919203,7.220307,6.618098,0.6330374,0,1.613917,0,0,0,0,0,0,5.484386,4.346511,6.622272,0.592854,0.702737,0.482971,7.391811,6.226174,8.557448,0.5999811,0,2.122381,7.182017,6.096206,8.26783,9.826488,10,9.475432,-1,-1,-1,-1,-1,-1,-1,-1,-1,-1,-1,-1,-1,-1,-1,-1,-1,-1,-1,-1,-1,-1,-1,-1,-1,-1,-1,-1,-1,-1,-1,-1,-1,-1,-1,-1,-1,-1,-1,-1,-1,-1,-1,-1,-1,-1,-1,-1,-1,-1,0,0,0,0,0,0,-1,-1,-1,-1,-1,-1,-1,-1,-1,-1,-1,-1,0,0,0,0,0,0,-1,-1,-1,-1,-1,-1,-1,-1,-1,-1,-1,-1,-1,-1,False,False,0,0,False,207,0,0,0,0,0,0,0,0,0,0,0,0,0,0,0,1,
23414312,979,2026-02-23 14:01:28Z,LLM_Empathetic,6.919217,7.22031,6.618124,0.6330131,0,1.613904,0,0,0,0,0,0,5.484405,4.346518,6.622303,0.592854,0.702737,0.482971,7.391819,6.22617,8.55747,0.5999655,0,2.122366,7.182043,6.09622,8.267867,9.826539,10,9.475496,6.919217,7.22031,6.618124,0.6330131,0,1.613904,0,0,0,0,0,0,5.484405,4.346518,6.622303,0.592854,0.702737,0.482971,7.391819,6.22617,8.55747,0.5999655,0,2.122366,7.182043,6.09622,8.267867,9.826539,10,9.475496,-1,-1,-1,-1,-1,-1,-1,-1,-1,-1,-1,-1,-1,-1,-1,-1,-1,-1,-1,-1,-1,-1,-1,-1,-1,-1,-1,-1,-1,-1,-1,-1,-1,-1,-1,-1,-1,-1,-1,-1,-1,-1,-1,-1,-1,-1,-1,-1,-1,-1,0,0,0,0,0,0,-1,-1,-1,-1,-1,-1,-1,-1,-1,-1,-1,-1,0,0,0,0,0,0,-1,-1,-1,-1,-1,-1,-1,-1,-1,-1,-1,-1,-1,-1,False,False,0,0,False,209,0,0,0,0,0,0,0,0,0,0,0,0,0,0,0,1,
23414312,980,2026-02-23 14:01:28Z,LLM_Empathetic,6.919231,7.220312,6.618151,0.6329888,0,1.61389,0,0,0,0,0,0,5.484423,4.346523,6.622333,0.592854,0.702737,0.482971,7.391828,6.226165,8.557491,0.5999499,0,2.12235,7.182068,6.096233,8.267904,9.826591,10,9.47556,6.919231,7.220312,6.618151,0.6329888,0,1.61389,0,0,0,0,0,0,5.484423,4.346523,6.622333,0.592854,0.702737,0.482971,7.391828,6.226165,8.557491,0.5999499,0,2.12235,7.182068,6.096233,8.267904,9.826591,10,9.47556,-1,-1,-1,-1,-1,-1,-1,-1,-1,-1,-1,-1,-1,-1,-1,-1,-1,-1,-1,-1,-1,-1,-1,-1,-1,-1,-1,-1,-1,-1,-1,-1,-1,-1,-1,-1,-1,-1,-1,-1,-1,-1,-1,-1,-1,-1,-1,-1,-1,-1,0,0,0,0,0,0,-1,-1,-1,-1,-1,-1,-1,-1,-1,-1,-1,-1,0,0,0,0,0,0,-1,-1,-1,-1,-1,-1,-1,-1,-1,-1,-1,-1,-1,-1,False,False,0,0,False,209,0,0,0,0,0,0,0,0,0,0,0,0,0,0,0,1,
23414312,981,2026-02-23 14:01:28Z,LLM_Empathetic,6.919246,7.220315,6.618176,0.6329644,0,1.613877,0,0,0,0,0,0,5.484442,4.346529,6.622364,0.592854,0.702737,0.482971,7.391836,6.226161,8.557512,0.5999343,0,2.122335,7.182094,6.096247,8.267941,9.826641,10,9.475624,6.919246,7.220315,6.618176,0.6329644,0,1.613877,0,0,0,0,0,0,5.484442,4.346529,6.622364,0.592854,0.702737,0.482971,7.391836,6.226161,8.557512,0.5999343,0,2.122335,7.182094,6.096247,8.267941,9.826641,10,9.475624,-1,-1,-1,-1,-1,-1,-1,-1,-1,-1,-1,-1,-1,-1,-1,-1,-1,-1,-1,-1,-1,-1,-1,-1,-1,-1,-1,-1,-1,-1,-1,-1,-1,-1,-1,-1,-1,-1,-1,-1,-1,-1,-1,-1,-1,-1,-1,-1,-1,-1,0,0,0,0,0,0,-1,-1,-1,-1,-1,-1,-1,-1,-1,-1,-1,-1,0,0,0,0,0,0,-1,-1,-1,-1,-1,-1,-1,-1,-1,-1,-1,-1,-1,-1,False,False,0,0,False,207,0,0,0,0,0,0,0,0,0,0,0,0,0,0,0,1,
23414312,982,2026-02-23 14:01:28Z,LLM_Empathetic,6.91926,7.220317,6.618203,0.6329402,0,1.613863,0,0,0,0,0,0,5.48446,4.346536,6.622395,0.592854,0.702737,0.482971,7.391845,6.226157,8.557533,0.5999188,0,2.122319,7.182119,6.096261,8.267979,9.826693,10,9.475688,6.91926,7.220317,6.618203,0.6329402,0,1.613863,0,0,0,0,0,0,5.48446,4.346536,6.622395,0.592854,0.702737,0.482971,7.391845,6.226157,8.557533,0.5999188,0,2.122319,7.182119,6.096261,8.267979,9.826693,10,9.475688,-1,-1,-1,-1,-1,-1,-1,-1,-1,-1,-1,-1,-1,-1,-1,-1,-1,-1,-1,-1,-1,-1,-1,-1,-1,-1,-1,-1,-1,-1,-1,-1,-1,-1,-1,-1,-1,-1,-1,-1,-1,-1,-1,-1,-1,-1,-1,-1,-1,-1,0,0,0,0,0,0,-1,-1,-1,-1,-1,-1,-1,-1,-1,-1,-1,-1,0,0,0,0,0,0,-1,-1,-1,-1,-1,-1,-1,-1,-1,-1,-1,-1,-1,-1,False,False,0,0,False,207,0,0,0,0,0,0,0,0,0,0,0,0,0,0,0,1,
23414312,983,2026-02-23 14:01:28Z,LLM_Empathetic,6.919274,7.22032,6.618228,0.632916,0,1.61385,0,0,0,0,0,0,5.484478,4.346542,6.622425,0.592854,0.702737,0.482971,7.391853,6.226152,8.557554,0.5999033,0,2.122304,7.182145,6.096275,8.268016,9.826743,10,9.475752,6.919274,7.22032,6.618228,0.632916,0,1.61385,0,0,0,0,0,0,5.484478,4.346542,6.622425,0.592854,0.702737,0.482971,7.391853,6.226152,8.557554,0.5999033,0,2.122304,7.182145,6.096275,8.268016,9.826743,10,9.475752,-1,-1,-1,-1,-1,-1,-1,-1,-1,-1,-1,-1,-1,-1,-1,-1,-1,-1,-1,-1,-1,-1,-1,-1,-1,-1,-1,-1,-1,-1,-1,-1,-1,-1,-1,-1,-1,-1,-1,-1,-1,-1,-1,-1,-1,-1,-1,-1,-1,-1,0,0,0,0,0,0,-1,-1,-1,-1,-1,-1,-1,-1,-1,-1,-1,-1,0,0,0,0,0,0,-1,-1,-1,-1,-1,-1,-1,-1,-1,-1,-1,-1,-1,-1,False,False,0,0,False,207,0,0,0,0,0,0,0,0,0,0,0,0,0,0,0,1,
23414312,984,2026-02-23 14:01:28Z,LLM_Empathetic,6.919289,7.220323,6.618254,0.6328918,0,1.613837,0,0,0,0,0,0,5.484497,4.346548,6.622456,0.592854,0.702737,0.482971,7.391861,6.226148,8.557575,0.5998878,0,2.122288,7.18217,6.096289,8.268053,9.826794,10,9.475816,6.919289,7.220323,6.618254,0.6328918,0,1.613837,0,0,0,0,0,0,5.484497,4.346548,6.622456,0.592854,0.702737,0.482971,7.391861,6.226148,8.557575,0.5998878,0,2.122288,7.18217,6.096289,8.268053,9.826794,10,9.475816,-1,-1,-1,-1,-1,-1,-1,-1,-1,-1,-1,-1,-1,-1,-1,-1,-1,-1,-1,-1,-1,-1,-1,-1,-1,-1,-1,-1,-1,-1,-1,-1,-1,-1,-1,-1,-1,-1,-1,-1,-1,-1,-1,-1,-1,-1,-1,-1,-1,-1,0,0,0,0,0,0,-1,-1,-1,-1,-1,-1,-1,-1,-1,-1,-1,-1,0,0,0,0,0,0,-1,-1,-1,-1,-1,-1,-1,-1,-1,-1,-1,-1,-1,-1,False,False,0,0,False,209,0,0,0,0,0,0,0,0,0,0,0,0,0,0,0,1,
23414312,985,2026-02-23 14:01:28Z,LLM_Empathetic,6.919303,7.220325,6.61828,0.6328677,0,1.613823,0,0,0,0,0,0,5.484515,4.346554,6.622486,0.592854,0.702737,0.482971,7.39187,6.226144,8.557596,0.5998724,0,2.122273,7.182196,6.096302,8.268089,9.826844,10,9.47588,6.919303,7.220325,6.61828,0.6328677,0,1.613823,0,0,0,0,0,0,5.484515,4.346554,6.622486,0.592854,0.702737,0.482971,7.39187,6.226144,8.557596,0.5998724,0,2.122273,7.182196,6.096302,8.268089,9.826844,10,9.47588,-1,-1,-1,-1,-1,-1,-1,-1,-1,-1,-1,-1,-1,-1,-1,-1,-1,-1,-1,-1,-1,-1,-1,-1,-1,-1,-1,-1,-1,-1,-1,-1,-1,-1,-1,-1,-1,-1,-1,-1,-1,-1,-1,-1,-1,-1,-1,-1,-1,-1,0,0,0,0,0,0,-1,-1,-1,-1,-1,-1,-1,-1,-1,-1,-1,-1,0,0,0,0,0,0,-1,-1,-1,-1,-1,-1,-1,-1,-1,-1,-1,-1,-1,-1,False,False,0,0,False,207,0,0,0,0,0,0,0,0,0,0,0,0,0,0,0,1,
23414312,986,2026-02-23 14:01:28Z,LLM_Empathetic,6.919317,7.220328,6.618306,0.6328436,0,1.61381,0,0,0,0,0,0,5.484533,4.34656,6.622517,0.592854,0.702737,0.482971,7.391878,6.22614,8.557617,0.599857,0,2.122257,7.182221,6.096316,8.268126,9.826895,10,9.475943,6.919317,7.220328,6.618306,0.6328436,0,1.61381,0,0,0,0,0,0,5.484533,4.34656,6.622517,0.592854,0.702737,0.482971,7.391878,6.22614,8.557617,0.599857,0,2.122257,7.182221,6.096316,8.268126,9.826895,10,9.475943,-1,-1,-1,-1,-1,-1,-1,-1,-1,-1,-1,-1,-1,-1,-1,-1,-1,-1,-1,-1,-1,-1,-1,-1,-1,-1,-1,-1,-1,-1,-1,-1,-1,-1,-1,-1,-1,-1,-1,-1,-1,-1,-1,-1,-1,-1,-1,-1,-1,-1,0,0,0,0,0,0,-1,-1,-1,-1,-1,-1,-1,-1,-1,-1,-1,-1,0,0,0,0,0,0,-1,-1,-1,-1,-1,-1,-1,-1,-1,-1,-1,-1,-1,-1,False,False,0,0,False,207,0,0,0,0,0,0,0,0,0,0,0,0,0,0,0,1,
23414312,987,2026-02-23 14:01:28Z,LLM_Empathetic,6.919331,7.22033,6.618332,0.6328195,0,1.613797,0,0,0,0,0,0,5.484551,4.346566,6.622547,0.592854,0.702737,0.482971,7.391886,6.226135,8.557638,0.5998415,0,2.122242,7.182246,6.09633,8.268164,9.826945,10,9.476007,6.919331,7.22033,6.618332,0.6328195,0,1.613797,0,0,0,0,0,0,5.484551,4.346566,6.622547,0.592854,0.702737,0.482971,7.391886,6.226135,8.557638,0.5998415,0,2.122242,7.182246,6.09633,8.268164,9.826945,10,9.476007,-1,-1,-1,-1,-1,-1,-1,-1,-1,-1,-1,-1,-1,-1,-1,-1,-1,-1,-1,-1,-1,-1,-1,-1,-1,-1,-1,-1,-1,-1,-1,-1,-1,-1,-1,-1,-1,-1,-1,-1,-1,-1,-1,-1,-1,-1,-1,-1,-1,-1,0,0,0,0,0,0,-1,-1,-1,-1,-1,-1,-1,-1,-1,-1,-1,-1,0,0,0,0,0,0,-1,-1,-1,-1,-1,-1,-1,-1,-1,-1,-1,-1,-1,-1,False,False,0,0,False,207,0,0,0,0,0,0,0,0,0,0,0,0,0,0,0,1,
23414312,988,2026-02-23 14:01:28Z,LLM_Empathetic,6.919345,7.220333,6.618358,0.6327955,0,1.613783,0,0,0,0,0,0,5.48457,4.346572,6.622577,0.592854,0.702737,0.482971,7.391895,6.226131,8.557659,0.5998262,0,2.122226,7.182271,6.096343,8.2682,9.826996,10,9.476069,6.919345,7.220333,6.618358,0.6327955,0,1.613783,0,0,0,0,0,0,5.48457,4.346572,6.622577,0.592854,0.702737,0.482971,7.391895,6.226131,8.557659,0.5998262,0,2.122226,7.182271,6.096343,8.2682,9.826996,10,9.476069,-1,-1,-1,-1,-1,-1,-1,-1,-1,-1,-1,-1,-1,-1,-1,-1,-1,-1,-1,-1,-1,-1,-1,-1,-1,-1,-1,-1,-1,-1,-1,-1,-1,-1,-1,-1,-1,-1,-1,-1,-1,-1,-1,-1,-1,-1,-1,-1,-1,-1,0,0,0,0,0,0,-1,-1,-1,-1,-1,-1,-1,-1,-1,-1,-1,-1,0,0,0,0,0,0,-1,-1,-1,-1,-1,-1,-1,-1,-1,-1,-1,-1,-1,-1,False,False,0,0,False,207,0,0,0,0,0,0,0,0,0,0,0,0,0,0,0,1,
23414312,989,2026-02-23 14:01:28Z,LLM_Empathetic,6.919359,7.220335,6.618383,0.6327716,0,1.61377,0,0,0,0,0,0,5.484588,4.346578,6.622608,0.592854,0.702737,0.482971,7.391903,6.226127,8.557679,0.5998108,0,2.122211,7.182297,6.096357,8.268237,9.827046,10,9.476132,6.919359,7.220335,6.618383,0.6327716,0,1.61377,0,0,0,0,0,0,5.484588,4.346578,6.622608,0.592854,0.702737,0.482971,7.391903,6.226127,8.557679,0.5998108,0,2.122211,7.182297,6.096357,8.268237,9.827046,10,9.476132,-1,-1,-1,-1,-1,-1,-1,-1,-1,-1,-1,-1,-1,-1,-1,-1,-1,-1,-1,-1,-1,-1,-1,-1,-1,-1,-1,-1,-1,-1,-1,-1,-1,-1,-1,-1,-1,-1,-1,-1,-1,-1,-1,-1,-1,-1,-1,-1,-1,-1,0,0,0,0,0,0,-1,-1,-1,-1,-1,-1,-1,-1,-1,-1,-1,-1,0,0,0,0,0,0,-1,-1,-1,-1,-1,-1,-1,-1,-1,-1,-1,-1,-1,-1,False,False,0,0,False,207,0,0,0,0,0,0,0,0,0,0,0,0,0,0,0,1,
23414312,990,2026-02-23 14:01:28Z,LLM_Empathetic,6.919374,7.220338,6.618409,0.6327476,0,1.613757,0,0,0,0,0,0,5.484606,4.346584,6.622638,0.592854,0.702737,0.482971,7.391911,6.226122,8.5577,0.5997955,0,2.122196,7.182322,6.096371,8.268273,9.827097,10,9.476195,6.919374,7.220338,6.618409,0.6327476,0,1.613757,0,0,0,0,0,0,5.484606,4.346584,6.622638,0.592854,0.702737,0.482971,7.391911,6.226122,8.5577,0.5997955,0,2.122196,7.182322,6.096371,8.268273,9.827097,10,9.476195,-1,-1,-1,-1,-1,-1,-1,-1,-1,-1,-1,-1,-1,-1,-1,-1,-1,-1,-1,-1,-1,-1,-1,-1,-1,-1,-1,-1,-1,-1,-1,-1,-1,-1,-1,-1,-1,-1,-1,-1,-1,-1,-1,-1,-1,-1,-1,-1,-1,-1,0,0,0,0,0,0,-1,-1,-1,-1,-1,-1,-1,-1,-1,-1,-1,-1,0,0,0,0,0,0,-1,-1,-1,-1,-1,-1,-1,-1,-1,-1,-1,-1,-1,-1,False,False,0,0,False,207,0,0,0,0,0,0,0,0,0,0,0,0,0,0,0,1,
23414312,991,2026-02-23 14:01:28Z,LLM_Empathetic,6.919387,7.22034,6.618434,0.6327237,0,1.613744,0,0,0,0,0,0,5.484624,4.34659,6.622668,0.592854,0.702737,0.482971,7.39192,6.226118,8.557721,0.5997802,0,2.12218,7.182347,6.096384,8.268311,9.827147,10,9.476258,6.919387,7.22034,6.618434,0.6327237,0,1.613744,0,0,0,0,0,0,5.484624,4.34659,6.622668,0.592854,0.702737,0.482971,7.39192,6.226118,8.557721,0.5997802,0,2.12218,7.182347,6.096384,8.268311,9.827147,10,9.476258,-1,-1,-1,-1,-1,-1,-1,-1,-1,-1,-1,-1,-1,-1,-1,-1,-1,-1,-1,-1,-1,-1,-1,-1,-1,-1,-1,-1,-1,-1,-1,-1,-1,-1,-1,-1,-1,-1,-1,-1,-1,-1,-1,-1,-1,-1,-1,-1,-1,-1,0,0,0,0,0,0,-1,-1,-1,-1,-1,-1,-1,-1,-1,-1,-1,-1,0,0,0,0,0,0,-1,-1,-1,-1,-1,-1,-1,-1,-1,-1,-1,-1,-1,-1,False,False,0,0,False,207,0,0,0,0,0,0,0,0,0,0,0,0,0,0,0,1,
23414312,992,2026-02-23 14:01:28Z,LLM_Empathetic,6.919402,7.220343,6.61846,0.6326998,0,1.613731,0,0,0,0,0,0,5.484642,4.346596,6.622698,0.592854,0.702737,0.482971,7.391928,6.226114,8.557742,0.5997649,0,2.122165,7.182372,6.096397,8.268347,9.827197,10,9.476321,6.919402,7.220343,6.61846,0.6326998,0,1.613731,0,0,0,0,0,0,5.484642,4.346596,6.622698,0.592854,0.702737,0.482971,7.391928,6.226114,8.557742,0.5997649,0,2.122165,7.182372,6.096397,8.268347,9.827197,10,9.476321,-1,-1,-1,-1,-1,-1,-1,-1,-1,-1,-1,-1,-1,-1,-1,-1,-1,-1,-1,-1,-1,-1,-1,-1,-1,-1,-1,-1,-1,-1,-1,-1,-1,-1,-1,-1,-1,-1,-1,-1,-1,-1,-1,-1,-1,-1,-1,-1,-1,-1,0,0,0,0,0,0,-1,-1,-1,-1,-1,-1,-1,-1,-1,-1,-1,-1,0,0,0,0,0,0,-1,-1,-1,-1,-1,-1,-1,-1,-1,-1,-1,-1,-1,-1,False,False,0,0,False,207,0,0,0,0,0,0,0,0,0,0,0,0,0,0,0,1,
23414312,993,2026-02-23 14:01:28Z,LLM_Empathetic,6.919415,7.220345,6.618485,0.632676,0,1.613718,0,0,0,0,0,0,5.48466,4.346602,6.622728,0.592854,0.702737,0.482971,7.391936,6.22611,8.557762,0.5997497,0,2.12215,7.182397,6.096411,8.268383,9.827247,10,9.476384,6.919415,7.220345,6.618485,0.632676,0,1.613718,0,0,0,0,0,0,5.48466,4.346602,6.622728,0.592854,0.702737,0.482971,7.391936,6.22611,8.557762,0.5997497,0,2.12215,7.182397,6.096411,8.268383,9.827247,10,9.476384,-1,-1,-1,-1,-1,-1,-1,-1,-1,-1,-1,-1,-1,-1,-1,-1,-1,-1,-1,-1,-1,-1,-1,-1,-1,-1,-1,-1,-1,-1,-1,-1,-1,-1,-1,-1,-1,-1,-1,-1,-1,-1,-1,-1,-1,-1,-1,-1,-1,-1,0,0,0,0,0,0,-1,-1,-1,-1,-1,-1,-1,-1,-1,-1,-1,-1,0,0,0,0,0,0,-1,-1,-1,-1,-1,-1,-1,-1,-1,-1,-1,-1,-1,-1,False,False,0,0,False,207,0,0,0,0,0,0,0,0,0,0,0,0,0,0,0,1,
23414312,994,2026-02-23 14:01:28Z,LLM_Empathetic,6.919429,7.220348,6.618511,0.6326523,0,1.613705,0,0,0,0,0,0,5.484678,4.346608,6.622758,0.592854,0.702737,0.482971,7.391944,6.226106,8.557783,0.5997344,0,2.122135,7.182422,6.096425,8.26842,9.827296,10,9.476447,6.919429,7.220348,6.618511,0.6326523,0,1.613705,0,0,0,0,0,0,5.484678,4.346608,6.622758,0.592854,0.702737,0.482971,7.391944,6.226106,8.557783,0.5997344,0,2.122135,7.182422,6.096425,8.26842,9.827296,10,9.476447,-1,-1,-1,-1,-1,-1,-1,-1,-1,-1,-1,-1,-1,-1,-1,-1,-1,-1,-1,-1,-1,-1,-1,-1,-1,-1,-1,-1,-1,-1,-1,-1,-1,-1,-1,-1,-1,-1,-1,-1,-1,-1,-1,-1,-1,-1,-1,-1,-1,-1,0,0,0,0,0,0,-1,-1,-1,-1,-1,-1,-1,-1,-1,-1,-1,-1,0,0,0,0,0,0,-1,-1,-1,-1,-1,-1,-1,-1,-1,-1,-1,-1,-1,-1,False,False,0,0,False,209,0,0,0,0,0,0,0,0,0,0,0,0,0,0,0,1,
23414312,995,2026-02-23 14:01:28Z,LLM_Empathetic,6.919444,7.220351,6.618536,0.6326285,0,1.613691,0,0,0,0,0,0,5.484696,4.346613,6.622788,0.592854,0.702737,0.482971,7.391953,6.226101,8.557804,0.5997192,0,2.12212,7.182447,6.096438,8.268456,9.827347,10,9.476509,6.919444,7.220351,6.618536,0.6326285,0,1.613691,0,0,0,0,0,0,5.484696,4.346613,6.622788,0.592854,0.702737,0.482971,7.391953,6.226101,8.557804,0.5997192,0,2.12212,7.182447,6.096438,8.268456,9.827347,10,9.476509,-1,-1,-1,-1,-1,-1,-1,-1,-1,-1,-1,-1,-1,-1,-1,-1,-1,-1,-1,-1,-1,-1,-1,-1,-1,-1,-1,-1,-1,-1,-1,-1,-1,-1,-1,-1,-1,-1,-1,-1,-1,-1,-1,-1,-1,-1,-1,-1,-1,-1,0,0,0,0,0,0,-1,-1,-1,-1,-1,-1,-1,-1,-1,-1,-1,-1,0,0,0,0,0,0,-1,-1,-1,-1,-1,-1,-1,-1,-1,-1,-1,-1,-1,-1,False,False,0,0,False,207,0,0,0,0,0,0,0,0,0,0,0,0,0,0,0,1,
23414312,996,2026-02-23 14:01:28Z,LLM_Empathetic,6.919457,7.220353,6.618562,0.6326048,0,1.613678,0,0,0,0,0,0,5.484714,4.34662,6.622818,0.592854,0.702737,0.482971,7.391961,6.226097,8.557824,0.5997041,0,2.122104,7.182472,6.096452,8.268493,9.827396,10,9.476572,6.919457,7.220353,6.618562,0.6326048,0,1.613678,0,0,0,0,0,0,5.484714,4.34662,6.622818,0.592854,0.702737,0.482971,7.391961,6.226097,8.557824,0.5997041,0,2.122104,7.182472,6.096452,8.268493,9.827396,10,9.476572,-1,-1,-1,-1,-1,-1,-1,-1,-1,-1,-1,-1,-1,-1,-1,-1,-1,-1,-1,-1,-1,-1,-1,-1,-1,-1,-1,-1,-1,-1,-1,-1,-1,-1,-1,-1,-1,-1,-1,-1,-1,-1,-1,-1,-1,-1,-1,-1,-1,-1,0,0,0,0,0,0,-1,-1,-1,-1,-1,-1,-1,-1,-1,-1,-1,-1,0,0,0,0,0,0,-1,-1,-1,-1,-1,-1,-1,-1,-1,-1,-1,-1,-1,-1,False,False,0,0,False,209,0,0,0,0,0,0,0,0,0,0,0,0,0,0,0,1,
23414312,997,2026-02-23 14:01:29Z,LLM_Empathetic,6.919471,7.220356,6.618587,0.6325812,0,1.613665,0,0,0,0,0,0,5.484732,4.346625,6.622848,0.592854,0.702737,0.482971,7.391969,6.226093,8.557845,0.5996889,0,2.122089,7.182497,6.096465,8.268529,9.827446,10,9.476634,6.919471,7.220356,6.618587,0.6325812,0,1.613665,0,0,0,0,0,0,5.484732,4.346625,6.622848,0.592854,0.702737,0.482971,7.391969,6.226093,8.557845,0.5996889,0,2.122089,7.182497,6.096465,8.268529,9.827446,10,9.476634,-1,-1,-1,-1,-1,-1,-1,-1,-1,-1,-1,-1,-1,-1,-1,-1,-1,-1,-1,-1,-1,-1,-1,-1,-1,-1,-1,-1,-1,-1,-1,-1,-1,-1,-1,-1,-1,-1,-1,-1,-1,-1,-1,-1,-1,-1,-1,-1,-1,-1,0,0,0,0,0,0,-1,-1,-1,-1,-1,-1,-1,-1,-1,-1,-1,-1,0,0,0,0,0,0,-1,-1,-1,-1,-1,-1,-1,-1,-1,-1,-1,-1,-1,-1,False,False,0,0,False,209,0,0,0,0,0,0,0,0,0,0,0,0,0,0,0,1,
23414312,998,2026-02-23 14:01:29Z,LLM_Empathetic,6.919485,7.220358,6.618612,0.6325576,0,1.613652,0,0,0,0,0,0,5.484749,4.346632,6.622878,0.592854,0.702737,0.482971,7.391977,6.226089,8.557865,0.5996738,0,2.122074,7.182521,6.096478,8.268565,9.827496,10,9.476696,6.919485,7.220358,6.618612,0.6325576,0,1.613652,0,0,0,0,0,0,5.484749,4.346632,6.622878,0.592854,0.702737,0.482971,7.391977,6.226089,8.557865,0.5996738,0,2.122074,7.182521,6.096478,8.268565,9.827496,10,9.476696,-1,-1,-1,-1,-1,-1,-1,-1,-1,-1,-1,-1,-1,-1,-1,-1,-1,-1,-1,-1,-1,-1,-1,-1,-1,-1,-1,-1,-1,-1,-1,-1,-1,-1,-1,-1,-1,-1,-1,-1,-1,-1,-1,-1,-1,-1,-1,-1,-1,-1,0,0,0,0,0,0,-1,-1,-1,-1,-1,-1,-1,-1,-1,-1,-1,-1,0,0,0,0,0,0,-1,-1,-1,-1,-1,-1,-1,-1,-1,-1,-1,-1,-1,-1,False,False,0,0,False,209,0,0,0,0,0,0,0,0,0,0,0,0,0,0,0,1,
23414312,999,2026-02-23 14:01:29Z,LLM_Empathetic,6.919499,7.220361,6.618638,0.632534,0,1.613639,0,0,0,0,0,0,5.484767,4.346637,6.622908,0.592854,0.702737,0.482971,7.391985,6.226084,8.557886,0.5996587,0,2.122059,7.182546,6.096492,8.268601,9.827545,10,9.476758,6.919499,7.220361,6.618638,0.632534,0,1.613639,0,0,0,0,0,0,5.484767,4.346637,6.622908,0.592854,0.702737,0.482971,7.391985,6.226084,8.557886,0.5996587,0,2.122059,7.182546,6.096492,8.268601,9.827545,10,9.476758,-1,-1,-1,-1,-1,-1,-1,-1,-1,-1,-1,-1,-1,-1,-1,-1,-1,-1,-1,-1,-1,-1,-1,-1,-1,-1,-1,-1,-1,-1,-1,-1,-1,-1,-1,-1,-1,-1,-1,-1,-1,-1,-1,-1,-1,-1,-1,-1,-1,-1,0,0,0,0,0,0,-1,-1,-1,-1,-1,-1,-1,-1,-1,-1,-1,-1,0,0,0,0,0,0,-1,-1,-1,-1,-1,-1,-1,-1,-1,-1,-1,-1,-1,-1,False,False,0,0,False,209,0,0,0,0,0,0,0,0,0,0,0,0,0,0,0,1,
23414312,1000,2026-02-23 14:01:29Z,LLM_Empathetic,6.919513,7.220363,6.618662,0.6325104,0,1.613626,0,0,0,0,0,0,5.484785,4.346643,6.622938,0.592854,0.702737,0.482971,7.391993,6.22608,8.557906,0.5996436,0,2.122044,7.182571,6.096505,8.268638,9.827594,10,9.47682,6.919513,7.220363,6.618662,0.6325104,0,1.613626,0,0,0,0,0,0,5.484785,4.346643,6.622938,0.592854,0.702737,0.482971,7.391993,6.22608,8.557906,0.5996436,0,2.122044,7.182571,6.096505,8.268638,9.827594,10,9.47682,-1,-1,-1,-1,-1,-1,-1,-1,-1,-1,-1,-1,-1,-1,-1,-1,-1,-1,-1,-1,-1,-1,-1,-1,-1,-1,-1,-1,-1,-1,-1,-1,-1,-1,-1,-1,-1,-1,-1,-1,-1,-1,-1,-1,-1,-1,-1,-1,-1,-1,0,0,0,0,0,0,-1,-1,-1,-1,-1,-1,-1,-1,-1,-1,-1,-1,0,0,0,0,0,0,-1,-1,-1,-1,-1,-1,-1,-1,-1,-1,-1,-1,-1,-1,False,False,0,0,False,207,0,0,0,0,0,0,0,0,0,0,0,0,0,0,0,1,
23414312,1001,2026-02-23 14:01:29Z,LLM_Empathetic,6.919527,7.220366,6.618688,0.6324869,0,1.613613,0,0,0,0,0,0,5.484803,4.346649,6.622967,0.592854,0.702737,0.482971,7.392001,6.226076,8.557926,0.5996286,0,2.122029,7.182596,6.096519,8.268673,9.827643,10,9.476882,6.919527,7.220366,6.618688,0.6324869,0,1.613613,0,0,0,0,0,0,5.484803,4.346649,6.622967,0.592854,0.702737,0.482971,7.392001,6.226076,8.557926,0.5996286,0,2.122029,7.182596,6.096519,8.268673,9.827643,10,9.476882,-1,-1,-1,-1,-1,-1,-1,-1,-1,-1,-1,-1,-1,-1,-1,-1,-1,-1,-1,-1,-1,-1,-1,-1,-1,-1,-1,-1,-1,-1,-1,-1,-1,-1,-1,-1,-1,-1,-1,-1,-1,-1,-1,-1,-1,-1,-1,-1,-1,-1,0,0,0,0,0,0,-1,-1,-1,-1,-1,-1,-1,-1,-1,-1,-1,-1,0,0,0,0,0,0,-1,-1,-1,-1,-1,-1,-1,-1,-1,-1,-1,-1,-1,-1,False,False,0,0,False,207,0,0,0,0,0,0,0,0,0,0,0,0,0,0,0,1,
23414312,1002,2026-02-23 14:01:29Z,LLM_Empathetic,6.91954,7.220368,6.618713,0.6324635,0,1.6136,0,0,0,0,0,0,5.484821,4.346655,6.622997,0.592854,0.702737,0.482971,7.392009,6.226072,8.557947,0.5996135,0,2.122014,7.18262,6.096532,8.268709,9.827693,10,9.476944,6.91954,7.220368,6.618713,0.6324635,0,1.6136,0,0,0,0,0,0,5.484821,4.346655,6.622997,0.592854,0.702737,0.482971,7.392009,6.226072,8.557947,0.5996135,0,2.122014,7.18262,6.096532,8.268709,9.827693,10,9.476944,-1,-1,-1,-1,-1,-1,-1,-1,-1,-1,-1,-1,-1,-1,-1,-1,-1,-1,-1,-1,-1,-1,-1,-1,-1,-1,-1,-1,-1,-1,-1,-1,-1,-1,-1,-1,-1,-1,-1,-1,-1,-1,-1,-1,-1,-1,-1,-1,-1,-1,0,0,0,0,0,0,-1,-1,-1,-1,-1,-1,-1,-1,-1,-1,-1,-1,0,0,0,0,0,0,-1,-1,-1,-1,-1,-1,-1,-1,-1,-1,-1,-1,-1,-1,False,False,0,0,False,207,0,0,0,0,0,0,0,0,0,0,0,0,0,0,0,1,
23414312,1003,2026-02-23 14:01:29Z,LLM_Empathetic,6.919554,7.220371,6.618738,0.63244,0,1.613587,0,0,0,0,0,0,5.484838,4.346661,6.623026,0.592854,0.702737,0.482971,7.392017,6.226068,8.557967,0.5995985,0,2.121999,7.182645,6.096545,8.268745,9.827742,10,9.477006,6.919554,7.220371,6.618738,0.63244,0,1.613587,0,0,0,0,0,0,5.484838,4.346661,6.623026,0.592854,0.702737,0.482971,7.392017,6.226068,8.557967,0.5995985,0,2.121999,7.182645,6.096545,8.268745,9.827742,10,9.477006,-1,-1,-1,-1,-1,-1,-1,-1,-1,-1,-1,-1,-1,-1,-1,-1,-1,-1,-1,-1,-1,-1,-1,-1,-1,-1,-1,-1,-1,-1,-1,-1,-1,-1,-1,-1,-1,-1,-1,-1,-1,-1,-1,-1,-1,-1,-1,-1,-1,-1,0,0,0,0,0,0,-1,-1,-1,-1,-1,-1,-1,-1,-1,-1,-1,-1,0,0,0,0,0,0,-1,-1,-1,-1,-1,-1,-1,-1,-1,-1,-1,-1,-1,-1,False,False,0,0,False,207,0,0,0,0,0,0,0,0,0,0,0,0,0,0,0,1,
23414312,1004,2026-02-23 14:01:29Z,LLM_Empathetic,6.919568,7.220373,6.618763,0.6324167,0,1.613575,0,0,0,0,0,0,5.484856,4.346667,6.623056,0.592854,0.702737,0.482971,7.392025,6.226064,8.557987,0.5995836,0,2.121984,7.182669,6.096559,8.268781,9.827791,10,9.477067,6.919568,7.220373,6.618763,0.6324167,0,1.613575,0,0,0,0,0,0,5.484856,4.346667,6.623056,0.592854,0.702737,0.482971,7.392025,6.226064,8.557987,0.5995836,0,2.121984,7.182669,6.096559,8.268781,9.827791,10,9.477067,-1,-1,-1,-1,-1,-1,-1,-1,-1,-1,-1,-1,-1,-1,-1,-1,-1,-1,-1,-1,-1,-1,-1,-1,-1,-1,-1,-1,-1,-1,-1,-1,-1,-1,-1,-1,-1,-1,-1,-1,-1,-1,-1,-1,-1,-1,-1,-1,-1,-1,0,0,0,0,0,0,-1,-1,-1,-1,-1,-1,-1,-1,-1,-1,-1,-1,0,0,0,0,0,0,-1,-1,-1,-1,-1,-1,-1,-1,-1,-1,-1,-1,-1,-1,False,False,0,0,False,209,0,0,0,0,0,0,0,0,0,0,0,0,0,0,0,1,
23414312,1005,2026-02-23 14:01:29Z,LLM_Empathetic,6.919582,7.220376,6.618788,0.6323933,0,1.613562,0,0,0,0,0,0,5.484874,4.346673,6.623085,0.592854,0.702737,0.482971,7.392034,6.226059,8.558008,0.5995686,0,2.121969,7.182694,6.096572,8.268817,9.82784,10,9.477129,6.919582,7.220376,6.618788,0.6323933,0,1.613562,0,0,0,0,0,0,5.484874,4.346673,6.623085,0.592854,0.702737,0.482971,7.392034,6.226059,8.558008,0.5995686,0,2.121969,7.182694,6.096572,8.268817,9.82784,10,9.477129,-1,-1,-1,-1,-1,-1,-1,-1,-1,-1,-1,-1,-1,-1,-1,-1,-1,-1,-1,-1,-1,-1,-1,-1,-1,-1,-1,-1,-1,-1,-1,-1,-1,-1,-1,-1,-1,-1,-1,-1,-1,-1,-1,-1,-1,-1,-1,-1,-1,-1,0,0,0,0,0,0,-1,-1,-1,-1,-1,-1,-1,-1,-1,-1,-1,-1,0,0,0,0,0,0,-1,-1,-1,-1,-1,-1,-1,-1,-1,-1,-1,-1,-1,-1,False,False,0,0,False,209,0,0,0,0,0,0,0,0,0,0,0,0,0,0,0,1,
23414312,1006,2026-02-23 14:01:29Z,LLM_Empathetic,6.919596,7.220378,6.618813,0.63237,0,1.613549,0,0,0,0,0,0,5.484891,4.346678,6.623115,0.592854,0.702737,0.482971,7.392042,6.226055,8.558028,0.5995537,0,2.121954,7.182718,6.096585,8.268852,9.827888,10,9.47719,6.919596,7.220378,6.618813,0.63237,0,1.613549,0,0,0,0,0,0,5.484891,4.346678,6.623115,0.592854,0.702737,0.482971,7.392042,6.226055,8.558028,0.5995537,0,2.121954,7.182718,6.096585,8.268852,9.827888,10,9.47719,-1,-1,-1,-1,-1,-1,-1,-1,-1,-1,-1,-1,-1,-1,-1,-1,-1,-1,-1,-1,-1,-1,-1,-1,-1,-1,-1,-1,-1,-1,-1,-1,-1,-1,-1,-1,-1,-1,-1,-1,-1,-1,-1,-1,-1,-1,-1,-1,-1,-1,0,0,0,0,0,0,-1,-1,-1,-1,-1,-1,-1,-1,-1,-1,-1,-1,0,0,0,0,0,0,-1,-1,-1,-1,-1,-1,-1,-1,-1,-1,-1,-1,-1,-1,False,False,0,0,False,209,0,0,0,0,0,0,0,0,0,0,0,0,0,0,0,1,
23414312,1007,2026-02-23 14:01:29Z,LLM_Empathetic,6.919609,7.220381,6.618838,0.6323467,0,1.613536,0,0,0,0,0,0,5.484909,4.346684,6.623144,0.592854,0.702737,0.482971,7.392049,6.226051,8.558048,0.5995388,0,2.121939,7.182743,6.096599,8.268888,9.827938,10,9.477251,6.919609,7.220381,6.618838,0.6323467,0,1.613536,0,0,0,0,0,0,5.484909,4.346684,6.623144,0.592854,0.702737,0.482971,7.392049,6.226051,8.558048,0.5995388,0,2.121939,7.182743,6.096599,8.268888,9.827938,10,9.477251,-1,-1,-1,-1,-1,-1,-1,-1,-1,-1,-1,-1,-1,-1,-1,-1,-1,-1,-1,-1,-1,-1,-1,-1,-1,-1,-1,-1,-1,-1,-1,-1,-1,-1,-1,-1,-1,-1,-1,-1,-1,-1,-1,-1,-1,-1,-1,-1,-1,-1,0,0,0,0,0,0,-1,-1,-1,-1,-1,-1,-1,-1,-1,-1,-1,-1,0,0,0,0,0,0,-1,-1,-1,-1,-1,-1,-1,-1,-1,-1,-1,-1,-1,-1,False,False,0,0,False,207,0,0,0,0,0,0,0,0,0,0,0,0,0,0,0,1,
23414312,1008,2026-02-23 14:01:29Z,LLM_Empathetic,6.919623,7.220383,6.618863,0.6323235,0,1.613523,0,0,0,0,0,0,5.484927,4.34669,6.623174,0.592854,0.702737,0.482971,7.392057,6.226047,8.558068,0.5995239,0,2.121924,7.182767,6.096611,8.268924,9.827987,10,9.477312,6.919623,7.220383,6.618863,0.6323235,0,1.613523,0,0,0,0,0,0,5.484927,4.34669,6.623174,0.592854,0.702737,0.482971,7.392057,6.226047,8.558068,0.5995239,0,2.121924,7.182767,6.096611,8.268924,9.827987,10,9.477312,-1,-1,-1,-1,-1,-1,-1,-1,-1,-1,-1,-1,-1,-1,-1,-1,-1,-1,-1,-1,-1,-1,-1,-1,-1,-1,-1,-1,-1,-1,-1,-1,-1,-1,-1,-1,-1,-1,-1,-1,-1,-1,-1,-1,-1,-1,-1,-1,-1,-1,0,0,0,0,0,0,-1,-1,-1,-1,-1,-1,-1,-1,-1,-1,-1,-1,0,0,0,0,0,0,-1,-1,-1,-1,-1,-1,-1,-1,-1,-1,-1,-1,-1,-1,False,False,0,0,False,209,0,0,0,0,0,0,0,0,0,0,0,0,0,0,0,1,
23414312,1009,2026-02-23 14:01:29Z,LLM_Empathetic,6.919637,7.220386,6.618887,0.6323003,0,1.61351,0,0,0,0,0,0,5.484944,4.346696,6.623203,0.592854,0.702737,0.482971,7.392066,6.226043,8.558088,0.5995091,0,2.121909,7.182792,6.096625,8.268959,9.828035,10,9.477374,6.919637,7.220386,6.618887,0.6323003,0,1.61351,0,0,0,0,0,0,5.484944,4.346696,6.623203,0.592854,0.702737,0.482971,7.392066,6.226043,8.558088,0.5995091,0,2.121909,7.182792,6.096625,8.268959,9.828035,10,9.477374,-1,-1,-1,-1,-1,-1,-1,-1,-1,-1,-1,-1,-1,-1,-1,-1,-1,-1,-1,-1,-1,-1,-1,-1,-1,-1,-1,-1,-1,-1,-1,-1,-1,-1,-1,-1,-1,-1,-1,-1,-1,-1,-1,-1,-1,-1,-1,-1,-1,-1,0,0,0,0,0,0,-1,-1,-1,-1,-1,-1,-1,-1,-1,-1,-1,-1,0,0,0,0,0,0,-1,-1,-1,-1,-1,-1,-1,-1,-1,-1,-1,-1,-1,-1,False,False,0,0,False,207,0,0,0,0,0,0,0,0,0,0,0,0,0,0,0,1,
23414312,1010,2026-02-23 14:01:29Z,LLM_Empathetic,6.91965,7.220388,6.618912,0.6322772,0,1.613498,0,0,0,0,0,0,5.484962,4.346702,6.623232,0.592854,0.702737,0.482971,7.392074,6.226039,8.558108,0.5994942,0,2.121895,7.182816,6.096638,8.268994,9.828084,10,9.477434,6.91965,7.220388,6.618912,0.6322772,0,1.613498,0,0,0,0,0,0,5.484962,4.346702,6.623232,0.592854,0.702737,0.482971,7.392074,6.226039,8.558108,0.5994942,0,2.121895,7.182816,6.096638,8.268994,9.828084,10,9.477434,-1,-1,-1,-1,-1,-1,-1,-1,-1,-1,-1,-1,-1,-1,-1,-1,-1,-1,-1,-1,-1,-1,-1,-1,-1,-1,-1,-1,-1,-1,-1,-1,-1,-1,-1,-1,-1,-1,-1,-1,-1,-1,-1,-1,-1,-1,-1,-1,-1,-1,0,0,0,0,0,0,-1,-1,-1,-1,-1,-1,-1,-1,-1,-1,-1,-1,0,0,0,0,0,0,-1,-1,-1,-1,-1,-1,-1,-1,-1,-1,-1,-1,-1,-1,False,False,0,0,False,209,0,0,0,0,0,0,0,0,0,0,0,0,0,0,0,1,
23414312,1011,2026-02-23 14:01:29Z,LLM_Empathetic,6.919664,7.22039,6.618937,0.6322541,0,1.613485,0,0,0,0,0,0,5.484979,4.346707,6.623261,0.592854,0.702737,0.482971,7.392082,6.226035,8.558128,0.5994794,0,2.12188,7.18284,6.096651,8.26903,9.828133,10,9.477495,6.919664,7.22039,6.618937,0.6322541,0,1.613485,0,0,0,0,0,0,5.484979,4.346707,6.623261,0.592854,0.702737,0.482971,7.392082,6.226035,8.558128,0.5994794,0,2.12188,7.18284,6.096651,8.26903,9.828133,10,9.477495,-1,-1,-1,-1,-1,-1,-1,-1,-1,-1,-1,-1,-1,-1,-1,-1,-1,-1,-1,-1,-1,-1,-1,-1,-1,-1,-1,-1,-1,-1,-1,-1,-1,-1,-1,-1,-1,-1,-1,-1,-1,-1,-1,-1,-1,-1,-1,-1,-1,-1,0,0,0,0,0,0,-1,-1,-1,-1,-1,-1,-1,-1,-1,-1,-1,-1,0,0,0,0,0,0,-1,-1,-1,-1,-1,-1,-1,-1,-1,-1,-1,-1,-1,-1,False,False,0,0,False,209,0,0,0,0,0,0,0,0,0,0,0,0,0,0,0,1,
23414312,1012,2026-02-23 14:01:29Z,LLM_Empathetic,6.919677,7.220393,6.618962,0.632231,0,1.613472,0,0,0,0,0,0,5.484997,4.346713,6.623291,0.592854,0.702737,0.482971,7.392089,6.226031,8.558148,0.5994647,0,2.121865,7.182865,6.096664,8.269066,9.82818,10,9.477556,6.919677,7.220393,6.618962,0.632231,0,1.613472,0,0,0,0,0,0,5.484997,4.346713,6.623291,0.592854,0.702737,0.482971,7.392089,6.226031,8.558148,0.5994647,0,2.121865,7.182865,6.096664,8.269066,9.82818,10,9.477556,-1,-1,-1,-1,-1,-1,-1,-1,-1,-1,-1,-1,-1,-1,-1,-1,-1,-1,-1,-1,-1,-1,-1,-1,-1,-1,-1,-1,-1,-1,-1,-1,-1,-1,-1,-1,-1,-1,-1,-1,-1,-1,-1,-1,-1,-1,-1,-1,-1,-1,0,0,0,0,0,0,-1,-1,-1,-1,-1,-1,-1,-1,-1,-1,-1,-1,0,0,0,0,0,0,-1,-1,-1,-1,-1,-1,-1,-1,-1,-1,-1,-1,-1,-1,False,False,0,0,False,209,0,0,0,0,0,0,0,0,0,0,0,0,0,0,0,1,
23414312,1013,2026-02-23 14:01:29Z,LLM_Empathetic,6.919691,7.220396,6.618986,0.6322079,0,1.613459,0,0,0,0,0,0,5.485014,4.346719,6.62332,0.592854,0.702737,0.482971,7.392097,6.226027,8.558168,0.5994499,0,2.12185,7.182889,6.096677,8.269101,9.828229,10,9.477617,6.919691,7.220396,6.618986,0.6322079,0,1.613459,0,0,0,0,0,0,5.485014,4.346719,6.62332,0.592854,0.702737,0.482971,7.392097,6.226027,8.558168,0.5994499,0,2.12185,7.182889,6.096677,8.269101,9.828229,10,9.477617,-1,-1,-1,-1,-1,-1,-1,-1,-1,-1,-1,-1,-1,-1,-1,-1,-1,-1,-1,-1,-1,-1,-1,-1,-1,-1,-1,-1,-1,-1,-1,-1,-1,-1,-1,-1,-1,-1,-1,-1,-1,-1,-1,-1,-1,-1,-1,-1,-1,-1,0,0,0,0,0,0,-1,-1,-1,-1,-1,-1,-1,-1,-1,-1,-1,-1,0,0,0,0,0,0,-1,-1,-1,-1,-1,-1,-1,-1,-1,-1,-1,-1,-1,-1,False,False,0,0,False,209,0,0,0,0,0,0,0,0,0,0,0,0,0,0,0,1,
23414312,1014,2026-02-23 14:01:29Z,LLM_Empathetic,6.919704,7.220398,6.619011,0.6321849,0,1.613447,0,0,0,0,0,0,5.485032,4.346725,6.623349,0.592854,0.702737,0.482971,7.392106,6.226023,8.558188,0.5994352,0,2.121835,7.182913,6.096691,8.269136,9.828278,10,9.477677,6.919704,7.220398,6.619011,0.6321849,0,1.613447,0,0,0,0,0,0,5.485032,4.346725,6.623349,0.592854,0.702737,0.482971,7.392106,6.226023,8.558188,0.5994352,0,2.121835,7.182913,6.096691,8.269136,9.828278,10,9.477677,-1,-1,-1,-1,-1,-1,-1,-1,-1,-1,-1,-1,-1,-1,-1,-1,-1,-1,-1,-1,-1,-1,-1,-1,-1,-1,-1,-1,-1,-1,-1,-1,-1,-1,-1,-1,-1,-1,-1,-1,-1,-1,-1,-1,-1,-1,-1,-1,-1,-1,0,0,0,0,0,0,-1,-1,-1,-1,-1,-1,-1,-1,-1,-1,-1,-1,0,0,0,0,0,0,-1,-1,-1,-1,-1,-1,-1,-1,-1,-1,-1,-1,-1,-1,False,False,0,0,False,207,0,0,0,0,0,0,0,0,0,0,0,0,0,0,0,1,
23414312,1015,2026-02-23 14:01:29Z,LLM_Empathetic,6.919718,7.2204,6.619036,0.632162,0,1.613434,0,0,0,0,0,0,5.485049,4.34673,6.623378,0.592854,0.702737,0.482971,7.392113,6.226018,8.558208,0.5994205,0,2.121821,7.182937,6.096704,8.269171,9.828325,10,9.477738,6.919718,7.2204,6.619036,0.632162,0,1.613434,0,0,0,0,0,0,5.485049,4.34673,6.623378,0.592854,0.702737,0.482971,7.392113,6.226018,8.558208,0.5994205,0,2.121821,7.182937,6.096704,8.269171,9.828325,10,9.477738,-1,-1,-1,-1,-1,-1,-1,-1,-1,-1,-1,-1,-1,-1,-1,-1,-1,-1,-1,-1,-1,-1,-1,-1,-1,-1,-1,-1,-1,-1,-1,-1,-1,-1,-1,-1,-1,-1,-1,-1,-1,-1,-1,-1,-1,-1,-1,-1,-1,-1,0,0,0,0,0,0,-1,-1,-1,-1,-1,-1,-1,-1,-1,-1,-1,-1,0,0,0,0,0,0,-1,-1,-1,-1,-1,-1,-1,-1,-1,-1,-1,-1,-1,-1,False,False,0,0,False,209,0,0,0,0,0,0,0,0,0,0,0,0,0,0,0,1,
23414312,1016,2026-02-23 14:01:29Z,LLM_Empathetic,6.919732,7.220403,6.61906,0.632139,0,1.613421,0,0,0,0,0,0,5.485066,4.346736,6.623407,0.592854,0.702737,0.482971,7.392121,6.226014,8.558228,0.5994058,0,2.121806,7.182961,6.096716,8.269206,9.828374,10,9.477798,6.919732,7.220403,6.61906,0.632139,0,1.613421,0,0,0,0,0,0,5.485066,4.346736,6.623407,0.592854,0.702737,0.482971,7.392121,6.226014,8.558228,0.5994058,0,2.121806,7.182961,6.096716,8.269206,9.828374,10,9.477798,-1,-1,-1,-1,-1,-1,-1,-1,-1,-1,-1,-1,-1,-1,-1,-1,-1,-1,-1,-1,-1,-1,-1,-1,-1,-1,-1,-1,-1,-1,-1,-1,-1,-1,-1,-1,-1,-1,-1,-1,-1,-1,-1,-1,-1,-1,-1,-1,-1,-1,0,0,0,0,0,0,-1,-1,-1,-1,-1,-1,-1,-1,-1,-1,-1,-1,0,0,0,0,0,0,-1,-1,-1,-1,-1,-1,-1,-1,-1,-1,-1,-1,-1,-1,False,False,0,0,False,209,0,0,0,0,0,0,0,0,0,0,0,0,0,0,0,1,
23414312,1017,2026-02-23 14:01:29Z,LLM_Empathetic,6.919745,7.220405,6.619085,0.6321161,0,1.613409,0,0,0,0,0,0,5.485084,4.346742,6.623435,0.592854,0.702737,0.482971,7.392129,6.22601,8.558249,0.5993911,0,2.121792,7.182985,6.09673,8.269241,9.828422,10,9.477859,6.919745,7.220405,6.619085,0.6321161,0,1.613409,0,0,0,0,0,0,5.485084,4.346742,6.623435,0.592854,0.702737,0.482971,7.392129,6.22601,8.558249,0.5993911,0,2.121792,7.182985,6.09673,8.269241,9.828422,10,9.477859,-1,-1,-1,-1,-1,-1,-1,-1,-1,-1,-1,-1,-1,-1,-1,-1,-1,-1,-1,-1,-1,-1,-1,-1,-1,-1,-1,-1,-1,-1,-1,-1,-1,-1,-1,-1,-1,-1,-1,-1,-1,-1,-1,-1,-1,-1,-1,-1,-1,-1,0,0,0,0,0,0,-1,-1,-1,-1,-1,-1,-1,-1,-1,-1,-1,-1,0,0,0,0,0,0,-1,-1,-1,-1,-1,-1,-1,-1,-1,-1,-1,-1,-1,-1,False,False,0,0,False,207,0,0,0,0,0,0,0,0,0,0,0,0,0,0,0,1,
23414312,1018,2026-02-23 14:01:29Z,LLM_Empathetic,6.919758,7.220407,6.619109,0.6320933,0,1.613396,0,0,0,0,0,0,5.485101,4.346747,6.623465,0.592854,0.702737,0.482971,7.392137,6.226006,8.558269,0.5993765,0,2.121777,7.183009,6.096743,8.269277,9.828469,10,9.477919,6.919758,7.220407,6.619109,0.6320933,0,1.613396,0,0,0,0,0,0,5.485101,4.346747,6.623465,0.592854,0.702737,0.482971,7.392137,6.226006,8.558269,0.5993765,0,2.121777,7.183009,6.096743,8.269277,9.828469,10,9.477919,-1,-1,-1,-1,-1,-1,-1,-1,-1,-1,-1,-1,-1,-1,-1,-1,-1,-1,-1,-1,-1,-1,-1,-1,-1,-1,-1,-1,-1,-1,-1,-1,-1,-1,-1,-1,-1,-1,-1,-1,-1,-1,-1,-1,-1,-1,-1,-1,-1,-1,0,0,0,0,0,0,-1,-1,-1,-1,-1,-1,-1,-1,-1,-1,-1,-1,0,0,0,0,0,0,-1,-1,-1,-1,-1,-1,-1,-1,-1,-1,-1,-1,-1,-1,False,False,0,0,False,207,0,0,0,0,0,0,0,0,0,0,0,0,0,0,0,1,
23414312,1019,2026-02-23 14:01:29Z,LLM_Empathetic,6.919772,7.22041,6.619133,0.6320705,0,1.613384,0,0,0,0,0,0,5.485118,4.346753,6.623493,0.592854,0.702737,0.482971,7.392145,6.226002,8.558288,0.5993619,0,2.121762,7.183033,6.096756,8.269311,9.828518,10,9.477979,6.919772,7.22041,6.619133,0.6320705,0,1.613384,0,0,0,0,0,0,5.485118,4.346753,6.623493,0.592854,0.702737,0.482971,7.392145,6.226002,8.558288,0.5993619,0,2.121762,7.183033,6.096756,8.269311,9.828518,10,9.477979,-1,-1,-1,-1,-1,-1,-1,-1,-1,-1,-1,-1,-1,-1,-1,-1,-1,-1,-1,-1,-1,-1,-1,-1,-1,-1,-1,-1,-1,-1,-1,-1,-1,-1,-1,-1,-1,-1,-1,-1,-1,-1,-1,-1,-1,-1,-1,-1,-1,-1,0,0,0,0,0,0,-1,-1,-1,-1,-1,-1,-1,-1,-1,-1,-1,-1,0,0,0,0,0,0,-1,-1,-1,-1,-1,-1,-1,-1,-1,-1,-1,-1,-1,-1,False,False,0,0,False,209,0,0,0,0,0,0,0,0,0,0,0,0,0,0,0,1,
23414312,1020,2026-02-23 14:01:29Z,LLM_Empathetic,6.919785,7.220412,6.619158,0.6320477,0,1.613371,0,0,0,0,0,0,5.485136,4.346759,6.623522,0.592854,0.702737,0.482971,7.392153,6.225998,8.558308,0.5993473,0,2.121748,7.183057,6.096768,8.269346,9.828566,10,9.478039,6.919785,7.220412,6.619158,0.6320477,0,1.613371,0,0,0,0,0,0,5.485136,4.346759,6.623522,0.592854,0.702737,0.482971,7.392153,6.225998,8.558308,0.5993473,0,2.121748,7.183057,6.096768,8.269346,9.828566,10,9.478039,-1,-1,-1,-1,-1,-1,-1,-1,-1,-1,-1,-1,-1,-1,-1,-1,-1,-1,-1,-1,-1,-1,-1,-1,-1,-1,-1,-1,-1,-1,-1,-1,-1,-1,-1,-1,-1,-1,-1,-1,-1,-1,-1,-1,-1,-1,-1,-1,-1,-1,0,0,0,0,0,0,-1,-1,-1,-1,-1,-1,-1,-1,-1,-1,-1,-1,0,0,0,0,0,0,-1,-1,-1,-1,-1,-1,-1,-1,-1,-1,-1,-1,-1,-1,False,False,0,0,False,207,0,0,0,0,0,0,0,0,0,0,0,0,0,0,0,1,
23414312,1021,2026-02-23 14:01:29Z,LLM_Empathetic,6.919799,7.220415,6.619182,0.6320249,0,1.613358,0,0,0,0,0,0,5.485153,4.346765,6.623551,0.592854,0.702737,0.482971,7.39216,6.225994,8.558328,0.5993327,0,2.121733,7.183081,6.096782,8.269382,9.828613,10,9.478099,6.919799,7.220415,6.619182,0.6320249,0,1.613358,0,0,0,0,0,0,5.485153,4.346765,6.623551,0.592854,0.702737,0.482971,7.39216,6.225994,8.558328,0.5993327,0,2.121733,7.183081,6.096782,8.269382,9.828613,10,9.478099,-1,-1,-1,-1,-1,-1,-1,-1,-1,-1,-1,-1,-1,-1,-1,-1,-1,-1,-1,-1,-1,-1,-1,-1,-1,-1,-1,-1,-1,-1,-1,-1,-1,-1,-1,-1,-1,-1,-1,-1,-1,-1,-1,-1,-1,-1,-1,-1,-1,-1,0,0,0,0,0,0,-1,-1,-1,-1,-1,-1,-1,-1,-1,-1,-1,-1,0,0,0,0,0,0,-1,-1,-1,-1,-1,-1,-1,-1,-1,-1,-1,-1,-1,-1,False,False,0,0,False,209,0,0,0,0,0,0,0,0,0,0,0,0,0,0,0,1,
23414312,1022,2026-02-23 14:01:29Z,LLM_Empathetic,6.919812,7.220417,6.619206,0.6320022,0,1.613346,0,0,0,0,0,0,5.48517,4.34677,6.62358,0.592854,0.702737,0.482971,7.392169,6.22599,8.558347,0.5993182,0,2.121719,7.183105,6.096795,8.269416,9.828661,10,9.478159,6.919812,7.220417,6.619206,0.6320022,0,1.613346,0,0,0,0,0,0,5.48517,4.34677,6.62358,0.592854,0.702737,0.482971,7.392169,6.22599,8.558347,0.5993182,0,2.121719,7.183105,6.096795,8.269416,9.828661,10,9.478159,-1,-1,-1,-1,-1,-1,-1,-1,-1,-1,-1,-1,-1,-1,-1,-1,-1,-1,-1,-1,-1,-1,-1,-1,-1,-1,-1,-1,-1,-1,-1,-1,-1,-1,-1,-1,-1,-1,-1,-1,-1,-1,-1,-1,-1,-1,-1,-1,-1,-1,0,0,0,0,0,0,-1,-1,-1,-1,-1,-1,-1,-1,-1,-1,-1,-1,0,0,0,0,0,0,-1,-1,-1,-1,-1,-1,-1,-1,-1,-1,-1,-1,-1,-1,False,False,0,0,False,209,0,0,0,0,0,0,0,0,0,0,0,0,0,0,0,1,
23414312,1023,2026-02-23 14:01:29Z,LLM_Empathetic,6.919826,7.22042,6.619231,0.6319796,0,1.613333,0,0,0,0,0,0,5.485187,4.346776,6.623608,0.592854,0.702737,0.482971,7.392176,6.225986,8.558367,0.5993037,0,2.121704,7.183128,6.096807,8.269451,9.828709,10,9.478218,6.919826,7.22042,6.619231,0.6319796,0,1.613333,0,0,0,0,0,0,5.485187,4.346776,6.623608,0.592854,0.702737,0.482971,7.392176,6.225986,8.558367,0.5993037,0,2.121704,7.183128,6.096807,8.269451,9.828709,10,9.478218,-1,-1,-1,-1,-1,-1,-1,-1,-1,-1,-1,-1,-1,-1,-1,-1,-1,-1,-1,-1,-1,-1,-1,-1,-1,-1,-1,-1,-1,-1,-1,-1,-1,-1,-1,-1,-1,-1,-1,-1,-1,-1,-1,-1,-1,-1,-1,-1,-1,-1,0,0,0,0,0,0,-1,-1,-1,-1,-1,-1,-1,-1,-1,-1,-1,-1,0,0,0,0,0,0,-1,-1,-1,-1,-1,-1,-1,-1,-1,-1,-1,-1,-1,-1,False,False,0,0,False,207,0,0,0,0,0,0,0,0,0,0,0,0,0,0,0,1,
23414312,1024,2026-02-23 14:01:29Z,LLM_Empathetic,6.919838,7.220422,6.619255,0.6319569,0,1.613321,0,0,0,0,0,0,5.485204,4.346782,6.623637,0.592854,0.702737,0.482971,7.392184,6.225982,8.558387,0.5992892,0,2.12169,7.183152,6.09682,8.269485,9.828755,10,9.478278,6.919838,7.220422,6.619255,0.6319569,0,1.613321,0,0,0,0,0,0,5.485204,4.346782,6.623637,0.592854,0.702737,0.482971,7.392184,6.225982,8.558387,0.5992892,0,2.12169,7.183152,6.09682,8.269485,9.828755,10,9.478278,-1,-1,-1,-1,-1,-1,-1,-1,-1,-1,-1,-1,-1,-1,-1,-1,-1,-1,-1,-1,-1,-1,-1,-1,-1,-1,-1,-1,-1,-1,-1,-1,-1,-1,-1,-1,-1,-1,-1,-1,-1,-1,-1,-1,-1,-1,-1,-1,-1,-1,0,0,0,0,0,0,-1,-1,-1,-1,-1,-1,-1,-1,-1,-1,-1,-1,0,0,0,0,0,0,-1,-1,-1,-1,-1,-1,-1,-1,-1,-1,-1,-1,-1,-1,False,False,0,0,False,207,0,0,0,0,0,0,0,0,0,0,0,0,0,0,0,1,
23414312,1025,2026-02-23 14:01:29Z,LLM_Empathetic,6.919852,7.220425,6.619279,0.6319343,0,1.613309,0,0,0,0,0,0,5.485221,4.346787,6.623665,0.592854,0.702737,0.482971,7.392192,6.225978,8.558406,0.5992747,0,2.121675,7.183176,6.096833,8.26952,9.828803,10,9.478337,6.919852,7.220425,6.619279,0.6319343,0,1.613309,0,0,0,0,0,0,5.485221,4.346787,6.623665,0.592854,0.702737,0.482971,7.392192,6.225978,8.558406,0.5992747,0,2.121675,7.183176,6.096833,8.26952,9.828803,10,9.478337,-1,-1,-1,-1,-1,-1,-1,-1,-1,-1,-1,-1,-1,-1,-1,-1,-1,-1,-1,-1,-1,-1,-1,-1,-1,-1,-1,-1,-1,-1,-1,-1,-1,-1,-1,-1,-1,-1,-1,-1,-1,-1,-1,-1,-1,-1,-1,-1,-1,-1,0,0,0,0,0,0,-1,-1,-1,-1,-1,-1,-1,-1,-1,-1,-1,-1,0,0,0,0,0,0,-1,-1,-1,-1,-1,-1,-1,-1,-1,-1,-1,-1,-1,-1,False,False,0,0,False,207,0,0,0,0,0,0,0,0,0,0,0,0,0,0,0,1,
23414312,1026,2026-02-23 14:01:29Z,LLM_Empathetic,6.919865,7.220427,6.619303,0.6319118,0,1.613296,0,0,0,0,0,0,5.485238,4.346793,6.623694,0.592854,0.702737,0.482971,7.3922,6.225974,8.558426,0.5992603,0,2.121661,7.1832,6.096846,8.269555,9.828851,10,9.478397,6.919865,7.220427,6.619303,0.6319118,0,1.613296,0,0,0,0,0,0,5.485238,4.346793,6.623694,0.592854,0.702737,0.482971,7.3922,6.225974,8.558426,0.5992603,0,2.121661,7.1832,6.096846,8.269555,9.828851,10,9.478397,-1,-1,-1,-1,-1,-1,-1,-1,-1,-1,-1,-1,-1,-1,-1,-1,-1,-1,-1,-1,-1,-1,-1,-1,-1,-1,-1,-1,-1,-1,-1,-1,-1,-1,-1,-1,-1,-1,-1,-1,-1,-1,-1,-1,-1,-1,-1,-1,-1,-1,0,0,0,0,0,0,-1,-1,-1,-1,-1,-1,-1,-1,-1,-1,-1,-1,0,0,0,0,0,0,-1,-1,-1,-1,-1,-1,-1,-1,-1,-1,-1,-1,-1,-1,False,False,0,0,False,207,0,0,0,0,0,0,0,0,0,0,0,0,0,0,0,1,
23414312,1027,2026-02-23 14:01:29Z,LLM_Empathetic,6.919878,7.220429,6.619328,0.6318892,0,1.613284,0,0,0,0,0,0,5.485255,4.346799,6.623722,0.592854,0.702737,0.482971,7.392208,6.22597,8.558445,0.5992458,0,2.121646,7.183223,6.096859,8.269589,9.828897,10,9.478456,6.919878,7.220429,6.619328,0.6318892,0,1.613284,0,0,0,0,0,0,5.485255,4.346799,6.623722,0.592854,0.702737,0.482971,7.392208,6.22597,8.558445,0.5992458,0,2.121646,7.183223,6.096859,8.269589,9.828897,10,9.478456,-1,-1,-1,-1,-1,-1,-1,-1,-1,-1,-1,-1,-1,-1,-1,-1,-1,-1,-1,-1,-1,-1,-1,-1,-1,-1,-1,-1,-1,-1,-1,-1,-1,-1,-1,-1,-1,-1,-1,-1,-1,-1,-1,-1,-1,-1,-1,-1,-1,-1,0,0,0,0,0,0,-1,-1,-1,-1,-1,-1,-1,-1,-1,-1,-1,-1,0,0,0,0,0,0,-1,-1,-1,-1,-1,-1,-1,-1,-1,-1,-1,-1,-1,-1,False,False,0,0,False,207,0,0,0,0,0,0,0,0,0,0,0,0,0,0,0,1,
23414312,1028,2026-02-23 14:01:29Z,LLM_Empathetic,6.919892,7.220432,6.619351,0.6318668,0,1.613271,0,0,0,0,0,0,5.485272,4.346804,6.623751,0.592854,0.702737,0.482971,7.392215,6.225966,8.558465,0.5992314,0,2.121632,7.183247,6.096871,8.269624,9.828945,10,9.478516,6.919892,7.220432,6.619351,0.6318668,0,1.613271,0,0,0,0,0,0,5.485272,4.346804,6.623751,0.592854,0.702737,0.482971,7.392215,6.225966,8.558465,0.5992314,0,2.121632,7.183247,6.096871,8.269624,9.828945,10,9.478516,-1,-1,-1,-1,-1,-1,-1,-1,-1,-1,-1,-1,-1,-1,-1,-1,-1,-1,-1,-1,-1,-1,-1,-1,-1,-1,-1,-1,-1,-1,-1,-1,-1,-1,-1,-1,-1,-1,-1,-1,-1,-1,-1,-1,-1,-1,-1,-1,-1,-1,0,0,0,0,0,0,-1,-1,-1,-1,-1,-1,-1,-1,-1,-1,-1,-1,0,0,0,0,0,0,-1,-1,-1,-1,-1,-1,-1,-1,-1,-1,-1,-1,-1,-1,False,False,0,0,False,207,0,0,0,0,0,0,0,0,0,0,0,0,0,0,0,1,
23414312,1029,2026-02-23 14:01:30Z,LLM_Empathetic,6.919905,7.220434,6.619376,0.6318443,0,1.613259,0,0,0,0,0,0,5.485289,4.34681,6.623779,0.592854,0.702737,0.482971,7.392223,6.225962,8.558484,0.5992171,0,2.121617,7.18327,6.096884,8.269658,9.828992,10,9.478575,6.919905,7.220434,6.619376,0.6318443,0,1.613259,0,0,0,0,0,0,5.485289,4.34681,6.623779,0.592854,0.702737,0.482971,7.392223,6.225962,8.558484,0.5992171,0,2.121617,7.18327,6.096884,8.269658,9.828992,10,9.478575,-1,-1,-1,-1,-1,-1,-1,-1,-1,-1,-1,-1,-1,-1,-1,-1,-1,-1,-1,-1,-1,-1,-1,-1,-1,-1,-1,-1,-1,-1,-1,-1,-1,-1,-1,-1,-1,-1,-1,-1,-1,-1,-1,-1,-1,-1,-1,-1,-1,-1,0,0,0,0,0,0,-1,-1,-1,-1,-1,-1,-1,-1,-1,-1,-1,-1,0,0,0,0,0,0,-1,-1,-1,-1,-1,-1,-1,-1,-1,-1,-1,-1,-1,-1,False,False,0,0,False,207,0,0,0,0,0,0,0,0,0,0,0,0,0,0,0,1,
23414312,1030,2026-02-23 14:01:30Z,LLM_Empathetic,6.919918,7.220437,6.6194,0.6318219,0,1.613247,0,0,0,0,0,0,5.485306,4.346816,6.623807,0.592854,0.702737,0.482971,7.392231,6.225958,8.558504,0.5992027,0,2.121603,7.183294,6.096897,8.269692,9.82904,10,9.478634,6.919918,7.220437,6.6194,0.6318219,0,1.613247,0,0,0,0,0,0,5.485306,4.346816,6.623807,0.592854,0.702737,0.482971,7.392231,6.225958,8.558504,0.5992027,0,2.121603,7.183294,6.096897,8.269692,9.82904,10,9.478634,-1,-1,-1,-1,-1,-1,-1,-1,-1,-1,-1,-1,-1,-1,-1,-1,-1,-1,-1,-1,-1,-1,-1,-1,-1,-1,-1,-1,-1,-1,-1,-1,-1,-1,-1,-1,-1,-1,-1,-1,-1,-1,-1,-1,-1,-1,-1,-1,-1,-1,0,0,0,0,0,0,-1,-1,-1,-1,-1,-1,-1,-1,-1,-1,-1,-1,0,0,0,0,0,0,-1,-1,-1,-1,-1,-1,-1,-1,-1,-1,-1,-1,-1,-1,False,False,0,0,False,207,0,0,0,0,0,0,0,0,0,0,0,0,0,0,0,1,
23414312,1031,2026-02-23 14:01:30Z,LLM_Empathetic,6.919931,7.220439,6.619423,0.6317995,0,1.613234,0,0,0,0,0,0,5.485323,4.346821,6.623836,0.592854,0.702737,0.482971,7.392239,6.225954,8.558523,0.5991883,0,2.121589,7.183318,6.09691,8.269727,9.829086,10,9.478693,6.919931,7.220439,6.619423,0.6317995,0,1.613234,0,0,0,0,0,0,5.485323,4.346821,6.623836,0.592854,0.702737,0.482971,7.392239,6.225954,8.558523,0.5991883,0,2.121589,7.183318,6.09691,8.269727,9.829086,10,9.478693,-1,-1,-1,-1,-1,-1,-1,-1,-1,-1,-1,-1,-1,-1,-1,-1,-1,-1,-1,-1,-1,-1,-1,-1,-1,-1,-1,-1,-1,-1,-1,-1,-1,-1,-1,-1,-1,-1,-1,-1,-1,-1,-1,-1,-1,-1,-1,-1,-1,-1,0,0,0,0,0,0,-1,-1,-1,-1,-1,-1,-1,-1,-1,-1,-1,-1,0,0,0,0,0,0,-1,-1,-1,-1,-1,-1,-1,-1,-1,-1,-1,-1,-1,-1,False,False,0,0,False,207,0,0,0,0,0,0,0,0,0,0,0,0,0,0,0,1,
23414312,1032,2026-02-23 14:01:30Z,LLM_Empathetic,6.919944,7.220441,6.619447,0.6317772,0,1.613222,0,0,0,0,0,0,5.48534,4.346827,6.623864,0.592854,0.702737,0.482971,7.392246,6.22595,8.558542,0.599174,0,2.121574,7.183341,6.096922,8.269761,9.829133,10,9.478751,6.919944,7.220441,6.619447,0.6317772,0,1.613222,0,0,0,0,0,0,5.48534,4.346827,6.623864,0.592854,0.702737,0.482971,7.392246,6.22595,8.558542,0.599174,0,2.121574,7.183341,6.096922,8.269761,9.829133,10,9.478751,-1,-1,-1,-1,-1,-1,-1,-1,-1,-1,-1,-1,-1,-1,-1,-1,-1,-1,-1,-1,-1,-1,-1,-1,-1,-1,-1,-1,-1,-1,-1,-1,-1,-1,-1,-1,-1,-1,-1,-1,-1,-1,-1,-1,-1,-1,-1,-1,-1,-1,0,0,0,0,0,0,-1,-1,-1,-1,-1,-1,-1,-1,-1,-1,-1,-1,0,0,0,0,0,0,-1,-1,-1,-1,-1,-1,-1,-1,-1,-1,-1,-1,-1,-1,False,False,0,0,False,207,0,0,0,0,0,0,0,0,0,0,0,0,0,0,0,1,
23414312,1033,2026-02-23 14:01:30Z,LLM_Empathetic,6.919958,7.220444,6.619471,0.6317548,0,1.61321,0,0,0,0,0,0,5.485357,4.346832,6.623892,0.592854,0.702737,0.482971,7.392254,6.225946,8.558562,0.5991598,0,2.12156,7.183365,6.096935,8.269795,9.82918,10,9.47881,6.919958,7.220444,6.619471,0.6317548,0,1.61321,0,0,0,0,0,0,5.485357,4.346832,6.623892,0.592854,0.702737,0.482971,7.392254,6.225946,8.558562,0.5991598,0,2.12156,7.183365,6.096935,8.269795,9.82918,10,9.47881,-1,-1,-1,-1,-1,-1,-1,-1,-1,-1,-1,-1,-1,-1,-1,-1,-1,-1,-1,-1,-1,-1,-1,-1,-1,-1,-1,-1,-1,-1,-1,-1,-1,-1,-1,-1,-1,-1,-1,-1,-1,-1,-1,-1,-1,-1,-1,-1,-1,-1,0,0,0,0,0,0,-1,-1,-1,-1,-1,-1,-1,-1,-1,-1,-1,-1,0,0,0,0,0,0,-1,-1,-1,-1,-1,-1,-1,-1,-1,-1,-1,-1,-1,-1,False,False,0,0,False,207,0,0,0,0,0,0,0,0,0,0,0,0,0,0,0,1,
23414312,1034,2026-02-23 14:01:30Z,LLM_Empathetic,6.919971,7.220446,6.619495,0.6317326,0,1.613197,0,0,0,0,0,0,5.485374,4.346838,6.62392,0.592854,0.702737,0.482971,7.392262,6.225942,8.558581,0.5991455,0,2.121546,7.183388,6.096948,8.269829,9.829226,10,9.478869,6.919971,7.220446,6.619495,0.6317326,0,1.613197,0,0,0,0,0,0,5.485374,4.346838,6.62392,0.592854,0.702737,0.482971,7.392262,6.225942,8.558581,0.5991455,0,2.121546,7.183388,6.096948,8.269829,9.829226,10,9.478869,-1,-1,-1,-1,-1,-1,-1,-1,-1,-1,-1,-1,-1,-1,-1,-1,-1,-1,-1,-1,-1,-1,-1,-1,-1,-1,-1,-1,-1,-1,-1,-1,-1,-1,-1,-1,-1,-1,-1,-1,-1,-1,-1,-1,-1,-1,-1,-1,-1,-1,0,0,0,0,0,0,-1,-1,-1,-1,-1,-1,-1,-1,-1,-1,-1,-1,0,0,0,0,0,0,-1,-1,-1,-1,-1,-1,-1,-1,-1,-1,-1,-1,-1,-1,False,False,0,0,False,207,0,0,0,0,0,0,0,0,0,0,0,0,0,0,0,1,
23414312,1035,2026-02-23 14:01:30Z,LLM_Empathetic,6.919984,7.220448,6.619519,0.6317104,0,1.613185,0,0,0,0,0,0,5.485391,4.346843,6.623948,0.592854,0.702737,0.482971,7.392269,6.225938,8.5586,0.5991312,0,2.121532,7.183412,6.096961,8.269863,9.829273,10,9.478928,6.919984,7.220448,6.619519,0.6317104,0,1.613185,0,0,0,0,0,0,5.485391,4.346843,6.623948,0.592854,0.702737,0.482971,7.392269,6.225938,8.5586,0.5991312,0,2.121532,7.183412,6.096961,8.269863,9.829273,10,9.478928,-1,-1,-1,-1,-1,-1,-1,-1,-1,-1,-1,-1,-1,-1,-1,-1,-1,-1,-1,-1,-1,-1,-1,-1,-1,-1,-1,-1,-1,-1,-1,-1,-1,-1,-1,-1,-1,-1,-1,-1,-1,-1,-1,-1,-1,-1,-1,-1,-1,-1,0,0,0,0,0,0,-1,-1,-1,-1,-1,-1,-1,-1,-1,-1,-1,-1,0,0,0,0,0,0,-1,-1,-1,-1,-1,-1,-1,-1,-1,-1,-1,-1,-1,-1,False,False,0,0,False,209,0,0,0,0,0,0,0,0,0,0,0,0,0,0,0,1,
23414312,1036,2026-02-23 14:01:30Z,LLM_Empathetic,6.919997,7.220451,6.619543,0.6316881,0,1.613173,0,0,0,0,0,0,5.485407,4.346849,6.623976,0.592854,0.702737,0.482971,7.392277,6.225935,8.558619,0.599117,0,2.121517,7.183435,6.096973,8.269897,9.82932,10,9.478986,6.919997,7.220451,6.619543,0.6316881,0,1.613173,0,0,0,0,0,0,5.485407,4.346849,6.623976,0.592854,0.702737,0.482971,7.392277,6.225935,8.558619,0.599117,0,2.121517,7.183435,6.096973,8.269897,9.82932,10,9.478986,-1,-1,-1,-1,-1,-1,-1,-1,-1,-1,-1,-1,-1,-1,-1,-1,-1,-1,-1,-1,-1,-1,-1,-1,-1,-1,-1,-1,-1,-1,-1,-1,-1,-1,-1,-1,-1,-1,-1,-1,-1,-1,-1,-1,-1,-1,-1,-1,-1,-1,0,0,0,0,0,0,-1,-1,-1,-1,-1,-1,-1,-1,-1,-1,-1,-1,0,0,0,0,0,0,-1,-1,-1,-1,-1,-1,-1,-1,-1,-1,-1,-1,-1,-1,False,False,0,0,False,207,0,0,0,0,0,0,0,0,0,0,0,0,0,0,0,1,
23414312,1037,2026-02-23 14:01:30Z,LLM_Empathetic,6.92001,7.220453,6.619566,0.6316659,0,1.613161,0,0,0,0,0,0,5.485424,4.346855,6.624004,0.592854,0.702737,0.482971,7.392284,6.22593,8.558639,0.5991029,0,2.121503,7.183458,6.096986,8.269931,9.829367,10,9.479044,6.92001,7.220453,6.619566,0.6316659,0,1.613161,0,0,0,0,0,0,5.485424,4.346855,6.624004,0.592854,0.702737,0.482971,7.392284,6.22593,8.558639,0.5991029,0,2.121503,7.183458,6.096986,8.269931,9.829367,10,9.479044,-1,-1,-1,-1,-1,-1,-1,-1,-1,-1,-1,-1,-1,-1,-1,-1,-1,-1,-1,-1,-1,-1,-1,-1,-1,-1,-1,-1,-1,-1,-1,-1,-1,-1,-1,-1,-1,-1,-1,-1,-1,-1,-1,-1,-1,-1,-1,-1,-1,-1,0,0,0,0,0,0,-1,-1,-1,-1,-1,-1,-1,-1,-1,-1,-1,-1,0,0,0,0,0,0,-1,-1,-1,-1,-1,-1,-1,-1,-1,-1,-1,-1,-1,-1,False,False,0,0,False,209,0,0,0,0,0,0,0,0,0,0,0,0,0,0,0,1,
23414312,1038,2026-02-23 14:01:30Z,LLM_Empathetic,6.920023,7.220456,6.61959,0.6316438,0,1.613148,0,0,0,0,0,0,5.485441,4.34686,6.624032,0.592854,0.702737,0.482971,7.392292,6.225926,8.558659,0.5990887,0,2.121489,7.183481,6.096998,8.269965,9.829412,10,9.479103,6.920023,7.220456,6.61959,0.6316438,0,1.613148,0,0,0,0,0,0,5.485441,4.34686,6.624032,0.592854,0.702737,0.482971,7.392292,6.225926,8.558659,0.5990887,0,2.121489,7.183481,6.096998,8.269965,9.829412,10,9.479103,-1,-1,-1,-1,-1,-1,-1,-1,-1,-1,-1,-1,-1,-1,-1,-1,-1,-1,-1,-1,-1,-1,-1,-1,-1,-1,-1,-1,-1,-1,-1,-1,-1,-1,-1,-1,-1,-1,-1,-1,-1,-1,-1,-1,-1,-1,-1,-1,-1,-1,0,0,0,0,0,0,-1,-1,-1,-1,-1,-1,-1,-1,-1,-1,-1,-1,0,0,0,0,0,0,-1,-1,-1,-1,-1,-1,-1,-1,-1,-1,-1,-1,-1,-1,False,False,0,0,False,207,0,0,0,0,0,0,0,0,0,0,0,0,0,0,0,1,
23414312,1039,2026-02-23 14:01:30Z,LLM_Empathetic,6.920036,7.220458,6.619614,0.6316217,0,1.613136,0,0,0,0,0,0,5.485458,4.346866,6.62406,0.592854,0.702737,0.482971,7.3923,6.225923,8.558678,0.5990745,0,2.121475,7.183505,6.097011,8.27,9.829459,10,9.479161,6.920036,7.220458,6.619614,0.6316217,0,1.613136,0,0,0,0,0,0,5.485458,4.346866,6.62406,0.592854,0.702737,0.482971,7.3923,6.225923,8.558678,0.5990745,0,2.121475,7.183505,6.097011,8.27,9.829459,10,9.479161,-1,-1,-1,-1,-1,-1,-1,-1,-1,-1,-1,-1,-1,-1,-1,-1,-1,-1,-1,-1,-1,-1,-1,-1,-1,-1,-1,-1,-1,-1,-1,-1,-1,-1,-1,-1,-1,-1,-1,-1,-1,-1,-1,-1,-1,-1,-1,-1,-1,-1,0,0,0,0,0,0,-1,-1,-1,-1,-1,-1,-1,-1,-1,-1,-1,-1,0,0,0,0,0,0,-1,-1,-1,-1,-1,-1,-1,-1,-1,-1,-1,-1,-1,-1,False,False,0,0,False,209,0,0,0,0,0,0,0,0,0,0,0,0,0,0,0,1,
23414312,1040,2026-02-23 14:01:30Z,LLM_Empathetic,6.920049,7.22046,6.619637,0.6315997,0,1.613124,0,0,0,0,0,0,5.485475,4.346871,6.624088,0.592854,0.702737,0.482971,7.392307,6.225919,8.558697,0.5990604,0,2.121461,7.183527,6.097023,8.270033,9.829506,10,9.479219,6.920049,7.22046,6.619637,0.6315997,0,1.613124,0,0,0,0,0,0,5.485475,4.346871,6.624088,0.592854,0.702737,0.482971,7.392307,6.225919,8.558697,0.5990604,0,2.121461,7.183527,6.097023,8.270033,9.829506,10,9.479219,-1,-1,-1,-1,-1,-1,-1,-1,-1,-1,-1,-1,-1,-1,-1,-1,-1,-1,-1,-1,-1,-1,-1,-1,-1,-1,-1,-1,-1,-1,-1,-1,-1,-1,-1,-1,-1,-1,-1,-1,-1,-1,-1,-1,-1,-1,-1,-1,-1,-1,0,0,0,0,0,0,-1,-1,-1,-1,-1,-1,-1,-1,-1,-1,-1,-1,0,0,0,0,0,0,-1,-1,-1,-1,-1,-1,-1,-1,-1,-1,-1,-1,-1,-1,False,False,0,0,False,207,0,0,0,0,0,0,0,0,0,0,0,0,0,0,0,1,