ParticipantID,UnityFrame,FrameTimeStamp,CurrentScene,Emo_Valence_Score,Emo_Valence_CI_Upper,Emo_Valence_CI_Lower,Emo_Arousal_Score,Emo_Arousal_CI_Upper,Emo_Arousal_CI_Lower,Emo_Fear_Score,Emo_Fear_CI_Upper,Emo_Fear_CI_Lower,Emo_Stress_Score,Emo_Stress_CI_Upper,Emo_Stress_CI_Lower,Emo_Happy_Score,Emo_Happy_CI_Upper,Emo_Happy_CI_Lower,Emo_Sad_Score,Emo_Sad_CI_Upper,Emo_Sad_CI_Lower,Emo_Bored_Score,Emo_Bored_CI_Upper,Emo_Bored_CI_Lower,Emo_Excited_Score,Emo_Excited_CI_Upper,Emo_Excited_CI_Lower,Emo_Content_Score,Emo_Content_CI_Upper,Emo_Content_CI_Lower,Emo_Calm_Score,Emo_Calm_CI_Upper,Emo_Calm_CI_Lower,Emo_Valence_Score,Emo_Valence_CI_Upper,Emo_Valence_CI_Lower,Emo_Arousal_Score,Emo_Arousal_CI_Upper,Emo_Arousal_CI_Lower,Emo_Fear_Score,Emo_Fear_CI_Upper,Emo_Fear_CI_Lower,Emo_Stress_Score,Emo_Stress_CI_Upper,Emo_Stress_CI_Lower,Emo_Happy_Score,Emo_Happy_CI_Upper,Emo_Happy_CI_Lower,Emo_Sad_Score,Emo_Sad_CI_Upper,Emo_Sad_CI_Lower,Emo_Bored_Score,Emo_Bored_CI_Upper,Emo_Bored_CI_Lower,Emo_Excited_Score,Emo_Excited_CI_Upper,Emo_Excited_CI_Lower,Emo_Content_Score,Emo_Content_CI_Upper,Emo_Content_CI_Lower,Emo_Calm_Score,Emo_Calm_CI_Upper,Emo_Calm_CI_Lower,Vive_Eye_Left_Blink,Vive_Eye_Left_Wide,Vive_Eye_Right_Blink,Vive_Eye_Right_Wide,Vive_Eye_Left_Squeeze,Vive_Eye_Right_Squeeze,Vive_Eye_Left_Down,Vive_Eye_Right_Down,Vive_Eye_Left_Out,Vive_Eye_Right_In,Vive_Eye_Left_In,Vive_Eye_Right_Out,Vive_Eye_Left_Up,Vive_Eye_Right_Up,Vive_Face_Jaw_Right,Vive_Face_Jaw_Left,Vive_Face_Jaw_Forward,Vive_Face_Jaw_Open,Vive_Face_Mouth_Ape_Shape,Vive_Face_Mouth_Upper_Right,Vive_Face_Mouth_Upper_Left,Vive_Face_Lower_Right,Vive_Face_Lower_Left,Vive_Face_Mouth_Upper_Overturn,Vive_Face_Mouth_Lower_Overturn,Vive_Face_Mouth_Pout,Vive_Face_Mouth_Smile_Right,Vive_Face_Mouth_Smile_Left,Vive_Face_Mouth_Sad_Right,Vive_Face_Mouth_Sad_Left,Vive_Face_Mouth_Puff_Right,Vive_Face_Mouth_Puff_left,Vive_Face_Mouth_Suck,Vive_Face_Mouth_Upper_UpRight,Vive_Face_Mouth_Upper_UpLeft,Vive_Face_Mouth_Lower_DownRight,Vive_Face_Mouth_Lower_DownLeft,Vive_Face_Mouth_Upper_Inside,Vive_Face_Mouth_Lower_Inside,Vive_Face_Tongue_Out_1,Vive_Face_Tongue_Left,Vive_Face_Tongue_Right,Vive_Face_Tongue_Up,Vive_Face_Tongue_Down,Vive_Face_Tongue_Roll,Vive_Face_Tongue_Out_2,Vive_Face_Tongue_Up_Right,Vive_Face_Tongue_Up_Left,Vive_Face_Tongue_Down_Right,Vive_Face_Tongue_Down_Left,EyeGaze_Local_Pos.x,EyeGaze_Local_Pos.y,EyeGaze_Local_Pos.z,EyeGaze_Local_Direction.x,EyeGaze_Local_Direction.y,EyeGaze_Local_Direction.z,LeftEyeGaze_Local_Pos.x,LeftEyeGaze_Local_Pos.y,LeftEyeGaze_Local_Pos.z,LeftEyeGaze_Local_Direction.x,LeftEyeGaze_Local_Direction.y,LeftEyeGaze_Local_Direction.z,RightEyeGaze_Local_Pos.x,RightEyeGaze_Local_Pos.y,RightEyeGaze_Local_Pos.z,RightEyeGaze_Local_Direction.x,RightEyeGaze_Local_Direction.y,RightEyeGaze_Local_Direction.z,EyeGaze_World_Pos.x,EyeGaze_World_Pos.y,EyeGaze_World_Pos.z,EyeGaze_World_Direction.x,EyeGaze_World_Direction.y,EyeGaze_World_Direction.z,LeftEyeGaze_World_Pos.x,LeftEyeGaze_World_Pos.y,LeftEyeGaze_World_Pos.z,LeftEyeGaze_World_Direction.x,LeftEyeGaze_World_Direction.y,LeftEyeGaze_World_Direction.z,RightEyeGaze_World_Pos.x,RightEyeGaze_World_Pos.y,RightEyeGaze_World_Pos.z,RightEyeGaze_World_Direction.x,RightEyeGaze_World_Direction.y,RightEyeGaze_World_Direction.z,PupilDilation_Left,PupilDilation_Right,EyeClosed_Left,EyeClosed_Right,CurrentBlink_Duration,CurrentBlink_Interval,GazeValid,Foveal_GrayScaleValue,Parafoveal_GrayScaleValue,Headpoint_GrayScaleValue,Image_GrayScaleValue,HMD_pX,HMD_pY,HMD_pZ,HMD_rX,HMD_rY,HMD_rZ,HMD_arX,HMD_arY,HMD_arZ,HMD_aqX,HMD_aqY,HMD_aqZ,HMD_aqW,
434,283,2026-02-16 13:19:28Z,,6.889912,7.215005,6.564817,0.6828183,0,1.641371,0,0,0,0,0,0,5.446714,4.334053,6.559387,0.592854,0.702737,0.482971,7.374631,6.235011,8.514252,0.6318597,0,2.15426,7.129716,6.067891,8.191543,9.722016,10,9.344316,6.889912,7.215005,6.564817,0.6828183,0,1.641371,0,0,0,0,0,0,5.446714,4.334053,6.559387,0.592854,0.702737,0.482971,7.374631,6.235011,8.514252,0.6318597,0,2.15426,7.129716,6.067891,8.191543,9.722016,10,9.344316,-1,-1,-1,-1,-1,-1,-1,-1,-1,-1,-1,-1,-1,-1,-1,-1,-1,-1,-1,-1,-1,-1,-1,-1,-1,-1,-1,-1,-1,-1,-1,-1,-1,-1,-1,-1,-1,-1,-1,-1,-1,-1,-1,-1,-1,-1,-1,-1,-1,-1,0,0,0,0,0,0,-1,-1,-1,-1,-1,-1,-1,-1,-1,-1,-1,-1,0,0,0,0,0,0,-1,-1,-1,-1,-1,-1,-1,-1,-1,-1,-1,-1,-1,-1,False,False,0,0,False,54,0,0,0,0,0,0,0,0,0,0,0,0,0,0,0,1,
434,284,2026-02-16 13:19:28Z,,6.890054,7.215031,6.565077,0.6825759,0,1.641237,0,0,0,0,0,0,5.446898,4.334113,6.559693,0.592854,0.702737,0.482971,7.374715,6.234968,8.514462,0.6317045,0,2.154105,7.129971,6.068029,8.191914,9.722526,10,9.344954,6.890054,7.215031,6.565077,0.6825759,0,1.641237,0,0,0,0,0,0,5.446898,4.334113,6.559693,0.592854,0.702737,0.482971,7.374715,6.234968,8.514462,0.6317045,0,2.154105,7.129971,6.068029,8.191914,9.722526,10,9.344954,-1,-1,-1,-1,-1,-1,-1,-1,-1,-1,-1,-1,-1,-1,-1,-1,-1,-1,-1,-1,-1,-1,-1,-1,-1,-1,-1,-1,-1,-1,-1,-1,-1,-1,-1,-1,-1,-1,-1,-1,-1,-1,-1,-1,-1,-1,-1,-1,-1,-1,0,0,0,0,0,0,-1,-1,-1,-1,-1,-1,-1,-1,-1,-1,-1,-1,0,0,0,0,0,0,-1,-1,-1,-1,-1,-1,-1,-1,-1,-1,-1,-1,-1,-1,False,False,0,0,False,54,0,0,0,0,0,0,0,0,0,0,0,0,0,0,0,1,
434,285,2026-02-16 13:19:28Z,,6.890196,7.215057,6.565334,0.6823353,0,1.641105,0,0,0,0,0,0,5.44708,4.334173,6.559997,0.592854,0.702737,0.482971,7.374798,6.234925,8.51467,0.6315504,0,2.153951,7.130224,6.068166,8.192283,9.72303,10,9.345588,6.890196,7.215057,6.565334,0.6823353,0,1.641105,0,0,0,0,0,0,5.44708,4.334173,6.559997,0.592854,0.702737,0.482971,7.374798,6.234925,8.51467,0.6315504,0,2.153951,7.130224,6.068166,8.192283,9.72303,10,9.345588,-1,-1,-1,-1,-1,-1,-1,-1,-1,-1,-1,-1,-1,-1,-1,-1,-1,-1,-1,-1,-1,-1,-1,-1,-1,-1,-1,-1,-1,-1,-1,-1,-1,-1,-1,-1,-1,-1,-1,-1,-1,-1,-1,-1,-1,-1,-1,-1,-1,-1,0,0,0,0,0,0,-1,-1,-1,-1,-1,-1,-1,-1,-1,-1,-1,-1,0,0,0,0,0,0,-1,-1,-1,-1,-1,-1,-1,-1,-1,-1,-1,-1,-1,-1,False,False,0,0,False,54,0,0,0,0,0,0,0,0,0,0,0,0,0,0,0,1,
434,286,2026-02-16 13:19:28Z,,6.890336,7.215082,6.56559,0.6820966,0,1.640973,0,0,0,0,0,0,5.44726,4.334233,6.560298,0.592854,0.702737,0.482971,7.37488,6.234883,8.514878,0.6313976,0,2.153798,7.130475,6.068302,8.192648,9.723531,10,9.346216,6.890336,7.215082,6.56559,0.6820966,0,1.640973,0,0,0,0,0,0,5.44726,4.334233,6.560298,0.592854,0.702737,0.482971,7.37488,6.234883,8.514878,0.6313976,0,2.153798,7.130475,6.068302,8.192648,9.723531,10,9.346216,-1,-1,-1,-1,-1,-1,-1,-1,-1,-1,-1,-1,-1,-1,-1,-1,-1,-1,-1,-1,-1,-1,-1,-1,-1,-1,-1,-1,-1,-1,-1,-1,-1,-1,-1,-1,-1,-1,-1,-1,-1,-1,-1,-1,-1,-1,-1,-1,-1,-1,0,0,0,0,0,0,-1,-1,-1,-1,-1,-1,-1,-1,-1,-1,-1,-1,0,0,0,0,0,0,-1,-1,-1,-1,-1,-1,-1,-1,-1,-1,-1,-1,-1,-1,False,False,0,0,False,54,0,0,0,0,0,0,0,0,0,0,0,0,0,0,0,1,
434,287,2026-02-16 13:19:28Z,,6.890476,7.215107,6.565844,0.6818598,0,1.640842,0,0,0,0,0,0,5.44744,4.334292,6.560597,0.592854,0.702737,0.482971,7.374962,6.234841,8.515083,0.6312459,0,2.153646,7.130723,6.068437,8.193011,9.724029,10,9.34684,6.890476,7.215107,6.565844,0.6818598,0,1.640842,0,0,0,0,0,0,5.44744,4.334292,6.560597,0.592854,0.702737,0.482971,7.374962,6.234841,8.515083,0.6312459,0,2.153646,7.130723,6.068437,8.193011,9.724029,10,9.34684,-1,-1,-1,-1,-1,-1,-1,-1,-1,-1,-1,-1,-1,-1,-1,-1,-1,-1,-1,-1,-1,-1,-1,-1,-1,-1,-1,-1,-1,-1,-1,-1,-1,-1,-1,-1,-1,-1,-1,-1,-1,-1,-1,-1,-1,-1,-1,-1,-1,-1,0,0,0,0,0,0,-1,-1,-1,-1,-1,-1,-1,-1,-1,-1,-1,-1,0,0,0,0,0,0,-1,-1,-1,-1,-1,-1,-1,-1,-1,-1,-1,-1,-1,-1,False,False,0,0,False,54,0,0,0,0,0,0,0,0,0,0,0,0,0,0,0,1,
434,288,2026-02-16 13:19:28Z,,6.890614,7.215133,6.566095,0.6816248,0,1.640713,0,0,0,0,0,0,5.447618,4.334351,6.560894,0.592854,0.702737,0.482971,7.375043,6.234799,8.515287,0.6310954,0,2.153496,7.13097,6.06857,8.193372,9.724522,10,9.34746,6.890614,7.215133,6.566095,0.6816248,0,1.640713,0,0,0,0,0,0,5.447618,4.334351,6.560894,0.592854,0.702737,0.482971,7.375043,6.234799,8.515287,0.6310954,0,2.153496,7.13097,6.06857,8.193372,9.724522,10,9.34746,-1,-1,-1,-1,-1,-1,-1,-1,-1,-1,-1,-1,-1,-1,-1,-1,-1,-1,-1,-1,-1,-1,-1,-1,-1,-1,-1,-1,-1,-1,-1,-1,-1,-1,-1,-1,-1,-1,-1,-1,-1,-1,-1,-1,-1,-1,-1,-1,-1,-1,0,0,0,0,0,0,-1,-1,-1,-1,-1,-1,-1,-1,-1,-1,-1,-1,0,0,0,0,0,0,-1,-1,-1,-1,-1,-1,-1,-1,-1,-1,-1,-1,-1,-1,False,False,0,0,False,54,0,0,0,0,0,0,0,0,0,0,0,0,0,0,0,1,
434,289,2026-02-16 13:19:28Z,,6.890751,7.215158,6.566345,0.6813915,0,1.640584,0,0,0,0,0,0,5.447794,4.33441,6.561189,0.592854,0.702737,0.482971,7.375124,6.234758,8.51549,0.630946,0,2.153347,7.131216,6.068703,8.193728,9.725011,10,9.348074,6.890751,7.215158,6.566345,0.6813915,0,1.640584,0,0,0,0,0,0,5.447794,4.33441,6.561189,0.592854,0.702737,0.482971,7.375124,6.234758,8.51549,0.630946,0,2.153347,7.131216,6.068703,8.193728,9.725011,10,9.348074,-1,-1,-1,-1,-1,-1,-1,-1,-1,-1,-1,-1,-1,-1,-1,-1,-1,-1,-1,-1,-1,-1,-1,-1,-1,-1,-1,-1,-1,-1,-1,-1,-1,-1,-1,-1,-1,-1,-1,-1,-1,-1,-1,-1,-1,-1,-1,-1,-1,-1,0,0,0,0,0,0,-1,-1,-1,-1,-1,-1,-1,-1,-1,-1,-1,-1,0,0,0,0,0,0,-1,-1,-1,-1,-1,-1,-1,-1,-1,-1,-1,-1,-1,-1,False,False,0,0,False,54,0,0,0,0,0,0,0,0,0,0,0,0,0,0,0,1,
434,290,2026-02-16 13:19:28Z,,6.890887,7.215182,6.566592,0.68116,0,1.640456,0,0,0,0,0,0,5.447969,4.334467,6.561481,0.592854,0.702737,0.482971,7.375204,6.234717,8.515691,0.6307978,0,2.153198,7.131459,6.068834,8.194083,9.725496,10,9.348683,6.890887,7.215182,6.566592,0.68116,0,1.640456,0,0,0,0,0,0,5.447969,4.334467,6.561481,0.592854,0.702737,0.482971,7.375204,6.234717,8.515691,0.6307978,0,2.153198,7.131459,6.068834,8.194083,9.725496,10,9.348683,-1,-1,-1,-1,-1,-1,-1,-1,-1,-1,-1,-1,-1,-1,-1,-1,-1,-1,-1,-1,-1,-1,-1,-1,-1,-1,-1,-1,-1,-1,-1,-1,-1,-1,-1,-1,-1,-1,-1,-1,-1,-1,-1,-1,-1,-1,-1,-1,-1,-1,0,0,0,0,0,0,-1,-1,-1,-1,-1,-1,-1,-1,-1,-1,-1,-1,0,0,0,0,0,0,-1,-1,-1,-1,-1,-1,-1,-1,-1,-1,-1,-1,-1,-1,False,False,0,0,False,54,0,0,0,0,0,0,0,0,0,0,0,0,0,0,0,1,
434,291,2026-02-16 13:19:28Z,,6.891023,7.215207,6.566838,0.6809303,0,1.64033,0,0,0,0,0,0,5.448143,4.334525,6.561772,0.592854,0.702737,0.482971,7.375283,6.234676,8.51589,0.6306507,0,2.153051,7.1317,6.068965,8.194435,9.725979,10,9.349288,6.891023,7.215207,6.566838,0.6809303,0,1.64033,0,0,0,0,0,0,5.448143,4.334525,6.561772,0.592854,0.702737,0.482971,7.375283,6.234676,8.51589,0.6306507,0,2.153051,7.1317,6.068965,8.194435,9.725979,10,9.349288,-1,-1,-1,-1,-1,-1,-1,-1,-1,-1,-1,-1,-1,-1,-1,-1,-1,-1,-1,-1,-1,-1,-1,-1,-1,-1,-1,-1,-1,-1,-1,-1,-1,-1,-1,-1,-1,-1,-1,-1,-1,-1,-1,-1,-1,-1,-1,-1,-1,-1,0,0,0,0,0,0,-1,-1,-1,-1,-1,-1,-1,-1,-1,-1,-1,-1,0,0,0,0,0,0,-1,-1,-1,-1,-1,-1,-1,-1,-1,-1,-1,-1,-1,-1,False,False,0,0,False,54,0,0,0,0,0,0,0,0,0,0,0,0,0,0,0,1,
434,292,2026-02-16 13:19:28Z,,6.891157,7.215231,6.567082,0.6807023,0,1.640204,0,0,0,0,0,0,5.448316,4.334582,6.56206,0.592854,0.702737,0.482971,7.375361,6.234635,8.516088,0.6305047,0,2.152905,7.131939,6.069095,8.194785,9.726458,10,9.349889,6.891157,7.215231,6.567082,0.6807023,0,1.640204,0,0,0,0,0,0,5.448316,4.334582,6.56206,0.592854,0.702737,0.482971,7.375361,6.234635,8.516088,0.6305047,0,2.152905,7.131939,6.069095,8.194785,9.726458,10,9.349889,-1,-1,-1,-1,-1,-1,-1,-1,-1,-1,-1,-1,-1,-1,-1,-1,-1,-1,-1,-1,-1,-1,-1,-1,-1,-1,-1,-1,-1,-1,-1,-1,-1,-1,-1,-1,-1,-1,-1,-1,-1,-1,-1,-1,-1,-1,-1,-1,-1,-1,0,0,0,0,0,0,-1,-1,-1,-1,-1,-1,-1,-1,-1,-1,-1,-1,0,0,0,0,0,0,-1,-1,-1,-1,-1,-1,-1,-1,-1,-1,-1,-1,-1,-1,False,False,0,0,False,54,0,0,0,0,0,0,0,0,0,0,0,0,0,0,0,1,
434,293,2026-02-16 13:19:28Z,,6.89129,7.215255,6.567325,0.680476,0,1.640079,0,0,0,0,0,0,5.448487,4.334639,6.562346,0.592854,0.702737,0.482971,7.37544,6.234595,8.516284,0.6303598,0,2.15276,7.132177,6.069223,8.195131,9.726933,10,9.350485,6.89129,7.215255,6.567325,0.680476,0,1.640079,0,0,0,0,0,0,5.448487,4.334639,6.562346,0.592854,0.702737,0.482971,7.37544,6.234595,8.516284,0.6303598,0,2.15276,7.132177,6.069223,8.195131,9.726933,10,9.350485,-1,-1,-1,-1,-1,-1,-1,-1,-1,-1,-1,-1,-1,-1,-1,-1,-1,-1,-1,-1,-1,-1,-1,-1,-1,-1,-1,-1,-1,-1,-1,-1,-1,-1,-1,-1,-1,-1,-1,-1,-1,-1,-1,-1,-1,-1,-1,-1,-1,-1,0,0,0,0,0,0,-1,-1,-1,-1,-1,-1,-1,-1,-1,-1,-1,-1,0,0,0,0,0,0,-1,-1,-1,-1,-1,-1,-1,-1,-1,-1,-1,-1,-1,-1,False,False,0,0,False,54,0,0,0,0,0,0,0,0,0,0,0,0,0,0,0,1,
434,294,2026-02-16 13:19:28Z,,6.891422,7.215279,6.567565,0.6802514,0,1.639955,0,0,0,0,0,0,5.448657,4.334695,6.562629,0.592854,0.702737,0.482971,7.375517,6.234556,8.516479,0.6302159,0,2.152616,7.132413,6.069351,8.195476,9.727404,10,9.351076,6.891422,7.215279,6.567565,0.6802514,0,1.639955,0,0,0,0,0,0,5.448657,4.334695,6.562629,0.592854,0.702737,0.482971,7.375517,6.234556,8.516479,0.6302159,0,2.152616,7.132413,6.069351,8.195476,9.727404,10,9.351076,-1,-1,-1,-1,-1,-1,-1,-1,-1,-1,-1,-1,-1,-1,-1,-1,-1,-1,-1,-1,-1,-1,-1,-1,-1,-1,-1,-1,-1,-1,-1,-1,-1,-1,-1,-1,-1,-1,-1,-1,-1,-1,-1,-1,-1,-1,-1,-1,-1,-1,0,0,0,0,0,0,-1,-1,-1,-1,-1,-1,-1,-1,-1,-1,-1,-1,0,0,0,0,0,0,-1,-1,-1,-1,-1,-1,-1,-1,-1,-1,-1,-1,-1,-1,False,False,0,0,False,54,0,0,0,0,0,0,0,0,0,0,0,0,0,0,0,1,
434,295,2026-02-16 13:19:28Z,,6.891553,7.215302,6.567803,0.6800285,0,1.639832,0,0,0,0,0,0,5.448826,4.334751,6.562911,0.592854,0.702737,0.482971,7.375594,6.234516,8.516672,0.6300732,0,2.152474,7.132648,6.069478,8.195818,9.727871,10,9.351664,6.891553,7.215302,6.567803,0.6800285,0,1.639832,0,0,0,0,0,0,5.448826,4.334751,6.562911,0.592854,0.702737,0.482971,7.375594,6.234516,8.516672,0.6300732,0,2.152474,7.132648,6.069478,8.195818,9.727871,10,9.351664,-1,-1,-1,-1,-1,-1,-1,-1,-1,-1,-1,-1,-1,-1,-1,-1,-1,-1,-1,-1,-1,-1,-1,-1,-1,-1,-1,-1,-1,-1,-1,-1,-1,-1,-1,-1,-1,-1,-1,-1,-1,-1,-1,-1,-1,-1,-1,-1,-1,-1,0,0,0,0,0,0,-1,-1,-1,-1,-1,-1,-1,-1,-1,-1,-1,-1,0,0,0,0,0,0,-1,-1,-1,-1,-1,-1,-1,-1,-1,-1,-1,-1,-1,-1,False,False,0,0,False,54,0,0,0,0,0,0,0,0,0,0,0,0,0,0,0,1,
434,296,2026-02-16 13:19:28Z,,6.891684,7.215326,6.56804,0.6798072,0,1.63971,0,0,0,0,0,0,5.448993,4.334806,6.56319,0.592854,0.702737,0.482971,7.37567,6.234477,8.516865,0.6299314,0,2.152332,7.13288,6.069604,8.196157,9.728335,10,9.352246,6.891684,7.215326,6.56804,0.6798072,0,1.63971,0,0,0,0,0,0,5.448993,4.334806,6.56319,0.592854,0.702737,0.482971,7.37567,6.234477,8.516865,0.6299314,0,2.152332,7.13288,6.069604,8.196157,9.728335,10,9.352246,-1,-1,-1,-1,-1,-1,-1,-1,-1,-1,-1,-1,-1,-1,-1,-1,-1,-1,-1,-1,-1,-1,-1,-1,-1,-1,-1,-1,-1,-1,-1,-1,-1,-1,-1,-1,-1,-1,-1,-1,-1,-1,-1,-1,-1,-1,-1,-1,-1,-1,0,0,0,0,0,0,-1,-1,-1,-1,-1,-1,-1,-1,-1,-1,-1,-1,0,0,0,0,0,0,-1,-1,-1,-1,-1,-1,-1,-1,-1,-1,-1,-1,-1,-1,False,False,0,0,False,54,0,0,0,0,0,0,0,0,0,0,0,0,0,0,0,1,
434,297,2026-02-16 13:19:28Z,,6.891813,7.21535,6.568275,0.6795875,0,1.639589,0,0,0,0,0,0,5.449159,4.334861,6.563468,0.592854,0.702737,0.482971,7.375746,6.234437,8.517056,0.6297908,0,2.152191,7.133111,6.069729,8.196493,9.728797,10,9.352825,6.891813,7.21535,6.568275,0.6795875,0,1.639589,0,0,0,0,0,0,5.449159,4.334861,6.563468,0.592854,0.702737,0.482971,7.375746,6.234437,8.517056,0.6297908,0,2.152191,7.133111,6.069729,8.196493,9.728797,10,9.352825,-1,-1,-1,-1,-1,-1,-1,-1,-1,-1,-1,-1,-1,-1,-1,-1,-1,-1,-1,-1,-1,-1,-1,-1,-1,-1,-1,-1,-1,-1,-1,-1,-1,-1,-1,-1,-1,-1,-1,-1,-1,-1,-1,-1,-1,-1,-1,-1,-1,-1,0,0,0,0,0,0,-1,-1,-1,-1,-1,-1,-1,-1,-1,-1,-1,-1,0,0,0,0,0,0,-1,-1,-1,-1,-1,-1,-1,-1,-1,-1,-1,-1,-1,-1,False,False,0,0,False,54,0,0,0,0,0,0,0,0,0,0,0,0,0,0,0,1,
434,298,2026-02-16 13:19:28Z,,6.891941,7.215373,6.568509,0.6793694,0,1.639469,0,0,0,0,0,0,5.449325,4.334916,6.563744,0.592854,0.702737,0.482971,7.375822,6.234399,8.517244,0.6296511,0,2.152051,7.13334,6.069853,8.196828,9.729255,10,9.353399,6.891941,7.215373,6.568509,0.6793694,0,1.639469,0,0,0,0,0,0,5.449325,4.334916,6.563744,0.592854,0.702737,0.482971,7.375822,6.234399,8.517244,0.6296511,0,2.152051,7.13334,6.069853,8.196828,9.729255,10,9.353399,-1,-1,-1,-1,-1,-1,-1,-1,-1,-1,-1,-1,-1,-1,-1,-1,-1,-1,-1,-1,-1,-1,-1,-1,-1,-1,-1,-1,-1,-1,-1,-1,-1,-1,-1,-1,-1,-1,-1,-1,-1,-1,-1,-1,-1,-1,-1,-1,-1,-1,0,0,0,0,0,0,-1,-1,-1,-1,-1,-1,-1,-1,-1,-1,-1,-1,0,0,0,0,0,0,-1,-1,-1,-1,-1,-1,-1,-1,-1,-1,-1,-1,-1,-1,False,False,0,0,False,54,0,0,0,0,0,0,0,0,0,0,0,0,0,0,0,1,
434,299,2026-02-16 13:19:28Z,,6.892068,7.215396,6.568741,0.6791529,0,1.639349,0,0,0,0,0,0,5.449488,4.33497,6.564017,0.592854,0.702737,0.482971,7.375896,6.234361,8.517432,0.6295125,0,2.151913,7.133567,6.069976,8.19716,9.729709,10,9.35397,6.892068,7.215396,6.568741,0.6791529,0,1.639349,0,0,0,0,0,0,5.449488,4.33497,6.564017,0.592854,0.702737,0.482971,7.375896,6.234361,8.517432,0.6295125,0,2.151913,7.133567,6.069976,8.19716,9.729709,10,9.35397,-1,-1,-1,-1,-1,-1,-1,-1,-1,-1,-1,-1,-1,-1,-1,-1,-1,-1,-1,-1,-1,-1,-1,-1,-1,-1,-1,-1,-1,-1,-1,-1,-1,-1,-1,-1,-1,-1,-1,-1,-1,-1,-1,-1,-1,-1,-1,-1,-1,-1,0,0,0,0,0,0,-1,-1,-1,-1,-1,-1,-1,-1,-1,-1,-1,-1,0,0,0,0,0,0,-1,-1,-1,-1,-1,-1,-1,-1,-1,-1,-1,-1,-1,-1,False,False,0,0,False,54,0,0,0,0,0,0,0,0,0,0,0,0,0,0,0,1,
434,300,2026-02-16 13:19:28Z,,6.892195,7.215419,6.568971,0.678938,0,1.639231,0,0,0,0,0,0,5.449651,4.335023,6.564289,0.592854,0.702737,0.482971,7.37597,6.234323,8.517619,0.6293749,0,2.151775,7.133793,6.070098,8.197489,9.73016,10,9.354536,6.892195,7.215419,6.568971,0.678938,0,1.639231,0,0,0,0,0,0,5.449651,4.335023,6.564289,0.592854,0.702737,0.482971,7.37597,6.234323,8.517619,0.6293749,0,2.151775,7.133793,6.070098,8.197489,9.73016,10,9.354536,-1,-1,-1,-1,-1,-1,-1,-1,-1,-1,-1,-1,-1,-1,-1,-1,-1,-1,-1,-1,-1,-1,-1,-1,-1,-1,-1,-1,-1,-1,-1,-1,-1,-1,-1,-1,-1,-1,-1,-1,-1,-1,-1,-1,-1,-1,-1,-1,-1,-1,0,0,0,0,0,0,-1,-1,-1,-1,-1,-1,-1,-1,-1,-1,-1,-1,0,0,0,0,0,0,-1,-1,-1,-1,-1,-1,-1,-1,-1,-1,-1,-1,-1,-1,False,False,0,0,False,54,0,0,0,0,0,0,0,0,0,0,0,0,0,0,0,1,
434,301,2026-02-16 13:19:28Z,,6.892321,7.215442,6.569199,0.6787246,0,1.639113,0,0,0,0,0,0,5.449812,4.335077,6.564558,0.592854,0.702737,0.482971,7.376044,6.234284,8.517804,0.6292382,0,2.151639,7.134017,6.07022,8.197816,9.730608,10,9.355098,6.892321,7.215442,6.569199,0.6787246,0,1.639113,0,0,0,0,0,0,5.449812,4.335077,6.564558,0.592854,0.702737,0.482971,7.376044,6.234284,8.517804,0.6292382,0,2.151639,7.134017,6.07022,8.197816,9.730608,10,9.355098,-1,-1,-1,-1,-1,-1,-1,-1,-1,-1,-1,-1,-1,-1,-1,-1,-1,-1,-1,-1,-1,-1,-1,-1,-1,-1,-1,-1,-1,-1,-1,-1,-1,-1,-1,-1,-1,-1,-1,-1,-1,-1,-1,-1,-1,-1,-1,-1,-1,-1,0,0,0,0,0,0,-1,-1,-1,-1,-1,-1,-1,-1,-1,-1,-1,-1,0,0,0,0,0,0,-1,-1,-1,-1,-1,-1,-1,-1,-1,-1,-1,-1,-1,-1,False,False,0,0,False,54,0,0,0,0,0,0,0,0,0,0,0,0,0,0,0,1,
434,302,2026-02-16 13:19:28Z,,6.892445,7.215464,6.569426,0.6785127,0,1.638996,0,0,0,0,0,0,5.449973,4.33513,6.564826,0.592854,0.702737,0.482971,7.376117,6.234247,8.517988,0.6291025,0,2.151503,7.13424,6.07034,8.19814,9.731052,10,9.355657,6.892445,7.215464,6.569426,0.6785127,0,1.638996,0,0,0,0,0,0,5.449973,4.33513,6.564826,0.592854,0.702737,0.482971,7.376117,6.234247,8.517988,0.6291025,0,2.151503,7.13424,6.07034,8.19814,9.731052,10,9.355657,-1,-1,-1,-1,-1,-1,-1,-1,-1,-1,-1,-1,-1,-1,-1,-1,-1,-1,-1,-1,-1,-1,-1,-1,-1,-1,-1,-1,-1,-1,-1,-1,-1,-1,-1,-1,-1,-1,-1,-1,-1,-1,-1,-1,-1,-1,-1,-1,-1,-1,0,0,0,0,0,0,-1,-1,-1,-1,-1,-1,-1,-1,-1,-1,-1,-1,0,0,0,0,0,0,-1,-1,-1,-1,-1,-1,-1,-1,-1,-1,-1,-1,-1,-1,False,False,0,0,False,54,0,0,0,0,0,0,0,0,0,0,0,0,0,0,0,1,
434,303,2026-02-16 13:19:28Z,,6.892569,7.215487,6.569651,0.6783023,0,1.63888,0,0,0,0,0,0,5.450132,4.335183,6.565092,0.592854,0.702737,0.482971,7.37619,6.23421,8.51817,0.6289678,0,2.151368,7.134461,6.07046,8.198462,9.731494,10,9.35621,6.892569,7.215487,6.569651,0.6783023,0,1.63888,0,0,0,0,0,0,5.450132,4.335183,6.565092,0.592854,0.702737,0.482971,7.37619,6.23421,8.51817,0.6289678,0,2.151368,7.134461,6.07046,8.198462,9.731494,10,9.35621,-1,-1,-1,-1,-1,-1,-1,-1,-1,-1,-1,-1,-1,-1,-1,-1,-1,-1,-1,-1,-1,-1,-1,-1,-1,-1,-1,-1,-1,-1,-1,-1,-1,-1,-1,-1,-1,-1,-1,-1,-1,-1,-1,-1,-1,-1,-1,-1,-1,-1,0,0,0,0,0,0,-1,-1,-1,-1,-1,-1,-1,-1,-1,-1,-1,-1,0,0,0,0,0,0,-1,-1,-1,-1,-1,-1,-1,-1,-1,-1,-1,-1,-1,-1,False,False,0,0,False,54,0,0,0,0,0,0,0,0,0,0,0,0,0,0,0,1,
434,304,2026-02-16 13:19:28Z,,6.892692,7.215508,6.569875,0.6780934,0,1.638765,0,0,0,0,0,0,5.45029,4.335235,6.565355,0.592854,0.702737,0.482971,7.376262,6.234172,8.518352,0.6288341,0,2.151234,7.13468,6.070579,8.198783,9.731933,10,9.35676,6.892692,7.215508,6.569875,0.6780934,0,1.638765,0,0,0,0,0,0,5.45029,4.335235,6.565355,0.592854,0.702737,0.482971,7.376262,6.234172,8.518352,0.6288341,0,2.151234,7.13468,6.070579,8.198783,9.731933,10,9.35676,-1,-1,-1,-1,-1,-1,-1,-1,-1,-1,-1,-1,-1,-1,-1,-1,-1,-1,-1,-1,-1,-1,-1,-1,-1,-1,-1,-1,-1,-1,-1,-1,-1,-1,-1,-1,-1,-1,-1,-1,-1,-1,-1,-1,-1,-1,-1,-1,-1,-1,0,0,0,0,0,0,-1,-1,-1,-1,-1,-1,-1,-1,-1,-1,-1,-1,0,0,0,0,0,0,-1,-1,-1,-1,-1,-1,-1,-1,-1,-1,-1,-1,-1,-1,False,False,0,0,False,54,0,0,0,0,0,0,0,0,0,0,0,0,0,0,0,1,
434,305,2026-02-16 13:19:28Z,,6.892814,7.215531,6.570096,0.6778861,0,1.638651,0,0,0,0,0,0,5.450447,4.335287,6.565618,0.592854,0.702737,0.482971,7.376333,6.234136,8.518532,0.6287012,0,2.151102,7.134898,6.070697,8.1991,9.732368,10,9.357306,6.892814,7.215531,6.570096,0.6778861,0,1.638651,0,0,0,0,0,0,5.450447,4.335287,6.565618,0.592854,0.702737,0.482971,7.376333,6.234136,8.518532,0.6287012,0,2.151102,7.134898,6.070697,8.1991,9.732368,10,9.357306,-1,-1,-1,-1,-1,-1,-1,-1,-1,-1,-1,-1,-1,-1,-1,-1,-1,-1,-1,-1,-1,-1,-1,-1,-1,-1,-1,-1,-1,-1,-1,-1,-1,-1,-1,-1,-1,-1,-1,-1,-1,-1,-1,-1,-1,-1,-1,-1,-1,-1,0,0,0,0,0,0,-1,-1,-1,-1,-1,-1,-1,-1,-1,-1,-1,-1,0,0,0,0,0,0,-1,-1,-1,-1,-1,-1,-1,-1,-1,-1,-1,-1,-1,-1,False,False,0,0,False,54,0,0,0,0,0,0,0,0,0,0,0,0,0,0,0,1,
434,306,2026-02-16 13:19:28Z,,6.892935,7.215553,6.570317,0.6776801,0,1.638537,0,0,0,0,0,0,5.450603,4.335339,6.565877,0.592854,0.702737,0.482971,7.376404,6.234099,8.51871,0.6285694,0,2.15097,7.135115,6.070814,8.199416,9.7328,10,9.357849,6.892935,7.215553,6.570317,0.6776801,0,1.638537,0,0,0,0,0,0,5.450603,4.335339,6.565877,0.592854,0.702737,0.482971,7.376404,6.234099,8.51871,0.6285694,0,2.15097,7.135115,6.070814,8.199416,9.7328,10,9.357849,-1,-1,-1,-1,-1,-1,-1,-1,-1,-1,-1,-1,-1,-1,-1,-1,-1,-1,-1,-1,-1,-1,-1,-1,-1,-1,-1,-1,-1,-1,-1,-1,-1,-1,-1,-1,-1,-1,-1,-1,-1,-1,-1,-1,-1,-1,-1,-1,-1,-1,0,0,0,0,0,0,-1,-1,-1,-1,-1,-1,-1,-1,-1,-1,-1,-1,0,0,0,0,0,0,-1,-1,-1,-1,-1,-1,-1,-1,-1,-1,-1,-1,-1,-1,False,False,0,0,False,54,0,0,0,0,0,0,0,0,0,0,0,0,0,0,0,1,
434,307,2026-02-16 13:19:29Z,,6.893055,7.215574,6.570536,0.6774756,0,1.638424,0,0,0,0,0,0,5.450758,4.33539,6.566136,0.592854,0.702737,0.482971,7.376475,6.234063,8.518888,0.6284384,0,2.150839,7.135329,6.07093,8.19973,9.733229,10,9.358388,6.893055,7.215574,6.570536,0.6774756,0,1.638424,0,0,0,0,0,0,5.450758,4.33539,6.566136,0.592854,0.702737,0.482971,7.376475,6.234063,8.518888,0.6284384,0,2.150839,7.135329,6.07093,8.19973,9.733229,10,9.358388,-1,-1,-1,-1,-1,-1,-1,-1,-1,-1,-1,-1,-1,-1,-1,-1,-1,-1,-1,-1,-1,-1,-1,-1,-1,-1,-1,-1,-1,-1,-1,-1,-1,-1,-1,-1,-1,-1,-1,-1,-1,-1,-1,-1,-1,-1,-1,-1,-1,-1,0,0,0,0,0,0,-1,-1,-1,-1,-1,-1,-1,-1,-1,-1,-1,-1,0,0,0,0,0,0,-1,-1,-1,-1,-1,-1,-1,-1,-1,-1,-1,-1,-1,-1,False,False,0,0,False,54,0,0,0,0,0,0,0,0,0,0,0,0,0,0,0,1,
434,308,2026-02-16 13:19:29Z,,6.893175,7.215596,6.570753,0.6772726,0,1.638312,0,0,0,0,0,0,5.450911,4.33544,6.566392,0.592854,0.702737,0.482971,7.376545,6.234027,8.519064,0.6283084,0,2.150709,7.135543,6.071045,8.200041,9.733655,10,9.358923,6.893175,7.215596,6.570753,0.6772726,0,1.638312,0,0,0,0,0,0,5.450911,4.33544,6.566392,0.592854,0.702737,0.482971,7.376545,6.234027,8.519064,0.6283084,0,2.150709,7.135543,6.071045,8.200041,9.733655,10,9.358923,-1,-1,-1,-1,-1,-1,-1,-1,-1,-1,-1,-1,-1,-1,-1,-1,-1,-1,-1,-1,-1,-1,-1,-1,-1,-1,-1,-1,-1,-1,-1,-1,-1,-1,-1,-1,-1,-1,-1,-1,-1,-1,-1,-1,-1,-1,-1,-1,-1,-1,0,0,0,0,0,0,-1,-1,-1,-1,-1,-1,-1,-1,-1,-1,-1,-1,0,0,0,0,0,0,-1,-1,-1,-1,-1,-1,-1,-1,-1,-1,-1,-1,-1,-1,False,False,0,0,False,54,0,0,0,0,0,0,0,0,0,0,0,0,0,0,0,1,
434,309,2026-02-16 13:19:29Z,,6.893293,7.215618,6.570969,0.6770709,0,1.638201,0,0,0,0,0,0,5.451064,4.335491,6.566647,0.592854,0.702737,0.482971,7.376615,6.233991,8.519239,0.6281792,0,2.15058,7.135755,6.07116,8.20035,9.734078,10,9.359454,6.893293,7.215618,6.570969,0.6770709,0,1.638201,0,0,0,0,0,0,5.451064,4.335491,6.566647,0.592854,0.702737,0.482971,7.376615,6.233991,8.519239,0.6281792,0,2.15058,7.135755,6.07116,8.20035,9.734078,10,9.359454,-1,-1,-1,-1,-1,-1,-1,-1,-1,-1,-1,-1,-1,-1,-1,-1,-1,-1,-1,-1,-1,-1,-1,-1,-1,-1,-1,-1,-1,-1,-1,-1,-1,-1,-1,-1,-1,-1,-1,-1,-1,-1,-1,-1,-1,-1,-1,-1,-1,-1,0,0,0,0,0,0,-1,-1,-1,-1,-1,-1,-1,-1,-1,-1,-1,-1,0,0,0,0,0,0,-1,-1,-1,-1,-1,-1,-1,-1,-1,-1,-1,-1,-1,-1,False,False,0,0,False,54,0,0,0,0,0,0,0,0,0,0,0,0,0,0,0,1,
434,310,2026-02-16 13:19:29Z,,6.893411,7.215639,6.571184,0.6768706,0,1.638091,0,0,0,0,0,0,5.451215,4.335541,6.5669,0.592854,0.702737,0.482971,7.376684,6.233955,8.519413,0.6280509,0,2.150451,7.135965,6.071274,8.200657,9.734499,10,9.359982,6.893411,7.215639,6.571184,0.6768706,0,1.638091,0,0,0,0,0,0,5.451215,4.335541,6.5669,0.592854,0.702737,0.482971,7.376684,6.233955,8.519413,0.6280509,0,2.150451,7.135965,6.071274,8.200657,9.734499,10,9.359982,-1,-1,-1,-1,-1,-1,-1,-1,-1,-1,-1,-1,-1,-1,-1,-1,-1,-1,-1,-1,-1,-1,-1,-1,-1,-1,-1,-1,-1,-1,-1,-1,-1,-1,-1,-1,-1,-1,-1,-1,-1,-1,-1,-1,-1,-1,-1,-1,-1,-1,0,0,0,0,0,0,-1,-1,-1,-1,-1,-1,-1,-1,-1,-1,-1,-1,0,0,0,0,0,0,-1,-1,-1,-1,-1,-1,-1,-1,-1,-1,-1,-1,-1,-1,False,False,0,0,False,54,0,0,0,0,0,0,0,0,0,0,0,0,0,0,0,1,
434,311,2026-02-16 13:19:29Z,,6.893528,7.21566,6.571396,0.6766717,0,1.637981,0,0,0,0,0,0,5.451366,4.335591,6.567152,0.592854,0.702737,0.482971,7.376752,6.23392,8.519586,0.6279235,0,2.150324,7.136174,6.071387,8.200962,9.734916,10,9.360505,6.893528,7.21566,6.571396,0.6766717,0,1.637981,0,0,0,0,0,0,5.451366,4.335591,6.567152,0.592854,0.702737,0.482971,7.376752,6.23392,8.519586,0.6279235,0,2.150324,7.136174,6.071387,8.200962,9.734916,10,9.360505,-1,-1,-1,-1,-1,-1,-1,-1,-1,-1,-1,-1,-1,-1,-1,-1,-1,-1,-1,-1,-1,-1,-1,-1,-1,-1,-1,-1,-1,-1,-1,-1,-1,-1,-1,-1,-1,-1,-1,-1,-1,-1,-1,-1,-1,-1,-1,-1,-1,-1,0,0,0,0,0,0,-1,-1,-1,-1,-1,-1,-1,-1,-1,-1,-1,-1,0,0,0,0,0,0,-1,-1,-1,-1,-1,-1,-1,-1,-1,-1,-1,-1,-1,-1,False,False,0,0,False,54,0,0,0,0,0,0,0,0,0,0,0,0,0,0,0,1,
434,312,2026-02-16 13:19:29Z,,6.893645,7.215681,6.571608,0.6764741,0,1.637872,0,0,0,0,0,0,5.451515,4.33564,6.567401,0.592854,0.702737,0.482971,7.376821,6.233885,8.519757,0.6277971,0,2.150198,7.136382,6.0715,8.201264,9.735331,10,9.361026,6.893645,7.215681,6.571608,0.6764741,0,1.637872,0,0,0,0,0,0,5.451515,4.33564,6.567401,0.592854,0.702737,0.482971,7.376821,6.233885,8.519757,0.6277971,0,2.150198,7.136382,6.0715,8.201264,9.735331,10,9.361026,-1,-1,-1,-1,-1,-1,-1,-1,-1,-1,-1,-1,-1,-1,-1,-1,-1,-1,-1,-1,-1,-1,-1,-1,-1,-1,-1,-1,-1,-1,-1,-1,-1,-1,-1,-1,-1,-1,-1,-1,-1,-1,-1,-1,-1,-1,-1,-1,-1,-1,0,0,0,0,0,0,-1,-1,-1,-1,-1,-1,-1,-1,-1,-1,-1,-1,0,0,0,0,0,0,-1,-1,-1,-1,-1,-1,-1,-1,-1,-1,-1,-1,-1,-1,False,False,0,0,False,54,0,0,0,0,0,0,0,0,0,0,0,0,0,0,0,1,
434,313,2026-02-16 13:19:29Z,,6.89376,7.215702,6.571818,0.6762779,0,1.637764,0,0,0,0,0,0,5.451664,4.33569,6.567649,0.592854,0.702737,0.482971,7.376888,6.23385,8.519927,0.6276714,0,2.150072,7.136588,6.071611,8.201565,9.735743,10,9.361543,6.89376,7.215702,6.571818,0.6762779,0,1.637764,0,0,0,0,0,0,5.451664,4.33569,6.567649,0.592854,0.702737,0.482971,7.376888,6.23385,8.519927,0.6276714,0,2.150072,7.136588,6.071611,8.201565,9.735743,10,9.361543,-1,-1,-1,-1,-1,-1,-1,-1,-1,-1,-1,-1,-1,-1,-1,-1,-1,-1,-1,-1,-1,-1,-1,-1,-1,-1,-1,-1,-1,-1,-1,-1,-1,-1,-1,-1,-1,-1,-1,-1,-1,-1,-1,-1,-1,-1,-1,-1,-1,-1,0,0,0,0,0,0,-1,-1,-1,-1,-1,-1,-1,-1,-1,-1,-1,-1,0,0,0,0,0,0,-1,-1,-1,-1,-1,-1,-1,-1,-1,-1,-1,-1,-1,-1,False,False,0,0,False,54,0,0,0,0,0,0,0,0,0,0,0,0,0,0,0,1,
434,314,2026-02-16 13:19:29Z,,6.893875,7.215723,6.572026,0.676083,0,1.637656,0,0,0,0,0,0,5.451811,4.335738,6.567895,0.592854,0.702737,0.482971,7.376956,6.233816,8.520096,0.6275466,0,2.149947,7.136793,6.071722,8.201864,9.736152,10,9.362056,6.893875,7.215723,6.572026,0.676083,0,1.637656,0,0,0,0,0,0,5.451811,4.335738,6.567895,0.592854,0.702737,0.482971,7.376956,6.233816,8.520096,0.6275466,0,2.149947,7.136793,6.071722,8.201864,9.736152,10,9.362056,-1,-1,-1,-1,-1,-1,-1,-1,-1,-1,-1,-1,-1,-1,-1,-1,-1,-1,-1,-1,-1,-1,-1,-1,-1,-1,-1,-1,-1,-1,-1,-1,-1,-1,-1,-1,-1,-1,-1,-1,-1,-1,-1,-1,-1,-1,-1,-1,-1,-1,0,0,0,0,0,0,-1,-1,-1,-1,-1,-1,-1,-1,-1,-1,-1,-1,0,0,0,0,0,0,-1,-1,-1,-1,-1,-1,-1,-1,-1,-1,-1,-1,-1,-1,False,False,0,0,False,54,0,0,0,0,0,0,0,0,0,0,0,0,0,0,0,1,
434,315,2026-02-16 13:19:29Z,,6.893989,7.215744,6.572234,0.6758894,0,1.63755,0,0,0,0,0,0,5.451958,4.335786,6.56814,0.592854,0.702737,0.482971,7.377022,6.233781,8.520265,0.6274226,0,2.149823,7.136996,6.071832,8.202161,9.736558,10,9.362565,6.893989,7.215744,6.572234,0.6758894,0,1.63755,0,0,0,0,0,0,5.451958,4.335786,6.56814,0.592854,0.702737,0.482971,7.377022,6.233781,8.520265,0.6274226,0,2.149823,7.136996,6.071832,8.202161,9.736558,10,9.362565,-1,-1,-1,-1,-1,-1,-1,-1,-1,-1,-1,-1,-1,-1,-1,-1,-1,-1,-1,-1,-1,-1,-1,-1,-1,-1,-1,-1,-1,-1,-1,-1,-1,-1,-1,-1,-1,-1,-1,-1,-1,-1,-1,-1,-1,-1,-1,-1,-1,-1,0,0,0,0,0,0,-1,-1,-1,-1,-1,-1,-1,-1,-1,-1,-1,-1,0,0,0,0,0,0,-1,-1,-1,-1,-1,-1,-1,-1,-1,-1,-1,-1,-1,-1,False,False,0,0,False,54,0,0,0,0,0,0,0,0,0,0,0,0,0,0,0,1,
434,316,2026-02-16 13:19:29Z,,6.894102,7.215764,6.572439,0.6756971,0,1.637444,0,0,0,0,0,0,5.452104,4.335835,6.568382,0.592854,0.702737,0.482971,7.377089,6.233747,8.520431,0.6272995,0,2.1497,7.137198,6.071941,8.202456,9.736961,10,9.363072,6.894102,7.215764,6.572439,0.6756971,0,1.637444,0,0,0,0,0,0,5.452104,4.335835,6.568382,0.592854,0.702737,0.482971,7.377089,6.233747,8.520431,0.6272995,0,2.1497,7.137198,6.071941,8.202456,9.736961,10,9.363072,-1,-1,-1,-1,-1,-1,-1,-1,-1,-1,-1,-1,-1,-1,-1,-1,-1,-1,-1,-1,-1,-1,-1,-1,-1,-1,-1,-1,-1,-1,-1,-1,-1,-1,-1,-1,-1,-1,-1,-1,-1,-1,-1,-1,-1,-1,-1,-1,-1,-1,0,0,0,0,0,0,-1,-1,-1,-1,-1,-1,-1,-1,-1,-1,-1,-1,0,0,0,0,0,0,-1,-1,-1,-1,-1,-1,-1,-1,-1,-1,-1,-1,-1,-1,False,False,0,0,False,54,0,0,0,0,0,0,0,0,0,0,0,0,0,0,0,1,
434,317,2026-02-16 13:19:29Z,,6.894214,7.215784,6.572644,0.6755062,0,1.637338,0,0,0,0,0,0,5.452248,4.335883,6.568624,0.592854,0.702737,0.482971,7.377155,6.233713,8.520597,0.6271772,0,2.149578,7.137399,6.07205,8.202748,9.737362,10,9.363575,6.894214,7.215784,6.572644,0.6755062,0,1.637338,0,0,0,0,0,0,5.452248,4.335883,6.568624,0.592854,0.702737,0.482971,7.377155,6.233713,8.520597,0.6271772,0,2.149578,7.137399,6.07205,8.202748,9.737362,10,9.363575,-1,-1,-1,-1,-1,-1,-1,-1,-1,-1,-1,-1,-1,-1,-1,-1,-1,-1,-1,-1,-1,-1,-1,-1,-1,-1,-1,-1,-1,-1,-1,-1,-1,-1,-1,-1,-1,-1,-1,-1,-1,-1,-1,-1,-1,-1,-1,-1,-1,-1,0,0,0,0,0,0,-1,-1,-1,-1,-1,-1,-1,-1,-1,-1,-1,-1,0,0,0,0,0,0,-1,-1,-1,-1,-1,-1,-1,-1,-1,-1,-1,-1,-1,-1,False,False,0,0,False,54,0,0,0,0,0,0,0,0,0,0,0,0,0,0,0,1,
434,318,2026-02-16 13:19:29Z,,6.894326,7.215805,6.572847,0.6753165,0,1.637234,0,0,0,0,0,0,5.452392,4.33593,6.568863,0.592854,0.702737,0.482971,7.37722,6.233679,8.520761,0.6270557,0,2.149456,7.137598,6.072158,8.203038,9.737761,10,9.364075,6.894326,7.215805,6.572847,0.6753165,0,1.637234,0,0,0,0,0,0,5.452392,4.33593,6.568863,0.592854,0.702737,0.482971,7.37722,6.233679,8.520761,0.6270557,0,2.149456,7.137598,6.072158,8.203038,9.737761,10,9.364075,-1,-1,-1,-1,-1,-1,-1,-1,-1,-1,-1,-1,-1,-1,-1,-1,-1,-1,-1,-1,-1,-1,-1,-1,-1,-1,-1,-1,-1,-1,-1,-1,-1,-1,-1,-1,-1,-1,-1,-1,-1,-1,-1,-1,-1,-1,-1,-1,-1,-1,0,0,0,0,0,0,-1,-1,-1,-1,-1,-1,-1,-1,-1,-1,-1,-1,0,0,0,0,0,0,-1,-1,-1,-1,-1,-1,-1,-1,-1,-1,-1,-1,-1,-1,False,False,0,0,False,54,0,0,0,0,0,0,0,0,0,0,0,0,0,0,0,1,
434,319,2026-02-16 13:19:29Z,,6.894437,7.215825,6.573049,0.675128,0,1.63713,0,0,0,0,0,0,5.452534,4.335977,6.569101,0.592854,0.702737,0.482971,7.377285,6.233646,8.520925,0.626935,0,2.149335,7.137796,6.072265,8.203327,9.738155,10,9.364571,6.894437,7.215825,6.573049,0.675128,0,1.63713,0,0,0,0,0,0,5.452534,4.335977,6.569101,0.592854,0.702737,0.482971,7.377285,6.233646,8.520925,0.626935,0,2.149335,7.137796,6.072265,8.203327,9.738155,10,9.364571,-1,-1,-1,-1,-1,-1,-1,-1,-1,-1,-1,-1,-1,-1,-1,-1,-1,-1,-1,-1,-1,-1,-1,-1,-1,-1,-1,-1,-1,-1,-1,-1,-1,-1,-1,-1,-1,-1,-1,-1,-1,-1,-1,-1,-1,-1,-1,-1,-1,-1,0,0,0,0,0,0,-1,-1,-1,-1,-1,-1,-1,-1,-1,-1,-1,-1,0,0,0,0,0,0,-1,-1,-1,-1,-1,-1,-1,-1,-1,-1,-1,-1,-1,-1,False,False,0,0,False,54,0,0,0,0,0,0,0,0,0,0,0,0,0,0,0,1,
434,320,2026-02-16 13:19:29Z,,6.894547,7.215845,6.573249,0.6749408,0,1.637026,0,0,0,0,0,0,5.452676,4.336024,6.569338,0.592854,0.702737,0.482971,7.37735,6.233613,8.521088,0.6268151,0,2.149215,7.137993,6.072372,8.203614,9.738548,10,9.365065,6.894547,7.215845,6.573249,0.6749408,0,1.637026,0,0,0,0,0,0,5.452676,4.336024,6.569338,0.592854,0.702737,0.482971,7.37735,6.233613,8.521088,0.6268151,0,2.149215,7.137993,6.072372,8.203614,9.738548,10,9.365065,-1,-1,-1,-1,-1,-1,-1,-1,-1,-1,-1,-1,-1,-1,-1,-1,-1,-1,-1,-1,-1,-1,-1,-1,-1,-1,-1,-1,-1,-1,-1,-1,-1,-1,-1,-1,-1,-1,-1,-1,-1,-1,-1,-1,-1,-1,-1,-1,-1,-1,0,0,0,0,0,0,-1,-1,-1,-1,-1,-1,-1,-1,-1,-1,-1,-1,0,0,0,0,0,0,-1,-1,-1,-1,-1,-1,-1,-1,-1,-1,-1,-1,-1,-1,False,False,0,0,False,54,0,0,0,0,0,0,0,0,0,0,0,0,0,0,0,1,
434,321,2026-02-16 13:19:29Z,,6.894656,7.215864,6.573448,0.6747547,0,1.636924,0,0,0,0,0,0,5.452816,4.336071,6.569573,0.592854,0.702737,0.482971,7.377414,6.23358,8.521249,0.626696,0,2.149096,7.138188,6.072478,8.203899,9.738939,10,9.365554,6.894656,7.215864,6.573448,0.6747547,0,1.636924,0,0,0,0,0,0,5.452816,4.336071,6.569573,0.592854,0.702737,0.482971,7.377414,6.23358,8.521249,0.626696,0,2.149096,7.138188,6.072478,8.203899,9.738939,10,9.365554,-1,-1,-1,-1,-1,-1,-1,-1,-1,-1,-1,-1,-1,-1,-1,-1,-1,-1,-1,-1,-1,-1,-1,-1,-1,-1,-1,-1,-1,-1,-1,-1,-1,-1,-1,-1,-1,-1,-1,-1,-1,-1,-1,-1,-1,-1,-1,-1,-1,-1,0,0,0,0,0,0,-1,-1,-1,-1,-1,-1,-1,-1,-1,-1,-1,-1,0,0,0,0,0,0,-1,-1,-1,-1,-1,-1,-1,-1,-1,-1,-1,-1,-1,-1,False,False,0,0,False,54,0,0,0,0,0,0,0,0,0,0,0,0,0,0,0,1,
434,322,2026-02-16 13:19:29Z,,6.894765,7.215884,6.573646,0.67457,0,1.636822,0,0,0,0,0,0,5.452956,4.336117,6.569807,0.592854,0.702737,0.482971,7.377478,6.233547,8.521409,0.6265777,0,2.148978,7.138382,6.072583,8.204183,9.739326,10,9.366041,6.894765,7.215884,6.573646,0.67457,0,1.636822,0,0,0,0,0,0,5.452956,4.336117,6.569807,0.592854,0.702737,0.482971,7.377478,6.233547,8.521409,0.6265777,0,2.148978,7.138382,6.072583,8.204183,9.739326,10,9.366041,-1,-1,-1,-1,-1,-1,-1,-1,-1,-1,-1,-1,-1,-1,-1,-1,-1,-1,-1,-1,-1,-1,-1,-1,-1,-1,-1,-1,-1,-1,-1,-1,-1,-1,-1,-1,-1,-1,-1,-1,-1,-1,-1,-1,-1,-1,-1,-1,-1,-1,0,0,0,0,0,0,-1,-1,-1,-1,-1,-1,-1,-1,-1,-1,-1,-1,0,0,0,0,0,0,-1,-1,-1,-1,-1,-1,-1,-1,-1,-1,-1,-1,-1,-1,False,False,0,0,False,54,0,0,0,0,0,0,0,0,0,0,0,0,0,0,0,1,
434,323,2026-02-16 13:19:29Z,,6.894873,7.215903,6.573843,0.6743864,0,1.636721,0,0,0,0,0,0,5.453095,4.336163,6.570038,0.592854,0.702737,0.482971,7.377541,6.233514,8.521568,0.6264601,0,2.14886,7.138575,6.072687,8.204464,9.739712,10,9.366525,6.894873,7.215903,6.573843,0.6743864,0,1.636721,0,0,0,0,0,0,5.453095,4.336163,6.570038,0.592854,0.702737,0.482971,7.377541,6.233514,8.521568,0.6264601,0,2.14886,7.138575,6.072687,8.204464,9.739712,10,9.366525,-1,-1,-1,-1,-1,-1,-1,-1,-1,-1,-1,-1,-1,-1,-1,-1,-1,-1,-1,-1,-1,-1,-1,-1,-1,-1,-1,-1,-1,-1,-1,-1,-1,-1,-1,-1,-1,-1,-1,-1,-1,-1,-1,-1,-1,-1,-1,-1,-1,-1,0,0,0,0,0,0,-1,-1,-1,-1,-1,-1,-1,-1,-1,-1,-1,-1,0,0,0,0,0,0,-1,-1,-1,-1,-1,-1,-1,-1,-1,-1,-1,-1,-1,-1,False,False,0,0,False,54,0,0,0,0,0,0,0,0,0,0,0,0,0,0,0,1,
434,324,2026-02-16 13:19:29Z,,6.89498,7.215923,6.574038,0.674204,0,1.63662,0,0,0,0,0,0,5.453233,4.336208,6.570269,0.592854,0.702737,0.482971,7.377604,6.233482,8.521727,0.6263433,0,2.148744,7.138767,6.072791,8.204743,9.740095,10,9.367004,6.89498,7.215923,6.574038,0.674204,0,1.63662,0,0,0,0,0,0,5.453233,4.336208,6.570269,0.592854,0.702737,0.482971,7.377604,6.233482,8.521727,0.6263433,0,2.148744,7.138767,6.072791,8.204743,9.740095,10,9.367004,-1,-1,-1,-1,-1,-1,-1,-1,-1,-1,-1,-1,-1,-1,-1,-1,-1,-1,-1,-1,-1,-1,-1,-1,-1,-1,-1,-1,-1,-1,-1,-1,-1,-1,-1,-1,-1,-1,-1,-1,-1,-1,-1,-1,-1,-1,-1,-1,-1,-1,0,0,0,0,0,0,-1,-1,-1,-1,-1,-1,-1,-1,-1,-1,-1,-1,0,0,0,0,0,0,-1,-1,-1,-1,-1,-1,-1,-1,-1,-1,-1,-1,-1,-1,False,False,0,0,False,54,0,0,0,0,0,0,0,0,0,0,0,0,0,0,0,1,
434,325,2026-02-16 13:19:29Z,,6.895087,7.215942,6.574232,0.6740227,0,1.63652,0,0,0,0,0,0,5.453371,4.336254,6.570498,0.592854,0.702737,0.482971,7.377666,6.23345,8.521884,0.6262273,0,2.148628,7.138957,6.072894,8.205021,9.740475,10,9.367482,6.895087,7.215942,6.574232,0.6740227,0,1.63652,0,0,0,0,0,0,5.453371,4.336254,6.570498,0.592854,0.702737,0.482971,7.377666,6.23345,8.521884,0.6262273,0,2.148628,7.138957,6.072894,8.205021,9.740475,10,9.367482,-1,-1,-1,-1,-1,-1,-1,-1,-1,-1,-1,-1,-1,-1,-1,-1,-1,-1,-1,-1,-1,-1,-1,-1,-1,-1,-1,-1,-1,-1,-1,-1,-1,-1,-1,-1,-1,-1,-1,-1,-1,-1,-1,-1,-1,-1,-1,-1,-1,-1,0,0,0,0,0,0,-1,-1,-1,-1,-1,-1,-1,-1,-1,-1,-1,-1,0,0,0,0,0,0,-1,-1,-1,-1,-1,-1,-1,-1,-1,-1,-1,-1,-1,-1,False,False,0,0,False,54,0,0,0,0,0,0,0,0,0,0,0,0,0,0,0,1,
434,326,2026-02-16 13:19:29Z,,6.895193,7.215961,6.574424,0.6738427,0,1.636421,0,0,0,0,0,0,5.453507,4.336299,6.570725,0.592854,0.702737,0.482971,7.377729,6.233418,8.52204,0.6261119,0,2.148512,7.139146,6.072997,8.205297,9.740853,10,9.367956,6.895193,7.215961,6.574424,0.6738427,0,1.636421,0,0,0,0,0,0,5.453507,4.336299,6.570725,0.592854,0.702737,0.482971,7.377729,6.233418,8.52204,0.6261119,0,2.148512,7.139146,6.072997,8.205297,9.740853,10,9.367956,-1,-1,-1,-1,-1,-1,-1,-1,-1,-1,-1,-1,-1,-1,-1,-1,-1,-1,-1,-1,-1,-1,-1,-1,-1,-1,-1,-1,-1,-1,-1,-1,-1,-1,-1,-1,-1,-1,-1,-1,-1,-1,-1,-1,-1,-1,-1,-1,-1,-1,0,0,0,0,0,0,-1,-1,-1,-1,-1,-1,-1,-1,-1,-1,-1,-1,0,0,0,0,0,0,-1,-1,-1,-1,-1,-1,-1,-1,-1,-1,-1,-1,-1,-1,False,False,0,0,False,54,0,0,0,0,0,0,0,0,0,0,0,0,0,0,0,1,
434,327,2026-02-16 13:19:29Z,,6.895298,7.215981,6.574616,0.6736638,0,1.636322,0,0,0,0,0,0,5.453642,4.336344,6.570951,0.592854,0.702737,0.482971,7.37779,6.233386,8.522196,0.6259974,0,2.148398,7.139334,6.073098,8.205571,9.741228,10,9.368427,6.895298,7.215981,6.574616,0.6736638,0,1.636322,0,0,0,0,0,0,5.453642,4.336344,6.570951,0.592854,0.702737,0.482971,7.37779,6.233386,8.522196,0.6259974,0,2.148398,7.139334,6.073098,8.205571,9.741228,10,9.368427,-1,-1,-1,-1,-1,-1,-1,-1,-1,-1,-1,-1,-1,-1,-1,-1,-1,-1,-1,-1,-1,-1,-1,-1,-1,-1,-1,-1,-1,-1,-1,-1,-1,-1,-1,-1,-1,-1,-1,-1,-1,-1,-1,-1,-1,-1,-1,-1,-1,-1,0,0,0,0,0,0,-1,-1,-1,-1,-1,-1,-1,-1,-1,-1,-1,-1,0,0,0,0,0,0,-1,-1,-1,-1,-1,-1,-1,-1,-1,-1,-1,-1,-1,-1,False,False,0,0,False,54,0,0,0,0,0,0,0,0,0,0,0,0,0,0,0,1,
434,328,2026-02-16 13:19:29Z,,6.895403,7.216,6.574806,0.673486,0,1.636224,0,0,0,0,0,0,5.453777,4.336388,6.571176,0.592854,0.702737,0.482971,7.377852,6.233355,8.522349,0.6258835,0,2.148284,7.139521,6.073199,8.205844,9.741602,10,9.368896,6.895403,7.216,6.574806,0.673486,0,1.636224,0,0,0,0,0,0,5.453777,4.336388,6.571176,0.592854,0.702737,0.482971,7.377852,6.233355,8.522349,0.6258835,0,2.148284,7.139521,6.073199,8.205844,9.741602,10,9.368896,-1,-1,-1,-1,-1,-1,-1,-1,-1,-1,-1,-1,-1,-1,-1,-1,-1,-1,-1,-1,-1,-1,-1,-1,-1,-1,-1,-1,-1,-1,-1,-1,-1,-1,-1,-1,-1,-1,-1,-1,-1,-1,-1,-1,-1,-1,-1,-1,-1,-1,0,0,0,0,0,0,-1,-1,-1,-1,-1,-1,-1,-1,-1,-1,-1,-1,0,0,0,0,0,0,-1,-1,-1,-1,-1,-1,-1,-1,-1,-1,-1,-1,-1,-1,False,False,0,0,False,54,0,0,0,0,0,0,0,0,0,0,0,0,0,0,0,1,
434,329,2026-02-16 13:19:29Z,,6.895507,7.216018,6.574995,0.6733094,0,1.636127,0,0,0,0,0,0,5.45391,4.336432,6.571399,0.592854,0.702737,0.482971,7.377913,6.233323,8.522503,0.6257704,0,2.148171,7.139707,6.0733,8.206115,9.741972,10,9.369361,6.895507,7.216018,6.574995,0.6733094,0,1.636127,0,0,0,0,0,0,5.45391,4.336432,6.571399,0.592854,0.702737,0.482971,7.377913,6.233323,8.522503,0.6257704,0,2.148171,7.139707,6.0733,8.206115,9.741972,10,9.369361,-1,-1,-1,-1,-1,-1,-1,-1,-1,-1,-1,-1,-1,-1,-1,-1,-1,-1,-1,-1,-1,-1,-1,-1,-1,-1,-1,-1,-1,-1,-1,-1,-1,-1,-1,-1,-1,-1,-1,-1,-1,-1,-1,-1,-1,-1,-1,-1,-1,-1,0,0,0,0,0,0,-1,-1,-1,-1,-1,-1,-1,-1,-1,-1,-1,-1,0,0,0,0,0,0,-1,-1,-1,-1,-1,-1,-1,-1,-1,-1,-1,-1,-1,-1,False,False,0,0,False,54,0,0,0,0,0,0,0,0,0,0,0,0,0,0,0,1,
434,330,2026-02-16 13:19:29Z,,6.89561,7.216037,6.575183,0.6731339,0,1.63603,0,0,0,0,0,0,5.454043,4.336476,6.57162,0.592854,0.702737,0.482971,7.377974,6.233292,8.522655,0.625658,0,2.148058,7.139891,6.0734,8.206384,9.742341,10,9.369823,6.89561,7.216037,6.575183,0.6731339,0,1.63603,0,0,0,0,0,0,5.454043,4.336476,6.57162,0.592854,0.702737,0.482971,7.377974,6.233292,8.522655,0.625658,0,2.148058,7.139891,6.0734,8.206384,9.742341,10,9.369823,-1,-1,-1,-1,-1,-1,-1,-1,-1,-1,-1,-1,-1,-1,-1,-1,-1,-1,-1,-1,-1,-1,-1,-1,-1,-1,-1,-1,-1,-1,-1,-1,-1,-1,-1,-1,-1,-1,-1,-1,-1,-1,-1,-1,-1,-1,-1,-1,-1,-1,0,0,0,0,0,0,-1,-1,-1,-1,-1,-1,-1,-1,-1,-1,-1,-1,0,0,0,0,0,0,-1,-1,-1,-1,-1,-1,-1,-1,-1,-1,-1,-1,-1,-1,False,False,0,0,False,54,0,0,0,0,0,0,0,0,0,0,0,0,0,0,0,1,
434,331,2026-02-16 13:19:29Z,,6.895713,7.216055,6.57537,0.6729594,0,1.635934,0,0,0,0,0,0,5.454175,4.33652,6.571841,0.592854,0.702737,0.482971,7.378034,6.233261,8.522807,0.6255463,0,2.147947,7.140074,6.073499,8.206651,9.742706,10,9.370283,6.895713,7.216055,6.57537,0.6729594,0,1.635934,0,0,0,0,0,0,5.454175,4.33652,6.571841,0.592854,0.702737,0.482971,7.378034,6.233261,8.522807,0.6255463,0,2.147947,7.140074,6.073499,8.206651,9.742706,10,9.370283,-1,-1,-1,-1,-1,-1,-1,-1,-1,-1,-1,-1,-1,-1,-1,-1,-1,-1,-1,-1,-1,-1,-1,-1,-1,-1,-1,-1,-1,-1,-1,-1,-1,-1,-1,-1,-1,-1,-1,-1,-1,-1,-1,-1,-1,-1,-1,-1,-1,-1,0,0,0,0,0,0,-1,-1,-1,-1,-1,-1,-1,-1,-1,-1,-1,-1,0,0,0,0,0,0,-1,-1,-1,-1,-1,-1,-1,-1,-1,-1,-1,-1,-1,-1,False,False,0,0,False,54,0,0,0,0,0,0,0,0,0,0,0,0,0,0,0,1,
434,332,2026-02-16 13:19:29Z,,6.895814,7.216074,6.575555,0.6727861,0,1.635838,0,0,0,0,0,0,5.454306,4.336563,6.57206,0.592854,0.702737,0.482971,7.378093,6.23323,8.522957,0.6254353,0,2.147836,7.140256,6.073597,8.206916,9.743071,10,9.370739,6.895814,7.216074,6.575555,0.6727861,0,1.635838,0,0,0,0,0,0,5.454306,4.336563,6.57206,0.592854,0.702737,0.482971,7.378093,6.23323,8.522957,0.6254353,0,2.147836,7.140256,6.073597,8.206916,9.743071,10,9.370739,-1,-1,-1,-1,-1,-1,-1,-1,-1,-1,-1,-1,-1,-1,-1,-1,-1,-1,-1,-1,-1,-1,-1,-1,-1,-1,-1,-1,-1,-1,-1,-1,-1,-1,-1,-1,-1,-1,-1,-1,-1,-1,-1,-1,-1,-1,-1,-1,-1,-1,0,0,0,0,0,0,-1,-1,-1,-1,-1,-1,-1,-1,-1,-1,-1,-1,0,0,0,0,0,0,-1,-1,-1,-1,-1,-1,-1,-1,-1,-1,-1,-1,-1,-1,False,False,0,0,False,54,0,0,0,0,0,0,0,0,0,0,0,0,0,0,0,1,
434,333,2026-02-16 13:19:29Z,,6.895916,7.216092,6.575739,0.6726139,0,1.635743,0,0,0,0,0,0,5.454437,4.336607,6.572278,0.592854,0.702737,0.482971,7.378153,6.2332,8.523107,0.625325,0,2.147725,7.140437,6.073695,8.20718,9.743432,10,9.371193,6.895916,7.216092,6.575739,0.6726139,0,1.635743,0,0,0,0,0,0,5.454437,4.336607,6.572278,0.592854,0.702737,0.482971,7.378153,6.2332,8.523107,0.625325,0,2.147725,7.140437,6.073695,8.20718,9.743432,10,9.371193,-1,-1,-1,-1,-1,-1,-1,-1,-1,-1,-1,-1,-1,-1,-1,-1,-1,-1,-1,-1,-1,-1,-1,-1,-1,-1,-1,-1,-1,-1,-1,-1,-1,-1,-1,-1,-1,-1,-1,-1,-1,-1,-1,-1,-1,-1,-1,-1,-1,-1,0,0,0,0,0,0,-1,-1,-1,-1,-1,-1,-1,-1,-1,-1,-1,-1,0,0,0,0,0,0,-1,-1,-1,-1,-1,-1,-1,-1,-1,-1,-1,-1,-1,-1,False,False,0,0,False,54,0,0,0,0,0,0,0,0,0,0,0,0,0,0,0,1,
434,334,2026-02-16 13:19:29Z,,6.896017,7.216111,6.575923,0.6724427,0,1.635649,0,0,0,0,0,0,5.454566,4.336649,6.572494,0.592854,0.702737,0.482971,7.378212,6.233169,8.523255,0.6252154,0,2.147616,7.140617,6.073793,8.207442,9.743792,10,9.371644,6.896017,7.216111,6.575923,0.6724427,0,1.635649,0,0,0,0,0,0,5.454566,4.336649,6.572494,0.592854,0.702737,0.482971,7.378212,6.233169,8.523255,0.6252154,0,2.147616,7.140617,6.073793,8.207442,9.743792,10,9.371644,-1,-1,-1,-1,-1,-1,-1,-1,-1,-1,-1,-1,-1,-1,-1,-1,-1,-1,-1,-1,-1,-1,-1,-1,-1,-1,-1,-1,-1,-1,-1,-1,-1,-1,-1,-1,-1,-1,-1,-1,-1,-1,-1,-1,-1,-1,-1,-1,-1,-1,0,0,0,0,0,0,-1,-1,-1,-1,-1,-1,-1,-1,-1,-1,-1,-1,0,0,0,0,0,0,-1,-1,-1,-1,-1,-1,-1,-1,-1,-1,-1,-1,-1,-1,False,False,0,0,False,54,0,0,0,0,0,0,0,0,0,0,0,0,0,0,0,1,
434,335,2026-02-16 13:19:29Z,,6.896117,7.216129,6.576105,0.6722725,0,1.635555,0,0,0,0,0,0,5.454695,4.336692,6.572709,0.592854,0.702737,0.482971,7.378271,6.233139,8.523403,0.6251065,0,2.147507,7.140796,6.073889,8.207704,9.744148,10,9.372092,6.896117,7.216129,6.576105,0.6722725,0,1.635555,0,0,0,0,0,0,5.454695,4.336692,6.572709,0.592854,0.702737,0.482971,7.378271,6.233139,8.523403,0.6251065,0,2.147507,7.140796,6.073889,8.207704,9.744148,10,9.372092,-1,-1,-1,-1,-1,-1,-1,-1,-1,-1,-1,-1,-1,-1,-1,-1,-1,-1,-1,-1,-1,-1,-1,-1,-1,-1,-1,-1,-1,-1,-1,-1,-1,-1,-1,-1,-1,-1,-1,-1,-1,-1,-1,-1,-1,-1,-1,-1,-1,-1,0,0,0,0,0,0,-1,-1,-1,-1,-1,-1,-1,-1,-1,-1,-1,-1,0,0,0,0,0,0,-1,-1,-1,-1,-1,-1,-1,-1,-1,-1,-1,-1,-1,-1,False,False,0,0,False,54,0,0,0,0,0,0,0,0,0,0,0,0,0,0,0,1,
434,336,2026-02-16 13:19:29Z,,6.896216,7.216146,6.576286,0.6721035,0,1.635462,0,0,0,0,0,0,5.454823,4.336734,6.572922,0.592854,0.702737,0.482971,7.378329,6.233109,8.523549,0.6249982,0,2.147398,7.140974,6.073986,8.207962,9.744503,10,9.372538,6.896216,7.216146,6.576286,0.6721035,0,1.635462,0,0,0,0,0,0,5.454823,4.336734,6.572922,0.592854,0.702737,0.482971,7.378329,6.233109,8.523549,0.6249982,0,2.147398,7.140974,6.073986,8.207962,9.744503,10,9.372538,-1,-1,-1,-1,-1,-1,-1,-1,-1,-1,-1,-1,-1,-1,-1,-1,-1,-1,-1,-1,-1,-1,-1,-1,-1,-1,-1,-1,-1,-1,-1,-1,-1,-1,-1,-1,-1,-1,-1,-1,-1,-1,-1,-1,-1,-1,-1,-1,-1,-1,0,0,0,0,0,0,-1,-1,-1,-1,-1,-1,-1,-1,-1,-1,-1,-1,0,0,0,0,0,0,-1,-1,-1,-1,-1,-1,-1,-1,-1,-1,-1,-1,-1,-1,False,False,0,0,False,54,0,0,0,0,0,0,0,0,0,0,0,0,0,0,0,1,
434,337,2026-02-16 13:19:29Z,,6.896315,7.216165,6.576466,0.6719354,0,1.635369,0,0,0,0,0,0,5.45495,4.336776,6.573134,0.592854,0.702737,0.482971,7.378387,6.233079,8.523695,0.6248906,0,2.147291,7.14115,6.074081,8.20822,9.744856,10,9.37298,6.896315,7.216165,6.576466,0.6719354,0,1.635369,0,0,0,0,0,0,5.45495,4.336776,6.573134,0.592854,0.702737,0.482971,7.378387,6.233079,8.523695,0.6248906,0,2.147291,7.14115,6.074081,8.20822,9.744856,10,9.37298,-1,-1,-1,-1,-1,-1,-1,-1,-1,-1,-1,-1,-1,-1,-1,-1,-1,-1,-1,-1,-1,-1,-1,-1,-1,-1,-1,-1,-1,-1,-1,-1,-1,-1,-1,-1,-1,-1,-1,-1,-1,-1,-1,-1,-1,-1,-1,-1,-1,-1,0,0,0,0,0,0,-1,-1,-1,-1,-1,-1,-1,-1,-1,-1,-1,-1,0,0,0,0,0,0,-1,-1,-1,-1,-1,-1,-1,-1,-1,-1,-1,-1,-1,-1,False,False,0,0,False,54,0,0,0,0,0,0,0,0,0,0,0,0,0,0,0,1,
434,338,2026-02-16 13:19:29Z,,6.896413,7.216182,6.576644,0.6717684,0,1.635277,0,0,0,0,0,0,5.455077,4.336818,6.573345,0.592854,0.702737,0.482971,7.378445,6.233049,8.52384,0.6247836,0,2.147184,7.141325,6.074176,8.208476,9.745206,10,9.37342,6.896413,7.216182,6.576644,0.6717684,0,1.635277,0,0,0,0,0,0,5.455077,4.336818,6.573345,0.592854,0.702737,0.482971,7.378445,6.233049,8.52384,0.6247836,0,2.147184,7.141325,6.074176,8.208476,9.745206,10,9.37342,-1,-1,-1,-1,-1,-1,-1,-1,-1,-1,-1,-1,-1,-1,-1,-1,-1,-1,-1,-1,-1,-1,-1,-1,-1,-1,-1,-1,-1,-1,-1,-1,-1,-1,-1,-1,-1,-1,-1,-1,-1,-1,-1,-1,-1,-1,-1,-1,-1,-1,0,0,0,0,0,0,-1,-1,-1,-1,-1,-1,-1,-1,-1,-1,-1,-1,0,0,0,0,0,0,-1,-1,-1,-1,-1,-1,-1,-1,-1,-1,-1,-1,-1,-1,False,False,0,0,False,54,0,0,0,0,0,0,0,0,0,0,0,0,0,0,0,1,
434,339,2026-02-16 13:19:29Z,,6.896511,7.2162,6.576822,0.6716024,0,1.635185,0,0,0,0,0,0,5.455202,4.33686,6.573555,0.592854,0.702737,0.482971,7.378502,6.23302,8.523984,0.6246773,0,2.147078,7.1415,6.074271,8.208731,9.745555,10,9.373857,6.896511,7.2162,6.576822,0.6716024,0,1.635185,0,0,0,0,0,0,5.455202,4.33686,6.573555,0.592854,0.702737,0.482971,7.378502,6.23302,8.523984,0.6246773,0,2.147078,7.1415,6.074271,8.208731,9.745555,10,9.373857,-1,-1,-1,-1,-1,-1,-1,-1,-1,-1,-1,-1,-1,-1,-1,-1,-1,-1,-1,-1,-1,-1,-1,-1,-1,-1,-1,-1,-1,-1,-1,-1,-1,-1,-1,-1,-1,-1,-1,-1,-1,-1,-1,-1,-1,-1,-1,-1,-1,-1,0,0,0,0,0,0,-1,-1,-1,-1,-1,-1,-1,-1,-1,-1,-1,-1,0,0,0,0,0,0,-1,-1,-1,-1,-1,-1,-1,-1,-1,-1,-1,-1,-1,-1,False,False,0,0,False,54,0,0,0,0,0,0,0,0,0,0,0,0,0,0,0,1,
434,340,2026-02-16 13:19:29Z,,6.896608,7.216218,6.576999,0.6714374,0,1.635094,0,0,0,0,0,0,5.455327,4.336901,6.573763,0.592854,0.702737,0.482971,7.378559,6.232991,8.524127,0.6245716,0,2.146972,7.141674,6.074365,8.208983,9.745901,10,9.374291,6.896608,7.216218,6.576999,0.6714374,0,1.635094,0,0,0,0,0,0,5.455327,4.336901,6.573763,0.592854,0.702737,0.482971,7.378559,6.232991,8.524127,0.6245716,0,2.146972,7.141674,6.074365,8.208983,9.745901,10,9.374291,-1,-1,-1,-1,-1,-1,-1,-1,-1,-1,-1,-1,-1,-1,-1,-1,-1,-1,-1,-1,-1,-1,-1,-1,-1,-1,-1,-1,-1,-1,-1,-1,-1,-1,-1,-1,-1,-1,-1,-1,-1,-1,-1,-1,-1,-1,-1,-1,-1,-1,0,0,0,0,0,0,-1,-1,-1,-1,-1,-1,-1,-1,-1,-1,-1,-1,0,0,0,0,0,0,-1,-1,-1,-1,-1,-1,-1,-1,-1,-1,-1,-1,-1,-1,False,False,0,0,False,54,0,0,0,0,0,0,0,0,0,0,0,0,0,0,0,1,
434,341,2026-02-16 13:19:29Z,,6.896705,7.216235,6.577174,0.6712734,0,1.635004,0,0,0,0,0,0,5.455451,4.336942,6.573971,0.592854,0.702737,0.482971,7.378615,6.232962,8.52427,0.6244666,0,2.146867,7.141846,6.074458,8.209234,9.746245,10,9.374723,6.896705,7.216235,6.577174,0.6712734,0,1.635004,0,0,0,0,0,0,5.455451,4.336942,6.573971,0.592854,0.702737,0.482971,7.378615,6.232962,8.52427,0.6244666,0,2.146867,7.141846,6.074458,8.209234,9.746245,10,9.374723,-1,-1,-1,-1,-1,-1,-1,-1,-1,-1,-1,-1,-1,-1,-1,-1,-1,-1,-1,-1,-1,-1,-1,-1,-1,-1,-1,-1,-1,-1,-1,-1,-1,-1,-1,-1,-1,-1,-1,-1,-1,-1,-1,-1,-1,-1,-1,-1,-1,-1,0,0,0,0,0,0,-1,-1,-1,-1,-1,-1,-1,-1,-1,-1,-1,-1,0,0,0,0,0,0,-1,-1,-1,-1,-1,-1,-1,-1,-1,-1,-1,-1,-1,-1,False,False,0,0,False,54,0,0,0,0,0,0,0,0,0,0,0,0,0,0,0,1,
434,342,2026-02-16 13:19:29Z,,6.896801,7.216252,6.577349,0.6711104,0,1.634914,0,0,0,0,0,0,5.455575,4.336983,6.574177,0.592854,0.702737,0.482971,7.378672,6.232933,8.524411,0.6243622,0,2.146763,7.142017,6.074551,8.209484,9.746587,10,9.375153,6.896801,7.216252,6.577349,0.6711104,0,1.634914,0,0,0,0,0,0,5.455575,4.336983,6.574177,0.592854,0.702737,0.482971,7.378672,6.232933,8.524411,0.6243622,0,2.146763,7.142017,6.074551,8.209484,9.746587,10,9.375153,-1,-1,-1,-1,-1,-1,-1,-1,-1,-1,-1,-1,-1,-1,-1,-1,-1,-1,-1,-1,-1,-1,-1,-1,-1,-1,-1,-1,-1,-1,-1,-1,-1,-1,-1,-1,-1,-1,-1,-1,-1,-1,-1,-1,-1,-1,-1,-1,-1,-1,0,0,0,0,0,0,-1,-1,-1,-1,-1,-1,-1,-1,-1,-1,-1,-1,0,0,0,0,0,0,-1,-1,-1,-1,-1,-1,-1,-1,-1,-1,-1,-1,-1,-1,False,False,0,0,False,54,0,0,0,0,0,0,0,0,0,0,0,0,0,0,0,1,
434,343,2026-02-16 13:19:29Z,,6.896896,7.216269,6.577522,0.6709483,0,1.634825,0,0,0,0,0,0,5.455697,4.337023,6.574381,0.592854,0.702737,0.482971,7.378728,6.232904,8.524551,0.6242585,0,2.146659,7.142187,6.074643,8.209733,9.746927,10,9.37558,6.896896,7.216269,6.577522,0.6709483,0,1.634825,0,0,0,0,0,0,5.455697,4.337023,6.574381,0.592854,0.702737,0.482971,7.378728,6.232904,8.524551,0.6242585,0,2.146659,7.142187,6.074643,8.209733,9.746927,10,9.37558,-1,-1,-1,-1,-1,-1,-1,-1,-1,-1,-1,-1,-1,-1,-1,-1,-1,-1,-1,-1,-1,-1,-1,-1,-1,-1,-1,-1,-1,-1,-1,-1,-1,-1,-1,-1,-1,-1,-1,-1,-1,-1,-1,-1,-1,-1,-1,-1,-1,-1,0,0,0,0,0,0,-1,-1,-1,-1,-1,-1,-1,-1,-1,-1,-1,-1,0,0,0,0,0,0,-1,-1,-1,-1,-1,-1,-1,-1,-1,-1,-1,-1,-1,-1,False,False,0,0,False,54,0,0,0,0,0,0,0,0,0,0,0,0,0,0,0,1,
434,344,2026-02-16 13:19:29Z,,6.896991,7.216287,6.577694,0.6707872,0,1.634736,0,0,0,0,0,0,5.455819,4.337063,6.574585,0.592854,0.702737,0.482971,7.378783,6.232875,8.524692,0.6241553,0,2.146556,7.142356,6.074734,8.209979,9.747265,10,9.376004,6.896991,7.216287,6.577694,0.6707872,0,1.634736,0,0,0,0,0,0,5.455819,4.337063,6.574585,0.592854,0.702737,0.482971,7.378783,6.232875,8.524692,0.6241553,0,2.146556,7.142356,6.074734,8.209979,9.747265,10,9.376004,-1,-1,-1,-1,-1,-1,-1,-1,-1,-1,-1,-1,-1,-1,-1,-1,-1,-1,-1,-1,-1,-1,-1,-1,-1,-1,-1,-1,-1,-1,-1,-1,-1,-1,-1,-1,-1,-1,-1,-1,-1,-1,-1,-1,-1,-1,-1,-1,-1,-1,0,0,0,0,0,0,-1,-1,-1,-1,-1,-1,-1,-1,-1,-1,-1,-1,0,0,0,0,0,0,-1,-1,-1,-1,-1,-1,-1,-1,-1,-1,-1,-1,-1,-1,False,False,0,0,False,54,0,0,0,0,0,0,0,0,0,0,0,0,0,0,0,1,
434,345,2026-02-16 13:19:29Z,,6.897085,7.216304,6.577866,0.6706271,0,1.634647,0,0,0,0,0,0,5.45594,4.337103,6.574787,0.592854,0.702737,0.482971,7.378839,6.232847,8.524831,0.6240528,0,2.146453,7.142525,6.074825,8.210225,9.747602,10,9.376426,6.897085,7.216304,6.577866,0.6706271,0,1.634647,0,0,0,0,0,0,5.45594,4.337103,6.574787,0.592854,0.702737,0.482971,7.378839,6.232847,8.524831,0.6240528,0,2.146453,7.142525,6.074825,8.210225,9.747602,10,9.376426,-1,-1,-1,-1,-1,-1,-1,-1,-1,-1,-1,-1,-1,-1,-1,-1,-1,-1,-1,-1,-1,-1,-1,-1,-1,-1,-1,-1,-1,-1,-1,-1,-1,-1,-1,-1,-1,-1,-1,-1,-1,-1,-1,-1,-1,-1,-1,-1,-1,-1,0,0,0,0,0,0,-1,-1,-1,-1,-1,-1,-1,-1,-1,-1,-1,-1,0,0,0,0,0,0,-1,-1,-1,-1,-1,-1,-1,-1,-1,-1,-1,-1,-1,-1,False,False,0,0,False,54,0,0,0,0,0,0,0,0,0,0,0,0,0,0,0,1,
434,346,2026-02-16 13:19:29Z,,6.897179,7.216321,6.578036,0.6704679,0,1.63456,0,0,0,0,0,0,5.45606,4.337143,6.574988,0.592854,0.702737,0.482971,7.378893,6.232819,8.524969,0.6239508,0,2.146351,7.142692,6.074916,8.210468,9.747935,10,9.376845,6.897179,7.216321,6.578036,0.6704679,0,1.63456,0,0,0,0,0,0,5.45606,4.337143,6.574988,0.592854,0.702737,0.482971,7.378893,6.232819,8.524969,0.6239508,0,2.146351,7.142692,6.074916,8.210468,9.747935,10,9.376845,-1,-1,-1,-1,-1,-1,-1,-1,-1,-1,-1,-1,-1,-1,-1,-1,-1,-1,-1,-1,-1,-1,-1,-1,-1,-1,-1,-1,-1,-1,-1,-1,-1,-1,-1,-1,-1,-1,-1,-1,-1,-1,-1,-1,-1,-1,-1,-1,-1,-1,0,0,0,0,0,0,-1,-1,-1,-1,-1,-1,-1,-1,-1,-1,-1,-1,0,0,0,0,0,0,-1,-1,-1,-1,-1,-1,-1,-1,-1,-1,-1,-1,-1,-1,False,False,0,0,False,54,0,0,0,0,0,0,0,0,0,0,0,0,0,0,0,1,
434,347,2026-02-16 13:19:29Z,,6.897272,7.216338,6.578206,0.6703097,0,1.634472,0,0,0,0,0,0,5.456181,4.337183,6.575188,0.592854,0.702737,0.482971,7.378948,6.23279,8.525106,0.6238495,0,2.14625,7.142858,6.075006,8.210711,9.748267,10,9.377262,6.897272,7.216338,6.578206,0.6703097,0,1.634472,0,0,0,0,0,0,5.456181,4.337183,6.575188,0.592854,0.702737,0.482971,7.378948,6.23279,8.525106,0.6238495,0,2.14625,7.142858,6.075006,8.210711,9.748267,10,9.377262,-1,-1,-1,-1,-1,-1,-1,-1,-1,-1,-1,-1,-1,-1,-1,-1,-1,-1,-1,-1,-1,-1,-1,-1,-1,-1,-1,-1,-1,-1,-1,-1,-1,-1,-1,-1,-1,-1,-1,-1,-1,-1,-1,-1,-1,-1,-1,-1,-1,-1,0,0,0,0,0,0,-1,-1,-1,-1,-1,-1,-1,-1,-1,-1,-1,-1,0,0,0,0,0,0,-1,-1,-1,-1,-1,-1,-1,-1,-1,-1,-1,-1,-1,-1,False,False,0,0,False,54,0,0,0,0,0,0,0,0,0,0,0,0,0,0,0,1,
434,348,2026-02-16 13:19:29Z,,6.897364,7.216354,6.578374,0.6701524,0,1.634386,0,0,0,0,0,0,5.456299,4.337223,6.575387,0.592854,0.702737,0.482971,7.379003,6.232763,8.525243,0.6237488,0,2.146149,7.143023,6.075095,8.210953,9.748598,10,9.377676,6.897364,7.216354,6.578374,0.6701524,0,1.634386,0,0,0,0,0,0,5.456299,4.337223,6.575387,0.592854,0.702737,0.482971,7.379003,6.232763,8.525243,0.6237488,0,2.146149,7.143023,6.075095,8.210953,9.748598,10,9.377676,-1,-1,-1,-1,-1,-1,-1,-1,-1,-1,-1,-1,-1,-1,-1,-1,-1,-1,-1,-1,-1,-1,-1,-1,-1,-1,-1,-1,-1,-1,-1,-1,-1,-1,-1,-1,-1,-1,-1,-1,-1,-1,-1,-1,-1,-1,-1,-1,-1,-1,0,0,0,0,0,0,-1,-1,-1,-1,-1,-1,-1,-1,-1,-1,-1,-1,0,0,0,0,0,0,-1,-1,-1,-1,-1,-1,-1,-1,-1,-1,-1,-1,-1,-1,False,False,0,0,False,54,0,0,0,0,0,0,0,0,0,0,0,0,0,0,0,1,
434,349,2026-02-16 13:19:29Z,,6.897456,7.216371,6.578541,0.669996,0,1.634299,0,0,0,0,0,0,5.456418,4.337262,6.575584,0.592854,0.702737,0.482971,7.379056,6.232735,8.525378,0.6236486,0,2.146049,7.143188,6.075184,8.211192,9.748926,10,9.378088,6.897456,7.216371,6.578541,0.669996,0,1.634299,0,0,0,0,0,0,5.456418,4.337262,6.575584,0.592854,0.702737,0.482971,7.379056,6.232735,8.525378,0.6236486,0,2.146049,7.143188,6.075184,8.211192,9.748926,10,9.378088,-1,-1,-1,-1,-1,-1,-1,-1,-1,-1,-1,-1,-1,-1,-1,-1,-1,-1,-1,-1,-1,-1,-1,-1,-1,-1,-1,-1,-1,-1,-1,-1,-1,-1,-1,-1,-1,-1,-1,-1,-1,-1,-1,-1,-1,-1,-1,-1,-1,-1,0,0,0,0,0,0,-1,-1,-1,-1,-1,-1,-1,-1,-1,-1,-1,-1,0,0,0,0,0,0,-1,-1,-1,-1,-1,-1,-1,-1,-1,-1,-1,-1,-1,-1,False,False,0,0,False,54,0,0,0,0,0,0,0,0,0,0,0,0,0,0,0,1,
434,350,2026-02-16 13:19:29Z,,6.897548,7.216388,6.578708,0.6698405,0,1.634214,0,0,0,0,0,0,5.456535,4.3373,6.575781,0.592854,0.702737,0.482971,7.37911,6.232708,8.525513,0.623549,0,2.145949,7.143351,6.075273,8.211431,9.749252,10,9.378497,6.897548,7.216388,6.578708,0.6698405,0,1.634214,0,0,0,0,0,0,5.456535,4.3373,6.575781,0.592854,0.702737,0.482971,7.37911,6.232708,8.525513,0.623549,0,2.145949,7.143351,6.075273,8.211431,9.749252,10,9.378497,-1,-1,-1,-1,-1,-1,-1,-1,-1,-1,-1,-1,-1,-1,-1,-1,-1,-1,-1,-1,-1,-1,-1,-1,-1,-1,-1,-1,-1,-1,-1,-1,-1,-1,-1,-1,-1,-1,-1,-1,-1,-1,-1,-1,-1,-1,-1,-1,-1,-1,0,0,0,0,0,0,-1,-1,-1,-1,-1,-1,-1,-1,-1,-1,-1,-1,0,0,0,0,0,0,-1,-1,-1,-1,-1,-1,-1,-1,-1,-1,-1,-1,-1,-1,False,False,0,0,False,54,0,0,0,0,0,0,0,0,0,0,0,0,0,0,0,1,
434,351,2026-02-16 13:19:29Z,,6.897639,7.216404,6.578873,0.669686,0,1.634128,0,0,0,0,0,0,5.456652,4.337339,6.575976,0.592854,0.702737,0.482971,7.379163,6.23268,8.525647,0.62345,0,2.14585,7.143514,6.075361,8.211667,9.749577,10,9.378904,6.897639,7.216404,6.578873,0.669686,0,1.634128,0,0,0,0,0,0,5.456652,4.337339,6.575976,0.592854,0.702737,0.482971,7.379163,6.23268,8.525647,0.62345,0,2.14585,7.143514,6.075361,8.211667,9.749577,10,9.378904,-1,-1,-1,-1,-1,-1,-1,-1,-1,-1,-1,-1,-1,-1,-1,-1,-1,-1,-1,-1,-1,-1,-1,-1,-1,-1,-1,-1,-1,-1,-1,-1,-1,-1,-1,-1,-1,-1,-1,-1,-1,-1,-1,-1,-1,-1,-1,-1,-1,-1,0,0,0,0,0,0,-1,-1,-1,-1,-1,-1,-1,-1,-1,-1,-1,-1,0,0,0,0,0,0,-1,-1,-1,-1,-1,-1,-1,-1,-1,-1,-1,-1,-1,-1,False,False,0,0,False,54,0,0,0,0,0,0,0,0,0,0,0,0,0,0,0,1,
434,352,2026-02-16 13:19:29Z,,6.897729,7.216421,6.579038,0.6695322,0,1.634044,0,0,0,0,0,0,5.456769,4.337378,6.57617,0.592854,0.702737,0.482971,7.379216,6.232653,8.525781,0.6233516,0,2.145752,7.143675,6.075448,8.211903,9.749899,10,9.37931,6.897729,7.216421,6.579038,0.6695322,0,1.634044,0,0,0,0,0,0,5.456769,4.337378,6.57617,0.592854,0.702737,0.482971,7.379216,6.232653,8.525781,0.6233516,0,2.145752,7.143675,6.075448,8.211903,9.749899,10,9.37931,-1,-1,-1,-1,-1,-1,-1,-1,-1,-1,-1,-1,-1,-1,-1,-1,-1,-1,-1,-1,-1,-1,-1,-1,-1,-1,-1,-1,-1,-1,-1,-1,-1,-1,-1,-1,-1,-1,-1,-1,-1,-1,-1,-1,-1,-1,-1,-1,-1,-1,0,0,0,0,0,0,-1,-1,-1,-1,-1,-1,-1,-1,-1,-1,-1,-1,0,0,0,0,0,0,-1,-1,-1,-1,-1,-1,-1,-1,-1,-1,-1,-1,-1,-1,False,False,0,0,False,54,0,0,0,0,0,0,0,0,0,0,0,0,0,0,0,1,
434,353,2026-02-16 13:19:29Z,,6.897819,7.216437,6.579201,0.6693795,0,1.633959,0,0,0,0,0,0,5.456884,4.337416,6.576363,0.592854,0.702737,0.482971,7.379269,6.232625,8.525913,0.6232538,0,2.145654,7.143836,6.075535,8.212137,9.750219,10,9.379712,6.897819,7.216437,6.579201,0.6693795,0,1.633959,0,0,0,0,0,0,5.456884,4.337416,6.576363,0.592854,0.702737,0.482971,7.379269,6.232625,8.525913,0.6232538,0,2.145654,7.143836,6.075535,8.212137,9.750219,10,9.379712,-1,-1,-1,-1,-1,-1,-1,-1,-1,-1,-1,-1,-1,-1,-1,-1,-1,-1,-1,-1,-1,-1,-1,-1,-1,-1,-1,-1,-1,-1,-1,-1,-1,-1,-1,-1,-1,-1,-1,-1,-1,-1,-1,-1,-1,-1,-1,-1,-1,-1,0,0,0,0,0,0,-1,-1,-1,-1,-1,-1,-1,-1,-1,-1,-1,-1,0,0,0,0,0,0,-1,-1,-1,-1,-1,-1,-1,-1,-1,-1,-1,-1,-1,-1,False,False,0,0,False,54,0,0,0,0,0,0,0,0,0,0,0,0,0,0,0,1,
434,354,2026-02-16 13:19:29Z,,6.897909,7.216453,6.579364,0.6692275,0,1.633876,0,0,0,0,0,0,5.456999,4.337454,6.576555,0.592854,0.702737,0.482971,7.379322,6.232598,8.526045,0.6231565,0,2.145557,7.143995,6.075622,8.21237,9.750539,10,9.380112,6.897909,7.216453,6.579364,0.6692275,0,1.633876,0,0,0,0,0,0,5.456999,4.337454,6.576555,0.592854,0.702737,0.482971,7.379322,6.232598,8.526045,0.6231565,0,2.145557,7.143995,6.075622,8.21237,9.750539,10,9.380112,-1,-1,-1,-1,-1,-1,-1,-1,-1,-1,-1,-1,-1,-1,-1,-1,-1,-1,-1,-1,-1,-1,-1,-1,-1,-1,-1,-1,-1,-1,-1,-1,-1,-1,-1,-1,-1,-1,-1,-1,-1,-1,-1,-1,-1,-1,-1,-1,-1,-1,0,0,0,0,0,0,-1,-1,-1,-1,-1,-1,-1,-1,-1,-1,-1,-1,0,0,0,0,0,0,-1,-1,-1,-1,-1,-1,-1,-1,-1,-1,-1,-1,-1,-1,False,False,0,0,False,54,0,0,0,0,0,0,0,0,0,0,0,0,0,0,0,1,
434,355,2026-02-16 13:19:29Z,,6.897997,7.216469,6.579525,0.6690764,0,1.633792,0,0,0,0,0,0,5.457114,4.337492,6.576746,0.592854,0.702737,0.482971,7.379374,6.232572,8.526176,0.6230597,0,2.14546,7.144154,6.075707,8.212601,9.750855,10,9.38051,6.897997,7.216469,6.579525,0.6690764,0,1.633792,0,0,0,0,0,0,5.457114,4.337492,6.576746,0.592854,0.702737,0.482971,7.379374,6.232572,8.526176,0.6230597,0,2.14546,7.144154,6.075707,8.212601,9.750855,10,9.38051,-1,-1,-1,-1,-1,-1,-1,-1,-1,-1,-1,-1,-1,-1,-1,-1,-1,-1,-1,-1,-1,-1,-1,-1,-1,-1,-1,-1,-1,-1,-1,-1,-1,-1,-1,-1,-1,-1,-1,-1,-1,-1,-1,-1,-1,-1,-1,-1,-1,-1,0,0,0,0,0,0,-1,-1,-1,-1,-1,-1,-1,-1,-1,-1,-1,-1,0,0,0,0,0,0,-1,-1,-1,-1,-1,-1,-1,-1,-1,-1,-1,-1,-1,-1,False,False,0,0,False,54,0,0,0,0,0,0,0,0,0,0,0,0,0,0,0,1,
434,356,2026-02-16 13:19:29Z,,6.898086,7.216485,6.579686,0.6689263,0,1.63371,0,0,0,0,0,0,5.457227,4.337529,6.576936,0.592854,0.702737,0.482971,7.379426,6.232545,8.526306,0.6229635,0,2.145364,7.144311,6.075793,8.212831,9.751171,10,9.380905,6.898086,7.216485,6.579686,0.6689263,0,1.63371,0,0,0,0,0,0,5.457227,4.337529,6.576936,0.592854,0.702737,0.482971,7.379426,6.232545,8.526306,0.6229635,0,2.145364,7.144311,6.075793,8.212831,9.751171,10,9.380905,-1,-1,-1,-1,-1,-1,-1,-1,-1,-1,-1,-1,-1,-1,-1,-1,-1,-1,-1,-1,-1,-1,-1,-1,-1,-1,-1,-1,-1,-1,-1,-1,-1,-1,-1,-1,-1,-1,-1,-1,-1,-1,-1,-1,-1,-1,-1,-1,-1,-1,0,0,0,0,0,0,-1,-1,-1,-1,-1,-1,-1,-1,-1,-1,-1,-1,0,0,0,0,0,0,-1,-1,-1,-1,-1,-1,-1,-1,-1,-1,-1,-1,-1,-1,False,False,0,0,False,54,0,0,0,0,0,0,0,0,0,0,0,0,0,0,0,1,
434,357,2026-02-16 13:19:29Z,,6.898174,7.216501,6.579846,0.6687769,0,1.633627,0,0,0,0,0,0,5.45734,4.337567,6.577124,0.592854,0.702737,0.482971,7.379477,6.232519,8.526436,0.6228679,0,2.145268,7.144468,6.075878,8.21306,9.751484,10,9.381299,6.898174,7.216501,6.579846,0.6687769,0,1.633627,0,0,0,0,0,0,5.45734,4.337567,6.577124,0.592854,0.702737,0.482971,7.379477,6.232519,8.526436,0.6228679,0,2.145268,7.144468,6.075878,8.21306,9.751484,10,9.381299,-1,-1,-1,-1,-1,-1,-1,-1,-1,-1,-1,-1,-1,-1,-1,-1,-1,-1,-1,-1,-1,-1,-1,-1,-1,-1,-1,-1,-1,-1,-1,-1,-1,-1,-1,-1,-1,-1,-1,-1,-1,-1,-1,-1,-1,-1,-1,-1,-1,-1,0,0,0,0,0,0,-1,-1,-1,-1,-1,-1,-1,-1,-1,-1,-1,-1,0,0,0,0,0,0,-1,-1,-1,-1,-1,-1,-1,-1,-1,-1,-1,-1,-1,-1,False,False,0,0,False,54,0,0,0,0,0,0,0,0,0,0,0,0,0,0,0,1,
434,358,2026-02-16 13:19:29Z,,6.898261,7.216516,6.580005,0.6686284,0,1.633545,0,0,0,0,0,0,5.457453,4.337604,6.577312,0.592854,0.702737,0.482971,7.379529,6.232492,8.526565,0.6227728,0,2.145173,7.144625,6.075962,8.213287,9.751796,10,9.38169,6.898261,7.216516,6.580005,0.6686284,0,1.633545,0,0,0,0,0,0,5.457453,4.337604,6.577312,0.592854,0.702737,0.482971,7.379529,6.232492,8.526565,0.6227728,0,2.145173,7.144625,6.075962,8.213287,9.751796,10,9.38169,-1,-1,-1,-1,-1,-1,-1,-1,-1,-1,-1,-1,-1,-1,-1,-1,-1,-1,-1,-1,-1,-1,-1,-1,-1,-1,-1,-1,-1,-1,-1,-1,-1,-1,-1,-1,-1,-1,-1,-1,-1,-1,-1,-1,-1,-1,-1,-1,-1,-1,0,0,0,0,0,0,-1,-1,-1,-1,-1,-1,-1,-1,-1,-1,-1,-1,0,0,0,0,0,0,-1,-1,-1,-1,-1,-1,-1,-1,-1,-1,-1,-1,-1,-1,False,False,0,0,False,54,0,0,0,0,0,0,0,0,0,0,0,0,0,0,0,1,
434,359,2026-02-16 13:19:29Z,,6.898348,7.216532,6.580163,0.6684808,0,1.633464,0,0,0,0,0,0,5.457564,4.337641,6.577498,0.592854,0.702737,0.482971,7.379579,6.232466,8.526693,0.6226783,0,2.145079,7.14478,6.076046,8.213514,9.752106,10,9.382079,6.898348,7.216532,6.580163,0.6684808,0,1.633464,0,0,0,0,0,0,5.457564,4.337641,6.577498,0.592854,0.702737,0.482971,7.379579,6.232466,8.526693,0.6226783,0,2.145079,7.14478,6.076046,8.213514,9.752106,10,9.382079,-1,-1,-1,-1,-1,-1,-1,-1,-1,-1,-1,-1,-1,-1,-1,-1,-1,-1,-1,-1,-1,-1,-1,-1,-1,-1,-1,-1,-1,-1,-1,-1,-1,-1,-1,-1,-1,-1,-1,-1,-1,-1,-1,-1,-1,-1,-1,-1,-1,-1,0,0,0,0,0,0,-1,-1,-1,-1,-1,-1,-1,-1,-1,-1,-1,-1,0,0,0,0,0,0,-1,-1,-1,-1,-1,-1,-1,-1,-1,-1,-1,-1,-1,-1,False,False,0,0,False,54,0,0,0,0,0,0,0,0,0,0,0,0,0,0,0,1,
434,360,2026-02-16 13:19:29Z,,6.898434,7.216548,6.58032,0.6683339,0,1.633383,0,0,0,0,0,0,5.457675,4.337677,6.577684,0.592854,0.702737,0.482971,7.37963,6.23244,8.52682,0.6225842,0,2.144985,7.144934,6.07613,8.213739,9.752414,10,9.382465,6.898434,7.216548,6.58032,0.6683339,0,1.633383,0,0,0,0,0,0,5.457675,4.337677,6.577684,0.592854,0.702737,0.482971,7.37963,6.23244,8.52682,0.6225842,0,2.144985,7.144934,6.07613,8.213739,9.752414,10,9.382465,-1,-1,-1,-1,-1,-1,-1,-1,-1,-1,-1,-1,-1,-1,-1,-1,-1,-1,-1,-1,-1,-1,-1,-1,-1,-1,-1,-1,-1,-1,-1,-1,-1,-1,-1,-1,-1,-1,-1,-1,-1,-1,-1,-1,-1,-1,-1,-1,-1,-1,0,0,0,0,0,0,-1,-1,-1,-1,-1,-1,-1,-1,-1,-1,-1,-1,0,0,0,0,0,0,-1,-1,-1,-1,-1,-1,-1,-1,-1,-1,-1,-1,-1,-1,False,False,0,0,False,54,0,0,0,0,0,0,0,0,0,0,0,0,0,0,0,1,
434,361,2026-02-16 13:19:30Z,,6.89852,7.216564,6.580477,0.6681879,0,1.633302,0,0,0,0,0,0,5.457786,4.337714,6.577868,0.592854,0.702737,0.482971,7.37968,6.232414,8.526947,0.6224907,0,2.144891,7.145087,6.076213,8.213963,9.752721,10,9.382851,6.89852,7.216564,6.580477,0.6681879,0,1.633302,0,0,0,0,0,0,5.457786,4.337714,6.577868,0.592854,0.702737,0.482971,7.37968,6.232414,8.526947,0.6224907,0,2.144891,7.145087,6.076213,8.213963,9.752721,10,9.382851,-1,-1,-1,-1,-1,-1,-1,-1,-1,-1,-1,-1,-1,-1,-1,-1,-1,-1,-1,-1,-1,-1,-1,-1,-1,-1,-1,-1,-1,-1,-1,-1,-1,-1,-1,-1,-1,-1,-1,-1,-1,-1,-1,-1,-1,-1,-1,-1,-1,-1,0,0,0,0,0,0,-1,-1,-1,-1,-1,-1,-1,-1,-1,-1,-1,-1,0,0,0,0,0,0,-1,-1,-1,-1,-1,-1,-1,-1,-1,-1,-1,-1,-1,-1,False,False,0,0,False,54,0,0,0,0,0,0,0,0,0,0,0,0,0,0,0,1,
434,362,2026-02-16 13:19:30Z,,6.898606,7.216579,6.580632,0.6680427,0,1.633222,0,0,0,0,0,0,5.457896,4.33775,6.578052,0.592854,0.702737,0.482971,7.379731,6.232388,8.527073,0.6223977,0,2.144798,7.14524,6.076295,8.214186,9.753025,10,9.383233,6.898606,7.216579,6.580632,0.6680427,0,1.633222,0,0,0,0,0,0,5.457896,4.33775,6.578052,0.592854,0.702737,0.482971,7.379731,6.232388,8.527073,0.6223977,0,2.144798,7.14524,6.076295,8.214186,9.753025,10,9.383233,-1,-1,-1,-1,-1,-1,-1,-1,-1,-1,-1,-1,-1,-1,-1,-1,-1,-1,-1,-1,-1,-1,-1,-1,-1,-1,-1,-1,-1,-1,-1,-1,-1,-1,-1,-1,-1,-1,-1,-1,-1,-1,-1,-1,-1,-1,-1,-1,-1,-1,0,0,0,0,0,0,-1,-1,-1,-1,-1,-1,-1,-1,-1,-1,-1,-1,0,0,0,0,0,0,-1,-1,-1,-1,-1,-1,-1,-1,-1,-1,-1,-1,-1,-1,False,False,0,0,False,54,0,0,0,0,0,0,0,0,0,0,0,0,0,0,0,1,
434,363,2026-02-16 13:19:30Z,,6.898691,7.216595,6.580787,0.6678982,0,1.633143,0,0,0,0,0,0,5.458005,4.337787,6.578234,0.592854,0.702737,0.482971,7.37978,6.232362,8.527199,0.6223053,0,2.144706,7.145391,6.076377,8.214407,9.753328,10,9.383614,6.898691,7.216595,6.580787,0.6678982,0,1.633143,0,0,0,0,0,0,5.458005,4.337787,6.578234,0.592854,0.702737,0.482971,7.37978,6.232362,8.527199,0.6223053,0,2.144706,7.145391,6.076377,8.214407,9.753328,10,9.383614,-1,-1,-1,-1,-1,-1,-1,-1,-1,-1,-1,-1,-1,-1,-1,-1,-1,-1,-1,-1,-1,-1,-1,-1,-1,-1,-1,-1,-1,-1,-1,-1,-1,-1,-1,-1,-1,-1,-1,-1,-1,-1,-1,-1,-1,-1,-1,-1,-1,-1,0,0,0,0,0,0,-1,-1,-1,-1,-1,-1,-1,-1,-1,-1,-1,-1,0,0,0,0,0,0,-1,-1,-1,-1,-1,-1,-1,-1,-1,-1,-1,-1,-1,-1,False,False,0,0,False,54,0,0,0,0,0,0,0,0,0,0,0,0,0,0,0,1,
434,364,2026-02-16 13:19:30Z,,6.898775,7.21661,6.58094,0.6677547,0,1.633063,0,0,0,0,0,0,5.458114,4.337822,6.578416,0.592854,0.702737,0.482971,7.37983,6.232337,8.527323,0.6222133,0,2.144614,7.145543,6.076459,8.214626,9.75363,10,9.383991,6.898775,7.21661,6.58094,0.6677547,0,1.633063,0,0,0,0,0,0,5.458114,4.337822,6.578416,0.592854,0.702737,0.482971,7.37983,6.232337,8.527323,0.6222133,0,2.144614,7.145543,6.076459,8.214626,9.75363,10,9.383991,-1,-1,-1,-1,-1,-1,-1,-1,-1,-1,-1,-1,-1,-1,-1,-1,-1,-1,-1,-1,-1,-1,-1,-1,-1,-1,-1,-1,-1,-1,-1,-1,-1,-1,-1,-1,-1,-1,-1,-1,-1,-1,-1,-1,-1,-1,-1,-1,-1,-1,0,0,0,0,0,0,-1,-1,-1,-1,-1,-1,-1,-1,-1,-1,-1,-1,0,0,0,0,0,0,-1,-1,-1,-1,-1,-1,-1,-1,-1,-1,-1,-1,-1,-1,False,False,0,0,False,54,0,0,0,0,0,0,0,0,0,0,0,0,0,0,0,1,
434,365,2026-02-16 13:19:30Z,,6.898859,7.216625,6.581093,0.6676118,0,1.632985,0,0,0,0,0,0,5.458222,4.337858,6.578596,0.592854,0.702737,0.482971,7.379879,6.232312,8.527447,0.6221218,0,2.144522,7.145692,6.07654,8.214846,9.753929,10,9.384368,6.898859,7.216625,6.581093,0.6676118,0,1.632985,0,0,0,0,0,0,5.458222,4.337858,6.578596,0.592854,0.702737,0.482971,7.379879,6.232312,8.527447,0.6221218,0,2.144522,7.145692,6.07654,8.214846,9.753929,10,9.384368,-1,-1,-1,-1,-1,-1,-1,-1,-1,-1,-1,-1,-1,-1,-1,-1,-1,-1,-1,-1,-1,-1,-1,-1,-1,-1,-1,-1,-1,-1,-1,-1,-1,-1,-1,-1,-1,-1,-1,-1,-1,-1,-1,-1,-1,-1,-1,-1,-1,-1,0,0,0,0,0,0,-1,-1,-1,-1,-1,-1,-1,-1,-1,-1,-1,-1,0,0,0,0,0,0,-1,-1,-1,-1,-1,-1,-1,-1,-1,-1,-1,-1,-1,-1,False,False,0,0,False,54,0,0,0,0,0,0,0,0,0,0,0,0,0,0,0,1,
434,366,2026-02-16 13:19:30Z,,6.898943,7.21664,6.581245,0.6674698,0,1.632906,0,0,0,0,0,0,5.45833,4.337894,6.578775,0.592854,0.702737,0.482971,7.379928,6.232286,8.527571,0.6220309,0,2.144431,7.145842,6.076621,8.215063,9.754228,10,9.384742,6.898943,7.21664,6.581245,0.6674698,0,1.632906,0,0,0,0,0,0,5.45833,4.337894,6.578775,0.592854,0.702737,0.482971,7.379928,6.232286,8.527571,0.6220309,0,2.144431,7.145842,6.076621,8.215063,9.754228,10,9.384742,-1,-1,-1,-1,-1,-1,-1,-1,-1,-1,-1,-1,-1,-1,-1,-1,-1,-1,-1,-1,-1,-1,-1,-1,-1,-1,-1,-1,-1,-1,-1,-1,-1,-1,-1,-1,-1,-1,-1,-1,-1,-1,-1,-1,-1,-1,-1,-1,-1,-1,0,0,0,0,0,0,-1,-1,-1,-1,-1,-1,-1,-1,-1,-1,-1,-1,0,0,0,0,0,0,-1,-1,-1,-1,-1,-1,-1,-1,-1,-1,-1,-1,-1,-1,False,False,0,0,False,54,0,0,0,0,0,0,0,0,0,0,0,0,0,0,0,1,
434,367,2026-02-16 13:19:30Z,,6.899026,7.216655,6.581397,0.6673285,0,1.632828,0,0,0,0,0,0,5.458436,4.337929,6.578954,0.592854,0.702737,0.482971,7.379977,6.232261,8.527693,0.6219404,0,2.144341,7.14599,6.076702,8.21528,9.754524,10,9.385114,6.899026,7.216655,6.581397,0.6673285,0,1.632828,0,0,0,0,0,0,5.458436,4.337929,6.578954,0.592854,0.702737,0.482971,7.379977,6.232261,8.527693,0.6219404,0,2.144341,7.14599,6.076702,8.21528,9.754524,10,9.385114,-1,-1,-1,-1,-1,-1,-1,-1,-1,-1,-1,-1,-1,-1,-1,-1,-1,-1,-1,-1,-1,-1,-1,-1,-1,-1,-1,-1,-1,-1,-1,-1,-1,-1,-1,-1,-1,-1,-1,-1,-1,-1,-1,-1,-1,-1,-1,-1,-1,-1,0,0,0,0,0,0,-1,-1,-1,-1,-1,-1,-1,-1,-1,-1,-1,-1,0,0,0,0,0,0,-1,-1,-1,-1,-1,-1,-1,-1,-1,-1,-1,-1,-1,-1,False,False,0,0,False,54,0,0,0,0,0,0,0,0,0,0,0,0,0,0,0,1,
434,368,2026-02-16 13:19:30Z,,6.899108,7.21667,6.581547,0.667188,0,1.632751,0,0,0,0,0,0,5.458543,4.337964,6.579132,0.592854,0.702737,0.482971,7.380025,6.232236,8.527815,0.6218504,0,2.144251,7.146138,6.076781,8.215495,9.754819,10,9.385484,6.899108,7.21667,6.581547,0.667188,0,1.632751,0,0,0,0,0,0,5.458543,4.337964,6.579132,0.592854,0.702737,0.482971,7.380025,6.232236,8.527815,0.6218504,0,2.144251,7.146138,6.076781,8.215495,9.754819,10,9.385484,-1,-1,-1,-1,-1,-1,-1,-1,-1,-1,-1,-1,-1,-1,-1,-1,-1,-1,-1,-1,-1,-1,-1,-1,-1,-1,-1,-1,-1,-1,-1,-1,-1,-1,-1,-1,-1,-1,-1,-1,-1,-1,-1,-1,-1,-1,-1,-1,-1,-1,0,0,0,0,0,0,-1,-1,-1,-1,-1,-1,-1,-1,-1,-1,-1,-1,0,0,0,0,0,0,-1,-1,-1,-1,-1,-1,-1,-1,-1,-1,-1,-1,-1,-1,False,False,0,0,False,54,0,0,0,0,0,0,0,0,0,0,0,0,0,0,0,1,
434,369,2026-02-16 13:19:30Z,,6.899191,7.216685,6.581697,0.6670483,0,1.632674,0,0,0,0,0,0,5.458649,4.337999,6.579308,0.592854,0.702737,0.482971,7.380074,6.232212,8.527936,0.621761,0,2.144161,7.146285,6.076861,8.21571,9.755112,10,9.385852,6.899191,7.216685,6.581697,0.6670483,0,1.632674,0,0,0,0,0,0,5.458649,4.337999,6.579308,0.592854,0.702737,0.482971,7.380074,6.232212,8.527936,0.621761,0,2.144161,7.146285,6.076861,8.21571,9.755112,10,9.385852,-1,-1,-1,-1,-1,-1,-1,-1,-1,-1,-1,-1,-1,-1,-1,-1,-1,-1,-1,-1,-1,-1,-1,-1,-1,-1,-1,-1,-1,-1,-1,-1,-1,-1,-1,-1,-1,-1,-1,-1,-1,-1,-1,-1,-1,-1,-1,-1,-1,-1,0,0,0,0,0,0,-1,-1,-1,-1,-1,-1,-1,-1,-1,-1,-1,-1,0,0,0,0,0,0,-1,-1,-1,-1,-1,-1,-1,-1,-1,-1,-1,-1,-1,-1,False,False,0,0,False,54,0,0,0,0,0,0,0,0,0,0,0,0,0,0,0,1,
434,370,2026-02-16 13:19:30Z,,6.899272,7.2167,6.581845,0.6669093,0,1.632597,0,0,0,0,0,0,5.458754,4.338034,6.579484,0.592854,0.702737,0.482971,7.380122,6.232187,8.528057,0.621672,0,2.144072,7.14643,6.07694,8.215922,9.755404,10,9.386218,6.899272,7.2167,6.581845,0.6669093,0,1.632597,0,0,0,0,0,0,5.458754,4.338034,6.579484,0.592854,0.702737,0.482971,7.380122,6.232187,8.528057,0.621672,0,2.144072,7.14643,6.07694,8.215922,9.755404,10,9.386218,-1,-1,-1,-1,-1,-1,-1,-1,-1,-1,-1,-1,-1,-1,-1,-1,-1,-1,-1,-1,-1,-1,-1,-1,-1,-1,-1,-1,-1,-1,-1,-1,-1,-1,-1,-1,-1,-1,-1,-1,-1,-1,-1,-1,-1,-1,-1,-1,-1,-1,0,0,0,0,0,0,-1,-1,-1,-1,-1,-1,-1,-1,-1,-1,-1,-1,0,0,0,0,0,0,-1,-1,-1,-1,-1,-1,-1,-1,-1,-1,-1,-1,-1,-1,False,False,0,0,False,54,0,0,0,0,0,0,0,0,0,0,0,0,0,0,0,1,
434,371,2026-02-16 13:19:30Z,,6.899354,7.216714,6.581993,0.6667711,0,1.632521,0,0,0,0,0,0,5.458858,4.338068,6.579658,0.592854,0.702737,0.482971,7.380169,6.232162,8.528176,0.6215835,0,2.143984,7.146576,6.077019,8.216134,9.755693,10,9.386582,6.899354,7.216714,6.581993,0.6667711,0,1.632521,0,0,0,0,0,0,5.458858,4.338068,6.579658,0.592854,0.702737,0.482971,7.380169,6.232162,8.528176,0.6215835,0,2.143984,7.146576,6.077019,8.216134,9.755693,10,9.386582,-1,-1,-1,-1,-1,-1,-1,-1,-1,-1,-1,-1,-1,-1,-1,-1,-1,-1,-1,-1,-1,-1,-1,-1,-1,-1,-1,-1,-1,-1,-1,-1,-1,-1,-1,-1,-1,-1,-1,-1,-1,-1,-1,-1,-1,-1,-1,-1,-1,-1,0,0,0,0,0,0,-1,-1,-1,-1,-1,-1,-1,-1,-1,-1,-1,-1,0,0,0,0,0,0,-1,-1,-1,-1,-1,-1,-1,-1,-1,-1,-1,-1,-1,-1,False,False,0,0,False,54,0,0,0,0,0,0,0,0,0,0,0,0,0,0,0,1,
434,372,2026-02-16 13:19:30Z,,6.899435,7.216729,6.58214,0.6666336,0,1.632445,0,0,0,0,0,0,5.458962,4.338103,6.579832,0.592854,0.702737,0.482971,7.380217,6.232138,8.528296,0.6214954,0,2.143896,7.14672,6.077097,8.216345,9.755982,10,9.386944,6.899435,7.216729,6.58214,0.6666336,0,1.632445,0,0,0,0,0,0,5.458962,4.338103,6.579832,0.592854,0.702737,0.482971,7.380217,6.232138,8.528296,0.6214954,0,2.143896,7.14672,6.077097,8.216345,9.755982,10,9.386944,-1,-1,-1,-1,-1,-1,-1,-1,-1,-1,-1,-1,-1,-1,-1,-1,-1,-1,-1,-1,-1,-1,-1,-1,-1,-1,-1,-1,-1,-1,-1,-1,-1,-1,-1,-1,-1,-1,-1,-1,-1,-1,-1,-1,-1,-1,-1,-1,-1,-1,0,0,0,0,0,0,-1,-1,-1,-1,-1,-1,-1,-1,-1,-1,-1,-1,0,0,0,0,0,0,-1,-1,-1,-1,-1,-1,-1,-1,-1,-1,-1,-1,-1,-1,False,False,0,0,False,54,0,0,0,0,0,0,0,0,0,0,0,0,0,0,0,1,
434,373,2026-02-16 13:19:30Z,,6.899515,7.216743,6.582287,0.6664969,0,1.63237,0,0,0,0,0,0,5.459066,4.338137,6.580005,0.592854,0.702737,0.482971,7.380264,6.232114,8.528415,0.6214078,0,2.143808,7.146864,6.077175,8.216555,9.756269,10,9.387304,6.899515,7.216743,6.582287,0.6664969,0,1.63237,0,0,0,0,0,0,5.459066,4.338137,6.580005,0.592854,0.702737,0.482971,7.380264,6.232114,8.528415,0.6214078,0,2.143808,7.146864,6.077175,8.216555,9.756269,10,9.387304,-1,-1,-1,-1,-1,-1,-1,-1,-1,-1,-1,-1,-1,-1,-1,-1,-1,-1,-1,-1,-1,-1,-1,-1,-1,-1,-1,-1,-1,-1,-1,-1,-1,-1,-1,-1,-1,-1,-1,-1,-1,-1,-1,-1,-1,-1,-1,-1,-1,-1,0,0,0,0,0,0,-1,-1,-1,-1,-1,-1,-1,-1,-1,-1,-1,-1,0,0,0,0,0,0,-1,-1,-1,-1,-1,-1,-1,-1,-1,-1,-1,-1,-1,-1,False,False,0,0,False,54,0,0,0,0,0,0,0,0,0,0,0,0,0,0,0,1,
434,374,2026-02-16 13:19:30Z,,6.899595,7.216758,6.582432,0.6663608,0,1.632295,0,0,0,0,0,0,5.459169,4.338171,6.580176,0.592854,0.702737,0.482971,7.380311,6.23209,8.528533,0.6213207,0,2.143721,7.147007,6.077252,8.216763,9.756555,10,9.387663,6.899595,7.216758,6.582432,0.6663608,0,1.632295,0,0,0,0,0,0,5.459169,4.338171,6.580176,0.592854,0.702737,0.482971,7.380311,6.23209,8.528533,0.6213207,0,2.143721,7.147007,6.077252,8.216763,9.756555,10,9.387663,-1,-1,-1,-1,-1,-1,-1,-1,-1,-1,-1,-1,-1,-1,-1,-1,-1,-1,-1,-1,-1,-1,-1,-1,-1,-1,-1,-1,-1,-1,-1,-1,-1,-1,-1,-1,-1,-1,-1,-1,-1,-1,-1,-1,-1,-1,-1,-1,-1,-1,0,0,0,0,0,0,-1,-1,-1,-1,-1,-1,-1,-1,-1,-1,-1,-1,0,0,0,0,0,0,-1,-1,-1,-1,-1,-1,-1,-1,-1,-1,-1,-1,-1,-1,False,False,0,0,False,54,0,0,0,0,0,0,0,0,0,0,0,0,0,0,0,1,
434,375,2026-02-16 13:19:30Z,,6.899675,7.216773,6.582577,0.6662255,0,1.63222,0,0,0,0,0,0,5.459271,4.338205,6.580348,0.592854,0.702737,0.482971,7.380358,6.232066,8.52865,0.6212341,0,2.143635,7.147149,6.077329,8.21697,9.756839,10,9.388019,6.899675,7.216773,6.582577,0.6662255,0,1.63222,0,0,0,0,0,0,5.459271,4.338205,6.580348,0.592854,0.702737,0.482971,7.380358,6.232066,8.52865,0.6212341,0,2.143635,7.147149,6.077329,8.21697,9.756839,10,9.388019,-1,-1,-1,-1,-1,-1,-1,-1,-1,-1,-1,-1,-1,-1,-1,-1,-1,-1,-1,-1,-1,-1,-1,-1,-1,-1,-1,-1,-1,-1,-1,-1,-1,-1,-1,-1,-1,-1,-1,-1,-1,-1,-1,-1,-1,-1,-1,-1,-1,-1,0,0,0,0,0,0,-1,-1,-1,-1,-1,-1,-1,-1,-1,-1,-1,-1,0,0,0,0,0,0,-1,-1,-1,-1,-1,-1,-1,-1,-1,-1,-1,-1,-1,-1,False,False,0,0,False,54,0,0,0,0,0,0,0,0,0,0,0,0,0,0,0,1,
434,376,2026-02-16 13:19:30Z,,6.899754,7.216787,6.582721,0.6660909,0,1.632146,0,0,0,0,0,0,5.459373,4.338239,6.580517,0.592854,0.702737,0.482971,7.380404,6.232042,8.528767,0.6211479,0,2.143548,7.14729,6.077405,8.217176,9.757121,10,9.388373,6.899754,7.216787,6.582721,0.6660909,0,1.632146,0,0,0,0,0,0,5.459373,4.338239,6.580517,0.592854,0.702737,0.482971,7.380404,6.232042,8.528767,0.6211479,0,2.143548,7.14729,6.077405,8.217176,9.757121,10,9.388373,-1,-1,-1,-1,-1,-1,-1,-1,-1,-1,-1,-1,-1,-1,-1,-1,-1,-1,-1,-1,-1,-1,-1,-1,-1,-1,-1,-1,-1,-1,-1,-1,-1,-1,-1,-1,-1,-1,-1,-1,-1,-1,-1,-1,-1,-1,-1,-1,-1,-1,0,0,0,0,0,0,-1,-1,-1,-1,-1,-1,-1,-1,-1,-1,-1,-1,0,0,0,0,0,0,-1,-1,-1,-1,-1,-1,-1,-1,-1,-1,-1,-1,-1,-1,False,False,0,0,False,54,0,0,0,0,0,0,0,0,0,0,0,0,0,0,0,1,
434,377,2026-02-16 13:19:30Z,AdjustHeadset,6.899833,7.216801,6.582864,0.665957,0,1.632072,0,0,0,0,0,0,5.459474,4.338273,6.580687,0.592854,0.702737,0.482971,7.38045,6.232018,8.528883,0.6210622,0,2.143462,7.147431,6.077482,8.217381,9.757402,10,9.388726,6.899833,7.216801,6.582864,0.665957,0,1.632072,0,0,0,0,0,0,5.459474,4.338273,6.580687,0.592854,0.702737,0.482971,7.38045,6.232018,8.528883,0.6210622,0,2.143462,7.147431,6.077482,8.217381,9.757402,10,9.388726,-1,-1,-1,-1,-1,-1,-1,-1,-1,-1,-1,-1,-1,-1,-1,-1,-1,-1,-1,-1,-1,-1,-1,-1,-1,-1,-1,-1,-1,-1,-1,-1,-1,-1,-1,-1,-1,-1,-1,-1,-1,-1,-1,-1,-1,-1,-1,-1,-1,-1,0,0,0,0,0,0,-1,-1,-1,-1,-1,-1,-1,-1,-1,-1,-1,-1,0,0,0,0,0,0,-1,-1,-1,-1,-1,-1,-1,-1,-1,-1,-1,-1,-1,-1,False,False,0,0,False,54,0,0,0,0,0,0,0,0,0,0,0,0,0,0,0,1,
434,378,2026-02-16 13:19:30Z,AdjustHeadset,6.899911,7.216815,6.583007,0.6658239,0,1.631999,0,0,0,0,0,0,5.459575,4.338305,6.580855,0.592854,0.702737,0.482971,7.380496,6.231994,8.528998,0.6209769,0,2.143377,7.147571,6.077558,8.217586,9.757682,10,9.389077,6.899911,7.216815,6.583007,0.6658239,0,1.631999,0,0,0,0,0,0,5.459575,4.338305,6.580855,0.592854,0.702737,0.482971,7.380496,6.231994,8.528998,0.6209769,0,2.143377,7.147571,6.077558,8.217586,9.757682,10,9.389077,-1,-1,-1,-1,-1,-1,-1,-1,-1,-1,-1,-1,-1,-1,-1,-1,-1,-1,-1,-1,-1,-1,-1,-1,-1,-1,-1,-1,-1,-1,-1,-1,-1,-1,-1,-1,-1,-1,-1,-1,-1,-1,-1,-1,-1,-1,-1,-1,-1,-1,0,0,0,0,0,0,-1,-1,-1,-1,-1,-1,-1,-1,-1,-1,-1,-1,0,0,0,0,0,0,-1,-1,-1,-1,-1,-1,-1,-1,-1,-1,-1,-1,-1,-1,False,False,0,0,False,11,0,0,0,0,0,0,0,0,0,0,0,0,0,0,0,1,
434,379,2026-02-16 13:19:30Z,AdjustHeadset,6.899989,7.216829,6.583148,0.6656914,0,1.631925,0,0,0,0,0,0,5.459675,4.338339,6.581022,0.592854,0.702737,0.482971,7.380542,6.231971,8.529114,0.620892,0,2.143292,7.14771,6.077633,8.217789,9.757959,10,9.389426,6.899989,7.216829,6.583148,0.6656914,0,1.631925,0,0,0,0,0,0,5.459675,4.338339,6.581022,0.592854,0.702737,0.482971,7.380542,6.231971,8.529114,0.620892,0,2.143292,7.14771,6.077633,8.217789,9.757959,10,9.389426,-1,-1,-1,-1,-1,-1,-1,-1,-1,-1,-1,-1,-1,-1,-1,-1,-1,-1,-1,-1,-1,-1,-1,-1,-1,-1,-1,-1,-1,-1,-1,-1,-1,-1,-1,-1,-1,-1,-1,-1,-1,-1,-1,-1,-1,-1,-1,-1,-1,-1,0,0,0,0,0,0,-1,-1,-1,-1,-1,-1,-1,-1,-1,-1,-1,-1,0,0,0,0,0,0,-1,-1,-1,-1,-1,-1,-1,-1,-1,-1,-1,-1,-1,-1,False,False,0,0,False,12,0,0,0,0,0,0,0,0,0,0,0,0,0,0,0,1,
434,380,2026-02-16 13:19:30Z,AdjustHeadset,6.900067,7.216844,6.58329,0.6655596,0,1.631853,0,0,0,0,0,0,5.459775,4.338372,6.581189,0.592854,0.702737,0.482971,7.380588,6.231947,8.529228,0.6208076,0,2.143208,7.147849,6.077708,8.217991,9.758236,10,9.389773,6.900067,7.216844,6.58329,0.6655596,0,1.631853,0,0,0,0,0,0,5.459775,4.338372,6.581189,0.592854,0.702737,0.482971,7.380588,6.231947,8.529228,0.6208076,0,2.143208,7.147849,6.077708,8.217991,9.758236,10,9.389773,-1,-1,-1,-1,-1,-1,-1,-1,-1,-1,-1,-1,-1,-1,-1,-1,-1,-1,-1,-1,-1,-1,-1,-1,-1,-1,-1,-1,-1,-1,-1,-1,-1,-1,-1,-1,-1,-1,-1,-1,-1,-1,-1,-1,-1,-1,-1,-1,-1,-1,0,0,0,0,0,0,-1,-1,-1,-1,-1,-1,-1,-1,-1,-1,-1,-1,0,0,0,0,0,0,-1,-1,-1,-1,-1,-1,-1,-1,-1,-1,-1,-1,-1,-1,False,False,0,0,False,12,0,0,0,0,0,0,0,0,0,0,0,0,0,0,0,1,
434,381,2026-02-16 13:19:30Z,AdjustHeadset,6.900144,7.216857,6.58343,0.6654285,0,1.631781,0,0,0,0,0,0,5.459874,4.338405,6.581354,0.592854,0.702737,0.482971,7.380633,6.231924,8.529342,0.6207237,0,2.143124,7.147986,6.077782,8.218191,9.758512,10,9.390119,6.900144,7.216857,6.58343,0.6654285,0,1.631781,0,0,0,0,0,0,5.459874,4.338405,6.581354,0.592854,0.702737,0.482971,7.380633,6.231924,8.529342,0.6207237,0,2.143124,7.147986,6.077782,8.218191,9.758512,10,9.390119,-1,-1,-1,-1,-1,-1,-1,-1,-1,-1,-1,-1,-1,-1,-1,-1,-1,-1,-1,-1,-1,-1,-1,-1,-1,-1,-1,-1,-1,-1,-1,-1,-1,-1,-1,-1,-1,-1,-1,-1,-1,-1,-1,-1,-1,-1,-1,-1,-1,-1,0,0,0,0,0,0,-1,-1,-1,-1,-1,-1,-1,-1,-1,-1,-1,-1,0,0,0,0,0,0,-1,-1,-1,-1,-1,-1,-1,-1,-1,-1,-1,-1,-1,-1,False,False,0,0,False,12,0,0,0,0,0,0,0,0,0,0,0,0,0,0,0,1,
434,382,2026-02-16 13:19:30Z,AdjustHeadset,6.90022,7.216871,6.58357,0.665298,0,1.631709,0,0,0,0,0,0,5.459973,4.338437,6.581519,0.592854,0.702737,0.482971,7.380678,6.231901,8.529455,0.6206402,0,2.14304,7.148123,6.077857,8.218391,9.758785,10,9.390462,6.90022,7.216871,6.58357,0.665298,0,1.631709,0,0,0,0,0,0,5.459973,4.338437,6.581519,0.592854,0.702737,0.482971,7.380678,6.231901,8.529455,0.6206402,0,2.14304,7.148123,6.077857,8.218391,9.758785,10,9.390462,-1,-1,-1,-1,-1,-1,-1,-1,-1,-1,-1,-1,-1,-1,-1,-1,-1,-1,-1,-1,-1,-1,-1,-1,-1,-1,-1,-1,-1,-1,-1,-1,-1,-1,-1,-1,-1,-1,-1,-1,-1,-1,-1,-1,-1,-1,-1,-1,-1,-1,0,0,0,0,0,0,-1,-1,-1,-1,-1,-1,-1,-1,-1,-1,-1,-1,0,0,0,0,0,0,-1,-1,-1,-1,-1,-1,-1,-1,-1,-1,-1,-1,-1,-1,False,False,0,0,False,12,0,0,0,0,0,0,0,0,0,0,0,0,0,0,0,1,
434,383,2026-02-16 13:19:30Z,AdjustHeadset,6.900297,7.216885,6.583709,0.6651683,0,1.631637,0,0,0,0,0,0,5.460071,4.33847,6.581683,0.592854,0.702737,0.482971,7.380723,6.231878,8.529568,0.6205571,0,2.142957,7.14826,6.07793,8.21859,9.759057,10,9.390803,6.900297,7.216885,6.583709,0.6651683,0,1.631637,0,0,0,0,0,0,5.460071,4.33847,6.581683,0.592854,0.702737,0.482971,7.380723,6.231878,8.529568,0.6205571,0,2.142957,7.14826,6.07793,8.21859,9.759057,10,9.390803,-1,-1,-1,-1,-1,-1,-1,-1,-1,-1,-1,-1,-1,-1,-1,-1,-1,-1,-1,-1,-1,-1,-1,-1,-1,-1,-1,-1,-1,-1,-1,-1,-1,-1,-1,-1,-1,-1,-1,-1,-1,-1,-1,-1,-1,-1,-1,-1,-1,-1,0,0,0,0,0,0,-1,-1,-1,-1,-1,-1,-1,-1,-1,-1,-1,-1,0,0,0,0,0,0,-1,-1,-1,-1,-1,-1,-1,-1,-1,-1,-1,-1,-1,-1,False,False,0,0,False,12,0,0,0,0,0,0,0,0,0,0,0,0,0,0,0,1,
434,384,2026-02-16 13:19:30Z,AdjustHeadset,6.900373,7.216899,6.583847,0.6650392,0,1.631566,0,0,0,0,0,0,5.460169,4.338502,6.581846,0.592854,0.702737,0.482971,7.380767,6.231855,8.529679,0.6204744,0,2.142875,7.148396,6.078003,8.218788,9.759328,10,9.391144,6.900373,7.216899,6.583847,0.6650392,0,1.631566,0,0,0,0,0,0,5.460169,4.338502,6.581846,0.592854,0.702737,0.482971,7.380767,6.231855,8.529679,0.6204744,0,2.142875,7.148396,6.078003,8.218788,9.759328,10,9.391144,-1,-1,-1,-1,-1,-1,-1,-1,-1,-1,-1,-1,-1,-1,-1,-1,-1,-1,-1,-1,-1,-1,-1,-1,-1,-1,-1,-1,-1,-1,-1,-1,-1,-1,-1,-1,-1,-1,-1,-1,-1,-1,-1,-1,-1,-1,-1,-1,-1,-1,0,0,0,0,0,0,-1,-1,-1,-1,-1,-1,-1,-1,-1,-1,-1,-1,0,0,0,0,0,0,-1,-1,-1,-1,-1,-1,-1,-1,-1,-1,-1,-1,-1,-1,False,False,0,0,False,12,0,0,0,0,0,0,0,0,0,0,0,0,0,0,0,1,
434,385,2026-02-16 13:19:30Z,AdjustHeadset,6.900448,7.216913,6.583984,0.6649108,0,1.631495,0,0,0,0,0,0,5.460266,4.338534,6.582008,0.592854,0.702737,0.482971,7.380811,6.231832,8.529791,0.6203921,0,2.142792,7.14853,6.078077,8.218985,9.759598,10,9.391481,6.900448,7.216913,6.583984,0.6649108,0,1.631495,0,0,0,0,0,0,5.460266,4.338534,6.582008,0.592854,0.702737,0.482971,7.380811,6.231832,8.529791,0.6203921,0,2.142792,7.14853,6.078077,8.218985,9.759598,10,9.391481,-1,-1,-1,-1,-1,-1,-1,-1,-1,-1,-1,-1,-1,-1,-1,-1,-1,-1,-1,-1,-1,-1,-1,-1,-1,-1,-1,-1,-1,-1,-1,-1,-1,-1,-1,-1,-1,-1,-1,-1,-1,-1,-1,-1,-1,-1,-1,-1,-1,-1,0,0,0,0,0,0,-1,-1,-1,-1,-1,-1,-1,-1,-1,-1,-1,-1,0,0,0,0,0,0,-1,-1,-1,-1,-1,-1,-1,-1,-1,-1,-1,-1,-1,-1,False,False,0,0,False,12,0,0,0,0,0,0,0,0,0,0,0,0,0,0,0,1,
434,386,2026-02-16 13:19:30Z,AdjustHeadset,6.900524,7.216926,6.584121,0.664783,0,1.631425,0,0,0,0,0,0,5.460363,4.338566,6.58217,0.592854,0.702737,0.482971,7.380856,6.23181,8.529902,0.6203103,0,2.142711,7.148664,6.078149,8.219181,9.759866,10,9.391818,6.900524,7.216926,6.584121,0.664783,0,1.631425,0,0,0,0,0,0,5.460363,4.338566,6.58217,0.592854,0.702737,0.482971,7.380856,6.23181,8.529902,0.6203103,0,2.142711,7.148664,6.078149,8.219181,9.759866,10,9.391818,-1,-1,-1,-1,-1,-1,-1,-1,-1,-1,-1,-1,-1,-1,-1,-1,-1,-1,-1,-1,-1,-1,-1,-1,-1,-1,-1,-1,-1,-1,-1,-1,-1,-1,-1,-1,-1,-1,-1,-1,-1,-1,-1,-1,-1,-1,-1,-1,-1,-1,0,0,0,0,0,0,-1,-1,-1,-1,-1,-1,-1,-1,-1,-1,-1,-1,0,0,0,0,0,0,-1,-1,-1,-1,-1,-1,-1,-1,-1,-1,-1,-1,-1,-1,False,False,0,0,False,12,0,0,0,0,0,0,0,0,0,0,0,0,0,0,0,1,
434,387,2026-02-16 13:19:30Z,AdjustHeadset,6.900599,7.21694,6.584257,0.6646559,0,1.631354,0,0,0,0,0,0,5.460459,4.338598,6.58233,0.592854,0.702737,0.482971,7.380899,6.231787,8.530012,0.6202289,0,2.142629,7.148798,6.078222,8.219376,9.760133,10,9.392153,6.900599,7.21694,6.584257,0.6646559,0,1.631354,0,0,0,0,0,0,5.460459,4.338598,6.58233,0.592854,0.702737,0.482971,7.380899,6.231787,8.530012,0.6202289,0,2.142629,7.148798,6.078222,8.219376,9.760133,10,9.392153,-1,-1,-1,-1,-1,-1,-1,-1,-1,-1,-1,-1,-1,-1,-1,-1,-1,-1,-1,-1,-1,-1,-1,-1,-1,-1,-1,-1,-1,-1,-1,-1,-1,-1,-1,-1,-1,-1,-1,-1,-1,-1,-1,-1,-1,-1,-1,-1,-1,-1,0,0,0,0,0,0,-1,-1,-1,-1,-1,-1,-1,-1,-1,-1,-1,-1,0,0,0,0,0,0,-1,-1,-1,-1,-1,-1,-1,-1,-1,-1,-1,-1,-1,-1,False,False,0,0,False,12,0,0,0,0,0,0,0,0,0,0,0,0,0,0,0,1,
434,388,2026-02-16 13:19:30Z,AdjustHeadset,6.900673,7.216953,6.584393,0.6645294,0,1.631285,0,0,0,0,0,0,5.460555,4.33863,6.58249,0.592854,0.702737,0.482971,7.380943,6.231764,8.530122,0.6201479,0,2.142548,7.148931,6.078294,8.219569,9.760398,10,9.392487,6.900673,7.216953,6.584393,0.6645294,0,1.631285,0,0,0,0,0,0,5.460555,4.33863,6.58249,0.592854,0.702737,0.482971,7.380943,6.231764,8.530122,0.6201479,0,2.142548,7.148931,6.078294,8.219569,9.760398,10,9.392487,-1,-1,-1,-1,-1,-1,-1,-1,-1,-1,-1,-1,-1,-1,-1,-1,-1,-1,-1,-1,-1,-1,-1,-1,-1,-1,-1,-1,-1,-1,-1,-1,-1,-1,-1,-1,-1,-1,-1,-1,-1,-1,-1,-1,-1,-1,-1,-1,-1,-1,0,0,0,0,0,0,-1,-1,-1,-1,-1,-1,-1,-1,-1,-1,-1,-1,0,0,0,0,0,0,-1,-1,-1,-1,-1,-1,-1,-1,-1,-1,-1,-1,-1,-1,False,False,0,0,False,12,0,0,0,0,0,0,0,0,0,0,0,0,0,0,0,1,
434,389,2026-02-16 13:19:30Z,AdjustHeadset,6.900747,7.216967,6.584527,0.6644036,0,1.631215,0,0,0,0,0,0,5.46065,4.338661,6.582649,0.592854,0.702737,0.482971,7.380986,6.231742,8.530231,0.6200674,0,2.142468,7.149063,6.078365,8.219762,9.760662,10,9.392817,6.900747,7.216967,6.584527,0.6644036,0,1.631215,0,0,0,0,0,0,5.46065,4.338661,6.582649,0.592854,0.702737,0.482971,7.380986,6.231742,8.530231,0.6200674,0,2.142468,7.149063,6.078365,8.219762,9.760662,10,9.392817,-1,-1,-1,-1,-1,-1,-1,-1,-1,-1,-1,-1,-1,-1,-1,-1,-1,-1,-1,-1,-1,-1,-1,-1,-1,-1,-1,-1,-1,-1,-1,-1,-1,-1,-1,-1,-1,-1,-1,-1,-1,-1,-1,-1,-1,-1,-1,-1,-1,-1,0,0,0,0,0,0,-1,-1,-1,-1,-1,-1,-1,-1,-1,-1,-1,-1,0,0,0,0,0,0,-1,-1,-1,-1,-1,-1,-1,-1,-1,-1,-1,-1,-1,-1,False,False,0,0,False,12,0,0,0,0,0,0,0,0,0,0,0,0,0,0,0,1,
434,390,2026-02-16 13:19:30Z,AdjustHeadset,6.900821,7.21698,6.584661,0.6642784,0,1.631146,0,0,0,0,0,0,5.460744,4.338693,6.582807,0.592854,0.702737,0.482971,7.38103,6.23172,8.530339,0.6199872,0,2.142388,7.149195,6.078436,8.219954,9.760925,10,9.393147,6.900821,7.21698,6.584661,0.6642784,0,1.631146,0,0,0,0,0,0,5.460744,4.338693,6.582807,0.592854,0.702737,0.482971,7.38103,6.23172,8.530339,0.6199872,0,2.142388,7.149195,6.078436,8.219954,9.760925,10,9.393147,-1,-1,-1,-1,-1,-1,-1,-1,-1,-1,-1,-1,-1,-1,-1,-1,-1,-1,-1,-1,-1,-1,-1,-1,-1,-1,-1,-1,-1,-1,-1,-1,-1,-1,-1,-1,-1,-1,-1,-1,-1,-1,-1,-1,-1,-1,-1,-1,-1,-1,0,0,0,0,0,0,-1,-1,-1,-1,-1,-1,-1,-1,-1,-1,-1,-1,0,0,0,0,0,0,-1,-1,-1,-1,-1,-1,-1,-1,-1,-1,-1,-1,-1,-1,False,False,0,0,False,12,0,0,0,0,0,0,0,0,0,0,0,0,0,0,0,1,
434,391,2026-02-16 13:19:30Z,AdjustHeadset,6.900894,7.216993,6.584795,0.6641538,0,1.631078,0,0,0,0,0,0,5.460839,4.338724,6.582964,0.592854,0.702737,0.482971,7.381073,6.231698,8.530448,0.6199074,0,2.142308,7.149326,6.078507,8.220145,9.761187,10,9.393476,6.900894,7.216993,6.584795,0.6641538,0,1.631078,0,0,0,0,0,0,5.460839,4.338724,6.582964,0.592854,0.702737,0.482971,7.381073,6.231698,8.530448,0.6199074,0,2.142308,7.149326,6.078507,8.220145,9.761187,10,9.393476,-1,-1,-1,-1,-1,-1,-1,-1,-1,-1,-1,-1,-1,-1,-1,-1,-1,-1,-1,-1,-1,-1,-1,-1,-1,-1,-1,-1,-1,-1,-1,-1,-1,-1,-1,-1,-1,-1,-1,-1,-1,-1,-1,-1,-1,-1,-1,-1,-1,-1,0,0,0,0,0,0,-1,-1,-1,-1,-1,-1,-1,-1,-1,-1,-1,-1,0,0,0,0,0,0,-1,-1,-1,-1,-1,-1,-1,-1,-1,-1,-1,-1,-1,-1,False,False,0,0,False,12,0,0,0,0,0,0,0,0,0,0,0,0,0,0,0,1,
434,392,2026-02-16 13:19:30Z,AdjustHeadset,6.900967,7.217006,6.584927,0.6640298,0,1.631009,0,0,0,0,0,0,5.460933,4.338755,6.583121,0.592854,0.702737,0.482971,7.381115,6.231676,8.530556,0.619828,0,2.142228,7.149456,6.078578,8.220335,9.761447,10,9.393802,6.900967,7.217006,6.584927,0.6640298,0,1.631009,0,0,0,0,0,0,5.460933,4.338755,6.583121,0.592854,0.702737,0.482971,7.381115,6.231676,8.530556,0.619828,0,2.142228,7.149456,6.078578,8.220335,9.761447,10,9.393802,-1,-1,-1,-1,-1,-1,-1,-1,-1,-1,-1,-1,-1,-1,-1,-1,-1,-1,-1,-1,-1,-1,-1,-1,-1,-1,-1,-1,-1,-1,-1,-1,-1,-1,-1,-1,-1,-1,-1,-1,-1,-1,-1,-1,-1,-1,-1,-1,-1,-1,0,0,0,0,0,0,-1,-1,-1,-1,-1,-1,-1,-1,-1,-1,-1,-1,0,0,0,0,0,0,-1,-1,-1,-1,-1,-1,-1,-1,-1,-1,-1,-1,-1,-1,False,False,0,0,False,12,0,0,0,0,0,0,0,0,0,0,0,0,0,0,0,1,
434,393,2026-02-16 13:19:30Z,AdjustHeadset,6.90104,7.21702,6.585059,0.6639065,0,1.630941,0,0,0,0,0,0,5.461026,4.338786,6.583277,0.592854,0.702737,0.482971,7.381158,6.231654,8.530663,0.619749,0,2.142149,7.149585,6.078648,8.220524,9.761705,10,9.394127,6.90104,7.21702,6.585059,0.6639065,0,1.630941,0,0,0,0,0,0,5.461026,4.338786,6.583277,0.592854,0.702737,0.482971,7.381158,6.231654,8.530663,0.619749,0,2.142149,7.149585,6.078648,8.220524,9.761705,10,9.394127,-1,-1,-1,-1,-1,-1,-1,-1,-1,-1,-1,-1,-1,-1,-1,-1,-1,-1,-1,-1,-1,-1,-1,-1,-1,-1,-1,-1,-1,-1,-1,-1,-1,-1,-1,-1,-1,-1,-1,-1,-1,-1,-1,-1,-1,-1,-1,-1,-1,-1,0,0,0,0,0,0,-1,-1,-1,-1,-1,-1,-1,-1,-1,-1,-1,-1,0,0,0,0,0,0,-1,-1,-1,-1,-1,-1,-1,-1,-1,-1,-1,-1,-1,-1,False,False,0,0,False,12,0,0,0,0,0,0,0,0,0,0,0,0,0,0,0,1,
434,394,2026-02-16 13:19:30Z,AdjustHeadset,6.901112,7.217032,6.58519,0.6637838,0,1.630873,0,0,0,0,0,0,5.461119,4.338816,6.583432,0.592854,0.702737,0.482971,7.3812,6.231632,8.530768,0.6196705,0,2.142071,7.149714,6.078718,8.220712,9.761963,10,9.39445,6.901112,7.217032,6.58519,0.6637838,0,1.630873,0,0,0,0,0,0,5.461119,4.338816,6.583432,0.592854,0.702737,0.482971,7.3812,6.231632,8.530768,0.6196705,0,2.142071,7.149714,6.078718,8.220712,9.761963,10,9.39445,-1,-1,-1,-1,-1,-1,-1,-1,-1,-1,-1,-1,-1,-1,-1,-1,-1,-1,-1,-1,-1,-1,-1,-1,-1,-1,-1,-1,-1,-1,-1,-1,-1,-1,-1,-1,-1,-1,-1,-1,-1,-1,-1,-1,-1,-1,-1,-1,-1,-1,0,0,0,0,0,0,-1,-1,-1,-1,-1,-1,-1,-1,-1,-1,-1,-1,0,0,0,0,0,0,-1,-1,-1,-1,-1,-1,-1,-1,-1,-1,-1,-1,-1,-1,False,False,0,0,False,12,0,0,0,0,0,0,0,0,0,0,0,0,0,0,0,1,
434,395,2026-02-16 13:19:30Z,AdjustHeadset,6.901184,7.217046,6.585321,0.6636617,0,1.630806,0,0,0,0,0,0,5.461211,4.338847,6.583586,0.592854,0.702737,0.482971,7.381242,6.23161,8.530875,0.6195922,0,2.141993,7.149843,6.078787,8.220899,9.762219,10,9.394772,6.901184,7.217046,6.585321,0.6636617,0,1.630806,0,0,0,0,0,0,5.461211,4.338847,6.583586,0.592854,0.702737,0.482971,7.381242,6.23161,8.530875,0.6195922,0,2.141993,7.149843,6.078787,8.220899,9.762219,10,9.394772,-1,-1,-1,-1,-1,-1,-1,-1,-1,-1,-1,-1,-1,-1,-1,-1,-1,-1,-1,-1,-1,-1,-1,-1,-1,-1,-1,-1,-1,-1,-1,-1,-1,-1,-1,-1,-1,-1,-1,-1,-1,-1,-1,-1,-1,-1,-1,-1,-1,-1,0,0,0,0,0,0,-1,-1,-1,-1,-1,-1,-1,-1,-1,-1,-1,-1,0,0,0,0,0,0,-1,-1,-1,-1,-1,-1,-1,-1,-1,-1,-1,-1,-1,-1,False,False,0,0,False,12,0,0,0,0,0,0,0,0,0,0,0,0,0,0,0,1,
434,396,2026-02-16 13:19:30Z,AdjustHeadset,6.901255,7.217059,6.585451,0.6635402,0,1.630739,0,0,0,0,0,0,5.461303,4.338877,6.58374,0.592854,0.702737,0.482971,7.381284,6.231589,8.53098,0.6195145,0,2.141915,7.149971,6.078856,8.221086,9.762474,10,9.395092,6.901255,7.217059,6.585451,0.6635402,0,1.630739,0,0,0,0,0,0,5.461303,4.338877,6.58374,0.592854,0.702737,0.482971,7.381284,6.231589,8.53098,0.6195145,0,2.141915,7.149971,6.078856,8.221086,9.762474,10,9.395092,-1,-1,-1,-1,-1,-1,-1,-1,-1,-1,-1,-1,-1,-1,-1,-1,-1,-1,-1,-1,-1,-1,-1,-1,-1,-1,-1,-1,-1,-1,-1,-1,-1,-1,-1,-1,-1,-1,-1,-1,-1,-1,-1,-1,-1,-1,-1,-1,-1,-1,0,0,0,0,0,0,-1,-1,-1,-1,-1,-1,-1,-1,-1,-1,-1,-1,0,0,0,0,0,0,-1,-1,-1,-1,-1,-1,-1,-1,-1,-1,-1,-1,-1,-1,False,False,0,0,False,12,0,0,0,0,0,0,0,0,0,0,0,0,0,0,0,1,
434,397,2026-02-16 13:19:30Z,AdjustHeadset,6.901326,7.217072,6.58558,0.6634193,0,1.630672,0,0,0,0,0,0,5.461395,4.338908,6.583892,0.592854,0.702737,0.482971,7.381326,6.231567,8.531085,0.619437,0,2.141837,7.150097,6.078925,8.221271,9.762728,10,9.395411,6.901326,7.217072,6.58558,0.6634193,0,1.630672,0,0,0,0,0,0,5.461395,4.338908,6.583892,0.592854,0.702737,0.482971,7.381326,6.231567,8.531085,0.619437,0,2.141837,7.150097,6.078925,8.221271,9.762728,10,9.395411,-1,-1,-1,-1,-1,-1,-1,-1,-1,-1,-1,-1,-1,-1,-1,-1,-1,-1,-1,-1,-1,-1,-1,-1,-1,-1,-1,-1,-1,-1,-1,-1,-1,-1,-1,-1,-1,-1,-1,-1,-1,-1,-1,-1,-1,-1,-1,-1,-1,-1,0,0,0,0,0,0,-1,-1,-1,-1,-1,-1,-1,-1,-1,-1,-1,-1,0,0,0,0,0,0,-1,-1,-1,-1,-1,-1,-1,-1,-1,-1,-1,-1,-1,-1,False,False,0,0,False,13,0,0,0,0,0,0,0,0,0,0,0,0,0,0,0,1,
434,398,2026-02-16 13:19:30Z,AdjustHeadset,6.901397,7.217084,6.585709,0.663299,0,1.630606,0,0,0,0,0,0,5.461486,4.338938,6.584044,0.592854,0.702737,0.482971,7.381368,6.231546,8.53119,0.61936,0,2.14176,7.150224,6.078993,8.221455,9.76298,10,9.395727,6.901397,7.217084,6.585709,0.663299,0,1.630606,0,0,0,0,0,0,5.461486,4.338938,6.584044,0.592854,0.702737,0.482971,7.381368,6.231546,8.53119,0.61936,0,2.14176,7.150224,6.078993,8.221455,9.76298,10,9.395727,-1,-1,-1,-1,-1,-1,-1,-1,-1,-1,-1,-1,-1,-1,-1,-1,-1,-1,-1,-1,-1,-1,-1,-1,-1,-1,-1,-1,-1,-1,-1,-1,-1,-1,-1,-1,-1,-1,-1,-1,-1,-1,-1,-1,-1,-1,-1,-1,-1,-1,0,0,0,0,0,0,-1,-1,-1,-1,-1,-1,-1,-1,-1,-1,-1,-1,0,0,0,0,0,0,-1,-1,-1,-1,-1,-1,-1,-1,-1,-1,-1,-1,-1,-1,False,False,0,0,False,13,0,0,0,0,0,0,0,0,0,0,0,0,0,0,0,1,
434,399,2026-02-16 13:19:30Z,AdjustHeadset,6.901467,7.217097,6.585837,0.6631792,0,1.63054,0,0,0,0,0,0,5.461576,4.338968,6.584196,0.592854,0.702737,0.482971,7.381409,6.231525,8.531294,0.6192833,0,2.141684,7.15035,6.079062,8.221639,9.763231,10,9.396043,6.901467,7.217097,6.585837,0.6631792,0,1.63054,0,0,0,0,0,0,5.461576,4.338968,6.584196,0.592854,0.702737,0.482971,7.381409,6.231525,8.531294,0.6192833,0,2.141684,7.15035,6.079062,8.221639,9.763231,10,9.396043,-1,-1,-1,-1,-1,-1,-1,-1,-1,-1,-1,-1,-1,-1,-1,-1,-1,-1,-1,-1,-1,-1,-1,-1,-1,-1,-1,-1,-1,-1,-1,-1,-1,-1,-1,-1,-1,-1,-1,-1,-1,-1,-1,-1,-1,-1,-1,-1,-1,-1,0,0,0,0,0,0,-1,-1,-1,-1,-1,-1,-1,-1,-1,-1,-1,-1,0,0,0,0,0,0,-1,-1,-1,-1,-1,-1,-1,-1,-1,-1,-1,-1,-1,-1,False,False,0,0,False,13,0,0,0,0,0,0,0,0,0,0,0,0,0,0,0,1,
434,400,2026-02-16 13:19:31Z,AdjustHeadset,6.901537,7.21711,6.585965,0.6630601,0,1.630474,0,0,0,0,0,0,5.461667,4.338997,6.584346,0.592854,0.702737,0.482971,7.38145,6.231503,8.531397,0.619207,0,2.141607,7.150475,6.079129,8.221821,9.763482,10,9.396357,6.901537,7.21711,6.585965,0.6630601,0,1.630474,0,0,0,0,0,0,5.461667,4.338997,6.584346,0.592854,0.702737,0.482971,7.38145,6.231503,8.531397,0.619207,0,2.141607,7.150475,6.079129,8.221821,9.763482,10,9.396357,-1,-1,-1,-1,-1,-1,-1,-1,-1,-1,-1,-1,-1,-1,-1,-1,-1,-1,-1,-1,-1,-1,-1,-1,-1,-1,-1,-1,-1,-1,-1,-1,-1,-1,-1,-1,-1,-1,-1,-1,-1,-1,-1,-1,-1,-1,-1,-1,-1,-1,0,0,0,0,0,0,-1,-1,-1,-1,-1,-1,-1,-1,-1,-1,-1,-1,0,0,0,0,0,0,-1,-1,-1,-1,-1,-1,-1,-1,-1,-1,-1,-1,-1,-1,False,False,0,0,False,13,0,0,0,0,0,0,0,0,0,0,0,0,0,0,0,1,
434,401,2026-02-16 13:19:31Z,AdjustHeadset,6.901607,7.217123,6.586092,0.6629415,0,1.630409,0,0,0,0,0,0,5.461756,4.339027,6.584496,0.592854,0.702737,0.482971,7.381491,6.231483,8.5315,0.6191311,0,2.141531,7.150599,6.079197,8.222003,9.763731,10,9.396668,6.901607,7.217123,6.586092,0.6629415,0,1.630409,0,0,0,0,0,0,5.461756,4.339027,6.584496,0.592854,0.702737,0.482971,7.381491,6.231483,8.5315,0.6191311,0,2.141531,7.150599,6.079197,8.222003,9.763731,10,9.396668,-1,-1,-1,-1,-1,-1,-1,-1,-1,-1,-1,-1,-1,-1,-1,-1,-1,-1,-1,-1,-1,-1,-1,-1,-1,-1,-1,-1,-1,-1,-1,-1,-1,-1,-1,-1,-1,-1,-1,-1,-1,-1,-1,-1,-1,-1,-1,-1,-1,-1,0,0,0,0,0,0,-1,-1,-1,-1,-1,-1,-1,-1,-1,-1,-1,-1,0,0,0,0,0,0,-1,-1,-1,-1,-1,-1,-1,-1,-1,-1,-1,-1,-1,-1,False,False,0,0,False,13,0,0,0,0,0,0,0,0,0,0,0,0,0,0,0,1,
434,402,2026-02-16 13:19:31Z,AdjustHeadset,6.901677,7.217135,6.586218,0.6628236,0,1.630344,0,0,0,0,0,0,5.461845,4.339056,6.584645,0.592854,0.702737,0.482971,7.381532,6.231462,8.531602,0.6190555,0,2.141456,7.150723,6.079264,8.222183,9.763978,10,9.396979,6.901677,7.217135,6.586218,0.6628236,0,1.630344,0,0,0,0,0,0,5.461845,4.339056,6.584645,0.592854,0.702737,0.482971,7.381532,6.231462,8.531602,0.6190555,0,2.141456,7.150723,6.079264,8.222183,9.763978,10,9.396979,-1,-1,-1,-1,-1,-1,-1,-1,-1,-1,-1,-1,-1,-1,-1,-1,-1,-1,-1,-1,-1,-1,-1,-1,-1,-1,-1,-1,-1,-1,-1,-1,-1,-1,-1,-1,-1,-1,-1,-1,-1,-1,-1,-1,-1,-1,-1,-1,-1,-1,0,0,0,0,0,0,-1,-1,-1,-1,-1,-1,-1,-1,-1,-1,-1,-1,0,0,0,0,0,0,-1,-1,-1,-1,-1,-1,-1,-1,-1,-1,-1,-1,-1,-1,False,False,0,0,False,13,0,0,0,0,0,0,0,0,0,0,0,0,0,0,0,1,
434,403,2026-02-16 13:19:31Z,AdjustHeadset,6.901746,7.217147,6.586344,0.6627061,0,1.630279,0,0,0,0,0,0,5.461935,4.339086,6.584793,0.592854,0.702737,0.482971,7.381572,6.231441,8.531704,0.6189803,0,2.141381,7.150846,6.07933,8.222363,9.764225,10,9.397288,6.901746,7.217147,6.586344,0.6627061,0,1.630279,0,0,0,0,0,0,5.461935,4.339086,6.584793,0.592854,0.702737,0.482971,7.381572,6.231441,8.531704,0.6189803,0,2.141381,7.150846,6.07933,8.222363,9.764225,10,9.397288,-1,-1,-1,-1,-1,-1,-1,-1,-1,-1,-1,-1,-1,-1,-1,-1,-1,-1,-1,-1,-1,-1,-1,-1,-1,-1,-1,-1,-1,-1,-1,-1,-1,-1,-1,-1,-1,-1,-1,-1,-1,-1,-1,-1,-1,-1,-1,-1,-1,-1,0,0,0,0,0,0,-1,-1,-1,-1,-1,-1,-1,-1,-1,-1,-1,-1,0,0,0,0,0,0,-1,-1,-1,-1,-1,-1,-1,-1,-1,-1,-1,-1,-1,-1,False,False,0,0,False,13,0,0,0,0,0,0,0,0,0,0,0,0,0,0,0,1,
434,404,2026-02-16 13:19:31Z,AdjustHeadset,6.901814,7.21716,6.586469,0.6625893,0,1.630215,0,0,0,0,0,0,5.462023,4.339115,6.584941,0.592854,0.702737,0.482971,7.381612,6.23142,8.531805,0.6189055,0,2.141306,7.15097,6.079397,8.222543,9.76447,10,9.397596,6.901814,7.21716,6.586469,0.6625893,0,1.630215,0,0,0,0,0,0,5.462023,4.339115,6.584941,0.592854,0.702737,0.482971,7.381612,6.23142,8.531805,0.6189055,0,2.141306,7.15097,6.079397,8.222543,9.76447,10,9.397596,-1,-1,-1,-1,-1,-1,-1,-1,-1,-1,-1,-1,-1,-1,-1,-1,-1,-1,-1,-1,-1,-1,-1,-1,-1,-1,-1,-1,-1,-1,-1,-1,-1,-1,-1,-1,-1,-1,-1,-1,-1,-1,-1,-1,-1,-1,-1,-1,-1,-1,0,0,0,0,0,0,-1,-1,-1,-1,-1,-1,-1,-1,-1,-1,-1,-1,0,0,0,0,0,0,-1,-1,-1,-1,-1,-1,-1,-1,-1,-1,-1,-1,-1,-1,False,False,0,0,False,13,0,0,0,0,0,0,0,0,0,0,0,0,0,0,0,1,
434,405,2026-02-16 13:19:31Z,AdjustHeadset,6.901883,7.217172,6.586594,0.662473,0,1.630151,0,0,0,0,0,0,5.462111,4.339144,6.585088,0.592854,0.702737,0.482971,7.381653,6.2314,8.531906,0.618831,0,2.141231,7.151092,6.079463,8.222721,9.764714,10,9.397902,6.901883,7.217172,6.586594,0.662473,0,1.630151,0,0,0,0,0,0,5.462111,4.339144,6.585088,0.592854,0.702737,0.482971,7.381653,6.2314,8.531906,0.618831,0,2.141231,7.151092,6.079463,8.222721,9.764714,10,9.397902,-1,-1,-1,-1,-1,-1,-1,-1,-1,-1,-1,-1,-1,-1,-1,-1,-1,-1,-1,-1,-1,-1,-1,-1,-1,-1,-1,-1,-1,-1,-1,-1,-1,-1,-1,-1,-1,-1,-1,-1,-1,-1,-1,-1,-1,-1,-1,-1,-1,-1,0,0,0,0,0,0,-1,-1,-1,-1,-1,-1,-1,-1,-1,-1,-1,-1,0,0,0,0,0,0,-1,-1,-1,-1,-1,-1,-1,-1,-1,-1,-1,-1,-1,-1,False,False,0,0,False,13,0,0,0,0,0,0,0,0,0,0,0,0,0,0,0,1,
434,406,2026-02-16 13:19:31Z,AdjustHeadset,6.901951,7.217185,6.586717,0.6623572,0,1.630087,0,0,0,0,0,0,5.462198,4.339173,6.585234,0.592854,0.702737,0.482971,7.381692,6.231379,8.532006,0.6187569,0,2.141157,7.151213,6.079529,8.222898,9.764956,10,9.398208,6.901951,7.217185,6.586717,0.6623572,0,1.630087,0,0,0,0,0,0,5.462198,4.339173,6.585234,0.592854,0.702737,0.482971,7.381692,6.231379,8.532006,0.6187569,0,2.141157,7.151213,6.079529,8.222898,9.764956,10,9.398208,-1,-1,-1,-1,-1,-1,-1,-1,-1,-1,-1,-1,-1,-1,-1,-1,-1,-1,-1,-1,-1,-1,-1,-1,-1,-1,-1,-1,-1,-1,-1,-1,-1,-1,-1,-1,-1,-1,-1,-1,-1,-1,-1,-1,-1,-1,-1,-1,-1,-1,0,0,0,0,0,0,-1,-1,-1,-1,-1,-1,-1,-1,-1,-1,-1,-1,0,0,0,0,0,0,-1,-1,-1,-1,-1,-1,-1,-1,-1,-1,-1,-1,-1,-1,False,False,0,0,False,13,0,0,0,0,0,0,0,0,0,0,0,0,0,0,0,1,
434,407,2026-02-16 13:19:31Z,AdjustHeadset,6.902019,7.217197,6.586841,0.6622421,0,1.630023,0,0,0,0,0,0,5.462286,4.339202,6.58538,0.592854,0.702737,0.482971,7.381732,6.231359,8.532106,0.6186831,0,2.141083,7.151334,6.079595,8.223075,9.765199,10,9.398511,6.902019,7.217197,6.586841,0.6622421,0,1.630023,0,0,0,0,0,0,5.462286,4.339202,6.58538,0.592854,0.702737,0.482971,7.381732,6.231359,8.532106,0.6186831,0,2.141083,7.151334,6.079595,8.223075,9.765199,10,9.398511,-1,-1,-1,-1,-1,-1,-1,-1,-1,-1,-1,-1,-1,-1,-1,-1,-1,-1,-1,-1,-1,-1,-1,-1,-1,-1,-1,-1,-1,-1,-1,-1,-1,-1,-1,-1,-1,-1,-1,-1,-1,-1,-1,-1,-1,-1,-1,-1,-1,-1,0,0,0,0,0,0,-1,-1,-1,-1,-1,-1,-1,-1,-1,-1,-1,-1,0,0,0,0,0,0,-1,-1,-1,-1,-1,-1,-1,-1,-1,-1,-1,-1,-1,-1,False,False,0,0,False,13,0,0,0,0,0,0,0,0,0,0,0,0,0,0,0,1,
434,408,2026-02-16 13:19:31Z,AdjustHeadset,6.902086,7.217209,6.586963,0.6621274,0,1.62996,0,0,0,0,0,0,5.462372,4.339231,6.585524,0.592854,0.702737,0.482971,7.381772,6.231338,8.532207,0.6186097,0,2.14101,7.151454,6.07966,8.22325,9.765439,10,9.398813,6.902086,7.217209,6.586963,0.6621274,0,1.62996,0,0,0,0,0,0,5.462372,4.339231,6.585524,0.592854,0.702737,0.482971,7.381772,6.231338,8.532207,0.6186097,0,2.14101,7.151454,6.07966,8.22325,9.765439,10,9.398813,-1,-1,-1,-1,-1,-1,-1,-1,-1,-1,-1,-1,-1,-1,-1,-1,-1,-1,-1,-1,-1,-1,-1,-1,-1,-1,-1,-1,-1,-1,-1,-1,-1,-1,-1,-1,-1,-1,-1,-1,-1,-1,-1,-1,-1,-1,-1,-1,-1,-1,0,0,0,0,0,0,-1,-1,-1,-1,-1,-1,-1,-1,-1,-1,-1,-1,0,0,0,0,0,0,-1,-1,-1,-1,-1,-1,-1,-1,-1,-1,-1,-1,-1,-1,False,False,0,0,False,13,0,0,0,0,0,0,0,0,0,0,0,0,0,0,0,1,
434,409,2026-02-16 13:19:31Z,AdjustHeadset,6.902153,7.217221,6.587085,0.6620133,0,1.629897,0,0,0,0,0,0,5.462459,4.33926,6.585669,0.592854,0.702737,0.482971,7.381811,6.231318,8.532305,0.6185367,0,2.140937,7.151575,6.079725,8.223425,9.765678,10,9.399114,6.902153,7.217221,6.587085,0.6620133,0,1.629897,0,0,0,0,0,0,5.462459,4.33926,6.585669,0.592854,0.702737,0.482971,7.381811,6.231318,8.532305,0.6185367,0,2.140937,7.151575,6.079725,8.223425,9.765678,10,9.399114,-1,-1,-1,-1,-1,-1,-1,-1,-1,-1,-1,-1,-1,-1,-1,-1,-1,-1,-1,-1,-1,-1,-1,-1,-1,-1,-1,-1,-1,-1,-1,-1,-1,-1,-1,-1,-1,-1,-1,-1,-1,-1,-1,-1,-1,-1,-1,-1,-1,-1,0,0,0,0,0,0,-1,-1,-1,-1,-1,-1,-1,-1,-1,-1,-1,-1,0,0,0,0,0,0,-1,-1,-1,-1,-1,-1,-1,-1,-1,-1,-1,-1,-1,-1,False,False,0,0,False,13,0,0,0,0,0,0,0,0,0,0,0,0,0,0,0,1,
434,410,2026-02-16 13:19:31Z,AdjustHeadset,6.90222,7.217233,6.587207,0.6618997,0,1.629834,0,0,0,0,0,0,5.462544,4.339288,6.585812,0.592854,0.702737,0.482971,7.38185,6.231297,8.532404,0.6184639,0,2.140864,7.151694,6.079789,8.223599,9.765917,10,9.399412,6.90222,7.217233,6.587207,0.6618997,0,1.629834,0,0,0,0,0,0,5.462544,4.339288,6.585812,0.592854,0.702737,0.482971,7.38185,6.231297,8.532404,0.6184639,0,2.140864,7.151694,6.079789,8.223599,9.765917,10,9.399412,-1,-1,-1,-1,-1,-1,-1,-1,-1,-1,-1,-1,-1,-1,-1,-1,-1,-1,-1,-1,-1,-1,-1,-1,-1,-1,-1,-1,-1,-1,-1,-1,-1,-1,-1,-1,-1,-1,-1,-1,-1,-1,-1,-1,-1,-1,-1,-1,-1,-1,0,0,0,0,0,0,-1,-1,-1,-1,-1,-1,-1,-1,-1,-1,-1,-1,0,0,0,0,0,0,-1,-1,-1,-1,-1,-1,-1,-1,-1,-1,-1,-1,-1,-1,False,False,0,0,False,13,0,0,0,0,0,0,0,0,0,0,0,0,0,0,0,1,
434,411,2026-02-16 13:19:31Z,AdjustHeadset,6.902287,7.217245,6.587328,0.6617867,0,1.629772,0,0,0,0,0,0,5.46263,4.339316,6.585955,0.592854,0.702737,0.482971,7.381889,6.231277,8.532502,0.6183915,0,2.140792,7.151813,6.079854,8.223772,9.766154,10,9.399711,6.902287,7.217245,6.587328,0.6617867,0,1.629772,0,0,0,0,0,0,5.46263,4.339316,6.585955,0.592854,0.702737,0.482971,7.381889,6.231277,8.532502,0.6183915,0,2.140792,7.151813,6.079854,8.223772,9.766154,10,9.399711,-1,-1,-1,-1,-1,-1,-1,-1,-1,-1,-1,-1,-1,-1,-1,-1,-1,-1,-1,-1,-1,-1,-1,-1,-1,-1,-1,-1,-1,-1,-1,-1,-1,-1,-1,-1,-1,-1,-1,-1,-1,-1,-1,-1,-1,-1,-1,-1,-1,-1,0,0,0,0,0,0,-1,-1,-1,-1,-1,-1,-1,-1,-1,-1,-1,-1,0,0,0,0,0,0,-1,-1,-1,-1,-1,-1,-1,-1,-1,-1,-1,-1,-1,-1,False,False,0,0,False,13,0,0,0,0,0,0,0,0,0,0,0,0,0,0,0,1,
434,412,2026-02-16 13:19:31Z,AdjustHeadset,6.902353,7.217257,6.587448,0.6616742,0,1.62971,0,0,0,0,0,0,5.462715,4.339344,6.586097,0.592854,0.702737,0.482971,7.381928,6.231257,8.532599,0.6183195,0,2.14072,7.151931,6.079917,8.223945,9.76639,10,9.400006,6.902353,7.217257,6.587448,0.6616742,0,1.62971,0,0,0,0,0,0,5.462715,4.339344,6.586097,0.592854,0.702737,0.482971,7.381928,6.231257,8.532599,0.6183195,0,2.14072,7.151931,6.079917,8.223945,9.76639,10,9.400006,-1,-1,-1,-1,-1,-1,-1,-1,-1,-1,-1,-1,-1,-1,-1,-1,-1,-1,-1,-1,-1,-1,-1,-1,-1,-1,-1,-1,-1,-1,-1,-1,-1,-1,-1,-1,-1,-1,-1,-1,-1,-1,-1,-1,-1,-1,-1,-1,-1,-1,0,0,0,0,0,0,-1,-1,-1,-1,-1,-1,-1,-1,-1,-1,-1,-1,0,0,0,0,0,0,-1,-1,-1,-1,-1,-1,-1,-1,-1,-1,-1,-1,-1,-1,False,False,0,0,False,13,0,0,0,0,0,0,0,0,0,0,0,0,0,0,0,1,
434,413,2026-02-16 13:19:31Z,AdjustHeadset,6.902419,7.217269,6.587568,0.6615623,0,1.629648,0,0,0,0,0,0,5.4628,4.339372,6.586238,0.592854,0.702737,0.482971,7.381967,6.231238,8.532697,0.6182478,0,2.140648,7.152049,6.079981,8.224116,9.766625,10,9.400302,6.902419,7.217269,6.587568,0.6615623,0,1.629648,0,0,0,0,0,0,5.4628,4.339372,6.586238,0.592854,0.702737,0.482971,7.381967,6.231238,8.532697,0.6182478,0,2.140648,7.152049,6.079981,8.224116,9.766625,10,9.400302,-1,-1,-1,-1,-1,-1,-1,-1,-1,-1,-1,-1,-1,-1,-1,-1,-1,-1,-1,-1,-1,-1,-1,-1,-1,-1,-1,-1,-1,-1,-1,-1,-1,-1,-1,-1,-1,-1,-1,-1,-1,-1,-1,-1,-1,-1,-1,-1,-1,-1,0,0,0,0,0,0,-1,-1,-1,-1,-1,-1,-1,-1,-1,-1,-1,-1,0,0,0,0,0,0,-1,-1,-1,-1,-1,-1,-1,-1,-1,-1,-1,-1,-1,-1,False,False,0,0,False,13,0,0,0,0,0,0,0,0,0,0,0,0,0,0,0,1,
434,414,2026-02-16 13:19:31Z,AdjustHeadset,6.902484,7.217281,6.587687,0.6614508,0,1.629587,0,0,0,0,0,0,5.462884,4.3394,6.586379,0.592854,0.702737,0.482971,7.382005,6.231218,8.532793,0.6181765,0,2.140577,7.152165,6.080045,8.224287,9.766859,10,9.400595,6.902484,7.217281,6.587687,0.6614508,0,1.629587,0,0,0,0,0,0,5.462884,4.3394,6.586379,0.592854,0.702737,0.482971,7.382005,6.231218,8.532793,0.6181765,0,2.140577,7.152165,6.080045,8.224287,9.766859,10,9.400595,-1,-1,-1,-1,-1,-1,-1,-1,-1,-1,-1,-1,-1,-1,-1,-1,-1,-1,-1,-1,-1,-1,-1,-1,-1,-1,-1,-1,-1,-1,-1,-1,-1,-1,-1,-1,-1,-1,-1,-1,-1,-1,-1,-1,-1,-1,-1,-1,-1,-1,0,0,0,0,0,0,-1,-1,-1,-1,-1,-1,-1,-1,-1,-1,-1,-1,0,0,0,0,0,0,-1,-1,-1,-1,-1,-1,-1,-1,-1,-1,-1,-1,-1,-1,False,False,0,0,False,13,0,0,0,0,0,0,0,0,0,0,0,0,0,0,0,1,
434,415,2026-02-16 13:19:31Z,AdjustHeadset,6.90255,7.217293,6.587806,0.6613399,0,1.629526,0,0,0,0,0,0,5.462968,4.339428,6.586519,0.592854,0.702737,0.482971,7.382044,6.231198,8.532889,0.6181054,0,2.140506,7.152282,6.080108,8.224457,9.767092,10,9.400887,6.90255,7.217293,6.587806,0.6613399,0,1.629526,0,0,0,0,0,0,5.462968,4.339428,6.586519,0.592854,0.702737,0.482971,7.382044,6.231198,8.532889,0.6181054,0,2.140506,7.152282,6.080108,8.224457,9.767092,10,9.400887,-1,-1,-1,-1,-1,-1,-1,-1,-1,-1,-1,-1,-1,-1,-1,-1,-1,-1,-1,-1,-1,-1,-1,-1,-1,-1,-1,-1,-1,-1,-1,-1,-1,-1,-1,-1,-1,-1,-1,-1,-1,-1,-1,-1,-1,-1,-1,-1,-1,-1,0,0,0,0,0,0,-1,-1,-1,-1,-1,-1,-1,-1,-1,-1,-1,-1,0,0,0,0,0,0,-1,-1,-1,-1,-1,-1,-1,-1,-1,-1,-1,-1,-1,-1,False,False,0,0,False,13,0,0,0,0,0,0,0,0,0,0,0,0,0,0,0,1,
434,416,2026-02-16 13:19:31Z,AdjustHeadset,6.902615,7.217305,6.587924,0.6612294,0,1.629465,0,0,0,0,0,0,5.463052,4.339456,6.586658,0.592854,0.702737,0.482971,7.382082,6.231179,8.532986,0.6180347,0,2.140435,7.152398,6.080171,8.224627,9.767323,10,9.401178,6.902615,7.217305,6.587924,0.6612294,0,1.629465,0,0,0,0,0,0,5.463052,4.339456,6.586658,0.592854,0.702737,0.482971,7.382082,6.231179,8.532986,0.6180347,0,2.140435,7.152398,6.080171,8.224627,9.767323,10,9.401178,-1,-1,-1,-1,-1,-1,-1,-1,-1,-1,-1,-1,-1,-1,-1,-1,-1,-1,-1,-1,-1,-1,-1,-1,-1,-1,-1,-1,-1,-1,-1,-1,-1,-1,-1,-1,-1,-1,-1,-1,-1,-1,-1,-1,-1,-1,-1,-1,-1,-1,0,0,0,0,0,0,-1,-1,-1,-1,-1,-1,-1,-1,-1,-1,-1,-1,0,0,0,0,0,0,-1,-1,-1,-1,-1,-1,-1,-1,-1,-1,-1,-1,-1,-1,False,False,0,0,False,14,0,0,0,0,0,0,0,0,0,0,0,0,0,0,0,1,
434,417,2026-02-16 13:19:31Z,AdjustHeadset,6.902679,7.217316,6.588042,0.6611195,0,1.629404,0,0,0,0,0,0,5.463135,4.339483,6.586797,0.592854,0.702737,0.482971,7.38212,6.231159,8.533081,0.6179643,0,2.140365,7.152514,6.080233,8.224794,9.767554,10,9.401467,6.902679,7.217316,6.588042,0.6611195,0,1.629404,0,0,0,0,0,0,5.463135,4.339483,6.586797,0.592854,0.702737,0.482971,7.38212,6.231159,8.533081,0.6179643,0,2.140365,7.152514,6.080233,8.224794,9.767554,10,9.401467,-1,-1,-1,-1,-1,-1,-1,-1,-1,-1,-1,-1,-1,-1,-1,-1,-1,-1,-1,-1,-1,-1,-1,-1,-1,-1,-1,-1,-1,-1,-1,-1,-1,-1,-1,-1,-1,-1,-1,-1,-1,-1,-1,-1,-1,-1,-1,-1,-1,-1,0,0,0,0,0,0,-1,-1,-1,-1,-1,-1,-1,-1,-1,-1,-1,-1,0,0,0,0,0,0,-1,-1,-1,-1,-1,-1,-1,-1,-1,-1,-1,-1,-1,-1,False,False,0,0,False,14,0,0,0,0,0,0,0,0,0,0,0,0,0,0,0,1,
434,418,2026-02-16 13:19:31Z,AdjustHeadset,6.902744,7.217328,6.588159,0.6610101,0,1.629344,0,0,0,0,0,0,5.463218,4.33951,6.586936,0.592854,0.702737,0.482971,7.382157,6.23114,8.533175,0.6178942,0,2.140295,7.152628,6.080295,8.224962,9.767784,10,9.401755,6.902744,7.217328,6.588159,0.6610101,0,1.629344,0,0,0,0,0,0,5.463218,4.33951,6.586936,0.592854,0.702737,0.482971,7.382157,6.23114,8.533175,0.6178942,0,2.140295,7.152628,6.080295,8.224962,9.767784,10,9.401755,-1,-1,-1,-1,-1,-1,-1,-1,-1,-1,-1,-1,-1,-1,-1,-1,-1,-1,-1,-1,-1,-1,-1,-1,-1,-1,-1,-1,-1,-1,-1,-1,-1,-1,-1,-1,-1,-1,-1,-1,-1,-1,-1,-1,-1,-1,-1,-1,-1,-1,0,0,0,0,0,0,-1,-1,-1,-1,-1,-1,-1,-1,-1,-1,-1,-1,0,0,0,0,0,0,-1,-1,-1,-1,-1,-1,-1,-1,-1,-1,-1,-1,-1,-1,False,False,0,0,False,14,0,0,0,0,0,0,0,0,0,0,0,0,0,0,0,1,
434,419,2026-02-16 13:19:31Z,AdjustHeadset,6.902808,7.21734,6.588275,0.6609012,0,1.629284,0,0,0,0,0,0,5.4633,4.339538,6.587073,0.592854,0.702737,0.482971,7.382195,6.231121,8.53327,0.6178245,0,2.140225,7.152743,6.080357,8.225129,9.768012,10,9.402042,6.902808,7.21734,6.588275,0.6609012,0,1.629284,0,0,0,0,0,0,5.4633,4.339538,6.587073,0.592854,0.702737,0.482971,7.382195,6.231121,8.53327,0.6178245,0,2.140225,7.152743,6.080357,8.225129,9.768012,10,9.402042,-1,-1,-1,-1,-1,-1,-1,-1,-1,-1,-1,-1,-1,-1,-1,-1,-1,-1,-1,-1,-1,-1,-1,-1,-1,-1,-1,-1,-1,-1,-1,-1,-1,-1,-1,-1,-1,-1,-1,-1,-1,-1,-1,-1,-1,-1,-1,-1,-1,-1,0,0,0,0,0,0,-1,-1,-1,-1,-1,-1,-1,-1,-1,-1,-1,-1,0,0,0,0,0,0,-1,-1,-1,-1,-1,-1,-1,-1,-1,-1,-1,-1,-1,-1,False,False,0,0,False,14,0,0,0,0,0,0,0,0,0,0,0,0,0,0,0,1,
434,420,2026-02-16 13:19:31Z,AdjustHeadset,6.902872,7.217351,6.588392,0.6607928,0,1.629224,0,0,0,0,0,0,5.463382,4.339565,6.58721,0.592854,0.702737,0.482971,7.382233,6.231101,8.533364,0.6177551,0,2.140156,7.152857,6.080419,8.225295,9.76824,10,9.402328,6.902872,7.217351,6.588392,0.6607928,0,1.629224,0,0,0,0,0,0,5.463382,4.339565,6.58721,0.592854,0.702737,0.482971,7.382233,6.231101,8.533364,0.6177551,0,2.140156,7.152857,6.080419,8.225295,9.76824,10,9.402328,-1,-1,-1,-1,-1,-1,-1,-1,-1,-1,-1,-1,-1,-1,-1,-1,-1,-1,-1,-1,-1,-1,-1,-1,-1,-1,-1,-1,-1,-1,-1,-1,-1,-1,-1,-1,-1,-1,-1,-1,-1,-1,-1,-1,-1,-1,-1,-1,-1,-1,0,0,0,0,0,0,-1,-1,-1,-1,-1,-1,-1,-1,-1,-1,-1,-1,0,0,0,0,0,0,-1,-1,-1,-1,-1,-1,-1,-1,-1,-1,-1,-1,-1,-1,False,False,0,0,False,14,0,0,0,0,0,0,0,0,0,0,0,0,0,0,0,1,
434,421,2026-02-16 13:19:31Z,AdjustHeadset,6.902935,7.217363,6.588507,0.6606849,0,1.629164,0,0,0,0,0,0,5.463464,4.339592,6.587347,0.592854,0.702737,0.482971,7.38227,6.231082,8.533458,0.617686,0,2.140086,7.15297,6.08048,8.225461,9.768466,10,9.402612,6.902935,7.217363,6.588507,0.6606849,0,1.629164,0,0,0,0,0,0,5.463464,4.339592,6.587347,0.592854,0.702737,0.482971,7.38227,6.231082,8.533458,0.617686,0,2.140086,7.15297,6.08048,8.225461,9.768466,10,9.402612,-1,-1,-1,-1,-1,-1,-1,-1,-1,-1,-1,-1,-1,-1,-1,-1,-1,-1,-1,-1,-1,-1,-1,-1,-1,-1,-1,-1,-1,-1,-1,-1,-1,-1,-1,-1,-1,-1,-1,-1,-1,-1,-1,-1,-1,-1,-1,-1,-1,-1,0,0,0,0,0,0,-1,-1,-1,-1,-1,-1,-1,-1,-1,-1,-1,-1,0,0,0,0,0,0,-1,-1,-1,-1,-1,-1,-1,-1,-1,-1,-1,-1,-1,-1,False,False,0,0,False,14,0,0,0,0,0,0,0,0,0,0,0,0,0,0,0,1,
434,422,2026-02-16 13:19:31Z,AdjustHeadset,6.902998,7.217374,6.588622,0.6605775,0,1.629105,0,0,0,0,0,0,5.463545,4.339619,6.587482,0.592854,0.702737,0.482971,7.382307,6.231063,8.533551,0.6176172,0,2.140018,7.153083,6.080541,8.225625,9.768692,10,9.402895,6.902998,7.217374,6.588622,0.6605775,0,1.629105,0,0,0,0,0,0,5.463545,4.339619,6.587482,0.592854,0.702737,0.482971,7.382307,6.231063,8.533551,0.6176172,0,2.140018,7.153083,6.080541,8.225625,9.768692,10,9.402895,-1,-1,-1,-1,-1,-1,-1,-1,-1,-1,-1,-1,-1,-1,-1,-1,-1,-1,-1,-1,-1,-1,-1,-1,-1,-1,-1,-1,-1,-1,-1,-1,-1,-1,-1,-1,-1,-1,-1,-1,-1,-1,-1,-1,-1,-1,-1,-1,-1,-1,0,0,0,0,0,0,-1,-1,-1,-1,-1,-1,-1,-1,-1,-1,-1,-1,0,0,0,0,0,0,-1,-1,-1,-1,-1,-1,-1,-1,-1,-1,-1,-1,-1,-1,False,False,0,0,False,14,0,0,0,0,0,0,0,0,0,0,0,0,0,0,0,1,
434,423,2026-02-16 13:19:31Z,AdjustHeadset,6.903061,7.217385,6.588737,0.6604706,0,1.629046,0,0,0,0,0,0,5.463626,4.339645,6.587617,0.592854,0.702737,0.482971,7.382344,6.231044,8.533644,0.6175488,0,2.139949,7.153195,6.080602,8.225789,9.768916,10,9.403176,6.903061,7.217385,6.588737,0.6604706,0,1.629046,0,0,0,0,0,0,5.463626,4.339645,6.587617,0.592854,0.702737,0.482971,7.382344,6.231044,8.533644,0.6175488,0,2.139949,7.153195,6.080602,8.225789,9.768916,10,9.403176,-1,-1,-1,-1,-1,-1,-1,-1,-1,-1,-1,-1,-1,-1,-1,-1,-1,-1,-1,-1,-1,-1,-1,-1,-1,-1,-1,-1,-1,-1,-1,-1,-1,-1,-1,-1,-1,-1,-1,-1,-1,-1,-1,-1,-1,-1,-1,-1,-1,-1,0,0,0,0,0,0,-1,-1,-1,-1,-1,-1,-1,-1,-1,-1,-1,-1,0,0,0,0,0,0,-1,-1,-1,-1,-1,-1,-1,-1,-1,-1,-1,-1,-1,-1,False,False,0,0,False,14,0,0,0,0,0,0,0,0,0,0,0,0,0,0,0,1,
434,424,2026-02-16 13:19:31Z,AdjustHeadset,6.903124,7.217397,6.58885,0.6603642,0,1.628988,0,0,0,0,0,0,5.463706,4.339672,6.587752,0.592854,0.702737,0.482971,7.38238,6.231025,8.533736,0.6174806,0,2.139881,7.153307,6.080663,8.225952,9.769139,10,9.403457,6.903124,7.217397,6.58885,0.6603642,0,1.628988,0,0,0,0,0,0,5.463706,4.339672,6.587752,0.592854,0.702737,0.482971,7.38238,6.231025,8.533736,0.6174806,0,2.139881,7.153307,6.080663,8.225952,9.769139,10,9.403457,-1,-1,-1,-1,-1,-1,-1,-1,-1,-1,-1,-1,-1,-1,-1,-1,-1,-1,-1,-1,-1,-1,-1,-1,-1,-1,-1,-1,-1,-1,-1,-1,-1,-1,-1,-1,-1,-1,-1,-1,-1,-1,-1,-1,-1,-1,-1,-1,-1,-1,0,0,0,0,0,0,-1,-1,-1,-1,-1,-1,-1,-1,-1,-1,-1,-1,0,0,0,0,0,0,-1,-1,-1,-1,-1,-1,-1,-1,-1,-1,-1,-1,-1,-1,False,False,0,0,False,14,0,0,0,0,0,0,0,0,0,0,0,0,0,0,0,1,
434,425,2026-02-16 13:19:31Z,AdjustHeadset,6.903186,7.217408,6.588964,0.6602582,0,1.628929,0,0,0,0,0,0,5.463787,4.339699,6.587885,0.592854,0.702737,0.482971,7.382417,6.231006,8.533828,0.6174127,0,2.139813,7.153419,6.080723,8.226115,9.769361,10,9.403736,6.903186,7.217408,6.588964,0.6602582,0,1.628929,0,0,0,0,0,0,5.463787,4.339699,6.587885,0.592854,0.702737,0.482971,7.382417,6.231006,8.533828,0.6174127,0,2.139813,7.153419,6.080723,8.226115,9.769361,10,9.403736,-1,-1,-1,-1,-1,-1,-1,-1,-1,-1,-1,-1,-1,-1,-1,-1,-1,-1,-1,-1,-1,-1,-1,-1,-1,-1,-1,-1,-1,-1,-1,-1,-1,-1,-1,-1,-1,-1,-1,-1,-1,-1,-1,-1,-1,-1,-1,-1,-1,-1,0,0,0,0,0,0,-1,-1,-1,-1,-1,-1,-1,-1,-1,-1,-1,-1,0,0,0,0,0,0,-1,-1,-1,-1,-1,-1,-1,-1,-1,-1,-1,-1,-1,-1,False,False,0,0,False,14,0,0,0,0,0,0,0,0,0,0,0,0,0,0,0,1,
434,426,2026-02-16 13:19:31Z,AdjustHeadset,6.903248,7.217419,6.589077,0.6601527,0,1.628871,0,0,0,0,0,0,5.463867,4.339725,6.588019,0.592854,0.702737,0.482971,7.382453,6.230988,8.533919,0.6173452,0,2.139745,7.153529,6.080783,8.226276,9.769584,10,9.404014,6.903248,7.217419,6.589077,0.6601527,0,1.628871,0,0,0,0,0,0,5.463867,4.339725,6.588019,0.592854,0.702737,0.482971,7.382453,6.230988,8.533919,0.6173452,0,2.139745,7.153529,6.080783,8.226276,9.769584,10,9.404014,-1,-1,-1,-1,-1,-1,-1,-1,-1,-1,-1,-1,-1,-1,-1,-1,-1,-1,-1,-1,-1,-1,-1,-1,-1,-1,-1,-1,-1,-1,-1,-1,-1,-1,-1,-1,-1,-1,-1,-1,-1,-1,-1,-1,-1,-1,-1,-1,-1,-1,0,0,0,0,0,0,-1,-1,-1,-1,-1,-1,-1,-1,-1,-1,-1,-1,0,0,0,0,0,0,-1,-1,-1,-1,-1,-1,-1,-1,-1,-1,-1,-1,-1,-1,False,False,0,0,False,14,0,0,0,0,0,0,0,0,0,0,0,0,0,0,0,1,
434,427,2026-02-16 13:19:31Z,AdjustHeadset,6.90331,7.217431,6.589189,0.6600477,0,1.628813,0,0,0,0,0,0,5.463946,4.339751,6.588151,0.592854,0.702737,0.482971,7.38249,6.230969,8.534011,0.6172779,0,2.139678,7.15364,6.080842,8.226438,9.769804,10,9.40429,6.90331,7.217431,6.589189,0.6600477,0,1.628813,0,0,0,0,0,0,5.463946,4.339751,6.588151,0.592854,0.702737,0.482971,7.38249,6.230969,8.534011,0.6172779,0,2.139678,7.15364,6.080842,8.226438,9.769804,10,9.40429,-1,-1,-1,-1,-1,-1,-1,-1,-1,-1,-1,-1,-1,-1,-1,-1,-1,-1,-1,-1,-1,-1,-1,-1,-1,-1,-1,-1,-1,-1,-1,-1,-1,-1,-1,-1,-1,-1,-1,-1,-1,-1,-1,-1,-1,-1,-1,-1,-1,-1,0,0,0,0,0,0,-1,-1,-1,-1,-1,-1,-1,-1,-1,-1,-1,-1,0,0,0,0,0,0,-1,-1,-1,-1,-1,-1,-1,-1,-1,-1,-1,-1,-1,-1,False,False,0,0,False,14,0,0,0,0,0,0,0,0,0,0,0,0,0,0,0,1,
434,428,2026-02-16 13:19:31Z,AdjustHeadset,6.903371,7.217442,6.589301,0.6599432,0,1.628755,0,0,0,0,0,0,5.464025,4.339777,6.588284,0.592854,0.702737,0.482971,7.382526,6.23095,8.534101,0.617211,0,2.139611,7.153749,6.080902,8.226598,9.770023,10,9.404566,6.903371,7.217442,6.589301,0.6599432,0,1.628755,0,0,0,0,0,0,5.464025,4.339777,6.588284,0.592854,0.702737,0.482971,7.382526,6.23095,8.534101,0.617211,0,2.139611,7.153749,6.080902,8.226598,9.770023,10,9.404566,-1,-1,-1,-1,-1,-1,-1,-1,-1,-1,-1,-1,-1,-1,-1,-1,-1,-1,-1,-1,-1,-1,-1,-1,-1,-1,-1,-1,-1,-1,-1,-1,-1,-1,-1,-1,-1,-1,-1,-1,-1,-1,-1,-1,-1,-1,-1,-1,-1,-1,0,0,0,0,0,0,-1,-1,-1,-1,-1,-1,-1,-1,-1,-1,-1,-1,0,0,0,0,0,0,-1,-1,-1,-1,-1,-1,-1,-1,-1,-1,-1,-1,-1,-1,False,False,0,0,False,14,0,0,0,0,0,0,0,0,0,0,0,0,0,0,0,1,
434,429,2026-02-16 13:19:31Z,AdjustHeadset,6.903433,7.217453,6.589413,0.6598391,0,1.628698,0,0,0,0,0,0,5.464104,4.339804,6.588415,0.592854,0.702737,0.482971,7.382562,6.230932,8.534192,0.6171443,0,2.139545,7.153859,6.080961,8.226757,9.770242,10,9.40484,6.903433,7.217453,6.589413,0.6598391,0,1.628698,0,0,0,0,0,0,5.464104,4.339804,6.588415,0.592854,0.702737,0.482971,7.382562,6.230932,8.534192,0.6171443,0,2.139545,7.153859,6.080961,8.226757,9.770242,10,9.40484,-1,-1,-1,-1,-1,-1,-1,-1,-1,-1,-1,-1,-1,-1,-1,-1,-1,-1,-1,-1,-1,-1,-1,-1,-1,-1,-1,-1,-1,-1,-1,-1,-1,-1,-1,-1,-1,-1,-1,-1,-1,-1,-1,-1,-1,-1,-1,-1,-1,-1,0,0,0,0,0,0,-1,-1,-1,-1,-1,-1,-1,-1,-1,-1,-1,-1,0,0,0,0,0,0,-1,-1,-1,-1,-1,-1,-1,-1,-1,-1,-1,-1,-1,-1,False,False,0,0,False,14,0,0,0,0,0,0,0,0,0,0,0,0,0,0,0,1,
434,430,2026-02-16 13:19:31Z,AdjustHeadset,6.903494,7.217464,6.589523,0.6597354,0,1.628641,0,0,0,0,0,0,5.464182,4.339829,6.588546,0.592854,0.702737,0.482971,7.382597,6.230914,8.534282,0.6170779,0,2.139478,7.153968,6.08102,8.226916,9.770459,10,9.405113,6.903494,7.217464,6.589523,0.6597354,0,1.628641,0,0,0,0,0,0,5.464182,4.339829,6.588546,0.592854,0.702737,0.482971,7.382597,6.230914,8.534282,0.6170779,0,2.139478,7.153968,6.08102,8.226916,9.770459,10,9.405113,-1,-1,-1,-1,-1,-1,-1,-1,-1,-1,-1,-1,-1,-1,-1,-1,-1,-1,-1,-1,-1,-1,-1,-1,-1,-1,-1,-1,-1,-1,-1,-1,-1,-1,-1,-1,-1,-1,-1,-1,-1,-1,-1,-1,-1,-1,-1,-1,-1,-1,0,0,0,0,0,0,-1,-1,-1,-1,-1,-1,-1,-1,-1,-1,-1,-1,0,0,0,0,0,0,-1,-1,-1,-1,-1,-1,-1,-1,-1,-1,-1,-1,-1,-1,False,False,0,0,False,14,0,0,0,0,0,0,0,0,0,0,0,0,0,0,0,1,
434,431,2026-02-16 13:19:31Z,AdjustHeadset,6.903554,7.217475,6.589634,0.6596323,0,1.628584,0,0,0,0,0,0,5.464261,4.339855,6.588676,0.592854,0.702737,0.482971,7.382633,6.230895,8.534371,0.6170119,0,2.139412,7.154076,6.081079,8.227074,9.770676,10,9.405385,6.903554,7.217475,6.589634,0.6596323,0,1.628584,0,0,0,0,0,0,5.464261,4.339855,6.588676,0.592854,0.702737,0.482971,7.382633,6.230895,8.534371,0.6170119,0,2.139412,7.154076,6.081079,8.227074,9.770676,10,9.405385,-1,-1,-1,-1,-1,-1,-1,-1,-1,-1,-1,-1,-1,-1,-1,-1,-1,-1,-1,-1,-1,-1,-1,-1,-1,-1,-1,-1,-1,-1,-1,-1,-1,-1,-1,-1,-1,-1,-1,-1,-1,-1,-1,-1,-1,-1,-1,-1,-1,-1,0,0,0,0,0,0,-1,-1,-1,-1,-1,-1,-1,-1,-1,-1,-1,-1,0,0,0,0,0,0,-1,-1,-1,-1,-1,-1,-1,-1,-1,-1,-1,-1,-1,-1,False,False,0,0,False,14,0,0,0,0,0,0,0,0,0,0,0,0,0,0,0,1,
434,432,2026-02-16 13:19:31Z,AdjustHeadset,6.903615,7.217486,6.589744,0.6595296,0,1.628527,0,0,0,0,0,0,5.464338,4.339881,6.588806,0.592854,0.702737,0.482971,7.382668,6.230877,8.53446,0.6169462,0,2.139347,7.154184,6.081137,8.227231,9.770891,10,9.405655,6.903615,7.217486,6.589744,0.6595296,0,1.628527,0,0,0,0,0,0,5.464338,4.339881,6.588806,0.592854,0.702737,0.482971,7.382668,6.230877,8.53446,0.6169462,0,2.139347,7.154184,6.081137,8.227231,9.770891,10,9.405655,-1,-1,-1,-1,-1,-1,-1,-1,-1,-1,-1,-1,-1,-1,-1,-1,-1,-1,-1,-1,-1,-1,-1,-1,-1,-1,-1,-1,-1,-1,-1,-1,-1,-1,-1,-1,-1,-1,-1,-1,-1,-1,-1,-1,-1,-1,-1,-1,-1,-1,0,0,0,0,0,0,-1,-1,-1,-1,-1,-1,-1,-1,-1,-1,-1,-1,0,0,0,0,0,0,-1,-1,-1,-1,-1,-1,-1,-1,-1,-1,-1,-1,-1,-1,False,False,0,0,False,14,0,0,0,0,0,0,0,0,0,0,0,0,0,0,0,1,
434,433,2026-02-16 13:19:31Z,AdjustHeadset,6.903675,7.217496,6.589853,0.6594273,0,1.628471,0,0,0,0,0,0,5.464416,4.339907,6.588935,0.592854,0.702737,0.482971,7.382704,6.230859,8.534549,0.6168807,0,2.139281,7.154291,6.081195,8.227388,9.771106,10,9.405925,6.903675,7.217496,6.589853,0.6594273,0,1.628471,0,0,0,0,0,0,5.464416,4.339907,6.588935,0.592854,0.702737,0.482971,7.382704,6.230859,8.534549,0.6168807,0,2.139281,7.154291,6.081195,8.227388,9.771106,10,9.405925,-1,-1,-1,-1,-1,-1,-1,-1,-1,-1,-1,-1,-1,-1,-1,-1,-1,-1,-1,-1,-1,-1,-1,-1,-1,-1,-1,-1,-1,-1,-1,-1,-1,-1,-1,-1,-1,-1,-1,-1,-1,-1,-1,-1,-1,-1,-1,-1,-1,-1,0,0,0,0,0,0,-1,-1,-1,-1,-1,-1,-1,-1,-1,-1,-1,-1,0,0,0,0,0,0,-1,-1,-1,-1,-1,-1,-1,-1,-1,-1,-1,-1,-1,-1,False,False,0,0,False,14,0,0,0,0,0,0,0,0,0,0,0,0,0,0,0,1,
434,434,2026-02-16 13:19:31Z,AdjustHeadset,6.903735,7.217507,6.589962,0.6593255,0,1.628415,0,0,0,0,0,0,5.464493,4.339932,6.589064,0.592854,0.702737,0.482971,7.382739,6.230841,8.534637,0.6168154,0,2.139216,7.154398,6.081254,8.227544,9.771319,10,9.406193,6.903735,7.217507,6.589962,0.6593255,0,1.628415,0,0,0,0,0,0,5.464493,4.339932,6.589064,0.592854,0.702737,0.482971,7.382739,6.230841,8.534637,0.6168154,0,2.139216,7.154398,6.081254,8.227544,9.771319,10,9.406193,-1,-1,-1,-1,-1,-1,-1,-1,-1,-1,-1,-1,-1,-1,-1,-1,-1,-1,-1,-1,-1,-1,-1,-1,-1,-1,-1,-1,-1,-1,-1,-1,-1,-1,-1,-1,-1,-1,-1,-1,-1,-1,-1,-1,-1,-1,-1,-1,-1,-1,0,0,0,0,0,0,-1,-1,-1,-1,-1,-1,-1,-1,-1,-1,-1,-1,0,0,0,0,0,0,-1,-1,-1,-1,-1,-1,-1,-1,-1,-1,-1,-1,-1,-1,False,False,0,0,False,14,0,0,0,0,0,0,0,0,0,0,0,0,0,0,0,1,
434,435,2026-02-16 13:19:31Z,AdjustHeadset,6.903794,7.217518,6.590071,0.6592242,0,1.628359,0,0,0,0,0,0,5.46457,4.339957,6.589192,0.592854,0.702737,0.482971,7.382774,6.230823,8.534725,0.6167505,0,2.139151,7.154505,6.081311,8.227699,9.771532,10,9.40646,6.903794,7.217518,6.590071,0.6592242,0,1.628359,0,0,0,0,0,0,5.46457,4.339957,6.589192,0.592854,0.702737,0.482971,7.382774,6.230823,8.534725,0.6167505,0,2.139151,7.154505,6.081311,8.227699,9.771532,10,9.40646,-1,-1,-1,-1,-1,-1,-1,-1,-1,-1,-1,-1,-1,-1,-1,-1,-1,-1,-1,-1,-1,-1,-1,-1,-1,-1,-1,-1,-1,-1,-1,-1,-1,-1,-1,-1,-1,-1,-1,-1,-1,-1,-1,-1,-1,-1,-1,-1,-1,-1,0,0,0,0,0,0,-1,-1,-1,-1,-1,-1,-1,-1,-1,-1,-1,-1,0,0,0,0,0,0,-1,-1,-1,-1,-1,-1,-1,-1,-1,-1,-1,-1,-1,-1,False,False,0,0,False,14,0,0,0,0,0,0,0,0,0,0,0,0,0,0,0,1,
434,436,2026-02-16 13:19:31Z,AdjustHeadset,6.903854,7.217529,6.590178,0.6591233,0,1.628303,0,0,0,0,0,0,5.464646,4.339983,6.589319,0.592854,0.702737,0.482971,7.382809,6.230805,8.534813,0.6166859,0,2.139086,7.154611,6.081368,8.227854,9.771744,10,9.406725,6.903854,7.217529,6.590178,0.6591233,0,1.628303,0,0,0,0,0,0,5.464646,4.339983,6.589319,0.592854,0.702737,0.482971,7.382809,6.230805,8.534813,0.6166859,0,2.139086,7.154611,6.081368,8.227854,9.771744,10,9.406725,-1,-1,-1,-1,-1,-1,-1,-1,-1,-1,-1,-1,-1,-1,-1,-1,-1,-1,-1,-1,-1,-1,-1,-1,-1,-1,-1,-1,-1,-1,-1,-1,-1,-1,-1,-1,-1,-1,-1,-1,-1,-1,-1,-1,-1,-1,-1,-1,-1,-1,0,0,0,0,0,0,-1,-1,-1,-1,-1,-1,-1,-1,-1,-1,-1,-1,0,0,0,0,0,0,-1,-1,-1,-1,-1,-1,-1,-1,-1,-1,-1,-1,-1,-1,False,False,0,0,False,14,0,0,0,0,0,0,0,0,0,0,0,0,0,0,0,1,
434,437,2026-02-16 13:19:31Z,AdjustHeadset,6.903913,7.21754,6.590286,0.6590228,0,1.628248,0,0,0,0,0,0,5.464722,4.340008,6.589446,0.592854,0.702737,0.482971,7.382843,6.230787,8.5349,0.6166216,0,2.139022,7.154716,6.081426,8.228008,9.771955,10,9.40699,6.903913,7.21754,6.590286,0.6590228,0,1.628248,0,0,0,0,0,0,5.464722,4.340008,6.589446,0.592854,0.702737,0.482971,7.382843,6.230787,8.5349,0.6166216,0,2.139022,7.154716,6.081426,8.228008,9.771955,10,9.40699,-1,-1,-1,-1,-1,-1,-1,-1,-1,-1,-1,-1,-1,-1,-1,-1,-1,-1,-1,-1,-1,-1,-1,-1,-1,-1,-1,-1,-1,-1,-1,-1,-1,-1,-1,-1,-1,-1,-1,-1,-1,-1,-1,-1,-1,-1,-1,-1,-1,-1,0,0,0,0,0,0,-1,-1,-1,-1,-1,-1,-1,-1,-1,-1,-1,-1,0,0,0,0,0,0,-1,-1,-1,-1,-1,-1,-1,-1,-1,-1,-1,-1,-1,-1,False,False,0,0,False,14,0,0,0,0,0,0,0,0,0,0,0,0,0,0,0,1,
434,438,2026-02-16 13:19:31Z,AdjustHeadset,6.903972,7.21755,6.590393,0.6589227,0,1.628193,0,0,0,0,0,0,5.464797,4.340033,6.589572,0.592854,0.702737,0.482971,7.382878,6.230769,8.534986,0.6165575,0,2.138958,7.154821,6.081482,8.228161,9.772164,10,9.407253,6.903972,7.21755,6.590393,0.6589227,0,1.628193,0,0,0,0,0,0,5.464797,4.340033,6.589572,0.592854,0.702737,0.482971,7.382878,6.230769,8.534986,0.6165575,0,2.138958,7.154821,6.081482,8.228161,9.772164,10,9.407253,-1,-1,-1,-1,-1,-1,-1,-1,-1,-1,-1,-1,-1,-1,-1,-1,-1,-1,-1,-1,-1,-1,-1,-1,-1,-1,-1,-1,-1,-1,-1,-1,-1,-1,-1,-1,-1,-1,-1,-1,-1,-1,-1,-1,-1,-1,-1,-1,-1,-1,0,0,0,0,0,0,-1,-1,-1,-1,-1,-1,-1,-1,-1,-1,-1,-1,0,0,0,0,0,0,-1,-1,-1,-1,-1,-1,-1,-1,-1,-1,-1,-1,-1,-1,False,False,0,0,False,14,0,0,0,0,0,0,0,0,0,0,0,0,0,0,0,1,
434,439,2026-02-16 13:19:31Z,AdjustHeadset,6.90403,7.217561,6.5905,0.6588231,0,1.628138,0,0,0,0,0,0,5.464873,4.340058,6.589698,0.592854,0.702737,0.482971,7.382912,6.230752,8.535073,0.6164938,0,2.138894,7.154926,6.081539,8.228314,9.772373,10,9.407516,6.90403,7.217561,6.5905,0.6588231,0,1.628138,0,0,0,0,0,0,5.464873,4.340058,6.589698,0.592854,0.702737,0.482971,7.382912,6.230752,8.535073,0.6164938,0,2.138894,7.154926,6.081539,8.228314,9.772373,10,9.407516,-1,-1,-1,-1,-1,-1,-1,-1,-1,-1,-1,-1,-1,-1,-1,-1,-1,-1,-1,-1,-1,-1,-1,-1,-1,-1,-1,-1,-1,-1,-1,-1,-1,-1,-1,-1,-1,-1,-1,-1,-1,-1,-1,-1,-1,-1,-1,-1,-1,-1,0,0,0,0,0,0,-1,-1,-1,-1,-1,-1,-1,-1,-1,-1,-1,-1,0,0,0,0,0,0,-1,-1,-1,-1,-1,-1,-1,-1,-1,-1,-1,-1,-1,-1,False,False,0,0,False,14,0,0,0,0,0,0,0,0,0,0,0,0,0,0,0,1,
434,440,2026-02-16 13:19:31Z,AdjustHeadset,6.904089,7.217572,6.590606,0.658724,0,1.628083,0,0,0,0,0,0,5.464948,4.340083,6.589824,0.592854,0.702737,0.482971,7.382946,6.230734,8.535159,0.6164302,0,2.138831,7.15503,6.081595,8.228466,9.772582,10,9.407777,6.904089,7.217572,6.590606,0.658724,0,1.628083,0,0,0,0,0,0,5.464948,4.340083,6.589824,0.592854,0.702737,0.482971,7.382946,6.230734,8.535159,0.6164302,0,2.138831,7.15503,6.081595,8.228466,9.772582,10,9.407777,-1,-1,-1,-1,-1,-1,-1,-1,-1,-1,-1,-1,-1,-1,-1,-1,-1,-1,-1,-1,-1,-1,-1,-1,-1,-1,-1,-1,-1,-1,-1,-1,-1,-1,-1,-1,-1,-1,-1,-1,-1,-1,-1,-1,-1,-1,-1,-1,-1,-1,0,0,0,0,0,0,-1,-1,-1,-1,-1,-1,-1,-1,-1,-1,-1,-1,0,0,0,0,0,0,-1,-1,-1,-1,-1,-1,-1,-1,-1,-1,-1,-1,-1,-1,False,False,0,0,False,14,0,0,0,0,0,0,0,0,0,0,0,0,0,0,0,1,
434,441,2026-02-16 13:19:31Z,AdjustHeadset,6.904147,7.217582,6.590712,0.6586252,0,1.628029,0,0,0,0,0,0,5.465023,4.340107,6.589948,0.592854,0.702737,0.482971,7.38298,6.230716,8.535245,0.616367,0,2.138767,7.155134,6.081652,8.228618,9.772789,10,9.408037,6.904147,7.217582,6.590712,0.6586252,0,1.628029,0,0,0,0,0,0,5.465023,4.340107,6.589948,0.592854,0.702737,0.482971,7.38298,6.230716,8.535245,0.616367,0,2.138767,7.155134,6.081652,8.228618,9.772789,10,9.408037,-1,-1,-1,-1,-1,-1,-1,-1,-1,-1,-1,-1,-1,-1,-1,-1,-1,-1,-1,-1,-1,-1,-1,-1,-1,-1,-1,-1,-1,-1,-1,-1,-1,-1,-1,-1,-1,-1,-1,-1,-1,-1,-1,-1,-1,-1,-1,-1,-1,-1,0,0,0,0,0,0,-1,-1,-1,-1,-1,-1,-1,-1,-1,-1,-1,-1,0,0,0,0,0,0,-1,-1,-1,-1,-1,-1,-1,-1,-1,-1,-1,-1,-1,-1,False,False,0,0,False,14,0,0,0,0,0,0,0,0,0,0,0,0,0,0,0,1,
434,442,2026-02-16 13:19:31Z,AdjustHeadset,6.904205,7.217593,6.590817,0.6585269,0,1.627974,0,0,0,0,0,0,5.465097,4.340132,6.590073,0.592854,0.702737,0.482971,7.383015,6.230699,8.535331,0.616304,0,2.138704,7.155237,6.081707,8.228768,9.772995,10,9.408297,6.904205,7.217593,6.590817,0.6585269,0,1.627974,0,0,0,0,0,0,5.465097,4.340132,6.590073,0.592854,0.702737,0.482971,7.383015,6.230699,8.535331,0.616304,0,2.138704,7.155237,6.081707,8.228768,9.772995,10,9.408297,-1,-1,-1,-1,-1,-1,-1,-1,-1,-1,-1,-1,-1,-1,-1,-1,-1,-1,-1,-1,-1,-1,-1,-1,-1,-1,-1,-1,-1,-1,-1,-1,-1,-1,-1,-1,-1,-1,-1,-1,-1,-1,-1,-1,-1,-1,-1,-1,-1,-1,0,0,0,0,0,0,-1,-1,-1,-1,-1,-1,-1,-1,-1,-1,-1,-1,0,0,0,0,0,0,-1,-1,-1,-1,-1,-1,-1,-1,-1,-1,-1,-1,-1,-1,False,False,0,0,False,14,0,0,0,0,0,0,0,0,0,0,0,0,0,0,0,1,
434,443,2026-02-16 13:19:31Z,AdjustHeadset,6.904263,7.217603,6.590922,0.658429,0,1.62792,0,0,0,0,0,0,5.465171,4.340157,6.590196,0.592854,0.702737,0.482971,7.383048,6.230681,8.535416,0.6162413,0,2.138642,7.15534,6.081763,8.228918,9.773201,10,9.408554,6.904263,7.217603,6.590922,0.658429,0,1.62792,0,0,0,0,0,0,5.465171,4.340157,6.590196,0.592854,0.702737,0.482971,7.383048,6.230681,8.535416,0.6162413,0,2.138642,7.15534,6.081763,8.228918,9.773201,10,9.408554,-1,-1,-1,-1,-1,-1,-1,-1,-1,-1,-1,-1,-1,-1,-1,-1,-1,-1,-1,-1,-1,-1,-1,-1,-1,-1,-1,-1,-1,-1,-1,-1,-1,-1,-1,-1,-1,-1,-1,-1,-1,-1,-1,-1,-1,-1,-1,-1,-1,-1,0,0,0,0,0,0,-1,-1,-1,-1,-1,-1,-1,-1,-1,-1,-1,-1,0,0,0,0,0,0,-1,-1,-1,-1,-1,-1,-1,-1,-1,-1,-1,-1,-1,-1,False,False,0,0,False,14,0,0,0,0,0,0,0,0,0,0,0,0,0,0,0,1,
434,444,2026-02-16 13:19:31Z,AdjustHeadset,6.90432,7.217613,6.591026,0.6583315,0,1.627867,0,0,0,0,0,0,5.465245,4.340181,6.590319,0.592854,0.702737,0.482971,7.383082,6.230664,8.5355,0.6161789,0,2.138579,7.155443,6.081819,8.229068,9.773405,10,9.408811,6.90432,7.217613,6.591026,0.6583315,0,1.627867,0,0,0,0,0,0,5.465245,4.340181,6.590319,0.592854,0.702737,0.482971,7.383082,6.230664,8.5355,0.6161789,0,2.138579,7.155443,6.081819,8.229068,9.773405,10,9.408811,-1,-1,-1,-1,-1,-1,-1,-1,-1,-1,-1,-1,-1,-1,-1,-1,-1,-1,-1,-1,-1,-1,-1,-1,-1,-1,-1,-1,-1,-1,-1,-1,-1,-1,-1,-1,-1,-1,-1,-1,-1,-1,-1,-1,-1,-1,-1,-1,-1,-1,0,0,0,0,0,0,-1,-1,-1,-1,-1,-1,-1,-1,-1,-1,-1,-1,0,0,0,0,0,0,-1,-1,-1,-1,-1,-1,-1,-1,-1,-1,-1,-1,-1,-1,False,False,0,0,False,14,0,0,0,0,0,0,0,0,0,0,0,0,0,0,0,1,
434,445,2026-02-16 13:19:31Z,AdjustHeadset,6.904377,7.217624,6.59113,0.6582344,0,1.627813,0,0,0,0,0,0,5.465318,4.340205,6.590442,0.592854,0.702737,0.482971,7.383115,6.230647,8.535584,0.6161168,0,2.138517,7.155545,6.081874,8.229217,9.773609,10,9.409066,6.904377,7.217624,6.59113,0.6582344,0,1.627813,0,0,0,0,0,0,5.465318,4.340205,6.590442,0.592854,0.702737,0.482971,7.383115,6.230647,8.535584,0.6161168,0,2.138517,7.155545,6.081874,8.229217,9.773609,10,9.409066,-1,-1,-1,-1,-1,-1,-1,-1,-1,-1,-1,-1,-1,-1,-1,-1,-1,-1,-1,-1,-1,-1,-1,-1,-1,-1,-1,-1,-1,-1,-1,-1,-1,-1,-1,-1,-1,-1,-1,-1,-1,-1,-1,-1,-1,-1,-1,-1,-1,-1,0,0,0,0,0,0,-1,-1,-1,-1,-1,-1,-1,-1,-1,-1,-1,-1,0,0,0,0,0,0,-1,-1,-1,-1,-1,-1,-1,-1,-1,-1,-1,-1,-1,-1,False,False,0,0,False,14,0,0,0,0,0,0,0,0,0,0,0,0,0,0,0,1,